exp_id,group_name,second_idx,elapsed_sec,completed_ops,progress_pct,get_ctrl_ops,get_ctrl_p50_us,get_ctrl_p95_us,get_ctrl_p99_us,get_aff_ops,get_aff_p50_us,get_aff_p95_us,get_aff_p99_us,get_del_ops,get_del_p50_us,get_del_p95_us,get_del_p99_us,scan_ops,scan_p50_us,scan_p95_us,scan_p99_us,scan_avg_keys,scan_us_per_key,put_ops,put_p50_us,put_p95_us,put_p99_us,del_range_ops,del_range_p50_us,del_range_p95_us,del_range_p99_us,total_ops_interval,instantaneous_iops,active_memtable_mb,immutable_memtable_count,memtable_flush_pending,l0_files,l1_files,l2_files,pending_compaction_mb,running_flushes,running_compactions,total_sst_mb,flush_range_del_reason_delta,compaction_read_mb_delta,compaction_write_mb_delta,flush_write_mb_delta,write_stall_micros_delta,block_cache_hits,block_cache_misses,block_cache_hit_rate,tombstones_dropped_delta,cumulative_range_deletions,db_dir_mb
b1_cf_wb_016mb_r01,b1_natural_flush_counterfactual,1,1.0003,32872,13.0927,207,105.258,1913.65,2130.62,368,210.982,1852.65,2122.53,7220,171.509,1922.74,2167.12,5210,266.661,2068.16,2325.98,78.8762,7.65582,17386,24.039,102.062,162.756,2515,58.67,158.542,213.49,32906,32906,6.002,0,0,0,0,0,0,0,0,130.68,0,0,0,0,0,23195,22322,50.959,0,2512,135.727
b1_cf_wb_016mb_r01,b1_natural_flush_counterfactual,2,2.00358,44280,17.6364,67,2238.66,2906.92,4239.76,136,2141.78,3066.92,3649.02,2547,2179.01,2985.2,3230.83,1816,2311.89,3149.21,3390.92,55.9213,30.294,5881,52.007,138.685,225.952,927,106.011,194.617,286.765,11374,11374,8.00201,0,0,0,0,0,0,0,0,130.68,0,0,0,0,0,11498,2124,84.4076,0,3442,137.399
b1_cf_wb_016mb_r01,b1_natural_flush_counterfactual,3,3.00473,52579,20.9418,61,3309.91,3938.81,7678.82,95,3158.34,3744.11,3850.38,1848,3184.82,3833.84,4037.25,1308,3317.53,4018.7,4204.59,47.7836,49.3528,4273,52.501,148.341,266.202,719,105.087,226.491,351.163,8304,8304,9.00202,0,0,0,0,0,0,0,0,130.68,0,0,0,0,0,8263,992,89.2815,0,4159,138.622
b1_cf_wb_016mb_r01,b1_natural_flush_counterfactual,4,4.00596,60025,23.9075,57,3361.24,4615.82,4804.57,88,3891.82,4526.55,4722.45,1683,3884.49,4513.27,4665.06,1193,4077.32,4694.65,4884.32,42.8927,61.7385,3802,54.505,149.313,228.023,618,105,216.234,316.033,7441,7441,10.002,0,0,0,0,0,0,0,0,130.68,0,0,0,0,0,7669,628,92.431,0,4779,139.702
b1_cf_wb_016mb_r01,b1_natural_flush_counterfactual,5,5.00822,66958,26.6688,47,4734.39,5447.65,5539.26,81,4465,5241.01,5905.24,1443,4552.61,5233.87,5616.21,1127,4662.39,5410.69,5831.19,39.3656,72.5983,3719,56.072,152.244,274.219,518,106.84,248.143,307.219,6935,6935,11.002,0,0,0,0,0,0,0,0,130.68,0,0,0,0,0,7137,459,93.9573,0,5295,140.758
b1_cf_wb_016mb_r01,b1_natural_flush_counterfactual,6,6.01006,72370,28.8244,31,2122.46,5814.64,5817.52,61,5199.32,10315.3,10571.2,1146,5254.9,10124.6,10615.7,882,5269.77,9667.31,10795.5,36.678,96.7299,2879,61.502,188.512,293.566,411,125.088,260.868,314.586,5410,5410,12.002,0,0,0,0,0,0,0,0,130.68,0,0,0,0,0,5684,321,94.6545,0,5708,141.572
b1_cf_wb_016mb_r01,b1_natural_flush_counterfactual,7,7.01149,77671,30.9357,28,22.411,6230.62,6323.5,69,4497.24,10798.4,11573,1159,3781.82,10606.5,11203.9,809,4856.15,10911.7,11453.3,32.9481,119.772,2799,55.844,200.43,296.217,437,122.382,302.001,380.152,5301,5301,13.0021,0,0,0,0,0,0,0,0,130.68,0,0,0,0,0,5132,230,95.7106,0,6145,142.369
b1_cf_wb_016mb_r01,b1_natural_flush_counterfactual,8,8.01287,82854,33.0001,26,1569.06,6979.85,12491.9,71,1578.61,7613.45,12632.8,1186,1730.38,10379.2,12566.4,802,2688.35,11609.3,12871.1,32.9913,119.555,2666,55.401,211.389,350.755,432,130.269,327.887,385.165,5183,5183,14.0021,0,0,0,0,0,0,0,0,130.68,0,0,0,0,0,5302,226,95.9117,0,6577,143.127
b1_cf_wb_016mb_r01,b1_natural_flush_counterfactual,9,9.01432,87280,34.7629,31,1970.18,8028.63,8747.06,48,1832.59,11108,13560.1,1039,4465.6,12319.5,13293,666,5716.01,13147.7,13635.8,28.9399,161.233,2281,56.468,185.87,317.526,361,123.674,291.515,461.867,4426,4426,14.0021,0,0,0,0,0,0,0,0,130.68,0,0,0,0,0,4359,186,95.9076,0,6938,143.778
b1_cf_wb_016mb_r01,b1_natural_flush_counterfactual,10,10.0156,91907,36.6058,24,1900.88,13867.7,14544.8,49,1896.29,14033.4,14323,1002,2146.67,13397,14510.7,749,3443.77,13528.1,14788.8,27.506,163.882,2408,47.13,170.644,275.576,395,108.136,256.043,330.919,4627,4627,15.0021,0,0,0,0,0,0,0,0,130.68,0,0,0,0,0,4841,160,96.8006,0,7333,144.467
b1_cf_wb_016mb_r01,b1_natural_flush_counterfactual,11,11.0168,95526,38.0473,25,7997.59,8348.1,8660.15,53,7579.92,11424.7,15041,817,7890.04,12744.8,15295.6,593,8120.84,11825.4,15505.1,25.7909,205.779,1846,62.388,195.342,281.91,285,127.945,284.066,424.781,3619,3619,16.0021,0,0,0,0,0,0,0,0,130.68,0,0,0,0,0,3842,168,95.8105,0,7618,144.992
b1_cf_wb_016mb_r01,b1_natural_flush_counterfactual,12,12.0178,99013,39.4361,18,3627.79,11138.4,11138.4,40,8360.15,13871.8,16038.4,778,8408.03,15124.1,15990.8,573,7815.04,14804,16265.4,22.8691,241.071,1799,57.703,193.319,287.642,287,122.353,250.648,307.869,3495,3495,16.0021,0,0,0,0,0,0,0,0,130.68,0,0,0,0,0,3608,125,96.6515,0,7903,145.505
b1_cf_wb_016mb_r01,b1_natural_flush_counterfactual,13,13.0188,119212,47.4812,144,214.169,7582.96,16041.1,191,174.643,1818.09,16503.8,4429,171.019,5719.83,9165.35,3265,309.825,6763.97,9420.29,21.9495,42.7941,10564,50.303,206.208,302.382,1624,119.309,285.57,384.643,20217,20217,4.00198,0,0,0,0,0,0,0,0,137.865,0,0,0,7.1845,0,21198,1752,92.366,0,9526,140.635
b1_cf_wb_016mb_r01,b1_natural_flush_counterfactual,14,14.0232,137767,54.8715,136,399.723,2560.14,4178.8,205,439.931,2377.86,3374.66,4138,493.673,2362.22,3795.09,2871,624.582,2569.32,3905.79,16.954,61.8025,9725,47.05,178.985,274.387,1454,113.967,267.538,357.062,18529,18529,7.00201,0,0,0,0,0,0,0,0,137.865,0,0,0,0,0,19472,494,97.5258,0,10983,143.401
b1_cf_wb_016mb_r01,b1_natural_flush_counterfactual,15,15.0272,148923,59.3149,82,1879.49,3329.31,5340.58,125,757.786,4483.55,5876.76,2527,876.412,4723.62,5887.79,1756,1049.78,4611.09,5972.39,15.4664,111.146,5793,48.842,176.564,257.895,873,110.742,237.478,331.248,11156,11156,9.00202,0,0,0,0,0,0,0,0,137.865,0,0,0,0,0,11737,165,98.6137,0,11856,145.048
b1_cf_wb_016mb_r01,b1_natural_flush_counterfactual,16,16.0298,157247,62.6302,58,3569.05,6600.44,7108.69,95,3038.29,6426.95,7433.8,1866,2561.78,6102.15,7107.66,1375,2005.03,6468.16,7333.89,13.4698,170.709,4298,56.537,193.278,304.466,636,126.73,293.03,419.683,8328,8328,11.002,0,0,0,0,0,0,0,0,137.865,0,0,0,0,0,9035,117,98.7216,0,12491,146.268
b1_cf_wb_016mb_r01,b1_natural_flush_counterfactual,17,17.0318,163935,65.294,39,4083.84,8420.11,8555.53,66,1878.15,4609.16,8215.26,1436,4013.5,7744.09,8413.14,1094,4238.61,7869.22,8654.04,12.234,252.445,3547,59.977,203.605,323.5,522,127.653,284.425,373.276,6704,6704,12.002,0,0,0,0,0,0,0,0,137.865,0,0,0,0,0,7258,72,99.0177,0,13012,147.274
b1_cf_wb_016mb_r01,b1_natural_flush_counterfactual,18,18.0339,169870,67.6579,36,1789.82,9248.08,9385.75,64,4653.6,8560.95,9454.89,1304,4610.6,9078.96,9564.72,983,4747.85,8768,9663.61,11.7731,273.934,3083,63.796,205.983,311.608,445,132.874,278.291,334.29,5915,5915,13.0021,0,0,0,0,0,0,0,0,137.865,0,0,0,0,0,6431,68,98.9537,0,13459,148.147
b1_cf_wb_016mb_r01,b1_natural_flush_counterfactual,19,19.0353,174958,69.6844,34,4263.67,9837.08,10307.9,49,5248.77,10094.4,10686.6,1129,5234.39,10065.3,10478.4,781,5486.93,10319.9,10706.5,11.7644,353.391,2634,61.228,223.656,313.65,461,127.133,288.165,378.359,5088,5088,14.0021,0,0,0,0,0,0,0,0,137.865,0,0,0,0,0,5173,50,99.0427,0,13920,148.898
b1_cf_wb_016mb_r01,b1_natural_flush_counterfactual,20,20.0366,180765,71.9973,38,1706.74,11581.5,12064.8,74,1590.9,6518.6,11939.7,1315,1665,7963.26,11478.5,890,1859.85,10459.2,11824.2,9.9573,353.689,3003,51.806,176.143,282.88,487,111.105,267.752,389.286,5807,5807,15.0021,0,0,0,0,0,0,0,0,137.865,0,0,0,0,0,5901,66,98.8939,0,14407,149.755
b1_cf_wb_016mb_r01,b1_natural_flush_counterfactual,21,21.038,186365,74.2277,39,2770.48,11854.3,12186.8,54,1740.48,11495.9,12674,1200,1777.85,11331.2,12749.4,883,2001.16,11043.9,13104.3,10.1484,357.154,2991,45.749,164.517,286.949,433,116.292,265.353,347.733,5600,5600,16.0021,0,0,0,0,0,0,0,0,137.865,0,0,0,0,0,5847,66,98.8838,0,14840,150.607
b1_cf_wb_016mb_r01,b1_natural_flush_counterfactual,22,22.0394,211958,84.4212,174,186.711,1713.45,7378.51,283,227.679,7103.09,7346.2,5737,203.282,1609.31,7323.65,4130,351.715,1825.93,7453.19,9.53245,77.2302,13262,43.494,173.32,265.032,2042,107.342,249.632,330.69,25628,25628,5.00199,0,0,0,0,0,0,0,0,144.591,0,0,0,6.72657,0,27771,1505,94.8593,0,16880,148.215
b1_cf_wb_016mb_r01,b1_natural_flush_counterfactual,23,23.0453,226565,90.2391,102,1673.2,2584.36,2773.3,165,1540.63,2579.13,3888.72,3192,1378.15,2566.8,3898.55,2316,1630.16,2742.88,3876.04,8.51727,160.459,7616,54.079,180.895,274.919,1182,117.597,252.731,341.347,14573,14573,7.00201,0,0,0,0,0,0,0,0,144.591,0,0,0,0,0,16840,305,98.2211,0,18063,150.376
b1_cf_wb_016mb_r01,b1_natural_flush_counterfactual,24,24.0485,236704,94.2773,63,895.091,3388.05,5451.7,126,2673.43,3366.54,5900.93,2220,2650.96,3431.17,5289.05,1619,2795.34,3589.76,5507.57,7.832,249.528,5334,55.366,181.479,272.811,777,118.443,252.358,383.737,10139,10139,9.00202,0,0,0,0,0,0,0,0,144.591,0,0,0,0,0,11535,82,99.2941,0,18840,151.891
b1_cf_wb_016mb_r01,b1_natural_flush_counterfactual,25,25.0508,244661,97.4465,56,3567.6,6411.23,7785.05,107,3467.72,4226.04,6518.25,1774,3471.57,4249.6,7177.71,1246,3671.3,4470.04,7276.23,8.10032,307.363,4136,61.065,202.439,310.602,639,129.052,292.031,421.699,7958,7958,10.002,0,0,0,0,0,0,0,0,144.591,0,0,0,0,0,8901,53,99.4081,0,19479,153.066
b1_cf_wb_016mb_r02,b1_natural_flush_counterfactual,1,1.00025,32232,12.8378,199,127.063,1917.69,2209.9,363,180.923,1930.38,2111.43,7056,174.596,1909.63,2143.85,5127,263.938,2070.25,2304.9,79.1619,7.78783,17046,24.13,106.311,169.719,2461,62.018,166.847,226.003,32252,32252,6.002,0,0,0,0,0,0,0,0,130.7,0,0,0,0,0,17766,22170,44.4862,0,2458,135.647
b1_cf_wb_016mb_r02,b1_natural_flush_counterfactual,2,2.00337,45754,18.2235,85,874.052,2891.6,3004.42,156,724.172,2908.74,3162.92,3044,768.218,3021.76,3195.92,2137,1062.12,3178.88,3388.47,55.716,26.8368,6986,42.899,128.263,207.006,1104,91.232,184.143,240.983,13512,13512,8.00201,0,0,0,0,0,0,0,0,130.7,0,0,0,0,0,11380,2448,82.2968,0,3564,137.639
b1_cf_wb_016mb_r02,b1_natural_flush_counterfactual,3,3.00501,55774,22.2143,74,937.865,3997.4,4113.41,122,894.456,4005.33,4623,2224,1058.04,4005.73,4259.16,1588,1210.84,4193.1,4534.63,46.3426,42.895,5148,37.984,117.578,199.83,854,90.69,194.455,344.01,10010,10010,10.002,0,0,0,0,0,0,0,0,130.7,0,0,0,0,0,8530,1129,88.3114,0,4419,139.112
b1_cf_wb_016mb_r02,b1_natural_flush_counterfactual,4,4.00656,62864,25.0382,51,4039.3,4880.28,8740.47,83,4001.99,5005.07,8323.2,1554,3868.63,5224.34,8740.27,1134,4134.6,5280.9,8869.07,39.9021,71.3931,3712,53.049,170.955,281.409,561,110.714,253.193,340.604,7095,7095,11.002,0,0,0,0,0,0,0,0,130.7,0,0,0,0,0,6061,522,92.0705,0,4979,140.169
b1_cf_wb_016mb_r02,b1_natural_flush_counterfactual,5,5.00807,69468,27.6686,45,1258.15,5427.55,9674.65,75,1237.53,8860.37,9991.26,1376,1327.53,9192.19,9915.9,1071,1548.36,9351.52,10016.5,37.507,84.3581,3514,50.27,170.888,263.362,518,114.787,253.196,370.15,6599,6599,12.002,0,0,0,0,0,0,0,0,130.7,0,0,0,0,0,5794,403,93.4969,0,5498,141.17
b1_cf_wb_016mb_r02,b1_natural_flush_counterfactual,6,6.0097,75610,30.1149,36,1661.37,9229.82,10331.2,72,1526.05,10747.2,11183.9,1301,1605.78,9765.86,10853.4,972,1753.14,9640.98,11076.5,36.3364,89.7488,3284,46.229,178.716,273.539,477,107.571,222.243,317.017,6142,6142,13.0021,0,0,0,0,0,0,0,0,130.7,0,0,0,0,0,5339,326,94.2454,0,5975,142.105
b1_cf_wb_016mb_r02,b1_natural_flush_counterfactual,7,7.01131,81240,32.3573,27,1591.57,6737.78,10627,76,1538.02,11641.5,11986.2,1319,1618.25,11179.1,12254.6,870,1811.63,11453.2,12610.6,31.4241,112.73,2874,51.874,192.555,300.065,464,116.978,277.79,363.977,5630,5630,14.0021,0,0,0,0,0,0,0,0,130.7,0,0,0,0,0,4766,233,95.3391,0,6439,142.924
b1_cf_wb_016mb_r02,b1_natural_flush_counterfactual,8,8.01414,86894,34.6092,35,1787.01,8860.88,13154.7,66,1743.41,12311.7,13364.7,1302,1803.22,7755.45,12821.4,866,2001.12,7849.83,13286.2,31.5081,112.674,2921,43.533,173.454,260.158,464,109.613,247.313,307.525,5654,5654,15.0021,0,0,0,0,0,0,0,0,130.7,0,0,0,0,0,4820,251,95.0503,0,6903,143.759
b1_cf_wb_016mb_r02,b1_natural_flush_counterfactual,9,9.01554,91316,36.3704,25,1939.69,7932.78,8276.57,43,4808.62,13935.1,14171.1,958,6013.45,8800.74,14360.2,703,6387.17,8342.93,14474.8,26.8478,175.24,2312,54.341,196.534,307.128,381,122.386,294.721,416.355,4422,4422,15.0021,0,0,0,0,0,0,0,0,130.7,0,0,0,0,0,3872,152,96.2227,0,7284,144.418
b1_cf_wb_016mb_r02,b1_natural_flush_counterfactual,10,10.0171,95145,37.8955,26,7877.49,8488.41,8640.62,60,6739.68,13172.8,15810.1,852,7740.25,8943.58,15095.1,628,7188.91,9331.24,15320.8,26.9952,186.749,1955,57.235,205.839,288.851,308,121.148,251.611,322.147,3829,3829,16.0021,0,0,0,0,0,0,0,0,130.7,0,0,0,0,0,3474,160,95.5971,0,7592,144.974
b1_cf_wb_016mb_r02,b1_natural_flush_counterfactual,11,11.0184,110382,43.9643,93,174.305,4709.79,9359.12,153,189.161,8492.24,8678.68,3362,222.571,8640.33,9101.82,2466,349.334,8748.39,9103.69,22.3398,55.0154,7952,51.95,195.88,302.953,1225,120.865,293.413,396.3,15251,15251,3.00198,0,0,0,0,0,0,0,0,137.791,0,0,0,7.09161,0,12901,1132,91.9333,0,8813,139.778
b1_cf_wb_016mb_r02,b1_natural_flush_counterfactual,12,12.0219,129235,51.4733,144,759.9,2447.93,3541.26,194,936.583,2047.71,3339.3,4194,883.62,2006.09,3092.32,3007,993.17,2172.92,3024.78,19.715,50.2725,9838,54.267,197.595,301.709,1466,120.643,292.585,423.082,18843,18843,6.002,0,0,0,0,0,0,0,0,137.791,0,0,0,0,0,17516,1047,94.3597,0,10282,142.569
b1_cf_wb_016mb_r02,b1_natural_flush_counterfactual,13,13.0261,142386,56.7112,93,776.557,4599.15,5736.51,149,1915.1,3214.95,5204.39,2963,741.213,3090.81,5325.96,2030,858.198,3427.46,5443.88,15.8172,94.1895,6851,44.439,169.504,257.778,1073,106.553,252.987,303.916,13159,13159,8.00201,0,0,0,0,0,0,0,0,137.791,0,0,0,0,0,11546,195,98.3392,0,11354,144.521
b1_cf_wb_016mb_r02,b1_natural_flush_counterfactual,14,14.0296,152136,60.5946,72,933.648,4269.32,9406.97,107,799.813,4171.47,6780.93,2184,950.171,4824.93,6849.2,1568,1104.27,5055.31,7071.78,15.1531,133.087,5047,44.636,151.882,253.604,759,105.367,232.612,304.617,9737,9737,10.002,0,0,0,0,0,0,0,0,137.791,0,0,0,0,0,8888,121,98.6569,0,12115,145.958
b1_cf_wb_016mb_r02,b1_natural_flush_counterfactual,15,15.0335,160773,64.0346,56,1827.02,7617.14,8396.69,92,1588.61,4964.54,9094.92,1880,1084.06,5751.1,8155.87,1403,1207.85,5563.69,8549.81,12.9914,177.115,4552,41.423,153.661,260.398,654,103.751,221.769,338.759,8637,8637,12.002,0,0,0,0,0,0,0,0,137.791,0,0,0,0,0,7889,116,98.5509,0,12769,147.256
b1_cf_wb_016mb_r02,b1_natural_flush_counterfactual,16,16.0355,167632,66.7665,41,4695.57,7676.25,9087.89,64,1434.71,9061.83,9724.63,1480,1412.2,6396.9,9317.04,1133,2725.18,7316.68,9520.16,11.4987,265.909,3612,49.515,168.227,265.867,529,109.231,237.301,324.723,6859,6859,13.0021,0,0,0,0,0,0,0,0,137.791,0,0,0,0,0,6281,73,98.8511,0,13298,148.284
b1_cf_wb_016mb_r02,b1_natural_flush_counterfactual,17,17.0371,173396,69.0623,40,2426.45,10620.9,11024.5,66,1382.77,6081.2,10910.8,1302,4196.5,6193.09,10879,913,3928.44,6289.17,10848.1,11.4118,296.211,2955,52.594,175.092,268.123,488,113.564,246.955,312.478,5764,5764,14.0021,0,0,0,0,0,0,0,0,137.791,0,0,0,0,0,5108,61,98.8199,0,13786,149.127
b1_cf_wb_016mb_r02,b1_natural_flush_counterfactual,18,18.0385,178181,70.9681,31,541.884,10258.6,11356.2,53,5907.22,6569.95,6593.51,1084,6092.97,6754.01,11426.6,717,6268.34,6803.4,11419.4,10.5802,395.305,2492,58.129,197.458,293.394,408,120.71,263.447,311.314,4785,4785,15.0021,0,0,0,0,0,0,0,0,137.791,0,0,0,0,0,4087,46,98.887,0,14194,149.836
b1_cf_wb_016mb_r02,b1_natural_flush_counterfactual,19,19.0397,183226,72.9775,32,4707.13,7090.31,8414.33,61,588.476,7127.26,7850.6,1087,5743.23,7391.29,12959.9,782,6755.19,7555.16,13046.6,9.9757,419.834,2689,62.712,204.394,324.604,394,131.168,327.1,430.112,5045,5045,16.0021,0,0,0,0,0,0,0,0,137.791,0,0,0,0,0,4463,59,98.6953,0,14588,150.597
b1_cf_wb_016mb_r02,b1_natural_flush_counterfactual,20,20.0415,200393,79.815,127,116.315,7099.73,12289.7,176,132.522,7303.95,12129.1,3815,142.027,7308.25,9196.28,2827,308.935,7487.78,8457.65,10.2717,108.074,8864,45.658,179.979,265.407,1380,110.167,258.88,400.855,17189,17189,3.00198,0,0,0,0,0,0,0,0,144.62,0,0,0,6.82882,0,16062,976,94.2716,0,15965,146.759
b1_cf_wb_016mb_r02,b1_natural_flush_counterfactual,21,21.0458,221438,88.197,135,501.288,2240.73,3574.15,238,537.226,2161.29,2265.32,4705,445.591,2126.43,2678.04,3297,666.813,2343.23,3111.49,8.51744,111.841,10987,42.602,163.399,263.713,1671,105.329,248.969,327.699,21033,21033,7.00201,0,0,0,0,0,0,0,0,144.62,0,0,0,0,0,20748,834,96.1357,0,17636,149.883
b1_cf_wb_016mb_r02,b1_natural_flush_counterfactual,22,22.0505,234207,93.2828,85,798.753,3480.19,4814.39,161,811.226,3272.88,4653.64,2761,768.836,3284.93,4806.84,2057,965.12,3499.01,5200.51,8.09042,193.65,6712,45.167,163.048,268.735,991,109.683,254.787,333.891,12767,12767,10.002,0,0,0,0,0,0,0,0,144.62,0,0,0,0,0,12739,102,99.2057,0,18627,151.792
b1_cf_wb_016mb_r02,b1_natural_flush_counterfactual,23,23.0535,243562,97.0088,64,523.061,4179.25,7389.1,116,3031.92,6119.09,7117.92,2080,1026.45,4202.04,7076.66,1465,1215.82,4379.08,7143.38,8.16997,261.013,4849,43.712,149.604,225.496,775,106.499,215.827,345.084,9349,9349,11.002,0,0,0,0,0,0,0,0,144.62,0,0,0,0,0,9031,59,99.3509,0,19405,153.176
b1_cf_wb_016mb_r03,b1_natural_flush_counterfactual,1,1.00019,33921,13.5105,214,96.995,1915.95,2378.8,381,162.164,1856.45,2256.55,7462,165.538,1975.65,2468.17,5393,261.287,2095.73,2540.37,78.1393,7.56826,17912,21.97,91.066,149.672,2584,52.748,149.06,228.516,33946,33946,6.002,0,0,0,0,0,0,0,0,130.703,0,0,0,0,0,24303,22591,51.8254,0,2582,135.903
b1_cf_wb_016mb_r03,b1_natural_flush_counterfactual,2,2.00338,46592,18.5572,74,1946.7,3230.38,4391.24,147,1445.45,3158.01,3631.63,2824,857.533,3173.89,3483.99,2026,1295.4,3373.44,3760.04,55.0212,28.7885,6523,40.546,120.277,187.791,1052,92.316,181.242,243.875,12646,12646,8.00201,0,0,0,0,0,0,0,0,130.703,0,0,0,0,0,12848,2223,85.2498,0,3636,137.763
b1_cf_wb_016mb_r03,b1_natural_flush_counterfactual,3,3.00449,56044,22.3219,74,1758.77,4115.07,4153.41,118,971.192,4120.01,4258.97,2100,2259.9,4070.53,4268.27,1482,1568.6,4214.54,4510.26,45.5897,45.9077,4897,36.974,115.663,186.55,808,90.316,194.152,289.837,9479,9479,9.00202,0,0,0,0,0,0,0,0,130.703,0,0,0,0,0,9432,971,90.6662,0,4443,139.165
b1_cf_wb_016mb_r03,b1_natural_flush_counterfactual,4,4.00592,64216,25.5767,56,1443.64,4907.91,5192.66,96,1515.48,4864.11,8138.94,1783,1358.23,4808.09,5526.01,1290,1960.31,4967.43,5610.01,40.2388,63.119,4296,40.036,121.46,193.602,626,92.13,178.257,271.548,8147,8147,11.002,0,0,0,0,0,0,0,0,130.703,0,0,0,0,0,8234,593,93.282,0,5069,140.392
b1_cf_wb_016mb_r03,b1_natural_flush_counterfactual,5,5.00753,70223,27.9693,41,1898.25,9852.68,9966.28,65,4897.52,9527.99,9932.22,1259,4583.95,8893.67,10096,996,4141.26,9374.84,10275.7,36.9287,89.5837,3169,54.066,173.034,280.351,478,113.549,256.615,360.993,6008,6008,11.002,0,0,0,0,0,0,0,0,130.703,0,0,0,0,0,6370,385,94.3005,0,5548,141.293
b1_cf_wb_016mb_r03,b1_natural_flush_counterfactual,6,6.00897,75355,30.0133,30,1275.87,10834.8,10935.7,64,5594.19,10414.9,10973.6,1072,5551.42,10610.6,11046.9,800,5678.7,10650.9,11207,35.9525,110.581,2752,58.37,190.301,303.99,411,126.333,262.099,543.212,5129,5129,12.002,0,0,0,0,0,0,0,0,130.703,0,0,0,0,0,5179,247,95.4478,0,5959,142.075
b1_cf_wb_016mb_r03,b1_natural_flush_counterfactual,7,7.01026,80878,32.2131,25,1675.36,6640.19,6784.76,70,1757.2,11188.3,11917.5,1292,1652.6,10190.3,12224.2,861,1879.85,8404.37,12302.2,31.4437,111.538,2825,48.911,186.914,303.597,450,113.586,286.512,382.713,5523,5523,13.0021,0,0,0,0,0,0,0,0,130.703,0,0,0,0,0,5573,234,95.9704,0,6409,142.881
b1_cf_wb_016mb_r03,b1_natural_flush_counterfactual,8,8.01166,85372,34.003,28,2113.86,7202.79,7994.36,55,5635.92,12865.9,16018.4,1043,6159.66,8408.87,12988,684,6166.96,12389.5,13338.6,32.6652,135.019,2315,57.585,196.169,317.057,369,121.994,285.781,393.962,4494,4494,14.0021,0,0,0,0,0,0,0,0,130.703,0,0,0,0,0,4500,186,96.0307,0,6778,143.541
b1_cf_wb_016mb_r03,b1_natural_flush_counterfactual,9,9.01287,90409,36.0092,29,2045.77,7778.45,14065,52,1969.51,7780.93,13243.9,1093,2030.66,7915.42,13275.3,798,2334.4,9198.61,13520.8,27.0276,154.71,2641,49.331,173.703,282.05,424,111.309,239.397,318.697,5037,5037,15.0021,0,0,0,0,0,0,0,0,130.703,0,0,0,0,0,5164,191,96.4332,0,7202,144.294
b1_cf_wb_016mb_r03,b1_natural_flush_counterfactual,10,10.0141,94875,37.788,31,6324.22,8631.52,15694.8,66,1979.69,8337.06,8878.88,1006,2226.06,8523.98,14767.2,719,2458.54,8703.51,14714.6,26.6231,162.397,2282,44.425,157.37,260.581,373,106.46,219.662,315.22,4477,4477,16.0021,0,0,0,0,0,0,0,0,130.703,0,0,0,0,0,4697,175,96.408,0,7572,144.948
b1_cf_wb_016mb_r03,b1_natural_flush_counterfactual,11,11.0153,98857,39.374,19,1077.94,8772.45,8772.45,40,8171.4,9338.8,15657.5,898,6893.87,8903.87,15718.1,655,7266.91,9051.05,15839.2,23.513,209.922,2044,52.959,174.319,255.583,315,111.546,236.88,282.685,3971,3971,16.0021,0,0,0,0,0,0,0,0,130.703,0,0,0,0,0,4171,131,96.9549,0,7890,145.53
b1_cf_wb_016mb_r03,b1_natural_flush_counterfactual,12,12.0163,122966,48.9764,167,174.018,1919.44,9082.03,241,214.784,1451.04,9003.7,5328,191.273,1471.98,9014.06,3883,320.123,1633.22,9174.88,21.6794,35.52,12582,46.21,179.24,282.409,1927,111.382,281.242,372.814,24128,24128,4.00198,0,0,0,0,0,0,0,0,137.861,0,0,0,7.15822,0,24817,1863,93.0172,0,9813,141.327
b1_cf_wb_016mb_r03,b1_natural_flush_counterfactual,13,13.022,139782,55.6741,125,582.899,2567.17,3860.11,189,910.011,2571.74,3866.85,3742,608.679,2583.59,3919.56,2594,731.011,2731.73,3990.42,16.17,71.7692,8836,41.771,151.136,247.233,1317,103.45,232.657,320.055,16803,16803,7.00201,0,0,0,0,0,0,0,0,137.861,0,0,0,0,0,17394,406,97.7191,0,11133,143.838
b1_cf_wb_016mb_r03,b1_natural_flush_counterfactual,14,14.0258,150872,60.0911,79,860.221,3567.99,5813.64,119,890.588,3454.88,4077.94,2528,910.573,3548.67,5778.93,1758,1074.16,3769.22,6022.31,15.3419,114.376,5724,40.07,141.324,227.733,876,99.238,206.719,285.706,11084,11084,9.00202,0,0,0,0,0,0,0,0,137.861,0,0,0,0,0,11791,164,98.6282,0,12010,145.472
b1_cf_wb_016mb_r03,b1_natural_flush_counterfactual,15,15.029,160036,63.7411,66,3619.01,4613.71,7144.44,101,999.596,4330.87,6804.73,1997,1102.61,4340.4,7241.58,1502,1222.34,4465.48,7085.52,13.2743,158.444,4808,41.838,154.308,235.738,690,105.693,225.439,302.98,9164,9164,10.002,0,0,0,0,0,0,0,0,137.861,0,0,0,0,0,9880,114,98.8593,0,12700,146.84
b1_cf_wb_016mb_r03,b1_natural_flush_counterfactual,16,16.0316,168119,66.9605,48,1157.87,6186.49,8500.88,79,1215.7,5386.65,9399.86,1745,1213.07,5168.4,8611.36,1336,1488.34,5399.73,9129.77,11.8368,218.281,4244,44.51,155.272,236.202,631,99.248,210.819,271.911,8083,8083,11.002,0,0,0,0,0,0,0,0,137.861,0,0,0,0,0,8773,80,99.0964,0,13331,148.051
b1_cf_wb_016mb_r03,b1_natural_flush_counterfactual,17,17.0334,174593,69.539,42,1529.36,5797,9637.77,67,1529.92,5751,9739.08,1448,1643.37,5897.72,10062.3,1011,1882.01,6050.05,10037.5,11.3373,269.325,3352,46.088,150.548,263.873,554,106.898,244.36,313.392,6474,6474,12.002,0,0,0,0,0,0,0,0,137.861,0,0,0,0,0,6676,67,99.0064,0,13885,149.01
b1_cf_wb_016mb_r03,b1_natural_flush_counterfactual,18,18.0355,180398,71.8511,39,1585.84,6615,6730.52,74,2263.81,7121.75,12053.9,1315,1691.35,6999.87,11440.7,891,2566.08,6779.61,11384,10.0067,350.653,2990,45.044,147.524,242.383,496,107.438,226.761,356.306,5805,5805,13.0021,0,0,0,0,0,0,0,0,137.861,0,0,0,0,0,5959,66,98.9046,0,14381,149.866
b1_cf_wb_016mb_r03,b1_natural_flush_counterfactual,19,19.0369,186456,74.264,41,1820.05,7313.69,12257.2,60,2040.5,7340.65,12392.4,1304,1839.14,7221.84,12225.2,964,1851.64,7372.81,12623,10.0643,318.692,3223,38.386,136.757,249.204,466,99.299,243.802,384.052,6058,6058,14.0021,0,0,0,0,0,0,0,0,137.861,0,0,0,0,0,6354,74,98.8488,0,14847,150.786
b1_cf_wb_016mb_r03,b1_natural_flush_counterfactual,20,20.0388,191442,76.2498,37,6659.67,7877.35,13429.7,62,2099.87,7828.31,12573.3,1126,2051.57,7727.79,13510.9,832,2364.28,7969.16,14012.5,10.8702,359.268,2543,44.462,142.105,247.74,411,104.164,258.981,322.742,5011,5011,15.0021,0,0,0,0,0,0,0,0,137.861,0,0,0,0,0,5657,62,98.9159,0,15254,151.515
b1_cf_wb_016mb_r03,b1_natural_flush_counterfactual,21,21.0401,196214,78.1505,37,1956.81,9237.13,14813.3,52,2022.27,8334.22,8369.57,1026,2111.68,8385.51,15144.2,785,2323.99,8504.94,15243.3,9.70064,431.783,2464,44.211,157.201,286.693,383,107.031,269.458,420.251,4747,4747,16.0021,0,0,0,0,0,0,0,0,137.861,0,0,0,0,0,5250,47,99.1127,0,15641,152.216
b1_cf_wb_016mb_r03,b1_natural_flush_counterfactual,22,22.0417,200755,79.9591,32,7008.73,14412.1,15545.7,34,2237.85,15401.8,15916.8,1029,2158.28,8891.19,15883.5,743,2456.66,9408.8,16004.6,10.1063,456.23,2364,44.918,149.689,263.087,348,99.968,209.331,288.431,4550,4550,16.0021,0,0,0,0,0,0,0,0,137.861,0,0,0,0,0,5088,50,99.0269,0,15989,152.892
b1_cf_wb_016mb_r03,b1_natural_flush_counterfactual,23,23.0432,229541,91.4244,186,225.857,1650.34,1993.31,348,304.111,1681.96,3026.74,6372,224.084,1656.46,3013.97,4548,372.489,1819.37,2920.74,8.42194,79.2835,15033,42.411,164.919,250.894,2312,104.61,240.167,335.119,28799,28799,6.002,0,0,0,0,0,0,0,0,145.1,0,0,0,7.2385,0,30818,1640,94.9473,0,18300,149.423
b1_cf_wb_016mb_r03,b1_natural_flush_counterfactual,24,24.0502,243594,97.0216,97,504.406,2921.53,4191.62,168,1733.17,3065.21,4447.83,3097,820.583,2863.22,4282.93,2217,1394.32,3097.22,4578.89,8.10104,178.475,7347,43.685,161.451,247.708,1105,105.522,234.529,324.496,14031,14031,8.00201,0,0,0,0,0,0,0,0,145.1,0,0,0,0,0,15886,240,98.5117,0,19406,151.511
b1_cf_wb_064mb_r01,b1_natural_flush_counterfactual,1,1.0002,33256,13.2456,211,99.561,1939.01,2158.58,372,193.44,1838.79,2126.66,7302,183.942,1933.52,2158.82,5269,259.828,2086.61,2311.33,78.6635,7.47538,17561,24.029,100.109,156.893,2543,61.391,154.196,214.705,33258,33258,6.002,0,0,0,0,0,0,0,0,130.67,0,0,0,0,0,25473,22403,53.2062,0,2543,135.731
b1_cf_wb_064mb_r01,b1_natural_flush_counterfactual,2,2.00361,44778,17.8347,66,2183.57,2961.73,3068.39,141,1665.54,2943.6,3250.15,2568,2194.71,3009.89,3172.21,1834,2309.19,3156.45,3335.53,55.2372,30.8723,5967,52.508,139.467,222.759,944,103.13,199.25,280.394,11520,11520,8.00201,0,0,0,0,0,0,0,0,130.67,0,0,0,0,0,12213,2100,85.328,0,3487,137.429
b1_cf_wb_064mb_r01,b1_natural_flush_counterfactual,3,3.00504,53238,21.2043,58,3257.65,3889.56,10105.8,93,3245.97,3814.21,9004.88,1904,3224.39,3909.71,4124.33,1329,3361.46,4087.86,4289.35,48.0655,48.2313,4344,54.253,149.523,246.309,732,110.963,231.131,297.216,8460,8460,9.00202,0,0,0,0,0,0,0,0,130.67,0,0,0,0,0,8881,1015,89.7433,0,4219,138.667
b1_cf_wb_064mb_r01,b1_natural_flush_counterfactual,4,4.00693,60461,24.0811,58,4030.85,4551.5,4875.38,86,4061.46,4555.95,4921.55,1610,3976.55,4582.05,4782.2,1171,4140.99,4754.97,5019.8,41.6063,65.0705,3707,54.443,148.622,235.508,591,106.549,212.61,296.225,7223,7223,10.002,0,0,0,0,0,0,0,0,130.67,0,0,0,0,0,7883,593,93.0038,0,4810,139.722
b1_cf_wb_064mb_r01,b1_natural_flush_counterfactual,5,5.00821,67289,26.8007,48,4539.42,5131.45,5510.17,79,4507.3,5479.47,7255.91,1423,4575.32,5360.24,5884.55,1101,4679.83,5486.69,5874.93,39.8256,73.7082,3662,53.924,140.545,227.685,515,103.502,218.405,363.58,6828,6828,11.002,0,0,0,0,0,0,0,0,130.67,0,0,0,0,0,7446,432,94.5164,0,5325,140.76
b1_cf_wb_064mb_r01,b1_natural_flush_counterfactual,6,6.01021,73051,29.0956,33,4242.08,5894.03,8601.65,65,5292.62,10490.2,10821,1226,4922.61,9743.89,10489.3,923,4783.52,9805.66,10721.1,37.3586,92.636,3069,56.217,190.907,298.825,446,125.977,280.426,394.813,5762,5762,12.002,0,0,0,0,0,0,0,0,130.67,0,0,0,0,0,6270,339,94.8706,0,5771,141.632
b1_cf_wb_064mb_r01,b1_natural_flush_counterfactual,7,7.0115,77562,30.8923,24,123.045,6120.75,6195.76,62,5097.77,11116.9,11524.8,989,5879.81,11226.8,11541.9,704,6070.34,11292.8,11697,31.8281,143.468,2369,64.766,223.241,314.299,363,132.336,285.66,413.961,4511,4511,13.0021,0,0,0,0,0,0,0,0,130.67,0,0,0,0,0,4719,199,95.9536,0,6134,142.305
b1_cf_wb_064mb_r01,b1_natural_flush_counterfactual,8,8.01269,82102,32.7006,24,2575.74,11963,12247,60,5700.02,12227.9,12636.9,1049,5593.86,11875.3,12535.5,697,3827.89,12043.5,12709.4,32.2166,132.04,2332,59.445,207.742,319.048,378,125.161,288.379,393.113,4540,4540,14.0021,0,0,0,0,0,0,0,0,130.67,0,0,0,0,0,4823,198,96.0566,0,6512,142.969
b1_cf_wb_064mb_r01,b1_natural_flush_counterfactual,9,9.01385,87217,34.7378,32,3449.62,11676.1,11769.8,59,1725.68,12282.7,13345.4,1183,1827.68,11747,13397.6,781,2034.9,12033.9,13528.7,30.2151,126.952,2640,49.018,187.192,270.91,420,114.454,257.841,356.002,5115,5115,14.0021,0,0,0,0,0,0,0,0,130.67,0,0,0,0,0,5426,208,96.3081,0,6932,143.723
b1_cf_wb_064mb_r01,b1_natural_flush_counterfactual,10,10.0151,91940,36.619,26,1987.59,8649.98,13293.6,49,1861.78,12614.4,12985.2,1028,2129.93,13211.4,14129,756,2338.63,11152.8,14415.6,27.3929,157.179,2460,49.248,187.169,268.878,404,112.106,241.928,333.677,4723,4723,15.0021,0,0,0,0,0,0,0,0,130.67,0,0,0,0,0,5169,161,96.9794,0,7336,144.431
b1_cf_wb_064mb_r01,b1_natural_flush_counterfactual,11,11.0164,96383,38.3886,28,588.119,10898.2,11915.2,59,2499.05,14970.7,15398.7,1010,2240.44,8694.21,15069.7,740,2562.52,9189,15294.3,24.5149,181.105,2271,44.536,153.165,268.543,341,105.311,240.774,341.533,4449,4449,16.0021,0,0,0,0,0,0,0,0,130.67,0,0,0,0,0,4989,204,96.0716,0,7675,145.075
b1_cf_wb_064mb_r01,b1_natural_flush_counterfactual,12,12.0176,100802,40.1486,32,3848.03,9274.16,16387.2,47,985.631,9124.53,15596.9,983,2314.2,9080.95,15745.7,701,2919.37,9314.84,15936.7,24.699,186.725,2287,44.805,139.234,257.676,362,97.875,216.296,323.968,4412,4412,16.0021,0,0,0,0,0,0,0,0,130.67,0,0,0,0,0,4716,125,97.4179,0,8039,145.727
b1_cf_wb_064mb_r01,b1_natural_flush_counterfactual,13,13.0186,104304,41.5435,25,2626.55,16202.4,16902,39,2398.28,17400,17562,771,7537.04,12949.1,17136.8,570,8132.3,12569.5,17383.7,23.1158,250.186,1803,52.229,186.146,272.564,294,118.569,264.174,427.044,3502,3502,17.0021,0,0,0,0,0,0,0,0,130.67,0,0,0,0,0,3809,107,97.2676,0,8333,146.242
b1_cf_wb_064mb_r01,b1_natural_flush_counterfactual,14,14.0198,108068,43.0426,17,2157.73,11664,11664,40,8132.17,11898.5,17789.9,831,2634.77,11981.2,17643.5,573,2805.92,10850.8,18254,19.4241,271.929,2006,47.193,159.448,279.855,297,108.927,265.985,6949.17,3764,3764,17.0021,0,0,0,0,0,0,0,0,130.67,0,0,0,0,0,3813,109,97.2208,0,8630,146.815
b1_cf_wb_064mb_r01,b1_natural_flush_counterfactual,15,15.0207,111932,44.5816,29,2471.46,10394.2,10425.5,27,5198.13,10696.5,16598.2,814,2665.71,10609.6,16556.1,643,2833.48,10723.7,14322.3,22.0062,231.676,2051,42.798,137.768,255.429,300,99.927,252.539,364.146,3864,3864,18.0021,0,0,0,0,0,0,0,0,130.67,0,0,0,0,0,4299,113,97.4388,0,8930,147.401
b1_cf_wb_064mb_r01,b1_natural_flush_counterfactual,16,16.0217,115659,46.0661,32,2653.91,11332.7,11905.2,39,2787.27,11355.5,12281.6,838,2670.88,11244.1,19814.1,628,2803.74,11450.3,19908.3,21.664,238.256,1903,45.037,153.572,227.689,287,108.886,202.228,255.511,3727,3727,19.0021,0,0,0,0,0,0,0,0,130.67,0,0,0,0,0,4326,98,97.7848,0,9217,147.944
b1_cf_wb_064mb_r01,b1_natural_flush_counterfactual,17,17.0226,119074,47.4262,22,2841.29,11794.1,21453.2,30,11361.2,14699.4,18922,733,2970.51,11797.3,18692.4,551,3188.32,11956,20546,22.0871,271.26,1789,45.822,158.643,242.876,298,107.306,223.392,340.25,3423,3423,19.0021,0,0,0,0,0,0,0,0,130.67,0,0,0,0,0,3790,75,98.0595,0,9513,148.458
b1_cf_wb_064mb_r01,b1_natural_flush_counterfactual,18,18.0235,122477,48.7816,21,925.336,12000.5,12060.5,39,8371.85,18916.7,19514.1,778,2946.06,12187.4,21834.4,533,3147.49,12267.9,21422.2,19.925,285.184,1760,44.663,138.725,227.743,264,107.782,243.743,566.228,3395,3395,20.0021,0,0,0,0,0,0,0,0,130.67,0,0,0,0,0,3658,84,97.7552,0,9779,148.959
b1_cf_wb_064mb_r01,b1_natural_flush_counterfactual,19,19.0245,125513,49.9908,19,13.227,12521.4,12521.4,37,9954.68,22227,22827.6,702,3359.68,12565.2,22189.8,466,3306.68,12745.2,21028.8,16.8605,372.962,1587,45.152,166.72,269.16,225,107.606,220.613,328.951,3036,3036,20.0021,0,0,0,0,0,0,0,0,130.67,0,0,0,0,0,3251,75,97.745,0,10004,149.411
b1_cf_wb_064mb_r01,b1_natural_flush_counterfactual,20,20.0252,128778,51.2913,30,10109.2,12982.3,13180.1,34,10714.2,23258.3,23404.8,695,3142.04,13250.2,23195.5,531,3382.52,13416.7,23538.8,16.7119,370.129,1724,44.52,148.044,244.837,251,95.753,243.628,377.392,3265,3265,21.0021,0,0,0,0,0,0,0,0,130.67,0,0,0,0,0,3712,71,98.1232,0,10255,149.903
b1_cf_wb_064mb_r01,b1_natural_flush_counterfactual,21,21.0263,131611,52.4196,18,4494.51,13409.5,13409.5,37,12840.1,23558.5,23954.7,623,6327.5,17907.5,23614.1,405,4081.81,18474.4,23945.5,16.7062,424.826,1531,53.076,179.451,284.818,219,107.43,285.458,365.445,2833,2833,22.0021,0,0,0,0,0,0,0,0,130.67,0,0,0,0,0,2806,62,97.8382,0,10474,150.339
b1_cf_wb_064mb_r01,b1_natural_flush_counterfactual,22,22.0273,134021,53.3795,19,12339.9,27378.5,27378.5,26,8177.89,13696.4,13739.5,553,11761.4,13868.6,27324.6,366,9865.6,13946.1,24364.8,17.3825,449.61,1253,59.454,192.499,265.741,193,126.607,264.087,355.222,2410,2410,22.0021,0,0,0,0,0,0,0,0,130.67,0,0,0,0,0,2531,44,98.2913,0,10667,150.695
b1_cf_wb_064mb_r01,b1_natural_flush_counterfactual,23,23.028,136304,54.2888,18,13366.9,14073.2,14073.2,23,13051.6,25425,25458.1,496,12312.8,15000.4,24964.1,372,11984.3,22211.7,25145.4,14.3091,605.633,1178,58.131,202.082,288.776,196,123.554,260.36,381.609,2283,2283,22.0021,0,0,0,0,0,0,0,0,130.67,0,0,0,0,0,2547,52,97.9992,0,10863,151.031
b1_cf_wb_064mb_r01,b1_natural_flush_counterfactual,24,24.0287,138857,55.3056,18,14144.1,25580.3,25580.3,29,3663.06,15209.4,19765.3,559,5393.39,15394.6,24962.8,412,4773.13,15691.1,24966,15.3738,493.362,1326,49.898,160.628,285.957,209,113.462,274.303,380.229,2553,2553,23.0021,0,0,0,0,0,0,0,0,130.67,0,0,0,0,0,2840,54,98.1341,0,11072,151.41
b1_cf_wb_064mb_r01,b1_natural_flush_counterfactual,25,25.0295,141347,56.2974,17,3518.85,16647.7,16647.7,25,3647.14,14816.7,24645.3,589,3876.94,20296.6,26625.7,393,4132,20619.1,26584.1,15.659,507.814,1272,45.647,155.361,243.789,194,110.623,211.769,270.638,2490,2490,23.0021,0,0,0,0,0,0,0,0,130.67,0,0,0,0,0,2864,47,98.3854,0,11266,151.773
b1_cf_wb_064mb_r01,b1_natural_flush_counterfactual,26,26.0301,144010,57.358,21,3574.8,15017.6,15105.1,32,11509.7,23307.5,26329.3,628,3726.73,19074.6,24948.5,401,3951.4,19459.3,26913.5,15.6658,490.167,1370,46.407,169.571,258.561,211,100.924,235.783,317.321,2663,2663,24.0021,0,0,0,0,0,0,0,0,130.67,0,0,0,0,0,2770,59,97.9145,0,11477,152.164
b1_cf_wb_064mb_r01,b1_natural_flush_counterfactual,27,27.0309,146687,58.4243,22,13564.6,18150,26624,26,3712.78,15383,15637.6,565,3960.61,15723.9,27467.9,438,5080.35,15953.7,24966.4,16.0046,473.382,1424,42.371,138.649,234.259,202,98.01,214.453,289.973,2677,2677,24.0021,0,0,0,0,0,0,0,0,130.67,0,0,0,0,0,3070,64,97.9579,0,11679,152.571
b1_cf_wb_064mb_r01,b1_natural_flush_counterfactual,28,28.0317,149213,59.4304,17,3821.61,15817.2,15817.2,29,14476.2,15893.4,16094.3,579,5854.52,15913.7,26165.5,380,6477.34,16173.6,27104.4,14.3921,557.627,1321,46.759,143.611,257.393,200,101.011,233.513,282.231,2526,2526,25.0021,0,0,0,0,0,0,0,0,130.67,0,0,0,0,0,2732,68,97.5714,0,11879,152.948
b1_cf_wb_064mb_r01,b1_natural_flush_counterfactual,29,29.0324,151603,60.3823,13,14241.7,16190.6,16190.6,27,251.403,16060.6,16311.8,552,5550.63,16249.6,16441.2,413,5545.2,16495.5,20011.6,14.6731,539.825,1190,44.585,149.542,263.242,195,103.918,242.592,433.369,2390,2390,25.0021,0,0,0,0,0,0,0,0,130.67,0,0,0,0,0,2908,56,98.1107,0,12074,153.288
b1_cf_wb_064mb_r01,b1_natural_flush_counterfactual,30,30.0334,154059,61.3605,21,15655.4,16717.4,19422.2,32,3946.22,16785.7,17045.3,559,4634.2,16770.8,19153.9,369,4309.31,16875,19261.7,13.1057,595.005,1276,44.063,137.991,224.244,199,97.931,223.8,311.003,2456,2456,25.0021,0,0,0,0,0,0,0,0,130.67,0,0,0,0,0,2610,51,98.0834,0,12273,153.653
b1_cf_wb_064mb_r01,b1_natural_flush_counterfactual,31,31.0341,156968,62.5191,20,8025.39,17963,17963,30,4203.25,16910.6,18754.6,629,4148.33,17163.8,18313.4,500,4174,17459.1,18911.3,12.36,527.773,1526,34.311,133.581,201.866,204,93.189,192.431,304.917,2909,2909,26.0022,0,0,0,0,0,0,0,0,130.67,0,0,0,0,0,3545,67,98.1451,0,12477,154.089
b1_cf_wb_064mb_r01,b1_natural_flush_counterfactual,32,32.0349,159489,63.5232,15,6187.17,17529.2,17529.2,26,4370.64,17573.5,17709.8,537,4415.72,17535,18158.9,403,4487.52,17698.5,17891.9,13.6898,608.657,1356,33.413,127.475,209.726,184,100.171,205.088,285.85,2521,2521,26.0022,0,0,0,0,0,0,0,0,130.67,0,0,0,0,0,2931,54,98.191,0,12661,154.476
b1_cf_wb_064mb_r01,b1_natural_flush_counterfactual,33,33.0357,161748,64.423,13,14365.4,17965.1,17965.1,25,4157.06,17937,17989.8,474,4484.53,17968.1,20715.4,364,10868.2,18095.1,18276.7,13.7225,699.428,1196,38.385,142.198,223.638,187,102.333,212.253,284.973,2259,2259,27.0022,0,0,0,0,0,0,0,0,130.67,0,0,0,0,0,2673,29,98.9267,0,12848,154.818
b1_cf_wb_064mb_r01,b1_natural_flush_counterfactual,34,34.0364,164178,65.3908,14,9252.19,18245.5,18245.5,18,4514.53,18217.5,18217.5,527,4370.25,18306.2,18377,404,4726.7,18445.8,18549.1,9.49752,921.148,1286,44.761,142.944,240.292,181,103.333,206.838,267.899,2430,2430,27.0022,0,0,0,0,0,0,0,0,130.67,0,0,0,0,0,2922,57,98.0866,0,13029,155.185
b1_cf_wb_064mb_r01,b1_natural_flush_counterfactual,35,35.0372,166527,66.3264,18,8881.55,19103.1,19103.1,24,12242.8,18668.6,18755.8,501,5118.74,18816.8,19190.1,394,4734.31,19058,19390.2,13.2081,611.018,1236,39.463,139.859,209.478,176,104.626,185.199,279.473,2349,2349,28.0022,0,0,0,0,0,0,0,0,130.67,0,0,0,0,0,2842,47,98.3731,0,13205,155.537
b1_cf_wb_064mb_r01,b1_natural_flush_counterfactual,36,36.0379,168685,67.1859,8,10628.6,19687.9,19687.9,27,4838.97,19193.3,19538.3,497,4806.43,19126.5,19671.2,349,9200.63,19302.5,19863.1,10.8711,885.454,1108,36.775,137.553,217.05,169,98.316,167.128,293.925,2158,2158,28.0022,0,0,0,0,0,0,0,0,130.67,0,0,0,0,0,2512,38,98.5098,0,13374,155.855
b1_cf_wb_064mb_r01,b1_natural_flush_counterfactual,37,37.0386,170777,68.0191,21,4739.76,19386.2,19442,22,4890.33,19237,19594.3,461,7547.76,19408.4,21000.1,356,6875.76,19846.9,21202.9,10.3146,886.278,1054,34.334,140.987,231.892,178,101.561,251.951,292.174,2092,2092,28.0022,0,0,0,0,0,0,0,0,130.67,0,0,0,0,0,2594,38,98.5562,0,13552,156.157
b1_cf_wb_064mb_r01,b1_natural_flush_counterfactual,38,38.0392,172868,68.852,11,10139.5,20276.3,20276.3,21,4642.5,19433.8,19654.1,454,10588.7,20000.9,21393.9,306,7344.79,20117.8,20445.7,12.3529,820.348,1106,47.15,142.593,223.335,193,100.345,217.289,285.396,2091,2091,28.0022,0,0,0,0,0,0,0,0,130.67,0,0,0,0,0,2264,46,98.0087,0,13745,156.474
b1_cf_wb_064mb_r01,b1_natural_flush_counterfactual,39,39.0399,174942,69.678,12,14608.4,20093.7,20093.7,18,3152.09,20216.1,20216.1,474,5415.85,20275.4,20741.8,321,11719.6,20466.3,21027.6,11.8692,854.593,1077,43.939,139.557,307.832,172,97.755,248.548,987.201,2074,2074,29.0022,0,0,0,0,0,0,0,0,130.67,0,0,0,0,0,2418,33,98.6536,0,13917,156.782
b1_cf_wb_064mb_r01,b1_natural_flush_counterfactual,40,40.0406,176577,70.3292,11,14681.5,20478.3,20478.3,21,2535.09,20444.3,20832.6,378,16281.8,21050.1,34950.6,242,14821.9,21038.3,25603.2,10.9215,1033.9,854,53.197,156.464,225.185,129,114.253,198.652,331.094,1635,1635,29.0022,0,0,0,0,0,0,0,0,130.67,0,0,0,0,0,1816,28,98.4816,0,14046,157.026
b1_cf_wb_064mb_r01,b1_natural_flush_counterfactual,41,41.0412,178211,70.98,11,9928.45,20933.6,20933.6,19,14380.5,22756.9,22756.9,370,14292.3,21438.8,23773.5,247,14151.8,21683.5,24970.1,9.23077,1330.77,833,55.05,171.895,313.404,154,103.319,286.954,380.195,1634,1634,29.0022,0,0,0,0,0,0,0,0,130.67,0,0,0,0,0,1889,25,98.6938,0,14200,157.265
b1_cf_wb_064mb_r01,b1_natural_flush_counterfactual,42,42.0418,179881,71.6452,6,12657.5,20908.3,20908.3,21,5033.48,21203.5,21755.4,392,13000.8,21745.4,30461.7,255,16916,21968.9,24897.3,10.1647,1223.83,865,56.297,193.187,333.232,131,117.055,264.034,505.091,1670,1670,30.0022,0,0,0,0,0,0,0,0,130.67,0,0,0,0,0,1950,29,98.5346,0,14331,157.511
b1_cf_wb_064mb_r01,b1_natural_flush_counterfactual,43,43.0424,181755,72.3916,15,7217.48,21993.2,21993.2,21,15164.5,21353.4,22273.4,397,11546,21746.1,24965.9,293,11959.1,22029.9,22896.9,9.82935,1125.94,996,54.932,167.259,288.425,152,122.605,319.18,435.861,1874,1874,30.0022,0,0,0,0,0,0,0,0,130.67,0,0,0,0,0,2193,38,98.2967,0,14483,157.795
b1_cf_wb_064mb_r01,b1_natural_flush_counterfactual,44,44.0431,183623,73.1356,16,8515.39,21657,21657,21,25.976,21654.6,22288,366,15627.9,22184.2,25281.4,289,15716.9,22056.1,25461.7,10.1869,1126.91,1041,49.664,146.007,243.752,135,110.303,234.116,6991.39,1868,1868,30.0022,0,0,0,0,0,0,0,0,130.67,0,0,0,0,0,2179,37,98.3303,0,14618,158.091
b1_cf_wb_064mb_r01,b1_natural_flush_counterfactual,45,45.0437,185513,73.8884,10,16357.2,19941.8,19941.8,20,13732.7,22699.8,22699.8,425,5441.22,22572,22825.8,308,15160.1,22482.4,22921.8,10.4545,1078.62,974,51.634,147.069,248.061,153,109.846,245.184,322.135,1890,1890,31.0022,0,0,0,0,0,0,0,0,130.67,0,0,0,0,0,2332,42,98.2308,0,14771,158.369
b1_cf_wb_064mb_r01,b1_natural_flush_counterfactual,46,46.044,187102,74.5213,11,12594.7,23182.4,23182.4,17,20800.5,23290.2,23290.2,358,17109.2,22792.6,23350.5,262,14909.7,23118,23394.9,9.35496,1276.5,813,54.522,161.568,237.127,128,119.68,238.61,364.142,1589,1589,31.0022,0,0,0,0,0,0,0,0,130.67,0,0,0,0,0,2014,32,98.436,0,14899,158.601
b1_cf_wb_064mb_r01,b1_natural_flush_counterfactual,47,47.0448,188670,75.1458,10,22601.3,23562.3,23562.3,20,18235.1,23870.6,23870.6,352,15139.2,23075.8,23842,253,15219.4,23128.3,23729.3,10.249,1186.4,798,54.401,175.816,295.985,135,114.891,267.013,336.857,1568,1568,31.0022,0,0,0,0,0,0,0,0,130.67,0,0,0,0,0,2016,24,98.8235,0,15034,158.829
b1_cf_wb_064mb_r01,b1_natural_flush_counterfactual,48,48.0452,190260,75.7791,14,21458.8,23144.9,23144.9,24,8394.54,23227.9,23247.4,357,10035.5,23318.4,24153.2,282,15327.3,23292.2,24337.7,10.8262,1134.54,785,58.071,170.436,251.635,128,117.89,241.424,410.202,1590,1590,31.0022,0,0,0,0,0,0,0,0,130.67,0,0,0,0,0,2170,21,99.0415,0,15162,159.053
b1_cf_wb_064mb_r01,b1_natural_flush_counterfactual,49,49.0458,191816,76.3988,15,10931.9,23477.6,23477.6,16,8420,23280.9,23280.9,337,15228,24162.9,26361.3,264,14763.8,24179.6,25801.3,11.7727,1076.48,797,45.416,145.045,202.964,127,107.158,210.385,317.266,1556,1556,32.0022,0,0,0,0,0,0,0,0,130.67,0,0,0,0,0,2006,26,98.7205,0,15289,159.281
b1_cf_wb_064mb_r01,b1_natural_flush_counterfactual,50,50.0463,193453,77.0508,16,14.319,25891.6,25891.6,19,18813.5,25954.1,25954.1,354,15897.9,23706.4,24597,264,15870.6,23842.2,24797.2,8.42045,1440.81,862,54.149,155.675,238.328,122,115.95,211.66,254.372,1637,1637,32.0022,0,0,0,0,0,0,0,0,130.67,0,0,0,0,0,1985,27,98.6581,0,15411,159.527
b1_cf_wb_064mb_r01,b1_natural_flush_counterfactual,51,51.0466,195014,77.6725,8,12279.6,24013.6,24013.6,10,20913.6,24344.1,24344.1,378,14303.2,24685.5,27080.8,253,12908.2,24259.3,27161.9,10.2609,1200.59,788,54.634,160.419,333.427,124,105.703,231.132,535.577,1561,1561,33.0022,0,0,0,0,0,0,0,0,130.67,0,0,0,0,0,1920,35,98.2097,0,15535,159.752
b1_cf_wb_064mb_r01,b1_natural_flush_counterfactual,52,52.0472,196545,78.2823,13,19510.1,24435.2,24435.2,17,21569.3,24772.7,24772.7,311,14981.6,24564.5,25350.2,255,14340,24519.2,24982.5,10.9176,1155.04,805,49.122,143.283,233.195,130,113.398,220.113,257.569,1531,1531,33.0022,0,0,0,0,0,0,0,0,130.67,0,0,0,0,0,2064,31,98.5203,0,15665,159.982
b1_cf_wb_064mb_r01,b1_natural_flush_counterfactual,53,53.0478,197986,78.8563,9,15776.2,24893,24893,8,19306.6,24415.9,24415.9,325,14649,24761.4,26211.5,254,17662.9,25070.8,26472.9,11.4449,1259.46,740,56.059,173.878,277.806,105,109.23,214.711,259.722,1441,1441,33.0022,0,0,0,0,0,0,0,0,130.67,0,0,0,0,0,1988,24,98.8072,0,15770,160.192
b1_cf_wb_064mb_r01,b1_natural_flush_counterfactual,54,54.0485,199436,79.4338,12,13627.8,24786.4,24786.4,14,3129.51,24754.4,24754.4,327,16320.5,24833.8,25924,232,16484.1,25049.8,26098.5,9.5819,1424.04,757,51.71,140.738,230.894,108,104.503,208.855,274.538,1450,1450,33.0022,0,0,0,0,0,0,0,0,130.67,0,0,0,0,0,1802,26,98.5777,0,15878,160.407
b1_cf_wb_064mb_r01,b1_natural_flush_counterfactual,55,55.0488,201070,80.0846,6,6832.19,24826.9,24826.9,12,23438.6,26221.9,26221.9,356,13440.2,25929.2,26458.1,254,12553.4,25631.5,27080.6,8.54331,1424.29,868,47.53,141.595,246.79,138,99.532,183.602,247.544,1634,1634,34.0022,0,0,0,0,0,0,0,0,130.67,0,0,0,0,0,1952,20,98.9858,0,16016,160.656
b1_cf_wb_064mb_r01,b1_natural_flush_counterfactual,56,56.0494,202494,80.6518,20,20387.7,26604.7,26604.7,19,11502.5,25416.7,25416.7,312,18677.3,25544.7,26456.6,204,19898.5,25602.4,26815.1,9.06373,1617.13,758,52.128,170.863,285.916,111,115.906,286.664,8404.09,1424,1424,34.0022,0,0,0,0,0,0,0,0,130.67,0,0,0,0,0,1608,32,98.0488,0,16127,160.872
b1_cf_wb_064mb_r01,b1_natural_flush_counterfactual,57,57.0501,204013,81.2568,4,6405.89,11551.1,11551.1,18,17866,25716.9,25716.9,362,11640.4,26183.9,41018.5,243,13819.2,26470,41114.6,8.90947,1471.96,777,53.25,146.634,313.405,115,115.078,316.892,575.943,1519,1519,34.0022,0,0,0,0,0,0,0,0,130.67,0,0,0,0,0,1942,25,98.729,0,16242,161.093
b1_cf_wb_064mb_r01,b1_natural_flush_counterfactual,58,58.0507,205435,81.8231,13,23475.8,34150.5,34150.5,15,8954.13,25920.1,25920.1,318,14132.3,28613,38867.5,228,14653.5,27598,34288.3,7.61404,1845.46,726,53.832,196.798,304.754,122,119.197,263.047,350.58,1422,1422,34.0022,0,0,0,0,0,0,0,0,130.67,0,0,0,0,0,1745,24,98.6433,0,16364,161.3
b1_cf_wb_064mb_r01,b1_natural_flush_counterfactual,59,59.0512,206920,82.4146,4,15247.1,27141,27141,20,15465,27728.2,27728.2,337,15285.4,27191.2,36986,242,15442.1,27429.6,28318,8.47107,1587.58,768,48.709,162.685,311.942,114,115.743,240.281,1373.93,1485,1485,34.0022,0,0,0,0,0,0,0,0,130.67,0,0,0,0,0,1986,21,98.9537,0,16478,161.52
b1_cf_wb_064mb_r01,b1_natural_flush_counterfactual,60,60.0517,208466,83.0304,9,6667.64,26391.1,26391.1,18,19389.3,27309,27309,333,14035.1,27645.4,36715.3,229,14942.6,27503.9,28489.9,9.0917,1498.99,829,46.782,133.55,222.558,128,107.353,211.35,299.951,1546,1546,35.0022,0,0,0,0,0,0,0,0,130.67,0,0,0,0,0,1811,21,98.8537,0,16606,161.756
b1_cf_wb_064mb_r01,b1_natural_flush_counterfactual,61,61.0523,209887,83.5963,8,19534.3,26845.7,26845.7,16,14319.8,28653.7,28653.7,322,16033.4,27673.4,29092.3,240,14634.6,27859,28490.9,7.83333,1688.51,717,52.025,154.129,262.167,118,119.578,286.318,428.419,1421,1421,35.0022,0,0,0,0,0,0,0,0,130.67,0,0,0,0,0,1976,27,98.652,0,16724,161.962
b1_cf_wb_064mb_r01,b1_natural_flush_counterfactual,62,62.0528,211267,84.146,9,15783.3,27890.8,27890.8,15,12900.5,27557.8,27557.8,317,14605.8,27425.2,28043.2,203,15217.8,27583.9,28053.6,9.15271,1619.26,722,50.046,139.437,208.699,114,102.087,220.264,314.654,1380,1380,35.0022,0,0,0,0,0,0,0,0,130.67,0,0,0,0,0,1593,31,98.0911,0,16838,162.169
b1_cf_wb_064mb_r01,b1_natural_flush_counterfactual,63,63.0533,212660,84.7008,7,31.498,27467.7,27467.7,18,23535,28262.7,28262.7,339,17123.1,28048.4,28868.8,195,15886.8,28228.2,30924.3,9.2,1582.23,732,56.077,139.038,217.945,102,99.946,163.975,288.894,1393,1393,35.0022,0,0,0,0,0,0,0,0,130.67,0,0,0,0,0,1536,21,98.6513,0,16940,162.377
b1_cf_wb_064mb_r01,b1_natural_flush_counterfactual,64,64.0539,213983,85.2277,4,18436.3,28238.9,28238.9,19,27633.4,35658.4,35658.4,284,15295,32914.1,35743.3,235,15633.3,34961.6,38201.9,8.52766,1712.7,682,48.735,160.07,353.138,99,121.881,283.732,352.086,1323,1323,35.0022,0,0,0,0,0,0,0,0,130.67,0,0,0,0,0,1860,23,98.7785,0,17039,162.572
b1_cf_wb_064mb_r01,b1_natural_flush_counterfactual,65,65.0545,215357,85.775,6,18082.9,34858.9,34858.9,14,13033.2,35845.9,35845.9,310,15261.3,29683.7,35429.4,233,15166.9,29463.3,35187.3,9.12876,1544.17,701,47.76,130.985,257.74,110,108.493,234.049,270.504,1374,1374,36.0022,0,0,0,0,0,0,0,0,130.67,0,0,0,0,0,1825,21,98.8624,0,17149,162.772
b1_cf_wb_064mb_r01,b1_natural_flush_counterfactual,66,66.0551,216686,86.3043,11,14088.9,36799,36799,16,21216,39296.9,39296.9,283,15955.9,30803.3,39500.4,198,21159.9,35114.6,39719.9,8.71212,1890.02,731,48.999,143.451,219.565,90,115.153,195.624,318.918,1329,1329,36.0022,0,0,0,0,0,0,0,0,130.67,0,0,0,0,0,1645,24,98.562,0,17239,162.981
b1_cf_wb_064mb_r01,b1_natural_flush_counterfactual,67,67.0558,217730,86.7201,8,20956.9,37201.7,37201.7,10,17278.7,40077.5,40077.5,245,19371.1,37843.3,42036.6,153,18175.4,37764.9,41327.9,8.20261,2284.89,530,44.869,207.201,367.504,98,112.939,233.765,1448.52,1044,1044,36.0022,0,0,0,0,0,0,0,0,130.67,0,0,0,0,0,1232,17,98.6389,0,17337,163.133
b1_cf_wb_064mb_r01,b1_natural_flush_counterfactual,68,68.0563,218913,87.1913,8,19307.8,54753.1,54753.1,12,20234.3,37142.4,37142.4,258,19929.3,45944.1,56425.4,184,19674.7,42863.6,55627.9,7.86957,2207.75,613,54.447,180.976,371.473,108,100.504,309.514,402.04,1183,1183,36.0022,0,0,0,0,0,0,0,0,130.67,0,0,0,0,0,1484,17,98.8674,0,17445,163.309
b1_cf_wb_064mb_r01,b1_natural_flush_counterfactual,69,69.0567,220221,87.7123,12,15675.4,34558.6,34558.6,4,62.266,37694.7,37694.7,285,14577.8,39250.6,44220.8,206,15658.5,40129,44460.8,8.08252,1960.97,700,46.911,153.5,284.605,101,95.955,193.415,1357.42,1308,1308,36.0022,0,0,0,0,0,0,0,0,130.67,0,0,0,0,0,1695,22,98.7187,0,17546,163.508
b1_cf_wb_064mb_r01,b1_natural_flush_counterfactual,70,70.0572,221522,88.2305,10,11747.2,35378.1,35378.1,21,15721.7,38148,39020,274,12426.7,38205.9,41970.7,209,13014.9,39389.2,52325,7.84211,2034.89,685,33.538,119.274,223.745,102,91.862,194.607,251.344,1301,1301,37.0022,0,0,0,0,0,0,0,0,130.67,0,0,0,0,0,1707,21,98.7847,0,17648,163.704
b1_cf_wb_064mb_r01,b1_natural_flush_counterfactual,71,71.0579,223023,88.8283,7,21221.5,38971.1,38971.1,16,15673.6,38161.3,38161.3,306,11350.2,39540.3,39819.3,252,11784,39640.4,44606.2,8.88492,1546.33,811,31.269,108.204,190.198,109,88.267,216.886,381.984,1501,1501,37.0022,0,0,0,0,0,0,0,0,130.67,0,0,0,0,0,2000,23,98.8631,0,17757,163.936
b1_cf_wb_064mb_r01,b1_natural_flush_counterfactual,72,72.0585,224383,89.37,15,18947.5,39373.8,39373.8,20,13812.6,42167.2,42167.2,300,11956.7,38600.4,40631.3,224,11593.3,35741.9,39885.6,8.08036,1755.65,674,34.289,138.19,665.643,127,88.712,516.613,957.274,1360,1360,37.0022,0,0,0,0,0,0,0,0,130.67,0,0,0,0,0,1840,21,98.8716,0,17884,164.13
b1_cf_wb_064mb_r01,b1_natural_flush_counterfactual,73,73.0591,225813,89.9395,12,8233.28,33790.9,33790.9,18,11686.7,34505,34505,311,11937,37420.9,41583.6,223,11824.6,39103.4,41802.5,8.73094,1651.21,751,38.826,151.648,807.758,115,89.647,275.661,908.402,1430,1430,37.0022,0,0,0,0,0,0,0,0,130.67,0,0,0,0,0,1768,20,98.8814,0,17999,164.344
b1_cf_wb_064mb_r01,b1_natural_flush_counterfactual,74,74.0597,226934,90.386,3,9585.4,11545.4,11545.4,12,24710.8,44141.8,44141.8,251,14575,40829.9,46770.9,176,13588.3,41200.6,48755.9,9.30114,1950.99,584,31.351,96.008,213.625,95,84.347,198.096,462.233,1121,1121,37.0022,0,0,0,0,0,0,0,0,130.67,0,0,0,0,0,1337,12,99.1105,0,18094,164.512
b1_cf_wb_064mb_r01,b1_natural_flush_counterfactual,75,75.06,228190,90.8863,8,5581.41,37804.2,37804.2,28,15089.8,36831,41345.1,286,12117.6,40763.2,55801.3,227,12522.4,40955.6,53787.8,7.06608,2123.85,620,35.366,125.725,515.027,87,92.531,173.446,2417.16,1256,1256,38.0022,0,0,0,0,0,0,0,0,130.67,0,0,0,0,0,1848,29,98.455,0,18181,164.69
b1_cf_wb_064mb_r01,b1_natural_flush_counterfactual,76,76.0606,229588,91.4431,8,16.543,23298.3,23298.3,17,9867.44,49454.3,49454.3,294,13079.4,39658.9,46080.6,198,12687.1,39394.7,46628.5,6.78788,2258.38,761,33.021,121.961,245.891,120,92.566,271.032,1123.51,1398,1398,38.0022,0,0,0,0,0,0,0,0,130.67,0,0,0,0,0,1652,24,98.568,0,18301,164.908
b1_cf_wb_064mb_r01,b1_natural_flush_counterfactual,77,77.0612,231063,92.0306,7,15.619,27902.7,27902.7,12,12769.9,40215.7,40215.7,328,10938.9,40173.1,41486.5,240,11082.1,40578.2,42658.5,8.30833,1643.24,795,38.54,147.753,538.852,93,101.382,254.96,829.162,1475,1475,38.0022,0,0,0,0,0,0,0,0,130.67,0,0,0,0,0,1990,32,98.4174,0,18394,165.133
b1_cf_wb_064mb_r01,b1_natural_flush_counterfactual,78,78.0618,232487,92.5977,9,12487.4,40610.1,40610.1,20,12125.1,34475.2,34475.2,301,11842.5,39779,41032.1,231,11752.4,40313.3,41058.2,8.32468,1657.12,769,33.359,126.539,397.129,94,99.46,360.051,1870.12,1424,1424,38.0022,0,0,0,0,0,0,0,0,130.67,0,0,0,0,0,1881,15,99.2089,0,18488,165.352
b1_cf_wb_064mb_r01,b1_natural_flush_counterfactual,79,79.0624,233891,93.1569,11,11263.2,43091.7,43091.7,17,12119.8,50390.9,50390.9,303,11272,40210.6,44304.2,210,15745.8,41836.4,43984.6,7.86667,2181.23,748,30.849,107.08,251.692,115,81.08,207.515,1244.17,1404,1404,38.0022,0,0,0,0,0,0,0,0,130.67,0,0,0,0,0,1743,17,99.0341,0,18603,165.567
b1_cf_wb_064mb_r01,b1_natural_flush_counterfactual,80,80.0631,235029,93.6102,12,14429.7,40651.6,40651.6,9,11969,49996.6,49996.6,228,17736.8,41020.6,54132.7,194,17855.4,41458.7,53108.8,8.43814,2098.97,593,31.072,108.133,185.015,102,83.227,167.311,217.114,1138,1138,38.0022,0,0,0,0,0,0,0,0,130.67,0,0,0,0,0,1518,12,99.2157,0,18705,165.738
b1_cf_wb_064mb_r01,b1_natural_flush_counterfactual,81,81.0636,236369,94.1439,6,17727.1,44312.2,44312.2,14,12758,35202.6,35202.6,318,12559.8,41642.3,44381.1,207,12357,35972.1,42692,7.74396,1839.67,688,29.569,105.533,150.176,107,79.388,196.077,465.958,1340,1340,39.0023,0,0,0,0,0,0,0,0,130.67,0,0,0,0,0,1688,17,99.0029,0,18812,165.936
b1_cf_wb_064mb_r01,b1_natural_flush_counterfactual,82,82.0642,237638,94.6493,7,12655.4,29114.9,29114.9,17,12159.3,38486.8,38486.8,274,12619.4,41948.2,49356.8,186,12713,41944.9,49543.6,7.5,2195.52,674,30.303,127.292,248.91,111,89.034,305.104,1569.66,1269,1269,39.0023,0,0,0,0,0,0,0,0,130.67,0,0,0,0,0,1511,17,98.8874,0,18923,166.13
b1_cf_wb_064mb_r01,b1_natural_flush_counterfactual,83,83.0648,238909,95.1556,10,15173.6,46348.8,46348.8,9,22272.6,30078.6,30078.6,288,12450.4,41798.3,45931.8,223,12379.3,41970,45710.4,8.89686,1712.8,655,35.438,140.191,265.859,86,96.343,343.126,707.43,1271,1271,39.0023,0,0,0,0,0,0,0,0,130.67,0,0,0,0,0,1791,25,98.6233,0,19009,166.317
b1_cf_wb_064mb_r01,b1_natural_flush_counterfactual,84,84.0653,240255,95.6917,10,20.036,36654.2,36654.2,21,24312.9,40775.2,40977.3,292,13635.6,40928.2,44398,193,12564.4,41482,46698,9.55959,1607.88,724,35.393,113.778,202.986,106,94.115,243.288,268.985,1346,1346,39.0023,0,0,0,0,0,0,0,0,130.67,0,0,0,0,0,1536,21,98.6513,0,19115,166.524
b1_cf_wb_064mb_r01,b1_natural_flush_counterfactual,85,85.0658,241449,96.1672,11,23324.8,52376.1,52376.1,10,20393.5,29216.7,29216.7,264,12952.7,43653.8,52263.5,186,12793.2,43037,44201.5,7.98925,2061.65,617,34.714,129.771,192.691,106,90.455,206.168,370.892,1194,1194,40.0023,0,0,0,0,0,0,0,0,130.67,0,0,0,0,0,1506,21,98.6248,0,19221,166.701
b1_cf_wb_064mb_r01,b1_natural_flush_counterfactual,86,86.0663,242589,96.6213,6,32743.1,40605.9,40605.9,23,12152.3,40577,44184.8,262,14763.3,42536.4,44383.4,185,12407.5,41196.3,45735.2,7.59459,2138.46,566,34.674,125.994,231.015,98,83.46,233.921,333.725,1140,1140,40.0023,0,0,0,0,0,0,0,0,130.67,0,0,0,0,0,1572,12,99.2424,0,19319,166.864
b1_cf_wb_064mb_r01,b1_natural_flush_counterfactual,87,87.0668,243848,97.1227,9,11121.2,36039.7,36039.7,22,11195.6,44919.8,45680.2,289,13951.6,40173.9,44028.6,202,13157,35161.1,41976.4,6.63861,2247,632,34.152,118.614,166.816,105,85.564,201.706,469.59,1259,1259,40.0023,0,0,0,0,0,0,0,0,130.67,0,0,0,0,0,1708,20,98.8426,0,19424,167.045
b1_cf_wb_064mb_r01,b1_natural_flush_counterfactual,88,88.0674,245026,97.5919,8,16826.9,20595.1,20595.1,12,22389.2,43939.2,43939.2,262,12631.7,43798.6,50608.6,194,12052.1,40582.6,45581.4,8.03093,1905.03,621,33.308,129.61,1118.22,81,97.892,350.833,1226.76,1178,1178,40.0023,0,0,0,0,0,0,0,0,130.67,0,0,0,0,0,1559,19,98.7959,0,19505,167.223
b1_cf_wb_064mb_r01,b1_natural_flush_counterfactual,89,89.0678,246241,98.0759,9,19875.4,42655.2,42655.2,18,19132,48330.8,48330.8,256,13648.9,42590.8,45881.8,166,17620.3,43914.1,46286.7,8.71687,2101.55,657,30.725,112.998,236.793,109,80.839,238.251,1419.2,1215,1215,40.0023,0,0,0,0,0,0,0,0,130.67,0,0,0,0,0,1374,22,98.4241,0,19614,167.411
b1_cf_wb_064mb_r01,b1_natural_flush_counterfactual,90,90.0684,247621,98.6255,9,22306,55231.6,55231.6,15,15661.2,46827.8,46827.8,291,12041.9,43004.7,49815.2,234,11410.9,43676.5,50069.6,6.3547,2257.32,731,35.01,134.52,1014.12,100,85.439,890.164,1100.57,1380,1380,41.0023,0,0,0,0,0,0,0,0,130.67,0,0,0,0,0,1947,19,99.0336,0,19714,167.62
b1_cf_wb_064mb_r01,b1_natural_flush_counterfactual,91,91.0689,248915,99.1409,8,17190.3,28962.9,28962.9,18,9172.56,42022.3,42022.3,258,12925,44633.1,51209.5,230,12115.6,41274.9,45358.3,7.38261,1930.87,674,26.482,119.281,439.563,106,90.654,448.455,1606.3,1294,1294,41.0023,0,0,0,0,0,0,0,0,130.67,0,0,0,0,0,1925,23,98.8193,0,19820,167.814
b1_cf_wb_064mb_r01,b1_natural_flush_counterfactual,92,92.0693,250216,99.6591,5,9.219,20609.3,20609.3,7,18456.3,36560.6,36560.6,277,12233.6,45509.1,48892.8,230,13451.9,43921.2,45858.2,7.33913,2091.52,670,21.923,100.601,154.16,112,76.691,344.4,502.032,1301,1301,41.0023,0,0,0,0,0,0,0,0,130.67,0,0,0,0,0,1910,21,98.9125,0,19932,168.007
b1_cf_wb_064mb_r02,b1_natural_flush_counterfactual,1,1.00015,34032,13.5547,214,121.784,1898.87,2058,382,192.314,1832.65,2102.42,7482,162.159,1912.75,2209.76,5409,254.974,2079.79,2410.31,78.0808,7.4402,17964,22.237,96.305,148.103,2596,57.389,145.621,210.003,34047,34047,6.002,0,0,0,0,0,0,0,0,130.686,0,0,0,0,0,26354,22640,53.7903,0,2593,135.861
b1_cf_wb_064mb_r02,b1_natural_flush_counterfactual,2,2.00332,47101,18.76,77,729.681,3143.03,3546.41,152,816.164,3201.26,3287.98,2945,849.089,3158.8,3385.04,2081,928.28,3300.74,3552.01,54.8832,27.318,6720,40.978,126.071,214.448,1079,88.928,188.469,252.667,13054,13054,8.00201,0,0,0,0,0,0,0,0,130.686,0,0,0,0,0,13984,2222,86.289,0,3675,137.778
b1_cf_wb_064mb_r02,b1_natural_flush_counterfactual,3,3.00483,56815,22.629,74,919.534,4130.57,5961.82,120,1031.75,4227.39,4337.01,2143,1121.81,4134.78,5375.35,1526,1226.23,4295,4536.85,44.8598,44.5094,5024,41.587,133.116,222.901,828,99.651,200.77,327.2,9715,9715,10.002,0,0,0,0,0,0,0,0,130.686,0,0,0,0,0,10276,963,91.4316,0,4502,139.218
b1_cf_wb_064mb_r02,b1_natural_flush_counterfactual,4,4.00622,65126,25.9392,61,1229.68,4947.61,5148.75,95,1424.68,5118.71,5821.85,1787,1476.33,4944.48,5312.74,1338,1490.18,5066.38,5348.76,40.2571,59.4367,4398,39.398,126.821,195.279,637,97.627,187.89,252.298,8316,8316,11.002,0,0,0,0,0,0,0,0,130.686,0,0,0,0,0,9005,607,93.685,0,5139,140.475
b1_cf_wb_064mb_r02,b1_natural_flush_counterfactual,5,5.00772,72544,28.8937,44,1727.73,5629.93,5986.67,81,1413.99,5739.24,6422.46,1552,1593.31,5680.86,5909.87,1207,1711.16,5839.97,6101.87,37.1839,72.93,3943,38.664,120.214,195.702,584,93.768,191.062,341.95,7411,7411,12.002,0,0,0,0,0,0,0,0,130.686,0,0,0,0,0,8209,418,95.1547,0,5724,141.599
b1_cf_wb_064mb_r02,b1_natural_flush_counterfactual,6,6.00928,78654,31.3273,35,1547.36,6419.11,6434.94,82,2204.88,6747.76,17950.9,1351,1878.95,6382.77,7298.96,955,1954.69,6562.31,7041.94,32.8398,98.8295,3190,42.67,130.852,211.432,503,98.367,216.309,303.081,6116,6116,13.0021,0,0,0,0,0,0,0,0,130.686,0,0,0,0,0,6474,283,95.8118,0,6226,142.513
b1_cf_wb_064mb_r02,b1_natural_flush_counterfactual,7,7.01068,84403,33.6171,27,1661.15,6870.7,6991.2,74,1785.18,7021.05,7591.95,1352,1850.97,7059,7447.11,860,2077.14,7257.2,7968.66,31.6616,111.303,2949,38.83,125.995,226.307,481,98.435,212.71,269.939,5743,5743,14.0021,0,0,0,0,0,0,0,0,130.686,0,0,0,0,0,5991,238,96.1792,0,6708,143.361
b1_cf_wb_064mb_r02,b1_natural_flush_counterfactual,8,8.01198,89733,35.7399,32,2024.54,7598.54,7673.85,59,1916.9,7813.43,7998.93,1170,2046.27,7667.36,7818.4,840,2270.46,7848.5,8003.42,27.8845,139.112,2790,46.809,132.879,206.686,439,100.349,187.706,256.127,5330,5330,15.0021,0,0,0,0,0,0,0,0,130.686,0,0,0,0,0,5732,219,96.3199,0,7147,144.155
b1_cf_wb_064mb_r02,b1_natural_flush_counterfactual,9,9.01325,94775,37.7481,36,1967.29,8397.64,13052.9,67,1973.85,8427.24,8482.67,1135,2265.95,8350.28,9567.99,812,2403.28,8522.3,9651.45,26.8966,146.985,2572,39.903,128.422,239.846,420,91.819,225.177,325.842,5042,5042,16.0021,0,0,0,0,0,0,0,0,130.686,0,0,0,0,0,5584,199,96.5589,0,7567,144.892
b1_cf_wb_064mb_r02,b1_natural_flush_counterfactual,10,10.0145,99411,39.5946,27,1969.3,8859.73,8964.58,52,2260.61,8853.36,9468.04,1047,2368.59,8931.63,9326.24,769,2471.87,9045.37,9551.18,23.5319,177.493,2381,42.747,134.51,226.948,360,103.635,210.814,243.868,4636,4636,16.0021,0,0,0,0,0,0,0,0,130.686,0,0,0,0,0,5157,157,97.0455,0,7927,145.571
b1_cf_wb_064mb_r02,b1_natural_flush_counterfactual,11,11.0155,103813,41.3479,37,5721.04,9744.46,10926.8,45,2472.55,9298.16,11206.4,976,2441.02,9490.88,10940.6,690,2510.16,9643.25,11171.2,24.3725,180.645,2291,33.91,117.227,186.787,363,88.416,179.781,225.342,4402,4402,17.0021,0,0,0,0,0,0,0,0,130.686,0,0,0,0,0,4613,132,97.2181,0,8290,146.229
b1_cf_wb_064mb_r02,b1_natural_flush_counterfactual,12,12.0166,107822,42.9447,16,7525.35,11201.5,11201.5,38,7928.82,10073.7,10150.9,900,2781.26,10038.2,10994.7,624,2806.24,10122.8,10559.7,19.859,249.259,2124,40.358,129.588,225.66,319,106.055,230.668,313.297,4021,4021,17.0021,0,0,0,0,0,0,0,0,130.686,0,0,0,0,0,4192,121,97.1945,0,8608,146.835
b1_cf_wb_064mb_r02,b1_natural_flush_counterfactual,13,13.0176,111660,44.4733,30,2565.06,10377.9,10520.2,27,2412.66,10523.3,10671.6,798,2935.92,10522.8,10993.5,641,2953.34,10692.2,11117.1,22.1576,236.663,2025,38.23,112.155,219.367,305,87.803,185.959,336.287,3826,3826,18.0021,0,0,0,0,0,0,0,0,130.686,0,0,0,0,0,4275,110,97.4914,0,8914,147.415
b1_cf_wb_064mb_r02,b1_natural_flush_counterfactual,14,14.0185,115639,46.0581,33,2882.49,11265.8,11403.6,43,2885.61,11716.2,12059.9,890,2795.41,11185.2,11920.2,668,2790.23,11404.7,12421.6,21.3832,222.03,2045,38.565,133.328,209.273,300,94.059,186.283,257.758,3979,3979,19.0021,0,0,0,0,0,0,0,0,130.686,0,0,0,0,0,4641,106,97.767,0,9214,147.999
b1_cf_wb_064mb_r02,b1_natural_flush_counterfactual,15,15.0196,118697,47.2761,15,3714.57,11503.7,11503.7,25,6464.43,11799.1,12160.4,642,6422.07,12100.6,21212,487,8995.15,13087.3,21464.8,22.3511,315.8,1618,55.522,181.145,352.515,271,110.486,314.165,481.301,3058,3058,19.0021,0,0,0,0,0,0,0,0,130.686,0,0,0,0,0,3346,68,98.0082,0,9485,148.461
b1_cf_wb_064mb_r02,b1_natural_flush_counterfactual,16,16.0203,121640,48.4483,22,11449.5,11969.9,12077.7,32,8114.48,12146.5,12206.1,703,9979.61,12151.6,21344.8,456,8068.74,12374.4,21631.9,19.2083,329.51,1502,62.721,210.77,297.819,228,129.815,378.955,459.148,2943,2943,19.0021,0,0,0,0,0,0,0,0,130.686,0,0,0,0,0,3144,83,97.428,0,9713,148.887
b1_cf_wb_064mb_r02,b1_natural_flush_counterfactual,17,17.021,124569,49.6149,17,38.914,12574.2,12574.2,44,11956,17630,22557.5,654,5636.73,13593.9,22223.2,472,5132.11,13073.9,22252,17.8432,371.923,1536,56.171,173.7,263.099,206,119.176,233.308,290.314,2929,2929,20.0021,0,0,0,0,0,0,0,0,130.686,0,0,0,0,0,3306,79,97.6662,0,9919,149.323
b1_cf_wb_064mb_r02,b1_natural_flush_counterfactual,18,18.0218,127134,50.6365,23,8523.23,12730.1,12756.3,23,12592.9,12859.7,15621,545,12302.2,12891.3,22614.5,405,12462.9,15383.5,22644.2,17.9457,459.436,1352,59.431,200.474,312.772,217,133.641,306.948,373.357,2565,2565,20.0021,0,0,0,0,0,0,0,0,130.686,0,0,0,0,0,2816,48,98.324,0,10136,149.708
b1_cf_wb_064mb_r02,b1_natural_flush_counterfactual,19,19.0226,129712,51.6633,22,8114.53,13045.1,13141.8,28,12266.8,14712.8,22802.7,583,9590.35,13431.4,23511.2,405,12014.9,15606,23820.2,17.1852,472.144,1358,57.021,196.151,280.331,182,118.379,284.938,419.183,2578,2578,21.0021,0,0,0,0,0,0,0,0,130.686,0,0,0,0,0,2836,54,98.1315,0,10318,150.094
b1_cf_wb_064mb_r02,b1_natural_flush_counterfactual,20,20.0233,132205,52.6562,20,10874.7,23874.5,23874.5,27,12999.4,15533.3,17568.8,545,10914.4,19840.4,23879.9,354,9482.04,18985.3,24293.4,16.4266,478.548,1349,56.831,192.031,307.309,200,121.414,296.36,395.56,2495,2495,21.0021,0,0,0,0,0,0,0,0,130.686,0,0,0,0,0,2479,67,97.3684,0,10518,150.477
b1_cf_wb_064mb_r02,b1_natural_flush_counterfactual,21,21.0243,134376,53.5209,13,13543.3,24027.5,24027.5,28,13590.5,24320.3,24715.7,496,12505.6,18704.9,24894.3,334,12635.6,18909.7,24713.5,16.2186,569.849,1119,58.569,196.263,285.549,179,126.278,271.639,338.568,2169,2169,21.0021,0,0,0,0,0,0,0,0,130.686,0,0,0,0,0,2306,32,98.6313,0,10697,150.796
b1_cf_wb_064mb_r02,b1_natural_flush_counterfactual,22,22.0252,136647,54.4254,18,14078.9,21747.9,21747.9,21,13719.7,24117.3,24717.5,487,13660.9,15175.6,24936.5,367,12552.6,17181.4,25127.5,14.0736,606.147,1186,64.689,238.092,320.928,192,133.754,292.77,417.739,2271,2271,22.0021,0,0,0,0,0,0,0,0,130.686,0,0,0,0,0,2507,48,98.1213,0,10889,151.134
b1_cf_wb_064mb_r02,b1_natural_flush_counterfactual,23,23.0259,138830,55.2949,15,14270.8,25497.5,25497.5,26,12823.6,23199,25874.9,481,12685.6,20368,25930.1,351,12837.5,25303.1,26138,15.8803,564.791,1128,59.817,192.227,312.464,182,122.088,310.591,368.007,2183,2183,22.0021,0,0,0,0,0,0,0,0,130.686,0,0,0,0,0,2435,44,98.2251,0,11071,151.455
b1_cf_wb_064mb_r02,b1_natural_flush_counterfactual,24,24.0266,141138,56.2142,15,733.564,26417,26417,25,14317.2,14993.7,22267.6,556,7773.37,14952.3,25802.3,359,12120,15154.7,26082.7,15.5487,573.797,1181,54.857,185.894,269.495,172,121.002,222.809,335.887,2308,2308,22.0021,0,0,0,0,0,0,0,0,130.686,0,0,0,0,0,2624,46,98.2772,0,11243,151.791
b1_cf_wb_064mb_r02,b1_natural_flush_counterfactual,25,25.0273,143700,57.2346,17,3815.12,15074,15074,31,3713.18,15256.5,15277.2,600,3930.92,17742.4,26151.5,397,7116.26,22645.7,25585,15.7254,517.807,1308,48.094,165.94,278.702,209,110.303,208.901,275.985,2562,2562,23.0021,0,0,0,0,0,0,0,0,130.686,0,0,0,0,0,2738,60,97.8556,0,11452,152.165
b1_cf_wb_064mb_r02,b1_natural_flush_counterfactual,26,26.028,146423,58.3191,28,7191.07,15443.7,17636.4,27,266.419,15526.3,25872.5,578,3896.14,21015.1,27332.4,437,3908.83,15926,27261.8,16.5103,431.446,1447,46.482,160.75,229.563,206,102.808,228.556,331.406,2723,2723,23.0021,0,0,0,0,0,0,0,0,130.686,0,0,0,0,0,3082,57,98.1841,0,11658,152.577
b1_cf_wb_064mb_r02,b1_natural_flush_counterfactual,27,27.029,148819,59.2734,14,3638.96,16417.7,16417.7,25,3764.99,16034,16125.2,542,6603.07,22165.9,27447.1,360,8934.62,20827.4,27833.7,13.4722,646.351,1265,39.567,137.713,238.312,190,92.952,227.605,341.358,2396,2396,24.0021,0,0,0,0,0,0,0,0,130.686,0,0,0,0,0,2584,65,97.5462,0,11848,152.939
b1_cf_wb_064mb_r02,b1_natural_flush_counterfactual,28,28.0298,151475,60.3313,15,12651.8,16431,16431,31,4174.36,18839.4,23850.2,612,4031.72,16416.9,25503.5,454,4105.45,16453.5,23911.4,14.8304,443.424,1324,40.358,146.713,260.682,220,100.241,254.091,304.591,2656,2656,24.0021,0,0,0,0,0,0,0,0,130.686,0,0,0,0,0,3188,54,98.3344,0,12068,153.319
b1_cf_wb_064mb_r02,b1_natural_flush_counterfactual,29,29.0306,154468,61.5234,25,5920.95,16641.1,26695.8,38,4293.49,26055.3,27496.3,675,4001.33,16704.7,28633.8,465,4119.17,16891.5,28797.6,13.1161,518.904,1559,31.235,134.913,254.916,231,87.585,194.956,229.378,2993,2993,25.0021,0,0,0,0,0,0,0,0,130.686,0,0,0,0,0,3327,58,98.2866,0,12299,153.765
b1_cf_wb_064mb_r02,b1_natural_flush_counterfactual,30,30.0315,157337,62.6661,20,6885.9,17326.1,17326.1,30,10047.6,19597.4,22132.8,622,4107.39,17262.2,21673,489,4358.69,17478,25710.7,12.8916,549.647,1512,37.695,136.33,197.748,196,95.827,192.291,358.514,2869,2869,25.0021,0,0,0,0,0,0,0,0,130.686,0,0,0,0,0,3441,64,98.174,0,12495,154.195
b1_cf_wb_064mb_r02,b1_natural_flush_counterfactual,31,31.0323,160015,63.7327,15,6679.19,27400.6,27400.6,26,3982.24,17612.5,30017.7,571,4407.12,17616.1,25126.2,425,4620.6,17832.5,27588.5,13.5365,572.008,1437,34.632,124.697,200.322,204,87.016,204.53,318.169,2678,2678,25.0021,0,0,0,0,0,0,0,0,130.686,0,0,0,0,0,3121,39,98.7658,0,12699,154.605
b1_cf_wb_064mb_r02,b1_natural_flush_counterfactual,32,32.0331,162557,64.7452,17,4486.05,18078.9,18078.9,28,4357.19,18021.9,18097.7,552,4377.61,19275,30066.6,415,5722.94,19232.9,31137.5,12.2241,693.401,1315,30.723,126.49,193.787,215,88.204,193.999,277.433,2542,2542,26.0022,0,0,0,0,0,0,0,0,130.686,0,0,0,0,0,3048,44,98.577,0,12914,154.984
b1_cf_wb_064mb_r02,b1_natural_flush_counterfactual,33,33.0339,165546,65.9357,20,4374.51,18387,18387,27,26.982,18559.1,18743.5,608,4416.93,18516.7,21372.2,490,4528.62,18605.3,19280.2,11.498,591.047,1622,31.724,131.866,217.298,222,87.218,200.37,246.293,2989,2989,26.0022,0,0,0,0,0,0,0,0,130.686,0,0,0,0,0,3539,63,98.251,0,13136,155.445
b1_cf_wb_064mb_r02,b1_natural_flush_counterfactual,34,34.0347,168167,66.9796,12,37.245,18744.3,18744.3,25,4546.06,19030.1,22637.3,605,4602.62,18856.8,21052.6,445,4727.8,19025.8,20992.2,11.7124,642.717,1340,34.731,125.324,190.798,201,83.065,163.412,212.017,2628,2628,27.0022,0,0,0,0,0,0,0,0,130.686,0,0,0,0,0,3190,52,98.3961,0,13335,155.829
b1_cf_wb_064mb_r02,b1_natural_flush_counterfactual,35,35.0357,170657,67.9713,19,379.153,21227,21227,30,7067.16,19469.2,20163.6,554,4667.63,19406.6,26627.7,415,4735.87,19490,23400.7,10.0578,746.364,1258,36.163,124.222,215.832,207,88.002,175.571,215.282,2483,2483,27.0022,0,0,0,0,0,0,0,0,130.686,0,0,0,0,0,3038,42,98.6364,0,13544,156.188
b1_cf_wb_064mb_r02,b1_natural_flush_counterfactual,36,36.0364,172995,68.9025,15,7325.59,19909.1,19909.1,22,23.115,19530.6,20641,518,6246.29,19842.9,31637.2,347,6089.77,20006.5,34402.7,12.4726,703.438,1215,35.25,144.235,245.101,221,87.171,198.228,292.706,2338,2338,27.0022,0,0,0,0,0,0,0,0,130.686,0,0,0,0,0,2571,49,98.1298,0,13765,156.537
b1_cf_wb_064mb_r02,b1_natural_flush_counterfactual,37,37.037,175645,69.958,16,4780.11,20267.6,20267.6,26,4715.72,20317.6,20338,594,4779.51,20284.1,25621.9,411,5012.52,20472.1,26008.8,11.1825,724.165,1395,34.251,146.073,245.747,208,89.76,237.05,261.22,2650,2650,28.0022,0,0,0,0,0,0,0,0,130.686,0,0,0,0,0,3071,49,98.4295,0,13973,156.935
b1_cf_wb_064mb_r02,b1_natural_flush_counterfactual,38,38.0378,177867,70.843,15,3086.33,20300.6,20300.6,27,4852.15,20355.4,20630.6,508,5115.61,20786.2,35818.8,325,5143.82,20847.2,35695.9,9.85846,907.431,1153,33.492,143.766,253.962,194,91.348,253.323,319.28,2222,2222,28.0022,0,0,0,0,0,0,0,0,130.686,0,0,0,0,0,2486,29,98.8469,0,14167,157.266
b1_cf_wb_064mb_r02,b1_natural_flush_counterfactual,39,39.0385,180037,71.7073,8,15877.6,21084.7,21084.7,30,5090.77,20717.2,21138.7,510,5142.1,21188.6,28672.3,339,5419.09,21270.8,26116.3,10.5428,885.927,1107,34.949,139.131,218.976,176,88.301,190.998,244.009,2170,2170,29.0022,0,0,0,0,0,0,0,0,130.686,0,0,0,0,0,2587,44,98.3276,0,14343,157.586
b1_cf_wb_064mb_r02,b1_natural_flush_counterfactual,40,40.0393,182596,72.7265,25,5265.36,19012.5,26823.6,30,59.853,21640.2,29261.2,523,5200.25,21803.6,29201.4,402,5236.18,22091.5,31550.1,9.75373,833.205,1386,36.96,127.344,241.539,193,79.34,218.455,337.223,2559,2559,29.0022,0,0,0,0,0,0,0,0,130.686,0,0,0,0,0,2979,54,98.2196,0,14536,157.977
b1_cf_wb_064mb_r02,b1_natural_flush_counterfactual,41,41.0401,185145,73.7418,11,4879.25,22001.3,22001.3,24,37.912,22005.3,22524.1,549,5160.28,22106.7,27652.4,402,5327.94,22559.1,31800.6,9.80597,843.42,1360,31.565,117.483,243.594,203,82.065,225.308,376.162,2549,2549,29.0022,0,0,0,0,0,0,0,0,130.686,0,0,0,0,0,3031,47,98.473,0,14739,158.365
b1_cf_wb_064mb_r02,b1_natural_flush_counterfactual,42,42.0408,187295,74.5981,16,9007.86,22454.1,22454.1,23,5338.6,22313.5,30790,490,5575.96,23511.2,37802.5,344,5567.44,22746.6,29175.7,10.3953,799.728,1094,32.901,122.126,203.915,183,88.766,222.509,353.998,2150,2150,30.0022,0,0,0,0,0,0,0,0,130.686,0,0,0,0,0,2612,42,98.4175,0,14922,158.679
b1_cf_wb_064mb_r02,b1_natural_flush_counterfactual,43,43.0417,189409,75.4401,14,14404.2,23482.5,23482.5,25,5655.17,22883,33869.5,470,5432.86,22978.4,25645.4,370,5667.77,23043.2,34063.9,9.86216,942.293,1068,31.511,126.534,192.396,167,84.364,185.072,246.664,2114,2114,30.0022,0,0,0,0,0,0,0,0,130.686,0,0,0,0,0,2920,30,98.9831,0,15089,158.985
b1_cf_wb_064mb_r02,b1_natural_flush_counterfactual,44,44.0424,191489,76.2686,21,5451.89,23166.6,24851.8,25,7983.85,22908.9,24117.5,470,5719.84,23255.5,24901.4,338,6311.65,24043.2,29781.6,12.2544,794.861,1057,33.522,117.463,252.568,169,88.912,197.896,264.176,2080,2080,30.0022,0,0,0,0,0,0,0,0,130.686,0,0,0,0,0,2597,33,98.7452,0,15258,159.288
b1_cf_wb_064mb_r02,b1_natural_flush_counterfactual,45,45.0433,193513,77.0747,21,5608.04,23496.2,23625.6,27,9579.98,24201.4,34514.7,428,5736.02,23926.2,24399.3,335,5883,23758.1,24431.9,9.01194,1052.49,1053,35.591,138.18,222.959,160,87.561,235.268,288.718,2024,2024,31.0022,0,0,0,0,0,0,0,0,130.686,0,0,0,0,0,2487,31,98.7689,0,15418,159.589
b1_cf_wb_064mb_r02,b1_natural_flush_counterfactual,46,46.044,195682,77.9386,13,6088.13,24208.3,24208.3,16,2268.25,25288,25288,489,5811.57,24493.5,39033.1,349,6002.55,24222.5,35488.3,10.6103,896.602,1136,26.839,127.018,226.652,166,79.926,187.572,308.259,2169,2169,31.0022,0,0,0,0,0,0,0,0,130.686,0,0,0,0,0,2688,37,98.6422,0,15584,159.914
b1_cf_wb_064mb_r02,b1_natural_flush_counterfactual,47,47.0446,197355,78.6049,11,5770.18,24288.7,24288.7,16,5757.46,36364.5,36364.5,363,9012.65,25503.5,38604.5,300,7873.01,28359.7,43156.2,10.3133,1122.93,842,44.081,145.346,239.233,141,100.254,236.875,328.122,1673,1673,31.0022,0,0,0,0,0,0,0,0,130.686,0,0,0,0,0,2391,29,98.8017,0,15725,160.155
b1_cf_wb_064mb_r02,b1_natural_flush_counterfactual,48,48.0451,198807,79.1833,11,16493.5,41888.4,41888.4,11,1506.98,24974.7,24974.7,333,10147.8,33804.2,42537.6,247,16673.9,37959.4,42779.4,10.5344,1386.55,758,52.282,178.315,250.667,92,108.286,201.983,320.966,1452,1452,31.0022,0,0,0,0,0,0,0,0,130.686,0,0,0,0,0,1922,30,98.4631,0,15817,160.37
b1_cf_wb_064mb_r02,b1_natural_flush_counterfactual,49,49.0455,200326,79.7883,10,10149.2,25725.1,25725.1,15,16208.6,25720.7,25720.7,341,13929.6,34737.5,42731.9,226,13986.2,26778.1,35125.7,9.4469,1425.9,788,48.548,159.181,303.431,139,100.158,306.655,2383.69,1519,1519,32.0022,0,0,0,0,0,0,0,0,130.686,0,0,0,0,0,1726,24,98.6286,0,15956,160.595
b1_cf_wb_064mb_r02,b1_natural_flush_counterfactual,50,50.0457,202463,80.6394,22,6089.01,23252.1,32135.1,22,8406.47,25304.2,28422.5,458,5955.6,25836.7,30903.1,314,8072.2,26059.9,31339.2,8.50955,1208.9,1152,37.578,119.846,217.884,169,89.505,196.097,261.735,2137,2137,32.0022,0,0,0,0,0,0,0,0,130.686,0,0,0,0,0,2459,41,98.36,0,16125,160.925
b1_cf_wb_064mb_r02,b1_natural_flush_counterfactual,51,51.046,204250,81.3512,8,6185.2,25967.5,25967.5,20,6423.54,28221.2,28221.2,421,6233.16,26305.1,34879.6,281,6561.21,26178.2,34975.6,8.94662,1219.02,920,39.499,161.834,274.7,137,103.283,291.948,576.121,1787,1787,32.0022,0,0,0,0,0,0,0,0,130.686,0,0,0,0,0,2214,25,98.8834,0,16262,161.187
b1_cf_wb_064mb_r02,b1_natural_flush_counterfactual,52,52.0462,206017,82.0549,9,7994.27,26299.9,26299.9,17,5987.44,26175.6,26175.6,407,6227.26,26217.5,34004.7,285,6391.98,26500,34438.4,7.6,1472.48,907,38.317,139.04,241.881,142,88.088,255.976,311.448,1767,1767,33.0022,0,0,0,0,0,0,0,0,130.686,0,0,0,0,0,2261,24,98.9497,0,16404,161.447
b1_cf_wb_064mb_r02,b1_natural_flush_counterfactual,53,53.0464,207664,82.7109,12,12190.1,26391,26391,24,6299.67,35239.9,45146.3,348,7036.64,26660.1,44825.4,268,8062.62,26855.5,38927.6,8.6791,1440.53,856,40.423,155.629,260.839,139,94.891,232.9,335.274,1647,1647,33.0022,0,0,0,0,0,0,0,0,130.686,0,0,0,0,0,2131,28,98.7031,0,16543,161.692
b1_cf_wb_064mb_r02,b1_natural_flush_counterfactual,54,54.0466,209446,83.4207,7,13774.1,26973.2,26973.2,21,19922.2,27073.4,27119.5,408,6442.5,27197.5,29629.8,283,6589.26,27468.8,28374.3,8.74205,1231.49,923,41.442,137.231,291.479,140,95.57,197.512,261.513,1782,1782,33.0022,0,0,0,0,0,0,0,0,130.686,0,0,0,0,0,2271,24,98.9542,0,16683,161.956
b1_cf_wb_064mb_r02,b1_natural_flush_counterfactual,55,55.0468,210702,83.9209,5,26107.2,27094.4,27094.4,17,15589.7,28292.6,28292.6,283,16820.5,27528.7,45440.4,193,15942,28286.5,41144.6,9.07254,1632.18,652,53.509,156.301,246.152,106,107.37,241.054,352.243,1256,1256,33.0022,0,0,0,0,0,0,0,0,130.686,0,0,0,0,0,1551,13,99.1688,0,16789,162.142
b1_cf_wb_064mb_r02,b1_natural_flush_counterfactual,56,56.047,212190,84.5136,9,13930.5,43842.8,43842.8,15,736.571,24790.2,24790.2,354,14702.7,27605.3,42978.6,223,14338.1,27666.4,43822.9,8.59193,1619.01,778,42.855,131.414,264.763,109,102.013,214.443,242.809,1488,1488,34.0022,0,0,0,0,0,0,0,0,130.686,0,0,0,0,0,1770,32,98.2242,0,16898,162.365
b1_cf_wb_064mb_r02,b1_natural_flush_counterfactual,57,57.0472,213617,85.082,8,20847.8,27959.3,27959.3,21,15024.9,32468.5,35733.3,314,14829.8,28833.2,35392,216,14855,34940.5,37663.5,9.37037,1522.37,756,41.055,125.043,200.488,112,93.678,193.603,232.03,1427,1427,34.0022,0,0,0,0,0,0,0,0,130.686,0,0,0,0,0,1702,21,98.7812,0,17010,162.581
b1_cf_wb_064mb_r02,b1_natural_flush_counterfactual,58,58.0473,214905,85.595,5,12022.8,27081.4,27081.4,15,12303.9,45906.1,45906.1,301,14715.2,30282,35786,211,17268.9,32432.2,36060.1,8.52133,1856.2,650,49.652,183.585,263.37,106,106.661,239.092,296.481,1288,1288,34.0022,0,0,0,0,0,0,0,0,130.686,0,0,0,0,0,1651,20,98.8031,0,17116,162.767
b1_cf_wb_064mb_r02,b1_natural_flush_counterfactual,59,59.0475,216304,86.1522,11,13402.9,28421.6,28421.6,14,13376.2,28500.9,28500.9,293,14301.4,28954.2,34579.7,243,15869.5,29977.4,48683.6,8.84774,1704.72,743,49.686,151.444,2300.77,95,106.908,173.4,243.941,1399,1399,34.0022,0,0,0,0,0,0,0,0,130.686,0,0,0,0,0,1971,29,98.55,0,17211,162.978
b1_cf_wb_064mb_r02,b1_natural_flush_counterfactual,60,60.0477,217514,86.6341,7,9886.9,40568.5,40568.5,13,22358.6,38667.7,38667.7,278,12261.3,38913,41327,165,16955,39093,47938.8,8.53333,2118.73,635,34.098,128.258,531.678,112,91.813,489.898,1171.54,1210,1210,34.0022,0,0,0,0,0,0,0,0,130.686,0,0,0,0,0,1357,17,98.7627,0,17323,163.161
b1_cf_wb_064mb_r02,b1_natural_flush_counterfactual,61,61.048,218913,87.1913,10,13698.7,38593.5,38593.5,14,16190.9,38044,38044,307,11829.3,38067.7,41071.5,222,11977,38405.4,41828.5,7.79279,1892.69,724,29.737,142.707,248.467,122,85.763,244.84,637.655,1399,1399,35.0022,0,0,0,0,0,0,0,0,130.686,0,0,0,0,0,1772,18,98.9944,0,17445,163.369
b1_cf_wb_064mb_r02,b1_natural_flush_counterfactual,62,62.0485,220389,87.7792,14,11712.3,41727.1,41727.1,7,11012.7,30405.5,30405.5,318,11048.6,41269.6,53081.7,233,11279.9,38782.3,41798,7.87554,1745.62,792,36.196,136.132,286.453,112,87.804,248.427,446.392,1476,1476,35.0022,0,0,0,0,0,0,0,0,130.686,0,0,0,0,0,1912,28,98.5567,0,17557,163.595
b1_cf_wb_064mb_r02,b1_natural_flush_counterfactual,63,63.0491,221717,88.3081,8,30293.7,38233.5,38233.5,18,22402.7,38749.2,38749.2,278,11680.4,38885.8,40450.2,209,15050.9,38991.7,41165.4,8.32536,1955.79,703,27.101,103.353,196.622,112,89.355,186.792,1214.43,1328,1328,35.0022,0,0,0,0,0,0,0,0,130.686,0,0,0,0,0,1727,21,98.7986,0,17669,163.797
b1_cf_wb_064mb_r02,b1_natural_flush_counterfactual,64,64.0493,223183,88.892,10,16228.7,43654.3,43654.3,19,10679.8,42843.3,42843.3,315,10179.4,37978.2,41739.7,250,11423.9,39214.9,41977.9,8.604,1650.34,771,35.89,134.338,230.036,101,95.467,234.626,411.496,1466,1466,35.0022,0,0,0,0,0,0,0,0,130.686,0,0,0,0,0,1978,21,98.9495,0,17770,164.017
b1_cf_wb_064mb_r02,b1_natural_flush_counterfactual,65,65.0495,224424,89.3863,12,26459.6,40128.1,40128.1,18,19721.3,38899.5,38899.5,265,16175.7,40839.2,49114.6,204,14633.6,38767.8,42135.6,8.28431,1775.83,620,33.933,135.445,256.835,122,82.658,198.781,452.352,1241,1241,35.0022,0,0,0,0,0,0,0,0,130.686,0,0,0,0,0,1649,19,98.8609,0,17892,164.195
b1_cf_wb_064mb_r02,b1_natural_flush_counterfactual,66,66.0497,225759,89.918,12,9954.17,39603.1,39603.1,17,11220.2,40607.3,40607.3,288,11685.1,40329.6,42283,207,10034.2,39948.2,41638,8.76329,1646.77,707,37.213,122.314,325.939,104,90.849,239.502,985.561,1335,1335,35.0022,0,0,0,0,0,0,0,0,130.686,0,0,0,0,0,1639,14,99.1531,0,17996,164.397
b1_cf_wb_064mb_r02,b1_natural_flush_counterfactual,67,67.0499,226959,90.396,3,2838.98,19699.9,19699.9,12,19844.1,40730.5,40730.5,271,17982.9,40692.6,45316.4,190,12479.5,41984.3,47165.5,9.17895,1872.34,625,31.685,112.211,1366.27,99,83.913,1220.59,1473.01,1200,1200,36.0022,0,0,0,0,0,0,0,0,130.686,0,0,0,0,0,1432,16,98.895,0,18095,164.577
b1_cf_wb_064mb_r02,b1_natural_flush_counterfactual,68,68.0501,228088,90.8457,8,12572.7,43915.9,43915.9,26,11927.2,39103,41248.1,259,11450.3,41273.3,42911.3,207,11991.1,40712.5,42029.4,7.11111,2274.67,549,30.561,116.041,196.654,80,97.659,205.488,481.108,1129,1129,36.0022,0,0,0,0,0,0,0,0,130.686,0,0,0,0,0,1683,29,98.3061,0,18175,164.734
b1_cf_wb_064mb_r02,b1_natural_flush_counterfactual,69,69.0504,229435,91.3822,8,25.456,16751.3,16751.3,17,24573,42892.3,42892.3,285,13328.3,40744,46744.9,190,12093.6,40385.2,48047.9,6.94211,2144.37,727,32.347,134.959,1506.78,120,83.914,396.053,1713.57,1347,1347,36.0022,0,0,0,0,0,0,0,0,130.686,0,0,0,0,0,1571,25,98.4336,0,18295,164.943
b1_cf_wb_064mb_r02,b1_natural_flush_counterfactual,70,70.0509,230951,91.986,6,838.138,38381.7,38381.7,13,11370.3,37722.2,37722.2,334,11349.9,40810.7,44253.4,239,11547.6,41046.6,44229.3,7.98326,1712.88,834,38.533,130.901,381.479,90,94.624,289.803,1422.69,1516,1516,36.0022,0,0,0,0,0,0,0,0,130.686,0,0,0,0,0,1956,28,98.5887,0,18385,165.179
b1_cf_wb_064mb_r02,b1_natural_flush_counterfactual,71,71.0512,232257,92.5061,8,11810.4,39036.3,39036.3,19,4514.37,35926.8,35926.8,275,11211.5,41427.6,43594.4,214,12040.7,41964.4,43658.3,8.00467,2012.67,700,38.964,144.886,485.889,90,104.318,366.342,977.118,1306,1306,37.0022,0,0,0,0,0,0,0,0,130.686,0,0,0,0,0,1746,16,99.0919,0,18475,165.378
b1_cf_wb_064mb_r02,b1_natural_flush_counterfactual,72,72.0517,233457,92.9841,8,10935.4,26459.3,26459.3,14,26551.4,42152.3,42152.3,261,11850.6,40633.1,44211.1,188,18156.8,40910.9,44169.2,8.6117,2050.42,640,33.596,99.306,187.801,89,83.576,167.134,312.729,1200,1200,37.0022,0,0,0,0,0,0,0,0,130.686,0,0,0,0,0,1566,15,99.0512,0,18564,165.561
b1_cf_wb_064mb_r02,b1_natural_flush_counterfactual,73,73.0521,234600,93.4393,12,22979.7,41702.7,41702.7,9,2439.55,39983.6,39983.6,232,16375.6,42207.4,49201.7,184,16654.6,42736,57207.8,7.64674,2379.42,596,33.201,112.332,261.147,110,79.657,255.296,860.132,1143,1143,37.0022,0,0,0,0,0,0,0,0,130.686,0,0,0,0,0,1458,12,99.1837,0,18674,165.733
b1_cf_wb_064mb_r02,b1_natural_flush_counterfactual,74,74.0526,235840,93.9332,9,7141.22,22405.3,22405.3,13,10091.5,49623.7,49623.7,278,11932.4,39658.5,49748.1,203,15338.6,42435,49906.7,8.01478,2165.01,644,27.573,101.278,160.947,93,77.553,149.421,241.654,1240,1240,38.0022,0,0,0,0,0,0,0,0,130.686,0,0,0,0,0,1634,18,98.9104,0,18767,165.918
b1_cf_wb_064mb_r02,b1_natural_flush_counterfactual,75,75.0531,237117,94.4418,6,17676.7,41506.3,41506.3,16,24309.6,50195.3,50195.3,296,12237.5,42263.3,60157.5,184,12114.7,43126.3,60530.6,8.07609,1930.06,670,40.568,146.177,858.159,105,87.059,610.314,939.423,1277,1277,38.0022,0,0,0,0,0,0,0,0,130.686,0,0,0,0,0,1491,16,98.9383,0,18872,166.11
b1_cf_wb_064mb_r02,b1_natural_flush_counterfactual,76,76.0536,238313,94.9182,8,12932.8,28283.6,28283.6,14,12100.5,53372.3,53372.3,260,12368.4,43742.4,53910.2,200,13252.4,43149,52462.6,8.905,1912.17,616,32.842,132.759,555.992,101,86.746,231.748,1527.34,1199,1199,38.0022,0,0,0,0,0,0,0,0,130.686,0,0,0,0,0,1595,20,98.7616,0,18972,166.286
b1_cf_wb_064mb_r02,b1_natural_flush_counterfactual,77,77.0541,239701,95.471,10,11683.3,42313.9,42313.9,15,22570.8,47162.7,47162.7,308,11214.4,42029.4,43065,219,11956.5,42880.5,43459.4,8.16895,1778.14,740,30.997,121.12,595.202,93,83.407,992.668,1695.04,1385,1385,38.0022,0,0,0,0,0,0,0,0,130.686,0,0,0,0,0,1777,20,98.887,0,19066,166.497
b1_cf_wb_064mb_r02,b1_natural_flush_counterfactual,78,78.0546,240935,95.9625,7,9.731,20249.3,20249.3,16,19773.6,41099,41099,262,15988.3,42575.6,43764.6,192,12604.8,43102.2,45038.1,9.24479,1744.5,650,29.409,121.013,248.724,107,76.174,228.974,279.79,1234,1234,38.0022,0,0,0,0,0,0,0,0,130.686,0,0,0,0,0,1551,21,98.6641,0,19173,166.683
b1_cf_wb_064mb_r02,b1_natural_flush_counterfactual,79,79.0551,241980,96.3787,11,12288.4,43893.7,43893.7,14,24896.4,45137.4,45137.4,235,14152.2,43968.5,45145.5,163,17414.2,43802.8,46222.5,7.59509,2531.21,526,30.698,122.469,226.464,96,91.561,201.305,294.532,1045,1045,38.0022,0,0,0,0,0,0,0,0,130.686,0,0,0,0,0,1370,11,99.2035,0,19269,166.835
b1_cf_wb_064mb_r02,b1_natural_flush_counterfactual,80,80.0556,243124,96.8344,6,12422.1,40586.3,40586.3,17,23055.2,44920.9,44920.9,258,13995.7,43469.7,46676.6,191,12364.9,43652.8,46305.5,7.48168,2194.95,571,40.34,169.299,1617.56,101,87.648,512.788,2201.04,1144,1144,39.0023,0,0,0,0,0,0,0,0,130.686,0,0,0,0,0,1599,20,98.7647,0,19370,166.999
b1_cf_wb_064mb_r02,b1_natural_flush_counterfactual,81,81.056,244167,97.2498,10,12939.5,23753.1,23753.1,20,19688.2,59032.9,59032.9,261,17665.8,45668.9,55219.5,149,12382.1,45482.7,47271.7,6.61074,2608.21,526,44.982,181.935,1049.22,77,98.254,352.109,1624.67,1043,1043,39.0023,0,0,0,0,0,0,0,0,130.686,0,0,0,0,0,1251,12,99.0499,0,19447,167.149
b1_cf_wb_064mb_r02,b1_natural_flush_counterfactual,82,82.0564,245351,97.7214,7,9022.08,43879.8,43879.8,13,12815.6,43552.8,43552.8,246,12816.6,44776,45977.6,194,12542.2,44926.3,46267.2,8.08763,2125.66,638,40.835,128.613,1226.44,86,82.543,205.872,1470.52,1184,1184,39.0023,0,0,0,0,0,0,0,0,130.686,0,0,0,0,0,1554,21,98.6667,0,19533,167.331
b1_cf_wb_064mb_r02,b1_natural_flush_counterfactual,83,83.0568,246568,98.2061,9,24213.8,44669.8,44669.8,18,19904.8,43784,43784,251,12597.6,44452.7,51186.9,179,12848.4,45704.4,63749.7,7.61453,2329.01,660,35.657,141.515,324.967,100,101.775,302.654,1894.95,1217,1217,39.0023,0,0,0,0,0,0,0,0,130.686,0,0,0,0,0,1488,15,99.002,0,19633,167.519
b1_cf_wb_064mb_r02,b1_natural_flush_counterfactual,84,84.0573,247689,98.6526,7,31430.6,61138.3,61138.3,12,8932.53,55297.5,55297.5,241,12960.5,46439.1,55344.7,186,11354.5,52153.6,60224.6,6.67742,2434.98,587,35.781,154.774,1075.19,88,89.639,224.963,1094.45,1121,1121,40.0023,0,0,0,0,0,0,0,0,130.686,0,0,0,0,0,1553,16,98.9802,0,19721,167.687
b1_cf_wb_064mb_r02,b1_natural_flush_counterfactual,85,85.0578,248893,99.1321,8,28186.7,44164.4,44164.4,15,8527.66,44274.1,44274.1,242,14201.4,43867.2,47425,216,12896.2,42694.2,45129.9,7.49537,2090.35,628,31.242,136.451,459.429,96,86.08,431.755,1373.11,1205,1205,40.0023,0,0,0,0,0,0,0,0,130.686,0,0,0,0,0,1781,21,98.8346,0,19817,167.867
b1_cf_wb_064mb_r02,b1_natural_flush_counterfactual,86,86.0583,250088,99.6081,4,10463.7,15828.1,15828.1,8,33206.1,45312.5,45312.5,252,13201.7,45301.1,51915.4,208,13315.2,45983.2,49344.7,7.23558,2209.04,619,31.412,119.8,301.274,103,84.702,201.429,1135.66,1194,1194,40.0023,0,0,0,0,0,0,0,0,130.686,0,0,0,0,0,1693,16,99.0638,0,19920,168.045
b1_cf_wb_064mb_r03,b1_natural_flush_counterfactual,1,1.00025,34584,13.7745,217,115.896,1786.65,2187.74,387,178.754,1879.55,2206.46,7617,167.272,1912.47,2204.25,5491,252.011,2058.76,2370.19,77.8339,7.35973,18264,21.546,93.392,156.926,2646,54.628,144.896,223.407,34622,34622,6.002,0,0,0,0,0,0,0,0,130.67,0,0,0,0,0,26893,22792,54.127,0,2642,135.934
b1_cf_wb_064mb_r03,b1_natural_flush_counterfactual,2,2.004,47371,18.8675,76,1967.71,3271.03,3537.36,153,2000.01,3193.54,3394.81,2878,852.375,3205.7,3374.99,2035,1092.39,3340.99,3528.74,54.6369,28.4068,6551,38.202,119.834,189.874,1056,88.447,185.463,259.891,12749,12749,8.00201,0,0,0,0,0,0,0,0,130.67,0,0,0,0,0,13751,2088,86.8173,0,3702,137.802
b1_cf_wb_064mb_r03,b1_natural_flush_counterfactual,3,3.00558,56803,22.6242,72,910.245,4125.31,4291.38,114,1124.38,4223.59,4714.46,2074,1552.11,4157.36,4412.3,1489,1512.24,4324.47,4605.76,44.64,47.3095,4884,38.308,123.25,202.489,799,92.715,191.463,264.153,9432,9432,10.002,0,0,0,0,0,0,0,0,130.67,0,0,0,0,0,9965,938,91.3969,0,4501,139.199
b1_cf_wb_064mb_r03,b1_natural_flush_counterfactual,4,4.00682,65030,25.9009,61,3748.07,4958.31,5541.72,95,1432.57,4969.39,5693.51,1765,1401.84,4955.42,5245.9,1320,1567.33,5110.64,5339.11,40.1485,60.8489,4355,41.93,120.362,193.202,631,92.736,170.411,251.749,8227,8227,11.002,0,0,0,0,0,0,0,0,130.67,0,0,0,0,0,8848,608,93.5702,0,5132,140.439
b1_cf_wb_064mb_r03,b1_natural_flush_counterfactual,5,5.00832,71509,28.4815,36,501.037,5606.89,5739.73,73,4245.13,9370.02,10274.6,1378,2162.17,6492.36,10260,1063,2241.97,6050.66,10407.5,36.8438,82.0111,3423,48.383,148.407,257.509,506,105.762,222.74,286.229,6479,6479,12.002,0,0,0,0,0,0,0,0,130.67,0,0,0,0,0,7228,358,95.2808,0,5638,141.415
b1_cf_wb_064mb_r03,b1_natural_flush_counterfactual,6,6.00961,76759,30.5725,33,552.738,10416.7,10945.2,63,5269.18,6173.18,6944.67,1132,5557.49,6868.81,11268.3,816,5840.82,7161.26,11150.4,34.9767,113.865,2782,59.612,213.594,329.538,424,120.601,278.086,391.28,5250,5250,13.0021,0,0,0,0,0,0,0,0,130.67,0,0,0,0,0,5517,266,95.4003,0,6062,142.204
b1_cf_wb_064mb_r03,b1_natural_flush_counterfactual,7,7.01092,81486,32.4552,22,6331,11650.9,11827.8,64,6244.46,6945.55,11758.9,1097,6199.94,11241,12159.2,722,6367.3,11265.5,12299.9,30.8338,134.521,2423,60.896,210.081,331.088,399,127.775,321.824,415.128,4727,4727,13.0021,0,0,0,0,0,0,0,0,130.67,0,0,0,0,0,4982,195,96.2333,0,6461,142.894
b1_cf_wb_064mb_r03,b1_natural_flush_counterfactual,8,8.01207,85778,34.1647,29,6067.69,8365.26,12957.1,53,5154.62,12541.5,13155.7,976,5336.61,12591.1,13705.4,652,6741.85,12640.4,13878.2,32.069,153.141,2233,60.196,205.533,317.889,350,129.201,279.086,460.806,4293,4293,14.0021,0,0,0,0,0,0,0,0,130.67,0,0,0,0,0,4491,178,96.1876,0,6811,143.531
b1_cf_wb_064mb_r03,b1_natural_flush_counterfactual,9,9.01335,90185,35.92,23,4614.32,13412.4,14190.7,44,886.681,13681.3,14611.4,960,3830.04,12100.5,13791,711,5748.08,13397,14074.8,26.7426,179.029,2298,55.247,198.441,285.478,370,122.492,264.716,312.374,4406,4406,15.0021,0,0,0,0,0,0,0,0,130.67,0,0,0,0,0,4856,175,96.5216,0,7181,144.184
b1_cf_wb_064mb_r03,b1_natural_flush_counterfactual,10,10.0145,94625,37.6884,31,1929.28,12574.7,14396.3,63,2048.01,8850.79,14705.5,1011,2112.32,8886.12,14306.5,709,2452.98,10811.8,14785.2,27.1975,167.059,2252,50.793,167.977,309.131,374,108.415,280.044,378.249,4440,4440,15.0021,0,0,0,0,0,0,0,0,130.67,0,0,0,0,0,4881,172,96.5961,0,7555,144.828
b1_cf_wb_064mb_r03,b1_natural_flush_counterfactual,11,11.0156,98835,39.3652,20,2122.78,8789.13,8789.13,45,2222.98,15754.2,16070.6,939,2311.89,10699.9,15825.2,691,2503.74,9716.58,16037.4,23.3025,201.276,2182,51.179,184.891,301.332,334,118.71,249.326,405.966,4211,4211,16.0021,0,0,0,0,0,0,0,0,130.67,0,0,0,0,0,4623,146,96.9386,0,7888,145.45
b1_cf_wb_064mb_r03,b1_natural_flush_counterfactual,12,12.0169,102874,40.9739,34,2305.89,9125.93,16690.1,43,3067.99,16504.3,16693.8,923,2308.4,11826.4,16566.6,645,2555.86,13331.3,16663.3,24.8403,194.743,2064,50.681,164.688,235.81,329,108.297,214.1,318.727,4038,4038,17.0021,0,0,0,0,0,0,0,0,130.67,0,0,0,0,0,4356,119,97.3408,0,8218,146.039
b1_cf_wb_064mb_r03,b1_natural_flush_counterfactual,13,13.0179,106748,42.5169,21,4981.92,10635,17574.8,40,2419.11,12600.5,15798.2,837,4049.59,16017.1,17999.8,611,2599.67,12655.6,16821.1,20.4239,244.166,2059,45.203,156.469,276.176,306,104.481,252.86,324.285,3874,3874,17.0021,0,0,0,0,0,0,0,0,130.67,0,0,0,0,0,4137,115,97.2954,0,8524,146.627
b1_cf_wb_064mb_r03,b1_natural_flush_counterfactual,14,14.0189,110215,43.8978,21,157.082,10532.8,18399.1,30,6801.03,16963.9,18092.4,731,3726.83,13488.4,18478.2,575,5604.88,13009.6,18327.5,21.5757,275.055,1830,46.66,161.896,282.303,280,107.255,259.974,355.071,3467,3467,18.0021,0,0,0,0,0,0,0,0,130.67,0,0,0,0,0,3808,98,97.491,0,8804,147.15
b1_cf_wb_064mb_r03,b1_natural_flush_counterfactual,15,15.0198,113724,45.2954,32,3669.97,12786.8,19187.2,32,10417,15217.6,19578.2,783,3092.87,11356.8,19029,586,3565.67,11774.8,19491.7,21.1024,262.557,1805,45.486,146.386,224.374,271,105.175,202.562,274.686,3509,3509,19.0021,0,0,0,0,0,0,0,0,130.67,0,0,0,0,0,3950,94,97.6756,0,9075,147.666
b1_cf_wb_064mb_r03,b1_natural_flush_counterfactual,16,16.0207,117346,46.738,24,2977.96,11611.7,19409.9,33,2764.63,20378,20720.6,785,2851.22,13724,20443.6,576,3070.38,12855.8,20522.1,22.467,246.11,1908,49.046,169.153,287.19,297,105.782,246.16,297.421,3623,3623,19.0021,0,0,0,0,0,0,0,0,130.67,0,0,0,0,0,3998,85,97.9182,0,9372,148.21
b1_cf_wb_064mb_r03,b1_natural_flush_counterfactual,17,17.0219,120753,48.095,24,8633.93,16518.2,21327.5,35,3193.55,20558.6,20992.1,781,2916.6,14364.8,20871.9,541,3005.24,15909.4,20922.6,20.0647,281.782,1765,46.833,152.708,256.264,260,109.475,283.826,457.649,3406,3406,19.0021,0,0,0,0,0,0,0,0,130.67,0,0,0,0,0,3690,99,97.3872,0,9632,148.712
b1_cf_wb_064mb_r03,b1_natural_flush_counterfactual,18,18.0229,123962,49.3731,17,25.772,12203.8,12203.8,39,3219.13,12421.5,24939.1,714,3407.37,12507.4,21594.7,514,3284.67,12759.1,21957.8,18.8774,324.672,1677,45.487,154.13,275.643,248,109.368,279.502,433.366,3209,3209,20.0021,0,0,0,0,0,0,0,0,130.67,0,0,0,0,0,3648,82,97.8016,0,9880,149.192
b1_cf_wb_064mb_r03,b1_natural_flush_counterfactual,19,19.0244,126716,50.47,23,2947.38,20292.9,22633.5,33,8838.72,13116.2,14171.6,616,9052.05,15825.9,22488.9,416,6517.39,14284.4,22837.2,17.8702,392.21,1440,53.981,179.375,263.663,226,117.007,243.074,335.943,2754,2754,20.0021,0,0,0,0,0,0,0,0,130.67,0,0,0,0,0,2865,53,98.1837,0,10106,149.602
b1_cf_wb_064mb_r03,b1_natural_flush_counterfactual,20,20.0252,129589,51.6143,26,10482.6,13162.7,23110.8,29,4855.97,13309.2,14456.2,629,4942.5,13404.8,23250.7,462,8652.28,13569.5,23077.8,17.0758,424.143,1524,55.932,165.048,283.984,203,126.439,257.48,415.681,2873,2873,21.0021,0,0,0,0,0,0,0,0,130.67,0,0,0,0,0,3242,66,98.0048,0,10309,150.034
b1_cf_wb_064mb_r03,b1_natural_flush_counterfactual,21,21.0259,132421,52.7422,20,10825.6,20098.2,20098.2,29,7934.9,23550.9,23844.1,629,5151.46,14466.1,21582.9,404,7446.22,15563.9,23901,16.9257,434.463,1520,42.835,154.474,251.513,230,107.985,242.716,375.781,2832,2832,21.0021,0,0,0,0,0,0,0,0,130.67,0,0,0,0,0,2832,63,97.8238,0,10539,150.469
b1_cf_wb_064mb_r03,b1_natural_flush_counterfactual,22,22.0267,135381,53.9212,22,3478.07,14194,14324.3,37,3166.7,13988.3,14280.5,646,3439.98,14092.1,24050.8,478,3637.9,14336.2,23050.3,15.4812,435.736,1526,43.729,148.998,228.187,251,99.271,219.604,260.389,2960,2960,22.0021,0,0,0,0,0,0,0,0,130.67,0,0,0,0,0,3245,62,98.1252,0,10790,150.906
b1_cf_wb_064mb_r03,b1_natural_flush_counterfactual,23,23.0275,137758,54.8679,18,14079.1,14471.9,14471.9,21,14108.3,14419.4,14504.7,531,12875.5,14466.2,24526.8,353,12675.1,14701.3,24739.5,13.9008,619.944,1261,59.742,190.076,274.222,193,122.974,258.839,341.685,2377,2377,22.0021,0,0,0,0,0,0,0,0,130.67,0,0,0,0,0,2434,43,98.264,0,10983,151.264
b1_cf_wb_064mb_r03,b1_natural_flush_counterfactual,24,24.0284,140061,55.7852,12,14334.1,20796,20796,31,3609.24,14734.3,14799.2,525,11208.6,14802.3,25708.4,368,12002.4,17003.1,26133.6,15.4402,574.081,1192,53.959,169.145,260.095,175,113.016,252.091,314.035,2303,2303,23.0021,0,0,0,0,0,0,0,0,130.67,0,0,0,0,0,2588,48,98.1791,0,11158,151.604
b1_cf_wb_064mb_r03,b1_natural_flush_counterfactual,25,25.0292,142517,56.7634,19,4429.08,18691.7,18691.7,28,6510.97,15429.4,25884.2,578,8157.68,16047.1,24687.6,388,5418.29,15851.7,22874.7,16.2552,474.622,1241,46.903,143.077,215.345,202,107.208,205.417,234.123,2456,2456,23.0021,0,0,0,0,0,0,0,0,130.67,0,0,0,0,0,2785,57,97.9944,0,11360,151.959
b1_cf_wb_064mb_r03,b1_natural_flush_counterfactual,26,26.0299,144676,57.6233,18,8688.69,15861.1,15861.1,21,6696.11,17806.4,27177.7,499,12349.3,16053.3,26773.5,357,11688.1,16212.4,18298.3,15.4986,571.863,1092,61.573,184.673,301.286,172,117.358,276.499,356.966,2159,2159,24.0021,0,0,0,0,0,0,0,0,130.67,0,0,0,0,0,2472,51,97.9786,0,11532,152.269
b1_cf_wb_064mb_r03,b1_natural_flush_counterfactual,27,27.0306,147042,58.5657,21,15265.8,16232.4,27759.9,26,6629.95,16036.6,16115.9,498,12244.6,16008.4,27650.1,372,10792.3,16225.4,27591.5,16.0134,529.695,1279,56.731,197.506,307.2,170,127.702,268.185,347.664,2366,2366,24.0021,0,0,0,0,0,0,0,0,130.67,0,0,0,0,0,2619,48,98.2002,0,11702,152.632
b1_cf_wb_064mb_r03,b1_natural_flush_counterfactual,28,28.0313,148976,59.336,12,15771.3,27207.1,27207.1,20,15646.5,16532.9,16532.9,439,15573.7,17975.6,28018.8,284,15707.8,16853.4,27905.5,13.7465,759.461,1019,55.583,182.659,272.865,160,121.289,245.522,372.313,1934,1934,24.0021,0,0,0,0,0,0,0,0,130.67,0,0,0,0,0,2037,54,97.4175,0,11862,152.922
b1_cf_wb_064mb_r03,b1_natural_flush_counterfactual,29,29.032,150938,60.1174,8,16196.4,24830.1,24830.1,24,4953.67,16470.3,16574.7,477,14312.3,16869.4,27276.4,320,12542.4,16977.1,26965.7,14.8938,612.864,980,56.645,173.569,281.852,153,121.195,290.956,369.723,1962,1962,25.0021,0,0,0,0,0,0,0,0,130.67,0,0,0,0,0,2220,56,97.5395,0,12015,153.202
b1_cf_wb_064mb_r03,b1_natural_flush_counterfactual,30,30.0326,152801,60.8594,17,15982.3,16628.9,16628.9,24,16368.4,17024.2,28518.2,410,13718.3,17304.8,29152.9,308,14113.6,17260.3,28606.5,14.6006,715.863,948,58.094,198.832,317.689,156,127.892,294.529,456.142,1863,1863,25.0021,0,0,0,0,0,0,0,0,130.67,0,0,0,0,0,2216,33,98.5327,0,12171,153.472
b1_cf_wb_064mb_r03,b1_natural_flush_counterfactual,31,31.0332,154973,61.7245,18,16555.6,17055.8,17055.8,26,16022.1,17581.6,18386.7,470,10767.8,17538.2,26479.6,353,11027.9,17730.8,26606,11.5496,785.337,1136,47.414,172.436,296.399,169,105.369,224.012,355.078,2172,2172,26.0022,0,0,0,0,0,0,0,0,130.67,0,0,0,0,0,2510,55,97.8558,0,12340,153.796
b1_cf_wb_064mb_r03,b1_natural_flush_counterfactual,32,32.0338,156989,62.5275,12,17011.4,17537.2,17537.2,18,17145.4,21146.1,21146.1,444,13901.4,17807.3,30450.1,346,11305.4,18271.3,30529.8,13.2746,706.546,1058,56.765,173.935,243.963,138,122.618,243.122,372.503,2016,2016,26.0022,0,0,0,0,0,0,0,0,130.67,0,0,0,0,0,2459,44,98.2421,0,12478,154.096
b1_cf_wb_064mb_r03,b1_natural_flush_counterfactual,33,33.0347,159025,63.3384,11,497.875,18012.8,18012.8,22,12025.2,17666.8,17686.8,454,14701.4,17961.2,19184.5,319,16135.6,18205.7,18711.2,13.8652,729.688,1080,57.819,176.331,285.999,150,118.644,278.186,326.509,2036,2036,26.0022,0,0,0,0,0,0,0,0,130.67,0,0,0,0,0,2325,39,98.3503,0,12628,154.403
b1_cf_wb_064mb_r03,b1_natural_flush_counterfactual,34,34.0354,160797,64.0442,11,17828.1,18691.5,18691.5,17,11089,27241.4,27241.4,347,15711.5,18441.8,31124.4,302,16121.2,18404.1,19806,13.5894,846.419,952,55.794,157.109,253.779,143,111.887,190.387,231.802,1772,1772,26.0022,0,0,0,0,0,0,0,0,130.67,0,0,0,0,0,2216,30,98.6643,0,12771,154.675
b1_cf_wb_064mb_r03,b1_natural_flush_counterfactual,35,35.036,162631,64.7746,13,18365.2,30280.3,30280.3,21,3030.63,18454,18926.8,417,11555,22893.3,31550.2,290,13334.7,22484.4,31260.2,11.5655,990.605,944,55.828,178.409,283.358,149,116.522,272.239,336.582,1834,1834,27.0022,0,0,0,0,0,0,0,0,130.67,0,0,0,0,0,2083,28,98.6736,0,12920,154.943
b1_cf_wb_064mb_r03,b1_natural_flush_counterfactual,36,36.0366,164735,65.6127,13,14687,26877.9,26877.9,15,9172.54,18742.3,18742.3,435,9927.14,19103,25886.7,335,12625.5,23526.2,32370,9.74627,1087.59,1146,59.629,207.566,312.394,160,120.944,286.145,318.769,2104,2104,27.0022,0,0,0,0,0,0,0,0,130.67,0,0,0,0,0,2416,48,98.0519,0,13080,155.268
b1_cf_wb_064mb_r03,b1_natural_flush_counterfactual,37,37.0373,166694,66.3929,12,414.919,19533.3,19533.3,21,15231.5,19443.8,20377.8,414,10579.5,19421.8,30093.6,340,12821,19647.4,30990.3,13.3412,766.722,1032,56.896,190.651,241.302,140,121.399,238.165,289.274,1959,1959,28.0022,0,0,0,0,0,0,0,0,130.67,0,0,0,0,0,2445,37,98.5093,0,13220,155.56
b1_cf_wb_064mb_r03,b1_natural_flush_counterfactual,38,38.0379,168538,67.1274,8,19144.1,19619.2,19619.2,19,11860.4,19869.1,19869.1,430,14992.6,19585,33121.3,298,11578.1,19899.7,33221.5,11.4564,889.917,943,54.184,170.827,226.053,146,110.282,186.575,236.282,1844,1844,28.0022,0,0,0,0,0,0,0,0,130.67,0,0,0,0,0,2136,39,98.2069,0,13366,155.829
b1_cf_wb_064mb_r03,b1_natural_flush_counterfactual,39,39.0386,170305,67.8311,14,218.67,19580.4,19580.4,22,13476.8,19437.1,19547.4,397,15647.5,20490.4,34190.9,292,13401.8,20112.2,29011.6,9.95205,1042.65,901,55.221,169.821,264.028,141,120.622,237.877,302.349,1767,1767,28.0022,0,0,0,0,0,0,0,0,130.67,0,0,0,0,0,2152,34,98.4446,0,13507,156.086
b1_cf_wb_064mb_r03,b1_natural_flush_counterfactual,40,40.0392,172166,68.5724,14,17348.9,20252.9,20252.9,18,1590.12,20029.8,20029.8,395,13310.6,20069.2,22128.8,305,14449.4,20504.1,33796.9,11.459,1015.39,969,50.801,163.012,254.307,160,106.649,191.521,286.212,1861,1861,28.0022,0,0,0,0,0,0,0,0,130.67,0,0,0,0,0,2221,42,98.1441,0,13667,156.363
b1_cf_wb_064mb_r03,b1_natural_flush_counterfactual,41,41.0399,173788,69.2184,10,20246.5,32670.2,32670.2,15,5078.71,30237.4,30237.4,375,17741,21067.5,34345.2,230,14694.2,21243.5,33995.7,12.5609,929.295,828,55.188,194.894,401.838,164,118.328,268.765,389.04,1622,1622,29.0022,0,0,0,0,0,0,0,0,130.67,0,0,0,0,0,1737,22,98.7493,0,13831,156.601
b1_cf_wb_064mb_r03,b1_natural_flush_counterfactual,42,42.0406,175670,69.968,11,3837.28,20509.3,20509.3,19,169.524,21050.1,21050.1,421,11059.3,21149.2,33976.4,296,11607.5,21458.2,34310.2,10.9797,1017.03,990,55.108,189.862,270.615,145,111.79,246.048,334.995,1882,1882,29.0022,0,0,0,0,0,0,0,0,130.67,0,0,0,0,0,2250,37,98.3822,0,13976,156.883
b1_cf_wb_064mb_r03,b1_natural_flush_counterfactual,43,43.0413,177425,70.667,11,12375.9,21329.5,21329.5,24,15225.6,22096,24490.6,405,12764.6,24472.6,28256,257,12053.2,24496.1,31527.2,10.3424,1066.02,915,54.092,182.684,289.526,143,120.626,284.267,419.364,1755,1755,29.0022,0,0,0,0,0,0,0,0,130.67,0,0,0,0,0,1977,27,98.6527,0,14119,157.143
b1_cf_wb_064mb_r03,b1_natural_flush_counterfactual,44,44.0419,179008,71.2975,10,5589.11,21017.2,21017.2,20,16458.4,33123.5,33123.5,365,15746.9,21360.7,28419.6,243,15891,21862.9,27900.2,10.214,1237.64,798,53.573,174.237,246.892,147,108.555,223.711,343.332,1583,1583,30.0022,0,0,0,0,0,0,0,0,130.67,0,0,0,0,0,1836,26,98.6037,0,14266,157.372
b1_cf_wb_064mb_r03,b1_natural_flush_counterfactual,45,45.0425,180771,71.9997,12,9956.83,21638,21638,22,11670.1,21628.7,22278.8,388,11962.9,21610.1,22323.1,280,13120.3,21786.9,22425.7,9.60714,1208.06,920,54.397,177.349,288.727,141,116.459,288.344,378.374,1763,1763,30.0022,0,0,0,0,0,0,0,0,130.67,0,0,0,0,0,2099,31,98.5446,0,14407,157.634
b1_cf_wb_064mb_r03,b1_natural_flush_counterfactual,46,46.0432,182714,72.7735,15,1443.63,24218.8,24218.8,22,15066.6,21911.4,22407.5,400,11799.1,22026,23946,297,14577.1,22178.9,24422,9.90572,1147.86,1071,56.331,159.339,353.989,138,113.347,275.794,359.934,1943,1943,31.0022,0,0,0,0,0,0,0,0,130.67,0,0,0,0,0,2222,39,98.2751,0,14545,157.937
b1_cf_wb_064mb_r03,b1_natural_flush_counterfactual,47,47.0438,184478,73.4761,8,14742.4,22071.8,22071.8,14,6448.13,22546.2,22546.2,364,13988.2,22539.1,22879.3,286,14784.1,22981.3,26091.5,10.6154,1130.75,954,45.865,148.981,274.142,138,112.462,226.742,252.284,1764,1764,31.0022,0,0,0,0,0,0,0,0,130.67,0,0,0,0,0,2181,24,98.9116,0,14683,158.209
b1_cf_wb_064mb_r03,b1_natural_flush_counterfactual,48,48.0445,186102,74.123,11,22225.6,23652.9,23652.9,16,18939,22452,22452,378,17866.7,22604.9,23386.1,254,17577.1,22915.3,23553.5,10.2795,1173.37,829,52.155,161.138,260.199,136,121.596,249.916,275.531,1624,1624,31.0022,0,0,0,0,0,0,0,0,130.67,0,0,0,0,0,1915,46,97.6543,0,14819,158.446
b1_cf_wb_064mb_r03,b1_natural_flush_counterfactual,49,49.0451,187833,74.8124,13,18161.3,22905.4,22905.4,25,15305.2,23324.6,23345.2,384,12361.8,23120.3,23820.3,275,10981.5,23297.2,24267.4,9.37818,1153.95,886,46.508,131.001,240.06,148,98.471,198.281,309.956,1731,1731,31.0022,0,0,0,0,0,0,0,0,130.67,0,0,0,0,0,2160,23,98.9464,0,14967,158.7
b1_cf_wb_064mb_r03,b1_natural_flush_counterfactual,50,50.0457,189291,75.3931,9,13241.8,23808,23808,15,22849.6,23654.1,23654.1,330,14992.8,23584.2,23982.3,270,15708.4,23708.5,24121.8,10.1296,1300.71,721,55.159,179.087,278.346,113,121.754,281.941,341.616,1458,1458,32.0022,0,0,0,0,0,0,0,0,130.67,0,0,0,0,0,2119,21,99.0187,0,15080,158.906
b1_cf_wb_064mb_r03,b1_natural_flush_counterfactual,51,51.0463,190855,76.016,12,22364.1,24237.2,24237.2,20,2318.43,23231.8,23231.8,352,15613.2,23518,24221.1,262,13784.5,23679.2,24180.5,12.5573,952.317,788,49.001,154.725,1022.47,130,107.601,186.278,249.788,1564,1564,32.0022,0,0,0,0,0,0,0,0,130.67,0,0,0,0,0,2050,24,98.8428,0,15210,159.132
b1_cf_wb_064mb_r03,b1_natural_flush_counterfactual,52,52.0469,192466,76.6577,18,2060.53,23728.5,23728.5,19,13888.7,23700.9,23700.9,353,13316.1,23965.7,24653,264,14198.4,24043.7,24796.5,9.86742,1295.01,844,52.81,158.892,242.621,113,120.345,255.116,296.774,1611,1611,32.0022,0,0,0,0,0,0,0,0,130.67,0,0,0,0,0,1952,27,98.6357,0,15323,159.372
b1_cf_wb_064mb_r03,b1_natural_flush_counterfactual,53,53.0475,193941,77.2452,15,14550.3,24851.7,24851.7,16,16256,24166.8,24166.8,329,18961,24269.3,25146.1,242,15539.9,24311.4,25248.1,8.60744,1455.08,741,53.689,154.889,250.4,132,118.218,238.226,307.901,1475,1475,33.0022,0,0,0,0,0,0,0,0,130.67,0,0,0,0,0,1816,21,98.8568,0,15455,159.584
b1_cf_wb_064mb_r03,b1_natural_flush_counterfactual,54,54.0481,195574,77.8956,10,22066,25610.4,25610.4,13,10327.9,24509.4,24509.4,361,10771.7,25045,25488.2,263,12962.6,25031.7,25748.4,11.1749,1117.36,869,52.497,174.487,323.324,117,114.568,263.917,467.768,1633,1633,33.0022,0,0,0,0,0,0,0,0,130.67,0,0,0,0,0,2027,30,98.5416,0,15572,159.83
b1_cf_wb_064mb_r03,b1_natural_flush_counterfactual,55,55.0487,197105,78.5054,11,12432,25343.8,25343.8,15,20576.5,25454.9,25454.9,324,14132.8,25037.7,25369.3,271,12647.1,25084.9,25475.2,10.0369,1266.75,773,44.521,137.359,201.439,137,95.532,203.321,264.679,1531,1531,33.0022,0,0,0,0,0,0,0,0,130.67,0,0,0,0,0,2172,31,98.5928,0,15709,160.053
b1_cf_wb_064mb_r03,b1_natural_flush_counterfactual,56,56.0493,198644,79.1183,11,14328.6,25196.4,25196.4,10,10676.8,24709,24709,356,14345,25075.2,25845.8,246,15297.5,25228.9,25786.8,10.8943,1228.37,815,47.703,141.714,217.995,101,113.377,200.758,235.043,1539,1539,34.0022,0,0,0,0,0,0,0,0,130.67,0,0,0,0,0,1914,25,98.7107,0,15810,160.284
b1_cf_wb_064mb_r03,b1_natural_flush_counterfactual,57,57.0497,200087,79.6931,10,20100.8,25934.2,25934.2,17,18931.1,25990,25990,329,16866.8,25317.3,26028.1,228,17422,25988.9,26196.2,9.35965,1513.65,745,49.358,135.237,216.923,116,106.475,172.821,244.011,1445,1445,34.0022,0,0,0,0,0,0,0,0,130.67,0,0,0,0,0,1770,23,98.7172,0,15926,160.498
b1_cf_wb_064mb_r03,b1_natural_flush_counterfactual,58,58.0502,201464,80.2415,10,22832.3,25999.7,25999.7,11,23886.8,26376.2,26376.2,294,18721.2,25747.2,26290.3,206,19318.3,26077.7,26605.1,7.84951,1884.72,733,50.747,159.625,257.377,121,111.111,234.191,253.601,1375,1375,34.0022,0,0,0,0,0,0,0,0,130.67,0,0,0,0,0,1591,26,98.3921,0,16047,160.707
b1_cf_wb_064mb_r03,b1_natural_flush_counterfactual,59,59.0507,202844,80.7912,14,15948.8,25539.6,25539.6,15,17093.4,25812.2,25812.2,304,17157.3,25997.9,26899.6,211,22156.7,26441.7,27085.8,10.4171,1538.06,721,40.203,142.903,210.61,115,110.371,223.457,237.755,1380,1380,34.0022,0,0,0,0,0,0,0,0,130.67,0,0,0,0,0,1663,26,98.4606,0,16162,160.914
b1_cf_wb_064mb_r03,b1_natural_flush_counterfactual,60,60.0512,204234,81.3448,5,26080.8,26164.4,26164.4,17,3010.85,26739.8,26739.8,328,20767.3,26298.6,27385,213,20439.4,26922.9,28355.1,8.14085,1729.61,727,52.35,141.467,255.065,100,117.165,258.607,388.562,1390,1390,34.0022,0,0,0,0,0,0,0,0,130.67,0,0,0,0,0,1658,27,98.3976,0,16262,161.122
b1_cf_wb_064mb_r03,b1_natural_flush_counterfactual,61,61.0517,205543,81.8662,10,26163.7,26281,26281,14,16024.4,26598.4,26598.4,301,16848.5,27191,27896,216,17215.4,27377.1,28604.7,7.65741,1925.66,664,48.309,169.915,224.856,112,118.13,214.093,222.265,1317,1317,35.0022,0,0,0,0,0,0,0,0,130.67,0,0,0,0,0,1686,25,98.5389,0,16373,161.312
b1_cf_wb_064mb_r03,b1_natural_flush_counterfactual,62,62.0523,206929,82.4182,4,15218.2,26251.2,26251.2,19,10781.5,27496.3,27496.3,306,16527.7,26816.1,27330.2,226,16278.1,26841.3,27527.9,8.52212,1683.52,719,44.633,136.989,189.222,104,105.689,192.286,221.691,1378,1378,35.0022,0,0,0,0,0,0,0,0,130.67,0,0,0,0,0,1846,21,98.8752,0,16478,161.517
b1_cf_wb_064mb_r03,b1_natural_flush_counterfactual,63,63.0528,208746,83.1419,11,12403.7,26740.8,26740.8,19,12420,27312.1,27312.1,398,6794.64,26926.9,27152.2,270,8531.08,27106.1,27438.7,8.78519,1368.39,968,33.802,132.208,205.465,151,95.29,189.127,266.507,1817,1817,35.0022,0,0,0,0,0,0,0,0,130.67,0,0,0,0,0,2104,21,99.0118,0,16629,161.794
b1_cf_wb_064mb_r03,b1_natural_flush_counterfactual,64,64.0535,210391,83.7971,8,22049.8,27482.8,27482.8,24,15868.1,27474.2,27520.1,366,9762.52,27344.6,27538,279,9423.59,27466.9,27735.7,8.89964,1271.52,837,39.908,122.754,193.699,131,88.72,171.152,282.902,1645,1645,35.0022,0,0,0,0,0,0,0,0,130.67,0,0,0,0,0,2293,18,99.2211,0,16760,162.034
b1_cf_wb_064mb_r03,b1_natural_flush_counterfactual,65,65.0541,211874,84.3877,8,19461.1,27740.7,27740.7,14,6489.57,27731.8,27731.8,360,6868.74,27702.8,27961.8,215,16881.9,28034.1,28454.6,8.39535,1731.47,771,37.544,133.183,196.488,115,93.007,203.415,319.096,1483,1483,36.0022,0,0,0,0,0,0,0,0,130.67,0,0,0,0,0,1704,30,98.2699,0,16875,162.255
b1_cf_wb_064mb_r03,b1_natural_flush_counterfactual,66,66.0547,213358,84.9788,10,20786.1,27996.2,27996.2,21,8206.53,35123.4,36443.2,335,7450.69,31288.3,35296.4,220,9901.46,35191.9,35733.5,9.37727,1469.31,784,35.849,129.169,313.484,114,97.539,244.138,952.015,1484,1484,36.0022,0,0,0,0,0,0,0,0,130.67,0,0,0,0,0,1748,28,98.4234,0,16989,162.479
b1_cf_wb_064mb_r03,b1_natural_flush_counterfactual,67,67.0555,214851,85.5735,5,6746.64,20696.3,20696.3,19,6825.94,37691.8,37691.8,337,11644.5,34019,37076.3,249,10640.1,35735.2,37539.6,8.54618,1532.36,761,36.301,129.749,210.481,122,97.24,178.24,244.865,1493,1493,36.0022,0,0,0,0,0,0,0,0,130.67,0,0,0,0,0,1961,23,98.8407,0,17111,162.697
b1_cf_wb_064mb_r03,b1_natural_flush_counterfactual,68,68.0561,216382,86.1832,11,47.004,28676.5,28676.5,15,6748.92,28663.8,28663.8,326,6973.09,28851.1,31310.3,256,11945.8,28939.5,31435,8.82422,1567.97,818,41.664,111.681,148.132,105,88.899,154.94,172.937,1531,1531,36.0022,0,0,0,0,0,0,0,0,130.67,0,0,0,0,0,2082,26,98.7666,0,17216,162.93
b1_cf_wb_064mb_r03,b1_natural_flush_counterfactual,69,69.0566,217521,86.6369,7,18435.6,37526,37526,12,16975.5,40496,40496,260,19009.4,39958.2,43642.3,160,18637.3,41716.9,43675.4,8.55625,2115.26,593,32.896,105.378,194.459,107,81.408,209.38,556.443,1139,1139,36.0022,0,0,0,0,0,0,0,0,130.67,0,0,0,0,0,1310,18,98.6446,0,17323,163.101
b1_cf_wb_064mb_r03,b1_natural_flush_counterfactual,70,70.0578,218756,87.1288,6,26666.4,36375,36375,13,18799.4,38233,38233,271,16749,39059.6,40461,199,16045,38727.4,41235.8,7.48744,2185.43,643,37.855,125.118,1787.53,103,88.212,252.812,1663.06,1235,1235,36.0022,0,0,0,0,0,0,0,0,130.67,0,0,0,0,0,1605,21,98.7085,0,17426,163.286
b1_cf_wb_064mb_r03,b1_natural_flush_counterfactual,71,71.0583,220004,87.6259,15,23362.3,39746.4,39746.4,4,11718.5,19527.7,19527.7,281,13902.1,39469.3,41157.3,192,16332,39027.6,40718.5,8.04688,2049.54,654,35.078,132.209,196.84,102,87.426,181.682,475.686,1248,1248,37.0022,0,0,0,0,0,0,0,0,130.67,0,0,0,0,0,1566,23,98.5525,0,17528,163.474
b1_cf_wb_064mb_r03,b1_natural_flush_counterfactual,72,72.0586,221450,88.2018,11,10567.1,52558.2,52558.2,22,15244.5,36500.7,38117.2,303,10663.1,37245.7,40322.3,226,15256,41023,52817.7,8.09292,1926.65,775,30.698,108.653,213.98,109,86.573,816.023,1217.14,1446,1446,37.0022,0,0,0,0,0,0,0,0,130.67,0,0,0,0,0,1858,23,98.7772,0,17637,163.695
b1_cf_wb_064mb_r03,b1_natural_flush_counterfactual,73,73.059,222918,88.7865,7,16411.6,41460.3,41460.3,14,12904,37947.8,37947.8,286,12410.6,38222.5,53796.5,250,15451.3,39380.2,47030.3,8.736,1770.95,798,34.814,131.192,1034.95,113,90.308,587.661,1103.9,1468,1468,37.0022,0,0,0,0,0,0,0,0,130.67,0,0,0,0,0,1992,20,99.006,0,17750,163.923
b1_cf_wb_064mb_r03,b1_natural_flush_counterfactual,74,74.0596,224121,89.2656,15,16801.9,36376.3,36376.3,21,17703.8,40956.9,44575.4,271,15571.4,41143.3,49269.2,199,15309.8,40966.3,48635.3,8.27638,1747.84,594,33.699,117.574,1806.83,103,87.195,240.377,1272.52,1203,1203,37.0022,0,0,0,0,0,0,0,0,130.67,0,0,0,0,0,1595,15,99.0683,0,17853,164.094
b1_cf_wb_064mb_r03,b1_natural_flush_counterfactual,75,75.0602,225299,89.7348,7,18878.9,42427.6,42427.6,14,25738.8,48087.8,48087.8,256,18467,40778.7,49255.9,187,19034.1,40906,48105,8.2139,2120.62,601,38.205,131.99,300.792,113,85.934,1160.96,1686.5,1178,1178,38.0022,0,0,0,0,0,0,0,0,130.67,0,0,0,0,0,1505,18,98.8181,0,17966,164.267
b1_cf_wb_064mb_r03,b1_natural_flush_counterfactual,76,76.0607,226207,90.0965,6,32095.4,38028,38028,8,21702.1,40933.8,40933.8,199,25327.7,41885.7,54968.7,143,26480,48455.9,56962.9,10.007,2305.38,484,45.84,171.438,7300.5,68,108.474,208.938,1285.99,908,908,38.0022,0,0,0,0,0,0,0,0,130.67,0,0,0,0,0,1119,13,98.8516,0,18034,164.405
b1_cf_wb_064mb_r03,b1_natural_flush_counterfactual,77,77.0611,227321,90.5402,3,18.131,24143.5,24143.5,16,17748.9,40271.3,40271.3,255,17007.7,41625.4,43380.1,178,18531.5,40337.4,42783.3,8.09551,2270.27,576,33.59,123.55,181.438,86,94.281,176.742,986.447,1114,1114,38.0022,0,0,0,0,0,0,0,0,130.67,0,0,0,0,0,1368,17,98.7726,0,18120,164.57
b1_cf_wb_064mb_r03,b1_natural_flush_counterfactual,78,78.0616,228212,90.895,7,20488.6,40759.7,40759.7,22,20888.3,42900.8,60354.9,203,18762.8,42840,50769.9,165,20684.3,43168,48880.3,6.87879,2955.61,431,40.234,125.939,354.355,63,98.457,770.534,1696.84,891,891,38.0022,0,0,0,0,0,0,0,0,130.67,0,0,0,0,0,1326,22,98.368,0,18183,164.694
b1_cf_wb_064mb_r03,b1_natural_flush_counterfactual,79,79.0621,229351,91.3487,8,15.12,40257.2,40257.2,14,15339,52616.6,52616.6,243,20136.3,42756.5,57039.5,157,16634.1,41600.8,52729.9,7.31847,2298.13,609,36.2,131.568,223.894,108,91.953,254.897,274.964,1139,1139,38.0022,0,0,0,0,0,0,0,0,130.67,0,0,0,0,0,1301,16,98.7851,0,18291,164.869
b1_cf_wb_064mb_r03,b1_natural_flush_counterfactual,80,80.0625,230662,91.8709,4,15736,20175,20175,12,16729.7,43165.5,43165.5,292,11325.9,41530.3,43302.2,205,15757.7,42685,43453,7.47805,2192.48,720,40.293,165.037,1107.39,78,104.62,549.33,1494.76,1311,1311,39.0023,0,0,0,0,0,0,0,0,130.67,0,0,0,0,0,1681,27,98.4192,0,18369,165.073
b1_cf_wb_064mb_r03,b1_natural_flush_counterfactual,81,81.063,231754,92.3058,7,25721.4,41957.5,41957.5,14,21930,46788.4,46788.4,224,21402.1,43150.1,50409.5,175,17462.5,42866.3,55061.6,8.13714,2096.92,598,44.706,144.096,7265.41,74,101.665,224.865,852.385,1092,1092,39.0023,0,0,0,0,0,0,0,0,130.67,0,0,0,0,0,1479,12,99.1952,0,18443,165.243
b1_cf_wb_064mb_r03,b1_natural_flush_counterfactual,82,82.0636,232966,92.7885,11,20.039,43108,43108,15,26360.8,38887,38887,253,15834.7,42440.6,51310.9,202,17100.4,42754.5,43366.5,8.17822,1960.79,647,35.214,147.648,224.062,84,90.113,310.912,705.902,1212,1212,39.0023,0,0,0,0,0,0,0,0,130.67,0,0,0,0,0,1614,10,99.3842,0,18527,165.427
b1_cf_wb_064mb_r03,b1_natural_flush_counterfactual,83,83.0641,234200,93.28,10,27819.6,49560.2,49560.2,11,15034.7,35986.4,35986.4,273,14625.3,41696.8,44351,193,18223.5,42971.8,44491.4,7.73575,2277.54,647,33.619,125.438,247.978,100,88.93,230.817,797.926,1234,1234,39.0023,0,0,0,0,0,0,0,0,130.67,0,0,0,0,0,1609,16,99.0154,0,18627,165.613
b1_cf_wb_064mb_r03,b1_natural_flush_counterfactual,84,84.0648,235078,93.6297,7,8128.17,44034,44034,8,32765.6,43814.8,43814.8,178,25860.3,44288.2,57956.4,144,24908.5,44351.1,50298.5,9.17361,2524.74,466,37.05,132.507,639.399,83,91.265,600.278,757.979,886,886,40.0023,0,0,0,0,0,0,0,0,130.67,0,0,0,0,0,1111,10,99.1079,0,18709,165.748
b1_cf_wb_064mb_r03,b1_natural_flush_counterfactual,85,85.0654,236179,94.0682,6,16278.2,33334.6,33334.6,12,17911.3,48232.2,48232.2,249,17436.3,41918.5,59453.3,181,17672.6,41695.2,54500.1,7.70718,2272.98,556,32.135,105.147,145.965,89,82.219,155.288,794.256,1093,1093,40.0023,0,0,0,0,0,0,0,0,130.67,0,0,0,0,0,1472,19,98.7257,0,18799,165.907
b1_cf_wb_064mb_r03,b1_natural_flush_counterfactual,86,86.0659,237189,94.4705,5,43119.1,44178.3,44178.3,13,21755.5,45438.3,45438.3,234,21649.4,44119.1,48547.7,141,19368.5,43642.5,44846.6,7.75177,2438.4,538,45.1,143.182,987.253,79,96.162,228.624,1725.2,1010,1010,40.0023,0,0,0,0,0,0,0,0,130.67,0,0,0,0,0,1134,11,99.0393,0,18878,166.061
b1_cf_wb_064mb_r03,b1_natural_flush_counterfactual,87,87.0666,238297,94.9118,7,9.693,11634.3,11634.3,13,20520.3,42471.3,42471.3,247,17373.3,42770.8,45086.5,181,17901.6,44334.6,45380.4,8.85083,2073.67,569,28.711,121.443,189.536,91,78.536,177.631,783.612,1108,1108,40.0023,0,0,0,0,0,0,0,0,130.67,0,0,0,0,0,1442,17,98.8348,0,18969,166.224
b1_cf_wb_064mb_r03,b1_natural_flush_counterfactual,88,88.0671,239515,95.3969,10,4154.98,30834.8,30834.8,13,23093.8,44707.5,44707.5,269,11885.8,42740.3,45065.6,196,11537.6,44156.3,61419.2,8.16327,1982.72,648,30.332,114.846,1144.73,82,87.009,206.966,1635.59,1218,1218,40.0023,0,0,0,0,0,0,0,0,130.67,0,0,0,0,0,1596,20,98.7624,0,19051,166.41
b1_cf_wb_064mb_r03,b1_natural_flush_counterfactual,89,89.0676,240623,95.8382,7,11572.7,35163.3,35163.3,14,32225.9,45703.2,45703.2,239,16116.5,44156.9,48299.1,165,14915.8,44707.9,48489.4,9.47273,1991.82,586,29.029,108.575,213.363,97,82.385,194.23,1656.3,1108,1108,41.0023,0,0,0,0,0,0,0,0,130.67,0,0,0,0,0,1303,17,98.7121,0,19148,166.578
b1_cf_wb_064mb_r03,b1_natural_flush_counterfactual,90,90.0681,241708,96.2704,10,27263.1,45106,45106,9,3527.52,43557.3,43557.3,243,12362.4,44333.3,59443.2,164,17649.1,44429.4,54545.1,8.42073,2334.69,557,25.875,129.264,339.463,102,102.495,397.123,1098.86,1085,1085,41.0023,0,0,0,0,0,0,0,0,130.67,0,0,0,0,0,1376,14,98.9928,0,19250,166.739
b1_cf_wb_064mb_r03,b1_natural_flush_counterfactual,91,91.0687,242969,96.7726,6,45399.1,62300.5,62300.5,24,18121.7,44109.2,45594.8,287,11216,44338.5,61196.8,206,12465.8,43441.7,58862.4,7.03398,2177.46,633,33.953,116.45,181.755,105,91.639,317.666,630.89,1261,1261,41.0023,0,0,0,0,0,0,0,0,130.67,0,0,0,0,0,1756,17,99.0412,0,19355,166.92
b1_cf_wb_064mb_r03,b1_natural_flush_counterfactual,92,92.0693,244093,97.2203,10,18917.6,43282.1,43282.1,20,11570.5,45052.6,45052.6,271,11979.3,44252.5,47587.3,175,12082.5,44878.9,52769.1,6.85714,2446,562,32.723,177.895,1377.11,86,92.675,753.701,1601.49,1124,1124,41.0023,0,0,0,0,0,0,0,0,130.67,0,0,0,0,0,1474,15,98.9926,0,19441,167.082
b1_cf_wb_064mb_r03,b1_natural_flush_counterfactual,93,93.0698,245231,97.6736,7,4752.41,34962.3,34962.3,12,11749.9,45812.1,45812.1,244,11912.4,49107.9,51892.9,190,12295.1,45450.2,54841.8,8.18421,2128.37,603,30.636,133.706,1381.88,82,82.204,694.701,1488.49,1138,1138,41.0023,0,0,0,0,0,0,0,0,130.67,0,0,0,0,0,1517,22,98.5705,0,19523,167.254
b1_cf_wb_064mb_r03,b1_natural_flush_counterfactual,94,94.0705,246455,98.1611,10,23309.3,45723.2,45723.2,19,22745,45672.8,45672.8,252,11786.7,44905.1,46431.3,177,15660.7,45275.5,54429.5,7.88701,2210.06,662,32.387,156.522,1001.06,104,92.341,573.206,1673.11,1224,1224,42.0023,0,0,0,0,0,0,0,0,130.67,0,0,0,0,0,1460,20,98.6486,0,19627,167.443
b1_cf_wb_064mb_r03,b1_natural_flush_counterfactual,95,95.0709,247711,98.6613,7,11755.3,33412.4,33412.4,14,12658.5,41282,41282,266,12922.9,45497,58153.4,207,11442.7,45198,58323.7,6.48792,2460.79,667,31.351,104.14,164.019,95,70.133,171.619,1370.83,1256,1256,42.0023,0,0,0,0,0,0,0,0,130.67,0,0,0,0,0,1738,18,98.9749,0,19722,167.634
b1_cf_wb_064mb_r03,b1_natural_flush_counterfactual,96,96.0713,248849,99.1146,8,9490.23,44634,44634,15,50.217,44710,44710,228,20013,44697,46839.1,204,17401.3,44802.1,45947,7.70588,2207.06,591,26.129,122.308,295.145,92,85.353,331.694,1463.69,1138,1138,42.0023,0,0,0,0,0,0,0,0,130.67,0,0,0,0,0,1680,18,98.9399,0,19814,167.804
b1_cf_wb_064mb_r03,b1_natural_flush_counterfactual,97,97.072,250038,99.5882,4,18735.5,21765.3,21765.3,8,24538.2,44845.8,44845.8,252,18013.1,44176,45851.7,210,12674.3,44852.8,45977.5,7.09524,2158.09,614,23.354,83.35,250.202,101,73.918,757.602,1275.92,1189,1189,42.0023,0,0,0,0,0,0,0,0,130.67,0,0,0,0,0,1722,17,99.0224,0,19915,167.981
b1_cf_wb_128mb_r01,b1_natural_flush_counterfactual,1,1.00029,33060,13.1675,209,96.505,1975.03,2230.13,370,171.998,1872.49,2116.12,7255,164.235,1930.82,2205.74,5233,251.251,2081.82,2321.65,78.7879,7.47808,17468,22.497,101.88,176.331,2527,56.821,161.248,248.635,33062,33062,6.002,0,0,0,0,0,0,0,0,130.669,0,0,0,0,0,22977,22374,50.6648,0,2526,135.699
b1_cf_wb_128mb_r01,b1_natural_flush_counterfactual,2,2.00326,44352,17.6651,65,2194.09,2911.63,3017.87,137,2228.93,3058.79,3318.1,2525,2244.12,3011.25,3183.79,1805,2382.88,3195.95,3360.8,55.7213,30.7821,5839,55.494,154.445,245.635,919,110.573,244.52,324.519,11290,11290,8.00201,0,0,0,0,0,0,0,0,130.669,0,0,0,0,0,11221,2079,84.3684,0,3446,137.36
b1_cf_wb_128mb_r01,b1_natural_flush_counterfactual,3,3.00466,52662,20.9749,61,3171.82,3812.64,13141.6,92,3176.89,3818.25,5958.2,1857,3185.39,3871.93,4116.51,1306,3322.41,4014.86,4224.52,48.0398,48.9479,4271,55.443,169.025,260.58,723,113.118,256.305,375.349,8310,8310,9.00202,0,0,0,0,0,0,0,0,130.669,0,0,0,0,0,8163,1021,88.8828,0,4169,138.576
b1_cf_wb_128mb_r01,b1_natural_flush_counterfactual,4,4.00579,60126,23.9477,57,3985.75,4576.98,5255.86,89,3940.47,4569.14,4865.55,1683,3896.17,4542.57,4845.13,1203,4073.16,4710.42,4943.82,42.5528,61.2201,3816,57.772,165.82,264.071,616,113.398,236.999,307.62,7464,7464,10.002,0,0,0,0,0,0,0,0,130.669,0,0,0,0,0,7622,634,92.3207,0,4785,139.662
b1_cf_wb_128mb_r01,b1_natural_flush_counterfactual,5,5.00709,67137,26.7401,49,4638.67,5286.57,5445.82,81,563.117,5164.76,5778.9,1460,4537.23,5271.22,5618.2,1131,4637.16,5468.73,5846.74,39.4058,72.7984,3765,55.411,156.674,262.783,525,111.555,232.865,360.106,7011,7011,11.002,0,0,0,0,0,0,0,0,130.669,0,0,0,0,0,7119,441,94.1667,0,5310,140.728
b1_cf_wb_128mb_r01,b1_natural_flush_counterfactual,6,6.00871,72702,28.9566,29,4987.47,5718.65,6934.36,62,5271.34,5763.43,10390.6,1175,5232.15,9572.03,10432,905,5347.97,7169.38,10557.4,37.0122,96.7947,2966,60.003,192.077,298.596,428,127.377,261.922,349.007,5565,5565,12.002,0,0,0,0,0,0,0,0,130.669,0,0,0,0,0,5781,320,94.755,0,5738,141.57
b1_cf_wb_128mb_r01,b1_natural_flush_counterfactual,7,7.00996,77507,30.8704,28,2580.72,6358.65,10725.2,67,5583.44,10941.1,11491,1055,5734.22,10860.6,11469.9,741,5764.19,10843,11519.5,32.5304,125.847,2522,61.301,224.125,329.831,392,130.913,300.505,412.027,4805,4805,13.0021,0,0,0,0,0,0,0,0,130.669,0,0,0,0,0,4620,217,95.5137,0,6130,142.286
b1_cf_wb_128mb_r01,b1_natural_flush_counterfactual,8,8.01124,82870,33.0065,26,1717.6,6880.07,17814.2,72,2217.04,11239.9,18297.3,1227,1795.72,11259.4,12263.3,824,1953.38,11266.2,12686.6,32.8058,112.589,2770,49.242,177.833,281.06,448,114.789,261.481,352.666,5367,5367,14.0021,0,0,0,0,0,0,0,0,130.669,0,0,0,0,0,5379,236,95.797,0,6577,143.081
b1_cf_wb_128mb_r01,b1_natural_flush_counterfactual,9,9.0127,87719,34.9378,33,4204.99,12233.7,14390.8,51,4534.79,12261.2,13581.7,1120,1931.69,11524.3,13503,736,2230.71,11989.9,13649.2,28.6712,145.154,2514,48.872,185.03,292.271,394,111.258,267.331,398.872,4848,4848,14.0021,0,0,0,0,0,0,0,0,130.669,0,0,0,0,0,4746,207,95.8207,0,6970,143.795
b1_cf_wb_128mb_r01,b1_natural_flush_counterfactual,10,10.0139,91938,36.6182,23,2229.02,13018.1,14085.4,45,6352.67,14104,14291.4,924,2577.53,13719.2,14562.4,681,3181.11,13696.1,14698.2,27.5698,172.914,2179,53.177,192.716,319.454,364,120.311,254.759,329.862,4216,4216,15.0021,0,0,0,0,0,0,0,0,130.669,0,0,0,0,0,4394,132,97.0835,0,7336,144.419
b1_cf_wb_128mb_r01,b1_natural_flush_counterfactual,11,11.015,96617,38.4818,29,4152.06,11980.1,14589.7,61,1987.41,10249.1,14897.2,1060,2082.14,9708.54,14787.2,782,2204.26,10255.5,14969.9,24.7954,167.584,2388,44.802,184.047,266.483,359,111.385,262.386,331.485,4679,4679,16.0021,0,0,0,0,0,0,0,0,130.669,0,0,0,0,0,4965,200,96.1278,0,7695,145.096
b1_cf_wb_128mb_r01,b1_natural_flush_counterfactual,12,12.0161,100817,40.1546,31,2177.29,13209.7,15246.1,45,2126.87,9042.77,13589.9,938,2468.42,10186.5,15951.3,661,2464.86,11996,16275.7,24.4463,193.511,2180,44.783,159.017,270.066,345,107.289,232.554,303.44,4200,4200,16.0021,0,0,0,0,0,0,0,0,130.669,0,0,0,0,0,4167,118,97.2462,0,8040,145.72
b1_cf_wb_128mb_r01,b1_natural_flush_counterfactual,13,13.0172,104473,41.6108,25,9086.92,16479.8,16694.5,40,8022.65,15320.7,17411.3,801,3060.19,14907.4,16952.4,591,6334.26,14678.3,17355.2,22.8545,243.411,1892,49.974,192.234,274.59,307,114.451,254.842,403.7,3656,3656,17.0021,0,0,0,0,0,0,0,0,130.669,0,0,0,0,0,3723,120,96.8774,0,8347,146.26
b1_cf_wb_128mb_r01,b1_natural_flush_counterfactual,14,14.0181,107833,42.949,15,8888.45,14854.6,14854.6,35,9524.31,12539,17947.3,759,9043.39,10555.7,17585.4,512,8344.05,12591.4,17841.4,19.4785,298.448,1777,58.219,188.87,310.91,262,124.226,321.277,450.002,3360,3360,17.0021,0,0,0,0,0,0,0,0,130.669,0,0,0,0,0,3219,102,96.9286,0,8609,146.764
b1_cf_wb_128mb_r01,b1_natural_flush_counterfactual,15,15.019,110776,44.1212,19,1874.48,10883.1,10883.1,22,8424.44,10806.4,19439.4,588,9979.16,10815.9,18583.8,515,10058.2,11033.5,18526.8,21.4524,312.731,1562,58.941,196.219,304.735,237,119.532,290.796,378.941,2943,2943,18.0021,0,0,0,0,0,0,0,0,130.669,0,0,0,0,0,3211,88,97.3325,0,8846,147.208
b1_cf_wb_128mb_r01,b1_natural_flush_counterfactual,16,16.0198,113938,45.3806,30,9489.59,10738.7,20058.6,31,10466.3,17725.7,21167.9,731,9438.63,10994.2,19188.7,520,6256.34,11103.6,19434.4,21.7,267.713,1610,57.05,209.34,305.753,240,123.674,283.651,369.668,3162,3162,18.0021,0,0,0,0,0,0,0,0,130.669,0,0,0,0,0,3329,87,97.4532,0,9086,147.666
b1_cf_wb_128mb_r01,b1_natural_flush_counterfactual,17,17.0206,116879,46.552,20,9263.15,14036.3,14036.3,26,10401.4,11661.8,19788.6,637,8871.88,17307.8,20071.9,473,10888.6,13066.5,20464.2,21.8309,321.866,1550,61.036,227.703,334.567,239,127.704,285.646,405.532,2945,2945,19.0021,0,0,0,0,0,0,0,0,130.669,0,0,0,0,0,3081,66,97.9028,0,9324,148.106
b1_cf_wb_128mb_r01,b1_natural_flush_counterfactual,18,18.0215,119377,47.5469,17,11540.1,21275.2,21275.2,25,10220.5,22117.2,27450.7,540,10580.8,20173.2,21368.7,394,10686.8,20364.4,21924.1,21.9822,367.174,1302,62.95,217.036,299.807,216,132.163,278.858,424.155,2494,2494,19.0021,0,0,0,0,0,0,0,0,130.669,0,0,0,0,0,2535,68,97.3876,0,9541,148.477
b1_cf_wb_128mb_r01,b1_natural_flush_counterfactual,19,19.0222,122265,48.6972,19,2051.96,21739.2,21739.2,31,8184.57,13800.6,16965.1,661,7514.85,20965.1,21720.7,461,5568.54,17955,21721,20.5662,319.269,1503,58.829,212.879,314.6,220,141.062,362.854,729.696,2895,2895,20.0021,0,0,0,0,0,0,0,0,130.669,0,0,0,0,0,2974,76,97.5082,0,9758,148.906
b1_cf_wb_128mb_r01,b1_natural_flush_counterfactual,20,20.0231,124802,49.7077,15,56.181,12741.6,12741.6,36,12211.4,12766.5,20833.5,585,10453,21452.3,22386.5,403,11188.4,21446.1,22230.4,15.7444,499.409,1313,58.586,210.918,288.191,177,126.308,249.071,312.114,2529,2529,20.0021,0,0,0,0,0,0,0,0,130.669,0,0,0,0,0,2646,71,97.3868,0,9938,149.276
b1_cf_wb_128mb_r01,b1_natural_flush_counterfactual,21,21.0238,127346,50.7209,21,4507.68,12803.7,12941.4,25,12460.2,13797.6,21572.4,541,11236.8,17706.9,22544.9,393,11153.1,21615.2,22881.2,17.8346,453.804,1357,56.115,215.13,341.707,207,125.504,300.977,431.998,2544,2544,20.0021,0,0,0,0,0,0,0,0,130.669,0,0,0,0,0,2587,49,98.1411,0,10145,149.662
b1_cf_wb_128mb_r01,b1_natural_flush_counterfactual,22,22.0246,130046,51.7963,22,12428.2,20950.2,23382.5,29,11605.8,13386.6,23413.1,606,3774.31,21942.5,23502,428,9369.75,19678.8,23558,17.3902,428.219,1420,55.979,181.995,268.239,195,115.974,270.837,360.078,2700,2700,21.0021,0,0,0,0,0,0,0,0,130.669,0,0,0,0,0,2819,51,98.223,0,10340,150.064
b1_cf_wb_128mb_r01,b1_natural_flush_counterfactual,23,23.0253,132523,52.7829,20,8934.82,14313.2,14313.2,27,12387.9,23756.7,24468.1,549,10640.8,20025,24097.6,348,10876.1,21161.2,24185.1,17.2069,489.469,1322,55.037,207.301,306.825,211,118.128,286.664,394.397,2477,2477,21.0021,0,0,0,0,0,0,0,0,130.669,0,0,0,0,0,2309,69,97.0984,0,10551,150.44
b1_cf_wb_128mb_r01,b1_natural_flush_counterfactual,24,24.0263,134829,53.7013,15,12312.4,24310.9,24310.9,30,9849.86,16915,24447.2,511,12196.1,22476.6,24458.5,361,11512.2,20946.9,24797.7,15.4986,548.57,1197,63.427,221.257,311.761,192,135.893,283.195,382.244,2306,2306,22.0021,0,0,0,0,0,0,0,0,130.669,0,0,0,0,0,2272,40,98.2699,0,10743,150.78
b1_cf_wb_128mb_r01,b1_natural_flush_counterfactual,25,25.0269,137512,54.7699,22,3508.1,14447.4,22204.6,26,10953.5,18498,25057.3,601,4069.08,16147,24729.2,412,5782.92,15428.6,25097.6,14.0971,548.813,1405,50.05,195.789,277.684,217,113.29,283.533,460.36,2683,2683,22.0021,0,0,0,0,0,0,0,0,130.669,0,0,0,0,0,2691,50,98.1758,0,10960,151.181
b1_cf_wb_128mb_r01,b1_natural_flush_counterfactual,26,26.0279,139962,55.7458,13,6880.08,25160.8,25160.8,31,11729.1,23270.2,25584.5,546,4472.01,20420.3,25851,390,4374.15,22960.7,25827.4,15.3872,525.205,1282,50.77,173.997,339.657,188,111.082,263.861,357.478,2450,2450,22.0021,0,0,0,0,0,0,0,0,130.669,0,0,0,0,0,2575,44,98.32,0,11148,151.546
b1_cf_wb_128mb_r01,b1_natural_flush_counterfactual,27,27.0286,142226,56.6475,20,13160.1,26548.6,26548.6,25,1425.23,15392.7,25862.5,526,10862.2,15214,26296,365,12402.8,15610.1,26361.8,16.0932,545.742,1138,56.762,193.251,285.696,190,118.259,255.616,319.802,2264,2264,23.0021,0,0,0,0,0,0,0,0,130.669,0,0,0,0,0,2462,56,97.776,0,11338,151.87
b1_cf_wb_128mb_r01,b1_natural_flush_counterfactual,28,28.0295,144456,57.5357,17,13838,15894.7,15894.7,22,12896.5,15112.2,15444.7,524,12191.7,15475.7,26439.7,361,12905.9,15619.4,26836.4,16.3352,540.335,1128,56.481,188.069,268.098,178,113.821,219.017,301.94,2230,2230,23.0021,0,0,0,0,0,0,0,0,130.669,0,0,0,0,0,2363,45,98.1312,0,11516,152.191
b1_cf_wb_128mb_r01,b1_natural_flush_counterfactual,29,29.0302,146829,58.4808,20,10239.1,26445.4,26445.4,24,48.298,15447.8,15603.1,504,10343.3,16068.1,26115.4,380,11363.6,16441.5,26808.3,15.8079,555.214,1276,56.016,178.866,287.802,169,112.254,263.594,344.733,2373,2373,23.0021,0,0,0,0,0,0,0,0,130.669,0,0,0,0,0,2506,50,98.0438,0,11685,152.552
b1_cf_wb_128mb_r01,b1_natural_flush_counterfactual,30,30.0309,148908,59.3089,13,15757.1,27557.8,27557.8,23,10438.4,16622.7,20782,470,12732.4,16710.2,27477.1,302,11723,16766.9,27063.8,13.3146,695.505,1101,52.167,155.225,233.974,170,112.303,218.779,265.749,2079,2079,24.0021,0,0,0,0,0,0,0,0,130.669,0,0,0,0,0,2042,56,97.3308,0,11855,152.867
b1_cf_wb_128mb_r01,b1_natural_flush_counterfactual,31,31.0316,150925,60.1122,9,15978.6,28773.9,28773.9,24,11742.9,16757,27333.8,482,12554.9,17183.6,28726.4,331,10634.2,17124.2,28869.4,14.9728,590.967,1012,57.961,183.698,353.686,159,123.505,308.561,490.172,2017,2017,24.0021,0,0,0,0,0,0,0,0,130.669,0,0,0,0,0,2186,42,98.1149,0,12014,153.155
b1_cf_wb_128mb_r01,b1_natural_flush_counterfactual,32,32.0324,152886,60.8933,17,16075.5,16935.1,16935.1,26,15510.5,16955.8,28505.3,437,13155.7,16659.3,26931.8,316,15910.7,17205.1,28556.5,14.481,729.31,1000,58.079,194.083,311.871,165,120.699,293.477,352.058,1961,1961,24.0021,0,0,0,0,0,0,0,0,130.669,0,0,0,0,0,2111,32,98.5068,0,12179,153.44
b1_cf_wb_128mb_r01,b1_natural_flush_counterfactual,33,33.033,154981,61.7277,19,16538.4,17219.9,17219.9,25,12285,16942.3,18064.6,450,14264.8,17211.7,18160.8,349,10978,17508.3,27485.7,11.6848,778.256,1091,57.222,199.965,275.011,161,118.765,277.728,346.612,2095,2095,25.0021,0,0,0,0,0,0,0,0,130.669,0,0,0,0,0,2314,47,98.0093,0,12340,153.75
b1_cf_wb_128mb_r01,b1_natural_flush_counterfactual,34,34.0337,157137,62.5864,14,16783.1,17516.9,17516.9,19,11808.3,17667.6,17667.6,476,11899.7,17634.4,18246.7,361,10038.3,17789.2,18384.7,13.0305,668.397,1141,55.468,177.875,265.897,145,111.894,239.021,411.344,2156,2156,25.0021,0,0,0,0,0,0,0,0,130.669,0,0,0,0,0,2393,44,98.1945,0,12485,154.073
b1_cf_wb_128mb_r01,b1_natural_flush_counterfactual,35,35.0347,159075,63.3583,8,9320.16,17399.8,17399.8,22,17262.5,17607.2,30277.8,432,14889.8,17869.7,30350.5,306,15052.8,18049,29514.5,13.9837,735.68,1022,56.149,195.322,336.772,148,119.874,313.608,421.301,1938,1938,25.0021,0,0,0,0,0,0,0,0,130.669,0,0,0,0,0,2103,34,98.409,0,12633,154.364
b1_cf_wb_128mb_r01,b1_natural_flush_counterfactual,36,36.0353,160889,64.0808,12,16665.6,31749.7,31749.7,16,15643.9,18077.4,18077.4,358,15525.2,19225.6,31160.4,312,15600,19389.6,30372.1,13.5128,843.869,970,54.719,191.123,284.906,146,114.075,201.091,265.754,1814,1814,26.0022,0,0,0,0,0,0,0,0,130.669,0,0,0,0,0,2158,32,98.5388,0,12779,154.641
b1_cf_wb_128mb_r01,b1_natural_flush_counterfactual,37,37.0359,162909,64.8854,12,17937.1,29729.4,29729.4,24,29.086,18392.9,18695.7,459,9666.91,18470.2,29699.1,323,14352.9,18731.2,29863.3,11.548,931.052,1049,59.805,179.735,245.238,153,119.068,231.464,293.858,2020,2020,26.0022,0,0,0,0,0,0,0,0,130.669,0,0,0,0,0,2182,33,98.5102,0,12932,154.939
b1_cf_wb_128mb_r01,b1_natural_flush_counterfactual,38,38.0366,164981,65.7106,14,17145.9,18438,18438,14,12018.3,19004.2,19004.2,418,13779.5,18798.1,19258.8,335,13827,18775.3,19498,10.8179,961.718,1123,55.133,186.483,275.728,168,113.665,242.48,289.114,2072,2072,26.0022,0,0,0,0,0,0,0,0,130.669,0,0,0,0,0,2266,43,98.1377,0,13100,155.258
b1_cf_wb_128mb_r01,b1_natural_flush_counterfactual,39,39.0373,166957,66.4977,12,290.297,18507.3,18507.3,21,12415.4,19211.6,19270.2,426,10881.1,18926.6,23732.4,334,12661.9,19363.6,27497.9,12.2605,836.2,1039,54.842,152.671,229.697,144,111.259,207.641,337.81,1976,1976,26.0022,0,0,0,0,0,0,0,0,130.669,0,0,0,0,0,2290,39,98.3255,0,13244,155.553
b1_cf_wb_128mb_r01,b1_natural_flush_counterfactual,40,40.038,168711,67.1963,7,10991.1,19655.8,19655.8,23,1527.17,19427.6,19578.1,412,18273,19637.5,21851.6,283,16961.1,19675.9,21588,10.9929,965.927,896,58.758,172.826,226.998,133,114.308,194.359,236.992,1754,1754,27.0022,0,0,0,0,0,0,0,0,130.669,0,0,0,0,0,1902,37,98.0918,0,13377,155.808
b1_cf_wb_128mb_r01,b1_natural_flush_counterfactual,41,41.0386,170399,67.8686,14,7654.36,33713.7,33713.7,20,17343.9,19262.7,19262.7,378,14536,21055.5,33773.5,285,15723.3,24249.1,33517.7,10.3193,1113.49,852,55.465,232.494,479.218,139,115.93,290.958,356.107,1688,1688,27.0022,0,0,0,0,0,0,0,0,130.669,0,0,0,0,0,1965,29,98.5456,0,13516,156.05
b1_cf_wb_128mb_r01,b1_natural_flush_counterfactual,42,42.0392,172213,68.5911,14,13696.3,19648.1,19648.1,15,15701.4,34346.3,34346.3,384,13718.2,21098.3,29815.9,295,14176.9,22495.7,34854.2,11.6678,1006.62,950,54.15,194.834,260.911,156,116.958,267.909,378.196,1814,1814,27.0022,0,0,0,0,0,0,0,0,130.669,0,0,0,0,0,2013,46,97.7659,0,13672,156.321
b1_cf_wb_128mb_r01,b1_natural_flush_counterfactual,43,43.0395,174024,69.3124,10,15375.7,19874.5,19874.5,15,5754.15,34955.6,34955.6,426,13080.3,25587.9,33929.5,244,12655.2,27204.4,34173,12.3689,889.077,940,45.234,168.473,284.389,176,104.483,259.546,362.825,1811,1811,28.0022,0,0,0,0,0,0,0,0,130.669,0,0,0,0,0,1725,24,98.6278,0,13848,156.591
b1_cf_wb_128mb_r01,b1_natural_flush_counterfactual,44,44.04,176206,70.1815,14,6510.84,21014.1,21014.1,27,18.9,19823.8,34559.4,495,4945.66,24270.4,35544.8,343,5266.44,21966.7,34391.5,11.6822,812.97,1134,42.57,151.673,234.896,169,99.068,240.722,313.895,2182,2182,28.0022,0,0,0,0,0,0,0,0,130.669,0,0,0,0,0,2438,38,98.4653,0,14017,156.914
b1_cf_wb_128mb_r01,b1_natural_flush_counterfactual,45,45.0406,178126,70.9462,14,11836.9,20814.2,20814.2,22,11357.6,34520.2,35142,433,10384.4,21425.2,30324.6,293,10073.7,21916.8,34604,9.02048,1132.06,989,38.979,158.364,228.29,174,90.847,194.111,235.826,1925,1925,28.0022,0,0,0,0,0,0,0,0,130.669,0,0,0,0,0,2137,25,98.8437,0,14191,157.2
b1_cf_wb_128mb_r01,b1_natural_flush_counterfactual,46,46.0412,179869,71.6404,5,19313.4,20834.2,20834.2,22,446.201,21614.4,21616.1,405,13168.8,21493.7,22131.4,262,15412.9,21494.2,24025.8,10.3053,1188.29,904,56.881,167.406,293.171,140,112.93,338.712,6579.94,1738,1738,29.0022,0,0,0,0,0,0,0,0,130.669,0,0,0,0,0,1902,28,98.5492,0,14331,157.456
b1_cf_wb_128mb_r01,b1_natural_flush_counterfactual,47,47.0419,181683,72.3629,16,8373.52,36160.2,36160.2,20,13550,21986.9,21986.9,383,10740.2,22603.2,35903.7,286,13664.2,22135.1,33097.2,9.54196,1198.34,961,56.197,226.025,421.474,148,122.626,355.683,412.707,1814,1814,29.0022,0,0,0,0,0,0,0,0,130.669,0,0,0,0,0,2016,39,98.1022,0,14479,157.729
b1_cf_wb_128mb_r01,b1_natural_flush_counterfactual,48,48.0426,183601,73.1268,16,8464.08,21540.5,21540.5,21,39.442,21542.5,21616.7,380,11857.4,21833.2,24774.8,295,12244.2,22001.8,22694.7,10.322,1085.26,1068,47.898,139.788,242.578,138,101.684,234.879,267.78,1918,1918,29.0022,0,0,0,0,0,0,0,0,130.669,0,0,0,0,0,2095,46,97.8515,0,14617,158.032
b1_cf_wb_128mb_r01,b1_natural_flush_counterfactual,49,49.0432,185320,73.8115,6,19402.5,21952.1,21952.1,18,12044.2,24208.5,24208.5,388,8708.08,22574,38463.6,286,14060.2,24147.7,38901.6,9.83916,1255.02,890,53.071,190.147,271.826,131,118.966,255.291,382.868,1719,1719,29.0022,0,0,0,0,0,0,0,0,130.669,0,0,0,0,0,2027,38,98.1598,0,14748,158.285
b1_cf_wb_128mb_r01,b1_natural_flush_counterfactual,50,50.0436,186849,74.4205,13,13083.6,39359.2,39359.2,16,21970.7,29299.5,29299.5,351,13465.5,29305,39143.3,248,12916.7,26331.4,39037.7,9.65726,1240.8,774,52.851,173.878,275.924,127,106.342,301.756,388.071,1529,1529,30.0022,0,0,0,0,0,0,0,0,130.669,0,0,0,0,0,1773,33,98.1728,0,14875,158.507
b1_cf_wb_128mb_r01,b1_natural_flush_counterfactual,51,51.0452,188357,75.0211,10,15466.4,25964.7,25964.7,22,15123.8,22981.3,23207.1,327,14751.5,29183,34914.7,241,14550.4,29560,39805.1,10.8921,1216.98,774,56.458,191.894,319.795,134,114.31,269.219,318.748,1508,1508,30.0022,0,0,0,0,0,0,0,0,130.669,0,0,0,0,0,1794,14,99.2257,0,15009,158.728
b1_cf_wb_128mb_r01,b1_natural_flush_counterfactual,52,52.0458,189944,75.6532,13,15163,23501.1,23501.1,22,15546.2,23586,23641.2,362,11227.1,31476.8,39492,279,11067.9,31682.5,40210.7,10.595,1086.86,784,51.858,178.709,354.799,127,108.694,269.314,319.428,1587,1587,30.0022,0,0,0,0,0,0,0,0,130.669,0,0,0,0,0,2048,27,98.6988,0,15136,158.953
b1_cf_wb_128mb_r01,b1_natural_flush_counterfactual,53,53.0463,191674,76.3422,16,8494.5,38088.9,38088.9,17,8826.51,18712.5,18712.5,376,11316.3,25022.8,34617.4,290,11477.9,24534.5,34718.5,11.7586,972.351,888,50.453,156.5,255.176,143,109.532,235.053,296.621,1730,1730,30.0022,0,0,0,0,0,0,0,0,130.669,0,0,0,0,0,2069,23,98.9006,0,15279,159.206
b1_cf_wb_128mb_r01,b1_natural_flush_counterfactual,54,54.0469,193383,77.0229,17,19.255,24008.6,24008.6,20,13041.4,23742.6,23742.6,367,11517.2,24748.2,35069.9,283,12458.7,24332.6,37397.5,8.34629,1475.1,894,53.228,184.285,357.268,128,102.715,264.102,439.32,1709,1709,31.0022,0,0,0,0,0,0,0,0,130.669,0,0,0,0,0,2008,28,98.6248,0,15407,159.461
b1_cf_wb_128mb_r01,b1_natural_flush_counterfactual,55,55.0477,194901,77.6275,9,5022.75,23785.9,23785.9,12,12822.4,24381.4,24381.4,374,13088.7,29558.2,40807.7,249,13299.7,31601.7,41129.8,10.6988,1180.73,758,55.022,186.699,373.217,118,122.846,259.605,565.259,1520,1520,31.0022,0,0,0,0,0,0,0,0,130.669,0,0,0,0,0,1806,25,98.6346,0,15523,159.678
b1_cf_wb_128mb_r01,b1_natural_flush_counterfactual,56,56.0484,196636,78.3186,13,15072.5,38978,38978,18,15428.8,42132,42132,352,11603.1,27084,38114,284,12642.7,27301.3,39158.9,10.662,1138.81,916,46.06,165.107,270.306,149,96.426,204.606,5255.83,1732,1732,31.0022,0,0,0,0,0,0,0,0,130.669,0,0,0,0,0,2135,30,98.6143,0,15673,159.939
b1_cf_wb_128mb_r01,b1_natural_flush_counterfactual,57,57.049,198423,79.0303,12,3108.39,41798.6,41798.6,9,6547.67,24797.2,24797.2,404,5781.35,30965,40469.4,309,6088.68,34307.2,40858.6,11.0227,1050.42,930,45.553,125.456,202.097,125,107.841,170.788,202.61,1789,1789,31.0022,0,0,0,0,0,0,0,0,130.669,0,0,0,0,0,2278,28,98.7858,0,15799,160.204
b1_cf_wb_128mb_r01,b1_natural_flush_counterfactual,58,58.0498,200248,79.7572,13,21944.9,39646.5,39646.5,21,5816.6,25450.5,25650.4,419,5942.88,28002,39623.1,284,6252.25,25840,39770.7,9.09155,1240.25,937,45.112,156.809,277.604,148,91.809,230.777,348.195,1822,1822,32.0022,0,0,0,0,0,0,0,0,130.669,0,0,0,0,0,2050,33,98.4157,0,15947,160.471
b1_cf_wb_128mb_r01,b1_natural_flush_counterfactual,59,59.0504,201872,80.404,17,16646.9,25267.4,25267.4,16,14008.4,36564.3,36564.3,341,13505.9,29609.5,42305.3,241,12916.7,29945.9,42578.1,8.20747,1551.67,869,44.109,159.751,230.277,140,99.649,188.138,232.001,1624,1624,32.0022,0,0,0,0,0,0,0,0,130.669,0,0,0,0,0,1802,31,98.3088,0,16087,160.719
b1_cf_wb_128mb_r01,b1_natural_flush_counterfactual,60,60.051,203695,81.1301,9,7909.12,27230.6,27230.6,18,2745.25,25313.1,25313.1,413,6190.83,26861.5,38320.7,295,6353.41,26377.5,29667.9,9.8339,1063.61,958,37.166,128.23,218.856,130,93.872,231.079,312.969,1823,1823,32.0022,0,0,0,0,0,0,0,0,130.669,0,0,0,0,0,2179,35,98.4192,0,16217,160.992
b1_cf_wb_128mb_r01,b1_natural_flush_counterfactual,61,61.0517,205432,81.8219,13,11674.2,26685.8,26685.8,21,19889.6,26535.3,26626.4,400,6197.39,26487.3,29361.6,270,9077.15,26690.6,29441.3,7.43333,1587.42,886,37.978,187.983,295.809,147,93.107,231.952,297.503,1737,1737,32.0022,0,0,0,0,0,0,0,0,130.669,0,0,0,0,0,1992,29,98.5651,0,16364,161.246
b1_cf_wb_128mb_r01,b1_natural_flush_counterfactual,62,62.0523,207040,82.4624,4,21196.4,26417.9,26417.9,21,9203.51,26929.2,27753.1,367,6262.35,26895.2,32362.3,263,6655.51,27007.5,31248.1,8.20913,1515.79,827,36.746,115.79,188.912,126,90.736,181.276,270.51,1608,1608,33.0022,0,0,0,0,0,0,0,0,130.669,0,0,0,0,0,2024,21,98.9731,0,16490,161.483
b1_cf_wb_128mb_r01,b1_natural_flush_counterfactual,63,63.0529,208926,83.2136,11,5087.54,32711.4,32711.4,21,6265.87,26481.6,26649.5,405,6279.23,26835.5,32644.2,285,6342.27,27480.3,39546.7,9.49825,1164.03,1007,32.116,127.134,217.949,157,77.807,198.814,375.016,1886,1886,33.0022,0,0,0,0,0,0,0,0,130.669,0,0,0,0,0,2113,26,98.7845,0,16647,161.771
b1_cf_wb_128mb_r01,b1_natural_flush_counterfactual,64,64.0535,210635,83.8943,9,25760.3,31736,31736,23,14841,27203.4,27767.2,397,9400.94,27341,28005.8,276,10964.6,27220,28017.1,8.17754,1383.19,872,40.63,119.53,174.453,132,94.397,200.322,330.343,1709,1709,33.0022,0,0,0,0,0,0,0,0,130.669,0,0,0,0,0,2108,17,99.2,0,16779,162.02
b1_cf_wb_128mb_r01,b1_natural_flush_counterfactual,65,65.0542,212141,84.4941,9,21404.4,28124.2,28124.2,16,22215.3,37495.5,37495.5,361,6674.36,27558.4,28485.2,224,15966.4,28102.5,37642.8,8.74107,1592.32,785,44.024,122.308,239.061,111,92.648,194.814,223.545,1506,1506,34.0022,0,0,0,0,0,0,0,0,130.669,0,0,0,0,0,1695,32,98.1471,0,16890,162.244
b1_cf_wb_128mb_r01,b1_natural_flush_counterfactual,66,66.0548,213914,85.2003,8,15799.8,28070.5,28070.5,25,17788.3,35945.2,36103.2,389,6742.73,29662.4,35982.9,280,6820.39,28860.3,36116.6,8.86071,1265.09,928,34.225,138.238,226.052,143,90.028,209.698,267.169,1773,1773,34.0022,0,0,0,0,0,0,0,0,130.669,0,0,0,0,0,2062,28,98.6603,0,17033,162.51
b1_cf_wb_128mb_r01,b1_natural_flush_counterfactual,67,67.0555,215528,85.8431,10,6918.38,28196.4,28196.4,15,10139.5,28464.6,28464.6,358,6850.99,28247.7,36768.5,273,9280.8,29061.5,37019.8,8.53114,1514.79,830,36.885,119.684,247.849,128,91.223,162.599,228.53,1614,1614,34.0022,0,0,0,0,0,0,0,0,130.669,0,0,0,0,0,2043,30,98.5528,0,17161,162.748
b1_cf_wb_128mb_r01,b1_natural_flush_counterfactual,68,68.0561,217006,86.4318,10,8607.66,37401.5,37401.5,18,6722.19,34294.5,34294.5,331,10952.9,32798.4,38226.8,220,12882.7,33407.8,37045.7,8.92273,1559.48,792,30.102,116.063,937.806,107,83.022,260.127,1531.7,1478,1478,34.0022,0,0,0,0,0,0,0,0,130.669,0,0,0,0,0,1728,27,98.4615,0,17268,162.974
b1_cf_wb_128mb_r01,b1_natural_flush_counterfactual,69,69.0567,218214,86.9129,7,11772.4,28961.9,28961.9,12,20753.5,32403.3,32403.3,278,12171.3,36431.8,45364.8,179,13347.9,41122.6,52507.6,8.26257,2105.75,617,31.89,179.611,312.537,115,100.475,297.027,1407.83,1208,1208,34.0022,0,0,0,0,0,0,0,0,130.669,0,0,0,0,0,1400,18,98.7306,0,17383,163.152
b1_cf_wb_128mb_r01,b1_natural_flush_counterfactual,70,70.0572,219714,87.5104,14,16446.6,28908.9,28908.9,8,11322.8,29557,29557,320,11618.8,37226.7,41986.2,238,10913.1,37476.1,41057.3,8.34874,1624.32,796,35.211,139.411,418.846,124,87.192,187.653,1462.89,1500,1500,35.0022,0,0,0,0,0,0,0,0,130.669,0,0,0,0,0,1785,23,98.7279,0,17507,163.38
b1_cf_wb_128mb_r01,b1_natural_flush_counterfactual,71,71.0577,220954,88.0042,8,14094.6,29549.7,29549.7,17,21899.2,36626.9,36626.9,256,14111.5,38158.7,42802.9,198,17351.6,40771.8,52626.3,7.16667,2462.89,668,36.168,121.112,204.85,93,83.557,185.185,1268.24,1240,1240,35.0022,0,0,0,0,0,0,0,0,130.669,0,0,0,0,0,1543,21,98.6573,0,17600,163.571
b1_cf_wb_128mb_r01,b1_natural_flush_counterfactual,72,72.0582,222511,88.6244,9,24453.4,36954.2,36954.2,17,7753.58,36328.5,36328.5,307,10503.4,36221,42003.2,254,11166.6,36722.7,40676.3,8.7874,1658.5,842,31.896,110.146,662.161,129,76.036,204.465,1035.58,1558,1558,35.0022,0,0,0,0,0,0,0,0,130.669,0,0,0,0,0,1956,26,98.6882,0,17729,163.812
b1_cf_wb_128mb_r01,b1_natural_flush_counterfactual,73,73.0589,223785,89.1318,14,19067.6,55669.6,55669.6,20,20942.1,57186.4,57186.4,277,11793.9,37389,54427.3,217,11738.2,40771.1,55485.7,8.29493,1843.39,641,33.3,124.743,982.124,104,97.404,249.901,851.941,1273,1273,35.0022,0,0,0,0,0,0,0,0,130.669,0,0,0,0,0,1644,20,98.7981,0,17833,163.996
b1_cf_wb_128mb_r01,b1_natural_flush_counterfactual,74,74.0594,225197,89.6942,12,22171.3,37060.8,37060.8,17,16385.9,37673.1,37673.1,324,8535.71,36974.5,42374.6,217,12869.6,39221.2,44786.2,8.36406,1658.51,714,36.931,215.737,1255.82,128,84.513,500.685,1099.57,1412,1412,36.0022,0,0,0,0,0,0,0,0,130.669,0,0,0,0,0,1637,19,98.8527,0,17961,164.2
b1_cf_wb_128mb_r01,b1_natural_flush_counterfactual,75,75.06,226391,90.1698,6,31390.8,42787.4,42787.4,14,8038.25,42452,42452,267,10343.7,40733,45633.6,188,8481.93,40013.5,42525,9.62234,1689.72,627,32.878,113.351,176.671,92,93.92,189.631,1100.85,1194,1194,36.0022,0,0,0,0,0,0,0,0,130.669,0,0,0,0,0,1406,16,98.8748,0,18053,164.38
b1_cf_wb_128mb_r01,b1_natural_flush_counterfactual,76,76.0604,227439,90.5872,4,29425.3,37041.7,37041.7,17,22897.9,46962.5,46962.5,235,12665.5,42165,47951.6,178,19343.6,45618.4,49633.7,8.56742,2299.19,538,36.716,130.127,200.392,76,102.975,347.094,2236.22,1048,1048,36.0022,0,0,0,0,0,0,0,0,130.669,0,0,0,0,0,1271,18,98.6036,0,18129,164.534
b1_cf_wb_128mb_r01,b1_natural_flush_counterfactual,77,77.0609,228786,91.1237,8,13525.8,39411.1,39411.1,25,10401.6,40523.4,40757.1,287,11233.2,40573.8,41781.5,212,11324.3,40689.6,41598.8,6.70283,2168.17,700,31.355,135.979,243.498,115,84.407,211.826,258.008,1347,1347,36.0022,0,0,0,0,0,0,0,0,130.669,0,0,0,0,0,1657,21,98.7485,0,18244,164.735
b1_cf_wb_128mb_r01,b1_natural_flush_counterfactual,78,78.0616,230137,91.6618,10,25.841,35577,35577,12,24420,32215,32215,310,12307.1,38000,42069.1,209,14102.7,38078.5,42171.8,6.61244,2293.75,718,49.015,199.76,653.263,92,94.753,581.427,1309.41,1351,1351,36.0022,0,0,0,0,0,0,0,0,130.669,0,0,0,0,0,1624,32,98.0676,0,18336,164.939
b1_cf_wb_128mb_r01,b1_natural_flush_counterfactual,79,79.0622,231221,92.0935,5,28.704,34960,34960,11,17431.5,43489.6,43489.6,233,20952.7,40673.3,42897.1,184,20846.3,40973.1,59310,8.45109,2177.29,581,51.775,187.312,937.377,70,118.65,762.538,1580.82,1084,1084,36.0022,0,0,0,0,0,0,0,0,130.669,0,0,0,0,0,1467,20,98.655,0,18406,165.104
b1_cf_wb_128mb_r01,b1_natural_flush_counterfactual,80,80.0628,232530,92.6149,7,17129.2,58470.9,58470.9,17,1425.23,36916.2,36916.2,273,12885,41430.5,56521.7,213,16595.9,42225.2,42937.9,8.47418,1916.75,714,44.007,152.019,215.166,85,102.871,230.651,1477.5,1309,1309,37.0022,0,0,0,0,0,0,0,0,130.669,0,0,0,0,0,1620,10,99.3865,0,18491,165.306
b1_cf_wb_128mb_r01,b1_natural_flush_counterfactual,81,81.0633,233612,93.0458,9,29719.9,43734.4,43734.4,15,26909.9,42529.4,42529.4,239,18989.7,39308,39822.4,166,26201.8,39997.2,43895.5,8.11446,2647.36,569,43.002,191.521,840.475,84,103.939,629.466,1457.38,1082,1082,37.0022,0,0,0,0,0,0,0,0,130.669,0,0,0,0,0,1310,12,99.0923,0,18575,165.469
b1_cf_wb_128mb_r01,b1_natural_flush_counterfactual,82,82.0639,234737,93.4939,11,18300.2,28876.2,28876.2,10,10772.4,35603.5,35603.5,223,20653.3,43342.4,50031.2,180,17365.2,43223.9,46845.2,8.03333,2104.36,588,36.147,130.235,236.665,113,88.619,235.425,495.479,1125,1125,37.0022,0,0,0,0,0,0,0,0,130.669,0,0,0,0,0,1354,10,99.2669,0,18688,165.638
b1_cf_wb_128mb_r01,b1_natural_flush_counterfactual,83,83.0644,235783,93.9105,6,7181.07,30815.9,30815.9,9,15147.3,42085,42085,236,21578.5,42304.5,43898.9,168,22619.2,43917.2,50707.2,7.97024,2594.67,553,43.346,166.078,955.208,74,114.206,1006.46,1401.65,1046,1046,37.0022,0,0,0,0,0,0,0,0,130.669,0,0,0,0,0,1294,16,98.7786,0,18762,165.796
b1_cf_wb_128mb_r01,b1_natural_flush_counterfactual,84,84.0649,236861,94.3399,6,31243.7,36848.2,36848.2,12,8452.36,41422.2,41422.2,256,17267,41292.4,45716.1,159,19560.6,41069.4,44395.8,7.59748,2326.61,559,48.654,185.643,1092.11,86,89.288,294.713,1445.91,1078,1078,37.0022,0,0,0,0,0,0,0,0,130.669,0,0,0,0,0,1246,18,98.5759,0,18848,165.956
b1_cf_wb_128mb_r01,b1_natural_flush_counterfactual,85,85.0654,237998,94.7927,7,20126.7,39640.7,39640.7,16,23042.4,43715,43715,226,18292.7,43630,57971.6,185,19033.7,43557,58088.5,8.23784,2262.56,605,44.423,160.712,993.46,98,104.123,301.539,1173.2,1137,1137,37.0022,0,0,0,0,0,0,0,0,130.669,0,0,0,0,0,1359,17,98.7645,0,18946,166.129
b1_cf_wb_128mb_r01,b1_natural_flush_counterfactual,86,86.066,238966,95.1783,7,21224.2,40406.2,40406.2,7,21149.1,48764.8,48764.8,235,17782.2,45085.1,49654,157,19465.4,47265.7,48932,8.85987,2250.33,494,40.876,120.418,232.52,68,103.784,222.713,519.597,968,968,38.0022,0,0,0,0,0,0,0,0,130.669,0,0,0,0,0,1251,17,98.6593,0,19014,166.27
b1_cf_wb_128mb_r01,b1_natural_flush_counterfactual,87,87.0665,240127,95.6407,9,11.532,27287.5,27287.5,16,31776.1,42666,42666,250,18075,43336.9,45290.4,168,17955.7,42005,45462.6,9.875,1794.34,633,48.137,180.056,268.071,86,106.474,247.388,908.889,1162,1162,38.0022,0,0,0,0,0,0,0,0,130.669,0,0,0,0,0,1283,19,98.5407,0,19100,166.45
b1_cf_wb_128mb_r01,b1_natural_flush_counterfactual,88,88.067,241185,96.0621,7,27160.2,42740.8,42740.8,11,23415.7,35847.2,35847.2,237,20321.1,44401.6,52616.7,166,21854.2,43693.3,51505.4,8.10241,2365.03,540,46.092,164.889,281.801,96,103.929,386.971,797.369,1057,1057,38.0022,0,0,0,0,0,0,0,0,130.669,0,0,0,0,0,1267,18,98.5992,0,19196,166.605
b1_cf_wb_128mb_r01,b1_natural_flush_counterfactual,89,89.0676,242433,96.5592,11,21235.1,44594.9,44594.9,22,17058.9,43436.3,45173.6,286,13385.1,40115.1,45012,198,15433,43735.5,45253.8,7.80303,2089.21,626,34.266,124.51,240.783,105,97.395,272.682,378.853,1248,1248,38.0022,0,0,0,0,0,0,0,0,130.669,0,0,0,0,0,1566,10,99.3655,0,19301,166.785
b1_cf_wb_128mb_r01,b1_natural_flush_counterfactual,90,90.0681,243498,96.9833,7,18581.4,30487.3,30487.3,16,17477.6,42009.3,42009.3,236,18670.1,43290.5,47372,166,20267.5,42301.9,47713.6,6.45181,2956.61,542,43.385,178.904,1053.17,98,96.794,265.709,988.487,1065,1065,38.0022,0,0,0,0,0,0,0,0,130.669,0,0,0,0,0,1334,14,98.9614,0,19399,166.94
b1_cf_wb_128mb_r01,b1_natural_flush_counterfactual,91,91.0686,244404,97.3442,6,25598.3,46268.7,46268.7,15,15445.5,45985.6,45985.6,223,21794.4,43416.7,46181.2,145,23785.3,44830.8,46340.4,7.44828,2839.22,449,44.245,154.684,400.105,68,105.054,490.159,1103.5,906,906,38.0022,0,0,0,0,0,0,0,0,130.669,0,0,0,0,0,1150,16,98.6278,0,19467,167.069
b1_cf_wb_128mb_r01,b1_natural_flush_counterfactual,92,92.0691,245581,97.813,8,21254.2,34989.4,34989.4,12,25582.2,46944.5,46944.5,242,20928.8,45935.2,47313.6,180,17303.3,44298.2,47126.9,8.05556,2051.82,655,46.44,185.799,1501.42,80,105.736,547.12,1630.7,1177,1177,39.0023,0,0,0,0,0,0,0,0,130.669,0,0,0,0,0,1372,16,98.8473,0,19547,167.255
b1_cf_wb_128mb_r01,b1_natural_flush_counterfactual,93,93.0696,246673,98.2479,8,24606.4,43562.8,43562.8,16,21696.3,35506,35506,222,20432.4,42971.4,49730.1,172,20697.4,43193.5,60910.2,7.56977,2523.28,583,37.274,156.413,1013.88,92,101.929,592.556,1258.04,1093,1093,39.0023,0,0,0,0,0,0,0,0,130.669,0,0,0,0,0,1352,14,98.9751,0,19639,167.422
b1_cf_wb_128mb_r01,b1_natural_flush_counterfactual,94,94.0703,247958,98.7597,6,11998.2,26582.8,26582.8,13,46.217,25732.1,25732.1,276,12798.2,41960.4,44691.4,217,12878.2,42250.8,44710.1,7.27189,2131.58,671,32.958,122.139,214.47,101,86.422,181.491,592.622,1284,1284,39.0023,0,0,0,0,0,0,0,0,130.669,0,0,0,0,0,1717,18,98.9625,0,19740,167.614
b1_cf_wb_128mb_r01,b1_natural_flush_counterfactual,95,95.0708,249105,99.2166,8,34489.4,35446.7,35446.7,16,23330.7,44691.6,44691.6,238,12957.5,44440.8,62162.4,212,13419.1,44392.5,45161.2,7.33491,2251.47,576,25.38,136.522,828.852,97,92.824,339.623,1571.08,1147,1147,39.0023,0,0,0,0,0,0,0,0,130.669,0,0,0,0,0,1640,16,99.0338,0,19837,167.78
b1_cf_wb_128mb_r01,b1_natural_flush_counterfactual,96,96.0711,250272,99.6814,6,21180.2,43265.3,43265.3,6,11252.7,36006.3,36006.3,240,17706.4,43203.8,43962.9,196,19734.5,43543.7,46705.4,6.83163,2698.7,619,25.079,116.025,1366.05,100,77.268,921.622,7667.43,1167,1167,39.0023,0,0,0,0,0,0,0,0,130.669,0,0,0,0,0,1570,16,98.9912,0,19937,167.958
b1_cf_wb_128mb_r02,b1_natural_flush_counterfactual,1,1.00027,31935,12.7195,199,115.475,1876.03,2171.28,356,181.738,1866.05,2090.3,6987,165.376,1897.65,2103.14,5086,251.57,2055.64,2301.57,79.346,7.7168,16876,24.139,105.564,175.984,2433,60.072,165.346,234.409,31937,31937,6.002,0,0,0,0,0,0,0,0,130.665,0,0,0,0,0,22095,22099,49.9955,0,2431,135.525
b1_cf_wb_128mb_r02,b1_natural_flush_counterfactual,2,2.00311,43695,17.4034,72,2195.9,2969.47,5017.43,140,1988.47,2847.12,3020.34,2657,2127.81,2945.96,3162.07,1835,2285.94,3090.93,3279.6,56.3074,29.7575,6089,54.114,147.596,235.358,965,107.937,205.371,278.214,11758,11758,8.00201,0,0,0,0,0,0,0,0,130.665,0,0,0,0,0,11377,2238,83.5622,0,3398,137.258
b1_cf_wb_128mb_r02,b1_natural_flush_counterfactual,3,3.00571,52148,20.7701,61,3106.91,3825.28,5794.1,99,3114.08,3789.73,12212.4,1863,3107.14,3865.89,6600.3,1349,3273.75,4039.56,6662.81,48.4707,48.8554,4362,54.788,154.552,258.915,719,113.763,249.856,359.579,8453,8453,9.00202,0,0,0,0,0,0,0,0,130.665,0,0,0,0,0,8415,1082,88.6069,0,4117,138.498
b1_cf_wb_128mb_r02,b1_natural_flush_counterfactual,4,4.00715,59640,23.7541,57,3779.9,4533.94,4842.5,87,3754.88,4411.56,4550.56,1712,3808.89,4458.51,4722.03,1187,4013.55,4650.47,4879.82,43.4853,60.2805,3821,54.323,155.165,250.448,628,111.369,221.835,301.141,7492,7492,10.002,0,0,0,0,0,0,0,0,130.665,0,0,0,0,0,7526,653,92.0161,0,4745,139.587
b1_cf_wb_128mb_r02,b1_natural_flush_counterfactual,5,5.00863,66707,26.5689,50,4340.9,5166.48,5509.33,84,4425.9,5168.85,5747.25,1462,4474.32,5146.49,5693.56,1153,4548.76,5296.78,5775.99,38.6852,72.9536,3794,52.626,145.804,229.746,538,104.963,218.32,308.247,7081,7081,11.002,0,0,0,0,0,0,0,0,130.665,0,0,0,0,0,7243,443,94.2363,0,5282,140.664
b1_cf_wb_128mb_r02,b1_natural_flush_counterfactual,6,6.01029,72590,28.912,31,1495.51,5549.6,5750.31,65,4199.55,5771.14,10513.9,1246,4769.31,8776.9,10300.5,957,4801.79,8769.21,10500,37.2403,91.5029,3125,54.413,176.405,286.662,447,115.734,274.483,390.38,5871,5871,12.002,0,0,0,0,0,0,0,0,130.665,0,0,0,0,0,6115,344,94.6741,0,5730,141.556
b1_cf_wb_128mb_r02,b1_natural_flush_counterfactual,7,7.0117,77536,30.882,28,1941.98,10442.7,10887,67,4671.09,10950.2,11351.4,1091,5060.99,10932.3,11473.7,762,5224.25,11037,11612.2,32.8307,123.12,2602,60.991,230.578,344.825,404,122.432,307.093,460.047,4954,4954,13.0021,0,0,0,0,0,0,0,0,130.665,0,0,0,0,0,4773,218,95.6321,0,6133,142.291
b1_cf_wb_128mb_r02,b1_natural_flush_counterfactual,8,8.01323,82274,32.7691,25,6254.69,12141.7,12157.3,63,1573.97,7356.26,12030.5,1095,4416.01,11717.5,12316,728,5292.5,11962.2,12554.9,32.6827,129.737,2423,57.442,213.282,320.504,394,129.965,303.345,382.009,4728,4728,14.0021,0,0,0,0,0,0,0,0,130.665,0,0,0,0,0,4744,207,95.819,0,6528,142.981
b1_cf_wb_128mb_r02,b1_natural_flush_counterfactual,9,9.0144,86609,34.4957,27,1975.07,12743.9,13483.4,51,1896.1,11729.1,13590.8,998,4561.24,12927.7,13506.8,655,4138.3,13257.4,13713.3,29.5786,154.049,2248,54.518,195.092,318.86,356,118.222,286.506,370.074,4335,4335,14.0021,0,0,0,0,0,0,0,0,130.665,0,0,0,0,0,4242,192,95.6698,0,6884,143.621
b1_cf_wb_128mb_r02,b1_natural_flush_counterfactual,10,10.0155,91226,36.3346,26,3632.38,8843.04,14367.6,43,3270.43,9205.61,14559.8,1008,2339.63,8427.31,14057.7,738,5573.36,9093.22,14370.6,27.0325,169.774,2413,55.612,190.599,281.32,389,119.228,279.619,357.086,4617,4617,15.0021,0,0,0,0,0,0,0,0,130.665,0,0,0,0,0,4730,159,96.7478,0,7273,144.309
b1_cf_wb_128mb_r02,b1_natural_flush_counterfactual,11,11.0169,95555,38.0588,29,2234.79,13316.2,14831.5,65,2158.97,9283.29,12531.2,979,2417.56,9437.49,15312.2,707,2399.61,9742.94,14995.2,26.8472,165.488,2201,51.839,188.558,300.186,348,117.981,286.27,409.311,4329,4329,16.0021,0,0,0,0,0,0,0,0,130.665,0,0,0,0,0,4579,179,96.2379,0,7621,144.937
b1_cf_wb_128mb_r02,b1_natural_flush_counterfactual,12,12.018,100020,39.8372,28,2036.13,8889.42,11501.6,47,2344.96,15738.5,16474.5,997,2261.69,9187.3,15763.1,733,2396.75,9971.14,15860.9,23.5825,185.709,2313,50.753,171.956,253.285,358,109.687,223.842,316.76,4476,4476,16.0021,0,0,0,0,0,0,0,0,130.665,0,0,0,0,0,4623,142,97.0199,0,7977,145.598
b1_cf_wb_128mb_r02,b1_natural_flush_counterfactual,13,13.0191,103845,41.3606,31,8393.17,9732.64,14951.4,42,8033.01,9527.64,17022.1,852,2311.42,15094.3,16925.9,600,2840.92,16425.4,17382.1,23.5017,225.75,1973,53.624,185.123,274.259,315,114.514,290.479,377.032,3813,3813,17.0021,0,0,0,0,0,0,0,0,130.665,0,0,0,0,0,3723,122,96.827,0,8294,146.159
b1_cf_wb_128mb_r02,b1_natural_flush_counterfactual,14,14.0201,107664,42.8817,15,2165.64,15444.8,15444.8,36,9558.1,17465.8,17525.9,853,4150.55,10049.4,17475.7,594,4520.93,11734.7,17747.7,20.1061,264.07,2018,47.547,172.732,287.636,303,110.075,264.551,333.669,3819,3819,17.0021,0,0,0,0,0,0,0,0,130.665,0,0,0,0,0,3768,108,97.2136,0,8597,146.735
b1_cf_wb_128mb_r02,b1_natural_flush_counterfactual,15,15.0211,110811,44.1351,21,1072.89,10285.9,10335.5,25,4267.23,10490.2,12741.5,633,9867.94,10882.2,18307.3,545,9331.08,10947.8,18209.8,21.3211,296.495,1671,55.599,171.965,291.684,252,109.623,241.779,408.039,3147,3147,18.0021,0,0,0,0,0,0,0,0,130.665,0,0,0,0,0,3397,98,97.196,0,8849,147.211
b1_cf_wb_128mb_r02,b1_natural_flush_counterfactual,16,16.0219,113967,45.3922,30,10232.7,11257.2,16954.3,30,10359.5,13419.9,19236,729,8444.74,11573.5,19058.8,521,3493.65,12346.9,19383.3,21.5432,260.659,1607,57.871,206.383,297.544,239,123.978,293.465,349.354,3156,3156,19.0021,0,0,0,0,0,0,0,0,130.665,0,0,0,0,0,3329,85,97.5103,0,9088,147.667
b1_cf_wb_128mb_r02,b1_natural_flush_counterfactual,17,17.0228,117150,46.6599,22,2410.74,13493,15433.7,29,4492.72,11299.7,17867.7,687,7203.72,16355.4,20328.4,504,6125.73,16804.8,20251.3,21.9464,287.902,1676,51.977,182.783,278.241,265,117.838,244.295,358.477,3183,3183,19.0021,0,0,0,0,0,0,0,0,130.665,0,0,0,0,0,3302,70,97.9241,0,9353,148.145
b1_cf_wb_128mb_r02,b1_natural_flush_counterfactual,18,18.0237,120107,47.8377,21,10112.1,11693.8,11786.6,33,9114.99,19550.9,21482.1,661,7790.08,12834.3,21281.5,468,9115.81,12145.4,21105.8,21.4936,317.603,1534,58.725,193.488,317.774,240,134.199,305.35,523.73,2957,2957,20.0021,0,0,0,0,0,0,0,0,130.665,0,0,0,0,0,2981,81,97.3547,0,9593,148.581
b1_cf_wb_128mb_r02,b1_natural_flush_counterfactual,19,19.0245,122883,48.9433,15,2937.17,12248.5,12248.5,30,8450.81,15237.4,19573.4,629,7929.07,17275.6,22089.7,448,8809.9,17350.2,22459.8,19.7612,367.145,1440,57.425,212.17,314.156,214,128.729,375.985,601.082,2776,2776,20.0021,0,0,0,0,0,0,0,0,130.665,0,0,0,0,0,2919,73,97.5602,0,9807,148.99
b1_cf_wb_128mb_r02,b1_natural_flush_counterfactual,20,20.0259,125440,49.9618,17,57.787,20250.1,20250.1,30,12133.9,13034.5,21755,586,11635.4,14624.7,22219.6,393,11501,14737.6,22476.4,16.8015,449.401,1340,61.325,210.142,294.273,191,122.186,244.732,416.45,2557,2557,21.0021,0,0,0,0,0,0,0,0,130.665,0,0,0,0,0,2576,53,97.984,0,9998,149.37
b1_cf_wb_128mb_r02,b1_natural_flush_counterfactual,21,21.0263,128126,51.0316,23,12572.8,12856.2,13971.8,27,11239.4,12858.8,22743.2,567,10742.4,12998.5,22718.8,430,9749.13,13524.9,22884,16.5674,445.284,1433,54.73,179.011,251.899,206,115.822,292.301,390.828,2686,2686,21.0021,0,0,0,0,0,0,0,0,130.665,0,0,0,0,0,2816,59,97.9478,0,10204,149.777
b1_cf_wb_128mb_r02,b1_natural_flush_counterfactual,22,22.0271,131362,52.3204,22,3196.72,13489.9,14779.3,42,3608.06,13248.3,21267.6,709,3410.12,13330.5,21987,479,3711.62,13578.1,21302.2,16.9624,388.073,1741,43.299,138.303,271.37,247,103.245,240.572,324.608,3240,3240,22.0021,0,0,0,0,0,0,0,0,130.665,0,0,0,0,0,3142,76,97.6383,0,10450,150.273
b1_cf_wb_128mb_r02,b1_natural_flush_counterfactual,23,23.0279,134081,53.4034,22,8559.01,13669.5,13678.8,30,9631.84,13718.6,13888,626,6249.07,13756.4,23895.9,412,4400.36,14021.9,24471,17.4442,422.37,1405,42.402,152.68,266.436,220,108.934,234.945,284.254,2715,2715,22.0021,0,0,0,0,0,0,0,0,130.665,0,0,0,0,0,2706,49,98.2214,0,10671,150.674
b1_cf_wb_128mb_r02,b1_natural_flush_counterfactual,24,24.0287,137005,54.568,25,11687.2,14333.6,25197,27,13396.7,14070.1,23782.9,641,3472.27,14122.1,16263.9,463,3587.48,14285.2,23094.6,13.9352,493.734,1524,43.618,174.023,254.791,244,107.335,245.313,348.54,2924,2924,23.0021,0,0,0,0,0,0,0,0,130.665,0,0,0,0,0,2934,65,97.8326,0,10915,151.11
b1_cf_wb_128mb_r02,b1_natural_flush_counterfactual,25,25.0291,139822,55.69,16,3604.49,14452.1,14452.1,37,11227.9,14658.4,21544.2,638,3618.81,14568.8,17146.6,443,3695.94,14736.5,17317,15.3747,445.546,1461,45.101,153.31,238.7,222,102.895,211.568,299.285,2817,2817,23.0021,0,0,0,0,0,0,0,0,130.665,0,0,0,0,0,2937,52,98.2603,0,11137,151.527
b1_cf_wb_128mb_r02,b1_natural_flush_counterfactual,26,26.0299,142270,56.665,20,9370.49,26462.7,26462.7,26,3322.77,15610.9,26160,566,4221.08,20709.8,26817.7,394,9990.74,15420.3,25814.1,15.9746,521.294,1235,42.306,146.26,259.013,207,106.717,188.301,233.328,2448,2448,24.0021,0,0,0,0,0,0,0,0,130.665,0,0,0,0,0,2662,58,97.8676,0,11344,151.881
b1_cf_wb_128mb_r02,b1_natural_flush_counterfactual,27,27.0306,144831,57.685,19,3654.53,26153,26153,28,11886.1,17804.5,26113.4,590,4284.44,15351.7,27167,405,3823.45,15556.9,26538.1,15.7086,465.309,1317,43.389,148.041,249.159,202,111.008,217.857,283.178,2561,2561,24.0021,0,0,0,0,0,0,0,0,130.665,0,0,0,0,0,2658,55,97.9727,0,11546,152.257
b1_cf_wb_128mb_r02,b1_natural_flush_counterfactual,28,28.0313,147630,58.7999,25,12067.4,25491.9,27070.5,26,3847.44,15460.1,15628.6,605,3860.4,15732.2,24690,434,3947.94,15851.8,20146.5,15.3018,456.909,1502,39.265,141.315,258.937,207,103.309,254.38,301.27,2799,2799,25.0021,0,0,0,0,0,0,0,0,130.665,0,0,0,0,0,2875,60,97.9557,0,11753,152.685
b1_cf_wb_128mb_r02,b1_natural_flush_counterfactual,29,29.0321,150219,59.831,10,12627.4,16111.3,16111.3,30,3798.82,16001.2,16692.6,580,6221.99,16140.7,17654,415,4704.22,16231.1,18362.9,15.2193,478.794,1341,39.284,132.488,235.104,213,80.094,203.576,376.998,2589,2589,25.0021,0,0,0,0,0,0,0,0,130.665,0,0,0,0,0,2752,68,97.5887,0,11966,153.069
b1_cf_wb_128mb_r02,b1_natural_flush_counterfactual,30,30.0329,152379,60.6914,21,5610.71,16759.2,16853.6,28,10485.7,16443.5,16468.4,494,5753.57,16473,27548.6,365,12591.5,16671.7,24366.3,14.3205,649.138,1086,55.527,167.56,294.441,166,121.628,313.656,415.55,2160,2160,26.0022,0,0,0,0,0,0,0,0,130.665,0,0,0,0,0,2443,41,98.3494,0,12132,153.379
b1_cf_wb_128mb_r02,b1_natural_flush_counterfactual,31,31.0335,154456,61.5186,14,16521.3,17075.6,17075.6,24,11077.9,16778.8,16785.7,483,13313.4,16910.7,27665,317,11955.3,17072.2,27330.4,12.2303,751.686,1073,55.118,190.779,315.561,166,119.52,272.097,445.683,2077,2077,26.0022,0,0,0,0,0,0,0,0,130.665,0,0,0,0,0,2108,41,98.0921,0,12298,153.684
b1_cf_wb_128mb_r02,b1_natural_flush_counterfactual,32,32.0344,156565,62.3586,17,16171.1,17074.2,17074.2,23,14314.8,17187.6,17290,455,13620.5,17313.4,30659.6,351,10748,17464.7,29884,11.8063,766.458,1108,57.048,180.202,277.852,155,124.046,292.534,414.906,2109,2109,26.0022,0,0,0,0,0,0,0,0,130.665,0,0,0,0,0,2308,44,98.1293,0,12453,153.999
b1_cf_wb_128mb_r02,b1_natural_flush_counterfactual,33,33.0351,158636,63.1835,11,890.144,18546.4,18546.4,20,17173.3,18580.8,18580.8,438,14020.9,17472.9,19508.4,361,14235,17697.9,28034.2,14.3546,673.827,1101,56.081,170.21,266.586,140,125.281,254.837,363.322,2071,2071,27.0022,0,0,0,0,0,0,0,0,130.665,0,0,0,0,0,2457,43,98.28,0,12593,154.311
b1_cf_wb_128mb_r02,b1_natural_flush_counterfactual,34,34.0358,160476,63.9163,10,17480.6,17784.1,17784.1,18,17319.5,17605.5,17605.5,393,15399.9,17744.2,19960.2,286,16196.5,17930.3,20250.4,13.1014,873.112,980,49.837,179.845,278.037,153,110.347,210.349,331.147,1840,1840,27.0022,0,0,0,0,0,0,0,0,130.665,0,0,0,0,0,1953,30,98.4871,0,12746,154.591
b1_cf_wb_128mb_r02,b1_natural_flush_counterfactual,35,35.0365,162323,64.652,12,17904.3,20132.4,20132.4,21,626.526,17865.8,18063.8,410,15675.8,18262.9,27854.2,288,16441.9,18520.4,32315.3,12.691,898.74,966,57.135,190.755,284.498,150,117.782,246.844,358.429,1847,1847,27.0022,0,0,0,0,0,0,0,0,130.665,0,0,0,0,0,1983,31,98.4608,0,12896,154.866
b1_cf_wb_128mb_r02,b1_natural_flush_counterfactual,36,36.0371,164339,65.4549,10,18044.2,18315.5,18315.5,16,6456.14,18415.2,18415.2,422,11442.3,18365.5,20248.3,338,16004,18870.3,32317.9,9.66272,1133.84,1086,58.023,179.141,268.39,150,117.284,242.063,300.332,2022,2022,27.0022,0,0,0,0,0,0,0,0,130.665,0,0,0,0,0,2317,41,98.2612,0,13044,155.174
b1_cf_wb_128mb_r02,b1_natural_flush_counterfactual,37,37.0375,166421,66.2842,17,4172.35,22813.5,22813.5,20,10179.6,23776.4,23776.4,441,10741.8,18910.1,23713.3,351,9455.26,19054.5,24285.5,13.057,713.675,1097,53.088,165.38,253.548,150,113.948,209.9,318.332,2076,2076,28.0022,0,0,0,0,0,0,0,0,130.665,0,0,0,0,0,2377,34,98.5898,0,13196,155.485
b1_cf_wb_128mb_r02,b1_natural_flush_counterfactual,38,38.0381,168147,66.9716,7,13443.3,31787.5,31787.5,18,14822.1,19150.4,19150.4,395,14178.2,19183.8,32648.3,287,14581.2,19384.3,32570.1,11.8362,984.095,880,56.69,168.172,213.909,139,114.184,180.273,196.577,1726,1726,28.0022,0,0,0,0,0,0,0,0,130.665,0,0,0,0,0,1910,39,97.999,0,13335,155.736
b1_cf_wb_128mb_r02,b1_natural_flush_counterfactual,39,39.0387,169893,67.667,11,23.295,19124.8,19124.8,22,8271.88,19417.1,30863,393,16894.3,19414.7,26418.7,294,15721.3,19547,30999.6,10.0544,1085.77,901,59.93,167.755,264.259,125,120.306,247.561,441.012,1746,1746,28.0022,0,0,0,0,0,0,0,0,130.665,0,0,0,0,0,2038,33,98.4066,0,13460,155.991
b1_cf_wb_128mb_r02,b1_natural_flush_counterfactual,40,40.0393,171691,68.3832,16,14935.6,21674.6,21674.6,21,12066.5,19602,23125.8,395,12748.5,21624.3,29885,297,12135.4,23285,34185.1,11.2155,987.678,910,50.078,160.621,237.972,159,111.039,207.675,255.334,1798,1798,28.0022,0,0,0,0,0,0,0,0,130.665,0,0,0,0,0,2037,39,98.1214,0,13619,156.252
b1_cf_wb_128mb_r02,b1_natural_flush_counterfactual,41,41.04,173342,69.0408,9,16752.4,19773.3,19773.3,15,14437.3,34142.3,34142.3,375,14173.8,22206.4,34094.2,235,13372.9,22590.5,27762,12.4298,954.802,853,54.631,161.002,305.652,164,106.929,219.494,3433.27,1651,1651,29.0022,0,0,0,0,0,0,0,0,130.665,0,0,0,0,0,1657,28,98.3383,0,13783,156.497
b1_cf_wb_128mb_r02,b1_natural_flush_counterfactual,42,42.0405,175143,69.7581,12,1471.72,34865.9,34865.9,14,225.925,32117,32117,395,11266,20988.3,34814.7,276,11584.8,20526.1,32159.6,11.1848,1013.99,950,55.956,210.928,308.615,154,115.852,257.243,359.822,1801,1801,29.0022,0,0,0,0,0,0,0,0,130.665,0,0,0,0,0,1962,33,98.3459,0,13937,156.767
b1_cf_wb_128mb_r02,b1_natural_flush_counterfactual,43,43.0411,176824,70.4276,8,12729.3,20543.5,20543.5,22,6845.46,20473.4,23602.5,388,16383.2,23547,33892.4,246,13957.8,22682.3,33063.8,10.939,1037.45,886,55.423,180.463,291.966,131,112.458,265.905,374.902,1681,1681,29.0022,0,0,0,0,0,0,0,0,130.665,0,0,0,0,0,1774,24,98.6652,0,14068,157.019
b1_cf_wb_128mb_r02,b1_natural_flush_counterfactual,44,44.0418,178699,71.1744,14,4935.53,14622.2,14622.2,24,6252.4,20887.8,33558,433,10825.9,20847.4,35817.8,284,8357.66,21027.8,36305,9.94014,1092.18,949,44.314,126.334,262.267,171,100.023,263.082,325.109,1875,1875,29.0022,0,0,0,0,0,0,0,0,130.665,0,0,0,0,0,2035,29,98.595,0,14239,157.292
b1_cf_wb_128mb_r02,b1_natural_flush_counterfactual,45,45.0424,180833,72.0244,13,20.726,21293.9,21293.9,29,386.025,21415,21423.4,469,5053.99,21314.4,28983.4,340,5338.93,21453.1,31840.7,9.57647,996.651,1108,46.544,152.95,310.894,175,105.498,343.305,506.945,2134,2134,30.0022,0,0,0,0,0,0,0,0,130.665,0,0,0,0,0,2432,35,98.5813,0,14414,157.608
b1_cf_wb_128mb_r02,b1_natural_flush_counterfactual,46,46.0433,183085,72.9213,16,9982.42,32815.7,32815.7,23,458.288,22671.6,30241.6,469,5219.42,23982.8,32865.5,330,5294.86,21881.9,37803.9,10.0818,929.314,1250,43.516,142.824,262.109,164,88.671,207.664,303.421,2252,2252,30.0022,0,0,0,0,0,0,0,0,130.665,0,0,0,0,0,2358,53,97.8017,0,14578,157.963
b1_cf_wb_128mb_r02,b1_natural_flush_counterfactual,47,47.0438,185359,73.827,13,5201.85,28504.8,28504.8,22,6034.23,22139.4,22441.6,494,5160.13,22536.2,35241.1,374,5375.58,22507.7,27998.5,10.0455,914.222,1194,39.04,131.186,269.875,177,96.391,230.368,447.213,2274,2274,31.0022,0,0,0,0,0,0,0,0,130.665,0,0,0,0,0,2648,50,98.1468,0,14755,158.304
b1_cf_wb_128mb_r02,b1_natural_flush_counterfactual,48,48.0445,187286,74.5945,13,12463.9,36642.7,36642.7,21,11563.3,22368.7,22511.8,437,5469.79,22649.3,37219.2,314,5602.32,25778.9,36604,10.1274,1003.34,976,38.567,169.324,277.815,166,104.878,273.514,382.886,1927,1927,31.0022,0,0,0,0,0,0,0,0,130.665,0,0,0,0,0,2256,35,98.4723,0,14921,158.584
b1_cf_wb_128mb_r02,b1_natural_flush_counterfactual,49,49.0452,189013,75.2824,14,19033.3,32729.7,32729.7,22,17692.6,22745,22780.4,382,8767.96,22833.4,32705.4,304,5994.4,23032,35270.7,10.4013,1028.92,872,48.625,171.258,297.725,140,116.526,284.171,334.764,1734,1734,31.0022,0,0,0,0,0,0,0,0,130.665,0,0,0,0,0,2246,24,98.9427,0,15060,158.834
b1_cf_wb_128mb_r02,b1_natural_flush_counterfactual,50,50.0458,190871,76.0224,12,7759.11,28756.8,28756.8,22,11151.2,40057.5,40193.9,417,6574.01,23254.3,40067.1,314,9683.43,24381,40266.3,11.6879,943.754,938,34.111,115.43,188.082,149,86.715,181.695,309.005,1852,1852,31.0022,0,0,0,0,0,0,0,0,130.665,0,0,0,0,0,2316,28,98.8055,0,15210,159.102
b1_cf_wb_128mb_r02,b1_natural_flush_counterfactual,51,51.0464,192729,76.7624,22,5641.96,22553.7,23225.2,22,21017.5,25792.4,28367.8,396,5642.6,23404.4,23701.5,301,11826.6,23671.5,25949.7,9.78405,1173.87,985,38.565,131.346,214.036,131,100.503,213.026,269.921,1857,1857,32.0022,0,0,0,0,0,0,0,0,130.665,0,0,0,0,0,2082,30,98.5795,0,15341,159.383
b1_cf_wb_128mb_r02,b1_natural_flush_counterfactual,52,52.0469,194522,77.4766,14,18236.3,27049.8,27049.8,15,5752.88,24155.9,24155.9,415,5674.22,24021.8,35104.7,297,5965.62,24167.1,29293.6,9.49158,1132.35,890,33.578,130.765,203.734,162,92.715,196.119,401.166,1793,1793,32.0022,0,0,0,0,0,0,0,0,130.665,0,0,0,0,0,2160,26,98.8106,0,15503,159.639
b1_cf_wb_128mb_r02,b1_natural_flush_counterfactual,53,53.0473,196252,78.1656,11,16575.4,35108.8,35108.8,21,5850.87,24061.7,31067.2,362,5793.08,30632.4,40267.2,277,11563.3,28462.9,40456.9,9.94946,1221.95,919,43.023,132.363,219.544,140,96.15,223.505,265.977,1730,1730,32.0022,0,0,0,0,0,0,0,0,130.665,0,0,0,0,0,2073,34,98.3863,0,15643,159.901
b1_cf_wb_128mb_r02,b1_natural_flush_counterfactual,54,54.0479,197616,78.7089,9,21080.4,38479.4,38479.4,8,22609.4,24473.4,24473.4,311,14390.3,33248.5,38171.4,241,16589.5,25105.1,40246.1,11.6639,1227.26,693,59.793,192.904,288.848,102,117.338,230.567,263.875,1364,1364,32.0022,0,0,0,0,0,0,0,0,130.665,0,0,0,0,0,1795,20,98.8981,0,15745,160.099
b1_cf_wb_128mb_r02,b1_natural_flush_counterfactual,55,55.0484,199146,79.3183,12,19852.9,24761.1,24761.1,13,3146.82,24648.5,24648.5,347,14643.5,24807,25952.8,253,15514.7,25018.5,38245.2,9.92885,1336.25,801,52.777,176.124,234.137,104,106.182,201.81,276.97,1530,1530,33.0022,0,0,0,0,0,0,0,0,130.665,0,0,0,0,0,1817,32,98.2693,0,15849,160.326
b1_cf_wb_128mb_r02,b1_natural_flush_counterfactual,56,56.0492,200912,80.0217,9,18358.4,25108.7,25108.7,15,15516.1,28250.2,28250.2,390,10145.8,25424.4,36174.3,265,10246,25279.6,36889,8.76604,1346.33,930,41.502,130.157,266.452,157,86.261,206.356,382.619,1766,1766,33.0022,0,0,0,0,0,0,0,0,130.665,0,0,0,0,0,1925,25,98.7179,0,16006,160.593
b1_cf_wb_128mb_r02,b1_natural_flush_counterfactual,57,57.0498,202466,80.6406,20,17632.9,43446.6,43446.6,19,13396,30305.1,30305.1,336,13699.7,28947.6,42947.4,227,12613.4,30394.3,35696.1,8.88987,1475.05,833,44.911,157.464,247.191,119,105.166,252.534,306.594,1554,1554,33.0022,0,0,0,0,0,0,0,0,130.665,0,0,0,0,0,1705,36,97.9322,0,16125,160.83
b1_cf_wb_128mb_r02,b1_natural_flush_counterfactual,58,58.0504,204144,81.3089,7,6028.85,27047.6,27047.6,19,6070.92,40551.2,40551.2,399,6339.9,25710.2,40515.9,270,7141.4,25932.5,43567.4,9.05185,1290.54,853,38.849,138.325,231.272,130,95.292,272.762,536.073,1678,1678,33.0022,0,0,0,0,0,0,0,0,130.665,0,0,0,0,0,2021,25,98.7781,0,16255,161.074
b1_cf_wb_128mb_r02,b1_natural_flush_counterfactual,59,59.0509,205975,82.0382,10,6303.02,32481.8,32481.8,18,6053.16,28923.5,28923.5,422,7121.39,26056.9,28028.4,287,6621.26,26141.7,29156.1,7.58188,1398.69,947,35.822,129.748,217.935,147,95.056,215.844,254.114,1831,1831,34.0022,0,0,0,0,0,0,0,0,130.665,0,0,0,0,0,2159,28,98.7197,0,16402,161.346
b1_cf_wb_128mb_r02,b1_natural_flush_counterfactual,60,60.0516,207395,82.6038,10,2996.04,26376.9,26376.9,22,11579.9,29339.5,43925.7,302,15449.8,27138.9,43571.5,234,15593.9,27192.6,43467.5,8.34615,1708.97,735,44.787,160.62,238.642,117,93.583,186.164,242.5,1420,1420,34.0022,0,0,0,0,0,0,0,0,130.665,0,0,0,0,0,1773,27,98.5,0,16519,161.557
b1_cf_wb_128mb_r02,b1_natural_flush_counterfactual,61,61.0523,208820,83.1714,5,20787.4,44390.6,44390.6,13,26145.5,40233.6,40233.6,314,19498.3,26742.8,40320.3,216,14621.9,26935.5,35588.5,9.88426,1369.62,758,56.958,206.854,349.109,119,116.18,342.654,390.927,1425,1425,34.0022,0,0,0,0,0,0,0,0,130.665,0,0,0,0,0,1579,15,99.059,0,16638,161.772
b1_cf_wb_128mb_r02,b1_natural_flush_counterfactual,62,62.053,210291,83.7572,8,14679.8,26927.7,26927.7,22,17051.1,26921.6,27709.3,331,13603.5,27258.2,27924.6,249,13140.4,27244.8,28204.5,8.09639,1556.02,749,56.104,156.451,247.135,112,108.688,232.183,349.665,1471,1471,34.0022,0,0,0,0,0,0,0,0,130.665,0,0,0,0,0,1917,19,99.0186,0,16750,161.986
b1_cf_wb_128mb_r02,b1_natural_flush_counterfactual,63,63.0536,211614,84.2842,8,24267.4,27328.5,27328.5,13,21097.7,41068.6,41068.6,320,16820.8,27251.6,41031.5,194,18083.4,27586.7,41296.6,8.83505,1795.88,684,48.111,132.044,191.541,104,101.791,202.99,258.71,1323,1323,34.0022,0,0,0,0,0,0,0,0,130.665,0,0,0,0,0,1473,27,98.2,0,16854,162.181
b1_cf_wb_128mb_r02,b1_natural_flush_counterfactual,64,64.0541,213034,84.8498,8,789.881,23716.8,23716.8,18,20191.1,27720.1,27720.1,330,18446,30228.6,31194.9,196,17734.6,28378.1,31380.3,8.68878,1680.5,758,52.65,162.228,300.673,110,106.772,259.332,331.401,1420,1420,35.0022,0,0,0,0,0,0,0,0,130.665,0,0,0,0,0,1452,24,98.374,0,16964,162.398
b1_cf_wb_128mb_r02,b1_natural_flush_counterfactual,65,65.0548,214257,85.3369,3,19440.5,22921,22921,17,14717.1,36052.6,36052.6,262,19341.1,34464.9,36553.5,209,17643.4,35632.2,44500.1,9.40191,1664.94,629,50.466,172.479,304.645,103,112.211,249.297,310.382,1223,1223,35.0022,0,0,0,0,0,0,0,0,130.665,0,0,0,0,0,1562,21,98.6734,0,17067,162.577
b1_cf_wb_128mb_r02,b1_natural_flush_counterfactual,66,66.0554,215622,85.8805,10,14487.4,28317.9,28317.9,13,14557.1,29502.5,29502.5,299,14430.4,30593.8,36476,238,14742.4,33383.4,38303,8.06303,1825.24,707,52.237,135.025,254.515,99,116.188,258.623,300.833,1366,1366,35.0022,0,0,0,0,0,0,0,0,130.665,0,0,0,0,0,1775,23,98.7208,0,17165,162.78
b1_cf_wb_128mb_r02,b1_natural_flush_counterfactual,67,67.0561,216808,86.3529,6,11620.5,36510.2,36510.2,15,22018,33170.7,33170.7,266,15601.5,38254.6,47353.4,185,22266.1,40302.2,47747.1,9.35676,1928.5,627,47.055,134.04,221.844,86,112.505,220.119,1731.67,1185,1185,35.0022,0,0,0,0,0,0,0,0,130.665,0,0,0,0,0,1455,28,98.1119,0,17252,162.958
b1_cf_wb_128mb_r02,b1_natural_flush_counterfactual,68,68.0573,217811,86.7524,8,13857.9,38925,38925,11,35429.1,39376.8,39376.8,228,24093,39025.1,46838.4,142,22662.4,38623.7,42606.1,8.14085,2571.42,522,37.463,124.974,213.74,92,104.996,456.361,1429.88,1003,1003,36.0022,0,0,0,0,0,0,0,0,130.665,0,0,0,0,0,1098,14,98.741,0,17344,163.108
b1_cf_wb_128mb_r02,b1_natural_flush_counterfactual,69,69.0577,218903,87.1873,6,20161.9,33743,33743,10,28459,40074.5,40074.5,240,18130.1,40431,53260.8,169,17951.5,38813.5,40467.9,7.92899,2197.95,568,35.865,150.007,256.537,99,90.315,238.98,1955.79,1092,1092,36.0022,0,0,0,0,0,0,0,0,130.665,0,0,0,0,0,1267,14,98.9071,0,17443,163.271
b1_cf_wb_128mb_r02,b1_natural_flush_counterfactual,70,70.0584,220043,87.6414,13,20879.2,43054.1,43054.1,3,15.237,25810.3,25810.3,252,18666,38189.4,46230.4,180,18195.9,39072.7,50879.2,8.11111,2209.75,603,35.778,151.121,262.623,89,99.439,213.963,601.162,1140,1140,36.0022,0,0,0,0,0,0,0,0,130.665,0,0,0,0,0,1408,22,98.4615,0,17532,163.444
b1_cf_wb_128mb_r02,b1_natural_flush_counterfactual,71,71.0591,221279,88.1337,10,26801,35881.6,35881.6,20,19243,42014.7,42014.7,262,14007.5,38638.5,42858.8,188,16824.3,38855.1,42870.7,7.88298,2273.63,661,33.34,114.102,886.561,95,91.48,402.117,989.394,1236,1236,36.0022,0,0,0,0,0,0,0,0,130.665,0,0,0,0,0,1447,15,98.974,0,17627,163.633
b1_cf_wb_128mb_r02,b1_natural_flush_counterfactual,72,72.0597,222767,88.7263,8,11732.8,26692,26692,15,10668.9,37135.6,37135.6,289,11742.3,39127.3,45773.9,252,11945.4,39652.9,45830.8,8.5873,1689.66,809,26.622,111.656,980.119,115,81.22,266.859,1305.63,1488,1488,36.0022,0,0,0,0,0,0,0,0,130.665,0,0,0,0,0,1918,25,98.7133,0,17742,163.865
b1_cf_wb_128mb_r02,b1_natural_flush_counterfactual,73,73.0603,224121,89.2656,15,16073.5,39156,39156,22,18845.5,41381.3,41927.4,301,11472.4,40090.2,42446,230,11243.5,40528.5,41940.9,8.37826,1552.02,675,31.28,171.132,1510.6,111,85.145,444.156,1626.88,1354,1354,36.0022,0,0,0,0,0,0,0,0,130.665,0,0,0,0,0,1760,16,99.0991,0,17853,164.058
b1_cf_wb_128mb_r02,b1_natural_flush_counterfactual,74,74.0606,225377,89.7659,7,11711.1,36648.5,36648.5,16,17162.7,37395.9,37395.9,272,15880,39477.7,42585.5,200,14313.1,39561.6,42883.1,8.135,1931.89,643,35.088,122.449,953.494,118,83.876,723.932,1047.86,1256,1256,37.0022,0,0,0,0,0,0,0,0,130.665,0,0,0,0,0,1507,22,98.5612,0,17971,164.243
b1_cf_wb_128mb_r02,b1_natural_flush_counterfactual,75,75.0614,226475,90.2032,8,14743,26106.4,26106.4,10,17064.2,41894.9,41894.9,245,21460.3,40692.9,42225.4,166,16570.9,40118.7,42353.5,10.1084,1721.87,583,30.352,93.795,6249.38,86,81.546,399.881,1514.59,1098,1098,37.0022,0,0,0,0,0,0,0,0,130.665,0,0,0,0,0,1219,15,98.7844,0,18057,164.411
b1_cf_wb_128mb_r02,b1_natural_flush_counterfactual,76,76.062,227615,90.6573,4,12194.2,39440.6,39440.6,20,12297.2,42312.7,42312.7,265,12270.9,40064.8,41953.7,201,12871.2,40413,42225.7,7.63184,2326.17,568,32.143,115.973,184.161,82,90.845,246.956,840.715,1140,1140,37.0022,0,0,0,0,0,0,0,0,130.665,0,0,0,0,0,1488,23,98.4778,0,18139,164.574
b1_cf_wb_128mb_r02,b1_natural_flush_counterfactual,77,77.0625,228790,91.1253,6,22080.2,39443.6,39443.6,22,17490.4,40378.8,43502,248,18186.8,41027.3,48427.2,175,12000.8,41239.5,46716,7.05143,2323.21,622,33.21,124.403,217.213,105,93.222,185.999,320.421,1178,1178,37.0022,0,0,0,0,0,0,0,0,130.665,0,0,0,0,0,1350,16,98.8287,0,18244,164.754
b1_cf_wb_128mb_r02,b1_natural_flush_counterfactual,78,78.0631,229904,91.569,9,12.82,40229.6,40229.6,10,28256.9,54896.9,54896.9,250,19720.4,43053.8,59293,165,19390.2,42955.7,57487.4,6.85455,2790.89,599,40.474,182.207,263.032,78,99.621,265.662,917.372,1111,1111,37.0022,0,0,0,0,0,0,0,0,130.665,0,0,0,0,0,1309,22,98.3471,0,18322,164.923
b1_cf_wb_128mb_r02,b1_natural_flush_counterfactual,79,79.0636,231080,92.0373,5,7332.27,23910.8,23910.8,10,5253.3,40421.6,40421.6,255,15739.5,42109.4,57552.3,202,17525.7,43677.5,57885.3,8.20297,2174.24,629,42.643,146.572,267.873,75,100.262,357.984,922.062,1176,1176,37.0022,0,0,0,0,0,0,0,0,130.665,0,0,0,0,0,1582,28,98.2609,0,18397,165.101
b1_cf_wb_128mb_r02,b1_natural_flush_counterfactual,80,80.0642,232101,92.444,6,30024.6,46843.5,46843.5,14,10615.1,41826,41826,214,22836.6,42022.3,46242.8,154,21483.6,42985.5,46526.4,7.36364,2810.11,564,44.226,157.06,233.476,69,107.52,302.047,851.467,1021,1021,38.0022,0,0,0,0,0,0,0,0,130.665,0,0,0,0,0,1175,10,99.1561,0,18466,165.262
b1_cf_wb_128mb_r02,b1_natural_flush_counterfactual,81,81.0647,233214,92.8873,8,14.038,34854.8,34854.8,14,24454.9,50155.8,50155.8,239,17225.2,42933.7,44260.6,182,17118.7,43086.6,49606.9,8.7967,2070.71,587,31.062,146.992,205.379,83,95.665,424.325,932.247,1113,1113,38.0022,0,0,0,0,0,0,0,0,130.665,0,0,0,0,0,1403,11,99.2221,0,18549,165.43
b1_cf_wb_128mb_r02,b1_natural_flush_counterfactual,82,82.0653,234435,93.3736,12,19910.2,33121.8,33121.8,13,26791.2,42660.1,42660.1,261,16814.4,41040.3,43864.6,195,16136.5,40626.8,43167.8,7.93333,1959.11,636,37.114,148.122,1011.8,104,95.905,872.673,4010.78,1221,1221,38.0022,0,0,0,0,0,0,0,0,130.665,0,0,0,0,0,1515,15,99.0196,0,18653,165.612
b1_cf_wb_128mb_r02,b1_natural_flush_counterfactual,83,83.0658,235403,93.7592,8,33.508,40821,40821,8,17347.4,28192.1,28192.1,189,21802.5,42205.7,52698.1,161,22615.1,42045.5,52450.5,8.24845,2663.47,516,37.191,106.755,200.204,86,91.689,289.804,576.664,968,968,38.0022,0,0,0,0,0,0,0,0,130.665,0,0,0,0,0,1202,12,99.0115,0,18739,165.76
b1_cf_wb_128mb_r02,b1_natural_flush_counterfactual,84,84.0663,236441,94.1726,3,22721.8,31618.4,31618.4,11,6189.44,42811.1,42811.1,265,17169.1,42953.9,52632.5,153,20166.5,42909.6,49183.1,8.05882,2367.46,524,39.846,188.245,896.378,82,103.055,752.424,1454.01,1038,1038,38.0022,0,0,0,0,0,0,0,0,130.665,0,0,0,0,0,1165,15,98.7288,0,18821,165.911
b1_cf_wb_128mb_r02,b1_natural_flush_counterfactual,85,85.067,237591,94.6306,7,8900.3,41677.8,41677.8,16,17768,41493.2,41493.2,245,17540.2,41674.9,42527.7,172,18116.3,42214.7,42939.4,7.43605,2441.81,616,42.325,183.484,1447.27,93,104.311,1158.95,6144.99,1149,1149,39.0023,0,0,0,0,0,0,0,0,130.665,0,0,0,0,0,1335,18,98.6696,0,18915,166.086
b1_cf_wb_128mb_r02,b1_natural_flush_counterfactual,86,86.0674,238592,95.0293,7,16.286,43482.8,43482.8,10,19414.3,37730.7,37730.7,219,21002,43814.3,51320.2,173,20527.6,43413.2,45975,9.38728,2073.78,517,35.266,113.234,228.53,75,103.508,207.802,305.545,1001,1001,39.0023,0,0,0,0,0,0,0,0,130.665,0,0,0,0,0,1343,18,98.6774,0,18990,166.235
b1_cf_wb_128mb_r02,b1_natural_flush_counterfactual,87,87.068,239749,95.4901,8,18.306,31500.1,31500.1,14,22748.4,35886.7,35886.7,263,13390,43502.3,49965.4,181,17477.4,43760.8,49555.4,8.76796,2141.53,613,34.176,152.26,1215.85,78,92.263,1219.98,2092.71,1157,1157,39.0023,0,0,0,0,0,0,0,0,130.665,0,0,0,0,0,1361,17,98.7663,0,19068,166.41
b1_cf_wb_128mb_r02,b1_natural_flush_counterfactual,88,88.0685,240787,95.9036,7,10891.2,41566.2,41566.2,12,16972.9,58561.9,58561.9,226,19415.2,43817.1,45273.3,159,22999.7,44121.2,44996,8.79874,2368.23,541,35.629,115.552,450.671,93,100.168,750.418,1627.95,1038,1038,39.0023,0,0,0,0,0,0,0,0,130.665,0,0,0,0,0,1210,20,98.374,0,19161,166.565
b1_cf_wb_128mb_r02,b1_natural_flush_counterfactual,89,89.069,241712,96.272,10,34523.2,43682.7,43682.7,8,21062.7,41988.7,41988.7,204,21879.1,43986.3,46913.7,137,23123.9,43070.1,44350.3,8.39416,2648.07,476,38.564,177.061,1453.9,90,98.507,389.503,1614.4,925,925,39.0023,0,0,0,0,0,0,0,0,130.665,0,0,0,0,0,1073,11,98.9852,0,19251,166.703
b1_cf_wb_128mb_r02,b1_natural_flush_counterfactual,90,90.0694,242820,96.7133,5,22.098,43882.6,43882.6,24,18747.2,44978.5,45425.5,256,18577.8,43862.5,45471.3,178,18052.7,43585,45053.1,7.10112,2403.94,554,38.107,163.848,506.694,91,82.129,504.949,989.45,1108,1108,39.0023,0,0,0,0,0,0,0,0,130.665,0,0,0,0,0,1418,13,99.0915,0,19342,166.861
b1_cf_wb_128mb_r02,b1_natural_flush_counterfactual,91,91.0698,243743,97.0809,9,42.899,32018.3,32018.3,13,11797.2,35082.8,35082.8,215,18217.4,43711.1,46256.1,153,25248.5,44702.1,45667.1,6.73856,3361.63,462,45.968,182.179,1332.31,72,101.086,1022.91,1718.69,924,924,39.0023,0,0,0,0,0,0,0,0,130.665,0,0,0,0,0,1237,12,99.0392,0,19414,166.994
b1_cf_wb_128mb_r02,b1_natural_flush_counterfactual,92,92.0703,244707,97.4649,5,8317.46,42383,42383,15,16401.5,44133.5,44133.5,212,20276.3,46127.7,46753.4,147,20688.7,45889.7,48284.9,8.08163,2674.82,516,35.967,122.382,199.087,68,86.537,221.877,705.71,963,963,40.0023,0,0,0,0,0,0,0,0,130.665,0,0,0,0,0,1146,18,98.4536,0,19482,167.141
b1_cf_wb_128mb_r02,b1_natural_flush_counterfactual,93,93.0708,245734,97.8739,7,21670.4,43879.9,43879.9,13,23004.2,57527.9,57527.9,220,21103.9,60392.3,63048,157,17721.4,44434.9,61982.9,7.84076,2142.36,553,38.993,112.003,190.23,77,86.045,155.363,193.85,1027,1027,40.0023,0,0,0,0,0,0,0,0,130.665,0,0,0,0,0,1206,15,98.7715,0,19559,167.299
b1_cf_wb_128mb_r02,b1_natural_flush_counterfactual,94,94.0713,246805,98.3005,8,43091.3,46401.5,46401.5,13,17957.5,44660.7,44660.7,220,19368.1,45353,46417.5,172,18309.1,44658.9,46525.1,7.05814,2624.36,565,45.103,154.294,261.405,94,105.071,277.566,734.091,1072,1072,40.0023,0,0,0,0,0,0,0,0,130.665,0,0,0,0,0,1357,15,98.9067,0,19653,167.461
b1_cf_wb_128mb_r02,b1_natural_flush_counterfactual,95,95.0717,247886,98.731,6,23869.7,45849.2,45849.2,12,13159.1,36279.3,36279.3,231,18140.5,46109,49183.3,180,19713.1,46848.7,61429.6,6.95556,2755.66,570,35.242,114.193,1551.72,81,85.672,397.91,1767.21,1080,1080,40.0023,0,0,0,0,0,0,0,0,130.665,0,0,0,0,0,1416,13,99.0903,0,19734,167.624
b1_cf_wb_128mb_r02,b1_natural_flush_counterfactual,96,96.0722,248849,99.1146,8,26244.1,42878.5,42878.5,14,9341.23,41550.4,41550.4,193,21817,46818.2,63096,171,21476.3,46782.8,63201.6,7.73684,2656.03,497,35.822,138.888,287.378,80,86.054,334.287,524.766,963,963,40.0023,0,0,0,0,0,0,0,0,130.665,0,0,0,0,0,1337,14,98.9637,0,19814,167.766
b1_cf_wb_128mb_r02,b1_natural_flush_counterfactual,97,97.0727,249934,99.5467,3,43898.1,45265.4,45265.4,7,21594.8,45591.6,45591.6,235,18710.9,44416.4,46363.4,190,19835.3,46557.9,48031.6,7.20526,2611.5,560,27.759,89.89,150.467,91,81.25,178.815,830.319,1086,1086,41.0023,0,0,0,0,0,0,0,0,130.665,0,0,0,0,0,1506,13,99.1442,0,19905,167.928
b1_cf_wb_128mb_r02,b1_natural_flush_counterfactual,98,98.073,250788,99.8869,11,33153.9,47014.9,47014.9,3,25921.3,27593.2,27593.2,189,25390.4,46511.2,61850.2,138,24482.9,46851.8,51576.6,6.68841,3312.12,443,36.184,118.905,238.414,70,99.055,785.531,1157.26,854,854,41.0023,0,0,0,0,0,0,0,0,130.665,0,0,0,0,0,1119,10,99.1143,0,19975,168.055
b1_cf_wb_128mb_r03,b1_natural_flush_counterfactual,1,1.00027,34301,13.6618,215,103.939,1961.48,2233.11,384,149.211,1855.09,2169.16,7550,167.868,1957.57,2194.37,5439,247.09,2080.6,2346.69,77.9755,7.25776,18093,22.17,95.859,152.115,2621,55.99,140.927,216.942,34302,34302,6.002,0,0,0,0,0,0,0,0,130.669,0,0,0,0,0,24175,22702,51.5711,0,2620,135.875
b1_cf_wb_128mb_r03,b1_natural_flush_counterfactual,2,2.00346,47194,18.797,78,725.308,3037.31,3151.43,153,780.715,3146.61,3249.9,2902,811.639,3170.1,3342.01,2070,937.172,3314.72,3507.4,54.8348,27.6642,6638,41.826,120.177,193.874,1062,92.028,178.079,246.821,12903,12903,8.00201,0,0,0,0,0,0,0,0,130.669,0,0,0,0,0,13010,2161,85.7557,0,3681,137.771
b1_cf_wb_128mb_r03,b1_natural_flush_counterfactual,3,3.00503,57011,22.707,74,893.008,4206.18,10731.1,118,1087.37,4235.43,4373.93,2163,1079.78,4114.04,4385.48,1534,1189.19,4279.41,4518.83,44.6812,45.0865,5078,40.724,125.6,213.123,839,92.38,202.534,296.565,9806,9806,10.002,0,0,0,0,0,0,0,0,130.669,0,0,0,0,0,9641,974,90.8243,0,4522,139.221
b1_cf_wb_128mb_r03,b1_natural_flush_counterfactual,4,4.0065,65537,26.1029,62,3651.56,5078.45,5490.47,98,1118.47,5105.99,5769.06,1826,1348.72,4978.44,5552.19,1376,1431.94,5162.46,5620.89,40.0552,57.678,4512,39.327,117.825,180.46,652,89.286,182.714,247.426,8526,8526,11.002,0,0,0,0,0,0,0,0,130.669,0,0,0,0,0,8646,620,93.3089,0,5174,140.509
b1_cf_wb_128mb_r03,b1_natural_flush_counterfactual,5,5.0081,71509,28.4815,33,5004.52,5618.54,9850.08,69,5059.41,9902.88,10269.3,1271,4950.01,5798.57,10077.3,979,4968.73,6021.07,10387,36.6997,89.5129,3156,57.976,192.27,285.402,464,123.194,274.883,342.121,5972,5972,12.002,0,0,0,0,0,0,0,0,130.669,0,0,0,0,0,6261,332,94.9644,0,5638,141.404
b1_cf_wb_128mb_r03,b1_natural_flush_counterfactual,6,6.00938,76413,30.4347,31,302.599,10993,11137.6,59,4538.6,10779.4,10858.8,1054,5583.25,10687.5,11299.1,761,5814.29,10765.8,11304.4,35.2681,120.811,2610,62.173,208.477,313.249,389,129.744,280.174,369.458,4904,4904,13.0021,0,0,0,0,0,0,0,0,130.669,0,0,0,0,0,4811,245,95.1543,0,6027,142.145
b1_cf_wb_128mb_r03,b1_natural_flush_counterfactual,7,7.01073,81486,32.4552,24,1578.04,10998.2,11349.1,68,2514.76,11910,12097.7,1175,4135.05,11054.5,12029.5,777,2298.7,11334.7,12297.7,30.8417,124.492,2595,51.167,187.672,330.207,434,118.085,278.823,409.107,5073,5073,13.0021,0,0,0,0,0,0,0,0,130.669,0,0,0,0,0,4974,213,95.8936,0,6461,142.886
b1_cf_wb_128mb_r03,b1_natural_flush_counterfactual,8,8.01204,85958,34.2364,29,5378.81,7882.29,11662.5,55,5251.86,12296.1,14027.2,1023,6579.84,9698.1,13442.9,670,6775.15,8969.87,13236.2,32.009,139.382,2328,56.405,194.891,297.08,367,126.254,295.786,370.255,4472,4472,14.0021,0,0,0,0,0,0,0,0,130.669,0,0,0,0,0,4347,188,95.8545,0,6828,143.549
b1_cf_wb_128mb_r03,b1_natural_flush_counterfactual,9,9.01325,90092,35.8829,22,6336.93,7853.32,12800.8,42,1079.14,9052.07,14004.3,892,6965.39,13494.8,14260.3,674,7336.92,13651.7,14339.6,26.6855,188.001,2160,64.457,226.413,326.91,348,135.422,331.198,443.316,4138,4138,15.0021,0,0,0,0,0,0,0,0,130.669,0,0,0,0,0,4321,158,96.4724,0,7176,144.162
b1_cf_wb_128mb_r03,b1_natural_flush_counterfactual,10,10.0143,94066,37.4657,28,6320.25,8234.84,8435.21,57,4820.36,8280.12,13501.2,918,5866.57,9673.95,14674.3,641,5694.23,13143.8,14993.1,26.8456,183.654,1997,53.441,196.964,348.274,342,115.296,277.464,364.5,3983,3983,15.0021,0,0,0,0,0,0,0,0,130.669,0,0,0,0,0,4128,164,96.1789,0,7518,144.733
b1_cf_wb_128mb_r03,b1_natural_flush_counterfactual,11,11.0154,98188,39.1075,21,2289.24,8720.92,10469.2,42,7111.71,13869.3,15581.6,909,2215.85,14174.9,15700.1,675,2324.26,14446.8,15801.5,24.1689,194.727,2148,53.277,186.488,288.177,314,116.445,286.162,338.247,4109,4109,16.0021,0,0,0,0,0,0,0,0,130.669,0,0,0,0,0,4266,136,96.9105,0,7832,145.343
b1_cf_wb_128mb_r03,b1_natural_flush_counterfactual,12,12.0162,102264,40.7309,32,2160.71,15621.1,16465.6,45,3075.96,14254.1,15899.4,918,2269.07,14585.7,16546.3,652,2467.43,15236.7,16634.5,25.3988,194.186,2102,46.597,157.958,255.898,331,109.949,241.908,285.092,4080,4080,17.0021,0,0,0,0,0,0,0,0,130.669,0,0,0,0,0,4102,126,97.0199,0,8163,145.943
b1_cf_wb_128mb_r03,b1_natural_flush_counterfactual,13,13.0172,106096,42.2572,25,9324.34,16824.8,17467.6,36,3675.44,16773.3,16930.3,843,4165.97,11608.6,17012.7,619,4321.31,10453.9,17174.3,20.7334,245.825,1991,45.476,173.951,296.405,319,107.894,264.943,340.178,3833,3833,17.0021,0,0,0,0,0,0,0,0,130.669,0,0,0,0,0,3977,123,97,0,8482,146.513
b1_cf_wb_128mb_r03,b1_natural_flush_counterfactual,14,14.018,109728,43.7038,20,1961.6,10235.5,10235.5,38,2475.16,10320.7,10352.1,780,4539.94,14735.2,18164,580,3024.39,15111.3,18516.4,21.1793,264.814,1928,52.943,179.675,287.269,281,115.305,270.763,468.602,3627,3627,18.0021,0,0,0,0,0,0,0,0,130.669,0,0,0,0,0,3632,106,97.1643,0,8763,147.06
b1_cf_wb_128mb_r03,b1_natural_flush_counterfactual,15,15.0195,113570,45.234,32,2587.04,10649.6,13460.5,33,10506.4,10889.1,18182.7,837,2701.38,10861,15105.1,635,2782.7,11173.2,16812.9,20.8614,242.407,2002,47.181,138.925,228.064,303,100.253,241.352,340.64,3842,3842,18.0021,0,0,0,0,0,0,0,0,130.669,0,0,0,0,0,3989,107,97.3877,0,9066,147.632
b1_cf_wb_128mb_r03,b1_natural_flush_counterfactual,16,16.0205,117347,46.7384,26,2640.41,11017.1,11044.9,35,2703.99,11724.2,11879.9,825,2797.83,11684.7,19846.1,610,2998.1,11864.4,19919,22.3639,234.908,1975,39.187,154.328,242.685,306,110.29,209.179,271.002,3777,3777,19.0021,0,0,0,0,0,0,0,0,130.669,0,0,0,0,0,3959,79,98.0436,0,9372,148.197
b1_cf_wb_128mb_r03,b1_natural_flush_counterfactual,17,17.0215,120196,47.8731,22,10469.2,19136.2,21288,31,3879.15,12096,12155,646,8632.93,12819.7,21160,448,9443.83,12714.4,21244.7,20.5469,336.7,1475,60.343,188.591,311.272,227,128.422,342.207,497.411,2849,2849,19.0021,0,0,0,0,0,0,0,0,130.669,0,0,0,0,0,2885,80,97.3019,0,9599,148.617
b1_cf_wb_128mb_r03,b1_natural_flush_counterfactual,18,18.0225,123067,49.0166,14,9063.41,12113.6,12113.6,33,11030.8,13627,14623.5,646,8165.14,12687.7,21223.3,460,9830.33,13273.2,21864.4,19.6174,359.436,1496,57.603,188.018,321.64,222,122.778,304.04,356.661,2871,2871,20.0021,0,0,0,0,0,0,0,0,130.669,0,0,0,0,0,2988,77,97.4878,0,9821,149.042
b1_cf_wb_128mb_r03,b1_natural_flush_counterfactual,19,19.0235,125637,50.0402,18,19.203,18260.3,18260.3,28,12264.1,21701.2,22322,596,11988.1,13153.6,22653.6,388,11388.1,13942.4,22434.7,16.7577,448.559,1352,58.665,205.934,296.385,188,126.588,286.958,380.235,2570,2570,20.0021,0,0,0,0,0,0,0,0,130.669,0,0,0,0,0,2557,53,97.9693,0,10009,149.425
b1_cf_wb_128mb_r03,b1_natural_flush_counterfactual,20,20.0243,128291,51.0973,25,11902.3,13210.2,13228.7,28,12499.6,13146.2,20897.8,564,10384.4,13428.5,22853.4,425,10368.3,13430.7,21254.6,17.2824,428.451,1404,59.984,196.55,296.261,208,133.421,267.662,461.968,2654,2654,21.0021,0,0,0,0,0,0,0,0,130.669,0,0,0,0,0,2803,58,97.9727,0,10217,149.824
b1_cf_wb_128mb_r03,b1_natural_flush_counterfactual,21,21.025,131166,52.2424,15,665.019,13463.1,13463.1,35,12824.5,13495.3,13559.1,616,8469.58,14289.5,23396.5,428,10788.9,13698,23323.1,16.5304,453.338,1569,56.924,222.778,301.226,219,129.287,306.037,395.788,2882,2882,21.0021,0,0,0,0,0,0,0,0,130.669,0,0,0,0,0,2799,65,97.7304,0,10436,150.268
b1_cf_wb_128mb_r03,b1_natural_flush_counterfactual,22,22.0259,133492,53.1688,20,7510.28,24248.6,24248.6,25,12850.3,16230.9,21414.5,542,11922.3,14723,24219,354,11583.6,14855.5,24434.5,17.096,487.42,1184,56.128,161.085,264.513,194,113.878,228.688,380.921,2319,2319,21.0021,0,0,0,0,0,0,0,0,130.669,0,0,0,0,0,2347,51,97.8732,0,10630,150.606
b1_cf_wb_128mb_r03,b1_natural_flush_counterfactual,23,23.0266,135839,54.1036,19,13592.6,24860.7,24860.7,26,12369.7,14425.1,24493.9,506,12961.2,16125.2,24643,378,12814.8,19459.5,24397,15.4788,549.911,1220,60.772,201.282,271.077,198,131.8,285.669,446.974,2347,2347,22.0021,0,0,0,0,0,0,0,0,130.669,0,0,0,0,0,2387,50,97.9483,0,10828,150.953
b1_cf_wb_128mb_r03,b1_natural_flush_counterfactual,24,24.0274,138142,55.0209,19,14038.6,25532.7,25532.7,24,14117.1,25146.5,25455.6,517,11370.9,24430.7,25467.2,354,9430.64,19701.4,25792.4,14.5282,557.998,1210,57.968,198.942,307.625,179,122.361,319.18,395.5,2303,2303,22.0021,0,0,0,0,0,0,0,0,130.669,0,0,0,0,0,2334,42,98.2323,0,11007,151.297
b1_cf_wb_128mb_r03,b1_natural_flush_counterfactual,25,25.0281,140393,55.9174,10,14395.8,25792.4,25792.4,27,12998.2,17568.8,25896,519,11675.9,14806.7,25813.5,359,12919,15261,26200.6,15.4513,576.451,1163,56.225,170.006,249.053,173,117.269,243.879,377.983,2251,2251,23.0021,0,0,0,0,0,0,0,0,130.669,0,0,0,0,0,2389,52,97.8697,0,11180,151.628
b1_cf_wb_128mb_r03,b1_natural_flush_counterfactual,26,26.0287,142660,56.8204,20,14360.7,15803.2,15803.2,26,11667,15066.6,15148.4,522,11902.2,15364.1,26486.1,354,12518,15273.1,22605.2,16.0113,549.505,1150,55.322,195.959,269.591,195,118.652,235.074,293.676,2267,2267,23.0021,0,0,0,0,0,0,0,0,130.669,0,0,0,0,0,2361,50,97.9262,0,11375,151.956
b1_cf_wb_128mb_r03,b1_natural_flush_counterfactual,27,27.0296,145168,57.8193,28,4970.66,15399.6,18919.4,27,4249.21,15314.9,15422.4,576,8917.57,15300.8,17296.5,397,7092.66,15533.8,17547.6,15.3804,490.045,1291,50.354,170.218,257.835,189,113.114,253.547,390.501,2508,2508,23.0021,0,0,0,0,0,0,0,0,130.669,0,0,0,0,0,2608,48,98.1928,0,11564,152.324
b1_cf_wb_128mb_r03,b1_natural_flush_counterfactual,28,28.0304,147597,58.7867,15,12321.4,17590.4,17590.4,23,11193.8,15586.2,15655.2,527,11623.2,16346.6,25977.1,382,7644.21,16621.4,27777.7,15.3927,509.589,1296,54.687,160.172,259.089,186,110.378,221.155,340.897,2429,2429,24.0021,0,0,0,0,0,0,0,0,130.669,0,0,0,0,0,2536,54,97.9151,0,11750,152.692
b1_cf_wb_128mb_r03,b1_natural_flush_counterfactual,29,29.0312,149716,59.6307,9,7285.76,16665.9,16665.9,26,7782.25,18930.2,25147.5,472,12633.6,18456.4,27632.1,334,12613.8,19833.2,28202.9,15.6108,593.497,1112,49.902,146.561,305.163,166,108.267,271.5,368.429,2119,2119,24.0021,0,0,0,0,0,0,0,0,130.669,0,0,0,0,0,2223,62,97.2867,0,11916,153.009
b1_cf_wb_128mb_r03,b1_natural_flush_counterfactual,30,30.0319,151626,60.3914,13,15989.3,16369.3,16369.3,22,14442.7,16510.8,18798.7,451,14866.1,16661,17352.7,332,13385.2,17017.5,19719.7,14.0783,707.775,932,57.393,191.515,296.193,160,121.206,302.229,447.469,1910,1910,24.0021,0,0,0,0,0,0,0,0,130.669,0,0,0,0,0,2210,35,98.441,0,12076,153.275
b1_cf_wb_128mb_r03,b1_natural_flush_counterfactual,31,31.0325,153556,61.1601,16,16540.1,29124.9,29124.9,23,15927.3,16832.3,16961.6,445,14874.2,17289.7,29382.6,293,14086.1,17190.4,29270.4,13.5392,744.196,996,56.179,168.498,257.055,157,110.304,259.073,384.353,1930,1930,25.0021,0,0,0,0,0,0,0,0,130.669,0,0,0,0,0,1955,30,98.4887,0,12233,153.56
b1_cf_wb_128mb_r03,b1_natural_flush_counterfactual,32,32.0328,155716,62.0205,19,16481.5,17810.8,17810.8,27,11280.3,16987.4,17406.5,466,12694.6,17419.4,29188.2,338,11690.7,17654.4,19589.6,11.8491,774.926,1161,55.937,160.412,225.727,149,112.756,199.057,235.784,2160,2160,25.0021,0,0,0,0,0,0,0,0,130.669,0,0,0,0,0,2241,45,98.0315,0,12382,153.888
b1_cf_wb_128mb_r03,b1_natural_flush_counterfactual,33,33.0337,157823,62.8597,12,13514.8,17284,17284,19,13139.7,30138.9,30138.9,455,10859.2,18267.6,31411.7,389,7793.69,18585.3,31434.8,13.9409,633.889,1086,60.657,206.334,422.481,146,121.363,278.946,408.73,2107,2107,25.0021,0,0,0,0,0,0,0,0,130.669,0,0,0,0,0,2573,49,98.1312,0,12528,154.196
b1_cf_wb_128mb_r03,b1_natural_flush_counterfactual,34,34.035,159686,63.6017,9,17441.6,30594,30594,19,1521.38,26888.1,26888.1,400,12592.7,26333.4,31316.9,283,12981.6,23037.9,30729.2,12.4982,876.32,1007,57.885,184.574,272.717,145,125.058,299.192,366.867,1863,1863,25.0021,0,0,0,0,0,0,0,0,130.669,0,0,0,0,0,1980,30,98.5075,0,12673,154.483
b1_cf_wb_128mb_r03,b1_natural_flush_counterfactual,35,35.0355,161683,64.3971,10,13523.4,17908,17908,23,6670.38,20302.2,28675.3,413,12077.4,18545.2,30087.1,318,13159.5,19710.1,30057.7,13.5346,808.592,1063,51.88,180.02,290.672,170,113.254,225.977,313.279,1997,1997,26.0022,0,0,0,0,0,0,0,0,130.669,0,0,0,0,0,2192,23,98.9616,0,12843,154.786
b1_cf_wb_128mb_r03,b1_natural_flush_counterfactual,36,36.0362,163485,65.1148,15,17941.6,30916.5,30916.5,16,1009.1,30702.6,30702.6,413,10765.2,29494.4,32319.3,301,13407.1,30978,32322.5,9.80731,1207.54,928,58.804,178.547,265.715,129,119.396,245.868,264.855,1802,1802,26.0022,0,0,0,0,0,0,0,0,130.669,0,0,0,0,0,2028,42,97.971,0,12972,155.05
b1_cf_wb_128mb_r03,b1_natural_flush_counterfactual,37,37.0368,165635,65.9711,16,9722.62,18449,18449,19,10102.4,27668.2,27668.2,421,10146,19213.7,25932.1,350,11239.3,19101.1,27815.5,12.5257,827.088,1175,50.238,156.87,275.088,169,110.237,251.951,321.232,2150,2150,26.0022,0,0,0,0,0,0,0,0,130.669,0,0,0,0,0,2385,37,98.4723,0,13141,155.384
b1_cf_wb_128mb_r03,b1_natural_flush_counterfactual,38,38.0376,167421,66.6825,5,10135.8,17418.3,17418.3,14,18356.2,32566.3,32566.3,405,12676.9,19162.6,31691.4,309,10801,29213.3,33446.2,10.5696,985.388,914,52.012,195.876,274.658,139,113.371,213.886,271.778,1786,1786,27.0022,0,0,0,0,0,0,0,0,130.669,0,0,0,0,0,2094,42,98.0337,0,13280,155.646
b1_cf_wb_128mb_r03,b1_natural_flush_counterfactual,39,39.0382,169314,67.4364,13,19.104,19148.8,19148.8,24,5416.23,19983.8,20024.5,438,12783.2,22151.9,32987,307,11527.1,21762.8,33196.2,11.7296,879.674,976,58.254,153.218,240.208,135,117.147,236.144,290.749,1893,1893,27.0022,0,0,0,0,0,0,0,0,130.669,0,0,0,0,0,2096,31,98.5425,0,13415,155.922
b1_cf_wb_128mb_r03,b1_natural_flush_counterfactual,40,40.0385,171168,68.1749,18,10615.1,27904.7,27904.7,23,7941.52,19658.4,19934.1,409,11780.7,21045.3,33973,320,9632.41,19950.4,34231.9,11.3656,894.446,922,52.477,160.806,286.789,162,113.112,264.539,478.951,1854,1854,27.0022,0,0,0,0,0,0,0,0,130.669,0,0,0,0,0,2200,40,98.2143,0,13577,156.186
b1_cf_wb_128mb_r03,b1_natural_flush_counterfactual,41,41.0389,172697,68.7839,5,18733,19671.9,19671.9,14,19597.7,32591.3,32591.3,335,16458.6,31611.6,34733.6,215,19527.9,31627.7,34756.8,10.9349,1356.48,816,58.191,217.84,283.982,144,123.565,292.84,311.727,1529,1529,27.0022,0,0,0,0,0,0,0,0,130.669,0,0,0,0,0,1505,35,97.7273,0,13721,156.419
b1_cf_wb_128mb_r03,b1_natural_flush_counterfactual,42,42.0396,174416,69.4685,11,19822.4,29295.6,29295.6,15,6795.91,20201.8,20201.8,393,14547.8,27105.3,31341.2,253,13298.5,22754.1,31438.8,12.6482,909.846,897,58.351,184.923,277.894,150,116.593,248.941,279.451,1719,1719,28.0022,0,0,0,0,0,0,0,0,130.669,0,0,0,0,0,1792,23,98.7328,0,13871,156.675
b1_cf_wb_128mb_r03,b1_natural_flush_counterfactual,43,43.0402,176279,70.2105,11,41.429,20225,20225,23,25.005,20174.3,20446.1,426,12800.7,21674.6,35060,288,13225.5,21129.5,35263.6,11.4306,961.131,969,57.07,185.749,339.029,152,119.256,268.729,333.808,1869,1869,28.0022,0,0,0,0,0,0,0,0,130.669,0,0,0,0,0,2034,35,98.3084,0,14022,156.952
b1_cf_wb_128mb_r03,b1_natural_flush_counterfactual,44,44.0409,177970,70.884,12,10146.3,20557.1,20557.1,19,16719.4,21641.1,21641.1,384,14155.7,20988.7,34933.9,249,12645.5,20990.7,34472.6,8.09639,1420.69,867,56.376,212.057,298.035,154,118.77,281.134,306.535,1685,1685,28.0022,0,0,0,0,0,0,0,0,130.669,0,0,0,0,0,1831,23,98.7594,0,14177,157.198
b1_cf_wb_128mb_r03,b1_natural_flush_counterfactual,45,45.0415,179497,71.4922,6,15387.6,34602.5,34602.5,20,14375.8,26516.7,26516.7,354,14288.4,26906.6,34714.3,235,16762.2,29407.6,33667.7,11.5277,1171.56,782,54.765,187.355,276.981,130,115.462,258.466,312.991,1527,1527,29.0022,0,0,0,0,0,0,0,0,130.669,0,0,0,0,0,1720,24,98.6239,0,14307,157.421
b1_cf_wb_128mb_r03,b1_natural_flush_counterfactual,46,46.0421,181408,72.2534,16,7654.26,20984.2,20984.2,23,11979.8,36350.2,36400.3,415,9630.21,23609.7,36328,305,10630.1,21972.8,36456.6,8.68852,1239.52,999,55.992,237.138,381.951,153,134.662,403.47,469.137,1911,1911,29.0022,0,0,0,0,0,0,0,0,130.669,0,0,0,0,0,2147,37,98.3059,0,14460,157.705
b1_cf_wb_128mb_r03,b1_natural_flush_counterfactual,47,47.0427,183341,73.0233,15,11009.7,27598.7,27598.7,21,44.787,21587,21850.2,383,12237,23864.5,37212,292,11439.6,23173.9,37505.5,10.6199,1032.52,1087,53.264,178.927,257.362,135,114.974,271.871,324.534,1933,1933,29.0022,0,0,0,0,0,0,0,0,130.669,0,0,0,0,0,2073,53,97.5071,0,14595,158.012
b1_cf_wb_128mb_r03,b1_natural_flush_counterfactual,48,48.0434,185152,73.7446,7,1066.45,19714.9,19714.9,18,6744.78,22292.2,22292.2,402,8271.23,27374.4,38468.6,300,13423.6,37327.5,39227.4,9.79,1236.08,939,49.358,199.318,295.171,145,118.301,267.541,335.016,1811,1811,29.0022,0,0,0,0,0,0,0,0,130.669,0,0,0,0,0,2130,32,98.5199,0,14740,158.28
b1_cf_wb_128mb_r03,b1_natural_flush_counterfactual,49,49.0441,186843,74.4181,14,14882.1,22587.7,22587.7,17,16473.7,38816.8,38816.8,387,11407.8,23445.7,39010.1,274,11630.7,22849.2,39105,9.82117,1154.75,866,53.904,174.025,302.035,133,111.154,320.047,343.091,1691,1691,30.0022,0,0,0,0,0,0,0,0,130.669,0,0,0,0,0,1961,38,98.099,0,14873,158.527
b1_cf_wb_128mb_r03,b1_natural_flush_counterfactual,50,50.0447,188406,75.0406,10,16746.5,39355.2,39355.2,22,15313.2,22880,31457.1,345,12954.4,23045.5,31808.3,252,13235.3,24331.7,39105.2,10.6746,1167.29,795,59.005,188.196,283.796,139,116.835,249.288,301.169,1563,1563,30.0022,0,0,0,0,0,0,0,0,130.669,0,0,0,0,0,1858,18,99.0405,0,15012,158.754
b1_cf_wb_128mb_r03,b1_natural_flush_counterfactual,51,51.0453,189910,75.6397,13,22499.8,23849.8,23849.8,21,2074.58,37675.7,40083.7,339,15966.4,30756.3,38545.9,265,14695.5,23262.2,37890.3,10.5245,1118.6,746,55.265,182.165,314.271,120,121.614,315.304,484.114,1504,1504,30.0022,0,0,0,0,0,0,0,0,130.669,0,0,0,0,0,1960,21,98.9399,0,15132,158.967
b1_cf_wb_128mb_r03,b1_natural_flush_counterfactual,52,52.0459,191733,76.3657,16,5268.12,18761,18761,20,6960.75,40803.7,40803.7,396,8168.48,29234.1,40188.9,303,10268.2,29220.4,40038.4,11.934,956.258,935,35.01,164.582,250.719,153,104.292,246.96,329.636,1823,1823,30.0022,0,0,0,0,0,0,0,0,130.669,0,0,0,0,0,2165,25,98.8584,0,15285,159.234
b1_cf_wb_128mb_r03,b1_natural_flush_counterfactual,53,53.0465,193478,77.0608,18,250.889,24211.8,24211.8,20,17050.4,24379.5,24379.5,375,11934.3,23652.8,27474,286,10672.9,23778.2,39270.1,8.6958,1304.95,917,48.939,163.64,270.89,129,101.968,199.286,360.642,1745,1745,31.0022,0,0,0,0,0,0,0,0,130.669,0,0,0,0,0,2033,28,98.6414,0,15414,159.495
b1_cf_wb_128mb_r03,b1_natural_flush_counterfactual,54,54.0471,195007,77.6698,8,20.097,23843.9,23843.9,10,11964.4,24109,24109,372,12946.1,24356.9,31347.6,248,14595.7,24660.7,27894.5,10.0685,1269.37,772,53.47,135.118,292.998,119,105.757,275.882,507.509,1529,1529,31.0022,0,0,0,0,0,0,0,0,130.669,0,0,0,0,0,1789,28,98.459,0,15533,159.716
b1_cf_wb_128mb_r03,b1_natural_flush_counterfactual,55,55.0475,196594,78.3018,13,14477.3,24640.6,24640.6,18,11614,28270.1,28270.1,320,15152.5,25072.7,26388.5,263,13965.9,25278.2,26333.6,11.1065,1137.38,839,48.322,141.654,230.161,134,106.971,210.571,282.146,1587,1587,31.0022,0,0,0,0,0,0,0,0,130.669,0,0,0,0,0,1994,27,98.664,0,15667,159.956
b1_cf_wb_128mb_r03,b1_natural_flush_counterfactual,56,56.048,198076,78.8921,10,11490.9,39751.7,39751.7,7,24493.4,40945.7,40945.7,336,10280.1,24741.6,39638.9,257,15122.1,26057.4,40913,11.2023,1246.21,761,51.921,146.858,275.77,111,106.175,229.057,279.682,1482,1482,31.0022,0,0,0,0,0,0,0,0,130.669,0,0,0,0,0,1900,22,98.8554,0,15778,160.173
b1_cf_wb_128mb_r03,b1_natural_flush_counterfactual,57,57.0487,199657,79.5218,11,18147.8,24311.2,24311.2,16,14184.8,24655.5,24655.5,358,14655.2,24906.7,28851.7,258,13621.9,24996.2,27054.3,9.71318,1241.48,818,53.851,179.256,280.329,120,108.941,305.332,437.456,1581,1581,32.0022,0,0,0,0,0,0,0,0,130.669,0,0,0,0,0,1873,31,98.3718,0,15898,160.406
b1_cf_wb_128mb_r03,b1_natural_flush_counterfactual,58,58.049,201490,80.2519,14,17154.7,25104.3,25104.3,17,12574.3,25204.8,25204.8,407,9940.86,25147.5,25580.8,274,10223.3,25431.3,42995.5,7.65693,1507.81,969,38.954,119.599,217.549,152,89.231,177.48,206.618,1833,1833,33.0022,0,0,0,0,0,0,0,0,130.669,0,0,0,0,0,1996,31,98.4706,0,16050,160.683
b1_cf_wb_128mb_r03,b1_natural_flush_counterfactual,59,59.0493,203190,80.929,16,5924.58,22566.2,22566.2,17,11293.7,42762.8,42762.8,374,10297.1,25465.7,42801.9,255,13175,25660.9,40658.6,10.5922,1235.37,904,34.887,116.77,224.441,134,87.048,187.115,212.791,1700,1700,33.0022,0,0,0,0,0,0,0,0,130.669,0,0,0,0,0,1893,33,98.2866,0,16184,160.942
b1_cf_wb_128mb_r03,b1_natural_flush_counterfactual,60,60.0496,204988,81.6451,8,25624.3,25959.2,25959.2,28,36.832,25678.2,25772.1,424,6179.02,25983,34389.3,284,6227.41,26084.4,35166.4,7.45423,1342.31,911,35.951,139.875,223.46,143,98.177,230.872,330.539,1798,1798,33.0022,0,0,0,0,0,0,0,0,130.669,0,0,0,0,0,2094,33,98.4485,0,16327,161.202
b1_cf_wb_128mb_r03,b1_natural_flush_counterfactual,61,61.0503,206510,82.2513,5,8.488,32078.1,32078.1,14,6293.44,25936.1,25936.1,339,12649.5,26172.5,39068.9,257,13630,26424.5,45299.6,8.13619,1667.59,789,43.895,138.422,241.63,118,97.672,232.492,329.768,1522,1522,33.0022,0,0,0,0,0,0,0,0,130.669,0,0,0,0,0,2002,22,98.913,0,16445,161.428
b1_cf_wb_128mb_r03,b1_natural_flush_counterfactual,62,62.0508,208407,83.0069,13,12202.6,26418.3,26418.3,21,6120.99,26433.3,26770.7,412,6542.08,26502,31201.3,287,6553.99,26718.5,36891.7,9.13937,1231.09,1012,37.669,116.482,189.493,152,82.43,190.438,246.464,1897,1897,34.0022,0,0,0,0,0,0,0,0,130.669,0,0,0,0,0,2119,23,98.9262,0,16597,161.717
b1_cf_wb_128mb_r03,b1_natural_flush_counterfactual,63,63.0515,210188,83.7162,10,6906.49,26820.8,26820.8,23,6927.36,35475.7,35505.9,394,6768.75,27065.5,45120.2,301,6605.96,27117.7,39037.8,7.86711,1316.17,906,41.936,168.037,377.633,147,98.042,287.196,379.792,1781,1781,34.0022,0,0,0,0,0,0,0,0,130.669,0,0,0,0,0,2291,28,98.7926,0,16744,161.976
b1_cf_wb_128mb_r03,b1_natural_flush_counterfactual,64,64.0521,212018,84.4451,8,14932.4,26875.2,26875.2,22,6522.81,27184.8,27315.4,441,6392.08,27318.7,43107.6,263,6728.9,27430.9,36134.9,9.46388,1234.37,958,37.754,119.034,198.356,138,94.451,186.479,317.744,1830,1830,34.0022,0,0,0,0,0,0,0,0,130.669,0,0,0,0,0,1999,39,98.0864,0,16882,162.25
b1_cf_wb_128mb_r03,b1_natural_flush_counterfactual,65,65.053,213635,85.0891,10,12251.5,27558.1,27558.1,22,12821.1,27868,27890,359,10490.1,27958.5,40568.5,248,7354.15,28091.8,47474.8,9.08468,1347.66,849,38.434,153.227,234.232,129,95.652,213.202,232.912,1617,1617,34.0022,0,0,0,0,0,0,0,0,130.669,0,0,0,0,0,1823,25,98.6472,0,17011,162.493
b1_cf_wb_128mb_r03,b1_natural_flush_counterfactual,66,66.0536,215271,85.7407,6,13163.8,24066.3,24066.3,17,6912.49,28099.6,28099.6,371,7164.63,28085.3,28308.9,288,7319.59,28401.7,33501.4,8.82639,1343.22,824,38.011,120.354,188.109,130,90.767,200.999,269.92,1636,1636,35.0022,0,0,0,0,0,0,0,0,130.669,0,0,0,0,0,2139,33,98.4807,0,17141,162.729
b1_cf_wb_128mb_r03,b1_natural_flush_counterfactual,67,67.0543,216696,86.3083,11,41.561,36114.7,36114.7,17,20729.1,44546.5,44546.5,304,8453.83,35803.1,42955.5,214,10949.1,35823.7,43141.9,8.59346,1770.93,780,36.644,123.457,198.114,99,96.61,186.721,226.208,1425,1425,35.0022,0,0,0,0,0,0,0,0,130.669,0,0,0,0,0,1677,26,98.4733,0,17240,162.951
b1_cf_wb_128mb_r03,b1_natural_flush_counterfactual,68,68.0548,217850,86.7679,8,14731.6,57315.8,57315.8,13,10812,35792.1,35792.1,267,11381.3,37808.1,39984,171,15235.5,38506.8,40135.8,7.98246,2317.21,588,36.028,119.007,272.63,107,93.417,275.426,572.177,1154,1154,35.0022,0,0,0,0,0,0,0,0,130.669,0,0,0,0,0,1321,21,98.4352,0,17347,163.121
b1_cf_wb_128mb_r03,b1_natural_flush_counterfactual,69,69.055,219055,87.2479,10,20728.2,38320.2,38320.2,10,18694.1,32673.2,32673.2,260,17931.6,38138.1,39638.9,197,18329.4,38347.3,39744.7,7.51777,2236,623,34,136.325,619.255,105,92.841,487.685,812.324,1205,1205,35.0022,0,0,0,0,0,0,0,0,130.669,0,0,0,0,0,1488,13,99.1339,0,17452,163.3
b1_cf_wb_128mb_r03,b1_natural_flush_counterfactual,70,70.0557,220260,87.7278,12,15660.5,40414,40414,5,16360.7,36240.7,36240.7,267,11380.6,38866.8,40468.5,175,21150.6,38879.1,40169.9,8.45714,2204.58,650,37.861,149.712,1405.28,96,96.116,874.841,1801.34,1205,1205,36.0022,0,0,0,0,0,0,0,0,130.669,0,0,0,0,0,1370,23,98.3489,0,17548,163.485
b1_cf_wb_128mb_r03,b1_natural_flush_counterfactual,71,71.056,221534,88.2352,8,19747.8,37192.9,37192.9,19,17333.3,40385.6,40385.6,270,11570.9,39351.5,40017.3,206,11943.1,37747,39636.7,7.83981,2039.43,671,32.795,119.402,1381.98,100,93.049,825.647,1654.92,1274,1274,36.0022,0,0,0,0,0,0,0,0,130.669,0,0,0,0,0,1590,17,98.9421,0,17648,163.677
b1_cf_wb_128mb_r03,b1_natural_flush_counterfactual,72,72.0566,222909,88.7829,7,20001.5,22755.3,22755.3,14,9964.15,32341.1,32341.1,268,11868.9,38858.8,40713.5,232,12102,38929.6,41044,8.87931,1779.91,754,35.546,139.383,655.459,101,106.919,272.854,659.592,1376,1376,36.0022,0,0,0,0,0,0,0,0,130.669,0,0,0,0,0,1759,23,98.7093,0,17749,163.892
b1_cf_wb_128mb_r03,b1_natural_flush_counterfactual,73,73.0571,224107,89.2601,15,23929.8,41020.3,41020.3,21,11774.8,34541.8,38036.5,270,11207.8,38740,41278.5,200,13567.5,39062.9,41426.2,8.24,1881.71,589,32.582,134.506,1184.3,102,99.663,301.641,1033.89,1197,1197,37.0022,0,0,0,0,0,0,0,0,130.669,0,0,0,0,0,1522,14,99.0885,0,17851,164.061
b1_cf_wb_128mb_r03,b1_natural_flush_counterfactual,74,74.0577,225188,89.6906,6,13893.8,38824.6,38824.6,12,23298.1,41822.6,41822.6,238,21904.7,39456.3,43319,162,21689.6,41728.1,42032.6,8.2284,2301.42,553,41.98,170.839,887.476,110,89.751,887.468,1532.72,1081,1081,37.0022,0,0,0,0,0,0,0,0,130.669,0,0,0,0,0,1223,20,98.391,0,17961,164.221
b1_cf_wb_128mb_r03,b1_natural_flush_counterfactual,75,75.0582,226068,90.0411,7,26259.8,42415.8,42415.8,9,47.81,41864.1,41864.1,193,28031.2,42283.9,43469.5,149,27985.3,42113.8,42576.1,9.73154,2274.79,463,44.29,154.618,864.58,59,108.546,1022.46,1043.91,880,880,37.0022,0,0,0,0,0,0,0,0,130.669,0,0,0,0,0,1115,12,98.9352,0,18020,164.353
b1_cf_wb_128mb_r03,b1_natural_flush_counterfactual,76,76.0587,227134,90.4657,2,25665.1,25665.1,25665.1,12,23366.7,43052.5,43052.5,236,16279.8,41714.3,43528.6,166,21241.6,41593,42614.1,8.6747,2278.14,560,35.426,120.674,200.009,90,91.601,217.907,1161.15,1066,1066,37.0022,0,0,0,0,0,0,0,0,130.669,0,0,0,0,0,1168,14,98.8156,0,18110,164.514
b1_cf_wb_128mb_r03,b1_natural_flush_counterfactual,77,77.0593,228012,90.8154,7,39614.4,43977.8,43977.8,22,24015.6,41782.9,42007,212,17922.8,42800.4,43359.2,164,21795.4,42709.2,45058.4,6.58537,3179.24,414,48.516,137.027,1254.67,59,109.558,289.845,1252.39,878,878,37.0022,0,0,0,0,0,0,0,0,130.669,0,0,0,0,0,1278,23,98.2321,0,18169,164.632
b1_cf_wb_128mb_r03,b1_natural_flush_counterfactual,78,78.0598,229230,91.3005,8,18.751,38922.8,38922.8,19,17790.2,42047.2,42047.2,250,20764.1,41623.1,43436.2,167,17257,41564.6,42435.8,7.46707,2276.91,663,41.292,156.337,724.915,111,100.383,248.482,1095.69,1218,1218,37.0022,0,0,0,0,0,0,0,0,130.669,0,0,0,0,0,1315,22,98.3545,0,18280,164.823
b1_cf_wb_128mb_r03,b1_natural_flush_counterfactual,79,79.0603,230460,91.7904,5,9.139,11357.1,11357.1,9,15529.3,37193.1,37193.1,286,10911.4,41695,43384.2,198,12413.9,41861.1,42689.7,7.45455,2162.74,654,40.132,126.324,299.598,78,104.375,305.169,1439.71,1230,1230,38.0022,0,0,0,0,0,0,0,0,130.669,0,0,0,0,0,1522,28,98.1935,0,18358,165.008
b1_cf_wb_128mb_r03,b1_natural_flush_counterfactual,80,80.0607,231461,92.1891,6,23828.7,42980.4,42980.4,13,26878,43185,43185,209,22071.4,43156.8,43732.5,157,22283.4,43372.9,44063.7,7.40127,2783.27,551,46.976,140.13,752.928,65,120.407,893.011,1699.82,1001,1001,38.0022,0,0,0,0,0,0,0,0,130.669,0,0,0,0,0,1257,17,98.6656,0,18423,165.165
b1_cf_wb_128mb_r03,b1_natural_flush_counterfactual,81,81.0613,232593,92.64,8,23.061,41293.7,41293.7,13,28645.9,42138.1,42138.1,235,10499,42112.2,44418,196,16904.7,43633.6,44603,8.84184,2074.59,611,51.925,146.372,195.112,69,113.592,183.609,1009.31,1132,1132,38.0022,0,0,0,0,0,0,0,0,130.669,0,0,0,0,0,1484,6,99.5973,0,18492,165.338
b1_cf_wb_128mb_r03,b1_natural_flush_counterfactual,82,82.0618,233573,93.0303,7,39711.5,43335.1,43335.1,14,28082,42264.5,42264.5,214,19260.3,42281.8,43392.4,147,24879.8,42627,43760.2,8.21769,2712.59,521,42.209,147.651,223.722,77,96.518,538.656,1282.65,980,980,38.0022,0,0,0,0,0,0,0,0,130.669,0,0,0,0,0,1155,12,98.9717,0,18569,165.487
b1_cf_wb_128mb_r03,b1_natural_flush_counterfactual,83,83.0622,234539,93.415,9,24287.5,35329.1,35329.1,6,40687.2,42916.1,42916.1,196,23665.5,43177.4,47373.6,155,20158.4,43128.2,44805.2,7.80645,2547.05,499,36.799,109.895,172.208,101,88.663,164.13,522.225,966,966,38.0022,0,0,0,0,0,0,0,0,130.669,0,0,0,0,0,1175,11,99.0725,0,18670,165.631
b1_cf_wb_128mb_r03,b1_natural_flush_counterfactual,84,84.0628,235407,93.7608,8,19518.5,27796.3,27796.3,8,26304.8,37205,37205,172,27826.3,43737.3,44164.5,142,24564.8,44104.1,44750,8.09155,2891.51,469,36.898,117.662,157.771,69,92.676,159.623,177.824,868,868,39.0023,0,0,0,0,0,0,0,0,130.669,0,0,0,0,0,1070,11,98.9824,0,18739,165.766
b1_cf_wb_128mb_r03,b1_natural_flush_counterfactual,85,85.0633,236399,94.1559,3,20387.7,33703.3,33703.3,11,7808.31,45377.9,45377.9,251,18025.1,42900.4,45340.1,150,19770,42363.8,43886.8,8.17333,2437.26,501,43.45,133.847,230.267,76,92.928,195.611,571.607,992,992,39.0023,0,0,0,0,0,0,0,0,130.669,0,0,0,0,0,1145,12,98.9628,0,18815,165.91
b1_cf_wb_128mb_r03,b1_natural_flush_counterfactual,86,86.064,237391,94.551,7,18869.9,38155.1,38155.1,14,21216.2,40052.8,40052.8,220,22133.7,42254,44016.9,147,18636.4,43141.9,44225.9,7.56463,2616.57,524,42.858,159.252,1075.33,80,105.824,1106.04,1423.22,992,992,39.0023,0,0,0,0,0,0,0,0,130.669,0,0,0,0,0,1150,16,98.6278,0,18895,166.06
b1_cf_wb_128mb_r03,b1_natural_flush_counterfactual,87,87.0645,238337,94.9277,5,15.506,23.299,23.299,10,29804,41573,41573,207,24843.7,43617.3,44623.9,157,24866.2,43251.6,44612.1,9.43312,2142.98,489,46.218,147.305,256.68,78,110.248,256.521,1555.75,946,946,39.0023,0,0,0,0,0,0,0,0,130.669,0,0,0,0,0,1181,14,98.8285,0,18973,166.2
b1_cf_wb_128mb_r03,b1_natural_flush_counterfactual,88,88.065,239342,95.328,9,20.477,44202.2,44202.2,11,29229.8,44370.6,44370.6,224,20090.7,43864.4,44858.3,166,21784.2,43059.5,45200.7,7.90964,2552.82,533,46.25,126.799,606.398,62,103.157,486.743,1329.08,1005,1005,39.0023,0,0,0,0,0,0,0,0,130.669,0,0,0,0,0,1308,17,98.717,0,19035,166.352
b1_cf_wb_128mb_r03,b1_natural_flush_counterfactual,89,89.0656,240306,95.712,6,34377.4,43122.7,43122.7,14,33060.9,45324.1,45324.1,200,24622.6,44826.2,46077.6,135,22475.4,44901.2,46162.8,9.65926,2235.28,526,43.362,147.021,738.777,83,104.85,619.122,1114.29,964,964,39.0023,0,0,0,0,0,0,0,0,130.669,0,0,0,0,0,1029,11,98.9423,0,19118,166.502
b1_cf_wb_128mb_r03,b1_natural_flush_counterfactual,90,90.066,241190,96.0641,6,27245.8,58992.5,58992.5,7,16819.5,44968.3,44968.3,204,23927,52528.3,63084.2,141,24486.2,44672.3,52880.1,8.35461,2567.25,447,45.707,182.673,318.766,79,112.932,327.392,1263.95,884,884,40.0023,0,0,0,0,0,0,0,0,130.669,0,0,0,0,0,1075,18,98.3532,0,19197,166.631
b1_cf_wb_128mb_r03,b1_natural_flush_counterfactual,91,91.0663,242299,96.5058,9,23213.6,60678.8,60678.8,20,18121.6,44864.4,44864.4,252,18957,44653.2,49577.5,179,17573.1,43715.1,45648.8,7.81564,2171.15,557,35.875,119.683,153.517,92,81.143,246.596,955.923,1109,1109,40.0023,0,0,0,0,0,0,0,0,130.669,0,0,0,0,0,1409,11,99.2254,0,19289,166.791
b1_cf_wb_128mb_r03,b1_natural_flush_counterfactual,92,92.0668,243440,96.9602,9,17071.1,41600.3,41600.3,15,4977.92,41040.5,41040.5,252,17613.3,43758.2,45095.8,173,18236.8,44454.5,45838.3,6.60694,2647.76,586,35.212,170.005,1406.77,106,82.222,632.422,1335.63,1141,1141,40.0023,0,0,0,0,0,0,0,0,130.669,0,0,0,0,0,1400,16,98.8701,0,19395,166.959
b1_cf_wb_128mb_r03,b1_natural_flush_counterfactual,93,93.0675,244426,97.353,6,11750.8,26085.7,26085.7,18,16200.1,46229.1,46229.1,244,16087.3,46662.8,56051.8,159,14999.6,47725.4,59082.9,7.74214,2390.21,484,34.575,109.187,243.194,75,90.464,248.575,456.072,986,986,40.0023,0,0,0,0,0,0,0,0,130.669,0,0,0,0,0,1257,17,98.6656,0,19470,167.098
b1_cf_wb_128mb_r03,b1_natural_flush_counterfactual,94,94.0681,245601,97.8209,8,18750.2,47227.2,47227.2,12,33769.1,46461.6,46461.6,245,17178.4,44341.8,47238.3,180,14941.5,43998.6,47488.5,7.66111,2214.53,651,43.254,113.057,234.529,79,85.342,222.962,1065.35,1175,1175,40.0023,0,0,0,0,0,0,0,0,130.669,0,0,0,0,0,1367,17,98.7717,0,19549,167.283
b1_cf_wb_128mb_r03,b1_natural_flush_counterfactual,95,95.0687,246830,98.3104,8,12038.9,42393.5,42393.5,17,24695,42655.9,42655.9,253,11890.4,43483.9,45647.4,197,12142.4,44674.5,46189.6,7.29442,2448.13,647,28.803,110.715,180.009,107,92.053,408.142,1374.26,1229,1229,40.0023,0,0,0,0,0,0,0,0,130.669,0,0,0,0,0,1556,18,98.8564,0,19656,167.469
b1_cf_wb_128mb_r03,b1_natural_flush_counterfactual,96,96.069,248158,98.8394,7,11768.3,34974.3,34974.3,17,28.257,43662.7,43662.7,276,12039.8,44718.8,58497.7,225,11232.1,43969.6,55223.5,7.85778,1908.89,703,28.931,116.154,241.279,100,80.283,246.848,1270.27,1328,1328,40.0023,0,0,0,0,0,0,0,0,130.669,0,0,0,0,0,1753,16,99.0955,0,19756,167.67
b1_cf_wb_128mb_r03,b1_natural_flush_counterfactual,97,97.0693,249225,99.2644,7,14555.7,43331.8,43331.8,12,18148.7,42875.4,42875.4,226,18867.4,44886.5,47100.4,195,16288.6,44561.4,46834.5,7.25128,2346.44,537,30.593,99.791,207.751,90,75.709,197.759,1383.74,1067,1067,41.0023,0,0,0,0,0,0,0,0,130.669,0,0,0,0,0,1529,20,98.7088,0,19846,167.824
b1_cf_wb_128mb_r03,b1_natural_flush_counterfactual,98,98.0696,250319,99.7001,6,26960.6,44566.9,44566.9,6,25982.2,43954.2,43954.2,225,17711.5,44237.2,47031,185,17891.4,44608.4,46368.1,6.38378,2892.84,580,30.641,123.274,209.307,93,72.392,267.606,854.917,1095,1095,41.0023,0,0,0,0,0,0,0,0,130.669,0,0,0,0,0,1472,18,98.7919,0,19939,167.991
