exp_id,group_name,progress_pct_idx,elapsed_sec,completed_ops,progress_pct,get_ctrl_ops,get_ctrl_p50_us,get_ctrl_p95_us,get_ctrl_p99_us,get_aff_ops,get_aff_p50_us,get_aff_p95_us,get_aff_p99_us,get_del_ops,get_del_p50_us,get_del_p95_us,get_del_p99_us,scan_ops,scan_p50_us,scan_p95_us,scan_p99_us,scan_avg_keys,scan_us_per_key,put_ops,put_p50_us,put_p95_us,put_p99_us,del_range_ops,del_range_p50_us,del_range_p95_us,del_range_p99_us,total_ops_interval,instantaneous_iops,active_memtable_mb,immutable_memtable_count,memtable_flush_pending,l0_files,l1_files,l2_files,pending_compaction_mb,running_flushes,running_compactions,total_sst_mb,flush_range_del_reason_delta,compaction_read_mb_delta,compaction_write_mb_delta,flush_write_mb_delta,write_stall_micros_delta,block_cache_hits,block_cache_misses,block_cache_hit_rate,tombstones_dropped_delta,cumulative_range_deletions,db_dir_mb
b2_dynamic_t0000_r01,b2_dynamic_phase_mismatch,1,0.0355647,3000,1,30,28.319,113.915,128.842,62,20.224,109.278,133.727,1721,24.521,115.866,137.09,754,161.916,242.105,372.811,96.756,1.71165,127,14.166,93.42,165.366,315,39.031,104.802,183.624,3009,3009,1.00196,0,0,0,0,0,0,0,0,130.686,0,0,0,0,0,1756,6650,20.8898,0,315,130.812
b2_dynamic_t0000_r01,b2_dynamic_phase_mismatch,2,0.0727112,6000,2,35,75.976,193.557,205.319,63,52.952,205.946,229.317,1690,60.375,208.649,239.415,753,169.824,288.39,323.521,92.5365,1.84646,153,15.161,70.216,78.628,303,39.921,90.815,101.031,2997,2997,1.00196,0,0,0,0,0,0,0,0,130.686,0,0,0,0,0,3120,5008,38.3858,0,616,130.87
b2_dynamic_t0000_r01,b2_dynamic_phase_mismatch,3,0.123994,9000,3,28,177.752,316.349,381.998,69,81.249,316.48,462.293,1735,25.514,347.955,417.334,735,164.122,437.67,513.359,84.8517,2.50888,144,19.316,73.718,108.145,292,46.485,112.481,140.513,3003,3003,1.00196,0,0,0,0,0,0,0,0,130.686,0,0,0,0,0,3859,3758,50.663,0,909,130.925
b2_dynamic_t0000_r01,b2_dynamic_phase_mismatch,4,0.226274,12000,4,33,28.306,639.615,733.563,49,277.134,771.977,918.032,1715,144.593,806.932,959.32,775,240.06,930.664,1124.13,79.64,4.69986,139,31.78,134.021,209.453,286,74.235,173.156,220.559,2997,2997,1.00196,0,0,0,0,0,0,0,0,130.686,0,0,0,0,0,4676,2976,61.1082,0,1195,130.978
b2_dynamic_t0000_r01,b2_dynamic_phase_mismatch,5,0.38181,15000,5,21,34.507,1013.13,1013.77,58,291.54,1107.83,1252.93,1719,184.187,1123.02,1358.41,754,344.423,1263.34,1403.84,75.9682,7.3777,137,44.947,196.266,244.233,318,99.744,227.944,261.905,3007,3007,1.00196,0,0,0,0,0,0,0,0,130.686,0,0,0,0,0,5032,2232,69.2731,0,1510,131.032
b2_dynamic_t0000_r01,b2_dynamic_phase_mismatch,6,0.610995,18000,6,21,460.016,1525.18,1749.94,69,344.65,1634.58,2638.06,1670,425.099,1583.68,2065.22,756,380.861,1724.36,2361.4,70.3796,10.9635,159,55.239,153.479,191.998,324,112.194,233.48,315.305,2999,2999,1.00196,0,0,0,0,0,0,0,0,130.686,0,0,0,0,0,5431,1682,76.3532,0,1836,131.093
b2_dynamic_t0000_r01,b2_dynamic_phase_mismatch,7,0.849886,21000,7,24,462.861,1721.68,1896.81,48,45.725,1707.95,1857.84,1734,60.186,1815.53,2000.64,764,271.915,1918.19,2204.77,66.9149,11.9158,136,53.075,157.352,301.625,283,111.883,216.397,274.826,2989,2989,1.00196,0,0,0,0,0,0,0,0,130.686,0,0,0,0,0,5619,1341,80.7328,0,2121,131.145
b2_dynamic_t0000_r01,b2_dynamic_phase_mismatch,8,1.12535,24000,8,20,69.597,2158.98,2158.98,73,42.797,1947.63,2223.47,1739,250.3,2084.14,2362.14,725,385.248,2309.9,2529.69,64.2331,14.7184,154,59.712,197.018,259.203,297,114.013,259.05,371.405,3008,3008,2.00197,0,0,0,0,0,0,0,0,130.686,0,0,0,0,0,5530,1028,84.3245,0,2417,131.203
b2_dynamic_t0000_r01,b2_dynamic_phase_mismatch,9,1.45873,27000,9,23,42.149,2295.66,2317.7,58,876.435,2449.21,2678.53,1722,325.271,2383.56,2597.43,736,368.974,2506.96,2803.49,61.0353,17.8226,146,62.375,211.15,324.3,314,116.014,271.291,367.88,2999,2999,2.00197,0,0,0,0,0,0,0,0,130.686,0,0,0,0,0,5637,872,86.6032,0,2729,131.26
b2_dynamic_t0000_r01,b2_dynamic_phase_mismatch,10,1.81033,30000,10,24,2201.81,2512.95,3022.11,59,41.611,2546.43,2602.77,1726,76.244,2678.39,2958.74,717,560.969,2871.9,3099.14,55.9888,23.0445,160,62.093,197.795,270.067,311,117.862,273.517,328.38,2997,2997,2.00197,0,0,0,0,0,0,0,0,130.686,0,0,0,0,0,5658,622,90.0955,0,3042,131.32
b2_dynamic_t0000_r01,b2_dynamic_phase_mismatch,11,2.2158,33000,11,18,2554.7,3227.79,3227.79,62,436.019,2903.45,3043.5,1677,346.599,2982.61,3295.18,753,313.888,3082.13,3370.09,53.3214,24.1099,170,62.119,211.02,303.46,317,118.122,272.748,369.769,2997,2997,2.00197,0,0,0,0,0,0,0,0,130.686,0,0,0,0,0,5805,519,91.7932,0,3359,131.383
b2_dynamic_t0000_r01,b2_dynamic_phase_mismatch,12,2.69736,36000,12,22,48.601,3270.18,3890.04,73,438.4,3404.73,5261.26,1692,318.489,3347.17,4289.27,761,590.751,3669.01,4372.84,54.611,30.7082,151,60.916,182.155,305.349,303,119.037,253.192,314.979,3002,3002,2.00197,0,0,0,0,0,0,0,0,130.686,0,0,0,0,0,6164,456,93.1118,0,3662,131.441
b2_dynamic_t0000_r01,b2_dynamic_phase_mismatch,13,3.16807,39000,13,30,307.008,3608.56,3889.57,65,389.93,3762.61,3850.9,1739,50.644,3612.64,3803.7,730,411.767,3802.1,3996.4,46.6781,35.3207,143,62.197,181.98,267.792,291,118.525,294.984,379.053,2998,2998,2.00197,0,0,0,0,0,0,0,0,130.686,0,0,0,0,0,5789,324,94.6998,0,3954,131.495
b2_dynamic_t0000_r01,b2_dynamic_phase_mismatch,14,3.71369,42000,14,25,297.078,3952.54,4021.71,57,34.439,3859.07,4132.17,1702,269.824,3919.36,4186.14,755,336.764,4113.52,4336.98,42.6623,42.21,155,62.937,236.768,365.63,309,123.383,324.137,388.366,3003,3003,2.00197,0,0,0,0,0,0,0,0,130.686,0,0,0,0,0,5992,274,95.6272,0,4262,131.554
b2_dynamic_t0000_r01,b2_dynamic_phase_mismatch,15,4.30823,45000,15,20,3707.04,4394.55,4394.55,56,467.681,4163.76,4315.28,1684,252.267,4262.96,4484.91,750,711.352,4403.75,4600.72,40.3013,52.302,168,62.862,183.851,257.123,317,118.124,274.499,357.218,2995,2995,2.00197,0,0,0,0,0,0,0,0,130.686,0,0,0,0,0,5803,240,96.0285,0,4580,131.617
b2_dynamic_t0000_r01,b2_dynamic_phase_mismatch,16,4.96758,48000,16,21,4203.92,4703.29,4704.53,53,40.671,4614.63,4746.31,1722,353.714,4584.78,4844.78,749,601.757,4765.77,4968.41,40.1202,54.9316,151,62.57,164.872,214.229,318,117.589,269.865,406.469,3014,3014,2.00197,0,0,0,0,0,0,0,0,130.686,0,0,0,0,0,5917,177,97.0955,0,4896,131.675
b2_dynamic_t0000_r01,b2_dynamic_phase_mismatch,17,5.6141,51000,17,15,4535.14,4860.56,4860.56,59,36.462,5041.89,5183.18,1717,53.53,4971.31,5259.02,756,352.562,5166.02,5394.7,36.2857,58.5885,147,64.335,258.811,7035.6,297,119.59,294.209,7615.32,2991,2991,2.00197,0,0,0,0,0,0,0,0,130.686,0,0,0,0,0,5977,182,97.045,0,5195,131.731
b2_dynamic_t0000_r01,b2_dynamic_phase_mismatch,18,6.37321,54000,18,20,4792.42,9010.29,9010.29,58,3314.99,9817.85,9984.3,1707,228.209,5430.55,9810.54,755,488.738,5654.97,9996.5,33.845,73.5871,147,66.202,224.249,395.752,310,133.947,327.253,397.8,2997,2997,2.00197,0,0,0,0,0,0,0,0,130.686,0,0,0,0,0,6139,122,98.0514,0,5505,131.787
b2_dynamic_t0000_r01,b2_dynamic_phase_mismatch,19,7.01725,57000,19,32,1177.4,10018,10534.6,48,1323.98,10157.8,10595.7,1753,42.703,6759.83,10535.4,726,297.229,6119.92,10449.5,32,62.2559,149,61.561,223.605,368.881,290,127.066,325.056,473.818,2998,2998,2.00197,0,0,0,0,0,0,0,0,130.686,0,0,0,0,0,5869,126,97.8982,0,5795,131.843
b2_dynamic_t0000_r01,b2_dynamic_phase_mismatch,20,7.72321,60000,20,25,39.213,5798,5811.64,64,37.906,5982.05,6552.34,1732,409.795,6059.09,10730.4,750,300.543,6291.35,10998.6,29.8653,73.7748,148,63.793,256.523,428.683,284,129.525,309.524,439.946,3003,3003,2.00197,0,0,0,0,0,0,0,0,130.686,0,0,0,0,0,6151,113,98.196,0,6079,131.9
b2_dynamic_t0000_r01,b2_dynamic_phase_mismatch,21,8.44578,63000,21,25,37.53,6279.01,7462.67,89,530.105,6436.65,6679.67,1693,349.123,6431.91,11620.3,736,1413.29,6605.8,10559.1,27.8125,82.4795,148,61.866,250.872,404.491,318,122.894,333.947,392.945,3009,3009,2.00197,0,0,0,0,0,0,0,0,130.686,0,0,0,0,0,5981,123,97.9849,0,6397,131.956
b2_dynamic_t0000_r01,b2_dynamic_phase_mismatch,22,9.18965,66000,22,27,1567.69,6749.44,6873.29,53,401.585,6669.45,12448.9,1738,51.569,6739.43,10868.8,755,504.89,6931.57,12052.3,26.698,89.0023,130,57.215,192.226,311.049,285,124.326,325.462,458.335,2988,2988,2.00197,0,0,0,0,0,0,0,0,130.686,0,0,0,0,0,6542,111,98.3316,0,6682,132.007
b2_dynamic_t0000_r01,b2_dynamic_phase_mismatch,23,10.047,69000,23,16,1682.16,13449.7,13449.7,68,1507.31,7167.1,11083.6,1769,56.599,7391.85,13278.6,716,402.48,7650.95,13632.2,26.0293,110.101,148,61.586,198.935,306.724,289,132.965,327.765,479.408,3006,3006,2.00197,0,0,0,0,0,0,0,0,130.686,0,0,0,0,0,6143,85,98.6352,0,6969,132.063
b2_dynamic_t0000_r01,b2_dynamic_phase_mismatch,24,10.9763,72000,24,19,1990.13,9162.39,9162.39,58,34.122,7603.04,8193.18,1725,230.572,7655.53,13896,742,1852.22,9009.5,14268.6,24.6536,137.172,156,59.744,269.505,376.52,301,126.672,299.083,367.693,3001,3001,2.00197,0,0,0,0,0,0,0,0,130.686,0,0,0,0,0,6423,90,98.6181,0,7272,132.122
b2_dynamic_t0000_r01,b2_dynamic_phase_mismatch,25,11.9014,75000,25,25,14.732,8556.99,14678.9,59,1805.63,8120.25,14756,1716,357.678,8118.83,14767.7,745,1838.29,9024.61,14980.6,22.3517,137.86,146,55.639,161.852,215.081,308,119.729,296.341,378.817,2999,2999,2.00197,0,0,0,0,0,0,0,0,130.686,0,0,0,0,0,6606,83,98.7592,0,7579,132.178
b2_dynamic_t0000_r01,b2_dynamic_phase_mismatch,26,12.7977,78000,26,26,176.863,8540.03,14240.7,63,58.173,8461.57,13482.7,1680,53.156,8502.08,15327.9,782,397.66,8658.37,15713.6,22.3389,126.674,169,58.521,224.093,315.182,280,122.416,282.388,384.941,3000,3000,2.00197,0,0,0,0,0,0,0,0,130.686,0,0,0,0,0,7031,74,98.9585,0,7859,132.239
b2_dynamic_t0000_r01,b2_dynamic_phase_mismatch,27,14.0353,81000,27,24,1007.6,8788.09,15939.4,65,376.768,8971.69,17120.4,1708,60.811,9783.08,16388.6,748,599.228,15906,16592.5,21.2366,194.069,162,63.233,273.925,387.026,294,136.307,322.207,423.125,3001,3001,2.00197,0,0,0,0,0,0,0,0,130.686,0,0,0,0,0,7298,82,98.8889,0,8153,132.299
b2_dynamic_t0000_r01,b2_dynamic_phase_mismatch,28,15.2138,84000,28,24,2358.28,9357.03,9363.52,55,2322.97,9394.89,16734.1,1690,576.005,9612.54,16137.9,753,2248.09,9807.32,16259.6,20.2483,197.902,152,63.137,260.243,359.958,319,130.737,277.086,379.541,2993,2993,3.00198,0,0,0,0,0,0,0,0,130.686,0,0,0,0,0,7138,67,99.0701,0,8473,132.358
b2_dynamic_t0000_r01,b2_dynamic_phase_mismatch,29,16.2582,87000,29,19,15.375,9763.3,9763.3,66,2287.84,9653.6,17911,1722,38.743,9751.29,15630.6,747,465.815,9979.5,17781.7,18.6212,190.299,159,61.906,216.542,269.427,288,128.854,271.145,339.092,3001,3001,3.00198,0,0,0,0,0,0,0,0,130.686,0,0,0,0,0,7316,78,98.9451,0,8761,132.417
b2_dynamic_t0000_r01,b2_dynamic_phase_mismatch,30,17.4073,90000,30,22,12.495,9812.9,12863.9,60,393.312,18786.1,18984.5,1708,165.996,10522.7,18479,775,307.71,10471.4,19113.1,17.5587,207.183,152,62.471,321.907,448.726,285,124.101,313.23,425.326,3002,3002,3.00198,0,0,0,0,0,0,0,0,130.686,0,0,0,0,0,7208,70,99.0382,0,9046,132.473
b2_dynamic_t0000_r01,b2_dynamic_phase_mismatch,31,18.6488,93000,31,25,52.529,10721.7,10925.9,53,2518.57,11216.5,20157.4,1698,1764.5,11338.6,19835.9,771,1750.73,11193.9,18766.8,15.6835,245.52,156,61.617,273.07,382.933,294,125.007,329.326,457.117,2997,2997,3.00198,0,0,0,0,0,0,0,0,130.686,0,0,0,0,0,7384,62,99.1673,0,9340,132.532
b2_dynamic_t0000_r01,b2_dynamic_phase_mismatch,32,19.8187,96000,32,16,9647.59,20492.6,20492.6,57,47.29,13124.7,20449.8,1797,37.052,11264.5,18972.3,715,341.476,11462.8,13624,14.9748,244.014,154,54.945,214.8,274.838,267,120.932,258.453,340.859,3006,3006,3.00198,0,0,0,0,0,0,0,0,130.686,0,0,0,0,0,6968,48,99.3158,0,9606,132.588
b2_dynamic_t0000_r01,b2_dynamic_phase_mismatch,33,21.1274,99000,33,25,11274.5,11869.5,15497.2,51,62.189,11862.9,20802.8,1663,124.879,11679.5,15324.7,823,462.367,11876.3,12342.6,14.0085,308.501,130,62.837,205.842,253.249,303,123.663,246.275,315.172,2995,2995,3.00198,0,0,0,0,0,0,0,0,130.686,0,0,0,0,0,8260,79,99.0526,0,9910,132.64
b2_dynamic_t0000_r01,b2_dynamic_phase_mismatch,34,22.0698,102000,34,18,10.076,22703.4,22703.4,34,305.473,12135.3,12143,1050,428.639,12192.7,21925.8,477,1666.99,12323.4,22041.5,12.3522,414.546,1244,44.835,143.131,248.798,196,116.17,235.518,349.964,3019,3019,3.00198,0,0,0,0,0,0,0,0,130.686,0,0,0,0,0,4759,24,99.4982,0,10105,132.996
b2_dynamic_t0000_r01,b2_dynamic_phase_mismatch,35,22.7813,105000,35,8,2942.59,12423.1,12423.1,23,12054.6,12418.3,12494.2,687,2870.4,12415.4,13399,309,1386.39,12607.4,12763.8,14.1715,370.23,1801,39.431,145.173,236.728,151,112.154,232.181,286.71,2979,2979,4.00198,0,0,0,0,0,0,0,0,130.686,0,0,0,0,0,2703,27,99.011,0,10257,133.501
b2_dynamic_t0000_r01,b2_dynamic_phase_mismatch,36,23.4534,108000,36,11,11900.8,12827.2,12827.2,17,9818.22,12754.5,12754.5,722,2711.5,12626.5,12866.2,294,2996.48,12807.6,21639.6,12.4116,436.366,1826,40.193,136.447,274.965,143,112.823,276.842,325.128,3013,3013,4.00198,0,0,0,0,0,0,0,0,130.686,0,0,0,0,0,2399,19,99.2142,0,10399,134.016
b2_dynamic_t0000_r01,b2_dynamic_phase_mismatch,37,24.2009,111000,37,8,3093.33,12859.2,12859.2,23,3212.14,22635.7,23516.6,759,3032.04,12942.6,23523.6,286,279.966,13165.8,23920.3,12.535,390.445,1768,38.626,120.448,219.327,143,100.817,220.013,278.468,2987,2987,5.00199,0,0,0,0,0,0,0,0,130.686,0,0,0,0,0,2322,32,98.6406,0,10543,134.512
b2_dynamic_t0000_r01,b2_dynamic_phase_mismatch,38,24.912,114000,38,11,9475,14270.9,14270.9,25,495.714,13136.1,23559.1,772,51.572,13698.1,23679.1,304,697.039,14040,24134.6,14.1151,368.323,1749,41.571,154.353,233.323,146,105.46,211.373,294.882,3007,3007,5.00199,0,0,0,0,0,0,0,0,130.686,0,0,0,0,0,2353,20,99.1572,0,10689,135.003
b2_dynamic_t0000_r01,b2_dynamic_phase_mismatch,39,25.7043,117000,39,11,13033.7,13495.6,13495.6,22,35.777,13496,14034.7,716,1443.53,13522,23635.9,323,3308.35,13830.3,23593.6,13.161,466.852,1784,46.71,146.704,286.473,153,108.441,271.929,327.125,3009,3009,6.002,0,0,0,0,0,0,0,0,130.686,0,0,0,0,0,2394,20,99.1715,0,10841,135.502
b2_dynamic_t0000_r01,b2_dynamic_phase_mismatch,40,26.3964,120000,40,11,3516,13779.6,13779.6,26,39.959,13795.5,13820.2,716,450.368,13812.1,20382.6,303,2402.3,13892.9,14040.1,13.6865,369.966,1822,43.456,126.281,232.812,122,104.673,209.39,265.765,3000,3000,6.002,0,0,0,0,0,0,0,0,130.686,0,0,0,0,0,2237,22,99.0261,0,10962,136.013
b2_dynamic_t0000_r01,b2_dynamic_phase_mismatch,41,27.2084,123000,41,12,5325.04,14008.8,14008.8,22,3733.35,13952.4,15751,693,3384.27,14766.8,25234.2,282,3592.2,14260.3,25301.2,12.8227,508.53,1812,38.201,122.447,211.328,171,100.871,205.656,266.273,2992,2992,7.00201,0,0,0,0,0,0,0,0,130.686,0,0,0,0,0,2056,29,98.6091,0,11132,136.526
b2_dynamic_t0000_r01,b2_dynamic_phase_mismatch,42,27.9631,126000,42,11,18.875,14211.2,14211.2,18,4868.53,14386.8,14386.8,702,3340.06,14352.8,23625.1,278,3610.4,14504.2,23574.4,14.1187,431.049,1846,45.858,143.805,284.157,140,116.545,251.456,330.874,2995,2995,7.00201,0,0,0,0,0,0,0,0,130.686,0,0,0,0,0,2058,26,98.7524,0,11275,137.04
b2_dynamic_t0000_r01,b2_dynamic_phase_mismatch,43,28.7953,129000,43,12,3386.72,14591.6,14591.6,26,11144.2,18140,18914.2,730,866.464,14601,18193.8,334,940.96,14874.9,18924,13.0329,448.175,1768,46.438,136.607,287.702,138,109.97,228.46,259.251,3008,3008,8.00201,0,0,0,0,0,0,0,0,130.686,0,0,0,0,0,2399,29,98.8056,0,11412,137.536
b2_dynamic_t0000_r01,b2_dynamic_phase_mismatch,44,29.8473,132000,44,14,5493.7,14986.8,14986.8,30,13269.7,15392.7,26787.3,692,10604.3,15092.6,26823.6,302,12128.4,15249.1,29164.8,12.7351,636.384,1792,55.331,174.037,254.947,167,120.444,257.484,446.239,2997,2997,8.00201,0,0,0,0,0,0,0,0,130.686,0,0,0,0,0,2202,28,98.7444,0,11579,138.039
b2_dynamic_t0000_r01,b2_dynamic_phase_mismatch,45,30.8987,135000,45,9,15014.5,15192.7,15192.7,22,844.456,15244.8,15263.3,720,10581.8,15315.5,27373.5,286,7489.45,15425.9,15934.7,12.2378,618.084,1801,56.139,185.396,298.429,154,127.165,302.135,395.487,2992,2992,9.00202,0,0,0,0,0,0,0,0,130.686,0,0,0,0,0,2013,16,99.2114,0,11734,138.541
b2_dynamic_t0000_r01,b2_dynamic_phase_mismatch,46,31.8794,138000,46,14,491.96,15573.1,15573.1,15,11508.6,15392.2,15392.2,721,855.235,15627.3,27350.7,305,2477.14,16901.8,27204.4,11.6852,662.184,1812,55.386,169.317,243.187,147,123.958,243.204,282.194,3014,3014,10.002,0,0,0,0,0,0,0,0,130.686,0,0,0,0,0,2215,39,98.2697,0,11881,139.05
b2_dynamic_t0000_r01,b2_dynamic_phase_mismatch,47,32.8866,141000,47,8,30.191,15625.5,15625.5,30,309.785,15778.7,15810.9,763,823.519,15851.1,18799.1,263,3497.49,15998,27913.7,15.27,517.423,1798,57.398,190.256,283.141,140,129.398,257.819,314.891,3002,3002,10.002,0,0,0,0,0,0,0,0,130.686,0,0,0,0,0,1897,11,99.4235,0,12021,139.552
b2_dynamic_t0000_r01,b2_dynamic_phase_mismatch,48,33.9317,144000,48,13,8650.67,16306,16306,27,11377.9,16466.3,16871.9,709,5327.84,16127,21917.9,293,9437.46,16260,28648.1,13.5597,611.175,1801,61.601,183.011,296.523,151,121.627,279.435,338.987,2994,2994,11.002,0,0,0,0,0,0,0,0,130.686,0,0,0,0,0,2082,23,98.9074,0,12172,140.056
b2_dynamic_t0000_r01,b2_dynamic_phase_mismatch,49,34.9638,147000,49,6,467.905,16321.2,16321.2,33,363.778,16446.2,17677.5,673,6953.65,16394.1,17681.9,276,12297.7,16855.6,29825.1,13.9891,629.909,1845,56.121,166.648,286.465,160,125.917,277.473,412.306,2993,2993,11.002,0,0,0,0,0,0,0,0,130.686,0,0,0,0,0,1952,27,98.6357,0,12332,140.57
b2_dynamic_t0000_r01,b2_dynamic_phase_mismatch,50,35.849,150000,50,16,45.713,16528.2,16528.2,15,12.592,16432,16432,725,3592.08,16725.6,19879.4,289,4026.08,16788.1,19694.6,11.4464,601.221,1814,42.678,137.44,233.306,143,98.873,208.953,249.69,3002,3002,12.002,0,0,0,0,0,0,0,0,130.686,0,0,0,0,0,2016,25,98.7751,0,12474,141.078
b2_dynamic_t0000_r01,b2_dynamic_phase_mismatch,51,36.768,153000,51,13,10425.5,29219.5,29219.5,24,57.272,16782.1,20105.5,700,3151.92,17047.5,20137.1,325,1571.96,17231.2,29373.7,12.4308,548.811,1787,49.932,142.104,223.554,150,112.318,236.47,282.871,2999,2999,12.002,0,0,0,0,0,0,0,0,130.686,0,0,0,0,0,2358,27,98.8679,0,12625,141.578
b2_dynamic_t0000_r01,b2_dynamic_phase_mismatch,52,37.7243,156000,52,17,4250.36,17186.8,17186.8,19,30.795,17104.3,17104.3,710,4150.52,17275.7,19276.4,297,4215.36,17362.4,19274.5,14.0808,509.871,1818,40.986,122.606,173.494,137,105.439,204.183,219.309,2998,2998,13.0021,0,0,0,0,0,0,0,0,130.686,0,0,0,0,0,2142,24,98.892,0,12761,142.09
b2_dynamic_t0000_r01,b2_dynamic_phase_mismatch,53,38.6653,159000,53,10,4167.85,17436,17436,29,7322.81,17516.4,17649.9,744,4040.77,17515.6,17708.2,288,4096.96,17690.6,17832.4,11.5972,599.939,1797,43.938,136.041,214.789,148,107.58,218.892,260.987,3016,3016,13.0021,0,0,0,0,0,0,0,0,130.686,0,0,0,0,0,2038,24,98.8361,0,12907,142.595
b2_dynamic_t0000_r01,b2_dynamic_phase_mismatch,54,39.6528,162000,54,16,20.555,17824,17824,28,17259.2,17920.7,18043,710,4228.95,17814.2,18019.3,296,4337.99,17998.5,18202.9,11.2669,657.915,1790,39.89,119.589,208.024,142,101.387,180.946,383.201,2982,2982,14.0021,0,0,0,0,0,0,0,0,130.686,0,0,0,0,0,2106,16,99.246,0,13052,143.095
b2_dynamic_t0000_r01,b2_dynamic_phase_mismatch,55,40.7166,165000,55,11,16.385,22586.4,22586.4,39,10217.3,20343,22657.8,681,4418.68,18146.3,20274.1,310,4619.3,18304.1,20339.7,12.8194,635.355,1807,40.427,115.42,177.549,157,100.686,193.222,229.589,3005,3005,14.0021,0,0,0,0,0,0,0,0,130.686,0,0,0,0,0,2208,35,98.4396,0,13208,143.604
b2_dynamic_t0000_r01,b2_dynamic_phase_mismatch,56,41.7433,168000,56,7,45.326,18203.7,18203.7,40,35.571,18434.3,18441.5,749,4345.74,18503,19152.8,297,4571.32,18700.6,20219.6,12.3973,630.175,1735,36.308,116.976,251.297,166,91.675,233.712,275.718,2994,2994,15.0021,0,0,0,0,0,0,0,0,130.686,0,0,0,0,0,2116,32,98.5102,0,13375,144.096
b2_dynamic_t0000_r01,b2_dynamic_phase_mismatch,57,43.0825,171000,57,11,18581.2,19018.3,19018.3,25,18566.2,18863.7,18945.6,703,15476.8,18887.8,19121.6,314,15479.5,19052.8,19149.8,11.7803,865.572,1786,51.787,151.658,237.093,171,122.591,245.717,323.499,3010,3010,15.0021,0,0,0,0,0,0,0,0,130.686,0,0,0,0,0,2243,29,98.7236,0,13546,144.597
b2_dynamic_t0000_r01,b2_dynamic_phase_mismatch,58,44.1835,174000,58,15,14990.1,19257.5,19257.5,19,588.714,19582.1,19582.1,685,4673.48,19208.8,19421.2,294,4777.87,19330.4,19586.3,12.0544,709.914,1826,47.505,139.193,218.113,151,111.426,217.593,264.505,2990,2990,16.0021,0,0,0,0,0,0,0,0,130.686,0,0,0,0,0,2118,32,98.5116,0,13697,145.109
b2_dynamic_t0000_r01,b2_dynamic_phase_mismatch,59,45.3392,177000,59,9,4650.33,19545.1,19545.1,21,5391.2,19384.4,19560.3,701,4834.01,19525.5,19762.9,303,4762.09,19716.8,19958.9,11.8086,734.871,1810,40.133,125.942,251.698,164,102.258,228.916,374.121,3008,3008,16.0021,0,0,0,0,0,0,0,0,130.686,0,0,0,0,0,2173,35,98.4149,0,13861,145.622
b2_dynamic_t0000_r01,b2_dynamic_phase_mismatch,60,46.5862,180000,60,10,1432.23,20015.2,20015.2,26,524.932,19814.3,19825.4,714,9426.91,19939.8,20323.4,288,10029.9,20051.5,20436.3,12.1875,805.591,1822,52.514,150.124,238.033,143,115.654,214.654,249.856,3003,3003,17.0021,0,0,0,0,0,0,0,0,130.686,0,0,0,0,0,2040,27,98.6938,0,14002,146.129
b2_dynamic_t0000_r01,b2_dynamic_phase_mismatch,61,47.8153,183000,61,14,12806.5,20187.8,20187.8,23,30.698,20372.7,20483.9,713,1181.82,20255.8,20754.3,298,1033.82,20479,21056.9,10.4161,893.321,1797,54.017,156.228,258.934,151,120.784,247.504,323.613,2996,2996,17.0021,0,0,0,0,0,0,0,0,130.686,0,0,0,0,0,2219,32,98.5784,0,14154,146.634
b2_dynamic_t0000_r01,b2_dynamic_phase_mismatch,62,49.1701,186000,62,5,16.195,20287.4,20287.4,23,18342.9,20453.6,20763.7,677,14265.1,20575.7,20906.2,294,14545.7,20736.5,20942,11.9218,920.896,1852,54.089,146.107,232.022,146,113.099,243.655,277.354,2997,2997,18.0021,0,0,0,0,0,0,0,0,130.686,0,0,0,0,0,2110,20,99.061,0,14299,147.151
b2_dynamic_t0000_r01,b2_dynamic_phase_mismatch,63,50.3927,189000,63,6,19316.8,20751.2,20751.2,26,39.168,20767.3,21057,691,5403.32,20865.7,23874.6,334,3982.93,20982.9,21252,11.8174,755.369,1807,53.368,157.305,245.744,139,119.001,234.68,278.12,3003,3003,18.0021,0,0,0,0,0,0,0,0,130.686,0,0,0,0,0,2381,44,98.1856,0,14438,147.656
b2_dynamic_t0000_r01,b2_dynamic_phase_mismatch,64,51.8686,192000,64,9,10.747,21250.4,21250.4,25,18794.4,21186.2,21415.8,771,14385.1,21283.7,21772.5,293,3084.14,21388.8,21493.2,13.2287,762.652,1737,54.883,145.565,211.183,162,120.67,216.893,291.707,2997,2997,19.0021,0,0,0,0,0,0,0,0,130.686,0,0,0,0,0,2116,29,98.648,0,14601,148.143
b2_dynamic_t0000_r01,b2_dynamic_phase_mismatch,65,53.3313,195000,65,7,19.687,35400.1,35400.1,16,14365.5,29833.1,29833.1,742,13741.6,22049.5,33969.4,295,6869.75,21864.2,26991.5,13.7153,735.904,1798,57.049,165.804,250.535,151,122.714,277.496,567.032,3009,3009,20.0021,0,0,0,0,0,0,0,0,130.686,0,0,0,0,0,2118,28,98.6952,0,14753,148.651
b2_dynamic_t0000_r01,b2_dynamic_phase_mismatch,66,54.8008,198000,66,11,3682.1,22112.7,22112.7,16,35.724,32032.3,32032.3,690,12704.3,22110.2,28136.5,300,15244.8,22202.4,32226.6,12.5167,964.733,1824,54.113,148.013,255.019,155,110.785,261.991,351.03,2996,2996,20.0021,0,0,0,0,0,0,0,0,130.686,0,0,0,0,0,2140,30,98.6175,0,14908,149.161
b2_dynamic_t0000_r01,b2_dynamic_phase_mismatch,67,56.2693,201000,67,18,21.353,22460.7,22460.7,50,31.098,22269.7,22531.6,1118,15.456,22315.1,22508,454,183.572,22499.2,23010.5,10.8833,652.993,1230,61.307,175.167,241.194,135,122.952,257.421,333.683,3005,3005,20.0021,0,0,0,0,0,0,0,0,130.686,0,0,0,0,0,3212,30,99.0746,0,15041,149.504
b2_dynamic_t0000_r01,b2_dynamic_phase_mismatch,68,58.2323,204000,68,22,16.388,22328.2,22675.7,54,23.553,22406.9,22727.7,1856,12.407,22900.7,24819.5,769,178.676,23085.5,24145.1,11.2289,503.239,145,66.283,173.927,253.342,144,128.742,229.658,303.291,2990,2990,21.0021,0,0,0,0,0,0,0,0,130.686,0,0,0,0,0,5751,74,98.7296,0,15186,149.552
b2_dynamic_t0000_r01,b2_dynamic_phase_mismatch,69,60.6129,207000,69,25,49.378,28205.3,41178.2,63,33.956,23811.4,52136.2,1897,17.875,23536.5,36558.5,689,280.527,23842.7,37104.6,10.5573,705.929,155,69.326,231.838,5385.13,176,133.885,394.788,7003.58,3005,3005,21.0021,0,0,0,0,0,0,0,0,130.686,0,0,0,0,0,5178,44,99.1574,0,15361,149.605
b2_dynamic_t0000_r01,b2_dynamic_phase_mismatch,70,62.7016,210000,70,25,17.359,23408,23687.7,67,37.002,23816.2,41806.4,1899,13.561,23576.6,35647.1,723,248.471,23795.9,37176.4,10.6985,602.734,138,69.63,193.11,249.895,148,138.553,267.097,426.746,3000,3000,21.0021,0,0,0,0,0,0,0,0,130.686,0,0,0,0,0,5466,45,99.1835,0,15511,149.651
b2_dynamic_t0000_r01,b2_dynamic_phase_mismatch,71,64.9367,213000,71,20,27.603,30879.6,30879.6,74,41.188,27922.2,42798.8,1890,13.747,23968.4,38196.3,709,252.024,24257.2,37735.7,10.9676,664.874,138,74.72,273.134,355.726,171,137.582,292.524,374.683,3002,3002,21.0021,0,0,0,0,0,0,0,0,130.686,0,0,0,0,0,5446,45,99.1805,0,15681,149.698
b2_dynamic_t0000_r01,b2_dynamic_phase_mismatch,72,66.9582,216000,72,27,13.823,24405.5,27279.9,67,41.275,24337.4,24530.2,1835,14.077,24313.9,27793.9,742,250.215,24494.3,24916.5,10.2278,615.618,172,69.437,185.141,335.189,149,133,270.335,317.133,2992,2992,21.0021,0,0,0,0,0,0,0,0,130.686,0,0,0,0,0,5914,46,99.2282,0,15831,149.753
b2_dynamic_t0000_r01,b2_dynamic_phase_mismatch,73,69.0671,219000,73,29,13.946,18033,24907.9,69,40.245,24954.9,42992.9,1863,14.064,24718.4,36669.4,725,230.485,24945.3,27815.7,9.17793,717.803,155,67.133,220.784,287.89,164,136.545,250.32,311.084,3005,3005,21.0021,0,0,0,0,0,0,0,0,130.686,0,0,0,0,0,5786,26,99.5526,0,15994,149.805
b2_dynamic_t0000_r01,b2_dynamic_phase_mismatch,74,70.9755,222000,74,18,17.229,25630.3,25630.3,72,32.151,25317.1,35851,1887,12.639,25132.4,29865.6,723,238.564,25354.7,35886.1,8.43845,788.053,148,66.345,260.089,449.249,150,133.737,335.788,606.58,2998,2998,21.0021,0,0,0,0,0,0,0,0,130.686,0,0,0,0,0,5816,33,99.4358,0,16144,149.854
b2_dynamic_t0000_r01,b2_dynamic_phase_mismatch,75,72.7955,225000,75,21,15.883,12074.6,24812.3,88,19.179,25307.9,36546,1828,12.572,25349.8,37052.6,766,206.56,25566.1,43757.4,10.1292,568.148,172,66.133,193.083,374.452,130,137.086,306.672,383.894,3005,3005,21.0021,0,0,0,0,0,0,0,0,130.686,0,0,0,0,0,6269,40,99.366,0,16274,149.909
b2_dynamic_t0000_r01,b2_dynamic_phase_mismatch,76,74.2224,228000,76,26,15.916,25413.2,25449.6,73,14.443,25507,25702.5,1877,11.09,25447.2,25841.7,750,178.327,25739.6,26099.5,9.72267,483.908,157,46.813,144.622,218.3,122,114.359,223.253,319.238,3005,3005,21.0021,0,0,0,0,0,0,0,0,130.686,0,0,0,0,0,6109,37,99.398,0,16395,149.959
b2_dynamic_t0000_r01,b2_dynamic_phase_mismatch,77,76.0261,231000,77,27,14.584,25805.2,25848.1,71,20.391,25939.9,26165.9,1850,11.112,25904.9,26147.1,762,176.6,26124.1,26466,9.31627,588.84,137,64.862,170.791,213.557,141,129.07,221.113,249.075,2988,2988,21.0021,0,0,0,0,0,0,0,0,130.686,0,0,0,0,0,6262,28,99.5548,0,16538,150.004
b2_dynamic_t0000_r01,b2_dynamic_phase_mismatch,78,77.863,234000,78,30,17.115,26384.6,26442.3,74,18.337,26134.7,26448,1845,10.55,26244.1,26519,763,171.792,26407.4,26685.6,8.72215,652.942,140,55.429,170.172,230.363,154,121.685,246.422,325.313,3006,3006,21.0021,0,0,0,0,0,0,0,0,130.686,0,0,0,0,0,6425,27,99.5815,0,16689,150.051
b2_dynamic_t0000_r01,b2_dynamic_phase_mismatch,79,79.8272,237000,79,21,12.944,26975.2,45878.9,65,15.379,26866.1,31230.1,1845,12.897,26725.3,28388.6,749,199.52,26951.5,31353.9,8.95995,652.332,141,66.231,169.283,223.552,169,113.882,252.75,406.061,2990,2990,21.0021,0,0,0,0,0,0,0,0,130.686,0,0,0,0,0,6706,40,99.4071,0,16861,150.1
b2_dynamic_t0000_r01,b2_dynamic_phase_mismatch,80,81.9085,240000,80,38,15.73,27223.3,34572,67,17.024,27090.6,38443.2,1821,12.081,27137.9,36140.7,764,196.086,27413.8,38931.4,6.93063,1012.89,160,64.155,195.671,317,149,125.523,286.093,386.293,2999,2999,21.0021,0,0,0,0,0,0,0,0,130.686,0,0,0,0,0,6606,24,99.638,0,17010,150.152
b2_dynamic_t0000_r01,b2_dynamic_phase_mismatch,81,83.9082,243000,81,22,14.236,27380.3,27581,67,15.929,27489.2,27640.3,1844,11.46,27425.9,27722.5,745,194.127,27617,27837.3,7.64027,889.616,146,63.411,173.493,234.273,176,129.07,318.584,376.481,3000,3000,21.0021,0,0,0,0,0,0,0,0,130.686,0,0,0,0,0,6576,22,99.6666,0,17186,150.202
b2_dynamic_t0000_r01,b2_dynamic_phase_mismatch,82,85.8389,246000,82,23,16.388,17790.8,27795.9,67,20.539,28249.1,28496.4,1822,11.048,28194.1,30458.5,785,177.282,28451.8,31824.9,8.14395,720.937,150,58.586,184.26,387.98,153,116.49,369.234,438.926,3000,3000,21.0021,0,0,0,0,0,0,0,0,130.686,0,0,0,0,0,6937,33,99.5265,0,17339,150.251
b2_dynamic_t0000_r01,b2_dynamic_phase_mismatch,83,87.8169,249000,83,25,21.388,28570.8,28571,66,17.747,28718.1,28893.7,1856,10.542,28694.7,29103.7,757,167.943,28897.5,41102.9,7.33157,848.584,157,56.574,161.437,314.085,139,121.041,228.593,306.264,3000,3000,21.0021,0,0,0,0,0,0,0,0,130.686,0,0,0,0,0,6789,21,99.6916,0,17478,150.302
b2_dynamic_t0000_r01,b2_dynamic_phase_mismatch,84,89.6163,252000,84,22,17.508,29022.6,29027.5,55,21.531,29145.7,29243.9,1908,10.679,28951.3,29176.4,730,175.235,29112.2,29408.9,7.50137,752.777,149,52.173,136.373,252.773,137,129.283,229.158,333.143,3001,3001,21.0021,0,0,0,0,0,0,0,0,130.686,0,0,0,0,0,6782,28,99.5888,0,17615,150.351
b2_dynamic_t0000_r01,b2_dynamic_phase_mismatch,85,91.5657,255000,85,30,10.491,28441.7,29712.3,52,23.197,29137.9,29449.4,1820,11.484,29385.1,30173.3,795,196.571,29652.7,30318.4,7.47421,862.902,143,58.517,169.119,269.836,165,120.701,238.594,272.326,3005,3005,21.0021,0,0,0,0,0,0,0,0,130.686,0,0,0,0,0,7422,30,99.5974,0,17779,150.399
b2_dynamic_t0000_r01,b2_dynamic_phase_mismatch,86,93.6459,258000,86,24,15.605,29554.3,30043,60,38.324,30063,34874.3,1840,10.88,29859,30148.5,803,191.852,30067.2,30517.6,6.3462,1040.81,124,59.136,153.625,261.635,149,111.98,257.404,380.284,3000,3000,21.0021,0,0,0,0,0,0,0,0,130.686,0,0,0,0,0,7699,37,99.5217,0,17929,150.442
b2_dynamic_t0000_r01,b2_dynamic_phase_mismatch,87,95.7521,261000,87,23,15.041,30016.6,30427.8,68,29.478,29947.8,30474.7,1840,12.259,30241.1,30505.9,746,208.225,30471.4,30781.7,6.94906,916.718,161,64.491,136.485,180.648,160,112.476,323.149,403.87,2998,2998,21.0021,0,0,0,0,0,0,0,0,130.686,0,0,0,0,0,7153,21,99.7073,0,18089,150.495
b2_dynamic_t0000_r01,b2_dynamic_phase_mismatch,88,97.9149,264000,88,18,20.983,30517.4,30517.4,58,18.899,30567.8,31097.5,1852,11.132,30611.6,31108.1,763,218.517,30842.9,31269.1,6.46003,1092.62,154,63.072,188.903,290.422,160,112.408,209.363,326.127,3005,3005,21.0021,0,0,0,0,0,0,0,0,130.686,0,0,0,0,0,7516,19,99.7478,0,18248,150.546
b2_dynamic_t0000_r01,b2_dynamic_phase_mismatch,89,99.746,267000,89,33,13.239,30918.3,31963,63,16.323,25026.1,31016.5,1858,11.19,31015.9,31468.6,738,175.109,31218.8,31560.8,6.37398,891.148,157,60.813,199.586,260.584,154,119.551,229.475,299.037,3003,3003,22.0021,0,0,0,0,0,0,0,0,130.686,0,0,0,0,0,7124,29,99.5946,0,18402,150.598
b2_dynamic_t0000_r01,b2_dynamic_phase_mismatch,90,101.798,270000,90,28,11.358,31360.7,31565.1,59,21.039,31589.5,31783.2,1873,10.682,31465.2,31837.6,756,185.242,31673.8,32006.8,6.32672,987.45,135,56.391,152.731,235.343,140,122.985,243.604,303.596,2991,2991,22.0021,0,0,0,0,0,0,0,0,130.686,0,0,0,0,0,7634,24,99.6866,0,18543,150.643
b2_dynamic_t0000_r01,b2_dynamic_phase_mismatch,91,104.003,273000,91,28,15.381,30909.3,31469.5,69,14.955,31522.3,32062.1,1874,11.074,31743.6,32056.2,742,186.186,31997.1,32375.9,6.16981,1092.79,142,53.374,183.325,247.326,143,125.059,248.024,301.88,2998,2998,22.0021,0,0,0,0,0,0,0,0,130.686,0,0,0,0,0,7507,23,99.6946,0,18686,150.69
b2_dynamic_t0000_r01,b2_dynamic_phase_mismatch,92,106.388,276000,92,27,14.539,32204.4,32919.4,63,24.606,32219.9,32536.5,1874,11.953,32295.6,32733.8,752,195.51,32483.3,33103.8,5.27128,1362.11,134,55.59,143.964,192.707,148,121.49,237.261,294.464,2998,2998,22.0021,0,0,0,0,0,0,0,0,130.686,0,0,0,0,0,7547,20,99.7357,0,18834,150.736
b2_dynamic_t0000_r01,b2_dynamic_phase_mismatch,93,108.999,279000,93,22,21.155,32522.5,32684,73,29.236,32597.2,32909.9,1856,11.893,32645.1,33226.3,771,205.332,32855,33370.5,5.97147,1338.82,147,64.608,159.308,258.055,141,120.618,243.756,340.463,3010,3010,22.0021,0,0,0,0,0,0,0,0,130.686,0,0,0,0,0,7888,33,99.5834,0,18975,150.785
b2_dynamic_t0000_r01,b2_dynamic_phase_mismatch,94,110.984,282000,94,26,12.261,33062.5,33065.8,76,28.719,33040.9,53796.5,1870,9.985,32908.6,33337,749,170.384,33060.6,33436.8,5.38451,1126.6,153,42.772,135.87,194.602,126,112.236,209.123,287.735,3000,3000,22.0021,0,0,0,0,0,0,0,0,130.686,0,0,0,0,0,7718,22,99.7158,0,19100,150.833
b2_dynamic_t0000_r01,b2_dynamic_phase_mismatch,95,113.117,285000,95,33,10.504,33293.9,33574.3,75,14.05,33347.2,33546.5,1842,10.123,33279.1,33554.7,743,176.712,33456.6,33933.9,5.60027,1177.78,148,49.457,122.413,259.804,148,113.946,245.762,271.903,2989,2989,22.0021,0,0,0,0,0,0,0,0,130.686,0,0,0,0,0,7675,15,99.8049,0,19249,150.882
b2_dynamic_t0000_r01,b2_dynamic_phase_mismatch,96,115.141,288000,96,27,12.62,33731.4,33805,80,16.709,33976,34160.8,1839,10.369,33674.3,34001.4,752,182.421,33894.2,34212.8,5.59973,1182.39,166,50.963,136.795,253.952,141,116.496,243.17,321.462,3005,3005,22.0021,0,0,0,0,0,0,0,0,130.686,0,0,0,0,0,7882,20,99.7469,0,19389,150.936
b2_dynamic_t0000_r01,b2_dynamic_phase_mismatch,97,117.394,291000,97,26,13.58,33920.5,33954.3,60,18.885,34125.1,34291.3,1867,10.143,34100,34407.6,730,193.505,34323.4,34563.8,4.70411,1518.03,157,58.536,176.811,348.88,155,115.888,230.184,384.537,2995,2995,22.0021,0,0,0,0,0,0,0,0,130.686,0,0,0,0,0,7728,25,99.6775,0,19545,150.987
b2_dynamic_t0000_r01,b2_dynamic_phase_mismatch,98,119.361,294000,98,29,18.561,34420.5,34594.1,57,31.211,34496,34851.1,1870,9.347,34469.1,34858.7,743,184.86,34726,35093.7,4.85734,1269.48,164,53.277,166.443,249.4,141,115.935,223.745,285.63,3004,3004,22.0021,0,0,0,0,0,0,0,0,130.686,0,0,0,0,0,8088,19,99.7656,0,19685,151.041
b2_dynamic_t0000_r01,b2_dynamic_phase_mismatch,99,121.647,297000,99,28,11.471,34913.9,34960.9,56,38.878,34919.7,35428.4,1835,10.536,34791.9,35068.6,771,206.734,35006.3,35454.1,5.19585,1359.89,160,55.102,184.703,243.846,149,118.263,226.185,311.204,2999,2999,22.0021,0,0,0,0,0,0,0,0,130.686,0,0,0,0,0,8290,17,99.7954,0,19835,151.094
b2_dynamic_t0000_r01,b2_dynamic_phase_mismatch,100,124.199,300000,100,21,12.44,35236.9,35630.7,57,17.969,35178.9,35407.2,1865,10.86,35387.7,35762.2,747,213.215,35557.4,36269.4,4.54485,1738.32,142,54.857,192.443,284.383,165,112.786,226.136,266.442,2997,2997,22.0021,0,0,0,0,0,0,0,0,130.686,0,0,0,0,0,8175,18,99.7803,0,20000,151.141
b2_dynamic_t0000_r02,b2_dynamic_phase_mismatch,1,0.0326222,3000,1,30,31.146,93.837,123.004,62,20.513,96.919,105.857,1720,22.737,106.512,132.422,754,148.736,219.973,325.316,96.8886,1.62299,127,14.404,64.229,97.85,315,38.123,105.8,141.507,3008,3008,1.00196,0,0,0,0,0,0,0,0,130.686,0,0,0,0,0,1758,6638,20.9385,0,315,130.812
b2_dynamic_t0000_r02,b2_dynamic_phase_mismatch,2,0.0670358,6000,2,35,27.968,224.785,234.307,63,59.894,182.912,261.847,1690,54.718,196.331,229.862,751,145.678,282.026,323.818,92.5166,1.71216,153,15.002,61.504,81.99,303,37.421,90.38,107.96,2995,2995,1.00196,0,0,0,0,0,0,0,0,130.686,0,0,0,0,0,3120,5020,38.3292,0,617,130.87
b2_dynamic_t0000_r02,b2_dynamic_phase_mismatch,3,0.115572,9000,3,28,180.863,280.444,351.66,69,32.028,301.395,390.958,1737,25.868,327.678,410.072,738,146.945,416.356,485.916,84.9133,2.33066,144,17.323,80.048,97.65,292,43.894,87.116,129.111,3008,3008,1.00196,0,0,0,0,0,0,0,0,130.686,0,0,0,0,0,3855,3771,50.5507,0,909,130.925
b2_dynamic_t0000_r02,b2_dynamic_phase_mismatch,4,0.206868,12000,4,33,19.145,652.286,784.178,49,151.734,716.739,765.612,1715,166.298,706.994,901.962,771,211.788,815.41,1024.67,79.4047,4.14951,139,31.627,123.144,183.073,286,67.183,155.589,195.466,2993,2993,1.00196,0,0,0,0,0,0,0,0,130.686,0,0,0,0,0,4665,2972,61.0842,0,1195,130.978
b2_dynamic_t0000_r02,b2_dynamic_phase_mismatch,5,0.373345,15000,5,21,36.838,1054.15,1361.57,58,177.715,1137.26,1191.82,1718,185.76,1141.64,1400.05,755,378.766,1324.62,1559.64,76.2477,7.91507,137,44.609,183.459,243.069,318,106.534,261.351,286.876,3007,3007,2.00197,0,0,0,0,0,0,0,0,130.686,0,0,0,0,0,5027,2245,69.1282,0,1510,131.032
b2_dynamic_t0000_r02,b2_dynamic_phase_mismatch,6,0.609547,18000,6,21,186.079,1719.05,1826.62,69,518.742,1661.89,1744.4,1663,394.895,1636.89,1799.08,756,517.111,1804.18,1923.38,70.3492,11.7338,159,54.965,163.485,292.3,323,114.01,246.406,373.523,2991,2991,2.00197,0,0,0,0,0,0,0,0,130.686,0,0,0,0,0,5412,1692,76.1824,0,1836,131.093
b2_dynamic_t0000_r02,b2_dynamic_phase_mismatch,7,0.862192,21000,7,24,368.09,1752.24,1965.41,48,44.053,1871.63,1965.22,1743,57.137,1836.96,2000.71,767,256.839,2001.75,2129.23,66.9609,12.8986,136,61.641,192.366,298.137,286,115.97,267.727,346.928,3004,3004,2.00197,0,0,0,0,0,0,0,0,130.686,0,0,0,0,0,5632,1335,80.8382,0,2121,131.146
b2_dynamic_t0000_r02,b2_dynamic_phase_mismatch,8,1.1545,24000,8,20,40.651,2080.13,2080.13,73,37.507,2103.91,3714.54,1741,147.766,2067.16,2260.79,725,290.232,2243.62,2396.98,64.1352,15.849,154,60.717,194.385,318.576,296,117.399,254.338,385.697,3009,3009,2.00197,0,0,0,0,0,0,0,0,130.686,0,0,0,0,0,5534,1017,84.4757,0,2417,131.203
b2_dynamic_t0000_r02,b2_dynamic_phase_mismatch,9,1.47406,27000,9,23,36.663,2230.17,2409.66,58,1872.99,2485.56,2928.22,1716,180.407,2328.18,2537.51,734,287.814,2467.91,2629.78,61.0259,17.7044,146,62.217,238.513,292.803,312,113.554,289.786,370.33,2989,2989,2.00197,0,0,0,0,0,0,0,0,130.686,0,0,0,0,0,5638,860,86.7652,0,2730,131.259
b2_dynamic_t0000_r02,b2_dynamic_phase_mismatch,10,1.82706,30000,10,24,2225.26,2544.82,2549.01,59,37.374,2634.55,2970.34,1726,59.977,2662.35,2800.68,716,344.003,2826.81,2988.37,55.9274,21.8765,160,60.377,209.386,338.303,312,116.862,300.277,368.577,2997,2997,2.00197,0,0,0,0,0,0,0,0,130.686,0,0,0,0,0,5664,618,90.1624,0,3043,131.32
b2_dynamic_t0000_r02,b2_dynamic_phase_mismatch,11,2.23151,33000,11,18,2596.7,3203.13,3203.13,62,275.15,2993.46,3213.46,1679,173.472,2980.06,3191.08,754,321.144,3113.68,3340.92,53.3833,24.7591,170,62.253,217.402,326.624,317,117.336,286.09,421.487,3000,3000,2.00197,0,0,0,0,0,0,0,0,130.686,0,0,0,0,0,5811,515,91.859,0,3360,131.383
b2_dynamic_t0000_r02,b2_dynamic_phase_mismatch,12,2.71002,36000,12,22,151.489,3186.68,3392.63,73,297.882,3258.6,3296.38,1692,223.481,3311.64,3766.51,761,536.737,3496.79,3825.3,54.611,29.9935,151,61.589,194.803,243.269,303,115.474,238.24,356.728,3002,3002,2.00197,0,0,0,0,0,0,0,0,130.686,0,0,0,0,0,6175,465,92.997,0,3662,131.44
b2_dynamic_t0000_r02,b2_dynamic_phase_mismatch,13,3.1836,39000,13,30,41.525,3491.2,3565.73,65,66.942,3607.25,3773.9,1740,48.903,3576.57,3747.62,732,375.341,3745,3922.5,46.7937,35.6515,143,63.637,225.793,294.687,291,121.146,302.574,380.981,3001,3001,2.00197,0,0,0,0,0,0,0,0,130.686,0,0,0,0,0,5784,333,94.5562,0,3953,131.495
b2_dynamic_t0000_r02,b2_dynamic_phase_mismatch,14,3.7213,42000,14,25,556.173,3975.87,4097.46,57,34.993,3828.08,4178.74,1700,243.25,3873.68,4069.2,753,385.796,4050.94,4205.1,42.4329,42.0232,155,63.423,247.923,379.323,309,116.84,321.433,387.127,2999,2999,2.00197,0,0,0,0,0,0,0,0,130.686,0,0,0,0,0,5976,277,95.5701,0,4261,131.554
b2_dynamic_t0000_r02,b2_dynamic_phase_mismatch,15,4.31388,45000,15,20,841.398,4197.21,4197.21,56,236.206,4258.72,4330.2,1684,243.363,4192.16,4442.3,750,699.473,4348.6,4690.16,40.408,51.8342,168,62.725,186.243,277.258,317,117.024,265.815,305.199,2995,2995,2.00197,0,0,0,0,0,0,0,0,130.686,0,0,0,0,0,5804,243,95.9815,0,4580,131.616
b2_dynamic_t0000_r02,b2_dynamic_phase_mismatch,16,4.94182,48000,16,21,318.489,4552.48,4622.9,53,39.366,4499.43,4630.37,1722,243.788,4556.14,4762.71,750,428.473,4720.44,4864.36,40.088,51.0624,151,62.449,195.23,223.793,318,116.954,277.977,374.507,3015,3015,2.00197,0,0,0,0,0,0,0,0,130.686,0,0,0,0,0,5929,171,97.1967,0,4896,131.674
b2_dynamic_t0000_r02,b2_dynamic_phase_mismatch,17,5.5946,51000,17,15,400.292,5185.45,5185.45,59,52.89,5011.48,9179.03,1718,46.43,4998.13,7038.59,755,291.206,5236.95,9393.19,36.3126,61.4648,147,65.892,257.567,327.664,297,126.497,353.044,2856.9,2991,2991,2.00197,0,0,0,0,0,0,0,0,130.686,0,0,0,0,0,6006,184,97.0275,0,5195,131.73
b2_dynamic_t0000_r02,b2_dynamic_phase_mismatch,18,6.3859,54000,18,21,45.464,5346.52,6334.01,58,404.158,9494.92,9763.95,1710,71.007,9310.82,9886.47,757,390.202,9668.55,10086.5,33.8111,78.3228,147,68.828,342.252,405.275,311,147.239,417.908,496.8,3004,3004,2.00197,0,0,0,0,0,0,0,0,130.686,0,0,0,0,0,6110,123,98.0266,0,5505,131.787
b2_dynamic_t0000_r02,b2_dynamic_phase_mismatch,19,7.22521,57000,19,31,48.409,10525.2,10526.8,48,279.504,5819.75,10649.2,1753,187.166,6304.47,10602.5,727,468.7,7336.15,10909.3,32.0358,87.8706,149,75.244,270.587,348.127,290,142.049,351.737,448.371,2998,2998,2.00197,0,0,0,0,0,0,0,0,130.686,0,0,0,0,0,5878,123,97.9503,0,5795,131.842
b2_dynamic_t0000_r02,b2_dynamic_phase_mismatch,20,8.11306,60000,20,25,314.32,6179.27,10908.5,64,40.106,6820.15,11077.6,1728,55.913,10482.3,11314.5,748,342.939,6390.28,11390.5,29.8115,95.7777,148,75.671,236.344,382.096,283,144.182,350.654,445.552,2996,2996,2.00197,0,0,0,0,0,0,0,0,130.686,0,0,0,0,0,6162,118,98.121,0,6079,131.898
b2_dynamic_t0000_r02,b2_dynamic_phase_mismatch,21,9.07967,63000,21,25,87.819,7892.84,12314.3,89,161.059,11098.1,11744.9,1690,316.352,7506.9,12023.5,731,560.8,7540.42,12026.3,27.7715,114.624,147,74.029,292.309,376.038,318,142.321,350.315,453.901,3000,3000,2.00197,0,0,0,0,0,0,0,0,130.686,0,0,0,0,0,5970,125,97.9491,0,6397,131.955
b2_dynamic_t0000_r02,b2_dynamic_phase_mismatch,22,10.0722,66000,22,27,47.833,12227,12761.4,53,281.058,7011.3,12484.5,1744,55.862,7003.64,12709.5,759,434.146,12233.6,12971.3,26.7984,127.834,131,70.725,284.727,331.588,285,144.777,344.752,431.564,2999,2999,2.00197,0,0,0,0,0,0,0,0,130.686,0,0,0,0,0,6535,112,98.315,0,6682,132.006
b2_dynamic_t0000_r02,b2_dynamic_phase_mismatch,23,10.9501,69000,23,16,1753.97,13430.5,13430.5,68,360.307,7168.53,7888.8,1765,41.63,7300.72,13114.2,716,330.738,7424.34,13182.9,26.0098,106.147,148,64.723,246.218,340.428,289,141.035,399.973,575.721,3002,3002,2.00197,0,0,0,0,0,0,0,0,130.686,0,0,0,0,0,6168,87,98.6091,0,6969,132.061
b2_dynamic_t0000_r02,b2_dynamic_phase_mismatch,24,11.8636,72000,24,19,1597.8,13743.2,13743.2,58,33.154,7663.3,14029,1724,240.204,7588.89,13933.1,743,1357.81,7853.74,14178.5,24.6218,128.829,157,62.473,198.878,316.361,302,131.126,290.641,392.293,3003,3003,2.00197,0,0,0,0,0,0,0,0,130.686,0,0,0,0,0,6405,91,98.5991,0,7272,132.12
b2_dynamic_t0000_r02,b2_dynamic_phase_mismatch,25,12.7798,75000,25,25,33.523,7938.83,14293.5,59,469.517,11175.3,14512.1,1718,226.369,8044.1,14289,743,669.401,8196.81,14214.9,22.4105,136.015,145,62.132,253.567,425.028,306,124.956,316.268,453.197,2996,2996,2.00197,0,0,0,0,0,0,0,0,130.686,0,0,0,0,0,6604,84,98.744,0,7579,132.176
b2_dynamic_t0000_r02,b2_dynamic_phase_mismatch,26,13.7704,78000,26,26,2062.65,14371.7,15653.1,63,36.888,8634.84,15636.4,1678,260.2,8441.37,15364,781,1662.92,8662.34,14601.9,22.338,146.481,167,65.235,248.937,376.81,281,127.645,265.425,353.681,2996,2996,2.00197,0,0,0,0,0,0,0,0,130.686,0,0,0,0,0,7017,77,98.9146,0,7860,132.237
b2_dynamic_t0000_r02,b2_dynamic_phase_mismatch,27,14.8503,81000,27,24,2003.69,16345.1,16635.4,65,55.209,9382.09,16599.7,1713,170.027,10098.9,16515.9,750,923.678,9583.17,16741.9,21.2107,172.034,164,67.209,268.947,423.125,294,135.718,420.906,548.082,3010,3010,2.00197,0,0,0,0,0,0,0,0,130.686,0,0,0,0,0,7262,80,98.9104,0,8153,132.298
b2_dynamic_t0000_r02,b2_dynamic_phase_mismatch,28,16.0133,84000,28,24,60.473,9096.12,9178.11,55,2105.66,16355.9,17297.8,1691,488.911,13080.1,17001,754,963.09,12422.7,17229.4,20.2215,185.828,152,65.838,245.017,426.037,320,134.453,339.208,446.715,2996,2996,3.00198,0,0,0,0,0,0,0,0,130.686,0,0,0,0,0,7168,68,99.0603,0,8473,132.356
b2_dynamic_t0000_r02,b2_dynamic_phase_mismatch,29,17.1327,87000,29,19,14.177,17735.3,17735.3,66,2254.81,9745.61,9944.74,1720,56.837,9968.82,17881,746,430.407,10489.1,18080.2,18.6488,197.879,159,58.894,214.337,258.741,287,125.461,276.35,344.006,2997,2997,3.00198,0,0,0,0,0,0,0,0,130.686,0,0,0,0,0,7319,78,98.9455,0,8761,132.415
b2_dynamic_t0000_r02,b2_dynamic_phase_mismatch,30,18.2095,90000,30,22,16.259,10029.9,10369.7,60,45.99,10239,18325.8,1705,44.862,10254.8,18300.6,774,314.773,10496.3,18452.8,17.5788,197.069,151,59.271,247.792,335.966,285,124.298,283.691,416.46,2997,2997,3.00198,0,0,0,0,0,0,0,0,130.686,0,0,0,0,0,7222,71,99.0265,0,9046,132.472
b2_dynamic_t0000_r02,b2_dynamic_phase_mismatch,31,19.4749,93000,31,25,2634.37,19876.3,20019.1,53,41.471,10652.6,10733.1,1700,733.473,10938.4,19746.1,772,481.484,11367.2,20194.6,15.6632,250.193,157,61.474,203.684,285.17,294,124.476,214.797,286.031,3001,3001,3.00198,0,0,0,0,0,0,0,0,130.686,0,0,0,0,0,7395,61,99.1819,0,9340,132.531
b2_dynamic_t0000_r02,b2_dynamic_phase_mismatch,32,20.6874,96000,32,16,2821.26,11248.5,11248.5,57,16.577,14138.9,20680.6,1794,36.969,11519.3,20722.2,713,370.01,11512.8,20834,14.8892,254.553,154,64.289,277.746,4326.9,266,123.474,304.367,4386.64,3000,3000,3.00198,0,0,0,0,0,0,0,0,130.686,0,0,0,0,0,6984,49,99.3033,0,9606,132.587
b2_dynamic_t0000_r02,b2_dynamic_phase_mismatch,33,21.9812,99000,33,25,2827.62,17180.6,19433.8,51,39.146,11413.2,12271.7,1664,40.298,14168.1,21437.8,825,395.739,14262.9,21608.5,14.0158,301.818,130,54.616,210.91,314.378,304,120.854,242.552,361.578,2999,2999,3.00198,0,0,0,0,0,0,0,0,130.686,0,0,0,0,0,8257,83,99.0048,0,9910,132.639
b2_dynamic_t0000_r02,b2_dynamic_phase_mismatch,34,22.8379,102000,34,18,12.831,12145.4,12145.4,34,578.136,12038.3,21635.7,1050,1712.78,12219.8,20267.4,478,2876.78,12428.9,21777.6,12.4456,366.982,1230,45.714,168.312,290.08,196,124.773,268.587,306.119,3006,3006,3.00198,0,0,0,0,0,0,0,0,130.686,0,0,0,0,0,4741,24,99.4963,0,10106,132.992
b2_dynamic_t0000_r02,b2_dynamic_phase_mismatch,35,23.5374,105000,35,8,3870.74,22610.4,22610.4,23,3736.3,12492.1,12501.2,688,2935.49,12496.8,22635.7,309,2868.91,12676.4,21291.4,14.1715,340.393,1815,44.073,143.81,228.279,151,109.518,254.286,299.566,2994,2994,4.00198,0,0,0,0,0,0,0,0,130.686,0,0,0,0,0,2716,25,99.0879,0,10257,133.5
b2_dynamic_t0000_r02,b2_dynamic_phase_mismatch,36,24.222,108000,36,11,2825.03,12814.2,12814.2,17,2817.08,12681.5,12681.5,719,272.938,12721.9,23077.4,292,897.045,12896.4,23433,12.4178,418.89,1827,44.296,173.879,301.477,143,125.247,261.263,331.332,3009,3009,4.00198,0,0,0,0,0,0,0,0,130.686,0,0,0,0,0,2383,20,99.1677,0,10399,134.014
b2_dynamic_t0000_r02,b2_dynamic_phase_mismatch,37,24.9794,111000,37,8,3145.86,22535.6,22535.6,23,3087.27,13206.5,23686.7,760,3002.9,13336.3,23622.3,290,321.965,13219.1,23132.2,12.4517,388.791,1767,45.638,144.022,235.447,143,105.129,223.429,320.126,2991,2991,5.00199,0,0,0,0,0,0,0,0,130.686,0,0,0,0,0,2343,30,98.7358,0,10543,134.508
b2_dynamic_t0000_r02,b2_dynamic_phase_mismatch,38,25.8056,114000,38,11,11844.5,18714.2,18714.2,25,50.328,13093.9,23932.8,774,527.863,13396.3,24163.8,302,3147.59,13567.3,24129.5,14.1987,441.285,1753,51.674,174.792,274.094,148,118.571,275.484,361.07,3013,3013,5.00199,0,0,0,0,0,0,0,0,130.686,0,0,0,0,0,2337,19,99.1935,0,10689,135.001
b2_dynamic_t0000_r02,b2_dynamic_phase_mismatch,39,26.5922,117000,39,11,12322,22459,22459,22,3130.83,16093.3,24677.5,719,1630.95,14643.3,24184.8,323,3193.63,14376.8,24829.4,13.161,465.719,1776,49.224,167.592,265.732,151,107.109,229.101,313.886,3002,3002,6.002,0,0,0,0,0,0,0,0,130.686,0,0,0,0,0,2392,22,99.0886,0,10841,135.499
b2_dynamic_t0000_r02,b2_dynamic_phase_mismatch,40,27.303,120000,40,10,13646,13886.8,13886.8,26,34.851,13643.8,13756.6,713,3143.92,13830.5,22337.3,303,3327.84,14042.1,22625.8,13.6865,407.315,1818,44.842,127.909,230.974,121,104.5,226.237,279.66,2991,2991,6.002,0,0,0,0,0,0,0,0,130.686,0,0,0,0,0,2228,20,99.1103,0,10962,136.006
b2_dynamic_t0000_r02,b2_dynamic_phase_mismatch,41,28.1359,123000,41,13,12317.7,14169.6,14169.6,22,3272.14,14010.1,14072.6,692,3393.37,14136.1,25100.2,282,3420.83,14282.6,24604,12.8227,470.271,1821,44.821,143.519,211.493,172,102.249,233.349,298.505,3002,3002,7.00201,0,0,0,0,0,0,0,0,130.686,0,0,0,0,0,2055,27,98.7032,0,11132,136.521
b2_dynamic_t0000_r02,b2_dynamic_phase_mismatch,42,28.9417,126000,42,11,623.639,14184.3,14184.3,18,13981.4,23451.1,23451.1,702,3336.58,14335.6,20868.8,278,3518.78,14533.9,24972.8,14.1187,437.114,1844,49.464,161.627,265.386,140,112.994,305.593,450.731,2993,2993,7.00201,0,0,0,0,0,0,0,0,130.686,0,0,0,0,0,2066,25,98.8044,0,11275,137.034
b2_dynamic_t0000_r02,b2_dynamic_phase_mismatch,43,29.7629,129000,43,12,48.551,23500.5,23500.5,26,9020.97,15207.6,26465.6,731,2902.79,14839.8,26303.9,334,2995.31,14856.7,22887.5,13.0329,432.169,1768,53.354,161.532,235.664,138,120.847,235.537,285.683,3009,3009,8.00201,0,0,0,0,0,0,0,0,130.686,0,0,0,0,0,2396,34,98.6008,0,11412,137.53
b2_dynamic_t0000_r02,b2_dynamic_phase_mismatch,44,30.6011,132000,44,14,3315.93,14954.1,14954.1,30,4126.98,15204.5,27000.4,694,3424.8,15053.8,26406.6,302,3537.89,15254.3,26636.7,12.7351,509.136,1795,46.261,171.643,300.567,167,105.785,266.245,369.703,3002,3002,8.00201,0,0,0,0,0,0,0,0,130.686,0,0,0,0,0,2206,28,98.7466,0,11579,138.035
b2_dynamic_t0000_r02,b2_dynamic_phase_mismatch,45,31.478,135000,45,9,12218.6,27060.5,27060.5,22,3609.18,26768.2,27715.1,718,3596.05,15464.2,27318.7,286,3547.63,15312.8,15553.7,12.2378,483.681,1800,48.787,145.216,274.501,154,106.846,227.805,364.346,2989,2989,9.00202,0,0,0,0,0,0,0,0,130.686,0,0,0,0,0,2009,19,99.0631,0,11734,138.538
b2_dynamic_t0000_r02,b2_dynamic_phase_mismatch,46,32.3148,138000,46,14,775.197,15794.9,15794.9,15,7843.93,15433.7,15433.7,721,540.889,15619.6,27590.7,303,3491.29,17521,27795.1,11.7492,578.846,1815,45.574,140.777,229.768,147,107.906,251.543,296.87,3015,3015,10.002,0,0,0,0,0,0,0,0,130.686,0,0,0,0,0,2209,35,98.4403,0,11881,139.048
b2_dynamic_t0000_r02,b2_dynamic_phase_mismatch,47,33.1975,141000,47,8,18.783,4393.39,4393.39,30,17.966,16024.1,16850.7,757,3555.47,16062.6,25830.5,266,3895.8,21240.7,28152.1,15.1429,502.801,1796,45.827,153.091,230.822,140,106.245,214.47,245.68,2997,2997,10.002,0,0,0,0,0,0,0,0,130.686,0,0,0,0,0,1912,13,99.3247,0,12021,139.553
b2_dynamic_t0000_r02,b2_dynamic_phase_mismatch,48,34.189,144000,48,13,3728.82,29166.1,29166.1,27,11124.1,21300.2,28391.2,716,3677.9,19664.2,29060.4,293,3838.7,16710.2,29311.8,13.5666,541.417,1800,50.875,160.488,299.432,151,116.299,288.527,369.377,3000,3000,11.002,0,0,0,0,0,0,0,0,130.686,0,0,0,0,0,2076,22,98.9514,0,12172,140.059
b2_dynamic_t0000_r02,b2_dynamic_phase_mismatch,49,35.3175,147000,49,6,15983.1,16469.5,16469.5,33,1087.51,16503.3,16597.3,673,10200.5,16600.5,29474.8,276,14332.6,16886.3,29467.3,13.971,697.992,1846,58.647,181.699,309.893,160,129.761,263.454,460.884,2994,2994,11.002,0,0,0,0,0,0,0,0,130.686,0,0,0,0,0,1943,26,98.6795,0,12332,140.574
b2_dynamic_t0000_r02,b2_dynamic_phase_mismatch,50,36.3296,150000,50,16,18.351,16710.9,16710.9,15,16.753,16604.3,16604.3,724,515.856,16843.7,30314.1,289,1082.26,16916.5,29230.8,11.4464,673.633,1814,59.737,162.894,279.183,143,123.677,266.835,416.629,3001,3001,12.002,0,0,0,0,0,0,0,0,130.686,0,0,0,0,0,2024,27,98.6836,0,12474,141.079
b2_dynamic_t0000_r02,b2_dynamic_phase_mismatch,51,37.356,153000,51,13,12799,22636.6,22636.6,24,48.323,16925.4,17043.8,700,552.541,17081.6,29719.6,324,510.32,17314,29792.1,12.4599,596.815,1786,60.246,184.039,293.101,150,132.59,292.898,323.642,2997,2997,13.0021,0,0,0,0,0,0,0,0,130.686,0,0,0,0,0,2355,27,98.8665,0,12625,141.576
b2_dynamic_t0000_r02,b2_dynamic_phase_mismatch,52,38.4986,156000,52,17,528.708,17547,17547,19,46.205,17844.9,17844.9,711,7699.85,17899,30600.2,300,560.978,17609.2,30724.3,13.98,576.53,1818,62.873,183.4,257.536,137,138.057,247.603,331.648,3002,3002,13.0021,0,0,0,0,0,0,0,0,130.686,0,0,0,0,0,2142,27,98.7552,0,12761,142.084
b2_dynamic_t0000_r02,b2_dynamic_phase_mismatch,53,39.6239,159000,53,10,6179.72,17517.9,17517.9,28,13850.3,17788.2,31651,742,4838.68,17714.9,19255.9,285,8770.04,18451.4,31783.8,11.6772,765.954,1792,59.373,184.115,276.862,146,126.988,271.746,374.243,3003,3003,14.0021,0,0,0,0,0,0,0,0,130.686,0,0,0,0,0,2025,23,98.877,0,12907,142.586
b2_dynamic_t0000_r02,b2_dynamic_phase_mismatch,54,40.853,162000,54,16,18.611,18100.3,18100.3,28,15912.2,18293.5,29132.4,712,10611.9,18052.3,29190.2,296,7050.69,18132.9,29239.8,11.2669,769.773,1795,56.625,161.275,225.981,144,118.795,232.161,284.358,2991,2991,14.0021,0,0,0,0,0,0,0,0,130.686,0,0,0,0,0,2100,18,99.1501,0,13052,143.086
b2_dynamic_t0000_r02,b2_dynamic_phase_mismatch,55,42.0442,165000,55,11,17988.6,18476.4,18476.4,39,8020.87,24423.1,32414.3,677,3966.8,18243.1,32054,310,4384.9,23831.4,32052.7,12.8194,720.817,1805,58.752,175.731,268.018,158,126.309,257.171,285.801,3000,3000,15.0021,0,0,0,0,0,0,0,0,130.686,0,0,0,0,0,2203,33,98.5242,0,13208,143.593
b2_dynamic_t0000_r02,b2_dynamic_phase_mismatch,56,43.3817,168000,56,7,906.235,18482.4,18482.4,40,450.681,30420.4,32289.8,753,9829.64,18686.8,32214.7,297,16476.5,18881.7,32382.4,12.3973,872.773,1738,56.531,175.49,268.222,165,124.755,279.936,456.778,3000,3000,15.0021,0,0,0,0,0,0,0,0,130.686,0,0,0,0,0,2101,35,98.3614,0,13375,144.081
b2_dynamic_t0000_r02,b2_dynamic_phase_mismatch,57,44.6756,171000,57,11,18707.7,21615.8,21615.8,25,15102.3,19135.5,19532.3,701,11043.8,19215.3,31296.2,313,8777.14,19330.2,31223.4,11.8083,818.246,1784,57.257,177.528,289.651,171,122.47,284.374,336.418,3005,3005,16.0021,0,0,0,0,0,0,0,0,130.686,0,0,0,0,0,2232,34,98.4996,0,13546,144.579
b2_dynamic_t0000_r02,b2_dynamic_phase_mismatch,58,45.7504,174000,58,15,4489.04,34401.8,34401.8,19,10664,20133.7,20133.7,686,4226.66,19507.4,34414.6,295,4512.08,21372,34532.8,12.0237,673.226,1827,50.165,145.788,214.169,151,110.298,215.353,293.109,2993,2993,16.0021,0,0,0,0,0,0,0,0,130.686,0,0,0,0,0,2123,28,98.6983,0,13697,145.093
b2_dynamic_t0000_r02,b2_dynamic_phase_mismatch,59,46.9038,177000,59,9,15591,34625.8,34625.8,21,13234.1,19480,19869.8,700,4670.72,20166.6,34786.1,303,4747.48,19920.8,35017.3,11.8086,701.245,1808,47.443,168.857,241.075,164,115.242,221.586,285.499,3005,3005,17.0021,0,0,0,0,0,0,0,0,130.686,0,0,0,0,0,2176,34,98.4615,0,13861,145.605
b2_dynamic_t0000_r02,b2_dynamic_phase_mismatch,60,47.9482,180000,60,10,4649.26,19662.1,19662.1,26,73.69,19993,21634.8,716,4708.04,19946.7,20325.2,288,4794.73,20147.4,32456.3,12.1875,683.791,1818,47.93,151.521,229.485,143,107.489,208.868,272.494,3001,3001,17.0021,0,0,0,0,0,0,0,0,130.686,0,0,0,0,0,2041,24,98.8378,0,14001,146.112
b2_dynamic_t0000_r02,b2_dynamic_phase_mismatch,61,49.1085,183000,61,14,4589.22,33150.2,33150.2,23,7192.24,21357.2,32877.5,710,4698.04,20398.9,32860.3,298,4825.05,20399.7,33186,10.4161,812.489,1802,53.785,172.218,250.922,151,114.13,212.925,263.95,2998,2998,18.0021,0,0,0,0,0,0,0,0,130.686,0,0,0,0,0,2217,35,98.4458,0,14154,146.618
b2_dynamic_t0000_r02,b2_dynamic_phase_mismatch,62,50.1845,186000,62,5,12.32,20179.4,20179.4,23,4921.98,20426.2,20506,677,4831.29,20547.5,24559.6,294,4997.02,20758.6,24718.6,11.9218,715.673,1853,40.961,147.715,244.151,144,98.121,202.87,296.175,2996,2996,18.0021,0,0,0,0,0,0,0,0,130.686,0,0,0,0,0,2105,20,99.0588,0,14299,147.137
b2_dynamic_t0000_r02,b2_dynamic_phase_mismatch,63,51.273,189000,63,6,43.303,20673.3,20673.3,26,342.929,20776.6,25672.2,693,1655.69,21013.2,25663.6,334,747.783,21084.2,22002.2,11.8174,659.44,1807,49.389,140.811,238.836,141,119.01,259.547,282.712,3007,3007,19.0021,0,0,0,0,0,0,0,0,130.686,0,0,0,0,0,2366,42,98.2558,0,14438,147.642
b2_dynamic_t0000_r02,b2_dynamic_phase_mismatch,64,52.5265,192000,64,9,4.667,17421.7,17421.7,25,13460.7,21077.9,21100.3,770,5083.19,21214.6,23843.9,293,5099.22,21343.7,31997.5,13.2287,675.177,1737,41.978,144.929,230.623,162,108.199,210.134,257.177,2996,2996,19.0021,0,0,0,0,0,0,0,0,130.686,0,0,0,0,0,2115,26,98.7856,0,14601,148.131
b2_dynamic_t0000_r02,b2_dynamic_phase_mismatch,65,53.7999,195000,65,7,5032.85,37162.2,37162.2,16,30.783,21603.7,21603.7,743,5763.86,21834.5,37104.4,295,5449.44,21855.3,36025.5,13.7153,661.536,1798,47.387,154.771,261.313,151,120.876,309.257,470.577,3010,3010,20.0021,0,0,0,0,0,0,0,0,130.686,0,0,0,0,0,2104,28,98.6867,0,14753,148.639
b2_dynamic_t0000_r02,b2_dynamic_phase_mismatch,66,55.3084,198000,66,11,3895.7,38440.7,38440.7,16,40.046,21804.1,21804.1,690,15782.6,22142,38945.2,300,14537.1,22316.2,39030.2,12.5167,946.933,1824,52.414,155.048,237.884,155,116.606,222.949,300.158,2996,2996,21.0021,0,0,0,0,0,0,0,0,130.686,0,0,0,0,0,2141,32,98.5274,0,14908,149.148
b2_dynamic_t0000_r02,b2_dynamic_phase_mismatch,67,56.7422,201000,67,18,16.971,22089.4,22089.4,50,28.07,22284.1,22523.9,1118,15.045,22266.8,22597.3,454,182.551,22525.6,34793.9,10.8833,626.547,1230,58.341,165.664,261.707,137,122.501,271.836,293.461,3007,3007,21.0021,0,0,0,0,0,0,0,0,130.686,0,0,0,0,0,3218,31,99.0459,0,15041,149.494
b2_dynamic_t0000_r02,b2_dynamic_phase_mismatch,68,58.8007,204000,68,22,17.607,22805.9,23750.1,54,33.114,23242.2,27461.8,1854,15.289,23266.6,28254.7,768,224.009,23490.3,28215.7,11.2214,542.163,145,73.937,171.135,272.904,142,129.841,249.378,690.513,2985,2985,21.0021,0,0,0,0,0,0,0,0,130.686,0,0,0,0,0,5762,67,98.8506,0,15187,149.542
b2_dynamic_t0000_r02,b2_dynamic_phase_mismatch,69,61.1254,207000,69,25,20.416,23422.2,23558.7,63,39.392,23166.1,23701.5,1899,15.991,23348.6,30978.2,690,269.579,23522.8,30830.6,10.5768,679.106,155,68,197.037,278.55,176,134.449,336.94,437.692,3008,3008,21.0021,0,0,0,0,0,0,0,0,130.686,0,0,0,0,0,5162,49,99.0597,0,15361,149.594
b2_dynamic_t0000_r02,b2_dynamic_phase_mismatch,70,63.1559,210000,70,25,15.433,23927.7,40942.2,67,29.913,23644.5,23810.5,1901,13.992,23656.5,36898.5,725,227.221,23906.2,38693.8,10.6855,592.966,139,66.733,215.386,279.918,150,130.672,244.942,402.807,3007,3007,21.0021,0,0,0,0,0,0,0,0,130.686,0,0,0,0,0,5461,45,99.1827,0,15511,149.641
b2_dynamic_t0000_r02,b2_dynamic_phase_mismatch,71,65.0568,213000,71,20,18.158,23838.4,23838.4,74,21.067,24318.1,24980.5,1888,13.087,23984.1,35740.3,706,224.969,24132.2,25249.7,10.9703,523.606,136,62.257,205.424,286.21,169,120.218,313.325,462.548,2993,2993,21.0021,0,0,0,0,0,0,0,0,130.686,0,0,0,0,0,5444,36,99.3431,0,15681,149.687
b2_dynamic_t0000_r02,b2_dynamic_phase_mismatch,72,66.6643,216000,72,27,13.145,24336.2,24637.2,67,17.858,24222.3,36577.5,1836,11.663,24319.3,32912.8,740,189.508,24540.4,27726,10.2324,475.974,171,56.011,197.553,248.593,149,118.842,206.463,300.603,2990,2990,21.0021,0,0,0,0,0,0,0,0,130.686,0,0,0,0,0,5880,45,99.2405,0,15831,149.743
b2_dynamic_t0000_r02,b2_dynamic_phase_mismatch,73,68.3925,219000,73,29,12.936,25337.8,25746.3,68,20.337,24603.6,41539.4,1859,12.877,24646.9,29361.8,728,205.024,24872,36470,9.17995,593.875,155,60.307,299.295,368.926,163,122.194,288.421,341.675,3002,3002,21.0021,0,0,0,0,0,0,0,0,130.686,0,0,0,0,0,5794,21,99.6389,0,15994,149.795
b2_dynamic_t0000_r02,b2_dynamic_phase_mismatch,74,70.5052,222000,74,18,13.658,24914.6,24914.6,73,31.485,25068.1,43928.9,1886,13.327,25139.6,41911.9,726,222.692,25387,42109.4,8.42149,864.74,149,75.96,278.426,357.676,150,148.129,299.777,390.486,3002,3002,21.0021,0,0,0,0,0,0,0,0,130.686,0,0,0,0,0,5831,34,99.4203,0,16144,149.844
b2_dynamic_t0000_r02,b2_dynamic_phase_mismatch,75,72.4418,225000,75,21,14.506,25222.6,25366.2,88,25.449,25214.1,25686.3,1827,13.433,25371.3,25745.5,763,210.862,25550,25916.8,10.152,554.607,172,73.551,246.519,361.353,131,136.057,290.959,353.586,3002,3002,21.0021,0,0,0,0,0,0,0,0,130.686,0,0,0,0,0,6246,39,99.3795,0,16274,149.898
b2_dynamic_t0000_r02,b2_dynamic_phase_mismatch,76,74.2682,228000,76,26,13.023,26135.5,44976.1,74,28.553,25751.6,26069.7,1877,12.395,25756.3,35128.7,750,197.619,26008.7,35334.6,9.72267,600.34,156,65.142,190.848,298.272,122,129.191,259.152,433.485,3005,3005,21.0021,0,0,0,0,0,0,0,0,130.686,0,0,0,0,0,6067,33,99.459,0,16395,149.948
b2_dynamic_t0000_r02,b2_dynamic_phase_mismatch,77,76.3003,231000,77,26,13.903,25924.9,44610,69,19.05,26030.9,26107.7,1854,13.14,26101.5,44307.3,766,206.549,26336.6,43453.1,9.3107,677.806,139,67.804,291.144,371.187,142,136.375,328.875,391.97,2996,2996,21.0021,0,0,0,0,0,0,0,0,130.686,0,0,0,0,0,6307,26,99.5895,0,16538,149.994
b2_dynamic_t0000_r02,b2_dynamic_phase_mismatch,78,78.5552,234000,78,31,19.893,26294.1,26490,75,18.171,26276.7,34046.6,1846,13.366,26401.8,27857.3,758,209.966,26634.5,42339.6,8.73351,841.87,139,69.068,278.136,3708.28,153,128.277,330.199,436.723,3002,3002,21.0021,0,0,0,0,0,0,0,0,130.686,0,0,0,0,0,6388,29,99.5481,0,16689,150.04
b2_dynamic_t0000_r02,b2_dynamic_phase_mismatch,79,81.082,237000,79,21,17.226,21277,24420.5,65,29.925,26910.6,27065.6,1845,14.837,26991.4,44295.7,751,237.627,27104.9,38412.6,8.89481,856.46,141,67.049,166.832,299.746,171,131.529,317.408,373.555,2994,2994,21.0021,0,0,0,0,0,0,0,0,130.686,0,0,0,0,0,6699,38,99.436,0,16861,150.088
b2_dynamic_t0000_r02,b2_dynamic_phase_mismatch,80,83.3016,240000,80,38,15.939,27559.1,47773.5,68,25.311,27134.1,36798,1826,13.8,27299.1,36225.8,762,226.334,27548.5,37051.7,6.98163,1098.05,161,72.981,213.441,325.618,147,129.285,304.49,424.563,3002,3002,21.0021,0,0,0,0,0,0,0,0,130.686,0,0,0,0,0,6588,24,99.637,0,17009,150.141
b2_dynamic_t0000_r02,b2_dynamic_phase_mismatch,81,85.8446,243000,81,22,22.954,27657.5,27710.2,66,25.251,27571.8,28022.7,1839,14.788,27642.1,38590.9,746,254.566,27798.8,28216.4,7.64075,1048.29,145,66.216,188.342,340.329,176,129.57,316.028,467.682,2994,2994,21.0021,0,0,0,0,0,0,0,0,130.686,0,0,0,0,0,6552,27,99.5896,0,17186,150.19
b2_dynamic_t0000_r02,b2_dynamic_phase_mismatch,82,87.9802,246000,82,23,16.174,27873.7,27980.4,67,26.132,26794.4,28493.8,1822,13.048,28525.2,38947.8,788,200.139,28858.4,39116.5,8.13452,809.668,150,67.369,192.337,268.684,153,149.653,343.731,418.395,3003,3003,22.0021,0,0,0,0,0,0,0,0,130.686,0,0,0,0,0,6922,35,99.4969,0,17339,150.24
b2_dynamic_t0000_r02,b2_dynamic_phase_mismatch,83,90.1652,249000,83,25,23.875,28459.5,28776.7,66,22.278,28866.3,29216.5,1856,13.209,28808.5,31673.5,754,204.165,29123.1,31834.2,7.34615,985.069,157,66.604,202.41,329.525,139,130.993,294.961,335.447,2997,2997,22.0021,0,0,0,0,0,0,0,0,130.686,0,0,0,0,0,6753,17,99.7489,0,17478,150.29
b2_dynamic_t0000_r02,b2_dynamic_phase_mismatch,84,92.3279,252000,84,22,16.279,29773.8,29936.7,55,31.995,29255.5,35959.8,1919,12.644,29228,29974.5,731,198.515,29346.7,29936.1,7.49248,801.025,150,65.092,152.505,297.885,140,134.766,314.161,367.406,3017,3017,22.0021,0,0,0,0,0,0,0,0,130.686,0,0,0,0,0,6740,28,99.5863,0,17614,150.34
b2_dynamic_t0000_r02,b2_dynamic_phase_mismatch,85,94.9224,255000,85,30,19.188,29058.1,29357.3,52,35.606,29540.7,29931.5,1808,14.366,29714.5,30513.7,794,226.93,29888.1,30342.6,7.57179,1085.77,142,66.252,196.659,353.115,162,133.641,276.163,346.152,2988,2988,22.0021,0,0,0,0,0,0,0,0,130.686,0,0,0,0,0,7423,26,99.651,0,17778,150.388
b2_dynamic_t0000_r02,b2_dynamic_phase_mismatch,86,97.532,258000,86,24,22.309,30211,30297.9,60,27.072,30112.5,30249.2,1841,13.417,29988.4,30440.2,803,216.724,30256,30631.4,6.25778,1362.46,124,66.371,169.092,228.149,149,130.654,241.774,358.104,3001,3001,22.0021,0,0,0,0,0,0,0,0,130.686,0,0,0,0,0,7667,38,99.5068,0,17929,150.43
b2_dynamic_t0000_r02,b2_dynamic_phase_mismatch,87,99.9874,261000,87,23,13.479,10829.6,27304.9,68,32.358,30463.2,45512.4,1846,13.899,30443.8,30770.7,750,236.277,30618.9,30890.9,6.924,1112.75,162,68.055,211.044,279.321,161,136.1,307.463,429.542,3010,3010,22.0021,0,0,0,0,0,0,0,0,130.686,0,0,0,0,0,7129,22,99.6924,0,18089,150.483
b2_dynamic_t0000_r02,b2_dynamic_phase_mismatch,88,102.706,264000,88,18,16.097,30737.2,30737.2,57,20.934,30843.1,52179.5,1847,13.77,30911.2,31297,761,217.319,31134.1,51045.9,6.48095,1310.56,153,61.442,134.053,277.95,159,121.866,212.851,304.161,2995,2995,22.0021,0,0,0,0,0,0,0,0,130.686,0,0,0,0,0,7498,26,99.6544,0,18248,150.534
b2_dynamic_t0000_r02,b2_dynamic_phase_mismatch,89,105.38,267000,89,33,12.188,31238.3,31390.9,64,40.404,31660.7,50704.7,1859,13.487,31293.2,33607.5,737,225.629,31548,31973.6,6.3772,1351.7,157,64.703,170.792,235.731,154,131.109,263.34,363.397,3004,3004,22.0021,0,0,0,0,0,0,0,0,130.686,0,0,0,0,0,7076,36,99.4938,0,18402,150.586
b2_dynamic_t0000_r02,b2_dynamic_phase_mismatch,90,107.877,270000,90,28,13.5,31753.2,31904.2,59,37.304,31618.4,32164.8,1872,12.391,31698.7,31997.4,759,211.676,31968.4,32241.2,6.29644,1200.72,136,64.05,216.069,303.208,142,123.879,289.638,383.681,2996,2996,22.0021,0,0,0,0,0,0,0,0,130.686,0,0,0,0,0,7653,28,99.6355,0,18543,150.631
b2_dynamic_t0000_r02,b2_dynamic_phase_mismatch,91,110.575,273000,91,28,50.022,31996.3,32124.7,69,27.533,32057.9,45246.4,1877,13.119,32072.4,36091.3,739,242.311,32378.2,37378.7,6.18945,1399.32,142,67.905,241.784,295.275,141,129.614,244.082,367.656,2996,2996,22.0021,0,0,0,0,0,0,0,0,130.686,0,0,0,0,0,7481,23,99.6935,0,18686,150.678
b2_dynamic_t0000_r02,b2_dynamic_phase_mismatch,92,113.188,276000,92,27,17.642,32215.1,32338.8,63,19.415,32304.5,35018.9,1872,12.597,32392.6,37524.2,752,210.85,32794.8,41899.8,5.27128,1524.39,134,65.692,189.188,313.18,148,126.989,308.617,405.943,2996,2996,22.0021,0,0,0,0,0,0,0,0,130.686,0,0,0,0,0,7534,22,99.7088,0,18834,150.723
b2_dynamic_t0000_r02,b2_dynamic_phase_mismatch,93,115.841,279000,93,22,37.849,31432.3,32789,73,36.136,32831.8,54492.5,1848,12.352,32738.2,33049.6,767,228.676,32976.6,33334.2,5.99348,1348.09,146,65.205,142.617,192.271,141,129.218,243.744,275.481,2997,2997,22.0021,0,0,0,0,0,0,0,0,130.686,0,0,0,0,0,7852,31,99.6067,0,18975,150.772
b2_dynamic_t0000_r02,b2_dynamic_phase_mismatch,94,118.156,282000,94,26,16.987,33170.4,33183.7,77,24.712,33124.4,33405,1876,12.061,33033.5,33327.2,753,220.429,33248.6,33574.2,5.36521,1269.92,153,65.889,168.419,278.957,126,131.602,269.673,296.51,3011,3011,22.0021,0,0,0,0,0,0,0,0,130.686,0,0,0,0,0,7704,24,99.6894,0,19100,150.821
b2_dynamic_t0000_r02,b2_dynamic_phase_mismatch,95,120.239,285000,95,33,12.09,33437.9,33473.4,74,21.325,33701.4,37337.4,1844,11.22,33454.3,33863.4,745,182.644,33617.9,37064.4,5.59732,1084.75,148,57.207,126.534,225.589,148,129.959,211.671,234.838,2992,2992,22.0021,0,0,0,0,0,0,0,0,130.686,0,0,0,0,0,7694,15,99.8054,0,19249,150.87
b2_dynamic_t0000_r02,b2_dynamic_phase_mismatch,96,122.28,288000,96,27,14.843,36933.5,52598.5,80,31.098,34039.2,47904.7,1837,9.98,33775,36559.3,750,179.447,34050.8,37377,5.616,1099.86,167,46.652,150.304,245.314,142,120.402,212.395,297.648,3003,3003,22.0021,0,0,0,0,0,0,0,0,130.686,0,0,0,0,0,7873,21,99.734,0,19390,150.924
b2_dynamic_t0000_r02,b2_dynamic_phase_mismatch,97,124.497,291000,97,26,17.812,34490.6,34939.2,60,29.935,34855.8,55201.7,1871,11.196,34245.4,34960.2,728,187.887,34471.1,38481.2,4.69505,1451.59,156,56.557,175.148,237.034,154,122.555,231.41,348.324,2995,2995,22.0021,0,0,0,0,0,0,0,0,130.686,0,0,0,0,0,7700,22,99.7151,0,19545,150.975
b2_dynamic_t0000_r02,b2_dynamic_phase_mismatch,98,126.459,294000,98,29,12.01,26885.5,34955.8,56,26.267,33842.1,34935.8,1867,10.382,34428.7,40233.1,745,185.594,34695,37934.9,4.85235,1320.22,164,50.815,173.596,292.044,142,121.128,236.026,327.178,3003,3003,22.0021,0,0,0,0,0,0,0,0,130.686,0,0,0,0,0,8112,22,99.7295,0,19685,151.028
b2_dynamic_t0000_r02,b2_dynamic_phase_mismatch,99,128.876,297000,99,28,16.877,35195,35338,57,21.729,34919.6,56767.5,1836,11.532,35079,35324.5,772,214.057,35272.7,35761,5.19301,1474.49,160,58.305,190.757,305.753,148,125.006,238.339,362.087,3001,3001,22.0021,0,0,0,0,0,0,0,0,130.686,0,0,0,0,0,8268,17,99.7948,0,19834,151.08
b2_dynamic_t0000_r02,b2_dynamic_phase_mismatch,100,131.479,300000,100,21,12.16,35481.2,35580.1,57,31.575,35208.5,35791.4,1864,11.557,35622.6,35977.5,746,209.434,35751.7,36374.8,4.54692,1722.47,142,58.817,170.019,230.5,165,122.108,242.576,312.952,2995,2995,22.0021,0,0,0,0,0,0,0,0,130.686,0,0,0,0,0,8136,15,99.816,0,20000,151.129
b2_dynamic_t0000_r03,b2_dynamic_phase_mismatch,1,0.0320379,3000,1,30,21.702,100.831,113.821,62,20.751,82.496,103.396,1722,20.462,100.861,117.728,756,140.199,207.772,258.171,96.8466,1.55842,127,13.768,78.002,180.929,315,38.96,119.895,218.529,3012,3012,1.00196,0,0,0,0,0,0,0,0,130.686,0,0,0,0,0,1747,6618,20.8846,0,315,130.812
b2_dynamic_t0000_r03,b2_dynamic_phase_mismatch,2,0.0668984,6000,2,35,22.127,193.097,204.001,63,16.327,202.121,235.198,1686,58.664,195.287,229.211,750,153.252,277.92,312.194,92.5067,1.72387,153,14.811,65.135,83.128,303,38.209,87.019,114.1,2990,2990,1.00196,0,0,0,0,0,0,0,0,130.686,0,0,0,0,0,3129,5012,38.4351,0,618,130.87
b2_dynamic_t0000_r03,b2_dynamic_phase_mismatch,3,0.11822,9000,3,28,153.409,377.415,520.9,69,107.193,350.565,362.203,1740,33.834,346.712,405.4,738,174.539,436.632,511.138,84.9133,2.48091,144,20.17,81.371,106.554,292,47.755,110.783,150.182,3011,3011,1.00196,0,0,0,0,0,0,0,0,130.686,0,0,0,0,0,3858,3752,50.6965,0,909,130.924
b2_dynamic_t0000_r03,b2_dynamic_phase_mismatch,4,0.225012,12000,4,33,23.949,808.364,810.609,49,213.522,797.089,893.161,1714,165.925,819.581,1012.98,773,245.55,982.393,1150.54,79.5873,4.96473,139,35.682,148.405,239.689,286,78.697,182.471,229.5,2994,2994,1.00196,0,0,0,0,0,0,0,0,130.686,0,0,0,0,0,4682,2954,61.3148,0,1195,130.977
b2_dynamic_t0000_r03,b2_dynamic_phase_mismatch,5,0.386751,15000,5,21,408.507,1070.91,1104.44,58,41.346,1154.52,2046.3,1718,168.283,1102.72,1362.41,752,347.991,1258.19,1589.12,76.0199,7.78937,136,46.882,215.609,275.498,318,106.974,243.24,273.334,3003,3003,1.00196,0,0,0,0,0,0,0,0,130.686,0,0,0,0,0,4991,2276,68.6803,0,1510,131.031
b2_dynamic_t0000_r03,b2_dynamic_phase_mismatch,6,0.615338,18000,6,21,34.651,1479.95,1726.35,69,251.536,1684.28,1763.7,1663,289.362,1603.62,1762.2,756,529.174,1805.72,1997.34,70.4074,11.6134,160,60.001,184.761,241.208,322,118.574,250.119,288.1,2991,2991,1.00196,0,0,0,0,0,0,0,0,130.686,0,0,0,0,0,5402,1692,76.1489,0,1836,131.092
b2_dynamic_t0000_r03,b2_dynamic_phase_mismatch,7,0.868188,21000,7,24,1396.53,1717.6,1774.81,48,77.827,1713.61,2049.34,1743,52.111,1858.95,1991.07,768,251.559,2013.71,2179.23,66.9466,12.9883,137,60.625,156.297,290.734,286,117.09,258.8,363.365,3006,3006,1.00196,0,0,0,0,0,0,0,0,130.686,0,0,0,0,0,5606,1348,80.6155,0,2121,131.145
b2_dynamic_t0000_r03,b2_dynamic_phase_mismatch,8,1.15301,24000,8,19,38.998,2075.9,2075.9,73,42.922,2005.07,2091.87,1732,152.603,2073.22,2225.8,722,257.623,2246.84,2425.74,64.0845,15.4488,153,61.221,198.739,263.571,295,117.845,236.517,387.127,2994,2994,2.00197,0,0,0,0,0,0,0,0,130.686,0,0,0,0,0,5546,1027,84.3755,0,2417,131.203
b2_dynamic_t0000_r03,b2_dynamic_phase_mismatch,9,1.48048,27000,9,24,422.347,2408.34,2420.59,58,1847.23,2424.96,2509.45,1722,217.19,2347.66,2487.95,737,268.239,2507.73,2625.1,61.0882,17.9184,146,62.855,238.256,295.073,313,116.699,269.565,341.733,3000,3000,2.00197,0,0,0,0,0,0,0,0,130.686,0,0,0,0,0,5604,866,86.6151,0,2730,131.259
b2_dynamic_t0000_r03,b2_dynamic_phase_mismatch,10,1.85685,30000,10,24,2280.65,2441.05,2517.95,59,47.119,2727.77,4541.34,1730,143.702,2684.2,4021.71,716,568.675,2926.62,4590.84,55.9274,23.9828,160,62.769,182.591,282.056,313,117.878,241.06,312.241,3002,3002,2.00197,0,0,0,0,0,0,0,0,130.686,0,0,0,0,0,5658,611,90.2536,0,3043,131.319
b2_dynamic_t0000_r03,b2_dynamic_phase_mismatch,11,2.2693,33000,11,18,2631.7,2809.96,2809.96,62,361.044,2938.1,3039.98,1677,262.399,2955.45,3260.11,753,292.091,3122.38,3309.01,53.3214,25.7657,170,63.329,226.525,323.282,317,115.998,288.909,401.778,2997,2997,2.00197,0,0,0,0,0,0,0,0,130.686,0,0,0,0,0,5813,512,91.9051,0,3360,131.383
b2_dynamic_t0000_r03,b2_dynamic_phase_mismatch,12,2.75082,36000,12,22,236.206,3221.51,3318.27,73,188.419,3540.05,10974.8,1696,295.942,3288.55,3569.19,764,438.425,3536.62,4038.76,54.7487,29.291,151,64.277,203.364,275.586,304,114.608,233.425,314.605,3010,3010,2.00197,0,0,0,0,0,0,0,0,130.686,0,0,0,0,0,6159,471,92.8959,0,3662,131.44
b2_dynamic_t0000_r03,b2_dynamic_phase_mismatch,13,3.22298,39000,13,30,32.618,3721.71,3776.57,65,86.868,3595.75,3792.87,1737,52.798,3574.81,3710.11,730,298.26,3767.73,3909.89,46.6644,34.1728,143,63.997,205.996,286.092,290,117.624,283.95,401.276,2995,2995,2.00197,0,0,0,0,0,0,0,0,130.686,0,0,0,0,0,5791,326,94.6706,0,3953,131.494
b2_dynamic_t0000_r03,b2_dynamic_phase_mismatch,14,3.75909,42000,14,25,414.171,4065.97,4102.68,57,42.538,3885.17,3995.64,1699,270.898,3883.68,4045.73,752,373.686,4044.52,4274.22,42.4628,40.8704,155,63.672,189.731,356.381,309,117.455,301.42,370.574,2997,2997,2.00197,0,0,0,0,0,0,0,0,130.686,0,0,0,0,0,5968,274,95.6104,0,4262,131.553
b2_dynamic_t0000_r03,b2_dynamic_phase_mismatch,15,4.36313,45000,15,20,3846.71,4293.62,4293.62,56,234.512,4330.71,4553.1,1692,187.062,4230.68,4445.23,751,782.786,4447.7,4631.74,40.3808,53.1979,168,63.037,166.906,266.8,319,115.64,256.491,362.395,3006,3006,2.00197,0,0,0,0,0,0,0,0,130.686,0,0,0,0,0,5781,235,96.0938,0,4579,131.616
b2_dynamic_t0000_r03,b2_dynamic_phase_mismatch,16,4.99851,48000,16,21,4216.5,4589.53,4606.37,53,35.859,4613.66,4680.44,1716,298.181,4563.24,4958.89,750,446.968,4695.02,4927.69,40.088,49.5881,151,63.384,154.162,201.726,316,116.378,295.714,373.831,3007,3007,2.00197,0,0,0,0,0,0,0,0,130.686,0,0,0,0,0,5928,187,96.9419,0,4896,131.674
b2_dynamic_t0000_r03,b2_dynamic_phase_mismatch,17,5.64108,51000,17,15,532.912,4976.82,4976.82,59,36.024,4918.32,6643.69,1718,44.641,4980.1,5674.32,755,249.296,5118.51,5325.31,36.3126,58.3835,147,63.893,258.587,2319.14,297,116.934,297.626,2213.73,2991,2991,2.00197,0,0,0,0,0,0,0,0,130.686,0,0,0,0,0,5997,185,97.0074,0,5193,131.73
b2_dynamic_t0000_r03,b2_dynamic_phase_mismatch,18,6.41766,54000,18,21,87.836,9428.54,9725.23,58,4727.7,5433.93,9653.29,1708,110.601,5519.49,9796.96,757,410.367,5643.13,9825.67,33.8111,74.5099,147,77.888,348.938,411.051,311,148.559,385.819,471.338,3002,3002,2.00197,0,0,0,0,0,0,0,0,130.686,0,0,0,0,0,6118,120,98.0763,0,5505,131.787
b2_dynamic_t0000_r03,b2_dynamic_phase_mismatch,19,7.23621,57000,19,31,43.518,5729.5,5921.65,48,54.748,5828.98,10088.5,1752,43.594,5837.17,10483.7,725,407.645,6082.13,10648.3,31.9862,87.3699,149,66.15,238.757,354.914,289,141.735,361.186,536.629,2994,2994,2.00197,0,0,0,0,0,0,0,0,130.686,0,0,0,0,0,5869,138,97.7027,0,5795,131.842
b2_dynamic_t0000_r03,b2_dynamic_phase_mismatch,20,8.09855,60000,20,25,349.057,5970.73,6010.5,64,51.558,6154.77,11146.2,1731,62.187,6193.53,11013.1,748,424.915,6348.42,11194.3,29.9452,94.353,148,71.371,284.278,438.431,284,142.399,321.804,422.675,3000,3000,2.00197,0,0,0,0,0,0,0,0,130.686,0,0,0,0,0,6135,108,98.2701,0,6079,131.898
b2_dynamic_t0000_r03,b2_dynamic_phase_mismatch,21,9.08089,63000,21,25,58.801,11518.3,11756.4,89,495.544,6950.54,12379.4,1694,104.225,11259.4,12018.2,737,472.524,11405.8,12091.7,27.7748,115.735,148,69.369,340.221,757.658,319,141.874,379.381,524.262,3012,3012,2.00197,0,0,0,0,0,0,0,0,130.686,0,0,0,0,0,5990,131,97.8598,0,6397,131.955
b2_dynamic_t0000_r03,b2_dynamic_phase_mismatch,22,10.0627,66000,22,27,123.693,7367.66,12361,53,213.086,7267.84,12194.8,1737,53.979,7063.9,12614.6,755,455.471,7326.83,12861.3,26.7166,122.982,130,75.208,303.472,389.264,284,143.581,347.475,432.482,2986,2986,2.00197,0,0,0,0,0,0,0,0,130.686,0,0,0,0,0,6541,115,98.2722,0,6682,132.005
b2_dynamic_t0000_r03,b2_dynamic_phase_mismatch,23,11.0047,69000,23,16,257.134,13192.7,13192.7,68,121.621,12920.4,14246.3,1773,41.387,8037.98,13264.2,717,341.939,8317.71,13398.2,26.0139,116.929,148,68.984,297.735,402.02,289,144.463,406.856,481.581,3011,3011,2.00197,0,0,0,0,0,0,0,0,130.686,0,0,0,0,0,6132,80,98.7122,0,6969,132.061
b2_dynamic_t0000_r03,b2_dynamic_phase_mismatch,24,12.1726,72000,24,19,919.561,7639.93,7639.93,58,47.285,7681.66,14337.5,1719,208.455,13003.9,14163,742,759.511,13003.2,14478.8,24.6159,160.139,157,71.222,357.63,456.377,302,138.673,363.75,424.899,2997,2997,2.00197,0,0,0,0,0,0,0,0,130.686,0,0,0,0,0,6411,94,98.555,0,7272,132.119
b2_dynamic_t0000_r03,b2_dynamic_phase_mismatch,25,13.3475,75000,25,25,15.515,8184.69,14708.6,59,791.862,14166.8,15084.5,1715,50.993,9146.73,14875.2,743,465.765,9204.81,15043.8,22.424,178.451,145,77.204,317.215,419.046,306,149.5,419.315,504.65,2993,2993,2.00197,0,0,0,0,0,0,0,0,130.686,0,0,0,0,0,6612,76,98.8636,0,7579,132.175
b2_dynamic_t0000_r03,b2_dynamic_phase_mismatch,26,14.3384,78000,26,26,1912.48,11610.9,15819.1,63,36.07,8436.09,15878.9,1680,340.428,8440.08,15103.8,781,1827.85,9083.39,15822.5,22.3252,150.067,167,64.798,247.5,344.022,281,127.656,306.109,373.128,2998,2998,2.00197,0,0,0,0,0,0,0,0,130.686,0,0,0,0,0,7029,77,98.9164,0,7860,132.236
b2_dynamic_t0000_r03,b2_dynamic_phase_mismatch,27,15.4252,81000,27,24,2005.34,8803.3,15024.6,65,46.448,8889.54,9343.25,1712,301.109,8894.71,14888.9,751,514.079,9172.28,16503.1,21.2264,169.005,164,64.959,274.674,396.52,294,134.158,341.017,502.355,3010,3010,2.00197,0,0,0,0,0,0,0,0,130.686,0,0,0,0,0,7231,84,98.8517,0,8153,132.296
b2_dynamic_t0000_r03,b2_dynamic_phase_mismatch,28,16.7744,84000,28,24,38.082,9250.39,9259.69,55,67.085,16450.8,17786.5,1693,329.677,9372.57,17006.2,754,775.084,9656.01,17228.6,20.2228,228.922,152,77.637,311.392,454.296,320,150.349,396.407,486.281,2998,2998,2.00197,0,0,0,0,0,0,0,0,130.686,0,0,0,0,0,7160,68,99.0592,0,8473,132.354
b2_dynamic_t0000_r03,b2_dynamic_phase_mismatch,29,17.9713,87000,29,19,34.29,17864.9,17864.9,66,38.256,9574.59,9813.79,1722,42.63,9792.15,17814.5,743,523.927,9981.24,18008.8,18.576,213.996,159,68.168,283.984,393.868,287,142.093,328.172,459.321,2996,2996,3.00198,0,0,0,0,0,0,0,0,130.686,0,0,0,0,0,7295,83,98.875,0,8760,132.412
b2_dynamic_t0000_r03,b2_dynamic_phase_mismatch,30,19.1632,90000,30,22,36.056,10130.1,14599,60,47.001,10279.3,16070.9,1703,227.238,10396.9,17821.3,776,316.158,10511.9,18679.5,17.6327,209.318,152,63.709,276.384,414.719,286,130.341,313.917,485.528,2999,2999,3.00198,0,0,0,0,0,0,0,0,130.686,0,0,0,0,0,7229,71,99.0274,0,9046,132.469
b2_dynamic_t0000_r03,b2_dynamic_phase_mismatch,31,20.3366,93000,31,25,2491.46,10448.7,10619.9,53,62.775,10733.5,20391.9,1699,776.807,11110.8,17599,772,988.555,11147.2,17529.4,15.6632,233.543,156,58.817,245.481,487.522,293,127.867,338.567,441.16,2998,2998,3.00198,0,0,0,0,0,0,0,0,130.686,0,0,0,0,0,7418,67,99.1049,0,9340,132.527
b2_dynamic_t0000_r03,b2_dynamic_phase_mismatch,32,21.5897,96000,32,16,10990.4,16385.8,16385.8,57,53.993,11206.6,18710.6,1795,23.086,11296.9,20290.7,710,403.044,11512,18797.9,14.9493,256.599,154,68.169,228.849,376.22,266,128.38,316.558,404.135,2998,2998,3.00198,0,0,0,0,0,0,0,0,130.686,0,0,0,0,0,6912,52,99.2533,0,9606,132.584
b2_dynamic_t0000_r03,b2_dynamic_phase_mismatch,33,23.0141,99000,33,25,2735.55,11782.8,21183.2,51,2528.42,11731.4,18703,1664,336.9,11725.4,21232.9,827,1564.12,12021.7,21500.6,14.0617,335.263,130,65.757,205.69,267.351,304,123.372,254.043,400.567,3001,3001,3.00198,0,0,0,0,0,0,0,0,130.686,0,0,0,0,0,8275,80,99.0425,0,9909,132.636
b2_dynamic_t0000_r03,b2_dynamic_phase_mismatch,34,23.8856,102000,34,18,11.947,11731.4,11731.4,34,50.293,12198.3,12248.7,1050,2589.78,12128.9,21839.6,478,2780.77,12333,18215.5,12.3117,376.927,1242,48.301,168.605,248.902,196,134.513,309.76,413.363,3018,3018,3.00198,0,0,0,0,0,0,0,0,130.686,0,0,0,0,0,4751,23,99.5182,0,10106,132.992
b2_dynamic_t0000_r03,b2_dynamic_phase_mismatch,35,24.5437,105000,35,8,9701.16,12302,12302,23,8917.16,12669.7,12778.7,687,2890.02,12417.2,21369.1,309,2207.1,12549.7,22766.7,14.1715,345.196,1803,41.807,169.241,269.078,151,110.895,277.226,330.719,2981,2981,4.00198,0,0,0,0,0,0,0,0,130.686,0,0,0,0,0,2697,23,99.1544,0,10257,133.496
b2_dynamic_t0000_r03,b2_dynamic_phase_mismatch,36,25.2105,108000,36,11,9893.02,12536.3,12536.3,17,788.529,12707.7,12707.7,722,605.761,12747,22308,294,1429.51,12960.6,22457.4,12.4116,413.263,1827,38.871,149.289,308.287,143,112.962,244.906,389.133,3014,3014,4.00198,0,0,0,0,0,0,0,0,130.686,0,0,0,0,0,2375,22,99.0822,0,10399,134.012
b2_dynamic_t0000_r03,b2_dynamic_phase_mismatch,37,25.9632,111000,37,8,3198.19,23521.5,23521.5,23,12559.8,12920.8,12950.8,757,3078.95,13036.1,23587.1,288,331.478,13104.2,21820.7,12.4583,356.269,1767,48.918,166.748,253.106,143,127.823,286.212,384.541,2986,2986,5.00199,0,0,0,0,0,0,0,0,130.686,0,0,0,0,0,2336,32,98.6486,0,10543,134.505
b2_dynamic_t0000_r03,b2_dynamic_phase_mismatch,38,26.7172,114000,38,11,3212.66,13083.5,13083.5,25,63.941,13156.7,13206.5,771,590.88,13318.5,24154.2,304,932.017,13460.5,24314.5,14.1217,376.478,1754,45.669,128.622,229.489,148,108.772,221.841,310.825,3013,3013,5.00199,0,0,0,0,0,0,0,0,130.686,0,0,0,0,0,2361,18,99.2434,0,10689,135
b2_dynamic_t0000_r03,b2_dynamic_phase_mismatch,39,27.4046,117000,39,11,3205.52,13577.1,13577.1,22,3169.14,13591.1,21327.6,718,2965.38,13507.8,22112.9,319,3128.84,13645.3,22293.6,13.3072,385.873,1772,38.84,123.423,200.377,150,97.579,208.803,264.51,2992,2992,6.002,0,0,0,0,0,0,0,0,130.686,0,0,0,0,0,2390,21,99.129,0,10841,135.496
b2_dynamic_t0000_r03,b2_dynamic_phase_mismatch,40,28.0699,120000,40,10,13590.2,13803.2,13803.2,26,41.088,13515.8,13596,712,876.527,13684.3,13895.4,304,3265.49,13881.5,14111.7,13.6414,404.035,1823,37.898,111.847,186.772,122,89.799,166.025,232.268,2997,2997,6.002,0,0,0,0,0,0,0,0,130.686,0,0,0,0,0,2231,20,99.1115,0,10963,136.009
b2_dynamic_t0000_r03,b2_dynamic_phase_mismatch,41,28.8521,123000,41,13,3256.4,13922.4,13922.4,22,3496.61,14069.8,15613.1,698,3302.11,14030.8,25992.7,283,3342.1,14258.4,27706.1,12.7845,462.56,1818,36.852,123.798,194.524,172,96.645,191.398,266.647,3006,3006,7.00201,0,0,0,0,0,0,0,0,130.686,0,0,0,0,0,2049,27,98.6994,0,11132,136.524
b2_dynamic_t0000_r03,b2_dynamic_phase_mismatch,42,29.6081,126000,42,11,13.703,14309,14309,18,10285.3,23737.4,23737.4,700,3352.28,14284,23626.3,278,3678.43,14543.6,25931.5,14.1187,455.228,1845,41.342,135.743,264.621,140,112.497,266.345,315.144,2992,2992,7.00201,0,0,0,0,0,0,0,0,130.686,0,0,0,0,0,2068,27,98.7112,0,11275,137.039
b2_dynamic_t0000_r03,b2_dynamic_phase_mismatch,43,30.3641,129000,43,12,3528.62,14498.8,14498.8,26,3507.2,14507,14520.3,732,447.273,14580.3,14814.7,334,647.088,14740.6,14852,13.0329,416.778,1764,49.743,141.265,216.159,138,113.986,205.538,326.032,3006,3006,8.00201,0,0,0,0,0,0,0,0,130.686,0,0,0,0,0,2391,27,98.8834,0,11412,137.536
b2_dynamic_t0000_r03,b2_dynamic_phase_mismatch,44,31.3667,132000,44,14,1786.41,26740,26740,30,13056.3,14934.4,15152.4,693,3940.02,14914.3,25772.8,303,11988.5,15174.4,26814.4,12.7096,619.383,1799,57.808,196.322,275.242,168,118.841,272.05,361.075,3007,3007,8.00201,0,0,0,0,0,0,0,0,130.686,0,0,0,0,0,2192,32,98.5612,0,11579,138.041
b2_dynamic_t0000_r03,b2_dynamic_phase_mismatch,45,32.3654,135000,45,9,3683.22,15269.1,15269.1,22,629.243,15110.7,15319.4,720,9839.04,15204.8,26036.4,285,3882.21,15368.3,18064.9,12.2596,598.474,1800,53.95,182.187,305.964,153,118.426,325.866,2397.07,2989,2989,9.00202,0,0,0,0,0,0,0,0,130.686,0,0,0,0,0,2030,16,99.218,0,11734,138.542
b2_dynamic_t0000_r03,b2_dynamic_phase_mismatch,46,33.3014,138000,46,14,3401.72,15531.6,15531.6,15,14595.4,25498.8,25498.8,720,3215.46,15541.3,23027.6,304,3673.78,15695.8,16083.5,11.7237,601.335,1804,46.278,147.505,222.315,147,108.306,206.424,213.171,3004,3004,9.00202,0,0,0,0,0,0,0,0,130.686,0,0,0,0,0,2225,32,98.5822,0,11881,139.049
b2_dynamic_t0000_r03,b2_dynamic_phase_mismatch,47,34.1716,141000,47,8,3623.5,28770.6,28770.6,30,41.022,15759.7,15914.2,760,3659.69,15713.8,25380.1,262,3920.21,15990.1,23094.6,15.2176,452.93,1799,43.871,127.001,193.524,140,108.055,184.883,264.534,2999,2999,10.002,0,0,0,0,0,0,0,0,130.686,0,0,0,0,0,1890,12,99.3691,0,12021,139.553
b2_dynamic_t0000_r03,b2_dynamic_phase_mismatch,48,35.0847,144000,48,13,2087.7,19080.1,19080.1,27,3723.77,17207.5,25783.8,713,3758.63,16250.4,28327.8,296,3925.79,16298,28792.2,13.5507,534.343,1812,44.012,174.341,272.075,151,102.937,225.956,330.461,3012,3012,11.002,0,0,0,0,0,0,0,0,130.686,0,0,0,0,0,2072,25,98.8078,0,12172,140.063
b2_dynamic_t0000_r03,b2_dynamic_phase_mismatch,49,36.0463,147000,49,6,13276.5,16332.1,16332.1,33,3904.12,17244,23574,673,3952.18,16464.5,28351.4,276,8558.52,16727.2,28930,13.9746,616.544,1840,41.949,131.054,200.568,160,102.355,205.83,258.187,2988,2988,11.002,0,0,0,0,0,0,0,0,130.686,0,0,0,0,0,1940,28,98.5772,0,12332,140.58
b2_dynamic_t0000_r03,b2_dynamic_phase_mismatch,50,36.9105,150000,50,16,3899.03,16681.3,16681.3,15,12.86,16675.4,16675.4,724,3782.32,16641.4,17616,288,3990.96,16863.6,17610.4,11.4722,587.38,1814,45.613,140.238,229.154,143,107.526,203.629,387.349,3000,3000,12.002,0,0,0,0,0,0,0,0,130.686,0,0,0,0,0,2013,28,98.6281,0,12474,141.087
b2_dynamic_t0000_r03,b2_dynamic_phase_mismatch,51,37.8141,153000,51,13,53.671,16873.5,16873.5,24,3916.01,16896.1,17042.2,700,3868.56,16975.2,19308.4,325,3982.19,17069.6,17248.7,12.4308,532.021,1783,44.97,132.16,225.587,150,92.303,232.908,258.014,2995,2995,12.002,0,0,0,0,0,0,0,0,130.686,0,0,0,0,0,2371,29,98.7917,0,12625,141.587
b2_dynamic_t0000_r03,b2_dynamic_phase_mismatch,52,38.7725,156000,52,17,4055.73,17285.6,17285.6,20,13.282,18092.2,18092.2,711,4173.28,17281.1,18395.9,298,759.358,17426.9,30028,14.047,459.721,1825,45.4,144.649,218.249,137,115.51,216.379,308.99,3008,3008,13.0021,0,0,0,0,0,0,0,0,130.686,0,0,0,0,0,2139,26,98.7991,0,12761,142.099
b2_dynamic_t0000_r03,b2_dynamic_phase_mismatch,53,39.7498,159000,53,10,3967.94,17558.2,17558.2,28,4225.8,17590.3,30655.7,739,3964.88,17578.4,17806.9,285,3757.75,17841.4,30841.2,11.6807,630.546,1787,43.966,158.799,260.183,145,107.482,238.134,339.805,2994,2994,13.0021,0,0,0,0,0,0,0,0,130.686,0,0,0,0,0,2013,24,98.8218,0,12907,142.6
b2_dynamic_t0000_r03,b2_dynamic_phase_mismatch,54,40.7945,162000,54,16,25.563,32547.4,32547.4,28,4261.55,18063.7,30740.1,715,4197.84,17886.4,30755.5,298,4288.05,18159.4,32054.5,11.2181,726.141,1797,41.448,170.298,284.882,145,107.896,243.88,359.786,2999,2999,14.0021,0,0,0,0,0,0,0,0,130.686,0,0,0,0,0,2125,12,99.4385,0,13052,143.105
b2_dynamic_t0000_r03,b2_dynamic_phase_mismatch,55,41.7582,165000,55,11,20.398,17876.6,17876.6,38,4342.42,18114.9,21137.8,678,3653.96,18134.3,32290.7,310,4360.56,18298.6,20243,12.8194,583.323,1805,47.59,164.454,272.874,156,119.676,272.836,389.2,2998,2998,14.0021,0,0,0,0,0,0,0,0,130.686,0,0,0,0,0,2195,32,98.5631,0,13208,143.611
b2_dynamic_t0000_r03,b2_dynamic_phase_mismatch,56,42.8836,168000,56,7,37.706,16755.8,16755.8,41,32.564,18675.7,29779.6,756,4372.83,18834.1,28947.9,297,4593.68,18856.4,26483.8,12.4074,682.496,1746,44.792,159.279,258.716,168,114.314,274.984,440.958,3015,3015,15.0021,0,0,0,0,0,0,0,0,130.686,0,0,0,0,0,2119,30,98.604,0,13375,144.106
b2_dynamic_t0000_r03,b2_dynamic_phase_mismatch,57,44.0309,171000,57,11,15174.4,32778.2,32778.2,25,10978.1,27792.2,29123.1,694,4499.42,23435.7,32912.3,311,4785.38,25813.3,33401.6,11.8585,762.849,1772,45.941,144.242,258.663,170,114.362,229.304,378.226,2983,2983,15.0021,0,0,0,0,0,0,0,0,130.686,0,0,0,0,0,2230,30,98.6726,0,13546,144.601
b2_dynamic_t0000_r03,b2_dynamic_phase_mismatch,58,45.1063,174000,58,15,4740.64,19137.6,19137.6,19,4559.01,19219.8,19219.8,688,4556.86,19172.3,32975.6,296,4801.32,19439.1,20069.6,12,709.223,1831,41.896,137.041,235.002,151,107.549,199.212,7019.95,3000,3000,16.0021,0,0,0,0,0,0,0,0,130.686,0,0,0,0,0,2150,31,98.5786,0,13697,145.115
b2_dynamic_t0000_r03,b2_dynamic_phase_mismatch,59,46.2648,177000,59,9,35.718,19908.2,19908.2,21,4659.15,19398.8,19516.8,699,4768.79,19674.2,34341.4,303,4851.47,19895.7,34896.6,11.8086,746.383,1804,42.418,136.084,227.572,164,103.558,202.708,280.51,3000,3000,16.0021,0,0,0,0,0,0,0,0,130.686,0,0,0,0,0,2188,35,98.4256,0,13861,145.628
b2_dynamic_t0000_r03,b2_dynamic_phase_mismatch,60,47.3541,180000,60,10,2431.36,35252.5,35252.5,26,30.049,19697.8,20139.2,716,4637.24,20020.1,33905.8,287,4793.23,20078,35390.7,11.8815,725.005,1828,46.334,152.101,224.091,143,111.165,204.597,250.408,3010,3010,17.0021,0,0,0,0,0,0,0,0,130.686,0,0,0,0,0,2049,23,98.89,0,14002,146.136
b2_dynamic_t0000_r03,b2_dynamic_phase_mismatch,61,48.4875,183000,61,14,3795.76,20850.3,20850.3,23,4744.23,20266.4,20807.7,709,4836.54,20480.7,34371.2,300,4884.32,21685.6,34889.8,10.7033,811.55,1798,49.19,134.823,224.827,151,106.071,197.534,243.794,2995,2995,17.0021,0,0,0,0,0,0,0,0,130.686,0,0,0,0,0,2229,38,98.3238,0,14155,146.641
b2_dynamic_t0000_r03,b2_dynamic_phase_mismatch,62,49.6204,186000,62,5,18.422,20373.7,20373.7,23,15920.5,20682.8,23516.3,678,4939.76,20615.8,21448.3,294,5172.66,20738.4,22431.2,11.9082,760.742,1851,44.854,127.822,228.878,144,106.515,186.589,257.977,2995,2995,18.0021,0,0,0,0,0,0,0,0,130.686,0,0,0,0,0,2103,28,98.6861,0,14299,147.16
b2_dynamic_t0000_r03,b2_dynamic_phase_mismatch,63,50.6071,189000,63,6,227.765,6976.35,6976.35,26,58.05,20872,20885.9,694,4756.6,20883.4,29986.1,333,2553.19,21043.9,30192.5,11.8438,605.055,1807,44.005,134.709,232.602,141,104.046,269.91,319.86,3007,3007,18.0021,0,0,0,0,0,0,0,0,130.686,0,0,0,0,0,2369,45,98.1359,0,14438,147.668
b2_dynamic_t0000_r03,b2_dynamic_phase_mismatch,64,51.8773,192000,64,9,9.556,15491.7,15491.7,25,4959.62,21332.8,21357.7,770,5148.05,21264.6,22530.7,293,5184.84,21430.6,22526.6,13.2287,669.92,1737,48.709,141.286,247.834,162,110.914,249.655,302.025,2996,2996,19.0021,0,0,0,0,0,0,0,0,130.686,0,0,0,0,0,2117,25,98.8329,0,14601,148.156
b2_dynamic_t0000_r03,b2_dynamic_phase_mismatch,65,52.9816,195000,65,7,3056.58,20849.5,20849.5,16,5121.9,21606.3,21606.3,744,5041.57,21529.7,21649.1,295,4892.09,21701.9,21865.2,13.7017,519.369,1803,40.196,133.081,242.715,151,100.552,240.217,274.605,3016,3016,19.0021,0,0,0,0,0,0,0,0,130.686,0,0,0,0,0,2109,24,98.8748,0,14753,148.668
b2_dynamic_t0000_r03,b2_dynamic_phase_mismatch,66,54.1567,198000,66,11,706.624,21665.9,21665.9,16,26.977,29977.3,29977.3,689,5137.12,21919.4,27546.3,300,5269.69,22005.2,22194.1,12.53,735.125,1817,39.024,128.45,224.769,155,97.679,211.485,315.246,2988,2988,20.0021,0,0,0,0,0,0,0,0,130.686,0,0,0,0,0,2153,21,99.034,0,14908,149.176
b2_dynamic_t0000_r03,b2_dynamic_phase_mismatch,67,55.3965,201000,67,18,14.319,22073,22073,50,17.241,19394.5,22325.6,1118,15.995,22282.6,38815.8,454,193.443,22443,39002.2,10.8833,559.881,1232,47.016,128.274,269.655,135,100.635,259.488,274.272,3007,3007,20.0021,0,0,0,0,0,0,0,0,130.686,0,0,0,0,0,3244,31,99.0534,0,15041,149.523
b2_dynamic_t0000_r03,b2_dynamic_phase_mismatch,68,56.7489,204000,68,22,14.223,9071.18,22636.1,54,16.246,22572.8,23727,1854,12.303,22635.5,22918.8,769,171.395,22910.9,23798.4,11.2289,380.192,145,61.357,206.41,316.456,144,124.398,247.532,362.587,2988,2988,20.0021,0,0,0,0,0,0,0,0,130.686,0,0,0,0,0,5762,68,98.8336,0,15186,149.571
b2_dynamic_t0000_r03,b2_dynamic_phase_mismatch,69,58.4245,207000,69,25,23.37,23033,23193,63,22.492,22854.5,23358.3,1899,12.167,23056.8,23404.6,687,182.043,23212.2,23989.6,10.5852,512.403,155,57.536,159.999,4024.86,176,109.219,421.311,4248.13,3005,3005,20.0021,0,0,0,0,0,0,0,0,130.686,0,0,0,0,0,5201,48,99.0855,0,15361,149.623
b2_dynamic_t0000_r03,b2_dynamic_phase_mismatch,70,60.0125,210000,70,25,21.704,23492.7,23789.6,67,25.763,23253.4,23574.6,1901,10.294,23357.9,23647.3,727,161.063,23499.3,23873.3,10.6685,468.952,140,54.671,122.741,184.962,150,117.253,250.631,342.758,3010,3010,20.0021,0,0,0,0,0,0,0,0,130.686,0,0,0,0,0,5482,48,99.132,0,15511,149.67
b2_dynamic_t0000_r03,b2_dynamic_phase_mismatch,71,61.6942,213000,71,20,13.857,23962.8,23962.8,74,18.622,23713.7,24048.2,1885,10.551,23812.7,27263.1,707,156.802,24054.9,35403.2,10.9717,491.958,136,55.672,200.791,252.801,169,120.424,243.947,302.82,2991,2991,20.0021,0,0,0,0,0,0,0,0,130.686,0,0,0,0,0,5456,41,99.2541,0,15681,149.717
b2_dynamic_t0000_r03,b2_dynamic_phase_mismatch,72,63.3267,216000,72,27,11.695,23802.2,24135,67,23.511,24197,24531.8,1838,11.797,24184.7,24572.1,739,169.841,24356.9,24730.9,10.23,508.303,171,55.757,141.285,187.958,149,115.641,235.234,408.38,2991,2991,21.0021,0,0,0,0,0,0,0,0,130.686,0,0,0,0,0,5878,51,99.1398,0,15831,149.772
b2_dynamic_t0000_r03,b2_dynamic_phase_mismatch,73,65.5492,219000,73,29,14.433,24668.3,27049.5,69,55.47,24902.1,38453.3,1862,16.99,24837,37871.8,727,299.901,25181.5,40914.4,9.18294,742.05,156,67.864,230.921,281.021,164,131.665,254.138,403.831,3007,3007,21.0021,0,0,0,0,0,0,0,0,130.686,0,0,0,0,0,5792,26,99.5531,0,15994,149.824
b2_dynamic_t0000_r03,b2_dynamic_phase_mismatch,74,67.4063,222000,74,18,15.102,24948.2,24948.2,72,31.879,24814.2,30476.8,1887,12.511,25091.8,38218.3,727,242.824,25532.1,38809.9,8.41953,805.72,148,65.36,185.454,249.721,150,123.709,231.38,354.462,3002,3002,21.0021,0,0,0,0,0,0,0,0,130.686,0,0,0,0,0,5799,30,99.4853,0,16144,149.873
b2_dynamic_t0000_r03,b2_dynamic_phase_mismatch,75,69.0817,225000,75,21,23.251,25212.5,25407.2,88,15.419,23833,29252.8,1822,11.803,25337.8,36353.9,762,208.815,25569.8,36539.9,10.1549,506.283,172,55.417,196.948,337.582,130,111.181,291.631,463.003,2995,2995,21.0021,0,0,0,0,0,0,0,0,130.686,0,0,0,0,0,6307,39,99.3854,0,16275,149.928
b2_dynamic_t0000_r03,b2_dynamic_phase_mismatch,76,70.5661,228000,76,26,12.683,25201.2,25365.6,74,19.833,25788,30304.5,1874,11.701,25431.5,34222.9,750,176.739,25571.5,26178.3,9.73067,442.608,156,60.181,148.337,7291.27,121,119.521,333.724,7409.81,3001,3001,21.0021,0,0,0,0,0,0,0,0,130.686,0,0,0,0,0,6078,34,99.4437,0,16395,149.978
b2_dynamic_t0000_r03,b2_dynamic_phase_mismatch,77,72.1702,231000,77,27,12.489,25870.3,29066.1,70,19.037,25710.7,25937.5,1859,11.164,25883.5,26160.1,765,178.496,26089.2,26285.2,9.31242,527.229,139,54.163,276.733,311.592,143,119.834,275.36,342.299,3003,3003,21.0021,0,0,0,0,0,0,0,0,130.686,0,0,0,0,0,6285,28,99.5565,0,16538,150.024
b2_dynamic_t0000_r03,b2_dynamic_phase_mismatch,78,73.6356,234000,78,30,9.889,17510.8,30279,74,14.7,26022.7,29066,1841,11.013,26051.1,26653.3,756,165.685,26205.4,26722,8.71693,476.474,139,57.615,178.371,252.412,152,120.17,332.736,429.159,2992,2992,21.0021,0,0,0,0,0,0,0,0,130.686,0,0,0,0,0,6433,29,99.5512,0,16691,150.07
b2_dynamic_t0000_r03,b2_dynamic_phase_mismatch,79,75.7051,237000,79,21,15.358,26683,29727.6,65,15.228,26601.8,26935.2,1853,13.824,26688.4,28886.7,756,195.53,26915.4,29724,8.94577,670.666,141,65.161,213.701,1041.09,172,113.395,298.821,380.285,3008,3008,21.0021,0,0,0,0,0,0,0,0,130.686,0,0,0,0,0,6746,31,99.5426,0,16861,150.118
b2_dynamic_t0000_r03,b2_dynamic_phase_mismatch,80,77.3409,240000,80,38,13.594,27297.3,27638.7,67,15.098,26990.9,27614,1818,11.751,27109.5,27646.6,762,198.796,27326.9,27823.3,6.9357,763.651,160,58.629,155.839,259.605,147,115.554,237.892,393.077,2992,2992,21.0021,0,0,0,0,0,0,0,0,130.686,0,0,0,0,0,6612,16,99.7586,0,17010,150.171
b2_dynamic_t0000_r03,b2_dynamic_phase_mismatch,81,79.2825,243000,81,22,18.661,27583.3,38567.8,67,36.606,27314.5,32940.4,1845,12.26,27559.1,29563.9,744,195.008,27634.3,28531.5,7.64382,758.658,146,53.279,160.045,240.206,176,108.275,251.967,384.663,3000,3000,21.0021,0,0,0,0,0,0,0,0,130.686,0,0,0,0,0,6538,26,99.6039,0,17186,150.221
b2_dynamic_t0000_r03,b2_dynamic_phase_mismatch,82,81.0186,246000,82,23,16.659,22898.1,27721.7,67,16.805,28340.4,48681,1822,10.827,28390.4,41969.5,786,177.411,28811.2,45653.1,8.13359,702.445,150,55.786,222.716,7144.29,153,114.361,428.768,7097.23,3001,3001,21.0021,0,0,0,0,0,0,0,0,130.686,0,0,0,0,0,6948,28,99.5986,0,17339,150.27
b2_dynamic_t0000_r03,b2_dynamic_phase_mismatch,83,82.8435,249000,83,25,15.07,28908.9,29174.7,66,18.439,28408.8,43268.3,1856,11.514,28676.5,29504.3,758,201.379,28937.2,35491.1,7.33773,848.233,157,56.929,173.703,198.143,139,119.59,254.487,311.552,3001,3001,21.0021,0,0,0,0,0,0,0,0,130.686,0,0,0,0,0,6746,26,99.6161,0,17478,150.321
b2_dynamic_t0000_r03,b2_dynamic_phase_mismatch,84,84.6532,252000,84,22,18.874,29113.3,29181.9,55,22.61,28810.5,29076.3,1912,11.564,28997.1,29790.9,728,188.261,29139.8,29853.1,7.50962,678.336,149,60.815,128.62,179.524,137,115.922,221.169,284.853,3003,3003,21.0021,0,0,0,0,0,0,0,0,130.686,0,0,0,0,0,6756,25,99.6313,0,17614,150.37
b2_dynamic_t0000_r03,b2_dynamic_phase_mismatch,85,86.6852,255000,85,30,5927.47,29726.2,30285.5,52,30.722,29695,29978,1815,13.239,29544.9,30598.1,797,220.144,30023.4,37112.6,7.56211,899.887,143,64.99,189.145,302.081,165,122.054,250.307,332.041,3002,3002,21.0021,0,0,0,0,0,0,0,0,130.686,0,0,0,0,0,7442,30,99.5985,0,17778,150.418
b2_dynamic_t0000_r03,b2_dynamic_phase_mismatch,86,88.8131,258000,86,24,16.634,30266.3,30283.5,60,18.303,30143.7,32539.9,1837,12.024,30005.9,41697,801,190.497,30284.9,42340.8,6.25468,1078.71,123,58.373,141.256,233.752,149,121.567,241.212,280.866,2994,2994,21.0021,0,0,0,0,0,0,0,0,130.686,0,0,0,0,0,7684,41,99.4693,0,17929,150.461
b2_dynamic_t0000_r03,b2_dynamic_phase_mismatch,87,90.9432,261000,87,23,12.686,30905.3,49142.7,68,30.175,30375.5,32135.1,1845,12.293,30379.9,31290,747,210.698,30684.5,31535.4,6.94244,952.639,162,60.664,161.776,210.814,160,119.494,212.789,345.216,3005,3005,21.0021,0,0,0,0,0,0,0,0,130.686,0,0,0,0,0,7180,25,99.653,0,18089,150.514
b2_dynamic_t0000_r03,b2_dynamic_phase_mismatch,88,92.8511,264000,88,18,10.507,30729.5,30729.5,56,13.352,30769.9,31158.8,1848,10.755,30865.6,31877.8,762,184.946,31057.6,31876.3,6.46063,962.826,154,55.047,186.015,298.325,160,113.299,243.498,388.99,2998,2998,21.0021,0,0,0,0,0,0,0,0,130.686,0,0,0,0,0,7496,26,99.6543,0,18248,150.565
b2_dynamic_t0000_r03,b2_dynamic_phase_mismatch,89,94.9942,267000,89,33,12.663,31771.5,32058.3,65,16.036,30786,32048.8,1861,11.255,31512.5,32134,733,182.349,31693.7,32291.9,6.33424,1074.78,157,58.938,172.951,245.171,153,119.916,245.34,352.827,3002,3002,21.0021,0,0,0,0,0,0,0,0,130.686,0,0,0,0,0,7091,21,99.7047,0,18402,150.617
b2_dynamic_t0000_r03,b2_dynamic_phase_mismatch,90,96.8347,270000,90,28,11.751,32154.1,32344.9,59,20.814,31949.5,32102.6,1871,10.393,31782.7,32627.2,764,159.954,31761.4,32690.7,6.34948,792.516,136,50.526,166.197,208.346,141,120.437,284.004,373.342,2999,2999,21.0021,0,0,0,0,0,0,0,0,130.686,0,0,0,0,0,7641,29,99.6219,0,18543,150.662
b2_dynamic_t0000_r03,b2_dynamic_phase_mismatch,91,98.9201,273000,91,28,14.851,31555.3,31779.1,69,18.483,32223.4,33982.7,1878,11.552,31772.4,33297.2,743,197.72,31982.2,32814.9,6.18439,1036.82,142,50.455,194.849,224.071,144,116.32,200.065,256.654,3004,3004,22.0021,0,0,0,0,0,0,0,0,130.686,0,0,0,0,0,7475,24,99.68,0,18686,150.709
b2_dynamic_t0000_r03,b2_dynamic_phase_mismatch,92,100.924,276000,92,27,255.999,32629.1,32912.9,63,20.57,27650.2,32192.8,1872,11.041,32230.4,33099.7,750,176.804,32347.9,33395.2,5.26267,1113.35,134,54.304,117.442,190.645,147,113.56,216.533,333.54,2993,2993,22.0021,0,0,0,0,0,0,0,0,130.686,0,0,0,0,0,7521,18,99.7612,0,18834,150.754
b2_dynamic_t0000_r03,b2_dynamic_phase_mismatch,93,103.016,279000,93,22,18.978,30312.3,33417.5,73,29.559,33509,40898.4,1849,10.069,32644.3,33943.4,766,179.215,32952.2,34112.9,5.9752,1051.79,146,56.655,158.199,289.738,141,118.619,242.961,302.148,2997,2997,22.0021,0,0,0,0,0,0,0,0,130.686,0,0,0,0,0,7874,33,99.5826,0,18975,150.802
b2_dynamic_t0000_r03,b2_dynamic_phase_mismatch,94,105.001,282000,94,26,10.023,33608.3,33671.3,76,28.584,33500.6,33770.7,1874,10.255,33064.1,34279.6,751,177.87,33503.5,39583,5.39015,1124.65,153,53.71,161.028,259.069,126,122.426,234.977,271.316,3006,3006,22.0021,0,0,0,0,0,0,0,0,130.686,0,0,0,0,0,7671,21,99.727,0,19100,150.852
b2_dynamic_t0000_r03,b2_dynamic_phase_mismatch,95,107.03,285000,95,33,10.589,33309.8,33397.5,75,21.112,33168.7,33382.7,1846,10.054,33376.9,34063.5,748,173.814,33528.3,34964,5.59091,1072.75,148,38.307,121.318,191.122,148,112.558,279.01,314.901,2998,2998,22.0021,0,0,0,0,0,0,0,0,130.686,0,0,0,0,0,7658,15,99.8045,0,19249,150.901
b2_dynamic_t0000_r03,b2_dynamic_phase_mismatch,96,109.287,288000,96,27,13.126,34024.1,34601.1,80,23.385,33992.8,41527.4,1841,10.615,33862,35440.7,748,190.399,34098.7,35601.9,5.63369,1241.71,167,55.313,135.541,189.496,140,121.96,226.968,259.643,3003,3003,22.0021,0,0,0,0,0,0,0,0,130.686,0,0,0,0,0,7884,15,99.8101,0,19389,150.955
b2_dynamic_t0000_r03,b2_dynamic_phase_mismatch,97,111.56,291000,97,26,16.131,19818,33856.9,60,17.147,34293.4,34813.9,1869,10.701,34131.9,34803.8,734,195.508,34393.6,35089.1,4.67575,1609.34,156,54.525,176.515,284.116,158,109.399,191.197,258.792,3003,3003,22.0021,0,0,0,0,0,0,0,0,130.686,0,0,0,0,0,7733,18,99.7678,0,19545,151.006
b2_dynamic_t0000_r03,b2_dynamic_phase_mismatch,98,113.809,294000,98,29,16.915,34721.2,34727.8,56,17.096,34781.2,35574.9,1863,11.09,34695.6,36887.1,740,189.645,34834.5,35379.1,4.86351,1437.46,164,58.957,182.902,225.32,139,114.164,225.367,268.961,2991,2991,22.0021,0,0,0,0,0,0,0,0,130.686,0,0,0,0,0,8045,20,99.752,0,19686,151.059
b2_dynamic_t0000_r03,b2_dynamic_phase_mismatch,99,116.212,297000,99,28,12.079,31023.8,34837.3,57,33.554,34700.8,34955.6,1836,10.656,34980.1,35241.2,769,192.147,35195.9,35524.4,5.20676,1437.61,160,56.666,176.26,227.94,149,119.132,258.455,292.834,2999,2999,22.0021,0,0,0,0,0,0,0,0,130.686,0,0,0,0,0,8281,23,99.723,0,19835,151.112
b2_dynamic_t0000_r03,b2_dynamic_phase_mismatch,100,118.52,300000,100,21,12.583,20645.5,35469.7,57,14.479,27498.9,35695.5,1865,10.628,35331.9,36036.5,750,199.217,35546,35927.7,4.52933,1584.57,142,53.928,143.269,197.001,165,114.293,199.583,293.843,3000,3000,22.0021,0,0,0,0,0,0,0,0,130.686,0,0,0,0,0,8159,20,99.7555,0,20000,151.16
b2_dynamic_t0064_r01,b2_dynamic_phase_mismatch,1,0.0270264,3000,1,30,19.209,40.044,51.545,62,18.865,43.958,53.35,1720,18.98,42.254,56.072,753,135.479,175.474,316.344,96.834,1.44551,127,17.033,121.304,308.092,315,39.013,121.797,295.117,3007,3007,1.00196,0,0,0,0,0,130.726,0,1,130.726,4,1.68599,1,0.0449009,0,2644,7122,27.0735,0,315,132.645
b2_dynamic_t0064_r01,b2_dynamic_phase_mismatch,2,0.0467355,6000,2,35,17.367,32.557,42.921,63,16.941,34.01,43.229,1694,17.481,35.941,45.749,754,119.09,173.617,212.106,92.6233,1.27052,153,16.532,216.935,339.601,304,44.661,136.295,315.751,3003,3003,1.00196,1,0,0,0,0,130.769,1,1,130.769,5,2.93235,4.03843,0.0485325,0,6598,5764,53.3732,504,617,136.964
b2_dynamic_t0064_r01,b2_dynamic_phase_mismatch,3,0.0648877,9000,3,28,16.731,36.917,49.386,69,15.819,31.736,41.685,1732,16.042,36.238,47.379,738,105.007,159.321,182.313,84.8374,1.24068,144,29.903,186.951,321.763,291,46.716,188.135,334.455,3002,3002,1.00196,2,0,0,0,0,130.816,2,1,130.816,5,2.25405,4.04623,0.0518274,0,8316,4364,65.5836,292,909,140.834
b2_dynamic_t0064_r01,b2_dynamic_phase_mismatch,4,0.0908882,12000,4,33,13.628,31.189,34.829,49,14.667,35.113,50.709,1716,12.797,35.664,51.274,773,93.981,154.501,186.329,79.6106,1.20373,137,33.078,1018.26,2150.4,282,54.913,1321.58,2282,2990,2990,1.00196,1,0,0,0,0,130.867,1,1,130.867,4,3.4493,7.18304,0.0777321,9554,9502,3936,70.7099,580,1192,147.36
b2_dynamic_t0064_r01,b2_dynamic_phase_mismatch,5,0.137521,15000,5,21,11.199,44.791,61.877,58,15.09,38.043,63.447,1720,11.741,41.56,55.684,753,92.478,157.615,201.424,76.0691,1.27322,139,62.181,2185.93,2260.18,322,83.114,2411.88,4556.79,3013,3013,1.00196,1,0,0,0,0,130.922,1,1,130.922,5,5.51567,13.0918,0.0490217,29742,10359,3646,73.9664,502,1510,160.594
b2_dynamic_t0064_r01,b2_dynamic_phase_mismatch,6,0.427427,18000,6,22,26.661,50.656,89.635,69,24.715,86.965,124.416,1670,21.151,77.077,130.015,758,163.712,338.683,400.049,70.4644,2.48705,159,480.159,16181.3,20756.9,327,2136.17,18557.9,23811.8,3005,3005,1.00196,1,0,0,0,0,130.97,1,1,130.97,5,29.2735,80.9206,0.0599546,258165,22507,9228,70.9217,3826,1834,242.551
b2_dynamic_t0064_r01,b2_dynamic_phase_mismatch,7,0.545463,21000,7,23,30.307,70.911,79.48,49,41.078,84.204,92.181,1737,28.526,87.534,120.472,764,219.505,443.462,541.027,66.9149,3.54446,136,51.365,20338.9,30358.2,280,116.262,9947.88,26843.8,2989,2989,1.00196,0,0,0,0,0,0.34099,0,1,129.407,4,7.16167,19.3283,0.0652819,78744,9194,5504,62.5527,652,2120,129.691
b2_dynamic_t0064_r01,b2_dynamic_phase_mismatch,8,0.588956,24000,8,19,19.985,94.955,94.955,72,38.435,71.331,97.424,1736,26.949,87.316,113.282,724,237.226,407.672,443.47,64.0856,3.72945,154,45.783,594.342,4446.72,298,98.22,472.024,4427.31,3003,3003,1.00196,1,0,0,0,0,0.379591,1,1,129.445,5,2.45706,1.30426,0.0649662,5332,5712,4743,54.6341,3921,2417,0
b2_dynamic_t0064_r01,b2_dynamic_phase_mismatch,9,0.654265,27000,9,23,26.27,73.047,86.308,58,27.943,98.193,145.537,1720,23.742,78.904,110.69,740,194.175,362.627,449.516,61.2527,3.30363,148,67.342,3601.64,7227.63,314,120.262,4320.23,7694.72,3003,3003,1.00196,1,0,0,0,0,0.43195,1,1,129.498,5,5.65321,5.09453,0.0492697,30901,7238,4859,59.833,10874,2729,136.961
b2_dynamic_t0064_r01,b2_dynamic_phase_mismatch,10,0.723959,30000,10,24,24.192,76.942,78.45,59,31.662,98.846,154.118,1728,26.19,82.926,108.724,715,184.798,319.542,395.857,55.7161,3.33901,161,79.01,6476.66,9184.12,312,107.34,5686.12,9520.26,2999,2999,1.00196,1,0,0,0,0,0.48412,1,1,129.55,5,9.28383,10.1898,0.0626764,35195,9160,4697,66.1038,18198,3041,147.247
b2_dynamic_t0064_r01,b2_dynamic_phase_mismatch,11,0.821963,33000,11,18,29.909,176.959,176.959,62,28.735,96.081,163.72,1679,23.778,88.096,126.13,753,193.096,384.821,461.772,53.425,3.70004,167,111.075,9069.05,10938.6,315,161.604,8525.28,9871.78,2994,2994,1.00196,1,0,0,0,0,0.54782,1,1,129.614,5,13.1758,17.0528,0.0685005,60519,10958,5375,67.0912,30099,3358,163.389
b2_dynamic_t0064_r01,b2_dynamic_phase_mismatch,12,1.16948,36000,12,23,15.126,48.726,117.09,73,30.008,80.459,158.296,1691,23.738,78.716,120.586,757,179.495,347.15,439.216,54.5376,3.4587,151,265.367,22647.2,26254.6,303,255.267,22739.6,45009.3,2998,2998,1.00196,0,0,0,0,0,0.271693,0,2,85.9373,4,43.8652,52.7143,0.066143,313333,17952,12983,58.0314,103018,3662,151.445
b2_dynamic_t0064_r01,b2_dynamic_phase_mismatch,13,1.22086,39000,13,29,14.388,42.985,52.781,65,22.103,76.165,99.228,1739,19.415,69.842,100.675,734,144.304,322.416,361.493,46.8025,3.5114,143,63.24,719.976,11669.4,292,119.127,838.544,9679.27,3002,3002,1.00196,1,0,0,0,0,0.318536,1,1,85.9841,5,4.31961,3.04684,0.0517187,20162,5259,4634,53.1588,5207,3953,89.5202
b2_dynamic_t0064_r01,b2_dynamic_phase_mismatch,14,1.62511,42000,14,25,20.664,68.376,71.98,57,38.213,101.451,124.706,1699,22.109,79.046,108.086,752,151.881,317.937,368.646,42.4814,3.95572,155,113.99,49640.7,80126.7,307,127.16,50255.9,68155.9,2995,2995,0.00195312,1,0,0,0,0,0.111671,1,2,63.8573,5,61.7657,60.7456,0.0655203,371866,10236,18988,35.026,78909,4260,64.4749
b2_dynamic_t0064_r01,b2_dynamic_phase_mismatch,15,1.72693,45000,15,20,17.025,80.395,80.395,56,36.567,85.338,119.344,1689,20.299,77.729,104.463,751,143.088,316.709,359.854,40.3715,3.95464,165,88.536,4666.6,23113.5,314,144.225,10112.2,23168.9,2995,2995,1.00196,0,0,0,0,0,0.171961,0,1,63.9176,4,10.3923,12.0468,0.0654774,68785,6572,5522,54.341,3207,4576,76.9192
b2_dynamic_t0064_r01,b2_dynamic_phase_mismatch,16,2.12355,48000,16,21,39.345,80.831,83.366,53,34.9,87.692,113.039,1713,23.867,84.199,128.285,747,160.224,334.95,427.091,40.1312,4.48452,152,116.045,41985.3,73661.2,320,182.922,47199.6,73884.6,3006,3006,1.00196,0,0,0,0,0,0.137372,0,1,57.4755,5,55.931,67.3381,0.0652313,359722,9741,17263,36.0724,29851,4896,80.0276
b2_dynamic_t0064_r01,b2_dynamic_phase_mismatch,17,2.26357,51000,17,15,18.219,69.691,69.691,59,40.727,137.876,220.362,1722,26.295,91.836,130.505,760,162.428,352.099,534.575,36.4066,5.12401,150,107.099,34644.2,43965.3,301,167.891,742.13,50212.4,3007,3007,1.00196,1,0,0,0,0,0.0826149,1,1,51.9215,5,27.1067,29.8842,0.0499077,101029,6341,9457,40.138,13011,5194,52.5285
b2_dynamic_t0064_r01,b2_dynamic_phase_mismatch,18,2.30851,54000,18,21,26.029,82.043,121.258,58,41.096,76.303,95.569,1707,24.886,84.254,112.83,754,154.164,312.922,391.826,33.7361,5.06603,146,105.146,453.682,756.114,309,156.403,532.034,8586.18,2995,2995,1.00196,1,0,0,0,0,0.137199,1,1,51.9761,5,3.84799,4.04421,0.05898,8523,5055,3533,58.8612,1100,5504,57.6617
b2_dynamic_t0064_r01,b2_dynamic_phase_mismatch,19,2.50198,57000,19,31,16.699,50.593,79.016,48,30.945,68.455,97.007,1756,20.814,79.549,112.169,726,153.323,305.441,337.355,31.9421,5.23972,147,115.838,21643.6,28257.5,284,194.761,21986,28190.7,2992,2992,1.00196,0,0,0,0,0,0.198372,0,1,52.0372,4,26.0541,35.0487,0.0661774,157422,9298,8568,52.043,13772,5790,92.7779
b2_dynamic_t0064_r01,b2_dynamic_phase_mismatch,20,2.68747,60000,20,25,18.701,86.389,425.259,64,40.209,95.368,121.757,1732,19.915,81.347,116.635,752,147.581,304.513,353.542,29.8537,5.59014,152,111.385,23478.4,26951.1,289,162.918,23526.7,27101.2,3014,3014,1.00196,0,0,0,0,0,0.179514,0,1,47.5264,5,18.5923,22.3948,0.0690365,152024,6487,7159,47.5377,10230,6076,62.6987
b2_dynamic_t0064_r01,b2_dynamic_phase_mismatch,21,2.83919,63000,21,25,41.583,81.985,92.834,89,37.518,99.837,123.163,1688,22.284,80.989,105.259,733,140.083,301.151,382.918,27.8554,5.90877,146,120.174,14456.6,24247.1,319,177.452,19978.1,31180.6,3000,3000,1.00196,1,0,0,0,0,0.0985718,1,1,41.2963,5,23.1758,28.1977,0.0511618,112349,6997,7977,46.7277,16241,6396,42.9983
b2_dynamic_t0064_r01,b2_dynamic_phase_mismatch,22,2.87703,66000,22,27,33.122,85.864,100.624,53,32.286,86.586,98.893,1745,18.952,73.208,102.567,755,138.429,286.008,334.801,26.7311,5.8177,131,102.793,576.035,687.789,285,149.859,744.007,4576.36,2996,2996,1.00196,1,0,0,0,0,0.139132,1,1,41.3369,4,7.97634,9.04377,0.045949,4291,5792,4069,58.7364,3545,6679,52.12
b2_dynamic_t0064_r01,b2_dynamic_phase_mismatch,23,3.01476,69000,23,16,20.092,90.46,90.46,68,41.209,95.123,130.228,1765,18.45,75.444,105.857,717,143.937,295.06,355.022,26,6.17349,148,115.035,19424.6,29269.2,288,167.423,15499.6,29162.6,3002,3002,1.00196,0,0,0,0,0,0.119154,0,1,37.5547,4,21.197,28.4355,0.0656567,102175,7240,7387,49.4975,11067,6969,39.3109
b2_dynamic_t0064_r01,b2_dynamic_phase_mismatch,24,3.24419,72000,24,19,16.248,50.783,50.783,58,36.48,102.036,137.308,1727,19.186,82.64,115.078,744,144.105,305.997,376.174,24.6344,6.7656,156,154.104,23647.5,25898.5,306,210.278,17471.2,25631.8,3010,3010,1.00196,0,0,0,0,0,0.0855055,0,1,33.7283,5,27.7281,32.6917,0.0662737,192608,8046,8878,47.542,14316,7272,34.5159
b2_dynamic_t0064_r01,b2_dynamic_phase_mismatch,25,3.2878,75000,25,25,15.103,48.497,77.922,59,36.669,110.626,123.49,1713,20.995,85.719,115.349,745,147.6,306.728,453.537,22.4644,7.33074,145,137.795,772.716,2673.01,305,186.857,757.65,5199.07,2992,2992,1.00196,1,0,0,0,0,0.133821,1,1,33.7766,5,7.46482,8.04832,0.052496,5342,4691,3819,55.1234,2974,7579,42.6522
b2_dynamic_t0064_r01,b2_dynamic_phase_mismatch,26,3.33106,78000,26,26,19.919,54.126,89.872,64,26.152,79.112,148.488,1686,20.519,79.08,106.711,780,135.029,287.124,357.072,22.2577,6.80461,169,93.748,631.882,8009.89,279,150.841,554.824,8874.44,3004,3004,1.00196,0,0,0,0,0,0.197436,1,1,33.8402,4,6.13351,8.05012,0.0682726,9607,6770,2994,69.3363,2599,7859,51.4335
b2_dynamic_t0064_r01,b2_dynamic_phase_mismatch,27,3.46352,81000,27,24,22.054,83.018,165.396,64,33.573,119.732,167.402,1702,18.948,96.234,144.284,746,158.277,382.269,4854.07,21.2627,12.2619,162,102.142,12283,16442.5,293,152.064,11183.4,16397,2991,2991,1.00196,1,0,0,0,0,0.166814,1,1,31.1581,5,12.7627,17.9913,0.0555754,88383,6908,5012,57.953,6437,8153,35.0456
b2_dynamic_t0064_r01,b2_dynamic_phase_mismatch,28,3.55035,84000,28,24,22.812,83.127,106.138,55,27.452,75.172,118.345,1693,17.663,75.229,106.035,757,133.875,325.568,401.607,20.3184,7.53022,152,167.129,7844.4,9686.82,321,184.923,8090.15,9052.2,3002,3002,1.00196,1,0,0,0,0,0.22343,1,1,31.2147,5,13.0046,16.0961,0.0669298,52218,7139,4723,60.1838,8310,8471,52.1362
b2_dynamic_t0064_r01,b2_dynamic_phase_mismatch,29,3.62492,87000,29,19,16.224,101.275,101.275,66,39.551,95.676,131.379,1725,17.985,76.151,114.786,745,141.053,314.704,361.962,18.5168,8.62913,159,115.501,13310.9,14865.1,287,169.668,5403.82,13915.4,3001,3001,1.00196,1,0,0,0,0,0.149347,1,1,27.2859,4,6.06968,8.13655,0.066,39458,6054,3040,66.5714,5562,8760,29.2361
b2_dynamic_t0064_r01,b2_dynamic_phase_mismatch,30,3.74224,90000,30,22,27.066,74.142,114.071,60,29.265,93.996,109.543,1702,18.215,78.316,116.358,775,141.089,305.341,375.636,17.5923,9.08235,147,141.273,8515.51,11037.6,282,196.334,10224.2,12369.8,2988,2988,1.00196,0,0,0,0,0,0.208016,0,1,27.3446,4,11.8567,14.0499,0.0519457,82123,7215,4427,61.9739,8403,9044,43.355
b2_dynamic_t0064_r01,b2_dynamic_phase_mismatch,31,3.83342,93000,31,25,16.933,91.496,124.69,54,36.167,92.295,123.175,1699,17.021,75.501,112.52,776,129.546,294.592,376.125,15.6005,9.52642,161,119.61,9076.3,11744.9,297,190.265,12026.2,16919.7,3012,3012,1.00196,1,0,0,0,0,0.133118,1,1,23.7941,5,10.0768,12.661,0.0709724,56580,5840,4104,58.7289,5552,9338,0
b2_dynamic_t0064_r01,b2_dynamic_phase_mismatch,32,3.91246,96000,32,16,17.915,61.486,61.486,57,29.864,104.083,139.091,1794,16.919,75.795,116.567,710,118.176,267.195,336.147,15.0042,8.99576,154,134.3,6294.97,9897.74,266,187.633,9211.26,9987.02,2997,2997,1.00196,0,0,0,0,0,0.193609,0,1,23.8546,4,11.4273,16.102,0.0577946,48056,6929,3885,64.0743,5991,9606,43.9575
b2_dynamic_t0064_r01,b2_dynamic_phase_mismatch,33,3.9518,99000,33,25,28.351,84.148,129.654,50,17.666,60.214,65.391,1665,16.155,72.971,106.886,826,107.551,244.539,305.353,13.9794,8.51706,130,134.825,1143.82,4549.75,304,186.592,1543.84,4343.85,3000,3000,1.00196,1,0,0,0,0,0.148234,1,1,21.8279,5,2.34951,2.67971,0.0468149,7470,6167,1748,77.9154,1242,9910,23.8818
b2_dynamic_t0064_r01,b2_dynamic_phase_mismatch,34,4.10443,102000,34,18,20.683,71.344,71.344,34,17.591,59.744,120.442,1047,16.864,69.868,103.761,473,108.676,244.944,341.631,12.4588,9.63006,1251,55.197,3445.85,18530,195,121.169,651.745,16408.4,3018,3018,1.00196,1,0,0,0,0,0.0966959,1,1,18.801,3,18.0663,19.7043,0.083621,121389,3670,5467,40.1664,11267,10106,21.3264
b2_dynamic_t0064_r01,b2_dynamic_phase_mismatch,35,4.13166,105000,35,8,19.572,72.529,72.529,23,28.966,92.903,101.007,692,18.034,74.07,91.426,308,125.437,252.715,325.111,14.1591,9.71303,1802,44.449,155.159,251.476,151,101.327,244.989,329.02,2984,2984,1.00196,0,0,0,0,0,0.722783,0,1,19.4271,2,3.88082,4,0.626508,0,1920,1670,53.4819,562,10257,25.6274
b2_dynamic_t0064_r01,b2_dynamic_phase_mismatch,36,4.17952,108000,36,11,19.441,65.83,65.83,17,37.756,109.847,109.847,717,18.25,69.804,98.547,293,130.409,248.499,422.8,12.4505,11.5698,1822,46.97,160.636,3471.76,144,103.844,214.764,5887.18,3004,3004,1.00196,1,0,0,0,0,1.0763,1,1,19.7806,3,8.22451,10.7948,0.377194,19118,2670,2777,49.0178,2132,10399,37.9055
b2_dynamic_t0064_r01,b2_dynamic_phase_mismatch,37,4.21373,111000,37,8,44.47,113.314,113.314,23,53.35,121.914,173.908,764,19.161,79.939,115.37,290,136.182,248.712,327.584,12.3862,11.7727,1768,47.864,149.584,1835.38,142,98.657,209.958,1574.78,2995,2995,1.00196,1,0,0,0,0,1.39265,1,1,19.3355,2,2.30247,2.94285,0.413329,3212,2125,1016,67.6536,402,10543,20.737
b2_dynamic_t0064_r01,b2_dynamic_phase_mismatch,38,4.23854,114000,38,11,21.657,77.881,77.881,25,35.603,92.008,106.777,767,16.526,69.373,96.359,302,127.201,250.406,321.172,14.1987,9.81317,1752,43.238,119.858,218.129,149,92.092,197.691,387.706,3006,3006,1.00196,1,0,0,0,0,1.82419,1,1,19.767,2,5.43488,6,0.431824,0,1850,2152,46.2269,2088,10689,27.4339
b2_dynamic_t0064_r01,b2_dynamic_phase_mismatch,39,4.27405,117000,39,11,16.271,67.678,67.678,22,43.225,99.253,111.563,719,18.546,70.223,98.769,321,126.628,253.208,290.159,13.2305,10.3504,1780,36.854,140.087,464.995,150,91.351,227.661,393.035,3003,3003,1.00196,0,0,0,0,0,2.43896,0,1,20.3818,2,7.31407,8.83747,0.638735,10621,3154,2618,54.6431,3831,10841,37.3017
b2_dynamic_t0064_r01,b2_dynamic_phase_mismatch,40,4.29753,120000,40,10,45.933,95.251,95.251,26,31.953,84.151,87.625,713,17.716,64.274,79.2,303,122.414,238.016,335.081,13.6865,9.75025,1818,38.604,113.036,267.647,123,88.656,190.947,307.911,2993,2993,1.00196,1,0,0,0,0,0,1,0,38.0143,2,1.86514,3.42902,0.203593,0,2478,931,72.6899,534,10962,39.9002
b2_dynamic_t0064_r01,b2_dynamic_phase_mismatch,41,4.32151,123000,41,13,13.953,110.881,110.881,22,35.602,64.299,70.571,692,15.561,63.76,99.533,282,111.249,218.16,368.726,12.8227,9.75618,1814,39.098,128.694,339.487,170,86.722,215.628,328.299,2993,2993,1.00196,1,0,0,0,0,1.89368,1,1,19.3227,3,2.72158,2,0.838948,0,1475,1481,49.8985,1121,11132,23.8219
b2_dynamic_t0064_r01,b2_dynamic_phase_mismatch,42,4.35838,126000,42,11,12.713,70.268,70.268,18,37.825,77.489,77.489,708,14.513,55.507,86.103,279,111.991,206.944,292.86,14.0789,8.5486,1851,32.462,102.933,2795.72,142,73.059,184.867,5595.39,3009,3009,1.00196,0,0,0,0,0,2.5216,0,1,19.9506,2,4.79385,6.77373,0.453876,15950,2474,1854,57.1627,1575,11275,29.8566
b2_dynamic_t0064_r01,b2_dynamic_phase_mismatch,43,4.42198,129000,43,12,15.334,53.152,53.152,26,25.237,67.585,182.175,725,15.985,61.829,90.878,333,115.434,218.92,277.799,13.0631,9.52142,1765,35.266,185.831,6453.96,138,84.502,238.502,5702.61,2999,2999,1.00196,0,0,0,0,0,1.43198,0,1,18.8088,2,6.3613,9.37683,0.444692,39419,3301,2169,60.3473,2501,11412,22.2875
b2_dynamic_t0064_r01,b2_dynamic_phase_mismatch,44,4.45003,132000,44,14,16.478,62.309,62.309,30,25.622,85.995,96.447,694,19.207,77.72,112.648,302,138.077,249.095,306.293,12.7285,11.3492,1795,44.985,154.419,496.435,166,100.521,223.404,646.12,3001,3001,1.00196,1,0,0,0,0,1.81874,1,1,19.1956,3,3.82701,4,0.387042,0,1661,1774,48.3552,1448,11579,24.8395
b2_dynamic_t0064_r01,b2_dynamic_phase_mismatch,45,4.49389,135000,45,9,49.477,85.36,85.36,21,25.011,76.597,79.808,725,19.189,73.835,101.969,287,144.742,237.148,320.33,12.1951,12.2348,1798,45.343,197.308,3406.26,155,94.264,260.499,2354.44,2995,2995,1.00196,1,0,0,0,0,2.18417,1,1,19.561,2,6.99813,8.75219,0.388671,16035,2647,2423,52.2091,2807,11734,33.915
b2_dynamic_t0064_r01,b2_dynamic_phase_mismatch,46,4.53429,138000,46,14,21.275,80.028,80.028,15,36.64,167.258,167.258,714,20.674,76.025,120.394,305,142.882,276.884,340.213,11.7607,13.0845,1814,43.618,183.7,2556.23,146,99.159,234.54,3388.64,3008,3008,1.00196,1,0,0,0,0,1.3696,1,1,18.4854,3,3.6883,5.11577,0.617828,12826,2372,1471,61.7226,1344,11881,21.1632
b2_dynamic_t0064_r01,b2_dynamic_phase_mismatch,47,4.5604,141000,47,8,39.182,71.648,71.648,30,24.88,79.324,88.432,762,18.409,69.537,91.195,263,136.498,321.653,430.697,15.2129,9.93264,1801,43.75,144.544,232.108,139,104.442,232.147,328.286,3003,3003,1.00196,1,0,0,0,0,1.8282,1,1,18.944,2,4.08744,4,0.45888,0,1528,1759,46.4862,1698,12021,24.607
b2_dynamic_t0064_r01,b2_dynamic_phase_mismatch,48,4.60343,144000,48,13,20.807,114.958,114.958,27,29.314,109.305,125.388,712,19.219,71.563,111.297,294,136.917,275.597,457.81,13.5374,11.0293,1802,44.284,216.354,2352.12,152,94.311,455.7,2026.57,3000,3000,1.00196,1,0,0,0,0,2.20674,1,1,19.3225,2,6.87278,8.83714,0.403827,16036,2796,2397,53.8417,2967,12172,33.7765
b2_dynamic_t0064_r01,b2_dynamic_phase_mismatch,49,4.63961,147000,49,6,51.303,71.412,71.412,33,27.644,110.015,155.636,676,19.99,76.062,112.062,276,152.295,270.519,369.927,13.9855,10.9394,1847,40.342,164.759,2183.03,160,93.693,384.657,2438.21,2998,2998,1.00196,1,0,0,0,0,1.46404,1,1,18.1609,3,3.24081,4.69684,0.627318,9624,2313,1408,62.1607,1419,12332,38.1109
b2_dynamic_t0064_r01,b2_dynamic_phase_mismatch,50,4.66435,150000,50,16,16.498,53.838,53.838,16,20.099,94.32,94.32,722,17.146,65.435,86.039,290,126.13,216.097,298.432,11.4138,11.6604,1809,38.707,149.857,229.34,144,100.279,200.369,345.143,2997,2997,1.00196,1,0,0,0,0,1.80734,1,1,18.5042,2,4.24994,4,0.343584,0,1695,1824,48.1671,1543,12474,24.1237
b2_dynamic_t0064_r01,b2_dynamic_phase_mismatch,51,4.69564,153000,51,13,34.585,105.061,105.061,23,31.022,66.344,75.914,703,18.229,67.444,88.551,322,125.346,225.004,271.815,12.264,10.7577,1789,36.772,136.991,1214.48,149,88.694,333.774,2303.29,2999,2999,1.00196,0,0,0,0,0,2.43117,1,1,19.128,2,5.21606,6.78205,0.650565,7454,2604,1975,56.8683,2133,12625,31.3932
b2_dynamic_t0064_r01,b2_dynamic_phase_mismatch,52,4.72765,156000,52,17,27.531,75.917,75.917,20,40.043,81.361,81.361,708,16.913,65.116,87.899,300,121.999,239.946,290.34,14.2367,9.00772,1810,36.605,152.26,1173.86,135,88.419,197.33,1173.04,2990,2990,1.00196,0,0,0,0,0,2.89849,0,1,19.5953,2,4.12411,6,0.467599,9621,2802,1667,62.6986,1902,12761,37.8818
b2_dynamic_t0064_r01,b2_dynamic_phase_mismatch,53,4.76223,159000,53,10,22.972,100.612,100.612,28,29.991,69.763,80.412,741,16.199,69.017,89.832,285,110.673,225.429,306.078,11.6702,10.2262,1794,38.299,205.094,1243.56,147,92.979,1212.88,1348.23,3005,3005,1.00196,1,0,0,0,0,1.8573,1,1,18.3556,3,3.05624,2.49825,0.423134,11800,1563,1411,52.5555,1586,12907,22.4253
b2_dynamic_t0064_r01,b2_dynamic_phase_mismatch,54,4.80046,162000,54,16,19.581,86.303,86.303,29,43.266,68.927,83.005,712,17.414,63.477,85.367,296,117.069,234.996,314.036,11.0608,11.328,1794,38.958,998.758,1250.63,146,84.286,1053.03,2143.84,2993,2993,1.00196,0,0,0,0,0,2.47443,0,1,18.9727,2,6.07472,7.84486,0.638349,15987,2860,2212,56.388,3262,13052,31.0338
b2_dynamic_t0064_r01,b2_dynamic_phase_mismatch,55,4.82365,165000,55,11,18.019,61.337,61.337,38,29.657,69.51,109.21,683,17.144,64.803,83.694,310,128.772,247.409,333.087,13.0194,10.2294,1808,37.854,122.055,230.786,157,89.484,180.835,269.949,3007,3007,1.00196,1,0,0,0,0,2.66766,1,1,19.1659,2,3.30522,5,0.444763,0,2516,1518,62.3699,1675,13208,35.7849
b2_dynamic_t0064_r01,b2_dynamic_phase_mismatch,56,4.86417,168000,56,7,16.055,81.317,81.317,40,38.76,111.133,160.3,752,16.459,70.208,120.75,298,122.946,245.844,316.476,12.3624,10.6719,1742,43.65,776.114,1272.99,165,94.439,512.702,2322.62,3004,3004,1.00196,1,0,0,0,0,1.8265,1,1,17.724,3,3.54456,3.89748,0.342314,14992,1935,1612,54.5531,1432,13375,21.4986
b2_dynamic_t0064_r01,b2_dynamic_phase_mismatch,57,4.91983,171000,57,11,40.851,139.129,139.129,25,49.278,94.65,104.281,698,19.268,70.379,90.302,313,135.142,249.992,314.775,11.8179,12.0212,1780,47.856,1131.56,2217.06,171,93.365,1242.68,2224.87,2998,2998,1.00196,0,0,0,0,0,2.32481,0,1,18.2223,2,5.60082,6.68091,0.516278,29960,2848,2105,57.5005,2681,13546,29.5031
b2_dynamic_t0064_r01,b2_dynamic_phase_mismatch,58,4.97465,174000,58,15,25.133,130.17,130.17,19,52.464,108.273,108.273,688,19.174,73.05,110.418,297,143.929,256.357,316.449,12.0269,12.5431,1834,48.969,1150.69,1259.19,151,99.792,1199.1,2413.58,3004,3004,1.00196,1,0,0,0,0,0,1,1,16.842,3,4.86072,7.73329,0.428074,27970,2758,1808,60.403,2443,13697,0
b2_dynamic_t0064_r01,b2_dynamic_phase_mismatch,59,5.00181,177000,59,9,30.56,112.342,112.342,21,45.698,97.299,100.395,699,16.889,69.627,93.655,300,131.117,220.657,387.714,11.8333,11.7087,1797,45.991,155.269,247.673,163,100.9,212.369,255.242,2989,2989,1.00196,0,0,0,0,0,1.70214,0,1,17.4354,2,1.51702,1,0.593851,0,1463,1175,55.4587,745,13861,19.9978
b2_dynamic_t0064_r01,b2_dynamic_phase_mismatch,60,5.05662,180000,60,10,38.207,80.756,80.756,26,43.278,89.576,94.141,712,19.819,75.209,109.471,288,141.713,240.832,329.219,12.184,12.1821,1826,46.746,570.256,1153.27,143,98.104,237.557,1227.4,3005,3005,1.00196,1,0,0,0,0,2.10303,1,1,18.6388,3,4.20234,5.78344,0.420177,12910,2745,1627,62.7859,1702,14002,26.4826
b2_dynamic_t0064_r01,b2_dynamic_phase_mismatch,61,5.08337,183000,61,14,37.381,83.092,83.092,23,32.611,68.996,90.126,714,18.917,69.164,90.752,299,139.566,220.865,261.36,10.4047,13.6723,1802,41.93,134.773,249.98,151,97.433,177.39,650.06,3003,3003,1.00196,0,0,0,0,0,2.68307,0,1,18.4164,2,1.87425,3,0.580467,1080,2312,1113,67.5036,681,14154,29.7753
b2_dynamic_t0064_r01,b2_dynamic_phase_mismatch,62,5.15264,186000,62,5,23.74,55.309,55.309,23,43.116,94.722,95.575,676,19.009,69.555,97.276,295,145.871,264.412,307.276,11.9017,12.7297,1847,55.241,1172.65,2239.53,146,111.323,1197.55,2395.47,2992,2992,1.00196,0,0,0,0,0,0,0,0,17.4009,2,4.14887,7.38189,0.460162,39728,2509,1645,60.3996,1787,14299,19.0178
b2_dynamic_t0064_r01,b2_dynamic_phase_mismatch,63,5.17853,189000,63,6,43.2,75.832,75.832,26,31.226,77.242,90.27,693,15.499,67.404,101.839,333,124.031,212.589,261.845,11.8318,10.8188,1806,43.083,132.917,238.283,140,102.995,223.776,255.392,3004,3004,1.00196,0,0,0,0,0,2.20537,0,1,17.8038,2,1.42267,1,0.403143,0,1470,1247,54.1038,717,14438,21.2013
b2_dynamic_t0064_r01,b2_dynamic_phase_mismatch,64,5.20377,192000,64,9,38.703,64.469,64.469,25,43.072,73.363,90.919,771,17.641,68.965,93.852,295,131.366,205.238,281.065,13.1627,10.1717,1744,42.021,137.377,263.671,161,93.639,204.75,506.311,3005,3005,1.00196,1,0,0,0,0,2.62981,1,1,18.2283,3,2.16924,3,0.42472,0,2215,1077,67.2843,1155,14600,24.182
b2_dynamic_t0064_r01,b2_dynamic_phase_mismatch,65,5.24689,195000,65,8,27.066,50.3,50.3,16,41.027,67.73,67.73,781,20.581,80.352,130.121,310,151.518,285.028,442.464,13.7871,11.9726,1894,45.972,849.757,1171.24,161,107.238,992.89,1207.22,3170,3170,1.00196,0,0,0,0,0,3.22939,0,1,18.8278,2,3.34319,5.77912,0.622279,12892,2885,1487,65.9881,2626,14753,30.2852
b2_dynamic_t0064_r01,b2_dynamic_phase_mismatch,66,5.30522,198000,66,10,69.289,96.447,96.447,16,42.602,120.892,120.892,652,22.313,78.686,108.497,284,152.444,272.773,359.956,12.4225,13.0239,1725,58.137,1169.34,1382.3,145,111.976,1233.69,1578.98,2832,2832,1.00196,1,0,0,0,0,0,1,0,16.9567,3,3.75894,7.17763,0.355254,25123,3218,1469,68.658,2906,14908,20.9632
b2_dynamic_t0064_r01,b2_dynamic_phase_mismatch,67,5.33388,201000,67,18,47.087,249.616,249.616,50,37.903,61.519,92.282,1114,15.259,65.433,95.189,452,123.151,204.772,299.56,10.9004,11.6962,1226,53.548,173.125,261.771,137,119.423,350.983,731.552,2997,2997,1.00196,1,0,0,0,0,1.96117,1,1,17.3835,2,0.791349,0,0.427064,0,1669,1280,56.5955,571,15041,19.5916
b2_dynamic_t0064_r01,b2_dynamic_phase_mismatch,68,5.35669,204000,68,22,26.553,69.828,80.001,54,34.147,68.714,97.057,1859,14.726,54.73,76.618,769,111.341,186.165,262.365,11.2315,10.1476,146,53.4,261.668,424.622,143,127.87,284.754,596.807,2993,2993,1.00196,1,0,0,0,0,2.1398,1,1,17.5622,2,2.11081,3,0.178915,0,5248,1483,77.9676,1729,15184,22.5393
b2_dynamic_t0064_r01,b2_dynamic_phase_mismatch,69,5.37983,207000,69,25,23.03,95.229,141.671,63,29.075,66.608,106.067,1894,16.282,62.514,89.167,690,110.662,201.392,250.383,10.5551,11.1338,154,45.257,267.028,568.438,175,105.167,331.625,505.423,3001,3001,1.00196,2,0,0,0,0,2.18091,2,1,17.6033,3,1.46283,3,0.062191,0,6696,931,87.7934,1379,15362,0
b2_dynamic_t0064_r01,b2_dynamic_phase_mismatch,70,5.4008,210000,70,25,23.591,52.644,78.881,67,28.007,66.739,175.255,1901,14.852,50.821,64.963,725,102.111,169.232,224.92,10.6897,9.85523,140,37.784,303.454,1115.09,150,79.695,212.321,1128.87,3008,3008,1.00196,1,0,0,0,0,2.23255,1,1,17.6549,2,1.34497,4.08021,0.0553303,1071,7819,764,91.0987,1737,15511,29.3569
b2_dynamic_t0064_r01,b2_dynamic_phase_mismatch,71,5.43226,213000,71,20,23.182,54.304,54.304,74,25.343,75.612,155.531,1888,14.062,50.592,73.538,707,99.216,168.636,212.747,10.9689,9.45727,136,98.605,1456.11,2341.21,169,121.643,1327.47,2118.1,2994,2994,1.00196,1,0,0,0,0,2.28271,1,1,17.7051,3,1.41057,4.06953,0.0360537,12808,8506,676,92.6378,2261,15681,34.5528
b2_dynamic_t0064_r01,b2_dynamic_phase_mismatch,72,5.45711,216000,72,27,26.617,66.517,77.159,67,35.532,75.957,101.713,1842,12.174,51.571,68.963,742,93.933,161.541,223.123,10.2399,9.61261,172,49.355,1194.42,1518.02,149,93.613,1320.25,1569.17,2999,2999,1.00196,1,0,0,0,0,0.367124,1,1,15.4497,2,2.86571,3.08259,0.0458574,5454,4989,1898,72.4408,1792,15830,20.1099
b2_dynamic_t0064_r01,b2_dynamic_phase_mismatch,73,5.48886,219000,73,29,20.647,64.061,90.203,69,29.306,68.149,79.202,1857,13.388,51.102,77.002,725,95.745,163.289,213.636,9.16276,10.8203,155,80.267,1285.45,1396.32,164,144.636,1337.45,1469.31,2999,2999,1.00196,0,0,0,0,0,0.430868,0,1,15.5135,2,5.8977,9.08788,0.0696659,13095,7202,2256,76.1472,4540,15993,28.2392
b2_dynamic_t0064_r01,b2_dynamic_phase_mismatch,74,5.5104,222000,74,18,27.435,58.237,58.237,72,30.486,51.947,73.551,1889,13.306,48.784,67.561,726,89.624,149.877,177.863,8.42424,11.1104,149,45.642,1005.42,1397.2,151,94.514,1163.87,1380.57,3005,3005,1.00196,1,0,0,0,0,0,1,0,28.9663,3,1.25166,2.4176,0.0355625,2142,5972,842,87.6431,1112,16144,30.6557
b2_dynamic_t0064_r01,b2_dynamic_phase_mismatch,75,5.5276,225000,75,21,23.923,64.905,67.687,88,29.726,59.009,106.505,1825,10.288,44.45,62.237,765,76.824,128.7,166.694,10.2026,7.92848,172,33.945,200.513,414.037,129,85.084,212.257,353.113,3000,3000,1.00196,1,0,0,0,0,0.174032,1,1,13.5916,2,0.438711,0,0.0511465,0,3713,1391,72.7469,139,16274,16.2903
b2_dynamic_t0064_r01,b2_dynamic_phase_mismatch,76,5.54376,228000,76,26,21.807,44.96,57.522,74,23.782,50.887,75.192,1875,11.484,41.197,55.666,747,77.282,128.949,190.735,9.67871,8.47936,157,24.533,130.311,379.348,122,74.09,258.52,397.166,3001,3001,1.00196,1,0,0,0,0,0.223288,1,1,13.6409,2,1.13337,2,0.0495358,0,5695,868,86.7743,515,16395,17.354
b2_dynamic_t0064_r01,b2_dynamic_phase_mismatch,77,5.56425,231000,77,27,19.911,38.588,50.62,70,23.015,52.065,70.713,1854,10.945,39.838,59.343,767,72.584,126.756,173.683,9.30769,8.16798,137,52.289,1125.43,1241.73,142,99.192,1148.43,1313.97,2997,2997,1.00196,1,0,0,0,0,0.265637,1,1,13.6832,2,0.662017,1.09619,0.0475168,4310,6048,694,89.7063,789,16538,19.5047
b2_dynamic_t0064_r01,b2_dynamic_phase_mismatch,78,5.58524,234000,78,30,19.121,42.42,53.099,74,19.967,44.755,56.427,1842,11.371,39.783,55.9,757,74.927,121.746,149.396,8.72391,8.78664,139,37.734,1221.09,1318.56,152,87.441,1138.63,1236.95,2994,2994,1.00196,0,0,0,0,0,0.328752,0,2,13.7463,2,0.706045,2,0.0635347,5405,7335,437,94.3773,1179,16688,21.6229
b2_dynamic_t0064_r01,b2_dynamic_phase_mismatch,79,5.60583,237000,79,21,17.939,31.684,39.205,65,21.963,58.732,74.808,1851,11.373,42.411,58.342,755,73.868,124.683,153.445,8.93113,8.67843,141,49.298,1107.76,1327.19,172,94.76,1167.84,1280.14,3005,3005,1.00196,1,0,0,0,0,0.360534,1,1,13.7781,3,0.401978,2.08025,0.0556126,4272,7140,348,95.3526,657,16861,23.7057
b2_dynamic_t0064_r01,b2_dynamic_phase_mismatch,80,5.64117,240000,80,38,27.403,62.873,67.614,68,22.481,61.479,80.275,1824,12.675,49.507,70.862,762,83.636,144.767,209.565,7.00656,12.574,161,77.141,2540.49,3539.03,147,131.981,2582.38,3576.21,3000,3000,1.00196,1,0,0,0,0,0.390247,1,1,13.8078,2,0.886038,5.28852,0.0418501,17482,8237,300,96.4859,1719,17010,28.0679
b2_dynamic_t0064_r01,b2_dynamic_phase_mismatch,81,5.65973,243000,81,22,32.705,45.329,85.9,66,31.383,58.618,75.727,1841,10.96,44.384,64.13,746,79.991,130.802,178.265,7.56568,10.9907,146,32.819,218.505,645.334,176,85.198,283.532,486.671,2997,2997,1.00196,1,0,0,0,0,0.307934,1,1,12.5303,3,2.78337,3,0.0411015,0,4249,1862,69.5304,2094,17185,17.3098
b2_dynamic_t0064_r01,b2_dynamic_phase_mismatch,82,5.68166,246000,82,23,22.333,67.394,130.421,67,27.611,58.277,213.389,1824,11.476,42.379,60.326,791,77.174,136.437,171.866,8.12263,10.0944,149,34.408,1050.53,2460.73,153,87.425,1253.79,2553.18,3007,3007,1.00196,1,0,0,0,0,0.340714,1,1,12.563,2,3.60811,5.07346,0.0591192,4288,6509,1603,80.2392,3963,17338,0
b2_dynamic_t0064_r01,b2_dynamic_phase_mismatch,83,5.69731,249000,83,25,16.276,48.175,52.028,66,21.097,43.703,91.464,1857,11.182,42.723,61.107,750,73.807,121.936,156.923,7.372,10.4035,156,29.277,173.472,360.697,139,71.765,173.44,367.834,2993,2993,1.00196,1,0,0,0,0,0.382925,1,1,12.6052,2,0.999116,2.56402,0.0212069,0,6238,578,91.52,1040,17476,25.0565
b2_dynamic_t0064_r01,b2_dynamic_phase_mismatch,84,5.71271,252000,84,22,26.232,37.336,58.801,55,27.135,62.564,66.996,1908,9.539,37.385,51.717,729,68.062,112.257,143.209,7.4952,9.67955,150,32.316,285.83,385.856,140,72.376,233.415,346.918,3004,3004,1.00196,1,0,0,0,0,0.18143,1,1,10.7454,3,1.09488,1,0.0661783,0,4108,1302,75.9335,508,17614,13.5519
b2_dynamic_t0064_r01,b2_dynamic_phase_mismatch,85,5.73627,255000,85,30,23.736,47.638,52.35,52,27.717,63.472,74.286,1813,10.765,39.106,54.047,800,70.448,120.509,157.522,7.545,9.9176,143,43.189,1171.81,2373.61,163,86.308,1715.99,2670.17,3001,3001,1.00196,0,0,0,0,0,0.238502,0,1,10.8025,2,2.08258,3.07998,0.0630789,7514,6538,1160,84.9312,1182,17779,17.0247
b2_dynamic_t0064_r01,b2_dynamic_phase_mismatch,86,5.75205,258000,86,24,18.984,43.728,50.033,60,25.407,45.23,67.812,1842,10.659,40.675,51.909,796,69.282,110.161,135.018,6.2701,11.6455,121,36.549,189.085,288.321,145,75.574,191.398,234.28,2988,2988,0.00195312,1,0,0,0,0,0.277274,1,1,10.8413,3,0.787815,2,0.039053,0,6723,563,92.2729,914,17926,19.0562
b2_dynamic_t0064_r01,b2_dynamic_phase_mismatch,87,5.77937,261000,87,23,23.244,54.458,56.249,67,19.199,43.639,54.045,1840,10.777,38.955,51.308,751,68.846,111.757,154.024,6.91611,10.4615,165,64.122,2026.58,4284.32,164,89.762,1708.44,2211.86,3010,3010,1.00196,1,0,0,0,0,0.309071,1,1,10.8731,2,0.992088,3.78799,0.03792,10653,6529,480,93.1517,1040,18089,22.6045
b2_dynamic_t0064_r01,b2_dynamic_phase_mismatch,88,5.79506,264000,88,18,19.365,51.281,51.281,58,27.055,68.619,157.171,1850,9.114,42.26,59.545,760,65.059,109.271,147.469,6.48947,10.4212,153,30.808,179.76,341.549,159,76.169,276.173,438.024,2998,2998,0.00195312,1,0,0,0,0,0.23521,1,1,9.9512,2,2.583,2,0.0648069,0,4320,1505,74.1631,1342,18246,13.8386
b2_dynamic_t0064_r01,b2_dynamic_phase_mismatch,89,5.81643,267000,89,33,17.79,54.431,95.405,64,21.38,39.263,54.339,1856,10.527,39.067,54.289,733,70.705,118.908,169.903,6.38881,11.7009,155,50.65,1227.8,1830.04,150,79.257,1464.8,2297.62,2991,2991,1.00196,0,0,0,0,0,0.292015,0,1,10.008,3,3.27777,5.0809,0.063632,5399,6523,1413,82.1951,2940,18399,19.9599
b2_dynamic_t0064_r01,b2_dynamic_phase_mismatch,90,5.83069,270000,90,28,19.378,39.701,57.642,59,27.147,51.344,60.832,1877,9.332,37.242,51.321,765,62.101,106.579,149.119,6.26928,10.43,139,28.363,198.942,855.409,146,88.13,227.463,1133,3014,3014,1.00196,1,0,0,0,0,0,1,0,18.7126,2,0.38536,1.6842,0.020545,1067,4852,636,88.4111,211,18543,20.6356
b2_dynamic_t0064_r01,b2_dynamic_phase_mismatch,91,5.84438,273000,91,28,19.968,49.463,53.895,69,20.711,45.423,60.711,1875,8.312,36.375,57.753,739,59.34,99.64,120.954,6.21245,10.0104,141,31.345,186.57,590.845,141,64.446,227.626,437.74,2993,2993,1.00196,1,0,0,0,0,0.161288,1,1,8.84549,2,0.601859,0,0.0634346,0,3863,937,80.4792,370,18686,10.7891
b2_dynamic_t0064_r01,b2_dynamic_phase_mismatch,92,5.86125,276000,92,27,18.536,52.398,55.971,63,20.734,39.744,78.5,1877,9.99,36.359,51.701,751,65.623,103.278,161.183,5.25699,13.0154,129,39.566,815.396,1163.84,146,74.168,968.337,1320.16,2993,2993,1.00196,1,0,0,0,0,0.224356,1,2,8.90856,3,0.585954,2.07716,0.0409603,2158,6178,567,91.5938,457,18832,12.9069
b2_dynamic_t0064_r01,b2_dynamic_phase_mismatch,93,5.87892,279000,93,22,16.791,37.681,38.075,73,21.458,57,61.599,1853,9.664,36.41,49.468,769,62.767,111.368,151.099,5.9857,11.1352,151,32.1,1195.03,2416.03,143,77.478,553.025,2409.75,3011,3011,1.00196,1,0,0,0,0,0.260327,1,1,8.94453,2,0.534034,1,0.0430784,3236,6251,419,93.7181,503,18975,13.9846
b2_dynamic_t0064_r01,b2_dynamic_phase_mismatch,94,5.90469,282000,94,26,19.172,50.216,68.186,76,18.684,53.188,70.189,1867,10.19,38.777,55.724,750,64.516,114.201,141.621,5.38133,12.6371,153,46.332,1973.88,2386.92,126,98.465,2277.48,2411.9,2998,2998,1.00196,1,0,0,0,0,0.299481,1,1,8.98369,2,0.617564,2.08195,0.044467,12112,7026,330,95.5139,943,19100,17.1265
b2_dynamic_t0064_r01,b2_dynamic_phase_mismatch,95,5.93428,285000,95,33,19.27,63.326,68.945,75,19.448,58.433,91.724,1848,10.38,39.081,54.439,745,70.04,118.618,153.366,5.59732,13.1503,147,49.261,2384.58,3548.32,149,99.923,2195.35,2559.64,2997,2997,1.00196,0,0,0,0,0,0.22187,0,2,8.25286,2,0.530361,3.03099,0.0631771,14010,6693,398,94.3873,637,19248,10.519
b2_dynamic_t0064_r01,b2_dynamic_phase_mismatch,96,5.95058,288000,96,27,28.622,71.435,92.225,80,30.256,58.395,73.846,1833,10.277,40.691,54.652,751,71.515,117.982,155.705,5.61518,13.5317,168,27.679,183.327,496.514,141,80.935,452.492,676.144,3000,3000,1.00196,0,0,0,0,0,0.270967,0,1,8.30196,2,1.18042,1,0.0493765,0,4933,1143,81.1883,701,19389,11.8468
b2_dynamic_t0064_r01,b2_dynamic_phase_mismatch,97,5.97827,291000,97,26,22.205,57.611,60.995,60,24.809,63.851,70.226,1872,11.27,42.386,59.182,732,74.862,121.961,139.355,4.68443,16.5135,156,55.135,2258.48,3323.31,156,117.185,2191.27,3088.74,3002,3002,1.00196,1,0,0,0,0,0.312407,1,1,8.3434,3,2.11739,4.09054,0.0484982,11937,6812,904,88.2841,2414,19545,15.4302
b2_dynamic_t0064_r01,b2_dynamic_phase_mismatch,98,6.0024,294000,98,29,21.44,45.738,50.346,56,22.331,49.82,66.512,1868,11.614,41.602,60.181,743,72.717,116.538,150.554,4.86406,15.5657,164,49.415,1482.06,2308.96,141,101.742,1378.04,2110.79,3001,3001,1.00196,1,0,0,0,0,0,1,0,15.4372,2,0.750563,2.04585,0.0482359,8728,6148,413,93.7052,1314,19685,17.4724
b2_dynamic_t0064_r01,b2_dynamic_phase_mismatch,99,6.01716,297000,99,28,27.096,40.709,56.709,57,29.213,58.09,88.992,1835,9.145,40.984,54.492,772,61.63,106.855,149.224,5.17876,12.4851,161,38.689,175.11,301.254,147,78.899,218.886,275.391,3000,3000,1.00196,1,0,0,0,0,0.183289,1,1,7.22914,2,0.458168,0,0.0450773,0,3840,897,81.064,297,19834,9.28666
b2_dynamic_t0064_r01,b2_dynamic_phase_mismatch,100,6.04314,300000,100,21,18.899,51.828,69.299,57,21.416,41.238,64.359,1861,10.021,39.204,54.066,743,65.152,110.783,147.865,4.55989,15.1515,141,31.284,224.037,430.988,165,90.645,342.273,497.806,2988,2988,1.00196,1,0,0,0,0,0.240321,1,1,7.28617,3,1.06349,2.07648,0.06217,0,5573,595,90.3534,709,20000,12.3242
b2_dynamic_t0064_r02,b2_dynamic_phase_mismatch,1,0.0275285,3000,1,30,18.554,38.775,40.642,62,19.916,43.362,57.232,1719,18.897,44.129,56.078,752,132.482,181.349,336.309,96.7473,1.51744,127,16.682,94.481,233.314,315,40.248,125.435,222.742,3005,3005,1.00196,0,0,0,0,0,130.73,1,1,130.73,4,1.68211,1,0.0449009,0,2659,7105,27.2327,0,315,132.157
b2_dynamic_t0064_r02,b2_dynamic_phase_mismatch,2,0.0474362,6000,2,35,18.596,44.283,47.536,63,17.262,41.71,53.147,1695,17.673,37.935,48.669,756,120.619,166.4,189.772,92.6429,1.27324,153,20.405,119.316,311.171,304,43.146,130.729,312.915,3006,3006,1.00196,1,0,0,0,0,130.773,1,1,130.773,5,2.94011,4.03895,0.062026,0,6691,5747,53.7948,504,617,136.961
b2_dynamic_t0064_r02,b2_dynamic_phase_mismatch,3,0.0652342,9000,3,28,16.671,36.986,50.974,69,17.089,34.54,37.549,1733,16.308,36.381,49.082,737,108.03,156.625,195.35,84.8168,1.2547,144,23.463,136.464,285.135,291,42.814,115.993,270.186,3002,3002,1.00196,1,0,0,0,0,130.834,1,2,130.834,5,2.25405,4.0457,0.0520029,0,8228,4355,65.3898,292,909,140.678
b2_dynamic_t0064_r02,b2_dynamic_phase_mismatch,4,0.0960949,12000,4,33,10.039,27.153,29.488,49,16.407,39.095,41.1,1715,14.275,36.432,51.625,773,94.794,154.297,206.905,79.6106,1.23062,139,38.586,2176.23,3088.62,286,50.861,2140.93,3237.03,2995,2995,1.00196,0,0,0,0,0,130.882,0,1,130.882,4,3.70841,8.23009,0.0641108,14810,9730,3978,70.9804,581,1195,148.393
b2_dynamic_t0064_r02,b2_dynamic_phase_mismatch,5,0.140411,15000,5,21,10.181,40.258,41.925,58,16.004,39.945,48.369,1718,11.587,38.589,59.406,753,91.26,168.912,215.402,76.0996,1.25536,138,52.649,2564.67,5528.23,319,72.651,2841.89,3399.23,3007,3007,1.00196,1,0,0,0,0,130.926,1,1,130.926,5,5.30039,12.0445,0.0488863,27516,10090,3610,73.6496,500,1510,161.53
b2_dynamic_t0064_r02,b2_dynamic_phase_mismatch,6,0.526801,18000,6,22,25.379,72.315,72.814,69,27.238,79.761,109.588,1666,24.392,85.324,137.654,754,192.071,403.487,514.246,70.4509,2.93088,158,2383.6,21794.9,26654.2,321,3397.74,22570.4,31561,2990,2990,1.00196,1,0,0,0,0,0,1,1,129.342,5,37.3512,100.249,0.0597811,352966,23952,12142,66.3601,4427,1835,203.065
b2_dynamic_t0064_r02,b2_dynamic_phase_mismatch,7,0.566625,21000,7,23,34.654,91.77,91.789,49,35.582,102.944,122.663,1742,29.526,86.498,113.008,766,225.893,413.22,494.484,66.8603,3.57133,136,35.194,301.977,437.169,285,91.744,466.897,817.72,3001,3001,0.00195312,1,0,0,0,0,0.328707,2,1,129.394,5,0.107341,0.289304,0.0655432,0,4257,4902,46.4789,76,2119,129.701
b2_dynamic_t0064_r02,b2_dynamic_phase_mismatch,8,0.60571,24000,8,20,25.148,107.916,107.916,72,22.363,70.251,74.222,1737,21.865,69.828,97.484,723,176.413,369.046,469.171,64.2185,2.96366,154,42.242,393.788,5925.23,297,87.382,352.626,8284.25,3003,3003,1.00196,0,0,0,0,0,0.388547,0,1,129.454,4,2.73814,2.04765,0.0648413,8466,6507,4288,60.2779,5000,2416,131.816
b2_dynamic_t0064_r02,b2_dynamic_phase_mismatch,9,0.647894,27000,9,23,16.914,60.515,88.274,58,19.631,72.497,124.07,1721,18.971,66.502,90.126,737,143.796,303.402,375.787,61.1045,2.61363,146,45.527,536.845,13560.1,313,85.055,356.538,11920.7,2998,2998,1.00196,1,0,0,0,0,0.433097,1,1,129.499,5,2.78064,3.04377,0.0493526,13784,7729,3623,68.0849,5583,2729,134.942
b2_dynamic_t0064_r02,b2_dynamic_phase_mismatch,10,0.970464,30000,10,24,17.654,64.484,80.568,59,26.059,89.835,175.331,1727,20.844,77.039,113.098,719,156.557,338.552,422.717,55.9138,3.09101,161,97.077,36276,38927.5,312,139.383,30926,38588.5,3002,3002,1.00196,1,0,0,0,0,0.486225,1,1,129.552,5,45.6505,52.1887,0.0627632,291176,16449,14012,54.0002,96874,3042,189.243
b2_dynamic_t0064_r02,b2_dynamic_phase_mismatch,11,1.14576,33000,11,18,18.441,118.612,118.612,63,25.659,68.736,110.535,1678,19.403,70.293,98.551,752,146.841,314.766,400.593,53.3471,3.06916,169,73.133,16369.5,54914.1,313,127.633,14326.1,54526.9,2993,2993,1.00196,0,0,0,0,0,0.562996,0,1,129.629,5,20.763,25.7876,0.0815744,140802,12657,6826,64.9643,47869,3356,213.113
b2_dynamic_t0064_r02,b2_dynamic_phase_mismatch,12,1.30479,36000,12,22,15.934,79.262,98.334,72,30.063,73.136,96.064,1694,22.669,81.032,104.247,764,159.99,332.779,448.214,54.7644,3.34796,151,81.707,15808.8,32823,308,126.172,20412.9,33544.5,3011,3011,1.00196,0,0,0,0,0,0.280868,0,1,87.1064,4,35.6914,32.134,0.0520296,125651,7286,12904,36.0872,40038,3661,115.597
b2_dynamic_t0064_r02,b2_dynamic_phase_mismatch,13,1.50444,39000,13,30,18.003,79.467,94.897,65,24.71,63.227,135.259,1737,21.895,68.282,100.402,729,155.429,312.126,368.395,46.6475,3.62265,143,45.44,23089.8,67754.5,291,103.404,30580.3,68272,2995,2995,1.00196,1,0,0,0,0,0.0969534,1,1,67.4173,5,40.3479,41.3203,0.0615187,167545,7704,13604,36.1554,41894,3953,92.2176
b2_dynamic_t0064_r02,b2_dynamic_phase_mismatch,14,1.54611,42000,14,25,23.498,67.883,152.667,57,27.487,82.343,110.861,1702,22.848,72.89,103.834,754,132.637,291.257,340.403,42.496,3.49613,156,55.809,671.715,4669.28,312,100.001,634.829,4239.75,3006,3006,1.00196,1,0,0,0,0,0.157434,1,1,67.4778,5,6.28987,7.04399,0.054841,8513,5970,4502,57.0092,2355,4261,78.0193
b2_dynamic_t0064_r02,b2_dynamic_phase_mismatch,15,1.7675,45000,15,20,34.403,217.848,217.848,56,26.788,84.531,99.299,1688,19.363,76.523,114.214,750,129.457,294.049,372.845,40.408,3.66722,167,74.304,25023.9,60866.5,316,137.667,23578.8,28944.7,2997,2997,1.00196,1,0,0,0,0,0.131877,1,1,61.6064,5,37.9846,52.5234,0.0659199,189482,10823,12110,47.194,19539,4579,62.1562
b2_dynamic_t0064_r02,b2_dynamic_phase_mismatch,16,1.98899,48000,16,21,21.601,72.032,74.437,53,27.402,71.701,107.675,1716,18.975,78.524,122.22,749,130.721,311.439,429.874,40.1228,3.81923,151,89.135,29217.3,45490.6,316,148.704,28921.8,45160.5,3006,3006,0.00195312,1,0,0,0,0,0.191874,1,1,61.6664,5,34.8057,35.0487,0.0651951,190276,7004,11866,37.1171,21203,4896,97.2797
b2_dynamic_t0064_r02,b2_dynamic_phase_mismatch,17,2.12613,51000,17,15,12.17,63.95,63.95,59,30.711,71.849,91.322,1718,15.465,65.957,100.772,756,111.08,286.058,327.499,36.2593,3.64862,147,88.868,14113.3,44803.1,298,126.481,6691.59,58915.8,2993,2993,1.00196,1,0,0,0,0,0.110733,1,1,53.2628,4,15.2724,18.152,0.0512905,108270,5700,6650,46.1538,10904,5194,53.8729
b2_dynamic_t0064_r02,b2_dynamic_phase_mismatch,18,2.43356,54000,18,22,16.152,81.596,125.057,58,29.141,96.636,101.419,1712,18.161,73.679,100.135,757,123.655,300.941,349.713,33.8428,4.18086,150,127.3,47398.8,76983.4,310,151.82,28779.8,53811.7,3009,3009,1.00196,0,0,0,0,0,0.0817909,0,1,48.0137,5,36.7232,47.9766,0.0736198,276458,9850,11626,45.8652,19834,5503,48.7759
b2_dynamic_t0064_r02,b2_dynamic_phase_mismatch,19,2.46156,57000,19,30,17.883,67.36,114.058,48,26.66,72.144,82.531,1752,16.888,68.489,93.295,723,112.894,279.683,320.899,31.823,4.07619,146,84.236,370.935,521.204,287,129.875,371.673,480.937,2986,2986,1.00196,0,0,0,0,0,0.132566,1,1,48.0644,4,2.03519,2,0.0513287,0,4373,3203,57.7218,667,5794,50.7104
b2_dynamic_t0064_r02,b2_dynamic_phase_mismatch,20,2.63908,60000,20,25,16.631,67.663,90.499,64,29.33,80.817,120.114,1731,17.818,74.011,101.451,754,118.09,275.07,351.799,29.9085,4.54212,149,86.699,16957.6,29042.6,286,138.578,26881.3,43880.4,3009,3009,1.00196,1,0,0,0,0,0.0863638,1,1,43.6357,5,33.4508,41.5965,0.0556173,148560,8393,10507,44.4074,16252,6076,44.4715
b2_dynamic_t0064_r02,b2_dynamic_phase_mismatch,21,2.68162,63000,21,25,38.785,88.523,95.73,89,31.509,92.609,117.362,1688,16.775,73.22,100.527,725,108.584,273.189,320.204,27.6786,4.59672,146,87.25,351.49,632.385,317,142.909,524.65,13660.6,2990,2990,1.00196,1,0,0,0,0,0.146182,1,1,43.6955,5,2.52783,2.0465,0.0644836,12774,5001,2835,63.8208,1352,6396,46.4467
b2_dynamic_t0064_r02,b2_dynamic_phase_mismatch,22,2.91957,66000,22,27,24.466,84.814,110.219,53,16.872,58.175,131.038,1744,16.295,67.436,101.616,762,109.941,276.62,313.442,26.9462,4.60636,132,91.856,40699.5,69698.4,286,147.502,29223.1,70804.4,3004,3004,1.00196,1,0,0,0,0,0.0922012,1,1,39.2422,4,27.763,37.15,0.0462589,210469,8128,9215,46.8662,15654,6678,39.9939
b2_dynamic_t0064_r02,b2_dynamic_phase_mismatch,23,2.96843,69000,23,16,14.588,57.657,57.657,68,27.651,79.28,119.341,1768,15.585,69.247,98.159,718,106.103,266.496,315.8,26.1003,4.69132,146,61.539,612.538,11617.6,287,119.006,853.051,18353.4,3003,3003,1.00196,0,0,0,0,0,0.151752,0,1,39.3017,4,3.51067,3.04709,0.0650578,22144,5393,2688,66.7368,1883,6969,44.1116
b2_dynamic_t0064_r02,b2_dynamic_phase_mismatch,24,3.18318,72000,24,19,13.679,68.756,68.756,58,23.54,75.281,81.491,1723,15.326,66.445,104.355,743,100.695,272.986,325.876,24.533,4.81343,158,106.735,27968.8,82358.8,305,178.676,31217.9,68934.2,3006,3006,1.00196,1,0,0,0,0,0.114792,1,1,35.2558,5,23.9495,33.141,0.0557947,185683,7624,8089,48.5203,13932,7272,37.0548
b2_dynamic_t0064_r02,b2_dynamic_phase_mismatch,25,3.23135,75000,25,25,15.623,53.197,55.665,59,30.288,105.532,135.692,1713,16.484,68.773,95.899,747,102.526,252.933,356.071,22.5194,5.20448,145,119.34,7492.38,11525.4,307,162.783,878.531,7491.71,2996,2996,1.00196,0,0,0,0,0,0.17767,0,1,35.3187,5,5.95015,7.08892,0.0730505,19170,6016,3047,66.3798,3303,7578,44.2028
b2_dynamic_t0064_r02,b2_dynamic_phase_mismatch,26,3.37239,78000,26,26,20.806,60.524,91.879,63,22.792,71.015,143.742,1682,15.523,66.537,105.663,775,108.307,271.36,337.935,22.231,5.52856,169,95.49,15354.8,39107.9,278,128.856,24613.2,39440.5,2993,2993,1.00196,1,0,0,0,0,0.133516,1,1,32.0564,4,16.0027,23.9229,0.0574665,113941,8392,5719,59.4713,9351,7859,33.9243
b2_dynamic_t0064_r02,b2_dynamic_phase_mismatch,27,3.4809,81000,27,24,16.051,53.53,59.382,65,17.761,80.605,110.421,1707,16.058,72.477,100.237,748,107.159,281.565,326.741,21.266,5.79957,162,102.104,2226.34,34109.9,294,146.225,13808.6,49940.3,3000,3000,1.00196,1,0,0,0,0,0.197449,1,1,32.1203,5,15.4611,18.0512,0.0564213,79791,6535,5715,53.3469,9195,8153,51.0498
b2_dynamic_t0064_r02,b2_dynamic_phase_mismatch,28,3.56763,84000,28,24,12.577,63.253,98.799,55,20.528,77.704,142.784,1693,15.196,68.436,95.374,754,105.147,256.181,326.464,20.256,5.86281,152,108.838,24085,33524,320,151.549,780.323,27966.9,2998,2998,1.00196,1,0,0,0,0,0.130194,2,1,27.912,5,10.1384,11.7818,0.0669584,57349,5624,4305,56.6422,7511,8473,31.8222
b2_dynamic_t0064_r02,b2_dynamic_phase_mismatch,29,3.61637,87000,29,19,19.077,89.69,89.69,66,22.767,82.718,112.096,1722,16.036,72.084,105.567,748,102.89,251.334,328.591,18.488,6.27045,159,103.323,3158.19,12291.4,287,147.126,842.945,13034.6,3001,3001,1.00196,0,0,0,0,0,0.186198,0,1,27.968,4,7.50659,10.0924,0.065876,21228,6574,3162,67.5226,3395,8761,41.6052
b2_dynamic_t0064_r02,b2_dynamic_phase_mismatch,30,3.70145,90000,30,22,15.929,62.937,81.72,60,16.997,89.486,122.162,1710,15.828,64.557,92.935,781,97.706,245.712,293.585,17.6082,6.11846,152,101.2,919.675,17568.5,291,146.895,14945.7,20888.6,3016,3016,0.00195312,1,0,0,0,0,0.145061,1,1,25.721,4,8.51871,13.5759,0.0532045,58359,7174,3447,67.5454,4620,9046,26.683
b2_dynamic_t0064_r02,b2_dynamic_phase_mismatch,31,3.76578,93000,31,25,14.926,65.05,203.475,54,24.13,98.241,104.864,1698,16.326,68.902,90.501,772,101.005,239.512,321.804,15.658,7.17321,156,110.382,686.17,18865.1,290,162.578,3392.63,19294.1,2995,2995,1.00196,1,0,0,0,0,0.197295,1,1,25.7732,5,5.57118,6.04968,0.057826,36028,6081,2870,67.9365,3356,9338,33.8286
b2_dynamic_t0064_r02,b2_dynamic_phase_mismatch,32,3.88225,96000,32,16,12.579,69.325,69.325,56,22.502,89.183,103.267,1790,13.865,63.375,89.654,707,87.205,227.159,298.651,14.9448,6.64422,154,77.19,22686.5,44077.4,265,137.258,3206.11,53669.4,2988,2988,1.00196,1,0,0,0,0,0.119451,1,1,22.4437,4,12.9613,17.3242,0.0563135,92495,5746,4725,54.8754,9197,9606,24.474
b2_dynamic_t0064_r02,b2_dynamic_phase_mismatch,33,3.92932,99000,33,25,15.098,80.748,85.748,51,19.015,71.955,129.748,1666,15.613,66.909,90.217,826,93.591,220.678,281.602,14.0557,7.54197,130,91.351,632.987,11082.9,303,137.042,2998.96,9074.58,3001,3001,1.00196,0,0,0,0,0,0.182991,0,1,22.5072,5,7.02135,9.09092,0.0733624,20083,7170,2738,72.3658,3472,9910,33.6257
b2_dynamic_t0064_r02,b2_dynamic_phase_mismatch,34,3.95953,102000,34,18,12.752,60.584,60.584,34,16.309,101.043,105.642,1047,15.446,67.293,95.971,476,93.331,215.965,295.926,12.4307,8.22955,1251,41.934,182.667,2565.88,196,106.708,342.537,451.893,3022,3022,1.00196,1,0,0,0,0,0.248009,1,1,22.5722,3,3.91897,6.15594,0.0726004,5361,4331,1446,74.9697,2866,10106,41.1753
b2_dynamic_t0064_r02,b2_dynamic_phase_mismatch,35,3.98322,105000,35,8,22.195,86.977,86.977,23,20.122,175.801,284.186,691,18.109,69.394,101.987,308,108.691,222.386,307.288,14.1591,8.24706,1797,39.491,135.897,207.737,151,91.983,192.292,340.719,2978,2978,1.00196,1,0,0,0,0,0.687734,1,1,23.0119,2,1.853,4,0.440005,0,2746,825,76.8972,1202,10257,45.1671
b2_dynamic_t0064_r02,b2_dynamic_phase_mismatch,36,4.00745,108000,36,11,24.232,75.454,75.454,17,32.126,94.706,94.706,717,17.39,63.331,96.275,293,108.944,236.673,350.262,12.4505,9.39268,1830,39.668,140.589,239.947,145,95.946,183.891,887.555,3013,3013,1.00196,1,0,0,0,0,0.97451,1,1,43.7322,2,0.324738,0.341398,0.379128,1078,1885,628,75.0099,38,10399,46.013
b2_dynamic_t0064_r02,b2_dynamic_phase_mismatch,37,4.03483,111000,37,8,19.602,89.8,89.8,24,22.717,79.936,107.889,765,14.347,65.048,105.99,290,101.836,240.908,302.792,12.3862,9.15649,1781,34.973,127.419,251.889,142,83.703,191.97,236.191,3010,3010,1.00196,1,0,0,0,0,1.56294,1,1,21.9043,3,0.69463,0.765672,0.606566,0,1187,1009,54.0528,502,10543,23.3048
b2_dynamic_t0064_r02,b2_dynamic_phase_mismatch,38,4.06893,114000,38,11,21.483,99.431,99.431,24,34.491,123.271,193.048,767,17.176,74.261,122.301,300,138.269,393.284,739.538,14.28,12.2562,1732,31.359,111.346,347.055,146,80.87,162.116,166.716,2980,2980,1.00196,1,0,0,0,0,1.99058,1,1,22.332,2,2.18964,2,0.427916,0,2202,1216,64.4236,2126,10689,26.9866
b2_dynamic_t0064_r02,b2_dynamic_phase_mismatch,39,4.1034,117000,39,11,22.999,59.901,59.901,22,38.372,106.6,148.753,719,17.448,72.9,105.853,323,130.261,275.444,391.645,12.8885,10.843,1780,36.643,138.443,424.377,152,83.578,195.475,340.828,3007,3007,1.00196,1,0,0,0,0,2.39925,1,1,22.7406,2,3.94058,5.79368,0.435877,10612,2716,1639,62.3651,4416,10841,32.0935
b2_dynamic_t0064_r02,b2_dynamic_phase_mismatch,40,4.18509,120000,40,10,40.128,71.541,71.541,26,27.451,63.155,80.643,712,16.26,72.853,122.489,303,117.394,294.056,383.909,13.9769,9.61177,1817,36.852,113.25,8666.52,121,79.267,137.7,175.155,2989,2989,1.00196,1,0,0,0,0,1.43033,1,1,18.8979,2,8.46265,11.4676,0.413604,59346,3053,2734,52.7562,8661,10962,21.7621
b2_dynamic_t0064_r02,b2_dynamic_phase_mismatch,41,4.21104,123000,41,13,18.406,102.421,102.421,22,28.006,77.34,196.504,693,19.275,76.329,98.391,282,138.756,253.281,388.273,12.8227,11.109,1821,40.308,153.952,443.963,172,91.822,204.15,278.066,3003,3003,1.00196,1,0,0,0,0,2.06492,1,1,19.5325,3,4.17153,4,0.635009,0,1879,1777,51.395,1473,11132,26.9508
b2_dynamic_t0064_r02,b2_dynamic_phase_mismatch,42,4.32526,126000,42,11,18.503,62.866,62.866,18,70.904,113.73,113.73,706,16.691,78.848,107.309,281,125.13,274.673,367.57,14.0712,9.85056,1848,40.938,183.782,16172.1,142,88.141,233.325,2522.97,3006,3006,1.00196,1,0,0,0,0,1.07299,1,1,18.3851,2,10.6876,13.3121,0.438681,88228,2251,3389,39.9113,3632,11275,21.1248
b2_dynamic_t0064_r02,b2_dynamic_phase_mismatch,43,4.34955,129000,43,12,27.685,100.217,100.217,26,22.671,90.752,92.613,726,18.818,77.069,108.635,333,131.235,255.023,318.54,12.997,10.2117,1765,39.038,122.473,266.291,138,85.87,228.652,258.142,3000,3000,1.00196,1,0,0,0,0,1.51618,1,1,18.8283,2,3.74648,4,0.443479,0,2543,1578,61.7083,907,11412,26.6079
b2_dynamic_t0064_r02,b2_dynamic_phase_mismatch,44,4.39318,132000,44,14,39.971,148.176,148.176,30,35.034,89.945,144.897,694,18.668,76.909,102.558,299,135.707,263.607,351.899,12.786,10.8432,1789,39.929,130.519,2106.57,165,93.275,181.047,3880.16,2991,2991,1.00196,1,0,0,0,0,2.085,1,1,19.3971,3,6.56906,9.87652,0.594779,18014,2772,2392,53.6793,1560,11579,35.6945
b2_dynamic_t0064_r02,b2_dynamic_phase_mismatch,45,4.43813,135000,45,9,36.214,70.237,70.237,22,25.286,60.884,79.414,722,17.13,68.956,92.063,288,126.641,243.029,316.704,12.2118,10.8245,1804,37.506,133.394,2457.02,156,90.764,193.911,7837.31,3001,3001,1.00196,1,0,0,0,0,1.6402,1,1,18.8694,2,5.22993,6.22917,0.601254,20204,1716,2042,45.6626,1498,11734,23.6636
b2_dynamic_t0064_r02,b2_dynamic_phase_mismatch,46,4.47219,138000,46,14,29.77,78.509,78.509,15,30.882,73.844,73.844,718,18.476,70.245,93.405,303,130.993,254.18,331.673,11.7492,11.4541,1803,36.45,134.857,1285.77,145,85.592,168.058,1291.77,2998,2998,1.00196,1,0,0,0,0,2.23347,1,1,19.4626,3,5.26754,6.80178,0.403619,10607,2682,1997,57.3199,1820,11881,31.7393
b2_dynamic_t0064_r02,b2_dynamic_phase_mismatch,47,4.49403,141000,47,8,30.783,54.189,54.189,30,28.919,76.717,78.939,762,17.148,69.854,94.175,264,136.653,245.542,311.913,15.2273,9.17071,1813,34.382,117.398,208.826,140,84.189,175.6,229.613,3017,3017,1.00196,1,0,0,0,0,2.6942,1,1,19.9234,2,3.246,4,0.461009,0,2005,1405,58.7977,1708,12021,36.3438
b2_dynamic_t0064_r02,b2_dynamic_phase_mismatch,48,4.53814,144000,48,13,14.588,42.485,42.485,27,28.575,67.564,101.071,710,16.631,67.696,99.466,294,125.521,282.886,416.707,13.5476,10.1701,1798,38.679,152.949,4369.81,152,84.487,204.046,2597.15,2994,2994,1.00196,1,0,0,0,0,1.66611,1,1,18.5852,2,4.54047,5.91913,0.403885,19222,1824,1878,49.2707,2164,12172,22.3843
b2_dynamic_t0064_r02,b2_dynamic_phase_mismatch,49,4.58094,147000,49,6,27.323,55.885,55.885,33,21.989,73.431,144.288,676,19.063,67.436,101.351,276,131.32,261.687,342.626,13.9674,9.68592,1838,40.795,165.537,3461.15,159,85.787,270.908,3485.66,2988,2988,1.00196,1,0,0,0,0,2.27049,1,1,19.1896,3,7.19377,8.83341,0.627826,17028,2650,2408,52.3922,2889,12332,31.2736
b2_dynamic_t0064_r02,b2_dynamic_phase_mismatch,50,4.60404,150000,50,16,20.597,78.214,78.214,15,19.519,134.143,134.143,722,17.933,71.001,93.263,291,131.42,239.895,327.219,11.4089,11.4496,1823,34.852,121.009,254.924,146,90.868,209.238,301.453,3013,3013,1.00196,1,0,0,0,0,2.6186,1,1,19.5377,2,3.11845,4,0.348394,0,2306,1405,62.1396,1735,12473,36.7787
b2_dynamic_t0064_r02,b2_dynamic_phase_mismatch,51,4.6396,153000,51,13,20.4,93.688,93.688,24,26,63.417,86.452,702,17.497,70.084,90.079,321,126.283,233.196,281.935,12.296,10.1852,1778,36.667,153.632,2356.89,147,89.299,213.459,601.948,2985,2985,1.00196,1,0,0,0,0,1.64532,1,1,18.1983,2,3.10177,4.55298,0.653664,11702,1957,1488,56.807,1253,12625,22.0247
b2_dynamic_t0064_r02,b2_dynamic_phase_mismatch,52,4.66085,156000,52,17,27.558,57.759,57.759,20,49.884,69.376,69.376,710,18.247,68.292,93.122,302,126.234,241.006,316.1,14.1623,9.08471,1825,33.668,108.879,159.714,138,83.821,168.075,204.777,3012,3012,1.00196,1,0,0,0,0,2.0611,1,1,18.6141,2,3.22398,3,0.46285,0,2356,1505,61.0205,1788,12761,26.5762
b2_dynamic_t0064_r02,b2_dynamic_phase_mismatch,53,4.70047,159000,53,10,14.917,111.175,111.175,28,33.403,82.351,89.156,741,16.694,68.996,103.174,283,131.255,235.704,293.316,11.7314,11.1053,1781,38.225,187.797,2309.99,145,94.615,213.837,2071.31,2988,2988,1.00196,0,0,0,0,0,2.70261,0,1,19.2556,2,6.24189,8.82877,0.423765,15888,2584,2239,53.5766,2999,12907,34.4523
b2_dynamic_t0064_r02,b2_dynamic_phase_mismatch,54,4.73795,162000,54,16,24.209,163.744,163.744,29,52.17,82.023,90.782,714,16.759,70.08,92.871,300,122.033,228.58,320.132,11.2067,11.2963,1808,41.053,186.848,2218.16,147,91.867,220.191,1283.9,3014,3014,1.00196,1,0,0,0,0,1.69046,1,1,17.8095,3,3.21429,4.11904,0.438624,13884,2059,1433,58.9633,1367,13052,20.4287
b2_dynamic_t0064_r02,b2_dynamic_phase_mismatch,55,4.76159,165000,55,11,23.583,112.686,112.686,38,32.42,95.173,125.89,681,17.947,67.654,86.706,307,128.342,240.173,322.502,12.8664,10.2875,1799,36.307,134.642,239.189,156,88.357,177.743,255.449,2992,2992,1.00196,1,0,0,0,0,2.07698,1,1,18.196,2,3.63517,4,0.386806,0,2323,1600,59.2149,2009,13208,26.176
b2_dynamic_t0064_r02,b2_dynamic_phase_mismatch,56,4.79633,168000,56,7,36.433,72.317,72.317,40,38.263,86.634,94.961,752,19.061,68.4,102.383,300,139.564,238.412,314.319,12.31,11.6576,1747,43.645,182.805,1330.32,165,97.527,254.602,1299.32,3011,3011,1.00196,1,0,0,0,0,2.65419,1,1,18.7732,3,5.48363,7.84268,0.600079,7522,2800,2083,57.3418,2446,13375,34.1884
b2_dynamic_t0064_r02,b2_dynamic_phase_mismatch,57,4.83702,171000,57,11,32.087,53.101,53.101,25,42.094,87.109,150.897,698,18.257,70.86,95.07,311,129.784,239.376,311.889,11.8585,11.5349,1772,45.709,393.239,1191.87,171,105.735,1073.48,1241.16,2988,2988,1.00196,0,0,0,0,0,1.69835,0,1,17.5116,2,6.35491,7.81322,0.517102,13952,2240,2340,48.9083,2445,13546,23.0896
b2_dynamic_t0064_r02,b2_dynamic_phase_mismatch,58,4.8764,174000,58,15,37.502,208.901,208.901,19,44.144,108.802,108.802,690,19.235,72.397,113.179,297,129.678,241.764,345.454,12.0269,11.3972,1842,45.232,483.802,1188.48,151,94.483,191.936,1650.46,3014,3014,1.00196,1,0,0,0,0,2.10732,1,1,18.6955,3,8.14324,10.7581,0.426105,12865,2919,2716,51.8012,2784,13697,34.5608
b2_dynamic_t0064_r02,b2_dynamic_phase_mismatch,59,4.9026,177000,59,9,46.356,53.959,53.959,21,51.838,106.126,108.988,696,17.404,65.847,93.501,301,129.316,228.117,284.866,11.804,11.2594,1806,43.145,134.937,261.287,165,93.299,218.285,261.958,2998,2998,1.00196,0,0,0,0,0,1.35047,1,1,17.0474,2,1.32403,1.69692,0.592779,0,1560,1021,60.4417,664,13861,18.6144
b2_dynamic_t0064_r02,b2_dynamic_phase_mismatch,60,4.92495,180000,60,10,29.505,49.957,49.957,26,35.81,57.39,67.907,712,14.526,59.084,81.59,287,101.787,177.53,223.116,12.216,8.90933,1808,37.307,128.485,244.744,141,84.672,165.751,232.975,2984,2984,1.00196,1,0,0,0,0,1.76293,1,1,17.4599,3,4.48287,4,0.412744,0,1674,1849,47.5163,1796,14002,24.1094
b2_dynamic_t0064_r02,b2_dynamic_phase_mismatch,61,4.95348,183000,61,14,33.538,62.532,62.532,23,42.888,77.871,116.208,714,15.252,58.489,91.41,299,111.888,184.401,239.663,10.4047,11.1117,1807,36.836,142.413,1144.84,151,79.64,208.192,1167.63,3008,3008,1.00196,1,0,0,0,0,2.12136,1,1,18.6126,2,5.59411,8.77088,0.382151,6499,2796,2006,58.2257,2232,14154,32.5842
b2_dynamic_t0064_r02,b2_dynamic_phase_mismatch,62,4.97475,186000,62,5,12.454,42.144,42.144,23,36.14,73.211,82.471,678,14.925,52.005,69.248,295,108.461,169.581,233.746,11.9017,9.55389,1846,33.284,114.636,235.755,146,77.751,160.305,193.988,2993,2993,1.00196,1,0,0,0,0,2.54493,1,1,18.2419,2,2.21543,3,0.423858,0,2270,1170,65.9884,873,14299,36.7003
b2_dynamic_t0064_r02,b2_dynamic_phase_mismatch,63,4.99456,189000,63,6,32.313,40.167,40.167,26,32.982,58.692,362.375,691,12.536,49.727,85.452,334,96.34,161.392,197.572,11.8234,8.5551,1806,30.213,108.295,193.614,140,72.844,149.745,182.68,3003,3003,1.00196,0,0,0,0,0,1.83369,0,1,17.414,2,1.24881,0.580341,0.639646,0,1813,1058,63.1487,369,14438,20.1189
b2_dynamic_t0064_r02,b2_dynamic_phase_mismatch,64,5.03718,192000,64,9,16.719,102.335,102.335,25,28.578,59.952,70.697,770,13.327,48.16,68.447,294,98.169,162.38,242.642,13.1769,7.98374,1739,33.269,121.174,1142.45,161,74.307,256.971,1225.46,2998,2998,1.00196,0,0,0,0,0,2.42745,0,1,18.0078,3,2.87322,4.79993,0.620419,5343,2513,1402,64.189,1098,14601,24.1773
b2_dynamic_t0064_r02,b2_dynamic_phase_mismatch,65,5.05885,195000,65,7,35.535,63.926,63.926,16,34.939,71.676,71.676,740,15.065,53.581,81.092,291,112.597,194.601,250.993,13.8144,8.47384,1796,34.34,115.769,232.145,151,81.305,199.15,281.702,3001,3001,1.00196,1,0,0,0,0,2.67259,1,1,18.2529,2,1.76974,2,0.245281,0,2203,1074,67.2261,765,14753,27.0496
b2_dynamic_t0064_r02,b2_dynamic_phase_mismatch,66,5.11091,198000,66,11,30.33,67.392,67.392,16,31.235,84.504,84.504,694,20.031,71.094,89.613,302,140.745,239.444,293.661,12.5199,11.7602,1828,49.124,1133.48,2236.84,155,100.799,1221.67,2449.67,3006,3006,1.00196,1,0,0,0,0,3.18021,1,1,18.7605,3,4.83719,8.76483,0.536044,23568,3280,1863,63.776,2722,14908,35.9704
b2_dynamic_t0064_r02,b2_dynamic_phase_mismatch,67,5.14632,201000,67,18,28.157,102.427,102.427,50,36.258,79.816,113.231,1112,14.221,62.889,88.482,453,111.114,203.937,235.053,10.8786,10.7462,1226,42.072,1085.95,1281.65,136,97.355,437.29,1240.81,2995,2995,1.00196,1,0,0,0,0,2.1753,1,1,17.6411,2,2.88635,3.46585,0.426491,10747,2697,1632,62.3008,1917,15041,21.3364
b2_dynamic_t0064_r02,b2_dynamic_phase_mismatch,68,5.16762,204000,68,22,20.858,50.019,50.783,56,33.891,86.482,99.972,1894,13.719,54.441,78.756,782,105.03,196.392,286.866,11.156,10.0557,146,44.393,199.394,455.364,145,93.508,217.389,536.381,3045,3045,1.00196,1,0,0,0,0,2.35472,1,1,17.8206,2,2.04131,3,0.197969,0,6028,1556,79.4831,1035,15185,24.3928
b2_dynamic_t0064_r02,b2_dynamic_phase_mismatch,69,5.19084,207000,69,25,30.284,75.161,79.455,61,34.914,70.09,103.36,1861,15.774,58.683,76.956,678,114.171,191.238,231.979,10.6313,11.2853,156,42.302,293.46,586.299,174,98.613,240.413,565.567,2955,2955,1.00196,1,0,0,0,0,2.4158,1,2,17.8816,3,1.44334,2,0.0432348,0,7415,958,88.5585,1721,15361,26.5361
b2_dynamic_t0064_r02,b2_dynamic_phase_mismatch,70,5.23657,210000,70,25,24.555,49.218,66.637,67,27.369,72.639,95.13,1899,14.604,55.27,81.723,721,107.364,192.161,260.451,10.706,10.7629,130,855.991,2212.84,2990.3,147,583.512,2262.19,2658.44,2989,2989,1.00196,0,0,0,0,0,2.46634,0,1,17.9322,2,2.77642,7.07934,0.0567989,27035,9220,1168,88.7563,3517,15510,34.6562
b2_dynamic_t0064_r02,b2_dynamic_phase_mismatch,71,5.28369,213000,71,20,44.441,94.694,94.694,74,36.218,96.938,116.184,1891,14.985,67.049,97.679,710,120.68,221.528,278.46,10.9549,11.212,144,110.018,3605.97,4672.57,171,156.99,3623.95,4684.05,3010,3010,1.00196,1,0,0,0,0,0.555885,1,1,15.6151,3,2.41512,3.05923,0.0356064,25791,5543,1810,75.3842,1327,15681,19.2474
b2_dynamic_t0064_r02,b2_dynamic_phase_mismatch,72,5.37692,216000,72,27,36.8,71.82,120.833,67,41.59,108.024,153.145,1844,18.739,79.772,156.047,744,141.763,283.741,375.857,10.2392,15.1765,172,885.71,5667.45,7908.3,150,402.463,5751.76,7851.86,3004,3004,1.00196,1,0,0,0,0,0.598351,1,1,15.6576,2,7.44578,11.0778,0.0475035,66531,8096,2711,74.9144,4484,15829,31.3673
b2_dynamic_t0064_r02,b2_dynamic_phase_mismatch,73,5.40155,219000,73,29,26.957,74.48,107.8,69,46.314,107.115,173.311,1857,12.934,75.507,101.584,727,99.118,199.556,247.373,9.13618,11.7004,156,52.337,265.122,530.287,164,117.009,385.393,624.367,3002,3002,1.00196,0,0,0,0,0,0.145461,0,1,14.1182,2,0.241753,0.97276,0.0680904,0,2710,1142,70.3531,42,15993,15.7569
b2_dynamic_t0064_r02,b2_dynamic_phase_mismatch,74,5.42473,222000,74,18,32.898,91.353,91.353,72,35.913,79.266,82.515,1886,15.369,68.18,95.521,722,105.835,182.813,250.251,8.4446,13.5535,148,49.933,255.673,331.522,151,118.784,314.071,377.721,2997,2997,1.00196,1,0,0,0,0,0.180005,1,1,14.1528,3,1.11372,1,0.0348244,0,4668,978,82.678,690,16144,16.8422
b2_dynamic_t0064_r02,b2_dynamic_phase_mismatch,75,5.45201,225000,75,21,24.602,57.668,87.181,88,33.21,67.691,121.681,1824,14.74,59.993,91.284,765,99.495,184.683,239.449,10.2026,10.6606,172,39.641,539.999,5329.67,129,94.934,533.123,5729.67,2999,2999,1.00196,1,0,0,0,0,0.225079,1,1,14.1978,2,1.06977,2.07962,0.0503645,5449,6249,862,87.8779,1248,16274,18.9864
b2_dynamic_t0064_r02,b2_dynamic_phase_mismatch,76,5.4712,228000,76,26,21.766,48.242,138.339,74,24.756,63.892,72.05,1874,13.563,51.23,68.619,747,90.091,153.825,205.754,9.67871,10.0654,155,29.964,165.507,512.475,122,90.766,187.047,471.76,2998,2998,1.00196,1,0,0,0,0,0.275119,1,1,14.2479,2,0.44221,2,0.0503206,0,6292,485,92.8434,731,16395,21.046
b2_dynamic_t0064_r02,b2_dynamic_phase_mismatch,77,5.53166,231000,77,27,37.413,87.218,112.308,70,31.993,65.898,88.477,1855,13.682,60.911,88.119,766,101.113,198.539,263.307,9.3107,11.4182,139,119.329,4677.23,5555.41,142,156.679,4521.51,5687.91,2999,2999,1.00196,1,0,0,0,0,0,1,0,12.8573,2,2.07668,7.7777,0.0710297,39842,6566,1210,84.4393,2664,16538,14.5904
b2_dynamic_t0064_r02,b2_dynamic_phase_mismatch,78,5.55485,234000,78,30,28.544,103.545,110.574,74,41.724,95.114,136.408,1844,14.163,68.207,88.588,761,103.835,191.981,239.152,8.70434,12.5825,139,49.583,260.207,361.844,154,114.841,330.967,701.915,3002,3002,1.00196,0,0,0,0,0,0.235732,0,1,12.921,2,0.687025,0,0.0407324,0,3500,1118,75.7904,390,16689,15.6249
b2_dynamic_t0064_r02,b2_dynamic_phase_mismatch,79,5.58067,237000,79,21,43.291,100.698,110.894,65,35.158,80.469,111.009,1851,16.612,67.244,85.507,753,112.754,195.685,251.101,8.95352,13.6368,141,53.198,278.734,617.153,170,120.419,470.458,762.133,3001,3001,1.00196,1,0,0,0,0,0.271745,1,1,12.957,3,1.13708,3,0.036293,0,5991,884,87.1418,1021,16861,17.7041
b2_dynamic_t0064_r02,b2_dynamic_phase_mismatch,80,5.61201,240000,80,38,30.547,72.51,97.24,68,29.789,60.625,87.788,1828,15.754,67.551,91.419,761,104.177,173.455,216.39,7.00131,15.7005,161,62.86,2656.62,5490.35,147,103.245,472.777,5203.73,3003,3003,1.00196,0,0,0,0,0,0.325458,0,1,13.0107,2,1.7719,4.07418,0.0593252,8551,6495,837,88.5843,2612,17010,22.8266
b2_dynamic_t0064_r02,b2_dynamic_phase_mismatch,81,5.65744,243000,81,22,32.238,68.789,122.228,66,32.289,70.573,90.518,1836,16.451,75.833,105.979,746,117.339,202.545,270.74,7.57105,16.3174,146,97.969,3286.15,4456.97,176,140.153,3313.07,3720.74,2992,2992,1.00196,1,0,0,0,0,0.155003,1,1,11.4899,3,2.60415,5.33485,0.0624037,20413,6097,1360,81.7621,2250,17185,14.276
b2_dynamic_t0064_r02,b2_dynamic_phase_mismatch,82,5.68687,246000,82,23,33.904,62.695,69.481,67,33.797,86.479,115.711,1823,15.251,61.102,87.753,787,105.575,203.719,287.232,8.12834,13.8992,149,66.989,1939.95,3282.7,153,130.926,585.179,3659.59,3002,3002,1.00196,0,0,0,0,0,0.208116,0,1,11.543,2,2.83981,4.07251,0.0378771,5425,6197,1579,79.6939,1751,17337,18.3733
b2_dynamic_t0064_r02,b2_dynamic_phase_mismatch,83,5.70354,249000,83,25,19.122,42.027,47.845,67,24.525,56.582,83.409,1858,11.449,42.323,70.217,756,71.253,141.398,177.306,7.40741,10.1079,157,41.661,274.475,434.716,139,104.263,259.825,471.434,3002,3002,1.00196,1,0,0,0,0,0.251958,1,1,11.5868,3,0.943186,2,0.0441227,0,5666,666,89.482,574,17476,20.582
b2_dynamic_t0064_r02,b2_dynamic_phase_mismatch,84,5.7378,252000,84,22,25.902,62.6,71.149,54,27.278,86.08,190.882,1917,11.289,47.587,78.053,729,77.568,161.551,207.166,7.46091,11.1173,151,95.946,2463.59,4152.97,141,159.16,2497.05,3777.22,3014,3014,1.00196,1,0,0,0,0,0,1,1,10.5833,2,1.10192,3.51075,0.0449829,17146,5194,939,84.6894,1015,17615,12.4235
b2_dynamic_t0064_r02,b2_dynamic_phase_mismatch,85,5.75699,255000,85,30,36.656,60.327,63.036,52,22.453,78.778,107.774,1804,10.961,50.237,77.038,791,68.927,151.611,185.147,7.46903,9.69051,141,64.246,249.328,396.089,161,139.588,453.555,839.803,2979,2979,1.00196,0,0,0,0,0,0.218764,0,1,10.6461,2,0.217471,0,0.063302,0,3321,903,78.6222,207,17778,12.458
b2_dynamic_t0064_r02,b2_dynamic_phase_mismatch,86,5.77519,258000,86,24,16.697,47.585,78.803,60,25.975,79.229,91.037,1842,12.631,48.964,76.003,803,81.658,150.609,202.351,6.3462,12.6881,125,39.127,310.938,562.619,149,111.274,303.811,445.244,3003,3003,1.00196,1,0,0,0,0,0.257272,1,1,10.6847,3,0.547267,1,0.0387878,0,5721,608,90.3934,583,17929,13.5105
b2_dynamic_t0064_r02,b2_dynamic_phase_mismatch,87,5.80095,261000,87,23,27.102,47.76,97.44,68,22.595,65.313,109.846,1841,13.028,46.426,67.38,749,79.462,147.69,179.068,6.93324,11.6593,161,65.305,2287.45,3238.02,161,108.49,2252.65,2671.94,3003,3003,1.00196,1,0,0,0,0,0.289275,1,1,10.7167,2,0.890882,3.0716,0.0583248,7474,6491,500,92.8479,1041,18089,16.6707
b2_dynamic_t0064_r02,b2_dynamic_phase_mismatch,88,5.8327,264000,88,18,22.259,78.259,78.259,56,25.807,63.437,79.036,1852,12.419,47.277,71.899,762,80.907,145.441,205.24,6.48031,12.6038,153,63.747,2182.33,3859.06,159,110.9,4090.49,4850.26,3000,3000,1.00196,1,0,0,0,0,0.348988,1,1,10.7764,3,0.962826,3.07881,0.0444307,13943,7298,444,94.265,2047,18248,20.2893
b2_dynamic_t0064_r02,b2_dynamic_phase_mismatch,89,5.86154,267000,89,33,19.835,54.86,55.554,65,28.407,61.252,81.333,1857,12.415,44.73,66.96,738,80.566,143.484,178.705,6.37398,12.7155,159,76.056,2222.05,4575.45,154,125.384,2381.77,4365.27,3006,3006,1.00196,1,0,0,0,0,0.193693,1,1,9.55038,2,0.385114,2.35669,0.0435638,10651,5805,424,93.1931,788,18402,11.4568
b2_dynamic_t0064_r02,b2_dynamic_phase_mismatch,90,5.88108,270000,90,28,31.244,58.949,69.429,59,33.899,60.597,81.347,1872,13.305,50.111,73.597,758,89.481,151.389,193.702,6.29288,14.1334,134,37.722,264.059,696.616,140,109.193,325.904,371.829,2991,2991,1.00196,1,0,0,0,0,0.233757,1,1,9.59045,2,1.22677,1,0.0598412,0,4841,1137,80.9803,952,18543,12.5113
b2_dynamic_t0064_r02,b2_dynamic_phase_mismatch,91,5.90605,273000,91,28,21.331,49.913,65.946,69,24.008,66.714,143.349,1880,12.76,47.418,73.372,741,81.921,147.539,201.358,6.20108,13.5366,142,86.212,1882.9,2302.07,144,103.221,1511.93,2237.82,3004,3004,1.00196,0,0,0,0,0,0.293362,0,1,9.65005,2,1.67881,3.0767,0.0451326,7463,6167,894,87.3389,1955,18686,15.6112
b2_dynamic_t0064_r02,b2_dynamic_phase_mismatch,92,5.92469,276000,92,27,20.059,63.912,68.432,63,21.922,49.364,64.002,1873,11.96,43.264,61.597,750,73.628,127.956,175.538,5.264,14.2403,129,49.669,873.29,1242.56,145,107.438,507.971,1458.14,2987,2987,1.00196,1,0,0,0,0,0.336287,1,1,9.69298,3,0.88073,3,0.0432062,2123,6613,475,93.2985,1119,18832,18.6636
b2_dynamic_t0064_r02,b2_dynamic_phase_mismatch,93,5.95259,279000,93,22,24.979,49.256,57.663,73,28.358,81.914,151.877,1852,8.42,44.762,65.671,768,58.887,128.639,181.365,5.98568,10.8218,151,82.953,2236.69,3414.63,143,151.937,2240.76,3293.31,3009,3009,1.00196,1,0,0,0,0,0,1,0,8.4794,2,0.475175,1.38009,0.0395479,12946,3441,913,79.0308,554,18975,10.443
b2_dynamic_t0064_r02,b2_dynamic_phase_mismatch,94,5.96703,282000,94,26,19.997,68.342,72.042,76,22.947,56.036,70.097,1867,9.544,39.794,63.395,751,59.198,117.288,157.19,5.37949,11.5326,153,35.963,214.671,356.612,126,100.752,329.956,357.51,2999,2999,1.00196,1,0,0,0,0,0.222548,1,1,8.52616,2,0.504613,0,0.0470333,0,4017,634,86.3685,440,19100,11.1338
b2_dynamic_t0064_r02,b2_dynamic_phase_mismatch,95,5.98312,285000,95,33,23.127,84.165,112.557,75,20.199,64.441,69.944,1847,11.338,39.838,60.75,745,67.926,120.021,157.361,5.59732,12.2869,148,40.873,227.058,396.811,148,112.42,289.857,618.752,2996,2996,1.00196,1,0,0,0,0,0.269558,1,1,8.57317,2,0.554873,2,0.0472908,0,5933,443,93.0521,975,19247,12.5559
b2_dynamic_t0064_r02,b2_dynamic_phase_mismatch,96,6.00311,288000,96,27,21.012,49.321,61.613,80,20.85,43.2,66.36,1839,10.96,41.152,61.475,751,66.073,118.265,160.356,5.61518,11.8024,167,58.548,1026.25,1996.77,142,125.412,1463.95,2399.48,3006,3006,1.00196,1,0,0,0,0,0.305243,1,1,8.60885,2,0.73994,2.08342,0.0655193,4271,6103,372,94.2548,1318,19389,0
b2_dynamic_t0064_r02,b2_dynamic_phase_mismatch,97,6.02724,291000,97,26,19.642,31.572,76.802,60,20.689,53.833,64.321,1872,11.157,44.917,61.079,733,65.874,126.309,161.447,4.67804,14.855,156,71.705,2164.37,2369.78,153,127.668,1650.99,2378.82,3000,3000,1.00196,0,0,0,0,0,0.370708,0,1,8.67432,2,0.54151,3.08839,0.0476007,8542,6908,283,96.0645,1580,19544,18.162
b2_dynamic_t0064_r02,b2_dynamic_phase_mismatch,98,6.0501,294000,98,29,16.552,49.263,51.264,57,25.113,64.76,78.946,1868,8.23,41.468,58.603,744,54.303,109.403,141.913,4.88038,11.9339,165,35.957,260.529,580.78,144,101.341,290.378,562.382,3007,3007,1.00196,1,0,0,0,0,0.220639,1,1,7.54051,3,0.872651,0.319873,0.0491066,0,3417,995,77.4479,550,19685,10.572
b2_dynamic_t0064_r02,b2_dynamic_phase_mismatch,99,6.06564,297000,99,28,25.618,64.83,72.899,56,24.074,68.077,78.46,1831,9.864,37.347,56.708,769,61.11,112.379,147.266,5.17945,12.4241,159,51.294,234.002,285.035,147,98.908,264.463,487.3,2990,2990,1.00196,1,0,0,0,0,0.264741,1,1,7.58461,2,1.2574,2,0.0443821,0,4938,674,87.99,978,19833,12.5395
b2_dynamic_t0064_r02,b2_dynamic_phase_mismatch,100,6.08726,300000,100,21,18.883,40.29,68.199,57,21.608,44.491,48.825,1862,10.703,44.355,61.82,744,68.062,122.27,158.466,4.55511,15.8303,142,66.468,1109.49,2348.19,165,118.21,1336.5,2603.14,2991,2991,1.00196,1,0,0,0,0,0.325147,1,1,7.64502,3,0.980038,3.08449,0.0655117,5331,6479,513,92.663,1634,20000,14.7591
b2_dynamic_t0064_r03,b2_dynamic_phase_mismatch,1,0.0312054,3000,1,30,19.155,36.918,39.625,62,21.331,41.298,43.364,1721,19.775,43.499,57.983,753,141.043,184.951,266.404,96.834,1.55246,127,16.199,100.776,281.026,315,38.45,113.163,255.807,3008,3008,1.00196,0,0,0,0,0,130.714,1,1,130.714,4,2.3255,2,0.0449009,0,2681,7256,26.98,200,315,132.817
b2_dynamic_t0064_r03,b2_dynamic_phase_mismatch,2,0.0508318,6000,2,35,18.58,49.446,53.918,63,18.505,30.506,36.682,1691,17.406,37.699,47.911,754,120.64,166.104,187.936,92.5464,1.26903,153,17.458,224.732,310.286,304,38.895,144.132,291.934,3000,3000,1.00196,1,0,0,0,0,130.758,1,1,130.758,5,3.31993,5.03843,0.0485296,0,6730,5901,53.2816,304,617,137.953
b2_dynamic_t0064_r03,b2_dynamic_phase_mismatch,3,0.0688201,9000,3,28,15.002,37.966,39.15,69,17.07,31.428,36.345,1734,15.988,36.594,49.617,737,106.742,157.931,199.025,84.8168,1.25959,144,22.094,181.97,295.347,291,39.871,147.36,290.658,3003,3003,1.00196,2,0,0,0,0,130.804,2,1,130.804,5,2.87031,4.04623,0.0515203,0,8337,4499,64.9501,445,909,143.081
b2_dynamic_t0064_r03,b2_dynamic_phase_mismatch,4,0.103998,12000,4,33,15.398,47.07,50.034,49,15.74,35.841,48.06,1718,13.72,36.841,55.37,775,94.812,154.611,187.618,79.5781,1.23088,139,32.541,2001.09,2306.7,285,53.138,2229.34,3331.39,2999,2999,1.00196,0,0,0,0,0,130.87,0,2,130.87,4,4.88025,10.1824,0.078084,19120,10038,4244,70.2843,827,1195,152.338
b2_dynamic_t0064_r03,b2_dynamic_phase_mismatch,5,0.14859,15000,5,21,10.222,42.272,58.708,58,19.394,57.359,77.161,1717,12.264,41.271,61.723,752,103.854,168.782,205.759,76.0731,1.38536,137,71.978,2362.26,3636.53,319,78.462,2291.06,4324.11,3004,3004,2.00197,1,0,0,0,0,130.91,1,1,130.91,5,5.16263,13.0916,0.0483217,26473,10078,3615,73.5996,201,1510,165.524
b2_dynamic_t0064_r03,b2_dynamic_phase_mismatch,6,0.465756,18000,6,22,25.115,102.82,128.905,69,28.386,103.289,152.92,1667,24.138,94.9,156.692,755,200.518,383.688,466.623,70.4252,2.95583,159,2380.02,13865.7,18196.1,325,2893.74,17083.4,19989,2997,2997,1.00196,1,0,0,0,0,130.959,1,1,130.959,5,32.478,88.9219,0.0609522,283322,23990,10065,70.4449,4127,1834,255.545
b2_dynamic_t0064_r03,b2_dynamic_phase_mismatch,7,0.553414,21000,7,23,23.91,112.908,196.875,49,43.105,109.758,136.597,1738,40.462,105.635,144.824,766,277.396,500.997,628.316,66.9178,4.32969,136,56.779,5625.7,28043.3,283,135.994,757.004,25994.7,2995,2995,2.00197,0,0,0,0,0,0.340806,0,1,129.407,4,2.91,6.32834,0.064764,39488,6784,4471,60.2754,251,2120,129.994
b2_dynamic_t0064_r03,b2_dynamic_phase_mismatch,8,0.598269,24000,8,19,40.634,92.811,92.811,72,39.538,107.499,149.08,1736,36.203,94.563,129.148,722,270.295,450.38,570.192,64.1399,4.29152,154,51.614,363.383,652.755,295,115.459,339.374,581.384,2998,2998,2.00197,1,0,0,0,0,0.380122,1,1,129.446,5,2.47265,1.30384,0.0539474,0,5580,4780,53.861,3923,2416,131.774
b2_dynamic_t0064_r03,b2_dynamic_phase_mismatch,9,0.674113,27000,9,24,36.179,81.104,97.735,58,33.548,101,129.107,1724,30.302,81.784,124.521,739,210.47,353.211,425.918,61.0744,3.57708,146,93.372,6458.82,8172.79,315,133.574,5789.34,10935,3006,3006,1.00196,1,0,0,0,0,0.432837,1,1,129.499,5,7.35405,7.09493,0.0619068,37285,7378,5192,58.6953,13689,2729,137.956
b2_dynamic_t0064_r03,b2_dynamic_phase_mismatch,10,0.918964,30000,10,24,25.824,66.416,121.311,59,41.082,119.754,184.266,1727,31.982,95.528,146.947,718,233.08,392.262,466.933,56.0139,4.21498,162,132.475,15809.2,19997.8,311,184.143,17518.4,20688.5,3001,3001,0.00195312,1,0,0,0,0,0.485404,1,1,129.551,5,37.919,41.1915,0.0627584,204201,13880,12170,53.2821,77464,3039,179.23
b2_dynamic_t0064_r03,b2_dynamic_phase_mismatch,11,1.06072,33000,11,18,45.217,86.168,86.168,63,34.206,99.115,132.503,1678,28.642,81.865,109.058,753,208.257,332.229,386.367,53.4157,3.96218,168,86.836,16351.7,24806.8,315,163.062,16459.9,24419.5,2995,2995,1.00196,0,0,0,0,0,0.54919,0,1,129.615,4,14.6311,16.7913,0.0691452,102064,10930,5591,66.1582,33869,3358,196.712
b2_dynamic_t0064_r03,b2_dynamic_phase_mismatch,12,1.21545,36000,12,23,17.343,58.708,77.587,72,41.962,75.092,138.962,1694,32.171,86.496,124.514,759,205.962,332.131,407.713,54.5362,3.874,148,96.942,19184.4,23699.8,301,134.511,18403.4,23801.5,2997,2997,2.00197,0,0,0,0,0,0.276153,0,1,85.87,5,20.5484,22.8556,0.0655642,115915,9195,8710,51.3544,40749,3659,89.3036
b2_dynamic_t0064_r03,b2_dynamic_phase_mismatch,13,1.62568,39000,13,29,24.486,63.983,84.161,65,43.514,109.305,209.346,1738,33.63,114.429,167.471,733,216.077,377.674,559.532,46.7299,4.92778,146,305.685,26717.3,35046.6,295,291.792,28316,33973.3,3006,3006,1.00196,0,0,0,0,0,0.330917,0,1,85.9248,5,62.3261,63.3214,0.0633698,371435,11582,18981,37.8955,70990,3953,152.719
b2_dynamic_t0064_r03,b2_dynamic_phase_mismatch,14,1.66225,42000,14,25,24.143,63.463,68.791,57,33.318,84.02,178.711,1699,23.991,71.918,98.168,753,140.789,292.133,326.9,42.5525,3.6803,156,81.701,335.821,632.968,310,120.119,386.095,634.873,3000,3000,0.00195312,1,0,0,0,0,0.143506,1,1,66.3742,5,3.261,2,0.0534067,0,3385,4014,45.7494,960,4259,68.9099
b2_dynamic_t0064_r03,b2_dynamic_phase_mismatch,15,1.7328,45000,15,20,34.724,85.807,85.807,56,39.253,86.467,94.572,1689,22.127,79.401,121.801,750,154.43,301.673,353.904,40.2973,4.24027,164,84.882,741.921,13318.9,312,144.98,7890.98,12721.4,2991,2991,2.00197,0,0,0,0,0,0.202611,0,1,66.4333,4,7.72782,10.0477,0.0646086,34013,6865,4467,60.5807,4513,4576,79.0113
b2_dynamic_t0064_r03,b2_dynamic_phase_mismatch,16,2.00506,48000,16,21,26.526,87.692,99.453,53,36.052,83.541,93.983,1714,23.83,80.98,120.528,748,165.747,320.715,370.795,40.0989,4.42269,154,92.059,31404,43812.5,322,176.279,34180.8,47492.5,3012,3012,2.00197,0,0,0,0,0,0.146775,0,2,58.181,5,31.9605,46.0822,0.0652761,236389,11295,10545,51.717,26295,4896,60.4514
b2_dynamic_t0064_r03,b2_dynamic_phase_mismatch,17,2.09216,51000,17,15,17.805,54.038,54.038,59,36.947,92.961,103.082,1720,22.385,76.856,103.658,759,150.606,307.297,351.512,36.4335,4.54718,148,89.759,1198.96,41034.7,299,129.196,1572.34,40808.6,3000,3000,1.00196,1,0,0,0,0,0.192106,1,1,58.2263,5,8.77442,9.04433,0.0497284,53193,5982,4938,54.7802,4496,5193,67.8815
b2_dynamic_t0064_r03,b2_dynamic_phase_mismatch,18,2.36564,54000,18,21,17.889,94.784,109.331,58,34.12,96.922,103.641,1707,21.399,84.356,110.975,754,147.525,321.028,442.628,33.7361,4.93011,146,111.81,32035.1,52341,308,173.59,32613.6,52480.4,2994,2994,1.00196,1,0,0,0,0,0.114165,1,1,50.5978,5,37.2783,43.4837,0.0588932,237315,8077,12096,40.0387,25047,5504,54.1544
b2_dynamic_t0064_r03,b2_dynamic_phase_mismatch,19,2.47121,57000,19,31,16.681,65.992,68.781,48,41.8,87.843,108.461,1759,19.719,77.496,105.935,729,139.524,292.174,350.562,31.9492,4.86583,150,107.882,9861.02,29980.4,293,163.443,12946.8,30519.6,3010,3010,1.00196,0,0,0,0,0,0.170658,0,1,50.6543,4,13.763,18.09,0.065484,72303,6736,5653,54.3708,6959,5794,71.4011
b2_dynamic_t0064_r03,b2_dynamic_phase_mismatch,20,2.63784,60000,20,25,21.284,61.868,62.219,64,36.862,83.885,105.134,1729,19.175,76.943,102.359,750,136.936,287.542,330.428,29.8,5.16314,149,93.637,11494.1,49165.3,281,138.032,32502.6,49122,2998,2998,1.00196,1,0,0,0,0,0.145069,1,1,46.3671,5,20.2441,28.222,0.0556221,134073,8258,7284,53.1334,10537,6076,50.0614
b2_dynamic_t0064_r03,b2_dynamic_phase_mismatch,21,2.79338,63000,21,25,26.435,101.45,108.143,89,34.003,103.789,136.379,1687,20.283,84.552,119.047,726,140.513,295.68,347.203,27.6433,5.72245,145,101.763,27595.5,33240.2,318,157.312,27784,35748.2,2990,2990,0.00195312,1,0,0,0,0,0,1,1,40.2126,5,33.7467,38.1868,0.0648823,120140,7931,10601,42.7962,21716,6397,41.1006
b2_dynamic_t0064_r03,b2_dynamic_phase_mismatch,22,2.82451,66000,22,27,17.625,75.648,88.528,54,29.052,77.905,103.713,1749,17.739,74.922,98.935,762,124.21,279.614,325.749,26.9554,5.26256,132,105.269,427.367,599.566,288,137.206,413.226,697.191,3012,3012,2.00197,1,0,0,0,0,0.117276,1,1,40.2583,4,4.55117,4,0.0462999,0,4433,3492,55.9369,2224,6679,45.0182
b2_dynamic_t0064_r03,b2_dynamic_phase_mismatch,23,2.93069,69000,23,16,15.047,95.145,95.145,67,38.458,111.238,173.579,1766,19.503,77.562,102.789,716,137.801,273.704,329.359,26.0209,5.82587,146,85.34,10999.5,24519,284,188.138,10946,30343,2995,2995,2.00197,0,0,0,0,0,0.172627,0,1,40.3137,4,15.6975,21.0896,0.0649643,72425,7431,5607,56.9949,8092,6969,67.0826
b2_dynamic_t0064_r03,b2_dynamic_phase_mismatch,24,3.02099,72000,24,19,23.115,78.514,78.514,58,37.972,79.496,86.588,1722,19.525,76.148,105.115,744,135.729,285.553,336.092,24.6344,6.35898,158,103.493,15092.2,21288.8,305,180.981,962.916,21819.5,3006,3006,2.00197,1,0,0,0,0,0.14484,1,1,36.5911,5,8.47264,12.4462,0.0557537,53158,6475,3846,62.7362,4660,7272,38.3964
b2_dynamic_t0064_r03,b2_dynamic_phase_mismatch,25,3.20204,75000,25,25,19.18,69.689,120.934,59,37.246,133.039,136.313,1713,19.099,95.009,157.465,743,155.56,430.638,695.757,22.5236,8.32642,141,88.595,21562.3,34587.2,302,146.713,26707.7,34396.4,2983,2983,2.00197,0,0,0,0,0,0.212984,0,1,36.6592,5,19.3145,23.0441,0.0730038,141484,7876,6745,53.8677,14276,7576,62.5199
b2_dynamic_t0064_r03,b2_dynamic_phase_mismatch,26,3.29303,78000,26,26,38.093,88.668,102.075,63,29.974,82.247,140.835,1680,18.366,83.123,115.39,780,139.618,335.449,436.158,22.2295,7.23488,170,83.124,6454.02,28042.6,283,140.045,1443.58,37530.5,3002,3002,2.00197,0,0,0,0,0,0.138517,0,1,31.7694,4,7.14516,8.63089,0.057559,57476,5309,3718,58.8125,4598,7859,33.6147
b2_dynamic_t0064_r03,b2_dynamic_phase_mismatch,27,3.47538,81000,27,24,17.795,69.125,111.433,65,31.354,91.025,122.743,1710,18.2,81.194,114.354,752,129.254,297.971,366.684,21.1928,7.02973,165,116.692,21857,25002.4,295,173.376,22485.8,27911.3,3011,3011,1.00196,1,0,0,0,0,0.0935707,1,1,28.6004,5,20.9853,27.5609,0.0557632,149007,7599,6854,52.5773,11252,8153,29.4988
b2_dynamic_t0064_r03,b2_dynamic_phase_mismatch,28,3.51871,84000,28,24,14.747,66.516,88.353,55,38.543,103.055,173.436,1697,18.346,81.352,118.819,756,130.915,311.441,397.912,20.2844,7.42474,152,98.116,525.018,8662.9,322,149.235,623.971,8669.47,3006,3006,1.00196,1,0,0,0,0,0.155457,1,1,28.6623,5,6.84514,7.04887,0.0678301,8522,5284,3419,60.7147,2764,8472,37.619
b2_dynamic_t0064_r03,b2_dynamic_phase_mismatch,29,3.56333,87000,29,19,15.639,102.361,102.361,66,35.311,101.998,146.655,1718,18.666,79.458,107.071,742,123.252,289.07,368.105,18.5836,7.5263,159,99.886,5483.51,6876.51,285,143.773,718.456,6693.91,2989,2989,2.00197,1,0,0,0,0,0.203255,1,1,28.7101,4,5.82903,9.04567,0.0648661,12810,6876,2610,72.4858,2683,8760,45.7516
b2_dynamic_t0064_r03,b2_dynamic_phase_mismatch,30,3.66292,90000,30,22,21.149,100.475,158.299,60,36.42,101.103,137.388,1708,18.221,87.29,122.098,778,134.249,307.289,394.115,17.545,8.92207,152,109.742,6711.09,23810.3,290,169.355,9028.3,23633.2,3010,3010,1.00196,1,0,0,0,0,0.170276,1,1,26.4554,5,12.1039,16.3336,0.0533791,63908,6703,4751,58.521,6436,9046,33.4594
b2_dynamic_t0064_r03,b2_dynamic_phase_mismatch,31,3.74762,93000,31,25,15.89,107.917,114.764,54,35.978,77.152,101.107,1696,17.791,73.533,103.326,773,126.539,263.702,321.348,15.6404,9.08669,156,129.952,11883.4,14308.1,290,177.441,2534.61,14225.1,2994,2994,1.00196,1,0,0,0,0,0.22057,1,1,26.5057,4,12.6682,16.0503,0.0569677,51082,7470,4318,63.3695,9055,9338,49.6094
b2_dynamic_t0064_r03,b2_dynamic_phase_mismatch,32,3.78194,96000,32,16,17.04,70.969,70.969,57,28.416,78.181,134.528,1794,16.8,69.541,96.884,711,115.643,254.547,336.197,14.9831,8.80087,154,93.263,398.048,1297.73,266,158.739,871.637,3887.41,2998,2998,2.00197,1,0,0,0,0,0.15601,2,1,23.3128,4,3.1933,3.15674,0.0712442,1067,4951,1996,71.2682,1408,9606,26.8085
b2_dynamic_t0064_r03,b2_dynamic_phase_mismatch,33,3.84121,99000,33,25,35.887,71.902,99.313,50,20.805,81.046,89.895,1665,17.374,72.2,95.535,824,117.916,263.809,318.397,14.0012,9.5339,130,112.295,5319.17,10651.2,303,180.219,4841.23,9834.56,2997,2997,1.00196,0,0,0,0,0,0.219377,0,1,23.3761,5,10.042,13.0907,0.0598726,26633,7470,3784,66.3764,7141,9909,39.5014
b2_dynamic_t0064_r03,b2_dynamic_phase_mismatch,34,3.8835,102000,34,18,15.423,79.78,79.78,34,28.446,84.421,89.368,1047,17.215,72.56,103.081,475,107.751,249.36,335.656,12.4274,9.63499,1255,47.237,192.57,665.516,197,127.41,391.504,766.498,3026,3026,1.00196,1,0,0,0,0,0,1,1,20.5014,3,3.52402,5.50142,0.263613,13885,3456,1489,69.8888,2525,10105,22.1632
b2_dynamic_t0064_r03,b2_dynamic_phase_mismatch,35,3.90956,105000,35,8,10.819,54.757,54.757,23,35.498,76.921,96.739,695,14.091,63.427,99.792,310,99.987,236.226,332.832,14.0871,8.17284,1802,46.713,158.727,266.639,150,101.069,242.052,642.399,2988,2988,2.00197,0,0,0,0,0,0.793042,1,1,21.1373,2,0,0,0.446684,0,801,712,52.9412,0,10257,22.3308
b2_dynamic_t0064_r03,b2_dynamic_phase_mismatch,36,3.93417,108000,36,11,23.53,61.772,61.772,17,46.652,132.639,132.639,714,17.252,71.105,92.196,290,119.112,235.923,360.666,12.4241,10.4691,1813,40.449,143.273,210.161,143,95.775,177.503,244.526,2988,2988,1.00196,0,0,0,0,0,1.16841,0,1,21.5127,2,1.18583,1,0.375647,0,1678,934,64.242,1072,10399,23.8322
b2_dynamic_t0064_r03,b2_dynamic_phase_mismatch,37,3.96501,111000,37,8,46.599,92.695,92.695,24,38.822,74.573,76.887,765,17.459,69.143,95.905,291,114.242,227.902,293.698,12.4777,9.97413,1788,38.565,128.986,463.406,144,85.615,158.838,227.775,3020,3020,2.00197,1,0,0,0,0,1.56061,1,1,21.9049,3,1.8351,2.76757,0.413615,7402,2408,977,71.1374,1200,10543,27.0923
b2_dynamic_t0064_r03,b2_dynamic_phase_mismatch,38,3.98746,114000,38,11,14.29,49.644,49.644,24,39.616,82.242,115.652,766,16.722,57.208,78.606,302,114.732,240.374,284.426,14.1987,8.77702,1740,35.936,119.838,242.852,148,83.989,156.552,263.599,2991,2991,2.00197,1,0,0,0,0,1.98583,1,1,22.3301,2,1.40336,2,0.425499,0,2328,917,71.7411,1561,10689,29.7837
b2_dynamic_t0064_r03,b2_dynamic_phase_mismatch,39,4.11001,117000,39,11,19.619,55.887,55.887,22,49.973,96.575,102.583,717,20.275,87.642,119.334,320,129.209,278.662,309.348,13.2719,11.0183,1768,52.177,1353.39,8936.1,150,122.314,354.818,9050.48,2988,2988,2.00197,0,0,0,0,0,1.84138,0,1,19.6492,2,12.4501,15.8078,0.649013,88543,3367,3974,45.8657,9690,10841,24.436
b2_dynamic_t0064_r03,b2_dynamic_phase_mismatch,40,4.14535,120000,40,10,39.93,82.904,82.904,26,46.442,104.652,133.074,715,20.085,70.996,99.099,303,135.613,255.928,323.558,13.6865,10.6915,1820,44.181,150.907,499.572,121,104.119,186.101,255.587,2995,2995,2.00197,0,0,0,0,0,2.29772,0,1,20.1055,2,5.94038,7.89086,0.479158,8527,2888,2070,58.2493,2963,10962,32.1043
b2_dynamic_t0064_r03,b2_dynamic_phase_mismatch,41,4.17503,123000,41,13,20.548,87.441,87.441,22,45.138,101.291,127.281,692,20.903,77.966,104.881,283,146.774,249.854,324.876,12.7774,12.027,1824,48.35,172.22,433.297,172,110.443,213.778,324.936,3006,3006,2.00197,1,0,0,0,0,2.65512,1,1,20.4629,3,3.98955,5,0.357676,0,2281,1667,57.7761,1613,11133,38.8088
b2_dynamic_t0064_r03,b2_dynamic_phase_mismatch,42,4.2182,126000,42,11,17.738,72.203,72.203,18,54.463,123.603,123.603,706,19.124,78.711,103.69,279,136.957,249.464,322.153,14.0753,10.2239,1841,45.947,168.526,3387.12,141,101.947,232.719,250.26,2996,2996,2.00197,1,0,0,0,0,1.68565,1,1,19.0297,2,4.67667,5.34404,0.654887,14926,1589,1861,46.058,1581,11275,23.9499
b2_dynamic_t0064_r03,b2_dynamic_phase_mismatch,43,4.25948,129000,43,12,18.857,55.842,55.842,26,36.525,55.642,66.254,729,19.69,71.839,93.283,333,130.838,244.758,326.998,13.0661,10.6104,1757,44.833,177.761,2664.99,136,102.606,216.837,360.6,2993,2993,2.00197,0,0,0,0,0,2.34729,0,2,19.6913,2,6.56887,8,0.444854,13998,3150,2356,57.2103,2771,11412,32.8424
b2_dynamic_t0064_r03,b2_dynamic_phase_mismatch,44,4.29441,132000,44,14,28.057,66.736,66.736,30,30.595,107.222,131.534,692,20.879,72.501,103.331,302,144.195,250.82,311.023,12.7285,11.949,1808,46.872,191.962,581.922,169,111.53,232.73,342.751,3015,3015,2.00197,1,0,0,0,0,2.69895,1,1,20.043,3,3.90874,5.87676,0.377547,5365,2391,1685,58.6605,1193,11579,39.8188
b2_dynamic_t0064_r03,b2_dynamic_phase_mismatch,45,4.3219,135000,45,9,22.514,60.305,60.305,22,46.013,89.758,97.102,723,18.085,72.242,105.58,287,126.542,240.599,315.697,12.1951,11.1571,1800,42.456,153.184,245.608,154,103.378,210.283,256.281,2995,2995,2.00197,1,0,0,0,0,1.65126,1,1,18.8804,2,1.22115,1.22917,0.610708,0,1435,933,60.5997,369,11734,20.6775
b2_dynamic_t0064_r03,b2_dynamic_phase_mismatch,46,4.36159,138000,46,14,19.285,54.537,54.537,15,40.528,76.274,76.274,717,17.63,68.499,87.941,305,122.846,234.882,330.218,11.7607,11.28,1794,39.46,157.405,2423.63,146,96.173,283.681,2414.22,2991,2991,2.00197,0,0,0,0,0,2.24006,0,1,19.4692,2,2.62173,3.80833,0.402264,14911,2443,1344,64.5102,1145,11881,24.8199
b2_dynamic_t0064_r03,b2_dynamic_phase_mismatch,47,4.38685,141000,47,8,36.162,58.884,58.884,30,30.952,61.08,87.46,762,18.301,67.366,96.529,262,129.158,247.066,342.092,15.2405,9.37251,1821,40.748,148.279,392.956,140,96.389,205.076,235.509,3023,3023,2.00197,1,0,0,0,0,2.69631,1,1,19.9255,3,1.22919,2,0.456534,0,1806,927,66.0812,579,12021,27.2482
b2_dynamic_t0064_r03,b2_dynamic_phase_mismatch,48,4.48792,144000,48,13,18.583,86.623,86.623,27,31.258,116.14,130.083,710,18.853,78.274,103.595,294,130.663,264.878,374.485,13.5476,10.8618,1799,56.23,2340.2,2627.93,152,104.737,2419.04,3527.35,2995,2995,2.00197,1,0,0,0,0,1.67596,1,1,37.2494,2,8.05354,12.7553,0.411654,67572,3194,2699,54.1999,3838,12172,39.8775
b2_dynamic_t0064_r03,b2_dynamic_phase_mismatch,49,4.51448,147000,49,6,47.064,67.182,67.182,33,24.478,53.767,55.337,676,16.868,68.207,96.421,276,123.125,237.362,291.59,13.9674,9.33019,1850,44.466,158.756,269.946,160,97.501,221.912,295.071,3001,3001,1.00196,1,0,0,0,0,2.26921,1,1,19.1817,3,2.06067,2,0.618553,0,1078,1307,45.1992,1219,12332,22.6503
b2_dynamic_t0064_r03,b2_dynamic_phase_mismatch,50,4.54035,150000,50,16,27.883,84.494,84.494,15,24.79,76.625,76.625,722,19.285,64.285,96.5,290,131.301,218.989,276.679,11.431,11.6784,1804,41.222,167.046,261.547,142,107.195,233.376,316.355,2989,2989,2.00197,1,0,0,0,0,2.61734,1,1,19.5298,2,2.31812,2,0.348409,0,2138,1176,64.5142,1431,12474,26.1404
b2_dynamic_t0064_r03,b2_dynamic_phase_mismatch,51,4.58455,153000,51,13,35.764,77.354,77.354,24,48.752,67.957,78.329,704,19.5,75.757,104.374,323,141.898,232.161,310.979,12.4706,11.653,1789,43.774,222.963,2430.1,151,112.688,321.124,2427.85,3004,3004,2.00197,0,0,0,0,0,3.24996,1,1,20.1625,2,5.29283,8.80883,0.653804,14999,3179,1962,61.8362,3473,12625,34.4414
b2_dynamic_t0064_r03,b2_dynamic_phase_mismatch,52,4.63163,156000,52,17,29.005,130.214,130.214,20,49.13,96.331,96.331,706,19.133,73.482,97.449,298,138.925,260.398,340.934,14.0369,10.4783,1816,46.465,863.381,2368.91,136,108.651,231.254,2323.95,2993,2993,2.00197,0,0,0,0,0,1.65581,0,1,18.1996,2,3.2033,4.54376,0.462853,19269,2481,1602,60.7641,2271,12761,20.6865
b2_dynamic_t0064_r03,b2_dynamic_phase_mismatch,53,4.65748,159000,53,10,45.224,264.569,264.569,28,45.878,93.288,96.172,742,18.455,71.088,97.855,287,135.662,227.979,303.899,11.6341,12.0385,1793,41.616,152.109,281.004,146,102.253,240.014,302.397,3006,3006,2.00197,0,0,0,0,0,2.0794,0,1,18.6232,2,4.89956,5,0.423865,0,1953,1753,52.6983,2759,12907,26.1761
b2_dynamic_t0064_r03,b2_dynamic_phase_mismatch,54,4.69651,162000,54,16,40.144,102.001,102.001,29,45.745,71.256,85.839,714,18.792,67.849,94.121,299,130.987,250.049,339.472,11.2876,12.4477,1794,46.263,260.23,1300.53,147,98.872,442.533,1206.84,2999,2999,2.00197,1,0,0,0,0,2.49446,1,1,19.0382,3,6.13811,8.85894,0.438332,11801,2730,2199,55.3865,3035,13052,34.4893
b2_dynamic_t0064_r03,b2_dynamic_phase_mismatch,55,4.73203,165000,55,11,17.334,139.137,139.137,38,31.153,164.073,191.294,682,19.371,65.591,90.963,307,128.444,226.724,284.614,12.8176,10.5706,1808,45.245,204.019,1191.41,156,109.894,237.523,1195.94,3002,3002,2.00197,1,0,0,0,0,1.46129,1,1,17.4045,2,2.78464,2.94325,0.38574,8574,2287,1350,62.8815,1393,13208,20.3972
b2_dynamic_t0064_r03,b2_dynamic_phase_mismatch,56,4.7577,168000,56,7,17.064,65.859,65.859,40,43.104,88.019,94.363,751,17.64,69.936,96.757,298,123.834,218.322,308.325,12.3624,10.6818,1741,41.331,153.333,239.705,164,96.709,205.518,325.114,3001,3001,2.00197,1,0,0,0,0,2.05987,1,1,18.0031,3,4.35303,5,0.599001,0,1972,1818,52.0317,1624,13375,24.6089
b2_dynamic_t0064_r03,b2_dynamic_phase_mismatch,57,4.80807,171000,57,11,23.848,130.074,130.074,25,36.671,104.614,120.519,699,21.311,74.72,108.948,313,139.464,235.412,324.951,11.8179,12.0743,1780,47.024,1156.32,1419.19,172,98.722,1157.07,1572.86,3000,3000,2.00197,0,0,0,0,0,2.5617,0,1,18.505,2,7.76221,10.6757,0.518389,22497,3195,2626,54.8875,3198,13546,35.7795
b2_dynamic_t0064_r03,b2_dynamic_phase_mismatch,58,4.83504,174000,58,15,19.865,98.561,98.561,19,42.245,121.008,121.008,687,18.582,70.135,89.248,294,124.225,215.042,278.684,12.0544,10.5723,1829,38.378,181.294,483.392,150,101.871,226.537,899.831,2994,2994,2.00197,1,0,0,0,0,1.5217,1,1,17.3071,3,1.88896,1.78544,0.421571,1078,1792,1102,61.9212,709,13697,19.9761
b2_dynamic_t0064_r03,b2_dynamic_phase_mismatch,59,4.8578,177000,59,9,39.223,46.652,46.652,21,38.607,78.2,92.795,698,17.326,58.507,82.172,303,114.1,183.734,225.044,11.8086,9.74616,1808,38.692,116.12,209.927,164,88.921,170.974,209.752,3003,3003,1.00196,1,0,0,0,0,1.92488,1,1,17.7103,2,3.77906,4,0.599016,0,2194,1612,57.6458,1696,13861,25.3403
b2_dynamic_t0064_r03,b2_dynamic_phase_mismatch,60,4.89438,180000,60,10,25.999,60.731,60.731,26,31.303,69.76,83.094,713,16.912,60.911,83.07,288,119.02,205.231,272.159,12.1875,10.0057,1823,41.197,564.084,1206.64,143,87.379,323.206,1184.76,3003,3003,2.00197,1,0,0,0,0,2.51151,1,1,18.2969,3,5.41387,7.80585,0.413408,12860,2671,2095,56.0428,2165,14002,33.5513
b2_dynamic_t0064_r03,b2_dynamic_phase_mismatch,61,4.93326,183000,61,14,44.469,77.556,77.556,23,28.556,75.166,123.903,714,17.661,63.033,104.6,299,126.47,224.098,302.021,10.4047,12.4782,1791,44.3,971.383,1183.45,151,94.516,341.814,1252.57,2992,2992,2.00197,1,0,0,0,0,1.59985,1,1,34.2243,2,2.2042,3.54637,0.381299,13995,2302,1126,67.1529,791,14154,36.9623
b2_dynamic_t0064_r03,b2_dynamic_phase_mismatch,62,4.95601,186000,62,5,26.117,55.776,55.776,23,46.94,88.827,108.801,677,14.482,60.645,85.178,294,107.414,184.73,252.516,11.932,9.23385,1859,38.651,125.813,214.028,146,88.117,187.004,224.423,3004,3004,2.00197,1,0,0,0,0,1.99976,1,1,17.5461,2,0.586839,0.770573,0.660576,0,1049,910,53.5477,305,14299,0
b2_dynamic_t0064_r03,b2_dynamic_phase_mismatch,63,4.97744,189000,63,6,21.099,74.058,74.058,26,24.74,73.022,86.645,692,15.77,60.244,88.67,334,106.022,179.771,221.15,11.8054,9.2591,1805,33.827,122.099,217.384,140,82.843,180.009,235.256,3003,3003,2.00197,0,0,0,0,0,2.63851,0,1,18.1849,2,1.04319,2,0.40222,0,2181,964,69.3482,693,14438,21.8972
b2_dynamic_t0064_r03,b2_dynamic_phase_mismatch,64,5.01317,192000,64,9,19.353,42.476,42.476,25,31.567,63.43,84.928,771,15.809,55.08,81.652,294,111.975,197.495,271.321,13.1939,8.87911,1735,38.769,418.967,1263.77,161,89.115,301.587,1287.39,2995,2995,2.00197,1,0,0,0,0,3.03451,1,1,18.5809,3,2.93662,4.85117,0.424989,12826,2861,1324,68.3632,1739,14600,27.3637
b2_dynamic_t0064_r03,b2_dynamic_phase_mismatch,65,5.07337,195000,65,7,33.394,94.345,94.345,16,29.652,103.448,103.448,740,20.218,72.515,89.924,291,141.667,254.487,298.993,13.7938,10.8941,1799,45.87,1124.02,1328.14,151,107.267,1145.16,1293.23,3004,3004,1.00196,0,0,0,0,0,3.62919,0,1,19.1756,2,5.24966,9.77826,0.622835,19349,3765,1933,66.0758,4370,14753,37.9153
b2_dynamic_t0064_r03,b2_dynamic_phase_mismatch,66,5.10026,198000,66,11,28.926,81.216,81.216,16,35.766,83.17,83.17,693,16.688,68.849,93.135,303,115.922,196.874,283.575,12.5116,9.72004,1830,45.201,174.403,280.061,155,101.951,232.82,298.689,3008,3008,1.00196,1,0,0,0,0,1.99598,1,1,17.4162,3,0.531841,0.420187,0.366827,0,1064,854,55.4745,177,14908,19.2072
b2_dynamic_t0064_r03,b2_dynamic_phase_mismatch,67,5.12284,201000,67,18,24.332,45.134,45.134,50,27.025,78.903,147.431,1113,14.459,58.528,82.461,453,107.257,183.671,234.788,10.8786,10.0426,1223,41.862,139.555,253.61,137,92.336,286.565,464.425,2994,2994,2.00197,1,0,0,0,0,2.41244,1,1,17.8326,2,1.5975,1,0.416746,0,2824,1220,69.8318,1348,15041,21.4167
b2_dynamic_t0064_r03,b2_dynamic_phase_mismatch,68,5.14201,204000,68,22,21.515,40.851,50.505,54,26.677,64.331,205.886,1862,13.722,52.428,73.416,769,95.586,168.335,219.588,11.2276,8.83098,146,37.258,171.81,332.201,143,81.554,211.131,259.506,2996,2996,2.00197,1,0,0,0,0,2.58977,1,1,18.01,2,0.75669,2,0.177606,0,6697,1090,86.0023,545,15184,22.6027
b2_dynamic_t0064_r03,b2_dynamic_phase_mismatch,69,5.18435,207000,69,25,21.693,83.434,88.489,63,23.683,63.493,90.992,1893,14.614,52.167,81.518,693,101.611,179.358,242.902,10.5426,10.2763,157,93.993,2300.34,2540.19,175,154.434,2485.34,2812.08,3006,3006,1.00196,1,0,0,0,0,2.603,1,1,18.0232,3,2.12407,4.68718,0.0625458,23686,8262,1043,88.791,2482,15361,27.3591
b2_dynamic_t0064_r03,b2_dynamic_phase_mismatch,70,5.20321,210000,70,25,23.819,46.677,65.064,67,23.754,70.413,110.387,1900,12.968,53.702,74.307,722,86.531,164.366,205.126,10.7022,8.50953,137,42.926,224.564,583.759,150,101.781,294.49,451.223,3001,3001,2.00197,1,0,0,0,0,2.63936,1,1,18.0595,2,1.05146,3,0.0366449,0,6241,753,89.2336,1280,15511,30.9955
b2_dynamic_t0064_r03,b2_dynamic_phase_mismatch,71,5.2386,213000,71,20,26.409,65.263,65.263,74,25.76,63.295,109.662,1889,14.285,59.556,83.149,708,101.999,189.097,247.832,10.9576,10.0048,136,87.446,2188.48,2456.82,169,193.715,2346.91,2705.24,2996,2996,1.00196,1,0,0,0,0,0,1,1,33.2488,3,1.41779,5.20871,0.0539818,13911,7134,660,91.5319,1981,15679,34.874
b2_dynamic_t0064_r03,b2_dynamic_phase_mismatch,72,5.2614,216000,72,29,24.858,58.207,89.301,69,32.209,81.005,128.496,1909,11.688,58.694,87.139,768,90.521,194.562,362.9,10.2214,11.3373,176,53.405,380.129,534.15,151,111.026,360.765,439.492,3102,3102,2.00197,1,0,0,0,0,0.737747,1,1,15.8772,2,3.44639,3,0.0692987,0,4028,2140,65.3048,3004,15829,21.5527
b2_dynamic_t0064_r03,b2_dynamic_phase_mismatch,73,5.28876,219000,73,27,31.427,82.38,91.269,67,35.61,68.499,88.706,1791,15.513,65.594,90.855,698,111.185,191.133,240.258,9.15186,12.8712,148,46.514,953.934,1554.04,158,122.674,1154.94,1765.65,2889,2889,0.00195312,1,0,0,0,0,0.807017,1,2,15.9465,3,4.36594,7,0.0452118,3327,6477,1802,78.2341,4418,15991,27.6765
b2_dynamic_t0064_r03,b2_dynamic_phase_mismatch,74,5.31357,222000,74,18,27.138,87.065,87.065,72,30.868,52.708,79.862,1886,13.801,55.853,84.96,726,97.533,170.978,225.623,8.42424,12.2273,152,61.596,649.732,2440.78,154,106.844,1361.24,2403.89,3008,3008,1.00196,1,0,0,0,0,0,1,0,13.5441,2,1.40766,3.50841,0.0359564,3217,5008,1035,82.8727,1420,16144,15.9588
b2_dynamic_t0064_r03,b2_dynamic_phase_mismatch,75,5.333,225000,75,21,24.464,41.293,74.864,88,33.243,57.941,71.394,1825,11.62,48.997,70.804,764,81.74,147.167,188.239,10.1872,8.62526,172,37.447,187.055,457.935,130,96.31,274.317,411.146,3000,3000,2.00197,1,0,0,0,0,0.172071,1,1,13.5926,2,0.395983,0,0.04877,0,3898,1304,74.9327,133,16274,16.3099
b2_dynamic_t0064_r03,b2_dynamic_phase_mismatch,76,5.35077,228000,76,26,25.524,71.76,77.384,74,24.626,58.192,75.591,1874,12.542,44.476,70.219,748,87.336,149.416,194.507,9.69519,9.35605,156,28.041,162.314,252.752,122,88.504,167.977,282.926,3000,3000,2.00197,1,0,0,0,0,0.222153,1,1,13.6427,2,1.36611,2,0.0503626,0,5842,872,87.0122,715,16395,17.3717
b2_dynamic_t0064_r03,b2_dynamic_phase_mismatch,77,5.37271,231000,77,27,22.089,61.747,80.436,70,23.131,70.463,75.602,1858,10.748,45.788,75.623,767,69.664,125.955,169.702,9.30769,7.97232,138,66.118,1345.4,2512.58,142,110.808,1140.06,2410.44,3002,3002,2.00197,1,0,0,0,0,0.265144,1,1,13.6857,2,0.81329,2.0949,0.048192,5373,6141,650,90.4285,1199,16538,19.5191
b2_dynamic_t0064_r03,b2_dynamic_phase_mismatch,78,5.40378,234000,78,30,20.591,58.736,75.437,74,21.535,58.482,73.538,1841,11.984,44.205,59.795,759,78.401,137.865,172.368,8.71673,9.44461,139,69.497,1441.63,2336.64,153,129.031,1716.33,2455.18,2996,2996,1.00196,0,0,0,0,0,0.324697,0,1,13.7452,2,1.13911,5.08208,0.0648651,15093,7937,574,93.2558,1862,16689,24.6404
b2_dynamic_t0064_r03,b2_dynamic_phase_mismatch,79,5.43065,237000,79,21,22.534,54.796,57.188,65,23.864,60.178,88.953,1851,12.786,46.107,66.732,753,85.086,142.05,208.292,8.93891,10.2646,141,53.907,1114.95,2311.44,171,113.126,1339.02,2363.57,3002,3002,1.00196,0,0,0,0,0,0.232529,0,2,12.4636,3,0.778337,3.23102,0.0559702,7564,6939,439,94.0499,1059,16861,14.5197
b2_dynamic_t0064_r03,b2_dynamic_phase_mismatch,80,5.44914,240000,80,38,32.539,79.44,83.777,68,33.821,64.604,103.432,1826,11.938,46.316,64.928,762,87.597,136.65,165.25,7.00656,13.2245,161,40.056,129.692,308.913,147,73.906,219.195,347.096,3002,3002,2.00197,0,0,0,0,0,0.271418,0,1,12.5024,2,1.07929,1,0.0391693,0,4798,1340,78.1688,538,17010,15.2518
b2_dynamic_t0064_r03,b2_dynamic_phase_mismatch,81,5.48211,243000,81,22,31.413,82.278,93.979,66,30.233,70.885,124.966,1837,12.698,50.598,70.615,746,91.373,151.035,191.412,7.56568,12.812,146,80.482,1984.18,2553.66,176,117.474,2348.89,2690.28,2993,2993,1.00196,1,0,0,0,0,0.308416,1,1,12.5394,3,1.80291,2.07589,0.0415535,13030,6353,1105,85.1837,1511,17185,18.3671
b2_dynamic_t0064_r03,b2_dynamic_phase_mismatch,82,5.52981,246000,82,23,24.979,89.427,91.057,67,33.073,68.712,108.553,1824,14.148,54.408,81.737,786,98.944,178.601,264.986,8.13995,13.1475,147,251.698,2546.24,2716.41,150,320.064,2532.34,3700.45,2997,2997,2.00197,0,0,0,0,0,0.366926,0,1,12.598,2,2.26992,6,0.0589304,27419,8388,1023,89.1297,3323,17336,23.4528
b2_dynamic_t0064_r03,b2_dynamic_phase_mismatch,83,5.56552,249000,83,25,43.16,145.333,158.168,67,41.748,118.784,176.286,1857,15.005,69.444,96.766,756,108.566,199.285,295.816,7.40344,15.8971,159,91.827,2051.88,2613.8,142,159.405,2521.84,2892.14,3006,3006,1.00196,1,0,0,0,0,0,1,0,11.0032,3,0.574742,1.90526,0.0446453,11946,4076,1002,80.2678,642,17476,12.8077
b2_dynamic_t0064_r03,b2_dynamic_phase_mismatch,84,5.58803,252000,84,22,29.168,69.371,87.107,54,34.538,79.156,105.015,1908,14.345,65.647,86.572,728,97.985,182.24,227.792,7.44918,14.1659,149,57.229,288.323,609.28,138,113.625,423.346,813.96,2999,2999,1.00196,1,0,0,0,0,0.21774,1,1,11.0472,2,0.943232,1,0.0443296,0,3971,1001,79.8673,743,17614,13.8907
b2_dynamic_t0064_r03,b2_dynamic_phase_mismatch,85,5.61833,255000,85,30,30.765,79.052,139.122,52,28.458,65.941,89.651,1814,16.239,61.881,90.556,798,103.583,180.565,227.575,7.55764,14.6236,143,57.495,1872.36,3443.55,164,99.752,874.227,3374.55,3001,3001,2.00197,0,0,0,0,0,0.274159,0,1,11.1037,2,1.88827,4.07712,0.0616512,7756,6931,813,89.5015,2241,17779,18.007
b2_dynamic_t0064_r03,b2_dynamic_phase_mismatch,86,5.64053,258000,86,24,28.22,44.507,72.732,60,29.817,71.091,94.708,1842,15.132,61.595,78.743,800,97.495,158.295,194.142,6.2725,16.2644,124,44.295,274.51,380.691,149,105.892,356.375,564.202,2999,2999,1.00196,1,0,0,0,0,0.312875,1,1,11.1424,3,0.966166,3,0.0389957,0,6608,527,92.6139,1547,17929,21.0604
b2_dynamic_t0064_r03,b2_dynamic_phase_mismatch,87,5.66806,261000,87,23,24.714,43.952,67.819,68,34.192,89.13,108.542,1841,13.804,55.397,82.03,749,93.776,154.912,215.468,6.90521,13.7156,162,68.085,1176.53,2528.6,161,123.245,1717.66,2217.61,3004,3004,1.00196,1,0,0,0,0,0.15495,1,1,9.78869,2,1.74702,2.63374,0.0595446,7587,5154,1200,81.1143,1198,18089,12.6778
b2_dynamic_t0064_r03,b2_dynamic_phase_mismatch,88,5.69173,264000,88,18,20.16,93.426,93.426,56,29.644,95.022,219.056,1850,12.716,50.519,77.448,759,82.413,148.277,185.719,6.49275,12.8158,151,51.148,1071.23,2574.4,155,104.6,1304.03,2606.69,2989,2989,1.00196,1,0,0,0,0,0.218858,1,2,9.8526,3,2.20465,3.07839,0.0441771,4374,6267,1180,84.1547,1450,18245,16.7999
b2_dynamic_t0064_r03,b2_dynamic_phase_mismatch,89,5.71132,267000,89,33,20.039,66.293,104.249,65,24.098,82.7,106.282,1858,12.024,47.309,66.494,738,77.41,141.376,187.631,6.36179,12.5941,159,50.705,331.632,2277.25,158,101.229,308.528,2611.61,3011,3011,2.00197,1,0,0,0,0,0.257492,1,1,9.89123,2,1.78756,4,0.0439272,2150,6076,826,88.0325,1156,18402,19.8657
b2_dynamic_t0064_r03,b2_dynamic_phase_mismatch,90,5.73393,270000,90,28,21.094,68.511,78.415,59,29.347,79.423,112.296,1873,11.141,43.749,68.736,760,75.152,136.861,196.541,6.3,12.3918,137,47.645,1479.08,2566.77,142,129.383,1303.09,2292.32,2999,2999,2.00197,1,0,0,0,0,0.162667,1,1,9.04433,2,1.5718,1.88167,0.0601006,5390,4614,1225,79.0204,618,18543,11.9753
b2_dynamic_t0064_r03,b2_dynamic_phase_mismatch,91,5.75157,273000,91,28,20.264,58.876,59.242,69,22.062,50.584,55.13,1877,11.681,43.716,66.908,739,77.798,137.11,177.506,6.20433,12.8639,137,36.539,200.318,487.066,137,94.321,257.574,643.026,2987,2987,2.00197,0,0,0,0,0,0.226654,0,2,9.10832,2,1.88252,3,0.0452166,0,6097,1030,85.5479,1162,18682,16.0134
b2_dynamic_t0064_r03,b2_dynamic_phase_mismatch,92,5.77411,276000,92,27,20.099,39.071,50.028,63,24.946,59.881,87.222,1876,11.066,45.191,64.05,753,71.896,130.251,175.089,5.26959,14.13,140,60.966,1443.8,3004.07,153,99.944,1247.99,2903.51,3012,3012,1.00196,1,0,0,0,0,0.264229,1,1,9.1459,3,1.49243,4.07973,0.0433846,4299,6205,674,90.2021,1215,18833,19.3503
b2_dynamic_t0064_r03,b2_dynamic_phase_mismatch,93,5.7906,279000,93,22,26.338,55.514,58.785,73,27.329,58.008,73.293,1855,10.797,38.938,56.557,767,70.566,129.387,173.316,5.98305,12.5369,144,34.833,218.986,408.168,140,88.327,277.518,411.237,3001,3001,1.00196,1,0,0,0,0,0.162102,2,1,8.38114,2,0.526519,0.219043,0.0395479,0,5016,844,85.5973,255,18975,10.5105
b2_dynamic_t0064_r03,b2_dynamic_phase_mismatch,94,5.80638,282000,94,26,26.295,42.704,56.137,77,27.184,59.746,69.252,1866,10.714,42.262,58.911,750,73.178,115.669,141.587,5.37733,14.379,153,29.735,147.376,402.418,127,71.921,233.963,365.037,2999,2999,2.00197,1,0,0,0,0,0.208201,1,1,8.42724,2,1.01311,2,0.04638,0,5551,789,87.5552,590,19100,12.4089
b2_dynamic_t0064_r03,b2_dynamic_phase_mismatch,95,5.8277,285000,95,33,27.507,52.096,54.522,74,21.318,59.516,72.804,1844,10.786,41.701,57.139,745,71.099,119.013,158.77,5.59732,13.4954,148,38.527,1118.63,1494.55,147,103.41,1270.73,1472.24,2991,2991,2.00197,1,0,0,0,0,0.248035,1,1,8.46708,2,0.875905,2.08675,0.0459108,5372,6327,581,91.5895,699,19249,14.5302
b2_dynamic_t0064_r03,b2_dynamic_phase_mismatch,96,5.85709,288000,96,27,22.879,66.924,67.828,80,22.554,60.288,84.056,1839,11.541,48.034,72.303,751,73.646,133.663,178.98,5.61518,14.2522,167,68.869,1624.63,2951.08,142,110.006,1310.78,2272.06,3006,3006,1.00196,0,0,0,0,0,0.308307,0,1,8.52735,2,0.991928,3.08202,0.0658646,13131,7437,478,93.9608,1419,19389,17.6632
b2_dynamic_t0064_r03,b2_dynamic_phase_mismatch,97,5.87455,291000,97,26,23.487,48.358,69.37,60,26.595,65.85,69.289,1870,9.902,45.213,59.08,733,65.991,119.022,147.256,4.67804,15.3843,156,44.395,271.819,455.745,156,110.889,291,374.866,3001,3001,1.00196,1,0,0,0,0,0.216984,1,1,7.73509,3,0.317995,0.51811,0.0484924,0,4037,651,86.1135,246,19545,9.73726
b2_dynamic_t0064_r03,b2_dynamic_phase_mismatch,98,5.88994,294000,98,29,25.63,54.428,76.789,57,27.414,53.808,57.848,1868,9.941,41.753,56.439,742,65.253,108.77,139.442,4.87062,14.2906,164,36.738,198.024,438.382,141,85.357,215.861,415.215,3001,3001,1.00196,1,0,0,0,0,0.265034,1,1,7.78314,2,1.40146,2,0.0483303,0,4675,884,84.0979,1029,19685,11.8097
b2_dynamic_t0064_r03,b2_dynamic_phase_mismatch,99,5.91178,297000,99,28,25.214,62.355,72.288,56,24.085,67.927,86.424,1835,11.59,44.697,59.494,772,73.223,118.888,147.087,5.17876,14.8211,160,40.439,1121.42,1337.83,147,79.106,1400.11,2363.43,2998,2998,2.00197,0,0,0,0,0,0.329788,0,1,7.8479,2,1.24053,2.08712,0.0699472,5413,6821,621,91.6555,1813,19833,14.9538
b2_dynamic_t0064_r03,b2_dynamic_phase_mismatch,100,5.93355,300000,100,21,17.265,42.84,54.502,57,19.951,44.438,65.013,1862,10.875,43.022,59.707,743,70.034,114.612,143.586,4.55989,16.2817,142,35.901,836.228,2270.09,165,96.895,1296.19,2351.78,2990,2990,1.00196,1,0,0,0,0,0.150535,1,1,6.81014,3,0.677711,2.65961,0.0380106,2162,6176,442,93.3212,965,20000,8.87233
b2_dynamic_t0256_r01,b2_dynamic_phase_mismatch,1,0.0320264,3000,1,30,18.474,101.612,106.472,62,21.051,83.82,102.773,1720,19.973,86.283,112.241,753,139.917,204.402,270.907,96.7517,1.64829,127,15.971,88.444,198.257,315,40.478,114.03,238.59,3007,3007,1.00196,1,0,0,0,0,0,1,0,130.686,1,0,0,0,0,1750,6631,20.8806,0,315,130.854
b2_dynamic_t0256_r01,b2_dynamic_phase_mismatch,2,0.0537519,6000,2,35,18.805,74.153,80.766,63,19.381,80.834,88.267,1692,18.669,78.944,100.346,754,121.874,184.683,216.013,92.6233,1.31019,153,16.263,74.686,116.076,303,38.831,102.422,331.798,3000,3000,1.00196,0,0,0,0,0,130.769,0,1,130.769,1,3.10433,4,0.0842009,0,4270,5833,42.2647,900,617,134.876
b2_dynamic_t0256_r01,b2_dynamic_phase_mismatch,3,0.0729298,9000,3,28,18.049,64.137,74.186,69,16.699,69.458,86.052,1734,16.92,73.671,90.446,738,107.083,168.349,194.69,84.8374,1.25048,144,14.141,85.335,289.191,292,38.308,91.311,172.676,3005,3005,1.00196,0,0,0,0,0,130.815,0,1,130.815,1,2.86812,4,0.0457573,0,5946,4490,56.9759,1790,909,139.276
b2_dynamic_t0256_r01,b2_dynamic_phase_mismatch,4,0.0918999,12000,4,33,13.905,42.12,63.164,49,15.022,81.208,107.065,1716,17.39,69.979,89.243,772,98.517,167.097,195.054,79.6334,1.25271,139,17.685,75.914,104.295,286,37.399,91.397,149.253,2995,2995,1.00196,0,0,0,0,0,130.86,0,1,130.86,1,2.33713,4,0.0448952,0,7671,3558,68.3142,653,1195,143.988
b2_dynamic_t0256_r01,b2_dynamic_phase_mismatch,5,0.111316,15000,5,21,16.092,62.582,68.191,58,19.882,71.775,96.839,1717,17.042,74.032,89.254,753,94.977,158.412,181.955,75.9363,1.27997,137,17.076,98.189,528.248,319,39.091,90.271,285.247,3005,3005,1.00196,0,0,0,0,0,130.909,0,2,130.909,1,1.96482,5,0.0492249,0,9031,2767,76.5469,565,1511,149.045
b2_dynamic_t0256_r01,b2_dynamic_phase_mismatch,6,0.129325,18000,6,22,15.567,73.335,84.857,69,16.829,85.696,105.009,1669,13.209,74.479,99.384,756,84.738,148.173,169.211,70.4643,1.24563,158,20.342,101.96,317.901,323,41.197,111.009,333.485,2997,2997,1.00196,1,0,0,0,0,130.941,1,1,130.941,2,2.07645,5.17612,0.0396919,0,8990,2172,80.5411,1328,1834,153.978
b2_dynamic_t0256_r01,b2_dynamic_phase_mismatch,7,0.146562,21000,7,23,9.036,62.396,65.693,49,12.272,73.353,112.507,1740,11.935,70.631,90.593,767,78.558,139.309,169.328,66.9609,1.25351,137,15.698,110.225,249.097,285,41.272,121.17,322.585,3001,3001,1.00196,1,0,0,0,0,130.985,1,1,130.985,1,1.29453,5,0.044076,0,9247,1665,84.7416,300,2121,158.342
b2_dynamic_t0256_r01,b2_dynamic_phase_mismatch,8,0.162884,24000,8,20,10.506,72.747,72.747,72,10.592,58.617,76.79,1736,12.399,65.664,81.933,723,80.449,133.354,156.124,64.1342,1.29266,153,15.735,87.211,121.817,296,39.498,99.917,239.168,3000,3000,1.00196,1,0,0,0,0,131.034,1,1,131.034,1,1.38755,4,0.0495014,0,9752,1333,87.9747,887,2416,162.775
b2_dynamic_t0256_r01,b2_dynamic_phase_mismatch,9,0.181133,27000,9,23,10.11,73.007,73.533,58,15.777,65.989,102.374,1722,13.945,72.252,103.628,739,79.693,152.828,191.914,61.1286,1.3979,147,22.662,107.856,277.64,314,51.444,131.352,289.362,3003,3003,1.00196,1,0,0,0,0,131.074,1,1,131.255,1,1.34288,5.17211,0.0483065,0,9778,1207,89.0123,1337,2729,167.729
b2_dynamic_t0256_r01,b2_dynamic_phase_mismatch,10,0.19793,30000,10,24,26.43,68.354,91.082,59,16.208,70.927,112.552,1725,12.029,66.506,86.252,714,78.983,147.033,168.835,55.7745,1.50104,161,24.726,90.186,296.418,310,42.792,100.932,189.978,2993,2993,1.00196,0,0,0,0,0,131.161,0,1,131.161,1,1.05423,5,0.0877199,0,9293,850,91.6198,638,3042,172.704
b2_dynamic_t0256_r01,b2_dynamic_phase_mismatch,11,0.215539,33000,11,18,26.69,66.64,66.64,63,12.518,68.207,170.922,1680,11.65,70.011,101.433,757,78.035,152.816,192.299,53.4888,1.58115,168,26.042,104.524,308.437,317,45.945,116.162,235.608,3003,3003,1.00196,1,0,0,0,0,131.208,1,1,131.208,2,1.03485,4,0.0471067,0,10660,742,93.4924,960,3358,177.77
b2_dynamic_t0256_r01,b2_dynamic_phase_mismatch,12,0.233271,36000,12,23,9.972,51.494,64.173,72,14.449,70.101,89.099,1693,12.285,66.9,87.543,759,83.281,156.869,214.335,54.6614,1.64292,151,22.454,76.628,123.214,304,43.108,116.382,297.225,3002,3002,1.00196,1,0,0,0,0,131.26,1,2,131.26,1,0.976712,5,0.0521336,0,11875,680,94.5838,915,3662,182.47
b2_dynamic_t0256_r01,b2_dynamic_phase_mismatch,13,0.251331,39000,13,29,10.227,109.066,125.222,65,11.119,62.013,116.813,1737,11.333,64.328,101.132,730,78.784,151.678,204.362,46.6904,1.81572,143,23.033,100.985,955.78,290,48.023,146.616,994.953,2994,2994,1.00196,1,0,0,0,0,131.302,1,2,131.302,1,1.13154,5.18151,0.04667,1066,10641,625,94.4523,1689,3954,187.746
b2_dynamic_t0256_r01,b2_dynamic_phase_mismatch,14,0.271803,42000,14,25,13.077,71.556,132.341,57,14.068,67.107,100.95,1701,11.149,72.292,92.477,754,76.115,151.76,189.452,42.496,1.9288,156,28.126,804.159,1232.64,310,52.634,622.154,1213.43,3003,3003,1.00196,1,0,0,0,0,131.31,1,1,131.31,1,1.34136,6.5383,0.0917807,3181,9447,663,93.4421,1017,4261,193.722
b2_dynamic_t0256_r01,b2_dynamic_phase_mismatch,15,0.289628,45000,15,20,9.287,93.854,93.854,56,16.279,71.006,96.43,1686,10.682,69.382,90.456,749,75.186,147.304,185.176,40.3418,2.01749,167,22.66,173.823,610.574,317,50.779,174.305,382,2995,2995,1.00196,1,0,0,0,0,131.355,1,1,131.355,1,0.356629,2,0.0470018,0,9027,377,95.9911,200,4579,197.526
b2_dynamic_t0256_r01,b2_dynamic_phase_mismatch,16,0.315793,48000,16,21,17.319,96.768,110.481,53,12.232,71.775,85.024,1720,10.257,69.617,91.277,750,74.759,150.394,180.588,40.088,2.05629,150,37.12,1166.7,1856.49,315,56.247,1147.29,1353.99,3009,3009,1.00196,1,0,0,0,0,131.45,1,2,131.45,2,0.275227,2.73765,0.0484428,7442,9818,267,97.3525,428,4896,198.542
b2_dynamic_t0256_r01,b2_dynamic_phase_mismatch,17,0.335666,51000,17,15,9.226,95.434,95.434,59,9.984,63.672,72.01,1718,10.032,62.674,78.102,758,74.025,132.888,162.843,36.3773,2.10999,149,36.676,1076.02,1193.89,302,54.81,556.103,1145.26,3001,3001,1.00196,1,0,0,0,0,131.486,1,1,131.486,1,1.07856,5.1783,0.0442572,4252,9730,498,95.131,1212,5194,204.783
b2_dynamic_t0256_r01,b2_dynamic_phase_mismatch,18,0.363941,54000,18,21,25.937,64.082,79.474,58,13.775,61.273,100.72,1707,10.226,60.906,83.143,752,73.301,132.436,152.598,33.8165,2.27611,146,45.517,1191.91,2213.63,307,63.993,1204.65,1873.87,2991,2991,2.00197,0,0,0,0,0,131.575,0,1,131.575,1,1.38775,8,0.0893755,12779,10811,491,95.6556,1321,5503,211.845
b2_dynamic_t0256_r01,b2_dynamic_phase_mismatch,19,0.412055,57000,19,31,11.797,55.529,57.911,48,13.553,86.056,148.838,1754,10.709,77.431,104.197,729,89.878,170.008,204.867,31.963,3.01766,149,90.31,1286.9,2348.58,291,416.588,1293.24,3375.25,3002,3002,2.00197,0,0,0,0,0,131.618,0,1,131.618,1,2.58871,14.1756,0.0482349,30870,12422,807,93.8998,3194,5795,226.082
b2_dynamic_t0256_r01,b2_dynamic_phase_mismatch,20,0.447379,60000,20,25,8.183,88.007,91.006,64,15.314,98.375,114.861,1735,13.793,100.198,126.459,753,105.625,206.02,271.992,29.7397,3.77289,149,54.856,1390.2,2256.3,283,76.927,1899.2,2307.43,3009,3009,2.00197,0,0,0,0,0,131.667,0,1,131.667,1,1.71725,9,0.049921,12807,10699,553,95.0853,2318,6079,236.142
b2_dynamic_t0256_r01,b2_dynamic_phase_mismatch,21,0.540937,63000,21,25,13.114,58.815,83.924,89,21.899,130.248,198.321,1687,13.384,138.125,186.209,728,138.411,309.234,395.198,27.8777,5.60342,145,1108.68,2572.26,3168.85,316,1195.61,2511.75,2738.74,2990,2990,2.00197,0,0,0,0,0,131.712,0,1,131.712,1,3.18249,21,0.0445852,65113,14063,898,93.9977,3600,6393,257.679
b2_dynamic_t0256_r01,b2_dynamic_phase_mismatch,22,0.591598,66000,22,27,33.615,200.743,383.196,53,22.481,215.654,321.836,1744,24.634,225.953,331.84,758,240.699,530.834,668.948,26.7296,10.0486,133,49.766,610.035,1389.79,288,104.704,402.825,2155.09,3003,3003,2.00197,1,0,0,0,0,1.03183,2,1,125.25,2,2.43611,1.48034,0.0455484,3194,5298,4067,56.5723,2477,6678,200.043
b2_dynamic_t0256_r01,b2_dynamic_phase_mismatch,23,0.632733,69000,23,16,16.03,174.263,174.263,68,43.138,225.418,289.828,1767,23.519,169.927,249.04,717,208.159,443.885,560.7,26.0572,8.71419,148,43.618,207.361,336.892,288,102.747,282.329,412.053,3004,3004,2.00197,1,0,0,0,0,1.07551,2,1,125.293,1,4.66652,1,0.0438232,0,6524,3226,66.9128,13987,6969,126.672
b2_dynamic_t0256_r01,b2_dynamic_phase_mismatch,24,0.726475,72000,24,19,19.014,237.11,237.11,58,27.846,104.56,150.616,1724,18.954,139.472,196.017,742,186.88,373.34,473.187,24.6402,8.18134,156,1116.95,3001.81,3609.39,303,1115.39,2521.2,4518.32,3002,3002,2.00197,0,0,0,0,0,1.16458,0,1,125.383,1,14.6088,7.17816,0.0958767,64122,9299,5923,61.0892,48747,7272,133.789
b2_dynamic_t0256_r01,b2_dynamic_phase_mismatch,25,0.766326,75000,25,25,20.003,114.932,133.249,59,59.215,167.575,207.672,1715,26.378,144.393,175.664,745,191.41,352.095,439.071,22.4067,8.9633,145,52.449,218.627,313.76,307,111.387,325.14,854.33,2996,2996,2.00197,0,0,0,0,0,1.20929,0,1,125.427,1,6.91159,3,0.0448523,0,7877,3038,72.1667,25412,7579,136.849
b2_dynamic_t0256_r01,b2_dynamic_phase_mismatch,26,0.825337,78000,26,26,29.377,159.862,274.036,63,28.762,153.25,185.926,1681,19.011,145.059,187.906,780,185.018,362.013,474.175,22.3423,9.08247,164,74.249,2279.7,2461.02,276,130.957,2374.88,2548.88,2990,2990,2.00197,0,0,0,0,0,1.25681,0,1,125.475,1,12.9432,5,0.0476522,23546,10343,4654,68.9671,50937,7857,142.91
b2_dynamic_t0256_r01,b2_dynamic_phase_mismatch,27,0.976475,81000,27,24,24.038,183.05,249.436,65,29.822,119.934,219.773,1707,19.571,162.319,201.895,748,214.353,414.038,492.739,21.2353,10.7473,164,1919.1,4515.59,5590.26,294,2077.07,4582.06,5680.3,3002,3002,2.00197,0,0,0,0,0,1.30885,0,1,125.527,1,33.4456,15,0.0521727,118625,14244,9477,60.0481,136260,8151,157.971
b2_dynamic_t0256_r01,b2_dynamic_phase_mismatch,28,1.0728,84000,28,24,22.946,130.092,171.879,55,49.264,176.555,210.994,1695,25.684,166.523,198.246,757,218.361,384.669,462.493,20.3527,10.7622,155,124.332,4278.85,4763.72,323,156.476,4366.01,5948.89,3009,3009,1.00196,1,0,0,0,0,0,1,0,38.8217,2,12.655,7.64357,0.0528641,55589,10262,3992,71.9938,50498,8472,99.6136
b2_dynamic_t0256_r01,b2_dynamic_phase_mismatch,29,1.11276,87000,29,19,16.778,180.428,180.428,66,39.66,180.275,225.393,1719,17.613,161.335,191.911,745,137.349,300.317,382.637,18.5168,8.20112,159,52.929,254.042,674.929,288,107.863,323.94,515.511,2996,2996,1.00196,1,0,0,0,0,0,1,0,38.8636,1,0,0,0.0420341,0,2644,1866,58.6253,0,8760,39.706
b2_dynamic_t0256_r01,b2_dynamic_phase_mismatch,30,1.14697,90000,30,22,25.988,120.017,139.475,60,38.644,162.817,185.296,1706,18.478,154.381,185.087,774,127.521,288.83,378.149,17.6059,7.88735,152,58.269,313.612,804.296,285,103.831,301.419,539.34,2999,2999,2.00197,1,0,0,0,0,0.459189,1,1,38.9126,1,3.68651,3,0.0490952,0,4617,2326,66.4986,8189,9046,42.27
b2_dynamic_t0256_r01,b2_dynamic_phase_mismatch,31,1.18102,93000,31,25,17.318,163.175,176.491,53,44.647,139.358,189.818,1698,22.13,150.912,176.702,772,129.086,279.986,369.003,15.6218,9.08596,156,65.955,274.134,771.94,293,113.028,312.932,605.394,2997,2997,2.00197,1,0,0,0,0,0.507194,1,1,38.9606,1,4.8688,4,0.0481386,0,6040,2038,74.771,12379,9338,46.382
b2_dynamic_t0256_r01,b2_dynamic_phase_mismatch,32,1.21108,96000,32,16,35.149,144.883,144.883,58,40.223,135.524,159.626,1795,18.103,142.293,174.63,716,124.84,264.839,325.055,14.9525,9.26272,154,48.587,192.292,410.861,267,96.052,237.68,384.637,3006,3006,2.00197,0,0,0,0,0,0.609423,0,1,39.0628,1,3.43065,4,0.1025,0,6784,1482,82.0711,8974,9606,51.391
b2_dynamic_t0256_r01,b2_dynamic_phase_mismatch,33,1.25983,99000,33,25,22.604,128.775,141.207,50,25.552,152.547,177.611,1665,19.395,142.966,168.716,826,132.142,267.473,322.159,13.9794,10.4487,130,62.122,3243.4,4620.59,304,108.762,2550.57,4371.76,3000,3000,1.00196,0,0,0,0,0,0.644517,0,1,39.0979,1,7.53473,9.18533,0.0442934,14993,9853,2417,80.3015,24148,9909,60.0268
b2_dynamic_t0256_r01,b2_dynamic_phase_mismatch,34,1.28972,102000,34,18,62.961,183.814,183.814,34,27.918,166.036,196.32,1048,18.647,166.258,189.467,473,120.868,271.944,349.11,12.4228,11.2519,1250,43.498,125.808,228.131,195,96.527,251.177,745.428,3018,3018,2.00197,0,0,0,0,0,0,0,0,23.4048,1,1.85828,3.17311,0.0464582,0,3993,668,85.6683,5663,10106,24.5196
b2_dynamic_t0256_r01,b2_dynamic_phase_mismatch,35,1.31664,105000,35,8,17.531,73.814,73.814,23,45.778,156.184,158.329,693,17.62,145.3,167.776,310,112.908,248.681,340.429,14.129,8.94491,1805,36.81,112.723,229.65,151,83.294,204.567,254.054,2990,2990,2.00197,1,0,0,0,0,0,1,0,23.4048,1,0,0,0,0,721,658,52.2843,0,10257,24.5602
b2_dynamic_t0256_r01,b2_dynamic_phase_mismatch,36,1.33795,108000,36,11,14.838,105.679,105.679,17,39.252,90.796,90.796,716,12.899,84.588,107.654,292,84.39,196.575,229.452,12.4863,7.54884,1821,37.391,121.867,171.026,145,85.537,156.997,210.12,3002,3002,2.00197,0,0,0,0,0,0,0,0,24.1607,0,0,0,0.756021,0,811,541,59.9852,0,10399,25.0154
b2_dynamic_t0256_r01,b2_dynamic_phase_mismatch,37,1.3602,111000,37,8,18.647,37.396,37.396,23,35.051,117.732,152.227,764,19.57,137.055,157.614,290,86.249,208.27,284.8,12.3862,8.76936,1776,33.444,98.664,151.754,142,77.427,154.21,204.15,3003,3003,2.00197,1,0,0,0,0,0,1,0,24.1607,1,0,0,0,0,1061,524,66.9401,0,10543,25.5044
b2_dynamic_t0256_r01,b2_dynamic_phase_mismatch,38,1.37954,114000,38,11,16.544,90.186,90.186,25,33.884,109.397,123.927,766,13.307,87.585,108.753,302,92.075,191.826,246.999,14.1987,7.0344,1745,33.108,86.878,132.294,148,69.797,128.391,198.566,2997,2997,2.00197,0,0,0,0,0,1.81573,0,1,24.9888,0,0.518031,0,0.828333,0,1361,679,66.7157,763,10689,25.9413
b2_dynamic_t0256_r01,b2_dynamic_phase_mismatch,39,1.3998,117000,39,11,42.541,107.498,107.498,22,36.69,117.418,120.251,720,15.827,117.199,139.504,322,95.748,204.978,278.635,13.1925,8.01111,1778,31.073,85.814,131.373,150,64.865,128.38,212.072,3003,3003,1.00196,1,0,0,0,0,1.81573,1,1,24.9888,1,1.07702,1,0,0,1879,737,71.8272,2067,10841,28.362
b2_dynamic_t0256_r01,b2_dynamic_phase_mismatch,40,1.41739,120000,40,11,43.025,112.972,112.972,26,18.226,94.24,100.121,714,12.445,84.231,96.485,302,89.169,171.315,207.64,13.7285,7.16045,1819,28.552,76.485,107.044,123,64.508,113.702,132.286,2995,2995,1.00196,0,0,0,0,0,2.65079,0,1,25.8239,0,1.09295,2,0.835188,0,1995,661,75.113,2111,10962,29.8878
b2_dynamic_t0256_r01,b2_dynamic_phase_mismatch,41,1.43572,123000,41,12,31.066,122.941,122.941,22,20.931,99.298,118.26,691,13.671,99.484,115.488,282,89.495,175.746,214.817,12.8227,7.46776,1812,31.271,84.07,119.249,170,61.219,109.927,153.089,2989,2989,1.00196,1,0,0,0,0,2.65079,1,1,25.8239,1,1.21311,1,0,0,2168,595,78.4654,2646,11132,32.1377
b2_dynamic_t0256_r01,b2_dynamic_phase_mismatch,42,1.45309,126000,42,11,8.302,77.025,77.025,18,29.411,114.191,114.191,703,20.394,97.388,110.482,280,102.2,181.582,222.835,14.0321,7.66049,1846,25.619,71.364,112.706,141,56.136,134.971,161.336,2999,2999,1.00196,0,0,0,0,0,3.47073,0,1,26.6438,0,1.23661,2,0.820076,0,2340,640,78.5235,2992,11275,33.8542
b2_dynamic_t0256_r01,b2_dynamic_phase_mismatch,43,1.46811,129000,43,12,12.879,61.006,61.006,26,25.613,54.978,59.832,730,10.785,52.367,69.386,332,77.02,133.606,160.013,13.0994,6.27674,1768,24.903,72.398,128.984,138,53.241,99.16,133.926,3006,3006,1.00196,0,0,0,0,0,4.29513,0,1,27.4682,1,0.643497,1,0.82454,0,2985,560,84.2031,1643,11412,36.2996
b2_dynamic_t0256_r01,b2_dynamic_phase_mismatch,44,1.48389,132000,44,14,11.908,83.779,83.779,30,15.041,95.37,113.936,694,15.336,83.918,92.132,302,86.024,159.693,188.359,12.7285,7.21996,1792,22.55,67.713,99.766,166,50.479,105.13,123.018,2998,2998,2.00197,1,0,0,0,0,4.29513,1,1,27.4682,1,1.47305,2,0,0,3110,589,84.0768,3877,11579,38.4244
b2_dynamic_t0256_r01,b2_dynamic_phase_mismatch,45,1.53498,135000,45,9,42.754,87.068,87.068,22,33.663,104.212,104.733,723,12.9,101.388,134.934,287,84.266,203.268,347.987,12.1951,8.38473,1807,25.061,92.203,6509.45,156,60.976,201.031,6688.34,3004,3004,2.00197,0,0,0,0,0,4.80614,0,1,27.9793,0,4.99126,10.9904,0.787682,32766,4581,1522,75.0614,11953,11734,49.6803
b2_dynamic_t0256_r01,b2_dynamic_phase_mismatch,46,1.55566,138000,46,14,28.15,127.446,127.446,15,37.336,148.033,148.033,716,13.04,125.456,148.835,305,92.257,216.876,277.823,11.7607,9.03178,1813,31.898,99.369,184.677,146,76.927,157.202,247.197,3009,3009,2.00197,1,0,0,0,0,0,1,0,45.4143,1,0.275988,0.435013,0,0,887,631,58.4321,172,11881,46.9178
b2_dynamic_t0256_r01,b2_dynamic_phase_mismatch,47,1.57449,141000,47,8,35.124,72.793,72.793,30,30.517,122.134,152.558,763,15.584,103.893,119.476,261,97.236,192.331,247.054,15.2989,6.82738,1793,28.476,93.326,121.358,139,66.551,124.874,159.207,2994,2994,2.00197,0,0,0,0,0,0,0,0,21.2154,0,0,0,0.790071,0,390,696,35.9116,0,12021,22.3784
b2_dynamic_t0256_r01,b2_dynamic_phase_mismatch,48,1.60447,144000,48,13,12.627,94.613,94.613,27,25.978,124.071,149.239,713,11.205,102.14,128.617,295,122.002,313.774,458.188,13.5017,10.16,1807,28.227,97.704,352.917,152,69.125,128.475,173.075,3007,3007,2.00197,0,0,0,0,0,0,0,0,22.0476,1,0,0,0.832352,0,783,686,53.3016,0,12172,22.8342
b2_dynamic_t0256_r01,b2_dynamic_phase_mismatch,49,1.62531,147000,49,6,107.426,119.23,119.23,33,31.49,133.941,155.203,674,15.986,116.672,148.067,276,131,254.591,318.261,13.9674,9.90177,1848,29.014,90.144,131.423,160,66.92,132.805,204.754,2997,2997,1.00196,1,0,0,0,0,0,1,0,22.0476,1,0,0,0,0,1100,449,71.0136,0,12332,23.3438
b2_dynamic_t0256_r01,b2_dynamic_phase_mismatch,50,1.64321,150000,50,16,18.703,92.983,92.983,15,12.489,52.683,52.683,721,12.359,86.632,101.199,290,105.724,199.842,370.791,11.4379,9.88527,1809,26.566,80.545,130.658,144,62.527,148.241,168.935,2995,2995,1.00196,0,0,0,0,0,5.40293,0,1,22.8379,0,0,0,0.790507,0,1321,387,77.3419,0,12474,23.7997
b2_dynamic_t0256_r01,b2_dynamic_phase_mismatch,51,1.66078,153000,51,13,37.687,131.686,131.686,24,31.077,108.482,112.887,704,12.565,105.995,123.782,324,96.981,188.804,232.901,12.4383,8.32135,1786,24.424,82.291,146.924,149,58.881,125.461,155.107,3000,3000,1.00196,1,0,0,0,0,5.40293,1,1,22.8379,1,0.669603,0,0,0,1834,571,76.2578,1559,12625,25.2904
b2_dynamic_t0256_r01,b2_dynamic_phase_mismatch,52,1.67672,156000,52,17,26.311,77.842,77.842,20,25.591,87.89,87.89,706,13.771,80.732,94.153,299,96.257,176.173,234.626,14.0268,7.0508,1819,22.93,68.877,100.677,136,55.532,105.965,119.898,2997,2997,2.00197,0,0,0,0,0,6.16103,0,1,23.596,0,0.612156,1,0.758235,0,2075,506,80.3952,1511,12761,26.7459
b2_dynamic_t0256_r01,b2_dynamic_phase_mismatch,53,1.69222,159000,53,10,18.71,64.619,64.619,28,23.182,97.642,116.482,743,11.079,85.382,104.6,285,78.954,170.281,208.428,11.6702,7.66098,1788,23.874,77.46,104.892,148,56.245,107.077,127.661,3002,3002,1.00196,1,0,0,0,0,6.16103,1,1,23.596,1,0.659081,2,0,0,2128,410,83.8455,1106,12907,29.1088
b2_dynamic_t0256_r01,b2_dynamic_phase_mismatch,54,1.70757,162000,54,16,20.267,74.703,74.703,28,40.661,89.06,99.609,711,15.448,79.861,94.97,296,87.899,160.818,185.387,11.2669,8.27891,1794,22.11,62.873,93.82,145,50.264,104.251,119.01,2990,2990,2.00197,0,0,0,0,0,7.03323,0,1,24.4682,0,0.558279,1,0.872337,0,2399,422,85.0408,1451,13052,29.6816
b2_dynamic_t0256_r01,b2_dynamic_phase_mismatch,55,1.72222,165000,55,11,9.122,59.984,59.984,39,21.036,75.657,114.727,685,11.886,59.102,84.24,310,80.784,147.154,191.932,12.8194,6.66518,1806,22.403,71.481,98.568,156,48.834,111.617,336.994,3007,3007,2.00197,1,0,0,0,0,7.03323,1,1,24.4682,1,0.585388,1,0.829702,0,2789,359,88.5959,2041,13208,32.0097
b2_dynamic_t0256_r01,b2_dynamic_phase_mismatch,56,1.73866,168000,56,7,14.793,83.862,83.862,40,19.888,104.957,124.473,750,14.616,81.284,101.155,298,96.281,179.726,234.122,12.3624,8.38476,1744,23.077,75.666,118.129,164,52.817,115.472,175.44,3003,3003,2.00197,1,0,0,0,0,7.86293,1,1,25.2979,1,0.690078,2,0.00014019,0,2984,458,86.6938,1695,13375,33.6137
b2_dynamic_t0256_r01,b2_dynamic_phase_mismatch,57,1.78478,171000,57,11,23.135,97.759,97.759,25,42.724,103.698,130.649,700,19.393,103.809,125.199,313,100.766,219.389,258.809,11.8179,9.68945,1780,27.109,111.411,4416.9,173,66.482,151.058,4979.44,3002,3002,2.00197,0,0,0,0,0,8.33554,0,1,25.7706,0,3.79982,9.93261,0.734743,26470,4880,1261,79.4659,10091,13546,44.0067
b2_dynamic_t0256_r01,b2_dynamic_phase_mismatch,58,1.80501,174000,58,15,34.262,85.833,85.833,19,19.801,144.073,144.073,686,14.895,111.278,139.342,294,99.242,202.089,251.165,12.0544,9.04745,1826,31.309,105.252,170.749,149,78.704,144.506,188.908,2989,2989,1.00196,1,0,0,0,0,8.33554,1,1,25.7706,1,0.628001,1,0,0,2491,464,84.2978,2234,13697,47.6874
b2_dynamic_t0256_r01,b2_dynamic_phase_mismatch,59,1.83326,177000,59,9,20.671,229.237,229.237,21,56.687,132.48,208.517,700,16.261,119.414,191.658,303,113.357,226.336,283.491,11.8086,10.3285,1806,27.678,89.271,194.446,164,63.809,127.886,163.654,3003,3003,1.00196,1,0,0,0,0,0,1,0,20.1093,1,0.256914,1.42706,0.749811,0,947,712,57.0826,296,13861,21.3732
b2_dynamic_t0256_r01,b2_dynamic_phase_mismatch,60,1.85151,180000,60,10,42.127,78.609,78.609,26,30.225,90.067,101.203,711,11.81,80.968,112.845,288,97.335,184.043,252.848,12.184,8.32847,1823,30.393,87.787,122.049,143,71.229,124.621,145.523,3001,3001,1.00196,0,0,0,0,0,0,0,0,20.8487,0,0,0,0.739485,0,698,687,50.3971,0,14001,21.8345
b2_dynamic_t0256_r01,b2_dynamic_phase_mismatch,61,1.8708,183000,61,14,25.721,79.823,79.823,23,25.047,112.018,112.752,715,13.317,114.1,147.947,299,97.613,204.287,241.976,10.4047,10.223,1801,29.16,90.688,148.239,151,63.265,129.243,147.863,3003,3003,2.00197,1,0,0,0,0,0,1,0,20.8487,1,0,0,0,0,1067,520,67.2338,0,14154,22.3306
b2_dynamic_t0256_r01,b2_dynamic_phase_mismatch,62,1.8887,186000,62,5,15.691,42.485,42.485,23,28.243,80.518,115.401,677,13.227,96.133,121.243,294,95.503,165.318,213.623,11.932,8.37532,1855,26.769,84.043,121.644,146,68.935,122.116,134.413,3000,3000,2.00197,0,0,0,0,0,5.23165,0,1,21.6587,0,0.494702,0,0.810166,0,1537,728,67.8587,956,14299,23.7963
b2_dynamic_t0256_r01,b2_dynamic_phase_mismatch,63,1.90678,189000,63,6,18.598,37.739,37.739,26,26.118,79.007,129.749,692,11.876,98.532,135.594,335,78.8,178.269,246.661,11.797,7.73762,1800,28.161,88.15,165.432,140,65.751,126.786,154.561,2999,2999,1.00196,1,0,0,0,0,5.23165,1,1,21.6587,1,2.12713,3,0,0,2271,842,72.9521,4849,14438,27.1276
b2_dynamic_t0256_r01,b2_dynamic_phase_mismatch,64,1.92369,192000,64,9,13.235,37.449,37.449,25,34.771,87.139,93.065,769,14.879,88.835,118.449,293,93.106,169.04,215.971,13.2082,7.54444,1739,26.133,77.199,110.459,161,55.766,113.167,150.835,2996,2996,1.00196,0,0,0,0,0,6.06935,0,1,22.4964,0,1.21352,2,0.837843,0,2295,734,75.7676,2953,14601,29.732
b2_dynamic_t0256_r01,b2_dynamic_phase_mismatch,65,1.93946,195000,65,7,13.336,39.306,39.306,16,19.29,71.985,71.985,742,11.233,61.934,84.876,293,77.754,149.972,193.419,13.7782,6.11661,1801,24.543,84.944,127.295,151,63.319,127.817,160.226,3010,3010,1.00196,0,0,0,0,0,6.85006,0,1,23.2771,1,1.22174,3,0.780845,0,2498,642,79.5541,3232,14753,32.1824
b2_dynamic_t0256_r01,b2_dynamic_phase_mismatch,66,1.9558,198000,66,11,28.219,71.606,71.606,16,20.09,81.045,81.045,693,13.952,82.424,95.382,301,90.811,175.467,218.613,12.5183,7.93239,1824,23.201,75.82,108.432,155,52.963,108.968,124.503,3000,3000,1.00196,1,0,0,0,0,6.85006,1,1,23.2771,1,0.961827,2,0,0,2996,585,83.6638,3163,14908,35.4052
b2_dynamic_t0256_r01,b2_dynamic_phase_mismatch,67,1.97011,201000,67,18,11.603,45.219,45.219,50,14.787,57.881,67.857,1113,8.936,58.811,70.908,452,73.425,120.353,156.97,10.8142,7.03136,1226,23.641,77.281,96.687,135,53.91,119.921,143.278,2994,2994,1.00196,0,0,0,0,0,7.62936,0,1,24.0564,0,0.849298,2,0.779438,0,4264,504,89.4295,2492,15041,37.9749
b2_dynamic_t0256_r01,b2_dynamic_phase_mismatch,68,1.98418,204000,68,22,11.858,69.398,84.55,54,14.371,67.99,77.415,1860,7.669,65.421,80.846,770,64.821,126.803,159.005,11.2662,6.41138,146,19.02,95.288,211.174,145,52.965,136.034,154.123,2997,2997,2.00197,1,0,0,0,0,7.62936,1,1,24.0564,1,0.845376,3,0,0,7675,555,93.2564,2906,15184,40.0226
b2_dynamic_t0256_r01,b2_dynamic_phase_mismatch,69,2.00104,207000,69,25,15.991,68.163,69.562,63,15.059,75.986,84.127,1893,8.637,64.932,78.069,690,70.358,137.586,165.698,10.5551,7.25709,157,19.908,137.062,809.799,175,50.615,722.185,1232.64,3003,3003,2.00197,0,0,0,0,0,2.87582,0,1,39.9643,0,0.260317,0.429816,0.478257,1082,6060,473,92.7598,399,15361,40.4767
b2_dynamic_t0256_r01,b2_dynamic_phase_mismatch,70,2.02454,210000,70,25,20.877,57.757,78.162,67,20.997,70.42,81.532,1904,5.812,52.032,77.631,725,54.965,118.63,158.611,10.6897,5.73193,137,22.743,111.341,152.195,150,51.802,139.946,196.873,3008,3008,2.00197,0,0,0,0,0,0,0,1,18.1029,1,0.109086,2.60104,0.0722303,0,3518,1359,72.1345,686,15511,23.8275
b2_dynamic_t0256_r01,b2_dynamic_phase_mismatch,71,2.03815,213000,71,20,21.348,110.179,110.179,74,18.908,82.765,106.786,1887,5.36,75.571,97.364,708,48.677,125.878,161.34,10.9576,5.43718,136,26.633,122.237,311.15,169,54.206,154.596,373.957,2994,2994,1.00196,1,0,0,0,0,0,1,0,18.1029,1,0,0,0,0,2041,1024,66.5905,0,15681,18.7094
b2_dynamic_t0256_r01,b2_dynamic_phase_mismatch,72,2.05051,216000,72,27,10.535,77.883,87.839,67,19.664,65.818,75.417,1837,5.414,59.048,70.685,740,46.945,105.799,133.309,10.2473,5.21944,172,18.784,118.922,166.02,149,52.894,179.516,230.33,2992,2992,1.00196,0,0,0,0,0,0,0,0,18.1687,0,0,0,0.0658941,0,3154,564,84.8306,0,15830,18.6993
b2_dynamic_t0256_r01,b2_dynamic_phase_mismatch,73,2.06299,219000,73,29,10.3,28.532,87.469,68,11.772,70.117,101.116,1859,5.842,70.914,92.727,726,41.782,109.495,139.942,9.17631,5.52188,155,24.282,188.562,345.846,164,60.084,166.343,350.33,3001,3001,2.00197,1,0,0,0,0,0,1,0,18.1687,1,0,0,0,0,3512,299,92.1543,0,15994,18.8399
b2_dynamic_t0256_r01,b2_dynamic_phase_mismatch,74,2.07703,222000,74,18,11.49,62.933,62.933,73,12.657,83.054,126.914,1892,5.878,71.757,91.931,724,46.239,115.597,150.38,8.43785,7.05444,149,20.088,117.464,172.122,152,64.04,144.34,204.496,3008,3008,2.00197,0,0,0,0,0,2.8281,0,1,18.2579,0,0.240438,0,0.0893488,0,4351,281,93.9335,1232,16143,18.799
b2_dynamic_t0256_r01,b2_dynamic_phase_mismatch,75,2.08787,225000,75,21,10.218,61.619,74.171,88,12.856,43.034,64.226,1823,6.483,45.325,56.606,765,43.025,92.009,111.205,10.2026,4.85047,172,24.106,112.404,164.162,128,54.263,162.845,204.301,2997,2997,2.00197,0,0,0,0,0,2.90364,0,1,18.3335,1,0.124078,1,0.0756836,0,5146,241,95.5263,878,16274,19.8542
b2_dynamic_t0256_r01,b2_dynamic_phase_mismatch,76,2.10077,228000,76,26,12.081,73.906,107.899,74,11.203,78.732,90.192,1877,6.359,70.529,89.155,747,46.849,116.042,132.842,9.67871,6.08016,156,17.175,81.622,117.508,122,47.096,112.91,182.762,3002,3002,2.00197,0,0,0,0,0,2.90364,0,1,18.3335,0,0.345081,1,0,0,5702,205,96.5295,2109,16395,20.9041
b2_dynamic_t0256_r01,b2_dynamic_phase_mismatch,77,2.11202,231000,77,27,11.394,38.01,38.146,70,11.436,39.821,43.839,1854,6.475,40.443,61.449,767,42.845,95.322,123.846,9.30769,5.25007,138,26.842,112.424,150.394,142,56.207,169.241,710.875,2998,2998,2.00197,0,0,0,0,0,3.00367,1,1,18.4335,1,0.12796,1,0.100171,0,5832,125,97.9016,1416,16538,21.9478
b2_dynamic_t0256_r01,b2_dynamic_phase_mismatch,78,2.1244,234000,78,30,12.405,68.603,70.491,74,11.823,72.666,78.719,1844,6.623,65.488,77.111,760,44.77,106.391,124.95,8.70526,6.21444,139,18.721,114.215,179.582,153,49.75,174.715,203.655,3000,3000,2.00197,1,0,0,0,0,3.00367,1,1,18.4335,1,0.170601,1,0,0,6624,98,98.5421,1642,16689,22.9941
b2_dynamic_t0256_r01,b2_dynamic_phase_mismatch,79,2.13695,237000,79,21,10.318,57.917,59.191,65,11.867,65.809,76.666,1848,7.225,50.161,64.239,751,50.213,103.616,126.42,8.96138,6.28622,141,22.424,114.493,190.185,171,61.178,176.614,199.231,2997,2997,2.00197,0,0,0,0,0,3.07896,0,1,18.5088,0,0.12406,1,0.0754251,0,7071,93,98.7018,1615,16861,24.0422
b2_dynamic_t0256_r01,b2_dynamic_phase_mismatch,80,2.14841,240000,80,38,12.194,69.732,71.887,68,11.873,50.078,56.902,1825,7.134,53.843,71.664,763,48.259,103.297,125.315,6.99869,7.88024,161,25.301,95.267,319.71,147,43.247,142.441,190.468,3002,3002,2.00197,1,0,0,0,0,3.07896,1,1,18.5088,1,0.255872,1,0,0,7464,89,98.8217,1940,17009,26.1628
b2_dynamic_t0256_r01,b2_dynamic_phase_mismatch,81,2.17194,243000,81,22,12.009,75.134,81.921,66,11.248,66.987,193.981,1840,7.045,69.67,82.357,746,53.802,118.045,151.695,7.5992,8.15568,146,40.586,2112.64,2335.29,176,67.55,2127.4,2527.83,2996,2996,1.00196,1,0,0,0,0,3.12535,1,1,18.5552,1,0.593038,4.29725,0.0681896,9537,7609,241,96.9299,5646,17184,30.0838
b2_dynamic_t0256_r01,b2_dynamic_phase_mismatch,82,2.18373,246000,82,23,10.542,48.228,50.359,67,12.352,56.432,63.618,1821,6.567,47.989,62.918,788,48.153,98.564,124.274,8.11168,6.60481,149,24.133,109.224,138.009,153,54.577,154.544,177.729,3001,3001,1.00196,0,0,0,0,0,3.20486,0,1,18.6347,0,0.205473,2,0.0796509,0,6515,91,98.6225,2499,17339,31.4953
b2_dynamic_t0256_r01,b2_dynamic_phase_mismatch,83,2.19625,249000,83,25,11.614,71.577,85.108,67,13.595,81.556,92.132,1859,6.138,69.038,82.49,752,46.674,115.914,132.289,7.37367,7.65949,157,17.629,127.31,316.579,139,53.695,151.239,221.352,2999,2999,2.00197,1,0,0,0,0,0,1,0,31.483,1,0.150226,0.848322,0,0,5568,240,95.8678,137,17476,32.0801
b2_dynamic_t0256_r01,b2_dynamic_phase_mismatch,84,2.20706,252000,84,22,19.229,53.163,57.6,54,20.88,61.227,103.199,1905,4.804,51.167,65.21,727,42.281,89.208,123.246,7.49243,6.36586,149,18.02,114.786,163.69,138,52.38,165.781,240.362,2995,2995,2.00197,0,0,0,0,0,0,1,0,13.3033,0,0,0,0.0783443,0,2160,1019,67.9459,0,17614,16.7789
b2_dynamic_t0256_r01,b2_dynamic_phase_mismatch,85,2.2191,255000,85,30,14.152,68.307,73.159,52,15.723,62.575,77.928,1816,5.312,63.507,76.847,796,39.563,101.392,124.972,7.56784,6.24898,143,30.645,168.793,332.375,164,67.1,187.82,201.548,3001,3001,2.00197,0,0,0,0,0,0.532863,1,0,13.3812,1,0,0,0.077898,0,3414,620,84.6306,0,17778,14.0001
b2_dynamic_t0256_r01,b2_dynamic_phase_mismatch,86,2.23213,258000,86,24,11.367,66.568,85.596,60,21.509,79.035,81.678,1844,5.6,66.105,83.077,803,45.294,104.813,123.599,6.26899,8.65533,125,16.386,88.475,109.398,149,44.738,96.951,112.063,3005,3005,2.00197,0,0,0,0,0,0.532863,0,1,13.3812,0,0.356984,0,0.000139236,0,4674,478,90.722,1315,17929,13.962
b2_dynamic_t0256_r01,b2_dynamic_phase_mismatch,87,2.24329,261000,87,23,16.924,52.476,62.523,68,14.1,50.978,80.66,1839,6.124,45.801,63.952,749,39.53,87.038,111.358,6.90521,6.62613,161,29.867,131.224,252.379,161,58.104,155.074,218.346,3001,3001,1.00196,0,0,0,0,0,0.604682,0,1,13.453,1,0.236631,1,0.0719585,0,4619,306,93.7868,1122,18089,15.0139
b2_dynamic_t0256_r01,b2_dynamic_phase_mismatch,88,2.25579,264000,88,18,10.265,53.643,53.643,56,14.751,73.747,85.475,1851,6.218,65.032,80.723,761,44.759,103.201,132.929,6.48883,8.16729,153,23.359,106.321,313.384,159,49.383,130.701,411.121,2998,2998,2.00197,1,0,0,0,0,0.604682,1,1,13.453,1,0.283138,1,0,0,5524,220,96.1699,1453,18248,16.0643
b2_dynamic_t0256_r01,b2_dynamic_phase_mismatch,89,2.26799,267000,89,33,10.622,43.131,50.882,65,12.965,68.905,76.353,1858,6.809,57.746,66.996,735,43.985,101.482,120.818,6.37415,8.2252,157,22.473,91.421,147.255,154,54.856,143.673,227.476,3002,3002,2.00197,0,0,0,0,0,0.683619,0,1,13.5319,0,0.244394,1,0.0790758,0,5813,197,96.7221,1470,18402,17.1161
b2_dynamic_t0256_r01,b2_dynamic_phase_mismatch,90,2.27913,270000,90,28,11.766,71.648,83.876,59,12.066,71.437,83.916,1873,6.692,58.222,74.934,761,42.91,92.834,112.415,6.29172,7.72537,137,17.695,87.777,116.903,142,54.159,151.467,262.026,3000,3000,1.00196,1,0,0,0,0,0.683619,1,1,13.5319,1,0.329641,1,0,0,6491,146,97.8002,1743,18543,18.2389
b2_dynamic_t0256_r01,b2_dynamic_phase_mismatch,91,2.29189,273000,91,28,12.694,63.299,77.147,69,12.392,67.225,74.194,1878,6.931,61.7,71.673,739,48.472,106.408,128.599,6.21245,9.20913,141,21.137,79.506,149.506,141,41.707,111.531,156.4,2996,2996,1.00196,0,0,0,0,0,0.762128,0,1,13.6104,0,0.224918,1,0.0786486,0,6925,139,98.0323,2123,18686,19.2067
b2_dynamic_t0256_r01,b2_dynamic_phase_mismatch,92,2.30548,276000,92,27,11.817,40.669,50.51,63,11.088,49.345,69.367,1873,7.17,43.491,71.721,751,47.463,92.52,117.833,5.25699,9.93466,129,20.295,163.844,1282.63,145,59.078,1116.87,1227.66,2988,2988,2.00197,0,0,0,0,0,0.837188,0,2,13.6855,1,0.158776,2,0.0751991,2128,7465,110,98.5479,1953,18831,21.249
b2_dynamic_t0256_r01,b2_dynamic_phase_mismatch,93,2.32482,279000,93,22,13.111,59.951,62.722,73,13.882,82.648,89.052,1855,6.316,65.526,76.436,769,44.81,107.979,139.022,5.9857,9.12179,154,23.232,1126.08,1193.33,144,62.905,1161.71,1308.63,3017,3017,1.00196,1,0,0,0,0,0.818527,1,1,13.6668,1,0.395201,1.28566,0,7424,6577,204,96.9916,2921,18975,23.5864
b2_dynamic_t0256_r01,b2_dynamic_phase_mismatch,94,2.33457,282000,94,26,12.616,36.933,57.639,76,11.799,47.356,54.896,1867,6.209,40.266,51.907,750,40.674,80.646,101.336,5.37733,8.44992,150,20.536,98.589,143.588,126,53.533,135.844,175.871,2995,2995,2.00197,1,0,0,0,0,0.818527,1,1,13.6668,0,0.198633,1.34092,0.0803356,0,5306,16,99.6994,865,19100,24.0611
b2_dynamic_t0256_r01,b2_dynamic_phase_mismatch,95,2.34649,285000,95,34,17.643,78.617,91.14,75,17.005,87.78,94.81,1849,4.36,63.73,79.752,746,39.354,100.163,128.523,5.60992,8.52831,148,20.751,111.924,184.545,151,56.998,135.191,150.896,3003,3003,2.00197,1,0,0,0,0,0,1,0,9.70692,1,0,0,0.000139236,0,1926,937,67.2721,0,19247,10.3476
b2_dynamic_t0256_r01,b2_dynamic_phase_mismatch,96,2.3568,288000,96,26,17.511,48.319,54.526,80,17.088,61.528,75.335,1833,4.908,48.744,60.922,749,33.792,82.998,100.151,5.61015,7.23024,167,25.119,122.061,156.574,139,62.239,144.669,155.488,2994,2994,2.00197,0,0,0,0,0,0,0,0,9.78721,0,0,0,0.0804291,0,2869,504,85.0578,0,19389,10.4002
b2_dynamic_t0256_r01,b2_dynamic_phase_mismatch,97,2.36824,291000,97,26,11.296,75.85,87.487,60,15.512,75.897,105.085,1876,5.141,68.167,81.807,733,33.325,98.634,117.353,4.67804,9.35714,157,29.249,149.784,179.482,156,68.92,159.525,221.691,3008,3008,2.00197,1,0,0,0,0,0,1,0,9.78721,1,0,0,0,0,3260,280,92.0904,0,19545,10.4519
b2_dynamic_t0256_r01,b2_dynamic_phase_mismatch,98,2.37975,294000,98,29,13.236,61.836,64.295,57,11.862,59.345,65.286,1862,5.617,56.273,70.761,741,36.998,88.362,112.532,4.87449,9.31856,163,20.559,91.888,150.601,140,51.858,137.618,194.729,2992,2992,2.00197,0,0,0,0,0,0.535459,0,1,9.87638,0,0.213382,0,0.0893078,0,4151,209,95.2064,1184,19685,10.5025
b2_dynamic_t0256_r01,b2_dynamic_phase_mismatch,99,2.39104,297000,99,28,10.661,71.674,79.147,56,13.597,64.05,71.776,1837,5.922,64.849,79.586,773,36.579,96.312,125.323,5.17464,8.56608,161,33.683,111.458,450.164,148,56.443,190.109,385.444,3003,3003,2.00197,0,0,0,0,0,0.623157,1,1,9.96408,1,0.411173,2,0.0878372,0,4875,206,95.9457,2375,19835,12.5555
b2_dynamic_t0256_r01,b2_dynamic_phase_mismatch,100,2.40378,300000,100,21,12.396,58.404,70.554,57,11.299,71.493,87.351,1860,6.243,64.383,80.458,743,41.005,99.31,115.982,4.55989,11.1752,141,16.948,118.62,253.354,165,59.711,166.476,261.642,2987,2987,1.00196,1,0,0,0,0,0.623157,1,1,9.96408,1,0.422685,1,0,0,5668,213,96.3782,3063,20000,14.6017
b2_dynamic_t0256_r02,b2_dynamic_phase_mismatch,1,0.033369,3000,1,30,19.815,93.687,109.251,62,19.642,90.279,132.14,1721,20.189,84.869,110.008,754,138.103,203.52,254.539,96.756,1.55792,127,15.271,87.892,196.722,315,40.746,105.004,162.437,3009,3009,1.00196,1,0,0,0,0,0,1,0,130.686,1,0,0,0,0,1749,6624,20.8886,0,315,130.851
b2_dynamic_t0256_r02,b2_dynamic_phase_mismatch,2,0.0553881,6000,2,35,20.744,82.185,86.596,63,19.33,70.779,89.488,1691,18.808,85.419,107.565,753,124.255,192.988,244.217,92.6135,1.34432,153,14.918,69.049,136.163,303,40.176,115.921,169.122,2998,2998,1.00196,0,0,0,0,0,130.769,0,1,130.769,1,2.16272,2,0.0842009,0,4118,5592,42.4099,700,617,133.876
b2_dynamic_t0256_r02,b2_dynamic_phase_mismatch,3,0.0753595,9000,3,28,15.044,88.191,88.733,68,18.483,87.066,392.959,1730,17.525,79.18,96.977,735,109.72,176.598,200.232,84.8517,1.2965,144,15.391,92.577,224.979,292,37.823,96.961,181.177,2997,2997,1.00196,0,0,0,0,0,130.815,1,1,130.815,1,1.82165,3,0.0457573,0,5717,4212,57.5788,800,909,136.932
b2_dynamic_t0256_r02,b2_dynamic_phase_mismatch,4,0.0947872,12000,4,33,15.664,63.197,75.093,50,17.998,83.849,100.112,1720,17.518,78.208,95.595,776,101.865,171.455,204.225,79.5374,1.29918,140,16.642,67.615,99.891,286,38.013,97.865,153.508,3005,3005,1.00196,0,0,0,0,0,130.86,0,1,130.86,1,1.50383,3,0.0448952,0,7634,3336,69.5898,1190,1195,139.851
b2_dynamic_t0256_r02,b2_dynamic_phase_mismatch,5,0.114489,15000,5,21,12.804,46.277,55.311,58,21.463,76.225,93.477,1717,17.662,78.144,97.909,752,95.775,165.708,207.589,76.0372,1.31654,135,19.087,85.54,373.384,317,40.803,93.047,198.316,3000,3000,1.00196,0,0,0,0,0,130.909,0,2,130.909,1,1.5499,4,0.0492249,0,8674,2636,76.6932,378,1510,143.221
b2_dynamic_t0256_r02,b2_dynamic_phase_mismatch,6,0.132257,18000,6,22,18.768,81.197,85.527,69,12.914,77.643,109.025,1670,14.254,74.425,100.408,757,83.849,146.766,182.976,70.4188,1.23033,160,20.028,89.714,293.902,326,43.922,108.273,193.797,3004,3004,1.00196,1,0,0,0,0,130.941,1,1,130.941,2,1.45245,3.17612,0.0397367,0,8192,2062,79.8908,850,1834,146.63
b2_dynamic_t0256_r02,b2_dynamic_phase_mismatch,7,0.148928,21000,7,23,7.687,58.96,64.194,49,18.596,61.906,79.162,1739,11.543,68.537,83.065,765,79.721,138.024,158.139,66.9582,1.23562,137,16.349,111.213,153.699,283,42.093,116.414,203.407,2996,2996,1.00196,1,0,0,0,0,130.985,1,1,130.985,1,1.14724,4,0.0443802,0,9011,1617,84.7855,400,2120,150.342
b2_dynamic_t0256_r02,b2_dynamic_phase_mismatch,8,0.165391,24000,8,20,10.33,63.372,63.372,72,12.093,62.629,90.845,1737,11.899,64.543,81.541,723,80.649,139.796,167.125,64.1342,1.30568,153,16.751,90.627,237.261,295,39.206,104.835,361.347,3000,3000,1.00196,1,0,0,0,0,131.035,1,1,131.035,1,1.11623,3,0.0492382,0,9547,1286,88.1289,918,2416,154.402
b2_dynamic_t0256_r02,b2_dynamic_phase_mismatch,9,0.182956,27000,9,23,11.373,61.419,67.263,58,11.499,54.52,63.481,1721,13.253,67.933,89.112,740,80.442,137.189,159.963,61.1811,1.35139,147,21.162,86.379,209.333,315,46.865,141.826,340.736,3004,3004,1.00196,1,0,0,0,0,131.074,1,1,131.255,1,1.12227,5.17194,0.0482616,0,9822,1129,89.6904,338,2729,158.683
b2_dynamic_t0256_r02,b2_dynamic_phase_mismatch,10,0.198809,30000,10,24,27.657,56.924,65.098,59,14.591,73.706,76.682,1727,11.68,62.477,81.559,715,73.635,126.448,143.803,55.8364,1.35944,160,23.899,87.621,328.663,310,39.941,96.692,184.981,2995,2995,1.00196,0,0,0,0,0,131.161,0,1,131.161,1,0.782916,3,0.0880156,0,9082,808,91.8301,500,3042,161.703
b2_dynamic_t0256_r02,b2_dynamic_phase_mismatch,11,0.215244,33000,11,18,31.812,69.28,69.28,63,10.813,72.046,86.812,1678,10.926,64.655,79.039,755,72.646,128.223,147.869,53.4649,1.42746,169,24.396,99.003,311.073,317,43.456,113.679,364.356,3000,3000,1.00196,1,0,0,0,0,131.209,1,1,131.209,2,0.918573,4,0.0481358,0,10353,691,93.7432,787,3358,165.77
b2_dynamic_t0256_r02,b2_dynamic_phase_mismatch,12,0.230869,36000,12,23,11.732,50.839,52.466,72,14.983,65.864,78.066,1696,10.65,57.001,75.839,760,73.693,124.352,147.201,54.6224,1.40538,151,24.882,85.578,138.203,304,40.164,101.702,172.771,3006,3006,1.00196,1,0,0,0,0,131.26,1,2,131.26,1,0.542621,3,0.0510092,0,11608,575,95.2803,915,3662,168.829
b2_dynamic_t0256_r02,b2_dynamic_phase_mismatch,13,0.246164,39000,13,29,11.036,63.513,93.66,65,11.917,54.24,111.494,1738,10.4,56.605,75.617,731,72.169,128.096,149.289,46.6265,1.61622,143,22.907,97.981,134.65,290,46.969,117.911,185.485,2996,2996,1.00196,1,0,0,0,0,131.302,1,2,131.302,1,0.732533,3.18177,0.0464592,0,10636,516,95.373,926,3953,173.071
b2_dynamic_t0256_r02,b2_dynamic_phase_mismatch,14,0.267154,42000,14,25,9.114,37.27,50.325,57,9.152,64.805,94.085,1698,10.008,61.446,83.736,754,71.177,125.449,163.569,42.496,1.75365,156,32.062,1075.81,3238.79,311,49,1021.88,1256.18,3001,3001,1.00196,0,0,0,0,0,131.356,0,1,131.356,1,1.12444,5.53857,0.0924692,5306,10065,582,94.5337,977,4261,178.193
b2_dynamic_t0256_r02,b2_dynamic_phase_mismatch,15,0.28462,45000,15,20,36.972,57.94,57.94,56,10.025,53.819,66.458,1690,9.62,56.248,71.981,750,69.543,118.987,139.241,40.408,1.77395,166,22.332,162.062,1190.85,314,45.873,328.81,1131.67,2996,2996,2.00197,0,0,0,0,0,131.403,0,1,131.403,1,0.655021,4,0.0467033,2120,9415,463,95.3128,500,4579,182.003
b2_dynamic_t0256_r02,b2_dynamic_phase_mismatch,16,0.318926,48000,16,21,8.481,55.194,63.085,53,9.449,59.562,82.252,1713,10.052,68.359,82.874,748,77.937,138.477,160.245,40.0749,2.03209,152,41.883,1209.49,2315.78,319,70.595,1261.63,2434.4,3006,3006,2.00197,1,0,0,0,0,131.443,1,1,131.443,2,1.54323,8.17907,0.0485125,16923,10043,610,94.2739,2239,4896,189.983
b2_dynamic_t0256_r02,b2_dynamic_phase_mismatch,17,0.336854,51000,17,15,11.21,92.168,92.168,59,11.602,67.467,109.91,1721,10.752,67.682,95.458,758,78.818,141.92,174.978,36.3773,2.26787,148,37.914,113.433,356.165,300,63.321,146.299,337.155,3001,3001,2.00197,1,0,0,0,0,131.487,1,1,131.487,1,0.620214,4,0.0442476,0,9091,359,96.2011,600,5194,194.044
b2_dynamic_t0256_r02,b2_dynamic_phase_mismatch,18,0.385657,54000,18,21,43.151,91.891,113.634,58,19.683,88.673,151.104,1706,11.234,71.425,94.283,754,87.698,158.058,207.547,33.7361,2.69996,144,124.612,1969.83,2312.45,302,111.639,2173.64,2381.5,2985,2985,1.00196,0,0,0,0,0,131.577,0,1,131.577,1,0.41866,3.73765,0.0895586,28735,9905,232,97.7114,300,5501,197.845
b2_dynamic_t0256_r02,b2_dynamic_phase_mismatch,19,0.453589,57000,19,31,11.759,135.453,136.408,48,23.179,148.618,151.66,1757,17.753,140.413,174.099,728,155.932,278.701,333.078,31.9931,5.05268,151,236.571,2541.57,3363.41,296,402.867,2436.2,3348.57,3011,3011,1.00196,0,0,0,0,0,131.618,0,1,131.618,1,2.89087,15.1749,0.0474997,38498,12439,889,93.3298,3195,5795,214.083
b2_dynamic_t0256_r02,b2_dynamic_phase_mismatch,20,0.518413,60000,20,25,24.019,149.038,149.477,64,23.446,147.2,252.744,1731,20.951,156.648,192.279,747,167.64,315.78,360.244,29.8501,5.91442,148,114.095,2450.6,3426.28,279,138.713,3110.88,4002.93,2994,2994,2.00197,0,0,0,0,0,131.669,0,1,131.669,1,2.60106,15,0.051301,31003,11793,776,93.8261,3484,6076,228.141
b2_dynamic_t0256_r02,b2_dynamic_phase_mismatch,21,0.683398,63000,21,25,47.262,210.718,246.456,89,24.603,145.293,211.785,1688,17.415,190.571,235.152,732,195.038,407.907,538.661,27.7336,7.70324,147,2189.41,4384.85,6530.13,321,2328.12,4722.33,7294.5,3002,3002,2.00197,0,0,0,0,0,0.988073,0,1,125.206,1,5.8552,29.4803,0.044467,126277,15276,1678,90.1026,5254,6397,198.944
b2_dynamic_t0256_r02,b2_dynamic_phase_mismatch,22,0.738055,66000,22,27,21.359,249.526,252.775,53,27.812,213.986,286.299,1747,26.27,200.766,252.162,759,257.962,474.67,568.943,26.8129,10.0557,132,47.903,162.489,813.862,286,96.861,250.889,937.59,3004,3004,1.00196,1,0,0,0,0,1.03296,1,1,125.251,2,5.77115,1,0.0450258,0,5405,4914,52.3791,16464,6678,142.985
b2_dynamic_t0256_r02,b2_dynamic_phase_mismatch,23,0.781107,69000,23,16,21.279,140.749,140.749,68,51.676,167.802,197.646,1764,28.737,161.832,200.514,715,220.375,391.257,477.702,26.0308,8.86176,147,50.782,235.12,319.238,288,103.295,257.863,397.909,2998,2998,2.00197,1,0,0,0,0,1.07747,1,1,125.295,1,6.46157,3,0.0446396,0,6853,4001,63.138,20486,6969,129.59
b2_dynamic_t0256_r02,b2_dynamic_phase_mismatch,24,0.894465,72000,24,19,17.647,177.875,177.875,58,35.785,164.842,296.429,1721,20.908,156.76,223.445,743,212.737,415.73,538.111,24.638,9.34663,157,1142.34,4282.6,4681.22,302,1164.94,3877.86,4706.23,3000,3000,2.00197,0,0,0,0,0,1.16484,0,1,125.383,1,20.4821,8.17677,0.0948868,79210,9569,7885,54.8241,68192,7272,139.832
b2_dynamic_t0256_r02,b2_dynamic_phase_mismatch,25,0.936056,75000,25,25,18.417,150.327,171.936,59,54.569,181.426,187.983,1718,26.517,158.624,189.64,748,203.846,372.464,460.389,22.4425,9.52011,145,55.648,236.072,433.142,309,113.228,349.351,497.173,3004,3004,2.00197,0,0,0,0,0,1.20957,0,1,125.428,1,9.40018,4,0.0448561,0,7804,3028,72.0458,35477,7579,141.893
b2_dynamic_t0256_r02,b2_dynamic_phase_mismatch,26,1.01035,78000,26,26,48.694,162.346,164.739,63,32.722,166.104,182.303,1681,22.959,156.305,182.059,778,205.629,380.965,522.787,22.2853,9.75754,166,69.444,3186.27,3518.84,276,124.332,3441.92,5552.35,2990,2990,2.00197,0,0,0,0,0,1.25877,0,1,125.477,1,11.7069,5,0.0493412,32053,10304,4538,69.4246,46007,7858,147.954
b2_dynamic_t0256_r02,b2_dynamic_phase_mismatch,27,1.22915,81000,27,24,16.987,74.296,82.806,65,27.719,163.076,223.085,1707,19.609,168.439,213.318,747,216.091,441.498,523.685,21.2062,11.1494,165,2688.1,6139.66,8416.3,296,3129.17,6719.32,8476.37,3004,3004,2.00197,0,0,0,0,0,0.32209,0,1,38.7024,1,35.0116,17.3803,0.051528,187658,14439,9516,60.2755,141944,8153,99.6601
b2_dynamic_t0256_r02,b2_dynamic_phase_mismatch,28,1.26733,84000,28,24,25.786,151.765,251.7,55,41.426,180.949,338.308,1694,24.21,169.275,256.835,757,144.785,347.27,454.457,20.3738,8.05377,152,55.389,355.869,752.35,321,114.957,334.547,460.177,3003,3003,1.00196,1,0,0,0,0,0.374387,1,2,38.7547,2,0.845053,0,0.0524311,0,4016,2252,64.0715,1295,8471,39.5263
b2_dynamic_t0256_r02,b2_dynamic_phase_mismatch,29,1.29952,87000,29,19,17.178,175.927,175.927,66,34.364,146.789,182.571,1727,19.649,154.116,202.004,750,124.501,314.091,462.831,18.7213,7.86372,161,67.621,255.134,451.274,288,105.991,301.111,376.653,3011,3011,2.00197,1,0,0,0,0,0.417374,1,1,38.7977,1,1.47695,1,0.0431213,0,5595,1642,77.311,3062,8761,41.1382
b2_dynamic_t0256_r02,b2_dynamic_phase_mismatch,30,1.33285,90000,30,22,25.305,87.076,99.515,60,51.285,170.612,224.28,1700,22.247,152.447,230.215,770,132.644,302.701,416.504,17.339,8.51246,150,66.248,247.714,648.117,285,109.089,305.27,489.482,2987,2987,2.00197,1,0,0,0,0,0.465811,1,1,38.8461,1,1.25984,2,0.0485716,0,7133,1311,84.4742,2693,9046,42.2435
b2_dynamic_t0256_r02,b2_dynamic_phase_mismatch,31,1.46478,93000,31,25,18.326,88.166,144.852,54,28.087,118.702,208.506,1701,18.724,137.861,219.696,777,139.893,299.094,395.058,15.6242,9.69866,158,1976.47,5522.96,7764.29,294,1273.93,5627.26,7277.57,3009,3009,2.00197,0,0,0,0,0,0.556952,0,1,38.9372,1,15.8375,19.1826,0.0977888,102307,11128,4726,70.1905,38171,9338,62.4436
b2_dynamic_t0256_r02,b2_dynamic_phase_mismatch,32,1.498,96000,32,16,64.28,174.156,174.156,58,26.99,179.272,188.78,1796,18.155,152.424,187.124,713,134.075,281.286,346.452,14.9411,9.80777,153,70.265,286.7,791.45,265,105.726,360.589,762.15,3001,3001,1.00196,1,0,0,0,0,0.556952,1,1,38.9372,1,1.66296,3,0,0,6545,857,88.422,4457,9606,65.0899
b2_dynamic_t0256_r02,b2_dynamic_phase_mismatch,33,1.53323,99000,33,25,35.096,133.537,194.225,49,30.242,140.893,150.266,1661,16.954,149.373,183.635,825,109.671,260.256,327.035,13.9964,8.97586,129,76.128,246.99,301.369,304,122.324,289.888,557.108,2993,2993,2.00197,0,0,0,0,0,0,0,0,25.8177,1,0.370827,0.539294,0.0961542,0,2857,1554,64.7699,189,9909,26.1605
b2_dynamic_t0256_r02,b2_dynamic_phase_mismatch,34,1.56409,102000,34,18,102.235,161.566,161.566,34,38.335,191.991,198.826,1047,18.825,170.25,198.103,471,116.704,266.042,371.401,12.4713,10.5386,1251,47.837,153.262,272.777,195,101.839,271.393,349.632,3016,3016,2.00197,0,0,0,0,0,0.335909,0,1,25.8752,1,0.337276,0,0.0575933,0,2177,776,73.7216,572,10106,26.5154
b2_dynamic_t0256_r02,b2_dynamic_phase_mismatch,35,1.59063,105000,35,8,25.399,192.802,192.802,23,29.291,156.789,168.767,692,29.394,158.067,184.609,310,132.643,263.198,361.222,14.129,9.87702,1802,41.218,111.94,185.116,151,90.055,184.686,246.212,2986,2986,2.00197,0,0,0,0,0,0.335909,0,1,25.8752,0,1.4421,1,0,0,1934,836,69.8195,2825,10257,29.0135
b2_dynamic_t0256_r02,b2_dynamic_phase_mismatch,36,1.61324,108000,36,11,40.488,80.238,80.238,17,20.505,111.983,111.983,717,15.909,88.426,160.592,293,96.803,223.235,263.003,12.4505,8.96839,1823,39.334,118.151,172.976,145,83.831,159.043,203.33,3006,3006,1.00196,0,0,0,0,0,1.11913,0,1,26.6584,1,1.91888,3,0.783354,0,1916,728,72.466,3711,10399,31.4691
b2_dynamic_t0256_r02,b2_dynamic_phase_mismatch,37,1.63603,111000,37,8,33.329,81.416,81.416,23,41.324,152.02,172.605,764,20.842,136.897,161.846,290,103.986,232.458,304.541,12.3862,9.8697,1777,34.17,90.51,165.839,142,74.648,143.464,192.516,3004,3004,1.00196,1,0,0,0,0,1.11913,1,1,26.6584,1,2.01967,2,0,0,2280,870,72.381,4349,10543,33.958
b2_dynamic_t0256_r02,b2_dynamic_phase_mismatch,38,1.6557,114000,38,11,18.981,72.283,72.283,25,38.243,106.647,107.831,768,14.615,84.633,102.443,302,95.055,194.572,237.959,14.1987,7.39409,1743,32.595,91.895,143.57,148,75.016,134.821,219.956,2997,2997,1.00196,0,0,0,0,0,1.93446,0,1,27.4738,0,1.71727,2,0.815471,0,2419,778,75.6647,3524,10689,36.3942
b2_dynamic_t0256_r02,b2_dynamic_phase_mismatch,39,1.67608,117000,39,11,13.083,94.816,94.816,22,35.951,144.244,144.935,718,18.126,118.383,137.04,322,100.122,198.775,245.29,13.1925,8.58552,1770,29.203,87.356,143.882,150,69.145,134.238,238.735,2993,2993,2.00197,1,0,0,0,0,1.93446,1,1,27.4738,1,1.2327,2,0,0,2903,655,81.5908,2886,10841,39.8842
b2_dynamic_t0256_r02,b2_dynamic_phase_mismatch,40,1.69352,120000,40,10,53.285,81.905,81.905,26,20.791,89.541,94.672,713,13.945,81.399,95.999,302,97.181,173.741,207.739,13.7285,7.57565,1821,28.186,74.866,109.726,121,60.012,117.417,143.067,2993,2993,2.00197,0,0,0,0,0,2.76045,0,1,28.2997,0,1.62425,3,0.826118,0,3017,682,81.5626,4468,10962,42.3386
b2_dynamic_t0256_r02,b2_dynamic_phase_mismatch,41,1.71141,123000,41,13,19.065,87.99,87.99,22,17.777,96.653,103.506,693,15.063,93.65,113.497,282,93.864,181.4,234.38,12.8227,7.9699,1821,28.414,82.841,120.344,172,60.291,117.789,178.181,3003,3003,2.00197,1,0,0,0,0,2.76045,1,1,28.2997,1,1.9072,3,0,0,3128,755,80.5563,5150,11132,45.8396
b2_dynamic_t0256_r02,b2_dynamic_phase_mismatch,42,1.75231,126000,42,11,8.436,77.824,77.824,18,53.728,129.991,129.991,703,20.728,112.678,132.524,280,104.427,203.437,251.897,14.0357,7.7862,1844,30.529,84.071,6518.24,141,64.599,135.472,193.585,2997,2997,2.00197,0,0,0,0,0,0,0,0,20.9195,0,2.03791,4.91949,0.820048,21220,1957,1008,66.0034,3178,11275,22.1138
b2_dynamic_t0256_r02,b2_dynamic_phase_mismatch,43,1.76922,129000,43,12,10.218,120.122,120.122,26,25.713,120.161,133.947,729,9.612,67.762,121.156,332,67.704,177.741,252.671,13.0964,5.98873,1767,28.446,89.274,143.078,138,67.695,146.406,255.022,3004,3004,1.00196,0,0,0,0,0,0,0,0,21.7485,1,0,0,0.829092,0,372,766,32.6889,0,11412,22.5572
b2_dynamic_t0256_r02,b2_dynamic_phase_mismatch,44,1.79967,132000,44,14,45.318,162.33,162.33,30,52.842,120.23,202.43,694,17.809,127.967,191.532,301,113.811,253.116,440.047,12.7674,10.0349,1792,27.947,96.321,166.519,166,65.361,132.352,208.659,2997,2997,2.00197,1,0,0,0,0,0,1,0,21.7485,1,0,0,0,0,667,661,50.2259,0,11579,23.0512
b2_dynamic_t0256_r02,b2_dynamic_phase_mismatch,45,1.81806,135000,45,9,38.202,134.497,134.497,22,50.018,76.991,77.309,724,13.319,84.676,105.581,289,103.775,228.82,286.34,12.1246,9.36461,1807,29.316,81.463,129.483,156,65.831,135.537,163.972,3007,3007,2.00197,0,0,0,0,0,0,0,0,22.5401,0,0,0,0.791773,0,854,469,64.5503,0,11734,23.5149
b2_dynamic_t0256_r02,b2_dynamic_phase_mismatch,46,1.83568,138000,46,14,16.688,133.544,133.544,15,17.249,141.53,141.53,716,11.078,106.857,133.678,302,90.127,185.666,251.441,11.7947,8.69372,1800,26.025,75.351,140.75,145,61.635,141.063,205.358,2992,2992,1.00196,1,0,0,0,0,0,1,0,22.5401,1,0,0,0,0,1229,397,75.5843,0,11881,24.0059
b2_dynamic_t0256_r02,b2_dynamic_phase_mismatch,47,1.85298,141000,47,8,34.235,92.334,92.334,30,16.305,90.527,181.382,762,13.358,97.044,152.95,263,97.558,225.3,270.215,15.27,7.12338,1805,27.361,78.601,104.727,140,61.597,104.963,117.38,3008,3008,1.00196,0,0,0,0,0,5.38985,0,1,23.3199,0,0.255418,0,0.779986,0,1348,477,73.863,465,12021,24.4596
b2_dynamic_t0256_r02,b2_dynamic_phase_mismatch,48,1.87031,144000,48,13,10.711,45.798,45.798,27,15.383,109.401,195.827,710,12.014,90.103,130.518,295,84.257,182.412,281.904,13.5017,6.9724,1803,27.777,87.997,124.176,151,64.726,122.099,162.105,2999,2999,1.00196,1,0,0,0,0,5.38985,1,1,23.3199,1,0.68183,1,0,0,1868,454,80.4479,1438,12172,26.799
b2_dynamic_t0256_r02,b2_dynamic_phase_mismatch,49,1.89002,147000,49,6,58.781,72.212,72.212,33,18.836,116.498,117.552,676,19.093,102.949,161.659,277,111.317,218.656,259.663,13.9567,8.61554,1850,28.209,84.997,147.318,161,58.439,139.07,277.103,3003,3003,1.00196,1,0,0,0,0,6.23301,1,1,24.1631,1,0.937468,1,0.843297,0,2064,565,78.5089,2074,12332,28.418
b2_dynamic_t0256_r02,b2_dynamic_phase_mismatch,50,1.90706,150000,50,16,13.949,73.028,73.028,15,15.448,73.33,73.33,722,12.989,68.362,97.132,289,85.043,161.345,203.183,11.4394,7.96559,1807,27.623,88.114,133.644,143,69.9,141.36,167.45,2992,2992,1.00196,0,0,0,0,0,7.02267,0,1,24.9528,0,0.713065,2,0.78979,0,2345,411,85.0871,1843,12474,29.8742
b2_dynamic_t0256_r02,b2_dynamic_phase_mismatch,51,1.92402,153000,51,13,15.803,86.473,86.473,24,27.453,81.273,102.542,704,12.084,81.101,97.946,324,84.532,172.791,220.712,12.4383,7.65595,1790,25.232,81.672,127.648,150,63.504,131.017,179.468,3005,3005,2.00197,1,0,0,0,0,7.02267,1,1,24.9528,1,0.79474,1,0,0,2873,515,84.7993,2228,12625,32.365
b2_dynamic_t0256_r02,b2_dynamic_phase_mismatch,52,1.93955,156000,52,17,13.975,100.06,100.06,20,17.637,62.525,62.525,707,13.28,71.556,96.266,299,82.837,167.928,230.167,14.0268,6.58015,1820,23.307,70.963,98.39,136,57.303,115.615,127.113,2999,2999,2.00197,0,0,0,0,0,7.79916,0,1,25.7292,0,0.721025,2,0.776626,0,2904,420,87.3646,1815,12761,33.8204
b2_dynamic_t0256_r02,b2_dynamic_phase_mismatch,53,1.95525,159000,53,10,14.202,51.747,51.747,28,19.245,85.818,111.345,742,11.932,77.739,94.415,285,79.392,158.884,223.269,11.6702,7.62217,1793,23.709,84.85,126.583,148,63.486,117.292,127.166,3006,3006,1.00196,1,0,0,0,0,7.79916,1,1,25.7292,1,0.728753,2,0,0,2966,391,88.3527,2302,12907,36.3128
b2_dynamic_t0256_r02,b2_dynamic_phase_mismatch,54,1.99807,162000,54,16,48.419,96.2,96.2,28,26.756,103.471,148.372,711,15.221,92.959,112.314,296,89.71,193.661,231.824,11.2669,8.75266,1789,24.756,90.386,5489.67,143,58.712,126.577,5515.45,2983,2983,1.00196,0,0,0,0,0,8.39501,0,1,26.3251,0,3.47566,9.00516,0.855108,25437,4794,1086,81.5306,9326,13052,45.7615
b2_dynamic_t0256_r02,b2_dynamic_phase_mismatch,55,2.02681,165000,55,11,13.7,63.204,63.204,39,20.995,124.357,168.257,683,13.04,94.903,132.567,310,101.419,190.234,249.539,12.8194,8.5497,1808,31.797,106.405,354.109,158,74.202,155.918,457.485,3009,3009,2.00197,0,0,0,0,0,0,0,0,20.5599,1,0.580345,1.73248,0.822425,0,2162,471,82.1117,1066,13208,44.6948
b2_dynamic_t0256_r02,b2_dynamic_phase_mismatch,56,2.04662,168000,56,7,7.063,71.053,71.053,40,30.513,110.119,111.594,753,10.931,102.779,121.491,298,101.197,204.451,264.521,12.3725,8.80027,1744,28.358,93.165,132,165,67.793,131.581,178.686,3007,3007,1.00196,1,0,0,0,0,0,1,0,20.5599,1,0,0,0,0,453,865,34.3703,0,13375,27.2457
b2_dynamic_t0256_r02,b2_dynamic_phase_mismatch,57,2.06506,171000,57,11,46.333,84.549,84.549,25,39.724,104.168,106.867,698,15.618,81.839,102.571,312,90.768,171.398,212.454,11.8462,8.1561,1778,27.478,89.239,128.53,172,61.811,121.787,145.909,2996,2996,2.00197,0,0,0,0,0,0,0,0,21.2813,0,0,0,0.721483,0,836,666,55.6591,0,13546,22.31
b2_dynamic_t0256_r02,b2_dynamic_phase_mismatch,58,2.08257,174000,58,15,15.364,97.89,97.89,19,29.998,137.911,137.911,688,11.046,100.777,116.509,296,74.963,169.935,219.488,12.0574,7.1838,1830,27.829,91.376,135.383,149,64.212,123.762,143.432,2997,2997,2.00197,1,0,0,0,0,0,1,0,21.2813,1,0,0,0,0,1147,472,70.8462,0,13697,23.3803
b2_dynamic_t0256_r02,b2_dynamic_phase_mismatch,59,2.09993,177000,59,9,13.799,81.423,81.423,21,29.238,85.265,87.868,699,12.717,81.533,105.926,303,87.368,154.463,197.278,11.7657,8.03064,1813,25.384,78.907,121.072,166,58.931,124.374,173.3,3011,3011,2.00197,1,0,0,0,0,5.31817,1,1,22.0507,1,0.414079,0,0.769524,0,1506,621,70.8039,948,13861,23.2773
b2_dynamic_t0256_r02,b2_dynamic_phase_mismatch,60,2.11463,180000,60,10,28.043,38.775,38.775,26,21.574,63.146,65.273,710,9.783,54.612,67.824,286,71.08,126.211,161.551,12.2273,6.16014,1812,24.605,81.599,105.151,141,57.179,104.059,136.418,2985,2985,2.00197,0,0,0,0,0,6.04931,0,1,22.7818,0,0.558002,1,0.731279,0,1725,476,78.3735,1285,14002,24.7364
b2_dynamic_t0256_r02,b2_dynamic_phase_mismatch,61,2.13036,183000,61,14,14.083,82.477,82.477,23,22.461,71.431,78.453,715,11.886,80.238,89.088,299,77.093,152.058,172.702,10.4047,8.43268,1800,23.745,74.549,108.646,151,55.174,102.174,133.399,3002,3002,1.00196,1,0,0,0,0,6.04931,1,1,22.7818,1,0.731674,1,0,0,2090,549,79.1967,1674,14154,26.2333
b2_dynamic_t0256_r02,b2_dynamic_phase_mismatch,62,2.14545,186000,62,5,12.352,31.836,31.836,23,20.034,60.234,74.421,677,10.614,64.208,78.006,294,73.436,133.118,174.255,11.932,6.61426,1851,24.77,73.282,99.677,146,56.658,104.319,140.02,2996,2996,1.00196,0,0,0,0,0,6.86232,0,1,23.5948,0,0.624327,1,0.813152,0,2288,471,82.9286,1591,14299,27.6981
b2_dynamic_t0256_r02,b2_dynamic_phase_mismatch,63,2.16067,189000,63,6,13.307,34.436,34.436,26,14.879,86.526,87.327,692,10.605,75.856,90.774,333,72.839,147.548,187.855,11.8228,7.02496,1806,22.496,75.89,114.99,140,55.955,116.76,160.099,3003,3003,2.00197,1,0,0,0,0,6.86232,1,1,23.5948,1,0.748483,1,0,0,2878,457,86.2969,2453,14438,30.1933
b2_dynamic_t0256_r02,b2_dynamic_phase_mismatch,64,2.17599,192000,64,9,14.475,87.354,87.354,25,19.245,74.74,79.975,770,14.969,70.954,82.438,294,85.66,144.562,184.666,13.1905,6.75405,1739,22.567,71.522,97.19,161,52.237,101.473,126.624,2998,2998,2.00197,0,0,0,0,0,7.69424,0,1,24.4267,0,0.538981,2,0.832058,0,2830,436,86.6503,1889,14601,31.6359
b2_dynamic_t0256_r02,b2_dynamic_phase_mismatch,65,2.19092,195000,65,7,13.927,56.855,56.855,16,22.46,52.189,52.189,742,11.026,56.707,79.386,294,80.552,141.198,168.477,13.7551,6.16572,1801,24.009,74.327,110.745,151,53.813,112.779,164.569,3011,3011,2.00197,1,0,0,0,0,7.69424,1,1,24.4267,1,0.69016,2,0,0,3044,375,89.0319,2617,14753,34.1649
b2_dynamic_t0256_r02,b2_dynamic_phase_mismatch,66,2.23482,198000,66,11,27.948,88.363,88.363,16,17.208,96.089,96.089,692,13.805,96.753,113.991,301,95.106,189.064,251.272,12.5183,8.49358,1824,26.752,91.114,4299.48,155,58.684,168.847,4305.06,2999,2999,2.00197,1,0,0,0,0,8.24187,1,1,24.9743,1,3.19754,8.9237,0.803234,25428,4779,1158,80.4952,9094,14908,44.5114
b2_dynamic_t0256_r02,b2_dynamic_phase_mismatch,67,2.25126,201000,67,18,13.593,62.906,62.906,50,17.77,82.018,92.104,1114,9.947,66.824,81.212,453,79.574,148.419,183.2,10.8786,7.96323,1225,26.814,71.986,107.617,136,58.536,138.302,476.08,2996,2996,2.00197,0,0,0,0,0,8.99382,1,1,25.7263,0,0.416596,1.57749,0.75209,0,3108,440,87.5986,876,15041,45.3842
b2_dynamic_t0256_r02,b2_dynamic_phase_mismatch,68,2.26656,204000,68,22,19.456,71.431,79.46,54,23.431,104.884,109.674,1859,5.521,80.156,96.711,769,58.541,133.503,165.135,11.2289,6.11416,146,19.67,97.095,170.357,144,58.895,207.265,337.709,2994,2994,2.00197,1,0,0,0,0,0,1,0,19.2531,1,0,0,0,0,1836,1517,54.7569,0,15184,20.207
b2_dynamic_t0256_r02,b2_dynamic_phase_mismatch,69,2.28136,207000,69,25,18.498,55.449,69.975,63,18.565,85.831,93.981,1893,6.316,71.717,84.556,690,60.323,122.216,152.395,10.5551,6.27488,156,23.259,110.914,170.627,175,59.437,140.816,169.917,3002,3002,2.00197,0,0,0,0,0,0,0,0,19.7176,0,0,0,0.464564,0,2485,843,74.6695,0,15361,20.2295
b2_dynamic_t0256_r02,b2_dynamic_phase_mismatch,70,2.29423,210000,70,25,11.616,64.377,113.63,67,15.59,73.108,106.238,1902,6.157,57.461,89.305,725,47.829,113.774,149.627,10.6897,5.30846,138,31.727,141.173,286.597,150,62.395,159.794,337.093,3007,3007,1.00196,0,0,0,0,0,4.21137,0,1,19.7889,1,0,0,0.0714359,0,3478,558,86.1744,0,15511,20.2764
b2_dynamic_t0256_r02,b2_dynamic_phase_mismatch,71,2.30895,213000,71,20,13.4,91.99,91.99,74,14.191,74.042,84.297,1890,6.664,76.812,90.307,708,52.84,129.006,158.667,10.9576,5.98121,136,23.038,125.362,313.062,169,60.364,139.984,331.157,2997,2997,2.00197,1,0,0,0,0,4.21137,1,1,19.7889,1,1.04333,2,0,0,4837,597,89.0136,3756,15681,22.3224
b2_dynamic_t0256_r02,b2_dynamic_phase_mismatch,72,2.32215,216000,72,27,20.348,75.996,79.716,67,12.655,55.939,77.236,1836,7.145,56.922,70.94,740,49.912,105.66,135.037,10.2473,5.8184,172,23.109,92.747,116.607,149,58.925,136.278,146.432,2991,2991,2.00197,0,0,0,0,0,4.27707,0,1,19.8546,0,0.399474,1,0.0658398,0,5387,354,93.8338,1748,15830,24.3783
b2_dynamic_t0256_r02,b2_dynamic_phase_mismatch,73,2.33613,219000,73,29,11.697,67.706,88.876,69,13.342,75.141,89.869,1860,7.349,71.227,88.192,726,51.343,120.761,142.03,9.16667,6.78292,155,25.334,141.921,324.904,164,60.999,185.995,459.373,3003,3003,2.00197,1,0,0,0,0,4.27707,1,1,19.8546,1,0.337439,2,0,0,5648,247,95.81,1603,15993,25.4298
b2_dynamic_t0256_r02,b2_dynamic_phase_mismatch,74,2.35079,222000,74,18,12.306,57.253,57.253,72,13.462,77.623,82.161,1889,7.513,69.187,79.809,726,57.325,119.147,133.322,8.42424,8.0095,149,21.88,115.01,155.865,151,56.666,144.939,179.824,3005,3005,2.00197,0,0,0,0,0,4.36905,0,1,19.9465,0,0.465324,1,0.0921259,0,6197,242,96.2417,2346,16144,27.4463
b2_dynamic_t0256_r02,b2_dynamic_phase_mismatch,75,2.36281,225000,75,21,12.099,45.335,84.765,88,12.32,42.101,78.72,1825,7.656,41.859,81.83,765,52.45,95.654,117.866,10.2026,5.63599,172,21.643,105.915,352.576,129,56.738,135.076,184.529,3000,3000,2.00197,1,0,0,0,0,4.36905,1,1,19.9465,1,0.236542,1,0.0750227,0,6792,162,97.6704,1399,16274,28.6096
b2_dynamic_t0256_r02,b2_dynamic_phase_mismatch,76,2.37683,228000,76,26,11.809,65.392,81.845,74,12.976,68.676,77.914,1879,7.501,62.729,74.47,748,57.642,120.905,139.505,9.67112,6.97422,157,16.507,78.692,150.683,122,49.179,114.021,193.09,3006,3006,2.00197,0,0,0,0,0,4.44408,0,1,20.0216,0,0.279203,2,0.000139236,0,7565,155,97.9922,2118,16395,29.5827
b2_dynamic_t0256_r02,b2_dynamic_phase_mismatch,77,2.38927,231000,77,27,12.962,59.683,65.438,70,12.86,44.848,97.187,1850,7.953,44.143,70.342,765,55.535,97.381,128.803,9.31765,6.5146,137,25.275,113.338,288.748,142,59.325,138.165,274.052,2991,2991,2.00197,1,0,0,0,0,4.44408,1,1,20.0216,1,0.240412,1,0,0,7630,119,98.4643,2106,16538,31.7279
b2_dynamic_t0256_r02,b2_dynamic_phase_mismatch,78,2.41073,234000,78,30,11.45,56.552,62.953,74,11.895,63.911,100.015,1845,7.106,71.067,86.825,761,54.217,115.724,156.552,8.70302,7.39965,139,32.648,2120.3,2322.84,154,62.595,1169.4,2279.38,3003,3003,2.00197,1,0,0,0,0,4.52471,1,1,20.1022,1,0.5801,3.31335,0.0973721,7437,7126,248,96.6368,3918,16689,34.9883
b2_dynamic_t0256_r02,b2_dynamic_phase_mismatch,79,2.42528,237000,79,21,12.948,59.906,64.554,65,13.471,51.281,73.902,1848,7.378,52.814,64.659,751,52.219,100.64,135.33,8.96138,6.54496,141,24.599,143.176,649.793,170,65.764,545.272,1364.17,2996,2996,2.00197,0,0,0,0,0,4.60141,0,1,20.1789,0,0.00857735,1.17277,0.0768347,0,5716,46,99.2017,82,16861,35.2116
b2_dynamic_t0256_r02,b2_dynamic_phase_mismatch,80,2.4379,240000,80,38,17.946,84.163,85.173,67,18.78,69.563,93.541,1823,5.134,63.478,77.786,763,45.681,108.414,136.514,6.99869,7.63662,161,24.154,101.026,371.168,147,56.891,192.217,445.899,2999,2999,1.00196,1,0,0,0,0,0,1,0,14.5628,1,0.159961,0,0,0,2242,1061,67.8777,0,17010,15.2227
b2_dynamic_t0256_r02,b2_dynamic_phase_mismatch,81,2.45268,243000,81,22,20.096,74.621,76.315,67,21.307,81.598,93.319,1842,5.691,72.62,86.406,746,48.713,110.857,138.637,7.56568,7.73229,146,21.149,123.403,466.271,176,58.031,171.057,419.779,2999,2999,1.00196,1,0,0,0,0,0,1,0,14.6329,1,0,0,0.0702534,0,2898,742,79.6154,0,17185,15.1995
b2_dynamic_t0256_r02,b2_dynamic_phase_mismatch,82,2.4643,246000,82,23,13.229,62.69,70.024,67,11.875,64.003,86.526,1822,5.864,45.341,61.102,789,40.508,86.067,115.779,8.13435,5.81357,149,35.115,152.029,195.355,153,75.973,174.399,194.61,3003,3003,2.00197,0,0,0,0,0,0.536021,0,1,14.7088,0,0.139709,0,0.076004,0,3771,549,87.2917,600,17338,15.25
b2_dynamic_t0256_r02,b2_dynamic_phase_mismatch,83,2.47714,249000,83,25,11.356,76.056,78.054,67,11.613,66.592,93.613,1860,5.967,71.889,83.7,752,42.812,109.656,130.903,7.41622,7.25369,157,22.739,138.74,283.109,139,60.942,157.421,338.317,3000,3000,2.00197,1,0,0,0,0,0.536021,1,1,14.7088,1,0.756568,1,0,0,4787,514,90.3037,2534,17476,17.2994
b2_dynamic_t0256_r02,b2_dynamic_phase_mismatch,84,2.48864,252000,84,22,12.654,67.937,79.601,54,12.777,66.646,70.854,1901,6.319,51.472,64.335,727,43.3,94.001,115.26,7.44704,6.76092,149,17.606,101.292,122.423,137,61.758,144.409,212.471,2990,2990,2.00197,0,0,0,0,0,0.61615,0,1,14.7889,0,0.651669,2,0.0802679,0,5003,414,92.3574,3112,17614,18.349
b2_dynamic_t0256_r02,b2_dynamic_phase_mismatch,85,2.50198,255000,85,30,12.474,75.178,82.324,52,12.425,73.791,83.683,1819,6.825,68.603,81.602,800,45.17,109.348,126.874,7.5525,7.18353,143,25.205,136.497,233.943,165,65.229,158.723,261.518,3009,3009,2.00197,1,0,0,0,0,0.61615,1,1,14.7889,1,0.601171,2,0,0,6173,266,95.8689,3679,17779,20.4762
b2_dynamic_t0256_r02,b2_dynamic_phase_mismatch,86,2.51582,258000,86,24,13.914,65.735,75.336,60,15.785,79.937,96.278,1839,7.012,63.58,75.951,798,49.433,105.342,125.439,6.2594,9.45921,125,19.537,90.109,155.814,149,56.533,126.221,157.487,2995,2995,2.00197,0,0,0,0,0,0.695853,0,1,14.8686,0,0.384019,2,0.0798426,0,6791,252,96.422,2641,17929,22.7437
b2_dynamic_t0256_r02,b2_dynamic_phase_mismatch,87,2.5284,261000,87,23,12.642,41.834,52.528,68,13.874,55.982,86.754,1844,7.503,54.707,81.884,749,47.21,99.717,119.016,6.93324,7.89913,160,25.421,123.476,380.682,161,61.015,165.134,231.386,3005,3005,1.00196,1,0,0,0,0,0.695853,1,1,14.8686,1,0.480813,2,0.0731115,0,6603,168,97.5188,3395,18089,24.5668
b2_dynamic_t0256_r02,b2_dynamic_phase_mismatch,88,2.54245,264000,88,18,11.935,88.446,88.446,57,13.027,68.57,81.614,1851,7.541,66.401,75.926,762,52.113,110.199,128.064,6.48031,9.59856,154,20.274,102.509,269.506,159,56.035,132.537,320.658,3001,3001,2.00197,1,0,0,0,0,0.768965,1,1,14.9417,1,0,0,0.000139236,0,7087,79,98.8976,0,18248,25.6872
b2_dynamic_t0256_r02,b2_dynamic_phase_mismatch,89,2.5548,267000,89,33,14.038,55.963,60.144,64,19.043,61.766,79.863,1857,6.768,53.235,65.804,736,48.015,95.656,120.932,6.37772,8.62883,158,22.231,117.377,143.61,154,54.064,134.179,168.027,3002,3002,2.00197,0,0,0,0,0,0.308691,1,1,10.4545,0,0.404561,1.14585,0.0758867,0,3994,784,83.5915,1174,18402,11.6498
b2_dynamic_t0256_r02,b2_dynamic_phase_mismatch,90,2.56699,270000,90,28,17.311,88.37,104.748,59,19.469,89.972,110.542,1874,5.753,69.579,111.536,760,42.514,103.297,142.464,6.28816,8.05168,136,19.237,141.322,276.451,142,62.179,193.06,332.874,2999,2999,2.00197,1,0,0,0,0,0.308691,1,1,10.4545,1,0.826814,1,0,0,4027,909,81.5843,882,18543,12.1598
b2_dynamic_t0256_r02,b2_dynamic_phase_mismatch,91,2.58074,273000,91,28,19.22,111.167,116.339,69,16.624,84.811,166.038,1877,6.322,77.279,106.316,740,46.249,125.669,158.856,6.20405,9.45549,141,19.253,94.66,130.816,141,52.462,133.078,168.44,2996,2996,2.00197,0,0,0,0,0,0.387457,0,1,10.5333,0,0.749079,1,0.0789051,0,4876,552,89.8305,1167,18686,14.1261
b2_dynamic_t0256_r02,b2_dynamic_phase_mismatch,92,2.59305,276000,92,27,12.87,72.507,105.256,63,17.264,84.696,91.64,1874,6.569,65.619,109.93,754,41.631,101.767,149.507,5.28515,9.61347,136,31.17,162.895,330.466,149,62.847,149.786,226.981,3003,3003,2.00197,1,0,0,0,0,0.387457,1,1,10.5333,1,0.756574,2,0.0745497,0,5289,350,93.7932,1896,18834,15.2485
b2_dynamic_t0256_r02,b2_dynamic_phase_mismatch,93,2.60654,279000,93,22,37.525,78.375,88.501,73,12.472,76.989,109.739,1851,6.636,68.527,83.064,765,44.955,108.578,137.071,5.96078,9.54098,141,16.923,97.777,116.768,139,49.907,133.999,172.557,2991,2991,2.00197,0,0,0,0,0,0.462007,0,1,10.6079,0,0.616748,2,0.000139236,0,6452,355,94.7848,2005,18974,17.2173
b2_dynamic_t0256_r02,b2_dynamic_phase_mismatch,94,2.61649,282000,94,26,11.137,39.115,49.411,76,12.117,37.747,48.62,1870,6.794,37.854,51.373,751,41.273,78.521,95.105,5.37816,8.54183,156,23.027,84.051,302.495,127,55.375,125.205,184.631,3006,3006,2.00197,1,0,0,0,0,0.462007,1,1,10.6079,1,0.302517,2,0.0816536,0,6178,182,97.1384,981,19100,19.5381
b2_dynamic_t0256_r02,b2_dynamic_phase_mismatch,95,2.62964,285000,95,33,14.637,66.809,73.728,75,17.22,77.136,107.615,1846,6.294,63.766,75.251,745,44.379,105.532,124.947,5.59732,9.62908,148,18.504,162.376,294.891,149,57.727,139.991,162.871,2996,2996,2.00197,1,0,0,0,0,0,1,0,8.70508,1,0.141306,0.470111,0.000139236,0,5036,461,91.6136,103,19247,9.33717
b2_dynamic_t0256_r02,b2_dynamic_phase_mismatch,96,2.63973,288000,96,27,15.21,51.27,70.952,80,15.788,46.773,59.989,1838,5.12,45.079,55.555,751,37.157,79.939,108.505,5.62184,7.65458,167,21.263,112.884,151.953,141,59.838,143.148,158.634,3004,3004,2.00197,0,0,0,0,0,0.318168,0,1,8.78828,0,0.0970259,0,0.0833378,0,3206,739,81.2674,270,19389,9.39055
b2_dynamic_t0256_r02,b2_dynamic_phase_mismatch,97,2.65124,291000,97,26,12.278,75.895,94.968,60,16.491,70.284,76.395,1871,5.492,64.801,80.8,732,36.983,94.762,119.727,4.6776,9.85747,156,35.154,111.711,211.376,156,60.405,130.447,243.091,3001,3001,2.00197,1,0,0,0,0,0.318168,1,1,8.78828,1,0.826676,1,0,0,4170,553,88.2913,1303,19545,11.4412
b2_dynamic_t0256_r02,b2_dynamic_phase_mismatch,98,2.6623,294000,98,29,12.303,59.13,63.849,56,12.567,73.659,86.962,1865,5.893,55.264,72.106,742,38.655,88.088,108.36,4.87466,9.37739,164,18.058,96.793,139.543,141,52.704,129.167,148.454,2997,2997,2.00197,0,0,0,0,0,0.404779,0,1,8.87489,0,0.682876,2,0.086751,0,4869,359,93.1331,1716,19685,12.4924
b2_dynamic_t0256_r02,b2_dynamic_phase_mismatch,99,2.67369,297000,99,28,13.124,67.31,81.189,57,12.541,61.997,192.574,1838,6.138,61.781,84.254,772,37.724,93.103,187.547,5.17876,8.89476,161,24.867,118.664,292.251,147,58.939,130.849,272.543,3003,3003,2.00197,1,0,0,0,0,0.404779,1,1,8.87489,1,0.57408,2,0,0,5555,257,95.5781,1738,19834,14.6321
b2_dynamic_t0256_r02,b2_dynamic_phase_mismatch,100,2.68652,300000,100,21,11.858,64.19,72.108,57,11.968,62.381,75.178,1860,6.544,62.426,76.627,743,43.784,100.363,117.484,4.55989,11.631,141,17.712,126.737,178.618,165,56.263,124.713,145.889,2987,2987,1.00196,1,0,0,0,0,0.492304,1,1,8.96241,1,0.380016,1,0.0876637,0,5857,199,96.714,1271,20000,16.6108
b2_dynamic_t0256_r03,b2_dynamic_phase_mismatch,1,0.0331364,3000,1,30,19.911,105.483,112.608,62,20.98,84.463,121.726,1721,22.268,94.152,116.396,753,150.773,228.455,294.28,96.7517,1.76297,127,14.031,97.233,166.209,315,40.969,116.926,249.245,3008,3008,1.00196,1,0,0,0,0,0,1,0,130.67,1,0,0,0,0,1741,6627,20.8054,0,315,130.839
b2_dynamic_t0256_r03,b2_dynamic_phase_mismatch,2,0.0565625,6000,2,35,27.331,90.578,103.019,63,19.492,87.624,129.924,1690,20.271,86.129,114.789,753,130.934,203.1,238.663,92.5365,1.42178,153,15.663,66.989,113.285,303,39.714,106.701,314.802,2997,2997,1.00196,0,0,0,0,0,130.754,0,1,130.754,1,2.80589,3,0.0842009,0,4120,5741,41.7808,900,618,134.861
b2_dynamic_t0256_r03,b2_dynamic_phase_mismatch,3,0.0770185,9000,3,28,18.068,75.084,92.886,69,19.638,60.857,73.817,1738,18.879,77.489,97.686,740,114.875,183.319,213.376,84.8784,1.35204,144,15.066,64.82,328.898,292,37.124,91.107,207.174,3011,3011,1.00196,0,0,0,0,0,130.8,0,1,130.8,1,3.08129,5,0.0457573,0,5969,4567,56.6534,1790,909,139.448
b2_dynamic_t0256_r03,b2_dynamic_phase_mismatch,4,0.0972005,12000,4,33,16.492,51.658,67.998,49,20.503,91.156,149.339,1712,18.052,79,98.214,771,104.116,176.94,211.036,79.4773,1.34095,140,15.987,85.263,136.643,286,39.922,105.749,130.337,2991,2991,1.00196,0,0,0,0,0,130.844,0,1,130.844,1,2.69371,5,0.0448952,0,7788,3644,68.1246,853,1195,143.973
b2_dynamic_t0256_r03,b2_dynamic_phase_mismatch,5,0.117286,15000,5,21,18.346,49.554,51.242,58,24.413,70.358,106.406,1718,17.898,79.406,97.151,752,99.306,167.322,195.928,76.1529,1.34645,136,16.858,93.104,266.872,318,39.289,98.602,117.29,3003,3003,1.00196,0,0,0,0,0,130.894,0,2,130.894,1,2.15495,5,0.0492249,0,9094,2791,76.5166,765,1510,150.03
b2_dynamic_t0256_r03,b2_dynamic_phase_mismatch,6,0.135344,18000,6,22,19.611,74.402,80.796,69,15.295,77.141,98.624,1669,14.483,74.564,103.608,758,83.251,149.006,175.484,70.343,1.24005,159,20.85,92.137,341.869,325,41.708,106.978,264.931,3002,3002,1.00196,1,0,0,0,0,130.926,1,1,130.926,2,1.99119,6.17612,0.0397367,0,8605,2201,79.6317,928,1834,155.271
b2_dynamic_t0256_r03,b2_dynamic_phase_mismatch,7,0.151924,21000,7,23,10.478,48.219,54.166,49,11.31,64.451,82.897,1739,11.831,65.659,83.926,766,77.974,135.737,161.953,67.0013,1.23135,137,14.212,103.292,265.766,286,42.292,114.546,170.391,3000,3000,1.00196,1,0,0,0,0,130.97,1,1,130.97,1,1.46119,4,0.0443802,0,9246,1703,84.4461,500,2120,159.971
b2_dynamic_t0256_r03,b2_dynamic_phase_mismatch,8,0.168615,24000,8,20,15.076,74.256,74.256,72,11.157,66.317,74.107,1741,11.568,63.467,79.047,724,81.96,135.355,160.288,64.0856,1.31711,153,16.777,82.061,275.529,294,40.802,103.662,344.53,3004,3004,1.00196,1,0,0,0,0,131.019,1,1,131.019,1,1.31779,5,0.049283,0,9795,1346,87.9185,887,2416,164.387
b2_dynamic_t0256_r03,b2_dynamic_phase_mismatch,9,0.186163,27000,9,23,11.526,51.1,53.88,58,18.052,65.595,91.949,1717,13.275,69.315,88.142,738,80.15,141.908,171.789,61.1721,1.38496,147,17.564,104.386,191.835,314,44.418,116.881,161.944,2997,2997,1.00196,1,0,0,0,0,131.058,1,1,131.239,1,1.34711,5.17198,0.0482616,0,10177,1189,89.539,1138,2729,169.668
b2_dynamic_t0256_r03,b2_dynamic_phase_mismatch,10,0.202354,30000,10,24,31.358,57.393,72.985,59,13.593,65.928,74.315,1727,12.286,64.621,83.475,715,72,124.908,150.534,55.8364,1.36071,160,22.349,85.083,281.755,310,43.034,96.023,263.22,2995,2995,1.00196,0,0,0,0,0,131.146,0,1,131.146,1,1.11624,4,0.0882206,0,9294,854,91.5845,898,3042,174.688
b2_dynamic_t0256_r03,b2_dynamic_phase_mismatch,11,0.218443,33000,11,18,30.761,54.486,54.486,63,11.657,62.519,73.741,1680,10.374,60.556,76.789,756,73.331,125.054,145.928,53.4272,1.41851,169,19.228,99.118,273.264,317,46.303,107.226,332.734,3003,3003,1.00196,1,0,0,0,0,131.194,1,1,131.194,2,1.04261,5,0.0478802,0,10629,737,93.5157,800,3358,178.755
b2_dynamic_t0256_r03,b2_dynamic_phase_mismatch,12,0.234556,36000,12,23,17.31,57.367,65.535,72,11.995,61.747,64.71,1691,10.652,59.631,86.639,757,73.968,132.895,179.547,54.5826,1.44944,151,22.604,95.372,157.984,304,44.811,107.943,152.372,2998,2998,1.00196,1,0,0,0,0,131.245,1,2,131.245,1,0.980369,5.182,0.0513115,0,11732,682,94.5062,1127,3661,183.996
b2_dynamic_t0256_r03,b2_dynamic_phase_mismatch,13,0.251577,39000,13,29,8.878,54.76,59.734,65,14.992,53.957,68.345,1739,9.841,56.086,68.808,732,69.26,117.878,139.798,46.7937,1.54186,143,18.697,120.011,1115.06,284,45.306,252.295,1209.44,2992,2992,1.00196,1,0,0,0,0,131.286,1,2,131.286,1,1.12755,4,0.0461531,2095,10104,617,94.2449,1676,3948,189.101
b2_dynamic_t0256_r03,b2_dynamic_phase_mismatch,14,0.271494,42000,14,25,16.394,86.535,89.215,57,9.08,56.554,76.105,1699,9.544,62.405,79.221,755,69.893,123.296,145.659,42.4397,1.70177,156,29.016,992.194,1091.67,316,46.018,1056.33,1228.82,3008,3008,1.00196,1,0,0,0,0,131.295,1,1,131.295,1,1.17482,6.53857,0.0460577,5264,9607,633,93.8184,717,4261,194.707
b2_dynamic_t0256_r03,b2_dynamic_phase_mismatch,15,0.293516,45000,15,20,39.411,69.921,69.921,56,12.454,63.09,87.518,1685,9.924,60.102,78.354,748,70.011,125.256,147.171,40.3957,1.8351,167,20.913,121.481,3800.52,317,45.204,348.067,3719.34,2993,2993,1.00196,1,0,0,0,0,131.341,1,1,131.341,1,0.248055,1,0.0464115,0,8698,341,96.2275,200,4580,197.51
b2_dynamic_t0256_r03,b2_dynamic_phase_mismatch,16,0.318876,48000,16,21,16.697,68.333,98.334,53,11.792,64.252,112.969,1721,11.336,77.371,111.238,750,82.086,153.634,191.224,40.088,2.19022,151,28.554,1088.66,1702.91,317,54.891,1266.69,2174.31,3013,3013,1.00196,1,0,0,0,0,131.436,1,2,131.436,2,0.368206,2.73765,0.0956564,3190,9838,284,97.1942,727,4896,199.595
b2_dynamic_t0256_r03,b2_dynamic_phase_mismatch,17,0.339045,51000,17,15,9.574,88.154,88.154,59,13.482,82.853,102.183,1718,10.823,71.81,101.703,757,81.907,150.389,194.472,36.2933,2.3867,147,32.468,548.376,1109.67,298,57.418,172.804,1157.29,2994,2994,1.00196,1,0,0,0,0,131.472,1,1,131.472,1,1.12371,6.17968,0.0441303,2125,9863,504,95.1384,1112,5194,204.769
b2_dynamic_t0256_r03,b2_dynamic_phase_mismatch,18,0.363748,54000,18,21,50.006,71.212,85.902,58,13.465,83.618,97.722,1709,11.576,74.248,100.528,755,83.079,155.617,190.03,33.8238,2.57708,146,35.393,1150.96,1235.33,306,61.854,1115.53,1234.48,2995,2995,2.00197,0,0,0,0,0,131.562,0,1,131.562,1,1.17825,7,0.0897636,6382,10708,446,96.0014,1021,5502,211.83
b2_dynamic_t0256_r03,b2_dynamic_phase_mismatch,19,0.406193,57000,19,31,7.034,73.167,84.379,48,16.418,89.265,107.546,1752,11.874,79.289,100.342,727,93.316,173.857,202.857,32.0358,3.113,150,78.025,1224.15,2247.26,294,102.055,1291.89,2366.39,3002,3002,2.00197,0,0,0,0,0,131.603,0,1,131.603,1,2.35624,12.1745,0.0471964,24492,12302,729,94.4056,3094,5795,224.669
b2_dynamic_t0256_r03,b2_dynamic_phase_mismatch,20,0.435652,60000,20,25,16.072,89.714,95.356,64,14.882,83.915,104.64,1730,13.831,89.739,112.058,747,103.688,194.953,222.114,29.8514,3.66552,148,55.898,1131.46,1244.11,283,67.671,1157.11,2290,2997,2997,2.00197,0,0,0,0,0,131.654,0,1,131.654,1,1.3488,8,0.0509968,7442,10253,467,95.6437,1836,6079,233.126
b2_dynamic_t0256_r03,b2_dynamic_phase_mismatch,21,0.509948,63000,21,25,20.315,171.865,177.355,89,18.06,129.909,194.154,1692,13.777,130.822,174.899,735,137.465,272.405,361.362,27.8381,5.35871,146,973.964,2244.55,2409.21,317,881.637,2349.95,2610.2,3004,3004,2.00197,0,0,0,0,0,131.698,0,1,131.698,1,3.29469,22,0.0444221,47098,14203,914,93.9538,4082,6396,254.184
b2_dynamic_t0256_r03,b2_dynamic_phase_mismatch,22,0.581364,66000,22,27,18.232,198.982,281.528,53,18.475,204.886,246.31,1745,16.969,188.109,232.558,756,199.165,448.69,608.586,26.6812,8.27732,132,60.11,3153.21,8280.91,284,110.887,2929.7,8075.18,2997,2997,1.00196,1,0,0,0,0,1.03279,1,1,125.251,2,9.73055,5.48034,0.0450706,23552,7760,4483,63.3832,22447,6678,143.728
b2_dynamic_t0256_r03,b2_dynamic_phase_mismatch,23,0.614831,69000,23,16,15.137,149.587,149.587,68,31.039,158.507,182.731,1767,16.547,140.517,189.523,717,156.132,360.102,498.329,26.0265,6.8106,148,38.003,215.974,608.713,291,86.886,243.327,367.906,3007,3007,2.00197,1,0,0,0,0,1.0773,1,1,125.295,1,8.3108,3,0.0446396,0,6404,4839,56.9599,24598,6968,130.589
b2_dynamic_t0256_r03,b2_dynamic_phase_mismatch,24,0.729141,72000,24,19,16.118,145.06,145.06,58,26.609,176.348,239.447,1719,18.476,121.542,196.774,742,186.679,368.121,452.719,24.6388,8.08125,153,1220.35,3623.25,4377.53,298,1359.65,4210.78,5800.89,2989,2989,2.00197,0,0,0,0,0,1.17187,0,1,125.39,1,29.2395,10,0.094842,84364,9920,9692,50.5813,100776,7269,141.651
b2_dynamic_t0256_r03,b2_dynamic_phase_mismatch,25,0.884468,75000,25,25,28.497,132.373,170.072,59,47.658,208.901,310.618,1718,22.771,161.586,235.943,747,234.316,439.542,580.523,22.4645,11.2788,149,1368.35,5159.6,11176.4,313,1490.97,5087.82,8690.71,3011,3011,2.00197,0,0,0,0,0,1.20785,0,1,125.426,1,38.7113,15.1751,0.0448112,117643,11874,11444,50.922,139486,7579,155.889
b2_dynamic_t0256_r03,b2_dynamic_phase_mismatch,26,0.983516,78000,26,26,34.878,147.918,160.469,63,38.813,181.744,200.544,1680,25.037,166.205,195.149,781,213.902,392.969,493.675,22.2305,10.2443,169,76.156,6241.98,7699.93,279,126.218,5889.16,7981.15,2998,2998,2.00197,0,0,0,0,0,0,0,1,36.5456,1,13.2495,6.32132,0.0493412,56585,9066,4797,65.3971,49350,7860,97.5392
b2_dynamic_t0256_r03,b2_dynamic_phase_mismatch,27,1.02852,81000,27,24,42.638,156.814,273.684,65,46.839,162.396,193.933,1709,35.605,161.004,188.479,750,160.391,322.799,376.465,21.2187,7.7903,162,75.734,275.992,438.787,294,123.388,328.401,521.694,3004,3004,1.00196,0,0,0,0,0,0,0,0,36.5965,1,0,0,0.0510397,0,2571,1924,57.1969,0,8153,36.9115
b2_dynamic_t0256_r03,b2_dynamic_phase_mismatch,28,1.07063,84000,28,24,16.775,157.874,181.007,55,50.581,182.324,203.854,1694,35.698,177.471,204.138,753,161.944,321.464,393.342,20.3572,8.35127,152,88.348,342.222,941.421,320,128.408,322.864,917.538,2998,2998,1.00196,1,0,0,0,0,0.327247,1,1,36.6486,2,1.62035,1,0.0522146,0,4124,1733,70.4115,2770,8472,38.0127
b2_dynamic_t0256_r03,b2_dynamic_phase_mismatch,29,1.10921,87000,29,19,18.846,148.4,148.4,66,45.183,186.18,201.13,1723,25.015,165.795,190.222,746,148.862,307.908,383.234,18.626,8.74304,159,81.229,288.74,805.876,287,131.634,335.882,530.682,3000,3000,2.00197,1,0,0,0,0,0.368891,1,1,36.6902,1,2.49644,3,0.0417786,0,5707,1562,78.5115,5210,8760,41.0817
b2_dynamic_t0256_r03,b2_dynamic_phase_mismatch,30,1.14827,90000,30,22,58.986,122.184,167.774,60,46.529,184.781,186.306,1706,26.473,160.952,189.103,777,156.041,299.647,351.686,17.4402,9.44788,152,66.612,303.078,837.111,289,115.314,336.747,485.184,3006,3006,1.00196,0,0,0,0,0,0.465856,0,1,36.7872,1,2.80264,4,0.0972338,0,7114,1377,83.7828,6254,9046,45.0948
b2_dynamic_t0256_r03,b2_dynamic_phase_mismatch,31,1.19054,93000,31,25,17.974,154.999,174.268,54,36.023,149.754,160.877,1696,25.437,147.521,180.651,769,153.913,280.126,358.668,15.6723,10.5297,155,64.429,422.563,2502.89,286,119.547,518.251,2537.17,2985,2985,2.00197,0,0,0,0,0,0.515767,0,2,36.8371,1,2.9538,5,0.050046,4287,8632,1236,87.4747,7599,9337,51.149
b2_dynamic_t0256_r03,b2_dynamic_phase_mismatch,32,1.24008,96000,32,16,69.8,238.59,238.59,56,33.395,172.82,237.264,1793,20.685,158.984,187.276,713,152.529,277.116,345.622,14.993,10.8892,155,90.868,3233.14,4274.48,270,130.013,3052.99,4031.34,3003,3003,2.00197,0,0,0,0,0,0.56246,0,1,36.8838,1,5.11183,9.18202,0.0533266,13875,7651,1638,82.3662,14691,9606,59.3979
b2_dynamic_t0256_r03,b2_dynamic_phase_mismatch,33,1.28659,99000,33,25,32.773,142.843,173.352,51,40.018,153.48,185.155,1667,28.691,162.823,192.374,828,160.499,287.526,352.915,13.9457,11.9612,130,71.022,384.974,3782.05,304,125.427,506.323,3707.95,3005,3005,2.00197,0,0,0,0,0,0,0,0,25.8544,1,1.80876,3.57579,0.0435143,0,6907,1087,86.4023,5260,9909,26.1972
b2_dynamic_t0256_r03,b2_dynamic_phase_mismatch,34,1.3207,102000,34,18,17.03,171.641,171.641,34,34.447,193.312,217.833,1047,19.699,167.91,197.087,472,139.175,287.046,392.252,12.4492,12.2248,1251,53.368,167.65,267.08,195,103.454,292.481,523.274,3017,3017,2.00197,0,0,0,0,0,0.324872,0,1,25.9007,1,0.833506,0,0.0464134,0,2018,1141,63.881,1170,10106,26.5526
b2_dynamic_t0256_r03,b2_dynamic_phase_mismatch,35,1.35008,105000,35,8,23.851,154.757,154.757,23,121.728,153.714,168.031,696,39.146,160.07,177.35,311,140.236,274.723,349.576,14.0965,10.7127,1809,44.138,134.635,205.861,151,92.841,188.272,211.042,2998,2998,1.00196,1,0,0,0,0,0.324872,1,1,25.9007,1,2.17096,2,0,0,1786,1044,63.1095,3578,10257,29.2961
b2_dynamic_t0256_r03,b2_dynamic_phase_mismatch,36,1.37392,108000,36,11,51.863,92.051,92.051,17,37.149,149.915,149.915,712,16.116,93.836,106.988,291,103.066,226.564,254.163,12.5155,9.43507,1815,41.382,127.425,171.822,144,91.432,159.76,223.463,2990,2990,1.00196,0,0,0,0,0,1.08525,0,1,26.661,0,2.43066,3,0.760518,0,1844,1004,64.7472,3935,10399,32.5058
b2_dynamic_t0256_r03,b2_dynamic_phase_mismatch,37,1.39819,111000,37,8,15.52,88.035,88.035,24,31.059,115.093,128.551,766,20.13,142.433,159.274,290,108.756,233.766,307.82,12.3862,10.5164,1782,37.092,96.843,171.851,143,79.474,161.475,660.447,3013,3013,1.00196,1,0,0,0,0,1.08525,1,1,26.661,1,2.34921,2,0,0,2187,1030,67.9826,4006,10543,35.8222
b2_dynamic_t0256_r03,b2_dynamic_phase_mismatch,38,1.41893,114000,38,11,18.383,82.347,82.347,24,34.504,95.536,98.112,767,15.086,90.257,100.577,302,105.766,203.422,246.771,14.1987,8.08317,1740,35.786,95.04,146.444,148,73.63,129.416,150.19,2992,2992,1.00196,0,0,0,0,0,1.91103,0,1,27.4868,0,2.5003,3,0.825909,0,2525,1149,68.7262,4864,10689,38.4316
b2_dynamic_t0256_r03,b2_dynamic_phase_mismatch,39,1.44006,117000,39,11,15.082,111.865,111.865,22,39.757,108.495,127.496,718,21.127,117.429,127.722,322,102.648,204.425,241.503,13.1925,8.74952,1777,31.468,93.148,136.813,150,69.229,138.344,165.202,3000,3000,2.00197,1,0,0,0,0,1.91103,1,1,27.4868,1,2.78723,3,0,0,3103,1003,75.5723,6626,10841,42.9231
b2_dynamic_t0256_r03,b2_dynamic_phase_mismatch,40,1.45791,120000,40,10,65.193,104.669,104.669,26,22.094,82.871,101.709,713,14.664,80.396,101.148,302,103.708,174.936,212.394,13.7285,7.8228,1817,28.278,77.9,110.064,122,63.42,111.514,149.947,2990,2990,2.00197,0,0,0,0,0,2.74527,0,1,28.3211,0,2.34141,4,0.834381,0,3010,913,76.727,5002,10962,46.3767
b2_dynamic_t0256_r03,b2_dynamic_phase_mismatch,41,1.47664,123000,41,13,22.645,110.576,110.576,22,21.168,96.541,113.952,692,17.13,95.409,121.981,282,99.171,179.236,231.262,12.8227,8.197,1816,28.386,84.887,195.972,171,58.922,111.612,188.394,2996,2996,1.00196,1,0,0,0,0,2.74527,1,1,28.3211,1,0.33338,0,0,0,2591,326,88.8241,738,11132,48.627
b2_dynamic_t0256_r03,b2_dynamic_phase_mismatch,42,1.49578,126000,42,11,11.905,73.036,73.036,18,40.176,122.641,122.641,705,25.72,94.399,106.328,280,102.098,187.724,214.489,14.0321,7.37855,1849,24.543,74.312,118.884,141,56.884,132.032,137.484,3004,3004,2.00197,0,0,0,0,0,3.24032,0,1,47.0671,0,0.733982,2.92612,0.820056,2119,2059,775,72.6535,813,11275,50.2737
b2_dynamic_t0256_r03,b2_dynamic_phase_mismatch,43,1.5105,129000,43,12,9.517,50.497,50.497,26,24.791,68.552,85.061,728,8.897,52.669,71.512,332,64.77,133.844,174.787,13.0994,5.45537,1767,25.434,76.957,107.52,139,55.568,109.164,177.772,3004,3004,2.00197,1,0,0,0,0,0,1,1,24.1526,1,0.12037,0.986163,0,0,1195,656,64.5597,46,11412,26.9999
b2_dynamic_t0256_r03,b2_dynamic_phase_mismatch,44,1.5261,132000,44,14,33.118,89.397,89.397,30,27.175,89.887,109.511,696,11.693,80.386,92.751,304,74.633,141.308,159.819,12.6743,6.31217,1793,23.647,75.815,112.085,166,52.852,113.584,414.809,3003,3003,1.00196,1,0,0,0,0,0,1,0,21.739,1,0,0,0.826903,0,530,773,40.6754,0,11579,23.858
b2_dynamic_t0256_r03,b2_dynamic_phase_mismatch,45,1.54078,135000,45,9,36.651,59.919,59.919,22,35.011,87.998,98.413,725,8.95,62.158,79.735,287,69.199,132.177,180.649,12.1812,6.20483,1802,23.474,77.068,108.679,155,52.715,115.795,132.73,3000,3000,1.00196,0,0,0,0,0,0,0,0,22.532,0,0,0,0.793136,0,863,611,58.5482,0,11734,23.5204
b2_dynamic_t0256_r03,b2_dynamic_phase_mismatch,46,1.55571,138000,46,14,31.89,71.284,71.284,15,20.6,92.747,92.747,712,9.186,78.056,98.348,302,61.395,129.696,174.955,11.7848,5.99954,1812,24.756,73.924,128.827,146,52.116,139.119,194.383,3001,3001,2.00197,1,0,0,0,0,0,1,0,22.532,1,0,0,0,0,1245,387,76.2868,0,11881,24.0172
b2_dynamic_t0256_r03,b2_dynamic_phase_mismatch,47,1.57089,141000,47,8,20.697,36.769,36.769,29,13.925,72.291,91.343,761,12.801,86.589,113.991,262,76.703,170.67,213.84,15.2176,5.77294,1791,23.087,70.51,110.086,139,52.333,110.155,127.376,2990,2990,2.00197,0,0,0,0,0,5.39193,0,1,23.318,0,0.243791,0,0.786131,0,1396,539,72.1447,465,12021,24.4676
b2_dynamic_t0256_r03,b2_dynamic_phase_mismatch,48,1.59619,144000,48,13,9.874,93.706,93.706,28,35.653,90.479,134.019,715,10.441,74.114,101.692,295,98.594,221.18,446.336,13.6,8.20302,1809,25.197,84.782,208.49,151,61.23,139.73,228.262,3011,3011,2.00197,0,0,0,0,0,6.22156,0,1,24.1477,1,1.72664,2,0.829764,0,2141,789,73.0717,3512,12172,27.925
b2_dynamic_t0256_r03,b2_dynamic_phase_mismatch,49,1.61472,147000,49,6,62.378,109.178,109.178,33,11.937,114.622,138.377,673,14.886,110.783,142.691,276,111.684,207.608,245.246,13.971,8.52418,1844,26.454,82.855,120.166,161,64.466,111.976,132.457,2993,2993,2.00197,1,0,0,0,0,6.22156,1,1,24.1477,1,0.809636,2,0,0,2237,522,81.0801,1841,12332,29.4317
b2_dynamic_t0256_r03,b2_dynamic_phase_mismatch,50,1.63035,150000,50,16,23.202,88.176,88.176,15,16.019,65.719,65.719,722,12.183,61.404,78.213,291,78.974,145.651,175.746,11.4089,7.3742,1815,25.848,84.773,119.57,144,58.442,122.091,147.183,3003,3003,2.00197,1,0,0,0,0,6.22156,1,1,24.1477,0,0.868149,2,0.794085,0,2349,348,87.0968,2425,12474,32.7255
b2_dynamic_t0256_r03,b2_dynamic_phase_mismatch,51,1.6473,153000,51,13,37.232,80.527,80.527,24,16.437,87.161,95.643,703,12.392,83.201,106.476,321,87.257,166.417,208.937,12.296,7.71611,1785,24.714,89.88,154.687,149,60.8,143.961,167.231,2995,2995,1.00196,1,0,0,0,0,7.01564,1,1,24.9418,1,0.767609,1,0.000135422,0,2847,528,84.3556,1653,12625,34.4591
b2_dynamic_t0256_r03,b2_dynamic_phase_mismatch,52,1.66335,156000,52,17,19.549,74.164,74.164,20,19.364,83.192,83.192,710,12.788,68.428,86.199,302,90.88,165.423,200.498,14.1623,6.80017,1821,25.888,77.582,107.249,137,55.265,112.904,125.606,3007,3007,1.00196,0,0,0,0,0,7.77877,0,1,25.7049,0,0.666754,2,0.763267,0,3045,478,86.432,2194,12761,35.8339
b2_dynamic_t0256_r03,b2_dynamic_phase_mismatch,53,1.67904,159000,53,10,19.096,58.828,58.828,28,20.159,85.857,123.261,740,11.631,78.55,113.952,284,81.447,155.344,201.116,11.6972,7.57733,1787,25.232,80.195,133.38,145,57.518,117.254,159.121,2994,2994,2.00197,1,0,0,0,0,7.77877,1,1,25.7049,1,0.655149,1,0,0,3006,343,89.7581,2365,12907,37.7052
b2_dynamic_t0256_r03,b2_dynamic_phase_mismatch,54,1.72426,162000,54,16,27.026,90.555,90.555,28,38.756,83.27,105.343,711,16.341,93.918,114.78,296,88.491,178.222,231.113,11.2669,8.85541,1794,27.451,107.263,4439.26,146,56.818,154.126,3437.61,2991,2991,2.00197,0,0,0,0,0,8.38561,0,1,26.3117,0,3.0294,8.99368,0.86448,26447,4473,980,82.0282,7437,13052,47.2611
b2_dynamic_t0256_r03,b2_dynamic_phase_mismatch,55,1.74224,165000,55,11,12.138,61.597,61.597,39,36.065,95.878,96.725,682,11.519,62.769,103.224,310,92.53,164.438,190.291,12.8194,7.59063,1807,28.717,86.507,141.595,155,60.692,136.872,211.139,3004,3004,2.00197,0,0,0,0,0,0,0,0,20.5677,1,0.40615,0.748271,0.825918,0,1580,524,75.0951,594,13208,23.8116
b2_dynamic_t0256_r03,b2_dynamic_phase_mismatch,56,1.75999,168000,56,7,35.04,84.769,84.769,40,27.17,97.953,154.981,754,9.59,90.026,109.21,298,86.909,165.088,213.883,12.3624,7.78979,1748,27.798,88.876,136.401,167,63.149,135.996,168.553,3014,3014,1.00196,1,0,0,0,0,0,1,0,20.5677,1,0,0,0,0,491,813,37.6534,0,13375,21.8907
b2_dynamic_t0256_r03,b2_dynamic_phase_mismatch,57,1.77649,171000,57,11,27.424,85.525,85.525,25,31.851,86.185,103.675,698,15.614,71.946,86.768,313,80.255,157.672,195.241,11.8179,7.24921,1775,26.018,81.416,110.782,172,56.703,117.094,166.362,2994,2994,1.00196,0,0,0,0,0,0,0,0,21.3045,0,0,0,0.736892,0,866,633,57.7718,0,13546,22.3414
b2_dynamic_t0256_r03,b2_dynamic_phase_mismatch,58,1.79257,174000,58,15,19.065,76.496,76.496,19,26.282,92.406,92.406,688,10.012,79.426,93.102,295,75.191,144.325,200.405,12.0949,6.9368,1828,26.914,85.001,117.202,149,56.781,106.867,132.623,2994,2994,2.00197,0,0,0,0,0,5.31064,0,1,22.0589,1,0,0,0.754564,0,1193,553,68.3276,0,13697,22.8118
b2_dynamic_t0256_r03,b2_dynamic_phase_mismatch,59,1.80869,177000,59,9,12.457,74.284,74.284,21,27.87,98.57,101.706,698,11.927,74.698,86.478,304,77.279,138.908,177.459,11.7303,6.94501,1814,25.685,79.213,145.647,165,53.711,127.529,162.449,3011,3011,2.00197,1,0,0,0,0,5.31064,1,1,22.0589,1,0.627679,0,0,0,1719,618,73.5558,1393,13861,23.5629
b2_dynamic_t0256_r03,b2_dynamic_phase_mismatch,60,1.82266,180000,60,10,33.556,61.592,61.592,26,15.351,50.018,72.596,711,9.19,55.548,67.524,286,63.726,125.677,157.904,12.2273,5.7744,1812,23.964,73.507,116.223,142,51.172,120.367,168.548,2987,2987,2.00197,0,0,0,0,0,6.04791,1,1,22.7962,0,0.57375,1,0.737415,0,1765,447,79.792,1303,14002,24.7696
b2_dynamic_t0256_r03,b2_dynamic_phase_mismatch,61,1.83764,183000,61,14,14.321,137.898,137.898,23,13.695,68.415,72.485,715,12.352,72.191,92.613,299,78.364,140.573,167.914,10.4047,7.97432,1802,23.113,70.001,91.636,151,50.098,90.444,109.566,3004,3004,1.00196,1,0,0,0,0,6.04791,1,1,22.7962,1,0.744316,1,0,0,2111,537,79.7205,1698,14154,27.2014
b2_dynamic_t0256_r03,b2_dynamic_phase_mismatch,62,1.8521,186000,62,5,19.494,33.836,33.836,23,18.86,50.948,91.367,677,10.92,65.282,82.146,294,77.895,133.965,151.579,11.932,6.81994,1848,23.896,66.296,99.125,146,51.285,94.262,108.93,2993,2993,1.00196,0,0,0,0,0,6.86266,0,1,23.6109,0,0.744604,2,0.814886,0,2441,547,81.6934,2087,14299,28.7293
b2_dynamic_t0256_r03,b2_dynamic_phase_mismatch,63,1.86716,189000,63,6,12.57,34.304,34.304,26,20.57,72.657,95.238,690,11.121,74.752,85.5,334,67.497,132.553,159.319,11.8054,6.44953,1808,24.484,74.991,106.893,140,57.033,132.888,284.028,3004,3004,1.00196,1,0,0,0,0,6.86266,1,1,23.6109,1,0.868613,2,0,0,3106,433,87.7649,2897,14438,31.226
b2_dynamic_t0256_r03,b2_dynamic_phase_mismatch,64,1.88244,192000,64,9,15.252,59.614,59.614,25,31.695,80.486,166.112,772,14.564,70.381,84.915,293,85.366,151.451,172.084,13.215,6.74822,1739,24.178,69.59,99.584,161,50.388,102.726,141.303,2999,2999,1.00196,0,0,0,0,0,7.70327,0,1,24.4515,0,0.868545,2,0.840755,0,2966,485,85.9461,3070,14601,33.6673
b2_dynamic_t0256_r03,b2_dynamic_phase_mismatch,65,1.92622,195000,65,7,10.993,57.83,57.83,16,18.718,76.05,76.05,741,11.86,66.334,78.465,294,88.342,171.556,258.127,13.7551,6.9028,1801,26.153,152.946,3371.3,151,55.563,141.034,278.521,3010,3010,2.00197,0,0,0,0,0,8.23245,0,1,24.9807,1,3.37443,8.92181,0.786698,26542,4741,1225,79.467,8735,14753,43.0434
b2_dynamic_t0256_r03,b2_dynamic_phase_mismatch,66,1.94484,198000,66,11,25.569,99.331,99.331,16,14.629,76.502,76.502,693,14.842,92.701,115.608,301,103.778,187.304,215.191,12.5183,8.8668,1823,26.93,85.613,138.031,155,59.11,136.69,181.248,2999,2999,1.00196,1,0,0,0,0,8.23245,1,1,24.9807,1,0.26363,1,0,0,2153,395,84.4976,1080,14908,45.1234
b2_dynamic_t0256_r03,b2_dynamic_phase_mismatch,67,1.96038,201000,67,18,19.332,86.588,86.588,50,24.358,84.656,97.081,1113,7.847,63.3,80.809,453,71.362,134.473,171.173,10.8786,7.15819,1226,26.946,83.486,121.367,136,57.153,141.16,161.22,2996,2996,1.00196,0,0,0,0,0,0,1,0,19.2684,0,0.25351,0.579351,0.767385,0,1053,998,51.3408,189,15041,26.3061
b2_dynamic_t0256_r03,b2_dynamic_phase_mismatch,68,1.97461,204000,68,22,19.204,87.266,99.934,54,21.282,90.328,92.192,1860,5.59,78.479,93.393,769,51.744,128.784,149.577,11.2289,5.64921,146,24.962,167.195,317.64,144,55.088,190.171,343.526,2995,2995,2.00197,1,0,0,0,0,0,1,0,19.2684,1,0,0,0,0,2169,1118,65.9872,0,15184,20.7109
b2_dynamic_t0256_r03,b2_dynamic_phase_mismatch,69,1.98986,207000,69,25,16.713,73.943,94.062,63,24.835,78.328,108.56,1894,6.567,74.561,92.078,690,58.461,127.474,154.188,10.5551,6.36614,157,23.718,95.894,125.069,175,53.046,120.327,188.983,3004,3004,2.00197,0,0,0,0,0,0,0,0,19.7428,0,0,0,0.474555,0,2934,711,80.4938,0,15361,20.2565
b2_dynamic_t0256_r03,b2_dynamic_phase_mismatch,70,2.0024,210000,70,25,11.029,57.198,66.148,67,18.92,84.126,99.864,1901,6.363,53.871,92.922,725,48.201,110.349,148.293,10.6938,5.17429,137,27.017,124.776,357.293,150,62.435,175.913,349.041,3005,3005,1.00196,0,0,0,0,0,4.23534,0,1,19.8147,1,0,0,0.0720062,0,3531,459,88.4962,0,15511,20.3033
b2_dynamic_t0256_r03,b2_dynamic_phase_mismatch,71,2.02938,213000,71,20,23.488,106.329,106.329,74,16.021,112.319,221.013,1889,7.844,85.914,118.765,709,58.414,144.542,200.985,11.0127,6.61035,137,29.626,142.284,214.201,169,65.764,161.858,673.574,2998,2998,2.00197,1,0,0,0,0,4.23534,1,1,19.8147,1,0.857112,2,0.0655031,0,4957,523,90.4562,3376,15681,0
b2_dynamic_t0256_r03,b2_dynamic_phase_mismatch,72,2.04534,216000,72,27,24.931,89.952,99.532,67,15.701,80.745,95.724,1835,8.294,71.979,83.798,739,62.949,134.387,163.215,10.1935,7.23088,171,23.826,99.954,152.835,149,60.627,182.423,243.806,2988,2988,2.00197,0,0,0,0,0,4.30084,0,1,19.8802,0,0.414986,1,0.000139236,0,5800,315,94.8487,2043,15831,23.7377
b2_dynamic_t0256_r03,b2_dynamic_phase_mismatch,73,2.06205,219000,73,29,14.399,74.026,91.59,69,16.234,103.361,116.877,1865,9.071,89.809,110.252,729,60.641,144.802,175.535,9.14266,7.90655,156,22.554,180.057,401.219,164,75.142,237.438,383.778,3012,3012,2.00197,1,0,0,0,0,4.30084,1,1,19.8802,1,0.341295,2,0,0,5714,203,96.5692,1748,15994,25.551
b2_dynamic_t0256_r03,b2_dynamic_phase_mismatch,74,2.08012,222000,74,18,13.002,68.012,68.012,72,15.448,81.979,105.767,1885,8.931,90.714,107.768,723,69.294,150.766,179.814,8.44537,9.84536,147,22.796,114.526,168.835,150,61.568,158.748,237.375,2995,2995,2.00197,0,0,0,0,0,4.39166,0,1,19.971,0,0.628172,2,0.0909529,0,6577,269,96.0707,3713,16144,28.0161
b2_dynamic_t0256_r03,b2_dynamic_phase_mismatch,75,2.09395,225000,75,21,16.04,56.281,60.147,88,14.915,54.709,72.982,1824,9.007,48.147,59.769,765,64.002,113.666,141.479,10.2026,6.84886,173,21.719,93.278,121.553,130,60.218,154.126,398.458,3001,3001,2.00197,0,0,0,0,0,4.46539,0,1,20.0447,1,0.395551,2,0.0738678,0,7588,194,97.5071,2883,16274,30.5601
b2_dynamic_t0256_r03,b2_dynamic_phase_mismatch,76,2.11045,228000,76,26,14.937,82.673,105.945,74,15.633,95.492,100.449,1881,8.965,80.187,88.326,748,66.964,140.13,165.476,9.67112,8.25752,157,18.641,81.268,111.279,122,53.127,114.738,192.563,3008,3008,2.00197,0,0,0,0,0,4.46539,0,1,20.0447,0,0.593193,3,0,0,7918,220,97.2966,4017,16395,33.6101
b2_dynamic_t0256_r03,b2_dynamic_phase_mismatch,77,2.12554,231000,77,27,14.215,52.585,55.638,70,14.727,55.9,78.533,1851,9.35,46.922,81.616,766,63.575,113.777,138.357,9.31462,7.4794,137,27.297,136.945,1179.18,142,63.264,428.199,1266.89,2993,2993,2.00197,1,0,0,0,0,4.46539,1,1,20.0447,1,0.116294,1,0.100032,0,7538,79,98.9628,988,16538,34.9504
b2_dynamic_t0256_r03,b2_dynamic_phase_mismatch,78,2.14391,234000,78,30,21.297,99.654,184.16,74,22.749,95.562,108.212,1843,7.164,84.162,107.628,760,60.957,139.083,185.288,8.70526,8.42064,139,23.541,916.219,1141.77,153,62.006,611.331,1166.11,2999,2999,2.00197,1,0,0,0,0,0,1,1,14.8359,1,0.250335,1.50582,0.000139236,2132,4241,1042,80.2764,326,16689,35.2875
b2_dynamic_t0256_r03,b2_dynamic_phase_mismatch,79,2.15752,237000,79,21,21.269,58.295,76.211,65,19.686,71.03,86.338,1849,5.382,65.227,78.918,753,48.395,110.698,134.869,8.95352,6.19254,141,25.026,123.372,151.454,171,56.609,181.97,311.853,3000,3000,2.00197,0,0,0,0,0,0,0,0,14.5814,0,0,0,0.0756788,0,2101,888,70.2911,0,16861,15.12
b2_dynamic_t0256_r03,b2_dynamic_phase_mismatch,80,2.16978,240000,80,38,21.044,78.276,86.14,68,19.319,79.045,97.613,1821,5.509,70.052,89.486,761,38.628,103.615,122.653,7.00131,6.86234,161,36.813,128.608,407.813,147,68.144,207.152,486.163,2996,2996,2.00197,1,0,0,0,0,0,1,0,14.5814,1,0,0,0.0683565,0,2545,478,84.1879,0,17009,15.242
b2_dynamic_t0256_r03,b2_dynamic_phase_mismatch,81,2.18503,243000,81,22,17.159,79.009,87.456,66,21.651,82.435,89.609,1842,6.147,76.792,86.585,746,46.013,114.593,153.116,7.56568,7.79638,146,21.546,110.596,184.639,176,61.037,166.351,473.604,2998,2998,1.00196,1,0,0,0,0,0,1,0,14.6497,1,0,0,0.000139236,0,3417,314,91.584,0,17183,15.2201
b2_dynamic_t0256_r03,b2_dynamic_phase_mismatch,82,2.19781,246000,82,23,11.437,47.807,68.867,67,14.843,63.28,73.048,1819,6.387,54.974,69.871,787,43.534,95.342,119.366,8.14231,6.35705,149,33.998,128.511,171.942,153,65.976,168.542,216.354,2998,2998,2.00197,0,0,0,0,0,0.53702,0,1,14.7293,0,0.186208,0,0.0797558,0,4521,356,92.7004,1082,17339,16.0132
b2_dynamic_t0256_r03,b2_dynamic_phase_mismatch,83,2.21129,249000,83,25,11.203,75.211,79.429,66,13.093,80.173,101.678,1862,6.647,77.922,89.887,754,43.534,118.461,134.997,7.40186,7.64097,157,24.748,120.317,206.27,139,58.148,147.409,389.711,3003,3003,2.00197,1,0,0,0,0,0.53702,1,1,14.7293,1,0.519757,2,0,0,4921,238,95.3867,2938,17477,17.3204
b2_dynamic_t0256_r03,b2_dynamic_phase_mismatch,84,2.22414,252000,84,22,12.07,57.801,73.498,55,15.4,67.607,73.319,1907,7.178,59.163,70.692,728,46.809,104.456,127.838,7.44918,7.45396,149,20.639,87.653,171.428,139,62.714,162.922,203.319,3000,3000,2.00197,0,0,0,0,0,0.615758,0,1,14.8081,0,0.376171,1,0.0788774,0,5184,238,95.6105,2672,17614,19.3464
b2_dynamic_t0256_r03,b2_dynamic_phase_mismatch,85,2.23846,255000,85,30,15.023,81.179,84.846,52,12.232,90.85,100.22,1814,7.736,73.353,90.837,800,48.718,114.767,137.177,7.545,7.73822,143,24.674,182.297,308.539,163,68.526,175.875,257.049,3002,3002,2.00197,0,0,0,0,0,0.693657,0,1,14.886,1,0.294723,2,0.0780382,0,6394,169,97.425,3231,17779,20.624
b2_dynamic_t0256_r03,b2_dynamic_phase_mismatch,86,2.25357,258000,86,24,14.664,73.343,95.911,60,16.27,80.79,97.749,1844,7.749,71.855,87.614,798,52.65,116.686,135.907,6.28195,10.3069,124,18.259,116.677,139.752,149,53.422,125.457,169.632,2999,2999,2.00197,0,0,0,0,0,0.693657,0,1,14.886,0,0.473023,3,0,0,7338,157,97.9053,4448,17929,23.4595
b2_dynamic_t0256_r03,b2_dynamic_phase_mismatch,87,2.26666,261000,87,23,13.232,55.501,104.759,68,14.133,63.007,82.189,1840,8.126,49.584,71.209,748,51.479,98.693,123.231,6.91444,8.49469,162,31.723,130.974,271.356,161,64.604,145.928,176.574,3002,3002,2.00197,0,0,0,0,0,0.766244,0,1,14.9586,1,0.112442,1,0.0727262,0,6608,103,98.4652,1577,18089,25.6738
b2_dynamic_t0256_r03,b2_dynamic_phase_mismatch,88,2.28143,264000,88,18,16.17,73.809,73.809,56,21.146,85.346,96.405,1850,7.071,71.677,82.841,762,51.471,119.387,139.65,6.48031,9.62999,153,21.561,118.418,474.616,159,54.97,147.8,388.358,2998,2998,2.00197,1,0,0,0,0,0,1,0,10.3916,1,0.222357,1.16237,0.0773411,0,4902,534,90.1766,947,18248,11.0803
b2_dynamic_t0256_r03,b2_dynamic_phase_mismatch,89,2.29465,267000,89,33,18.448,55.128,77.73,65,19.585,74.12,86.344,1857,5.964,62.942,76.29,736,47.423,105.436,127.125,6.37772,8.75866,157,23.086,100.512,126.414,154,53.82,133.198,156.185,3002,3002,2.00197,0,0,0,0,0,0.306565,0,1,10.4689,0,1.43234,1,0.000139236,0,3856,1108,77.6793,1751,18402,12.2984
b2_dynamic_t0256_r03,b2_dynamic_phase_mismatch,90,2.30689,270000,90,28,11.794,80.634,82.031,59,18.868,78.218,96.316,1875,6.361,69.277,85.227,760,42.009,103.727,129.862,6.28816,7.97059,137,20.304,149.647,273.841,142,60.998,185.376,505.762,3001,3001,1.00196,1,0,0,0,0,0.306565,1,1,10.4689,1,0.927574,2,0,0,4443,702,86.3557,1457,18543,14.1776
b2_dynamic_t0256_r03,b2_dynamic_phase_mismatch,91,2.32058,273000,91,28,12.806,78.324,87.914,69,17.992,67.918,165.567,1877,6.728,68.277,82.542,740,47.607,113.855,142.97,6.20405,9.46592,141,21.761,107.651,129.984,141,50.95,116.355,145.231,2996,2996,1.00196,0,0,0,0,0,0.385036,0,1,10.5474,0,0.647943,2,0.0786104,0,5152,398,92.8288,1719,18686,16.1426
b2_dynamic_t0256_r03,b2_dynamic_phase_mismatch,92,2.33231,276000,92,27,12.38,53.016,63.582,63,13.779,60.55,92.848,1874,6.957,49.514,83.249,754,43.081,99.148,122.106,5.28515,9.64349,136,21.952,110.038,230.363,149,54.378,164.644,404.88,3003,3003,1.00196,0,0,0,0,0,0.460147,0,1,10.6225,1,0.512016,2,0.0752497,0,5777,288,95.2514,1379,18834,18.187
b2_dynamic_t0256_r03,b2_dynamic_phase_mismatch,93,2.34632,279000,93,22,18.335,74.276,83.816,73,14.361,79.356,102.862,1852,7.253,69.951,81.748,766,47.828,108.266,138.535,5.96084,9.96264,144,16.394,93.256,108.389,140,55.063,140.288,289.583,2997,2997,1.00196,1,0,0,0,0,0.460147,1,1,10.6225,1,0.236614,1,0,0,6318,199,96.9464,889,18974,19.714
b2_dynamic_t0256_r03,b2_dynamic_phase_mismatch,94,2.35684,282000,94,26,19.547,54.211,61.548,76,16.554,44.763,63.002,1869,6.244,43.597,54.169,750,42.175,84.539,99.676,5.37733,8.80243,153,21.448,101.447,129.301,126,53.831,128.067,147.309,3000,3000,2.00197,0,0,0,0,0,0,1,0,8.71304,0,0.142479,0.479085,0.080512,0,3421,655,83.9303,115,19100,9.68578
b2_dynamic_t0256_r03,b2_dynamic_phase_mismatch,95,2.36968,285000,95,33,18.638,74.615,76.167,75,17.077,87.952,116.892,1848,5.237,70.268,83.887,746,37.863,104.654,127.537,5.58981,8.71523,148,23.096,135.155,297.888,150,59.876,189.989,416.534,3000,3000,2.00197,1,0,0,0,0,0,1,0,8.71304,1,0,0,0,0,2993,549,84.5003,0,19248,9.42984
b2_dynamic_t0256_r03,b2_dynamic_phase_mismatch,96,2.38163,288000,96,27,18.877,51.498,54.458,80,15.798,66.823,100.465,1835,5.819,60.938,79.34,750,41.031,100.569,146.86,5.62267,8.97976,167,23.059,113.577,227.451,140,64.822,179.657,217.047,2999,2999,2.00197,0,0,0,0,0,0.316638,0,1,8.79572,0,0.325824,0,0.0828228,0,4098,437,90.3638,720,19389,10.1778
b2_dynamic_t0256_r03,b2_dynamic_phase_mismatch,97,2.39496,291000,97,26,15.151,81.094,118.578,60,18.702,110.866,145.013,1871,6.144,77.907,112.489,732,41.263,119.629,156.016,4.68443,11.4259,156,27.484,151.952,293.076,156,66.621,172.923,380.221,3001,3001,2.00197,1,0,0,0,0,0.316638,1,1,8.79572,1,0.450029,2,0,0,4450,312,93.4481,1188,19545,11.4521
b2_dynamic_t0256_r03,b2_dynamic_phase_mismatch,98,2.40814,294000,98,29,15.203,90.404,124.628,57,13.126,66.266,71.021,1867,6.714,67.956,97.418,741,42.956,112.731,135.278,4.8637,11.0654,164,21.958,110.095,148.376,140,57.38,130.473,152.257,2998,2998,2.00197,0,0,0,0,0,0.405102,0,1,8.88419,0,0.449984,1,0.088603,0,5064,212,95.9818,1575,19685,13.5023
b2_dynamic_t0256_r03,b2_dynamic_phase_mismatch,99,2.42093,297000,99,28,14.086,54.548,84.884,56,13.109,73.387,85.453,1832,6.943,67.722,121.574,774,42.699,113.169,160.595,5.18734,10.343,161,26.463,106.228,149.872,148,58.337,139.268,474.296,2999,2999,2.00197,0,0,0,0,0,0.491369,0,1,8.97045,1,0.391734,2,0.0864067,0,5811,182,96.9631,1567,19833,14.5557
b2_dynamic_t0256_r03,b2_dynamic_phase_mismatch,100,2.43601,300000,100,21,12.298,61.349,66.434,57,12.579,85.985,131.132,1865,7.324,77.404,113.071,743,47.587,133.715,168.417,4.55989,13.745,141,17.158,135.067,209.153,165,67.197,165.008,222.905,2992,2992,2.00197,1,0,0,0,0,0.491369,1,1,8.97045,1,0.286914,1,0,0,6180,124,98.033,1261,20000,16.6264
b2_dynamic_t2048_r01,b2_dynamic_phase_mismatch,1,0.0302369,3000,1,30,21.102,98.434,99.928,62,19.553,83.652,102.451,1723,21.101,100.41,123.149,755,141.592,214.114,353.363,96.8424,1.58377,127,13.424,72.637,109.224,315,37.725,90.998,143.138,3012,3012,1.00196,0,0,0,0,0,0,0,0,130.686,0,0,0,0,0,1754,6642,20.8909,0,315,130.812
b2_dynamic_t2048_r01,b2_dynamic_phase_mismatch,2,0.0636283,6000,2,35,76.47,222.467,242.978,63,52.575,189.277,259.11,1686,33.58,187.671,224.74,751,145.312,266.386,309.805,92.5166,1.65499,153,15.011,61.672,75.414,303,37.232,89.266,99.999,2991,2991,1.00196,0,0,0,0,0,0,0,0,130.686,0,0,0,0,0,3119,5012,38.3594,0,617,130.87
b2_dynamic_t2048_r01,b2_dynamic_phase_mismatch,3,0.111624,9000,3,28,95.088,285.556,289.42,68,65.839,306.34,451.889,1733,23.514,314.381,382.589,736,149.992,390.911,438.809,84.8723,2.322,144,18.763,77.51,97.342,292,45.727,103.286,140.813,3001,3001,1.00196,0,0,0,0,0,0,0,0,130.686,0,0,0,0,0,3848,3770,50.5119,0,909,130.924
b2_dynamic_t2048_r01,b2_dynamic_phase_mismatch,4,0.206154,12000,4,33,26.43,785.32,900.178,50,87.436,686.335,787.363,1720,127.577,756.196,912.64,773,209.86,886.599,1066.74,79.458,4.39562,139,32.994,108.632,181.311,286,72.713,164.092,216.201,3001,3001,1.00196,0,0,0,0,0,0,0,0,130.686,0,0,0,0,0,4671,2953,61.2671,0,1195,130.977
b2_dynamic_t2048_r01,b2_dynamic_phase_mismatch,5,0.36841,15000,5,21,32.65,1054.59,1204.46,57,147.953,1125.27,1512.77,1717,143.704,1134.32,1409.98,753,318.957,1285.79,1557.4,76.1899,7.70816,136,47.383,188.195,278.062,315,107.189,239.469,281.692,2999,2999,2.00197,0,0,0,0,0,0,0,0,130.686,0,0,0,0,0,5021,2262,68.9414,0,1511,131.031
b2_dynamic_t2048_r01,b2_dynamic_phase_mismatch,6,0.584942,18000,6,21,38.382,1479.62,1755.32,70,45.865,1545.77,1672.56,1666,219.725,1597.2,1749.38,758,392.295,1760.96,1906.11,70.4222,10.9714,160,60.355,180.111,218.513,326,116.318,248.614,408.636,3001,3001,2.00197,0,0,0,0,0,0,0,0,130.686,0,0,0,0,0,5436,1663,76.5742,0,1836,131.092
b2_dynamic_t2048_r01,b2_dynamic_phase_mismatch,7,0.782087,21000,7,24,281.101,1729.87,2009.59,49,40.943,1722.5,1752.21,1743,34.65,1750.01,1894.11,768,200.582,1909.67,2100.16,66.8841,9.86268,137,59.344,399.295,2542.05,288,117.112,325.734,2754.9,3009,3009,2.00197,1,0,0,0,0,0,1,0,130.686,1,0,0,0,0,5622,1346,80.6831,0,2120,131.478
b2_dynamic_t2048_r01,b2_dynamic_phase_mismatch,8,0.832766,24000,8,19,33.008,279.494,279.494,72,84.972,243.703,284.711,1731,68.605,258.496,309.785,721,213.855,428.459,498.883,64.1623,3.61671,153,40.198,254.503,350.853,293,100.936,238.572,295.477,2989,2989,2.00197,0,0,0,0,0,131.018,0,1,131.018,0,3.10433,8,0.332693,0,8506,1903,81.7177,16682,2417,139.166
b2_dynamic_t2048_r01,b2_dynamic_phase_mismatch,9,0.912448,27000,9,24,235.694,456.286,487.581,58,277.332,488.62,495.636,1726,175.58,449.681,512.105,738,295.961,586.058,631.732,61.1409,5.12076,147,43.742,250.579,276.475,315,97.117,271.95,342.86,3008,3008,2.00197,0,0,0,0,0,131.018,0,1,131.018,0,7.32919,20,0,0,12157,2667,82.0089,37528,2729,159.223
b2_dynamic_t2048_r01,b2_dynamic_phase_mismatch,10,1.01676,30000,10,24,336.589,580.895,650.709,59,218.734,677.664,725.4,1726,148.201,679.242,731.7,717,293.505,813.526,901.365,55.8494,7.10669,160,47.473,199.038,268.461,310,100.677,250.408,323.096,2996,2996,2.00197,0,0,0,0,0,131.018,0,1,131.018,0,8.86479,27,0,0,14208,2855,83.2679,50875,3042,186.283
b2_dynamic_t2048_r01,b2_dynamic_phase_mismatch,11,1.14564,33000,11,18,675.678,961.18,961.18,63,39.636,883.1,916.382,1680,149.685,894.693,953.392,754,266.498,1029,1102.83,53.4708,8.73822,169,45.284,241.755,308.08,317,103.218,260.022,373.369,3001,3001,2.00197,0,0,0,0,0,131.018,0,1,131.018,0,8.13649,22.7378,0,0,13584,2608,83.8933,48624,3358,210.085
b2_dynamic_t2048_r01,b2_dynamic_phase_mismatch,12,1.33361,36000,12,22,307.765,1423.35,1475.92,72,398.491,1507.37,1651.51,1686,141.237,1447.65,1631.25,759,282.042,1574.06,1822.54,54.5362,11.7494,151,53.361,221.429,273.425,302,107.806,252.42,281.882,2992,2992,2.00197,0,0,0,0,0,0,0,0,86.942,0,3.00721,9.20414,0,0,4638,3630,56.0958,13682,3662,87.3329
b2_dynamic_t2048_r01,b2_dynamic_phase_mismatch,13,1.56141,39000,13,30,68.599,1694.93,1720.73,65,70.93,1692.45,1783.64,1743,71.363,1687.24,1850.12,732,269.57,1845.31,2009.42,46.7678,16.5065,143,60.365,187.24,278.717,292,119.054,283.112,468.889,3005,3005,2.00197,0,0,0,0,0,0,0,0,86.942,0,0,0,0,0,1207,3040,28.4201,0,3953,87.3872
b2_dynamic_t2048_r01,b2_dynamic_phase_mismatch,14,1.6933,42000,14,25,69.329,1708.51,1731.01,57,36.246,1622.26,1708.93,1703,38.81,1689.62,1840.81,755,175.333,1844.8,1999.33,42.4397,10.9615,156,76.296,274.386,2209.46,313,116.48,294.596,1407.19,3009,3009,1.00196,1,0,0,0,0,0,1,0,86.942,1,0,0,0,0,1840,2382,43.5812,0,4261,87.7931
b2_dynamic_t2048_r01,b2_dynamic_phase_mismatch,15,1.7487,45000,15,20,135.855,333.758,333.758,56,117.963,292.607,321.817,1685,108.295,295.545,330.588,750,222.615,427.175,512.86,40.408,5.64101,167,41.712,205.246,334.794,315,97.488,244.048,308.601,2993,2993,1.00196,0,0,0,0,0,0,0,0,87.2891,0,0,0,0.347304,0,2772,1770,61.0304,0,4580,87.4732
b2_dynamic_t2048_r01,b2_dynamic_phase_mismatch,16,1.8262,48000,16,21,326.002,511.922,515.447,53,36.529,478.349,555.98,1718,141.48,493.527,529.862,746,245.564,612.061,694.611,40.055,7.33235,151,41.173,155.884,177.563,316,92.89,195.271,298.081,3005,3005,1.00196,0,0,0,0,0,0,0,0,87.2891,0,0,0,0,0,3473,1330,72.309,0,4896,87.531
b2_dynamic_t2048_r01,b2_dynamic_phase_mismatch,17,1.92606,51000,17,15,24.942,674.923,674.923,59,121.323,742.743,754.234,1718,57.397,714.012,757.833,758,240.075,829.971,909.136,36.3074,9.99379,147,44.387,200.151,243.831,296,98.993,267.521,380.017,2993,2993,1.00196,0,0,0,0,0,0,0,0,87.2891,0,0,0,0,0,3616,1071,77.1496,0,5194,87.5864
b2_dynamic_t2048_r01,b2_dynamic_phase_mismatch,18,2.05564,54000,18,21,46.212,861.137,951.262,58,208.994,952.911,973.037,1707,125.391,948.099,1001.62,752,267.933,1060.24,1152.45,33.9801,13.6141,147,44.95,168.601,262.723,310,98.4,253.8,331.916,2995,2995,1.00196,0,0,0,0,0,0,0,0,87.2891,0,0,0,0,0,3906,764,83.6403,0,5505,87.6426
b2_dynamic_t2048_r01,b2_dynamic_phase_mismatch,19,2.23609,57000,19,31,24.01,1526.12,1537.38,48,63.725,1340.6,1533.15,1752,58.565,1449.07,1610.94,729,328.409,1678.93,1896.93,31.8546,21.4757,149,51.262,187.489,258.043,291,111.827,271.677,324.96,3000,3000,1.00196,0,0,0,0,0,0,0,0,87.2891,0,0,0,0,0,3825,602,86.4016,0,5795,87.6987
b2_dynamic_t2048_r01,b2_dynamic_phase_mismatch,20,2.47314,60000,20,25,32.673,1650.52,1682.9,64,81.56,1715.55,1785.13,1733,246.766,1652.52,1808.53,750,380.303,1866.61,2029.86,29.8653,26.3702,149,61.719,191.042,290.223,283,112.314,232.584,274.006,3004,3004,1.00196,0,0,0,0,0,0,0,0,87.2891,0,0,0,0,0,4013,494,89.0393,0,6079,87.7549
b2_dynamic_t2048_r01,b2_dynamic_phase_mismatch,21,2.54957,63000,21,25,111.347,1498.48,1539.01,89,33.637,1548.15,1930.5,1688,41.51,1543.82,1763.7,732,167.316,1652.78,1889.89,27.7336,9.83827,147,59.511,268.866,945.211,318,128.666,385.034,1185.2,2999,2999,2.00197,1,0,0,0,0,0,1,0,87.2891,1,0,0,0,0,3833,386,90.8509,0,6397,88.1607
b2_dynamic_t2048_r01,b2_dynamic_phase_mismatch,22,2.6096,66000,22,27,52.687,334.417,358.024,53,81.064,335.852,348.434,1745,107.004,334.711,364.723,759,233.919,465.071,523.406,26.8129,8.98926,131,42.407,181.667,216.198,286,95.774,260.259,333.744,3001,3001,2.00197,0,0,0,0,0,0,0,0,87.6394,0,0,0,0.350368,0,4767,377,92.6711,0,6681,87.8309
b2_dynamic_t2048_r01,b2_dynamic_phase_mismatch,23,2.69,69000,23,16,217.238,514.627,514.627,68,179.728,505.202,538.267,1765,66.141,520.026,552.852,713,218.009,623.634,695.874,26.0603,11.4604,147,39.586,207.054,316.209,287,98.655,303.697,460.353,2996,2996,2.00197,0,0,0,0,0,0,0,0,87.6394,0,0,0,0,0,4658,198,95.9226,0,6969,87.8858
b2_dynamic_t2048_r01,b2_dynamic_phase_mismatch,24,2.8011,72000,24,19,216.468,722.472,722.472,58,148.165,740.185,774.667,1729,163.592,732.176,784.201,747,289.526,859.001,901.617,24.5315,16.7227,157,45.691,216.314,292.367,303,98.991,260.351,337.75,3013,3013,2.00197,0,0,0,0,0,0,0,0,87.6394,0,0,0,0,0,4772,206,95.8618,0,7272,87.9443
b2_dynamic_t2048_r01,b2_dynamic_phase_mismatch,25,2.93953,75000,25,25,10.39,952.842,967.908,59,190.791,960.892,994.294,1715,145.608,943.838,988.849,745,273.164,1067.07,1138.76,22.5248,22.0684,145,54.982,196.372,301.452,309,102.555,311.198,398.8,2998,2998,2.00197,0,0,0,0,0,0,0,0,87.6394,0,0,0,0,0,4779,178,96.4091,0,7579,87.9996
b2_dynamic_t2048_r01,b2_dynamic_phase_mismatch,26,3.11104,78000,26,26,328.496,1273.88,1314.95,63,24.139,1352.55,1531.6,1679,106.482,1307.88,1580.67,778,267.654,1455.89,1673.36,22.2571,26.2675,169,60.636,188.714,262.253,278,107.464,270.507,354.816,2993,2993,2.00197,0,0,0,0,0,0,0,0,87.6394,0,0,0,0,0,5100,144,97.254,0,7859,88.0605
b2_dynamic_t2048_r01,b2_dynamic_phase_mismatch,27,3.32988,81000,27,24,1276.8,1679.59,1769.21,65,60.371,1636.6,1809.09,1710,44.391,1600.89,1727.34,751,328.935,1779.6,1891.68,21.2264,36.585,162,64.127,207.087,259.243,294,116.66,278.997,398.635,3006,3006,2.00197,0,0,0,0,0,0,0,0,87.6394,0,0,0,0,0,4969,175,96.598,0,8153,88.1202
b2_dynamic_t2048_r01,b2_dynamic_phase_mismatch,28,3.40104,84000,28,24,20.211,246.821,1509.91,55,69.537,265.97,1494.97,1693,29.012,1463.32,1714.71,754,159.112,1630.87,1853.25,20.3886,13.2781,152,69.477,336.955,951.464,321,133.785,424.007,541.977,2999,2999,2.00197,1,0,0,0,0,0,1,0,87.6394,1,0,0,0,0,4959,106,97.9072,0,8473,88.1774
b2_dynamic_t2048_r01,b2_dynamic_phase_mismatch,29,3.46331,87000,29,19,15.832,346.339,346.339,66,110.515,337.215,464.207,1724,105.597,345.483,382.12,746,244.257,477.687,563.076,18.4933,13.5565,159,44.066,229.144,262.369,287,98.824,253.191,376.013,3001,3001,2.00197,0,0,0,0,0,0,0,0,87.9946,0,0,0,0.35536,0,5233,149,97.2315,0,8760,88.2012
b2_dynamic_t2048_r01,b2_dynamic_phase_mismatch,30,3.5485,90000,30,22,269.818,479.216,523.805,60,32.649,518.642,554.708,1698,131.673,536.407,571.148,772,232.561,637.054,711.617,17.6088,17.7493,151,43.667,275.254,322.076,284,101.048,302.561,387.61,2987,2987,2.00197,0,0,0,0,0,0,0,0,87.9946,0,0,0,0,0,5682,84,98.5432,0,9046,88.2571
b2_dynamic_t2048_r01,b2_dynamic_phase_mismatch,31,3.66236,93000,31,25,136.362,684.63,714.434,53,110.163,760.31,796.911,1700,132.997,741.934,778.013,775,284.957,863.837,936.212,15.6039,26.9216,157,47.591,255.084,309.212,294,97.459,234.599,323.144,3004,3004,2.00197,0,0,0,0,0,0,0,0,87.9946,0,0,0,0,0,5714,83,98.5682,0,9340,88.3149
b2_dynamic_t2048_r01,b2_dynamic_phase_mismatch,32,3.78989,96000,32,16,203.77,958.293,958.293,57,41.318,928.363,978.196,1796,25.765,916.994,962.432,714,257.199,1055.12,1099.84,14.9944,32.5996,154,57.039,198.454,261.802,267,99.979,245.256,337.295,3004,3004,2.00197,0,0,0,0,0,0,0,0,87.9946,0,0,0,0,0,5237,53,98.9981,0,9606,88.3708
b2_dynamic_t2048_r01,b2_dynamic_phase_mismatch,33,3.9623,99000,33,25,804.976,1371.36,1400.55,51,112.99,1248.33,1544.17,1666,134.519,1345.13,1571.96,823,258.189,1467.4,1726.56,14.0085,41.4111,130,56.401,251.876,274.339,303,108.103,265.632,329.064,2998,2998,2.00197,0,0,0,0,0,0,0,0,87.9946,0,0,0,0,0,6017,63,98.9638,0,9909,88.422
b2_dynamic_t2048_r01,b2_dynamic_phase_mismatch,34,4.11838,102000,34,18,14.712,1585.46,1585.46,34,243.687,1623.81,1659.97,1047,298.296,1564.29,1669.39,476,478.708,1742.36,1859.13,12.3782,65.9697,1249,51.615,142.392,231.409,196,114.229,257.732,398.497,3020,3020,2.00197,0,0,0,0,0,0,0,0,87.9946,0,0,0,0,0,3430,41,98.8188,0,10106,88.777
b2_dynamic_t2048_r01,b2_dynamic_phase_mismatch,35,4.2376,105000,35,8,417.531,1725,1725,23,1494.72,1752.3,1787.42,694,311.657,1692.35,1788.72,312,532.299,1854.29,1959.48,14.0577,62.83,1809,51.109,145.572,250.895,151,103.343,215.716,296.109,2997,2997,1.00196,1,0,0,0,0,0,1,0,87.9946,1,0,0,0,0,2087,24,98.8631,0,10257,89.2859
b2_dynamic_t2048_r01,b2_dynamic_phase_mismatch,36,4.26553,108000,36,11,44.166,119.786,119.786,17,61.628,146.373,146.373,714,17.133,115.578,136.005,291,132.944,261.165,298.106,12.5155,11.5784,1817,47.809,151.429,208.782,144,101.823,214.801,285.382,2994,2994,1.00196,1,0,0,0,0,0,1,0,87.9946,0,0,0,0,0,1935,19,99.0276,0,10399,89.7819
b2_dynamic_t2048_r01,b2_dynamic_phase_mismatch,37,4.29864,111000,37,8,30.995,170.814,170.814,23,139.767,240.624,255.926,765,98.617,210.469,242.401,290,184.626,357.116,413.897,12.3862,15.5206,1777,43.638,127.294,193.954,143,98.947,190.016,243.9,3006,3006,2.00197,0,0,0,0,0,2.07956,0,1,89.0215,0,0,0,1.02707,0,1895,36,98.1357,0,10543,90.1762
b2_dynamic_t2048_r01,b2_dynamic_phase_mismatch,38,4.33749,114000,38,11,171.106,254.187,254.187,25,200.819,292.273,293.569,768,132.277,295.317,318.197,302,282.266,434.753,478.175,14.1987,18.2571,1744,44.251,116.27,188.699,148,98.38,179.629,238.68,2998,2998,2.00197,0,0,0,0,0,2.07956,0,1,89.0215,0,2.8261,1,0,0,3996,928,81.1535,30587,10689,92.6584
b2_dynamic_t2048_r01,b2_dynamic_phase_mismatch,39,4.38387,117000,39,11,310.438,397.34,397.34,22,245.417,372.792,410.073,719,239.892,391.531,414.268,322,345.987,515.698,558.566,13.1925,23.277,1774,41.692,122.377,199.477,150,95.404,179.909,242.648,2998,2998,3.00198,0,0,0,0,0,2.07956,0,1,89.0215,0,4.25814,4,0,0,5370,1285,80.6912,46407,10841,96.1513
b2_dynamic_t2048_r01,b2_dynamic_phase_mismatch,40,4.43219,120000,40,11,428.302,484.554,484.554,26,32.526,480.111,491.936,712,255.824,472.463,500.256,303,359.978,594.418,618.38,13.6964,23.9206,1822,38.454,109.362,164.964,121,94.977,164.912,239.633,2995,2995,3.00198,0,0,0,0,0,2.07956,0,1,89.0215,0,4.84514,3,0,0,5519,1344,80.4167,52320,10962,100.656
b2_dynamic_t2048_r01,b2_dynamic_phase_mismatch,41,4.49099,123000,41,12,422.739,600.963,600.963,22,481.66,595.058,636.528,693,421.279,588.411,630.7,281,476.993,712.591,788.148,12.8541,31.7309,1814,37.889,107.785,160.028,172,92.861,179.971,269.059,2994,2994,4.00198,0,0,0,0,0,2.07956,0,1,89.0215,0,6.83792,5,0,0,6310,1638,79.391,75182,11132,105.164
b2_dynamic_t2048_r01,b2_dynamic_phase_mismatch,42,4.5592,126000,42,11,277.15,688.061,688.061,18,611.633,859.251,859.251,702,311.44,863.59,1065.58,279,509.614,1095.04,1485.26,14.0753,35.8265,1846,43.978,153.289,269.467,141,103.199,241.836,289.658,2997,2997,4.00198,0,0,0,0,0,2.07956,0,1,89.0215,0,5.31823,4,0,0,5784,1347,81.1106,62287,11275,109.676
b2_dynamic_t2048_r01,b2_dynamic_phase_mismatch,43,4.63603,129000,43,12,17.017,863.543,863.543,26,673.122,1366.75,1564.04,730,110.491,983.836,1518.58,333,262.403,1127.88,1637.46,13.0661,35.8926,1765,43.938,143.233,220.618,137,106.823,237.596,496.123,3003,3003,5.00199,0,0,0,0,0,0,0,0,17.7106,0,0.220605,0.710552,0,0,1092,356,75.4144,99,11412,23.9376
b2_dynamic_t2048_r01,b2_dynamic_phase_mismatch,44,4.72413,132000,44,14,358.058,1829.18,1829.18,30,824.954,1772.48,1789.71,694,340.255,1186.14,1824.18,303,499.235,1743.75,2053.36,12.7063,49.2222,1795,50.369,170.067,277.178,167,117.39,284.058,353.432,3003,3003,6.002,0,0,0,0,0,0,0,0,17.7106,0,0,0,0,0,137,505,21.3396,0,11579,22.363
b2_dynamic_t2048_r01,b2_dynamic_phase_mismatch,45,4.83896,135000,45,9,1125.39,2054.5,2054.5,22,524.513,1381.14,1827.26,718,880.81,1915.53,2049.09,285,798.832,1862.82,2202.76,12.2596,60.659,1802,63.331,200.168,302.821,154,129.056,280.706,349.548,2990,2990,6.002,0,0,0,0,0,0,0,0,17.7106,0,0,0,0,0,210,366,36.4583,0,11734,22.863
b2_dynamic_t2048_r01,b2_dynamic_phase_mismatch,46,4.95649,138000,46,14,896.915,1368.06,1368.06,15,1170.83,2313.94,2313.94,721,419.25,1607.88,2343.63,305,829.909,2276.75,2536.8,11.6852,70.4429,1814,66.4,188.032,256.459,147,130.485,263.554,310.705,3016,3016,7.00201,0,0,0,0,0,0,0,0,17.7106,0,0,0,0,0,308,281,52.292,0,11881,23.3687
b2_dynamic_t2048_r01,b2_dynamic_phase_mismatch,47,5.09382,141000,47,8,69.978,1218.01,1218.01,29,63.486,2381.61,2553.3,761,653.192,2230.97,2549.43,263,1038.89,2460.63,2620.36,15.27,60.1546,1793,64.292,204.934,275.023,140,140.309,281.172,302.524,2994,2994,7.00201,0,0,0,0,0,0,0,0,17.7106,0,0,0,0,0,309,268,53.5529,0,12021,23.8691
b2_dynamic_t2048_r01,b2_dynamic_phase_mismatch,48,5.23529,144000,48,13,263.558,1702.75,1702.75,28,1318.93,1600.43,2832.25,711,595.614,2527.81,2818.04,294,1490.07,2032.43,2949.32,13.5476,74.7915,1805,65.042,209.669,303.956,151,126.294,295.401,408.573,3002,3002,8.00201,0,0,0,0,0,0,0,0,17.7106,0,0,0,0,0,392,225,63.5332,0,12172,24.3724
b2_dynamic_t2048_r01,b2_dynamic_phase_mismatch,49,5.35759,147000,49,6,59.405,1609.45,1609.45,33,71.418,1719.58,1770.92,676,66.667,1916.68,2892.57,277,327.615,2866.7,3067.48,13.9567,63.1303,1851,71.254,252.829,351.415,161,145.457,327.379,365.542,3004,3004,2.00197,1,0,0,0,0,0,1,0,17.7106,1,0,0,0,0,420,179,70.1169,0,12332,24.8855
b2_dynamic_t2048_r01,b2_dynamic_phase_mismatch,50,5.39825,150000,50,16,21.619,204.899,204.899,15,20.367,156.976,156.976,722,23.641,198.488,230.816,290,123.603,313.044,430.422,11.4172,13.099,1808,71.019,253.075,304.837,143,166.079,333.682,392.364,2994,2994,2.00197,1,0,0,0,0,0,1,0,17.7106,0,0,0,0,0,410,148,73.4767,0,12474,28.3798
b2_dynamic_t2048_r01,b2_dynamic_phase_mismatch,51,5.44065,153000,51,13,187.185,232.413,232.413,24,137.214,265.671,303.269,700,80.53,293.414,366.456,322,175.03,368.72,434.543,12.4969,14.6431,1786,61.299,208.356,310.517,150,144.972,331.811,436.27,2995,2995,3.00198,1,0,0,0,0,0,1,0,17.7106,0,0,0,0,0,464,173,72.8414,0,12625,31.204
b2_dynamic_t2048_r01,b2_dynamic_phase_mismatch,52,5.48528,156000,52,17,61.803,441.017,441.017,20,54.709,459.23,459.23,711,185.411,380.31,448.534,301,251.704,542.478,603.156,13.9535,18.7459,1822,51.385,162.344,224.89,136,121.542,233.964,309.604,3007,3007,3.00198,0,0,0,0,0,0,0,0,23.0432,0,0,0,5.33277,0,544,486,52.8155,0,12761,24.7696
b2_dynamic_t2048_r01,b2_dynamic_phase_mismatch,53,5.53533,159000,53,10,53.134,314.064,314.064,28,254.652,501.886,560.632,742,215.188,543.273,678.822,284,296.572,634.783,791.324,11.6972,25.2327,1792,48.994,176.611,263.083,148,122.015,252.514,337.624,3004,3004,4.00198,0,0,0,0,0,0,0,0,23.0432,0,0,0,0,0,560,377,59.7652,0,12907,25.2645
b2_dynamic_t2048_r01,b2_dynamic_phase_mismatch,54,5.59537,162000,54,16,70.21,527.423,527.423,28,452.661,855.943,974.435,711,325.073,695.067,879.921,296,383.544,757.773,1006.37,11.2703,32.0187,1790,50.419,173.733,237.379,142,125.183,220.612,320.262,2983,2983,4.00198,0,0,0,0,0,0,0,0,23.0432,0,0,0,0,0,708,247,74.1361,0,13052,25.7597
b2_dynamic_t2048_r01,b2_dynamic_phase_mismatch,55,5.67078,165000,55,11,23.619,910.926,910.926,39,442.362,861.257,1082.18,678,436.387,934.799,1164.55,310,534.513,1101.43,1281.81,12.8194,37.9677,1808,58.237,202.383,285.486,159,131.133,296.076,395.939,3005,3005,5.00199,0,0,0,0,0,0,0,0,23.0432,0,0,0,0,0,793,222,78.1281,0,13208,26.263
b2_dynamic_t2048_r01,b2_dynamic_phase_mismatch,56,5.76157,168000,56,7,250.258,935.966,935.966,40,62.164,1221.09,1254.17,753,551.994,1198.88,1425.18,299,739.611,1386.09,1523.68,12.3411,49.3926,1741,59.39,208.639,320.355,165,128.278,311.668,472.485,3005,3005,5.00199,0,0,0,0,0,0,0,0,23.0432,0,0,0,0,0,801,172,82.3227,0,13375,26.7508
b2_dynamic_t2048_r01,b2_dynamic_phase_mismatch,57,5.86688,171000,57,11,911.2,1071.16,1071.16,25,808.386,1065.36,1110.94,702,689.494,1556.17,1697.95,312,876.34,1665.51,1854.58,11.8301,59.0146,1779,61.744,210.057,315.868,171,137.268,295.005,352.675,3000,3000,6.002,0,0,0,0,0,0,0,0,23.0432,0,0,0,0,0,882,128,87.3267,0,13546,27.2455
b2_dynamic_t2048_r01,b2_dynamic_phase_mismatch,58,5.97026,174000,58,15,458.584,1161.82,1161.82,19,467.117,1812.92,1812.92,683,531.296,1393.25,1834.61,294,970.876,1705.1,1954.1,12.0544,59.9498,1826,64.329,221.749,285.422,150,132.509,271.019,372.206,2987,2987,6.002,0,0,0,0,0,0,0,0,23.0432,0,0,0,0,0,861,100,89.5942,0,13697,27.753
b2_dynamic_t2048_r01,b2_dynamic_phase_mismatch,59,6.09745,177000,59,9,1139.35,1257.63,1257.63,21,1047.99,2065.57,2106.5,699,972.901,1992.77,2126.84,303,1117.17,2081.22,2269.88,11.8086,70.8384,1804,64.397,195.435,295.327,164,130.09,275.978,365.985,3000,3000,7.00201,0,0,0,0,0,0,0,0,23.0432,0,0,0,0,0,889,101,89.798,0,13861,28.2591
b2_dynamic_t2048_r01,b2_dynamic_phase_mismatch,60,6.22943,180000,60,10,58.833,1577.17,1577.17,26,82.884,1467.61,1532.86,716,1174.12,2211.1,2401.26,288,1219.6,2185.23,2604.35,12.1875,74.1354,1824,71.437,199.904,288.525,143,137.75,259.111,311.104,3007,3007,8.00201,0,0,0,0,0,0,0,0,23.0432,0,0,0,0,0,844,88,90.5579,0,14001,28.764
b2_dynamic_t2048_r01,b2_dynamic_phase_mismatch,61,6.37422,183000,61,14,745.821,2632.33,2632.33,23,94.034,2281.76,2446.06,715,900.839,2602.08,2770.32,299,663.411,2687.58,2843.31,10.4047,93.6981,1802,71.492,220.529,302.777,151,140.907,269.654,343.862,3004,3004,8.00201,0,0,0,0,0,0,0,0,23.0432,0,0,0,0,0,900,54,94.3396,0,14154,29.2661
b2_dynamic_t2048_r01,b2_dynamic_phase_mismatch,62,6.51594,186000,62,5,37.522,2658.46,2658.46,23,1454.52,1733.78,2602.67,676,795.665,2702.28,2977.77,293,1115.5,2842.54,3204.94,11.9386,86.8166,1851,65.305,223.376,296.749,146,142.824,281.177,382.192,2994,2994,8.00201,0,0,0,0,0,0,0,0,23.0432,0,0,0,0,0,887,49,94.765,0,14299,29.7801
b2_dynamic_t2048_r01,b2_dynamic_phase_mismatch,63,6.58556,189000,63,6,38.966,138.597,138.597,26,43.637,1663.98,1696.33,690,26.315,1654.04,2961.15,335,145.523,1756.28,1920.4,11.8,31.1278,1807,74.012,238.164,336.636,140,152.323,301.709,406.957,3004,3004,2.00197,1,0,0,0,0,0,1,0,23.0432,1,0,0,0,0,1006,51,95.175,0,14438,33.2755
b2_dynamic_t2048_r01,b2_dynamic_phase_mismatch,64,6.62899,192000,64,9,19.999,224.252,224.252,25,81.198,247.417,260.718,770,95.304,255.265,298.099,293,198.256,373.494,479.402,13.2321,15.6645,1737,66.882,204.738,304.718,161,140.855,308.415,349.55,2995,2995,2.00197,1,0,0,0,0,0,1,0,23.0432,0,0,0,0,0,906,32,96.5885,0,14601,35.9829
b2_dynamic_t2048_r01,b2_dynamic_phase_mismatch,65,6.67698,195000,65,7,169.996,413.801,413.801,16,245.933,428.758,428.758,743,195.896,378.252,421.772,294,283.249,502.465,587.007,13.7381,20.1844,1799,56.609,171.269,256.375,151,123.92,261.87,412.252,3010,3010,3.00198,0,0,0,0,0,0,0,0,28.2706,0,0,0,5.22756,0,931,298,75.7526,0,14753,29.7533
b2_dynamic_t2048_r01,b2_dynamic_phase_mismatch,66,6.73145,198000,66,11,212.292,612.462,612.462,16,50.836,383.558,383.558,690,264.04,508.708,593.436,300,393.985,656.859,766.813,12.5167,29.1375,1823,54.105,165.075,249.521,155,119.129,231.66,310.791,2995,2995,3.00198,0,0,0,0,0,0,0,0,28.2706,0,0,0,0,0,1076,330,76.5292,0,14908,30.2604
b2_dynamic_t2048_r01,b2_dynamic_phase_mismatch,67,6.79611,201000,67,18,69.805,640.085,640.085,50,39.113,531.535,909.206,1116,21.849,594.642,922.014,454,185.471,761.891,1138.58,10.8833,31.0383,1230,63.32,175.678,265.327,135,125.927,287.415,358.191,3003,3003,3.00198,0,0,0,0,0,0,0,0,28.2706,0,0,0,0,0,1729,294,85.4671,0,15041,30.6001
b2_dynamic_t2048_r01,b2_dynamic_phase_mismatch,68,6.87598,204000,68,22,56.524,629.673,699.397,54,43.321,751.423,1199.48,1856,17.97,729.857,1080.62,769,164.776,865.518,1229.98,11.2289,28.4359,145,64.326,225.327,321.284,144,136.397,257.147,410.708,2990,2990,3.00198,0,0,0,0,0,0,0,0,28.2706,0,0,0,0,0,3190,293,91.5877,0,15186,30.6478
b2_dynamic_t2048_r01,b2_dynamic_phase_mismatch,69,6.97024,207000,69,25,25.723,1262.9,1271.9,63,34.918,836.558,1254.89,1899,18.699,901.489,1315.05,690,162.815,1045.28,1488.37,10.5551,33.6309,156,68.621,232.613,296.475,176,141.057,301.023,354.386,3009,3009,3.00198,0,0,0,0,0,0,0,0,28.2706,0,0,0,0,0,2998,141,95.5081,0,15361,30.6999
b2_dynamic_t2048_r01,b2_dynamic_phase_mismatch,70,7.06459,210000,70,25,35.764,1055.6,1146.16,67,35.743,840.874,1019.94,1901,16.196,1016.58,1507.68,724,136.045,1160.93,1612.3,10.6975,30.6224,138,65.696,254.561,317.646,150,133.573,298.901,343.911,3005,3005,3.00198,0,0,0,0,0,0,0,0,28.2706,0,0,0,0,0,3155,80,97.527,0,15511,30.7461
b2_dynamic_t2048_r01,b2_dynamic_phase_mismatch,71,7.1902,213000,71,20,37.755,1910.09,1910.09,74,37.333,1293.87,1882.63,1888,18.813,1173.72,1827.24,708,172.28,1298.06,1898.72,10.9605,43.149,137,78.04,273.203,400.97,169,145.537,330.745,438.065,2996,2996,3.00198,0,0,0,0,0,0,0,0,28.2706,0,0,0,0,0,3164,54,98.3219,0,15681,30.7923
b2_dynamic_t2048_r01,b2_dynamic_phase_mismatch,72,7.32424,216000,72,27,36.053,1229.44,1274.05,67,39.297,1337.92,2135.33,1838,18.775,1281.87,2077.68,738,164.987,1414.8,2274.59,10.2398,46.7109,171,77.556,272.479,305.391,149,147.577,300.428,378.563,2990,2990,3.00198,0,0,0,0,0,0,0,0,28.2706,0,0,0,0,0,3312,32,99.0431,0,15830,30.8473
b2_dynamic_t2048_r01,b2_dynamic_phase_mismatch,73,7.43586,219000,73,29,18.29,1419.87,2243.81,67,34.458,1324.67,2014.92,1857,15.659,1331.81,2072.08,729,136.909,1482.28,2325.26,9.16872,44.3249,156,65.319,282.694,523.825,164,130.24,299.665,586.955,3002,3002,3.00198,0,0,0,0,0,0,0,0,28.2706,0,0,0,0,0,3254,16,99.5107,0,15994,30.8989
b2_dynamic_t2048_r01,b2_dynamic_phase_mismatch,74,7.58598,222000,74,18,35.242,1430.67,1430.67,74,36.442,1580.8,2598.94,1892,17.535,1557.03,2533.33,726,158.773,1703.26,2708.84,8.42424,66.9278,149,77.891,306.553,374.452,151,151.835,333.007,460.916,3010,3010,3.00198,0,0,0,0,0,0,0,0,28.2706,0,0,0,0,0,3238,13,99.6001,0,16144,30.9476
b2_dynamic_t2048_r01,b2_dynamic_phase_mismatch,75,7.74343,225000,75,21,35.062,1612.37,1710.62,88,35.768,1662.87,2670.91,1822,18.251,1665.7,2836.02,762,162.612,1814.15,2967.17,10.1614,52.8418,171,77.41,260.911,340.671,129,148.649,309.717,348.233,2993,2993,4.00198,0,0,0,0,0,0,0,0,28.2706,0,0,0,0,0,3502,8,99.7721,0,16274,31.0017
b2_dynamic_t2048_r01,b2_dynamic_phase_mismatch,76,7.89199,228000,76,26,31.991,3053.25,3074.93,74,37.17,1722.71,3010.88,1881,17.292,1722.09,3006.82,752,154.177,1891.98,3106.86,9.71676,55.8127,158,76.728,234.332,2350.01,122,147.467,357.582,2251.03,3013,3013,1.00196,1,0,0,0,0,0,1,0,28.2706,1,0,0,0,0,3464,6,99.8271,0,16395,31.0518
b2_dynamic_t2048_r01,b2_dynamic_phase_mismatch,77,7.92255,231000,77,26,22.986,111.074,118.786,70,24.529,124.636,154.726,1852,12.822,98.358,204.873,763,104.739,223.65,389.407,9.32765,13.1242,137,66.152,880.383,1386.43,142,130.892,1284.83,1752.72,2990,2990,2.00197,1,0,0,0,0,0,1,0,28.2706,0,0,0,0,0,3535,3,99.9152,0,16538,32.0964
b2_dynamic_t2048_r01,b2_dynamic_phase_mismatch,78,7.94778,234000,78,31,19.629,162.367,168.163,74,16.251,132.12,225.944,1843,9.691,159.371,219.475,760,84.042,242.648,387.07,8.71447,12.4322,139,29.234,334.636,754.365,153,68.468,317.311,722.49,3000,3000,2.00197,0,0,0,0,0,0,0,0,30.1401,0,0,0,1.86964,0,3454,63,98.2087,0,16689,30.3607
b2_dynamic_t2048_r01,b2_dynamic_phase_mismatch,79,7.99349,237000,79,21,26.506,262.869,264.793,65,29.097,287.55,345.309,1848,14.393,283.516,345.993,752,150.858,403.972,471.549,8.94947,22.7243,141,38.737,130.757,210.112,171,96.409,240.39,294.767,2998,2998,2.00197,0,0,0,0,0,0,0,0,30.1401,0,0,0,0,0,3955,335,92.1911,0,16861,30.4087
b2_dynamic_t2048_r01,b2_dynamic_phase_mismatch,80,8.05901,240000,80,38,32.06,484.618,553.506,67,32.598,488.471,526.434,1820,16.117,452.353,572.138,761,167.192,607.205,726.558,6.95401,37.0024,161,52.484,196.866,321.272,147,115.148,299.278,354.969,2994,2994,2.00197,0,0,0,0,0,0,0,0,30.1401,0,0,0,0,0,4144,54,98.7137,0,17010,30.461
b2_dynamic_t2048_r01,b2_dynamic_phase_mismatch,81,8.14051,243000,81,22,33.771,557.937,598.503,67,37.96,514.59,629.865,1845,19.227,572.796,984.783,748,197.511,728.151,1053.47,7.60963,42.5994,146,61.062,238.452,400.239,176,139.498,335.407,454.813,3004,3004,2.00197,0,0,0,0,0,0,0,0,30.1401,0,0,0,0,0,4216,8,99.8106,0,17186,30.5106
b2_dynamic_t2048_r01,b2_dynamic_phase_mismatch,82,8.22361,246000,82,23,33.55,354.557,552.123,67,39.598,719.566,954.022,1819,18.453,751.319,1135.46,781,173.061,937.989,1389.21,8.17157,39.8786,149,62.298,245.556,294.449,153,143.189,309.16,391.009,2992,2992,2.00197,0,0,0,0,0,0,0,0,30.1401,0,0,0,0,0,4490,7,99.8443,0,17339,30.5593
b2_dynamic_t2048_r01,b2_dynamic_phase_mismatch,83,8.28689,249000,83,25,17.367,196.054,749.842,67,33.877,886.105,1391.64,1863,12.992,844.892,1254.83,756,136.913,1006.5,1368.36,7.33598,35.0427,157,52.173,231.793,440.579,139,122.172,361.627,418.647,3007,3007,2.00197,0,0,0,0,0,0,0,0,30.1401,0,0,0,0,0,4251,2,99.953,0,17477,30.61
b2_dynamic_t2048_r01,b2_dynamic_phase_mismatch,84,8.36992,252000,84,22,31.499,978.18,1145.52,54,34.852,956.985,1029.35,1901,14.013,961.116,1164,731,152.246,1141.73,1760.31,7.49658,42.4297,149,59.137,153.239,238.725,137,123.494,242.524,318.419,2994,2994,2.00197,0,0,0,0,0,0,0,0,30.1401,0,0,0,0,0,4174,1,99.976,0,17615,30.6586
b2_dynamic_t2048_r01,b2_dynamic_phase_mismatch,85,8.46219,255000,85,30,29.226,1169.62,1528,52,32.447,999.648,1095.03,1818,13.857,1093.3,1586.69,794,155.912,1254.97,1943.83,7.48237,45.6,143,53.312,234.937,387.001,165,133.893,301.426,406.722,3002,3002,2.00197,0,0,0,0,0,0,0,0,30.1401,0,0,0,0,0,4510,2,99.9557,0,17780,30.7068
b2_dynamic_t2048_r01,b2_dynamic_phase_mismatch,86,8.56481,258000,86,24,36.819,1020.23,1175.55,60,36.166,1203.61,1243.81,1843,14.593,1168.77,1274.93,806,163.567,1366.7,1556.04,6.34988,61.9944,126,61.212,191.586,276.542,149,128.867,234.886,337.571,3008,3008,2.00197,0,0,0,0,0,0,0,0,30.1401,0,0,0,0,0,4567,1,99.9781,0,17929,30.7499
b2_dynamic_t2048_r01,b2_dynamic_phase_mismatch,87,8.66423,261000,87,23,37.718,1320.12,1327.87,67,32.435,1207.1,1410.55,1838,14.464,1321.2,1515.51,743,156.312,1456.22,1633.72,6.91521,52.9631,159,53.837,230.521,309.64,160,130.631,296.564,327.276,2990,2990,2.00197,0,0,0,0,0,0,0,0,30.1401,0,0,0,0,0,4311,1,99.9768,0,18089,30.8019
b2_dynamic_t2048_r01,b2_dynamic_phase_mismatch,88,8.80041,264000,88,18,204.31,2542.28,2542.28,57,42.282,2425.62,2630.09,1851,15.598,1523.37,2615.91,765,171.777,1644.75,2757.39,6.48497,68.9126,154,56.566,178.311,262.95,160,129.932,237.374,308.354,3005,3005,2.00197,0,0,0,0,0,0,0,0,30.1401,0,0,0,0,0,4415,3,99.9321,0,18248,30.8529
b2_dynamic_t2048_r01,b2_dynamic_phase_mismatch,89,8.9251,267000,89,33,26.515,1597.82,2621.2,65,46.971,1619.77,1679.95,1858,14.665,1608.72,2338.04,730,154.836,1744.01,1923.21,6.22055,67.7308,157,59.919,185.23,329.313,153,137.887,322.53,424.19,2996,2996,2.00197,0,0,0,0,0,0,0,0,30.1401,0,0,0,0,0,4257,1,99.9765,0,18402,30.9044
b2_dynamic_t2048_r01,b2_dynamic_phase_mismatch,90,8.97948,270000,90,28,33.043,109.691,331.741,59,36.87,335.224,1585.75,1876,14.317,332.575,1794.06,764,165.08,544.824,1898.85,6.46597,38.3439,136,53.864,352.294,543.301,141,142.811,466.724,1012.4,3004,3004,2.00197,1,0,0,0,0,0,1,0,30.1401,1,0,0,0,0,4511,1,99.9778,0,18543,30.9493
b2_dynamic_t2048_r01,b2_dynamic_phase_mismatch,91,9.01436,273000,91,28,33.662,280.798,359.949,69,35.383,203.624,397.521,1886,15.479,213.452,269.251,748,177.125,418.941,560.506,6.15374,30.5313,142,50.433,211.762,274.861,145,130.594,249.604,319.864,3018,3018,2.00197,1,0,0,0,0,0,1,0,30.1401,0,0,0,0,0,4304,1,99.9768,0,18686,31.545
b2_dynamic_t2048_r01,b2_dynamic_phase_mismatch,92,9.06026,276000,92,27,37.228,388.997,421.32,63,41.602,274.135,437.778,1867,14.112,296.378,434.911,747,168.297,519.621,657.767,5.27175,37.683,135,48.962,224.702,329.579,147,127.312,299.707,381.799,2986,2986,2.00197,0,0,0,0,0,12.9757,0,1,30.6863,0,0.836581,1,0.54632,0,6485,338,95.0462,16493,18833,31.943
b2_dynamic_t2048_r01,b2_dynamic_phase_mismatch,93,9.10459,279000,93,22,34.549,410.695,567.362,73,35.86,416.959,526.519,1844,14.055,397.652,546.391,766,158.134,601.758,844.386,6,34.7138,145,46.522,215.897,381.025,140,131.845,326.791,419.427,2990,2990,2.00197,0,0,0,0,0,12.9757,0,1,30.6863,0,1.10087,2,0,0,7439,319,95.8881,23304,18975,34.99
b2_dynamic_t2048_r01,b2_dynamic_phase_mismatch,94,9.14702,282000,94,26,21.495,160.723,423.245,76,36.465,587.162,892.494,1877,11.951,446.725,619.656,753,144.893,585.29,778.379,5.36521,35.8433,153,46.271,182.711,255.34,126,127.141,324.295,366.022,3011,3011,2.00197,0,0,0,0,0,12.9757,0,1,30.6863,0,1.63579,4,0,0,8002,390,95.3527,34059,19100,38.039
b2_dynamic_t2048_r01,b2_dynamic_phase_mismatch,95,9.20833,285000,95,33,38.662,756.11,757.482,75,44.845,613.554,993.362,1842,11.368,621.451,977.95,745,139.441,755.695,1062.86,5.59732,41.8309,148,43.836,174.007,248.623,149,126.43,280.268,322.091,2992,2992,2.00197,0,0,0,0,0,0,0,0,8.1386,0,0.196771,1.1386,0,0,3426,437,88.6875,2572,19249,8.54545
b2_dynamic_t2048_r01,b2_dynamic_phase_mismatch,96,9.26486,288000,96,27,60.777,882.447,948.157,80,51.915,704.89,825.145,1839,9.5,735.704,918.966,751,77.12,871.529,1122.98,5.61518,36.0902,167,53.517,201.444,297.071,141,126.356,287.787,350.727,3005,3005,2.00197,0,0,0,0,0,0,0,0,8.1386,0,0,0,0,0,595,646,47.9452,0,19389,8.59884
b2_dynamic_t2048_r01,b2_dynamic_phase_mismatch,97,9.33864,291000,97,26,32.89,838.77,973.905,60,28.982,884.439,957.784,1868,9.694,891.772,1347.78,732,67.91,1015.93,1481.96,4.68443,54.3795,156,68.383,390.204,455.738,155,133.173,418.967,495.355,2997,2997,2.00197,0,0,0,0,0,0,0,0,8.1386,0,0,0,0,0,841,319,72.5,0,19545,8.6503
b2_dynamic_t2048_r01,b2_dynamic_phase_mismatch,98,9.41246,294000,98,29,20.719,829.471,1023.53,56,29.106,810.793,935.23,1868,9.647,955.284,1486.27,740,59.597,1036.92,1502.19,4.86486,48.9526,164,57.853,252.712,332.626,140,131.807,322.817,374.93,2997,2997,2.00197,0,0,0,0,0,0,0,0,8.1386,0,0,0,0,0,1016,168,85.8108,0,19684,8.7021
b2_dynamic_t2048_r01,b2_dynamic_phase_mismatch,99,9.49204,297000,99,28,29.414,1156.99,1934.35,57,28.506,1074.07,1142.26,1835,9.443,1100.85,1833.24,775,57.421,1172.09,1862.73,5.17677,49.7265,161,59.997,256.194,387.573,149,128.598,256.773,416.337,3005,3005,2.00197,0,0,0,0,0,0,0,0,8.1386,0,0,0,0,0,1128,102,91.7073,0,19835,8.75512
b2_dynamic_t2048_r01,b2_dynamic_phase_mismatch,100,9.58798,300000,100,21,23.009,1321.98,2108.99,57,29.372,1260.65,1351.51,1866,9.352,1240.9,2021.69,743,56.116,1334.33,2067.7,4.55989,68.1978,141,48.038,306.503,350.083,165,132.908,334.799,394.904,2993,2993,2.00197,0,0,0,0,0,0,0,0,8.1386,0,0,0,0,0,1105,75,93.6441,0,20000,8.8016
b2_dynamic_t2048_r02,b2_dynamic_phase_mismatch,1,0.0308673,3000,1,30,36.428,100.805,113.591,62,19.72,91.109,101.954,1722,20.202,99.21,122.994,754,137.433,212.623,333.003,96.756,1.47153,127,13.761,73.481,193.445,315,38.092,101.593,184.816,3010,3010,1.00196,0,0,0,0,0,0,0,0,130.686,0,0,0,0,0,1755,6621,20.9527,0,315,130.812
b2_dynamic_t2048_r02,b2_dynamic_phase_mismatch,2,0.0650169,6000,2,35,47.354,200.342,203.26,63,60.729,209.783,392.704,1687,51.661,196.672,231.285,752,142.252,274.146,329.476,92.5266,1.68344,153,14.131,62.468,79.751,303,37.213,83.889,110.203,2993,2993,1.00196,0,0,0,0,0,0,0,0,130.686,0,0,0,0,0,3129,5000,38.4918,0,617,130.87
b2_dynamic_t2048_r02,b2_dynamic_phase_mismatch,3,0.110999,9000,3,28,135.326,271.893,293.406,68,70.267,361.365,368.848,1731,42.554,307.939,375.279,736,175.79,404.393,471.139,84.8723,2.29134,144,17.518,63.069,99.835,291,44.556,88.801,109.229,2998,2998,1.00196,0,0,0,0,0,0,0,0,130.686,0,0,0,0,0,3858,3769,50.5835,0,909,130.925
b2_dynamic_t2048_r02,b2_dynamic_phase_mismatch,4,0.185213,12000,4,33,16.979,827.487,1028.41,50,202.112,653.706,683.102,1721,84.163,597.404,742.713,772,177.606,753.282,930.921,79.7228,3.46589,139,24.653,85.996,122.107,287,58.095,126.22,178.262,3002,3002,1.00196,0,0,0,0,0,0,0,0,130.686,0,0,0,0,0,4677,2965,61.2013,0,1196,130.978
b2_dynamic_t2048_r02,b2_dynamic_phase_mismatch,5,0.30337,15000,5,21,203.597,702.078,1050.82,58,247.384,1038.92,1318.22,1718,54.486,1039.49,1282.67,754,291.359,1187.46,1463.92,76.0504,5.79671,137,33.988,133.65,171.966,318,83.714,172.887,225.927,3006,3006,1.00196,0,0,0,0,0,0,0,0,130.686,0,0,0,0,0,5008,2269,68.8196,0,1511,131.032
b2_dynamic_t2048_r02,b2_dynamic_phase_mismatch,6,0.502225,18000,6,21,22.655,1458.82,1540.84,69,65.88,1576.33,1808.87,1666,258.662,1585.56,2408.56,757,346.944,1735.4,2779.94,70.3884,9.80212,159,56.516,195.289,244.756,323,112.198,233.293,309.466,2995,2995,2.00197,0,0,0,0,0,0,0,0,130.686,0,0,0,0,0,5406,1676,76.3344,0,1836,131.093
b2_dynamic_t2048_r02,b2_dynamic_phase_mismatch,7,0.704402,21000,7,24,23.786,1644.81,1700.48,49,34.534,1595.8,2934.68,1740,37.226,1814.47,2797.4,767,225.861,1948.59,2927.91,66.9609,10.2963,136,59.625,309.647,2213.56,286,121.554,341.671,2485.97,3002,3002,1.00196,1,0,0,0,0,0,1,0,130.686,1,0,0,0,0,5616,1356,80.5508,0,2121,131.145
b2_dynamic_t2048_r02,b2_dynamic_phase_mismatch,8,0.760482,24000,8,19,47.49,312.444,312.444,72,48.873,285.846,352.203,1736,77.592,280.075,327.364,722,246.6,472.2,599.968,64.0845,4.04208,154,44.815,216.241,273.862,294,109.664,274.524,413.159,2997,2997,1.00196,0,0,0,0,0,131.018,0,1,131.018,0,3.12348,8,0.332693,0,8502,1941,81.4134,16682,2416,139.166
b2_dynamic_t2048_r02,b2_dynamic_phase_mismatch,9,0.844131,27000,9,24,284.43,467.377,471.245,58,298.572,478.128,488.14,1725,161.939,468.782,560.892,737,320.937,647.419,838.372,61.0882,5.55106,146,46.198,246.103,283.913,315,106.562,268.487,316.732,3005,3005,1.00196,0,0,0,0,0,131.018,0,1,131.018,0,7.45322,20,0,0,12244,2690,81.9874,38176,2729,160.223
b2_dynamic_t2048_r02,b2_dynamic_phase_mismatch,10,0.946398,30000,10,24,394.065,683.95,687.261,59,149.776,681.217,730.992,1727,144.137,670.622,736.532,718,335.101,815.894,899.955,55.9109,7.2037,161,48.318,194.915,275.071,311,100.926,249.048,321.36,3000,3000,1.00196,0,0,0,0,0,131.018,0,1,131.018,0,8.26786,25,0,0,13737,2703,83.5584,47624,3042,184.334
b2_dynamic_t2048_r02,b2_dynamic_phase_mismatch,11,1.08215,33000,11,18,430.939,909.247,909.247,62,28.738,912.356,959.566,1676,174.088,898.303,952.377,753,297.705,1031.18,1095.51,53.409,9.08129,169,47.802,231.194,320.272,317,101.859,289.715,327.364,2995,2995,1.00196,0,0,0,0,0,131.018,0,1,131.018,0,8.17527,24.7378,0,0,13575,2574,84.0609,48851,3360,209.085
b2_dynamic_t2048_r02,b2_dynamic_phase_mismatch,12,1.26384,36000,12,22,161.877,1153.56,1209.44,73,79.006,1398.65,1693.93,1689,110.865,1378.49,1564.21,760,286.512,1610.1,1741.48,54.5961,11.5616,151,56.708,211.37,300.157,302,109.857,258.153,336.003,2997,2997,1.00196,0,0,0,0,0,0,0,0,86.942,0,3.40259,9.20414,0,0,5245,3633,59.0786,16058,3662,87.3331
b2_dynamic_t2048_r02,b2_dynamic_phase_mismatch,13,1.4799,39000,13,30,255.011,1671.71,1725.95,65,39.632,1602.83,1750.03,1745,54.233,1648.43,1805.53,732,273.322,1804.05,1988.92,46.7678,16.4769,143,60.657,217.389,308.784,292,121.343,277.652,393.645,3007,3007,1.00196,0,0,0,0,0,0,0,0,86.942,0,0,0,0,0,1183,3065,27.8484,0,3953,87.3874
b2_dynamic_t2048_r02,b2_dynamic_phase_mismatch,14,1.61776,42000,14,25,54.077,1588.15,1702.11,57,33.238,1671.91,1735.3,1701,40.978,1693.49,1874.91,755,193.39,1832.67,2092.19,42.4689,10.9949,156,84.33,343.182,590.412,311,124.018,310.617,419.5,3005,3005,1.00196,0,0,0,0,0,0,0,0,87.2891,1,0,0,0.347304,0,1833,2430,42.9979,0,4261,87.4116
b2_dynamic_t2048_r02,b2_dynamic_phase_mismatch,15,1.67702,45000,15,20,112.405,364.354,364.354,56,42.122,334.071,415.839,1681,75.216,349.6,439.247,749,234.991,512.808,613.44,40.3511,6.12955,167,44.507,233.92,295.141,317,107.639,290.887,353.293,2990,2990,2.00197,0,0,0,0,0,0,0,0,87.2891,0,0,0,0,0,3033,1762,63.2534,0,4580,87.4733
b2_dynamic_t2048_r02,b2_dynamic_phase_mismatch,16,1.75874,48000,16,21,324.859,547.513,567.825,53,40.578,548.833,694.987,1720,126.177,520.122,573.979,749,263.563,672.999,756.429,40.1322,7.74631,151,38.369,205.17,252.691,316,104.731,276.718,351.71,3010,3010,2.00197,0,0,0,0,0,0,0,0,87.2891,0,0,0,0,0,3464,1336,72.1667,0,4896,87.5308
b2_dynamic_t2048_r02,b2_dynamic_phase_mismatch,17,1.85918,51000,17,15,20.656,786.7,786.7,59,72.713,782.888,837.38,1715,38.644,743.823,842.135,755,235.802,889.388,980.024,36.3126,10.201,147,43.118,206.184,263.433,297,102.447,262.285,331.281,2988,2988,2.00197,0,0,0,0,0,0,0,0,87.2891,0,0,0,0,0,3589,1088,76.7372,0,5195,87.5862
b2_dynamic_t2048_r02,b2_dynamic_phase_mismatch,18,1.99274,54000,18,21,218.609,1027.74,1146.01,58,429.289,989.017,1040.2,1709,143.393,978.739,1054.6,752,283.32,1096.89,1199.16,33.992,13.8028,147,46.132,205.029,336.183,310,99.159,273.342,341.377,2997,2997,2.00197,0,0,0,0,0,0,0,0,87.2891,0,0,0,0,0,3912,770,83.554,0,5505,87.6424
b2_dynamic_t2048_r02,b2_dynamic_phase_mismatch,19,2.19761,57000,19,31,32.954,1507.18,1731.18,48,69.721,1282.49,1587.6,1757,83.842,1469.01,1645.13,731,381.141,1664.31,1869.14,31.7688,23.6598,149,58.344,186.439,298.361,291,115.241,295.609,451.545,3007,3007,2.00197,0,0,0,0,0,0,0,0,87.2891,0,0,0,0,0,3816,606,86.2958,0,5795,87.6985
b2_dynamic_t2048_r02,b2_dynamic_phase_mismatch,20,2.43766,60000,20,25,36.724,1685.72,1688.47,64,44.454,1657.43,1760.18,1727,211.495,1678.77,1834.92,747,372.856,1851.57,1967.36,29.9116,27.3326,148,64.066,209.807,335.496,283,119.887,244.91,334.21,2994,2994,2.00197,0,0,0,0,0,0,0,0,87.2891,0,0,0,0,0,4010,497,88.9727,0,6079,87.7546
b2_dynamic_t2048_r02,b2_dynamic_phase_mismatch,21,2.51749,63000,21,25,67.008,1539.14,1607.13,89,33.728,1590.2,1750.14,1689,43.338,1552.87,1775.18,734,167.151,1648.06,1941.5,27.733,9.8413,148,64.772,398.667,2540.5,318,143.337,378.697,2743.29,3003,3003,2.00197,1,0,0,0,0,0,1,0,87.2891,1,0,0,0,0,3831,393,90.696,0,6397,88.1605
b2_dynamic_t2048_r02,b2_dynamic_phase_mismatch,22,2.57809,66000,22,27,22.266,338.704,345.309,53,33.454,353.162,360.112,1745,72.009,334.408,363.514,759,233.859,475.065,540.913,26.8129,9.09463,131,46.246,145.927,271.326,286,104.577,283.453,425.411,3001,3001,2.00197,0,0,0,0,0,0,0,0,87.6394,0,0,0,0.350368,0,4727,376,92.6318,0,6681,87.8307
b2_dynamic_t2048_r02,b2_dynamic_phase_mismatch,23,2.6605,69000,23,16,18.649,493.449,493.449,68,56.182,515.454,556.511,1770,88.732,516.656,556.112,716,234.854,640.948,723.688,26.0349,11.8583,147,44.936,245.9,408.896,288,110.494,335.725,482.663,3005,3005,2.00197,0,0,0,0,0,0,0,0,87.6394,0,0,0,0,0,4661,197,95.9448,0,6969,87.8857
b2_dynamic_t2048_r02,b2_dynamic_phase_mismatch,24,2.77651,72000,24,19,24.827,762.222,762.222,58,246.878,790.204,830.869,1724,165.243,747.395,816.453,744,358.686,899.937,985.313,24.5726,17.7347,157,49.483,233.589,272.165,302,104.45,276.426,343.667,3004,3004,2.00197,0,0,0,0,0,0,0,0,87.6394,0,0,0,0,0,4763,206,95.8543,0,7272,87.9442
b2_dynamic_t2048_r02,b2_dynamic_phase_mismatch,25,2.92016,75000,25,25,17.414,974.017,977.351,59,349.612,999.731,1020.9,1715,181.677,966.19,1044.71,746,364.198,1098.73,1218.86,22.496,22.7854,145,52.869,256.283,370.713,309,108.863,270.018,447.538,2999,2999,2.00197,0,0,0,0,0,0,0,0,87.6394,0,0,0,0,0,4787,179,96.3955,0,7579,87.9997
b2_dynamic_t2048_r02,b2_dynamic_phase_mismatch,26,3.09924,78000,26,26,442.298,1260.17,1471.16,63,26.689,1378.54,1634.94,1679,76.976,1392.74,1600.56,777,248.712,1498.29,1751.13,22.2844,27.2204,169,65.484,240.342,315.248,278,120.382,285.358,352.504,2992,2992,2.00197,0,0,0,0,0,0,0,0,87.6394,0,0,0,0,0,5091,143,97.2679,0,7859,88.0605
b2_dynamic_t2048_r02,b2_dynamic_phase_mismatch,27,3.32649,81000,27,24,28.24,1602.14,1653.22,65,238.264,1713.92,1752.31,1707,51.232,1646.64,1828.21,750,407.54,1805.75,1956.27,21.2547,38.343,162,64.348,218.1,339.202,294,122.282,317.825,404.876,3002,3002,2.00197,0,0,0,0,0,0,0,0,87.6394,0,0,0,0,0,4974,181,96.4888,0,8153,88.1202
b2_dynamic_t2048_r02,b2_dynamic_phase_mismatch,28,3.39903,84000,28,24,23.012,169.626,1470.5,55,58.022,204.872,1494.51,1690,30.493,736.652,2652.92,754,170.87,1556.44,2139.32,20.2573,13.9935,152,80.549,325.902,499.774,320,132.864,389.209,457.845,2995,2995,2.00197,1,0,0,0,0,0,1,0,87.6394,1,0,0,0,0,4953,108,97.866,0,8473,88.5327
b2_dynamic_t2048_r02,b2_dynamic_phase_mismatch,29,3.46491,87000,29,19,25.634,338.823,338.823,66,29.402,364.984,576.278,1733,137.271,360.378,395.56,748,249.764,490.068,552.813,18.7099,13.9161,159,45.245,209.083,263.387,288,108.22,285.646,402.888,3013,3013,2.00197,0,0,0,0,0,0,0,0,87.9946,0,0,0,0.35536,0,5554,147,97.4215,0,8760,88.2016
b2_dynamic_t2048_r02,b2_dynamic_phase_mismatch,30,3.54713,90000,30,22,242.25,470.966,541.102,60,27.521,516.047,763.222,1696,114.005,523.608,575.041,771,247.355,630.558,734.387,17.5019,17.4019,151,50.509,268.515,375.006,283,103.455,333.558,417.781,2983,2983,2.00197,0,0,0,0,0,0,0,0,87.9946,0,0,0,0,0,5679,85,98.5253,0,9046,88.2571
b2_dynamic_t2048_r02,b2_dynamic_phase_mismatch,31,3.66016,93000,31,25,26.429,737.283,823.006,53,198.815,755.066,817.536,1700,184.707,757.955,819.405,774,281.917,886.372,964.217,15.624,25.5051,157,46.142,231.32,315.344,295,97.375,228.757,343.343,3004,3004,2.00197,0,0,0,0,0,0,0,0,87.9946,0,0,0,0,0,5705,81,98.6001,0,9340,88.3154
b2_dynamic_t2048_r02,b2_dynamic_phase_mismatch,32,3.78974,96000,32,16,611.833,931.622,931.622,57,27.544,935.998,984.23,1796,27.484,949.14,1021.3,714,269.394,1093.59,1218.49,14.8739,31.8671,154,44.866,222.568,302.413,266,102.668,262.067,321.656,3003,3003,2.00197,0,0,0,0,0,0,0,0,87.9946,0,0,0,0,0,5245,52,99.0183,0,9606,88.3711
b2_dynamic_t2048_r02,b2_dynamic_phase_mismatch,33,3.96707,99000,33,25,1091.34,1378.31,1490.59,51,235.602,1493.24,1681.17,1664,185.307,1271.44,1483.26,825,256.327,1461.01,1683.52,14.0873,41.8351,130,59.903,242.117,319.444,303,108.894,281.813,343.535,2998,2998,2.00197,0,0,0,0,0,0,0,0,87.9946,0,0,0,0,0,6021,65,98.932,0,9909,88.4223
b2_dynamic_t2048_r02,b2_dynamic_phase_mismatch,34,4.12898,102000,34,18,41.858,1600.78,1600.78,34,352.177,1609.38,1676.53,1049,401.308,1598.4,1740.81,475,479.438,1790.72,1973.41,12.3895,67.2428,1243,51.737,159.232,256.067,196,119.121,279.966,351.751,3015,3015,2.00197,0,0,0,0,0,0,0,0,87.9946,0,0,0,0,0,3426,41,98.8174,0,10106,88.777
b2_dynamic_t2048_r02,b2_dynamic_phase_mismatch,35,4.25383,105000,35,8,437.673,1730.49,1730.49,23,1510.95,1733.08,1735.87,692,366.43,1692.24,1982.35,310,514.85,1926.8,2931.49,14.129,64.0511,1809,52.374,172.802,319.482,151,116.023,287.854,375.331,2993,2993,2.00197,1,0,0,0,0,0,1,0,87.9946,1,0,0,0,0,2088,24,98.8636,0,10257,89.284
b2_dynamic_t2048_r02,b2_dynamic_phase_mismatch,36,4.28599,108000,36,11,54.695,113.602,113.602,17,30.101,177.987,177.987,714,18.964,127.86,160.677,293,147.941,286.664,368.798,12.4505,12.9586,1820,53.221,186.455,260.714,143,128.009,246.94,309.277,2998,2998,2.00197,1,0,0,0,0,0,1,0,87.9946,0,0,0,0,0,1934,20,98.9765,0,10399,89.7807
b2_dynamic_t2048_r02,b2_dynamic_phase_mismatch,37,4.32294,111000,37,8,76.786,150.163,150.163,23,126.76,225.069,297.237,767,100.8,245.259,309.191,290,204.59,386.761,474.659,12.3862,17.4025,1779,47.917,153.523,236.454,143,112.468,221.914,302.069,3010,3010,3.00198,0,0,0,0,0,2.07956,0,1,89.0215,0,0,0,1.02707,0,2246,207,91.5614,0,10543,90.1756
b2_dynamic_t2048_r02,b2_dynamic_phase_mismatch,38,4.36582,114000,38,11,197.455,264.051,264.051,25,136.058,420.945,494.916,769,126.463,431.016,528.356,302,266.846,563.056,684.96,14.1987,20.0551,1758,47.069,132.288,202.466,149,104.977,221.209,302.091,3014,3014,3.00198,0,0,0,0,0,2.07956,0,1,89.0215,0,3.582,2,0,0,4488,1029,81.3486,39468,10689,93.6605
b2_dynamic_t2048_r02,b2_dynamic_phase_mismatch,39,4.41825,117000,39,11,278.932,431.155,431.155,22,62.625,611.478,666.767,718,212.353,519.044,699.276,321,365.417,697.945,811.874,13.2336,26.3267,1764,49.709,168.235,260.64,150,115.973,239.618,269.162,2986,2986,4.00198,0,0,0,0,0,2.07956,0,1,89.0215,0,5.57923,4,0,0,5857,1557,78.9992,58437,10841,97.1539
b2_dynamic_t2048_r02,b2_dynamic_phase_mismatch,40,4.4735,120000,40,11,359.786,555.996,555.996,26,43.689,495.633,677.357,712,234.782,580.275,868.431,303,379.532,750.812,961.02,13.6832,27.2255,1819,50.841,170.085,263.065,121,118.619,268.949,318.872,2992,2992,4.00198,0,0,0,0,0,2.07956,0,1,89.0215,0,6.12838,4,0,0,6040,1538,79.7044,66563,10962,101.654
b2_dynamic_t2048_r02,b2_dynamic_phase_mismatch,41,4.54776,123000,41,12,537.205,1077.69,1077.69,22,419.853,791.731,962.532,692,428.423,1009.76,1195.29,282,522.219,1118.84,1376.58,12.8227,38.727,1814,51.723,169.352,268.076,172,121.99,274.135,499.815,2994,2994,5.00199,0,0,0,0,0,2.07956,0,1,89.0215,0,7.44264,6,0,0,7314,1933,79.0959,85142,11132,108.162
b2_dynamic_t2048_r02,b2_dynamic_phase_mismatch,42,4.63409,126000,42,11,28.759,1499.18,1499.18,18,719.604,1415.42,1415.42,703,328.628,1164.6,1409.94,279,546.013,1326.75,1581.58,14.0753,41.0671,1846,60.997,191.166,298.342,140,142.312,368.386,410.816,2997,2997,5.00199,0,0,0,0,0,0,0,0,17.7106,0,1.78275,1.71055,0,0,2140,602,78.0452,17272,11275,23.443
b2_dynamic_t2048_r02,b2_dynamic_phase_mismatch,43,4.72428,129000,43,12,38.538,1472.12,1472.12,26,783.15,997.418,1567.08,730,389.629,1246.83,1606.78,333,453.017,1333.12,1656.62,13.0661,42.1799,1767,61.402,202.801,290.273,138,136.954,305.294,434.399,3006,3006,6.002,0,0,0,0,0,0,0,0,17.7106,0,0,0,0,0,144,543,20.9607,0,11412,21.8593
b2_dynamic_t2048_r02,b2_dynamic_phase_mismatch,44,4.82788,132000,44,14,321.591,1790.7,1790.7,30,851.133,1240.27,1760.25,694,784.521,1165.49,1792.75,302,884.224,1556.13,1956.74,12.7318,55.6023,1793,62.186,220.422,335.616,167,138.499,324.755,397.139,3000,3000,6.002,0,0,0,0,0,0,0,0,17.7106,0,0,0,0,0,219,423,34.1121,0,11579,22.3601
b2_dynamic_t2048_r02,b2_dynamic_phase_mismatch,45,4.9328,135000,45,9,459.783,1971.32,1971.32,22,1010.81,1784.61,1812.1,718,412.088,1701.69,1987.83,286,406.28,1515.48,2173.48,12.2378,54.7361,1802,58.961,187.691,289.361,154,129.616,323.461,359.633,2991,2991,7.00201,0,0,0,0,0,0,0,0,17.7106,0,0,0,0,0,268,308,46.5278,0,11734,22.8597
b2_dynamic_t2048_r02,b2_dynamic_phase_mismatch,46,5.05012,138000,46,14,567.073,1558.05,1558.05,15,322,1293.21,1293.21,721,467.135,1501.33,2219.18,305,615.425,1973.63,2529.59,11.6852,65.6383,1811,62.529,187.648,252.767,147,124.629,245.764,315.034,3013,3013,8.00201,0,0,0,0,0,0,0,0,17.7106,0,0,0,0,0,346,243,58.7436,0,11881,23.3657
b2_dynamic_t2048_r02,b2_dynamic_phase_mismatch,47,5.17771,141000,47,8,87.66,1345.3,1345.3,29,354.915,2547.82,2695.77,761,543.368,1640.98,2629.89,263,1150.41,1798.85,2676.21,15.27,58.595,1795,63.708,192.022,296.04,140,133.206,279.446,352.014,2996,2996,8.00201,0,0,0,0,0,0,0,0,17.7106,0,0,0,0,0,336,240,58.3333,0,12021,23.8657
b2_dynamic_t2048_r02,b2_dynamic_phase_mismatch,48,5.31641,144000,48,13,367.016,2856.28,2856.28,28,1435.46,2420.75,2846.55,713,633.649,1853.84,2826.09,295,1406.41,2084.96,2949.36,13.5186,72.6055,1810,65.752,201.6,313.285,152,132.553,280.385,372.819,3011,3011,9.00202,0,0,0,0,0,0,0,0,17.7106,0,0,0,0,0,418,201,67.5283,0,12172,24.3695
b2_dynamic_t2048_r02,b2_dynamic_phase_mismatch,49,5.43848,147000,49,6,43.986,1630.71,1630.71,33,62.941,1739.64,2915.47,675,69.919,1796.52,3003.62,276,374.395,1885.19,3076.46,13.9891,61.918,1846,67.558,236.076,347.883,160,143.589,285.978,499.007,2996,2996,2.00197,1,0,0,0,0,0,1,0,17.7106,1,0,0,0,0,441,158,73.6227,0,12332,24.8824
b2_dynamic_t2048_r02,b2_dynamic_phase_mismatch,50,5.47906,150000,50,16,25.435,195.098,195.098,15,19.861,45.626,45.626,722,22.609,200.384,240.557,289,109.941,320.056,410.508,11.4394,12.7152,1808,71.425,248.468,344.401,144,169.719,357.426,433.211,2994,2994,2.00197,1,0,0,0,0,0,1,0,17.7106,0,0,0,0,0,431,122,77.9385,0,12474,28.6655
b2_dynamic_t2048_r02,b2_dynamic_phase_mismatch,51,5.52136,153000,51,13,36.502,317.446,317.446,24,40.663,295.198,345.584,699,61.98,300.093,388.471,323,168.65,372.256,477.04,12.4706,14.6382,1786,61.935,199.34,310.184,149,144.92,322.799,358.688,2994,2994,2.00197,1,0,0,0,0,0,1,0,17.7106,0,0,0,0,0,488,152,76.25,0,12625,31.2024
b2_dynamic_t2048_r02,b2_dynamic_phase_mismatch,52,5.56548,156000,52,17,59.941,381.385,381.385,19,54.332,484.549,484.549,711,174.076,389.386,493.67,300,242.157,529.038,689.992,13.98,18.1389,1821,49.922,153.548,226.64,136,117.698,236.621,258.587,3004,3004,2.00197,0,0,0,0,0,0,0,0,23.0432,0,0,0,5.33277,0,563,477,54.1346,0,12761,24.767
b2_dynamic_t2048_r02,b2_dynamic_phase_mismatch,53,5.616,159000,53,10,48.838,399.627,399.627,29,189.688,700.914,768.326,743,232.335,493.285,585.797,285,321.468,624.03,721.733,11.6772,26.2921,1790,50.057,162.7,236.122,146,119.862,234.188,316.297,3003,3003,3.00198,0,0,0,0,0,0,0,0,23.0432,0,0,0,0,0,570,367,60.8324,0,12907,25.263
b2_dynamic_t2048_r02,b2_dynamic_phase_mismatch,54,5.67933,162000,54,16,64.02,984.684,984.684,28,441.004,875.849,928.938,711,320.344,778.296,951.234,296,367.102,1009.2,1147.12,11.2669,34.4392,1795,56.421,183.331,253.331,144,123.254,283.365,317.178,2990,2990,3.00198,0,0,0,0,0,0,0,0,23.0432,0,0,0,0,0,716,241,74.8171,0,13052,25.7586
b2_dynamic_t2048_r02,b2_dynamic_phase_mismatch,55,5.75676,165000,55,11,27.806,1203.69,1203.69,39,368.034,922.888,1061.3,677,342.767,1076.05,1232.58,310,570.344,1304.44,1421.54,12.8194,41.4355,1805,63.497,191.303,298.329,157,134.808,269.021,389.166,2999,2999,4.00198,0,0,0,0,0,0,0,0,23.0432,0,0,0,0,0,798,217,78.6207,0,13208,26.262
b2_dynamic_t2048_r02,b2_dynamic_phase_mismatch,56,5.85105,168000,56,7,198.674,924.083,924.083,40,72.651,1325.53,1406.61,752,534.971,1239.72,1472.84,297,746.088,1442.14,1693.51,12.3973,51.2958,1739,66.122,208.624,295.258,165,135.19,281.853,399.035,3000,3000,5.00199,0,0,0,0,0,0,0,0,23.0432,0,0,0,0,0,805,168,82.7338,0,13375,26.7474
b2_dynamic_t2048_r02,b2_dynamic_phase_mismatch,57,5.95762,171000,57,11,925.683,1159.35,1159.35,25,904.533,1395.32,1699.19,702,647.588,1593.44,1731.78,314,656.563,1749.7,1940.3,11.7803,60.8148,1783,67.116,202.805,326.947,171,135.035,315.023,388.385,3006,3006,5.00199,0,0,0,0,0,0,0,0,23.0432,0,0,0,0,0,887,123,87.8218,0,13546,27.2423
b2_dynamic_t2048_r02,b2_dynamic_phase_mismatch,58,6.07298,174000,58,15,346.282,1705.32,1705.32,19,959.54,1602.52,1602.52,685,716.894,1848.16,1987.79,294,673.243,1963.93,2188.24,12.0544,61.4768,1827,66.39,195.252,292.018,151,133.47,295.813,397.189,2991,2991,6.002,0,0,0,0,0,0,0,0,23.0432,0,0,0,0,0,871,90,90.6348,0,13697,27.7494
b2_dynamic_t2048_r02,b2_dynamic_phase_mismatch,59,6.18093,177000,59,9,1080.55,1347.22,1347.22,21,469.853,1264.84,2058.68,700,362.298,1908.76,2167.09,303,529.674,1967.45,2199.59,11.8086,62.5508,1805,58.335,183.715,273.163,164,134.375,290.45,355.27,3002,3002,6.002,0,0,0,0,0,0,0,0,23.0432,0,0,0,0,0,892,98,90.101,0,13861,28.2544
b2_dynamic_t2048_r02,b2_dynamic_phase_mismatch,60,6.28756,180000,60,10,379.681,1405.09,1405.09,26,71.52,1488.52,1994.1,715,368.393,1534.57,2105.16,287,602.811,1618.6,2263.36,11.878,62.9478,1823,55.463,177.546,272.465,143,120.65,263.067,293.485,3004,3004,7.00201,0,0,0,0,0,0,0,0,23.0432,0,0,0,0,0,850,76,91.7927,0,14002,28.7626
b2_dynamic_t2048_r02,b2_dynamic_phase_mismatch,61,6.42521,183000,61,14,1377.67,1505.68,1505.68,23,1252.61,1684.63,2500.71,714,842.314,2410.19,2660.04,300,731.008,2592.77,2933.63,10.7033,85.274,1804,68.109,205.218,297.145,151,134.299,282.86,340.587,3006,3006,7.00201,0,0,0,0,0,0,0,0,23.0432,0,0,0,0,0,909,52,94.589,0,14154,29.2647
b2_dynamic_t2048_r02,b2_dynamic_phase_mismatch,62,6.5684,186000,62,5,24.919,1610.31,1610.31,23,1534.47,2829.95,2848.54,676,815.481,2761.41,2970.21,293,1111.13,2895.69,3106.12,11.9386,87.5796,1850,64.929,185.516,278.71,146,129.536,265.927,373.452,2993,2993,8.00201,0,0,0,0,0,0,0,0,23.0432,0,0,0,0,0,887,48,94.8663,0,14299,29.7796
b2_dynamic_t2048_r02,b2_dynamic_phase_mismatch,63,6.62779,189000,63,6,26.958,157.972,157.972,26,40.698,1648.15,1681.52,694,23.221,1634.38,2817.34,335,128.335,1817.71,3034.82,11.8,29.8027,1805,55.461,219.496,310.571,140,134.239,299.241,367.56,3006,3006,1.00196,1,0,0,0,0,0,1,0,23.0432,1,0,0,0,0,1006,49,95.3555,0,14438,32.2758
b2_dynamic_t2048_r02,b2_dynamic_phase_mismatch,64,6.66612,192000,64,9,21.058,247.315,247.315,25,49.454,297.413,323.268,769,29.723,240.664,285.354,294,131.466,359.433,426.041,13.1939,12.4288,1741,57.061,220.129,291.457,161,141.842,331.967,375.917,2999,2999,2.00197,1,0,0,0,0,0,1,0,23.0432,0,0,0,0,0,919,28,97.0433,0,14601,35.7562
b2_dynamic_t2048_r02,b2_dynamic_phase_mismatch,65,6.70597,195000,65,7,193.835,368.387,368.387,16,40.238,382.479,382.479,741,49.044,369.677,437.834,290,158.85,448.191,578.23,13.5172,15.0966,1790,51.215,174.191,266.205,151,126.539,312.153,415.923,2995,2995,3.00198,0,0,0,0,0,0,0,0,28.2706,0,0,0,5.22756,0,916,247,78.7618,0,14753,29.7488
b2_dynamic_t2048_r02,b2_dynamic_phase_mismatch,66,6.75332,198000,66,11,188.743,434.646,434.646,16,32.798,374.827,374.827,690,181.458,488.892,598.626,303,253.907,587.624,729.964,12.7789,23.0249,1828,48.297,151.612,230.719,155,109.439,223.604,235.628,3003,3003,3.00198,0,0,0,0,0,0,0,0,28.2706,0,0,0,0,0,1064,345,75.5145,0,14908,30.2562
b2_dynamic_t2048_r02,b2_dynamic_phase_mismatch,67,6.8053,201000,67,18,34.558,774.924,774.924,50,34.311,519.93,569.667,1117,18.794,533.47,751.331,454,167.361,645.174,877.464,10.8833,24.1948,1230,48.842,144.343,186.014,135,114.267,223.222,234.042,3004,3004,4.00198,0,0,0,0,0,0,0,0,28.2706,0,0,0,0,0,1721,301,85.1137,0,15041,30.5976
b2_dynamic_t2048_r02,b2_dynamic_phase_mismatch,68,6.87349,204000,68,22,28.715,331.777,339.029,54,38.026,614.473,722.652,1854,17.187,641.956,855.947,769,139.893,785.765,1005.7,11.2289,23.375,145,63.667,258.093,354.813,144,146.325,284.105,394.897,2988,2988,4.00198,0,0,0,0,0,0,0,0,28.2706,0,0,0,0,0,3177,307,91.1883,0,15187,30.6449
b2_dynamic_t2048_r02,b2_dynamic_phase_mismatch,69,6.96541,207000,69,25,34.717,830.444,941.043,63,35.408,920.658,1164.78,1896,18.087,824.404,1190.15,689,160.904,970.065,1274.39,10.5675,32.5258,154,63.611,294.181,347.592,176,135.248,338.595,432.869,3003,3003,4.00198,0,0,0,0,0,0,0,0,28.2706,0,0,0,0,0,2992,143,95.4386,0,15362,30.6974
b2_dynamic_t2048_r02,b2_dynamic_phase_mismatch,70,7.05341,210000,70,25,29.271,929.603,999.99,67,28.449,1024.17,1518.74,1904,14.667,969.079,1176.8,725,126.9,1124.68,1621,10.6855,28.9575,140,55.881,202.485,324.2,150,136.488,326.15,389.726,3011,3011,4.00198,0,0,0,0,0,0,0,0,28.2706,0,0,0,0,0,3156,85,97.3774,0,15511,30.7434
b2_dynamic_t2048_r02,b2_dynamic_phase_mismatch,71,7.16374,213000,71,20,34.931,1832.59,1832.59,74,37.026,1293.12,1981.02,1887,17.128,1116.22,1785.46,707,153.168,1308.33,1916.13,10.9717,38.0165,137,75.438,284.833,303.636,169,143.393,314.283,407.572,2994,2994,4.00198,0,0,0,0,0,0,0,0,28.2706,0,0,0,0,0,3151,52,98.3765,0,15681,30.7897
b2_dynamic_t2048_r02,b2_dynamic_phase_mismatch,72,7.29055,216000,72,27,38.235,1330.35,1374.28,67,36.403,1287.48,1943.59,1841,18.62,1270.31,2073.68,740,159.1,1410.69,2124.51,10.2432,44.0029,171,71.748,241.544,277.832,149,143.184,292.164,497.199,2995,2995,4.00198,0,0,0,0,0,0,0,0,28.2706,0,0,0,0,0,3327,32,99.0473,0,15829,30.8448
b2_dynamic_t2048_r02,b2_dynamic_phase_mismatch,73,7.43965,219000,73,29,30.467,1307.02,1362.74,69,37.385,1337.02,2274.31,1863,18.199,1427.45,2347.05,728,159.27,1580.73,2409.09,9.15385,58.9092,156,74.633,304.865,526.702,164,151.392,347.875,506.599,3009,3009,4.00198,0,0,0,0,0,0,0,0,28.2706,0,0,0,0,0,3256,15,99.5414,0,15994,30.8962
b2_dynamic_t2048_r02,b2_dynamic_phase_mismatch,74,7.58787,222000,74,18,34.274,2373.97,2373.97,72,39.129,1601.39,2407.47,1884,17.848,1529.21,2466.13,726,163.06,1680.52,2673.72,8.42424,65.5313,149,77.656,273.949,403.889,150,152.665,352.663,408.036,2999,2999,4.00198,0,0,0,0,0,0,0,0,28.2706,0,0,0,0,0,3237,11,99.6613,0,16144,30.945
b2_dynamic_t2048_r02,b2_dynamic_phase_mismatch,75,7.74761,225000,75,21,37.282,1554.05,1661.1,88,35.898,1732.55,2838.86,1822,17.917,1706.23,2827.4,762,159.372,1863.21,2974.05,10.1614,52.1322,171,76.34,307.868,392.396,130,150.738,377.181,415.353,2994,2994,4.00198,0,0,0,0,0,0,0,0,28.2706,0,0,0,0,0,3504,8,99.7722,0,16274,30.9989
b2_dynamic_t2048_r02,b2_dynamic_phase_mismatch,76,7.89521,228000,76,26,32.919,1748.69,2819.83,74,37.57,1731.93,2912.57,1881,17.523,1715.55,2749.19,751,158.25,1888.92,2965.56,9.71505,55.5806,158,75.024,288.432,1684.05,122,147.809,352.746,1305.19,3012,3012,2.00197,1,0,0,0,0,0,1,0,28.2706,1,0,0,0,0,3461,6,99.8269,0,16395,31.0489
b2_dynamic_t2048_r02,b2_dynamic_phase_mismatch,77,7.92931,231000,77,27,31.986,191.67,205.837,70,35.498,168.783,205.182,1854,19.249,149.633,191.915,766,149.53,305.167,373.081,9.31462,17.9954,137,61.771,255.811,322.755,142,146.365,311.3,350.879,2996,2996,2.00197,1,0,0,0,0,0,1,0,28.2706,0,0,0,0,0,3536,3,99.9152,0,16538,32.0942
b2_dynamic_t2048_r02,b2_dynamic_phase_mismatch,78,7.97296,234000,78,30,38.305,248.675,320.651,74,34.762,239.991,265.147,1842,19.518,241.761,285.258,758,159.612,395.067,459.074,8.72691,22.3631,139,49.705,214.362,410.297,154,133.592,354.779,437.998,2997,2997,2.00197,0,0,0,0,0,0,0,0,30.1402,0,0,0,1.86977,0,3475,119,96.6889,0,16689,30.3616
b2_dynamic_t2048_r02,b2_dynamic_phase_mismatch,79,8.03126,237000,79,21,38.965,337.939,368.378,65,35.802,348.119,407.974,1847,18.497,359.002,515.762,753,191.547,540.753,716.083,8.93891,27.9795,141,48.238,185.637,287.102,170,128.533,300.558,410.266,2997,2997,2.00197,0,0,0,0,0,0,0,0,30.1402,0,0,0,0,0,4003,288,93.2883,0,16861,30.4094
b2_dynamic_t2048_r02,b2_dynamic_phase_mismatch,80,8.09726,240000,80,38,33.637,482.167,604.758,68,33.304,432.191,477.787,1822,16.699,441.821,565.524,760,163.876,594.259,751.639,6.94079,36.6841,161,53.757,229.981,328.711,147,140.513,304.541,364.85,2996,2996,2.00197,0,0,0,0,0,0,0,0,30.1402,0,0,0,0,0,4148,46,98.9032,0,17010,30.4618
b2_dynamic_t2048_r02,b2_dynamic_phase_mismatch,81,8.17381,243000,81,22,29.8,554.001,738.731,66,32.765,536.774,605.594,1842,17.843,546.377,807.595,746,180.463,700.394,953.199,7.63673,39.7576,146,54.826,309.043,365.378,176,131.197,368.827,417.332,2998,2998,2.00197,0,0,0,0,0,0,0,0,30.1402,0,0,0,0,0,4223,7,99.8345,0,17185,30.5109
b2_dynamic_t2048_r02,b2_dynamic_phase_mismatch,82,8.2583,246000,82,23,34.386,799.732,1169.14,67,34.749,855.007,1364.73,1823,17.024,800.937,1197.51,792,165.4,1006.83,1444.81,8.11742,42.197,149,61.788,218.845,362.356,153,140.764,348.162,468.691,3007,3007,2.00197,0,0,0,0,0,0,0,0,30.1402,0,0,0,0,0,4490,7,99.8443,0,17339,30.5605
b2_dynamic_t2048_r02,b2_dynamic_phase_mismatch,83,8.35452,249000,83,25,36.247,939.197,1302.81,66,38.849,814.231,888.486,1853,16.273,912.61,1270.99,750,172.253,1058.8,1255.87,7.36267,50.6969,157,64.386,286.258,450.201,139,144.694,382.115,420.127,2990,2990,2.00197,0,0,0,0,0,0,0,0,30.1402,0,0,0,0,0,4250,2,99.953,0,17478,30.6105
b2_dynamic_t2048_r02,b2_dynamic_phase_mismatch,84,8.45795,252000,84,22,33.334,1053.51,1136.46,55,44.813,992.119,1773.91,1915,15.803,990.467,1174.84,730,177.495,1186.31,1709.53,7.49315,51.7867,149,66.573,207.199,290.851,138,136.277,300.898,344.397,3009,3009,2.00197,0,0,0,0,0,0,0,0,30.1402,0,0,0,0,0,4176,1,99.9761,0,17614,30.6592
b2_dynamic_t2048_r02,b2_dynamic_phase_mismatch,85,8.5927,255000,85,30,40.763,1103.68,1113.81,52,37.283,1159.89,2023.8,1813,18.671,1195.41,1825.24,794,194.772,1419.17,2064.68,7.48237,67.8639,143,66.076,219.028,305.829,164,145.127,328.996,416.119,2996,2996,2.00197,0,0,0,0,0,0,0,0,30.1402,0,0,0,0,0,4514,2,99.9557,0,17778,30.7074
b2_dynamic_t2048_r02,b2_dynamic_phase_mismatch,86,8.74372,258000,86,24,34.35,1434.23,1502.43,61,39.39,1187.46,1396.93,1843,17.755,1293.38,2000.93,805,203.161,1515.63,2302.61,6.35652,84.171,125,69.632,257.362,10921.3,149,144.175,324.752,10753,3007,3007,2.00197,0,0,0,0,0,0,0,0,30.1402,0,0,0,0,0,4556,1,99.9781,0,17929,30.75
b2_dynamic_t2048_r02,b2_dynamic_phase_mismatch,87,8.90779,261000,87,23,49.769,1267.23,1452.39,66,61.861,1412.4,2409.92,1840,19.406,1444.75,2341.56,748,277.47,1688.3,2472.19,6.91444,95.9994,161,70.705,179.428,352.353,161,150.484,303.515,372.702,2999,2999,2.00197,0,0,0,0,0,0,0,0,30.1402,0,0,0,0,0,4316,1,99.9768,0,18089,30.8028
b2_dynamic_t2048_r02,b2_dynamic_phase_mismatch,88,9.0934,264000,88,18,31.326,2564.9,2564.9,57,53.917,1572.23,2564.9,1845,19.595,1585.53,2632.08,760,237.137,1797.55,2821.85,6.48421,99.0405,153,75.86,230.804,368.162,159,152.635,318.231,367.183,2992,2992,2.00197,0,0,0,0,0,0,0,0,30.1402,0,0,0,0,0,4415,3,99.9321,0,18248,30.8534
b2_dynamic_t2048_r02,b2_dynamic_phase_mismatch,89,9.27422,267000,89,33,34.852,1571.66,1689.91,64,46.25,1632.76,2845.52,1863,18.839,1680.83,2786.58,738,224.097,1868.99,2148.83,6.37398,101.746,157,66.893,245.448,309.204,154,150.497,306.29,404.491,3009,3009,2.00197,0,0,0,0,0,0,0,0,30.1402,0,0,0,0,0,4272,1,99.9766,0,18402,30.905
b2_dynamic_t2048_r02,b2_dynamic_phase_mismatch,90,9.34345,270000,90,28,32.571,419.964,1827.59,59,41.898,1554.83,2970.84,1873,15.475,1553.65,1744.8,760,158.341,1648.65,1936.46,6.28816,41.9867,137,64.958,1266.27,1637.78,142,125.82,1210.92,1833.34,2999,2999,2.00197,1,0,0,0,0,0,1,0,30.1402,1,0,0,0,0,4499,1,99.9778,0,18543,30.9499
b2_dynamic_t2048_r02,b2_dynamic_phase_mismatch,91,9.37128,273000,91,28,17.341,242.43,1132.33,69,20.194,204.739,518.801,1877,10.795,143.241,304.807,740,109.197,268.772,437.697,6.20405,20.7697,141,34.473,363.105,744.678,141,74.575,628.661,845.048,2996,2996,2.00197,1,0,0,0,0,0,1,0,30.1402,0,0,0,0,0,4299,0,100,0,18686,30.996
b2_dynamic_t2048_r02,b2_dynamic_phase_mismatch,92,9.40365,276000,92,27,29.915,213.587,222.151,63,23.972,206.024,331.398,1872,10.535,202.688,285.454,750,127.463,337.663,478.451,5.26267,29.661,135,29.299,99.498,180.053,149,81.374,220.052,510.617,2996,2996,2.00197,0,0,0,0,0,12.9764,0,1,30.687,0,0.331965,0,0.54687,0,5284,213,96.1252,6363,18834,30.9424
b2_dynamic_t2048_r02,b2_dynamic_phase_mismatch,93,9.44811,279000,93,22,30.986,264.562,369.013,73,30.773,324.69,528.553,1856,13.856,288.431,358.692,770,154.974,421.755,558.882,5.97922,34.0867,145,38.418,131.385,188.608,140,92.188,184.521,237.562,3006,3006,2.00197,0,0,0,0,0,12.9764,0,1,30.687,0,1.57766,3,0,0,8060,401,95.2606,34131,18975,34.1275
b2_dynamic_t2048_r02,b2_dynamic_phase_mismatch,94,9.50084,282000,94,26,29.566,352.692,681.258,76,31.118,410.74,510.119,1869,14.527,389.495,445.668,750,178.863,559.963,739.316,5.37733,47.0293,153,42.421,133.545,179.929,126,105.42,247.756,286.549,3000,3000,2.00197,0,0,0,0,0,12.9764,0,1,30.687,0,1.48461,4,0,0,8417,406,95.3984,33951,19100,39.0388
b2_dynamic_t2048_r02,b2_dynamic_phase_mismatch,95,9.57038,285000,95,33,54.522,689.756,1015.65,75,56.272,605.666,990.338,1846,12.712,591.051,895.079,745,154.236,813.619,989.292,5.59732,47.7372,148,55.669,167.768,272.694,148,128.953,256.019,311.197,2995,2995,2.00197,0,0,0,0,0,0,0,0,8.13858,0,0.177378,1.13858,0,0,2413,546,81.5478,1985,19248,8.54419
b2_dynamic_t2048_r02,b2_dynamic_phase_mismatch,96,9.63944,288000,96,27,41.222,713.225,713.457,80,37.097,710.937,1234.12,1832,9.714,834.994,1190.1,751,84.539,955.443,1269.08,5.61518,44.9151,167,57.217,238.388,379.094,142,131.577,319.789,365.97,2999,2999,2.00197,0,0,0,0,0,0,0,0,8.13858,0,0,0,0,0,653,588,52.6189,0,19390,8.59763
b2_dynamic_t2048_r02,b2_dynamic_phase_mismatch,97,9.72537,291000,97,26,30.527,868.788,870.56,60,51.653,907.673,1423.86,1870,10.594,924.954,1445.18,732,73.88,1016.48,1545.02,4.68443,61.0018,156,73.789,331.519,527.744,155,149.788,398.74,470.218,2999,2999,2.00197,0,0,0,0,0,0,0,0,8.13858,0,0,0,0,0,853,298,74.1095,0,19545,8.64837
b2_dynamic_t2048_r02,b2_dynamic_phase_mismatch,98,9.81456,294000,98,29,37.478,946.292,1708.54,56,32.839,1001.05,1596.25,1871,10.514,1030.78,1570.03,742,70.652,1099.55,1295.13,4.86792,56.9829,164,67.304,350.697,454.983,141,159.907,403.5,486.936,3003,3003,2.00197,0,0,0,0,0,0,0,0,8.13858,0,0,0,0,0,1049,149,87.5626,0,19685,8.70048
b2_dynamic_t2048_r02,b2_dynamic_phase_mismatch,99,9.9184,297000,99,28,30.3,1179.99,1255.51,57,42.873,1098.33,1188.22,1832,11.351,1115.47,1219.12,772,73.101,1188.16,1302.37,5.18005,65.5816,160,72.569,312.13,402.982,148,152.883,365.538,415.213,2997,2997,2.00197,0,0,0,0,0,0,0,0,8.13858,0,0,0,0,0,1141,88,92.8397,0,19835,8.75305
b2_dynamic_t2048_r02,b2_dynamic_phase_mismatch,100,10.0365,300000,100,21,28.759,1104.15,1144.02,57,36.018,1231.73,1369.48,1867,11.309,1253.02,2096.44,744,72.344,1326.69,2087.36,4.55511,89.0927,142,73.864,312.678,443.074,165,147.368,353.378,453.944,2996,2996,2.00197,0,0,0,0,0,0,0,0,8.13858,0,0,0,0,0,1097,70,94.0017,0,20000,8.79928
b2_dynamic_t2048_r03,b2_dynamic_phase_mismatch,1,0.0329268,3000,1,30,23.872,101.657,131.408,62,20.596,100.098,121.426,1722,20.613,100.654,124.413,754,142.459,211.491,295.658,96.756,1.51169,127,14.85,60.837,74.596,315,37.329,104.364,189.349,3010,3010,1.00196,0,0,0,0,0,0,0,0,130.686,0,0,0,0,0,1746,6641,20.8179,0,315,130.812
b2_dynamic_t2048_r03,b2_dynamic_phase_mismatch,2,0.0680178,6000,2,35,18.019,208.503,230.441,63,62.485,220.362,244.99,1686,57.213,196.235,233.074,752,147.668,284.603,340.253,92.5266,1.73164,153,14.37,61.355,70.594,303,37.684,83.056,136.944,2992,2992,1.00196,0,0,0,0,0,0,0,0,130.686,0,0,0,0,0,3117,5021,38.3018,0,617,130.87
b2_dynamic_t2048_r03,b2_dynamic_phase_mismatch,3,0.118091,9000,3,28,176.95,381.141,388.866,69,148.499,298.545,331.396,1743,77.329,319.813,380.541,738,180.462,424.206,484.023,84.9133,2.43174,144,17.703,73.283,103.911,292,45.93,101.334,128.738,3014,3014,1.00196,0,0,0,0,0,0,0,0,130.686,0,0,0,0,0,3858,3777,50.5305,0,909,130.925
b2_dynamic_t2048_r03,b2_dynamic_phase_mismatch,4,0.219567,12000,4,33,57.749,790.565,880.698,49,35.978,702.778,890.93,1711,160.544,780.809,1000.44,773,251.25,933.521,1117.51,79.5873,4.75661,139,32.96,151.465,213.469,286,72.5,159.407,249.287,2991,2991,1.00196,0,0,0,0,0,0,0,0,130.686,0,0,0,0,0,4660,2960,61.1549,0,1195,130.978
b2_dynamic_t2048_r03,b2_dynamic_phase_mismatch,5,0.391027,15000,5,21,36.358,1025.22,1064.14,57,44.311,1414.33,1527.96,1717,198.354,1143.48,1934.07,752,350.907,1325.71,2203.34,76.0199,8.15461,136,47.372,174.743,262.342,318,105.015,228.587,302.539,3001,3001,1.00196,0,0,0,0,0,0,0,0,130.686,0,0,0,0,0,5028,2255,69.0375,0,1511,131.032
b2_dynamic_t2048_r03,b2_dynamic_phase_mismatch,6,0.619597,18000,6,21,44.782,1656.66,1818.4,70,440.074,1609.48,1849.52,1672,397.551,1577.33,1728.48,758,520.098,1759.46,1911.57,70.343,11.3867,160,57.808,155.273,250.62,325,110.514,218.697,309.94,3006,3006,2.00197,0,0,0,0,0,0,0,0,130.686,0,0,0,0,0,5415,1688,76.2354,0,1836,131.093
b2_dynamic_t2048_r03,b2_dynamic_phase_mismatch,7,0.806694,21000,7,24,18.948,1629.03,1753.66,49,25.987,1639.97,1743.43,1737,32.527,1734.73,1961.05,767,206.114,1900.96,2167.06,66.9244,9.66636,137,52.377,317.341,2309.87,286,112.653,357.332,2659.05,3000,3000,1.00196,1,0,0,0,0,0,1,0,130.686,1,0,0,0,0,5638,1329,80.9244,0,2120,131.146
b2_dynamic_t2048_r03,b2_dynamic_phase_mismatch,8,0.859407,24000,8,19,67.125,266.638,266.638,72,30.221,270.526,342.207,1732,73.887,274.725,337.714,721,218.579,444.686,503.407,64.1623,3.75848,153,40.886,216.223,365.018,292,102.289,255.747,337.175,2989,2989,1.00196,0,0,0,0,0,131.018,0,1,131.018,0,2.23591,5,0.332693,0,7852,1662,82.531,12724,2417,136.983
b2_dynamic_t2048_r03,b2_dynamic_phase_mismatch,9,0.934797,27000,9,24,35.08,465.653,467.695,58,196.806,453.231,485.132,1726,166.818,433.187,475.186,738,253.28,561.296,633.936,61.0339,4.86077,147,41.094,242.752,324.792,316,93.575,261.694,309.265,3009,3009,1.00196,0,0,0,0,0,131.018,0,1,131.018,0,5.11609,15,0,0,10427,2124,83.077,25816,2729,151.223
b2_dynamic_t2048_r03,b2_dynamic_phase_mismatch,10,1.03246,30000,10,24,270.575,585.177,645.661,59,150.313,623.883,681.132,1727,114.869,645.337,719.336,717,292.967,781.652,870.104,55.9596,6.69119,160,42.675,190.522,265.03,310,92.365,235.772,279.59,2997,2997,1.00196,0,0,0,0,0,131.018,0,1,131.018,0,6.25567,18,0,0,11890,2177,84.5241,36424,3042,170.283
b2_dynamic_t2048_r03,b2_dynamic_phase_mismatch,11,1.16071,33000,11,18,664.925,812.706,812.706,62,192.459,874.863,903.697,1677,205.055,862.069,926.654,753,261.837,998.382,1082.3,53.409,8.42367,169,42.195,191.215,300.869,317,98.317,271.548,322.737,2996,2996,2.00197,0,0,0,0,0,131.018,0,1,131.018,0,7.83415,25,0,0,13953,2541,84.5944,47630,3358,194.346
b2_dynamic_t2048_r03,b2_dynamic_phase_mismatch,12,1.33179,36000,12,23,31.551,1069.99,1079.77,73,192.531,1159.65,1686.56,1694,188.006,1120.41,1409.38,762,337.703,1281.88,1610.02,54.6745,11.2715,151,51.878,167.873,279.231,304,103.817,258.87,322.179,3007,3007,2.00197,0,0,0,0,0,131.018,0,1,131.018,0,6.741,22.7378,0,0,13646,2121,86.5479,44797,3662,218.347
b2_dynamic_t2048_r03,b2_dynamic_phase_mismatch,13,1.58091,39000,13,29,34.75,1723.2,1869.94,65,395.822,1802.45,2698.03,1735,74.116,1791.63,2466.07,729,280.33,1944.07,2599.16,46.6214,17.4046,143,58.993,187.685,273.568,290,115.907,284.18,334.891,2991,2991,2.00197,0,0,0,0,0,0,0,0,86.942,0,0.999233,1.20414,0,0,650,3654,15.1022,0,3954,87.3878
b2_dynamic_t2048_r03,b2_dynamic_phase_mismatch,14,1.73066,42000,14,25,62.912,1467.44,1658.91,57,35.207,1645.1,2564.43,1703,39.143,1957.32,2672.36,756,185.659,2066.6,2892.7,42.4868,12.5574,156,63.392,280.514,608.093,311,118.99,299.378,375.578,3008,3008,2.00197,1,0,0,0,0,0,1,0,86.942,1,0,0,0,0,1406,2819,33.2781,0,4261,87.7936
b2_dynamic_t2048_r03,b2_dynamic_phase_mismatch,15,1.78615,45000,15,20,179.981,307.584,307.584,56,139.993,309.99,419.859,1687,111.029,288.639,323.906,750,226.595,432.025,506.349,40.408,5.71515,167,40.455,190.142,320.118,317,96.429,259.742,392.131,2997,2997,2.00197,0,0,0,0,0,0,0,0,87.2891,0,0,0,0.347304,0,2580,2160,54.4304,0,4580,87.4734
b2_dynamic_t2048_r03,b2_dynamic_phase_mismatch,16,1.87569,48000,16,21,327.944,811.658,839.309,53,40.783,709.924,857.337,1719,173.494,705.291,834.524,748,287.908,802.357,983.467,40.0749,8.31162,151,38.738,166.574,256.859,316,100.003,238.723,327.563,3008,3008,2.00197,0,0,0,0,0,0,0,0,87.2891,0,0,0,0,0,3227,1572,67.2432,0,4896,87.5311
b2_dynamic_t2048_r03,b2_dynamic_phase_mismatch,17,1.98131,51000,17,15,42.222,730.263,730.263,59,151.529,729.714,734.047,1715,44.718,733.844,802.893,756,259.586,868.226,992.1,36.2778,10.5972,147,48.73,205.147,265.915,298,104.859,256.141,305.641,2990,2990,2.00197,0,0,0,0,0,0,0,0,87.2891,0,0,0,0,0,3410,1268,72.8944,0,5195,87.5869
b2_dynamic_t2048_r03,b2_dynamic_phase_mismatch,18,2.13035,54000,18,21,20.365,990.203,1043.8,58,357.246,1000.46,1130.12,1709,238.529,989.673,1064.11,755,375.814,1128.91,1212.62,33.8874,15.333,147,51.121,197.047,283.573,310,103.09,260.167,419.31,3000,3000,2.00197,0,0,0,0,0,0,0,0,87.2891,0,0,0,0,0,3758,924,80.2648,0,5505,87.6437
b2_dynamic_t2048_r03,b2_dynamic_phase_mismatch,19,2.32635,57000,19,31,997.274,1491.27,1670.07,48,991.082,1450.58,1622.41,1753,193.37,1460.08,1716.65,726,382.842,1654.1,1919.48,31.9421,21.9237,149,55.791,181.316,324.34,289,113.242,297.198,524.87,2996,2996,2.00197,0,0,0,0,0,0,0,0,87.2891,0,0,0,0,0,3713,720,83.7582,0,5795,87.6991
b2_dynamic_t2048_r03,b2_dynamic_phase_mismatch,20,2.57382,60000,20,25,39.933,1614.78,1759.06,64,54.872,1721.23,2124.3,1731,232.464,1683.15,1874.62,748,407.743,1855.81,2011.83,29.8717,28.5604,148,61.921,184.597,325.195,284,121.024,265.051,308.515,3000,3000,2.00197,0,0,0,0,0,0,0,0,87.2891,0,0,0,0,0,3933,563,87.4778,0,6079,87.7552
b2_dynamic_t2048_r03,b2_dynamic_phase_mismatch,21,2.6539,63000,21,25,99.756,1532.41,1870.79,89,43.483,1646.4,1840.83,1695,40.163,1569.9,1791.7,739,168.922,1690.03,1951.16,27.8606,10.3833,148,62.408,359.244,2407.67,319,134.611,375.813,2641.6,3015,3015,2.00197,1,0,0,0,0,0,1,0,87.2891,1,0,0,0,0,3757,468,88.9231,0,6397,88.1611
b2_dynamic_t2048_r03,b2_dynamic_phase_mismatch,22,2.71586,66000,22,27,30.48,340.983,352.418,53,143.076,337.244,366.638,1738,122.619,331.408,363.221,754,244.136,481.443,546.899,26.6817,9.38381,131,44.097,185.638,290.781,285,103.749,297.409,372.001,2988,2988,2.00197,0,0,0,0,0,0,0,0,87.6394,0,0,0,0.350368,0,4713,422,91.7819,0,6682,87.831
b2_dynamic_t2048_r03,b2_dynamic_phase_mismatch,23,2.79802,69000,23,16,16.159,494.535,494.535,68,127.474,553.791,579.558,1767,62.251,520.434,551.365,715,230.54,640.669,715.029,26.0308,11.882,147,42.878,183.213,285.164,288,106.43,312.318,483.512,3001,3001,2.00197,0,0,0,0,0,0,0,0,87.6394,0,0,0,0,0,4634,223,95.4087,0,6969,87.8859
b2_dynamic_t2048_r03,b2_dynamic_phase_mismatch,24,2.91206,72000,24,19,17.059,686.886,686.886,58,56.721,757.942,879.96,1726,141.3,756.654,843.912,744,325.876,906.247,1015.87,24.5887,17.4633,157,50.365,229.541,293.038,302,105.324,277.612,333.899,3006,3006,2.00197,0,0,0,0,0,0,0,0,87.6394,0,0,0,0,0,4748,231,95.3605,0,7272,87.9445
b2_dynamic_t2048_r03,b2_dynamic_phase_mismatch,25,3.05691,75000,25,25,18.227,977.368,1013.04,59,218.207,972.85,1010.08,1717,111.543,973.363,1031.34,747,312.452,1113.63,1203.11,22.4659,23.1066,145,59.118,299.757,376.638,309,106.727,340.05,408.263,3002,3002,2.00197,0,0,0,0,0,0,0,0,87.6394,0,0,0,0,0,4769,196,96.0524,0,7579,88
b2_dynamic_t2048_r03,b2_dynamic_phase_mismatch,26,3.23732,78000,26,26,233.049,1327.65,1474.12,63,27.132,1354.91,1485.28,1676,102.373,1354.34,1560.5,778,326.003,1512.22,1700.91,22.2853,28.9362,169,57.047,197.825,306.83,278,112.447,259.065,330.457,2990,2990,2.00197,0,0,0,0,0,0,0,0,87.6394,0,0,0,0,0,5073,163,96.8869,0,7860,88.0614
b2_dynamic_t2048_r03,b2_dynamic_phase_mismatch,27,3.46596,81000,27,24,1339.99,1564.49,1624.95,65,255.96,1657.49,1817.73,1710,51.961,1666.63,1784.69,749,295.906,1830.11,2017.74,21.2523,36.9858,162,67.714,220.633,323.49,294,123.074,303.109,362.078,3004,3004,2.00197,0,0,0,0,0,0,0,0,87.6394,0,0,0,0,0,4969,187,96.3732,0,8153,88.1207
b2_dynamic_t2048_r03,b2_dynamic_phase_mismatch,28,3.53764,84000,28,24,19.269,193.287,1567.95,55,67.489,192.227,1567.04,1695,30.355,1456.03,1693.55,755,166.918,1669.11,1901.3,20.3616,13.6176,152,82.196,371.745,669.201,320,151.057,457.589,540.399,3001,3001,1.00196,1,0,0,0,0,0,1,0,87.6394,1,0,0,0,0,4938,119,97.6468,0,8473,88.5331
b2_dynamic_t2048_r03,b2_dynamic_phase_mismatch,29,3.60133,87000,29,19,106.954,329.954,329.954,66,60.623,325.751,365.718,1724,139.953,351.596,382.567,746,242.774,472.085,525.057,18.4933,13.3934,159,47.226,238.916,335.928,287,108.615,313.619,437.129,3001,3001,1.00196,0,0,0,0,0,0,0,0,87.9946,0,0,0,0.35536,0,5532,155,97.2745,0,8760,88.2014
b2_dynamic_t2048_r03,b2_dynamic_phase_mismatch,30,3.68895,90000,30,22,19.701,429.431,540.869,60,28.224,537.848,554.427,1702,143.091,538.18,604.711,773,236.819,649.92,756.138,17.586,18.113,152,46.321,250.744,355.91,286,103.44,309.928,390.653,2995,2995,1.00196,0,0,0,0,0,0,0,0,87.9946,0,0,0,0,0,5675,91,98.4218,0,9046,88.2571
b2_dynamic_t2048_r03,b2_dynamic_phase_mismatch,31,3.80742,93000,31,25,26.729,721.774,763.854,53,160.396,796.541,873.792,1698,152.328,767.138,842.41,773,284.099,902.504,1022.02,15.6429,27.2568,156,49.111,253.62,432.499,293,102.067,281.136,412.357,2998,2998,1.00196,0,0,0,0,0,0,0,0,87.9946,0,0,0,0,0,5715,84,98.5515,0,9339,88.3148
b2_dynamic_t2048_r03,b2_dynamic_phase_mismatch,32,3.94128,96000,32,16,805.966,944.328,944.328,57,25.793,992.303,1025.42,1795,27.227,948.562,1010.24,715,268.252,1086.14,1169.23,14.9748,33.2289,154,51.729,212.033,286.327,267,106.119,266.719,309.405,3004,3004,1.00196,0,0,0,0,0,0,0,0,87.9946,0,0,0,0,0,5233,55,98.9599,0,9606,88.3708
b2_dynamic_t2048_r03,b2_dynamic_phase_mismatch,33,4.12438,99000,33,25,1103.94,1484.62,1567.29,51,93.863,1195.08,1506.61,1665,203.864,1326.3,1510.1,824,304.713,1448.53,1679.82,14,43.2249,130,57.867,252.462,291.798,303,116.682,305.768,353.999,2998,2998,1.00196,0,0,0,0,0,0,0,0,87.9946,0,0,0,0,0,6016,70,98.8498,0,9909,88.422
b2_dynamic_t2048_r03,b2_dynamic_phase_mismatch,34,4.28049,102000,34,18,39.618,1545.03,1545.03,34,33.422,1581.53,1599.17,1048,389.557,1538.45,1635.29,475,502.333,1714.76,1859.64,12.3895,64.7924,1242,51.973,147.163,221.116,196,119.074,261.432,356.35,3013,3013,1.00196,0,0,0,0,0,0,0,0,87.9946,0,0,0,0,0,3422,43,98.759,0,10106,88.7763
b2_dynamic_t2048_r03,b2_dynamic_phase_mismatch,35,4.40105,105000,35,8,513.523,1611.53,1611.53,23,1482.79,1685.34,1692.63,696,318.251,1653.84,1792.95,312,551.881,1850.73,1944.9,14.0577,62.5855,1816,53.229,171.998,320.506,151,112.136,233.599,303.38,3006,3006,1.00196,1,0,0,0,0,0,1,0,87.9946,1,0,0,0,0,2085,26,98.7684,0,10257,89.2853
b2_dynamic_t2048_r03,b2_dynamic_phase_mismatch,36,4.43062,108000,36,11,16.407,117.978,117.978,17,54.813,135.094,135.094,714,17.193,124.534,145.949,291,135.536,255.925,288.805,12.5155,11.5556,1817,50.706,165.48,240.201,144,111.207,225.819,302.886,2994,2994,1.00196,1,0,0,0,0,0,1,0,87.9946,0,0,0,0,0,1935,21,98.9264,0,10399,89.7807
b2_dynamic_t2048_r03,b2_dynamic_phase_mismatch,37,4.46521,111000,37,8,34.283,235.883,235.883,23,127.557,223.117,252.735,759,104.558,212.718,238.334,290,191.823,364.591,438.074,12.3862,16.1862,1767,45.086,137.861,209.709,142,104.893,197.592,274.05,2989,2989,2.00197,0,0,0,0,0,2.07956,0,1,89.0215,0,0,0,1.02707,0,2112,139,93.825,0,10543,90.1728
b2_dynamic_t2048_r03,b2_dynamic_phase_mismatch,38,4.5052,114000,38,11,172.335,290.951,290.951,25,189.714,304.857,322.019,773,148.043,301.145,325.089,302,248.287,449.969,480.178,14.1987,17.8972,1751,43.954,125.926,235.592,148,99.859,209.862,317.324,3010,3010,2.00197,0,0,0,0,0,2.07956,0,1,89.0215,0,3.75596,2,0,0,4504,1140,79.8016,39468,10689,93.6561
b2_dynamic_t2048_r03,b2_dynamic_phase_mismatch,39,4.55322,117000,39,11,266.375,416.169,416.169,22,35.191,410.072,422.327,718,237.076,403.84,426.027,322,366.287,518.569,562.362,13.1925,23.7472,1780,42.571,142.857,235.101,151,104.713,218.636,255.632,3004,3004,3.00198,0,0,0,0,0,2.07956,0,1,89.0215,0,5.81569,4,0,0,5583,1544,78.3359,58437,10841,97.1517
b2_dynamic_t2048_r03,b2_dynamic_phase_mismatch,40,4.60893,120000,40,11,403.548,736.301,736.301,26,42.878,480.853,492.229,714,270.357,568.819,818.839,304,407.868,760.29,1106.88,13.6546,26.8022,1831,43.738,141.862,253.406,124,112.151,233.903,1627.81,3010,3010,3.00198,0,0,0,0,0,2.07956,0,1,89.0215,0,5.55858,4,0,0,5666,1423,79.9266,58340,10962,101.66
b2_dynamic_t2048_r03,b2_dynamic_phase_mismatch,41,4.67785,123000,41,12,539.286,1001.72,1001.72,22,355.873,635.167,664.281,691,386.822,888.402,1073.67,280,454.506,1085.75,1256.16,12.8964,35.6008,1803,50.248,168.102,231.493,169,116.639,217.793,301.645,2977,2977,4.00198,0,0,0,0,0,2.07956,0,1,89.0215,0,5.36108,3,0,0,5884,1586,78.7684,57124,11132,106.163
b2_dynamic_t2048_r03,b2_dynamic_phase_mismatch,42,4.74992,126000,42,11,236.177,843.864,843.864,18,457.239,1281.16,1281.16,701,363.664,908.75,1276.51,278,516.067,1107.77,1573.22,14.1187,36.4763,1843,49.84,169.592,249.779,140,117.679,275.771,322.512,2991,2991,4.00198,0,0,0,0,0,2.07956,0,1,89.0215,0,4.88411,4,0,0,4821,1085,81.6289,53414,11275,109.673
b2_dynamic_t2048_r03,b2_dynamic_phase_mismatch,43,4.83575,129000,43,12,344.235,1442.09,1442.09,26,531.341,1410.73,1591.24,732,83.687,1267.07,1519.44,334,343.792,1339.49,1694.89,13.0329,39.4921,1771,51.03,155.858,256.24,138,113.944,256.184,374.746,3013,3013,5.00199,0,0,0,0,0,0,0,0,17.7106,0,0.220605,0.710552,0,0,648,471,57.9088,99,11412,21.8612
b2_dynamic_t2048_r03,b2_dynamic_phase_mismatch,44,4.93981,132000,44,14,68.265,1852.1,1852.1,30,492.347,1653.8,1772.34,695,481.48,1706.92,1828.86,303,692.592,1822.45,1934.83,12.7096,55.8952,1796,59.409,195.63,310.02,168,136.433,291.723,454.842,3006,3006,5.00199,0,0,0,0,0,0,0,0,17.7106,0,0,0,0,0,160,482,24.9221,0,11579,22.3639
b2_dynamic_t2048_r03,b2_dynamic_phase_mismatch,45,5.05406,135000,45,9,1109.99,1297.6,1297.6,22,753.278,1278.5,1290.58,718,907.851,1270.1,1996.9,285,942.635,1404.87,2086.65,12.2596,60.3233,1796,59.986,207.422,298.037,153,128.138,281.933,373.536,2983,2983,6.002,0,0,0,0,0,0,0,0,17.7106,0,0,0,0,0,224,352,38.8889,0,11734,22.8621
b2_dynamic_t2048_r03,b2_dynamic_phase_mismatch,46,5.17106,138000,46,14,1157.26,1613.82,1613.82,15,1183.26,2296.42,2296.42,720,552.185,1609.62,2285.89,303,707.878,2244.49,2432.44,11.7492,68.2204,1809,63.215,185.474,255.96,147,131.569,250.883,374.537,3008,3008,7.00201,0,0,0,0,0,0,0,0,17.7106,0,0,0,0,0,316,270,53.9249,0,11881,23.3675
b2_dynamic_t2048_r03,b2_dynamic_phase_mismatch,47,5.29659,141000,47,8,77.565,1309.84,1309.84,30,332.695,1499.04,1554.1,763,908.569,1582.7,2437.08,266,984.983,1641.65,2496.1,15.1429,54.668,1802,63.857,209.589,294.418,140,132.423,272.494,364.514,3009,3009,7.00201,0,0,0,0,0,0,0,0,17.7106,0,0,0,0,0,324,258,55.6701,0,12021,23.8691
b2_dynamic_t2048_r03,b2_dynamic_phase_mismatch,48,5.43495,144000,48,13,854.867,1606.15,1606.15,27,1206.13,1679.02,2299.97,711,507.243,2586.43,2780.46,294,1236.09,2734.48,2917.63,13.5374,72.3085,1805,62.466,196.459,286.426,152,132.029,283.401,323.446,3002,3002,8.00201,0,0,0,0,0,0,0,0,17.7106,0,0,0,0,0,394,221,64.065,0,12172,24.3727
b2_dynamic_t2048_r03,b2_dynamic_phase_mismatch,49,5.56036,147000,49,6,89.194,2398.44,2398.44,33,40.964,1627.86,1736.43,674,57.457,2053.78,3118.67,276,380.203,2986.8,3160.2,13.9891,65.1066,1844,69.073,229.996,364.288,160,146.795,323.728,419.247,2993,2993,1.00196,1,0,0,0,0,0,1,0,17.7106,1,0,0,0,0,427,172,71.2855,0,12332,25.1736
b2_dynamic_t2048_r03,b2_dynamic_phase_mismatch,50,5.59896,150000,50,16,28.217,210.264,210.264,15,18.068,101.203,101.203,722,22.488,187.515,222.345,290,113.506,303.368,383.09,11.4138,12.2551,1812,67.824,252.081,319.776,144,152.264,371.852,469.366,2999,2999,1.00196,1,0,0,0,0,0,1,0,17.7106,0,0,0,0,0,414,142,74.4604,0,12473,30.3792
b2_dynamic_t2048_r03,b2_dynamic_phase_mismatch,51,5.64312,153000,51,13,176.643,326.568,326.568,24,77.612,289.752,338.725,699,82.41,296.694,348.085,322,195.383,422.853,491.803,12.4969,16.7115,1781,60.561,206.564,347.034,148,151.269,325.304,450.782,2987,2987,2.00197,0,0,0,0,0,0,0,0,23.0432,0,0,0,5.33277,0,487,327,59.828,0,12625,24.263
b2_dynamic_t2048_r03,b2_dynamic_phase_mismatch,52,5.69043,156000,52,17,175.398,457.078,457.078,20,62.715,470.919,470.919,712,190.899,409.673,495.677,301,274.742,544.483,632.696,13.9535,19.4425,1827,55.952,168.816,254,137,128.615,262.118,319.097,3014,3014,2.00197,0,0,0,0,0,0,0,0,23.0432,0,0,0,0,0,611,453,57.4248,0,12761,24.7669
b2_dynamic_t2048_r03,b2_dynamic_phase_mismatch,53,5.74205,159000,53,10,247.322,526.291,526.291,28,204.996,447.724,538.46,742,240.957,489.081,565.034,284,349.993,588.608,697.99,11.6972,26.7658,1789,50.931,173.801,258.367,146,121.441,262.305,374.263,2999,2999,3.00198,0,0,0,0,0,0,0,0,23.0432,0,0,0,0,0,594,339,63.6656,0,12907,25.2629
b2_dynamic_t2048_r03,b2_dynamic_phase_mismatch,54,5.79943,162000,54,16,32.717,760.866,760.866,28,384.648,530.337,620.988,711,201.448,700.601,944.975,296,348.563,724.145,946.806,11.2703,31.2436,1793,53.126,169.092,241.383,144,109.478,214.603,251.966,2988,2988,4.00198,0,0,0,0,0,0,0,0,23.0432,0,0,0,0,0,735,221,76.8828,0,13052,25.7594
b2_dynamic_t2048_r03,b2_dynamic_phase_mismatch,55,5.86207,165000,55,11,11.444,697.649,697.649,39,156.537,1003.73,1082.71,677,138.371,912.744,1180.96,310,228.394,1063.6,1327.09,12.8194,31.5464,1805,50.19,186.013,272.294,159,121.336,264.237,322.828,3001,3001,4.00198,0,0,0,0,0,0,0,0,23.0432,0,0,0,0,0,812,204,79.9213,0,13208,26.2634
b2_dynamic_t2048_r03,b2_dynamic_phase_mismatch,56,5.94675,168000,56,7,498.551,1443.63,1443.63,40,130.255,1410.02,1482.3,754,416.32,1241.2,1396.47,298,601.007,1302.61,1588.9,12.3624,45.3244,1741,52.674,191.681,288.597,164,125.459,288.706,479.278,3004,3004,5.00199,0,0,0,0,0,0,0,0,23.0432,0,0,0,0,0,822,151,84.481,0,13375,26.7509
b2_dynamic_t2048_r03,b2_dynamic_phase_mismatch,57,6.04995,171000,57,11,928.138,1527.22,1527.22,25,778.183,1065.99,1628.69,699,702.66,1030.35,1620.99,312,821.503,1196.51,1810.79,11.8397,55.3389,1779,57.689,197.432,293.008,171,131.953,274.673,410.752,2997,2997,5.00199,0,0,0,0,0,0,0,0,23.0432,0,0,0,0,0,887,121,87.996,0,13546,27.247
b2_dynamic_t2048_r03,b2_dynamic_phase_mismatch,58,6.14766,174000,58,15,303.549,1116.14,1116.14,19,398.482,1102.91,1102.91,687,585.19,1205.57,1905.06,295,774.098,1343.09,2194.8,12.0237,55.6352,1828,56.459,184.906,289.546,151,130.791,265.526,328.503,2995,2995,6.002,0,0,0,0,0,0,0,0,23.0432,0,0,0,0,0,867,96,90.0312,0,13697,27.7553
b2_dynamic_t2048_r03,b2_dynamic_phase_mismatch,59,6.27111,177000,59,9,511.355,1228.94,1228.94,21,1092.18,1340.57,1999,699,1045.77,1989.87,2146.66,303,1108.24,2090.32,2343.51,11.8086,71.4407,1804,56.261,188.763,289.691,164,131.666,277.176,376.313,3000,3000,7.00201,0,0,0,0,0,0,0,0,23.0432,0,0,0,0,0,896,94,90.5051,0,13861,28.2619
b2_dynamic_t2048_r03,b2_dynamic_phase_mismatch,60,6.39888,180000,60,10,1258.38,1300.16,1300.16,26,255.855,1487.01,2260.54,716,771.014,2270.62,2480.93,288,1215.87,2260.6,2540.86,12.184,72.8999,1824,62.87,204.94,289.633,143,142.221,281.919,319.111,3007,3007,7.00201,0,0,0,0,0,0,0,0,23.0432,0,0,0,0,0,850,82,91.2017,0,14001,28.7682
b2_dynamic_t2048_r03,b2_dynamic_phase_mismatch,61,6.537,183000,61,14,1353.7,2546.5,2546.5,23,71.15,2312.96,2497.91,712,1058.8,2281.45,2642.7,299,1150.43,2432.67,2876.65,10.4047,91.3014,1802,65.337,193.32,309.045,151,137.338,281.265,333.031,3001,3001,8.00201,0,0,0,0,0,0,0,0,23.0432,0,0,0,0,0,901,53,94.4444,0,14154,29.2706
b2_dynamic_t2048_r03,b2_dynamic_phase_mismatch,62,6.68083,186000,62,5,38.983,1583.5,1583.5,23,1473.55,1867.34,2652.68,678,1328.68,2595.97,2875.58,293,1314.31,1969.74,3002.2,11.9386,82.3272,1852,67.067,206.11,307.43,146,137.494,302.699,394.946,2997,2997,8.00201,0,0,0,0,0,0,0,0,23.0432,0,0,0,0,0,889,47,94.9786,0,14299,29.785
b2_dynamic_t2048_r03,b2_dynamic_phase_mismatch,63,6.75181,189000,63,6,36.987,130.798,130.798,26,42.892,1807.63,2857.15,691,25.161,1697.79,2808.27,335,137.173,1801.52,2977.06,11.8,31.3279,1806,73.484,246.253,338.794,140,163.332,310.79,426.278,3004,3004,2.00197,1,0,0,0,0,0,1,0,23.0432,1,0,0,0,0,1009,48,95.4588,0,14438,33.2807
b2_dynamic_t2048_r03,b2_dynamic_phase_mismatch,64,6.79271,192000,64,9,18.888,320.972,320.972,25,79.152,276.88,282.278,771,55.297,241.992,296.829,294,144.79,327.693,392.262,13.1939,13.3855,1737,66.902,201.337,287.669,161,135.913,290.954,458.141,2997,2997,2.00197,1,0,0,0,0,0,1,0,23.0432,0,0,0,0,0,913,29,96.9214,0,14601,35.9876
b2_dynamic_t2048_r03,b2_dynamic_phase_mismatch,65,6.83627,195000,65,7,140.324,251.555,251.555,16,47.105,336.923,336.923,742,163.039,356.436,424.096,293,232.668,472.08,570.978,13.7782,18.05,1801,52.672,170.822,252.06,151,121.874,275.996,417.232,3010,3010,3.00198,0,0,0,0,0,0,0,0,28.2711,0,0,0,5.2281,0,942,339,73.5363,0,14753,29.7527
b2_dynamic_t2048_r03,b2_dynamic_phase_mismatch,66,6.88691,198000,66,11,66.975,419.033,419.033,16,52.691,477.732,477.732,690,252.539,473.665,571.499,299,360.687,583.445,670.536,12.5585,26.8257,1821,48.376,148.567,225.195,155,108.975,225.768,303.839,2992,2992,3.00198,0,0,0,0,0,0,0,0,28.2711,0,0,0,0,0,1090,321,77.2502,0,14908,30.2586
b2_dynamic_t2048_r03,b2_dynamic_phase_mismatch,67,6.94679,201000,67,18,37.463,892.527,892.527,50,33.467,623.385,1060.54,1118,21.498,574.075,829.898,454,177.231,703.652,876.843,10.8833,28.0546,1230,53.066,155.68,230.65,135,117.974,222.67,334.939,3005,3005,4.00198,0,0,0,0,0,0,0,0,28.2711,0,0,0,0,0,1757,270,86.6798,0,15041,30.5985
b2_dynamic_t2048_r03,b2_dynamic_phase_mismatch,68,7.02423,204000,68,22,33.006,543.424,544.997,54,36.98,631.318,711.617,1855,17.656,701.416,849.816,769,148.299,844.825,1124.61,11.2289,27.0878,145,61.006,181.401,330.444,144,129.807,246.808,414.421,2989,2989,4.00198,0,0,0,0,0,0,0,0,28.2711,0,0,0,0,0,3198,288,91.7384,0,15186,30.6463
b2_dynamic_t2048_r03,b2_dynamic_phase_mismatch,69,7.14456,207000,69,25,34.611,1225.52,1374.5,63,46.35,1239.02,1532.86,1898,19.457,1250.69,1401.29,688,164.137,1372.63,1571.01,10.5698,41.3805,155,71.425,231.356,334.461,176,148.324,332.11,391.481,3005,3005,4.00198,0,0,0,0,0,0,0,0,28.2711,0,0,0,0,0,3005,128,95.9145,0,15361,30.6983
b2_dynamic_t2048_r03,b2_dynamic_phase_mismatch,70,7.25669,210000,70,25,35.062,1104.86,1355.59,67,35.61,1167.14,1432.29,1901,17.941,1087.3,1455.12,726,152.429,1281.59,1521.2,10.6832,38.8346,139,76.789,259.339,386.959,150,144.893,342.379,427.95,3008,3008,4.00198,0,0,0,0,0,0,0,0,28.2711,0,0,0,0,0,3153,82,97.4652,0,15511,30.7447
b2_dynamic_t2048_r03,b2_dynamic_phase_mismatch,71,7.37309,213000,71,20,26.129,1188.42,1188.42,74,36.89,1053.03,1946.82,1887,17.433,1093.29,1637.44,707,147.298,1264.77,1521,10.9717,39.5802,137,76.501,268.631,388.711,169,148.792,368.371,452.905,2994,2994,4.00198,0,0,0,0,0,0,0,0,28.2711,0,0,0,0,0,3165,51,98.4142,0,15681,30.791
b2_dynamic_t2048_r03,b2_dynamic_phase_mismatch,72,7.49725,216000,72,27,38.074,1326.94,1334.2,67,37.582,1354.56,2067.97,1837,18.25,1245.14,1981.79,739,150.952,1434.14,2185.5,10.23,42.832,171,68.477,256.996,369.027,149,150.837,329.506,461.648,2990,2990,4.00198,0,0,0,0,0,0,0,0,28.2711,0,0,0,0,0,3301,31,99.0696,0,15831,30.8459
b2_dynamic_t2048_r03,b2_dynamic_phase_mismatch,73,7.63523,219000,73,29,24.323,1340.85,1382.58,69,35.522,1337.87,1378.6,1864,17.884,1349.51,1493.09,729,151.847,1484.02,2023.81,9.16872,52.1417,156,75.448,280.478,382.694,164,149.282,309.892,413.192,3011,3011,4.00198,0,0,0,0,0,0,0,0,28.2711,0,0,0,0,0,3256,18,99.4502,0,15994,30.8976
b2_dynamic_t2048_r03,b2_dynamic_phase_mismatch,74,7.78699,222000,74,18,27.135,1618.45,1618.45,72,33.138,1453.52,2390.18,1887,17.203,1511.35,1665.47,726,159.24,1619.93,2504.65,8.42424,67.447,149,79.467,280.897,344.623,151,148.423,367.186,419.461,3003,3003,4.00198,0,0,0,0,0,0,0,0,28.2711,0,0,0,0,0,3231,12,99.63,0,16144,30.9464
b2_dynamic_t2048_r03,b2_dynamic_phase_mismatch,75,7.93703,225000,75,21,33.087,1624.4,1752.6,88,34.186,1649.8,2682.59,1819,17.277,1612.89,1760.24,761,150.421,1737.93,2018.74,10.1643,49.894,171,76.402,280.262,420.63,129,146.681,318.464,430.759,2989,2989,4.00198,0,0,0,0,0,0,0,0,28.2711,0,0,0,0,0,3512,8,99.7727,0,16275,31.0003
b2_dynamic_t2048_r03,b2_dynamic_phase_mismatch,76,8.08129,228000,76,26,22.107,1738.01,1741.89,74,36.628,1679.34,1829.98,1885,16.578,1669.84,1775.87,753,143.12,1820.21,1915.14,9.71448,52.9592,158,66.028,256.157,2390.67,122,145.996,396.784,2268.29,3018,3018,2.00197,1,0,0,0,0,0,1,0,28.2711,1,0,0,0,0,3460,6,99.8269,0,16395,31.0503
b2_dynamic_t2048_r03,b2_dynamic_phase_mismatch,77,8.11232,231000,77,27,23.06,130.055,177.931,70,34.786,146.958,229.148,1853,18.245,137.93,189.103,765,136.887,301.596,381.775,9.31242,16.429,137,60.033,278.383,309.105,142,150.205,311.826,350.417,2994,2994,2.00197,1,0,0,0,0,0,1,0,28.2711,0,0,0,0,0,3540,3,99.9153,0,16538,32.0955
b2_dynamic_t2048_r03,b2_dynamic_phase_mismatch,78,8.15514,234000,78,30,31.242,312.017,313.508,74,34.426,205.365,270.882,1840,18.721,239.926,297.17,759,166.23,401.348,489.367,8.71673,22.8063,139,49.748,218.804,343.373,153,129.781,348.711,512.09,2995,2995,2.00197,0,0,0,0,0,0,0,0,30.14,0,0,0,1.86903,0,3490,152,95.8265,0,16689,30.3614
b2_dynamic_t2048_r03,b2_dynamic_phase_mismatch,79,8.2108,237000,79,21,28.69,309.005,378.841,65,36.145,376.973,592.914,1848,18.737,335.991,463.246,752,181.295,487.132,594.931,8.94947,26.9367,141,54.026,210.258,300.239,171,127.608,304.275,377.425,2998,2998,2.00197,0,0,0,0,0,0,0,0,30.14,0,0,0,0,0,4028,258,93.9804,0,16861,30.4092
b2_dynamic_t2048_r03,b2_dynamic_phase_mismatch,80,8.27518,240000,80,38,35.197,939.211,1016.02,67,31.777,451.036,707.543,1824,16.95,445.974,767.986,763,166.727,601.216,896.124,6.99869,38.3585,161,55.352,232.924,321.813,147,135.441,315.341,368.086,3000,3000,2.00197,0,0,0,0,0,0,0,0,30.14,0,0,0,0,0,4160,41,99.024,0,17010,30.4617
b2_dynamic_t2048_r03,b2_dynamic_phase_mismatch,81,8.35301,243000,81,22,32.422,514.118,959.961,67,30.973,530.888,790.132,1841,18.703,553.955,866.213,746,178.671,664.722,1004.53,7.56568,39.6622,146,56.237,232.177,380.467,176,136.145,380.373,433.406,2998,2998,2.00197,0,0,0,0,0,0,0,0,30.14,0,0,0,0,0,4231,8,99.8113,0,17186,30.511
b2_dynamic_t2048_r03,b2_dynamic_phase_mismatch,82,8.43753,246000,82,23,39.91,883.88,1080.33,67,39.958,741.102,990.916,1821,17.739,733.047,1132.44,785,171.879,913.608,1263.64,8.15032,40.8191,149,62.977,277.145,362.219,153,141.04,313.729,467.775,2998,2998,2.00197,0,0,0,0,0,0,0,0,30.14,0,0,0,0,0,4496,7,99.8445,0,17339,30.5597
b2_dynamic_t2048_r03,b2_dynamic_phase_mismatch,83,8.53796,249000,83,25,38.924,989.526,1027.94,67,37.071,870.058,1065.62,1867,17.615,939.449,1277.28,757,177.165,1079.03,1349.23,7.39366,50.998,157,64.278,231.036,356.411,139,138.097,323.268,364.053,3012,3012,2.00197,0,0,0,0,0,0,0,0,30.14,0,0,0,0,0,4264,2,99.9531,0,17477,30.6105
b2_dynamic_t2048_r03,b2_dynamic_phase_mismatch,84,8.6446,252000,84,22,31.804,990.43,1062.67,54,37.229,1028.12,1061.32,1902,16.766,1015.65,1382.05,727,172.79,1171.44,1367.7,7.44704,54.1073,149,64.215,267.963,329.411,138,139.515,327.389,450.282,2992,2992,2.00197,0,0,0,0,0,0,0,0,30.14,0,0,0,0,0,4176,1,99.9761,0,17614,30.659
b2_dynamic_t2048_r03,b2_dynamic_phase_mismatch,85,8.77379,255000,85,30,38.014,1082.28,1135.56,52,37.108,1157.33,1281.43,1814,18.447,1131.95,1283.32,793,193.831,1331.46,1791.86,7.49054,65.6117,142,66.761,248.164,384.517,164,141.504,351.239,432.788,2995,2995,2.00197,0,0,0,0,0,0,0,0,30.14,0,0,0,0,0,4505,2,99.9556,0,17780,30.7068
b2_dynamic_t2048_r03,b2_dynamic_phase_mismatch,86,8.91946,258000,86,24,35.603,1203.02,1330.5,60,42.752,1313.1,2296.44,1838,17.257,1261.15,2115.92,803,197.463,1459.72,2179.9,6.3462,84.421,125,73.696,246.523,295.669,149,140.331,275.196,394.699,2999,2999,2.00197,0,0,0,0,0,0,0,0,30.14,0,0,0,0,0,4572,1,99.9781,0,17929,30.7497
b2_dynamic_t2048_r03,b2_dynamic_phase_mismatch,87,9.07239,261000,87,23,39.379,1511.1,1527.6,68,38.938,1473.89,2483.41,1847,17.984,1405.67,2364.2,752,198.019,1592.68,2515.31,6.90691,81.2882,162,66.731,195.366,260.699,161,142.865,288.582,361.622,3013,3013,2.00197,0,0,0,0,0,0,0,0,30.14,0,0,0,0,0,4315,1,99.9768,0,18089,30.8025
b2_dynamic_t2048_r03,b2_dynamic_phase_mismatch,88,9.23938,264000,88,18,31.062,1645.37,1645.37,57,44.175,1554.86,1582.98,1851,17.723,1557.79,1687.14,761,199.384,1722.87,1871.73,6.48883,91.5465,153,64.801,254.431,364.244,159,139.962,348.259,452.945,2999,2999,2.00197,0,0,0,0,0,0,0,0,30.14,0,0,0,0,0,4405,3,99.9319,0,18248,30.8533
b2_dynamic_t2048_r03,b2_dynamic_phase_mismatch,89,9.4329,267000,89,33,40.079,1791.05,2176.12,64,40.845,1715.32,2682.91,1858,17.939,1736.59,2831.94,736,252.42,2022.03,3300.49,6.37772,116.9,157,65.28,212.299,259.071,154,139.187,343.417,742.449,3002,3002,2.00197,0,0,0,0,0,0,0,0,30.14,0,0,0,0,0,4282,1,99.9767,0,18402,30.905
b2_dynamic_t2048_r03,b2_dynamic_phase_mismatch,90,9.50396,270000,90,28,40.77,179.97,1861.52,59,49.418,1607.73,1757.46,1871,17.291,1565.19,1749.42,760,212.47,1698.05,1961.56,6.28816,49.514,137,57.433,380.271,2394.34,142,133.948,371.794,2175.25,2997,2997,2.00197,1,0,0,0,0,0,1,0,30.14,1,0,0,0,0,4493,1,99.9777,0,18543,30.9504
b2_dynamic_t2048_r03,b2_dynamic_phase_mismatch,91,9.54724,273000,91,28,38.916,216.485,220.982,69,41.092,223.493,272.843,1879,18.549,209.786,274.14,740,205.238,428.014,580.887,6.20405,36.6134,141,58.413,237.017,349.841,141,134.497,275.839,361.089,2998,2998,2.00197,0,0,0,0,0,12.9757,0,1,30.6862,0,0.328551,0,0.54632,0,5014,191,96.3305,6363,18686,30.8977
b2_dynamic_t2048_r03,b2_dynamic_phase_mismatch,92,9.60022,276000,92,27,35.56,267.202,292.339,63,41.553,316.286,473.393,1870,18.161,324.079,395.911,750,213.008,501.031,620.009,5.26267,47.7122,134,51.218,201.59,226.34,149,127.281,256.088,412.428,2993,2993,2.00197,0,0,0,0,0,12.9757,0,1,30.6862,0,1.26321,3,0,0,7838,400,95.1445,25554,18834,33.9427
b2_dynamic_t2048_r03,b2_dynamic_phase_mismatch,93,9.65965,279000,93,22,218.551,422.781,531.755,73,44.725,448.669,748.217,1848,17.7,390.349,482.771,769,202.586,567.378,761.688,5.97919,44.8733,146,52.923,220.713,268.878,140,129.729,289.429,315.617,2998,2998,2.00197,0,0,0,0,0,12.9757,0,1,30.6862,0,1.98853,4,0,0,8776,470,94.9167,43201,18975,38.9912
b2_dynamic_t2048_r03,b2_dynamic_phase_mismatch,94,9.71731,282000,94,26,58.381,495.555,591.294,76,45.685,497.919,815.134,1878,12.451,468.661,677.287,751,149.757,609.574,765.984,5.37816,44.8078,153,55.346,229.588,279.137,126,133.373,283.906,362.525,3010,3010,2.00197,0,0,0,0,0,0,0,0,8.1386,0,0.15855,1.1386,0,0,2177,580,78.9626,1310,19100,39.1797
b2_dynamic_t2048_r03,b2_dynamic_phase_mismatch,95,9.77925,285000,95,33,50.105,506.311,603.616,75,53.257,616.382,942.568,1842,10.652,557.359,764.052,745,86.543,640.354,819.549,5.59732,37.9648,148,57.005,347.389,397.072,148,144.282,347.878,391.008,2991,2991,2.00197,0,0,0,0,0,0,0,0,8.1386,0,0,0,0,0,656,549,54.4398,0,19249,39.228
b2_dynamic_t2048_r03,b2_dynamic_phase_mismatch,96,9.85182,288000,96,27,57.196,963.232,1170.73,80,33.558,1299.62,1494.71,1839,10.464,834.445,1141.47,751,76.386,908.314,1171.99,5.61518,42.2161,167,65.749,319.416,452.087,142,163.043,343.783,434.462,3006,3006,2.00197,0,0,0,0,0,0,0,0,8.1386,0,0,0,0,0,927,317,74.5177,0,19389,39.281
b2_dynamic_t2048_r03,b2_dynamic_phase_mismatch,97,9.93856,291000,97,26,29.105,897.867,917.829,60,35.47,1022.59,1591.33,1873,10.508,924.436,1053.68,733,73.295,1027.98,1516.49,4.67804,62.5575,156,72.899,438.342,522.385,156,179.307,476.031,544.009,3004,3004,2.00197,0,0,0,0,0,0,0,0,8.1386,0,0,0,0,0,982,174,84.9481,0,19545,39.3315
b2_dynamic_t2048_r03,b2_dynamic_phase_mismatch,98,10.0231,294000,98,29,30.278,969.524,1029.46,56,29.049,995.212,1125.67,1862,10.495,1008.61,1345.22,738,66.348,1079.23,1302.56,4.87127,53.49,164,76.305,288.566,337.898,139,171.94,346.242,411.295,2988,2988,2.00197,0,0,0,0,0,0,0,0,8.1386,0,0,0,0,0,1097,87,92.652,0,19685,39.3836
b2_dynamic_t2048_r03,b2_dynamic_phase_mismatch,99,10.1317,297000,99,28,31.292,1080.57,1105.35,57,36.631,1192.4,1398.04,1834,10.868,1142.59,1761.36,772,70.772,1230.38,1800.14,5.19689,64.3745,160,91.594,332.202,393.008,149,153.676,344.686,369.71,3000,3000,2.00197,0,0,0,0,0,0,0,0,8.1386,0,0,0,0,0,1174,58,95.2922,0,19834,39.4348
b2_dynamic_t2048_r03,b2_dynamic_phase_mismatch,100,10.2382,300000,100,21,27.19,1354.57,2051.14,57,25.703,1207.15,2042.65,1867,9.747,1219.08,2053.82,747,57.989,1262.03,2035.67,4.54217,72.036,142,59.93,275.75,414.887,165,127.488,332.316,415.629,2999,2999,2.00197,0,0,0,0,0,0,0,0,8.1386,0,0,0,0,0,1138,41,96.5225,0,20000,39.4824
