exp_id,group_name,progress_pct_idx,elapsed_sec,completed_ops,progress_pct,get_ctrl_ops,get_ctrl_p50_us,get_ctrl_p95_us,get_ctrl_p99_us,get_aff_ops,get_aff_p50_us,get_aff_p95_us,get_aff_p99_us,get_del_ops,get_del_p50_us,get_del_p95_us,get_del_p99_us,scan_ops,scan_p50_us,scan_p95_us,scan_p99_us,scan_avg_keys,scan_us_per_key,put_ops,put_p50_us,put_p95_us,put_p99_us,del_range_ops,del_range_p50_us,del_range_p95_us,del_range_p99_us,total_ops_interval,instantaneous_iops,active_memtable_mb,immutable_memtable_count,memtable_flush_pending,l0_files,l1_files,l2_files,pending_compaction_mb,running_flushes,running_compactions,total_sst_mb,flush_range_del_reason_delta,compaction_read_mb_delta,compaction_write_mb_delta,flush_write_mb_delta,write_stall_micros_delta,block_cache_hits,block_cache_misses,block_cache_hit_rate,tombstones_dropped_delta,cumulative_range_deletions,db_dir_mb
e1_span_010_dynamic_r01,e1_span_010_dynamic,1,0.0201003,2000,1,2,68.302,68.302,68.302,26,21.693,54.348,61.469,1259,21.041,77.808,97.216,406,144.748,197.337,329.51,98.9754,1.49485,122,15.49,77.06,113.029,198,37.696,87.41,127.812,2013,2013,1.00196,0,0,0,0,0,0,0,0,261.377,0,0,0,0,0,269,4076,6.19102,0,198,261.507
e1_span_010_dynamic_r01,e1_span_010_dynamic,2,0.0385067,4000,2,6,80,96.882,96.882,25,53.042,143.96,164.582,1271,62.312,132.653,161.241,373,143.499,223.796,250.762,92.0912,1.57267,101,12.375,67.037,76.393,219,36.534,101.975,119.808,1995,1995,1.00196,0,0,0,0,0,0,0,0,261.377,0,0,0,0,0,711,3208,18.1424,0,416,261.546
e1_span_010_dynamic_r01,e1_span_010_dynamic,3,0.0642865,6000,3,7,155.665,196.291,196.291,27,83.893,206.827,239.05,1216,90.586,216.164,243.92,424,177.513,296.472,323.563,87.4646,1.99166,102,16.636,65.056,82.218,220,40.007,102.229,126.906,1996,1996,1.00196,0,0,0,0,0,0,0,0,261.377,0,0,0,0,0,1083,3012,26.4469,0,636,261.586
e1_span_010_dynamic_r01,e1_span_010_dynamic,4,0.0964366,8000,4,9,95.465,368.599,368.599,25,125.698,283.343,308.693,1253,66.622,312.731,351.896,428,141.206,409.25,460.173,87.7383,2.23484,81,18.626,81.678,126.207,204,48.724,117.742,136.973,2000,2000,1.00196,0,0,0,0,0,0,0,0,261.377,0,0,0,0,0,1530,2615,36.9119,0,839,261.618
e1_span_010_dynamic_r01,e1_span_010_dynamic,5,0.144482,10000,5,5,97.166,258.076,258.076,26,20.385,375.503,422.069,1252,99.561,495.596,604.52,441,167.481,592.258,686.29,81.5102,3.38264,99,24.781,126.878,146.424,188,59.144,144.292,174.37,2011,2011,1.00196,0,0,0,0,0,0,0,0,261.377,0,0,0,0,0,1777,2219,44.4695,0,1028,261.655
e1_span_010_dynamic_r01,e1_span_010_dynamic,6,0.220208,12000,6,5,24.313,864.983,864.983,28,462.537,908.635,1000.66,1284,32.724,892.687,999.955,396,241.995,1052.22,1202.78,79.6035,5.59225,92,40.348,135.38,257.92,188,85.36,229.186,307.708,1993,1993,2.00197,0,0,0,0,0,0,0,0,261.377,0,0,0,0,0,1887,1812,51.0138,0,1217,261.69
e1_span_010_dynamic_r01,e1_span_010_dynamic,7,0.342704,14000,7,11,967.542,1954.76,1954.76,29,46.903,1060.06,2044.95,1264,403.556,1423.19,1865.65,381,406.24,1660.01,2053.05,76.6404,8.44251,96,51.078,232.796,334.437,211,112.514,262.432,289.301,1992,1992,2.00197,0,0,0,0,0,0,0,0,261.377,0,0,0,0,0,2037,1492,57.7217,0,1428,261.728
e1_span_010_dynamic_r01,e1_span_010_dynamic,8,0.460329,16000,8,8,399.444,1259.9,1259.9,26,26.644,1365.7,1511.91,1254,71.786,1393.2,1621.49,419,262.828,1512.33,1787.79,72.5871,8.48356,111,55.285,190.127,221.085,187,112.023,225.666,264.46,2005,2005,2.00197,0,0,0,0,0,0,0,0,261.377,0,0,0,0,0,2285,1362,62.6542,0,1614,261.768
e1_span_010_dynamic_r01,e1_span_010_dynamic,9,0.607527,18000,9,8,518.256,1777.42,1777.42,24,464.393,1569.99,1605.35,1260,137.721,1617.4,1782.05,390,588.036,1820.68,1938.14,71.1487,11.5612,111,62.169,259.287,336.358,203,117.518,319.326,394.285,1996,1996,2.00197,0,0,0,0,0,0,0,0,261.377,0,0,0,0,0,2320,1061,68.6188,0,1818,261.809
e1_span_010_dynamic_r01,e1_span_010_dynamic,10,0.783789,20000,10,5,30.115,1431.5,1431.5,19,1483.95,1860.8,1860.8,1277,352.862,1821.53,2042.69,391,369.042,1971.8,2222.46,67.7596,13.2197,99,61.499,174.849,275.96,215,118.242,304.683,354.497,2006,2006,2.00197,0,0,0,0,0,0,0,0,261.377,0,0,0,0,0,2394,873,73.2782,0,2031,261.847
e1_span_010_dynamic_r01,e1_span_010_dynamic,11,0.964356,22000,11,3,284.574,339.588,339.588,20,240.063,1984.32,1984.32,1302,48.93,1968.63,2859.8,389,386.799,2249.86,3404.04,64.8869,15.2007,91,60.635,175.727,286.156,191,116.454,278.473,361.053,1996,1996,2.00197,0,0,0,0,0,0,0,0,261.377,0,0,0,0,0,2386,808,74.7026,0,2223,261.882
e1_span_010_dynamic_r01,e1_span_010_dynamic,12,1.15567,24000,12,5,1900.69,1994.41,1994.41,24,1719.63,2093.95,2115.54,1256,112.204,2111.63,2277.89,390,459.777,2253.85,2390.21,64.8538,15.6554,113,61.178,197.483,320.662,215,115.596,347.761,383.625,2003,2003,2.00197,0,0,0,0,0,0,0,0,261.377,0,0,0,0,0,2476,726,77.3267,0,2438,261.924
e1_span_010_dynamic_r01,e1_span_010_dynamic,13,1.38457,26000,13,5,1933.2,2156.21,2156.21,21,2036.02,2244.96,2289.21,1254,437.397,2298.66,2430.28,397,688.458,2461.95,2573.25,56.8741,20.9424,104,62.063,147.939,199.906,215,118.07,224.212,293.398,1996,1996,2.00197,0,0,0,0,0,0,0,0,261.377,0,0,0,0,0,2516,607,80.5636,0,2653,261.964
e1_span_010_dynamic_r01,e1_span_010_dynamic,14,1.62612,28000,14,4,2293.09,2332.44,2332.44,31,2137.34,2441.14,2457.01,1247,286.39,2515.93,2744.32,406,355.25,2674.33,2879.92,56.4606,20.9832,102,61.904,172.276,209.316,213,117.113,258.247,288.122,2003,2003,2.00197,0,0,0,0,0,0,0,0,261.377,0,0,0,0,0,2604,528,83.1418,0,2864,262.004
e1_span_010_dynamic_r01,e1_span_010_dynamic,15,1.86493,30000,15,4,26.393,524.102,524.102,24,2390.32,2659.57,2680.25,1261,56.489,2741.96,2855.48,397,245.696,2878.49,3071.71,52.6524,22.1984,113,62.645,227.07,273.82,200,117.586,329.992,508.869,1999,1999,2.00197,0,0,0,0,0,0,0,0,261.377,0,0,0,0,0,2580,447,85.2329,0,3067,262.045
e1_span_010_dynamic_r01,e1_span_010_dynamic,16,2.10953,32000,16,8,121.292,3168.69,3168.69,16,26.779,3159.26,3159.26,1324,35.536,2902.82,3042.88,376,219.443,3084.34,3267.12,53.2128,23.279,96,61.782,158.864,187.533,176,116.804,262.96,495.955,1996,1996,2.00197,0,0,0,0,0,0,0,0,261.377,0,0,0,0,0,2488,428,85.3224,0,3243,262.081
e1_span_010_dynamic_r01,e1_span_010_dynamic,17,2.34609,34000,17,4,16.199,24.499,24.499,32,39.793,3130.41,3348.88,1266,28.353,3055.4,3215.74,418,210.671,3207.48,3367.87,52.9617,23.6392,95,65.324,289.567,450.158,189,125.507,346.825,445.994,2004,2004,2.00197,0,0,0,0,0,0,0,0,261.377,0,0,0,0,0,2712,408,86.9231,0,3431,262.116
e1_span_010_dynamic_r01,e1_span_010_dynamic,18,2.68186,36000,18,6,3178.83,3704.97,3704.97,21,2951.39,3292.64,3300.38,1269,399.638,3352.72,3947.3,391,748.997,3536.83,4170.36,46.2532,37.8912,107,63.919,276.587,372.714,215,122.93,333.827,417.068,2009,2009,2.00197,0,0,0,0,0,0,0,0,261.377,0,0,0,0,0,2595,303,89.5445,0,3645,262.157
e1_span_010_dynamic_r01,e1_span_010_dynamic,19,2.99684,38000,19,5,51.624,3316.26,3316.26,30,1133.73,3928.78,6206.37,1227,66.253,3576.55,6270.53,432,509.006,3798.59,6551.35,50.7546,32.9386,115,65.806,235.103,314.917,181,139.317,316.992,511.714,1990,1990,2.00197,0,0,0,0,0,0,0,0,261.377,0,0,0,0,0,2895,288,90.9519,0,3827,262.198
e1_span_010_dynamic_r01,e1_span_010_dynamic,20,3.30867,40000,20,10,15.495,3244.83,3244.83,22,50.112,3712.62,3724.85,1260,47.474,3630.96,4125.1,415,410.461,3826.71,4057.33,45.4265,35.6096,106,67.191,244.84,329.484,192,144.309,437.889,618.45,2005,2005,2.00197,0,0,0,0,0,0,0,0,261.377,0,0,0,0,0,2783,238,92.1218,0,4020,262.237
e1_span_010_dynamic_r01,e1_span_010_dynamic,21,3.65026,42000,21,9,202.426,7178.71,7178.71,27,3464.62,3889.24,3983.45,1259,49.158,3923.03,6688.81,395,296.899,4292.71,6970.75,46.2456,36.9548,103,75.684,320.388,495.703,198,143.653,386.056,694.337,1991,1991,2.00197,0,0,0,0,0,0,0,0,261.377,0,0,0,0,0,2763,185,93.7246,0,4218,262.276
e1_span_010_dynamic_r01,e1_span_010_dynamic,22,4.0031,44000,22,5,337.741,461.493,461.493,28,37.939,3997.75,4012.96,1270,44.399,4059.54,7129.33,395,384.343,4359.76,7490.87,41.3494,48.5584,110,64.877,246.59,379.409,192,146.087,432.591,531.246,2000,2000,2.00197,0,0,0,0,0,0,0,0,261.377,0,0,0,0,0,2618,195,93.0679,0,4410,262.315
e1_span_010_dynamic_r01,e1_span_010_dynamic,23,4.35834,46000,23,3,437.858,4022.28,4022.28,35,32.987,4247.99,4331.65,1257,38.178,4297.88,7562.84,406,295.041,4608.83,7916.39,40.4261,46.2222,117,68.008,309.405,353.642,190,135.644,345.505,426.144,2008,2008,2.00197,0,0,0,0,0,0,0,0,261.377,0,0,0,0,0,2729,165,94.2985,0,4599,262.357
e1_span_010_dynamic_r01,e1_span_010_dynamic,24,4.7512,48000,24,6,27.095,4194.91,4194.91,22,69.64,4326.79,5272.48,1297,35.223,4837.76,8213.46,381,325.303,5239.34,8452.51,38.1444,55.3532,103,72.562,285.254,392.2,193,140.715,330.883,452.724,2002,2002,2.00197,0,0,0,0,0,0,0,0,261.377,0,0,0,0,0,2621,174,93.7746,0,4792,262.396
e1_span_010_dynamic_r01,e1_span_010_dynamic,25,5.20373,50000,25,1,4602.41,4602.41,4602.41,28,502.667,4641.19,4731.08,1274,44.033,4876.01,8632.48,407,327.864,4972.24,8765.72,42.1843,54.9934,83,79.192,559.892,3580.41,198,152.352,551.108,3262.7,1991,1991,2.00197,0,0,0,0,0,0,0,0,261.377,0,0,0,0,0,2928,146,95.2505,0,4991,262.428
e1_span_010_dynamic_r01,e1_span_010_dynamic,26,5.67584,52000,26,4,91.096,4656.28,4656.28,24,4445.08,8868.19,8892.38,1307,59.612,6032.3,9356.85,418,418.783,6188.95,9507.85,38.1938,60.75,82,78.156,327.988,544.155,190,151.919,515.772,810.748,2025,2025,2.00197,0,0,0,0,0,0,0,0,261.377,0,0,0,0,0,2827,120,95.9281,0,5176,262.46
e1_span_010_dynamic_r01,e1_span_010_dynamic,27,6.19375,54000,27,5,4920.78,5209.58,5209.58,16,36.216,5217.74,5217.74,1282,360.022,5302.04,9316.03,363,549.885,5497.27,9376.3,37.2342,69.6453,91,71.137,272.155,406.467,217,136.581,359.03,498.115,1974,1974,2.00197,0,0,0,0,0,0,0,0,261.377,0,0,0,0,0,2531,118,95.5455,0,5398,262.496
e1_span_010_dynamic_r01,e1_span_010_dynamic,28,6.69266,56000,28,8,198.734,5768.62,5768.62,33,168.288,9873.71,9892.82,1252,56.472,5561.39,9857.21,404,318.075,5871.35,9914.12,31.1287,78.543,108,77.224,277.293,469.831,195,140.913,457.074,652.686,2000,2000,2.00197,0,0,0,0,0,0,0,0,261.377,0,0,0,0,0,2808,121,95.8689,0,5593,262.536
e1_span_010_dynamic_r01,e1_span_010_dynamic,29,7.21674,58000,29,8,5495.28,5718.51,5718.51,23,37.596,5750.67,5775.32,1280,57.953,5711.16,10373.1,398,404.031,5902.58,10474.5,34.9573,75.9957,99,75.318,357.723,458.897,197,140.293,341.635,414.511,2005,2005,2.00197,0,0,0,0,0,0,0,0,261.377,0,0,0,0,0,2807,91,96.8599,0,5788,262.574
e1_span_010_dynamic_r01,e1_span_010_dynamic,30,7.76197,60000,30,7,28.184,10842.5,10842.5,26,5574.38,5974.07,5979.98,1260,61.232,6009.95,10792.9,408,322.847,6137.63,11103.9,31.5907,82.2644,108,72.084,344.306,388.35,190,137.551,360.566,479.627,1999,1999,2.00197,0,0,0,0,0,0,0,0,261.377,0,0,0,0,0,2763,94,96.7098,0,5979,262.614
e1_span_010_dynamic_r01,e1_span_010_dynamic,31,8.30568,62000,31,6,31.591,5833.77,5833.77,22,36.616,5985.52,6005.87,1280,40.184,6217.88,11410.7,406,455.605,6455.73,11621,29.1429,103.777,112,71.512,220.784,341.881,187,148.287,390.357,462.762,2013,2013,2.00197,0,0,0,0,0,0,0,0,261.377,0,0,0,0,0,2913,106,96.4889,0,6165,262.653
e1_span_010_dynamic_r01,e1_span_010_dynamic,32,8.9404,64000,32,6,32.519,7707.62,7707.62,23,73.165,6729.52,11661.4,1284,250.638,6652.84,11659.4,372,626.161,6651.92,11703.2,29.3522,106.975,87,70.552,275.123,405,213,139.569,385.46,460.798,1985,1985,2.00197,0,0,0,0,0,0,0,0,261.377,0,0,0,0,0,2576,93,96.5155,0,6380,262.688
e1_span_010_dynamic_r01,e1_span_010_dynamic,33,9.5511,66000,33,8,234.912,6447.11,6447.11,21,596.43,12424.5,12549.3,1252,47.657,6691.64,12207.6,430,346.997,6869.65,12454.4,28.7907,104.472,100,64.544,237.184,342.612,189,132.581,310.604,403.447,2000,2000,2.00197,0,0,0,0,0,0,0,0,261.377,0,0,0,0,0,3122,100,96.8963,0,6569,262.726
e1_span_010_dynamic_r01,e1_span_010_dynamic,34,10.1332,68000,34,7,814.488,6915.85,6915.85,18,52.108,6957.33,6957.33,1292,33.757,6934.97,8295.41,399,327.424,7247.19,12969.7,30.8521,99.6843,91,65.897,386.149,2682.3,198,135.366,428.851,2775.51,2005,2005,2.00197,0,0,0,0,0,0,0,0,261.377,0,0,0,0,0,2887,81,97.2709,0,6767,262.761
e1_span_010_dynamic_r01,e1_span_010_dynamic,35,10.7075,70000,35,6,6902.64,7015.57,7015.57,36,210.806,7280.8,8770.56,1255,25.977,7193.74,8619.67,406,253.524,7332.15,7889.58,25.4113,113.027,114,70.192,311.25,382.097,177,138.562,417.521,527.001,1994,1994,2.00197,0,0,0,0,0,0,0,0,261.377,0,0,0,0,0,3027,98,96.864,0,6944,262.801
e1_span_010_dynamic_r01,e1_span_010_dynamic,36,11.321,72000,36,5,36.76,7171.78,7171.78,22,41.292,7470.65,7482.55,1291,36.726,7501.51,7963.13,393,431.085,7630.99,8401.31,20.0585,166.283,84,65.649,337.584,571.052,206,144.913,447.928,526.562,2001,2001,2.00197,0,0,0,0,0,0,0,0,261.377,0,0,0,0,0,2901,51,98.2724,0,7149,262.834
e1_span_010_dynamic_r01,e1_span_010_dynamic,37,12.0177,74000,37,7,365.73,8002.25,8002.25,25,38.031,7826.65,14076.3,1244,48.873,7797.86,13843.7,410,361.154,7959.6,8594.16,23.3902,146.939,106,65.232,265.667,375.92,209,132.154,373.769,422.257,2001,2001,2.00197,0,0,0,0,0,0,0,0,261.377,0,0,0,0,0,3067,75,97.613,0,7358,262.875
e1_span_010_dynamic_r01,e1_span_010_dynamic,38,12.6845,76000,38,9,25.999,7950.98,7950.98,21,38.482,7794.1,9316.66,1276,34.709,8035.26,14802.8,388,261.219,8211.07,14843.3,21.0799,152.813,107,66.368,318.982,372.614,202,142.966,373.96,439.098,2003,2003,3.00198,0,0,0,0,0,0,0,0,261.377,0,0,0,0,0,3043,65,97.9086,0,7559,262.914
e1_span_010_dynamic_r01,e1_span_010_dynamic,39,13.4736,78000,39,4,8141.64,8306.68,8306.68,18,2653.59,8492.15,8492.15,1221,295.633,8423.91,15428.6,425,763.539,8580.28,15502.6,19.2635,207.029,101,66.382,278.05,411.191,227,139.789,354.94,440.538,1996,1996,3.00198,0,0,0,0,0,0,0,0,261.377,0,0,0,0,0,3268,88,97.3778,0,7787,262.954
e1_span_010_dynamic_r01,e1_span_010_dynamic,40,14.2833,80000,40,6,40.383,8612.78,8612.78,33,8276.74,8799.76,8879.6,1264,374.017,8671.19,9192.73,371,461.002,8859.93,9215.47,21.3423,186.59,111,67.441,286.577,349.499,214,132.378,310.877,345.195,1999,1999,3.00198,0,0,0,0,0,0,0,0,261.377,0,0,0,0,0,2892,55,98.1337,0,8002,262.995
e1_span_010_dynamic_r01,e1_span_010_dynamic,41,15.1314,82000,41,7,36.402,8950.62,8950.62,17,49.707,15650,15650,1289,262.723,9032.83,16219.4,393,323,9145.45,9459.63,19.2926,209.23,93,69.343,275.47,7185.14,203,139.229,342.077,457.03,2002,2002,3.00198,0,0,0,0,0,0,0,0,261.377,0,0,0,0,0,3178,65,97.9957,0,8202,263.031
e1_span_010_dynamic_r01,e1_span_010_dynamic,42,15.9136,84000,42,7,26.724,9114.53,9114.53,25,37.952,9377.05,17025.9,1293,27.715,9312.66,10054,404,256.137,9555.1,10169.4,21.3441,184.147,94,65.488,243.833,374.381,177,131.114,365.202,493.691,2000,2000,3.00198,0,0,0,0,0,0,0,0,261.377,0,0,0,0,0,3259,52,98.4295,0,8381,263.066
e1_span_010_dynamic_r01,e1_span_010_dynamic,43,16.7084,86000,43,6,18.603,9258.4,9258.4,27,284.8,9569.2,9769.36,1316,34.071,9539.29,10622.5,379,280.698,9669.32,9795.67,18.1768,203.512,86,65.621,247.442,335.099,186,131.709,380.797,492.046,2000,2000,3.00198,0,0,0,0,0,0,0,0,261.377,0,0,0,0,0,3071,61,98.0524,0,8567,263.099
e1_span_010_dynamic_r01,e1_span_010_dynamic,44,17.6086,88000,44,2,8.229,8.229,8.229,20,847.866,10650.7,10650.7,1285,220.863,9918.07,17974.8,390,460.875,9959.73,10287.2,17.3949,249.36,102,65.56,332.315,376.177,204,137.437,386.567,441.19,2003,2003,3.00198,0,0,0,0,0,0,0,0,261.377,0,0,0,0,0,3518,55,98.4607,0,8771,263.138
e1_span_010_dynamic_r01,e1_span_010_dynamic,45,18.5879,90000,45,8,9862.19,10015.6,10015.6,23,468.689,10389.4,10583.4,1263,380.873,10170.7,10489.3,385,605.903,10337.2,10504.8,17.3013,274.517,98,78.59,309.368,465.455,216,138.951,395.772,471.068,1993,1993,3.00198,0,0,0,0,0,0,0,0,261.377,0,0,0,0,0,3420,61,98.2476,0,8988,263.176
e1_span_010_dynamic_r01,e1_span_010_dynamic,46,19.5379,92000,46,9,36.428,10553.4,10553.4,31,10104.4,11318.9,18788.5,1237,53.441,10774.8,11923.8,423,435.407,10891.2,11954.6,17.6761,263.657,93,67.029,260.085,341.943,211,132.194,349.507,436.035,2004,2004,3.00198,0,0,0,0,0,0,0,0,261.377,0,0,0,0,0,3528,67,98.1363,0,9199,263.212
e1_span_010_dynamic_r01,e1_span_010_dynamic,47,20.5627,94000,47,9,18.147,11061.9,11061.9,28,593.798,10988.5,11271.8,1266,247.035,11098.6,11548.7,399,374.285,11300.1,20105.6,14.3784,350.126,81,66.649,267.732,7190.87,218,133.684,388.579,591.961,2001,2001,3.00198,0,0,0,0,0,0,0,0,261.377,0,0,0,0,0,3358,57,98.3309,0,9417,263.246
e1_span_010_dynamic_r01,e1_span_010_dynamic,48,21.4576,96000,48,9,24.014,11248.4,11248.4,22,11037.8,12013.9,12110.3,1288,19.627,11761.3,20417.4,386,237.716,12255.6,20818.3,14.8187,300.391,106,66.829,204.342,313.149,186,140.026,405.571,499.059,1997,1997,3.00198,0,0,0,0,0,0,0,0,261.377,0,0,0,0,0,3375,56,98.3678,0,9602,263.285
e1_span_010_dynamic_r01,e1_span_010_dynamic,49,22.4902,98000,49,5,16.453,255.855,255.855,18,11419.4,11953.5,11953.5,1245,37.295,11725.2,11974.1,434,283.238,11927.8,13137.4,15.6866,299.875,98,66.513,209.869,504.773,198,136.646,368.872,439.338,1998,1998,3.00198,0,0,0,0,0,0,0,0,261.377,0,0,0,0,0,3988,50,98.7618,0,9801,263.322
e1_span_010_dynamic_r01,e1_span_010_dynamic,50,23.5518,100000,50,10,11895.2,12194.3,12194.3,23,44.694,12002.7,12015.9,1252,39.509,12074.4,21891.6,415,487.095,12290.8,22019.9,14.8627,359.451,101,65.551,261.787,394.74,204,135.337,376.17,446.747,2005,2005,3.00198,0,0,0,0,0,0,0,0,261.377,0,0,0,0,0,3996,57,98.5936,0,10004,263.36
e1_span_010_dynamic_r01,e1_span_010_dynamic,51,24.6566,102000,51,6,45.01,12320.2,12320.2,24,491.436,12318,22366.2,1299,40.322,12426.9,22340.6,390,293.525,12695.4,22996.4,13.4769,399.979,78,66.869,273.126,367.53,198,140.753,346.868,508.605,1995,1995,3.00198,0,0,0,0,0,0,0,0,261.377,0,0,0,0,0,3733,34,99.0974,0,10203,263.392
e1_span_010_dynamic_r01,e1_span_010_dynamic,52,25.7597,104000,52,8,9437.99,12370.1,12370.1,28,35.062,12525.5,12536.5,1271,39.978,12710.2,12917.2,422,482.607,12864.4,13106.2,12.6777,431.763,94,66.497,228.177,613.399,194,129.795,378.803,652.512,2017,2017,3.00198,0,0,0,0,0,0,0,0,261.377,0,0,0,0,0,3855,54,98.6186,0,10397,263.428
e1_span_010_dynamic_r01,e1_span_010_dynamic,53,26.9563,106000,53,7,36.814,78.874,78.874,35,58.904,14310,17635.1,1285,39.614,13505.9,23441.9,374,481.842,13975.3,24064.4,12.6016,464.919,98,66.762,203.212,412.187,189,135.818,377.122,615.722,1988,1988,3.00198,0,0,0,0,0,0,0,0,261.377,0,0,0,0,0,3893,60,98.4822,0,10585,263.464
e1_span_010_dynamic_r01,e1_span_010_dynamic,54,28.0761,108000,54,5,46.478,20778.6,20778.6,31,58.906,17169.7,17485.2,1267,27.004,19728.3,24391,423,547.857,14722.3,24367.7,12.5816,442.78,92,74.3,276.879,317.892,184,140.745,342.938,386.799,2002,2002,3.00198,0,0,0,0,0,0,0,0,261.377,0,0,0,0,0,4048,42,98.9731,0,10768,263.499
e1_span_010_dynamic_r01,e1_span_010_dynamic,55,29.2276,110000,55,7,9990.04,24506.2,24506.2,22,51.365,13732.6,16372.8,1359,16.996,15194,24880.3,361,378.013,15362.4,25029.5,11.5928,461.125,95,74.293,310.461,1235.33,161,142.893,294.002,1129.68,2005,2005,3.00198,0,0,0,0,0,0,0,0,261.377,0,0,0,0,0,3540,43,98.7999,0,10930,263.534
e1_span_010_dynamic_r01,e1_span_010_dynamic,56,30.5232,112000,56,4,13701.2,13887.1,13887.1,30,49.053,24671.3,25199.9,1243,21.912,22242.4,25576.2,422,568.383,25173.1,25900.2,12.2583,543.585,89,71.533,371.501,2181.73,200,142.245,386.157,475.365,1988,1988,3.00198,0,0,0,0,0,0,0,0,261.377,0,0,0,0,0,4301,52,98.8054,0,11131,263.568
e1_span_010_dynamic_r01,e1_span_010_dynamic,57,31.7152,114000,57,3,14282.1,24946.5,24946.5,28,3022.81,14365.4,23834.7,1278,2346.09,14608.8,25381.6,398,845.462,14838,25511.2,11.2437,488.278,83,65.197,192.248,271.634,210,128.207,371.249,410.299,2000,2000,3.00198,0,0,0,0,0,0,0,0,261.377,0,0,0,0,0,3906,45,98.861,0,11341,263.602
e1_span_010_dynamic_r01,e1_span_010_dynamic,58,32.8261,116000,58,8,3489.08,11893,11893,10,410.493,14465,14465,1304,40.673,16368.1,26389.5,379,458.614,20419.7,26789.7,9.52507,597.37,91,56.231,269.873,344.859,214,119.082,332.133,383.034,2006,2006,3.00198,0,0,0,0,0,0,0,0,261.377,0,0,0,0,0,3624,30,99.179,0,11554,263.638
e1_span_010_dynamic_r01,e1_span_010_dynamic,59,33.9172,118000,59,6,50.733,14825.1,14825.1,27,3581.82,14955.5,19602.6,1271,27.721,15281.9,27169.3,380,510.88,15491.9,27449.5,10.6737,503.9,106,63.333,330.433,538.88,204,131.016,318.089,489.096,1994,1994,3.00198,0,0,0,0,0,0,0,0,261.377,0,0,0,0,0,4011,43,98.9393,0,11759,263.678
e1_span_010_dynamic_r01,e1_span_010_dynamic,60,35.1505,120000,60,6,37.442,24100.4,24100.4,30,3537.14,27968.6,28530.9,1238,58.833,22311.2,28304.4,432,3373.98,24493.6,28491.1,9.75694,647.274,97,61.69,300.054,951.907,198,124.086,316.297,1105.74,2001,2001,3.00198,0,0,0,0,0,0,0,0,261.377,0,0,0,0,0,4582,47,98.9847,0,11957,263.715
e1_span_010_dynamic_r01,e1_span_010_dynamic,61,36.6113,122000,61,4,10326.5,13813.4,13813.4,29,73.168,27270.6,27788.7,1284,38.863,23211.3,29082.6,381,508.29,23443.3,29209.1,10.3465,681.771,105,68.632,278.67,355.344,197,123.51,324.812,418.955,2000,2000,3.00198,0,0,0,0,0,0,0,0,261.377,0,0,0,0,0,3887,42,98.931,0,12154,263.754
e1_span_010_dynamic_r01,e1_span_010_dynamic,62,38.1147,124000,62,6,3383.32,16394.8,16394.8,24,4134.73,17413.3,23153.3,1273,49.277,17116.3,29633.4,403,4047.64,17054.8,29845.6,8.36228,956.007,102,68.037,274.494,379.353,202,138.579,328.004,415.81,2010,2010,3.00198,0,0,0,0,0,0,0,0,261.377,0,0,0,0,0,4324,39,99.1061,0,12356,263.793
e1_span_010_dynamic_r01,e1_span_010_dynamic,63,39.6318,126000,63,3,29.545,14571.2,14571.2,33,45.373,16742.2,17213.9,1250,393.083,18018.2,29606.2,404,2892.37,17491.3,30233.2,7.72277,974.232,100,65.715,190.506,346.087,202,132.948,334.855,398.813,1992,1992,4.00198,0,0,0,0,0,0,0,0,261.377,0,0,0,0,0,4378,41,99.0722,0,12558,263.831
e1_span_010_dynamic_r01,e1_span_010_dynamic,64,40.9323,128000,64,9,4050.62,17271.1,17271.1,27,3731.97,17126.1,21708.2,1265,18.143,17248.4,25748.4,407,506.585,21082.8,30970.6,9.79607,698.328,106,65.853,199.938,241.932,188,133.519,285.824,487.236,2002,2002,4.00198,0,0,0,0,0,0,0,0,261.377,0,0,0,0,0,4691,54,98.862,0,12744,263.87
e1_span_010_dynamic_r01,e1_span_010_dynamic,65,42.2863,130000,65,7,21.818,17389.3,17389.3,24,4168.48,22128.5,27479.5,1259,1871.54,17582.9,29566.5,380,2275.54,18088.9,29356.1,7.01316,967.591,111,60.76,179.937,359.548,217,120.861,243.392,366.568,1998,1998,4.00198,0,0,0,0,0,0,0,0,261.377,0,0,0,0,0,4141,35,99.1619,0,12962,263.912
e1_span_010_dynamic_r01,e1_span_010_dynamic,66,43.67,132000,66,7,30.971,31247.8,31247.8,24,4304.14,18027.7,30964,1273,329.069,17911.3,26608.1,396,552.558,18210.6,26589.8,7.33838,941.899,94,59.988,322.344,470.807,203,129.439,327.946,389.596,1997,1997,4.00198,0,0,0,0,0,0,0,0,261.377,0,0,0,0,0,4537,45,99.0179,0,13166,263.949
e1_span_010_dynamic_r01,e1_span_010_dynamic,67,45.2604,134000,67,4,13105.3,18142.7,18142.7,23,4532.23,18426.6,18474.1,1288,1940.96,18420.1,25868,400,4549.02,18691.8,31779,7.8825,1024.63,94,67.396,210.254,367.107,202,121.69,237.387,319.406,2011,2011,4.00198,0,0,0,0,0,0,0,0,261.377,0,0,0,0,0,4352,44,98.9991,0,13367,263.985
e1_span_010_dynamic_r01,e1_span_010_dynamic,68,46.9184,136000,68,6,14538.6,19442.6,19442.6,19,40.822,19314,19314,1247,45.63,19181.8,20380.9,418,775.24,19377,33416.6,7.23684,1146.57,105,64.219,248.391,392.888,195,135.378,278.77,374.769,1990,1990,4.00198,0,0,0,0,0,0,0,0,261.377,0,0,0,0,0,5126,58,98.8812,0,13563,264.024
e1_span_010_dynamic_r01,e1_span_010_dynamic,69,48.58,138000,69,6,35.556,14076,14076,22,44.683,18913.4,19629,1302,18.179,19473.9,34335.4,400,659.045,21128.4,34791.2,6.2,1406.09,85,66.646,228.06,300.316,186,133.033,347.956,459.513,2001,2001,4.00198,0,0,0,0,0,0,0,0,261.377,0,0,0,0,0,4670,44,99.0666,0,13749,264.058
e1_span_010_dynamic_r01,e1_span_010_dynamic,70,50.3597,140000,70,11,45.914,19485.1,19485.1,25,43.753,19625.8,20728.4,1242,308.283,20141.9,35359,426,3216.33,19939.7,34737.4,6.08216,1446.11,89,70.497,266.962,439.559,207,133.184,343.232,410.305,2000,2000,4.00198,0,0,0,0,0,0,0,0,261.377,0,0,0,0,0,5125,50,99.0338,0,13956,264.092
e1_span_010_dynamic_r01,e1_span_010_dynamic,71,52.0508,142000,71,10,18560.9,30790.8,30790.8,20,1052.79,20556.3,20556.3,1280,25.1,20456.8,33323.4,393,626.081,20982.3,34005.4,7.41985,1109.85,93,53.882,218.909,376.809,204,127.819,260.332,329.756,2000,2000,4.00198,0,0,0,0,0,0,0,0,261.377,0,0,0,0,0,4896,45,99.0893,0,14159,264.129
e1_span_010_dynamic_r01,e1_span_010_dynamic,72,53.7141,144000,72,13,39.044,20308.8,20308.8,31,1125.62,21832.8,35493.8,1262,19.072,20917.7,34884.7,414,889.476,20983.8,33972.5,6.72464,1224.46,84,65.107,236.684,358.778,198,132.681,317.664,605.611,2002,2002,4.00198,0,0,0,0,0,0,0,0,261.377,0,0,0,0,0,5055,33,99.3514,0,14358,264.162
e1_span_010_dynamic_r01,e1_span_010_dynamic,73,55.4945,146000,73,4,18692.4,21213.3,21213.3,30,12930.9,22055.5,26612.8,1251,51.403,21649.5,33931.9,404,4821.72,21989.3,36545.1,5.61139,1601.94,96,63.137,150.638,252.409,209,122.162,254.537,322.482,1994,1994,4.00198,0,0,0,0,0,0,0,0,261.377,0,0,0,0,0,4667,23,99.5096,0,14567,264.2
e1_span_010_dynamic_r01,e1_span_010_dynamic,74,57.1665,148000,74,8,490.471,21024.8,21024.8,23,4931.51,21304.4,21585.9,1254,18.657,21534.7,22422.5,421,540.526,21981.7,24106,6.28504,1324.28,109,61.993,168.578,231.808,190,129.056,288.613,520.27,2005,2005,4.00198,0,0,0,0,0,0,0,0,261.377,0,0,0,0,0,5701,47,99.1823,0,14755,264.24
e1_span_010_dynamic_r01,e1_span_010_dynamic,75,59.0762,150000,75,3,11595.6,23123.8,23123.8,24,60.031,21793.4,21829.6,1254,699.627,22164.7,26367,420,561.896,22381.1,24947.5,4.96905,1711.35,77,63.787,239.175,329.126,217,131.074,332.884,408.632,1995,1995,4.00198,0,0,0,0,0,0,0,0,261.377,0,0,0,0,0,5229,40,99.2408,0,14974,264.273
e1_span_010_dynamic_r01,e1_span_010_dynamic,76,60.971,152000,76,2,23299,23299,23299,26,47.369,22256.6,37851.7,1296,20.384,22430.6,24398.4,417,449.703,22589.1,23413,4.74101,1857.02,92,64.872,166.45,266.181,173,128.713,274.074,522.845,2006,2006,4.00198,0,0,0,0,0,0,0,0,261.377,0,0,0,0,0,5160,50,99.0403,0,15146,264.307
e1_span_010_dynamic_r01,e1_span_010_dynamic,77,63.1338,154000,77,4,10683.5,11231.9,11231.9,22,18390.8,22900.7,39959.2,1270,9011.62,22913.1,36204.2,379,8153.29,23440.1,36285.4,6.21108,1613.11,91,64.517,266.769,530.966,229,126.426,277.888,337.062,1995,1995,4.00198,0,0,0,0,0,0,0,0,261.377,0,0,0,0,0,4841,46,99.0587,0,15376,264.345
e1_span_010_dynamic_r01,e1_span_010_dynamic,78,64.8818,156000,78,7,3641.57,23223.7,23223.7,32,48.697,23657.6,23745.8,1291,15.819,23295,39635.4,377,424.33,23734.6,41043.9,5.35809,1706.46,101,64.058,186.627,227.227,192,124.515,290.397,353.675,2000,2000,4.00198,0,0,0,0,0,0,0,0,261.377,0,0,0,0,0,4659,25,99.4663,0,15567,264.382
e1_span_010_dynamic_r01,e1_span_010_dynamic,79,66.9485,158000,79,4,9809.59,21811,21811,35,18842.9,23835.9,23872.7,1268,564.492,24042.9,26280.2,395,1389.96,24248.7,26324.9,4.11646,2402.69,97,61.445,219.989,323.173,202,133.38,306.341,358.068,2001,2001,4.00198,0,0,0,0,0,0,0,0,261.377,0,0,0,0,0,5593,44,99.2194,0,15769,264.419
e1_span_010_dynamic_r01,e1_span_010_dynamic,80,69.0549,160000,80,10,17740.4,25034.3,25034.3,23,16558,24684.5,26567.6,1238,8252.11,24232.6,24934.2,393,6205.32,24504.4,25187.3,4.5369,2205.19,107,62.077,157.494,265.478,227,119.473,267.237,338.496,1998,1998,4.00198,0,0,0,0,0,0,0,0,261.377,0,0,0,0,0,5444,38,99.3068,0,15997,264.461
e1_span_010_dynamic_r01,e1_span_010_dynamic,81,71.0884,162000,81,5,21920.5,27914.9,27914.9,39,8616.96,28147.2,37077.5,1284,422.542,24923,28825.6,385,581.86,25517.3,40459.5,4.99481,1996.43,86,60.697,192.798,493.711,202,121.989,275.866,447.533,2001,2001,4.00198,0,0,0,0,0,0,0,0,261.377,0,0,0,0,0,5372,44,99.1876,0,16199,264.495
e1_span_010_dynamic_r01,e1_span_010_dynamic,82,72.6909,164000,82,7,33.239,5867,5867,23,63.96,24983.4,25060.1,1251,18.494,25066.2,29564,419,1722.8,25200.6,25594.5,3.60382,2126.66,98,53.728,187.286,316.491,202,118.98,263.701,341.226,2000,2000,4.00198,0,0,0,0,0,0,0,0,261.377,0,0,0,0,0,5767,36,99.3796,0,16401,264.533
e1_span_010_dynamic_r01,e1_span_010_dynamic,83,74.348,166000,83,10,8832.48,25542.1,25542.1,26,5998.06,25351.9,25523.4,1266,38.547,25517.5,25802.5,400,1245.61,25793.6,26561.6,4.385,1921.82,111,64.321,146.618,281.567,188,111.791,213.541,304.793,2001,2001,4.00198,0,0,0,0,0,0,0,0,261.377,0,0,0,0,0,6039,42,99.3093,0,16588,264.573
e1_span_010_dynamic_r01,e1_span_010_dynamic,84,76.2237,168000,84,5,23514.2,25673.4,25673.4,26,44.733,25928.3,25981,1241,590.979,26032.9,26416.9,412,771.298,26216.8,26567.1,3.74029,2407.77,107,53.005,138.881,222.731,207,118.463,223.647,7283.2,1998,1998,4.00198,0,0,0,0,0,0,0,0,261.377,0,0,0,0,0,5963,45,99.251,0,16796,264.614
e1_span_010_dynamic_r01,e1_span_010_dynamic,85,78.0759,170000,85,5,8.296,23782.2,23782.2,39,42.998,26408.6,26528.9,1250,1688.63,26456.7,35643.6,408,581.141,26640.1,27433.1,3.65931,2312.25,105,54.219,149.42,217.054,193,117.128,237.021,326.648,2000,2000,4.00198,0,0,0,0,0,0,0,0,261.377,0,0,0,0,0,5908,33,99.4445,0,16989,264.653
e1_span_010_dynamic_r01,e1_span_010_dynamic,86,79.6612,172000,86,7,28.851,25369.5,25369.5,33,46.112,26962.2,26986.3,1232,14.535,26879.1,27166,430,406.557,27129,27424.4,4.55814,1782.69,95,49.361,230.685,294.509,203,120.108,289.829,328.715,2000,2000,4.00198,0,0,0,0,0,0,0,0,261.377,0,0,0,0,0,5861,25,99.5753,0,17192,264.69
e1_span_010_dynamic_r01,e1_span_010_dynamic,87,81.9716,174000,87,6,21.033,31217.8,31217.8,25,9306.54,33484,53677.8,1268,3181.1,35835.6,43952,395,6440.66,36129.8,47775.3,3.78734,3060.93,106,57.721,176.831,296.617,203,102.925,241.822,340.921,2003,2003,4.00198,0,0,0,0,0,0,0,0,261.377,0,0,0,0,0,5461,37,99.327,0,17394,264.73
e1_span_010_dynamic_r01,e1_span_010_dynamic,88,84.3794,176000,88,4,8872.18,18570.1,18570.1,27,6880.49,35298.2,36106.1,1279,413.135,36830.7,39216.1,390,8976.44,37555.3,39932.9,3.18974,3790.49,100,55.822,531.19,1957.47,202,112.524,292.046,1196.73,2002,2002,4.00198,0,0,0,0,0,0,0,0,261.377,0,0,0,0,0,5788,27,99.5357,0,17596,264.768
e1_span_010_dynamic_r01,e1_span_010_dynamic,89,86.753,178000,89,2,26876.4,26876.4,26876.4,22,34.434,34079.4,36446,1245,688.793,37051.7,39810.3,412,9321.3,38126.7,40354.1,3.95388,3115.64,111,53.922,198.64,519.337,203,107.618,251.234,933.211,1995,1995,4.00198,0,0,0,0,0,0,0,0,261.377,0,0,0,0,0,6493,44,99.3269,0,17800,264.81
e1_span_010_dynamic_r01,e1_span_010_dynamic,90,89.434,180000,90,4,24.669,27442.9,27442.9,28,19827.3,41279.7,44038.6,1305,5280.66,39431.8,41506.6,356,4629.57,39642.2,42090.4,2.91292,4267.5,111,52.441,137.627,406.866,205,116.31,287.344,1031.61,2009,2009,5.00199,0,0,0,0,0,0,0,0,261.377,0,0,0,0,0,5620,31,99.4514,0,18005,264.852
e1_span_010_dynamic_r01,e1_span_010_dynamic,91,91.7821,182000,91,2,31130.9,31130.9,31130.9,25,40.282,38276.3,38325.2,1300,14.771,38386.8,40898.4,363,531.413,38981.6,41610,2.43526,4764.74,114,49.03,286.558,1932.39,190,121.407,339.621,2125.43,1994,1994,5.00199,0,0,0,0,0,0,0,0,261.377,0,0,0,0,0,5517,34,99.3875,0,18194,264.893
e1_span_010_dynamic_r01,e1_span_010_dynamic,92,94.2009,184000,92,8,27567.2,38719,38719,31,46.459,39455.4,40001.8,1256,19.877,39476.3,41752.8,373,520.814,39732.4,41670.5,3.38874,3478.11,118,50.298,142.721,202.751,210,100.141,277.862,756.066,1996,1996,5.00199,0,0,0,0,0,0,0,0,261.377,0,0,0,0,0,5405,27,99.5029,0,18405,264.937
e1_span_010_dynamic_r01,e1_span_010_dynamic,93,96.5636,186000,93,5,14623.3,29485.6,29485.6,25,46.114,43117.7,43159.8,1232,18.74,39884.5,42316,417,6293.91,39740.9,40349.2,3.02638,3816.11,97,50.385,128.41,254.455,224,110.856,354.994,1471.03,2000,2000,5.00199,0,0,0,0,0,0,0,0,261.377,0,0,0,0,0,6090,42,99.3151,0,18629,264.975
e1_span_010_dynamic_r01,e1_span_010_dynamic,94,98.9946,188000,94,6,39160.2,59416.4,59416.4,22,65.94,41066.8,41672.6,1304,14.692,40346.9,46567.5,375,579.455,40674.2,46187.8,3.57333,3234.02,107,54.678,193.179,228.365,186,119.684,288.822,1478.98,2000,2000,5.00199,0,0,0,0,0,0,0,0,261.377,0,0,0,0,0,5696,36,99.3719,0,18815,265.015
e1_span_010_dynamic_r01,e1_span_010_dynamic,95,101.918,190000,95,7,11186.5,28090.5,28090.5,17,8081.19,42714.7,42714.7,1262,9040.73,41821.4,45874.9,404,11164.5,41372.7,47900.4,2.53713,5668.94,96,58.848,166.974,347.249,214,115.628,465.54,1719.55,2000,2000,5.00199,0,0,0,0,0,0,0,0,261.377,0,0,0,0,0,6175,27,99.5647,0,19029,265.052
e1_span_010_dynamic_r01,e1_span_010_dynamic,96,104.378,192000,96,10,50.176,37728.9,37728.9,35,11486.3,40738.3,41186.7,1289,15.819,41276.6,50288.6,372,405.47,41039.2,48617,2.85753,3615.02,117,49.187,206.735,352.076,178,118.367,351.843,1088.54,2001,2001,5.00199,0,0,0,0,0,0,0,0,261.377,0,0,0,0,0,5663,36,99.3683,0,19207,265.094
e1_span_010_dynamic_r01,e1_span_010_dynamic,97,106.771,194000,97,6,26979.3,41156.6,41156.6,24,42.125,31400.8,42847.8,1277,15.183,41961.4,43756.4,413,386.749,42705.5,44849.3,3.36077,3496.16,94,50.65,195.757,661.153,186,108.182,259.847,1283.93,2000,2000,5.00199,0,0,0,0,0,0,0,0,261.377,0,0,0,0,0,6000,41,99.3213,0,19392,265.13
e1_span_010_dynamic_r01,e1_span_010_dynamic,98,109.772,196000,98,2,9327.98,9327.98,9327.98,34,11858.2,43938.9,55260.9,1183,10968.5,43354.7,45487.6,441,10969.9,43816.4,45358.2,3.51474,4175.76,122,49.148,183.974,376.244,218,110.975,276.826,702.53,2000,2000,5.00199,0,0,0,0,0,0,0,0,261.377,0,0,0,0,0,6253,37,99.4118,0,19611,265.175
e1_span_010_dynamic_r01,e1_span_010_dynamic,99,112.458,198000,99,6,34236.1,43534.5,43534.5,31,28.043,43840.1,44205.9,1276,21.327,43214.3,45573.9,389,454.658,43191.1,45011.7,3.05656,3793.06,109,50.728,216.624,1724.2,188,111.345,273.953,997.641,1999,1999,5.00199,0,0,0,0,0,0,0,0,261.377,0,0,0,0,0,6074,20,99.6718,0,19799,265.215
e1_span_010_dynamic_r01,e1_span_010_dynamic,100,115.325,200000,100,11,22.854,33455.4,33455.4,26,12002.9,42337.1,44943.5,1260,2255.89,43485.9,46716.2,392,10858.4,43181.1,45916.1,2.51531,5611.94,110,60.213,152.983,225.825,201,114.071,384.736,1211.26,2000,2000,5.00199,0,0,0,0,0,0,0,0,261.377,0,0,0,0,0,6011,43,99.2897,0,20000,265.256
e1_span_010_dynamic_r02,e1_span_010_dynamic,1,0.0231277,2000,1,2,70.703,70.703,70.703,26,21.349,84.167,183.331,1257,25.807,81.995,104.806,405,163.549,320.269,5952.1,98.9728,2.59146,122,16.718,70.779,102.327,198,40.356,115.898,163.792,2010,2010,1.00196,0,0,0,0,0,0,0,0,261.386,0,0,0,0,0,266,4074,6.12903,0,198,261.516
e1_span_010_dynamic_r02,e1_span_010_dynamic,2,0.0433963,4000,2,6,17.839,109.514,109.514,25,21.05,153.064,289.815,1275,58.222,149.449,173.846,374,161.194,255.011,295.739,92.1123,1.75866,101,13.978,83.363,112.682,219,39.578,108.537,124.907,2000,2000,1.00196,0,0,0,0,0,0,0,0,261.386,0,0,0,0,0,714,3200,18.2422,0,416,261.555
e1_span_010_dynamic_r02,e1_span_010_dynamic,3,0.0698894,6000,3,7,136.589,222.951,222.951,28,104.763,243.14,248.116,1214,71.56,233.891,258.097,424,195.048,320.014,353.096,87.4646,2.10405,102,16.963,94.117,114.85,220,43.115,102.819,116.813,1995,1995,1.00196,0,0,0,0,0,0,0,0,261.386,0,0,0,0,0,1076,3007,26.3532,0,636,261.594
e1_span_010_dynamic_r02,e1_span_010_dynamic,4,0.104503,8000,4,9,122.377,412.888,412.888,24,199.056,322.35,355.805,1253,80.507,333.619,393.475,428,145.533,429.328,473.388,87.7383,2.3094,81,20.743,97.942,122.114,204,49.748,124.028,151.353,1999,1999,1.00196,0,0,0,0,0,0,0,0,261.386,0,0,0,0,0,1517,2609,36.7668,0,840,261.627
e1_span_010_dynamic_r02,e1_span_010_dynamic,5,0.152522,10000,5,5,67.957,248.591,248.591,26,15.751,428.042,455.755,1250,62.134,511.698,598.186,441,165.436,620.506,726.8,81.5102,3.41907,99,26.684,114.083,177.571,188,64.487,148.242,190.615,2009,2009,1.00196,0,0,0,0,0,0,0,0,261.386,0,0,0,0,0,1779,2225,44.4306,0,1028,261.664
e1_span_010_dynamic_r02,e1_span_010_dynamic,6,0.228772,12000,6,5,287.537,734.049,734.049,28,389.744,957.128,977.291,1287,41.46,894.214,1011.85,396,262.999,1030.13,1215.94,79.6035,5.49321,92,41.786,139.198,227.206,188,88.101,191.688,327.768,1996,1996,1.00196,0,0,0,0,0,0,0,0,261.386,0,0,0,0,0,1860,1824,50.4886,0,1217,261.699
e1_span_010_dynamic_r02,e1_span_010_dynamic,7,0.332958,14000,7,11,403.592,1015.83,1015.83,29,33.914,1268.06,1848.18,1264,182.891,1101.03,1824.47,381,405.149,1294.18,2167.49,76.6404,7.59833,96,45.391,219.974,303.837,211,105.39,288.754,329.647,1992,1992,2.00197,0,0,0,0,0,0,0,0,261.386,0,0,0,0,0,2039,1496,57.6803,0,1427,261.736
e1_span_010_dynamic_r02,e1_span_010_dynamic,8,0.464834,16000,8,8,1082.75,1826.02,1826.02,26,985.687,1701.33,2049.31,1259,60.775,1550.24,2194.02,421,340.032,1755.41,2335.73,72.4299,9.82394,111,60.355,234.501,288.449,187,117.244,263.352,348.703,2012,2012,2.00197,0,0,0,0,0,0,0,0,261.386,0,0,0,0,0,2269,1362,62.4897,0,1614,261.776
e1_span_010_dynamic_r02,e1_span_010_dynamic,9,0.622912,18000,9,8,41.209,2146.57,2146.57,24,428.023,1976.31,2232.93,1255,188.954,1715.63,2487.07,389,744.252,1944.07,2799.87,71.1722,12.7881,111,62.265,259.868,309.057,203,119.519,275.655,321.849,1990,1990,2.00197,0,0,0,0,0,0,0,0,261.386,0,0,0,0,0,2324,1071,68.4536,0,1818,261.818
e1_span_010_dynamic_r02,e1_span_010_dynamic,10,0.796594,20000,10,5,1419.43,1654.4,1654.4,19,988.819,2305.01,2305.01,1276,278.538,1859.59,2836.19,390,490.32,1931.41,2928.56,67.8897,13.2954,99,65.999,205.075,365.92,215,127.732,320.68,371.296,2004,2004,2.00197,0,0,0,0,0,0,0,0,261.386,0,0,0,0,0,2379,885,72.886,0,2031,261.856
e1_span_010_dynamic_r02,e1_span_010_dynamic,11,0.973032,22000,11,3,39.205,525.094,525.094,20,521.127,2042.24,2042.24,1302,48.157,1962.55,2389.01,389,635.608,2195.53,2574.24,64.8869,15.6818,91,61.397,168.668,368.22,191,118.144,300.294,392.304,1996,1996,2.00197,0,0,0,0,0,0,0,0,261.386,0,0,0,0,0,2420,787,75.4599,0,2223,261.891
e1_span_010_dynamic_r02,e1_span_010_dynamic,12,1.17062,24000,12,5,1663.24,1889.3,1889.3,24,28.489,2318.5,2523.35,1257,307.613,2164.77,2840.93,387,581.147,2282.69,2902.05,65.0155,16.052,113,61.582,275.747,322.444,215,124.738,311.005,377.341,2001,2001,2.00197,0,0,0,0,0,0,0,0,261.386,0,0,0,0,0,2472,716,77.5408,0,2438,261.933
e1_span_010_dynamic_r02,e1_span_010_dynamic,13,1.39928,26000,13,5,2040.02,2149.08,2149.08,21,2024.92,2448.65,3791.09,1251,289.806,2284.99,3759.74,400,570.82,2494.32,4057.98,56.7775,21.1116,104,61.777,177.267,302.309,215,122.093,277.279,339.507,1996,1996,2.00197,0,0,0,0,0,0,0,0,261.386,0,0,0,0,0,2513,627,80.0318,0,2654,261.973
e1_span_010_dynamic_r02,e1_span_010_dynamic,14,1.63416,28000,14,4,353.248,2331.48,2331.48,30,2145.61,2413.67,2567.66,1249,320.417,2498.96,2651.59,406,430.95,2654.5,2761.83,56.3202,20.9539,102,61.292,188.08,251.622,213,117.161,250.668,293.443,2004,2004,2.00197,0,0,0,0,0,0,0,0,261.386,0,0,0,0,0,2626,506,83.8442,0,2864,262.012
e1_span_010_dynamic_r02,e1_span_010_dynamic,15,1.86946,30000,15,4,509.529,2419.78,2419.78,25,287.312,2636.69,2648.57,1267,46.19,2724.9,2903.07,398,408.593,2877.71,2968.2,52.8442,24.0033,113,59.125,169.237,383.783,200,113.041,325.688,464.641,2007,2007,2.00197,0,0,0,0,0,0,0,0,261.386,0,0,0,0,0,2603,432,85.7661,0,3067,262.054
e1_span_010_dynamic_r02,e1_span_010_dynamic,16,2.13053,32000,16,8,2582.79,3271.24,3271.24,16,50.461,2849.82,2849.82,1320,49.945,2917.12,3065.64,375,246.897,3009.94,3200.86,53.152,23.4324,96,62.773,152.1,183.703,176,113.213,320.223,487.38,1991,1991,2.00197,0,0,0,0,0,0,0,0,261.386,0,0,0,0,0,2466,441,84.8297,0,3243,262.089
e1_span_010_dynamic_r02,e1_span_010_dynamic,17,2.36877,34000,17,4,15.339,42.47,42.47,32,49.585,3090.1,3098.36,1264,29.38,3029.31,3153.55,417,216.333,3169.25,3273.69,52.8489,23.9497,95,62.473,203.774,367.382,189,128.286,362.167,432.007,2001,2001,2.00197,0,0,0,0,0,0,0,0,261.386,0,0,0,0,0,2707,414,86.735,0,3431,262.125
e1_span_010_dynamic_r02,e1_span_010_dynamic,18,2.69346,36000,18,6,3052.03,3365.6,3365.6,21,2930.37,3219.13,3314.54,1270,305.156,3334.2,4345.14,392,893.228,3535.58,4633.7,46.3903,37.4199,107,62.821,195.783,274.191,215,119.054,345.581,422.831,2011,2011,2.00197,0,0,0,0,0,0,0,0,261.386,0,0,0,0,0,2593,302,89.5682,0,3645,262.165
e1_span_010_dynamic_r02,e1_span_010_dynamic,19,3.03407,38000,19,5,37.5,3555.72,3555.72,30,61.533,3638.59,6258.44,1226,161.632,3586.14,6190.86,430,400.989,3792.35,6483.92,50.5256,33.2606,115,64.965,205.07,331.056,181,135.491,322.582,458.779,1987,1987,2.00197,0,0,0,0,0,0,0,0,261.386,0,0,0,0,0,2883,289,90.889,0,3828,262.207
e1_span_010_dynamic_r02,e1_span_010_dynamic,20,3.36215,40000,20,10,58.347,6507.15,6507.15,22,52.007,3849.18,6832.37,1263,47.827,3745.16,6658.04,415,354.203,4091.67,6751.95,45.4265,38.9875,106,73.08,315.817,449.242,192,141.479,412.874,514.18,2008,2008,2.00197,0,0,0,0,0,0,0,0,261.386,0,0,0,0,0,2785,243,91.9749,0,4020,262.246
e1_span_010_dynamic_r02,e1_span_010_dynamic,21,3.71991,42000,21,9,3650.43,3845.53,3845.53,27,50.558,3864.51,4383.57,1258,54.936,3941.34,6914.65,397,325.351,4209.87,7139.01,46.5164,39.3655,103,65.719,267.373,367.282,198,136.87,317.37,360.517,1992,1992,2.00197,0,0,0,0,0,0,0,0,261.386,0,0,0,0,0,2753,182,93.799,0,4218,262.284
e1_span_010_dynamic_r02,e1_span_010_dynamic,22,4.09738,44000,22,5,409.234,4207.65,4207.65,28,42.554,3982.54,3992.97,1270,72.724,4120.26,7356.48,396,362.278,4288.9,7487.7,41.4369,45.9253,110,65.552,240.032,279.418,193,143.793,385.888,443.878,2002,2002,2.00197,0,0,0,0,0,0,0,0,261.386,0,0,0,0,0,2622,198,92.9787,0,4410,262.325
e1_span_010_dynamic_r02,e1_span_010_dynamic,23,4.46445,46000,23,3,208.068,4260.13,4260.13,35,40.93,4276.53,4369.94,1256,40.9,4371.65,7993.37,405,295.943,4651.55,7878.28,40.3383,47.8561,117,72.898,376.355,469.469,189,147.632,384.491,537.173,2005,2005,2.00197,0,0,0,0,0,0,0,0,261.386,0,0,0,0,0,2719,153,94.6727,0,4599,262.366
e1_span_010_dynamic_r02,e1_span_010_dynamic,24,4.85541,48000,24,6,57.58,7917.7,7917.7,22,1060.63,4333.5,4336.52,1292,38.431,6719.26,8151.26,378,314.92,6878.41,8285.18,38.2275,49.7519,102,77.422,245.628,330.856,192,142.554,367.289,403.634,1992,1992,2.00197,0,0,0,0,0,0,0,0,261.386,0,0,0,0,0,2632,171,93.8994,0,4792,262.404
e1_span_010_dynamic_r02,e1_span_010_dynamic,25,5.19741,50000,25,1,3531.78,3531.78,3531.78,28,398.94,4829.92,8438.2,1279,34.278,4679.01,8270.81,409,261.171,4913.57,8091.18,42.1785,39.6501,84,67.518,347.539,6539.85,199,129.057,366.53,4413.55,2000,2000,2.00197,0,0,0,0,0,0,0,0,261.386,0,0,0,0,0,2918,145,95.2661,0,4991,262.437
e1_span_010_dynamic_r02,e1_span_010_dynamic,26,5.53079,52000,26,3,40.43,4063.88,4063.88,24,1274.95,4731.26,4965.07,1297,28.423,4951.72,8831.3,416,209.764,4983.02,5683.16,38.0096,39.248,81,62.421,261.708,433.482,185,119.609,319.573,400.656,2006,2006,2.00197,0,0,0,0,0,0,0,0,261.386,0,0,0,0,0,2798,113,96.1182,0,5176,262.47
e1_span_010_dynamic_r02,e1_span_010_dynamic,27,5.97944,54000,27,6,3946.76,5109.03,5109.03,16,141.575,5634.37,5634.37,1293,1169.83,5294.44,9419.65,368,1451.92,5633.06,9593.61,37.1467,65.4258,92,63.437,231.728,296.862,222,127.358,289.075,435.27,1997,1997,2.00197,0,0,0,0,0,0,0,0,261.386,0,0,0,0,0,2574,121,95.5102,0,5398,262.506
e1_span_010_dynamic_r02,e1_span_010_dynamic,28,6.40347,56000,28,8,58.626,10246.6,10246.6,33,1368.27,6136.79,8933.31,1253,63.85,5518.59,9770.58,404,610.394,5675.18,10041.1,31.2525,65.1806,108,62.053,235.748,298.001,196,126.023,303.841,459.008,2002,2002,2.00197,0,0,0,0,0,0,0,0,261.386,0,0,0,0,0,2805,118,95.9631,0,5592,262.546
e1_span_010_dynamic_r02,e1_span_010_dynamic,29,6.82464,58000,29,8,14.449,10695.6,10695.6,23,1324.93,10366.7,10490.9,1275,306.464,5677.39,7024.65,395,1242.58,5871.41,10441.5,35.0101,62.2464,99,54.208,239.617,376.111,195,123.097,267.518,395.804,1995,1995,2.00197,0,0,0,0,0,0,0,0,261.386,0,0,0,0,0,2795,94,96.7463,0,5789,262.584
e1_span_010_dynamic_r02,e1_span_010_dynamic,30,7.24215,60000,30,7,1426.56,5996.18,5996.18,26,42.638,5775.96,5836.68,1263,60.185,5893.91,6753.07,407,248.198,6077.75,8575.16,31.7371,63.3502,108,60.639,210.936,324.18,190,112.203,280.991,369.965,2001,2001,2.00197,0,0,0,0,0,0,0,0,261.386,0,0,0,0,0,2760,99,96.5373,0,5979,262.624
e1_span_010_dynamic_r02,e1_span_010_dynamic,31,7.71026,62000,31,6,26.022,5876.68,5876.68,22,1439.76,5933.52,5943.01,1271,191.123,6118.83,11100.5,407,1582.59,6287.29,6839.41,28.9631,90.3398,111,64.622,207.112,270.666,187,131.186,285.672,445.382,2004,2004,2.00197,0,0,0,0,0,0,0,0,261.386,0,0,0,0,0,2901,110,96.3467,0,6165,262.664
e1_span_010_dynamic_r02,e1_span_010_dynamic,32,8.22061,64000,32,6,1599.47,6234.03,6234.03,23,320.988,6442.76,6450.76,1293,306.624,6470.9,11627.5,373,494.954,6842.91,11703.1,29.1394,85.2135,88,64.349,200.18,359.726,214,121.558,274.757,328.504,1997,1997,2.00197,0,0,0,0,0,0,0,0,261.386,0,0,0,0,0,2562,88,96.6792,0,6380,262.7
e1_span_010_dynamic_r02,e1_span_010_dynamic,33,8.68292,66000,33,8,1699.3,6421.94,6421.94,21,47.23,6519.86,6607.62,1254,306.195,6609.81,6781.92,431,559.782,6763.04,7056.68,28.9582,80.1793,100,64.51,207.537,428.246,190,114.282,291.054,478.327,2004,2004,2.00197,0,0,0,0,0,0,0,0,261.386,0,0,0,0,0,3123,97,96.9876,0,6569,262.737
e1_span_010_dynamic_r02,e1_span_010_dynamic,34,9.23175,68000,34,7,344.767,6935.58,6935.58,18,3235.05,6979.27,6979.27,1286,292.237,6893.32,7752.62,397,1764.78,7084.29,8327.56,30.6977,96.1455,89,56.803,233.918,337.185,197,124.16,275.41,368.967,1994,1994,2.00197,0,0,0,0,0,0,0,0,261.386,0,0,0,0,0,2888,84,97.1736,0,6767,262.772
e1_span_010_dynamic_r02,e1_span_010_dynamic,35,9.72702,70000,35,6,1699.41,7152.4,7152.4,36,1558.6,7083.93,7310.24,1258,24.847,7148.08,11601,408,275.974,7282.65,7468.21,25.5833,94.1441,116,63.44,256.437,327.031,177,117.802,314.685,442.787,2001,2001,2.00197,0,0,0,0,0,0,0,0,261.386,0,0,0,0,0,2991,89,97.1104,0,6944,262.813
e1_span_010_dynamic_r02,e1_span_010_dynamic,36,10.4107,72000,36,5,26.955,7255.05,7255.05,22,38.259,7496.07,7575.69,1295,43.607,7594.44,13298.3,393,400.579,7811.16,13688.1,20.0585,173.365,84,68.401,356.482,7104.08,206,141.206,426.713,476.162,2005,2005,2.00197,0,0,0,0,0,0,0,0,261.386,0,0,0,0,0,2903,52,98.2403,0,7147,262.847
e1_span_010_dynamic_r02,e1_span_010_dynamic,37,11.1048,74000,37,7,5655.83,7657.09,7657.09,25,377.835,8739.6,14105.1,1245,50.974,8050.67,14134.3,408,533.294,8122.54,13983.7,23.4191,145.256,107,68.072,251.063,363.106,210,127.735,401.026,526.201,2002,2002,2.00197,0,0,0,0,0,0,0,0,261.386,0,0,0,0,0,3049,79,97.4744,0,7357,262.887
e1_span_010_dynamic_r02,e1_span_010_dynamic,38,11.7535,76000,38,9,18.74,8094.59,8094.59,21,47.942,8194.78,8368.78,1276,34.376,8209.79,12964.7,391,252.64,8481.29,14744.1,21.0077,153.998,106,65.542,350.13,414.032,200,135.253,383.471,474.977,2003,2003,3.00198,0,0,0,0,0,0,0,0,261.386,0,0,0,0,0,3051,64,97.9454,0,7558,262.927
e1_span_010_dynamic_r02,e1_span_010_dynamic,39,12.5074,78000,39,4,8198.07,8260.89,8260.89,18,403.721,8605.66,8605.66,1217,244.179,8527.43,14371.5,424,506.059,8701.07,14466,19.309,193.512,101,65.04,348.43,429.366,228,140.129,339.606,395.946,1992,1992,3.00198,0,0,0,0,0,0,0,0,261.386,0,0,0,0,0,3235,90,97.2932,0,7787,262.965
e1_span_010_dynamic_r02,e1_span_010_dynamic,40,13.2439,80000,40,6,8383.55,8683.83,8683.83,33,8377.74,8997.37,9071.53,1264,172.201,8759.24,8989.19,372,392.464,8918.58,9110.11,21.2849,181.163,111,75.014,315.724,441.354,214,140.562,397.736,490.755,2000,2000,3.00198,0,0,0,0,0,0,0,0,261.386,0,0,0,0,0,2877,49,98.3254,0,8002,263.007
e1_span_010_dynamic_r02,e1_span_010_dynamic,41,14.1083,82000,41,7,8809.42,9233.12,9233.12,17,398.324,9376.39,9376.39,1287,331.775,9207.91,15241.6,391,889.6,9360.89,16353.4,19.3734,231.447,93,70.46,226.617,350.759,203,133.416,344.147,396.83,1998,1998,3.00198,0,0,0,0,0,0,0,0,261.386,0,0,0,0,0,3167,70,97.8375,0,8205,263.043
e1_span_010_dynamic_r02,e1_span_010_dynamic,42,14.8558,84000,42,7,211.665,9374.45,9374.45,25,36.55,9621.87,11023.9,1294,29.81,9474,11433.1,405,230.554,9529.02,10676.1,21.3086,158.134,94,70.055,333.386,361.04,177,134.122,394.771,455.667,2002,2002,3.00198,0,0,0,0,0,0,0,0,261.386,0,0,0,0,0,3262,55,98.3419,0,8381,263.078
e1_span_010_dynamic_r02,e1_span_010_dynamic,43,15.6864,86000,43,6,8317.7,9352.58,9352.58,27,36.79,9846.53,13962.1,1316,32.82,9747.71,15596.3,378,335.507,9924.17,15827.8,18.2249,221.008,86,64.577,264.008,377.425,186,131.857,365.097,466.509,1999,1999,3.00198,0,0,0,0,0,0,0,0,261.386,0,0,0,0,0,3058,64,97.95,0,8567,263.111
e1_span_010_dynamic_r02,e1_span_010_dynamic,44,16.5688,88000,44,2,17448.4,17448.4,17448.4,20,7854.34,9924.42,9924.42,1286,122.97,10026.8,17710.9,388,546.597,10192.5,12345.9,17.268,264.854,102,66.649,321.537,402.618,206,142.828,417.003,499.953,2004,2004,3.00198,0,0,0,0,0,0,0,0,261.386,0,0,0,0,0,3473,54,98.469,0,8771,263.15
e1_span_010_dynamic_r02,e1_span_010_dynamic,45,17.4936,90000,45,8,35.456,10011.1,10011.1,22,44.814,10209.6,10244.7,1264,275.218,10349.7,12548.8,387,393.888,10608.8,16792.1,17.4289,255.106,98,65.741,232.278,349.463,214,134.009,345.407,401.167,1993,1993,3.00198,0,0,0,0,0,0,0,0,261.386,0,0,0,0,0,3436,64,98.1714,0,8988,263.188
e1_span_010_dynamic_r02,e1_span_010_dynamic,46,18.4609,92000,46,9,35.685,10678.5,10678.5,32,10189.1,11021.6,11623.4,1236,97.931,10949.2,19102.8,425,367.387,11273.9,19369,17.6847,267.937,93,65.348,229.373,448.707,211,137.885,401.81,583.784,2006,2006,3.00198,0,0,0,0,0,0,0,0,261.386,0,0,0,0,0,3518,73,97.9671,0,9199,263.224
e1_span_010_dynamic_r02,e1_span_010_dynamic,47,19.4772,94000,47,9,17.214,10915.5,10915.5,28,397.557,11334.4,11350.4,1262,42.354,11466,20141,396,256.727,13040.2,20467.5,14.3258,335.734,81,64.581,216.449,439.593,218,130.978,420.154,450.005,1994,1994,3.00198,0,0,0,0,0,0,0,0,261.386,0,0,0,0,0,3338,58,98.2921,0,9416,263.257
e1_span_010_dynamic_r02,e1_span_010_dynamic,48,20.3595,96000,48,9,11179.3,12765.9,12765.9,22,40.498,12287.7,13527.1,1293,18.71,11632,12630.5,387,233.4,11916.3,20872.1,14.845,288.793,106,63.649,257.981,304.064,186,144.9,463.113,590.029,2003,2003,3.00198,0,0,0,0,0,0,0,0,261.386,0,0,0,0,0,3339,57,98.3216,0,9602,263.296
e1_span_010_dynamic_r02,e1_span_010_dynamic,49,21.3723,98000,49,5,30.382,11979.5,11979.5,18,36.349,11790.6,11790.6,1246,36.411,12067.1,20743.5,435,309.265,12278.9,22312.9,15.6943,297.572,99,65.429,262.487,278.737,198,136.075,311.173,459.388,2001,2001,3.00198,0,0,0,0,0,0,0,0,261.386,0,0,0,0,0,3985,47,98.8343,0,9798,263.333
e1_span_010_dynamic_r02,e1_span_010_dynamic,50,22.4767,100000,50,10,11836.8,22312.1,22312.1,23,62.217,12185.8,12297.2,1249,58.15,12344.5,21877.2,414,539.737,12620.2,21902.1,14.8527,374.45,100,66.58,288.593,473.724,204,142.364,327.902,449.432,2000,2000,3.00198,0,0,0,0,0,0,0,0,261.386,0,0,0,0,0,3969,57,98.5842,0,10003,263.371
e1_span_010_dynamic_r02,e1_span_010_dynamic,51,23.5782,102000,51,6,12389.2,12581.2,12581.2,25,40.314,12483,12593.3,1300,32.898,12634.8,22605.6,391,362.142,12808.8,22798.6,13.4425,406.035,78,64.055,323.92,705.401,199,144.469,359.371,673.493,1999,1999,3.00198,0,0,0,0,0,0,0,0,261.386,0,0,0,0,0,3708,42,98.88,0,10203,263.403
e1_span_010_dynamic_r02,e1_span_010_dynamic,52,24.7802,104000,52,8,12575.6,22565.2,22565.2,27,41.293,12759.6,12922.3,1269,423.231,12959,22556,420,995.159,13184.3,22813.5,12.7357,454.849,94,64.347,290.586,433.532,193,137.793,382.417,443.894,2011,2011,3.00198,0,0,0,0,0,0,0,0,261.386,0,0,0,0,0,3856,49,98.7452,0,10397,263.439
e1_span_010_dynamic_r02,e1_span_010_dynamic,53,25.9703,106000,53,7,31.067,11774.8,11774.8,35,44.059,23800.8,23863.6,1284,35.639,13332.3,22798.3,376,543.604,13551.2,22929.9,12.5372,478.417,98,70.149,206.992,7413.37,189,140.513,475.926,7131.03,1989,1989,3.00198,0,0,0,0,0,0,0,0,261.386,0,0,0,0,0,3896,63,98.4087,0,10584,263.476
e1_span_010_dynamic_r02,e1_span_010_dynamic,54,27.1655,108000,54,5,38.97,1416.69,1416.69,31,45.579,13592.7,24937.9,1270,28.851,13756.8,24024.4,421,375.793,13983,24176.5,12.6413,477.155,92,66.583,245.813,494.948,184,137.158,311.468,415.814,2003,2003,3.00198,0,0,0,0,0,0,0,0,261.386,0,0,0,0,0,3985,38,99.0554,0,10767,263.51
e1_span_010_dynamic_r02,e1_span_010_dynamic,55,28.2356,110000,55,7,13531.8,13844.3,13844.3,22,6346.16,13831.2,13851,1350,15.945,13916.5,14520.1,360,239.547,14139.1,14463,11.3444,432.395,96,65.084,252.598,4056.13,161,130.649,349.303,4100.28,1996,1996,3.00198,0,0,0,0,0,0,0,0,261.386,0,0,0,0,0,3553,42,98.8317,0,10930,263.545
e1_span_010_dynamic_r02,e1_span_010_dynamic,56,29.4734,112000,56,4,38.048,14200.6,14200.6,30,48.63,14959.6,16647.7,1251,19.819,14312,25015.3,425,349.941,14501.8,22129.2,12.4094,475.009,88,65.368,292.609,397.98,200,132.459,350.749,428.134,1998,1998,3.00198,0,0,0,0,0,0,0,0,261.386,0,0,0,0,0,4335,49,98.8823,0,11130,263.58
e1_span_010_dynamic_r02,e1_span_010_dynamic,57,30.7765,114000,57,3,55.191,357.221,357.221,28,78.496,14925.2,24074.2,1279,281.648,14863.8,26399.4,400,508.231,15095.5,25545.1,11.1975,555.308,83,65.258,208.562,360.6,211,135.568,399.349,660.56,2004,2004,3.00198,0,0,0,0,0,0,0,0,261.386,0,0,0,0,0,3897,48,98.7833,0,11341,263.614
e1_span_010_dynamic_r02,e1_span_010_dynamic,58,32.1461,116000,58,8,241.184,15013.3,15013.3,10,59.812,14703.2,14703.2,1306,205.962,15187.7,26297.1,377,723.613,15488.1,26597.3,9.57029,727.966,92,68.353,250.453,335.413,213,132.461,343.159,415.63,2006,2006,3.00198,0,0,0,0,0,0,0,0,261.386,0,0,0,0,0,3609,32,99.1211,0,11554,263.65
e1_span_010_dynamic_r02,e1_span_010_dynamic,59,33.2971,118000,59,6,5367.09,14946.6,14946.6,27,67.205,18043,26800.3,1269,16.629,15865.3,27353.3,379,589.755,18427.7,27543.7,10.6966,587.942,105,67.372,340.216,382.403,204,135.139,392.152,482.426,1990,1990,3.00198,0,0,0,0,0,0,0,0,261.386,0,0,0,0,0,3960,43,98.9258,0,11759,263.689
e1_span_010_dynamic_r02,e1_span_010_dynamic,60,34.5155,120000,60,6,35.354,15512.6,15512.6,30,3718.44,15685.8,15770.9,1237,3429.28,15888.3,26647.2,431,3669.04,16132.4,25203,9.74478,621.736,97,62.209,243.364,461.644,198,120.526,258.911,305.245,1999,1999,3.00198,0,0,0,0,0,0,0,0,261.386,0,0,0,0,0,4565,47,98.9809,0,11957,263.726
e1_span_010_dynamic_r02,e1_span_010_dynamic,61,35.7085,122000,61,4,1464.54,19927.2,19927.2,29,55.233,16344.9,19131.3,1285,27.628,16746.3,26597.9,382,784.415,16903.9,26681.8,10.3586,557.969,105,55.873,183.806,288.407,197,129.154,380.845,865.801,2002,2002,3.00198,0,0,0,0,0,0,0,0,261.386,0,0,0,0,0,3888,40,98.9817,0,12154,263.766
e1_span_010_dynamic_r02,e1_span_010_dynamic,62,37.3286,124000,62,6,12540,17072.2,17072.2,24,330.128,26186.1,28750.6,1272,2179.2,16803.6,28540.4,400,8524.31,17294.8,26081.4,8.265,1003.94,101,64.411,187.601,331.951,202,130.839,299.089,420.662,2005,2005,4.00198,0,0,0,0,0,0,0,0,261.386,0,0,0,0,0,4276,40,99.0732,0,12356,263.804
e1_span_010_dynamic_r02,e1_span_010_dynamic,63,38.7754,126000,63,3,13.943,31.039,31.039,33,50.385,17086.3,17089.8,1249,1027.66,17219.1,23613.4,404,1205.94,17386.9,17761.6,7.86634,846.735,101,62.673,210.944,334.184,202,123.646,286.027,346.507,1992,1992,4.00198,0,0,0,0,0,0,0,0,261.386,0,0,0,0,0,4370,42,99.0481,0,12558,263.843
e1_span_010_dynamic_r02,e1_span_010_dynamic,64,40.2654,128000,64,9,3428.14,17833,17833,27,47.931,17551.3,17743.4,1270,27.559,17725.3,28874.9,409,485.396,17832.5,28770.5,9.76284,743.55,106,69.91,208.697,262.303,189,138.669,298.925,434.957,2010,2010,4.00198,0,0,0,0,0,0,0,0,261.386,0,0,0,0,0,4683,56,98.8183,0,12744,263.882
e1_span_010_dynamic_r02,e1_span_010_dynamic,65,41.9823,130000,65,7,17526.7,31150.4,31150.4,24,280.342,17794.9,18010.7,1255,2289.89,18197.2,31262.8,381,2318.93,18371.4,31137.3,7.00262,1191.69,111,66.83,287.933,452.598,217,129.441,306.349,380.346,1995,1995,4.00198,0,0,0,0,0,0,0,0,261.386,0,0,0,0,0,4136,37,99.1133,0,12962,263.923
e1_span_010_dynamic_r02,e1_span_010_dynamic,66,43.5027,132000,66,7,56.394,18186.7,18186.7,24,8086.47,20246.9,33116.4,1273,50.865,18502.6,29137.6,395,479.157,18817.8,32516.2,7.34684,1006.22,94,65.063,308.237,371.691,202,138.969,344.536,400.892,1995,1995,4.00198,0,0,0,0,0,0,0,0,261.386,0,0,0,0,0,4514,43,99.0564,0,13166,263.96
e1_span_010_dynamic_r02,e1_span_010_dynamic,67,45.2286,134000,67,4,32.642,59.914,59.914,23,8122.52,18757.3,33243.6,1285,1770.49,19006.8,31516.8,398,4371.65,19227.3,25669.3,7.92462,1042.5,94,63.703,195.406,340.983,202,125.08,256.708,332.306,2006,2006,4.00198,0,0,0,0,0,0,0,0,261.386,0,0,0,0,0,4330,48,98.9036,0,13367,263.996
e1_span_010_dynamic_r02,e1_span_010_dynamic,68,46.9261,136000,68,6,45.545,18551.3,18551.3,19,47.621,19264.9,19264.9,1250,278.075,19273,32953.5,420,542.901,19570.9,33366.5,7.20238,1185.81,105,68.352,209.198,227.615,195,128.899,275.62,343.357,1995,1995,4.00198,0,0,0,0,0,0,0,0,261.386,0,0,0,0,0,5119,55,98.937,0,13563,264.036
e1_span_010_dynamic_r02,e1_span_010_dynamic,69,48.6265,138000,69,6,36.808,18893.8,18893.8,22,57.265,19538.5,22164.3,1301,18.909,19851.9,33971,401,672.239,20238.1,34567.7,6.18454,1429.53,85,63.988,213.143,324.98,186,129.646,313.208,398.928,2001,2001,4.00198,0,0,0,0,0,0,0,0,261.386,0,0,0,0,0,4654,56,98.811,0,13749,264.069
e1_span_010_dynamic_r02,e1_span_010_dynamic,70,50.4741,140000,70,11,23.147,19825.9,19825.9,25,420.188,30881.7,34788.4,1245,387.535,20447.4,33431,425,1380.04,21109.7,33631,6.09647,1556.24,89,69.03,391.156,421.759,207,136.778,413.547,506.93,2002,2002,4.00198,0,0,0,0,0,0,0,0,261.386,0,0,0,0,0,5138,48,99.0744,0,13956,264.104
e1_span_010_dynamic_r02,e1_span_010_dynamic,71,52.1332,142000,71,10,47.561,30716.9,30716.9,20,628.143,20619.8,20619.8,1276,23.341,20876.1,32587.6,394,1174.95,20893.4,28658.4,7.40102,1125.45,92,65.811,247.725,277.899,204,123.786,270.817,360.755,1996,1996,4.00198,0,0,0,0,0,0,0,0,261.386,0,0,0,0,0,4897,47,99.0494,0,14160,264.14
e1_span_010_dynamic_r02,e1_span_010_dynamic,72,53.8298,144000,72,13,40.176,20463.8,20463.8,31,40.134,21291.3,21581.4,1270,22.977,20804.6,28571.2,412,3982.63,21243.8,27427.1,6.56553,1328.23,85,63.609,233.572,397.568,198,135.52,347.054,459.288,2009,2009,4.00198,0,0,0,0,0,0,0,0,261.386,0,0,0,0,0,4964,30,99.3993,0,14356,264.174
e1_span_010_dynamic_r02,e1_span_010_dynamic,73,55.5644,146000,73,4,20830.5,20956.4,20956.4,30,40.99,36011.7,37851,1248,20.679,21611.2,35605.1,404,1030.2,22025.9,37661.7,5.80693,1533.86,96,65.382,301.598,440.331,209,137.45,323.492,397.36,1991,1991,4.00198,0,0,0,0,0,0,0,0,261.386,0,0,0,0,0,4659,21,99.5513,0,14567,264.211
e1_span_010_dynamic_r02,e1_span_010_dynamic,74,57.1249,148000,74,8,19.41,17384.6,17384.6,23,44.963,21411.3,21739.8,1251,16.771,21733.7,32686.5,421,442.443,21983.1,24940.4,6.28504,1201.29,109,47.589,167.28,304.024,189,117.111,295.935,486.603,2001,2001,4.00198,0,0,0,0,0,0,0,0,261.386,0,0,0,0,0,5691,53,99.0773,0,14756,264.251
e1_span_010_dynamic_r02,e1_span_010_dynamic,75,59.0348,150000,75,3,12937.5,21271.7,21271.7,24,12673.3,22352.8,39315.9,1262,451.01,23056.1,38627.4,421,501.095,22800.1,35539.4,4.95724,1711.3,78,65.677,270.488,321.454,218,131.943,336.623,555.47,2006,2006,4.00198,0,0,0,0,0,0,0,0,261.386,0,0,0,0,0,5250,42,99.2063,0,14974,264.284
e1_span_010_dynamic_r02,e1_span_010_dynamic,76,60.9103,152000,76,2,29814.5,29814.5,29814.5,26,50.614,22512,23066.2,1292,19.895,22828.2,32600.9,418,422.946,23359,31402.4,4.7488,1870.17,91,65.792,193.082,491.754,174,133.95,313.42,532.146,2003,2003,4.00198,0,0,0,0,0,0,0,0,261.386,0,0,0,0,0,5145,49,99.0566,0,15146,264.318
e1_span_010_dynamic_r02,e1_span_010_dynamic,77,63.0496,154000,77,4,16934.5,22962.4,22962.4,22,11167.1,25487.5,40143.7,1274,4795.89,23744.3,39341.7,376,7544.65,23864.1,39969.8,6.23936,1686.4,91,66.062,286.568,7443.99,228,136.686,323.519,461.574,1995,1995,4.00198,0,0,0,0,0,0,0,0,261.386,0,0,0,0,0,4808,47,99.0319,0,15375,264.354
e1_span_010_dynamic_r02,e1_span_010_dynamic,78,64.8764,156000,78,7,11450.8,23662.9,23662.9,32,6218.4,28953.1,31818.7,1286,19.311,23700.2,31689.2,379,485.832,24338.5,33291.3,5.32982,1637.26,101,57.701,222.425,292.177,192,131.017,309.673,425.749,1997,1997,4.00198,0,0,0,0,0,0,0,0,261.386,0,0,0,0,0,4690,35,99.2593,0,15566,264.392
e1_span_010_dynamic_r02,e1_span_010_dynamic,79,66.9517,158000,79,4,10869.3,12581.3,12581.3,35,12155.8,24545.3,24981,1267,681.855,24135.1,35688.7,395,10904.4,24930.1,42284.5,4.11646,2705.21,97,63.949,266.893,428.283,202,129.569,316.636,399.6,2000,2000,4.00198,0,0,0,0,0,0,0,0,261.386,0,0,0,0,0,5545,38,99.3194,0,15769,264.43
e1_span_010_dynamic_r02,e1_span_010_dynamic,80,69.2,160000,80,10,12414,24133.6,24133.6,23,16377.6,24686.7,24799.2,1238,8757.84,25071.8,30150,393,8888.94,25165.4,31015.6,4.5369,2401.24,107,62.381,184.817,302.729,227,124.771,268.542,423.263,1998,1998,4.00198,0,0,0,0,0,0,0,0,261.386,0,0,0,0,0,5421,43,99.213,0,15997,264.472
e1_span_010_dynamic_r02,e1_span_010_dynamic,81,71.2531,162000,81,5,13.588,25444.4,25444.4,39,50.003,25416.2,27447.8,1286,46.036,25273.7,30035.1,386,556.63,25547.3,30117,5.00518,1954.19,86,64.117,235.108,378.19,202,126.852,304.367,363.878,2004,2004,4.00198,0,0,0,0,0,0,0,0,261.386,0,0,0,0,0,5361,48,99.1126,0,16199,264.505
e1_span_010_dynamic_r02,e1_span_010_dynamic,82,73.3446,164000,82,7,24.714,25615.1,25615.1,23,39.998,25557.8,29487.6,1256,37.334,25860.6,35135.7,418,807.155,26377.9,36639,3.59091,2828,97,62.064,151.478,419.844,202,128.349,271.153,326.627,2003,2003,4.00198,0,0,0,0,0,0,0,0,261.386,0,0,0,0,0,5719,33,99.4263,0,16399,264.543
e1_span_010_dynamic_r02,e1_span_010_dynamic,83,75.4815,166000,83,10,25307.8,37369.3,37369.3,26,875.851,25603.2,26336.8,1258,36.678,26266.3,37166.1,400,705.905,26494.7,35436.2,4.385,2359.14,110,62.836,190.039,268.733,188,127.293,258.771,344.547,1992,1992,4.00198,0,0,0,0,0,0,0,0,261.386,0,0,0,0,0,6053,42,99.3109,0,16589,264.584
e1_span_010_dynamic_r02,e1_span_010_dynamic,84,77.6813,168000,84,5,16917.3,26258.4,26258.4,26,39.718,26623.6,26647.9,1241,264.843,27249.5,43872.6,413,2292.22,27634.4,37926.5,3.73366,2934.94,107,54.039,201.895,232.369,207,122.003,261.778,335.522,1999,1999,4.00198,0,0,0,0,0,0,0,0,261.386,0,0,0,0,0,5938,42,99.2977,0,16796,264.624
e1_span_010_dynamic_r02,e1_span_010_dynamic,85,79.5639,170000,85,5,25.265,27603.5,27603.5,39,44.449,27078.2,31355.7,1255,19.381,27183.7,31467.3,407,532.01,27441,41165.9,3.66585,2551.7,105,60.551,210.494,291.345,193,120.494,266.692,372.433,2004,2004,5.00199,0,0,0,0,0,0,0,0,261.386,0,0,0,0,0,5852,31,99.4731,0,16989,264.663
e1_span_010_dynamic_r02,e1_span_010_dynamic,86,81.6042,172000,86,7,38.806,27368.5,27368.5,33,2336.09,27368.7,27688.6,1228,308.718,27819.9,32703.8,430,4477.74,27951.1,29219.5,4.55814,2235.77,95,50.481,193.149,266.239,202,115.583,289.779,385.534,1995,1995,5.00199,0,0,0,0,0,0,0,0,261.386,0,0,0,0,0,5860,28,99.5245,0,17192,264.7
e1_span_010_dynamic_r02,e1_span_010_dynamic,87,83.8531,174000,87,6,33.338,38555.4,38555.4,25,14839.7,40780.1,52873.4,1269,3125.84,35408,39599.8,396,6320.75,36118.4,43750.5,3.77778,2864.87,106,57.061,157.297,265.389,203,120.679,297.084,802.548,2005,2005,5.00199,0,0,0,0,0,0,0,0,261.386,0,0,0,0,0,5494,30,99.4569,0,17394,264.74
e1_span_010_dynamic_r02,e1_span_010_dynamic,88,86.3077,176000,88,4,9992.41,10736.1,10736.1,27,10368.7,37192.6,39473.7,1278,2639.06,37390.4,39382,386,7105.46,37433.7,39206.1,3.15803,3765.64,100,63.185,151.704,336.374,202,119.686,324.6,755.168,1997,1997,5.00199,0,0,0,0,0,0,0,0,261.386,0,0,0,0,0,5727,24,99.5827,0,17597,264.778
e1_span_010_dynamic_r02,e1_span_010_dynamic,89,88.8698,178000,89,2,32782.9,32782.9,32782.9,22,43.496,36009.1,38085.3,1249,9181.89,37951.3,39515.9,415,9913.87,38168.5,39378.1,3.98554,3222.52,111,62.656,227.698,374.753,203,122.49,287.214,747.187,2002,2002,5.00199,0,0,0,0,0,0,0,0,261.386,0,0,0,0,0,6494,49,99.2511,0,17798,264.82
e1_span_010_dynamic_r02,e1_span_010_dynamic,90,91.5407,180000,90,4,29.618,36453.4,36453.4,28,10347.6,30950.5,32394.7,1294,8824.19,38663.8,40052.7,358,10018.5,38691.5,40287.3,2.89665,4560.87,109,53.385,230.67,324.153,205,117.714,239.965,346.184,1998,1998,5.00199,0,0,0,0,0,0,0,0,261.386,0,0,0,0,0,5658,29,99.4901,0,18005,264.861
e1_span_010_dynamic_r02,e1_span_010_dynamic,91,94.0758,182000,91,2,25.004,25.004,25.004,26,27.753,38328.4,42027,1307,14.744,39603.5,40793.4,361,3741.42,38428.6,39917.6,2.42382,5097.51,116,55.066,171.363,218.91,190,118.506,236.38,719.429,2002,2002,5.00199,0,0,0,0,0,0,0,0,261.386,0,0,0,0,0,5486,29,99.4742,0,18193,264.903
e1_span_010_dynamic_r02,e1_span_010_dynamic,92,96.7343,184000,92,8,28194.7,41593.1,41593.1,30,4416.96,39574.4,42678.1,1261,1464.17,40263.9,42932.1,373,2721.95,40259.3,46190.3,3.41287,3791.11,118,65.867,206.712,303.629,210,123.067,323.776,610.76,2000,2000,5.00199,0,0,0,0,0,0,0,0,261.386,0,0,0,0,0,5409,31,99.4301,0,18403,264.946
e1_span_010_dynamic_r02,e1_span_010_dynamic,93,99.549,186000,93,5,25869.6,35697.8,35697.8,25,64.637,40530.5,41999.7,1228,8021.64,40862.5,50177.8,420,3704.08,41476.2,44105.1,3.00714,4546.07,97,55.638,158.866,293.213,226,115.644,280.905,351.871,2001,2001,5.00199,0,0,0,0,0,0,0,0,261.386,0,0,0,0,0,6102,39,99.3649,0,18629,264.985
e1_span_010_dynamic_r02,e1_span_010_dynamic,94,102.162,188000,94,6,29509.7,41737.5,41737.5,22,56.414,41095.6,43258.7,1302,16.311,41624.3,44283.5,372,418.612,41991.7,54069.2,3.59946,3342.46,107,57.531,147.073,289.06,184,109.067,316.544,937.905,1993,1993,5.00199,0,0,0,0,0,0,0,0,261.386,0,0,0,0,0,5720,33,99.4264,0,18815,265.024
e1_span_010_dynamic_r02,e1_span_010_dynamic,95,105.496,190000,95,7,10874.3,45238.4,45238.4,17,8715.68,44031.4,44031.4,1263,8874.14,42356.9,47717.8,403,10809.1,42843.3,47066.1,2.54342,6082.7,96,65.013,235.564,1479.61,214,118.601,313.376,1336.91,2000,2000,5.00199,0,0,0,0,0,0,0,0,261.386,0,0,0,0,0,6193,24,99.614,0,19029,265.062
e1_span_010_dynamic_r02,e1_span_010_dynamic,96,108.061,192000,96,10,57.477,41673.2,41673.2,35,51.525,42133.3,43271.9,1287,15.325,42829.8,51463.2,374,320.584,41792.2,44178.1,2.84225,3882.8,117,57.889,140.159,158.909,178,110.72,340.972,507.797,2001,2001,5.00199,0,0,0,0,0,0,0,0,261.386,0,0,0,0,0,5730,27,99.531,0,19207,265.104
e1_span_010_dynamic_r02,e1_span_010_dynamic,97,110.961,194000,97,6,37479.4,42058.1,42058.1,24,49.698,43789.7,45023.2,1275,22.134,42816.9,44932.9,417,7150.72,42769.9,43854.4,3.33094,4161.7,94,60.095,134.618,1622.78,186,105.214,355.409,1352.76,2002,2002,5.00199,0,0,0,0,0,0,0,0,261.386,0,0,0,0,0,6014,47,99.2246,0,19392,265.139
e1_span_010_dynamic_r02,e1_span_010_dynamic,98,114.27,196000,98,2,12357.1,12357.1,12357.1,34,15708.9,43684.3,46321.7,1186,13413.5,43922,45901.7,436,13891.9,44304.9,46037.1,3.55275,4540.17,122,55.79,155.149,1048.74,218,112.773,327.536,962.674,1998,1998,5.00199,0,0,0,0,0,0,0,0,261.386,0,0,0,0,0,6253,36,99.4276,0,19611,265.185
e1_span_010_dynamic_r02,e1_span_010_dynamic,99,117.22,198000,99,6,17761.4,39161,39161,31,56.955,47801.3,63368.5,1277,1047.14,43681.7,46277.6,389,790.03,43219.6,45369.6,3.05656,4280.77,109,52.453,116.884,183.008,188,104.537,237.917,593.932,2000,2000,5.00199,0,0,0,0,0,0,0,0,261.386,0,0,0,0,0,6068,19,99.6879,0,19799,265.225
e1_span_010_dynamic_r02,e1_span_010_dynamic,100,119.987,200000,100,11,24.712,8481.54,8481.54,26,56.828,52251.6,53830,1259,18.688,43064.4,61318.7,392,8542.18,43871.4,53849.8,2.51531,5550.77,110,51.896,170.801,180.52,201,105.668,446.09,2249.8,1999,1999,5.00199,0,0,0,0,0,0,0,0,261.386,0,0,0,0,0,6045,44,99.2774,0,20000,265.266
e1_span_010_dynamic_r03,e1_span_010_dynamic,1,0.0259515,2000,1,2,89.36,89.36,89.36,26,27.316,74.057,89.252,1255,22.077,81.482,135.006,405,147.48,212.281,373.062,98.9728,2.04669,122,16.328,68.572,103.116,198,38.696,100.623,198.96,2008,2008,1.00196,0,0,0,0,0,0,0,0,261.37,0,0,0,0,0,271,4072,6.23993,0,198,261.5
e1_span_010_dynamic_r03,e1_span_010_dynamic,2,0.0455459,4000,2,6,69.971,123.749,123.749,25,18.855,144.829,155.096,1275,64.861,144.216,164.284,373,154.027,240.492,283.228,92.3592,1.68493,100,14.442,64.657,84.794,219,40.014,118.79,137.639,1998,1998,1.00196,0,0,0,0,0,0,0,0,261.37,0,0,0,0,0,714,3210,18.1957,0,416,261.54
e1_span_010_dynamic_r03,e1_span_010_dynamic,3,0.0729455,6000,3,7,121.301,227.189,227.189,27,118.739,228.959,240.497,1216,82.895,237.798,273.197,425,187.745,327.803,359.791,87.4941,2.17543,103,18.018,86.62,102.634,221,44.491,115.602,171.563,1999,1999,1.00196,0,0,0,0,0,0,0,0,261.37,0,0,0,0,0,1078,3009,26.3763,0,636,261.579
e1_span_010_dynamic_r03,e1_span_010_dynamic,4,0.109633,8000,4,9,26.425,349.677,349.677,25,18.378,340.634,413.778,1253,90.722,341.737,392.614,427,160.774,457.017,527.625,87.7096,2.52889,81,22.083,100.335,143.322,203,55.345,138.05,164.284,1998,1998,1.00196,0,0,0,0,0,0,0,0,261.37,0,0,0,0,0,1538,2611,37.0692,0,839,261.611
e1_span_010_dynamic_r03,e1_span_010_dynamic,5,0.166477,10000,5,5,296.792,376.539,376.539,26,26.07,538.155,575.749,1249,100.691,607.04,716.284,441,203.837,737.352,859.446,81.5102,4.11769,99,30.006,141.93,161.13,188,70.563,158.712,185.725,2008,2008,1.00196,0,0,0,0,0,0,0,0,261.37,0,0,0,0,0,1767,2219,44.3302,0,1028,261.648
e1_span_010_dynamic_r03,e1_span_010_dynamic,6,0.252097,12000,6,5,23.435,969.908,969.908,28,710.327,943.677,1036.52,1287,35.603,937.898,1061.03,397,238.152,1087.4,1210.77,79.6549,6.08887,92,42.821,172.711,353.422,188,99.725,241.217,344.679,1997,1997,1.00196,0,0,0,0,0,0,0,0,261.37,0,0,0,0,0,1904,1810,51.2655,0,1217,261.683
e1_span_010_dynamic_r03,e1_span_010_dynamic,7,0.360054,14000,7,11,35.878,1097.45,1097.45,29,36.61,1056.75,1110.75,1264,230.202,1073.23,1156.66,380,481.539,1226.47,1276.9,76.5789,8.14775,96,47.333,213.507,322.385,211,104.088,261.579,347.876,1991,1991,1.00196,0,0,0,0,0,0,0,0,261.37,0,0,0,0,0,2034,1491,57.7021,0,1428,261.721
e1_span_010_dynamic_r03,e1_span_010_dynamic,8,0.482564,16000,8,8,823.527,1368.3,1368.3,26,469.948,1185.51,1222.07,1255,48.472,1478.74,1686.89,419,257.116,1688.43,1875.54,72.3652,9.23898,111,59.672,203.69,272.078,187,114.13,230.389,321.477,2006,2006,1.00196,0,0,0,0,0,0,0,0,261.37,0,0,0,0,0,2270,1362,62.5,0,1614,261.761
e1_span_010_dynamic_r03,e1_span_010_dynamic,9,0.635479,18000,9,8,35.198,1611.43,1611.43,24,1327.01,1846.3,1904.71,1260,61.291,1623.04,1779.58,391,590.813,1814.7,1998.52,71.2481,12.3016,111,71.629,198.877,275.179,203,119.356,262.385,332.049,1997,1997,1.00196,0,0,0,0,0,0,0,0,261.37,0,0,0,0,0,2334,1060,68.7684,0,1818,261.803
e1_span_010_dynamic_r03,e1_span_010_dynamic,10,0.811229,20000,10,5,540.453,1778.01,1778.01,19,1390.6,1942.8,1942.8,1276,375.619,1785.56,1939.86,390,514.467,1956.72,2104.53,67.8897,13.5838,99,60.889,187.469,239.268,215,117.269,333.873,398.896,2004,2004,1.00196,0,0,0,0,0,0,0,0,261.37,0,0,0,0,0,2390,882,73.044,0,2031,261.84
e1_span_010_dynamic_r03,e1_span_010_dynamic,11,0.989783,22000,11,3,247.262,522.546,522.546,20,293.709,2137.63,2137.63,1304,52.193,1923.62,2053.4,389,557.752,2121.03,2338.85,64.8869,15.8971,91,61.675,116.763,147.323,191,113.674,225.128,347.899,1998,1998,1.00196,0,0,0,0,0,0,0,0,261.37,0,0,0,0,0,2383,810,74.632,0,2223,261.876
e1_span_010_dynamic_r03,e1_span_010_dynamic,12,1.1834,24000,12,5,1857.55,1919.16,1919.16,24,49.874,2040.64,2098.12,1258,209.693,2075.72,2195.17,388,434.577,2268.66,2413.53,65.0258,16.0666,113,60.719,184.538,222.645,215,115.253,270.997,417.715,2003,2003,1.00196,0,0,0,0,0,0,0,0,261.37,0,0,0,0,0,2481,713,77.6769,0,2438,261.918
e1_span_010_dynamic_r03,e1_span_010_dynamic,13,1.40878,26000,13,5,1945.78,2125.03,2125.03,21,2012.39,2239.61,2284.85,1248,321.175,2280.24,2441.49,399,695.489,2463.33,2597.97,56.7469,20.9073,104,60.071,189.535,225.556,215,116.347,251.591,308.625,1992,1992,2.00197,0,0,0,0,0,0,0,0,261.37,0,0,0,0,0,2519,622,80.1974,0,2654,261.958
e1_span_010_dynamic_r03,e1_span_010_dynamic,14,1.65652,28000,14,4,2216.36,2288.31,2288.31,31,2140,2434.12,2497.07,1250,512.45,2512.68,2634.99,407,382.193,2651.49,2788.19,56.3219,20.5442,101,64.019,173.613,259.458,213,117.954,279.798,308.789,2006,2006,2.00197,0,0,0,0,0,0,0,0,261.37,0,0,0,0,0,2619,520,83.4342,0,2864,261.997
e1_span_010_dynamic_r03,e1_span_010_dynamic,15,1.89638,30001,15,4,27.162,434.424,434.424,24,2319.13,2613.65,2806.92,1269,48.106,2724.41,2882.59,398,273.346,2848.37,2949.05,52.9523,22.2428,115,62.435,228.705,294.309,200,117.836,348.529,504.731,2010,2010,2.00197,0,0,0,0,0,0,0,0,261.37,0,0,0,0,0,2586,442,85.4029,0,3067,262.039
e1_span_010_dynamic_r03,e1_span_010_dynamic,16,2.15177,32000,16,8,2711.76,3119.58,3119.58,16,26.965,3000.36,3000.36,1316,42.709,2870.88,3004.8,373,264.178,3015.53,3177.42,53.1421,24.1616,95,61.961,155.646,208.996,176,115.423,231.841,334.01,1984,1984,2.00197,0,0,0,0,0,0,0,0,261.37,0,0,0,0,0,2470,437,84.9673,0,3243,262.074
e1_span_010_dynamic_r03,e1_span_010_dynamic,17,2.39478,34000,17,4,20.464,43.998,43.998,32,54.477,3234.09,3393.01,1265,29.759,3030.7,3283.96,417,210.121,3173.54,3771.67,52.6427,23.6795,95,73.204,249.555,371.453,189,126.299,313.959,448.292,2002,2002,2.00197,0,0,0,0,0,0,0,0,261.37,0,0,0,0,0,2712,404,87.0347,0,3431,262.109
e1_span_010_dynamic_r03,e1_span_010_dynamic,18,2.69672,36000,18,6,3077.36,3155.44,3155.44,21,2958.24,3169.82,3260.54,1264,232.945,3239.85,3376.6,392,511.991,3418.08,3535.87,46.5306,34.334,107,63.967,171.823,257.134,214,118.474,304.77,349.462,2004,2004,2.00197,0,0,0,0,0,0,0,0,261.37,0,0,0,0,0,2587,299,89.6396,0,3645,262.15
e1_span_010_dynamic_r03,e1_span_010_dynamic,19,3.00675,38000,19,5,36.784,93.72,93.72,30,2411.12,3493.49,3608.36,1233,56.185,3544.35,6266.41,433,306.446,3729.24,6336.44,50.7413,30.4462,115,67.673,230.536,353.126,182,134.648,374.569,529.77,1998,1998,2.00197,0,0,0,0,0,0,0,0,261.37,0,0,0,0,0,2911,280,91.2253,0,3828,262.191
e1_span_010_dynamic_r03,e1_span_010_dynamic,20,3.32571,40000,20,10,14.315,3488.76,3488.76,22,43.546,3708.02,3715.02,1262,54.796,3616.58,6374.53,415,411.24,3774.35,3876.45,45.4265,37.2135,106,65.504,247.188,389.845,192,144.203,447.514,570.5,2007,2007,2.00197,0,0,0,0,0,0,0,0,261.37,0,0,0,0,0,2775,243,91.9483,0,4020,262.23
e1_span_010_dynamic_r03,e1_span_010_dynamic,21,3.69258,42000,21,9,247.082,3854.44,3854.44,27,53.616,3831.97,3993.26,1260,75.63,6560.09,7041.71,396,329.049,4089.37,7072.67,46.3308,38.6696,103,73.541,345.548,487.746,198,149.369,397.818,471.777,1993,1993,2.00197,0,0,0,0,0,0,0,0,261.37,0,0,0,0,0,2754,176,93.9932,0,4217,262.269
e1_span_010_dynamic_r03,e1_span_010_dynamic,22,4.06374,44000,22,5,54.533,4052.94,4052.94,28,49.473,4027.21,7432.6,1269,49.332,4062.43,7396.6,395,367.792,4289.89,7523.85,41.3392,46.2097,110,75.184,275.197,442.258,193,147.313,441.162,544.565,2000,2000,2.00197,0,0,0,0,0,0,0,0,261.37,0,0,0,0,0,2616,197,92.9968,0,4410,262.309
e1_span_010_dynamic_r03,e1_span_010_dynamic,23,4.42795,46000,23,3,3628.52,4214.52,4214.52,35,34.055,4214.39,4380.67,1251,35.704,4434.95,7810,404,289.326,4640.46,8051.53,40.4381,47.9282,117,73.091,354.862,371.741,189,145.022,351.941,506.006,1999,1999,2.00197,0,0,0,0,0,0,0,0,261.37,0,0,0,0,0,2736,163,94.3774,0,4600,262.35
e1_span_010_dynamic_r03,e1_span_010_dynamic,24,4.85307,48000,24,6,51.419,4357.98,4357.98,22,157.18,8093.29,8172.09,1296,49.725,4509.16,8140.31,383,351.727,4737.62,8351.12,38.2063,54.9307,103,71.575,291.162,343.342,192,146.587,367.256,450.965,2002,2002,2.00197,0,0,0,0,0,0,0,0,261.37,0,0,0,0,0,2616,176,93.6963,0,4792,262.389
e1_span_010_dynamic_r03,e1_span_010_dynamic,25,5.28168,50000,25,1,4512.96,4512.96,4512.96,28,516.824,4855.31,8511.53,1289,74.544,4740.77,8365.41,408,454.068,5085.78,8530.56,42.076,50.7987,84,70.797,298.721,599.475,202,151.313,472.105,650.853,2012,2012,2.00197,0,0,0,0,0,0,0,0,261.37,0,0,0,0,0,2942,148,95.2104,0,4991,262.422
e1_span_010_dynamic_r03,e1_span_010_dynamic,26,5.69889,52000,26,3,4769.05,4863.98,4863.98,24,446.173,5036.61,5220.79,1293,43.814,5092.64,9199.36,417,341.058,5453.49,9358.89,38.0504,55.792,81,81.215,319.277,370.618,183,144.226,375.796,510.143,2001,2001,2.00197,0,0,0,0,0,0,0,0,261.37,0,0,0,0,0,2771,114,96.0485,0,5176,262.453
e1_span_010_dynamic_r03,e1_span_010_dynamic,27,6.16523,54000,27,6,35.378,5566.17,5566.17,16,74.22,8849.3,8849.3,1285,213.062,5239.58,9185.42,363,541.58,5486.93,9465.39,37.2342,67.7485,91,65.913,298.155,441.378,221,139.06,442.374,733.18,1982,1982,2.00197,0,0,0,0,0,0,0,0,261.37,0,0,0,0,0,2579,123,95.4478,0,5398,262.489
e1_span_010_dynamic_r03,e1_span_010_dynamic,28,6.69704,56000,28,8,38.866,5591.51,5591.51,33,5231.04,5530.65,5616.66,1253,53.241,5533.21,10038,405,436.899,5748.37,10253.3,31.1753,88.4096,108,69.516,255.603,428.383,195,138.1,384.61,622.395,2002,2002,2.00197,0,0,0,0,0,0,0,0,261.37,0,0,0,0,0,2802,117,95.9918,0,5592,262.529
e1_span_010_dynamic_r03,e1_span_010_dynamic,29,7.21738,58000,29,8,5574.28,10641.9,10641.9,23,40.591,10576.9,10683.3,1276,53.848,5778.48,10356.3,398,350.432,5968.81,10730.1,34.9548,74.3141,99,77.163,390.296,438.886,196,145.819,385.557,477.812,2000,2000,2.00197,0,0,0,0,0,0,0,0,261.37,0,0,0,0,0,2811,94,96.7642,0,5789,262.566
e1_span_010_dynamic_r03,e1_span_010_dynamic,30,7.73994,60000,30,7,451.096,5845.23,5845.23,26,50.454,5951.24,10794.1,1264,43.87,5994.32,10808.5,408,313.52,6109.76,10824.5,31.5662,79.802,109,67.096,246.178,345.728,193,146.604,368.666,519.401,2007,2007,2.00197,0,0,0,0,0,0,0,0,261.37,0,0,0,0,0,2756,92,96.7697,0,5979,262.606
e1_span_010_dynamic_r03,e1_span_010_dynamic,31,8.26924,62000,31,6,40.374,10913.6,10913.6,22,39.289,6174.68,11137.1,1275,36.05,6214.32,11241.1,403,466.381,6474.62,11298.4,29.139,104.405,110,79.39,305.735,336.514,184,145.292,376.569,445.321,2000,2000,2.00197,0,0,0,0,0,0,0,0,261.37,0,0,0,0,0,2902,108,96.412,0,6165,262.646
e1_span_010_dynamic_r03,e1_span_010_dynamic,32,8.87903,64000,32,6,6116.92,6441.39,6441.39,23,182.083,6801.2,7382.69,1293,128.13,6476.28,11695.4,378,499.449,6568.26,7870.64,29.209,106.561,88,82.948,338.011,399.764,215,144.147,328.688,424.783,2003,2003,2.00197,0,0,0,0,0,0,0,0,261.37,0,0,0,0,0,2578,90,96.6267,0,6380,262.681
e1_span_010_dynamic_r03,e1_span_010_dynamic,33,9.46892,66000,33,8,6561.41,6745.37,6745.37,21,52.892,6806.15,6894.27,1250,35.442,6719.15,12123.8,428,365.004,6945.03,12181.5,28.7617,103.437,100,78.981,301.89,412.185,188,143.077,330.282,375.336,1995,1995,2.00197,0,0,0,0,0,0,0,0,261.37,0,0,0,0,0,3136,94,97.0898,0,6569,262.718
e1_span_010_dynamic_r03,e1_span_010_dynamic,34,10.085,68000,34,7,43.505,12475,12475,18,398.576,7312.23,7312.23,1287,40.083,6916.48,12708.5,396,501.801,7129.93,12685.5,30.7753,105.636,90,77.596,312.401,442.444,197,138.76,409.893,481.024,1995,1995,2.00197,0,0,0,0,0,0,0,0,261.37,0,0,0,0,0,2874,83,97.1931,0,6767,262.754
e1_span_010_dynamic_r03,e1_span_010_dynamic,35,10.6399,70000,35,6,657.292,7270.68,7270.68,36,377.905,7242.41,7280.98,1256,25.683,7215.26,13079,408,255.923,7481.59,13220.2,25.6054,108.905,115,66.102,334.451,447.957,177,138.335,430.423,518.214,1998,1998,2.00197,0,0,0,0,0,0,0,0,261.37,0,0,0,0,0,3028,100,96.8031,0,6944,262.794
e1_span_010_dynamic_r03,e1_span_010_dynamic,36,11.3569,72000,36,5,18.153,7339.54,7339.54,22,194.053,7603.12,13349.5,1289,163.012,7594.26,13826.7,392,339.816,7741.32,13943.6,20.0842,179.327,84,74.286,348.75,446.803,206,148.834,399.06,488.676,1998,1998,3.00198,0,0,0,0,0,0,0,0,261.37,0,0,0,0,0,2888,53,98.1979,0,7150,262.827
e1_span_010_dynamic_r03,e1_span_010_dynamic,37,12.0673,74000,37,7,263.007,7985.1,7985.1,25,40.838,7919.36,7950.33,1250,213.737,7796.32,14034.8,410,511.557,7975.57,14227.5,23.3902,149.615,106,64.872,293.632,472.422,209,139.269,385.297,464.635,2007,2007,3.00198,0,0,0,0,0,0,0,0,261.37,0,0,0,0,0,3059,78,97.5135,0,7357,262.867
e1_span_010_dynamic_r03,e1_span_010_dynamic,38,12.7726,76000,38,9,7665.62,7946.53,7946.53,21,6839.55,7984.85,14326.3,1274,38.46,8057.76,14775.9,388,258.49,8200.15,15017,21.0799,148.966,107,73.076,296.96,372.096,200,145.737,372.358,485.105,1999,1999,3.00198,0,0,0,0,0,0,0,0,261.37,0,0,0,0,0,3022,64,97.9261,0,7558,262.907
e1_span_010_dynamic_r03,e1_span_010_dynamic,39,13.5164,78000,39,4,2081.1,8054.09,8054.09,18,1770.59,15330.1,15330.1,1221,462.558,8425.44,15286.8,424,1824.53,8514.03,15496,19.309,194.788,101,64.714,217.461,306.417,229,130.895,338.99,453.229,1997,1997,3.00198,0,0,0,0,0,0,0,0,261.37,0,0,0,0,0,3268,87,97.4069,0,7788,262.946
e1_span_010_dynamic_r03,e1_span_010_dynamic,40,14.1999,80000,40,6,7092.35,8512.14,8512.14,33,2010.42,8834.45,10816.4,1263,1763.44,8657.2,14956.2,372,1957.49,8773.34,14212.5,21.2849,157.822,111,62.411,217.364,307.166,214,129.443,330.955,405.476,1999,1999,3.00198,0,0,0,0,0,0,0,0,261.37,0,0,0,0,0,2886,55,98.1299,0,8002,262.988
e1_span_010_dynamic_r03,e1_span_010_dynamic,41,14.8974,82000,41,7,35.546,8673.1,8673.1,17,33.386,8947.21,8947.21,1288,399.833,8921.23,13338.3,391,2069.34,9086.16,10608.3,19.3708,177.494,93,57.201,198.694,363.737,203,116.808,255.291,366.453,1999,1999,3.00198,0,0,0,0,0,0,0,0,261.37,0,0,0,0,0,3166,68,97.8973,0,8204,263.024
e1_span_010_dynamic_r03,e1_span_010_dynamic,42,15.5613,84000,42,7,13.089,9273.61,9273.61,25,29.643,9249.47,10924.7,1291,33.535,9140.43,10828.4,406,228.726,9299.43,16605.2,21.2956,152.355,94,65.193,255.914,368.642,176,126.818,360.646,486.21,1999,1999,3.00198,0,0,0,0,0,0,0,0,261.37,0,0,0,0,0,3266,52,98.4328,0,8381,263.06
e1_span_010_dynamic_r03,e1_span_010_dynamic,43,16.2463,86000,43,6,33.557,9012.24,9012.24,27,2208.08,9453.28,9502.43,1317,37.763,9441.1,15162.3,379,873.726,9641.87,15598,18.1372,189.504,86,54.233,198.078,363.022,187,120.766,251.42,469.667,2002,2002,3.00198,0,0,0,0,0,0,0,0,261.37,0,0,0,0,0,3060,65,97.92,0,8567,263.093
e1_span_010_dynamic_r03,e1_span_010_dynamic,44,16.9483,88000,44,2,9478.35,9478.35,9478.35,20,2359.63,9731.69,9731.69,1285,353.483,9712.46,9847.84,388,896.115,9890.25,9964.48,17.268,197.213,102,54.668,173.561,288.667,206,117.309,269.79,361.132,2003,2003,3.00198,0,0,0,0,0,0,0,0,261.37,0,0,0,0,0,3497,56,98.4239,0,8772,263.132
e1_span_010_dynamic_r03,e1_span_010_dynamic,45,17.8011,90000,45,8,5941.76,15865.9,15865.9,23,2398.12,10176.8,15856,1266,2307.62,10042.2,10209.4,387,2361.57,10168.5,15916.7,17.4289,229.561,98,62.782,177.301,281.446,214,114.589,194.468,245.002,1996,1996,3.00198,0,0,0,0,0,0,0,0,261.37,0,0,0,0,0,3410,61,98.2426,0,8988,263.17
e1_span_010_dynamic_r03,e1_span_010_dynamic,46,18.6662,92000,46,9,33.411,10684.4,10684.4,31,2508.66,10683.1,11708.3,1236,257.499,10610.1,19319.6,421,1725.65,10803.2,19176.3,17.8029,241.556,92,64.04,187.035,245.694,211,117.77,250.674,304.611,2000,2000,3.00198,0,0,0,0,0,0,0,0,261.37,0,0,0,0,0,3513,68,98.1011,0,9199,263.207
e1_span_010_dynamic_r03,e1_span_010_dynamic,47,19.5769,94000,47,9,15.216,10893.3,10893.3,28,2509.52,10900.6,11019.4,1263,39.166,10985.6,11101.5,400,362.578,11163.7,11353.1,14.235,313.004,82,61.561,263.512,389.35,218,133.176,385.746,481.006,2000,2000,3.00198,0,0,0,0,0,0,0,0,261.37,0,0,0,0,0,3341,57,98.3225,0,9417,263.241
e1_span_010_dynamic_r03,e1_span_010_dynamic,48,20.5344,96000,48,9,9982.55,20655.7,20655.7,22,46.099,11491.4,12155,1291,20.588,11982.5,21011,387,247.851,12378.2,21433.2,14.845,298.454,106,68.937,316.296,426.022,186,148.187,435.059,591.901,2001,2001,3.00198,0,0,0,0,0,0,0,0,261.37,0,0,0,0,0,3362,54,98.4192,0,9602,263.279
e1_span_010_dynamic_r03,e1_span_010_dynamic,49,21.5886,98000,49,5,34.156,11564.4,11564.4,18,40.662,13854.9,13854.9,1246,172.787,11802.3,21396.1,435,297.93,11825,21318.6,15.6943,288.626,99,70.652,267.72,436.494,198,136.933,375.929,467.773,2001,2001,3.00198,0,0,0,0,0,0,0,0,261.37,0,0,0,0,0,3988,54,98.664,0,9800,263.317
e1_span_010_dynamic_r03,e1_span_010_dynamic,50,22.6575,100000,50,10,11658.1,11904,11904,23,44.565,12013.9,16413.9,1251,36.891,12089.9,21720.8,414,420.447,12398.3,21916.4,14.8527,362.263,100,66.509,262.947,452.492,204,141.859,338.299,535.744,2002,2002,3.00198,0,0,0,0,0,0,0,0,261.37,0,0,0,0,0,3996,52,98.7154,0,10003,263.354
e1_span_010_dynamic_r03,e1_span_010_dynamic,51,23.6176,102000,51,6,39.359,3399.58,3399.58,25,35.094,11958.2,12322.2,1300,305.607,12348.7,22457,391,846.837,12557.8,22525.5,13.4425,358.217,78,71.776,373.904,627.659,199,130.285,332.867,614.773,1999,1999,3.00198,0,0,0,0,0,0,0,0,261.37,0,0,0,0,0,3744,35,99.0738,0,10201,263.386
e1_span_010_dynamic_r03,e1_span_010_dynamic,52,24.5356,104000,52,8,9867.37,12517.4,12517.4,27,27.096,12304.1,12554.2,1267,1633.95,12605.2,21349.2,414,927.299,12768.9,22025.2,12.7101,334.13,94,53.465,123.059,285.606,193,116.971,284.538,444.009,2003,2003,3.00198,0,0,0,0,0,0,0,0,261.37,0,0,0,0,0,3828,53,98.6344,0,10397,263.422
e1_span_010_dynamic_r03,e1_span_010_dynamic,53,25.495,106000,53,7,8.376,12838,12838,35,39.614,12943.6,13096.3,1286,37.207,12929.2,13106.9,381,375.15,13103,23439.6,12.601,379.938,98,61.459,215.153,310.25,189,128.426,244.292,310.592,1996,1996,3.00198,0,0,0,0,0,0,0,0,261.37,0,0,0,0,0,3901,63,98.4107,0,10584,263.459
e1_span_010_dynamic_r03,e1_span_010_dynamic,54,26.4207,108000,54,5,9353.01,10596.3,10596.3,31,3121.96,13262.3,13529.4,1271,17.779,13229.7,21697.4,423,457.092,13468.9,13688.8,12.5816,374.167,92,53.978,164.852,320.422,184,120.112,262.803,352.371,2006,2006,3.00198,0,0,0,0,0,0,0,0,261.37,0,0,0,0,0,4021,44,98.9176,0,10767,263.494
e1_span_010_dynamic_r03,e1_span_010_dynamic,55,27.2248,110000,55,7,3214.01,13523.1,13523.1,22,31.617,13244.7,13425.1,1347,20.979,13511.6,13794.8,360,287.061,13669.2,13918.4,11.6222,314.77,96,63.137,176.801,257.844,161,113.465,213.934,269.269,1993,1993,3.00198,0,0,0,0,0,0,0,0,261.37,0,0,0,0,0,3553,44,98.7768,0,10931,263.529
e1_span_010_dynamic_r03,e1_span_010_dynamic,56,28.1911,112000,56,4,3414.44,13832.6,13832.6,30,38.106,13793.5,16394.6,1254,312.483,13845.3,15655.1,425,3155.86,13997.9,14241,12.2306,392.247,88,62.6,193.928,262.644,200,119.119,226.82,335.695,2001,2001,3.00198,0,0,0,0,0,0,0,0,261.37,0,0,0,0,0,4302,56,98.715,0,11131,263.564
e1_span_010_dynamic_r03,e1_span_010_dynamic,57,29.1533,114000,57,3,3529.85,14031.3,14031.3,28,29.618,14135.1,14189.9,1276,418.617,14260.1,14605.9,398,272.403,14337,14562.5,11.1935,390.334,83,54.224,248.081,344.679,210,124.352,311.892,356.928,1998,1998,3.00198,0,0,0,0,0,0,0,0,261.37,0,0,0,0,0,3919,43,98.9147,0,11340,263.598
e1_span_010_dynamic_r03,e1_span_010_dynamic,58,30.1756,116000,58,8,3343.14,14193.2,14193.2,10,50.677,14535.5,14535.5,1308,146.305,14568.1,14810.1,378,1413.55,14755,14992.8,9.54497,540.119,92,65.655,387.231,4342.77,214,120.826,372.643,3586.09,2010,2010,3.00198,0,0,0,0,0,0,0,0,261.37,0,0,0,0,0,3635,28,99.2356,0,11554,263.634
e1_span_010_dynamic_r03,e1_span_010_dynamic,59,31.2225,118000,59,6,5863.53,14676.5,14676.5,27,35.034,14916.3,14945.6,1272,38.253,14963.2,15338.2,377,697.882,15134.8,27295.6,10.4297,499.644,105,53.638,185.985,229.542,204,119.679,279.294,427.315,1991,1991,3.00198,0,0,0,0,0,0,0,0,261.37,0,0,0,0,0,3960,44,98.9011,0,11759,263.674
e1_span_010_dynamic_r03,e1_span_010_dynamic,60,32.5226,120000,60,6,3259.37,15286.2,15286.2,30,528.636,15504.6,15896.2,1237,55.315,15831.7,27158.2,433,3699.48,16566.9,22672,9.98383,702.676,97,65.095,213.512,338.219,199,129.426,288.542,414.465,2002,2002,3.00198,0,0,0,0,0,0,0,0,261.37,0,0,0,0,0,4599,46,99.0097,0,11957,263.711
e1_span_010_dynamic_r03,e1_span_010_dynamic,61,33.9403,122000,61,4,5329.57,8419.06,8419.06,29,8455.6,15924.3,28064.9,1282,45.614,16708.1,28726.4,382,726.646,24157.5,29048.2,10.356,715.404,105,67.243,259.893,319.62,196,135.129,370.88,432.947,1998,1998,3.00198,0,0,0,0,0,0,0,0,261.37,0,0,0,0,0,3889,42,98.9316,0,12154,263.75
e1_span_010_dynamic_r03,e1_span_010_dynamic,62,35.3451,124000,62,6,40.078,16181.4,16181.4,24,352.395,16038.2,29160.3,1272,503.829,16405.5,26401.9,404,2905.24,16725.1,29502.9,8.34158,814.269,102,63.665,286.046,372.787,202,123.108,298.191,415.805,2010,2010,3.00198,0,0,0,0,0,0,0,0,261.37,0,0,0,0,0,4323,42,99.0378,0,12356,263.789
e1_span_010_dynamic_r03,e1_span_010_dynamic,63,36.8244,126000,63,3,49.81,14686.9,14686.9,33,64.624,18375.6,26652.2,1250,164.408,16746.5,29670.1,402,805.923,17241.3,30245.2,7.74627,994.178,100,64.465,185.167,318.726,202,135.323,361.978,510.063,1990,1990,3.00198,0,0,0,0,0,0,0,0,261.37,0,0,0,0,0,4397,39,99.1208,0,12558,263.827
e1_span_010_dynamic_r03,e1_span_010_dynamic,64,38.209,128000,64,9,12365,24543.5,24543.5,27,51.522,21255.5,21796,1267,17.409,17747.1,30656.1,407,458.715,18451.9,30968.6,9.79853,712.999,106,67.986,241.187,345.316,188,133.994,323.654,473.416,2004,2004,4.00198,0,0,0,0,0,0,0,0,261.37,0,0,0,0,0,4678,54,98.8588,0,12744,263.866
e1_span_010_dynamic_r03,e1_span_010_dynamic,65,39.7472,130000,65,7,9245.85,17403.5,17403.5,24,8273.55,17368,17662.8,1258,84.759,17810.4,31365.7,381,2887.85,17833.1,26920.2,7.01575,1136.49,111,70.664,378.014,485.866,218,140.176,400.978,461.322,1999,1999,4.00198,0,0,0,0,0,0,0,0,261.37,0,0,0,0,0,4119,35,99.1574,0,12962,263.907
e1_span_010_dynamic_r03,e1_span_010_dynamic,66,41.3312,132000,66,7,534.183,17842.4,17842.4,24,12914.3,22558.8,30333,1272,239.032,18499.2,30759.7,395,4438.23,18931.7,32189.8,7.34684,1104.53,94,66.756,224.88,428.622,202,132.36,332.2,434.618,1994,1994,4.00198,0,0,0,0,0,0,0,0,261.37,0,0,0,0,0,4539,49,98.932,0,13166,263.944
e1_span_010_dynamic_r03,e1_span_010_dynamic,67,42.9807,134000,67,4,45.729,20540.8,20540.8,23,51.034,18435.9,20805.8,1284,399.18,18375.4,30276.6,396,5802.47,18613,31427.6,7.96465,1048.12,94,65.146,262.291,387.012,202,121.981,273.354,317.503,2003,2003,4.00198,0,0,0,0,0,0,0,0,261.37,0,0,0,0,0,4351,44,98.9989,0,13367,263.98
e1_span_010_dynamic_r03,e1_span_010_dynamic,68,44.604,136000,68,6,41.544,18681.8,18681.8,19,45.734,22595.3,22595.3,1251,61.532,19496.8,31418.3,421,497.539,19430.6,30302.5,7.06651,1110.58,105,64.605,168.819,240.134,195,138.027,270.927,420.439,1997,1997,4.00198,0,0,0,0,0,0,0,0,261.37,0,0,0,0,0,5102,56,98.9143,0,13563,264.019
e1_span_010_dynamic_r03,e1_span_010_dynamic,69,45.9185,138000,69,6,24.175,19806.8,19806.8,22,36.099,19233.9,19669.9,1307,13.255,19710.3,32981.2,405,361.686,19893,33710.6,6.29383,1045.23,86,58.124,207.132,3363.39,187,119.074,277.268,3168.41,2013,2013,4.00198,0,0,0,0,0,0,0,0,261.37,0,0,0,0,0,4686,45,99.0488,0,13749,264.053
e1_span_010_dynamic_r03,e1_span_010_dynamic,70,47.2461,140000,70,11,32.62,19610,19610,25,500.387,19587.5,19677.8,1238,18.63,19597.8,28661,420,919.989,19801.4,28394,6.12381,1187.37,88,57.784,216.597,303.556,206,117.935,283.667,395.868,1988,1988,4.00198,0,0,0,0,0,0,0,0,261.37,0,0,0,0,0,5123,50,99.0334,0,13956,264.088
e1_span_010_dynamic_r03,e1_span_010_dynamic,71,48.6533,142000,71,10,19403,20070.5,20070.5,20,4694.21,28035.3,28035.3,1281,39.67,20098.8,21034.3,395,1831.7,20377.8,21401.7,7.38228,906.696,93,55.796,183.311,261.047,204,119.999,235.552,351.846,2003,2003,4.00198,0,0,0,0,0,0,0,0,261.37,0,0,0,0,0,4913,41,99.1724,0,14159,264.124
e1_span_010_dynamic_r03,e1_span_010_dynamic,72,50.2328,144000,72,13,43.254,17288.6,17288.6,31,2896.51,20515.8,33944,1257,174.576,20585.3,34974.1,414,2541.66,20859.2,35035.6,6.72464,1199.71,84,64.51,196.191,296.615,198,134.329,276.842,334.455,1997,1997,4.00198,0,0,0,0,0,0,0,0,261.37,0,0,0,0,0,5069,31,99.3922,0,14357,264.158
e1_span_010_dynamic_r03,e1_span_010_dynamic,73,52.0499,146000,73,4,20542.6,20849.4,20849.4,30,1227.64,21587,21806.4,1257,54.637,21425.2,37062.3,403,1736.08,22010.6,37173.1,5.62531,1606.17,96,65.445,259.677,386.928,209,133.189,394.217,626.869,1999,1999,4.00198,0,0,0,0,0,0,0,0,261.37,0,0,0,0,0,4665,23,99.5094,0,14567,264.195
e1_span_010_dynamic_r03,e1_span_010_dynamic,74,53.7363,148000,74,8,9365.4,21347.6,21347.6,23,14827.1,21331.2,21343.7,1255,22.335,21687.6,34578.3,422,482.974,21820.2,27950.8,6.3436,1264.75,110,59.103,172.548,226.988,190,131.21,314.732,407.001,2008,2008,4.00198,0,0,0,0,0,0,0,0,261.37,0,0,0,0,0,5687,43,99.2496,0,14755,264.235
e1_span_010_dynamic_r03,e1_span_010_dynamic,75,55.5337,150000,75,3,21508.5,21729.6,21729.6,25,11560.3,21855.9,22357.8,1257,50.225,22014.7,37221.7,420,534.061,22315.9,37737.3,4.89524,1708.57,77,64.571,233.141,377.017,217,129.953,391.033,516.686,1999,1999,4.00198,0,0,0,0,0,0,0,0,261.37,0,0,0,0,0,5229,46,99.128,0,14974,264.268
e1_span_010_dynamic_r03,e1_span_010_dynamic,76,57.4624,152000,76,2,27.371,27.371,27.371,25,40.818,22517.6,23062.8,1295,18.008,23027.1,34692.5,420,441.885,22920.4,34692,4.72857,1988.05,91,66.665,210.037,321.232,174,142.431,334.511,496.111,2007,2007,4.00198,0,0,0,0,0,0,0,0,261.37,0,0,0,0,0,5190,47,99.1025,0,15146,264.302
e1_span_010_dynamic_r03,e1_span_010_dynamic,77,59.5394,154000,77,4,21981.7,37167.6,37167.6,22,6176.45,23975.7,26325.2,1267,4189.82,23413.9,37767,375,8668.62,23678,39705.6,6.25333,1715.04,91,68.495,318.78,554.673,228,135.33,354.339,500.401,1987,1987,4.00198,0,0,0,0,0,0,0,0,261.37,0,0,0,0,0,4814,41,99.1555,0,15376,264.338
e1_span_010_dynamic_r03,e1_span_010_dynamic,78,61.3747,156000,78,7,54.416,23152.1,23152.1,32,9642.88,23032.9,23537.3,1289,16.391,23596.5,35895.7,378,549,24030.6,34975.5,5.34392,1616.63,101,62.391,190.622,293.411,192,130.291,300.184,469.831,1999,1999,4.00198,0,0,0,0,0,0,0,0,261.37,0,0,0,0,0,4669,26,99.4462,0,15568,264.376
e1_span_010_dynamic_r03,e1_span_010_dynamic,79,63.4085,158000,79,4,18291.4,33660.6,33660.6,35,7579.79,33797.9,41628.7,1269,28.859,24336.3,39752.3,396,5649.04,24792.8,40582.6,4.11111,2510.08,97,64.033,287.318,398.974,203,127.43,309.851,443.763,2004,2004,4.00198,0,0,0,0,0,0,0,0,261.37,0,0,0,0,0,5578,46,99.1821,0,15769,264.413
e1_span_010_dynamic_r03,e1_span_010_dynamic,80,65.5753,160000,80,10,14834.4,34923.3,34923.3,23,13937.7,24313.2,24877.3,1240,7021.68,24849.3,41840.4,390,5787.5,28065,42929.1,4.5641,2217.23,107,66.401,310.575,7184.59,226,119.706,257.607,1872.83,1996,1996,4.00198,0,0,0,0,0,0,0,0,261.37,0,0,0,0,0,5415,41,99.2485,0,15997,264.455
e1_span_010_dynamic_r03,e1_span_010_dynamic,81,67.2917,162000,81,5,10154.3,23164.7,23164.7,39,5618.05,25286.8,25505.3,1277,48.855,25014,34563.9,391,488.319,24894,35816,4.92327,1610.81,86,62.377,184.789,257.685,202,118.325,281.73,397.768,2000,2000,4.00198,0,0,0,0,0,0,0,0,261.37,0,0,0,0,0,5507,43,99.2252,0,16199,264.489
e1_span_010_dynamic_r03,e1_span_010_dynamic,82,68.8741,164000,82,7,3260.79,23424,23424,23,38.227,22655.7,24979.6,1256,643.319,25881.7,40647.5,415,647.597,26837.6,41076.1,3.63614,2210.01,98,53.339,170.754,364.036,202,110.462,286.941,417.839,2001,2001,4.00198,0,0,0,0,0,0,0,0,261.37,0,0,0,0,0,5671,36,99.3692,0,16401,264.527
e1_span_010_dynamic_r03,e1_span_010_dynamic,83,70.566,166000,83,10,6068.17,25767.7,25767.7,26,4301.09,25800.2,44106,1263,22.207,25711.1,26404.3,401,3017.87,26087.3,35917.2,4.37406,1973.49,111,60.295,240.112,379.55,188,122.178,274.432,478.622,1999,1999,4.00198,0,0,0,0,0,0,0,0,261.37,0,0,0,0,0,6084,43,99.2982,0,16589,264.567
e1_span_010_dynamic_r03,e1_span_010_dynamic,84,72.5562,168000,84,5,14919.7,25930.5,25930.5,26,56.925,26039.9,26853.8,1244,247.746,26539.5,44360.5,414,1073.88,26414.1,44718.2,3.75604,2526.62,108,63.849,171.239,236.195,207,118.976,268.056,327.17,2004,2004,4.00198,0,0,0,0,0,0,0,0,261.37,0,0,0,0,0,5964,43,99.2842,0,16796,264.608
e1_span_010_dynamic_r03,e1_span_010_dynamic,85,74.5733,170000,85,5,37.752,26559.1,26559.1,39,57.037,34303.2,37920.9,1260,226.396,27551.2,40488.5,407,616.663,27019.8,39188.2,3.63391,2559.22,104,63.993,198.214,378.407,194,127.996,280.93,444.013,2009,2009,4.00198,0,0,0,0,0,0,0,0,261.37,0,0,0,0,0,5886,27,99.5434,0,16988,264.647
e1_span_010_dynamic_r03,e1_span_010_dynamic,86,76.6139,172000,86,7,9179.95,29425.3,29425.3,33,42.674,27577.8,36769,1227,16,29430.6,44237.3,427,624.545,27880.7,44986.5,4.59016,2265.41,95,57.251,241.187,4865.25,203,125.245,301.205,423.27,1992,1992,4.00198,0,0,0,0,0,0,0,0,261.37,0,0,0,0,0,5798,26,99.5536,0,17191,264.684
e1_span_010_dynamic_r03,e1_span_010_dynamic,87,79.1054,174000,87,6,28.145,36822.4,36822.4,25,14145.7,36721.4,41442.7,1262,24.015,36687.1,47198.8,395,888.095,36943.1,46806.2,3.77975,3233.96,106,66.476,253.107,357.637,201,124.4,345.072,881.081,1995,1995,4.00198,0,0,0,0,0,0,0,0,261.37,0,0,0,0,0,5516,36,99.3516,0,17394,264.723
e1_span_010_dynamic_r03,e1_span_010_dynamic,88,81.6989,176000,88,4,10430.9,23241.7,23241.7,27,48.786,26386.9,36534.1,1280,16.983,37527.2,41755.2,391,2252.7,37591.9,54149.2,3.18926,4169.89,100,63.533,221.702,350.924,203,128.232,356.349,633.443,2005,2005,4.00198,0,0,0,0,0,0,0,0,261.37,0,0,0,0,0,5800,28,99.5196,0,17596,264.761
e1_span_010_dynamic_r03,e1_span_010_dynamic,89,84.5836,178000,89,2,29.619,29.619,29.619,22,11389.8,37986.1,39107,1247,4246.54,38183,45549.5,412,10092.2,39182.2,44528.7,3.95388,3745.3,111,55.716,177.367,332.44,203,126.01,340.043,579.055,1997,1997,5.00199,0,0,0,0,0,0,0,0,261.37,0,0,0,0,0,6481,45,99.3105,0,17799,264.803
e1_span_010_dynamic_r03,e1_span_010_dynamic,90,87.6565,180000,90,4,44.765,48.263,48.263,28,50.366,39823.9,39970.6,1297,4245.28,39418.5,53595.1,358,3269.27,39434.6,46018.2,2.89665,5027.45,109,59.344,239.142,393.074,205,123.503,365.517,1537.2,2001,2001,5.00199,0,0,0,0,0,0,0,0,261.37,0,0,0,0,0,5658,33,99.4201,0,18005,264.845
e1_span_010_dynamic_r03,e1_span_010_dynamic,91,90.1954,182000,91,2,56659.6,56659.6,56659.6,26,43.316,34910.4,37870.1,1305,14.728,38765.9,44102.6,362,558.292,38945.5,43347.6,2.41713,5257.88,116,53.401,174.129,217.809,190,114.162,267.574,463.999,2001,2001,5.00199,0,0,0,0,0,0,0,0,261.37,0,0,0,0,0,5540,27,99.515,0,18194,264.886
e1_span_010_dynamic_r03,e1_span_010_dynamic,92,93.0999,184000,92,8,27871.9,39688.5,39688.5,30,25729,40609.8,40637.4,1259,2510.23,39729.9,44741.4,373,1042.86,39732.6,47833.3,3.41287,3934.94,118,58.424,296.259,352.148,210,125.682,341.716,836.04,1998,1998,5.00199,0,0,0,0,0,0,0,0,261.37,0,0,0,0,0,5383,27,99.5009,0,18404,264.929
e1_span_010_dynamic_r03,e1_span_010_dynamic,93,95.9199,186000,93,5,10627.1,26719.5,26719.5,25,40.803,40792.7,41315.7,1231,2260.2,40653.3,46484.3,420,2924.49,40936.7,48735.2,3.00714,4602.09,97,50.925,146.385,302.917,226,107.823,283.206,1324.67,2004,2004,5.00199,0,0,0,0,0,0,0,0,261.37,0,0,0,0,0,6118,43,99.3021,0,18629,264.968
e1_span_010_dynamic_r03,e1_span_010_dynamic,94,98.4911,188000,94,6,28769.9,49612.1,49612.1,22,39.385,23751.1,39064.3,1303,14.717,41005.7,53212,372,361.613,40880.9,48170.6,3.59677,3208.7,107,49.381,182.854,221.246,184,119.574,335.503,868.759,1994,1994,5.00199,0,0,0,0,0,0,0,0,261.37,0,0,0,0,0,5694,30,99.4759,0,18815,265.007
e1_span_010_dynamic_r03,e1_span_010_dynamic,95,101.375,190000,95,7,6641.33,24780.6,24780.6,17,7941.51,35966.6,35966.6,1262,10590.3,41620.2,47342.6,404,10006.6,41297.9,46864,2.5396,5212.93,96,58.979,190.543,1204.37,214,120.842,429.265,1555.88,2000,2000,5.00199,0,0,0,0,0,0,0,0,261.37,0,0,0,0,0,6199,28,99.5503,0,19029,265.045
e1_span_010_dynamic_r03,e1_span_010_dynamic,96,103.765,192000,96,10,48.348,42402.8,42402.8,35,39.698,40977.4,43332.4,1290,15.839,41424.6,43358.1,372,317.95,41300.7,43262.6,2.85753,3758.47,117,54.678,174.927,262.729,178,111.27,326.927,407.799,2002,2002,5.00199,0,0,0,0,0,0,0,0,261.37,0,0,0,0,0,5649,30,99.4717,0,19207,265.087
e1_span_010_dynamic_r03,e1_span_010_dynamic,97,106.497,194000,97,6,16702.6,36435.3,36435.3,24,3791.21,43037,49421.1,1272,1972.73,42438.9,45683.9,418,318.603,42492.1,47457.5,3.32297,3336.06,94,56.951,193.779,1317.63,186,116.776,304.257,1375.57,2000,2000,5.00199,0,0,0,0,0,0,0,0,261.37,0,0,0,0,0,6084,42,99.3144,0,19393,265.122
e1_span_010_dynamic_r03,e1_span_010_dynamic,98,109.609,196000,98,2,9947.65,9947.65,9947.65,34,7965.05,43363.4,61003.9,1187,10838.4,42620.4,45581.8,436,11899.8,43363.8,54953.5,3.55275,4300.44,122,55.886,145.509,350.351,218,107.686,326.769,1635.63,1999,1999,5.00199,0,0,0,0,0,0,0,0,261.37,0,0,0,0,0,6204,42,99.3276,0,19611,265.168
e1_span_010_dynamic_r03,e1_span_010_dynamic,99,112.556,198000,99,6,37919.9,46564.2,46564.2,31,45.738,42919.1,45184.7,1277,31.628,43475.3,45148.1,389,578.999,43775.4,62553.2,3.05656,4248.05,109,59.792,202.817,290.829,188,116.59,338.033,773.824,2000,2000,5.00199,0,0,0,0,0,0,0,0,261.37,0,0,0,0,0,6087,17,99.7215,0,19799,265.208
e1_span_010_dynamic_r03,e1_span_010_dynamic,100,115.57,200000,100,11,52.006,38389.5,38389.5,26,11819.6,39132.9,44443,1259,761.97,43223.3,46153.5,392,14403.7,43290.3,45028,2.51531,6008.69,110,54.31,172.945,215.109,201,105.614,234.256,346.355,1999,1999,5.00199,0,0,0,0,0,0,0,0,261.37,0,0,0,0,0,6025,40,99.3405,0,20000,265.249
e1_span_010_static_r01,e1_span_010_static,1,0.0252661,2000,1,2,80.121,80.121,80.121,26,23.277,75.048,85.029,1256,22.928,79.443,98.829,404,149.016,204.092,9104.65,98.9703,2.68661,122,14.064,64.47,76.336,198,37.498,103.193,326.237,2008,2008,1.00196,0,0,0,0,0,0,0,0,261.386,0,0,0,0,0,265,4060,6.12717,0,198,261.516
e1_span_010_static_r01,e1_span_010_static,2,0.0447739,4000,2,6,75.544,95.4,95.4,25,66.034,137.741,140.848,1274,61.13,145.369,163.229,375,149.329,245.188,267.874,92.1333,1.67991,100,15.138,63.591,93.757,219,37.925,96.424,112.43,1999,1999,1.00196,0,0,0,0,0,0,0,0,261.386,0,0,0,0,0,712,3211,18.1494,0,416,261.555
e1_span_010_static_r01,e1_span_010_static,3,0.0715383,6000,3,7,121.395,178.175,178.175,27,70.568,251.609,369.976,1216,80.238,231.294,284.177,424,181.025,340.634,418.126,87.4646,2.13739,103,16.148,70.197,78.319,220,40.822,103.119,135.971,1997,1997,1.00196,0,0,0,0,0,0,0,0,261.386,0,0,0,0,0,1091,2986,26.7599,0,636,261.595
e1_span_010_static_r01,e1_span_010_static,4,0.105573,8000,4,9,26.344,261.206,261.206,25,105.716,317.5,349.103,1253,70.146,337.838,395.576,428,166.54,411.2,465.753,87.7383,2.40068,81,21.779,92.59,128.577,204,51.145,122.866,142.037,2000,2000,1.00196,0,0,0,0,0,0,0,0,261.386,0,0,0,0,0,1524,2621,36.7672,0,839,261.627
e1_span_010_static_r01,e1_span_010_static,5,0.155001,10000,5,5,200.653,539.722,539.722,26,19.11,424.069,428.374,1251,117.2,547.865,642.642,441,173.931,625.659,692.942,81.5102,3.39159,99,27.482,117.103,173.7,188,63.281,160.076,201.233,2010,2010,1.00196,0,0,0,0,0,0,0,0,261.386,0,0,0,0,0,1767,2222,44.2968,0,1028,261.664
e1_span_010_static_r01,e1_span_010_static,6,0.236633,12000,6,5,16.228,893.197,893.197,28,508.387,873.742,1234.33,1286,66.172,919.304,1093.9,397,281.778,1079.07,1558,79.6549,6.12696,92,42.762,210.709,256.792,188,92.411,249.525,335.337,1996,1996,1.00196,0,0,0,0,0,0,0,0,261.386,0,0,0,0,0,1880,1835,50.6057,0,1217,261.699
e1_span_010_static_r01,e1_span_010_static,7,0.337143,14000,7,11,632.295,1031.39,1031.39,29,36.682,977.048,1024.73,1268,285.317,1041.85,1139.55,381,361.062,1218.15,1308.56,76.6142,7.11433,97,35.832,243.264,395.745,213,96.813,266.921,357.023,1999,1999,1.00196,0,0,0,0,0,0,0,0,261.386,0,0,0,0,0,2052,1484,58.0317,0,1428,261.737
e1_span_010_static_r01,e1_span_010_static,8,0.452821,16000,8,8,1056.73,1147.02,1147.02,26,386.012,1367.14,1414.66,1254,50.07,1386.69,1592.6,420,254.507,1508.66,1846.15,72.3881,8.75348,110,54.335,205.162,290.994,185,107.267,233.528,331.423,2003,2003,1.00196,0,0,0,0,0,0,0,0,261.386,0,0,0,0,0,2270,1361,62.5172,0,1614,261.777
e1_span_010_static_r01,e1_span_010_static,9,0.617621,18000,9,8,22.334,1562.63,1562.63,24,665.641,1730.89,2677.27,1261,319.988,1801.83,2427.42,390,797.624,1943.06,2634.24,71.2462,12.9002,112,57.406,223.423,277.065,204,113.689,268.695,293.745,1999,1999,1.00196,0,0,0,0,0,0,0,0,261.386,0,0,0,0,0,2333,1066,68.6378,0,1818,261.818
e1_span_010_static_r01,e1_span_010_static,10,0.765516,20000,10,5,323.959,1479.89,1479.89,19,541.899,1668.22,1668.22,1268,268.169,1681.85,1774.97,389,449.333,1807.78,1952.87,67.8072,11.0856,98,59.957,158.884,241.916,214,110.823,283.429,345.426,1993,1993,1.00196,0,0,0,0,0,0,0,0,261.386,0,0,0,0,0,2380,886,72.872,0,2032,261.856
e1_span_010_static_r01,e1_span_010_static,11,0.926795,22000,11,3,375.176,1898.08,1898.08,20,582.051,2009.76,2009.76,1303,49.902,1887.41,2024.36,389,397.949,2019.47,2207.23,64.8869,13.4001,91,52.295,187.324,306.565,191,111.56,245.058,363.668,1997,1997,1.00196,0,0,0,0,0,0,0,0,261.386,0,0,0,0,0,2394,790,75.1884,0,2223,261.891
e1_span_010_static_r01,e1_span_010_static,12,1.11178,24000,12,5,1723.71,2096.64,2096.64,24,43.56,1960.93,1995.36,1257,212.613,2064.42,2233.19,390,447.443,2253.11,2340.7,64.8538,15.5718,113,60.466,198.455,265.953,215,114.798,250.676,275.541,2004,2004,2.00197,0,0,0,0,0,0,0,0,261.386,0,0,0,0,0,2469,732,77.1321,0,2438,261.933
e1_span_010_static_r01,e1_span_010_static,13,1.32543,26000,13,5,1957.31,2063.72,2063.72,21,1983.7,2326.46,2350.38,1252,296.402,2283.6,2446.37,397,443.692,2388.58,2614.46,56.8741,18.7537,104,59.485,181.831,290.466,215,116.97,266.499,333.144,1994,1994,2.00197,0,0,0,0,0,0,0,0,261.386,0,0,0,0,0,2509,604,80.5975,0,2654,261.973
e1_span_010_static_r01,e1_span_010_static,14,1.56572,28000,14,4,2221.76,2255.93,2255.93,31,1901.07,2503.78,2522.65,1250,376.293,2507.78,2713.66,407,250.348,2646.82,2842.6,56.3219,19.9653,102,60.481,179.383,217.017,213,115.618,209.341,258.858,2007,2007,2.00197,0,0,0,0,0,0,0,0,261.386,0,0,0,0,0,2604,508,83.6761,0,2864,262.013
e1_span_010_static_r01,e1_span_010_static,15,1.79504,30000,15,4,39.058,355.655,355.655,24,459.601,2687.2,2692.59,1262,45.322,2728.22,2929.83,397,247.982,2839.32,3000.48,52.8338,21.9018,113,63.142,186.371,288.058,200,119.358,316.837,441.706,2000,2000,2.00197,0,0,0,0,0,0,0,0,261.386,0,0,0,0,0,2583,441,85.4167,0,3067,262.054
e1_span_010_static_r01,e1_span_010_static,16,2.03292,32000,16,8,2708.54,3191.3,3191.3,16,48.078,2971.59,2971.59,1323,31.194,2921.88,3067.57,375,226.113,3065.98,3199.89,53.1627,22.3387,96,64.578,187.984,378.673,176,117.384,285.982,362.182,1994,1994,2.00197,0,0,0,0,0,0,0,0,261.386,0,0,0,0,0,2490,436,85.0991,0,3243,262.089
e1_span_010_static_r01,e1_span_010_static,17,2.27988,34000,17,4,17.201,48.999,48.999,32,42.258,2912.89,2971.94,1265,36.816,3078.98,3240.5,418,221.789,3234.91,3402.71,52.9617,23.3237,95,67.352,252.489,304.083,189,120.81,292.561,433.639,2003,2003,2.00197,0,0,0,0,0,0,0,0,261.386,0,0,0,0,0,2688,425,86.3476,0,3431,262.125
e1_span_010_static_r01,e1_span_010_static,18,2.59978,36000,18,5,23.978,2920.5,2920.5,21,582.079,3239.12,3296.35,1262,408.759,3302.13,3498.89,389,632.34,3458.83,3661.3,46.2211,35.5274,106,61.669,210.805,271.986,213,115.107,302.405,384.506,1996,1996,2.00197,0,0,0,0,0,0,0,0,261.386,0,0,0,0,0,2584,295,89.7534,0,3645,262.166
e1_span_010_static_r01,e1_span_010_static,19,2.96212,38000,19,6,3134.36,3520.92,3520.92,30,49.127,3621.7,6366.02,1236,79.766,6006.35,6306.75,434,376.974,6260.35,6621.34,50.7627,36.0692,116,71.685,266.105,283.784,183,142.829,366.608,477.272,2005,2005,2.00197,0,0,0,0,0,0,0,0,261.386,0,0,0,0,0,2911,290,90.9403,0,3828,262.207
e1_span_010_static_r01,e1_span_010_static,20,3.31002,40000,20,10,26.493,3402.56,3402.56,22,56.893,3734.56,6404.56,1261,45.958,3686.14,6672.16,414,405.398,6361.23,6915.43,45.2947,40.4548,106,74.129,271.986,427.638,192,138.389,491.889,582.974,2005,2005,2.00197,0,0,0,0,0,0,0,0,261.386,0,0,0,0,0,2755,248,91.7416,0,4020,262.246
e1_span_010_static_r01,e1_span_010_static,21,3.63577,42000,21,9,2895.66,3749.55,3749.55,27,3592.26,6966.29,7156.02,1257,297.274,3855.65,6950.9,396,528.93,6793.5,7269.26,46.3813,37.2085,103,64.564,276.74,504.175,198,128.797,329.477,628.514,1990,1990,2.00197,0,0,0,0,0,0,0,0,261.386,0,0,0,0,0,2775,197,93.3715,0,4218,262.284
e1_span_010_static_r01,e1_span_010_static,22,3.93987,44000,22,5,50.31,3860.35,3860.35,28,953.294,4009.44,4027.98,1270,217.3,4029.01,7286.82,395,290.372,4195.44,7440.16,41.3494,34.1042,110,62.724,212.779,236.371,192,125.781,296.65,453.654,2000,2000,2.00197,0,0,0,0,0,0,0,0,261.386,0,0,0,0,0,2604,193,93.0997,0,4410,262.325
e1_span_010_static_r01,e1_span_010_static,23,4.26307,46000,23,3,986.263,3469.97,3469.97,35,35.086,4151.97,4292.49,1257,27.668,5977.13,7663.85,406,428.521,5525.52,7861.92,40.4261,43.7778,117,64.041,273.21,352.13,190,126.639,323.88,421.7,2008,2008,2.00197,0,0,0,0,0,0,0,0,261.386,0,0,0,0,0,2702,162,94.3436,0,4599,262.367
e1_span_010_static_r01,e1_span_010_static,24,4.59295,48000,24,6,46.704,4576.59,4576.59,22,41.965,4256.91,4321.87,1290,33.699,4895.94,8084.96,380,274.854,4700.76,8361.48,38.2895,41.3311,102,62.866,231.544,282.871,192,122.872,242.021,319.969,1992,1992,2.00197,0,0,0,0,0,0,0,0,261.386,0,0,0,0,0,2637,172,93.8768,0,4792,262.405
e1_span_010_static_r01,e1_span_010_static,25,4.98218,50000,25,1,25.447,25.447,25.447,28,1238.89,8405.64,8541.81,1281,39.034,4720.74,8652.44,409,298.629,5551.94,8841.57,42.1443,48.3715,84,75.564,374.641,707.565,200,150.697,418.552,780.77,2003,2003,2.00197,0,0,0,0,0,0,0,0,261.386,0,0,0,0,0,2932,144,95.3186,0,4991,262.438
e1_span_010_static_r01,e1_span_010_static,26,5.34716,52000,26,3,34.131,94.069,94.069,24,37.535,4851.57,4911.33,1304,26.446,4948.42,8878.77,418,231.549,5139.28,8924.19,37.9904,45.0052,82,79.74,475.142,3052.88,186,153.601,439.368,2823,2017,2017,2.00197,0,0,0,0,0,0,0,0,261.386,0,0,0,0,0,2788,107,96.304,0,5176,262.47
e1_span_010_static_r01,e1_span_010_static,27,5.82497,54000,27,6,4836.06,5038.59,5038.59,16,51.942,5219.12,5219.12,1284,1192.7,5400.38,9635.21,363,1292.52,6495.77,9636.27,37.2342,63.3116,91,65.968,212.397,371.206,220,127.388,374.833,535.216,1980,1980,2.00197,0,0,0,0,0,0,0,0,261.386,0,0,0,0,0,2566,119,95.568,0,5398,262.506
e1_span_010_static_r01,e1_span_010_static,28,6.24556,56000,28,8,67.35,10046.4,10046.4,33,1304.25,6148.92,9936.04,1254,60.013,5515.88,9911.41,405,414.943,5792.09,9906.19,31.1753,64.5712,108,60.477,199.814,442.344,196,123.828,353.528,478.471,2004,2004,2.00197,0,0,0,0,0,0,0,0,261.386,0,0,0,0,0,2794,115,96.0468,0,5592,262.546
e1_span_010_static_r01,e1_span_010_static,29,6.69885,58000,29,8,1461.95,5663.01,5663.01,23,67.932,5731.97,10578.5,1277,362.825,5737.74,10510.5,398,553.153,7092.45,10602.5,34.9548,61.7754,99,58.983,295.445,512.153,196,120.388,281.426,399.168,2001,2001,2.00197,0,0,0,0,0,0,0,0,261.386,0,0,0,0,0,2804,98,96.623,0,5789,262.584
e1_span_010_static_r01,e1_span_010_static,30,7.12808,60000,30,7,1502.31,4656.78,4656.78,26,399.748,5838.37,10930.3,1263,56.969,5924.55,10802,406,284.852,6076.2,10916.8,31.6256,64.3033,109,63.023,345.614,405.164,191,125.332,330.399,516.746,2002,2002,2.00197,0,0,0,0,0,0,0,0,261.386,0,0,0,0,0,2766,89,96.8827,0,5979,262.624
e1_span_010_static_r01,e1_span_010_static,31,7.59522,62000,31,6,17.672,5801.24,5801.24,22,32.874,5979.79,6031.68,1269,57.94,6198.81,11035.8,405,1591.06,6468.88,10156.6,29.0914,92.9339,110,62.221,209.877,388.716,185,120.714,290.191,521.333,1997,1997,2.00197,0,0,0,0,0,0,0,0,261.386,0,0,0,0,0,2898,102,96.6,0,6165,262.664
e1_span_010_static_r01,e1_span_010_static,32,8.10255,64000,32,6,5808.95,6305.95,6305.95,23,1496.98,6586.39,6608.28,1294,430.517,6451.56,11764.3,373,1236.68,6671.43,11940.8,29.378,82.9556,88,63.863,242.808,334.419,214,125.278,317.388,365.861,1998,1998,2.00197,0,0,0,0,0,0,0,0,261.386,0,0,0,0,0,2575,91,96.5866,0,6380,262.699
e1_span_010_static_r01,e1_span_010_static,33,8.54765,66000,33,8,1637.74,6604.76,6604.76,21,39.382,5413.76,6632.79,1248,35.178,6609.97,11145.2,431,673.738,6807.96,10767,28.7471,84.3881,100,56.929,273.812,449.272,189,126.682,333.886,589.221,1997,1997,2.00197,0,0,0,0,0,0,0,0,261.386,0,0,0,0,0,3135,98,96.9688,0,6569,262.737
e1_span_010_static_r01,e1_span_010_static,34,9.03414,68000,34,7,1766.2,8360.61,8360.61,18,1737.73,12615.5,12615.5,1292,44.845,6837.27,12484.2,396,1613.22,7024.11,12737.1,30.7803,83.0402,89,59.189,224.433,347.557,198,124.589,288.417,353.171,2000,2000,2.00197,0,0,0,0,0,0,0,0,261.386,0,0,0,0,0,2869,80,97.2872,0,6767,262.771
e1_span_010_static_r01,e1_span_010_static,35,9.60103,70000,35,6,2520.31,7282.1,7282.1,36,152,7167.02,7216.41,1257,28.76,7206.27,13172.8,410,236.428,7364.68,12985.9,25.4829,109.954,116,68.612,331.207,461.217,177,140.645,497.875,621.165,2002,2002,2.00197,0,0,0,0,0,0,0,0,261.386,0,0,0,0,0,3026,105,96.6464,0,6944,262.812
e1_span_010_static_r01,e1_span_010_static,36,10.201,72000,36,5,16.793,7152.9,7152.9,22,1911.37,13269.2,13641.7,1289,424.745,7421.79,13569,392,426.098,7606.2,13347.3,20.0842,148.188,84,66.315,232.996,394.115,206,128.657,319.077,353.472,1998,1998,2.00197,0,0,0,0,0,0,0,0,261.386,0,0,0,0,0,2890,51,98.2659,0,7150,262.846
e1_span_010_static_r01,e1_span_010_static,37,10.8198,74000,37,7,6329.85,10170.8,10170.8,25,43.381,7877.95,7924.98,1249,375.161,7768.03,14194.2,410,387.261,8151.79,14382.6,23.3902,136.23,107,53.667,227.197,381.561,210,131.661,369.699,457.817,2008,2008,2.00197,0,0,0,0,0,0,0,0,261.386,0,0,0,0,0,3050,77,97.5376,0,7357,262.886
e1_span_010_static_r01,e1_span_010_static,38,11.3887,76000,38,9,26.611,7940.04,7940.04,21,6202.77,8001.81,14589.6,1276,33.178,7950.94,14563.1,388,439.367,8082.76,12838.5,21.0799,124.653,106,61.922,223.055,296.817,201,128.297,300.594,350.67,2001,2001,2.00197,0,0,0,0,0,0,0,0,261.386,0,0,0,0,0,3000,68,97.7836,0,7558,262.926
e1_span_010_static_r01,e1_span_010_static,39,12.0529,78000,39,4,6.657,6408.68,6408.68,18,21.418,8238.77,8238.77,1218,913.298,8461.22,15248.6,424,1530.94,8724.53,15632,19.309,172.725,101,55.535,252.159,336.793,227,120.596,362.62,426.237,1992,1992,2.00197,0,0,0,0,0,0,0,0,261.386,0,0,0,0,0,3251,85,97.452,0,7787,262.966
e1_span_010_static_r01,e1_span_010_static,40,12.717,80000,40,6,8398.19,15830,15830,33,2030.32,8646.71,8782.75,1265,1889.22,8640.43,15530.4,371,2077.78,8767,15962,21.3423,154.395,110,54.838,231.699,292.685,214,113.494,295.169,416.604,1999,1999,3.00198,0,0,0,0,0,0,0,0,261.386,0,0,0,0,0,2889,54,98.1651,0,8002,263.007
e1_span_010_static_r01,e1_span_010_static,41,13.3557,82000,41,7,13.745,9164.73,9164.73,17,46.781,16944.1,16944.1,1288,44.298,9180.47,16280.2,394,900.037,9266.36,14761.7,19.2437,170.115,94,63.679,165.588,260.482,203,118.934,211.404,332.336,2003,2003,3.00198,0,0,0,0,0,0,0,0,261.386,0,0,0,0,0,3173,70,97.8415,0,8203,263.044
e1_span_010_static_r01,e1_span_010_static,42,14.0318,84000,42,7,4825.78,9280.09,9280.09,25,40.878,9205.26,9241.05,1292,18.039,9267.15,16747.1,403,243.068,9370.99,16908.1,21.3002,156.538,94,60.98,212.988,360.252,176,113.231,208.485,285.054,1997,1997,3.00198,0,0,0,0,0,0,0,0,261.386,0,0,0,0,0,3238,56,98.2999,0,8381,263.079
e1_span_010_static_r01,e1_span_010_static,43,14.6963,86000,43,6,4979.45,9371.31,9371.31,27,53.701,9246.03,9352.96,1316,27.815,9432.37,16018.3,380,279.594,9573.29,17396.2,18.2316,180.484,86,70.449,283.803,306.157,187,130.622,287.892,350.824,2002,2002,3.00198,0,0,0,0,0,0,0,0,261.386,0,0,0,0,0,3098,64,97.976,0,8567,263.112
e1_span_010_static_r01,e1_span_010_static,44,15.2833,88000,44,2,2290.7,2290.7,2290.7,20,2205.78,9924.94,9924.94,1283,34.968,9700.01,10123.1,387,429.899,9845.37,10183.2,17.3127,176.278,102,51.73,135.475,201.244,206,103.555,285.462,432.26,2000,2000,3.00198,0,0,0,0,0,0,0,0,261.386,0,0,0,0,0,3488,53,98.5032,0,8774,263.151
e1_span_010_static_r01,e1_span_010_static,45,16.0585,90000,45,8,2102.02,16165.4,16165.4,22,31.219,10314.3,10323.6,1268,2344.26,10130,15748.5,388,2368.49,10196,15437,17.384,190.177,98,62.493,190.9,257.535,215,116.071,239.029,297.235,1999,1999,3.00198,0,0,0,0,0,0,0,0,261.386,0,0,0,0,0,3411,62,98.2148,0,8988,263.189
e1_span_010_static_r01,e1_span_010_static,46,16.7466,92000,46,9,36.222,14677.5,14677.5,32,2564.63,10524.4,10665.5,1237,27.968,10613.5,15524.3,424,442.622,10799.6,15435.1,17.7241,194.824,93,51.409,149.884,253.053,210,109.746,271.635,345.903,2005,2005,3.00198,0,0,0,0,0,0,0,0,261.386,0,0,0,0,0,3522,69,98.0785,0,9199,263.226
e1_span_010_static_r01,e1_span_010_static,47,17.4384,94000,47,9,15.501,2655.1,2655.1,28,225.769,11073.9,17175.6,1261,310.941,10912,15293.5,397,166.163,11038.3,17148.8,14.2922,211.277,81,42.814,217.369,273.123,218,114.485,315.257,487.305,1994,1994,3.00198,0,0,0,0,0,0,0,0,261.386,0,0,0,0,0,3338,61,98.2054,0,9417,263.26
e1_span_010_static_r01,e1_span_010_static,48,18.0571,96000,48,9,29.848,11323.6,11323.6,22,34.238,11066.6,12008.2,1290,12.247,11303.9,20959.5,387,142.341,11475.4,20894,14.845,210.4,106,39.013,166.752,201.1,185,110.121,273.516,416.035,1999,1999,3.00198,0,0,0,0,0,0,0,0,261.386,0,0,0,0,0,3351,58,98.2986,0,9602,263.299
e1_span_010_static_r01,e1_span_010_static,49,18.7977,98000,49,5,2728.34,11240.6,11240.6,18,2986.84,11469.6,11469.6,1248,40.951,11613.4,17215,435,1178.43,11762.8,17318.3,15.6943,232.752,99,50.582,143.973,219.909,199,107.322,290.007,395.788,2004,2004,3.00198,0,0,0,0,0,0,0,0,261.386,0,0,0,0,0,3987,50,98.7615,0,9798,263.336
e1_span_010_static_r01,e1_span_010_static,50,19.5875,100000,50,10,9.645,21745.5,21745.5,23,47.377,12058.5,12412.1,1252,36.344,11940,18804.8,413,2781.22,12070.5,18228.6,14.8886,258.114,100,54.056,254.282,455.548,204,83.166,307.537,369.04,2002,2002,3.00198,0,0,0,0,0,0,0,0,261.386,0,0,0,0,0,3989,56,98.6156,0,10003,263.374
e1_span_010_static_r01,e1_span_010_static,51,20.2962,102000,51,6,33.365,12201.8,12201.8,25,42.411,17970.6,18153.1,1298,15.211,12245.1,18431.7,390,355.022,12456.1,18929.7,13.4359,258.616,78,51.395,231.089,381.129,198,108.303,281.518,325.574,1995,1995,3.00198,0,0,0,0,0,0,0,0,261.386,0,0,0,0,0,3739,43,98.863,0,10203,263.406
e1_span_010_static_r01,e1_span_010_static,52,21.1276,104000,52,8,12130.8,12658.9,12658.9,27,32.079,5629.8,12478.4,1272,33.776,12564.3,20720.8,422,783.869,12751.6,13052.2,12.7156,320.06,94,52.357,159.684,250.408,194,106.683,215.918,285.062,2017,2017,3.00198,0,0,0,0,0,0,0,0,261.386,0,0,0,0,0,3836,54,98.6118,0,10397,263.443
e1_span_010_static_r01,e1_span_010_static,53,21.9582,106000,53,7,34.694,12993.6,12993.6,35,2436.06,12802.1,12929.7,1281,19.924,12871.3,13049.2,373,300.579,13069.8,13333.3,12.5469,311.891,98,54.459,174.312,261.86,188,111.516,248.73,383.217,1982,1982,3.00198,0,0,0,0,0,0,0,0,261.386,0,0,0,0,0,3864,57,98.5463,0,10585,263.479
e1_span_010_static_r01,e1_span_010_static,54,22.7412,108000,54,5,3160.51,9869.57,9869.57,31,24.671,13082.7,13139.3,1270,14.08,13244.7,22767.1,420,213.179,13337.9,18281.8,12.7214,314.911,92,29.145,141.25,288.314,183,104.463,310.995,410.764,2001,2001,3.00198,0,0,0,0,0,0,0,0,261.386,0,0,0,0,0,4014,43,98.9401,0,10767,263.514
e1_span_010_static_r01,e1_span_010_static,55,23.6209,110000,55,7,3503.16,13553.7,13553.7,22,265.728,13463.1,13512.3,1348,21.402,13511.6,14761.4,364,287.899,13636.1,14349.7,11.5275,344.941,96,64.244,235.919,281.397,163,120.567,256.751,313.377,2000,2000,3.00198,0,0,0,0,0,0,0,0,261.386,0,0,0,0,0,3567,44,98.7815,0,10931,263.549
e1_span_010_static_r01,e1_span_010_static,56,24.633,112000,56,4,471.491,3393.15,3393.15,30,38.66,13836.8,25291.7,1256,37.476,13935.6,18905.8,425,596.758,14280.9,25564,12.2306,432.822,89,62.885,243.586,297.453,201,125.059,242.268,312.208,2005,2005,3.00198,0,0,0,0,0,0,0,0,261.386,0,0,0,0,0,4310,54,98.7626,0,11130,263.584
e1_span_010_static_r01,e1_span_010_static,57,25.701,114000,57,3,3503.24,14049.5,14049.5,28,45.422,14088.8,14221.8,1273,3152.38,14273.9,24092.2,398,451.019,14362.7,23281,11.1709,406.209,82,58.574,206.237,416.103,209,119.143,279.47,376.067,1993,1993,3.00198,0,0,0,0,0,0,0,0,261.386,0,0,0,0,0,3888,46,98.8307,0,11341,263.618
e1_span_010_static_r01,e1_span_010_static,58,26.766,116000,58,8,3490.59,30347.3,30347.3,10,3142.04,14621.6,14621.6,1307,54.972,14907.9,26899.4,378,483.219,15271,26609.5,9.56878,556.716,92,63.913,242.12,346.257,214,125.018,274.049,326.717,2009,2009,3.00198,0,0,0,0,0,0,0,0,261.386,0,0,0,0,0,3654,28,99.2395,0,11554,263.654
e1_span_010_static_r01,e1_span_010_static,59,27.8537,118000,59,6,10200.6,15081,15081,27,75.03,15178.1,24418.2,1275,14.685,15166.5,26523.4,376,715.412,15582.7,26998,10.4574,541.812,105,54.941,221.168,273.263,204,119.066,284.32,327.225,1993,1993,3.00198,0,0,0,0,0,0,0,0,261.386,0,0,0,0,0,3940,45,98.8708,0,11758,263.694
e1_span_010_static_r01,e1_span_010_static,60,29.0634,120000,60,6,3825.68,12328.4,12328.4,30,3209.57,15414.4,15549.4,1233,42.836,15517.5,28044.3,434,1899.34,15691.8,28060,9.99309,579.236,97,64.733,206.258,493.109,198,126.244,238.038,395.84,1998,1998,3.00198,0,0,0,0,0,0,0,0,261.386,0,0,0,0,0,4590,45,99.0291,0,11957,263.731
e1_span_010_static_r01,e1_span_010_static,61,30.2481,122000,61,4,38.638,10315.5,10315.5,29,2725.48,15747.2,23959.6,1283,24.859,15961,26991,382,385.255,16064.5,23133.6,10.089,524.921,105,56.027,164.352,314.799,197,117.604,281.454,361.204,2000,2000,3.00198,0,0,0,0,0,0,0,0,261.386,0,0,0,0,0,3893,37,99.0585,0,12154,263.771
e1_span_010_static_r01,e1_span_010_static,62,31.5242,124000,62,6,13494.9,16915.3,16915.3,24,4008.19,16771.2,23472.3,1270,3677.06,16433.7,28454.5,399,3378.37,16731.4,28771.7,8.50877,705.888,101,63.57,154.443,272.081,202,119.466,309.014,477.873,2002,2002,3.00198,0,0,0,0,0,0,0,0,261.386,0,0,0,0,0,4273,39,99.0955,0,12356,263.809
e1_span_010_static_r01,e1_span_010_static,63,32.7055,126000,63,3,9.893,13270.6,13270.6,33,58.049,16642,16814.6,1252,52.037,16647.2,27963.9,406,3667.51,16888.2,29607.1,7.82512,762.465,101,54.223,150.975,243.464,202,118.661,226.941,342.093,1997,1997,3.00198,0,0,0,0,0,0,0,0,261.386,0,0,0,0,0,4386,43,99.0291,0,12558,263.848
e1_span_010_static_r01,e1_span_010_static,64,34.0239,128000,64,9,7.387,27931.8,27931.8,27,43.37,17089.5,23634.9,1265,17.58,17507.4,30876.5,408,635.017,17733.5,30917.9,9.77451,668.216,106,54.169,169.126,196.286,187,123.985,225.102,408.216,2002,2002,3.00198,0,0,0,0,0,0,0,0,261.386,0,0,0,0,0,4668,59,98.7519,0,12744,263.887
e1_span_010_static_r01,e1_span_010_static,65,35.4542,130000,65,7,6047.5,17035.5,17035.5,24,4154.82,17388,17420.5,1261,587.404,17774,30466.5,381,4226.96,17694.1,27520.8,7.00787,1011.76,111,57.704,241.252,292.561,219,119.288,284.871,374.197,2003,2003,4.00198,0,0,0,0,0,0,0,0,261.386,0,0,0,0,0,4139,40,99.0428,0,12962,263.929
e1_span_010_static_r01,e1_span_010_static,66,36.6084,132000,66,7,459.665,17950.7,17950.7,24,4176.01,17830.9,17833.8,1271,37.059,17893,29023.3,397,332.276,18086,29184.5,7.3199,774.042,94,67.963,245.351,295.767,202,126.567,308.081,515.05,1995,1995,4.00198,0,0,0,0,0,0,0,0,261.386,0,0,0,0,0,4529,41,99.1028,0,13166,263.965
e1_span_010_static_r01,e1_span_010_static,67,38.2055,134000,67,4,42.261,53.267,53.267,23,10371.9,30636.8,32039.2,1283,378.763,18460.9,32283.3,399,527.179,18597.7,32347.4,7.90226,925.705,94,63.791,263.013,422.644,202,125.729,241.998,493.031,2005,2005,4.00198,0,0,0,0,0,0,0,0,261.386,0,0,0,0,0,4343,51,98.8393,0,13367,264.002
e1_span_010_static_r01,e1_span_010_static,68,39.8758,136000,68,6,14865.1,28990.8,28990.8,19,7136.98,19217.7,19217.7,1253,393.874,18739,19110.1,418,3555.39,18973.5,19530.5,7.23684,1117.28,105,58.893,190.748,376.614,195,127.837,332.199,395.238,1996,1996,4.00198,0,0,0,0,0,0,0,0,261.386,0,0,0,0,0,5072,59,98.8501,0,13563,264.041
e1_span_010_static_r01,e1_span_010_static,69,41.5063,138000,69,6,38.823,19103.9,19103.9,22,49.168,15263.4,32476.6,1303,22.483,19240,32276.9,400,545.84,19584.2,33446.3,6.2025,1298.6,85,65.123,216.478,379.953,186,132.104,290.971,362.306,2002,2002,4.00198,0,0,0,0,0,0,0,0,261.386,0,0,0,0,0,4659,44,99.0644,0,13749,264.074
e1_span_010_static_r01,e1_span_010_static,70,43.222,140000,70,11,14466.7,35280.1,35280.1,25,74.088,20018.1,20085.6,1246,67.687,20112.5,33527.2,425,4623.63,20634.6,24850.9,6.09412,1486.06,89,66.035,202.894,314.589,207,129.537,339.331,416.629,2003,2003,4.00198,0,0,0,0,0,0,0,0,261.386,0,0,0,0,0,5124,48,99.0719,0,13955,264.109
e1_span_010_static_r01,e1_span_010_static,71,44.945,142000,71,10,15880.8,20773.8,20773.8,20,19931.4,35831.8,35831.8,1273,39.943,20324.6,32835.3,395,602.758,20645.8,33532.1,7.38228,1122.49,92,64.621,202.11,312.386,204,132.381,287.873,380.481,1994,1994,4.00198,0,0,0,0,0,0,0,0,261.386,0,0,0,0,0,4943,44,99.1177,0,14160,264.145
e1_span_010_static_r01,e1_span_010_static,72,46.7033,144000,72,13,37.946,20994.6,20994.6,31,43.204,20366.2,21288,1267,49.048,20613.6,26681.7,412,1501.45,20804.1,36057.2,6.75728,1361.78,85,63.081,207.266,356.615,198,136.115,325.895,433.969,2006,2006,4.00198,0,0,0,0,0,0,0,0,261.386,0,0,0,0,0,4972,33,99.3407,0,14356,264.179
e1_span_010_static_r01,e1_span_010_static,73,48.3209,146000,73,4,9895.34,20738.5,20738.5,30,144.253,21360.6,27159.8,1254,17.967,21419,27520.5,404,536.245,21870,32593.2,5.61139,1426.25,96,61.603,287.941,406.877,209,127.645,364.466,454.778,1997,1997,4.00198,0,0,0,0,0,0,0,0,261.386,0,0,0,0,0,4693,24,99.4912,0,14567,264.216
e1_span_010_static_r01,e1_span_010_static,74,50.0297,148000,74,8,13.155,17034,17034,23,45.676,21718.4,35001.3,1252,305.651,21573,34904.9,421,488.628,21797,35046.5,6.28504,1267.4,110,58.56,195.212,295.798,190,125.856,347.505,460.237,2004,2004,4.00198,0,0,0,0,0,0,0,0,261.386,0,0,0,0,0,5667,46,99.1948,0,14755,264.257
e1_span_010_static_r01,e1_span_010_static,75,51.7673,150000,75,3,27.287,21805.2,21805.2,24,825.675,21956.5,22037.9,1254,430.583,22272.3,37431.3,423,728.312,22315,34640.9,4.93853,1597.69,77,64.443,214.786,342.643,217,124.161,312.996,386.166,1998,1998,4.00198,0,0,0,0,0,0,0,0,261.386,0,0,0,0,0,5212,42,99.2006,0,14974,264.29
e1_span_010_static_r01,e1_span_010_static,76,53.6495,152000,76,2,42.841,42.841,42.841,26,49.791,22434.9,22750.8,1296,18.783,22288.1,37167.5,416,500.063,22502.9,37253.2,4.76683,1929.27,91,65.294,158.808,246.79,173,132.165,361.445,595.889,2004,2004,4.00198,0,0,0,0,0,0,0,0,261.386,0,0,0,0,0,5136,48,99.0741,0,15146,264.323
e1_span_010_static_r01,e1_span_010_static,77,55.4486,154000,77,4,5585.81,9294.77,9294.77,22,7130.53,23073.6,39453.4,1272,4323.81,22937.6,39426.5,377,2152.28,23284.1,39591.7,6.22281,1375.71,91,57.079,319.544,506.528,229,120.156,316.69,483.798,1995,1995,4.00198,0,0,0,0,0,0,0,0,261.386,0,0,0,0,0,4819,43,99.1156,0,15375,264.36
e1_span_010_static_r01,e1_span_010_static,78,56.8998,156000,78,7,54.719,23114.3,23114.3,32,352.691,23018.5,23163.4,1287,15.601,23191,30989,378,329.277,23337.8,33614.9,5.34392,1343.98,101,58.114,160.802,242.419,192,117.667,345.367,479.072,1997,1997,4.00198,0,0,0,0,0,0,0,0,261.386,0,0,0,0,0,4676,29,99.3836,0,15567,264.398
e1_span_010_static_r01,e1_span_010_static,79,58.85,158000,79,4,5329.96,23286.4,23286.4,35,6028.32,23706.5,23793.5,1267,318.898,23723.2,24997.9,395,5608.36,23987.6,39204.4,4.11646,2521.09,96,59.69,219.942,402.32,202,130.982,344.612,480.8,1999,1999,4.00198,0,0,0,0,0,0,0,0,261.386,0,0,0,0,0,5554,41,99.2672,0,15770,264.435
e1_span_010_static_r01,e1_span_010_static,80,60.9247,160000,80,10,11921.8,24271,24271,23,7550.75,23879.9,30710.9,1243,6321.64,24519.8,35830.4,391,5969.49,24774.9,35993.3,4.55754,2171.47,108,60.047,169.743,202.124,228,117.258,241.96,291.385,2003,2003,4.00198,0,0,0,0,0,0,0,0,261.386,0,0,0,0,0,5413,40,99.2665,0,15997,264.477
e1_span_010_static_r01,e1_span_010_static,81,62.9743,162000,81,5,17892.6,21953.4,21953.4,39,5733,42229.8,42246,1280,537.199,24740.3,40855.3,387,525.516,25015.8,42127.9,4.97158,1911.85,86,64.537,271.637,436.307,201,126.346,258.167,314.654,1998,1998,4.00198,0,0,0,0,0,0,0,0,261.386,0,0,0,0,0,5359,44,99.1856,0,16199,264.511
e1_span_010_static_r01,e1_span_010_static,82,65.1162,164000,82,7,24.177,25263.3,25263.3,23,43.594,25363.9,30010.6,1256,24.975,25415.4,39029.7,419,1730.18,25530,34557.9,3.60382,2971.34,99,64.02,290.845,397.678,202,133.135,304.559,427.923,2006,2006,4.00198,0,0,0,0,0,0,0,0,261.386,0,0,0,0,0,5784,40,99.3132,0,16399,264.549
e1_span_010_static_r01,e1_span_010_static,83,67.0128,166000,83,11,14571.1,25735.5,25735.5,26,5719.82,25530.3,25628.7,1264,21.054,25657.4,34248.9,400,490.096,25932.9,31016.2,4.385,2035.59,110,63.104,223.982,268.554,188,125.886,298.461,365.377,1999,1999,4.00198,0,0,0,0,0,0,0,0,261.386,0,0,0,0,0,6033,36,99.4068,0,16588,264.589
e1_span_010_static_r01,e1_span_010_static,84,69.1753,168000,84,4,16204.3,21926.4,21926.4,26,2295.55,26347.5,27732.6,1242,871.68,26208,39677.6,416,1595.31,26445.8,33131.7,3.73798,2761.55,107,63.746,224.717,292.867,205,122.465,269.917,363.95,2000,2000,4.00198,0,0,0,0,0,0,0,0,261.386,0,0,0,0,0,5968,42,99.3012,0,16794,264.629
e1_span_010_static_r01,e1_span_010_static,85,71.2296,170000,85,5,194.942,26686.9,26686.9,39,41.357,26628.3,26920.5,1250,19.123,26582.4,26959.6,406,425.67,26778.6,29313.5,3.64286,2528.26,105,61.587,182.049,6605.7,195,128.937,436.877,7157.15,2000,2000,4.00198,0,0,0,0,0,0,0,0,261.386,0,0,0,0,0,5850,33,99.4391,0,16988,264.668
e1_span_010_static_r01,e1_span_010_static,86,73.2816,172000,86,7,10959.5,26817.3,26817.3,33,55.067,42183.9,45789.4,1230,21.581,27135.7,44953.6,427,449.521,27328.8,34450.1,4.58782,1978.76,95,56.337,201.98,286.781,203,124.913,342.681,447.958,1995,1995,4.00198,0,0,0,0,0,0,0,0,261.386,0,0,0,0,0,5843,30,99.4892,0,17192,264.705
e1_span_010_static_r01,e1_span_010_static,87,76.051,174000,87,6,46.372,14506.6,14506.6,25,764.566,37305.4,37992,1266,919.959,37419.4,39466.2,396,9281.53,37839.6,39703.5,3.7803,3654.66,106,60.719,183.325,328.666,202,126.088,335.367,972.795,2001,2001,4.00198,0,0,0,0,0,0,0,0,261.386,0,0,0,0,0,5489,30,99.4564,0,17394,264.745
e1_span_010_static_r01,e1_span_010_static,88,78.9678,176000,88,4,15580,18839.3,18839.3,27,61.755,39416.8,40073.5,1278,1561.83,38251,51983.8,390,8105.04,39097.2,50956.8,3.17949,4578.95,100,63.546,211.65,1164.57,203,127.507,399.973,1413.26,2002,2002,4.00198,0,0,0,0,0,0,0,0,261.386,0,0,0,0,0,5789,23,99.6043,0,17596,264.783
e1_span_010_static_r01,e1_span_010_static,89,81.9059,178000,89,2,59296.3,59296.3,59296.3,22,50.511,38734.7,54312.8,1248,4899.46,37771.4,52254.1,411,11572.8,38195,49719.9,3.97324,3640.65,111,53.726,148.931,289.686,203,123.093,259.093,464.926,1997,1997,4.00198,0,0,0,0,0,0,0,0,261.386,0,0,0,0,0,6470,43,99.3398,0,17800,264.825
e1_span_010_static_r01,e1_span_010_static,90,84.8852,180000,90,4,36.482,38.206,38.206,28,17173.3,37726.3,38554.3,1294,5703.73,38591.9,40458.4,359,15944.8,39301.4,40649.5,2.88858,5456.5,109,56.714,185.867,284.973,205,114.646,315.616,1385,1999,1999,5.00199,0,0,0,0,0,0,0,0,261.386,0,0,0,0,0,5680,34,99.405,0,18005,264.866
e1_span_010_static_r01,e1_span_010_static,91,87.5178,182000,91,2,7889.4,7889.4,7889.4,26,32.73,31723.8,39089.4,1310,17.512,39405.2,41216.1,363,460.609,39258.2,44451.7,2.43526,5276.98,116,53.77,204.719,284.875,190,118.872,311.432,930.559,2007,2007,5.00199,0,0,0,0,0,0,0,0,261.386,0,0,0,0,0,5499,30,99.4574,0,18194,264.908
e1_span_010_static_r01,e1_span_010_static,92,90.2409,184000,92,8,23473.2,58035.3,58035.3,30,43.915,40420.3,41725.7,1257,16.915,40063.4,48238.4,371,497.586,39639.3,42499.6,3.40701,3673.82,118,53.702,187.701,264.369,210,115.426,568.115,1477.92,1994,1994,5.00199,0,0,0,0,0,0,0,0,261.386,0,0,0,0,0,5382,30,99.4457,0,18405,264.952
e1_span_010_static_r01,e1_span_010_static,93,93.265,186000,93,5,17945.5,58615.6,58615.6,25,54.639,37491.6,39426.1,1229,10524.5,40864.2,57846.9,419,810.526,41056.9,57459.5,3.01432,4688.09,97,55.49,211.932,340.691,224,125.541,348.915,616.578,1999,1999,5.00199,0,0,0,0,0,0,0,0,261.386,0,0,0,0,0,6147,39,99.3695,0,18629,264.99
e1_span_010_static_r01,e1_span_010_static,94,96.1652,188000,94,6,32768.8,40905.4,40905.4,22,40.069,36472.6,42220.8,1304,18.623,41323,50531.7,375,573.769,41353.8,48421.2,3.57067,3750.65,107,56.513,175.78,303.37,186,121.662,285.576,543.133,2000,2000,5.00199,0,0,0,0,0,0,0,0,261.386,0,0,0,0,0,5712,32,99.4429,0,18815,265.029
e1_span_010_static_r01,e1_span_010_static,95,99.691,190000,95,7,21420.2,41769.9,41769.9,17,15520.1,42672.1,42672.1,1263,16765.4,42350.6,43877.1,404,7721.43,42373.1,43961.1,2.5396,5931.69,96,65.164,262.283,7648.24,214,121.846,333.527,1074.32,2001,2001,5.00199,0,0,0,0,0,0,0,0,261.386,0,0,0,0,0,6193,32,99.4859,0,19029,265.067
e1_span_010_static_r01,e1_span_010_static,96,102.554,192000,96,10,41.392,41420.9,41420.9,35,53.492,42292.5,43029.3,1293,16.003,42834.8,47625.2,370,319.135,42336.8,44581.7,2.87027,3949.62,117,58.33,135.034,396.881,178,115.37,336.191,1483.12,2003,2003,5.00199,0,0,0,0,0,0,0,0,261.386,0,0,0,0,0,5622,27,99.522,0,19206,265.109
e1_span_010_static_r01,e1_span_010_static,97,105.5,194000,97,6,25131.9,33614.8,33614.8,24,51.408,40793.6,42008.9,1278,14.782,42738.2,44876.2,419,460.217,42820,44651.1,3.31504,4272.24,94,54.971,178.22,209.154,188,115.264,459.239,1402.07,2009,2009,5.00199,0,0,0,0,0,0,0,0,261.386,0,0,0,0,0,6071,40,99.3454,0,19392,265.145
e1_span_010_static_r01,e1_span_010_static,98,109.146,196000,98,2,32534.6,32534.6,32534.6,34,12344.5,44839.6,45503.8,1177,18434.5,44197.8,45590.9,436,18537.7,44235.2,45411.6,3.55275,4919.87,122,55.217,205.365,2099.54,216,120.682,347.763,1298.86,1987,1987,5.00199,0,0,0,0,0,0,0,0,261.386,0,0,0,0,0,6253,30,99.5225,0,19611,265.19
e1_span_010_static_r01,e1_span_010_static,99,112.396,198000,99,6,39251.6,43505.8,43505.8,31,44.556,44345.6,65730,1277,4402.51,43794.9,45623.1,389,553.363,44338.4,45790.6,3.1054,4784.65,109,53.861,138.773,194.974,188,114.444,262.319,807.263,2000,2000,5.00199,0,0,0,0,0,0,0,0,261.386,0,0,0,0,0,6050,17,99.7198,0,19799,265.23
e1_span_010_static_r01,e1_span_010_static,100,115.474,200000,100,11,40.529,37559.2,37559.2,26,4040.97,45125.7,46393.5,1260,21.393,44409.5,46077.4,392,11974.4,44224.5,46175.6,2.46684,6199.82,110,53.77,214.029,1198.14,201,110.843,324.097,1380.43,2000,2000,5.00199,0,0,0,0,0,0,0,0,261.386,0,0,0,0,0,6043,45,99.2608,0,20000,265.271
e1_span_010_static_r02,e1_span_010_static,1,0.0198665,2000,1,2,75.308,75.308,75.308,26,20.898,69.077,76.185,1258,21.957,76.846,91.25,403,144.631,202.597,311.972,99.2159,1.70668,122,15.591,87.561,4214.95,198,40.097,100.818,252.511,2009,2009,1.00196,0,0,0,0,0,0,0,0,261.355,0,0,0,0,0,265,4060,6.12717,0,198,261.485
e1_span_010_static_r02,e1_span_010_static,2,0.0390656,4000,2,6,80.439,99.895,99.895,25,19.239,121.496,146.142,1272,59.367,143.853,157.774,374,145.57,239.662,262.259,92.1123,1.64245,100,13.881,69.852,95.358,219,40.145,102.952,118.274,1996,1996,1.00196,0,0,0,0,0,0,0,0,261.355,0,0,0,0,0,715,3207,18.2305,0,416,261.524
e1_span_010_static_r02,e1_span_010_static,3,0.0650259,6000,3,7,159.835,237.711,237.711,28,99.431,231.589,239.51,1216,84.398,220.37,252.39,426,182.488,315.833,350.685,87.5235,2.03376,103,18.58,73.791,87.582,220,42.128,107.416,138.549,2000,2000,1.00196,0,0,0,0,0,0,0,0,261.355,0,0,0,0,0,1087,2997,26.6161,0,636,261.563
e1_span_010_static_r02,e1_span_010_static,4,0.0990692,8000,4,9,86.943,318.506,318.506,24,138.688,271.715,284.441,1253,87.475,321.243,378.11,427,151.059,414.89,461.542,87.7096,2.33343,81,22.61,92.952,133.578,204,50.907,128.401,152.085,1998,1998,1.00196,0,0,0,0,0,0,0,0,261.355,0,0,0,0,0,1514,2630,36.5347,0,839,261.596
e1_span_010_static_r02,e1_span_010_static,5,0.14883,10000,5,5,197.911,340.772,340.772,26,21.759,428.807,460.958,1250,81.639,544.877,647.875,440,175.671,666.517,765.142,81.4682,3.55331,99,24.606,124.507,219.98,188,65.292,165.983,204.662,2008,2008,1.00196,0,0,0,0,0,0,0,0,261.355,0,0,0,0,0,1770,2224,44.3165,0,1028,261.633
e1_span_010_static_r02,e1_span_010_static,6,0.230137,12000,6,5,178.558,709.325,709.325,28,546.864,928.546,1030.73,1287,35.631,911.5,989.465,397,310.866,1063.87,1142.73,79.6549,6.00545,92,40.693,178.951,231.153,188,92.294,229.772,276.333,1997,1997,1.00196,0,0,0,0,0,0,0,0,261.355,0,0,0,0,0,1884,1836,50.6452,0,1217,261.668
e1_span_010_static_r02,e1_span_010_static,7,0.340556,14000,7,11,35.243,1056.97,1056.97,29,35.565,1083.74,1158.72,1266,239.78,1076.79,1347.14,382,441.218,1284.94,1659.11,76.7016,8.14786,97,48.657,254.731,304.736,211,101.668,252.069,321.431,1996,1996,1.00196,0,0,0,0,0,0,0,0,261.355,0,0,0,0,0,2038,1493,57.7174,0,1427,261.705
e1_span_010_static_r02,e1_span_010_static,8,0.460645,16000,8,8,1068.21,1364.26,1364.26,26,27.971,1352,1486.6,1257,47.297,1491.78,1677.36,420,242.179,1634.22,1892.04,72.3643,8.73196,110,63.351,208.106,255.856,187,116.228,243.904,329.537,2008,2008,2.00197,0,0,0,0,0,0,0,0,261.355,0,0,0,0,0,2263,1361,62.4448,0,1614,261.745
e1_span_010_static_r02,e1_span_010_static,9,0.616233,18000,9,8,19.321,1721.18,1721.18,24,310.646,1582.7,1586.08,1256,239.203,1624.36,1773.32,390,651.263,1802.19,1941.87,71.2462,12.2516,112,62.492,260.239,300.706,203,117.23,285.941,352.478,1993,1993,2.00197,0,0,0,0,0,0,0,0,261.355,0,0,0,0,0,2335,1055,68.8791,0,1818,261.787
e1_span_010_static_r02,e1_span_010_static,10,0.783097,20000,10,5,1355.88,1730.99,1730.99,19,1646.35,1868.26,1868.26,1275,206.422,1786.21,1944.66,390,354.169,1943.8,2063.14,67.8897,12.7859,98,69.17,233.272,418.716,215,123.458,322.085,751.142,2002,2002,2.00197,0,0,0,0,0,0,0,0,261.355,0,0,0,0,0,2383,868,73.3005,0,2031,261.825
e1_span_010_static_r02,e1_span_010_static,11,0.947784,22000,11,3,17.792,1882.39,1882.39,20,50.371,2103.1,2103.1,1302,46.281,1895.59,2046.45,388,327.715,2113.62,2306.31,64.7964,14.2815,91,60.041,141.878,184.896,190,117.23,247.148,451.255,1994,1994,2.00197,0,0,0,0,0,0,0,0,261.355,0,0,0,0,0,2400,788,75.2823,0,2223,261.86
e1_span_010_static_r02,e1_span_010_static,12,1.14737,24000,12,5,838.445,1807.18,1807.18,24,39.834,1931.68,1978.03,1256,287.439,2073.86,2272.32,389,456.278,2262.89,2424.67,65.0206,16.3385,113,62.045,208.401,278.03,216,116.843,269.871,370.901,2003,2003,2.00197,0,0,0,0,0,0,0,0,261.355,0,0,0,0,0,2467,738,76.9735,0,2438,261.902
e1_span_010_static_r02,e1_span_010_static,13,1.36789,26000,13,5,102.297,1964.39,1964.39,21,1954.47,2347.22,2417.7,1252,365.787,2269.87,2421.25,398,571.778,2423.3,2587.98,56.7312,19.9155,104,63.301,160.157,258.024,215,117.594,279.92,351.459,1995,1995,2.00197,0,0,0,0,0,0,0,0,261.355,0,0,0,0,0,2509,602,80.6493,0,2654,261.942
e1_span_010_static_r02,e1_span_010_static,14,1.60926,28000,14,4,2424.39,2551.12,2551.12,31,46.498,2446.37,2477.02,1249,365.024,2492.14,2707.36,407,458.993,2687.27,2793.59,56.3219,21.5654,102,63.1,218.03,233.775,213,117.031,245.228,284.057,2006,2006,2.00197,0,0,0,0,0,0,0,0,261.355,0,0,0,0,0,2602,512,83.5581,0,2864,261.981
e1_span_010_static_r02,e1_span_010_static,15,1.84609,30000,15,4,2576.71,2701.95,2701.95,24,572.325,2642.85,2837.82,1267,48.59,2741.51,2911.24,397,264.782,2886.66,3065.31,52.8338,22.5655,113,69.382,212.838,280.57,200,120.678,342.921,543.838,2005,2005,2.00197,0,0,0,0,0,0,0,0,261.355,0,0,0,0,0,2568,449,85.1177,0,3067,262.022
e1_span_010_static_r02,e1_span_010_static,16,2.08455,32000,16,8,2627.1,2997.77,2997.77,16,33.382,2955.47,2955.47,1320,34.18,2921.18,3059.46,375,221.86,3109.21,3351.8,53.1627,22.2872,96,63.964,142.427,316.654,176,115.366,250.362,343.207,1991,1991,2.00197,0,0,0,0,0,0,0,0,261.355,0,0,0,0,0,2489,431,85.2397,0,3243,262.058
e1_span_010_static_r02,e1_span_010_static,17,2.33848,34000,17,4,34.302,2853.18,2853.18,32,78.723,3112.2,3314.39,1266,28.049,3079.67,3246.02,418,246.292,3216.32,3368.18,53.1148,25.1437,95,62.711,244.863,331.063,189,119.932,334.372,420.235,2004,2004,2.00197,0,0,0,0,0,0,0,0,261.355,0,0,0,0,0,2705,420,86.56,0,3431,262.093
e1_span_010_static_r02,e1_span_010_static,18,2.67314,36000,18,6,3083.22,3106.78,3106.78,21,2991,3442.97,6904.53,1272,384.891,3334.61,5541.11,392,597.654,3534.98,6066.16,46.227,36.8539,107,64.205,229.589,288.342,215,120.069,329.511,471.216,2013,2013,2.00197,0,0,0,0,0,0,0,0,261.355,0,0,0,0,0,2624,294,89.9246,0,3645,262.134
e1_span_010_static_r02,e1_span_010_static,19,3.01505,38000,19,5,35.402,3463.27,3463.27,30,278.298,3500.54,3614.45,1227,60.604,6027.89,6255.92,431,374.494,6277.34,6529.64,50.6404,34.9432,115,75.27,279.258,340.086,182,146.586,319.026,490.399,1990,1990,2.00197,0,0,0,0,0,0,0,0,261.355,0,0,0,0,0,2864,298,90.5756,0,3827,262.175
e1_span_010_static_r02,e1_span_010_static,20,3.3719,40000,20,10,27.239,3462.69,3462.69,22,31.011,6710.35,6719.48,1258,50.168,6375.2,6654.94,414,463.643,6426.69,6878.79,45.3647,41.88,106,80.628,337.542,451.845,191,145.251,406.476,490.958,2001,2001,2.00197,0,0,0,0,0,0,0,0,261.355,0,0,0,0,0,2769,240,92.0239,0,4020,262.214
e1_span_010_static_r02,e1_span_010_static,21,3.71869,42000,21,9,44.93,3800.68,3800.68,27,3485.6,3889.76,4293.71,1257,43.386,3862.17,6859.39,396,333.499,6925.03,7158.41,46.3081,41.3982,103,78.406,333.256,439.088,198,146.498,405.642,484.498,1990,1990,2.00197,0,0,0,0,0,0,0,0,261.355,0,0,0,0,0,2763,196,93.3761,0,4218,262.252
e1_span_010_static_r02,e1_span_010_static,22,4.07894,44000,22,5,3045.51,3920.25,3920.25,28,37.824,7333.69,7373.43,1271,43.766,7051.73,7419.98,395,332.356,7186.54,7523.44,41.3494,43.7365,110,74.798,286.21,330.555,192,139.429,374.043,421.557,2001,2001,2.00197,0,0,0,0,0,0,0,0,261.355,0,0,0,0,0,2611,194,93.0838,0,4410,262.292
e1_span_010_static_r02,e1_span_010_static,23,4.38088,46000,23,3,12.004,17.325,17.325,35,29.395,7717.57,7770.46,1253,29.18,4300.58,7751.85,405,313.319,4446.96,7968.37,40.5259,40.9493,117,66.536,325.335,405.124,190,130.674,308.024,400.356,2003,2003,2.00197,0,0,0,0,0,0,0,0,261.355,0,0,0,0,0,2708,166,94.2241,0,4600,262.334
e1_span_010_static_r02,e1_span_010_static,24,4.71902,48000,24,6,38.418,4175.63,4175.63,22,199.363,4570.84,8251.81,1295,37.414,4697.79,8088.8,379,265.299,4790.16,8236.04,38.3799,41.3195,102,64.985,256.808,433.456,192,131.595,361.249,479.54,1996,1996,2.00197,0,0,0,0,0,0,0,0,261.355,0,0,0,0,0,2612,175,93.7208,0,4792,262.372
e1_span_010_static_r02,e1_span_010_static,25,5.06954,50000,25,1,6.898,6.898,6.898,28,36.478,4505.17,8799.81,1278,41.587,4748.92,8581.17,410,269.078,4886.97,8401.74,41.8439,37.4685,84,72.752,370.528,3219.24,199,137.457,362.715,2937.73,2000,2000,2.00197,0,0,0,0,0,0,0,0,261.355,0,0,0,0,0,2943,151,95.1196,0,4991,262.406
e1_span_010_static_r02,e1_span_010_static,26,5.47563,52000,26,3,28.79,4520.37,4520.37,24,43.51,4977.02,5013.37,1301,31.024,5238.97,8987.86,416,253.136,8973.16,9274.21,38.0096,52.726,81,116.265,311.076,421.303,185,176.517,473.122,680.319,2010,2010,2.00197,0,0,0,0,0,0,0,0,261.355,0,0,0,0,0,2781,113,96.0954,0,5176,262.437
e1_span_010_static_r02,e1_span_010_static,27,6.01966,54000,27,6,1012.28,5100.84,5100.84,16,63.689,5365.09,5365.09,1289,372.779,6001.31,9602.69,366,634.656,5748.05,9923.75,37.347,72.5613,92,83.186,394.191,456.317,222,148.393,386.023,541.42,1991,1991,2.00197,0,0,0,0,0,0,0,0,261.355,0,0,0,0,0,2564,113,95.7789,0,5398,262.473
e1_span_010_static_r02,e1_span_010_static,28,6.5224,56000,28,8,27.078,5466.5,5466.5,33,59.577,5964.61,9889.11,1253,53.514,5626.6,10001,405,373.499,5920.73,10114.1,31.1753,80.0418,108,75.269,243.466,334.474,196,138.028,350.047,659.649,2003,2003,2.00197,0,0,0,0,0,0,0,0,261.355,0,0,0,0,0,2797,122,95.8205,0,5591,262.513
e1_span_010_static_r02,e1_span_010_static,29,7.05761,58000,29,8,1125.65,5713.87,5713.87,23,1406.91,10327.7,10467.1,1276,53.105,6499.23,10584.9,397,475.247,7414.71,10911.6,35.0403,82.8616,99,70.759,308.348,363.349,195,144.409,369.386,463.453,1998,1998,2.00197,0,0,0,0,0,0,0,0,261.355,0,0,0,0,0,2803,98,96.6219,0,5789,262.55
e1_span_010_static_r02,e1_span_010_static,30,7.61779,60000,30,7,183.11,5820.23,5820.23,26,1009.53,5935.58,5952.18,1263,61.771,5976.8,10841.6,408,316.35,6147.87,10969.1,31.473,84.3207,109,77.065,337.659,414.663,191,152.43,376.291,490.359,2004,2004,2.00197,0,0,0,0,0,0,0,0,261.355,0,0,0,0,0,2756,89,96.8717,0,5979,262.59
e1_span_010_static_r02,e1_span_010_static,31,8.12587,62000,31,6,26.488,5890.04,5890.04,22,40.712,6002.23,6085.75,1274,35.959,6183.63,11366.2,404,380.803,11037.7,11624.8,29.1634,101.09,110,74.383,288.695,409.096,186,155.817,399.691,450.216,2002,2002,2.00197,0,0,0,0,0,0,0,0,261.355,0,0,0,0,0,2914,103,96.586,0,6165,262.63
e1_span_010_static_r02,e1_span_010_static,32,8.7031,64000,32,6,354.53,6534.93,6534.93,23,46.225,6421.24,6629.76,1294,154.928,6434.14,11851.2,377,374.201,6645.91,11982.6,29.1963,96.9597,88,73.463,277.415,400.924,214,148.789,396.172,537.011,2002,2002,2.00197,0,0,0,0,0,0,0,0,261.355,0,0,0,0,0,2584,91,96.5981,0,6380,262.665
e1_span_010_static_r02,e1_span_010_static,33,9.21749,66000,33,8,1627.76,6347.67,6347.67,21,33.155,8725.77,12048.1,1249,249.924,6659.47,12009.2,426,462.905,6804.21,11144.2,28.8967,85.9381,100,66.648,258.443,510.481,189,126.045,265.502,500.923,1993,1993,2.00197,0,0,0,0,0,0,0,0,261.355,0,0,0,0,0,3133,98,96.9669,0,6569,262.702
e1_span_010_static_r02,e1_span_010_static,34,9.71222,68000,34,7,493.825,6821.97,6821.97,18,1779.41,6829.86,6829.86,1290,43.298,6916.27,12777.7,395,1281.18,7054.61,8437.55,30.7924,80.8116,89,56.788,166.951,352.597,198,118.323,238.843,370.604,1997,1997,2.00197,0,0,0,0,0,0,0,0,261.355,0,0,0,0,0,2875,83,97.1941,0,6767,262.737
e1_span_010_static_r02,e1_span_010_static,35,10.2142,70000,35,6,527.145,7048.97,7048.97,36,1705.34,7065.98,12490.9,1256,32.906,7125.08,13122.2,409,285.037,7271.73,11735.6,25.5428,93.0017,116,65.071,519.077,5636.71,177,126.128,323.143,5394.52,2000,2000,2.00197,0,0,0,0,0,0,0,0,261.355,0,0,0,0,0,3031,100,96.8061,0,6944,262.778
e1_span_010_static_r02,e1_span_010_static,36,10.8088,72000,36,5,46.51,7322.09,7322.09,22,44.437,7308.38,7382.66,1288,44.296,7418.8,8189.96,395,308.066,7552.37,7796.99,20.081,146.5,84,76.775,353.81,424.188,206,155.831,420.056,499.326,2000,2000,2.00197,0,0,0,0,0,0,0,0,261.355,0,0,0,0,0,2911,50,98.3114,0,7150,262.812
e1_span_010_static_r02,e1_span_010_static,37,11.5333,74000,37,7,324.92,7532.98,7532.98,25,34.586,7868.3,13921,1250,270.045,7900.05,14259.5,410,396.384,8002.29,14423.7,23.3902,150.068,106,77.351,276.978,444.666,210,142.71,366.532,468.823,2008,2008,2.00197,0,0,0,0,0,0,0,0,261.355,0,0,0,0,0,3060,76,97.5765,0,7357,262.852
e1_span_010_static_r02,e1_span_010_static,38,12.1815,76000,38,9,35.219,8084.79,8084.79,21,609.985,7953.61,14816.1,1273,39.804,7961.51,12946.8,388,291.073,8129.69,14921.2,21.0799,149.53,107,67.453,366.891,398.904,201,145.839,367.469,435.966,1999,1999,2.00197,0,0,0,0,0,0,0,0,261.355,0,0,0,0,0,3033,67,97.8387,0,7558,262.891
e1_span_010_static_r02,e1_span_010_static,39,12.8595,78000,39,4,8210.25,8596.01,8596.01,18,603.432,8216.73,8216.73,1223,1859.69,8277.15,14071,424,2008.74,8502.36,15454.2,19.309,179.586,101,42.982,164.317,230.615,226,114.465,243.33,319.63,1996,1996,2.00197,0,0,0,0,0,0,0,0,261.355,0,0,0,0,0,3251,86,97.4228,0,7787,262.931
e1_span_010_static_r02,e1_span_010_static,40,13.5913,80000,40,6,1974.15,2053.59,2053.59,33,2174.27,8511.44,8619.09,1261,2034.27,8597.8,14202.6,372,2106.42,8758.72,14811.7,21.2849,164.853,110,57.763,136.662,261.353,215,120.141,268.107,447.713,1997,1997,2.00197,0,0,0,0,0,0,0,0,261.355,0,0,0,0,0,2905,55,98.1419,0,8002,262.973
e1_span_010_static_r02,e1_span_010_static,41,14.228,82000,41,7,2224.25,8650.83,8650.83,17,24.9,10115.6,10115.6,1290,345.934,8866.73,13551,393,1076.05,9012.88,12357.6,19.2926,166.833,94,61.521,194.275,400.564,204,124.001,322.663,414.804,2005,2005,2.00197,0,0,0,0,0,0,0,0,261.355,0,0,0,0,0,3178,70,97.8448,0,8203,263.009
e1_span_010_static_r02,e1_span_010_static,42,14.8926,84000,42,7,2549.46,17052.9,17052.9,25,27.005,9090.21,16892.3,1294,33.168,9131.8,9335.31,405,279.494,9291.65,9580.95,21.4469,151.548,94,55.215,170.332,372.314,177,126.673,299.345,375.605,2002,2002,2.00197,0,0,0,0,0,0,0,0,261.355,0,0,0,0,0,3288,56,98.3254,0,8381,263.045
e1_span_010_static_r02,e1_span_010_static,43,15.5559,86000,43,6,9098.23,9259.26,9259.26,27,37.494,9496.85,9502.14,1314,22.746,9447.76,11297.9,378,296.673,9598.4,11608.7,18.0582,171.137,86,56.245,218.68,363.668,185,128.412,300.766,423.971,1996,1996,2.00197,0,0,0,0,0,0,0,0,261.355,0,0,0,0,0,3063,61,98.0474,0,8567,263.078
e1_span_010_static_r02,e1_span_010_static,44,16.3371,88000,44,2,9399.55,9399.55,9399.55,20,7509.39,9725.4,9725.4,1284,1940.7,9824.96,17718,388,1011.77,9932.51,17908.7,17.268,212.6,102,54.321,229.361,309.559,206,129.442,284.808,343.217,2002,2002,3.00198,0,0,0,0,0,0,0,0,261.355,0,0,0,0,0,3511,52,98.5406,0,8772,263.117
e1_span_010_static_r02,e1_span_010_static,45,17.1173,90000,45,8,8020.06,9818.54,9818.54,22,296.657,10011.7,10025.1,1265,586.013,10165.8,15187.2,388,674.13,10338.7,15007.9,17.6186,202.025,98,55.97,218.357,384.323,214,126.241,307.576,405.5,1995,1995,3.00198,0,0,0,0,0,0,0,0,261.355,0,0,0,0,0,3443,61,98.2591,0,8988,263.155
e1_span_010_static_r02,e1_span_010_static,46,17.8955,92000,46,9,39.838,10998.8,10998.8,32,2982.68,10610.3,11398.4,1240,254.815,10527.8,11679.5,422,2161.61,10696.7,11202.2,17.5948,224.72,93,63.916,267.756,391.966,211,128.388,332.707,427.975,2007,2007,3.00198,0,0,0,0,0,0,0,0,261.355,0,0,0,0,0,3539,68,98.1148,0,9199,263.192
e1_span_010_static_r02,e1_span_010_static,47,18.7416,94000,47,9,17.112,10872.8,10872.8,28,2632.59,11042.7,11095.4,1259,706.981,11018,19775.2,398,336.016,11216.1,11573.4,14.2538,279.289,81,55.594,160.983,524.488,218,122.829,284.238,525.724,1993,1993,3.00198,0,0,0,0,0,0,0,0,261.355,0,0,0,0,0,3358,61,98.2159,0,9417,263.225
e1_span_010_static_r02,e1_span_010_static,48,19.4902,96000,48,9,369.769,11184.2,11184.2,22,37.491,11237.5,11316.9,1291,18.362,11301.1,20086,387,259.395,11470.1,13252.5,14.845,238.008,106,49.348,173.645,265.513,185,130.638,332.975,440.736,2000,2000,3.00198,0,0,0,0,0,0,0,0,261.355,0,0,0,0,0,3355,59,98.2718,0,9602,263.264
e1_span_010_static_r02,e1_span_010_static,49,20.4082,98000,49,5,27.11,273.602,273.602,18,2640.73,11649.2,11649.2,1248,249.786,11674.6,21087.6,434,515.95,11894.5,19291.2,15.6866,280.682,99,64.501,271.677,608.329,199,130.838,299.672,388.529,2003,2003,3.00198,0,0,0,0,0,0,0,0,261.355,0,0,0,0,0,4001,51,98.7414,0,9800,263.302
e1_span_010_static_r02,e1_span_010_static,50,21.3161,100000,50,10,3297.8,10726,10726,23,2890.63,14219,21980.6,1255,354.456,11967,17046.7,415,2807.44,12148.1,12298.4,14.8651,303.619,100,65.469,293.181,550.982,204,130.918,298.734,430.558,2007,2007,3.00198,0,0,0,0,0,0,0,0,261.355,0,0,0,0,0,3980,62,98.4661,0,10003,263.34
e1_span_010_static_r02,e1_span_010_static,51,22.1927,102000,51,6,2974.04,11441.9,11441.9,24,2830.76,12336.8,12392.8,1294,24.759,12348.6,22468.2,390,318.142,12544.6,22805.8,13.4744,304.022,78,63.043,294.654,467.873,198,130.975,352.319,466.331,1990,1990,3.00198,0,0,0,0,0,0,0,0,261.355,0,0,0,0,0,3759,41,98.9211,0,10203,263.371
e1_span_010_static_r02,e1_span_010_static,52,23.1699,104000,52,8,12437.8,12587.7,12587.7,28,2964.93,12721,12772.3,1263,124.724,12587.8,19397.8,416,2969.49,12829.5,21331.9,12.6731,399.564,94,64.468,236.682,299.177,194,121.196,270.519,422.451,2003,2003,3.00198,0,0,0,0,0,0,0,0,261.355,0,0,0,0,0,3866,51,98.698,0,10397,263.408
e1_span_010_static_r02,e1_span_010_static,53,24.199,106000,53,7,31.362,13039.3,13039.3,35,201.063,12931.9,20893.1,1294,38.343,12956.7,23426.6,378,476.302,13248.8,23641.5,12.5873,404.613,98,65.168,232.662,314.002,187,125.234,233.748,318.256,1999,1999,3.00198,0,0,0,0,0,0,0,0,261.355,0,0,0,0,0,3828,58,98.5075,0,10584,263.445
e1_span_010_static_r02,e1_span_010_static,54,25.16,108000,54,5,10431.5,13012.3,13012.3,31,2115.08,13303.9,13429.3,1262,35.134,13321.6,13686.5,423,659.823,13433,13761.1,12.6572,381.354,92,57.757,143.804,225.989,185,121.702,266.543,405.228,1998,1998,3.00198,0,0,0,0,0,0,0,0,261.355,0,0,0,0,0,4069,48,98.8341,0,10769,263.48
e1_span_010_static_r02,e1_span_010_static,55,26.0558,110000,55,7,8.403,3381.47,3381.47,22,40.232,13497.9,13584.8,1354,17.468,13500.9,13686.8,362,296.265,13721.5,13892.8,11.5608,372.588,96,62.513,179.922,377.424,162,117.138,216.337,340.936,2003,2003,3.00198,0,0,0,0,0,0,0,0,261.355,0,0,0,0,0,3549,39,98.913,0,10931,263.515
e1_span_010_static_r02,e1_span_010_static,56,27.0056,112000,56,4,32.271,3332.02,3332.02,30,41.962,13598.5,13788.4,1252,19.709,13873.9,22069.2,424,439.778,14059.4,23089.7,12.2594,383.529,88,54.784,168.753,295.353,200,118.054,250.38,380.111,1998,1998,3.00198,0,0,0,0,0,0,0,0,261.355,0,0,0,0,0,4320,56,98.7203,0,11131,263.55
e1_span_010_static_r02,e1_span_010_static,57,28.1028,114000,57,3,1224.35,14168.6,14168.6,28,50.509,14317.5,14348.7,1276,384.11,14277.6,23276.2,399,550.616,14398.2,22811.2,11.1654,472.285,83,54.394,168.067,330.006,210,123.112,260.423,355.344,1999,1999,3.00198,0,0,0,0,0,0,0,0,261.355,0,0,0,0,0,3908,49,98.7617,0,11341,263.583
e1_span_010_static_r02,e1_span_010_static,58,29.1405,116000,58,8,3424.79,14460.3,14460.3,10,3497.97,14752.5,14752.5,1304,166.684,14605.7,16109.7,378,2115.79,14835,23836.9,9.54497,551.268,92,68.257,299.249,383.15,214,128.492,342.005,414.675,2006,2006,3.00198,0,0,0,0,0,0,0,0,261.355,0,0,0,0,0,3625,33,99.0979,0,11554,263.62
e1_span_010_static_r02,e1_span_010_static,59,30.1091,118000,59,6,3664.82,14816,14816,27,35.587,14848.4,14914.4,1274,18.034,14897,19557.3,379,570.892,15177.4,23224.6,10.6966,456.895,105,60.721,227.301,283.138,204,126.547,334.666,419.295,1995,1995,3.00198,0,0,0,0,0,0,0,0,261.355,0,0,0,0,0,3987,43,98.933,0,11759,263.659
e1_span_010_static_r02,e1_span_010_static,60,31.2405,120000,60,6,3615.97,16429.2,16429.2,30,37.042,15729.3,27711.4,1236,31.826,15469.9,25913.5,432,3609.58,15894.3,26693.5,9.75694,600.102,97,50.756,158.612,405.276,198,117.462,220.649,348.298,1999,1999,4.00198,0,0,0,0,0,0,0,0,261.355,0,0,0,0,0,4597,47,98.9879,0,11957,263.696
e1_span_010_static_r02,e1_span_010_static,61,32.3183,122000,61,4,3912.74,11737,11737,29,44.481,15690.2,15943.1,1285,21.105,15817.5,16517.7,380,322.116,15995.9,16950,10.3737,497.099,105,55.579,195.294,219.193,197,113.816,257.804,304.217,2000,2000,4.00198,0,0,0,0,0,0,0,0,261.355,0,0,0,0,0,3868,39,99.0018,0,12154,263.736
e1_span_010_static_r02,e1_span_010_static,62,33.587,124000,62,6,12872.4,16438.4,16438.4,24,328.732,16135.9,16232.3,1275,3756.63,16272.9,16499.9,407,3790.84,16546,16876.1,8.31941,729.055,102,64.479,265.231,429.443,202,118.834,224.079,315.816,2016,2016,4.00198,0,0,0,0,0,0,0,0,261.355,0,0,0,0,0,4332,43,99.0171,0,12356,263.775
e1_span_010_static_r02,e1_span_010_static,63,34.984,126000,63,3,36.613,15743.7,15743.7,33,83.126,16879.4,29525.1,1248,700.455,17120.5,29195.9,399,841.43,17284.8,22076.4,7.76441,838.988,100,60.902,183.44,331.237,202,129.815,283.942,438.184,1985,1985,4.00198,0,0,0,0,0,0,0,0,261.355,0,0,0,0,0,4371,42,99.0483,0,12558,263.813
e1_span_010_static_r02,e1_span_010_static,64,36.5253,128000,64,9,3405.86,17287.8,17287.8,27,56.598,17108.2,22144.1,1264,40.921,17247.4,30679.3,408,550.02,17747.9,30875.4,9.77451,750.684,106,70.966,216.427,409.491,188,137.485,364.13,471.718,2002,2002,4.00198,0,0,0,0,0,0,0,0,261.355,0,0,0,0,0,4680,57,98.7967,0,12744,263.852
e1_span_010_static_r02,e1_span_010_static,65,38.1336,130000,65,7,65.59,25490.7,25490.7,24,2602.52,17623.1,25969.7,1257,556.352,18002.5,30869.8,381,2133.43,18456,31140.2,7.00787,1153.51,111,70.311,310.522,407.963,218,136.613,321.223,369.475,1998,1998,4.00198,0,0,0,0,0,0,0,0,261.355,0,0,0,0,0,4161,34,99.1895,0,12962,263.894
e1_span_010_static_r02,e1_span_010_static,66,39.7775,132000,66,7,15264.9,18927.2,18927.2,24,5149.86,18051.1,32258.2,1276,141.495,18861.7,32215.9,397,1152.65,22720.3,32721.2,7.3199,1142.7,94,66.921,269.29,295.115,203,134.099,388.572,517.549,2001,2001,4.00198,0,0,0,0,0,0,0,0,261.355,0,0,0,0,0,4515,42,99.0783,0,13166,263.93
e1_span_010_static_r02,e1_span_010_static,67,41.4034,134000,67,4,79.702,18182.5,18182.5,23,8965.62,33200.6,33380.5,1286,296.111,20678.6,33033,398,604.722,18867.5,33089.9,7.92211,971.051,94,65.101,203.346,389.009,201,124.69,294.167,334.773,2006,2006,4.00198,0,0,0,0,0,0,0,0,261.355,0,0,0,0,0,4355,52,98.8201,0,13367,263.966
e1_span_010_static_r02,e1_span_010_static,68,43.0645,136000,68,6,18384.8,32217.1,32217.1,19,11728.2,18938.6,18938.6,1248,99.315,18961.1,28119,419,619.169,19314.2,30369.6,7.21957,1139.44,105,64.565,206.79,215.933,195,129.334,266.235,308.136,1992,1992,4.00198,0,0,0,0,0,0,0,0,261.355,0,0,0,0,0,5108,60,98.839,0,13563,264.006
e1_span_010_static_r02,e1_span_010_static,69,44.6989,138000,69,6,50.649,19269.2,19269.2,22,5377.93,19132.7,19216.7,1301,43.245,19218.2,33964.7,400,683.932,19432.2,25196.3,6.2,1262.9,85,66.505,238.282,350.471,186,130.73,272.213,414.896,2000,2000,4.00198,0,0,0,0,0,0,0,0,261.355,0,0,0,0,0,4648,41,99.1256,0,13749,264.039
e1_span_010_static_r02,e1_span_010_static,70,46.3104,140000,70,11,37.249,35061.3,35061.3,25,38.762,19658.7,19811.1,1245,26.066,19583.9,33541.5,425,915.709,19769.2,34574.7,6.04941,1352.02,89,67.715,244.447,327.968,207,131.065,345.655,466.797,2002,2002,4.00198,0,0,0,0,0,0,0,0,261.355,0,0,0,0,0,5169,43,99.175,0,13955,264.074
e1_span_010_static_r02,e1_span_010_static,71,48,142000,71,10,37.817,36785.7,36785.7,20,50.829,33514.9,33514.9,1277,21.555,21009.9,35026.2,395,503.703,20409.9,35174.9,7.43291,1134.2,93,65.077,215.525,503.555,204,134.129,308.004,500.555,1999,1999,4.00198,0,0,0,0,0,0,0,0,261.355,0,0,0,0,0,4907,43,99.1313,0,14160,264.11
e1_span_010_static_r02,e1_span_010_static,72,49.7202,144000,72,13,59.668,36051,36051,31,42.469,32591.4,35754.8,1261,40.318,22342.3,35590.3,413,760.206,20805.3,35716.3,6.74092,1257.21,84,66.172,267.621,335.845,198,134.609,345.917,439.822,2000,2000,4.00198,0,0,0,0,0,0,0,0,261.355,0,0,0,0,0,5010,34,99.3259,0,14357,264.143
e1_span_010_static_r02,e1_span_010_static,73,51.3095,146000,73,4,13496.8,20718.3,20718.3,29,45.268,21923.6,35761.7,1257,18.633,20983.8,35430.6,403,4685.76,28128.6,35338,5.61538,1487.04,96,60.429,212.129,401.031,209,128.284,299.349,443.221,1998,1998,4.00198,0,0,0,0,0,0,0,0,261.355,0,0,0,0,0,4658,23,99.5087,0,14567,264.181
e1_span_010_static_r02,e1_span_010_static,74,52.8414,148000,74,8,4426.35,21192.9,21192.9,25,595.14,21169.4,34247.4,1255,19.515,21417.3,30328.3,423,997.538,21850.5,34729.5,6.26714,1242.92,110,55.685,144.807,4714.12,190,128.222,255.847,5218.05,2011,2011,4.00198,0,0,0,0,0,0,0,0,261.355,0,0,0,0,0,5663,45,99.2116,0,14755,264.221
e1_span_010_static_r02,e1_span_010_static,75,54.6166,150000,75,3,21642.3,21764.6,21764.6,23,38.064,21716.5,21875.5,1252,23.194,21866.7,27810,419,415.877,22097.6,28088.6,4.98091,1598.7,77,65.095,292.975,360.595,217,137.8,372.473,459.878,1991,1991,4.00198,0,0,0,0,0,0,0,0,261.355,0,0,0,0,0,5219,44,99.164,0,14974,264.254
e1_span_010_static_r02,e1_span_010_static,76,56.4659,152000,76,2,22147.4,22147.4,22147.4,26,43.523,21922.8,22070.5,1294,17.831,22286.2,37375.4,417,428.517,22448.6,22798.6,4.74101,1825.59,91,65.15,237.924,370.608,173,130.167,387.013,513.725,2003,2003,4.00198,0,0,0,0,0,0,0,0,261.355,0,0,0,0,0,5141,42,99.1897,0,15146,264.288
e1_span_010_static_r02,e1_span_010_static,77,58.579,154000,77,4,20899.9,22355.4,22355.4,22,14307.4,22796.3,23673.2,1271,6400.55,22797.3,26723.6,378,5356.07,23042,24728.8,6.22487,1587.29,91,64.573,219.374,364.19,229,128.434,282.59,350.157,1995,1995,4.00198,0,0,0,0,0,0,0,0,261.355,0,0,0,0,0,4826,42,99.1372,0,15376,264.325
e1_span_010_static_r02,e1_span_010_static,78,60.4368,156000,78,7,15510.9,24364.5,24364.5,32,10082,23072.9,23190.1,1290,16.263,23426.1,36111.9,378,344.256,23581.7,33720.5,5.34392,1626.06,101,64.758,239.5,342.658,192,131.965,368.245,419.115,2000,2000,4.00198,0,0,0,0,0,0,0,0,261.355,0,0,0,0,0,4662,27,99.4242,0,15568,264.362
e1_span_010_static_r02,e1_span_010_static,79,62.2262,158000,79,4,15738.4,21191.6,21191.6,35,15625.6,23785,41806.9,1268,646.48,23581.5,25775.8,395,1708.5,23873.9,26439,4.11646,2141.15,96,59.963,165.414,320.518,202,123.478,260.396,535.717,2000,2000,4.00198,0,0,0,0,0,0,0,0,261.355,0,0,0,0,0,5564,38,99.3217,0,15770,264.4
e1_span_010_static_r02,e1_span_010_static,80,64.1865,160000,80,10,11732.5,23985.6,23985.6,23,14937.2,24064.1,24327.8,1239,5542.24,24241.5,33447.4,393,5575.27,24378.2,37620.1,4.5369,2020.08,108,52.381,139.126,176.119,227,121.369,234.332,300.201,2000,2000,4.00198,0,0,0,0,0,0,0,0,261.355,0,0,0,0,0,5438,37,99.3242,0,15997,264.441
e1_span_010_static_r02,e1_span_010_static,81,66.2054,162000,81,5,5780.7,25117.9,25117.9,39,5692.43,28476.4,41755.6,1284,776.554,25013,36257.1,384,1045,25520.3,41968.8,5.00781,1879.47,86,65.918,276.883,566.265,202,130.064,301.807,471.365,2000,2000,4.00198,0,0,0,0,0,0,0,0,261.355,0,0,0,0,0,5374,37,99.3162,0,16199,264.476
e1_span_010_static_r02,e1_span_010_static,82,67.7706,164000,82,7,41.91,13876.3,13876.3,23,33.685,27827.9,28015.6,1252,18.695,25216.4,37318.4,420,926.868,25554.4,28622.2,3.59524,2184.32,98,53.285,135.765,321.579,202,117.268,288.774,349.244,2002,2002,4.00198,0,0,0,0,0,0,0,0,261.355,0,0,0,0,0,5751,43,99.2579,0,16401,264.513
e1_span_010_static_r02,e1_span_010_static,83,69.5728,166000,83,10,6224.59,24118.9,24118.9,26,6114.62,36226.8,42116,1265,26.882,26957.8,42625.9,400,619.688,26972.7,37446,4.385,1990.64,111,51.91,170.706,234.7,188,119.632,236.157,318.929,2000,2000,4.00198,0,0,0,0,0,0,0,0,261.355,0,0,0,0,0,6025,40,99.3405,0,16588,264.554
e1_span_010_static_r02,e1_span_010_static,84,71.2725,168000,84,5,710.885,22423,22423,26,47.11,39122.1,42092.3,1241,22.743,26023.2,34006.9,412,917.845,26277.6,29342.1,3.74029,2215.15,107,57.045,238.043,314.034,207,121.373,289.801,613.201,1998,1998,4.00198,0,0,0,0,0,0,0,0,261.355,0,0,0,0,0,5963,41,99.3171,0,16796,264.594
e1_span_010_static_r02,e1_span_010_static,85,73.054,170000,85,5,20862.3,26645.7,26645.7,39,5603.79,26571.4,46292.4,1257,27.022,26506,42387.7,408,654.14,26727.4,40867.7,3.65931,2281.27,105,55.033,195.539,317.115,193,120.768,307.537,382.028,2007,2007,5.00199,0,0,0,0,0,0,0,0,261.355,0,0,0,0,0,5879,36,99.3914,0,16989,264.633
e1_span_010_static_r02,e1_span_010_static,86,74.8872,172000,86,7,6292.35,21847.5,21847.5,33,37.31,26759.3,26871.8,1228,15.605,27134.4,43320.1,429,509.475,27289.4,28676.4,4.54312,1959.29,95,54.037,130.768,241.584,203,111.424,231.252,355.691,1995,1995,5.00199,0,0,0,0,0,0,0,0,261.355,0,0,0,0,0,5823,29,99.5044,0,17191,264.67
e1_span_010_static_r02,e1_span_010_static,87,77.2328,174000,87,6,22.542,32039.5,32039.5,25,7824.98,27933.4,36372.4,1264,3959.14,35689.4,55751.6,395,6517.05,35357.9,45079.2,3.80759,2990.01,106,53.085,280.687,1034.05,202,112.07,244.68,373.349,1998,1998,5.00199,0,0,0,0,0,0,0,0,261.355,0,0,0,0,0,5489,31,99.4384,0,17394,264.71
e1_span_010_static_r02,e1_span_010_static,88,79.8228,176000,88,4,5336.51,16318.7,16318.7,27,47.533,31515.6,54950.7,1280,28.343,38136.8,52120.1,388,6526.11,40062.7,54965.1,3.20361,4049.04,100,55.761,237.766,7264.63,203,108.848,285.104,329.249,2002,2002,5.00199,0,0,0,0,0,0,0,0,261.355,0,0,0,0,0,5818,23,99.6062,0,17596,264.748
e1_span_010_static_r02,e1_span_010_static,89,82.2444,178000,89,2,26072.7,26072.7,26072.7,22,9758.93,37235.2,37757.3,1248,973.82,37573,43129.9,415,9467.56,38534,47046.5,3.93494,3245.99,111,53.816,171.893,248.054,203,111.512,260.367,659.689,2001,2001,5.00199,0,0,0,0,0,0,0,0,261.355,0,0,0,0,0,6513,46,99.2987,0,17800,264.79
e1_span_010_static_r02,e1_span_010_static,90,84.7919,180000,90,4,19049.3,36501.1,36501.1,28,13996.7,38745.6,40407.2,1296,843.546,38105.9,42289.3,357,6613.7,39022.5,54732.3,2.89916,4151.09,109,62.847,371.346,1603.69,205,127.644,1232.06,1719.47,1999,1999,5.00199,0,0,0,0,0,0,0,0,261.355,0,0,0,0,0,5631,33,99.4174,0,18005,264.832
e1_span_010_static_r02,e1_span_010_static,91,87.2391,182000,91,2,48.28,48.28,48.28,26,52.064,29125.4,39352.3,1306,18.855,38809.7,40994.5,363,800.824,38954.1,40894.3,2.41598,4885.12,116,56.783,178.176,275.162,190,115.202,241.409,303.639,2003,2003,5.00199,0,0,0,0,0,0,0,0,261.355,0,0,0,0,0,5531,32,99.4248,0,18193,264.873
e1_span_010_static_r02,e1_span_010_static,92,89.4569,184000,92,8,9960.64,24882.9,24882.9,30,51.801,38436.5,39032.1,1258,14.599,39155.7,42699.6,372,552.749,40295.9,42870.2,3.42204,3473.57,118,55.093,369.612,3966.23,210,122.415,566.394,3953.92,1996,1996,5.00199,0,0,0,0,0,0,0,0,261.355,0,0,0,0,0,5440,31,99.4334,0,18404,264.916
e1_span_010_static_r02,e1_span_010_static,93,92.3684,186000,93,5,27238.9,39248.8,39248.8,25,12348.1,39905,42680.2,1230,9210.39,41249.6,50780.2,418,7318.8,41811.7,51646.8,3.01914,4771.85,97,62.73,177.305,460.61,224,116.025,514.386,1096.19,1999,1999,5.00199,0,0,0,0,0,0,0,0,261.355,0,0,0,0,0,6135,40,99.3522,0,18629,264.954
e1_span_010_static_r02,e1_span_010_static,94,95.0256,188000,94,6,33172.4,41303.3,41303.3,22,18777.2,41953.3,52593.8,1305,16.383,41090.1,51088.6,376,487.224,41773.9,58940.5,3.56383,3373.09,107,54.377,186.455,269.01,186,125.8,274.637,1195.54,2002,2002,5.00199,0,0,0,0,0,0,0,0,261.355,0,0,0,0,0,5714,33,99.4258,0,18815,264.994
e1_span_010_static_r02,e1_span_010_static,95,98.2307,190000,95,7,50.324,40586.5,40586.5,17,12168.4,43434.5,43434.5,1261,11923.6,42385.1,45814.4,403,12067,42051.5,49041.3,2.54342,5705.84,96,52.18,142.889,288.712,214,118.394,363.316,630.224,1998,1998,5.00199,0,0,0,0,0,0,0,0,261.355,0,0,0,0,0,6172,37,99.4041,0,19029,265.032
e1_span_010_static_r02,e1_span_010_static,96,100.359,192000,96,10,33.064,10974.7,10974.7,35,52.587,42576.7,56708.8,1288,14.381,42456.3,44913.8,372,307.905,39629,43955.8,2.85753,3045.53,117,43.267,106.619,247.861,178,104.569,302.387,1352.59,2000,2000,5.00199,0,0,0,0,0,0,0,0,261.355,0,0,0,0,0,5707,28,99.5118,0,19207,265.073
e1_span_010_static_r02,e1_span_010_static,97,102.967,194000,97,6,21904.4,42494.3,42494.3,24,69.657,33665.8,34012.7,1276,23.893,42957.8,45522.8,417,1685.34,42882.4,44490.6,3.33094,3495.65,94,53.304,159.794,874.212,186,105.914,195.722,787.158,2003,2003,5.00199,0,0,0,0,0,0,0,0,261.355,0,0,0,0,0,6005,38,99.3712,0,19392,265.109
e1_span_010_static_r02,e1_span_010_static,98,105.849,196000,98,2,2762.02,2762.02,2762.02,34,11147.5,55563.4,62485.3,1185,9912.33,43060.9,46646.5,437,9932.43,43844.3,57634.1,3.54462,4045.04,122,44.56,138.731,1311.13,218,100.172,238.126,1320.9,1998,1998,5.00199,0,0,0,0,0,0,0,0,261.355,0,0,0,0,0,6253,31,99.5067,0,19611,265.155
e1_span_010_static_r02,e1_span_010_static,99,108.806,198000,99,6,25783.5,41242.3,41242.3,31,39.778,32698.3,45368.1,1276,19.739,43469.5,49756.7,389,868.477,43818.1,45880.7,3.05656,4760.09,109,52.77,156.49,349.517,188,111.374,401.189,996.976,1999,1999,5.00199,0,0,0,0,0,0,0,0,261.355,0,0,0,0,0,6075,19,99.6882,0,19799,265.195
e1_span_010_static_r02,e1_span_010_static,100,111.611,200000,100,11,32.388,24003.7,24003.7,26,2631.94,43541.1,44907.2,1260,26.225,43393.2,46102.4,392,2545.47,42738.5,44943.6,2.51531,5394.52,110,57.163,214.222,292.308,201,106.962,282.245,661.987,2000,2000,5.00199,0,0,0,0,0,0,0,0,261.355,0,0,0,0,0,6036,44,99.2763,0,20000,265.236
e1_span_010_static_r03,e1_span_010_static,1,0.0203455,2000,1,2,65.921,65.921,65.921,26,21.466,67.2,5006.41,1258,21.256,77.928,93.999,405,144.413,196.603,5037.61,98.9728,2.22119,122,15.714,62.78,74.206,198,39.073,95.755,449.236,2011,2011,1.00196,0,0,0,0,0,0,0,0,261.355,0,0,0,0,0,265,4060,6.12717,0,198,261.485
e1_span_010_static_r03,e1_span_010_static,2,0.0390506,4000,2,6,81.68,101.574,101.574,25,71.175,155.26,159.072,1273,57.363,139.644,156.172,371,144.699,231.297,254.064,92.0485,1.59363,100,15.256,69.116,113.075,219,37.427,99.532,120.378,1994,1994,1.00196,0,0,0,0,0,0,0,0,261.355,0,0,0,0,0,716,3204,18.2653,0,416,261.524
e1_span_010_static_r03,e1_span_010_static,3,0.0648701,6000,3,7,105.571,211.116,211.116,28,75.176,218.382,253.925,1215,84.305,225.54,252.857,428,185.34,307.472,340.126,87.5818,2.02014,103,16.017,81.123,103.326,221,41.229,96.426,135.429,2002,2002,1.00196,0,0,0,0,0,0,0,0,261.355,0,0,0,0,0,1087,2997,26.6161,0,636,261.564
e1_span_010_static_r03,e1_span_010_static,4,0.0979022,8000,4,9,23.189,273.448,273.448,24,150.242,285.582,333.298,1253,82.485,327.063,376.195,428,159.797,416.842,470.515,87.5491,2.26962,82,19.61,81.642,132.061,203,47.177,125.327,138.924,1999,1999,1.00196,0,0,0,0,0,0,0,0,261.355,0,0,0,0,0,1524,2601,36.9455,0,840,261.597
e1_span_010_static_r03,e1_span_010_static,5,0.142828,10000,5,5,17.918,282.587,282.587,26,20.903,436.904,441.814,1250,30.236,508.36,675.143,440,141.425,605.294,734.351,81.6523,3.12195,98,25.331,110.945,134.561,188,56.175,133.364,145.402,2007,2007,1.00196,0,0,0,0,0,0,0,0,261.355,0,0,0,0,0,1759,2236,44.03,0,1028,261.633
e1_span_010_static_r03,e1_span_010_static,6,0.21729,12000,6,5,25.654,756.683,756.683,28,522.173,920.056,1156.48,1284,34.211,927.323,1370.41,396,263.421,1045.6,1429.67,79.6288,5.38168,92,39.892,143.432,281.657,188,85.438,198.632,259.773,1993,1993,1.00196,0,0,0,0,0,0,0,0,261.355,0,0,0,0,0,1877,1835,50.5657,0,1217,261.668
e1_span_010_static_r03,e1_span_010_static,7,0.31729,14000,7,11,653.44,1017.83,1017.83,29,258.381,1083.35,1137.11,1266,259.715,1049.75,1129.43,382,357.293,1215.8,1314.13,76.6754,6.88468,96,43.838,181.666,246.228,211,93.873,202.957,243.257,1995,1995,1.00196,0,0,0,0,0,0,0,0,261.355,0,0,0,0,0,2032,1495,57.6127,0,1427,261.706
e1_span_010_static_r03,e1_span_010_static,8,0.418442,16001,8,8,928.425,1144.71,1144.71,26,322.039,1134.72,1135.28,1257,40.502,1223.96,1516.25,418,211.498,1364.38,1661.15,72.299,7.16371,111,43.925,159.428,246.135,186,102.723,202.906,257.68,2006,2006,1.00196,0,0,0,0,0,0,0,0,261.355,0,0,0,0,0,2269,1364,62.4553,0,1614,261.746
e1_span_010_static_r03,e1_span_010_static,9,0.548006,18000,9,8,210.154,1619.13,1619.13,24,1260.3,1747.94,1776.93,1259,179.139,1537.5,1675.26,392,429.656,1734.31,1817.59,71.3214,10.2051,112,52.168,182.917,223.237,204,103.594,219.773,272.074,1999,1999,1.00196,0,0,0,0,0,0,0,0,261.355,0,0,0,0,0,2328,1044,69.0391,0,1818,261.788
e1_span_010_static_r03,e1_span_010_static,10,0.695222,20000,10,5,1501.35,2832.08,2832.08,19,1448.37,1900.21,1900.21,1273,208.216,1688.56,1856.6,389,445.224,1871.48,1977.53,67.8072,11.8023,98,54.534,161.932,231.216,215,108.018,256.913,364.381,1999,1999,1.00196,0,0,0,0,0,0,0,0,261.355,0,0,0,0,0,2394,874,73.2558,0,2031,261.825
e1_span_010_static_r03,e1_span_010_static,11,0.846793,22000,11,3,654.657,1889.14,1889.14,20,725.256,1971.57,1971.57,1304,55.086,1909.12,2878.5,388,433.244,2147.84,3295.89,64.8222,12.8294,91,48.336,114.778,190.101,190,101.057,238.18,346.454,1996,1996,1.00196,0,0,0,0,0,0,0,0,261.355,0,0,0,0,0,2390,808,74.7342,0,2223,261.861
e1_span_010_static_r03,e1_span_010_static,12,1.0056,24000,12,5,1804.59,1916.2,1916.2,24,433.578,1961.8,2028.54,1256,59.348,1992.13,2125.22,387,406.798,2166.36,2347.27,64.9147,13.0599,113,50.037,157.965,216.123,215,100.915,215.795,318.599,2000,2000,1.00196,0,0,0,0,0,0,0,0,261.355,0,0,0,0,0,2486,718,77.5905,0,2438,261.903
e1_span_010_static_r03,e1_span_010_static,13,1.18215,26000,13,5,25.242,1870.76,1870.76,21,1960.67,2225.57,2283.24,1253,302.977,2192.06,2321.12,402,483.38,2337.2,2461.46,57.0647,16.1104,104,53.077,202.894,261.779,216,104.943,251.788,311.493,2001,2001,1.00196,0,0,0,0,0,0,0,0,261.355,0,0,0,0,0,2508,617,80.256,0,2654,261.943
e1_span_010_static_r03,e1_span_010_static,14,1.38497,28000,14,4,610.538,2260.62,2260.62,31,547.013,2491.57,2703.49,1252,331.504,2413.03,2605.89,406,383.25,2564.16,2691,56.2143,18.3698,102,52.054,154.972,181.046,214,110.793,184.293,261.487,2009,2009,2.00197,0,0,0,0,0,0,0,0,261.355,0,0,0,0,0,2614,508,83.7284,0,2864,261.982
e1_span_010_static_r03,e1_span_010_static,15,1.60633,30000,15,4,408.486,713.28,713.28,24,623.634,2593.89,2738.33,1256,179.48,2639.43,2774.93,396,590.193,2772.66,2921.85,52.8636,21.9807,113,55.272,161.166,295.209,199,104.747,292.26,346.152,1992,1992,2.00197,0,0,0,0,0,0,0,0,261.355,0,0,0,0,0,2578,453,85.0544,0,3067,262.024
e1_span_010_static_r03,e1_span_010_static,16,1.82042,32000,16,8,375.21,2709.87,2709.87,16,25.855,2982.95,2982.95,1326,31.67,2783.54,2953.61,376,460.425,2976.61,3068.22,53.3484,21.8483,96,53.621,154.933,251.056,176,106.284,223.049,510.781,1998,1998,2.00197,0,0,0,0,0,0,0,0,261.355,0,0,0,0,0,2492,433,85.1966,0,3243,262.059
e1_span_010_static_r03,e1_span_010_static,17,2.02553,34000,17,4,7.814,507.118,507.118,32,24.447,2883.78,2930.7,1267,31.786,2967.76,3136.9,419,202.75,3109.67,3296.68,52.8687,19.2864,95,52.857,157.072,378.661,189,109.039,227.054,352.801,2006,2006,2.00197,0,0,0,0,0,0,0,0,261.355,0,0,0,0,0,2720,414,86.79,0,3431,262.095
e1_span_010_static_r03,e1_span_010_static,18,2.28629,36000,18,5,2888.55,3272.98,3272.98,21,766.055,3006.63,3068.38,1260,488.328,3166.35,3325.91,388,715.127,3305.68,3433.2,46.0825,28.6714,106,59.321,178.78,212.902,213,106.794,204.922,264.447,1993,1993,2.00197,0,0,0,0,0,0,0,0,261.355,0,0,0,0,0,2594,293,89.8511,0,3645,262.136
e1_span_010_static_r03,e1_span_010_static,19,2.54721,38000,19,6,568.186,3213.4,3213.4,30,292.901,3412.31,3434.1,1235,80.736,3356.41,3510.95,434,247.008,3469.89,3579.88,50.7627,24.6893,116,51.973,124.602,186.845,183,107.011,205.074,390.144,2004,2004,2.00197,0,0,0,0,0,0,0,0,261.355,0,0,0,0,0,2899,301,90.5938,0,3828,262.177
e1_span_010_static_r03,e1_span_010_static,20,2.87133,40000,20,10,19.944,3470.03,3470.03,22,44.993,3564.56,3566.25,1273,57.402,3628.99,6534.26,417,556.689,3929.46,6663.78,45.6547,38.4113,106,64.897,176.08,317.546,193,131.581,387.789,491.768,2021,2021,2.00197,0,0,0,0,0,0,0,0,261.355,0,0,0,0,0,2828,247,91.9675,0,4020,262.217
e1_span_010_static_r03,e1_span_010_static,21,3.23477,42000,21,9,66.224,3724.68,3724.68,27,405.652,4142.95,6923.27,1247,137.138,3868.78,6976.94,395,375.638,4207.57,7082.16,46.281,40.4472,103,65.192,323.532,418.435,197,138.626,337.756,477.392,1978,1978,2.00197,0,0,0,0,0,0,0,0,261.355,0,0,0,0,0,2720,180,93.7931,0,4218,262.255
e1_span_010_static_r03,e1_span_010_static,22,3.59179,44000,22,5,3788.67,4603.55,4603.55,28,51.185,4184.03,7309.23,1269,47.071,4112.26,7384.93,393,332.151,4306.8,7568.44,41.0509,45.1635,110,64.204,232.597,284.651,192,138.798,362.518,562.297,1997,1997,2.00197,0,0,0,0,0,0,0,0,261.355,0,0,0,0,0,2590,201,92.7983,0,4410,262.295
e1_span_010_static_r03,e1_span_010_static,23,3.95564,46000,23,3,544.629,4051.63,4051.63,35,34.552,4265.51,7557.94,1253,44.456,4253.55,7684.39,403,298.114,4444.24,7845.7,40.5409,46.49,116,68.186,299.807,377.793,190,137.438,387.632,537.911,2000,2000,2.00197,0,0,0,0,0,0,0,0,261.355,0,0,0,0,0,2699,158,94.4697,0,4600,262.337
e1_span_010_static_r03,e1_span_010_static,24,4.32636,48000,24,6,29.41,4453.53,4453.53,22,265.072,4430.95,8035.71,1296,41.174,4448.81,7800.68,383,366.778,4690.99,8108.08,38.1854,47.9332,103,68.581,317.045,369.003,192,136.473,380.881,463.693,2002,2002,2.00197,0,0,0,0,0,0,0,0,261.355,0,0,0,0,0,2612,180,93.553,0,4792,262.375
e1_span_010_static_r03,e1_span_010_static,25,4.74326,50000,25,1,778.273,778.273,778.273,28,904.722,4824.81,8452.35,1279,54.39,4702.53,8629.44,409,293.929,4821.26,5416.29,42.1443,43.8413,84,65.577,313.632,366.234,200,138.859,316.144,441.258,2001,2001,2.00197,0,0,0,0,0,0,0,0,261.355,0,0,0,0,0,2939,145,95.2983,0,4991,262.408
e1_span_010_static_r03,e1_span_010_static,26,5.13945,52000,26,3,37.05,4724.31,4724.31,24,34.695,4940.78,4964.35,1302,29.343,4973.87,8761.99,416,241.068,5148.16,8959,37.9375,48.5065,81,82.201,394.915,7824.68,184,154.845,427.587,2845.1,2010,2010,2.00197,0,0,0,0,0,0,0,0,261.355,0,0,0,0,0,2772,116,95.9834,0,5176,262.44
e1_span_010_static_r03,e1_span_010_static,27,5.65902,54000,27,6,4962.27,6597.61,6597.61,17,37.342,6600.62,6600.62,1301,303.657,5988.73,9465.39,372,551.945,6664.17,9657.77,37.0457,73.6221,92,73.55,393.43,574,225,143.854,408.755,618.649,2013,2013,2.00197,0,0,0,0,0,0,0,0,261.355,0,0,0,0,0,2622,118,95.6934,0,5398,262.476
e1_span_010_static_r03,e1_span_010_static,28,6.16477,56000,28,8,43.747,5307.02,5307.02,32,297.907,5567.76,10120.4,1238,196.619,5546.95,9821.69,398,562.434,5812.64,10173.9,31.304,84.0475,108,74.932,266.97,448.009,192,140.533,413.931,681.186,1976,1976,2.00197,0,0,0,0,0,0,0,0,261.355,0,0,0,0,0,2737,113,96.0351,0,5592,262.516
e1_span_010_static_r03,e1_span_010_static,29,6.68905,58000,29,8,5471.27,5621.9,5621.9,23,4502.27,5719.32,5818.44,1277,58.569,5689.03,10308.3,397,464.793,5966.05,10667,35.0403,78.6283,99,73.168,246.394,431.423,196,141.651,371.56,438.052,2000,2000,2.00197,0,0,0,0,0,0,0,0,261.355,0,0,0,0,0,2805,102,96.4912,0,5789,262.553
e1_span_010_static_r03,e1_span_010_static,30,7.19549,60000,30,7,5546.06,5867.08,5867.08,26,5628.82,5925.57,11003.4,1265,51.883,5862.79,5988.18,409,313.18,6068.57,6186.21,31.4914,84.0797,109,71.056,273.859,359.664,193,147.187,376.662,432.935,2009,2009,2.00197,0,0,0,0,0,0,0,0,261.355,0,0,0,0,0,2755,94,96.7006,0,5979,262.593
e1_span_010_static_r03,e1_span_010_static,31,7.72215,62000,31,6,42.51,5871.13,5871.13,22,42.292,6067.67,11028,1276,39.429,6156.05,11144.4,403,634.383,6399.67,11323.4,29.139,105.245,110,73.784,338.715,354.513,184,144.843,380.843,543.504,2001,2001,2.00197,0,0,0,0,0,0,0,0,261.355,0,0,0,0,0,2918,103,96.5905,0,6165,262.633
e1_span_010_static_r03,e1_span_010_static,32,8.30347,64000,32,6,56.637,6375.08,6375.08,23,666.083,6427.19,12096.8,1288,186.62,6389.05,11671.6,375,483.108,6581.08,12246.3,29.224,99.6757,88,65.557,324.789,450.016,214,135.561,397.198,466.029,1994,1994,2.00197,0,0,0,0,0,0,0,0,261.355,0,0,0,0,0,2573,84,96.8385,0,6380,262.668
e1_span_010_static_r03,e1_span_010_static,33,8.80359,66000,33,8,1532.2,6506.5,6506.5,21,42.143,6389.46,6467.41,1251,309.54,6582.13,10897.3,427,897.599,6722.3,11169.5,28.7073,83.8308,100,63.277,214.598,331.85,189,125.194,284.418,486.381,1996,1996,2.00197,0,0,0,0,0,0,0,0,261.355,0,0,0,0,0,3106,100,96.8808,0,6569,262.705
e1_span_010_static_r03,e1_span_010_static,34,9.27922,68000,34,7,40.458,6576.42,6576.42,18,228.21,6965.71,6965.71,1289,40.711,6821.58,10141.9,396,433.563,7070.55,10137.1,31.2197,82.5032,89,55.857,160.219,280.078,198,122.455,255.7,402.486,1997,1997,2.00197,0,0,0,0,0,0,0,0,261.355,0,0,0,0,0,2868,80,97.2863,0,6767,262.74
e1_span_010_static_r03,e1_span_010_static,35,9.76893,70000,35,6,977.301,1909.96,1909.96,36,504.273,7040,7084.56,1257,25.103,7063.81,11831,410,516.707,7189.83,7366.8,25.3488,99.0122,116,62.575,193.794,400.734,177,115.585,282.836,392.505,2002,2002,2.00197,0,0,0,0,0,0,0,0,261.355,0,0,0,0,0,3036,100,96.8112,0,6944,262.781
e1_span_010_static_r03,e1_span_010_static,36,10.3091,72000,36,5,14.33,4191.98,4191.98,22,62.137,7209.45,7354.6,1287,480.668,7371.04,8088.12,393,244.408,7499.06,8230.86,20.0662,124.119,84,61.729,153.924,5777.98,206,119.876,310.481,6216.95,1997,1997,2.00197,0,0,0,0,0,0,0,0,261.355,0,0,0,0,0,2904,51,98.2741,0,7150,262.815
e1_span_010_static_r03,e1_span_010_static,37,10.8831,74000,37,7,6250.26,7466.46,7466.46,24,33.222,7641.98,7703.6,1251,42.632,7667.69,13575.7,410,300.313,7846.19,13969.2,23.3902,126.06,107,62.577,165.068,338.539,210,124.714,300.565,523.406,2009,2009,2.00197,0,0,0,0,0,0,0,0,261.355,0,0,0,0,0,3053,76,97.5711,0,7357,262.856
e1_span_010_static_r03,e1_span_010_static,38,11.3994,76000,38,9,28.691,7697.52,7697.52,22,1803.66,7936.05,8620.61,1271,24.493,7910.81,10813.8,388,264.222,8111.11,8750.49,21.0799,124.173,106,51.11,140.495,203.314,201,104.9,230.989,274.783,1997,1997,2.00197,0,0,0,0,0,0,0,0,261.355,0,0,0,0,0,3037,66,97.873,0,7559,262.896
e1_span_010_static_r03,e1_span_010_static,39,12.0234,78000,39,4,8009.68,8284.47,8284.47,18,149.401,8139.48,8139.48,1221,467.848,8234.91,8545.95,424,1963.95,8403.01,8566.1,19.309,174.845,101,63.865,262.647,329.269,227,123.924,280.674,436.034,1995,1995,2.00197,0,0,0,0,0,0,0,0,261.355,0,0,0,0,0,3252,88,97.3653,0,7787,262.935
e1_span_010_static_r03,e1_span_010_static,40,12.7879,80000,40,6,8322.42,8904.6,8904.6,33,6599.11,8754.21,8836.17,1264,1987.91,8868.87,11574.6,372,2009.18,9104.17,13888.2,21.2849,164.441,110,59.522,185.624,288.164,214,124.466,280.166,428.747,1999,1999,3.00198,0,0,0,0,0,0,0,0,261.355,0,0,0,0,0,2879,54,98.1589,0,8002,262.977
e1_span_010_static_r03,e1_span_010_static,41,13.6124,82000,41,7,59.249,8824.38,8824.38,17,8932.76,9143.23,9143.23,1292,61.923,9017.72,16463.2,393,569.012,9254.24,16734.6,19.2926,227.061,94,70.424,250.519,463.01,200,143.864,381.045,497.283,2003,2003,3.00198,0,0,0,0,0,0,0,0,261.355,0,0,0,0,0,3182,70,97.8475,0,8202,263.013
e1_span_010_static_r03,e1_span_010_static,42,14.4106,84000,42,7,33.229,9061.29,9061.29,25,37.518,9236.35,9370.68,1291,34.194,9312.7,16866.5,405,305.284,9669.36,17120.7,21.3136,182.616,94,67.249,276.432,410.24,180,142.851,369.741,490.848,2002,2002,3.00198,0,0,0,0,0,0,0,0,261.355,0,0,0,0,0,3264,58,98.2541,0,8381,263.048
e1_span_010_static_r03,e1_span_010_static,43,15.2758,86000,43,6,9220.52,10613.4,10613.4,27,48.225,9614.47,17306.2,1315,42.829,9732.44,17541,378,377.121,9786.03,17487.5,18.2011,231.205,86,79.674,240.525,310.166,185,136.183,315.064,394.424,1997,1997,3.00198,0,0,0,0,0,0,0,0,261.355,0,0,0,0,0,3084,62,98.0292,0,8568,263.081
e1_span_010_static_r03,e1_span_010_static,44,16.07,88000,44,2,9560.48,9560.48,9560.48,20,265.083,9914.47,9914.47,1285,46.669,9841.81,17638.8,387,460.174,9975.64,18050.1,17.3127,231.412,102,70.523,263.831,378.095,206,137.08,424.872,543.953,2002,2002,3.00198,0,0,0,0,0,0,0,0,261.355,0,0,0,0,0,3481,54,98.4724,0,8772,263.12
e1_span_010_static_r03,e1_span_010_static,45,17.0143,90000,45,8,10003.9,18700,18700,23,368.315,10070.3,10202.4,1264,285.562,10118,18520.2,388,506.391,10277.5,18798,17.384,259.886,98,69.061,333.827,473.163,214,138.904,414.417,533.808,1995,1995,3.00198,0,0,0,0,0,0,0,0,261.355,0,0,0,0,0,3427,59,98.3075,0,8988,263.158
e1_span_010_static_r03,e1_span_010_static,46,17.9603,92000,46,9,46.099,10575.1,10575.1,31,9915,10704.6,10749.8,1239,38.002,10806.9,19187.4,424,378.805,10928.8,19718.3,17.7241,266.032,93,63.669,279.499,461.508,212,138.724,376.941,468.189,2008,2008,3.00198,0,0,0,0,0,0,0,0,261.355,0,0,0,0,0,3508,68,98.0984,0,9199,263.194
e1_span_010_static_r03,e1_span_010_static,47,19.0207,94000,47,9,10732.9,11147.5,11147.5,28,51.016,10893.3,10934.5,1261,507.26,11288.6,20114.1,397,345.101,14238.9,20316.2,14.2922,348.289,81,65.493,279.624,431.79,217,138.067,390.974,515.774,1993,1993,3.00198,0,0,0,0,0,0,0,0,261.355,0,0,0,0,0,3341,56,98.3515,0,9417,263.228
e1_span_010_static_r03,e1_span_010_static,48,19.8901,96000,48,9,10988.8,17497.6,17497.6,22,660.419,11232.5,11316.7,1290,20.634,11446.4,18872.9,387,261.434,11684.3,16550,14.845,265.345,106,65.089,221.927,262.151,185,130.984,405.101,547.622,1999,1999,3.00198,0,0,0,0,0,0,0,0,261.355,0,0,0,0,0,3334,59,98.2611,0,9602,263.266
e1_span_010_static_r03,e1_span_010_static,49,20.715,98000,49,5,10.494,9044.06,9044.06,18,2731.76,11500.6,11500.6,1247,329.363,11599.5,13446.1,435,353.523,11779.6,17502.3,15.6943,248.911,99,59.549,211.629,366.657,199,119.759,358.317,7201.16,2003,2003,3.00198,0,0,0,0,0,0,0,0,261.355,0,0,0,0,0,3998,49,98.7892,0,9800,263.304
e1_span_010_static_r03,e1_span_010_static,50,21.5867,100000,50,10,40.985,12084.6,12084.6,23,2491.67,12001,12021.5,1253,150.147,11957.4,18434.6,413,2208.86,12116.8,12446.1,14.8886,291.649,100,55.005,238.685,486.718,204,117.853,276.503,348.346,2003,2003,3.00198,0,0,0,0,0,0,0,0,261.355,0,0,0,0,0,3938,60,98.4992,0,10003,263.342
e1_span_010_static_r03,e1_span_010_static,51,22.4202,102000,51,6,9.898,2899.91,2899.91,25,1078.11,12343.3,12408.4,1299,33.309,12228.4,18459.8,392,359.102,12441.6,20590.7,13.4082,313.156,78,61.902,180.105,305.027,199,118.652,234.273,368.998,1999,1999,3.00198,0,0,0,0,0,0,0,0,261.355,0,0,0,0,0,3743,46,98.786,0,10203,263.374
e1_span_010_static_r03,e1_span_010_static,52,23.3795,104000,52,8,10644.2,12576.2,12576.2,27,40.194,12703.3,12740.4,1265,410.785,12584.6,12730,413,2849.53,12788.2,13174.5,12.7748,381.956,94,62.29,278.996,342.875,193,128.169,268.592,380.658,2000,2000,3.00198,0,0,0,0,0,0,0,0,261.355,0,0,0,0,0,3833,49,98.7378,0,10397,263.41
e1_span_010_static_r03,e1_span_010_static,53,24.3579,106000,53,7,27.662,12791.2,12791.2,35,3118.85,12902.8,12922.7,1288,346.561,12928.1,22831.5,382,839.643,13094,23807.9,12.5314,400.29,98,62.707,321.515,409.089,189,132.276,325.104,469.166,1999,1999,3.00198,0,0,0,0,0,0,0,0,261.355,0,0,0,0,0,3888,58,98.5302,0,10585,263.447
e1_span_010_static_r03,e1_span_010_static,54,25.2982,108000,54,5,3881.88,12940.8,12940.8,31,3135.76,13272.8,13432.6,1269,22.083,13223.7,21652.2,420,623.637,13491.6,24464.1,12.669,382.692,92,55.895,253.609,3914.98,182,119.67,310.935,450.366,1999,1999,3.00198,0,0,0,0,0,0,0,0,261.355,0,0,0,0,0,4019,41,98.9901,0,10767,263.482
e1_span_010_static_r03,e1_span_010_static,55,26.3178,110000,55,7,7.111,13598.8,13598.8,22,3118.24,13637.9,24889.4,1350,31.154,13578.9,19076.5,363,282.335,13806.5,16802.7,11.5289,401.322,96,65.262,258.029,317.808,163,126.355,292.194,424.967,2001,2001,3.00198,0,0,0,0,0,0,0,0,261.355,0,0,0,0,0,3546,39,98.9121,0,10930,263.517
e1_span_010_static_r03,e1_span_010_static,56,27.3145,112000,56,4,9.946,3243.83,3243.83,30,34.207,13789.7,13791.9,1252,22.639,13901.3,22436,424,474.893,14159.8,22543.3,12.2594,420.364,88,61.957,193.831,281.963,201,117.998,230.508,304.251,1999,1999,3.00198,0,0,0,0,0,0,0,0,261.355,0,0,0,0,0,4290,52,98.8024,0,11131,263.552
e1_span_010_static_r03,e1_span_010_static,57,28.3827,114000,57,3,6.954,303.956,303.956,28,44.058,14140.5,14144,1276,464.067,14256.1,25479.8,399,3292.07,14504.8,25858.3,11.1654,481.603,83,55.076,178.2,313.252,209,114.194,300.265,462.445,1998,1998,3.00198,0,0,0,0,0,0,0,0,261.355,0,0,0,0,0,3893,48,98.782,0,11341,263.586
e1_span_010_static_r03,e1_span_010_static,58,29.4311,116000,58,8,574.179,24145.8,24145.8,10,6192.13,14572,14572,1308,617.482,14581.6,23528.8,378,3387.93,14937.4,23750.7,9.55026,531.13,92,58.735,201.43,244.974,214,115.898,266.731,335.699,2010,2010,3.00198,0,0,0,0,0,0,0,0,261.355,0,0,0,0,0,3608,31,99.1481,0,11554,263.622
e1_span_010_static_r03,e1_span_010_static,59,30.4452,118000,59,6,14294.5,15090.2,15090.2,27,302.576,14811.5,14910.3,1271,45.319,14953.9,16807.1,377,446.272,15112.9,15537.4,10.4297,504.146,105,55.677,199.228,254.911,204,121.932,277.473,326.308,1990,1990,3.00198,0,0,0,0,0,0,0,0,261.355,0,0,0,0,0,3927,45,98.8671,0,11759,263.662
e1_span_010_static_r03,e1_span_010_static,60,31.544,120000,60,6,848.018,13801.2,13801.2,30,46.731,15577.6,25467.4,1235,198.61,15360.3,15682,433,1970.25,15544.1,25855.6,10.0162,550.45,97,55.232,170.598,313.063,198,122.397,257.82,374.087,1999,1999,3.00198,0,0,0,0,0,0,0,0,261.355,0,0,0,0,0,4612,45,99.0337,0,11957,263.699
e1_span_010_static_r03,e1_span_010_static,61,32.6914,122000,61,4,14920.8,16114.3,16114.3,30,43.894,15662.2,15746.7,1283,34.308,15885.4,26172.9,382,488.318,16058.2,26550.3,10.322,543.863,105,57.067,268.496,3917.49,197,120.842,381.577,4017.67,2001,2001,3.00198,0,0,0,0,0,0,0,0,261.355,0,0,0,0,0,3873,38,99.0284,0,12153,263.738
e1_span_010_static_r03,e1_span_010_static,62,34.0096,124000,62,6,7884.61,16973.2,16973.2,23,55.929,16257.1,16334.2,1275,3756.63,16276.9,28922.5,403,3823.8,16492.3,19373,8.36228,727.515,102,57.009,194.166,238.657,202,119.89,243.356,341.119,2011,2011,3.00198,0,0,0,0,0,0,0,0,261.355,0,0,0,0,0,4290,47,98.9163,0,12356,263.777
e1_span_010_static_r03,e1_span_010_static,63,35.1292,126000,63,3,7.189,25.318,25.318,33,30.223,16469,16548.3,1249,512.603,16589.4,24384.7,402,3839.56,16743.2,17157.2,7.74378,690.063,100,53.373,163.916,227.76,202,116.96,258.943,354.932,1989,1989,3.00198,0,0,0,0,0,0,0,0,261.355,0,0,0,0,0,4360,38,99.136,0,12558,263.815
e1_span_010_static_r03,e1_span_010_static,64,36.1903,128000,64,9,29.932,17090.5,17090.5,27,40.28,16912.4,16952.2,1263,14.391,16983.9,17131.4,409,242.353,17150,17332.6,9.76528,499.392,106,58.921,210.652,222.077,187,123.562,239.355,299.692,2001,2001,4.00198,0,0,0,0,0,0,0,0,261.355,0,0,0,0,0,4647,54,98.8513,0,12745,263.854
e1_span_010_static_r03,e1_span_010_static,65,37.5494,130000,65,7,1801.73,17242.7,17242.7,24,4344.26,17418.1,17430,1258,3970.73,17430.3,20294.7,381,4129.3,17669.1,17999.1,7.00262,1017.54,111,56.355,280.146,338.71,219,115.562,254.456,389.261,2000,2000,4.00198,0,0,0,0,0,0,0,0,261.355,0,0,0,0,0,4120,37,99.1099,0,12963,263.896
e1_span_010_static_r03,e1_span_010_static,66,38.8058,132000,66,7,4538.39,17970.8,17970.8,24,4047.21,17835.5,17912.5,1275,36.042,17848,18235.2,396,542.145,18110,29267.2,7.33081,867.685,94,55.951,242.428,362.993,202,125.751,253.614,357.576,1998,1998,4.00198,0,0,0,0,0,0,0,0,261.355,0,0,0,0,0,4538,40,99.1263,0,13166,263.933
e1_span_010_static_r03,e1_span_010_static,67,40.0826,134000,67,4,17951.9,18111.7,18111.7,23,4175.24,18280.7,18407.5,1283,161.834,18268.9,21915.3,396,755.572,18481,23827.6,7.96212,826.056,94,55.53,213.094,389.727,202,115.253,259.036,364.485,2002,2002,4.00198,0,0,0,0,0,0,0,0,261.355,0,0,0,0,0,4319,50,98.8556,0,13368,263.969
e1_span_010_static_r03,e1_span_010_static,68,41.4914,136000,68,6,12108.4,18304.5,18304.5,19,4508.38,18687.5,18687.5,1256,1289.33,18661.6,19970.7,421,4367.87,18937.2,29534,7.18527,996.838,105,52.617,148.919,313.007,195,119.016,299.657,373.103,2002,2002,4.00198,0,0,0,0,0,0,0,0,261.355,0,0,0,0,0,5113,50,99.0316,0,13561,264.008
e1_span_010_static_r03,e1_span_010_static,69,42.8542,138000,69,6,4494.48,19219,19219,22,34.964,19086.1,19132.7,1299,18.327,19104.6,28417.9,401,4407.24,19274.4,20439.7,6.22693,1143.07,85,62.137,207.928,1656.41,186,117.68,240.298,311.339,1999,1999,4.00198,0,0,0,0,0,0,0,0,261.355,0,0,0,0,0,4650,39,99.1683,0,13749,264.042
e1_span_010_static_r03,e1_span_010_static,70,44.4371,140000,70,11,38.929,19478.9,19478.9,25,41.858,19531.2,19562.6,1244,987.675,19556.6,24106.3,425,4768.33,19789.9,34575.5,6.05647,1341.56,89,60.036,213.385,251.648,207,126.715,281.51,400.273,2001,2001,4.00198,0,0,0,0,0,0,0,0,261.355,0,0,0,0,0,5181,50,99.0442,0,13956,264.077
e1_span_010_static_r03,e1_span_010_static,71,45.8113,142000,71,10,46.798,28288.2,28288.2,20,4577.72,20068.2,20068.2,1276,248.388,19952.3,32598,394,554.808,20155.6,33010.9,7.40102,906.465,92,52.362,306.696,417.119,204,116.505,295.345,415.561,1996,1996,4.00198,0,0,0,0,0,0,0,0,261.355,0,0,0,0,0,4924,45,99.0944,0,14160,264.113
e1_span_010_static_r03,e1_span_010_static,72,47.2624,144000,72,13,30.46,20285.1,20285.1,31,2519.8,20421.5,20605.5,1261,26.005,20408.9,30670.9,413,3109.6,20604.7,21565.2,6.74092,1055.61,85,56.943,176.591,327.797,198,121.978,277.434,342.062,2001,2001,4.00198,0,0,0,0,0,0,0,0,261.355,0,0,0,0,0,5027,34,99.3282,0,14358,264.147
e1_span_010_static_r03,e1_span_010_static,73,48.7043,146000,73,4,4788.95,21188.8,21188.8,30,5187.37,22464.5,33033.3,1256,25.305,20965.2,23331,403,1066.23,21093.4,21525.2,5.62531,1298.41,96,49.682,207.763,325.162,209,119.747,298.173,417.456,1998,1998,4.00198,0,0,0,0,0,0,0,0,261.355,0,0,0,0,0,4654,23,99.5082,0,14567,264.184
e1_span_010_static_r03,e1_span_010_static,74,50.0758,148000,74,8,12562.7,21060.6,21060.6,23,49.922,21365,34238.7,1252,26.769,21221.4,24546.5,422,375.362,21408.1,23813.1,6.27014,979.14,109,55.417,176.807,271.644,190,109.778,286.962,618.011,2004,2004,4.00198,0,0,0,0,0,0,0,0,261.355,0,0,0,0,0,5682,45,99.2142,0,14755,264.224
e1_span_010_static_r03,e1_span_010_static,75,51.7045,150000,75,3,39.556,21695,21695,24,4564.46,21917.9,22004.9,1255,1041.24,21745.8,22479.6,420,1682.93,21899.6,22579.7,4.97143,1462.36,77,65.129,196.32,284.768,217,127.69,308,361.232,1996,1996,4.00198,0,0,0,0,0,0,0,0,261.355,0,0,0,0,0,5217,44,99.1637,0,14974,264.257
e1_span_010_static_r03,e1_span_010_static,76,53.2805,152000,76,2,23327.6,23327.6,23327.6,26,9825.13,22295.7,33749.4,1297,36.198,22306.2,26289.3,415,549.792,22715,26075.3,4.76145,1545.92,91,54.174,173.877,200.844,172,126.001,284.385,505.934,2003,2003,4.00198,0,0,0,0,0,0,0,0,261.355,0,0,0,0,0,5135,50,99.0357,0,15146,264.291
e1_span_010_static_r03,e1_span_010_static,77,54.953,154000,77,4,21536.9,23314.1,23314.1,22,18659.4,32430.3,40400.3,1273,5090.77,22641.2,32036.2,382,5101.71,22996.9,36138.1,6.2644,1319.09,92,65.019,207.65,374.749,230,115.578,220.427,274.974,2003,2003,4.00198,0,0,0,0,0,0,0,0,261.355,0,0,0,0,0,4852,42,99.1418,0,15376,264.329
e1_span_010_static_r03,e1_span_010_static,78,56.4705,156000,78,7,53.083,16871.3,16871.3,32,4294.79,23198.1,23432.4,1287,14.599,23197.7,27818.8,375,482.763,23548.5,27557.8,5.384,1428.68,101,48.587,102.479,191.237,192,115.561,270.34,420.561,1994,1994,4.00198,0,0,0,0,0,0,0,0,261.355,0,0,0,0,0,4654,31,99.3383,0,15568,264.366
e1_span_010_static_r03,e1_span_010_static,79,58.1301,158000,79,4,22047.5,23227.8,23227.8,35,64.615,23564.6,23569.8,1268,427.439,23610.3,23819.7,396,860.984,23886.3,24102.8,4.10859,2060.78,97,61.627,156.72,246.264,202,116.99,226.104,388.485,2002,2002,4.00198,0,0,0,0,0,0,0,0,261.355,0,0,0,0,0,5548,40,99.2842,0,15769,264.404
e1_span_010_static_r03,e1_span_010_static,80,60.0975,160000,80,10,6813.33,24122.7,24122.7,23,5816.89,28089,29466.3,1238,5576.74,24074.1,24245.8,393,5730.7,24255.9,25572.4,4.5369,2171.18,107,53.217,159.737,187.55,227,112.161,230.003,390.245,1998,1998,4.00198,0,0,0,0,0,0,0,0,261.355,0,0,0,0,0,5416,44,99.1941,0,15997,264.445
e1_span_010_static_r03,e1_span_010_static,81,61.8912,162000,81,5,5694.48,24447.5,24447.5,39,692.097,24895.4,41114.2,1283,5472.18,24579,38624.9,385,764.66,24768.9,42991.1,4.99481,1655.72,86,55.886,285.551,545.72,202,118.863,275.462,371.965,2000,2000,4.00198,0,0,0,0,0,0,0,0,261.355,0,0,0,0,0,5390,41,99.2451,0,16199,264.479
e1_span_010_static_r03,e1_span_010_static,82,63.6141,164000,82,7,17.089,15961.4,15961.4,23,37.394,24295.6,25308,1254,38.326,25086.8,25902.7,419,1221.68,25283.2,40761.4,3.60382,2316.05,98,62.389,184.603,414.863,202,118.118,212.067,427.171,2003,2003,4.00198,0,0,0,0,0,0,0,0,261.355,0,0,0,0,0,5715,45,99.2188,0,16400,264.517
e1_span_010_static_r03,e1_span_010_static,83,65.2089,166000,83,10,6059.01,25337.6,25337.6,26,25.789,25360.2,25398.7,1264,294.727,25460,25635.6,399,650.343,25682.9,25924.8,4.39348,1783.96,111,50.814,226.319,290.216,187,111.39,255.731,305.483,1997,1997,4.00198,0,0,0,0,0,0,0,0,261.355,0,0,0,0,0,6013,36,99.4049,0,16588,264.558
e1_span_010_static_r03,e1_span_010_static,84,67.12,168000,84,5,25525.9,25669.9,25669.9,26,44.563,26002.7,26064.5,1239,778.941,25995,26648.6,415,6013.13,26256.5,26874,3.71807,2597.45,107,54.839,214.313,308.461,208,118.254,221.449,366.453,2000,2000,4.00198,0,0,0,0,0,0,0,0,261.355,0,0,0,0,0,6022,35,99.4222,0,16796,264.598
e1_span_010_static_r03,e1_span_010_static,85,68.9414,170000,85,5,41.67,1069.17,1069.17,39,50.121,24687.6,26252.9,1263,120.18,26546.3,33897.1,408,515.808,26777.1,30823.8,3.65686,2277.82,105,57.696,155.904,208.595,194,117.706,199.959,433.663,2014,2014,4.00198,0,0,0,0,0,0,0,0,261.355,0,0,0,0,0,5852,36,99.3886,0,16988,264.637
e1_span_010_static_r03,e1_span_010_static,86,70.7477,172000,86,7,29.718,26307.8,26307.8,33,2967.07,26910,26917.1,1226,20.808,26962.2,45815.4,429,995.931,27184.5,30649.3,4.56876,1880.68,95,53.915,168.097,298.281,203,111.755,243.233,331.323,1993,1993,4.00198,0,0,0,0,0,0,0,0,261.355,0,0,0,0,0,5838,26,99.5566,0,17190,264.674
e1_span_010_static_r03,e1_span_010_static,87,72.9392,174000,87,6,27.404,20219.3,20219.3,25,49.333,38224.2,49940.3,1263,25.904,36626.3,48588.2,394,4815.63,36961.5,46376.8,3.79695,2801.95,106,55.279,170.235,444.573,201,110.196,519.08,1597.88,1995,1995,4.00198,0,0,0,0,0,0,0,0,261.355,0,0,0,0,0,5515,25,99.5487,0,17394,264.714
e1_span_010_static_r03,e1_span_010_static,88,75.4137,176000,88,4,4460.43,27780.8,27780.8,27,4101.1,37266,38371.2,1278,20.978,37450.5,51270.9,388,6470.55,38036.1,50171.3,3.19588,3864.33,99,56.169,167.142,349.712,203,118.074,366.646,1562.37,1999,1999,5.00199,0,0,0,0,0,0,0,0,261.355,0,0,0,0,0,5790,24,99.5872,0,17597,264.752
e1_span_010_static_r03,e1_span_010_static,89,77.7553,178000,89,2,28155,28155,28155,22,5059.31,36393.3,40301,1247,3352.38,37550.1,39296.7,415,6829.72,37760.8,39456.3,3.93494,3003.16,112,49.979,169.679,230.847,203,112.874,266.066,402.536,2001,2001,5.00199,0,0,0,0,0,0,0,0,261.355,0,0,0,0,0,6496,56,99.1453,0,17800,264.794
e1_span_010_static_r03,e1_span_010_static,90,80.3442,180000,90,4,1809.14,10011.9,10011.9,28,9622.24,41487.2,42230.1,1299,452.771,38870.7,41063.3,355,3534.07,38509.8,40480.4,2.91549,4217.36,109,51.111,202.896,253.912,205,115.805,284.792,1279.7,2000,2000,5.00199,0,0,0,0,0,0,0,0,261.355,0,0,0,0,0,5652,31,99.4545,0,18005,264.834
e1_span_010_static_r03,e1_span_010_static,91,82.5787,182000,91,2,29.942,29.942,29.942,26,37.717,38045.9,39741.4,1304,16.399,38960.4,41303.3,363,382.589,38386.3,41591.1,2.41598,4213.41,114,56.668,197.232,234.939,190,115.226,213.532,1094.53,1999,1999,5.00199,0,0,0,0,0,0,0,0,261.355,0,0,0,0,0,5534,25,99.5503,0,18194,264.877
e1_span_010_static_r03,e1_span_010_static,92,85.3788,184000,92,8,39136,41688.5,41688.5,30,45.544,39534.2,41187,1259,9138.52,39452.8,41584.8,373,8883.2,39123.7,41677.6,3.41287,3844.83,120,54.437,166.95,321.584,210,105.235,272.746,376.546,2000,2000,5.00199,0,0,0,0,0,0,0,0,261.355,0,0,0,0,0,5444,32,99.4156,0,18404,264.92
e1_span_010_static_r03,e1_span_010_static,93,87.9365,186000,93,5,9799,38236.8,38236.8,25,64.607,28145.1,32461.9,1229,6686.38,39811.5,48775.5,420,3357.68,40560.6,43424.8,3.00714,4025.56,97,52.301,152.774,258.998,225,109.151,313.666,1016.29,2001,2001,5.00199,0,0,0,0,0,0,0,0,261.355,0,0,0,0,0,6128,42,99.3193,0,18629,264.959
e1_span_010_static_r03,e1_span_010_static,94,90.3517,188000,94,6,22936.8,40811.7,40811.7,22,39.953,35632.6,37732.7,1305,15.27,40361.9,43937.6,373,321.925,41043.5,47535.4,3.58713,3241.8,107,64.469,189.443,1159.83,185,118.441,420.336,1150.07,1998,1998,5.00199,0,0,0,0,0,0,0,0,261.355,0,0,0,0,0,5731,30,99.4793,0,18815,264.998
e1_span_010_static_r03,e1_span_010_static,95,93.2043,190000,95,7,44.258,37473.4,37473.4,17,6003.76,40944,40944,1262,9921.87,41734,51143.4,404,10016.7,41716.5,44088,2.5396,5187.44,96,59.174,140.849,253.968,214,104.985,249.628,697.305,2000,2000,5.00199,0,0,0,0,0,0,0,0,261.355,0,0,0,0,0,6197,24,99.6142,0,19029,265.036
e1_span_010_static_r03,e1_span_010_static,96,95.6122,192000,96,10,32.628,31088.9,31088.9,35,195.54,29929.2,39942.9,1287,15.544,41509.3,44081.2,373,259.992,41376.7,43139.1,2.84987,3706.87,117,48.209,128.004,196.602,178,100.886,298.132,421.459,2000,2000,5.00199,0,0,0,0,0,0,0,0,261.355,0,0,0,0,0,5714,27,99.5297,0,19207,265.078
e1_span_010_static_r03,e1_span_010_static,97,98.1999,194000,97,6,23204.7,40422.8,40422.8,24,9457.87,41661.7,42237.1,1277,15.696,41743.3,44180.5,415,436.606,42004,43686.6,3.34217,3768.45,94,53.463,265.119,6496.41,186,111.781,1143.85,7187.65,2002,2002,5.00199,0,0,0,0,0,0,0,0,261.355,0,0,0,0,0,5953,40,99.3326,0,19392,265.113
e1_span_010_static_r03,e1_span_010_static,98,101.111,196000,98,2,29822.5,29822.5,29822.5,34,9823.16,41741.5,42242.6,1185,10514.1,42630.6,44493.6,438,10310.5,42457.9,45412.7,3.5411,4111.6,122,55.025,163.294,255.553,218,104.173,276.51,1611.72,1999,1999,5.00199,0,0,0,0,0,0,0,0,261.355,0,0,0,0,0,6269,31,99.5079,0,19611,265.159
e1_span_010_static_r03,e1_span_010_static,99,103.724,198000,99,6,34736.4,42027.6,42027.6,31,38.436,43109.6,43552.3,1277,21.683,42759.1,44748.1,389,356.947,43001.1,45713.7,3.05656,3843.27,109,50.106,177.483,1677.46,188,117.174,978.79,1706.75,2000,2000,5.00199,0,0,0,0,0,0,0,0,261.355,0,0,0,0,0,6052,23,99.6214,0,19799,265.199
e1_span_010_static_r03,e1_span_010_static,100,106.425,200000,100,11,54.807,34647.3,34647.3,26,75.284,40375.2,40785.3,1259,20.191,43816.6,46694.6,392,2952.55,44374.4,47288.2,2.51531,5237.68,110,43.912,143.841,217.632,201,104.193,237.312,536.062,1999,1999,5.00199,0,0,0,0,0,0,0,0,261.355,0,0,0,0,0,6032,45,99.2595,0,20000,265.24
e1_span_100_dynamic_r01,e1_span_100_dynamic,1,0.0168732,2000,1,2,60.49,60.49,60.49,26,20.804,61.578,66.457,1256,23.67,77.408,89.245,403,145.078,212.296,314.705,98.9677,1.51266,122,15.404,66.008,75.928,198,37.062,90.34,244.875,2007,2007,1.00196,0,0,0,0,0,0,0,0,261.37,0,0,0,0,0,264,4078,6.08015,0,198,261.501
e1_span_100_dynamic_r01,e1_span_100_dynamic,2,0.0346647,4000,2,6,71.608,119.076,119.076,25,43.75,148.492,155.23,1276,42.941,138.815,153.908,374,140.449,233.265,266.266,92.1123,1.56307,100,12.908,71.41,91.442,219,37.154,96.879,112.519,2000,2000,1.00196,0,0,0,0,0,0,0,0,261.37,0,0,0,0,0,711,3199,18.1841,0,416,261.54
e1_span_100_dynamic_r01,e1_span_100_dynamic,3,0.0582931,6000,3,7,47.776,181.623,181.623,27,119.826,190.873,206.384,1216,70.515,209.897,236.169,426,160.281,289.469,318.951,87.5235,1.84503,103,14.397,64.871,71.742,221,38.962,92.678,130.019,2000,2000,1.00196,0,0,0,0,0,0,0,0,261.37,0,0,0,0,0,1080,3011,26.3994,0,636,261.579
e1_span_100_dynamic_r01,e1_span_100_dynamic,4,0.0861625,8000,4,9,13.829,231.327,231.327,25,109.093,240.613,307.866,1252,63.419,277.182,324.083,429,133.927,350.139,420.935,87.5781,1.95271,81,19.071,78.894,114.174,203,43.088,109.6,141.341,1999,1999,1.00196,0,0,0,0,0,0,0,0,261.37,0,0,0,0,0,1513,2616,36.6433,0,839,261.612
e1_span_100_dynamic_r01,e1_span_100_dynamic,5,0.123121,10000,5,5,14.911,298.972,298.972,26,47.368,405.539,420.351,1250,45.588,419.25,495.253,440,127.6,498.654,561.319,81.6523,2.50849,99,20.692,104.115,154.747,188,51.626,123.17,157.962,2008,2008,1.00196,0,0,0,0,0,0,0,0,261.37,0,0,0,0,0,1776,2232,44.3114,0,1028,261.649
e1_span_100_dynamic_r01,e1_span_100_dynamic,6,0.1745,12000,6,5,318.18,578.194,578.194,28,257.107,665.399,933.572,1286,27.788,683.548,825.817,391,177.073,742.668,883.969,79.5345,3.70174,92,28.973,127.676,176.786,188,64.757,162.744,227.231,1990,1990,1.00196,0,0,0,0,0,0,0,0,261.37,0,0,0,0,0,1851,1823,50.3811,0,1217,261.684
e1_span_100_dynamic_r01,e1_span_100_dynamic,7,0.24923,14000,7,11,85.069,909.447,909.447,29,25.43,872.72,1164.86,1263,77.516,991.327,1147.73,386,303.121,1190.47,1379.67,76.7487,5.69838,96,35.146,156.425,280.11,211,84.441,201.675,262.223,1996,1996,1.00196,0,0,0,0,0,0,0,0,261.37,0,0,0,0,0,2038,1494,57.701,0,1428,261.721
e1_span_100_dynamic_r01,e1_span_100_dynamic,8,0.337492,16000,8,8,218.781,1090.15,1090.15,26,287.166,1206.1,1297.74,1255,41.107,1191.77,1497.93,421,224.433,1307.96,1593.15,72.4299,6.32549,111,37.418,154.231,214.891,187,89.392,165.783,257.476,2008,2008,1.00196,0,0,0,0,0,0,0,0,261.37,0,0,0,0,0,2276,1374,62.3562,0,1614,261.761
e1_span_100_dynamic_r01,e1_span_100_dynamic,9,0.454731,18000,9,8,349.213,1370.56,1370.56,24,892.691,1463.12,1493.94,1258,281.072,1473.99,1755.06,388,403.591,1663.24,1904.79,71.3119,8.99399,111,51.315,189.089,211.021,203,93.719,216.646,292.218,1992,1992,1.00196,0,0,0,0,0,0,0,0,261.37,0,0,0,0,0,2322,1056,68.7389,0,1818,261.803
e1_span_100_dynamic_r01,e1_span_100_dynamic,10,0.585858,20000,10,5,344.056,1491.76,1491.76,19,475.409,1932.13,1932.13,1278,292.145,1622.35,1800.17,388,445.973,1840.79,1951.19,67.5722,10.4728,99,51.79,165.392,255.639,214,101.729,279.158,333.637,2003,2003,1.00196,0,0,0,0,0,0,0,0,261.37,0,0,0,0,0,2390,875,73.2006,0,2031,261.841
e1_span_100_dynamic_r01,e1_span_100_dynamic,11,0.727964,22000,11,3,47.95,1713.55,1713.55,20,1188.66,1772.98,1772.98,1301,58.393,1825.31,1980.93,391,269.103,1992.2,2194.19,65.0307,11.5201,91,45.009,155.392,224.251,191,103.316,198.657,308.393,1997,1997,1.00196,0,0,0,0,0,0,0,0,261.37,0,0,0,0,0,2401,791,75.2193,0,2223,261.876
e1_span_100_dynamic_r01,e1_span_100_dynamic,12,0.890733,24000,12,5,1733.72,1924.24,1924.24,24,25.323,2035.38,2193.93,1256,175.181,2083.96,2901.09,389,342.239,2166.92,2840.82,65.09,12.7342,113,50.349,175.299,298.76,216,101.535,228.347,294.705,2003,2003,2.00197,0,0,0,0,0,0,0,0,261.37,0,0,0,0,0,2487,721,77.5249,0,2438,261.918
e1_span_100_dynamic_r01,e1_span_100_dynamic,13,1.05729,26000,13,5,1632.55,2272.31,2272.31,21,442.543,2141.3,2168.97,1253,210.138,2225.84,3829.25,399,476.957,2467.38,3560.44,56.7469,15.9398,104,51.107,200.845,288.64,215,107.578,297.618,338.113,1997,1997,2.00197,0,0,0,0,0,0,0,0,261.37,0,0,0,0,0,2508,618,80.2303,0,2654,261.958
e1_span_100_dynamic_r01,e1_span_100_dynamic,14,1.24828,28000,14,4,2150.76,2156.7,2156.7,31,543.317,2351.58,2477.35,1249,237.748,2398.12,4189.54,405,425.523,2588.97,4263.4,56.3531,17.3892,101,55.457,176.891,257.115,211,107.286,211.67,288.4,2001,2001,2.00197,0,0,0,0,0,0,0,0,261.37,0,0,0,0,0,2611,514,83.552,0,2865,261.997
e1_span_100_dynamic_r01,e1_span_100_dynamic,15,1.46709,30000,15,4,1022.23,2445.38,2445.38,24,722.47,2582.06,2642.71,1261,363.847,2637.71,4603.78,395,594.27,2841.67,3240.22,52.6861,21.574,114,53.561,195.26,223.009,202,107.527,269.83,364.986,2000,2000,2.00197,0,0,0,0,0,0,0,0,261.37,0,0,0,0,0,2601,436,85.6437,0,3067,262.039
e1_span_100_dynamic_r01,e1_span_100_dynamic,16,1.67144,32000,16,8,599.654,2734.86,2734.86,16,16.231,2756.24,2756.24,1325,35.014,2797.32,2985.46,379,271.674,2902.44,3121.33,53.2982,18.9457,96,51.937,165.396,178.569,176,109.234,294.247,527.717,2000,2000,2.00197,0,0,0,0,0,0,0,0,261.37,0,0,0,0,0,2479,436,85.0429,0,3243,262.074
e1_span_100_dynamic_r01,e1_span_100_dynamic,17,1.86857,34000,17,4,10.559,14.824,14.824,32,20.949,2863.45,2913.43,1266,26.461,2959.8,3350.55,416,242.816,3121.84,5494.14,52.7356,19.8263,95,52.993,180.591,387.674,189,113.609,261.625,319.836,2002,2002,2.00197,0,0,0,0,0,0,0,0,261.37,0,0,0,0,0,2706,407,86.9258,0,3431,262.11
e1_span_100_dynamic_r01,e1_span_100_dynamic,18,2.12989,36000,18,6,2380.83,3108.8,3108.8,21,2719.36,3288.85,5663.35,1261,489.575,3175.93,5615.15,391,794.648,3381.04,5691.74,46.4962,29.6528,106,53.772,177.893,257.171,213,112.598,268.015,351.886,1998,1998,2.00197,0,0,0,0,0,0,0,0,261.37,0,0,0,0,0,2572,301,89.5231,0,3645,262.151
e1_span_100_dynamic_r01,e1_span_100_dynamic,19,2.41051,38000,19,5,15.814,3048.02,3048.02,30,50.985,3253.94,4711.93,1237,123.798,3722.43,6109.75,434,552.968,3787.24,6428.77,50.7627,29.3948,116,59.663,174.935,268.759,183,111.826,234.394,493.525,2005,2005,2.00197,0,0,0,0,0,0,0,0,261.37,0,0,0,0,0,2923,298,90.7482,0,3827,262.192
e1_span_100_dynamic_r01,e1_span_100_dynamic,20,2.73664,40000,20,10,18.332,3478.92,3478.92,22,61.865,3553.65,3712.08,1259,61.542,3714.2,6504.45,415,442.33,3834.68,5654.23,45.4265,36.8574,106,66.884,225.524,353.331,192,142.246,416.244,476.742,2004,2004,2.00197,0,0,0,0,0,0,0,0,261.37,0,0,0,0,0,2776,237,92.1341,0,4020,262.231
e1_span_100_dynamic_r01,e1_span_100_dynamic,21,3.08888,42000,21,9,573.512,4427.97,4427.97,27,330.165,4349.34,6812.42,1257,56.958,4095.93,7002.37,397,321.331,4454.75,7316.08,46.5164,37.7128,103,65.293,272.39,353.373,198,142.469,382.378,461.692,1991,1991,2.00197,0,0,0,0,0,0,0,0,261.37,0,0,0,0,0,2764,184,93.7585,0,4218,262.27
e1_span_100_dynamic_r01,e1_span_100_dynamic,22,3.44453,44000,22,5,64.752,4048.49,4048.49,28,323.019,4173.84,7176.19,1271,43.296,4062.61,7260.5,394,360.522,4358.62,7436.36,41.1396,44.8648,110,65.157,284.193,338.929,193,141.253,380.29,493.792,2001,2001,2.00197,0,0,0,0,0,0,0,0,261.37,0,0,0,0,0,2609,193,93.1121,0,4410,262.31
e1_span_100_dynamic_r01,e1_span_100_dynamic,23,3.81114,46000,23,3,17.786,4720.46,4720.46,35,43.945,4554.97,7438.37,1256,39.346,4355.19,7704.67,405,327.947,4584.47,7747.64,40.3383,48.9036,117,74.779,302.237,328.556,189,137.795,341.123,488.849,2005,2005,2.00197,0,0,0,0,0,0,0,0,261.37,0,0,0,0,0,2719,154,94.6397,0,4599,262.352
e1_span_100_dynamic_r01,e1_span_100_dynamic,24,4.21255,48000,24,6,39.318,73.216,73.216,22,272.801,4355.62,4504.42,1290,59.937,4452.76,8087.77,380,347.731,4667.4,8247.47,38.2895,50.7276,102,72.248,256.934,367.971,192,138.791,362.962,415.274,1992,1992,2.00197,0,0,0,0,0,0,0,0,261.37,0,0,0,0,0,2633,178,93.6677,0,4792,262.39
e1_span_100_dynamic_r01,e1_span_100_dynamic,25,4.62599,50000,25,1,4849.49,4849.49,4849.49,28,785.384,4868.15,8284.8,1281,37.482,4789.03,8569.2,409,259.051,4958.56,8786.68,42.1443,48.7928,84,83.083,373.521,601.803,199,148.294,436.67,599.225,2002,2002,2.00197,0,0,0,0,0,0,0,0,261.37,0,0,0,0,0,2910,142,95.3473,0,4991,262.423
e1_span_100_dynamic_r01,e1_span_100_dynamic,26,5.01479,52000,26,3,4713.09,4834.4,4834.4,24,25.608,4917.08,5101.14,1303,31.815,5006.79,5557.46,418,234.708,5135.57,8897.73,37.9904,45.6033,81,76.174,357.671,2690.78,186,161.468,437.552,2882.71,2015,2015,2.00197,0,0,0,0,0,0,0,0,261.37,0,0,0,0,0,2790,116,96.0083,0,5176,262.454
e1_span_100_dynamic_r01,e1_span_100_dynamic,27,5.51869,54000,27,6,230.4,4927.96,4927.96,16,44.116,5374.67,5374.67,1286,292.885,5251.56,9390.73,365,476.362,5373.69,5472.88,37.2027,64.9179,92,73.767,283.09,418.235,221,141.584,361.456,537.344,1986,1986,2.00197,0,0,0,0,0,0,0,0,261.37,0,0,0,0,0,2571,116,95.6829,0,5398,262.491
e1_span_100_dynamic_r01,e1_span_100_dynamic,28,6.04843,56000,28,8,5469.2,5640.71,5640.71,33,59.499,5561.82,5640.23,1253,61.441,5793.33,10199.2,402,416.914,5910.81,10362.4,31.1269,83.7434,108,67.207,236.588,481.85,195,145.373,481.776,602.662,1999,1999,2.00197,0,0,0,0,0,0,0,0,261.37,0,0,0,0,0,2809,121,95.8703,0,5592,262.53
e1_span_100_dynamic_r01,e1_span_100_dynamic,29,6.60228,58000,29,8,5607.4,5775.62,5775.62,23,4543.25,5674.45,5722.55,1276,68.936,5757.75,10487,399,493.815,6013.86,10742.7,34.9925,79.3295,99,68.343,272.975,543.127,196,143.401,337.119,486.579,2001,2001,2.00197,0,0,0,0,0,0,0,0,261.37,0,0,0,0,0,2798,94,96.7497,0,5789,262.568
e1_span_100_dynamic_r01,e1_span_100_dynamic,30,7.15577,60000,30,7,176.228,5870.79,5870.79,26,5600.26,6006.59,6147.92,1263,53.793,5984.41,10755.4,405,339.347,6201,11093.9,31.6716,88.6469,108,66.906,272.674,333.129,190,136.121,350.206,501.566,1999,1999,2.00197,0,0,0,0,0,0,0,0,261.37,0,0,0,0,0,2758,97,96.6025,0,5979,262.608
e1_span_100_dynamic_r01,e1_span_100_dynamic,31,7.68367,62000,31,6,31.29,5821.13,5821.13,22,37.936,5949.8,6057.62,1277,41.449,6182.69,7942.12,406,526.479,6426.66,6609.93,29.0517,103.396,111,67.644,234.728,321.529,187,142.443,355.11,407.971,2009,2009,2.00197,0,0,0,0,0,0,0,0,261.37,0,0,0,0,0,2901,111,96.3147,0,6165,262.647
e1_span_100_dynamic_r01,e1_span_100_dynamic,32,8.27183,64000,32,6,6136.63,6375.48,6375.48,23,5995.88,6549.4,7420.34,1294,182.506,6441.61,11602.9,374,407.773,6592.39,11402.9,29.2995,94.9165,88,69.484,346.363,393.616,214,141.651,343.639,425.847,1999,1999,2.00197,0,0,0,0,0,0,0,0,261.37,0,0,0,0,0,2575,91,96.5866,0,6379,262.683
e1_span_100_dynamic_r01,e1_span_100_dynamic,33,8.92,66000,33,8,6666.33,11989.4,11989.4,21,70.301,6603.09,6890.57,1245,44.299,6839.85,12332.3,429,336.876,6892.06,12331.7,28.8065,108.323,100,73.763,306.436,448.742,189,142.841,309.979,542.907,1992,1992,2.00197,0,0,0,0,0,0,0,0,261.37,0,0,0,0,0,3123,98,96.9575,0,6569,262.72
e1_span_100_dynamic_r01,e1_span_100_dynamic,34,9.5511,68000,34,7,282.628,6968.14,6968.14,18,6662.76,7069.44,7069.44,1291,33.348,7017.85,12840.3,400,398.661,7173.85,12781.2,30.6525,107.47,91,66.774,283.486,416.583,198,139.689,338.903,462.324,2005,2005,2.00197,0,0,0,0,0,0,0,0,261.37,0,0,0,0,0,2885,84,97.1708,0,6767,262.756
e1_span_100_dynamic_r01,e1_span_100_dynamic,35,10.1642,70000,35,6,20.544,7013.37,7013.37,36,451.34,7136.84,7218.73,1257,30.457,7275.29,13140.6,406,303.969,7345.07,13024.1,25.6034,125.47,114,74.222,268.532,461.097,177,142.244,389.466,521.283,1996,1996,2.00197,0,0,0,0,0,0,0,0,261.37,0,0,0,0,0,3012,89,97.13,0,6943,262.795
e1_span_100_dynamic_r01,e1_span_100_dynamic,36,10.8335,72000,36,5,17.874,7200.42,7200.42,22,244.158,7618.29,7630.94,1287,173.811,7460.46,13426.1,393,278.05,7627.64,13741.6,20.0662,156.616,84,77.582,258.175,488.216,206,142.213,338.917,522.156,1997,1997,2.00197,0,0,0,0,0,0,0,0,261.37,0,0,0,0,0,2909,52,98.2438,0,7150,262.829
e1_span_100_dynamic_r01,e1_span_100_dynamic,37,11.5266,74000,37,7,2066.39,7485.81,7485.81,25,31.893,7746.51,14150.3,1251,80.985,7792.4,14165.4,410,377.116,7963.52,14308.1,23.3902,142.993,106,81.979,249.786,339.601,210,136.385,357.593,519.46,2009,2009,2.00197,0,0,0,0,0,0,0,0,261.37,0,0,0,0,0,3066,78,97.5191,0,7357,262.869
e1_span_100_dynamic_r01,e1_span_100_dynamic,38,12.1981,76000,38,9,40.846,14663.6,14663.6,21,51.539,7896.05,8140.08,1273,43.562,8025.87,8576.58,388,268.772,8204.37,8473.97,21.0799,151.2,107,66.089,290.542,390.466,200,142.017,352.867,435.443,1998,1998,2.00197,0,0,0,0,0,0,0,0,261.37,0,0,0,0,0,3047,63,97.9743,0,7558,262.909
e1_span_100_dynamic_r01,e1_span_100_dynamic,39,13.0135,78000,39,4,8054.35,8276.77,8276.77,18,583.563,15267.5,15267.5,1223,282.073,8434.49,15458.4,426,811.281,8806.79,15637.8,19.2324,221.458,102,65.505,270.793,451.076,229,150.811,385.726,420.434,2002,2002,2.00197,0,0,0,0,0,0,0,0,261.37,0,0,0,0,0,3248,92,97.2455,0,7787,262.948
e1_span_100_dynamic_r01,e1_span_100_dynamic,40,13.8084,80000,40,6,315.976,10341.2,10341.2,33,41.836,8661.85,8726.02,1260,290.213,8676.62,10225,370,473.493,8813.71,9967.9,21.3838,183.941,109,64.467,312.773,395.311,213,135.843,374.631,480.2,1991,1991,2.00197,0,0,0,0,0,0,0,0,261.37,0,0,0,0,0,2877,49,98.3254,0,8002,262.989
e1_span_100_dynamic_r01,e1_span_100_dynamic,41,14.671,82000,41,7,34.022,8967.24,8967.24,17,8719.39,9132.67,9132.67,1290,201.58,8971.94,9188.67,393,575.428,9205.07,16382.4,19.2926,230.154,94,70.196,319.624,478.58,204,137.361,315.228,394.947,2005,2005,2.00197,0,0,0,0,0,0,0,0,261.37,0,0,0,0,0,3162,69,97.8644,0,8203,263.025
e1_span_100_dynamic_r01,e1_span_100_dynamic,42,15.4381,84000,42,7,16.383,9190.96,9190.96,25,40.034,9860.67,17327.9,1292,26.323,9263.88,16750.7,405,261.934,9479.32,16686.3,21.3506,182.063,94,70.623,299.214,434.374,176,149.34,408.646,524.094,1999,1999,3.00198,0,0,0,0,0,0,0,0,261.37,0,0,0,0,0,3264,54,98.3725,0,8381,263.06
e1_span_100_dynamic_r01,e1_span_100_dynamic,43,16.1666,86000,43,6,9366.41,9483.52,9483.52,27,33.099,9445.71,9509,1314,21.975,9519.39,10694.6,379,262.357,9662.46,17046.9,18.1161,196.113,86,67.82,288.922,534.469,186,148.013,398.856,539.743,1998,1998,3.00198,0,0,0,0,0,0,0,0,261.37,0,0,0,0,0,3070,61,98.0517,0,8568,263.093
e1_span_100_dynamic_r01,e1_span_100_dynamic,44,17.0039,88000,44,2,9400.8,9400.8,9400.8,20,9453.26,10115.2,10115.2,1288,36.876,9799.58,17670.5,389,440.378,9998.09,17959.4,17.437,261.719,102,65.199,328.224,402.73,206,140.081,373.502,427.314,2007,2007,3.00198,0,0,0,0,0,0,0,0,261.37,0,0,0,0,0,3475,54,98.4698,0,8771,263.132
e1_span_100_dynamic_r01,e1_span_100_dynamic,45,17.9758,90000,45,8,502.791,10103.4,10103.4,23,786.657,10154.8,10160,1263,336.805,10176,18749.1,385,476.202,10330.1,18390,17.3013,265.186,98,68.564,294.831,450.757,214,139.597,345.886,434.262,1991,1991,3.00198,0,0,0,0,0,0,0,0,261.37,0,0,0,0,0,3428,65,98.1391,0,8988,263.17
e1_span_100_dynamic_r01,e1_span_100_dynamic,46,18.9854,92000,46,9,36.37,10625.8,10625.8,31,10131.8,10782,19311.4,1238,265.52,10733.3,18360.5,425,674.644,10910.4,19108.8,17.6847,286.266,93,66.878,276.362,361.171,211,137.699,321.367,431.242,2007,2007,3.00198,0,0,0,0,0,0,0,0,261.37,0,0,0,0,0,3524,70,98.0523,0,9199,263.206
e1_span_100_dynamic_r01,e1_span_100_dynamic,47,20.0724,94000,47,9,35.896,11222.5,11222.5,28,36.798,10926.1,10960.3,1261,716.144,11195.9,20213.2,396,360.678,11347.5,20478.9,14.3258,331.716,81,65.519,278.41,396.744,218,134.409,359.302,7493.8,1993,1993,3.00198,0,0,0,0,0,0,0,0,261.37,0,0,0,0,0,3347,58,98.2966,0,9417,263.239
e1_span_100_dynamic_r01,e1_span_100_dynamic,48,21.0035,96000,48,9,8623.74,11395.2,11395.2,22,34.418,11347.5,12193,1292,21.395,11418.4,18391.6,387,243.501,11524.5,18402.5,14.845,297.381,106,62.46,208.726,296.504,186,133.117,398.99,531.646,2002,2002,3.00198,0,0,0,0,0,0,0,0,261.37,0,0,0,0,0,3348,56,98.3549,0,9602,263.278
e1_span_100_dynamic_r01,e1_span_100_dynamic,49,22.0946,98000,49,5,24.668,222.903,222.903,18,40.449,11707.1,11707.1,1245,273.675,11767.1,20912.3,435,360.378,11896.7,14128.8,15.6943,319.395,99,63.829,212.431,335.185,198,135.214,297.114,377.194,2000,2000,3.00198,0,0,0,0,0,0,0,0,261.37,0,0,0,0,0,3984,47,98.834,0,9801,263.316
e1_span_100_dynamic_r01,e1_span_100_dynamic,50,23.0835,100000,50,10,8040.42,12076.5,12076.5,23,40.574,11876.5,11895.1,1256,38.483,11965.8,12269,415,476.002,12183.1,13272.1,14.8193,333.184,100,64.044,306.866,583.134,204,130.489,334.607,552.229,2008,2008,3.00198,0,0,0,0,0,0,0,0,261.37,0,0,0,0,0,3966,59,98.5342,0,10003,263.354
e1_span_100_dynamic_r01,e1_span_100_dynamic,51,24.0533,102000,51,6,36.391,12301,12301,24,3090.87,12288.9,12301.9,1295,27.672,12288.1,12456.4,390,262.903,12470.5,12655.7,13.4744,343.406,78,65.83,344.151,377.463,199,134.467,366.982,433.211,1992,1992,3.00198,0,0,0,0,0,0,0,0,261.37,0,0,0,0,0,3718,42,98.883,0,10202,263.385
e1_span_100_dynamic_r01,e1_span_100_dynamic,52,25.212,104000,52,8,12393.5,20939.8,20939.8,28,39.487,12578.7,12680.7,1265,44.012,12736.9,20480.4,417,421.218,12931.8,17278.1,12.8249,436.948,94,64.985,236.281,479.427,193,136.42,383.684,491.29,2005,2005,3.00198,0,0,0,0,0,0,0,0,261.37,0,0,0,0,0,3864,48,98.773,0,10397,263.422
e1_span_100_dynamic_r01,e1_span_100_dynamic,53,26.4136,106000,53,7,38.806,16890.2,16890.2,35,234.377,13037.1,13092.4,1289,275.518,12975,13446,378,9313.76,13216.4,13440.8,12.4735,529.532,98,70.952,255.024,325.106,189,147.79,361.678,459.948,1996,1996,3.00198,0,0,0,0,0,0,0,0,261.37,0,0,0,0,0,3883,62,98.4284,0,10584,263.458
e1_span_100_dynamic_r01,e1_span_100_dynamic,54,27.4805,108000,54,5,490.284,12876.6,12876.6,31,65.226,13420.3,19873,1268,20.493,13299.3,23357,422,250.887,13504.1,22468.2,12.6114,382.492,92,64.238,280.409,388.78,184,136.424,376.765,454.749,2002,2002,3.00198,0,0,0,0,0,0,0,0,261.37,0,0,0,0,0,4036,39,99.0429,0,10768,263.493
e1_span_100_dynamic_r01,e1_span_100_dynamic,55,28.6566,110000,55,7,13391.7,13762.7,13762.7,22,54.332,13521.3,13667,1357,19.779,13610.4,13796.8,362,442.442,13884.5,23694,11.5608,531.374,96,66.583,221.073,323.071,162,139.858,272.915,372.327,2006,2006,3.00198,0,0,0,0,0,0,0,0,261.37,0,0,0,0,0,3529,43,98.7962,0,10930,263.528
e1_span_100_dynamic_r01,e1_span_100_dynamic,56,29.8908,112000,56,4,418.066,13817.7,13817.7,30,38.549,24605.8,26461.7,1249,30.993,13991.7,25374.3,424,505.267,14100.5,25599.7,12.2571,490.9,88,67.753,242.009,337.585,199,140.849,365.435,471.332,1994,1994,3.00198,0,0,0,0,0,0,0,0,261.37,0,0,0,0,0,4336,51,98.8375,0,11129,263.562
e1_span_100_dynamic_r01,e1_span_100_dynamic,57,31.1727,114000,57,3,291.884,14431.8,14431.8,28,40.646,14188.9,14299.1,1273,407.288,14283.3,25744.6,398,367.151,14474.8,25565.1,11.1935,521.139,83,62.969,241.007,346.403,210,132.334,300.638,381.249,1995,1995,3.00198,0,0,0,0,0,0,0,0,261.37,0,0,0,0,0,3893,47,98.8071,0,11341,263.596
e1_span_100_dynamic_r01,e1_span_100_dynamic,58,32.4818,116000,58,8,7965.06,14484.8,14484.8,10,9051.06,13684.2,13684.2,1308,373.973,14805.2,19609,377,1189.46,15244.6,22463.1,9.56764,678.732,92,70.015,346.217,435.011,214,137.589,375.493,439.03,2009,2009,3.00198,0,0,0,0,0,0,0,0,261.37,0,0,0,0,0,3606,33,99.0932,0,11554,263.632
e1_span_100_dynamic_r01,e1_span_100_dynamic,59,33.7679,118000,59,6,14787.3,26061.4,26061.4,27,296.125,15111.5,26042.9,1273,32.335,15195.2,27047.7,378,526.784,15481.1,26275.4,10.4048,618.042,105,71.951,260.102,369.661,204,137.185,360.194,459.737,1993,1993,3.00198,0,0,0,0,0,0,0,0,261.37,0,0,0,0,0,3965,44,98.9025,0,11759,263.671
e1_span_100_dynamic_r01,e1_span_100_dynamic,60,35.1654,120000,60,6,10126.8,15362.5,15362.5,30,55.748,15546.9,15552,1233,33.774,15540.1,27920.8,434,1599.13,15885,28112.5,9.99309,728.038,97,65.771,290.94,336.356,198,139.249,398.484,572.947,1998,1998,3.00198,0,0,0,0,0,0,0,0,261.37,0,0,0,0,0,4606,49,98.9474,0,11957,263.708
e1_span_100_dynamic_r01,e1_span_100_dynamic,61,36.6111,122000,61,4,54.889,411.52,411.52,29,53.285,15774,15934.8,1285,37.834,16060.4,28879.2,381,464.317,16251,28924.7,10.3465,689.281,105,69.752,234.616,280.914,197,135.537,383.933,622.357,2001,2001,3.00198,0,0,0,0,0,0,0,0,261.37,0,0,0,0,0,3852,43,98.896,0,12154,263.747
e1_span_100_dynamic_r01,e1_span_100_dynamic,62,38.2714,124000,62,6,16035.4,16458.7,16458.7,24,47.034,16515.1,28624,1269,725.458,16491.1,29186.6,403,5652.14,16882.8,28278.2,8.36228,1018.25,101,64.952,233.46,338.991,202,129.112,320.742,444.865,2005,2005,3.00198,0,0,0,0,0,0,0,0,261.37,0,0,0,0,0,4321,43,99.0147,0,12356,263.786
e1_span_100_dynamic_r01,e1_span_100_dynamic,63,39.6907,126000,63,3,60.332,9644.63,9644.63,33,46.32,16819.6,22899.2,1253,46.062,16804.6,22926.8,404,358.794,17050.4,30181.2,7.72277,874.431,101,65.099,193.163,333.027,202,139.143,374.487,475.808,1996,1996,3.00198,0,0,0,0,0,0,0,0,261.37,0,0,0,0,0,4371,40,99.0932,0,12558,263.824
e1_span_100_dynamic_r01,e1_span_100_dynamic,64,41.1819,128000,64,9,12.532,11970.2,11970.2,27,540.373,17166.8,17414.9,1262,22.363,17189.8,30968.7,407,1326.81,17489,31112.5,9.79607,803.622,106,64.889,207.117,262.679,187,126.71,267.645,553.957,1998,1998,3.00198,0,0,0,0,0,0,0,0,261.37,0,0,0,0,0,4688,55,98.8404,0,12745,263.863
e1_span_100_dynamic_r01,e1_span_100_dynamic,65,42.7627,130000,65,7,39.13,17134.7,17134.7,24,16685,17838,26292.7,1262,337.883,17581.2,30107.2,381,612.184,17925.9,26635,6.99475,1120.62,111,66.692,270.749,392.229,219,136.864,343.049,455.357,2004,2004,3.00198,0,0,0,0,0,0,0,0,261.37,0,0,0,0,0,4138,34,99.185,0,12962,263.905
e1_span_100_dynamic_r01,e1_span_100_dynamic,66,44.2806,132000,66,7,31.822,17962.8,17962.8,24,5067.56,17803.3,17813.8,1273,667.916,17990.3,26673.6,395,746.682,18215.9,32187.6,7.35443,994.807,94,66.897,223.518,413.58,202,130.098,326.111,530.904,1995,1995,3.00198,0,0,0,0,0,0,0,0,261.37,0,0,0,0,0,4517,43,99.057,0,13166,263.941
e1_span_100_dynamic_r01,e1_span_100_dynamic,67,46.0326,134000,67,4,16865.4,17759.1,17759.1,23,8371.44,18456.9,27848.6,1284,479.492,18494.4,32824.1,399,4303.83,18619.3,26390.5,7.90476,1096.5,94,63.489,204.839,7100.7,202,129.059,302.565,374.176,2006,2006,3.00198,0,0,0,0,0,0,0,0,261.37,0,0,0,0,0,4338,46,98.9507,0,13367,263.978
e1_span_100_dynamic_r01,e1_span_100_dynamic,68,47.8003,136000,68,6,18422.4,33533.8,33533.8,19,11191.7,31694.6,31694.6,1253,514.716,18858,31517.8,418,997.552,19084.4,33040.6,7.11722,1245.29,105,65.258,262.078,303.184,195,136.498,305.025,398.326,1996,1996,4.00198,0,0,0,0,0,0,0,0,261.37,0,0,0,0,0,5131,52,98.9967,0,13563,264.017
e1_span_100_dynamic_r01,e1_span_100_dynamic,69,49.3337,138000,69,6,39.423,15052.1,15052.1,22,45.606,18960.5,19225.1,1300,16.652,19142.5,19368.9,402,1825.62,19354.7,19621.2,6.33582,1334.55,85,65.775,239.076,383.465,186,132.597,309.839,367.727,2001,2001,4.00198,0,0,0,0,0,0,0,0,261.37,0,0,0,0,0,4661,51,98.9177,0,13749,264.05
e1_span_100_dynamic_r01,e1_span_100_dynamic,70,51.0174,140000,70,11,20.05,19456.8,19456.8,25,37.586,17473.4,18842.5,1245,359.218,19530.2,23480.7,425,4058.11,19777,19957.2,6.05647,1475.63,89,67.598,259.739,336.654,207,132.742,353.286,531.681,2002,2002,4.00198,0,0,0,0,0,0,0,0,261.37,0,0,0,0,0,5150,47,99.0956,0,13955,264.085
e1_span_100_dynamic_r01,e1_span_100_dynamic,71,52.6698,142000,71,10,14426.3,19883.3,19883.3,20,411.905,20007.9,20007.9,1276,217.794,20028.7,28934.8,394,677.106,20370.4,30455.2,7.40102,1140.99,93,64.104,205.578,356.097,204,129.11,266.091,324.139,1997,1997,4.00198,0,0,0,0,0,0,0,0,261.37,0,0,0,0,0,4885,46,99.0671,0,14160,264.122
e1_span_100_dynamic_r01,e1_span_100_dynamic,72,54.3861,144000,72,13,38.631,20095.5,20095.5,31,44.584,21836.4,33945.6,1260,28.611,20463.3,34896.6,412,1848.89,20712.9,33446,6.75728,1261.17,84,62.457,194.096,314.024,198,124.701,339.025,417.565,1998,1998,4.00198,0,0,0,0,0,0,0,0,261.37,0,0,0,0,0,5013,35,99.3067,0,14358,264.155
e1_span_100_dynamic_r01,e1_span_100_dynamic,73,55.8485,146000,73,4,4717.28,11798.9,11798.9,30,462.317,36826.1,37186.6,1257,366.823,20890.8,32347.1,405,1095.19,21220.9,35918.7,5.59753,1268.38,96,54.161,280.718,2817.36,209,127.007,316.113,492.722,2001,2001,4.00198,0,0,0,0,0,0,0,0,261.37,0,0,0,0,0,4654,21,99.5508,0,14567,264.193
e1_span_100_dynamic_r01,e1_span_100_dynamic,74,57.1454,148000,74,8,8.134,13692.2,13692.2,23,4915.42,21396.5,30878.7,1254,17.506,21366.5,29013.8,421,369.325,21553.8,30463.1,6.28504,1000.03,109,57.398,192.766,348.694,190,120.163,358.884,488.988,2005,2005,4.00198,0,0,0,0,0,0,0,0,261.37,0,0,0,0,0,5668,52,99.0909,0,14755,264.233
e1_span_100_dynamic_r01,e1_span_100_dynamic,75,58.7513,150000,75,3,5316.95,21705.1,21705.1,25,46.31,34954.1,42867.8,1275,3753.83,21979.8,31007.8,426,1133.35,22423.7,32315.2,4.92723,1551.4,80,63.451,261.641,291.038,220,131.365,293.003,493.152,2029,2029,4.00198,0,0,0,0,0,0,0,0,261.37,0,0,0,0,0,5333,43,99.2001,0,14974,264.266
e1_span_100_dynamic_r01,e1_span_100_dynamic,76,60.7941,152000,76,2,22075.2,22075.2,22075.2,25,79.783,22987.6,31059.8,1277,448.654,22513.4,39027.4,411,854.096,23012.3,39322.9,4.80049,2075.4,89,64.248,197.202,263.717,170,132.022,292.74,467.784,1974,1974,4.00198,0,0,0,0,0,0,0,0,261.37,0,0,0,0,0,5054,49,99.0398,0,15146,264.3
e1_span_100_dynamic_r01,e1_span_100_dynamic,77,62.8365,154000,77,4,42.914,12264.5,12264.5,22,17855.2,22560.3,38412.4,1267,5416.54,24227,38033.9,378,5001.35,23090.3,30991.7,6.20635,1513.82,91,64.364,277.739,450.781,229,123.878,304.545,386.794,1991,1991,4.00198,0,0,0,0,0,0,0,0,261.37,0,0,0,0,0,4839,47,99.0381,0,15376,264.337
e1_span_100_dynamic_r01,e1_span_100_dynamic,78,64.6883,156000,78,7,2420.94,14051.4,14051.4,32,10856.2,24408.5,40088.7,1291,16.108,23285.7,40296,378,504.423,23450.4,34146.2,5.34392,1641.01,101,61.649,169.809,230.298,192,135.012,326.837,387.652,2001,2001,4.00198,0,0,0,0,0,0,0,0,261.37,0,0,0,0,0,4676,30,99.3625,0,15567,264.374
e1_span_100_dynamic_r01,e1_span_100_dynamic,79,66.7801,158000,79,4,289.365,609.462,609.462,35,9832.9,23666.5,40768.5,1267,52.045,23731.4,40603.6,395,646.614,24038.1,40853.4,4.11646,2412.89,96,63.869,299.311,7567.92,202,138.434,489.671,7404.9,1999,1999,4.00198,0,0,0,0,0,0,0,0,261.37,0,0,0,0,0,5558,42,99.25,0,15770,264.411
e1_span_100_dynamic_r01,e1_span_100_dynamic,80,68.9947,160000,80,10,19011.7,24158.9,24158.9,23,17827.7,24676.7,36535.4,1239,7206.45,25049.9,36420.6,393,9351.01,26250.3,36884.7,4.5369,2383.13,108,59.157,141.309,319.381,227,110.592,243.416,329.423,2000,2000,4.00198,0,0,0,0,0,0,0,0,261.37,0,0,0,0,0,5424,42,99.2316,0,15997,264.453
e1_span_100_dynamic_r01,e1_span_100_dynamic,81,71.0818,162000,81,5,247.512,15342.5,15342.5,39,47.738,24834.9,24921.3,1285,982.356,24628.4,26971.8,386,997.369,24898.8,25047.2,4.98446,1997.88,86,64.281,248.508,298.321,202,133.067,322.908,393.177,2003,2003,4.00198,0,0,0,0,0,0,0,0,261.37,0,0,0,0,0,5348,43,99.2024,0,16199,264.487
e1_span_100_dynamic_r01,e1_span_100_dynamic,82,73.0295,164000,82,7,70.068,25275.5,25275.5,23,48.789,23555.9,25127.7,1253,25.493,25291.1,43086.1,418,569.365,25430.8,33317,3.61005,2562.28,98,66.915,158.878,371.558,202,129.765,265.387,377.883,2001,2001,4.00198,0,0,0,0,0,0,0,0,261.37,0,0,0,0,0,5735,37,99.359,0,16400,264.525
e1_span_100_dynamic_r01,e1_span_100_dynamic,83,75.0019,166000,83,11,3940.32,32423.5,32423.5,26,43.757,25467.4,25480,1266,1745.96,25682.2,34283.9,400,445.896,25965.9,38997.6,4.385,2056.84,111,56.796,147.193,177.763,188,112.843,290.598,390.264,2002,2002,4.00198,0,0,0,0,0,0,0,0,261.37,0,0,0,0,0,6048,44,99.2777,0,16588,264.566
e1_span_100_dynamic_r01,e1_span_100_dynamic,84,76.7438,168000,84,4,5945.88,26340.8,26340.8,26,47.178,25825.2,26104.6,1237,2127.72,25975.4,26480,415,6012.37,26225.3,26604.8,3.74699,2312.1,108,54.717,131.64,228.608,207,109.911,220.279,271.358,1997,1997,4.00198,0,0,0,0,0,0,0,0,261.37,0,0,0,0,0,5966,45,99.2514,0,16796,264.606
e1_span_100_dynamic_r01,e1_span_100_dynamic,85,78.5431,170000,85,5,7.364,10508.9,10508.9,39,45.122,26585,32620.1,1250,24.65,26467.9,30944.7,406,341.845,26738.7,27092.6,3.64286,2172.74,104,58.624,167.901,308.541,193,118.565,275.08,338.427,1997,1997,4.00198,0,0,0,0,0,0,0,0,261.37,0,0,0,0,0,5871,32,99.4579,0,16989,264.645
e1_span_100_dynamic_r01,e1_span_100_dynamic,86,80.3839,172000,86,7,43.338,26585.5,26585.5,33,6147.12,26967.2,37573.4,1236,19.915,26988.1,32105.2,429,3436.68,27195.5,32186.2,4.56643,1988.72,95,53.463,263.437,669.142,203,125.305,271.047,512.566,2003,2003,4.00198,0,0,0,0,0,0,0,0,261.37,0,0,0,0,0,5812,29,99.5035,0,17191,264.682
e1_span_100_dynamic_r01,e1_span_100_dynamic,87,82.8085,174000,87,6,31.615,19395.3,19395.3,25,9796.88,36829.3,38389.1,1265,3374.57,36942.9,44121,395,9385.17,37537.6,45809.5,3.78987,3334.04,106,55.377,164.904,273.106,202,105.507,255.173,441.015,1999,1999,4.00198,0,0,0,0,0,0,0,0,261.37,0,0,0,0,0,5540,30,99.4614,0,17394,264.722
e1_span_100_dynamic_r01,e1_span_100_dynamic,88,85.3815,176000,88,4,19848.9,34632.3,34632.3,27,8063.1,38386.7,40251,1278,17.82,38469.7,39872.9,387,7020.94,38437,40659,3.20413,4060.87,99,54.066,288.943,852.459,203,120.767,387.042,668.638,1998,1998,4.00198,0,0,0,0,0,0,0,0,261.37,0,0,0,0,0,5748,25,99.5669,0,17597,264.76
e1_span_100_dynamic_r01,e1_span_100_dynamic,89,88.1594,178000,89,2,22605.7,22605.7,22605.7,22,4112.75,38779.2,38835.9,1247,7869.25,38342.4,39886.8,415,9900.7,39018,40560.8,3.93494,3505.07,112,53.309,146.869,374.788,203,110.931,258.32,1064.98,2001,2001,4.00198,0,0,0,0,0,0,0,0,261.37,0,0,0,0,0,6502,54,99.1763,0,17800,264.802
e1_span_100_dynamic_r01,e1_span_100_dynamic,90,90.9201,180000,90,4,12482.1,27000.5,27000.5,28,9323.93,36275.2,46854.4,1297,321.507,39001.4,40448,356,9156.86,39748.9,40988.1,2.91292,4716.96,109,62.951,246.008,677.333,205,113.539,330.433,1505.11,1999,1999,4.00198,0,0,0,0,0,0,0,0,261.37,0,0,0,0,0,5625,28,99.5047,0,18005,264.844
e1_span_100_dynamic_r01,e1_span_100_dynamic,91,93.5699,182000,91,2,41.312,41.312,41.312,26,39.493,38642.2,40275.7,1306,18.824,39467.7,44767.6,364,571.2,38884.9,41227.9,2.40385,5323.04,116,46.012,172.204,216.368,190,112.852,249.739,343.447,2004,2004,5.00199,0,0,0,0,0,0,0,0,261.37,0,0,0,0,0,5530,31,99.4425,0,18194,264.885
e1_span_100_dynamic_r01,e1_span_100_dynamic,92,95.8952,184000,92,8,21546.7,30950.5,30950.5,30,62.836,38512.1,49417.3,1260,44.712,38414.3,42520.4,371,521.999,40064.3,49145.1,3.43127,3269.33,118,49.323,229.807,385.356,210,101.147,251.729,686.719,1997,1997,5.00199,0,0,0,0,0,0,0,0,261.37,0,0,0,0,0,5385,32,99.4093,0,18404,264.929
e1_span_100_dynamic_r01,e1_span_100_dynamic,93,98.4974,186000,93,5,26088.4,40464.3,40464.3,25,56.286,41849.8,51978.9,1230,5732.03,39870.2,47470.9,422,6488.4,40630.1,47619.1,2.99289,4344.68,97,55.312,236.422,392.505,226,100.601,290.913,363.906,2005,2005,5.00199,0,0,0,0,0,0,0,0,261.37,0,0,0,0,0,6116,40,99.3502,0,18629,264.968
e1_span_100_dynamic_r01,e1_span_100_dynamic,94,101.006,188000,94,6,35991.7,39724.4,39724.4,22,56.567,34376.6,40452.4,1303,15.208,40288.2,42992.6,372,433.903,39579.4,42394.7,3.60215,3110.06,107,56.695,178.658,273.509,184,119.657,333.384,1340.71,1994,1994,5.00199,0,0,0,0,0,0,0,0,261.37,0,0,0,0,0,5707,33,99.4251,0,18815,265.007
e1_span_100_dynamic_r01,e1_span_100_dynamic,95,104.065,190000,95,7,46.505,22672.7,22672.7,17,41.489,41282.6,41282.6,1262,4909.14,42110.9,58885.9,404,2365.76,42000,59023.7,2.53713,5573,96,62.157,193.844,1371.25,214,121.769,687.482,1452.79,2000,2000,5.00199,0,0,0,0,0,0,0,0,261.37,0,0,0,0,0,6201,25,99.5985,0,19029,265.044
e1_span_100_dynamic_r01,e1_span_100_dynamic,96,106.557,192000,96,10,43.822,38048.3,38048.3,35,59.183,43664.1,48331,1291,17.739,41356.4,47078.9,374,383.949,42063.5,43151,2.84225,4195.27,117,47.877,188.413,251.072,178,114.533,267.79,1991.61,2005,2005,5.00199,0,0,0,0,0,0,0,0,261.37,0,0,0,0,0,5695,30,99.476,0,19206,265.086
e1_span_100_dynamic_r01,e1_span_100_dynamic,97,109.209,194000,97,6,31851.8,32621.2,32621.2,24,48.856,40225,42579.4,1273,3182.97,42319.4,44540.7,414,492.737,42854.8,44044.4,3.35507,3745.15,94,60.977,235.389,318.761,186,123.046,301.916,1637.71,1997,1997,5.00199,0,0,0,0,0,0,0,0,261.37,0,0,0,0,0,6005,43,99.289,0,19393,265.122
e1_span_100_dynamic_r01,e1_span_100_dynamic,98,112.056,196000,98,2,35.412,35.412,35.412,34,13046.9,43062.9,43236.1,1185,9779.33,43132.3,54879.6,439,11312.6,43296.8,52100.6,3.52847,3917.35,122,53.218,187.899,326.938,219,105.959,308.175,1340.15,2001,2001,5.00199,0,0,0,0,0,0,0,0,261.37,0,0,0,0,0,6283,41,99.3517,0,19611,265.167
e1_span_100_dynamic_r01,e1_span_100_dynamic,99,114.463,198000,99,6,20898.7,42309.6,42309.6,31,41.993,41922.4,42825.3,1277,2119.01,41547,44129.2,387,407.407,41258.8,44297.7,3.06977,3360.58,109,40.453,164.585,333.132,187,108.386,323.304,1928.75,1997,1997,5.00199,0,0,0,0,0,0,0,0,261.37,0,0,0,0,0,6043,24,99.6044,0,19799,265.207
e1_span_100_dynamic_r01,e1_span_100_dynamic,100,117.267,200000,100,11,46.485,37640.5,37640.5,26,38.512,28527.8,49122.3,1259,2525.42,44043.5,59055.7,393,10344.7,43591.3,55245.2,2.51145,5431.86,110,54.057,190.411,248.631,201,117.77,358.318,1223.03,2000,2000,5.00199,0,0,0,0,0,0,0,0,261.37,0,0,0,0,0,6044,41,99.3262,0,20000,265.248
e1_span_100_dynamic_r02,e1_span_100_dynamic,1,0.0194342,2000,1,2,64.343,64.343,64.343,26,21.478,50.557,52.296,1258,21.796,79.439,106.099,404,147.724,213.522,334.084,98.9703,1.73162,122,15.578,64.898,103.853,198,36.769,80.901,4144.97,2010,2010,1.00196,0,0,0,0,0,0,0,0,261.37,0,0,0,0,0,268,4079,6.16517,0,198,261.501
e1_span_100_dynamic_r02,e1_span_100_dynamic,2,0.0376687,4000,2,6,81.946,124.452,124.452,25,21.829,137.682,138.755,1273,50.257,137.455,162.054,374,142.359,234.199,265.894,92.3797,1.59281,101,13.386,67.665,89.389,219,36.45,103.338,142.303,1998,1998,1.00196,0,0,0,0,0,0,0,0,261.37,0,0,0,0,0,709,3201,18.133,0,416,261.54
e1_span_100_dynamic_r02,e1_span_100_dynamic,3,0.0624781,6000,3,7,85.073,196.954,196.954,28,111.75,213.237,232.563,1215,86.583,212.068,238.881,424,174.616,300.621,319.361,87.4646,1.92864,102,16.584,66.919,80.163,220,39.252,94.872,125.845,1996,1996,1.00196,0,0,0,0,0,0,0,0,261.37,0,0,0,0,0,1072,3015,26.2295,0,636,261.579
e1_span_100_dynamic_r02,e1_span_100_dynamic,4,0.0924272,8000,4,9,15.241,262.436,262.436,24,99.416,289.698,325.906,1253,87.769,298.037,345.311,428,143.12,370.706,413.812,87.7383,2.02906,81,18.701,99.518,112.337,204,45.135,108.248,138.405,1999,1999,1.00196,0,0,0,0,0,0,0,0,261.37,0,0,0,0,0,1534,2606,37.0531,0,839,261.612
e1_span_100_dynamic_r02,e1_span_100_dynamic,5,0.132172,10000,5,5,56.737,308.446,308.446,26,17.065,387.678,441.974,1249,64.894,468.966,557.655,439,131.475,561.272,626.84,81.6036,2.72326,99,21.464,113.258,163.692,187,52.855,138.596,185.051,2005,2005,1.00196,0,0,0,0,0,0,0,0,261.37,0,0,0,0,0,1780,2209,44.6227,0,1028,261.649
e1_span_100_dynamic_r02,e1_span_100_dynamic,6,0.190459,12000,6,5,23.031,692.378,692.378,28,246.839,724.348,955.191,1288,122.69,750.724,895.066,400,207.173,886.474,1031.24,79.6125,4.20403,92,29.17,137.461,189.908,190,69.626,179.449,211.386,2003,2003,1.00196,0,0,0,0,0,0,0,0,261.37,0,0,0,0,0,1886,1812,51.0005,0,1217,261.684
e1_span_100_dynamic_r02,e1_span_100_dynamic,7,0.273493,14000,7,11,259.851,965.005,965.005,29,39.33,1082.38,1124,1262,171.159,1032.65,1183.53,380,304.448,1209.18,1435.14,76.5789,6.24215,96,40.422,185.559,279.07,210,86.268,217.149,252.605,1988,1988,1.00196,0,0,0,0,0,0,0,0,261.37,0,0,0,0,0,2047,1496,57.7759,0,1428,261.721
e1_span_100_dynamic_r02,e1_span_100_dynamic,8,0.372106,16000,8,8,40.51,1452.11,1452.11,26,203.143,1161.59,1416.36,1259,42.609,1309.79,1530.48,420,212.201,1403.92,1672.2,72.3643,7.29326,111,41.08,133.366,224.252,187,95.573,224.623,287.366,2011,2011,1.00196,0,0,0,0,0,0,0,0,261.37,0,0,0,0,0,2278,1352,62.7548,0,1614,261.761
e1_span_100_dynamic_r02,e1_span_100_dynamic,9,0.499532,18000,9,8,34.984,1438.68,1438.68,24,458.508,1451.59,1527.79,1256,173.535,1519.25,1654.2,389,447.358,1701.43,1867.76,71.1722,10.222,112,48.629,165.616,285.648,203,103.54,230.172,299.632,1992,1992,1.00196,0,0,0,0,0,0,0,0,261.37,0,0,0,0,0,2318,1072,68.3776,0,1818,261.803
e1_span_100_dynamic_r02,e1_span_100_dynamic,10,0.631546,20000,10,5,16.149,388.584,388.584,19,389.347,1680.75,1680.75,1279,246.728,1643.68,1768.64,392,414.925,1799.36,1928.85,67.9311,11.0382,98,53.578,144.187,279.514,216,108.151,287.791,322.97,2009,2009,1.00196,0,0,0,0,0,0,0,0,261.37,0,0,0,0,0,2388,890,72.8493,0,2031,261.841
e1_span_100_dynamic_r02,e1_span_100_dynamic,11,0.777645,22000,11,3,517.543,1924.2,1924.2,20,423.805,1956.58,1956.58,1299,53.551,1817.06,1949.09,387,442.442,1973.49,2165.53,64.8295,12.5874,91,54.876,147.973,192.042,189,107.354,206.972,384.425,1989,1989,1.00196,0,0,0,0,0,0,0,0,261.37,0,0,0,0,0,2402,798,75.0625,0,2223,261.876
e1_span_100_dynamic_r02,e1_span_100_dynamic,12,0.936391,24000,12,5,1757.16,1933.36,1933.36,24,56.423,2017.39,2018.81,1256,260.242,1973.04,2111.91,388,485.992,2119.72,2313.31,65.0258,12.8852,113,51.181,165.377,186.829,216,109.01,242.744,308.437,2002,2002,1.00196,0,0,0,0,0,0,0,0,261.37,0,0,0,0,0,2473,721,77.4264,0,2438,261.918
e1_span_100_dynamic_r02,e1_span_100_dynamic,13,1.13194,26000,13,5,2076.59,2340.12,2340.12,21,375.085,2129.1,2198.09,1253,439.211,2225.67,2401.44,399,506.266,2372.01,2509.38,56.7469,16.9674,104,49.57,148.356,259.559,215,103.643,204.63,286.194,1997,1997,1.00196,0,0,0,0,0,0,0,0,261.37,0,0,0,0,0,2513,619,80.2363,0,2654,261.958
e1_span_100_dynamic_r02,e1_span_100_dynamic,14,1.33075,28000,14,4,2138.69,2199.84,2199.84,31,605.903,2363.02,2443.26,1251,417.433,2386.8,2556.78,407,502.52,2504.76,2640.95,56.3219,16.8388,102,48.852,162.901,245.479,214,105.459,228.904,332.321,2009,2009,1.00196,0,0,0,0,0,0,0,0,261.37,0,0,0,0,0,2614,515,83.5411,0,2864,261.998
e1_span_100_dynamic_r02,e1_span_100_dynamic,15,1.53022,30000,15,4,2437.11,2596.95,2596.95,24,578.197,2585.08,2676.24,1258,50.325,2632.26,2807.77,396,321.295,2751.14,2891.18,52.8636,19.5011,113,59.002,170.462,191.254,199,111.301,202.272,281.881,1994,1994,1.00196,0,0,0,0,0,0,0,0,261.37,0,0,0,0,0,2591,438,85.5398,0,3067,262.04
e1_span_100_dynamic_r02,e1_span_100_dynamic,16,1.72602,32000,16,8,232.676,2931.48,2931.48,16,16.009,2836.03,2836.03,1325,23.079,2795.33,2923.47,376,343.423,2929.46,3080.56,53.1197,20.382,96,51.025,151.314,187.427,176,107.574,213.949,299.598,1997,1997,1.00196,0,0,0,0,0,0,0,0,261.37,0,0,0,0,0,2486,435,85.1078,0,3243,262.075
e1_span_100_dynamic_r02,e1_span_100_dynamic,17,1.92306,34000,17,4,6.581,13.771,13.771,32,45.098,2938.31,2959.35,1264,32.32,2936.47,3065.65,415,190.733,3095.15,3177.24,52.7759,19.0847,95,54.006,182.36,298.503,188,109.398,276.857,376.806,1998,1998,1.00196,0,0,0,0,0,0,0,0,261.37,0,0,0,0,0,2709,403,87.0501,0,3431,262.111
e1_span_100_dynamic_r02,e1_span_100_dynamic,18,2.17605,36000,18,5,518.931,3013.11,3013.11,21,1507.45,3068.53,3085.79,1262,382.125,3162.59,3323.89,392,740.356,3309.32,3484.4,46.4694,31.0483,107,59.693,174.563,316.781,215,106.379,238.818,434.444,2002,2002,1.00196,0,0,0,0,0,0,0,0,261.37,0,0,0,0,0,2587,296,89.7329,0,3645,262.151
e1_span_100_dynamic_r02,e1_span_100_dynamic,19,2.42054,38000,19,6,23.808,3271.6,3271.6,30,736.701,3395.09,3417.59,1242,35.462,3336.11,3493.1,434,468.029,3452.23,3570.55,50.7627,25.8945,115,55.447,174.516,249.477,183,106.676,198.362,315.98,2010,2010,1.00196,0,0,0,0,0,0,0,0,261.37,0,0,0,0,0,2903,289,90.9461,0,3827,262.193
e1_span_100_dynamic_r02,e1_span_100_dynamic,20,2.70811,40000,20,10,56.241,3542.24,3542.24,22,65.046,3657.56,3917.2,1266,48.425,3747.9,6713.03,418,498.875,3947.9,6868.89,45.7847,32.1468,106,56.277,301.204,382.312,192,128.541,308.368,378.449,2014,2014,1.00196,0,0,0,0,0,0,0,0,261.37,0,0,0,0,0,2847,238,92.2853,0,4020,262.232
e1_span_100_dynamic_r02,e1_span_100_dynamic,21,3.07589,42000,21,9,3532.54,3917.8,3917.8,27,331.883,3839.14,3869.87,1249,65.153,4068.36,7007.27,393,402.621,4214.44,7210.4,45.9567,41.7121,103,75.561,350.223,489.632,197,149.1,323.756,490.799,1978,1978,2.00197,0,0,0,0,0,0,0,0,261.37,0,0,0,0,0,2693,181,93.7022,0,4218,262.271
e1_span_100_dynamic_r02,e1_span_100_dynamic,22,3.44619,44000,22,5,1430.7,4104.32,4104.32,28,114.016,4044.86,4054.59,1268,61.7,7034.69,7344.95,395,441.846,7288.04,7609.18,41.4,47.9127,110,73.682,246.648,370.972,193,142.813,461.931,620.455,1999,1999,2.00197,0,0,0,0,0,0,0,0,261.37,0,0,0,0,0,2606,199,92.9055,0,4410,262.311
e1_span_100_dynamic_r02,e1_span_100_dynamic,23,3.73832,46000,23,3,31.833,2449.14,2449.14,35,26.395,4089.35,4191.07,1252,32.132,4289.79,7661.44,403,282.761,4735.53,8134.05,40.3052,41.8466,117,54.529,330.153,454.169,189,127.597,338.554,450.822,1999,1999,2.00197,0,0,0,0,0,0,0,0,261.37,0,0,0,0,0,2723,155,94.6143,0,4600,262.352
e1_span_100_dynamic_r02,e1_span_100_dynamic,24,4.06081,48000,24,6,39.533,4290.15,4290.15,22,1114.89,4318.9,8071.09,1294,40.858,4513.88,8082.51,382,286.592,4636.55,8148.97,38.3429,40.0625,102,65.27,219.687,352.754,192,121.77,280.372,416.832,1998,1998,2.00197,0,0,0,0,0,0,0,0,261.37,0,0,0,0,0,2632,179,93.6322,0,4792,262.39
e1_span_100_dynamic_r02,e1_span_100_dynamic,25,4.44012,50000,25,1,2145.91,2145.91,2145.91,28,1301.73,8191.94,8653.35,1279,52.001,6292.73,8602.14,408,315.833,5178.38,8790.53,42.1789,42.4416,84,63.847,290.443,316.553,199,128.799,329.275,492.805,1999,1999,2.00197,0,0,0,0,0,0,0,0,261.37,0,0,0,0,0,2924,150,95.1204,0,4991,262.424
e1_span_100_dynamic_r02,e1_span_100_dynamic,26,4.8076,52000,26,3,10.488,1299.79,1299.79,24,1076.77,4902.23,7904.68,1293,32.19,7849.71,9125.6,414,231.668,8355.36,9098.81,37.7464,44.7351,81,66.815,327.199,504.394,185,144.748,407.584,486.465,2000,2000,2.00197,0,0,0,0,0,0,0,0,261.37,0,0,0,0,0,2795,116,96.0151,0,5176,262.456
e1_span_100_dynamic_r02,e1_span_100_dynamic,27,5.25846,54000,27,6,4207.08,9388.11,9388.11,16,43.745,5069.59,5069.59,1295,884.687,5781.92,9582.71,369,992.599,5586.99,9603.28,37.3794,57.3668,92,63.137,309.886,6130.11,222,131.823,293.44,6369.87,2000,2000,2.00197,0,0,0,0,0,0,0,0,261.37,0,0,0,0,0,2578,120,95.5523,0,5398,262.492
e1_span_100_dynamic_r02,e1_span_100_dynamic,28,5.6131,56000,28,8,7.665,5574.83,5574.83,33,505.111,5571.16,5729.68,1255,47.416,5397.39,5932.53,404,188.338,5503.85,6182.23,31.1955,53.4325,108,54.525,224.336,295.969,196,118.104,288.025,408.774,2004,2004,2.00197,0,0,0,0,0,0,0,0,261.37,0,0,0,0,0,2807,118,95.9658,0,5591,262.532
e1_span_100_dynamic_r02,e1_span_100_dynamic,29,6.04629,58000,29,8,88.452,6693.69,6693.69,23,1414.19,5659.76,5677.61,1276,46.554,5806.83,10353,395,1349.97,6230.61,10435,35.0101,64.6625,99,59.532,231.061,483.342,195,124.699,287.489,441.362,1996,1996,2.00197,0,0,0,0,0,0,0,0,261.37,0,0,0,0,0,2791,94,96.7418,0,5789,262.57
e1_span_100_dynamic_r02,e1_span_100_dynamic,30,6.4509,60000,30,7,10.458,5894.78,5894.78,26,1480.3,5971.08,7419.17,1264,194.429,5884.54,7377.85,407,1368.82,6054.94,7595.51,31.4816,67.5345,108,60.489,182.207,250.515,190,120.883,261.117,383.661,2002,2002,2.00197,0,0,0,0,0,0,0,0,261.37,0,0,0,0,0,2767,94,96.7144,0,5979,262.61
e1_span_100_dynamic_r02,e1_span_100_dynamic,31,6.91237,62000,31,6,29.015,4324.22,4324.22,22,38.109,5859.49,6099.18,1269,60.83,6127.11,6298.17,406,1609.68,6358.43,6580.48,29.165,90.7627,111,55.07,149.446,163.252,187,126.29,324.778,403.76,2001,2001,2.00197,0,0,0,0,0,0,0,0,261.37,0,0,0,0,0,2894,112,96.2741,0,6165,262.65
e1_span_100_dynamic_r02,e1_span_100_dynamic,32,7.42408,64000,32,6,667.295,6113.67,6113.67,23,1448.79,6463.83,11896.6,1303,450.213,6386.64,10867.5,379,673.07,6537.79,11577.4,29.2665,81.1141,88,62.263,226.501,400.627,215,122.82,336.186,419.721,2014,2014,2.00197,0,0,0,0,0,0,0,0,261.37,0,0,0,0,0,2581,95,96.4499,0,6380,262.686
e1_span_100_dynamic_r02,e1_span_100_dynamic,33,7.90012,66000,33,8,24.103,1634.82,1634.82,21,56.612,6633.95,6677.03,1245,37.297,6623.3,11091.8,425,626.818,6799.66,10689.7,28.8847,83.6695,100,63.245,187.383,268.586,188,119.658,222.761,266.375,1987,1987,2.00197,0,0,0,0,0,0,0,0,261.37,0,0,0,0,0,3122,98,96.9565,0,6569,262.723
e1_span_100_dynamic_r02,e1_span_100_dynamic,34,8.34136,68000,34,7,1571.17,5121.36,5121.36,18,367.488,7035.85,7035.85,1287,20.992,6846.81,7533.55,397,599.576,7033.15,11951.6,30.6423,75.7968,89,54.218,290.664,428.542,198,119.066,329.343,430.811,1996,1996,3.00198,0,0,0,0,0,0,0,0,261.37,0,0,0,0,0,2873,81,97.258,0,6767,262.758
e1_span_100_dynamic_r02,e1_span_100_dynamic,35,8.84371,70000,35,6,1741.88,7007.84,7007.84,36,1653.4,7148.84,7150.52,1257,27.635,7142.4,12913.2,409,244.924,7278.9,7564.84,25.6577,94.8112,116,64.015,305.213,418.656,177,125.746,358.215,445.647,2001,2001,3.00198,0,0,0,0,0,0,0,0,261.37,0,0,0,0,0,3021,97,96.889,0,6944,262.799
e1_span_100_dynamic_r02,e1_span_100_dynamic,36,9.39,72000,36,5,6.139,1733.73,1733.73,22,1775.08,7263.26,7472.76,1289,166.432,7371.78,7511.91,393,352.182,7528.3,7724.98,20.0585,130.139,84,64.989,237.369,428.318,206,133.609,280.313,486.294,1999,1999,3.00198,0,0,0,0,0,0,0,0,261.37,0,0,0,0,0,2909,54,98.1775,0,7150,262.833
e1_span_100_dynamic_r02,e1_span_100_dynamic,37,9.98057,74000,37,7,1758.04,7478.74,7478.74,25,49.759,7798.09,14273.7,1246,419.987,7663.95,13016.6,409,376.224,7832.96,9018.78,23.4156,127.282,105,51.725,183.836,283.106,208,122.658,256.913,284.286,2000,2000,3.00198,0,0,0,0,0,0,0,0,261.37,0,0,0,0,0,3079,78,97.5293,0,7358,262.873
e1_span_100_dynamic_r02,e1_span_100_dynamic,38,10.5913,76000,38,9,24.951,7883.36,7883.36,21,388.393,8002.52,14844.8,1278,38.906,8045.19,14423.3,389,248.471,8343.38,14818.3,21.0591,136.485,108,62.437,239.51,317.556,203,122.17,306.815,391.708,2008,2008,3.00198,0,0,0,0,0,0,0,0,261.37,0,0,0,0,0,3028,66,97.8668,0,7558,262.913
e1_span_100_dynamic_r02,e1_span_100_dynamic,39,11.4345,78000,39,4,8152.04,8285.59,8285.59,18,769.671,8389.09,8389.09,1220,406.124,8430.1,15202.3,425,640.201,8539.77,15254.1,19.2635,218.412,101,72.726,327.143,380.726,227,140.707,387.925,450.477,1995,1995,3.00198,0,0,0,0,0,0,0,0,261.37,0,0,0,0,0,3264,91,97.2876,0,7787,262.952
e1_span_100_dynamic_r02,e1_span_100_dynamic,40,12.2833,80000,40,6,8355.32,8615.08,8615.08,33,8331.53,8681.38,8808.33,1262,503.335,8706,15936,371,619.673,8837.73,15998.5,21.3423,187.729,110,66.332,285.004,409.199,214,137.326,416.363,513.907,1996,1996,3.00198,0,0,0,0,0,0,0,0,261.37,0,0,0,0,0,2886,54,98.1633,0,8002,262.994
e1_span_100_dynamic_r02,e1_span_100_dynamic,41,13.1304,82000,41,7,14.809,8905.87,8905.87,17,6182.78,9073.52,9073.52,1291,45.432,9053.63,16379.9,393,785.881,9275.24,16632.5,19.2926,229.868,94,68.402,255.842,438.658,203,134.635,319.262,391.128,2005,2005,3.00198,0,0,0,0,0,0,0,0,261.37,0,0,0,0,0,3171,67,97.9308,0,8202,263.03
e1_span_100_dynamic_r02,e1_span_100_dynamic,42,13.8847,84000,42,7,511.974,9023.69,9023.69,25,38.386,9179.26,9210.22,1290,33.962,9178.45,9449.18,405,267.693,9342.98,17073.6,21.3506,158.355,94,74.998,333.862,449.442,177,140.971,393.053,550,1998,1998,3.00198,0,0,0,0,0,0,0,0,261.37,0,0,0,0,0,3272,53,98.406,0,8381,263.065
e1_span_100_dynamic_r02,e1_span_100_dynamic,43,14.7099,86000,43,6,9110.97,9252.13,9252.13,27,50.861,9571.89,9711.95,1315,30.59,9543.32,17331.9,378,284.27,9722.52,17450.6,18.1614,218.747,86,71.127,273.93,453.878,186,143.129,353.372,434.31,1998,1998,3.00198,0,0,0,0,0,0,0,0,261.37,0,0,0,0,0,3060,64,97.9513,0,8568,263.098
e1_span_100_dynamic_r02,e1_span_100_dynamic,44,15.6475,88000,44,2,3383.16,3383.16,3383.16,20,8850.36,9828.16,9828.16,1288,196.702,9932.47,18274.2,388,362.844,10140.2,18303.6,17.268,251.351,102,72.081,317.776,374.949,206,150.124,360.682,432.806,2006,2006,3.00198,0,0,0,0,0,0,0,0,261.37,0,0,0,0,0,3497,54,98.4793,0,8771,263.137
e1_span_100_dynamic_r02,e1_span_100_dynamic,45,16.638,90000,45,8,8955.99,10111,10111,23,383.021,10121.4,10129,1263,429.166,10161.3,18630.5,387,620.762,10388.2,18952.3,17.4289,272.75,98,68.386,289.411,366.691,214,139.779,327.6,407.698,1993,1993,3.00198,0,0,0,0,0,0,0,0,261.37,0,0,0,0,0,3414,62,98.2163,0,8988,263.175
e1_span_100_dynamic_r02,e1_span_100_dynamic,46,17.6155,92000,46,9,33.702,20618.5,20618.5,31,1067.22,11207,19768.1,1239,42.439,10773.1,19733.6,425,628.258,11255.7,19916.3,17.6847,283.646,93,66.797,240.479,443.927,212,141.093,385.814,467.046,2009,2009,3.00198,0,0,0,0,0,0,0,0,261.37,0,0,0,0,0,3521,67,98.1327,0,9199,263.211
e1_span_100_dynamic_r02,e1_span_100_dynamic,47,18.6275,94000,47,9,17.775,11013.6,11013.6,28,849.958,19065,20428.4,1260,213.408,11240.1,20318.4,396,343.49,11302.8,20353.4,14.3258,325.752,81,74.864,269.467,420.804,217,141.417,381.013,464.055,1991,1991,3.00198,0,0,0,0,0,0,0,0,261.37,0,0,0,0,0,3356,56,98.3587,0,9417,263.245
e1_span_100_dynamic_r02,e1_span_100_dynamic,48,19.5114,96000,48,9,14.258,11042.7,11042.7,22,41.754,11520.4,11670.9,1292,27.863,11482.8,20557.9,387,263.609,11647.6,20745.9,14.845,273.562,106,66.453,309.615,380.074,186,139.845,432.303,531.556,2002,2002,3.00198,0,0,0,0,0,0,0,0,261.37,0,0,0,0,0,3359,54,98.4178,0,9602,263.283
e1_span_100_dynamic_r02,e1_span_100_dynamic,49,20.559,98000,49,5,36.307,11423.6,11423.6,18,43.796,20686.5,20686.5,1245,40.938,11780.3,21510.3,435,328.095,11922.6,21663.8,15.6943,305.06,99,68.397,285.821,337.138,198,137.897,368.274,398.141,2000,2000,3.00198,0,0,0,0,0,0,0,0,261.37,0,0,0,0,0,3997,49,98.7889,0,9800,263.321
e1_span_100_dynamic_r02,e1_span_100_dynamic,50,21.665,100000,50,10,2478.28,11999,11999,23,463.279,11951.4,11955.9,1252,183.129,12046.7,21894.1,414,401.026,12220.8,22062.6,14.8527,354.953,100,71.159,354.147,562.377,204,141.873,339.98,479.205,2003,2003,3.00198,0,0,0,0,0,0,0,0,261.37,0,0,0,0,0,4008,54,98.6706,0,10003,263.359
e1_span_100_dynamic_r02,e1_span_100_dynamic,51,22.7415,102000,51,6,12273.2,21701.1,21701.1,24,3575.36,12203.8,12309.4,1299,35.626,12455.8,22436.2,391,325.827,18631,22645,13.4425,390.59,78,76.724,360.306,540.362,199,144.284,389.907,538.597,1997,1997,3.00198,0,0,0,0,0,0,0,0,261.37,0,0,0,0,0,3722,33,99.1212,0,10203,263.39
e1_span_100_dynamic_r02,e1_span_100_dynamic,52,23.8986,104000,52,8,12388.5,12539.9,12539.9,28,37.914,12505.8,12617.5,1272,52.597,12775.6,23166,421,480.641,12972.2,23452.1,12.7078,457.815,94,66.34,209.239,389.581,193,141.745,349.917,458.175,2016,2016,3.00198,0,0,0,0,0,0,0,0,261.37,0,0,0,0,0,3855,50,98.7196,0,10397,263.427
e1_span_100_dynamic_r02,e1_span_100_dynamic,53,25.0423,106000,53,7,28.231,12996,12996,35,82.556,13015.1,24029.7,1284,36.058,13082.3,23827.8,375,370.15,13495.5,23994.7,12.568,468.416,98,65.38,260.019,433.479,188,142.933,368.097,468.518,1987,1987,3.00198,0,0,0,0,0,0,0,0,261.37,0,0,0,0,0,3869,61,98.4478,0,10584,263.463
e1_span_100_dynamic_r02,e1_span_100_dynamic,54,26.0933,108000,54,5,521.222,13019.1,13019.1,31,37.15,13198.4,13387,1266,25.551,13314.3,24175.2,422,365.696,13481.6,13903.3,12.6114,411.966,92,65.137,215.561,454.733,185,136.258,356.554,499.212,2001,2001,3.00198,0,0,0,0,0,0,0,0,261.37,0,0,0,0,0,4036,40,99.0186,0,10767,263.498
e1_span_100_dynamic_r02,e1_span_100_dynamic,55,27.2203,110000,55,7,10.876,13482.3,13482.3,22,8395.96,13561.9,14259.4,1352,19.417,13640.3,15891.9,361,317.011,13920.1,23761.6,11.5928,507.575,96,69.178,269.906,489.816,162,132.644,275.133,323.18,2000,2000,3.00198,0,0,0,0,0,0,0,0,261.37,0,0,0,0,0,3555,45,98.75,0,10930,263.533
e1_span_100_dynamic_r02,e1_span_100_dynamic,56,28.504,112000,56,4,13645.3,13944.5,13944.5,30,50.182,25167.7,25273.5,1252,36.366,14150.2,25363,424,692.633,20456.5,26169.3,12.2571,556.991,89,66.385,212.76,337.127,200,135.76,359.688,535.641,1999,1999,3.00198,0,0,0,0,0,0,0,0,261.37,0,0,0,0,0,4336,51,98.8375,0,11131,263.568
e1_span_100_dynamic_r02,e1_span_100_dynamic,57,29.6884,114000,57,3,10302.8,10306.6,10306.6,28,52.041,14375.5,20639.6,1276,280.019,14809,26104.3,398,736.076,14690.6,26496.6,11.1935,513.804,82,65.036,218.474,348.242,210,132.713,319.355,436.675,1997,1997,3.00198,0,0,0,0,0,0,0,0,261.37,0,0,0,0,0,3895,45,98.8579,0,11341,263.601
e1_span_100_dynamic_r02,e1_span_100_dynamic,58,30.8168,116000,58,8,3362.97,14697.9,14697.9,10,37.214,25739.5,25739.5,1304,321.086,14716,23429.6,378,1674.16,15005.5,18623.3,9.54497,593.185,92,59.509,322.415,549.036,213,130.924,301.052,545.393,2005,2005,3.00198,0,0,0,0,0,0,0,0,261.37,0,0,0,0,0,3601,29,99.2011,0,11554,263.637
e1_span_100_dynamic_r02,e1_span_100_dynamic,59,31.8703,118000,59,6,14702.7,22677,22677,27,54.56,15898.1,18757.3,1275,42,15428.9,27198.2,377,496.205,15984.5,27652.4,10.4297,500.165,105,54.148,194.75,249.996,204,129.898,306.861,453.377,1994,1994,4.00198,0,0,0,0,0,0,0,0,261.37,0,0,0,0,0,3987,43,98.933,0,11759,263.677
e1_span_100_dynamic_r02,e1_span_100_dynamic,60,33.0748,120000,60,6,37.438,15481.2,15481.2,30,3660.26,15666.9,17780.6,1236,265.913,15807,27468.1,434,3637.6,16618.4,27417.6,9.99309,625.375,97,61.841,195.209,369.036,198,136.277,329.385,489.625,2001,2001,4.00198,0,0,0,0,0,0,0,0,261.37,0,0,0,0,0,4587,47,98.9858,0,11955,263.714
e1_span_100_dynamic_r02,e1_span_100_dynamic,61,34.2268,122000,61,4,13049.8,15869.9,15869.9,29,53.419,15929.9,16070,1281,305.823,15965,18195.6,381,470.854,16059.7,29002.9,10.1155,555.551,105,61.853,262.995,323.877,197,132.692,322.863,564.905,1997,1997,4.00198,0,0,0,0,0,0,0,0,261.37,0,0,0,0,0,3898,39,99.0094,0,12154,263.753
e1_span_100_dynamic_r02,e1_span_100_dynamic,62,35.552,124000,62,6,5261.43,16424.9,16424.9,24,2153.39,16330.7,29166.4,1274,3658.95,16291.3,27417.8,402,3890.7,16782.9,27997.4,8.60199,798.774,102,57.546,218.349,281.758,202,117.582,257.225,386.863,2010,2010,4.00198,0,0,0,0,0,0,0,0,261.37,0,0,0,0,0,4302,38,99.1244,0,12356,263.792
e1_span_100_dynamic_r02,e1_span_100_dynamic,63,36.8226,126000,63,3,19.133,22.766,22.766,33,43.53,16413.6,16494.7,1248,529.054,16690.6,27113.5,403,1264.96,16902.3,28995.8,7.72705,805.016,100,46.933,133.486,357.495,202,117.407,274.839,459.422,1989,1989,4.00198,0,0,0,0,0,0,0,0,261.37,0,0,0,0,0,4379,41,99.0724,0,12558,263.83
e1_span_100_dynamic_r02,e1_span_100_dynamic,64,38.0734,128000,64,9,17.979,16791.8,16791.8,27,671.797,17172.2,17554.5,1264,19.116,17226.1,28592.7,408,470.916,17362.6,27587.2,9.77451,640.81,106,64.495,235,275.979,187,124.384,280.354,456.497,2001,2001,4.00198,0,0,0,0,0,0,0,0,261.37,0,0,0,0,0,4677,56,98.8168,0,12744,263.869
e1_span_100_dynamic_r02,e1_span_100_dynamic,65,39.591,130000,65,7,5065.98,27953,27953,24,11491.6,17461.1,19918.3,1257,4107.93,17534,27833.4,382,3804.82,17806.2,27791.1,6.99738,1058.04,111,62.864,265.38,301.48,219,123.548,281.009,320.675,2000,2000,4.00198,0,0,0,0,0,0,0,0,261.37,0,0,0,0,0,4150,38,99.0926,0,12963,263.911
e1_span_100_dynamic_r02,e1_span_100_dynamic,66,40.9076,132000,66,7,105.76,17226.3,17226.3,24,16340.2,17937.6,19531.5,1276,291.546,17901.2,19601.2,395,4110.45,18212.5,29060.9,7.34684,947.767,94,64.653,201.205,381.146,202,119.527,315.208,355.902,1998,1998,4.00198,0,0,0,0,0,0,0,0,261.37,0,0,0,0,0,4535,46,98.9959,0,13166,263.948
e1_span_100_dynamic_r02,e1_span_100_dynamic,67,42.3216,134000,67,4,4245.24,18300.5,18300.5,23,41.953,18478,29949.5,1282,1638.14,18364.6,26097.2,397,4284.15,18619.7,21916,7.94458,877.106,94,59.717,202.651,365.354,201,118.741,244.077,327.336,2001,2001,4.00198,0,0,0,0,0,0,0,0,261.37,0,0,0,0,0,4361,48,98.9113,0,13367,263.984
e1_span_100_dynamic_r02,e1_span_100_dynamic,68,43.7825,136000,68,6,8.817,16401,16401,19,36.478,18707.6,18707.6,1253,3973.97,18745.8,19073.9,421,4533.94,18918,19204.9,7.18527,1013.7,105,52.717,128.243,220.619,196,118.686,263.739,7122.34,2000,2000,4.00198,0,0,0,0,0,0,0,0,261.37,0,0,0,0,0,5122,58,98.8803,0,13563,264.024
e1_span_100_dynamic_r02,e1_span_100_dynamic,69,45.0819,138000,69,6,4423.48,19229.8,19229.8,22,41.358,18742.8,19002.7,1302,17.386,19100.7,19414.4,402,2132.95,19295.5,19591.8,6.21393,1122.18,85,52.634,184.542,346.065,186,116.002,237.862,360.838,2003,2003,4.00198,0,0,0,0,0,0,0,0,261.37,0,0,0,0,0,4668,55,98.8355,0,13749,264.057
e1_span_100_dynamic_r02,e1_span_100_dynamic,70,46.601,140000,70,11,37.222,30201.5,30201.5,24,55.437,19711.5,19754.7,1244,968.921,19626.6,28170.7,423,4449.61,19857.8,21108.3,6.08274,1226.94,89,54.11,158.908,316.328,207,120.223,323.294,396.428,1998,1998,4.00198,0,0,0,0,0,0,0,0,261.37,0,0,0,0,0,5128,49,99.0535,0,13955,264.093
e1_span_100_dynamic_r02,e1_span_100_dynamic,71,48.392,142000,71,10,19083,34264.7,34264.7,21,11500.6,21629.3,21788.4,1276,485.851,20133.5,35377.4,395,532.325,20340.6,35508.6,7.38228,1156.7,92,64.567,254.023,441.682,204,128.283,387.109,440.789,1998,1998,4.00198,0,0,0,0,0,0,0,0,261.37,0,0,0,0,0,4905,44,99.1109,0,14160,264.129
e1_span_100_dynamic_r02,e1_span_100_dynamic,72,50.0574,144000,72,13,38.934,20614.7,20614.7,31,4195.31,20425.4,20436.9,1270,34.073,20572.4,22542.3,413,2375.18,20755.6,23769.3,6.74092,1233.1,85,63.54,209.622,361.182,199,136.73,322.07,419.963,2011,2011,4.00198,0,0,0,0,0,0,0,0,261.37,0,0,0,0,0,5000,33,99.3443,0,14356,264.162
e1_span_100_dynamic_r02,e1_span_100_dynamic,73,51.7005,146000,73,4,6.254,26666.8,26666.8,30,1145.71,20906.1,20963,1249,45.634,21068,37014.2,403,1982.95,21313.6,32977.8,5.62531,1485.13,96,61.915,221.798,387.899,208,139.011,380.537,628.111,1990,1990,4.00198,0,0,0,0,0,0,0,0,261.37,0,0,0,0,0,4683,19,99.5959,0,14567,264.199
e1_span_100_dynamic_r02,e1_span_100_dynamic,74,53.013,148000,74,8,8.503,21199.1,21199.1,24,4783.01,21249.1,21440.9,1256,14.904,21346.8,30553,422,338.672,21551.6,27566,6.27014,970.959,110,48.593,202.464,2108,190,128.892,523.517,2587.62,2010,2010,4.00198,0,0,0,0,0,0,0,0,261.37,0,0,0,0,0,5642,48,99.1564,0,14755,264.24
e1_span_100_dynamic_r02,e1_span_100_dynamic,75,54.536,150000,75,3,21813.5,21862.8,21862.8,24,277.179,16873.2,38783.8,1249,34.968,21827.2,33146.7,422,1541.35,21936.7,33209.9,4.95024,1439.52,77,55.025,256.98,291.641,217,122.812,265.091,333.095,1992,1992,4.00198,0,0,0,0,0,0,0,0,261.37,0,0,0,0,0,5290,45,99.1565,0,14974,264.272
e1_span_100_dynamic_r02,e1_span_100_dynamic,76,56.072,152000,76,2,5184.77,5184.77,5184.77,25,3090.19,22322,22455.6,1298,27.442,22180.6,29841.4,416,2589,22362.3,22621.9,4.76683,1532.67,91,50.051,129.574,232.379,173,112.834,181.734,375.91,2005,2005,4.00198,0,0,0,0,0,0,0,0,261.37,0,0,0,0,0,5127,50,99.0342,0,15146,264.307
e1_span_100_dynamic_r02,e1_span_100_dynamic,77,57.9119,154000,77,4,5159.07,23272.4,23272.4,22,5397.07,25094.9,27650.7,1298,5219.2,23028.1,27916.5,380,5479.14,23656.5,36025,6.17632,1527.42,93,59.225,161.989,247.777,231,123.02,244.487,336.361,2028,2028,4.00198,0,0,0,0,0,0,0,0,261.37,0,0,0,0,0,4886,47,99.0472,0,15376,264.344
e1_span_100_dynamic_r02,e1_span_100_dynamic,78,59.4522,156000,78,7,5253.76,23255.9,23255.9,32,5411.2,28057,29758.2,1262,13.807,23418.9,35523.5,375,576.532,23990.4,39391.9,5.384,1516.36,99,53.188,150.758,266.763,190,120.63,272,413.897,1965,1965,4.00198,0,0,0,0,0,0,0,0,261.37,0,0,0,0,0,4591,28,99.3938,0,15567,264.382
e1_span_100_dynamic_r02,e1_span_100_dynamic,79,61.2942,158000,79,4,64.987,936.657,936.657,35,14136.3,27103.6,37036.7,1270,231.629,23756.1,32801.6,393,5070.83,23980.1,31984.5,4.1374,2210.94,96,58.086,172.742,336.291,201,120.563,262.947,577.586,1999,1999,4.00198,0,0,0,0,0,0,0,0,261.37,0,0,0,0,0,5541,42,99.2477,0,15769,264.419
e1_span_100_dynamic_r02,e1_span_100_dynamic,80,63.2048,160000,80,10,5617.71,23890.6,23890.6,23,10482.7,23812.5,34107.1,1236,5415.19,24207.1,37899.7,395,5576.51,24322.3,39209.2,4.51392,2032.11,108,55.692,153.114,224.766,228,120.724,243.116,371.406,2000,2000,4.00198,0,0,0,0,0,0,0,0,261.37,0,0,0,0,0,5447,47,99.1445,0,15997,264.461
e1_span_100_dynamic_r02,e1_span_100_dynamic,81,64.9246,162000,81,5,4678.16,19032.8,19032.8,39,976.917,24582.5,24585.8,1284,3131.1,24592.9,25043,384,2929.12,24760.5,25404.6,5.01042,1592.54,86,56.583,262.907,361.304,202,118.007,258.354,344.282,2000,2000,4.00198,0,0,0,0,0,0,0,0,261.37,0,0,0,0,0,5371,48,99.1142,0,16199,264.495
e1_span_100_dynamic_r02,e1_span_100_dynamic,82,66.6575,164000,82,7,15.924,24970.9,24970.9,23,35.734,24852.4,24882.4,1251,1169.4,25026.3,26185.1,420,5696.06,25315.4,28941.8,3.59286,2521.69,98,63.752,184.695,367.502,202,118.365,289.414,423.555,2001,2001,4.00198,0,0,0,0,0,0,0,0,261.37,0,0,0,0,0,5757,37,99.3614,0,16401,264.532
e1_span_100_dynamic_r02,e1_span_100_dynamic,83,68.5775,166000,83,10,19256.4,25707.7,25707.7,26,5911.2,25270.7,27927,1265,1476.73,25500.3,27918.1,400,3258.32,25821.3,28740.3,4.3825,2225.74,111,59.273,170.305,316.226,188,109.602,222.351,326.105,2000,2000,4.00198,0,0,0,0,0,0,0,0,261.37,0,0,0,0,0,6041,41,99.3259,0,16588,264.573
e1_span_100_dynamic_r02,e1_span_100_dynamic,84,70.3758,168000,84,5,25463.4,25861.5,25861.5,26,38.142,20657.6,25913.9,1241,2869.72,25896.7,31045.5,415,6018.5,26244.4,31358.6,3.7494,2481.4,108,47.213,134.123,184.39,207,107.785,213.271,349.233,2002,2002,5.00199,0,0,0,0,0,0,0,0,261.37,0,0,0,0,0,5967,44,99.268,0,16796,264.614
e1_span_100_dynamic_r02,e1_span_100_dynamic,85,72.2053,170000,85,5,2444.96,26743.4,26743.4,39,36.64,26331.5,26398,1252,16.043,26520.5,27000.4,405,415.083,26713.9,27880.5,3.65185,2379.21,104,53.155,141.755,282.36,193,120.899,291.411,365.631,1998,1998,5.00199,0,0,0,0,0,0,0,0,261.37,0,0,0,0,0,5863,31,99.474,0,16989,264.653
e1_span_100_dynamic_r02,e1_span_100_dynamic,86,74.0303,172000,86,7,6520.97,26937.5,26937.5,33,6267.08,27041.4,27228.6,1235,20.81,26992.9,43791.1,427,410.253,27318.1,35180.3,4.58548,1850.19,95,54.11,246.479,399.592,203,114.009,266.179,400.764,2000,2000,5.00199,0,0,0,0,0,0,0,0,261.37,0,0,0,0,0,5782,27,99.5352,0,17192,264.69
e1_span_100_dynamic_r02,e1_span_100_dynamic,87,76.4463,174000,87,6,35.652,35890.4,35890.4,25,9725.23,32733.9,35312.4,1263,1597.86,35867.2,39304.8,399,7367.32,36130.7,40226.4,3.75439,3247.96,106,60.842,148.021,175.391,202,113.609,227.697,354.882,2001,2001,5.00199,0,0,0,0,0,0,0,0,261.37,0,0,0,0,0,5561,34,99.3923,0,17394,264.73
e1_span_100_dynamic_r02,e1_span_100_dynamic,88,78.9549,176000,88,4,20010.8,36127.6,36127.6,27,40.581,36086.7,36638.1,1279,3232,36579.5,39948,389,9923.37,36937.7,46902.3,3.19794,3810.91,100,51.113,171.867,7340.37,203,106.961,325.139,918.94,2002,2002,5.00199,0,0,0,0,0,0,0,0,261.37,0,0,0,0,0,5780,22,99.6208,0,17597,264.768
e1_span_100_dynamic_r02,e1_span_100_dynamic,89,81.5705,178000,89,2,55161.9,55161.9,55161.9,22,47.43,38496.5,38612.3,1248,8040.57,36912.5,39938.9,411,10507.1,37284.3,39906.7,3.96107,3370.67,111,45.512,137.734,455.55,203,118.109,313.755,417.302,1997,1997,5.00199,0,0,0,0,0,0,0,0,261.37,0,0,0,0,0,6461,49,99.2473,0,17800,264.809
e1_span_100_dynamic_r02,e1_span_100_dynamic,90,84.1572,180000,90,4,46.408,28713.7,28713.7,28,11779.6,38064.1,38311.9,1295,6706.5,37693.6,50306.6,358,7399.74,38144.6,40293.4,2.89385,4369.34,109,45.162,151.46,199.576,205,117.044,269.765,1367.54,1999,1999,5.00199,0,0,0,0,0,0,0,0,261.37,0,0,0,0,0,5670,34,99.4039,0,18005,264.85
e1_span_100_dynamic_r02,e1_span_100_dynamic,91,86.4663,182000,91,2,51.426,51.426,51.426,26,20.693,26607.3,35560.6,1306,15.33,38875.7,42246.5,362,365.512,38635.7,41345.9,2.42265,4457.96,114,48.031,148.603,235.509,190,117.79,362.603,744.249,2000,2000,5.00199,0,0,0,0,0,0,0,0,261.37,0,0,0,0,0,5505,29,99.476,0,18195,264.892
e1_span_100_dynamic_r02,e1_span_100_dynamic,92,88.8901,184000,92,8,11961.2,42074.2,42074.2,30,11261.5,41083.4,42614.3,1260,21.496,38761.2,41806.2,374,595.974,39102.1,42318.9,3.40374,3477.77,120,55.541,384.734,2671.1,210,120.13,848.367,2489.77,2002,2002,5.00199,0,0,0,0,0,0,0,0,261.37,0,0,0,0,0,5393,33,99.3918,0,18405,264.936
e1_span_100_dynamic_r02,e1_span_100_dynamic,93,91.523,186000,93,5,10911.6,37114.3,37114.3,25,48.314,38560.9,39291.5,1230,4719.15,39718.2,42272.6,417,7212.36,39959.8,42141.9,3.02638,4327.58,97,55.008,243.589,262.487,224,106.993,271.769,421.399,1998,1998,5.00199,0,0,0,0,0,0,0,0,261.37,0,0,0,0,0,6103,42,99.3165,0,18629,264.975
e1_span_100_dynamic_r02,e1_span_100_dynamic,94,93.9786,188000,94,6,28896.4,39654.4,39654.4,22,10384.1,40401.1,43434.1,1303,15.75,39836.2,42000.5,375,338.912,39808.6,42188.9,3.57067,3113.35,107,57.319,146.084,285.703,186,111.026,291.963,1440.56,1999,1999,5.00199,0,0,0,0,0,0,0,0,261.37,0,0,0,0,0,5698,35,99.3895,0,18815,265.014
e1_span_100_dynamic_r02,e1_span_100_dynamic,95,96.8906,190000,95,7,17404.2,42127,42127,17,8347.79,39828.6,39828.6,1262,9716.77,41463.4,44962.3,404,10352.7,41064.4,43512.4,2.5396,5578.35,96,57.05,209.206,1031.1,214,122.662,338.439,997.321,2000,2000,5.00199,0,0,0,0,0,0,0,0,261.37,0,0,0,0,0,6199,26,99.5823,0,19029,265.051
e1_span_100_dynamic_r02,e1_span_100_dynamic,96,99.2712,192000,96,10,38.838,30268,30268,35,1015.86,45321.3,50392.8,1290,15.895,41349.9,44392.2,370,292.878,41598.7,44315.8,2.87297,3515.78,117,53.849,140.579,239.868,178,111.189,316.128,898.264,2000,2000,5.00199,0,0,0,0,0,0,0,0,261.37,0,0,0,0,0,5611,32,99.4329,0,19207,265.093
e1_span_100_dynamic_r02,e1_span_100_dynamic,97,101.886,194000,97,6,12062.1,41109.7,41109.7,24,10743.7,44571.1,58439.9,1273,16.815,41905.1,44318.6,419,369.286,41198.1,44498.3,3.30788,3463.14,93,57.415,140.345,420.466,186,116.967,317.045,664.798,2001,2001,5.00199,0,0,0,0,0,0,0,0,261.37,0,0,0,0,0,6078,41,99.33,0,19392,265.129
e1_span_100_dynamic_r02,e1_span_100_dynamic,98,104.566,196000,98,2,9540.46,9540.46,9540.46,34,8245.38,42166.7,42639.5,1185,10454.4,42309.6,51344.6,437,9553.01,41870.7,49006.5,3.55149,3302.57,123,47.323,186.481,347.935,218,93.075,235.432,358.965,1999,1999,5.00199,0,0,0,0,0,0,0,0,261.37,0,0,0,0,0,6230,42,99.3304,0,19611,265.174
e1_span_100_dynamic_r02,e1_span_100_dynamic,99,107.637,198000,99,6,24882.8,39052.6,39052.6,31,39.353,35094.1,43060.9,1278,19.685,43865.4,46311.7,388,570.963,43889,46033.9,3.06186,4817.35,109,55.289,189.33,436.575,188,126.672,388.693,944.833,2000,2000,5.00199,0,0,0,0,0,0,0,0,261.37,0,0,0,0,0,6045,18,99.7031,0,19799,265.214
e1_span_100_dynamic_r02,e1_span_100_dynamic,100,110.801,200000,100,11,31.064,17930.2,17930.2,26,18612.6,50456.6,60351.8,1259,33.678,44567.8,54962.7,393,6855.18,44882.8,57746,2.51145,6274.43,110,54.282,238.482,396.965,201,117.451,320.161,842.062,2000,2000,6.002,0,0,0,0,0,0,0,0,261.37,0,0,0,0,0,6042,44,99.277,0,20000,265.255
e1_span_100_dynamic_r03,e1_span_100_dynamic,1,0.0205314,2000,1,2,90.533,90.533,90.533,26,21.099,69.173,82.336,1257,21.985,79.928,96.089,406,150.917,210.56,398.938,98.9754,2.00749,122,16.393,88.476,109.949,198,39.481,111.51,284.352,2011,2011,1.00196,0,0,0,0,0,0,0,0,261.37,0,0,0,0,0,271,4075,6.23562,0,198,261.5
e1_span_100_dynamic_r03,e1_span_100_dynamic,2,0.0400788,4000,2,6,78.709,95.817,95.817,25,73.719,150.705,161.543,1273,56.526,143.961,156.656,373,154.166,245.443,262.394,92.0912,1.71143,100,14.953,70.664,99.573,219,39.306,98.896,121.799,1996,1996,1.00196,0,0,0,0,0,0,0,0,261.37,0,0,0,0,0,716,3219,18.1957,0,416,261.54
e1_span_100_dynamic_r03,e1_span_100_dynamic,3,0.0668515,6000,3,7,163.097,219.08,219.08,27,76.353,229.986,241.644,1216,85.45,224.208,258.332,424,195.236,329.539,370.195,87.4646,2.14273,103,16.379,76.066,93.982,220,41.548,109.555,140.325,1997,1997,1.00196,0,0,0,0,0,0,0,0,261.37,0,0,0,0,0,1085,3002,26.5476,0,636,261.579
e1_span_100_dynamic_r03,e1_span_100_dynamic,4,0.101961,8000,4,9,24.193,324.423,324.423,25,129.34,299.133,357.515,1253,95.983,335.223,391.56,428,155.304,408.792,476.755,87.7383,2.40557,81,21.255,78.65,117.51,204,51.275,123.516,144.387,2000,2000,1.00196,0,0,0,0,0,0,0,0,261.37,0,0,0,0,0,1534,2610,37.0174,0,840,261.612
e1_span_100_dynamic_r03,e1_span_100_dynamic,5,0.154091,10000,5,5,137.807,258.701,258.701,26,90.469,427.305,428.635,1244,107.777,527.305,673.223,440,184.207,698.607,825.626,81.6455,3.70921,99,28.358,125.046,193.419,187,68.589,149.062,187.533,2001,2001,1.00196,0,0,0,0,0,0,0,0,261.37,0,0,0,0,0,1773,2220,44.4027,0,1028,261.649
e1_span_100_dynamic_r03,e1_span_100_dynamic,6,0.2387,12000,6,5,182.038,839.446,839.446,28,700.283,905.965,978.89,1293,112.069,906.747,1026.36,399,274.13,1098.71,1223.42,79.5614,6.18967,92,41.604,169.568,280.191,189,91.847,250.245,332.223,2006,2006,1.00196,0,0,0,0,0,0,0,0,261.37,0,0,0,0,0,1901,1808,51.2537,0,1217,261.684
e1_span_100_dynamic_r03,e1_span_100_dynamic,7,0.347145,14000,7,11,865.909,1012.23,1012.23,29,223.558,1066.25,1086.21,1266,215.411,1064.2,1184.83,381,385.555,1255.63,1374.97,76.6142,8.0081,97,45.218,227.574,293.382,211,103.309,254.488,323.94,1995,1995,1.00196,0,0,0,0,0,0,0,0,261.37,0,0,0,0,0,2032,1486,57.7601,0,1428,261.722
e1_span_100_dynamic_r03,e1_span_100_dynamic,8,0.4664,16000,8,8,42.946,1182.47,1182.47,26,225.239,1367.6,1499.29,1254,59.163,1492.5,1771.28,419,259.253,1624.67,1883.75,72.3222,8.76457,110,60.313,218.671,281.721,186,110.167,258.589,364.936,2003,2003,2.00197,0,0,0,0,0,0,0,0,261.37,0,0,0,0,0,2278,1367,62.4966,0,1614,261.761
e1_span_100_dynamic_r03,e1_span_100_dynamic,9,0.618182,18000,9,8,1437.87,1746.78,1746.78,24,628.349,1801.19,1809.4,1262,246.448,1649.09,1869.34,390,462.021,1771.07,1957.6,71.1051,11.303,112,60.179,253.823,368.189,203,119.49,286.174,344.433,1999,1999,2.00197,0,0,0,0,0,0,0,0,261.37,0,0,0,0,0,2326,1061,68.6743,0,1818,261.803
e1_span_100_dynamic_r03,e1_span_100_dynamic,10,0.80167,20000,10,5,1431.16,2794.49,2794.49,19,1452.3,1786.83,1786.83,1270,434.007,1857.38,2739.01,389,814.15,1973.31,2866.25,67.8072,14.4202,98,60.834,176.43,288.294,215,116.188,256.519,397.314,1996,1996,2.00197,0,0,0,0,0,0,0,0,261.37,0,0,0,0,0,2390,887,72.9326,0,2032,261.841
e1_span_100_dynamic_r03,e1_span_100_dynamic,11,0.966776,22000,11,3,410.635,1894.93,1894.93,20,52.838,1946.79,1946.79,1302,44.476,1910,2045.47,389,483.916,2076.14,2261.26,64.8869,14.8064,91,58.604,171.607,278.302,190,115.376,246.77,324.555,1995,1995,2.00197,0,0,0,0,0,0,0,0,261.37,0,0,0,0,0,2386,801,74.8666,0,2223,261.876
e1_span_100_dynamic_r03,e1_span_100_dynamic,12,1.14953,24000,12,5,1841.89,2069.73,2069.73,24,40.445,2033.51,2093.68,1261,162.248,2048.52,2207.37,389,421.382,2245.76,2416.34,64.8586,15.329,113,69.955,263.519,300.121,216,119.774,304.14,372.887,2008,2008,2.00197,0,0,0,0,0,0,0,0,261.37,0,0,0,0,0,2471,717,77.5094,0,2438,261.918
e1_span_100_dynamic_r03,e1_span_100_dynamic,13,1.35674,26000,13,5,325.292,2055.47,2055.47,21,27.325,2211.33,2215.92,1250,240.543,2269.55,2529.3,398,298.658,2414.66,2604.36,56.8894,18.2644,104,58.86,186.861,309.39,215,118.88,287.717,356.662,1993,1993,2.00197,0,0,0,0,0,0,0,0,261.37,0,0,0,0,0,2520,619,80.2803,0,2653,261.958
e1_span_100_dynamic_r03,e1_span_100_dynamic,14,1.59195,28000,14,4,434.167,2264.38,2264.38,31,470.344,2400.69,2413.25,1248,524.026,2478.6,2664.95,407,375.495,2617.48,2750.2,56.3219,20.0161,101,61.076,195.13,362.644,212,117.854,279.484,385.501,2003,2003,2.00197,0,0,0,0,0,0,0,0,261.37,0,0,0,0,0,2616,525,83.2856,0,2864,261.997
e1_span_100_dynamic_r03,e1_span_100_dynamic,15,1.82899,30000,15,4,381.054,2526.61,2526.61,24,248.739,2646.54,2774.78,1261,53.913,2714.43,2903.77,396,260.382,2855.57,2995.71,52.8636,23.033,114,63.085,238.391,302.326,201,121.113,352.803,458.107,2000,2000,2.00197,0,0,0,0,0,0,0,0,261.37,0,0,0,0,0,2577,442,85.3594,0,3067,262.039
e1_span_100_dynamic_r03,e1_span_100_dynamic,16,2.0577,32000,16,8,2063.01,2728.3,2728.3,16,28.828,2831.98,2831.98,1325,28.822,2877.75,3008.44,375,253.317,3021.19,3213.06,53.2347,22.888,96,61.126,184.724,468.617,176,117.569,282.578,445.463,1996,1996,2.00197,0,0,0,0,0,0,0,0,261.37,0,0,0,0,0,2481,437,85.024,0,3243,262.074
e1_span_100_dynamic_r03,e1_span_100_dynamic,17,2.3096,34000,17,4,16.581,3128.45,3128.45,32,74.784,3108.99,3178.74,1265,30.602,3077.37,3263.61,417,247.855,3195.38,3368.26,52.6427,25.0951,95,62.437,207.82,311.02,188,123.321,266.147,448.846,2001,2001,2.00197,0,0,0,0,0,0,0,0,261.37,0,0,0,0,0,2713,405,87.0109,0,3431,262.11
e1_span_100_dynamic_r03,e1_span_100_dynamic,18,2.61854,36000,18,6,2971.06,7740.86,7740.86,21,2923.02,3279.42,3367.34,1273,124.378,3297.39,3484.12,394,602.964,3448.92,4392.64,46.6624,34.6979,107,77.233,237.532,301.978,216,124.394,355.975,493.193,2017,2017,2.00197,0,0,0,0,0,0,0,0,261.37,0,0,0,0,0,2616,300,89.7119,0,3645,262.15
e1_span_100_dynamic_r03,e1_span_100_dynamic,19,2.93693,38000,19,5,39.411,48.742,48.742,30,3161.88,3513.06,3700.31,1227,59.173,3545.4,6094.07,431,386.089,3721.64,6264.18,50.6404,31.5721,115,74.732,253.042,352.481,181,136.405,337.847,388.911,1989,1989,2.00197,0,0,0,0,0,0,0,0,261.37,0,0,0,0,0,2881,280,91.142,0,3827,262.191
e1_span_100_dynamic_r03,e1_span_100_dynamic,20,3.25595,40000,20,10,27.559,3521.73,3521.73,22,55.412,4253.7,6672.39,1254,47.281,3660.55,5980.76,412,384.701,3849.7,6434.31,45.1893,38.2128,106,73.112,331.764,375.279,192,149.081,443.466,584.231,1996,1996,2.00197,0,0,0,0,0,0,0,0,261.37,0,0,0,0,0,2782,244,91.9365,0,4020,262.23
e1_span_100_dynamic_r03,e1_span_100_dynamic,21,3.60004,42000,21,9,48.957,3873.3,3873.3,27,300.093,3828.44,6844.2,1262,50.993,3880.48,7006.49,401,331.916,4081.73,6995.43,46.8354,36.2921,103,74.243,313.365,493.023,198,142.971,454.554,553.049,2000,2000,2.00197,0,0,0,0,0,0,0,0,261.37,0,0,0,0,0,2762,179,93.9136,0,4218,262.269
e1_span_100_dynamic_r03,e1_span_100_dynamic,22,3.971,44000,22,5,1498.05,7574.9,7574.9,28,54.861,4006.35,4097.54,1270,52.971,4074.44,7382.9,393,424.55,4321.71,7538.18,41.0407,46.9187,110,65.569,301.441,333.589,192,144.848,402.367,516.915,1998,1998,2.00197,0,0,0,0,0,0,0,0,261.37,0,0,0,0,0,2612,197,92.9868,0,4410,262.309
e1_span_100_dynamic_r03,e1_span_100_dynamic,23,4.332,46000,23,3,300.253,4131.24,4131.24,35,32.563,4374.25,7578.65,1254,38.732,4378.12,7715.02,403,308.74,4499.26,7771.2,40.3648,46.4116,117,69.236,353.09,407.667,190,144.873,379.367,475.272,2002,2002,2.00197,0,0,0,0,0,0,0,0,261.37,0,0,0,0,0,2731,162,94.4003,0,4600,262.35
e1_span_100_dynamic_r03,e1_span_100_dynamic,24,4.72894,48000,24,6,38.798,4469.08,4469.08,22,153.956,7807.54,7928.46,1293,42.174,4531.18,8124.32,382,324.109,4710.41,8413.06,38.2723,51.2197,102,72.368,272.831,363.726,192,138.981,329.075,371.166,1997,1997,2.00197,0,0,0,0,0,0,0,0,261.37,0,0,0,0,0,2624,176,93.7143,0,4792,262.388
e1_span_100_dynamic_r03,e1_span_100_dynamic,25,5.12869,50000,25,1,299.66,299.66,299.66,28,4206.89,8118.57,8667.38,1280,37.815,4717.38,8675.4,409,263.279,4884.77,8447.38,42.1443,43.344,84,79.964,424.384,2948.63,199,148.178,477.648,2915.45,2001,2001,2.00197,0,0,0,0,0,0,0,0,261.37,0,0,0,0,0,2933,147,95.2273,0,4991,262.421
e1_span_100_dynamic_r03,e1_span_100_dynamic,26,5.57893,52000,26,4,24.417,4509.97,4509.97,24,82.776,4956.08,8920.7,1308,49.208,5379.8,9520.71,418,306.089,5670.39,9747.1,37.9904,56.2584,82,78.623,378.052,536.673,190,156.643,429.459,493.78,2026,2026,2.00197,0,0,0,0,0,0,0,0,261.37,0,0,0,0,0,2825,112,96.1866,0,5176,262.453
e1_span_100_dynamic_r03,e1_span_100_dynamic,27,6.10694,54000,27,5,48.708,4918.73,4918.73,16,4831.14,5478.57,5478.57,1283,313.905,5264.69,9497.75,363,4137.96,5548.47,9703.78,37.2342,76.7548,91,73.897,337.088,521.692,217,142.185,350.704,482.314,1975,1975,2.00197,0,0,0,0,0,0,0,0,261.37,0,0,0,0,0,2533,121,95.4408,0,5398,262.49
e1_span_100_dynamic_r03,e1_span_100_dynamic,28,6.62347,56000,28,8,32.065,5214.26,5214.26,33,43.278,5458.64,5505.31,1254,53.289,5589.53,9970.45,405,363.322,5823.93,10141.5,31.1753,84.3085,108,69.081,350.83,438.447,196,149.227,397.047,577.463,2004,2004,2.00197,0,0,0,0,0,0,0,0,261.37,0,0,0,0,0,2796,117,95.9835,0,5592,262.529
e1_span_100_dynamic_r03,e1_span_100_dynamic,29,7.15136,58000,29,8,5562.36,10651.8,10651.8,23,56.301,5643.69,10497.3,1280,53.093,5754.71,10345.3,398,398.778,5839.93,10379,34.9548,73.9095,102,75.046,245.752,421.939,196,149.392,352.063,485.716,2007,2007,2.00197,0,0,0,0,0,0,0,0,261.37,0,0,0,0,0,2807,94,96.7597,0,5788,262.568
e1_span_100_dynamic_r03,e1_span_100_dynamic,30,7.69295,60000,30,7,707.17,5851.56,5851.56,26,5663.8,5929.96,6021.19,1258,51.054,5974.43,6229.46,406,485.874,6068.35,10723.7,31.5936,88.5498,105,72.17,304.135,362.461,190,135.137,332.185,399.432,1992,1992,2.00197,0,0,0,0,0,0,0,0,261.37,0,0,0,0,0,2761,90,96.8432,0,5979,262.607
e1_span_100_dynamic_r03,e1_span_100_dynamic,31,8.18646,62000,31,6,39.203,5775.43,5775.43,22,35.127,6095.24,11086.8,1273,33.848,6208.84,11120.1,405,404.967,6381.87,6589.81,29.1235,96.6074,111,71.973,265.471,373.625,186,141.184,370.099,548.381,2003,2003,2.00197,0,0,0,0,0,0,0,0,261.37,0,0,0,0,0,2908,109,96.3871,0,6165,262.646
e1_span_100_dynamic_r03,e1_span_100_dynamic,32,8.74479,64000,32,6,6090.92,6121.64,6121.64,23,498.151,6578.2,6585.06,1295,54.722,6406.59,8212.04,378,419.935,6573.63,11532.7,29.209,94.7776,88,71.72,358.13,452.436,215,145.533,381.214,436.518,2005,2005,2.00197,0,0,0,0,0,0,0,0,261.37,0,0,0,0,0,2578,91,96.5905,0,6380,262.681
e1_span_100_dynamic_r03,e1_span_100_dynamic,33,9.35923,66000,33,8,235.892,6505.75,6505.75,21,214.079,6773.05,6819.18,1247,44.647,6710.34,11720.7,425,337.076,6953.46,12070.3,28.8847,105.948,100,71.136,255.369,292.773,188,137.617,275.558,368.689,1989,1989,2.00197,0,0,0,0,0,0,0,0,261.37,0,0,0,0,0,3125,94,97.0798,0,6569,262.719
e1_span_100_dynamic_r03,e1_span_100_dynamic,34,9.98554,68000,34,7,53.897,6954.24,6954.24,18,6708.08,12395,12395,1291,36.15,6971.53,12538.7,400,535.621,7139.49,12713.8,30.6525,106.601,91,68.687,290.785,360.002,198,134.857,359.135,449.085,2005,2005,2.00197,0,0,0,0,0,0,0,0,261.37,0,0,0,0,0,2901,83,97.2185,0,6767,262.754
e1_span_100_dynamic_r03,e1_span_100_dynamic,35,10.5744,70000,35,6,345.608,13244.9,13244.9,36,273.318,13049.6,13685.7,1258,25.895,7208.7,12967.9,410,258.948,7338.55,13289.7,25.4463,118.213,114,69.656,365.561,485.118,177,136.705,389.112,550.598,2001,2001,2.00197,0,0,0,0,0,0,0,0,261.37,0,0,0,0,0,3002,99,96.8075,0,6944,262.795
e1_span_100_dynamic_r03,e1_span_100_dynamic,36,11.247,72000,36,5,18.047,981.039,981.039,22,6982.3,7403.88,7697.4,1286,61.412,7504.91,8464.36,389,455.177,7682.59,13645.8,20.1748,168.792,84,72.487,237.253,439.504,206,140.079,349.35,426.229,1992,1992,2.00197,0,0,0,0,0,0,0,0,261.37,0,0,0,0,0,2902,55,98.14,0,7150,262.828
e1_span_100_dynamic_r03,e1_span_100_dynamic,37,11.9636,74000,37,7,497.231,7538.56,7538.56,25,35.763,7577.83,7673.16,1247,313.924,7802.34,13694.2,409,406.023,7973.76,9489.29,23.4156,151.904,106,68.734,277.373,310.408,209,134.233,327.736,422.144,2003,2003,2.00197,0,0,0,0,0,0,0,0,261.37,0,0,0,0,0,3068,78,97.5207,0,7358,262.868
e1_span_100_dynamic_r03,e1_span_100_dynamic,38,12.6268,76000,38,9,37.13,7973.97,7973.97,21,7696.94,8011.61,14869.1,1277,32.535,8022.39,14281.1,389,247.49,8297,15036.2,21.0591,154.781,107,65.897,378.406,398.294,202,139.157,349.655,369.149,2005,2005,2.00197,0,0,0,0,0,0,0,0,261.37,0,0,0,0,0,3022,62,97.9896,0,7558,262.908
e1_span_100_dynamic_r03,e1_span_100_dynamic,39,13.4359,78000,39,4,8228.03,8298.8,8298.8,18,430.218,8429.67,8429.67,1222,336.045,8383.34,15147.1,424,679.866,8506.56,15203.8,19.309,212.314,101,66.649,256.559,399.899,227,143.854,361.994,461.453,1996,1996,2.00197,0,0,0,0,0,0,0,0,261.37,0,0,0,0,0,3254,86,97.4251,0,7787,262.947
e1_span_100_dynamic_r03,e1_span_100_dynamic,40,14.2027,80000,40,6,33.031,8517.47,8517.47,33,412.371,8717.98,8766.27,1261,291.492,8624.47,9032.28,372,349.995,8776.05,9028,21.2849,178.307,110,68.633,237.278,314.87,214,137.645,372.845,431.246,1996,1996,2.00197,0,0,0,0,0,0,0,0,261.37,0,0,0,0,0,2898,58,98.0379,0,8002,262.988
e1_span_100_dynamic_r03,e1_span_100_dynamic,41,15.0486,82000,41,7,37.414,16249,16249,17,8561.63,9255.48,9255.48,1291,59.529,8987.76,10542.8,393,632.392,9279.09,16506.7,19.2926,233.328,94,75.612,254.519,375.194,203,137.049,322.062,436.837,2005,2005,2.00197,0,0,0,0,0,0,0,0,261.37,0,0,0,0,0,3171,68,97.9006,0,8202,263.025
e1_span_100_dynamic_r03,e1_span_100_dynamic,42,15.7797,84000,42,7,50.549,9152.72,9152.72,25,41.609,9123.45,9196.33,1292,20.609,9196.44,16559.7,404,256.955,9353.04,9517.49,21.3441,170.106,94,71.76,326.776,426.959,177,140.321,354.304,432.128,1999,1999,2.00197,0,0,0,0,0,0,0,0,261.37,0,0,0,0,0,3258,52,98.429,0,8381,263.06
e1_span_100_dynamic_r03,e1_span_100_dynamic,43,16.6045,86000,43,6,9124.15,9454.12,9454.12,27,36.93,9640.74,9656.94,1314,33.667,9528.97,11203.5,379,453.766,9708.55,11232.8,18.1768,233.663,86,67.941,270.692,521.914,186,136.899,298.981,510.414,1998,1998,2.00197,0,0,0,0,0,0,0,0,261.37,0,0,0,0,0,3078,67,97.8696,0,8567,263.093
e1_span_100_dynamic_r03,e1_span_100_dynamic,44,17.4925,88000,44,2,9434.68,9434.68,9434.68,20,9431.86,10008.3,10008.3,1286,61.077,9800.27,12071.1,387,507.582,10059.6,17817.5,17.3127,261.685,102,67.253,316.592,425.885,206,144.282,405.005,608.809,2003,2003,3.00198,0,0,0,0,0,0,0,0,261.37,0,0,0,0,0,3496,56,98.4234,0,8771,263.131
e1_span_100_dynamic_r03,e1_span_100_dynamic,45,18.4614,90000,45,8,365.454,10207.7,10207.7,23,372.018,10241,10628,1264,739.279,10095.7,10366.2,388,1002.18,10269.4,10780.8,17.384,264.941,98,66.892,258.619,386.05,214,137.117,330.676,405.882,1995,1995,3.00198,0,0,0,0,0,0,0,0,261.37,0,0,0,0,0,3418,59,98.3031,0,8988,263.169
e1_span_100_dynamic_r03,e1_span_100_dynamic,46,19.4448,92000,46,9,35.827,10891.9,10891.9,31,10109.6,11159.5,11746.5,1238,258.398,10789.4,18641.6,423,1774.84,10963.8,12900.7,17.766,278.696,93,65.837,228.529,391.104,211,139.106,332.258,412.393,2005,2005,3.00198,0,0,0,0,0,0,0,0,261.37,0,0,0,0,0,3507,69,98.0705,0,9199,263.206
e1_span_100_dynamic_r03,e1_span_100_dynamic,47,20.4242,94000,47,9,29.512,10807.4,10807.4,28,771.299,16982.5,17007.2,1261,42.885,11076.1,20031.8,398,354.017,11336.4,20154.8,14.2563,334.685,81,67.457,261.605,415.325,218,151.681,432.411,566.466,1995,1995,3.00198,0,0,0,0,0,0,0,0,261.37,0,0,0,0,0,3353,56,98.3573,0,9417,263.239
e1_span_100_dynamic_r03,e1_span_100_dynamic,48,21.2882,96000,48,9,506.47,11254.1,11254.1,22,38.991,11203,11259.2,1292,23.235,11373.8,16632.4,387,256.527,11634,12916.4,14.845,274.336,106,70.177,332.843,408.125,186,146.727,474.68,560.22,2002,2002,3.00198,0,0,0,0,0,0,0,0,261.37,0,0,0,0,0,3366,54,98.4211,0,9602,263.278
e1_span_100_dynamic_r03,e1_span_100_dynamic,49,22.3203,98000,49,5,33.848,11437.7,11437.7,18,39.788,11545.3,11545.3,1245,48.544,11691.7,21157.7,434,286.477,11817.6,20883.3,15.6866,293.575,98,66.817,284.818,415.899,198,144.039,353.05,457.134,1998,1998,3.00198,0,0,0,0,0,0,0,0,261.37,0,0,0,0,0,3990,48,98.8113,0,9801,263.315
e1_span_100_dynamic_r03,e1_span_100_dynamic,50,23.4151,100000,50,10,11891.9,12076.3,12076.3,23,42.363,11782.3,11958.5,1255,135.078,12085.3,12293,415,449.41,12270.4,12804,14.8627,362.506,101,66.277,240.713,412.943,204,136.362,433.869,518.03,2008,2008,3.00198,0,0,0,0,0,0,0,0,261.37,0,0,0,0,0,4001,52,98.717,0,10003,263.353
e1_span_100_dynamic_r03,e1_span_100_dynamic,51,24.4781,102000,51,6,333.672,12277.4,12277.4,24,1918.52,12260.6,12506.4,1296,42.774,12344.5,12667,392,263.41,12580.1,13747,13.5434,362.902,78,75.636,360.962,676.042,199,139.641,352.83,631.26,1995,1995,3.00198,0,0,0,0,0,0,0,0,261.37,0,0,0,0,0,3740,34,99.0991,0,10203,263.385
e1_span_100_dynamic_r03,e1_span_100_dynamic,52,25.5603,104000,52,8,1058.45,12597.1,12597.1,28,38.824,12501.6,12562.3,1269,33.835,12672.8,15042.9,419,348.419,12967.8,23412.1,12.6396,447.181,94,67.641,272.97,376.331,193,136.708,335.18,449.444,2011,2011,3.00198,0,0,0,0,0,0,0,0,261.37,0,0,0,0,0,3851,51,98.693,0,10397,263.421
e1_span_100_dynamic_r03,e1_span_100_dynamic,53,26.728,106000,53,7,34.898,13033,13033,35,620.029,12999.9,13040.9,1283,39.5,13052.5,23561.2,375,554.847,13366.9,23812.1,12.5707,473.892,98,66.421,252.552,468.832,188,138.773,277.842,462.625,1986,1986,3.00198,0,0,0,0,0,0,0,0,261.37,0,0,0,0,0,3902,62,98.4359,0,10585,263.457
e1_span_100_dynamic_r03,e1_span_100_dynamic,54,27.8501,108000,54,5,12941.6,13189.2,13189.2,31,613.307,13586.9,24237.5,1269,28.138,13307.2,13825.5,423,333.72,13523,24155.3,12.5816,426.939,92,65.413,273.035,406.362,185,139.611,354.226,451.765,2005,2005,3.00198,0,0,0,0,0,0,0,0,261.37,0,0,0,0,0,4050,46,98.877,0,10768,263.492
e1_span_100_dynamic_r03,e1_span_100_dynamic,55,28.9959,110000,55,7,13369.2,13612.9,13612.9,22,2759.64,13647.9,13668.3,1352,19.875,13668.6,15231.4,360,283.173,13873.9,18418,11.6222,478.301,96,65.851,237.09,326.742,161,129.908,236.141,294.594,1998,1998,3.00198,0,0,0,0,0,0,0,0,261.37,0,0,0,0,0,3528,45,98.7406,0,10930,263.527
e1_span_100_dynamic_r03,e1_span_100_dynamic,56,30.2225,112000,56,4,13644.1,14042.7,14042.7,30,42.861,13803.6,13904.6,1254,35.286,13953.3,24960.7,424,768.049,14132.6,16642.5,12.2594,522.061,88,65.598,200.568,277.615,201,133.858,307.497,446.098,2001,2001,3.00198,0,0,0,0,0,0,0,0,261.37,0,0,0,0,0,4313,54,98.7635,0,11130,263.562
e1_span_100_dynamic_r03,e1_span_100_dynamic,57,31.5163,114000,57,3,1535.6,11937.8,11937.8,28,41.74,14259.3,14361.3,1275,41.863,14358.7,17264.2,399,613.125,14574.9,26218.9,11.1654,577.571,83,65.478,271.166,383.032,209,136.481,343.491,435.257,1997,1997,3.00198,0,0,0,0,0,0,0,0,261.37,0,0,0,0,0,3919,44,98.8897,0,11341,263.596
e1_span_100_dynamic_r03,e1_span_100_dynamic,58,32.8219,116000,58,8,2426.6,14697.2,14697.2,10,418.027,26809.6,26809.6,1306,341.945,14694.5,26038.5,377,599.159,14935.4,25911.8,9.56499,632.918,92,69.106,385.414,534.065,214,138.953,398.385,517.861,2007,2007,3.00198,0,0,0,0,0,0,0,0,261.37,0,0,0,0,0,3619,28,99.2322,0,11554,263.632
e1_span_100_dynamic_r03,e1_span_100_dynamic,59,34.2127,118000,59,6,8150.5,14872.5,14872.5,27,172.322,15044,15347,1275,35.495,19997.7,27607.9,378,666.889,20402.7,27952.5,10.4074,686.002,105,65.488,263.219,373.805,204,149.827,389.272,539.757,1995,1995,3.00198,0,0,0,0,0,0,0,0,261.37,0,0,0,0,0,3984,44,98.9076,0,11759,263.671
e1_span_100_dynamic_r03,e1_span_100_dynamic,60,35.6638,120000,60,6,15262.5,27864,27864,30,3049.11,15371.4,15416.1,1235,415.447,15741.7,28113.1,434,1573.78,17972,28479,9.99309,704.998,97,73.164,319.366,439.146,199,139.895,338.156,391.76,2001,2001,3.00198,0,0,0,0,0,0,0,0,261.37,0,0,0,0,0,4606,44,99.0538,0,11957,263.708
e1_span_100_dynamic_r03,e1_span_100_dynamic,61,36.935,122000,61,4,11464.9,12464.1,12464.1,29,51.805,15735.9,16226.6,1283,35.191,24878.3,28845.9,381,447.787,16588,29291.5,10.3465,582.364,105,65.511,279.572,409.323,196,140.569,372.513,441.976,1998,1998,3.00198,0,0,0,0,0,0,0,0,261.37,0,0,0,0,0,3891,40,98.9824,0,12154,263.747
e1_span_100_dynamic_r03,e1_span_100_dynamic,62,38.1826,124000,62,6,11269.7,16155,16155,24,42.374,16560.2,23379.6,1269,3565.48,18821.6,29212.6,400,3817.12,18773.9,29630.2,8.2675,734.263,101,56.357,156.477,254.347,202,119.082,255.764,322.608,2002,2002,3.00198,0,0,0,0,0,0,0,0,261.37,0,0,0,0,0,4316,43,99.0135,0,12356,263.786
e1_span_100_dynamic_r03,e1_span_100_dynamic,63,39.3489,126000,63,3,11.572,51.429,51.429,33,38.726,16351.1,16459.5,1252,58.667,16695.8,27205.7,405,998.478,16919.5,26666.2,7.84444,725.143,101,58.75,199.042,365.561,202,132.445,302.083,452.18,1996,1996,3.00198,0,0,0,0,0,0,0,0,261.37,0,0,0,0,0,4397,41,99.0762,0,12558,263.825
e1_span_100_dynamic_r03,e1_span_100_dynamic,64,40.5025,128000,64,9,27.418,16768.8,16768.8,27,34.614,16779.1,16782.5,1263,15.488,17116.9,28016.9,408,381.074,17662.3,30602,9.77451,599.721,106,60.325,236.852,339.358,187,129.681,300.661,486.474,2000,2000,3.00198,0,0,0,0,0,0,0,0,261.37,0,0,0,0,0,4684,55,98.8394,0,12745,263.863
e1_span_100_dynamic_r03,e1_span_100_dynamic,65,41.8778,130000,65,7,31.895,30048.1,30048.1,24,4182.48,17430.5,17480.8,1262,3942.61,17469.3,29348.6,384,4119.13,17660.3,29867.6,6.96094,974.583,111,62.11,272.508,405.462,219,128.79,340.146,436.962,2007,2007,3.00198,0,0,0,0,0,0,0,0,261.37,0,0,0,0,0,4142,39,99.0672,0,12962,263.906
e1_span_100_dynamic_r03,e1_span_100_dynamic,66,43.1173,132000,66,7,18.242,17924.6,17924.6,24,4253.73,17868.9,33377.7,1272,44.79,17878.7,29058.9,393,2733.43,18082.4,27210.8,7.38422,833.409,94,59.5,195.267,338.407,202,119.461,246.266,323.214,1992,1992,3.00198,0,0,0,0,0,0,0,0,261.37,0,0,0,0,0,4519,45,99.014,0,13166,263.942
e1_span_100_dynamic_r03,e1_span_100_dynamic,67,44.4665,134000,67,4,4233.89,18231.2,18231.2,23,4261.54,18217.4,18243.2,1283,291.166,18241.2,20239.4,399,4345.7,18443.3,20939.9,7.90476,873.251,94,55.737,322.571,417.558,202,127.616,301.378,374.066,2005,2005,3.00198,0,0,0,0,0,0,0,0,261.37,0,0,0,0,0,4350,45,98.9761,0,13367,263.978
e1_span_100_dynamic_r03,e1_span_100_dynamic,68,45.852,136000,68,6,4802.68,18544.7,18544.7,19,4829.21,18720.6,18720.6,1252,385.929,18711.5,19172.5,419,4394.03,18858.6,19090.6,7.21957,969.081,105,57.898,177.795,289.084,195,129.549,265.176,392.728,1996,1996,3.00198,0,0,0,0,0,0,0,0,261.37,0,0,0,0,0,5119,56,98.9179,0,13563,264.017
e1_span_100_dynamic_r03,e1_span_100_dynamic,69,47.1748,138000,69,6,4515.68,19304.4,19304.4,22,51.071,18970,19080.4,1302,15.345,19113.3,19634.8,403,581.5,19379.4,19929.8,6.19851,1088.84,85,64.82,260.793,2761.57,186,128.834,289.009,2642.1,2004,2004,3.00198,0,0,0,0,0,0,0,0,261.37,0,0,0,0,0,4679,49,98.9636,0,13749,264.051
e1_span_100_dynamic_r03,e1_span_100_dynamic,70,48.6068,140000,70,11,27.119,20009.5,20009.5,25,38.65,19227.2,20012.6,1243,35.409,19732.9,24892.9,421,4525.23,19916.6,20634,6.11164,1211.95,89,56.574,185.319,340.221,207,130.522,313.097,411.635,1996,1996,3.00198,0,0,0,0,0,0,0,0,261.37,0,0,0,0,0,5131,50,99.0349,0,13956,264.086
e1_span_100_dynamic_r03,e1_span_100_dynamic,71,49.9749,142000,71,10,4537.16,19807.1,19807.1,20,5045.26,35766.9,35766.9,1277,18.783,20037.7,30587.5,395,401.081,20319.4,30508.4,7.38228,886.831,92,59.139,191.137,461.029,204,121.215,329.867,423.393,1998,1998,3.00198,0,0,0,0,0,0,0,0,261.37,0,0,0,0,0,4929,44,99.1152,0,14160,264.122
e1_span_100_dynamic_r03,e1_span_100_dynamic,72,51.6764,144000,72,13,37.248,20710.3,20710.3,31,51.967,20355.6,21250.3,1267,29.954,20542.2,31404.8,412,563.059,21066.3,35963,6.56553,1277.57,85,64.933,213.314,321.392,198,135.995,305.019,412.973,2006,2006,4.00198,0,0,0,0,0,0,0,0,261.37,0,0,0,0,0,5013,31,99.3854,0,14356,264.156
e1_span_100_dynamic_r03,e1_span_100_dynamic,73,53.1217,146000,73,4,6877.38,13585,13585,30,4448.07,21053,27801.2,1256,25.149,20936.1,29653.4,406,3537.86,21506.4,36199,5.77833,1319.76,96,53.685,157.113,339.652,209,109.452,289.322,343.734,2001,2001,4.00198,0,0,0,0,0,0,0,0,261.37,0,0,0,0,0,4693,25,99.4701,0,14567,264.193
e1_span_100_dynamic_r03,e1_span_100_dynamic,74,54.171,148000,74,8,11.845,5852.7,5852.7,23,24.096,21065.8,21270.3,1249,13.566,21164.7,24771.6,420,448.672,21382.1,25624.7,6.3,877.554,109,35.19,87.216,204.89,190,73.732,244.068,517.149,1999,1999,4.00198,0,0,0,0,0,0,0,0,261.37,0,0,0,0,0,5696,44,99.2334,0,14755,264.233
e1_span_100_dynamic_r03,e1_span_100_dynamic,75,55.8281,150000,75,3,21715.7,21872.8,21872.8,25,73.725,31145.8,35404.7,1257,1407.56,25292,37320.4,422,783.515,26607,37944.3,4.95024,1550.53,78,63.461,198.68,289.213,217,123.488,298.664,416.245,2002,2002,4.00198,0,0,0,0,0,0,0,0,261.37,0,0,0,0,0,5256,47,99.1137,0,14974,264.267
e1_span_100_dynamic_r03,e1_span_100_dynamic,76,57.1637,152000,76,2,22226.7,22226.7,22226.7,25,2414.93,22363.1,29873.4,1294,15.608,22341.1,35083.5,417,596.812,22651.5,31645.7,4.7554,1319.43,91,65.209,163.559,266.642,174,117.194,249.866,376.121,2003,2003,4.00198,0,0,0,0,0,0,0,0,261.37,0,0,0,0,0,5159,45,99.1353,0,15146,264.3
e1_span_100_dynamic_r03,e1_span_100_dynamic,77,58.8431,154000,77,4,5117.13,10411.2,10411.2,22,8836.82,28431.2,38714.1,1269,5024.22,25664.9,37989.8,376,1080.37,26922.6,38901.3,6.23936,1228.91,91,56.199,276.635,347.831,228,117.51,249.302,382.73,1990,1990,4.00198,0,0,0,0,0,0,0,0,261.37,0,0,0,0,0,4836,45,99.0781,0,15376,264.338
e1_span_100_dynamic_r03,e1_span_100_dynamic,78,60.513,156000,78,7,11318.8,22828.7,22828.7,32,51.969,23108.6,36473.8,1289,14.942,23216.7,35844.7,378,500.258,23505.6,37805,5.34392,1608.82,101,58.365,171.452,291.165,192,131.941,300.605,353.943,1999,1999,4.00198,0,0,0,0,0,0,0,0,261.37,0,0,0,0,0,4668,30,99.3614,0,15568,264.375
e1_span_100_dynamic_r03,e1_span_100_dynamic,79,62.4188,158000,79,4,1209.94,2769.1,2769.1,35,6756.35,23534.7,39788.6,1272,37.602,23726,33337.5,395,2794.29,24197.7,40108.9,4.12152,2452.01,97,63.357,266.07,7137.43,203,125.229,356.446,512.812,2006,2006,4.00198,0,0,0,0,0,0,0,0,261.37,0,0,0,0,0,5582,44,99.2179,0,15769,264.413
e1_span_100_dynamic_r03,e1_span_100_dynamic,80,64.6598,160000,80,10,20438.9,24249.3,24249.3,23,14749.7,24276.7,24281.1,1235,7487.66,24179.5,25457,393,6852.26,24546.4,36438.3,4.53181,2355.64,107,64.521,156.725,189.801,226,128.114,249.407,356.788,1994,1994,4.00198,0,0,0,0,0,0,0,0,261.37,0,0,0,0,0,5453,44,99.1996,0,15997,264.454
e1_span_100_dynamic_r03,e1_span_100_dynamic,81,66.7389,162000,81,5,14029.8,24286.2,24286.2,39,53.286,25219.1,25399.5,1284,452.988,24656.5,25200,385,606.642,24884,25297.3,4.99481,1920.71,86,67.293,267.125,404.283,202,129.448,333.212,402.828,2001,2001,4.00198,0,0,0,0,0,0,0,0,261.37,0,0,0,0,0,5394,42,99.2274,0,16199,264.488
e1_span_100_dynamic_r03,e1_span_100_dynamic,82,68.8427,164000,82,7,44.733,23531.1,23531.1,23,44.341,24869.9,25478.2,1254,34.677,25902.7,43537.6,419,1983.58,26084.7,43451.3,3.60382,2911.38,98,67.675,207.846,370.03,202,133.467,279.574,430.866,2003,2003,5.00199,0,0,0,0,0,0,0,0,261.37,0,0,0,0,0,5792,39,99.3312,0,16400,264.526
e1_span_100_dynamic_r03,e1_span_100_dynamic,83,70.9239,166000,83,10,19850.1,25977.3,25977.3,26,312.473,25907.9,26039.5,1263,21.825,26221.6,43078.9,400,573.835,27077.3,45235.2,4.385,2421.96,111,65.352,196.542,296.539,188,120.078,257.971,426.006,1998,1998,5.00199,0,0,0,0,0,0,0,0,261.37,0,0,0,0,0,6069,40,99.3452,0,16588,264.566
e1_span_100_dynamic_r03,e1_span_100_dynamic,84,73.0769,168000,84,5,23287.3,25896.6,25896.6,26,11806.8,26121.1,26124.3,1239,299.747,26418.1,35998.9,414,660.651,26748.9,36296.8,3.72464,2871.67,107,59.443,155.357,425.463,207,123.387,336.284,423.156,1998,1998,5.00199,0,0,0,0,0,0,0,0,261.37,0,0,0,0,0,6002,44,99.2722,0,16796,264.606
e1_span_100_dynamic_r03,e1_span_100_dynamic,85,75.1223,170000,85,5,29.115,24948.7,24948.7,39,53.702,27045.3,27087.9,1252,19.972,26819.2,27203.9,406,333.72,27046.8,27618.9,3.67488,2346.44,105,58.577,203.034,288.662,193,129.536,369.911,434.545,2000,2000,5.00199,0,0,0,0,0,0,0,0,261.37,0,0,0,0,0,5898,30,99.4939,0,16989,264.646
e1_span_100_dynamic_r03,e1_span_100_dynamic,86,77.2016,172000,86,7,41.687,26807,26807,33,39.442,27056.5,27076.9,1237,21.532,27011.8,27742.1,429,447.201,27415.2,28001.1,4.56643,2154.41,95,66.061,189.333,363.503,203,123.943,263.695,323.991,2004,2004,5.00199,0,0,0,0,0,0,0,0,261.37,0,0,0,0,0,5819,29,99.5041,0,17191,264.682
e1_span_100_dynamic_r03,e1_span_100_dynamic,87,79.9822,174000,87,6,35.455,38377.3,38377.3,25,4661.28,36986.4,39434.7,1262,2371.96,37487.7,41783.8,395,6928.63,38446.9,54519.9,3.78228,3779.58,106,67.211,288.929,1217.04,202,127.579,340.841,1181.16,1996,1996,5.00199,0,0,0,0,0,0,0,0,261.37,0,0,0,0,0,5490,35,99.3665,0,17394,264.722
e1_span_100_dynamic_r03,e1_span_100_dynamic,88,82.9102,176000,88,4,15276.3,34175.1,34175.1,27,4630.32,37022.4,37772.4,1279,698.664,38811.2,49397.9,390,8703.93,39456.7,53938.5,3.18718,4592.93,100,60.315,196.378,869.021,203,131.405,487.608,2743.64,2003,2003,5.00199,0,0,0,0,0,0,0,0,261.37,0,0,0,0,0,5799,27,99.5366,0,17596,264.76
e1_span_100_dynamic_r03,e1_span_100_dynamic,89,85.8755,178000,89,2,24228.6,24228.6,24228.6,22,15094.5,38223,38366.3,1260,2817.91,38176.1,41107.8,414,13515.9,39236.2,45491,3.94444,4100.58,111,61.256,244.536,1478.53,203,127.481,438.195,941.219,2012,2012,5.00199,0,0,0,0,0,0,0,0,261.37,0,0,0,0,0,6496,42,99.3576,0,17798,264.802
e1_span_100_dynamic_r03,e1_span_100_dynamic,90,89.0578,180000,90,4,20906.4,25769.6,25769.6,28,18549.3,38798.7,38876.7,1285,6978.51,38813.9,43733.5,356,10146.4,38976.8,40272,2.9073,5446.18,109,65.035,196.796,279.412,205,125.415,426.424,695.361,1987,1987,5.00199,0,0,0,0,0,0,0,0,261.37,0,0,0,0,0,5640,29,99.4884,0,18005,264.844
e1_span_100_dynamic_r03,e1_span_100_dynamic,91,92.0274,182000,91,2,59.064,59.064,59.064,26,41.38,51158.2,57098,1307,19.287,39335.7,45327.3,364,642.12,39063.7,40331.8,2.43407,5803.07,116,58.747,173.101,229.836,190,124.125,306.225,994.726,2005,2005,5.00199,0,0,0,0,0,0,0,0,261.37,0,0,0,0,0,5562,30,99.4635,0,18194,264.885
e1_span_100_dynamic_r03,e1_span_100_dynamic,92,94.9236,184000,92,8,25155.7,40204.3,40204.3,30,15158.3,40224.3,53360.1,1258,1101.53,39790.1,42099.5,371,596.342,40144.5,48063.1,3.40701,3915.58,118,65.77,232.263,394.96,210,121.734,308.534,709.689,1995,1995,5.00199,0,0,0,0,0,0,0,0,261.37,0,0,0,0,0,5368,30,99.4442,0,18403,264.928
e1_span_100_dynamic_r03,e1_span_100_dynamic,93,97.4604,186000,93,5,14742.4,35875.6,35875.6,25,41.566,38182.8,38737.3,1230,894.505,39871.5,50615.7,420,2301.93,39410.3,50796.3,3.00714,3947.66,97,42.027,166.644,242.039,226,112.323,343.95,1703.76,2003,2003,5.00199,0,0,0,0,0,0,0,0,261.37,0,0,0,0,0,6120,43,99.3023,0,18629,264.967
e1_span_100_dynamic_r03,e1_span_100_dynamic,94,100.013,188000,94,6,17440.6,36825.8,36825.8,22,42.732,38753.8,39542,1307,15.48,39897.4,41231.3,372,402.318,40288.6,42502.9,3.60215,3243.73,108,55.825,184.54,344.602,184,123.74,448.439,852.526,1999,1999,5.00199,0,0,0,0,0,0,0,0,261.37,0,0,0,0,0,5690,29,99.4929,0,18814,265.006
e1_span_100_dynamic_r03,e1_span_100_dynamic,95,103.265,190000,95,7,19061.2,33731.4,33731.4,17,17179.4,39779.4,39779.4,1258,15762.4,40546.4,49488.8,405,14206.3,40823.5,47802.3,2.53086,5980.93,95,54.358,161.059,325.358,214,122.29,435.698,995.473,1996,1996,5.00199,0,0,0,0,0,0,0,0,261.37,0,0,0,0,0,6217,31,99.5038,0,19029,265.044
e1_span_100_dynamic_r03,e1_span_100_dynamic,96,105.808,192000,96,10,50.521,42763.2,42763.2,35,49.092,40944.7,41446,1290,14.832,41373.9,44285.6,373,319.662,41720.5,44535,2.84987,3849.57,117,58.112,198.477,378.956,178,122.564,391.989,1284.73,2003,2003,5.00199,0,0,0,0,0,0,0,0,261.37,0,0,0,0,0,5698,30,99.4763,0,19206,265.085
e1_span_100_dynamic_r03,e1_span_100_dynamic,97,108.638,194000,97,6,28924.4,50496.2,50496.2,24,74.292,41191.1,41244.8,1274,17.019,41489.8,44906.9,416,496.698,42099.6,49186.1,3.33894,4101.19,94,62.64,179.025,289.218,185,117.758,322.079,1306.74,1999,1999,5.00199,0,0,0,0,0,0,0,0,261.37,0,0,0,0,0,6020,35,99.422,0,19392,265.121
e1_span_100_dynamic_r03,e1_span_100_dynamic,98,111.947,196000,98,2,27.034,27.034,27.034,34,19388.3,43434.1,49252.9,1185,16023.4,42369.4,49074.4,438,16359.8,42878.9,51193.5,3.53653,4711.1,122,51.362,145.495,187.603,220,113.304,667.38,1316.13,2001,2001,5.00199,0,0,0,0,0,0,0,0,261.37,0,0,0,0,0,6221,42,99.3294,0,19611,265.166
e1_span_100_dynamic_r03,e1_span_100_dynamic,99,114.803,198000,99,6,41631.2,44944.3,44944.3,31,44.503,44349.5,44907.5,1277,4397.4,43751.6,45362.3,388,429.75,43760.6,45658.7,3.06443,3962.07,109,52.911,152.794,229.349,187,119.619,287,521.001,1998,1998,5.00199,0,0,0,0,0,0,0,0,261.37,0,0,0,0,0,6082,16,99.7376,0,19799,265.206
e1_span_100_dynamic_r03,e1_span_100_dynamic,100,117.706,200000,100,11,44.6,11265.3,11265.3,26,43.45,38806.6,40732.2,1259,5716.28,43512.8,45304.2,392,11264,43630.4,44994,2.51531,5979.93,110,59.33,330.63,1841.34,201,126.924,814.499,2108.86,1999,1999,5.00199,0,0,0,0,0,0,0,0,261.37,0,0,0,0,0,6019,47,99.2252,0,20000,265.247
e1_span_100_static_r01,e1_span_100_static,1,0.0223418,2000,1,2,75.522,75.522,75.522,26,20.331,64.403,90.077,1255,22.76,78.996,91.889,405,146.453,207.727,334.725,98.9728,1.79856,122,16.972,68.556,111.768,198,40.267,91.135,180.195,2008,2008,1.00196,0,0,0,0,0,0,0,0,261.386,0,0,0,0,0,262,4059,6.06341,0,198,261.516
e1_span_100_static_r01,e1_span_100_static,2,0.0411557,4000,2,6,89.037,95.163,95.163,25,59.66,150.755,162.216,1275,53.625,137.921,153.184,373,153.917,229.131,262.411,92.0912,1.63343,100,12.983,67.103,107.17,219,38.776,106.353,135.76,1998,1998,1.00196,0,0,0,0,0,0,0,0,261.386,0,0,0,0,0,717,3203,18.2908,0,416,261.555
e1_span_100_static_r01,e1_span_100_static,3,0.0672823,6000,3,7,146.201,196.734,196.734,28,137.285,233.223,237.841,1219,93.84,217.943,245.116,424,186.455,312.27,352.199,87.4953,2.04292,103,17.874,73.245,90.977,221,39.623,95.906,134.38,2002,2002,1.00196,0,0,0,0,0,0,0,0,261.386,0,0,0,0,0,1084,2997,26.5621,0,635,261.595
e1_span_100_static_r01,e1_span_100_static,4,0.100126,8000,4,9,14.008,319.475,319.475,24,112.099,276.092,309.584,1250,78.771,314.913,368.563,429,149.04,412.403,480.706,87.7366,2.26208,81,18.361,78.955,105.238,203,49.352,115.852,141.99,1996,1996,1.00196,0,0,0,0,0,0,0,0,261.386,0,0,0,0,0,1519,2615,36.7441,0,839,261.628
e1_span_100_static_r01,e1_span_100_static,5,0.150955,10000,5,5,15.932,206.883,206.883,26,17.417,416.562,447.536,1251,119.505,546.739,670.9,441,234.155,606.459,705.907,81.5102,3.61999,99,22.999,139.797,181.136,188,64.205,153.515,199.004,2010,2010,1.00196,0,0,0,0,0,0,0,0,261.386,0,0,0,0,0,1763,2229,44.1633,0,1028,261.664
e1_span_100_static_r01,e1_span_100_static,6,0.23393,12000,6,5,637.339,1054.4,1054.4,28,159.84,919.636,1049.87,1286,106.095,932.575,1076.05,397,292.878,1076.37,1233.19,79.6549,5.89292,92,46.273,153.647,363.81,188,88.895,227.773,321.404,1996,1996,1.00196,0,0,0,0,0,0,0,0,261.386,0,0,0,0,0,1881,1821,50.8104,0,1217,261.699
e1_span_100_static_r01,e1_span_100_static,7,0.341878,14000,7,11,903.675,1171.84,1171.84,29,37.08,1019.97,1085.48,1264,214.223,1061.64,1211.05,380,447.962,1247.55,1370.73,76.5789,8.12885,96,46.267,213.897,303.66,211,100.746,269.75,343.727,1991,1991,1.00196,0,0,0,0,0,0,0,0,261.386,0,0,0,0,0,2039,1486,57.844,0,1428,261.737
e1_span_100_static_r01,e1_span_100_static,8,0.460736,16000,8,8,119.207,1194.08,1194.08,26,212.624,1373.71,1374.62,1256,51.283,1435.41,1652.99,421,239.197,1587.27,1794.78,72.4299,8.65601,111,55.111,208.852,256.719,187,110.29,221.124,311.384,2009,2009,1.00196,0,0,0,0,0,0,0,0,261.386,0,0,0,0,0,2265,1363,62.4311,0,1614,261.777
e1_span_100_static_r01,e1_span_100_static,9,0.614868,18000,9,8,353.275,1498.92,1498.92,24,333.29,1653.4,1790.75,1259,216.284,1672.2,1797.26,390,528.034,1803.08,1929.07,71.1051,11.9169,112,63.566,211.681,255.1,203,112.363,265.592,341.876,1996,1996,2.00197,0,0,0,0,0,0,0,0,261.386,0,0,0,0,0,2327,1049,68.9277,0,1818,261.818
e1_span_100_static_r01,e1_span_100_static,10,0.787333,20000,10,5,734.472,1719.01,1719.01,19,411.28,3430.03,3430.03,1274,316.491,1730.24,1889.78,389,449.306,1969.64,2121.22,67.8072,13.3351,98,61.579,182.75,230.182,215,119.157,327.225,365.58,2000,2000,2.00197,0,0,0,0,0,0,0,0,261.386,0,0,0,0,0,2391,875,73.2088,0,2031,261.856
e1_span_100_static_r01,e1_span_100_static,11,0.959261,22000,11,3,507.409,1725.53,1725.53,20,1530.67,2010.2,2010.2,1301,48.564,1880.28,2006.91,389,366.724,2037.45,2204.92,64.8972,14.5897,91,58.345,149.489,170.224,190,115.023,284.16,431.92,1994,1994,2.00197,0,0,0,0,0,0,0,0,261.386,0,0,0,0,0,2392,796,75.0314,0,2223,261.891
e1_span_100_static_r01,e1_span_100_static,12,1.15389,24000,12,5,1686.7,1998.32,1998.32,24,35.502,2141.17,2194.67,1257,341.771,2052.27,2197.62,390,378.122,2210.76,2374.9,64.8538,15.3692,113,62.071,176.135,280.79,216,116.986,235.554,278.504,2005,2005,2.00197,0,0,0,0,0,0,0,0,261.386,0,0,0,0,0,2489,727,77.3943,0,2438,261.933
e1_span_100_static_r01,e1_span_100_static,13,1.356,26000,13,5,50.314,2144.23,2144.23,21,1931.89,2209.11,2329.85,1252,120.818,2255.32,2386.07,397,468.472,2376.16,2557.98,56.8741,19.4392,104,63.797,190.043,298.106,215,121.895,274.085,350.205,1994,1994,2.00197,0,0,0,0,0,0,0,0,261.386,0,0,0,0,0,2498,611,80.3474,0,2654,261.973
e1_span_100_static_r01,e1_span_100_static,14,1.58397,28000,14,4,2007.83,2214.92,2214.92,31,2086.24,2647.45,2998.48,1253,395.32,2456.47,2604.77,407,255.221,2649.04,2805.57,56.3219,19.0295,101,57.401,163.625,206.208,211,114.505,287.959,333.222,2007,2007,2.00197,0,0,0,0,0,0,0,0,261.386,0,0,0,0,0,2610,508,83.7075,0,2864,262.012
e1_span_100_static_r01,e1_span_100_static,15,1.82111,30000,15,4,38.518,2687.86,2687.86,24,330.068,2584.58,2682.49,1258,57.901,2712.82,2864.69,396,257.974,2874.14,3044.91,52.7854,22.1947,114,61.032,231.914,320.231,202,118.125,349.886,482.45,1998,1998,2.00197,0,0,0,0,0,0,0,0,261.386,0,0,0,0,0,2578,449,85.1668,0,3067,262.054
e1_span_100_static_r01,e1_span_100_static,16,2.06825,32000,16,8,2651.12,2890.04,2890.04,16,21.723,3057.95,3057.95,1324,34.75,2900.1,3050.73,375,231.922,3037.2,3189.97,53.3173,22.6577,96,62.32,210.838,281.844,176,116.752,258.906,309.484,1995,1995,2.00197,0,0,0,0,0,0,0,0,261.386,0,0,0,0,0,2482,437,85.0291,0,3243,262.089
e1_span_100_static_r01,e1_span_100_static,17,2.32273,34000,17,4,15.679,21.278,21.278,32,45.426,3001.05,3173.37,1265,33.698,3089.36,3245.02,418,222.227,3178.88,3298.89,52.9091,24.3467,95,64.861,285.27,401.804,189,119.166,349.739,402.399,2003,2003,2.00197,0,0,0,0,0,0,0,0,261.386,0,0,0,0,0,2723,416,86.7474,0,3431,262.125
e1_span_100_static_r01,e1_span_100_static,18,2.6381,36000,18,6,3093.51,3161.16,3161.16,21,2969.82,3156.53,3172.4,1270,306.323,3295.2,3558.73,391,529.918,3459.07,4234.44,46.2302,35.5768,107,71.452,245.587,380.444,215,118.102,354.737,434.643,2010,2010,2.00197,0,0,0,0,0,0,0,0,261.386,0,0,0,0,0,2601,296,89.7825,0,3645,262.166
e1_span_100_static_r01,e1_span_100_static,19,2.96239,38000,19,5,46.042,3381.1,3381.1,30,35.886,3431.47,3464.32,1233,71.969,3515.13,5972.94,433,427.207,3708.2,6315.43,50.7413,33.8031,115,63.247,246.742,313.08,182,134.294,358.369,598.41,1998,1998,2.00197,0,0,0,0,0,0,0,0,261.386,0,0,0,0,0,2884,298,90.6348,0,3827,262.207
e1_span_100_static_r01,e1_span_100_static,20,3.27707,40000,20,10,16.27,6733.79,6733.79,22,66.22,3671.87,3865.38,1257,43.086,3718.66,6477.34,415,348.703,3827.38,6635.64,45.4265,35.7744,106,68.024,232.464,348.27,191,153.409,438.766,537.886,2001,2001,2.00197,0,0,0,0,0,0,0,0,261.386,0,0,0,0,0,2791,238,92.1426,0,4020,262.246
e1_span_100_static_r01,e1_span_100_static,21,3.63323,42000,21,9,370.257,3893.58,3893.58,27,1415.65,4507.25,6818.09,1255,50.417,4417.14,7035.28,395,266.575,4377.14,7118.22,46.2456,34.7749,103,66.151,325.99,423.671,198,138.981,423.539,540.883,1987,1987,2.00197,0,0,0,0,0,0,0,0,261.386,0,0,0,0,0,2757,188,93.6163,0,4218,262.285
e1_span_100_static_r01,e1_span_100_static,22,3.9847,44000,22,5,61.633,3760.4,3760.4,28,75.836,3991.84,4005.3,1271,41.278,4115.17,7218.5,394,336.859,4383.27,7255.32,41.4543,43.6588,110,61.297,253.777,317.006,192,136.77,376.621,603.772,2000,2000,2.00197,0,0,0,0,0,0,0,0,261.386,0,0,0,0,0,2598,204,92.7195,0,4410,262.325
e1_span_100_static_r01,e1_span_100_static,23,4.36935,46000,23,3,3857.4,4261.28,4261.28,35,38.746,4624.3,4675.66,1255,40.87,4428.19,7723.07,406,310.146,4716.32,7937.52,40.4261,49.7465,117,66.803,321.949,432.318,190,146.297,355.184,435.549,2006,2006,2.00197,0,0,0,0,0,0,0,0,261.386,0,0,0,0,0,2714,158,94.4986,0,4599,262.366
e1_span_100_static_r01,e1_span_100_static,24,4.74858,48000,24,6,1244.63,7930.6,7930.6,22,3349.85,4475.83,8028.23,1291,42.97,4596.17,8123.23,380,334.603,4697.58,8144.42,38.2895,48.612,102,69.004,333.128,405.372,192,147.914,358.985,447.107,1993,1993,2.00197,0,0,0,0,0,0,0,0,261.386,0,0,0,0,0,2617,180,93.5645,0,4792,262.404
e1_span_100_static_r01,e1_span_100_static,25,5.16848,50000,25,1,9.147,9.147,9.147,28,249.403,4789.38,8533.68,1283,39.923,4836.14,8565.24,409,278.32,4933.72,8682.59,42.1443,45.8367,84,80.346,309.719,409.084,200,153.318,610.179,7346.85,2005,2005,2.00197,0,0,0,0,0,0,0,0,261.386,0,0,0,0,0,2927,143,95.342,0,4991,262.437
e1_span_100_static_r01,e1_span_100_static,26,5.57144,52000,26,3,25.743,28.63,28.63,24,36.868,4924.48,5156.86,1300,32.953,5004.49,9027.17,417,244.035,5213.33,9137.69,37.9496,52.8491,82,70.452,284.193,442.216,185,158.376,422.021,558.163,2011,2011,2.00197,0,0,0,0,0,0,0,0,261.386,0,0,0,0,0,2781,120,95.8635,0,5176,262.469
e1_span_100_static_r01,e1_span_100_static,27,6.1072,54000,27,6,531.339,6382.92,6382.92,16,5076.39,6215.35,6215.35,1287,370.793,5348.6,9738.58,363,623.713,5642.95,9530.36,37.1102,74.4139,91,77.843,379.142,881.989,221,140.202,417.232,599.878,1984,1984,2.00197,0,0,0,0,0,0,0,0,261.386,0,0,0,0,0,2565,118,95.6019,0,5398,262.505
e1_span_100_static_r01,e1_span_100_static,28,6.62884,56000,28,8,46.081,5401.97,5401.97,33,5238.26,5491.06,5522.31,1253,54.875,5530.26,10035.6,406,393.541,5696.42,10014,31.3448,82.7735,108,77.016,324.993,417.351,196,141.095,419.255,489.64,2004,2004,2.00197,0,0,0,0,0,0,0,0,261.386,0,0,0,0,0,2797,115,96.0508,0,5592,262.545
e1_span_100_static_r01,e1_span_100_static,29,7.13847,58000,29,8,5586.64,5827.94,5827.94,23,41.667,5723.38,5750.38,1280,54.883,5735.78,10447.8,397,355.083,5881.78,10735.8,34.932,72.2686,101,73.684,342.045,407.614,196,137.599,368.273,463.885,2005,2005,2.00197,0,0,0,0,0,0,0,0,261.386,0,0,0,0,0,2787,103,96.436,0,5788,262.583
e1_span_100_static_r01,e1_span_100_static,30,7.64287,60000,30,7,377.869,5859.82,5859.82,26,395.769,6002.14,6007.75,1259,44.247,5929.51,10574.4,406,377.814,6106.1,10880.7,31.702,85.2092,106,70.817,337.812,384.439,189,139.769,373.727,537.297,1993,1993,2.00197,0,0,0,0,0,0,0,0,261.386,0,0,0,0,0,2757,99,96.5336,0,5979,262.622
e1_span_100_static_r01,e1_span_100_static,31,8.16186,62000,31,6,37.018,6000.39,6000.39,22,32.289,6016.76,6041.61,1272,33.747,6201.52,11354.9,406,366.982,6521.61,11599.9,29.0517,103.54,111,66.822,307.2,412.41,187,150.7,382.593,439.618,2004,2004,2.00197,0,0,0,0,0,0,0,0,261.386,0,0,0,0,0,2924,102,96.6292,0,6165,262.662
e1_span_100_static_r01,e1_span_100_static,32,8.70427,64000,32,6,550.377,11495,11495,23,58.595,7240.54,7257.21,1294,47.215,6439.73,11721.3,374,294.284,6564.03,11954,29.1711,95.013,88,73.908,367.465,478.055,214,144.048,389.12,439.602,1999,1999,2.00197,0,0,0,0,0,0,0,0,261.386,0,0,0,0,0,2569,90,96.6153,0,6380,262.697
e1_span_100_static_r01,e1_span_100_static,33,9.13379,66000,33,8,50.73,6386.24,6386.24,21,41.606,6441.19,6462.48,1247,56.387,6548.45,6761.07,430,359.609,6671.71,6882.47,28.8512,72.599,100,57.185,248.092,373.765,189,117.87,259.775,462.844,1995,1995,2.00197,0,0,0,0,0,0,0,0,261.386,0,0,0,0,0,3132,101,96.876,0,6569,262.734
e1_span_100_static_r01,e1_span_100_static,34,9.6508,68000,34,7,40.629,6916.24,6916.24,18,1665.3,12636,12636,1292,304.948,6843.1,7641.22,397,1582.22,7039.07,12271.9,30.7834,91.1616,89,59.867,258.97,497.511,198,125.39,259.397,486.52,2001,2001,2.00197,0,0,0,0,0,0,0,0,261.386,0,0,0,0,0,2867,78,97.3514,0,6767,262.77
e1_span_100_static_r01,e1_span_100_static,35,10.1087,70000,35,6,1700.57,5830.67,5830.67,36,1630.5,6985.08,7234.66,1256,28.582,7062.08,7324.67,408,283.139,7255.01,8688.11,25.5833,88.4085,116,62.916,206.826,5548,177,117.629,371.651,448.753,1999,1999,3.00198,0,0,0,0,0,0,0,0,261.386,0,0,0,0,0,3026,102,96.7391,0,6944,262.81
e1_span_100_static_r01,e1_span_100_static,36,10.6386,72000,36,5,15.041,7120.86,7120.86,22,1689.62,7263.31,7274.12,1289,38.617,7360.99,13493.5,393,633.632,7566.29,13851.6,20.0585,139.273,84,63.584,235.101,430.697,206,119.39,348.21,459.58,1999,1999,3.00198,0,0,0,0,0,0,0,0,261.386,0,0,0,0,0,2909,52,98.2438,0,7150,262.844
e1_span_100_static_r01,e1_span_100_static,37,11.2499,74000,37,7,1987.88,8518.63,8518.63,25,951.025,7896.4,7899.58,1251,380.673,7716.06,12844.1,408,329.918,7839.19,8017.84,23.4191,116.929,107,61.383,222.513,296.82,210,123.406,306.533,421.406,2008,2008,3.00198,0,0,0,0,0,0,0,0,261.386,0,0,0,0,0,3048,73,97.661,0,7357,262.885
e1_span_100_static_r01,e1_span_100_static,38,11.8419,76000,38,9,1835.35,7904.44,7904.44,21,770.735,7990.34,8000.26,1274,30.479,7989.97,14662.4,390,304.237,8200.58,14724.1,21.0615,149.934,106,63.562,222.196,370.115,201,125.43,288.926,423.839,2001,2001,3.00198,0,0,0,0,0,0,0,0,261.386,0,0,0,0,0,3041,67,97.8443,0,7558,262.924
e1_span_100_static_r01,e1_span_100_static,39,12.5243,78000,39,4,22.771,8274.44,8274.44,18,2022.12,8262.16,8262.16,1219,856.59,8292.29,14095.1,424,1463.52,8447.78,9010.6,19.309,170.871,101,63.665,225.518,294.249,227,122.959,313.852,351.386,1993,1993,3.00198,0,0,0,0,0,0,0,0,261.386,0,0,0,0,0,3246,89,97.3313,0,7788,262.964
e1_span_100_static_r01,e1_span_100_static,40,13.1859,80000,40,6,2031.78,13663.6,13663.6,33,280.182,8454.27,8563.97,1265,1953.48,8557.32,14109.6,373,2113.75,8798.72,14389.2,21.2279,168.345,111,54.634,178.665,219.861,214,114.281,208.008,287.767,2002,2002,3.00198,0,0,0,0,0,0,0,0,261.386,0,0,0,0,0,2886,53,98.1967,0,8002,263.006
e1_span_100_static_r01,e1_span_100_static,41,13.8548,82000,41,7,7000.56,8887.07,8887.07,17,25.908,8799.03,8799.03,1287,445.271,8838.44,11091.4,391,2130.84,8996.01,11050.1,19.3734,172.864,93,51.578,137.251,467.749,203,115.502,237.91,317.397,1998,1998,3.00198,0,0,0,0,0,0,0,0,261.386,0,0,0,0,0,3185,67,97.9397,0,8203,263.042
e1_span_100_static_r01,e1_span_100_static,42,14.474,84000,42,7,36.222,9529.03,9529.03,25,29.698,9214.3,9392.29,1291,28.991,9165.98,9472.45,406,281.465,9308.92,9714.48,21.3153,138.402,94,45.227,251.8,331.035,176,126.62,298.448,438.593,1999,1999,3.00198,0,0,0,0,0,0,0,0,261.386,0,0,0,0,0,3294,60,98.2111,0,8381,263.077
e1_span_100_static_r01,e1_span_100_static,43,15.1673,86000,43,6,16.559,9360.14,9360.14,27,25.519,9656.41,13257.4,1317,37.433,9555.14,9815.71,378,540.878,9719.84,13404.3,18.1614,189.403,86,59.041,318.989,7262.35,187,124.884,312.952,5144.74,2001,2001,3.00198,0,0,0,0,0,0,0,0,261.386,0,0,0,0,0,3076,61,98.0555,0,8567,263.111
e1_span_100_static_r01,e1_span_100_static,44,15.9694,88000,44,2,160.738,160.738,160.738,20,2236.62,18336,18336,1287,1294.22,9973.81,18261.3,387,2331.61,10012.7,18581.5,17.3127,228.583,102,56.757,198.175,252.351,206,125.742,296.087,428.607,2004,2004,3.00198,0,0,0,0,0,0,0,0,261.386,0,0,0,0,0,3476,54,98.4703,0,8771,263.15
e1_span_100_static_r01,e1_span_100_static,45,16.6352,90000,45,8,3802.5,10106.3,10106.3,22,41.93,10587.5,18604.8,1264,35.186,10165.4,18515,388,448.32,10320.3,18626.2,17.384,184.194,98,51.886,203.202,279.496,214,105.025,292.081,408.039,1994,1994,3.00198,0,0,0,0,0,0,0,0,261.386,0,0,0,0,0,3430,62,98.2245,0,8988,263.188
e1_span_100_static_r01,e1_span_100_static,46,17.4201,92000,46,9,8.662,10294.3,10294.3,32,3601.68,10630.2,10713.6,1237,189.77,10682.7,11007.5,420,2382.04,10766.3,11094.2,17.7548,218.108,92,54.225,215.453,361.706,211,123.39,311.792,430.719,2001,2001,3.00198,0,0,0,0,0,0,0,0,261.386,0,0,0,0,0,3518,68,98.1037,0,9199,263.224
e1_span_100_static_r01,e1_span_100_static,47,18.2323,94000,47,9,38.678,10842.8,10842.8,28,2659.68,11070.5,11243.7,1268,2105.06,11121.7,12066.9,405,321.884,11193.3,11464.1,14.2494,256.392,84,61.817,247.043,403.826,219,121.05,334.52,442.71,2013,2013,3.00198,0,0,0,0,0,0,0,0,261.386,0,0,0,0,0,3329,58,98.2876,0,9417,263.259
e1_span_100_static_r01,e1_span_100_static,48,18.9865,96000,48,9,2805.21,11902.6,11902.6,22,43.749,12028.9,12693.5,1285,16.107,11293.3,20454.6,383,303.374,11481.5,20831.8,14.8982,246.222,104,55.943,171.429,267.674,185,129.021,309.081,392.782,1988,1988,3.00198,0,0,0,0,0,0,0,0,261.386,0,0,0,0,0,3339,57,98.3216,0,9602,263.297
e1_span_100_static_r01,e1_span_100_static,49,19.8108,98000,49,5,36.878,11382.7,11382.7,18,2726.61,11601.7,11601.7,1245,2569.25,11577.8,11777.3,435,448.051,11684.9,11843.3,15.6943,227.186,99,54.454,278.366,445.898,198,121.05,277.942,361.042,2000,2000,3.00198,0,0,0,0,0,0,0,0,261.386,0,0,0,0,0,4008,50,98.7679,0,9801,263.335
e1_span_100_static_r01,e1_span_100_static,50,20.6333,100000,50,10,2934.18,11902.5,11902.5,23,54.63,13020.9,17382.9,1252,35.518,11903.9,19546.4,414,325.495,12092.4,12312.4,14.8527,265.394,100,64.268,307.246,375.267,204,131.821,318.974,371.917,2003,2003,3.00198,0,0,0,0,0,0,0,0,261.386,0,0,0,0,0,3954,62,98.4562,0,10004,263.373
e1_span_100_static_r01,e1_span_100_static,51,21.4439,102000,51,6,34.965,2874.29,2874.29,25,34.866,12420,18973.1,1300,27.855,12303,14624,391,268.393,12472.3,12841.5,13.4425,284.473,78,63.341,259.312,585.246,199,118.423,288.988,585.354,1999,1999,3.00198,0,0,0,0,0,0,0,0,261.386,0,0,0,0,0,3755,42,98.8939,0,10201,263.404
e1_span_100_static_r01,e1_span_100_static,52,22.4004,104000,52,8,10984,12526.3,12526.3,27,26.279,12291.5,12601,1278,437.957,12646.7,23289.7,423,606.47,12788.2,13194.6,12.6738,360.313,96,54.374,158.92,339.097,193,119.878,276.936,357.978,2025,2025,3.00198,0,0,0,0,0,0,0,0,261.386,0,0,0,0,0,3839,50,98.7143,0,10397,263.441
e1_span_100_static_r01,e1_span_100_static,53,23.4542,106000,53,7,29.633,13143.9,13143.9,35,3476.14,12881.1,12980.3,1274,1761.02,12971,14916.2,372,3146.3,13166.7,13416.6,12.6398,406.836,96,63.317,200.387,292.154,188,121.967,303.017,395.259,1972,1972,3.00198,0,0,0,0,0,0,0,0,261.386,0,0,0,0,0,3853,58,98.517,0,10585,263.478
e1_span_100_static_r01,e1_span_100_static,54,24.3306,108000,54,5,3135.79,10566.1,10566.1,31,2903.03,13171.7,13223.2,1269,39.203,13235,15458.5,421,584.914,13321.6,16787.5,12.6176,335.269,92,53.549,186.819,329.907,185,112.234,250.419,436.351,2003,2003,3.00198,0,0,0,0,0,0,0,0,261.386,0,0,0,0,0,4024,40,99.0157,0,10767,263.513
e1_span_100_static_r01,e1_span_100_static,55,25.3616,110000,55,7,7.743,13552.1,13552.1,22,54.591,13874.7,13967.9,1355,16.728,13939.8,24821.5,362,426.157,14277.2,25223.6,11.5856,435.087,96,67.013,223.118,363.968,163,135.592,284.917,380.381,2005,2005,3.00198,0,0,0,0,0,0,0,0,261.386,0,0,0,0,0,3544,37,98.9668,0,10930,263.548
e1_span_100_static_r01,e1_span_100_static,56,26.6433,112000,56,4,62.013,23889.7,23889.7,30,51.67,25241.9,25296.9,1248,24.247,19215.8,25287.4,424,609.99,22637.5,25639.1,12.2594,542.176,88,69.478,238.06,368.578,198,147.775,358.657,444.162,1992,1992,3.00198,0,0,0,0,0,0,0,0,261.386,0,0,0,0,0,4321,54,98.7657,0,11131,263.582
e1_span_100_static_r01,e1_span_100_static,57,27.9136,114000,57,3,10809.2,14231.5,14231.5,28,51.49,14292.9,22966.8,1277,220.202,14349.7,25856.7,399,402.082,14684.4,25124.6,11.1654,511.625,83,65.558,326.156,461.885,210,131.675,360.935,487.549,2000,2000,3.00198,0,0,0,0,0,0,0,0,261.386,0,0,0,0,0,3893,46,98.8322,0,11341,263.616
e1_span_100_static_r01,e1_span_100_static,58,29.1935,116000,58,8,125.39,14867.9,14867.9,10,6853.14,14640,14640,1307,246.692,14809.2,26818.6,377,507.544,15206.1,27153.9,9.48011,690.201,92,78.563,318.937,414.797,214,141.407,370.77,414.025,2008,2008,3.00198,0,0,0,0,0,0,0,0,261.386,0,0,0,0,0,3605,32,99.1202,0,11554,263.652
e1_span_100_static_r01,e1_span_100_static,59,30.4994,118000,59,6,14794.5,15217.7,15217.7,27,53.841,14985.9,24114.8,1273,36.239,15079.1,26851.5,378,618.417,15465.5,27593.9,10.4974,632.871,105,63.796,326.317,427.289,204,135.642,369.641,421.526,1993,1993,3.00198,0,0,0,0,0,0,0,0,261.386,0,0,0,0,0,3942,47,98.8218,0,11759,263.692
e1_span_100_static_r01,e1_span_100_static,60,32.0078,120000,60,6,346.05,15023.1,15023.1,30,41.163,15514.9,18584.2,1234,312.868,15566.9,27989,434,7693.47,16064.7,28000.4,9.99309,790.049,97,66.649,247.519,374.608,198,130.201,287.346,369.246,1999,1999,4.00198,0,0,0,0,0,0,0,0,261.386,0,0,0,0,0,4613,46,99.0127,0,11956,263.729
e1_span_100_static_r01,e1_span_100_static,61,33.391,122000,61,4,2784.42,12649.5,12649.5,29,37.378,15654.9,27244.8,1287,34.542,16138.4,28670.5,379,335.231,16318.3,25314.7,10.4011,607.656,105,67.821,384.247,411.051,197,132.026,432.286,6881.46,2001,2001,4.00198,0,0,0,0,0,0,0,0,261.386,0,0,0,0,0,3849,37,99.0479,0,12153,263.768
e1_span_100_static_r01,e1_span_100_static,62,34.9382,124000,62,6,16207,16738.6,16738.6,24,2730.01,29152.9,29464.6,1268,330.812,16447.3,29335.7,405,2910.35,16631.9,29302.7,8.32099,929.298,101,78.836,333.875,5513.55,202,137.362,382.207,5289.43,2006,2006,4.00198,0,0,0,0,0,0,0,0,261.386,0,0,0,0,0,4325,45,98.9703,0,12356,263.806
e1_span_100_static_r01,e1_span_100_static,63,36.4117,126000,63,3,40.598,49.421,49.421,33,45.078,16753.7,16834.3,1250,218.256,16931.5,29340.2,403,576.593,17101.3,30193.8,7.74194,950.249,101,63.341,241.276,316.235,202,136.365,376.55,538.693,1992,1992,4.00198,0,0,0,0,0,0,0,0,261.386,0,0,0,0,0,4324,42,99.038,0,12558,263.844
e1_span_100_static_r01,e1_span_100_static,64,37.6145,128000,64,9,3972.83,16932.1,16932.1,27,43.758,16966.7,17090.7,1265,35.3,17030.7,17172.6,407,577.033,17276.3,17681.8,9.78378,620.635,106,54.757,224.364,291.161,187,117.603,196.03,268.603,2001,2001,4.00198,0,0,0,0,0,0,0,0,261.386,0,0,0,0,0,4651,56,98.8103,0,12745,263.884
e1_span_100_static_r01,e1_span_100_static,65,38.8981,130000,65,7,28.792,17174.9,17174.9,24,4063.3,24430.8,31723.4,1260,3878.34,17438.3,18213.4,381,3930.57,17659.3,28022.8,7.00787,946.298,111,54.788,284.478,3685.42,218,118.882,303.792,3792.11,2001,2001,4.00198,0,0,0,0,0,0,0,0,261.386,0,0,0,0,0,4128,36,99.1354,0,12962,263.926
e1_span_100_static_r01,e1_span_100_static,66,40.1225,132000,66,7,4201.32,17750.5,17750.5,24,4341.99,17894.2,17929.4,1274,37.183,17827.6,18020.5,396,504.305,18019.3,18254.3,7.33586,799.749,94,59.839,209.966,313.966,203,114.301,281.248,340.621,1998,1998,4.00198,0,0,0,0,0,0,0,0,261.386,0,0,0,0,0,4522,40,99.1232,0,13166,263.962
e1_span_100_static_r01,e1_span_100_static,67,41.3734,134000,67,4,4597.8,18066.7,18066.7,23,848.621,17856.1,17964.4,1283,400.135,18177.7,18378.3,395,4273.06,18349.6,18639.3,7.87089,805.417,94,53.826,160.55,295.477,201,112.698,193.2,233.436,2000,2000,4.00198,0,0,0,0,0,0,0,0,261.386,0,0,0,0,0,4315,50,98.8545,0,13367,263.999
e1_span_100_static_r01,e1_span_100_static,68,42.7364,136000,68,6,50.719,18627.3,18627.3,19,22.344,18865.6,18865.6,1253,686.881,18692.5,18953.5,423,769.918,18881.2,19276.5,7.25768,945.98,105,57.853,189.246,237.713,196,116.96,209.67,440.634,2002,2002,4.00198,0,0,0,0,0,0,0,0,261.386,0,0,0,0,0,5135,52,98.9975,0,13563,264.038
e1_span_100_static_r01,e1_span_100_static,69,43.9618,138000,69,6,36.01,18862.2,18862.2,22,42.477,19088.3,19103.5,1301,15.208,19093.1,19294.5,400,324.3,19275.5,19433.6,6.2425,986.983,85,56.567,161.577,304.577,186,107.742,191.63,250.344,2000,2000,4.00198,0,0,0,0,0,0,0,0,261.386,0,0,0,0,0,4680,41,99.1315,0,13749,264.071
e1_span_100_static_r01,e1_span_100_static,70,45.3766,140000,70,11,20.504,19435.9,19435.9,25,34.842,19568.4,19674.4,1243,589.423,19498.8,19900.7,424,4670.2,19757.2,20201.1,6.07075,1183.76,89,55.053,182.706,293.816,207,110.056,200.834,296.746,1999,1999,4.00198,0,0,0,0,0,0,0,0,261.386,0,0,0,0,0,5146,47,99.0949,0,13956,264.107
e1_span_100_static_r01,e1_span_100_static,71,46.8217,142000,71,10,19587.4,20096.8,20096.8,20,4770.76,20033.7,20033.7,1277,301.45,20030.4,20633.3,396,1030.67,20223.3,20799,7.36364,906.368,92,54.259,288.722,378.764,204,117.475,251.114,319.145,1999,1999,4.00198,0,0,0,0,0,0,0,0,261.386,0,0,0,0,0,4931,45,99.0957,0,14160,264.143
e1_span_100_static_r01,e1_span_100_static,72,48.4126,144000,72,13,53.673,20561.6,20561.6,31,39.006,20454.6,21007.6,1262,379.125,20433.8,20873.4,412,705.245,20667.7,21000,6.75728,1185.46,85,62.08,166.473,336.091,198,121.049,300.559,394.58,2001,2001,4.00198,0,0,0,0,0,0,0,0,261.386,0,0,0,0,0,5010,34,99.3259,0,14357,264.177
e1_span_100_static_r01,e1_span_100_static,73,50.1631,146000,73,4,18837.7,21348.8,21348.8,30,8262.63,21296.3,23358.1,1255,29.443,20965.9,23115.5,405,832.374,21180.3,23354.6,5.59753,1572.56,96,65.524,264.179,523.182,209,137.618,418.1,469.651,1999,1999,4.00198,0,0,0,0,0,0,0,0,261.386,0,0,0,0,0,4670,17,99.6373,0,14567,264.214
e1_span_100_static_r01,e1_span_100_static,74,51.9865,148000,74,8,12.712,15291.4,15291.4,23,512.965,30510.5,38177.1,1257,22.402,25044,37846.2,420,674.31,26542.1,34225.8,6.3,1383.82,109,62.696,242.522,315.398,190,124.338,314.233,780.981,2007,2007,4.00198,0,0,0,0,0,0,0,0,261.386,0,0,0,0,0,5650,48,99.1576,0,14755,264.254
e1_span_100_static_r01,e1_span_100_static,75,53.8879,150000,75,3,69.413,17558.1,17558.1,25,6372.75,31202.1,38305.3,1256,20.491,27844.9,38833.6,422,2160.34,24258.7,38629.8,4.94787,1834.65,78,63.168,314.303,4459.56,217,127.617,430.368,4571.58,2001,2001,4.00198,0,0,0,0,0,0,0,0,261.386,0,0,0,0,0,5238,43,99.1858,0,14974,264.287
e1_span_100_static_r01,e1_span_100_static,76,55.338,152000,76,2,35450.6,35450.6,35450.6,25,49.409,22070.1,22218.3,1291,17.817,22351.6,35504.5,415,381.605,22575.2,37032.5,4.76145,1390.93,89,56.841,162.701,282.811,172,117.439,323.135,361.599,1994,1994,4.00198,0,0,0,0,0,0,0,0,261.386,0,0,0,0,0,5148,54,98.9619,0,15146,264.32
e1_span_100_static_r01,e1_span_100_static,77,57.0164,154000,77,4,5157.85,5215.47,5215.47,22,8774.99,22657,22661.2,1274,4961.23,22808.6,34528.6,381,2033.89,23025.5,30472.9,6.17848,1253.83,92,63.824,193.29,350.164,230,119.052,245.377,362.909,2003,2003,4.00198,0,0,0,0,0,0,0,0,261.386,0,0,0,0,0,4826,44,99.0965,0,15376,264.358
e1_span_100_static_r01,e1_span_100_static,78,58.4154,156000,78,7,10.173,23065.1,23065.1,32,2086.54,23098,23272.9,1286,13.438,23037.8,28206.8,376,303.286,23258.2,27900,5.37234,1303.27,101,54.938,177.147,321.519,192,118.878,325.569,484.945,1994,1994,4.00198,0,0,0,0,0,0,0,0,261.386,0,0,0,0,0,4653,31,99.3382,0,15568,264.396
e1_span_100_static_r01,e1_span_100_static,79,60.0868,158000,79,4,19621.4,20492.5,20492.5,35,5468.29,23617.5,23630.1,1268,1694.18,23538.6,31207.8,395,3505.72,23826.4,39206.5,4.11646,2076.99,96,54.536,187.512,337.472,202,119.843,260.308,385.946,2000,2000,4.00198,0,0,0,0,0,0,0,0,261.386,0,0,0,0,0,5565,42,99.2509,0,15770,264.433
e1_span_100_static_r01,e1_span_100_static,80,62.0284,160000,80,10,5416.18,39415.2,39415.2,23,7981.93,30596.9,30767.2,1239,5553.3,24309.5,39988.3,393,5752.81,24437.6,40504,4.5369,2074.16,108,51.266,192.996,252.98,227,120.79,250.713,331.47,2000,2000,4.00198,0,0,0,0,0,0,0,0,261.386,0,0,0,0,0,5415,44,99.194,0,15997,264.475
e1_span_100_static_r01,e1_span_100_static,81,63.7902,162000,81,5,1908.31,24993.5,24993.5,39,5679.15,38819.5,43313.4,1284,2109.93,24645.8,33895.2,384,4782.55,24934.1,29845.3,5.00781,1704.95,86,63.654,290.562,3345.18,202,118.767,347.927,2748.38,2000,2000,4.00198,0,0,0,0,0,0,0,0,261.386,0,0,0,0,0,5355,42,99.2218,0,16199,264.509
e1_span_100_static_r01,e1_span_100_static,82,65.6125,164000,82,7,14.826,26234.1,26234.1,23,56.457,24914.6,42115.9,1253,40.399,25465.9,42239.2,420,5686.68,25795.4,43071.5,3.59524,2661.77,98,63.749,234.248,357.508,202,119.591,241.899,313.831,2003,2003,4.00198,0,0,0,0,0,0,0,0,261.386,0,0,0,0,0,5729,48,99.1691,0,16400,264.546
e1_span_100_static_r01,e1_span_100_static,83,67.2005,166000,83,10,6080.16,25753.8,25753.8,26,48.101,25163.3,25453,1264,19.565,25526.2,26068.1,400,452.779,25804.3,30576.4,4.385,1790.74,111,55.208,201.005,268.586,188,115.528,291.997,363.883,1999,1999,4.00198,0,0,0,0,0,0,0,0,261.386,0,0,0,0,0,6033,42,99.3086,0,16588,264.587
e1_span_100_static_r01,e1_span_100_static,84,69.0948,168000,84,5,17179.1,25528,25528,26,53.14,25981.3,26016.1,1240,1973.31,25932.2,26280.5,415,5942.86,26255.2,30055.9,3.74699,2581.75,108,51.275,167.665,267.465,207,117.314,266.002,1223.58,2001,2001,4.00198,0,0,0,0,0,0,0,0,261.386,0,0,0,0,0,5999,38,99.3705,0,16796,264.628
e1_span_100_static_r01,e1_span_100_static,85,70.9143,170000,85,5,36.552,26051.9,26051.9,39,62.348,26493.7,26563.5,1251,158.6,26503.5,29008.4,406,479.955,26724.1,29431,3.64286,2260.72,104,59.566,148.973,236.451,193,115.18,239.716,350.284,1998,1998,4.00198,0,0,0,0,0,0,0,0,261.386,0,0,0,0,0,5857,39,99.3385,0,16989,264.667
e1_span_100_static_r01,e1_span_100_static,86,72.6553,172000,86,7,41.637,26774.9,26774.9,33,49.854,26877.8,27378.5,1232,16.172,27007.3,27750.2,429,302.545,27313,33648,4.56876,1793.04,95,56.504,199.53,327.38,203,116.171,307.714,466.953,1999,1999,4.00198,0,0,0,0,0,0,0,0,261.386,0,0,0,0,0,5870,23,99.6097,0,17192,264.703
e1_span_100_static_r01,e1_span_100_static,87,74.7712,174000,87,6,14.852,9828.25,9828.25,25,6215.01,36815.4,37065.7,1268,28.659,34768.6,37753.1,394,4245.84,35152.8,37003,3.78934,2805.41,106,57.483,183.911,3082.2,202,120.714,305.996,3400.53,2001,2001,4.00198,0,0,0,0,0,0,0,0,261.386,0,0,0,0,0,5476,27,99.5094,0,17394,264.743
e1_span_100_static_r01,e1_span_100_static,88,77.0241,176000,88,4,27411,37085.3,37085.3,27,38.867,36561.2,37971.3,1277,15.659,36060.1,38986.9,389,497.945,36641.6,40883.6,3.15167,3546.81,99,52.903,171.742,381.837,203,116.418,472.85,1336.24,1999,1999,4.00198,0,0,0,0,0,0,0,0,261.386,0,0,0,0,0,5816,24,99.589,0,17597,264.781
e1_span_100_static_r01,e1_span_100_static,89,79.6162,178000,89,2,37849.1,37849.1,37849.1,22,9594.58,37214.4,37344,1248,3613.07,37012.7,41682,415,6217.04,36702.9,41148.1,3.9759,3098.52,112,54.113,250.342,711.9,203,113.031,259.096,869.456,2002,2002,4.00198,0,0,0,0,0,0,0,0,261.386,0,0,0,0,0,6488,52,99.2049,0,17800,264.823
e1_span_100_static_r01,e1_span_100_static,90,82.3768,180000,90,4,21.446,26270.6,26270.6,28,12642.6,38292.5,41272.3,1299,8891.8,38046.1,40937.1,356,9444.11,37647.1,39012.1,2.91292,4484.57,109,52.311,178.13,268.122,205,120.427,290.307,502.439,2001,2001,5.00199,0,0,0,0,0,0,0,0,261.386,0,0,0,0,0,5630,34,99.3997,0,18005,264.864
e1_span_100_static_r01,e1_span_100_static,91,84.7355,182000,91,2,38653.7,38653.7,38653.7,26,28.353,24789.4,36150.2,1304,15.715,38120.5,40674.6,362,395.901,38616.5,41001.7,2.41713,4660.66,114,54.025,154.92,271.584,190,112.9,256.252,1112.34,1998,1998,5.00199,0,0,0,0,0,0,0,0,261.386,0,0,0,0,0,5528,29,99.4781,0,18195,264.906
e1_span_100_static_r01,e1_span_100_static,92,87.3552,184000,92,8,10359.7,39392.1,39392.1,30,15380.4,39474.6,40770.4,1259,5682.93,38597.4,42000,374,5248.89,38873.3,42129.5,3.40374,3756.24,120,47.973,236.378,413.167,210,107.701,333.589,1160.15,2001,2001,5.00199,0,0,0,0,0,0,0,0,261.386,0,0,0,0,0,5463,33,99.3996,0,18405,264.949
e1_span_100_static_r01,e1_span_100_static,93,90.3357,186000,93,5,26975.6,41543,41543,25,44.054,38659.4,40565.6,1231,7237.91,40142.1,42868.3,420,9263.56,40210.7,42918.6,3.00714,4821.74,97,57.664,171.507,226.186,226,114.7,285.851,808.288,2004,2004,5.00199,0,0,0,0,0,0,0,0,261.386,0,0,0,0,0,6128,39,99.3676,0,18629,264.988
e1_span_100_static_r01,e1_span_100_static,94,92.7337,188000,94,6,13773.4,37222.5,37222.5,22,47.75,35993.4,38637.7,1305,14.451,40235.5,42242.9,376,398.382,40573.2,43214.2,3.56649,3191.08,108,51.113,212.181,546.691,184,115.867,331.592,1733.49,2001,2001,5.00199,0,0,0,0,0,0,0,0,261.386,0,0,0,0,0,5744,35,99.3944,0,18815,265.028
e1_span_100_static_r01,e1_span_100_static,95,95.8186,190000,95,7,10341.6,30184.4,30184.4,17,2097.46,42171.1,42171.1,1260,9321.36,41350.3,45089.7,400,10577.3,42201.1,59713,2.5575,5862.49,95,61.01,206.051,1995.33,214,115.398,491.009,1909.36,1993,1993,5.00199,0,0,0,0,0,0,0,0,261.386,0,0,0,0,0,6173,23,99.6288,0,19029,265.065
e1_span_100_static_r01,e1_span_100_static,96,98.3137,192000,96,10,64.335,17528,17528,35,64.206,44477,45529.7,1296,16.183,41444.1,54504,371,508.914,41786.9,57198.2,2.86523,4175.24,117,54.925,197.121,248.879,179,119.356,278.164,1580.25,2008,2008,5.00199,0,0,0,0,0,0,0,0,261.386,0,0,0,0,0,5637,25,99.5585,0,19206,265.107
e1_span_100_static_r01,e1_span_100_static,97,101.219,194000,97,6,18303.3,51856.6,51856.6,24,43.169,41645.4,42568.7,1267,19.315,42070,51728.9,418,2091,43785.6,57153.7,3.32297,4522.76,94,46.577,257.618,785.017,185,110.412,396.902,750.881,1994,1994,5.00199,0,0,0,0,0,0,0,0,261.386,0,0,0,0,0,6050,39,99.3595,0,19393,265.142
e1_span_100_static_r01,e1_span_100_static,98,104.268,196000,98,2,15040.6,15040.6,15040.6,34,10032.8,52706.5,55742.7,1185,9116.13,43136,58945.9,437,9163.45,44512.7,59769.1,3.54462,4306.18,122,61.651,180.718,326.206,218,110.019,398.461,3012.33,1998,1998,5.00199,0,0,0,0,0,0,0,0,261.386,0,0,0,0,0,6251,32,99.4907,0,19611,265.188
e1_span_100_static_r01,e1_span_100_static,99,106.928,198000,99,6,12678.3,38020.5,38020.5,31,32.209,39017.6,42837.6,1278,295.514,42823.7,45209.1,389,560.799,43117.1,48017.2,3.05656,4142.41,109,52.655,233.356,311.634,188,124.958,403.006,2042.73,2001,2001,5.00199,0,0,0,0,0,0,0,0,261.386,0,0,0,0,0,6027,23,99.6198,0,19799,265.228
e1_span_100_static_r01,e1_span_100_static,100,109.692,200000,100,11,31.03,17441.2,17441.2,26,77.812,37405.7,42038,1259,215.489,42816.1,46126.6,392,10274.1,42757.5,44229.3,2.51531,5499.2,110,50.204,252.312,924.574,201,114.594,503.519,1661.42,1999,1999,5.00199,0,0,0,0,0,0,0,0,261.386,0,0,0,0,0,6048,45,99.2614,0,20000,265.269
e1_span_100_static_r02,e1_span_100_static,1,0.0260636,2000,1,2,76.892,76.892,76.892,26,22.154,66.138,67.304,1257,21.851,76.936,92.158,404,147.137,205.308,457.968,98.9703,2.55306,122,17.258,74.254,129.409,198,38.848,112.533,330.996,2009,2009,1.00196,0,0,0,0,0,0,0,0,261.377,0,0,0,0,0,265,4063,6.12292,0,198,261.507
e1_span_100_static_r02,e1_span_100_static,2,0.0451014,4000,2,6,83.318,107.635,107.635,25,44.15,133.999,178.435,1273,56.415,143.345,163.517,375,146.064,245.304,264.151,92.1333,1.64087,100,14.094,63.844,90.45,219,39.247,105.259,137.283,1998,1998,1.00196,0,0,0,0,0,0,0,0,261.377,0,0,0,0,0,710,3204,18.14,0,416,261.547
e1_span_100_static_r02,e1_span_100_static,3,0.0725556,6000,3,7,127.999,426.835,426.835,28,93.051,215.91,263.024,1216,78.821,232.525,290.522,424,197.211,340.272,374.34,87.4646,2.21935,103,16.347,72.27,92.958,220,43.412,104.332,134.473,1998,1998,1.00196,0,0,0,0,0,0,0,0,261.377,0,0,0,0,0,1092,2999,26.6927,0,636,261.586
e1_span_100_static_r02,e1_span_100_static,4,0.106433,8000,4,9,15.198,434.306,434.306,24,156.346,336.286,355.959,1253,93.541,349.833,411.52,429,164.848,439.152,491.309,87.5781,2.41593,82,21.236,113.028,134.359,204,51.722,135.296,162.04,2001,2001,1.00196,0,0,0,0,0,0,0,0,261.377,0,0,0,0,0,1519,2621,36.6908,0,840,261.619
e1_span_100_static_r02,e1_span_100_static,5,0.157799,10000,5,5,365.457,516.011,516.011,26,21.004,446.972,719.476,1253,92.198,588.882,665.589,440,193.107,736.343,809.955,81.6523,3.6792,98,24.722,119.196,165.961,188,65.112,160.353,202.368,2010,2010,1.00196,0,0,0,0,0,0,0,0,261.377,0,0,0,0,0,1769,2225,44.2914,0,1028,261.655
e1_span_100_static_r02,e1_span_100_static,6,0.233185,12000,6,5,23.212,839.262,839.262,28,247.208,875.462,1565.11,1284,71.419,919.253,1060.68,396,279.608,1092.15,1244.49,79.6035,5.55271,92,38.896,143.122,286.639,189,85.419,180.511,274.782,1994,1994,1.00196,0,0,0,0,0,0,0,0,261.377,0,0,0,0,0,1874,1838,50.4849,0,1217,261.691
e1_span_100_static_r02,e1_span_100_static,7,0.328282,14000,7,11,247.446,980.879,980.879,29,175.035,1059.68,1524.49,1264,238.66,1059.32,1154.67,382,318.616,1257.69,1559.11,76.7016,6.96136,96,39.818,180.471,300.897,210,91.356,246.53,309.041,1992,1992,2.00197,0,0,0,0,0,0,0,0,261.377,0,0,0,0,0,2043,1491,57.8098,0,1428,261.729
e1_span_100_static_r02,e1_span_100_static,8,0.438598,16000,8,8,337.903,1090.31,1090.31,26,228.446,1344.3,1621.6,1256,52.853,1450.14,1631.74,419,231.773,1593.38,1814.89,72.5203,7.98369,111,54.353,174.331,204.753,187,99.44,220.929,270.61,2007,2007,2.00197,0,0,0,0,0,0,0,0,261.377,0,0,0,0,0,2273,1360,62.5654,0,1614,261.768
e1_span_100_static_r02,e1_span_100_static,9,0.5903,18000,9,8,30.43,1442,1442,24,1370.91,1606.73,1823.32,1259,51.793,1650.42,1791.13,390,474.285,1815.92,2032.66,71.0077,12.0909,112,59.349,185.513,220.648,203,117.901,259.839,335.147,1996,1996,2.00197,0,0,0,0,0,0,0,0,261.377,0,0,0,0,0,2324,1065,68.5748,0,1818,261.81
e1_span_100_static_r02,e1_span_100_static,10,0.758624,20000,10,5,163.681,1568.07,1568.07,19,1605.37,1883.61,1883.61,1275,215.853,1835.44,1969.29,390,384.216,1976.65,2130.07,67.8897,13.2808,98,62.869,173.391,297,215,118.363,299.435,348.239,2002,2002,2.00197,0,0,0,0,0,0,0,0,261.377,0,0,0,0,0,2387,869,73.3108,0,2031,261.848
e1_span_100_static_r02,e1_span_100_static,11,0.926714,22000,11,3,251.527,297.469,297.469,20,86.927,1916.03,1916.03,1301,49.879,1919.28,2074.49,388,473.06,2099.97,2269.35,64.8325,14.1978,91,57.485,181.843,284.033,190,113.051,225.169,333.645,1993,1993,2.00197,0,0,0,0,0,0,0,0,261.377,0,0,0,0,0,2391,798,74.9765,0,2223,261.883
e1_span_100_static_r02,e1_span_100_static,12,1.08243,24000,12,5,428.802,1781.15,1781.15,24,18.644,1996.49,2079.19,1256,120.886,2004.34,2153.18,387,462.105,2184.03,2401.7,64.9948,13.1698,113,51.846,202.47,348.002,215,104.747,309.705,410.543,2000,2000,2.00197,0,0,0,0,0,0,0,0,261.377,0,0,0,0,0,2465,728,77.2001,0,2438,261.925
e1_span_100_static_r02,e1_span_100_static,13,1.26523,26000,13,5,43.534,2065.24,2065.24,21,456.862,2299.03,2397,1253,387.335,2246.5,2426.39,401,568.5,2399.69,2635.48,56.8803,16.8575,104,51.877,147.856,180.325,216,106.227,241.078,328.146,2000,2000,2.00197,0,0,0,0,0,0,0,0,261.377,0,0,0,0,0,2514,604,80.6286,0,2654,261.965
e1_span_100_static_r02,e1_span_100_static,14,1.47216,28000,14,4,2248.29,2613.13,2613.13,31,556.714,2395.68,2458.38,1251,486.954,2494.59,2654.54,405,529.985,2625.03,2779.53,56.2469,18.5003,101,52.181,134.068,162.492,210,104.367,185.077,282.964,2002,2002,2.00197,0,0,0,0,0,0,0,0,261.377,0,0,0,0,0,2592,513,83.4783,0,2864,262.004
e1_span_100_static_r02,e1_span_100_static,15,1.68106,30000,15,4,18.093,30.079,30.079,24,291.704,2675.48,3085.14,1260,217.651,2695.55,2946.09,399,274.187,2827.05,3045.56,52.9273,19.1693,114,51.617,148.897,302.132,203,110.595,299.896,335.219,2004,2004,2.00197,0,0,0,0,0,0,0,0,261.377,0,0,0,0,0,2580,449,85.1766,0,3067,262.046
e1_span_100_static_r02,e1_span_100_static,16,1.89182,32000,16,8,791.907,2667.97,2667.97,16,465.115,2778.28,2778.28,1324,31.775,2840.96,2976.29,374,445.549,2967.68,3142.2,53.2674,20.9695,96,54.643,155.297,287.461,176,108.727,217.833,230.507,1994,1994,2.00197,0,0,0,0,0,0,0,0,261.377,0,0,0,0,0,2496,427,85.3917,0,3243,262.082
e1_span_100_static_r02,e1_span_100_static,17,2.08967,34000,17,4,6.158,26.379,26.379,32,27.399,2985.55,3036.91,1267,30.584,2966.21,3124.45,417,206.632,3131.89,3276.64,52.6427,20.0036,95,53.358,174.137,352.834,189,108.36,272.45,300.998,2004,2004,2.00197,0,0,0,0,0,0,0,0,261.377,0,0,0,0,0,2697,419,86.5533,0,3430,262.118
e1_span_100_static_r02,e1_span_100_static,18,2.34814,36000,18,5,3038.89,4273.03,4273.03,21,601.419,3088.43,3143.18,1260,445.571,3224.57,3423.2,391,759.734,3396.23,3672.4,46.4962,29.6776,106,58.641,168.101,252.38,213,104.731,235.93,295.294,1996,1996,2.00197,0,0,0,0,0,0,0,0,261.377,0,0,0,0,0,2583,297,89.6875,0,3645,262.158
e1_span_100_static_r02,e1_span_100_static,19,2.61624,38000,19,6,51.288,868.615,868.615,30,46.867,3567.12,3643.77,1238,72.585,3481.26,3671.64,434,235.685,3660.44,3950.86,50.7627,26.1928,116,58.289,164.325,243.3,183,108.439,245.577,337.692,2007,2007,2.00197,0,0,0,0,0,0,0,0,261.377,0,0,0,0,0,2909,296,90.7644,0,3827,262.2
e1_span_100_static_r02,e1_span_100_static,20,2.95259,40000,20,10,32.279,3518.44,3518.44,22,43.085,3655.6,6731.14,1256,49.679,3714.87,6597.4,415,523.862,3924.7,6804.49,45.4265,40.2561,106,72.3,316.081,420.514,192,150.947,397.804,547.134,2001,2001,2.00197,0,0,0,0,0,0,0,0,261.377,0,0,0,0,0,2779,243,91.959,0,4020,262.239
e1_span_100_static_r02,e1_span_100_static,21,3.33922,42000,21,9,17.161,3850.2,3850.2,27,47.565,3868.43,3897.39,1261,56.27,6823.85,7200.41,397,325.791,6918.62,7313.65,46.5164,41.6751,103,65.623,252.481,414.85,198,144.901,391.936,509.711,1995,1995,2.00197,0,0,0,0,0,0,0,0,261.377,0,0,0,0,0,2749,199,93.2497,0,4218,262.277
e1_span_100_static_r02,e1_span_100_static,22,3.72403,44000,22,5,90.79,963.022,963.022,28,3715.11,4049.04,4124.44,1270,48.634,4201.73,7388.74,393,361.68,4690.46,7560.66,41.0509,47.6972,110,70.175,301.675,372.437,192,157.941,426.079,650.359,1998,1998,2.00197,0,0,0,0,0,0,0,0,261.377,0,0,0,0,0,2601,187,93.2927,0,4410,262.317
e1_span_100_static_r02,e1_span_100_static,23,4.10531,46000,23,3,20.306,3997.25,3997.25,35,41.384,4290.16,4465.55,1252,36.948,4435.02,7817.12,404,303.545,4854.22,7975.47,40.453,50.0202,116,79.882,370.314,476.032,190,151.213,394.285,462.223,2000,2000,2.00197,0,0,0,0,0,0,0,0,261.377,0,0,0,0,0,2694,164,94.2617,0,4600,262.359
e1_span_100_static_r02,e1_span_100_static,24,4.48661,48000,24,6,43.146,55.847,55.847,22,334.728,4436.43,4473.04,1298,35.298,4606.93,8124.68,383,283.322,4742.72,8241.34,38.3342,49.3496,104,72.268,296.505,383.375,192,145.558,377.73,615.602,2005,2005,2.00197,0,0,0,0,0,0,0,0,261.377,0,0,0,0,0,2629,172,93.8593,0,4792,262.397
e1_span_100_static_r02,e1_span_100_static,25,4.87288,50000,25,1,4615.08,4615.08,4615.08,28,1739.82,8375.22,8393.32,1277,32.583,4757.26,8638.55,408,268.915,5253.62,8874.38,42.0956,48.419,83,68.265,325.43,496.215,200,142.426,393.22,505.815,1997,1997,2.00197,0,0,0,0,0,0,0,0,261.377,0,0,0,0,0,2944,146,95.2751,0,4991,262.43
e1_span_100_static_r02,e1_span_100_static,26,5.27923,52000,26,4,4604.35,4828.98,4828.98,24,43.939,4843.93,4970.6,1307,33.86,5333.17,8884.77,418,279.264,5468.3,6949.95,37.9904,48.8838,82,84.78,355.908,661.534,189,148.032,609.399,7350.98,2024,2024,2.00197,0,0,0,0,0,0,0,0,261.377,0,0,0,0,0,2826,112,96.1879,0,5176,262.462
e1_span_100_static_r02,e1_span_100_static,27,5.79514,54000,27,5,191.301,520.98,520.98,16,54.423,5326.24,5326.24,1288,243.612,5270.27,9723.55,367,472.296,5515.02,9959.62,37.1662,70.4448,91,78.467,355.838,432.754,217,145.168,400.508,511.014,1984,1984,2.00197,0,0,0,0,0,0,0,0,261.377,0,0,0,0,0,2524,111,95.7875,0,5398,262.498
e1_span_100_static_r02,e1_span_100_static,28,6.29715,56000,28,8,35.844,5503.56,5503.56,33,5230.61,5640.63,9898.6,1245,46.848,5576.18,9944.96,400,374.413,5862.4,10242.5,31.255,81.4176,108,89.48,322.697,493.685,195,149.962,438.73,594.038,1989,1989,2.00197,0,0,0,0,0,0,0,0,261.377,0,0,0,0,0,2789,119,95.9078,0,5593,262.537
e1_span_100_static_r02,e1_span_100_static,29,6.84326,58000,29,8,1372.58,5668.01,5668.01,23,49.013,10025.9,10244.3,1278,52.697,5813.73,10403.1,397,771.881,6057.11,10678,34.9295,86.7472,99,73.004,267.918,457.719,196,151.04,348.997,476.195,2001,2001,2.00197,0,0,0,0,0,0,0,0,261.377,0,0,0,0,0,2806,96,96.6919,0,5789,262.574
e1_span_100_static_r02,e1_span_100_static,30,7.39737,60000,30,7,39.46,5853.34,5853.34,26,41.605,5888.66,10788.3,1262,141.095,5982.47,10911.2,409,542.069,6112.8,11174.5,31.5037,91.1761,108,68.301,294.667,478.634,191,137.741,357.741,535.445,2003,2003,2.00197,0,0,0,0,0,0,0,0,261.377,0,0,0,0,0,2772,88,96.9231,0,5979,262.614
e1_span_100_static_r02,e1_span_100_static,31,7.92311,62000,31,6,70.429,5859.14,5859.14,22,40.559,6107.28,6309.67,1274,33.562,6236.39,11280.6,404,542.524,6436.09,11520.4,29.1634,102.942,111,69.053,236.448,314.281,186,138.185,328.058,429.138,2003,2003,2.00197,0,0,0,0,0,0,0,0,261.377,0,0,0,0,0,2901,101,96.6356,0,6165,262.654
e1_span_100_static_r02,e1_span_100_static,32,8.52711,64000,32,6,37.632,6190.12,6190.12,23,6064.91,6767.27,11678.1,1290,198.481,6558.85,11884.9,373,341.545,6859.11,12132.9,29.378,105.3,88,76.095,418.832,504.368,214,148.196,397.385,447.494,1994,1994,2.00197,0,0,0,0,0,0,0,0,261.377,0,0,0,0,0,2594,92,96.5748,0,6380,262.689
e1_span_100_static_r02,e1_span_100_static,33,9.14381,66000,33,8,37.555,6606.3,6606.3,21,6272.69,6827.31,12508.1,1252,47.72,6727.74,12290.7,429,279.979,6889.28,12362.1,28.8019,98.1234,100,70.362,254.039,357.582,189,136.446,293.98,409.482,1999,1999,2.00197,0,0,0,0,0,0,0,0,261.377,0,0,0,0,0,3118,99,96.9226,0,6569,262.727
e1_span_100_static_r02,e1_span_100_static,34,9.78073,68000,34,7,384.211,6862.69,6862.69,18,6782.61,12517,12517,1291,34.51,6982.57,12606.8,401,623.823,7295.87,12808.7,30.581,116.294,91,68.097,268.635,381.288,198,135.143,349.787,444.059,2006,2006,2.00197,0,0,0,0,0,0,0,0,261.377,0,0,0,0,0,2876,86,97.0966,0,6767,262.762
e1_span_100_static_r02,e1_span_100_static,35,10.3839,70000,35,6,7080.29,7143.27,7143.27,36,261.105,7248.28,13172.3,1258,27.131,7260.68,12985.6,407,260.007,7488.69,13225.9,25.5725,117.554,114,68.249,293.276,469.418,177,139.473,386.757,543.871,1998,1998,3.00198,0,0,0,0,0,0,0,0,261.377,0,0,0,0,0,3033,101,96.7773,0,6944,262.802
e1_span_100_static_r02,e1_span_100_static,36,11.0367,72000,36,5,23.42,7199.67,7199.67,22,46.423,7514.14,13721.8,1291,40.009,7491.42,13677.8,392,560.849,7705.07,13827,20.0842,177.313,84,65.399,357.75,484.807,207,150.071,390.428,441.874,2001,2001,3.00198,0,0,0,0,0,0,0,0,261.377,0,0,0,0,0,2904,49,98.3407,0,7148,262.836
e1_span_100_static_r02,e1_span_100_static,37,11.7649,74000,37,7,7421.18,7680.5,7680.5,25,7498.54,14062.8,14402.9,1246,59.133,7909.08,14419.4,410,391.919,9332.78,14747.8,23.3902,157.622,106,75.948,245.695,347.951,208,137.542,300.641,352.242,2002,2002,3.00198,0,0,0,0,0,0,0,0,261.377,0,0,0,0,0,3051,72,97.6945,0,7357,262.876
e1_span_100_static_r02,e1_span_100_static,38,12.4373,76000,38,9,37.211,8107.12,8107.12,21,46.683,7958.52,14366.2,1274,26.372,8075.4,14734.2,388,283.866,8415.6,14846.3,21.0799,168.74,107,68.097,297.965,380.461,201,141.161,356.613,420.732,2000,2000,3.00198,0,0,0,0,0,0,0,0,261.377,0,0,0,0,0,3012,71,97.697,0,7558,262.915
e1_span_100_static_r02,e1_span_100_static,39,13.1665,78000,39,4,8077.19,8355.31,8355.31,18,1909.55,8431.1,8431.1,1221,493.201,8309.48,15179.5,423,675.092,8524.3,15269.2,19.3002,190.251,101,63.688,289,431.25,228,128.164,296.813,474.1,1995,1995,3.00198,0,0,0,0,0,0,0,0,261.377,0,0,0,0,0,3259,87,97.3999,0,7787,262.955
e1_span_100_static_r02,e1_span_100_static,40,13.8304,80000,40,6,2119.27,8447.53,8447.53,33,2066.43,15094.4,15827.4,1263,1996.96,8573.97,10174.7,373,2057.82,8748.1,10513.7,21.2895,156.178,111,61.797,164.618,250.061,214,118.625,219.023,306.799,2000,2000,3.00198,0,0,0,0,0,0,0,0,261.377,0,0,0,0,0,2894,54,98.1682,0,8002,262.997
e1_span_100_static_r02,e1_span_100_static,41,14.5387,82000,41,7,8.743,8661.37,8661.37,17,752.741,9119.97,9119.97,1289,321.264,8945.96,16130.3,393,684.886,9175.42,16540.3,19.2926,188.069,93,54.074,187.314,354.16,203,121.996,273.853,358.381,2002,2002,3.00198,0,0,0,0,0,0,0,0,261.377,0,0,0,0,0,3168,68,97.8986,0,8204,263.033
e1_span_100_static_r02,e1_span_100_static,42,15.1957,84000,42,7,190.411,9112.07,9112.07,25,42.003,9364.89,9466.79,1293,20.56,9207.6,10061,402,589.963,9319.09,9554.26,21.3706,151.013,94,63.756,243.366,471.666,176,120.692,272.881,342.183,1997,1997,3.00198,0,0,0,0,0,0,0,0,261.377,0,0,0,0,0,3261,55,98.3414,0,8381,263.068
e1_span_100_static_r02,e1_span_100_static,43,15.9037,86000,43,6,561.1,7462.91,7462.91,27,2289.19,9520.78,9609.6,1313,33.776,9505.55,17160.6,381,407.956,9586.44,10139.9,18.1654,178.93,86,62.087,163.925,249.079,187,120.726,261.227,395.173,2000,2000,3.00198,0,0,0,0,0,0,0,0,261.377,0,0,0,0,0,3079,62,98.0261,0,8568,263.101
e1_span_100_static_r02,e1_span_100_static,44,16.6838,88000,44,2,7542.45,7542.45,7542.45,20,2210.97,9683.96,9683.96,1288,431.948,9805.38,17747.6,387,722.722,9973.92,18396.2,17.3127,210.919,102,63.061,195.631,261.016,205,128.118,286.547,344.123,2004,2004,3.00198,0,0,0,0,0,0,0,0,261.377,0,0,0,0,0,3485,54,98.4741,0,8771,263.14
e1_span_100_static_r02,e1_span_100_static,45,17.5328,90000,45,8,503.409,8269.42,8269.42,23,801.724,10046.4,10576.6,1264,2332.89,10123.2,15296.9,388,2393.67,10228.1,17488.1,17.384,224.601,98,62.024,247.495,374.589,215,123.614,289.381,372.51,1996,1996,3.00198,0,0,0,0,0,0,0,0,261.377,0,0,0,0,0,3426,62,98.2225,0,8988,263.179
e1_span_100_static_r02,e1_span_100_static,46,18.3573,92000,46,9,8.984,9369.42,9369.42,31,6973.81,10600.8,10716.5,1236,716.2,10570.8,11419.5,420,2459.04,10721.6,11684.4,17.7643,222.844,92,59.587,212.268,453.444,211,121.952,260.553,364.818,1999,1999,3.00198,0,0,0,0,0,0,0,0,261.377,0,0,0,0,0,3533,66,98.1662,0,9199,263.215
e1_span_100_static_r02,e1_span_100_static,47,19.208,94000,47,9,2709.05,10962.7,10962.7,28,27.025,10821.1,10850.2,1263,476.944,11006.8,18098.3,402,817.072,11128.7,12298,14.2488,280.915,82,62.181,121.46,266.458,218,119.123,272.714,412.324,2002,2002,3.00198,0,0,0,0,0,0,0,0,261.377,0,0,0,0,0,3350,61,98.2117,0,9417,263.25
e1_span_100_static_r02,e1_span_100_static,48,20.042,96000,48,9,2932.98,11442.2,11442.2,22,33.134,11145.6,11443,1290,28.146,11407.5,20634.8,386,252.42,11511.3,21021.4,14.8834,251.024,106,62.793,149.78,241.74,185,119.815,322.211,394.916,1998,1998,3.00198,0,0,0,0,0,0,0,0,261.377,0,0,0,0,0,3359,58,98.3026,0,9602,263.288
e1_span_100_static_r02,e1_span_100_static,49,20.8612,98000,49,5,1768.99,11809.5,11809.5,18,1562.88,20694.4,20694.4,1247,301.931,11652.1,15064.2,435,289.235,11828.9,15139.6,15.6943,228.143,99,53.799,221.561,375.813,199,118.896,262.339,353.633,2003,2003,3.00198,0,0,0,0,0,0,0,0,261.377,0,0,0,0,0,3987,53,98.6881,0,9800,263.326
e1_span_100_static_r02,e1_span_100_static,50,21.7283,100000,50,10,2965.16,12206.3,12206.3,23,35.022,12000.8,12014.7,1252,36.786,11994.8,19716.8,414,362.58,12197.8,21640.3,14.8527,293.422,100,60.845,250.719,443.018,204,125.533,254.862,329.269,2003,2003,3.00198,0,0,0,0,0,0,0,0,261.377,0,0,0,0,0,3997,58,98.5697,0,10004,263.364
e1_span_100_static_r02,e1_span_100_static,51,22.6526,102000,51,6,34.006,12299.6,12299.6,25,372.769,12460.1,22709.9,1299,36.507,12350.1,22169.5,391,561.409,12511.7,18289.5,13.4425,328.765,78,56.784,322.318,450.686,199,123.51,300.18,478.562,1998,1998,3.00198,0,0,0,0,0,0,0,0,261.377,0,0,0,0,0,3743,41,98.9165,0,10203,263.396
e1_span_100_static_r02,e1_span_100_static,52,23.5627,104000,52,8,44.451,12540.1,12540.1,27,46.178,12353.1,12508.8,1266,309.324,12636.6,15042.7,414,2986.05,12816.8,13338.4,12.7101,368.9,94,52.493,150.356,189.894,193,107.026,216.933,348.478,2002,2002,3.00198,0,0,0,0,0,0,0,0,261.377,0,0,0,0,0,3831,54,98.61,0,10397,263.432
e1_span_100_static_r02,e1_span_100_static,53,24.5437,106000,53,7,43.388,23604.1,23604.1,35,41.178,12906.9,13066.4,1285,2813.74,12991.1,14103.9,382,824.077,13121.7,13388.6,12.5681,364.817,98,60.269,152.686,430.398,189,122.021,319.984,426.714,1996,1996,3.00198,0,0,0,0,0,0,0,0,261.377,0,0,0,0,0,3891,58,98.5313,0,10584,263.469
e1_span_100_static_r02,e1_span_100_static,54,25.4774,108000,54,5,10503.1,13190,13190,31,48.596,13234.9,13765.7,1267,53.29,13322.2,16689.4,421,558.256,13460.1,22938.7,12.6413,366.478,92,62.701,248.924,311.18,184,121.343,265.507,331.601,2000,2000,3.00198,0,0,0,0,0,0,0,0,261.377,0,0,0,0,0,4037,42,98.9703,0,10769,263.504
e1_span_100_static_r02,e1_span_100_static,55,26.3105,110000,55,7,9.7,13592.4,13592.4,22,2786.3,13526.2,13621.2,1351,15.875,13525.4,13676.8,361,228.488,13721.4,13846.7,11.59,348.874,96,53.945,127.318,258.787,161,117.582,268.233,334.356,1998,1998,3.00198,0,0,0,0,0,0,0,0,261.377,0,0,0,0,0,3534,42,98.8255,0,10931,263.539
e1_span_100_static_r02,e1_span_100_static,56,27.3224,112000,56,4,3350.09,3371.49,3371.49,30,45.626,13869.1,15787.1,1256,20.263,13906.2,22049.4,425,939.687,14143.2,22923.1,12.2306,446.426,89,55.529,134.274,275.65,201,127.997,272.052,329.497,2005,2005,3.00198,0,0,0,0,0,0,0,0,261.377,0,0,0,0,0,4319,56,98.72,0,11129,263.574
e1_span_100_static_r02,e1_span_100_static,57,28.4065,114000,57,3,932.614,3460.3,3460.3,28,42.638,14260.8,14448.1,1276,43.606,14290.5,14754.4,399,540.285,14480.3,14988,11.1654,476.703,82,64.27,214.81,228.797,210,121.234,283.625,434.795,1998,1998,3.00198,0,0,0,0,0,0,0,0,261.377,0,0,0,0,0,3892,46,98.8319,0,11340,263.607
e1_span_100_static_r02,e1_span_100_static,58,29.7035,116000,58,8,14074.9,14638.1,14638.1,10,42.338,9219.97,9219.97,1306,312.106,14953.1,26666.1,377,657.66,15180.4,16790.8,9.57029,667.835,92,67.898,443.154,563.088,213,138.338,419.288,527.113,2006,2006,3.00198,0,0,0,0,0,0,0,0,261.377,0,0,0,0,0,3629,29,99.2072,0,11554,263.644
e1_span_100_static_r02,e1_span_100_static,59,31.0325,118000,59,6,14881.1,26741.6,26741.6,27,573.618,15103.2,16610.4,1273,33.704,15282.8,27236,377,679.884,15588.2,27934.1,10.4297,652.197,105,66.966,256.036,427.665,204,132.791,344.877,7440.22,1992,1992,3.00198,0,0,0,0,0,0,0,0,261.377,0,0,0,0,0,3967,43,98.9277,0,11759,263.683
e1_span_100_static_r02,e1_span_100_static,60,32.4906,120000,60,6,15209.7,18204.6,18204.6,30,187.354,15827.9,15840,1236,83.284,17625.1,28107.2,434,1040.14,16334.1,27108.6,9.99309,730.447,97,67.353,272.101,772.688,199,137.085,315.579,838.259,2002,2002,3.00198,0,0,0,0,0,0,0,0,261.377,0,0,0,0,0,4617,47,98.9923,0,11956,263.72
e1_span_100_static_r02,e1_span_100_static,61,33.842,122000,61,4,15704,15939.4,15939.4,29,6048.26,16389.7,18714.5,1283,35.173,16172.1,23923.5,381,498.591,16564.3,18241.2,10.3465,664.153,105,75.822,398.607,3587.44,196,130.255,425.97,3577.45,1998,1998,4.00198,0,0,0,0,0,0,0,0,261.377,0,0,0,0,0,3862,40,98.9749,0,12154,263.759
e1_span_100_static_r02,e1_span_100_static,62,35.4346,124000,62,6,11002,16057.2,16057.2,24,1728.15,16397.6,16432.5,1275,800.362,16512.3,26803.4,403,8728.54,17051.8,29661.7,8.36228,1011.53,102,65.587,204.445,272.059,202,130.411,350.966,545.255,2012,2012,4.00198,0,0,0,0,0,0,0,0,261.377,0,0,0,0,0,4339,39,99.1092,0,12356,263.798
e1_span_100_static_r02,e1_span_100_static,63,36.9235,126000,63,3,22.399,13357.3,13357.3,33,49.944,17211.3,30389.2,1249,214.084,17201.1,27135,403,1131.89,17417.4,18101.4,7.74194,962.478,100,64.123,266.447,442.253,203,128.234,291.382,407.267,1991,1991,4.00198,0,0,0,0,0,0,0,0,261.377,0,0,0,0,0,4355,41,99.0673,0,12558,263.836
e1_span_100_static_r02,e1_span_100_static,64,38.3143,128000,64,9,420.419,16914.4,16914.4,27,41.853,16975.7,17273,1262,24.509,17260.2,29858.6,407,694.717,17781.2,29881.7,9.79607,733.238,106,63.065,235.548,284.233,187,126.76,288.108,416.005,1998,1998,4.00198,0,0,0,0,0,0,0,0,261.377,0,0,0,0,0,4667,57,98.7934,0,12744,263.875
e1_span_100_static_r02,e1_span_100_static,65,40.0163,130000,65,7,323.888,17898.3,17898.3,24,16916.1,31804.7,32155.2,1258,385.887,17958,31081.8,381,2227.35,18388.3,31596.5,7.00262,1261.21,111,69.744,315.669,430.445,217,134.534,357.357,411.57,1998,1998,4.00198,0,0,0,0,0,0,0,0,261.377,0,0,0,0,0,4150,37,99.1163,0,12963,263.917
e1_span_100_static_r02,e1_span_100_static,66,41.5617,132000,66,7,187.498,17996.7,17996.7,24,1030.95,17842.8,17901.6,1275,62.969,18318.4,23346.7,395,962.252,18610.7,32386.7,7.34684,1058.37,94,64.97,243.915,443.867,202,130.791,310.945,394.992,1997,1997,4.00198,0,0,0,0,0,0,0,0,261.377,0,0,0,0,0,4500,42,99.0753,0,13166,263.953
e1_span_100_static_r02,e1_span_100_static,67,43.157,134000,67,4,46.365,50.825,50.825,23,14119.3,18317.1,18458.6,1284,43.529,18513.7,19010.7,399,1040.6,18726.6,19378.6,7.90476,1032.47,94,67.961,253.207,299.256,202,131.278,320.852,375.521,2006,2006,4.00198,0,0,0,0,0,0,0,0,261.377,0,0,0,0,0,4347,51,98.8404,0,13367,263.989
e1_span_100_static_r02,e1_span_100_static,68,44.8466,136000,68,6,8890.98,18538.1,18538.1,19,35.721,18948.3,18948.3,1253,955.368,19107,33552.9,419,1584.33,19362.1,33744.8,7.21957,1170.51,105,67.197,200.784,251.124,195,135.161,288.462,348.884,1997,1997,4.00198,0,0,0,0,0,0,0,0,261.377,0,0,0,0,0,5117,62,98.8029,0,13561,264.028
e1_span_100_static_r02,e1_span_100_static,69,46.4177,138000,69,6,50.874,19039.6,19039.6,22,38.793,18917.1,19724.2,1300,15.568,19467,32439.1,402,669.099,19860.8,31260.5,6.21393,1311.02,85,64.375,180.32,392.797,187,131.985,318.388,425.779,2002,2002,4.00198,0,0,0,0,0,0,0,0,261.377,0,0,0,0,0,4654,44,99.0634,0,13749,264.062
e1_span_100_static_r02,e1_span_100_static,70,48.1878,140000,70,11,19.932,19571.1,19571.1,25,37.512,20047.1,21140.8,1246,184.386,20335.2,33753,424,4738.84,20731.3,34296.6,6.0684,1541.32,89,71.013,256.252,319.036,206,135.529,294.66,360.174,2001,2001,4.00198,0,0,0,0,0,0,0,0,261.377,0,0,0,0,0,5144,45,99.1328,0,13955,264.097
e1_span_100_static_r02,e1_span_100_static,71,49.8069,142000,71,10,16191.7,28783,28783,20,10282.5,23103.7,23103.7,1275,20.821,20553,32491.5,393,454.647,20798.1,32767.1,7.41985,1056.13,92,55.123,235.39,445.302,204,124.18,338.107,398.17,1994,1994,4.00198,0,0,0,0,0,0,0,0,261.377,0,0,0,0,0,4900,44,99.11,0,14160,264.133
e1_span_100_static_r02,e1_span_100_static,72,51.4515,144000,72,13,6354.99,21133.2,21133.2,31,35.616,20497.6,36677.7,1265,20.824,21074,33367.8,414,5871.68,21638.1,33660.7,6.72464,1296.19,85,55.002,170.8,233.965,198,123.069,293.771,400.467,2006,2006,4.00198,0,0,0,0,0,0,0,0,261.377,0,0,0,0,0,5016,34,99.3267,0,14356,264.166
e1_span_100_static_r02,e1_span_100_static,73,52.9658,146000,73,4,20524.5,20694.9,20694.9,30,43.801,20951.3,21018.4,1252,15.699,20891.5,27934.4,404,678.886,21154.1,30330.8,5.61139,1388.57,96,61.937,306.825,406.02,209,127.393,322.949,401.016,1995,1995,4.00198,0,0,0,0,0,0,0,0,261.377,0,0,0,0,0,4673,25,99.4679,0,14567,264.204
e1_span_100_static_r02,e1_span_100_static,74,54.2625,148000,74,8,11.846,17336.3,17336.3,23,48.53,21316.8,21365.1,1250,17.419,21192.1,29599.1,419,318,21422.1,31091.3,6.31265,953.28,109,60.481,132.619,226.393,189,112.839,228.321,493.999,1998,1998,4.00198,0,0,0,0,0,0,0,0,261.377,0,0,0,0,0,5664,44,99.2292,0,14756,264.244
e1_span_100_static_r02,e1_span_100_static,75,55.7048,150000,75,3,4998.72,21668.1,21668.1,25,54.096,17237.2,21497.9,1257,31.75,21794.5,25677.5,422,914.483,21863.8,25876.6,4.94787,1345.64,78,60.717,251.83,383.062,218,117.172,341.531,414.505,2003,2003,4.00198,0,0,0,0,0,0,0,0,261.377,0,0,0,0,0,5220,41,99.2207,0,14974,264.277
e1_span_100_static_r02,e1_span_100_static,76,57.2671,152000,76,2,22250.5,22250.5,22250.5,25,39.488,22322.4,39003.9,1293,15.059,22214.7,26919.3,416,357.763,22414.3,27070.1,4.75,1583.52,90,54.564,301.625,2138.53,173,124.024,290.066,953.317,1999,1999,4.00198,0,0,0,0,0,0,0,0,261.377,0,0,0,0,0,5155,45,99.1346,0,15146,264.311
e1_span_100_static_r02,e1_span_100_static,77,59.1383,154000,77,4,19887.6,19917.4,19917.4,22,5409.09,22551.5,22639.5,1272,5223.27,22710.8,28369.3,379,5298.99,22941.1,32161.5,6.21108,1434.15,92,64.083,268.294,350.792,229,120.309,275.558,385.768,1998,1998,4.00198,0,0,0,0,0,0,0,0,261.377,0,0,0,0,0,4798,47,99.0299,0,15376,264.347
e1_span_100_static_r02,e1_span_100_static,78,60.6935,156000,78,7,16979.8,23188,23188,32,43.97,22988.2,40923.2,1298,14.348,23074.1,35728.2,379,397.531,23224,40405.4,5.32982,1432.11,101,54.988,149.793,402.156,190,118.585,309.999,400.109,2007,2007,4.00198,0,0,0,0,0,0,0,0,261.377,0,0,0,0,0,4659,27,99.4238,0,15565,264.386
e1_span_100_static_r02,e1_span_100_static,79,62.5609,158000,79,4,120.843,16217.5,16217.5,35,5665.2,33998.3,38514.2,1262,1055.64,23900.8,38454,394,1009.2,26443.4,39878.2,4.1269,2153.05,97,54.098,198.849,329.354,205,121.068,299.319,593.589,1997,1997,4.00198,0,0,0,0,0,0,0,0,261.377,0,0,0,0,0,5564,43,99.2331,0,15769,264.423
e1_span_100_static_r02,e1_span_100_static,80,64.5199,160000,80,10,11560.7,16619.9,16619.9,23,9150.61,24278.5,43125.4,1237,5568.57,24336.1,32000.3,393,5834.36,25174.8,40982.7,4.5369,2168.96,107,51.294,125.896,193.504,226,114.347,220.11,300.639,1996,1996,4.00198,0,0,0,0,0,0,0,0,261.377,0,0,0,0,0,5432,36,99.3416,0,15997,264.464
e1_span_100_static_r02,e1_span_100_static,81,66.316,162000,81,5,18822.2,24589.1,24589.1,39,52.153,24685.3,30352.8,1285,798.88,24674.7,32297.2,388,1199.46,25468.4,39536.9,4.97938,1734.56,86,53.727,146.838,280.195,202,115.044,305.485,414.438,2005,2005,4.00198,0,0,0,0,0,0,0,0,261.377,0,0,0,0,0,5370,39,99.279,0,16199,264.499
e1_span_100_static_r02,e1_span_100_static,82,68.1239,164000,82,7,5537.2,24935.3,24935.3,23,48.844,37159.9,43470.2,1255,5121.77,25244.6,38829.9,416,5081.65,25553.9,33517.4,3.60817,2242.52,99,62.008,161.156,297.731,202,120,282.826,379.818,2002,2002,4.00198,0,0,0,0,0,0,0,0,261.377,0,0,0,0,0,5729,42,99.2722,0,16399,264.537
e1_span_100_static_r02,e1_span_100_static,83,69.7266,166000,83,10,5874.19,25454.3,25454.3,26,12.527,25619.4,27073.3,1261,17.777,25590.3,36761.7,400,454.533,25888.8,36498.1,4.385,1842.66,110,58.349,195.385,233.604,188,118.366,252.311,333.564,1995,1995,4.00198,0,0,0,0,0,0,0,0,261.377,0,0,0,0,0,6032,37,99.3903,0,16588,264.577
e1_span_100_static_r02,e1_span_100_static,84,71.4626,168000,84,5,6159.12,16044.7,16044.7,26,46.206,25831.6,26151.7,1240,22.157,26122.5,35125.7,414,4618.83,26526.1,39250.5,3.72464,2358.08,108,54.258,202.65,1260.13,207,108.988,279.186,859.493,2000,2000,4.00198,0,0,0,0,0,0,0,0,261.377,0,0,0,0,0,5986,47,99.221,0,16796,264.618
e1_span_100_static_r02,e1_span_100_static,85,73.1478,170000,85,5,38.563,26504.1,26504.1,39,58.766,26531.6,26603.3,1250,305.318,26600.9,40369.3,407,442.187,26872,39158.8,3.66585,2067.06,104,54.811,199.838,306.082,193,117.58,260.967,349.011,1998,1998,4.00198,0,0,0,0,0,0,0,0,261.377,0,0,0,0,0,5852,35,99.4055,0,16989,264.656
e1_span_100_static_r02,e1_span_100_static,86,74.8023,172000,86,7,38.416,26864.6,26864.6,33,65.584,27277,37728,1236,14.276,27242.5,33106,428,370.714,27229.3,33218.1,4.57944,1693.78,95,54.059,229.271,480.579,203,118.234,258.753,297.99,2002,2002,4.00198,0,0,0,0,0,0,0,0,261.377,0,0,0,0,0,5830,27,99.539,0,17190,264.693
e1_span_100_static_r02,e1_span_100_static,87,77.0765,174000,87,6,22.549,34700.8,34700.8,25,3339.83,29089.9,34944.5,1264,1745.61,36087.5,53860.2,396,3716.04,34981.2,54125.5,3.77778,2921.64,106,56.343,200.386,247.739,202,119.915,288.482,539.099,1999,1999,4.00198,0,0,0,0,0,0,0,0,261.377,0,0,0,0,0,5474,30,99.4549,0,17394,264.733
e1_span_100_static_r02,e1_span_100_static,88,79.4988,176000,88,4,31.698,9234.89,9234.89,27,48.282,35649.3,35700.6,1280,4161.44,36554.2,37940.4,387,9478.33,36660.6,38260.4,3.14987,3862.81,100,59.21,212.345,1714.92,203,119.338,265.244,532.018,2001,2001,5.00199,0,0,0,0,0,0,0,0,261.377,0,0,0,0,0,5790,28,99.5187,0,17597,264.771
e1_span_100_static_r02,e1_span_100_static,89,81.962,178000,89,2,37909.7,37909.7,37909.7,22,42.374,37851.4,38234.9,1246,6024.07,37258.3,38857.9,415,9892.1,37451.4,38922.4,3.98554,3033.8,111,50.372,169.46,201.315,203,121.997,325.833,958.122,1999,1999,5.00199,0,0,0,0,0,0,0,0,261.377,0,0,0,0,0,6494,46,99.2966,0,17800,264.813
e1_span_100_static_r02,e1_span_100_static,90,84.6015,180000,90,4,35.538,19416.1,19416.1,28,9236.19,35560.7,35981.8,1302,3139.65,38197.8,41511.8,356,6884.37,38503.5,39469.9,2.91292,4378.06,109,53.024,229.426,364.328,205,116.038,287.566,367.303,2004,2004,5.00199,0,0,0,0,0,0,0,0,261.377,0,0,0,0,0,5620,34,99.3987,0,18005,264.855
e1_span_100_static_r02,e1_span_100_static,91,87.0893,182000,91,2,29.478,29.478,29.478,25,48.229,28553.3,37106.5,1300,15.915,38659.2,41236.5,363,533.25,38741.4,39678.4,2.41047,5305.8,114,56.333,222.068,331.549,190,121.588,327.756,822.029,1994,1994,5.00199,0,0,0,0,0,0,0,0,261.377,0,0,0,0,0,5511,30,99.4586,0,18195,264.896
e1_span_100_static_r02,e1_span_100_static,92,89.4583,184000,92,8,14980,39550.7,39550.7,31,50.491,39158.1,39165.2,1259,1344.42,39119.4,48124.3,372,297.796,38981.9,40712.1,3.42204,2941.49,120,54.263,221.426,1644.67,210,114.16,533.075,1681.77,2000,2000,5.00199,0,0,0,0,0,0,0,0,261.377,0,0,0,0,0,5412,33,99.3939,0,18404,264.939
e1_span_100_static_r02,e1_span_100_static,93,92.0047,186000,93,5,27916.9,40723.6,40723.6,25,29.719,39277.6,39676.7,1232,3583.13,39673.4,41182.3,421,5127.33,39508.1,40912.6,3,4115.45,97,51.284,175.073,303.473,226,112.432,311.438,433.056,2006,2006,5.00199,0,0,0,0,0,0,0,0,261.377,0,0,0,0,0,6115,45,99.2695,0,18629,264.978
e1_span_100_static_r02,e1_span_100_static,94,94.4317,188000,94,6,16585.7,41943,41943,22,41.766,39942.8,42117.8,1302,15.721,40154,41692.5,372,345.447,40144.2,41612.6,3.59946,3273.05,107,56.043,214.469,1063.91,184,117.587,520.559,1731.22,1993,1993,5.00199,0,0,0,0,0,0,0,0,261.377,0,0,0,0,0,5674,33,99.4218,0,18815,265.017
e1_span_100_static_r02,e1_span_100_static,95,97.2268,190000,95,7,20116.5,39542.4,39542.4,17,25.355,26641.6,26641.6,1262,10696.6,40818.5,42750.2,404,10931.4,40626.4,42821,2.53713,5323.04,96,56.575,148.783,6275.9,214,111.71,308.617,1236.49,2000,2000,5.00199,0,0,0,0,0,0,0,0,261.377,0,0,0,0,0,6191,35,99.4378,0,19029,265.055
e1_span_100_static_r02,e1_span_100_static,96,99.9778,192000,96,10,37.845,28150.7,28150.7,35,48.995,41739.7,42595.1,1292,19.997,41810.6,43821.2,374,352.35,41135.3,42705.2,2.84225,4130.32,117,56.844,189.381,374.446,179,121.267,811.676,2029.3,2007,2007,5.00199,0,0,0,0,0,0,0,0,261.377,0,0,0,0,0,5716,28,99.5125,0,19206,265.096
e1_span_100_static_r02,e1_span_100_static,97,102.568,194000,97,6,20198.3,43043.8,43043.8,24,12336.7,40840.7,41404.3,1280,18.349,40879.2,43305.1,417,426.887,42079,43124.7,3.33094,3840.42,94,50.252,141.511,662.365,185,110.25,301.914,596.837,2006,2006,5.00199,0,0,0,0,0,0,0,0,261.377,0,0,0,0,0,5972,39,99.3512,0,19392,265.132
e1_span_100_static_r02,e1_span_100_static,98,105.743,196000,98,2,28159.1,28159.1,28159.1,34,13136.1,43090,43704,1176,12448.8,43433,52480.4,435,12607.2,43148,44973.9,3.56092,4279.98,122,52.865,145.061,347.93,218,112.227,313.912,2757.37,1987,1987,5.00199,0,0,0,0,0,0,0,0,261.377,0,0,0,0,0,6248,32,99.4904,0,19611,265.178
e1_span_100_static_r02,e1_span_100_static,99,108.959,198000,99,6,58.052,27784.7,27784.7,31,48.001,45885.3,53979.5,1278,18.631,43947.8,56284.3,389,1806.1,44345.5,57491.8,3.05656,5158.17,109,65.122,242.837,1726.71,188,125.307,1339.43,7279.84,2001,2001,5.00199,0,0,0,0,0,0,0,0,261.377,0,0,0,0,0,6035,17,99.7191,0,19799,265.217
e1_span_100_static_r02,e1_span_100_static,100,111.68,200000,100,11,26.047,32142.4,32142.4,26,37.297,27867.6,63075.6,1259,16.956,43502.5,57737.9,392,10396.5,42988.5,50191.2,2.51531,5650.3,110,56.711,181.977,327.195,201,116.205,336.496,801.726,1999,1999,5.00199,0,0,0,0,0,0,0,0,261.377,0,0,0,0,0,6046,43,99.2938,0,20000,265.258
e1_span_100_static_r03,e1_span_100_static,1,0.0192311,2000,1,2,80.433,80.433,80.433,26,24,70.084,70.337,1256,21.396,78.054,91.915,404,145.16,198.904,345.768,98.9703,1.51341,122,14.905,63.272,97.675,198,38.89,78.712,108.866,2008,2008,1.00196,0,0,0,0,0,0,0,0,261.362,0,0,0,0,0,272,4072,6.26151,0,198,261.492
e1_span_100_static_r03,e1_span_100_static,2,0.0378146,4000,2,6,99.573,145.409,145.409,25,17.703,133.762,149.522,1275,61.541,139.538,153.744,376,139.595,227.945,257.518,92.1543,1.57479,101,13.643,60.76,81.412,219,37.787,86.472,117.116,2002,2002,1.00196,0,0,0,0,0,0,0,0,261.362,0,0,0,0,0,715,3220,18.1703,0,416,261.531
e1_span_100_static_r03,e1_span_100_static,3,0.0619911,6000,3,7,121.832,190.394,190.394,27,15.252,240.632,245.46,1215,72.698,207.81,246.398,424,171.83,310.047,351.519,87.4646,1.91615,102,14.995,64.912,99.43,220,40.414,102.707,118.031,1995,1995,1.00196,0,0,0,0,0,0,0,0,261.362,0,0,0,0,0,1069,3003,26.2525,0,636,261.571
e1_span_100_static_r03,e1_span_100_static,4,0.0934472,8000,4,9,11.962,371.871,371.871,25,54.663,303.125,308.944,1253,92.358,310.334,365.682,427,139.577,375.844,431.671,87.7096,2.13388,81,17.17,77.276,113.766,204,47.419,125.398,134.18,1999,1999,1.00196,0,0,0,0,0,0,0,0,261.362,0,0,0,0,0,1540,2598,37.216,0,840,261.603
e1_span_100_static_r03,e1_span_100_static,5,0.135812,10000,5,5,209.997,326.37,326.37,26,14.021,361.767,402.896,1250,26.776,479.509,573.615,441,148.243,580.179,645.325,81.5102,3.08012,99,22.355,78.721,128.507,188,55.114,116.952,143.815,2009,2009,1.00196,0,0,0,0,0,0,0,0,261.362,0,0,0,0,0,1777,2213,44.5363,0,1028,261.64
e1_span_100_static_r03,e1_span_100_static,6,0.202861,12000,6,5,669.686,682.274,682.274,28,279.47,806.499,1111.88,1287,39.062,785.968,902.603,397,214.649,913.388,1039.36,79.6549,4.68928,92,37.202,204.564,275.297,188,76.65,211.351,251.675,1997,1997,1.00196,0,0,0,0,0,0,0,0,261.362,0,0,0,0,0,1884,1815,50.9327,0,1217,261.675
e1_span_100_static_r03,e1_span_100_static,7,0.300406,14000,7,11,146.553,964.972,964.972,29,27.246,983.936,1028.48,1267,214.377,1067.13,1186.66,381,337.268,1197.45,1357.38,76.6404,7.2895,97,37.993,177.447,279.439,212,93.791,197.643,292.905,1997,1997,1.00196,0,0,0,0,0,0,0,0,261.362,0,0,0,0,0,2040,1505,57.5458,0,1426,261.713
e1_span_100_static_r03,e1_span_100_static,8,0.407941,16000,8,8,342.055,1375.99,1375.99,26,33.28,1216.42,1440.89,1251,47.466,1381.76,1590.31,418,241.626,1482.85,1754.46,72.5215,7.95454,110,44.388,175.797,262,185,98.353,202.965,250.295,1998,1998,2.00197,0,0,0,0,0,0,0,0,261.362,0,0,0,0,0,2271,1367,62.4244,0,1614,261.753
e1_span_100_static_r03,e1_span_100_static,9,0.532174,18000,9,8,324.925,1577.78,1577.78,24,375.084,1677.16,1705.91,1258,49.676,1550.58,1723.45,390,238.446,1728.2,1907.14,71.1487,9.60638,111,53.964,241.253,283.059,204,111.468,245.104,283.326,1995,1995,2.00197,0,0,0,0,0,0,0,0,261.362,0,0,0,0,0,2323,1059,68.6872,0,1818,261.794
e1_span_100_static_r03,e1_span_100_static,10,0.679623,20000,10,5,1542.23,1589.6,1589.6,19,1493.69,1719.14,1719.14,1277,289.376,1737.68,1871.39,391,411.802,1846.26,2028.54,67.7596,11.2993,99,56.176,140.095,198.196,215,106.975,207.306,249.203,2006,2006,2.00197,0,0,0,0,0,0,0,0,261.362,0,0,0,0,0,2387,894,72.7522,0,2032,261.832
e1_span_100_static_r03,e1_span_100_static,11,0.831655,22000,11,3,1741.51,1768.56,1768.56,20,466.864,2239.66,2239.66,1301,48.701,1858.07,2002.14,389,439.773,2019.2,2247.11,64.8972,12.9188,91,56.147,130.079,251.966,191,108.808,203.999,395.529,1995,1995,2.00197,0,0,0,0,0,0,0,0,261.362,0,0,0,0,0,2392,805,74.8201,0,2223,261.867
e1_span_100_static_r03,e1_span_100_static,12,0.993781,24000,12,5,1800.52,1930.58,1930.58,24,346.651,2075.81,2118.39,1256,77.351,2029.03,2208.01,387,433.731,2156.08,2329.74,64.9354,13.7606,113,55.719,216.092,288.406,214,109.097,278.637,297.007,1999,1999,2.00197,0,0,0,0,0,0,0,0,261.362,0,0,0,0,0,2482,720,77.5141,0,2438,261.91
e1_span_100_static_r03,e1_span_100_static,13,1.18388,26000,13,5,1967.83,2202.51,2202.51,21,491.489,2269.65,2311.15,1255,320.4,2236.36,2423.8,402,389.158,2399.86,2515.83,56.8209,17.294,104,54.069,165.755,237.663,216,104.339,183.048,274.021,2003,2003,2.00197,0,0,0,0,0,0,0,0,261.362,0,0,0,0,0,2521,611,80.4917,0,2653,261.95
e1_span_100_static_r03,e1_span_100_static,14,1.39606,28000,14,4,2179.89,2453.04,2453.04,31,594.317,2604.31,2655.51,1249,362.6,2448.17,2613.57,403,453.641,2543.66,2736.14,56.4913,18.8629,101,52.399,188.413,228.087,211,110.93,242.716,284.861,1999,1999,2.00197,0,0,0,0,0,0,0,0,261.362,0,0,0,0,0,2628,515,83.6144,0,2864,261.989
e1_span_100_static_r03,e1_span_100_static,15,1.60313,30000,15,4,16.394,354.155,354.155,24,630.992,3087.43,3121.89,1268,46.851,2658.28,2866.65,400,574.273,2767.53,2996.41,52.83,20.6135,115,54.406,214.619,272.199,202,108.294,242.548,307.252,2013,2013,2.00197,0,0,0,0,0,0,0,0,261.362,0,0,0,0,0,2590,438,85.535,0,3067,262.031
e1_span_100_static_r03,e1_span_100_static,16,1.8111,32000,16,8,743.639,2977.57,2977.57,16,25.875,2933.55,2933.55,1318,27.806,2831.79,2960.51,376,263.871,2973.28,3137.35,53.0213,20.2345,95,52.783,153.258,273.151,177,111.23,243.348,296.148,1990,1990,2.00197,0,0,0,0,0,0,0,0,261.362,0,0,0,0,0,2479,433,85.1305,0,3243,262.066
e1_span_100_static_r03,e1_span_100_static,17,2.021,34000,17,4,8.245,41.398,41.398,32,19.323,2990.7,3028.97,1266,27.22,3024.72,3187.01,414,200.952,3177.11,3291.65,52.7488,20.1926,95,57.381,145.015,259.896,188,110.871,284.726,321.452,1999,1999,2.00197,0,0,0,0,0,0,0,0,261.362,0,0,0,0,0,2716,402,87.1071,0,3430,262.102
e1_span_100_static_r03,e1_span_100_static,18,2.29924,36000,18,5,732.283,3135.54,3135.54,21,2857.51,3233.1,3326.1,1262,538.289,3226.12,3405.5,391,801.439,3361.18,3527.25,46.4962,31.2954,107,58.759,182.839,241.088,213,110.191,260.947,468.417,1999,1999,2.00197,0,0,0,0,0,0,0,0,261.362,0,0,0,0,0,2584,294,89.7846,0,3645,262.143
e1_span_100_static_r03,e1_span_100_static,19,2.56215,38000,19,6,31.384,3233.62,3233.62,30,25.737,3375.09,3428.51,1232,252.326,3403.4,3516.48,433,243.5,3585.22,3719.3,50.649,26.3661,115,51.39,191.737,242.072,183,107.938,201.71,250.139,1999,1999,2.00197,0,0,0,0,0,0,0,0,261.362,0,0,0,0,0,2905,290,90.9233,0,3828,262.184
e1_span_100_static_r03,e1_span_100_static,20,2.89086,40000,20,10,27.237,3598.59,3598.59,22,3480.65,3961.2,4440.11,1275,56.931,3720.49,4416.93,419,408.281,4001.71,4637.32,45.9141,37.7451,106,69.524,318.269,542.34,193,143.713,429.708,538.633,2025,2025,2.00197,0,0,0,0,0,0,0,0,261.362,0,0,0,0,0,2832,240,92.1875,0,4020,262.223
e1_span_100_static_r03,e1_span_100_static,21,3.24164,42000,21,9,111.845,3868.99,3868.99,27,496.773,3949.57,4065.09,1245,65.923,3969.59,6999.51,393,316.233,4235.1,7247.95,46.0076,38.1462,103,73.147,368.129,446.998,197,139.756,343.423,452.306,1974,1974,2.00197,0,0,0,0,0,0,0,0,261.362,0,0,0,0,0,2696,176,93.8719,0,4218,262.262
e1_span_100_static_r03,e1_span_100_static,22,3.60519,44000,22,5,3075.07,4015.47,4015.47,28,61.081,4101.22,7472.65,1271,43.989,4130.66,7320.3,393,352.179,4333.19,7209.73,41.2341,45.4133,110,63.154,273.49,312.189,192,144.147,376.685,460.059,1999,1999,2.00197,0,0,0,0,0,0,0,0,261.362,0,0,0,0,0,2602,197,92.9618,0,4410,262.302
e1_span_100_static_r03,e1_span_100_static,23,3.98045,46000,23,3,324.881,4238.5,4238.5,35,42.901,4230.14,4262.67,1252,39.951,4510.53,7691.59,406,323.939,4541.13,8027.44,40.4951,48.267,117,74.872,362.603,399.196,190,140.233,328.959,396.066,2003,2003,2.00197,0,0,0,0,0,0,0,0,261.362,0,0,0,0,0,2729,158,94.5272,0,4600,262.343
e1_span_100_static_r03,e1_span_100_static,24,4.38831,48000,24,6,22.941,4346.29,4346.29,22,56.725,7996.14,8042.9,1295,47.37,4606.93,8265.07,381,289.912,4753.98,8197.79,38.189,47.982,102,76.058,313.345,392.461,192,144.246,350.568,406.873,1998,1998,2.00197,0,0,0,0,0,0,0,0,261.362,0,0,0,0,0,2617,176,93.6985,0,4792,262.381
e1_span_100_static_r03,e1_span_100_static,25,4.78577,50000,25,1,315.131,315.131,315.131,28,4360,4738.47,4936.99,1282,36.668,4786.9,8262.94,409,240.692,4879.54,8603.26,42.1443,44.4955,84,78.132,329.629,556.069,200,136.263,406.471,480.408,2004,2004,2.00197,0,0,0,0,0,0,0,0,261.362,0,0,0,0,0,2939,149,95.1749,0,4991,262.414
e1_span_100_static_r03,e1_span_100_static,26,5.19094,52000,26,3,34.929,290.622,290.622,24,197.71,5069.45,5179.15,1302,34.674,5093.87,8998.23,418,206.781,5227.08,9136.22,37.9904,47.1799,81,78.632,432.738,2653.28,185,142.917,472.312,2773.73,2013,2013,2.00197,0,0,0,0,0,0,0,0,261.362,0,0,0,0,0,2785,115,96.0345,0,5176,262.446
e1_span_100_static_r03,e1_span_100_static,27,5.72339,54000,27,6,5020.84,7265.02,7265.02,17,59.612,5389.12,5389.12,1299,390.904,5406.53,9681.01,369,557.952,5695.4,9914.49,37.0813,68.9135,92,74.471,264.147,397.405,224,141.342,371.591,596.018,2007,2007,2.00197,0,0,0,0,0,0,0,0,261.362,0,0,0,0,0,2626,121,95.5952,0,5398,262.482
e1_span_100_static_r03,e1_span_100_static,28,6.21844,56000,28,8,29.42,5256.01,5256.01,32,525.326,9732.04,9936,1239,49.972,5681.18,10007.8,399,443.398,5879.91,10202.9,31.2256,85.3552,108,77.184,327.832,390.159,193,143.827,423.053,542.217,1979,1979,2.00197,0,0,0,0,0,0,0,0,261.362,0,0,0,0,0,2760,115,96,0,5592,262.522
e1_span_100_static_r03,e1_span_100_static,29,6.77364,58000,29,8,5463.43,5881.5,5881.5,23,5401.72,10162.4,10512.1,1276,177.758,5826.52,10373.1,397,611.198,5985.54,10441.4,35.0403,79.7168,99,72.794,304.733,516.17,195,141.338,322.696,373.57,1998,1998,2.00197,0,0,0,0,0,0,0,0,261.362,0,0,0,0,0,2802,95,96.7207,0,5789,262.559
e1_span_100_static_r03,e1_span_100_static,30,7.31338,60000,30,7,4491.33,5854.75,5854.75,26,438.951,6028.19,6034.31,1261,51.358,6009.74,10605.1,409,304.17,6170.91,10653.7,31.4914,83.3316,108,71.162,336.804,393.768,190,138.561,366.215,438.097,2001,2001,2.00197,0,0,0,0,0,0,0,0,261.362,0,0,0,0,0,2758,95,96.6702,0,5979,262.599
e1_span_100_static_r03,e1_span_100_static,31,7.87305,62000,31,6,44.605,5833.63,5833.63,22,47.096,6085.24,11660.8,1279,39.122,6286.92,11318.9,403,425.171,6568.51,11488,29.139,104.531,111,69.096,328.595,376.051,187,147.828,418.563,497.416,2008,2008,2.00197,0,0,0,0,0,0,0,0,261.362,0,0,0,0,0,2896,109,96.3727,0,6165,262.639
e1_span_100_static_r03,e1_span_100_static,32,8.49264,64000,32,6,214.433,6135.19,6135.19,23,407.198,6506.4,6699.32,1290,257.435,6565.65,11761.1,376,440.889,6675.75,11184.8,29.1755,100.591,88,67.606,288.206,432.507,214,139.336,393.254,484.223,1997,1997,2.00197,0,0,0,0,0,0,0,0,261.362,0,0,0,0,0,2578,89,96.6629,0,6380,262.674
e1_span_100_static_r03,e1_span_100_static,33,9.12784,66000,33,8,5741.53,12058.7,12058.7,21,6328.44,6871.98,6952.75,1248,50.955,6759.8,12198.2,427,324.171,7044.97,12484.4,28.9133,107.724,100,73.476,280.58,412.135,189,137.371,289.866,359.95,1993,1993,2.00197,0,0,0,0,0,0,0,0,261.362,0,0,0,0,0,3112,97,96.9773,0,6569,262.712
e1_span_100_static_r03,e1_span_100_static,34,9.80219,68000,34,7,36.553,6939.36,6939.36,18,380.987,12458.9,12458.9,1291,50.514,7104.12,12930.2,399,1495.45,7259.79,12936.6,30.6316,119.159,90,64.185,263.487,418.438,198,140.493,280.02,467.347,2003,2003,2.00197,0,0,0,0,0,0,0,0,261.362,0,0,0,0,0,2875,85,97.1284,0,6767,262.747
e1_span_100_static_r03,e1_span_100_static,35,10.3657,70000,35,6,7049.56,7128.82,7128.82,36,33.346,7198.48,8818.75,1258,27.624,7238.07,12997.5,408,247.335,7418.36,7678.88,25.6054,104.051,115,65.751,342.404,435.651,177,139.721,405.407,460.801,2000,2000,3.00198,0,0,0,0,0,0,0,0,261.362,0,0,0,0,0,3026,92,97.0494,0,6943,262.787
e1_span_100_static_r03,e1_span_100_static,36,10.9562,72000,36,5,63.317,6755.6,6755.6,22,44.919,7346.38,7393.54,1287,34.578,7478.88,7679.55,392,243.244,7721.99,10033.4,20.0842,146.96,84,76.236,350.993,468.188,206,137.715,374.481,434.933,1996,1996,3.00198,0,0,0,0,0,0,0,0,261.362,0,0,0,0,0,2902,54,98.1732,0,7150,262.821
e1_span_100_static_r03,e1_span_100_static,37,11.6453,74000,37,7,366.886,9704.98,9704.98,25,7249.73,7782.77,7855.15,1250,255.467,7822.6,9451.72,410,467.858,8028.31,9654.55,23.3902,145.251,106,64.516,253.716,382.605,209,141.343,318.206,422.133,2007,2007,3.00198,0,0,0,0,0,0,0,0,261.362,0,0,0,0,0,3065,81,97.4253,0,7357,262.861
e1_span_100_static_r03,e1_span_100_static,38,12.3193,76000,38,9,30.669,8024.8,8024.8,21,46.903,7959.96,8169.65,1273,38.851,8133.43,9664.59,388,273.087,8225.57,8861.64,21.0799,149.063,107,67.848,380.675,416.153,201,140.233,356.447,451.621,1999,1999,3.00198,0,0,0,0,0,0,0,0,261.362,0,0,0,0,0,3036,64,97.9355,0,7558,262.9
e1_span_100_static_r03,e1_span_100_static,39,13.148,78000,39,4,8195.54,8278.28,8278.28,18,730.962,8552.4,8552.4,1224,441.354,8477.46,8894.39,426,613.637,8694.57,15107.1,19.2324,212.923,102,64.172,269.103,349.965,229,134.93,335.703,500.363,2003,2003,3.00198,0,0,0,0,0,0,0,0,261.362,0,0,0,0,0,3256,91,97.2811,0,7787,262.94
e1_span_100_static_r03,e1_span_100_static,40,14.0071,80000,40,6,8569.67,8866.48,8866.48,33,8141.23,8878.9,15734.8,1261,328.894,8794.55,15840.6,371,1790.65,9023.56,16156.4,21.3261,206.472,110,64.688,351.598,401.857,213,137.207,348.729,425.594,1994,1994,3.00198,0,0,0,0,0,0,0,0,261.362,0,0,0,0,0,2869,55,98.119,0,8002,262.981
e1_span_100_static_r03,e1_span_100_static,41,14.893,82000,41,7,38.309,9075.53,9075.53,17,42.742,8985.46,8985.46,1292,332.91,9100.57,16430.2,393,723.135,9403.38,16572.2,19.5471,227.654,93,65.549,287.902,405.271,203,130.29,333.824,468.493,2005,2005,3.00198,0,0,0,0,0,0,0,0,261.362,0,0,0,0,0,3178,69,97.875,0,8202,263.017
e1_span_100_static_r03,e1_span_100_static,42,15.6406,84000,42,7,348.101,10144.7,10144.7,25,38.865,9356.39,16664.7,1291,21.727,9366.72,17272.9,404,246.375,9597.11,17307.3,21.1559,171.476,94,67.536,302.869,357.211,178,150.964,401.533,495.919,1999,1999,3.00198,0,0,0,0,0,0,0,0,261.362,0,0,0,0,0,3256,55,98.3389,0,8381,263.052
e1_span_100_static_r03,e1_span_100_static,43,16.5059,86000,43,6,9336.53,9975.34,9975.34,27,315.017,9621.65,9626.68,1313,34.178,9605.61,17912.4,378,394.611,9767.8,17026.4,18.1614,241.242,86,68.881,219.661,297.883,185,137.138,339.545,496.483,1995,1995,3.00198,0,0,0,0,0,0,0,0,261.362,0,0,0,0,0,3056,64,97.9487,0,8568,263.085
e1_span_100_static_r03,e1_span_100_static,44,17.4151,88000,44,2,9722.29,9722.29,9722.29,20,9518.15,10089.8,10089.8,1285,41.538,9953.96,17863.8,388,487.636,10121.6,17954.5,17.268,266.535,102,65.611,313.698,411.181,206,142.804,403.627,527.995,2003,2003,3.00198,0,0,0,0,0,0,0,0,261.362,0,0,0,0,0,3498,56,98.4243,0,8771,263.124
e1_span_100_static_r03,e1_span_100_static,45,18.4233,90000,45,8,422.736,10395.3,10395.3,23,8500.94,10208.2,18838.1,1265,435.544,10247,18567.5,387,697.334,10382.3,18467.8,17.4289,277.592,98,65.721,277.67,571.024,214,132.006,426.63,556.446,1995,1995,3.00198,0,0,0,0,0,0,0,0,261.362,0,0,0,0,0,3394,60,98.2629,0,8988,263.162
e1_span_100_static_r03,e1_span_100_static,46,19.3729,92000,46,9,39.276,11193.6,11193.6,31,10087.7,11014.7,16085.1,1239,41.496,10886.4,19085.5,425,411.677,11013.4,18635.1,17.6847,272.648,93,69.972,262.347,358.983,211,140.279,402.969,551.264,2008,2008,3.00198,0,0,0,0,0,0,0,0,261.362,0,0,0,0,0,3512,67,98.128,0,9199,263.198
e1_span_100_static_r03,e1_span_100_static,47,20.2953,94000,47,9,10.783,11211.4,11211.4,28,39.45,10995.6,12794.4,1260,650.862,11230,19701.3,396,1815.34,11376.2,20280.8,14.3258,313.829,81,59.607,242.208,481.98,218,130.216,340.453,465.308,1992,1992,3.00198,0,0,0,0,0,0,0,0,261.362,0,0,0,0,0,3349,53,98.4421,0,9417,263.232
e1_span_100_static_r03,e1_span_100_static,48,21.0004,96000,48,9,24.771,21639.9,21639.9,22,41.878,11683.2,11992.9,1291,18.165,11436.3,20662.2,387,241.493,11708.7,20927.3,14.845,234.02,106,57.701,190.002,226.718,185,124.541,278.186,348.825,2000,2000,3.00198,0,0,0,0,0,0,0,0,261.362,0,0,0,0,0,3356,55,98.3876,0,9602,263.271
e1_span_100_static_r03,e1_span_100_static,49,21.7814,98000,49,5,45.532,6256.35,6256.35,18,2751.12,11698.6,11698.6,1248,22.147,11728,19277,435,257.5,11965.4,19172.9,15.6943,231.163,99,51.217,200.134,296.611,199,117.367,196.848,264.312,2004,2004,3.00198,0,0,0,0,0,0,0,0,261.362,0,0,0,0,0,3986,51,98.7367,0,9800,263.308
e1_span_100_static_r03,e1_span_100_static,50,22.8165,100000,50,10,2913.58,12861.5,12861.5,23,2882.27,12072.8,12102.1,1252,405.692,12089.7,12388,414,917.722,12291.1,20863.8,14.8527,340.098,100,62.097,267.198,362.871,204,121.562,243.02,335.909,2003,2003,3.00198,0,0,0,0,0,0,0,0,261.362,0,0,0,0,0,3982,52,98.711,0,10003,263.347
e1_span_100_static_r03,e1_span_100_static,51,23.8958,102000,51,6,42.793,12177.6,12177.6,25,272.852,12318.3,12361,1298,36.905,12431.3,22411.8,390,314.46,12652.4,22791.2,13.4769,405.613,78,70.902,429.644,604.426,199,147.618,427.252,550.477,1996,1996,3.00198,0,0,0,0,0,0,0,0,261.362,0,0,0,0,0,3744,37,99.0214,0,10202,263.378
e1_span_100_static_r03,e1_span_100_static,52,25.0218,104000,52,8,12423.4,17925.1,17925.1,27,53.986,12688.1,13114.9,1273,218.049,13155.3,23241.2,419,2032.58,13417.4,22771.1,12.7637,454.845,94,68.657,219.856,303.325,193,138.638,350.307,661.923,2014,2014,3.00198,0,0,0,0,0,0,0,0,261.362,0,0,0,0,0,3868,49,98.749,0,10397,263.414
e1_span_100_static_r03,e1_span_100_static,53,26.0149,106000,53,7,55.461,13082.6,13082.6,35,2930.17,13342.3,23882.3,1280,64.613,13133,20380.9,376,1100.7,13410.1,21857,12.4521,403.943,98,60.064,252.322,321.984,188,128.165,320.085,454.273,1984,1984,3.00198,0,0,0,0,0,0,0,0,261.362,0,0,0,0,0,3848,62,98.4143,0,10585,263.451
e1_span_100_static_r03,e1_span_100_static,54,26.9687,108000,54,5,10290,12754.9,12754.9,31,3249.72,13357.4,21383.9,1266,34.075,13426.2,23797,421,552.054,13661.8,24280.2,12.696,373.253,92,64.025,245.137,415.065,184,119.082,252.947,319.476,1999,1999,3.00198,0,0,0,0,0,0,0,0,261.362,0,0,0,0,0,4031,44,98.9202,0,10769,263.486
e1_span_100_static_r03,e1_span_100_static,55,27.9062,110000,55,7,13465.9,13812.7,13812.7,22,483.175,13632.1,13637.3,1353,44.745,13685.8,24410.8,362,324.149,13980,22934.6,11.5856,371.193,96,63.51,144.604,274.209,161,125.69,257.68,339.976,2001,2001,3.00198,0,0,0,0,0,0,0,0,261.362,0,0,0,0,0,3538,43,98.7992,0,10930,263.521
e1_span_100_static_r03,e1_span_100_static,56,28.9423,112000,56,4,3237.55,3336.27,3336.27,30,10643.5,20603.5,25210.6,1253,23.519,14034.2,24806,426,516.811,14468.3,25060.4,12.2019,449.331,88,61.69,231.59,399.948,202,135.298,335.464,403.521,2003,2003,3.00198,0,0,0,0,0,0,0,0,261.362,0,0,0,0,0,4308,53,98.7847,0,11130,263.556
e1_span_100_static_r03,e1_span_100_static,57,30.0959,114000,57,3,2004.63,3419.24,3419.24,28,71.483,14362.6,23236.1,1275,414.261,15270.7,25969.1,399,415.832,18539.7,26599.6,11.1654,497.473,83,59.933,174.012,254.795,209,121.424,246.248,334.797,1997,1997,3.00198,0,0,0,0,0,0,0,0,261.362,0,0,0,0,0,3918,45,98.8645,0,11341,263.59
e1_span_100_static_r03,e1_span_100_static,58,31.3377,116000,58,8,33.917,14661.9,14661.9,10,3613.1,14524.4,14524.4,1307,2180.03,15145.4,25920,377,3353.94,15312.5,26460.6,9.57029,609.918,92,68.504,301.727,418.643,214,134.197,384.999,440.476,2008,2008,3.00198,0,0,0,0,0,0,0,0,261.362,0,0,0,0,0,3587,30,99.1706,0,11554,263.626
e1_span_100_static_r03,e1_span_100_static,59,32.3847,118000,59,6,3591.06,15164.6,15164.6,27,82.176,26672.7,26754.1,1274,18.098,15172.6,26771.3,377,3277.15,15318.5,20786.7,10.4297,521.986,105,61.588,223.885,353.138,204,131.18,299.209,390.973,1993,1993,3.00198,0,0,0,0,0,0,0,0,261.362,0,0,0,0,0,3968,44,98.9033,0,11759,263.666
e1_span_100_static_r03,e1_span_100_static,60,33.6287,120000,60,6,11329.1,14837,14837,30,45.17,15132.7,15572.7,1234,425.882,15661.5,27785.3,434,1667.31,15881.7,27949.9,9.99309,603.679,97,62.565,302.116,400.9,198,129.638,318.529,374.602,1999,1999,3.00198,0,0,0,0,0,0,0,0,261.362,0,0,0,0,0,4604,50,98.9257,0,11957,263.703
e1_span_100_static_r03,e1_span_100_static,61,34.8104,122000,61,4,8211.59,11355,11355,29,3688.8,16009.8,28418.1,1284,294.011,16021.9,28347.8,380,476.644,16174.6,28948.4,10.3421,512.641,105,64.22,236.945,297.949,197,123.882,317.605,470.953,1999,1999,3.00198,0,0,0,0,0,0,0,0,261.362,0,0,0,0,0,3838,44,98.8666,0,12154,263.742
e1_span_100_static_r03,e1_span_100_static,62,36.0159,124000,62,6,3982.93,16312.2,16312.2,24,3775.81,16557.2,17131.7,1270,2678.26,16676.9,28882.6,402,3802.62,16739.3,24093.6,8.25373,739.688,101,60.964,337.538,7633.04,202,107.165,276.497,7827.4,2005,2005,4.00198,0,0,0,0,0,0,0,0,261.362,0,0,0,0,0,4339,39,99.1092,0,12356,263.781
e1_span_100_static_r03,e1_span_100_static,63,37.3905,126000,63,3,26.175,28.948,28.948,33,39.261,18115.5,30543.1,1254,1688.89,16985.9,30133.3,404,3960.07,17127.2,30507.1,7.87624,884.294,101,55.447,192.953,242.862,202,123.921,320.088,427.982,1997,1997,4.00198,0,0,0,0,0,0,0,0,261.362,0,0,0,0,0,4388,37,99.1638,0,12558,263.819
e1_span_100_static_r03,e1_span_100_static,64,38.6596,128000,64,9,4015.95,15793.8,15793.8,27,36.009,17084.7,17117.5,1262,25.141,17322.6,26078.8,409,636.444,17654.2,23796.1,9.75306,638.911,106,59.584,189.986,269.869,187,126.85,262.328,321.774,2000,2000,4.00198,0,0,0,0,0,0,0,0,261.362,0,0,0,0,0,4669,55,98.8357,0,12744,263.858
e1_span_100_static_r03,e1_span_100_static,65,39.987,130000,65,7,43.062,17944.4,17944.4,24,8201.9,18210.5,19541.5,1258,751.064,17936.3,19527,380,4124.15,18070.2,19330.9,7.01316,1003.56,111,56.794,171.569,231.949,219,108.865,239.691,345.551,1999,1999,4.00198,0,0,0,0,0,0,0,0,261.362,0,0,0,0,0,4131,36,99.1361,0,12963,263.9
e1_span_100_static_r03,e1_span_100_static,66,41.3279,132000,66,7,53.24,18119.1,18119.1,24,4521.08,21465.3,22410.2,1276,51.524,18282.9,21276.3,396,699.86,18653.7,23757,7.33586,891.513,94,58.606,308.545,507.959,202,119.469,384.295,477.534,1999,1999,4.00198,0,0,0,0,0,0,0,0,261.362,0,0,0,0,0,4532,49,98.9304,0,13166,263.937
e1_span_100_static_r03,e1_span_100_static,67,42.781,134000,67,4,18085.6,18317.4,18317.4,23,4291.49,18979.1,30568.2,1282,554.138,18528,29307.5,396,4311.32,23742,32315.1,7.96465,912.447,94,66.93,206.6,344.648,201,121.438,339.372,384.509,2000,2000,4.00198,0,0,0,0,0,0,0,0,261.362,0,0,0,0,0,4352,47,98.9316,0,13367,263.973
e1_span_100_static_r03,e1_span_100_static,68,44.2438,136000,68,6,4436.29,18689.9,18689.9,19,48.011,18808.9,18808.9,1253,163.999,18957.4,30433.8,422,2089.12,19342.7,27773.3,7.16825,1019.29,105,60.663,210.414,239.878,196,119.83,248.019,281.146,2001,2001,4.00198,0,0,0,0,0,0,0,0,261.362,0,0,0,0,0,5108,60,98.839,0,13563,264.012
e1_span_100_static_r03,e1_span_100_static,69,45.4942,138000,69,6,24.674,51.877,51.877,22,54.287,17057.7,18859.6,1299,13.574,19839,33906,402,394.666,19860.5,32688.4,6.21144,1000.91,85,62.347,208.005,2749.56,186,123.418,297.493,2628.54,2000,2000,4.00198,0,0,0,0,0,0,0,0,261.362,0,0,0,0,0,4664,51,98.9183,0,13749,264.046
e1_span_100_static_r03,e1_span_100_static,70,46.8416,140000,70,11,4690.11,19726.3,19726.3,24,32.383,19700.5,19709.9,1245,30.054,19592.8,33500.4,423,1177.45,20027.8,33473.1,6.03783,1131.9,89,69.804,193.461,403.279,207,117.191,284.793,369.85,1999,1999,4.00198,0,0,0,0,0,0,0,0,261.362,0,0,0,0,0,5145,54,98.9613,0,13956,264.081
e1_span_100_static_r03,e1_span_100_static,71,48.076,142000,71,10,4973.23,17689.9,17689.9,21,23.617,20415.2,32535.3,1278,15.32,20196.5,33821.8,395,284.246,24164.3,35156.6,7.43291,838.624,92,48.091,178.328,311.708,204,97.059,221.187,353.989,2000,2000,4.00198,0,0,0,0,0,0,0,0,261.362,0,0,0,0,0,4874,44,99.1053,0,14160,264.117
e1_span_100_static_r03,e1_span_100_static,72,49.2757,144000,72,13,36.925,20413,20413,31,4834.02,28622.2,32632.5,1262,17.645,20366.1,20900.7,412,840.076,20577.4,28936.6,6.75728,925.097,85,53.448,268.643,495.18,198,127.418,312.935,426.371,2001,2001,4.00198,0,0,0,0,0,0,0,0,261.362,0,0,0,0,0,5019,30,99.4058,0,14358,264.15
e1_span_100_static_r03,e1_span_100_static,73,50.6314,146000,73,4,4783.08,6582.98,6582.98,30,3245.91,20879.2,36876.3,1262,229.762,20869.5,33669.8,407,675.408,21126.3,34111.1,5.5602,1240.51,96,58.936,191.719,390.633,209,124.843,302.145,430.912,2008,2008,4.00198,0,0,0,0,0,0,0,0,261.362,0,0,0,0,0,4668,21,99.5521,0,14567,264.188
e1_span_100_static_r03,e1_span_100_static,74,51.8335,148000,74,8,12.764,17049.7,17049.7,23,42.995,21464,32964.2,1245,14.475,21302.5,27725.9,417,347.537,21625.4,29922.2,6.35492,938.853,109,37.243,167.497,267.245,189,92.12,354.64,444.648,1991,1991,4.00198,0,0,0,0,0,0,0,0,261.362,0,0,0,0,0,5656,47,99.1759,0,14756,264.228
e1_span_100_static_r03,e1_span_100_static,75,53.1943,150000,75,3,21789.2,21850.9,21850.9,25,341.425,21239.9,21254.6,1256,26.573,21822.9,32578.8,424,294.325,21925.4,29043.3,4.92689,1179.09,78,48.167,214.469,286.366,218,106.747,314.401,368.372,2004,2004,4.00198,0,0,0,0,0,0,0,0,261.362,0,0,0,0,0,5239,49,99.0734,0,14974,264.261
e1_span_100_static_r03,e1_span_100_static,76,54.5227,152000,76,2,5202.39,5202.39,5202.39,25,47.922,22259,22706.7,1300,15.759,22215.3,33055.6,415,272.211,22491.4,33315.8,4.76145,1332.84,90,46.008,156.338,268.766,173,112.406,289.49,415.281,2005,2005,4.00198,0,0,0,0,0,0,0,0,261.362,0,0,0,0,0,5156,50,99.0396,0,15146,264.295
e1_span_100_static_r03,e1_span_100_static,77,56.2637,154000,77,4,5159.87,21431,21431,22,5335.16,22667.3,22704,1268,4924.77,22849.9,32912,378,5224.68,23156.4,37928.5,6.22487,1363.73,92,64.955,288.272,6014.97,229,115.986,311.583,469.629,1993,1993,4.00198,0,0,0,0,0,0,0,0,261.362,0,0,0,0,0,4816,40,99.1763,0,15376,264.332
e1_span_100_static_r03,e1_span_100_static,78,57.7843,156000,78,7,43.961,15505.4,15505.4,32,5473.43,31849.7,40762.8,1291,14.535,23380.8,38488,378,333.763,26733.4,39475.4,5.34392,1425.88,101,66.282,212.354,305.357,192,129.717,301.737,509.414,2001,2001,4.00198,0,0,0,0,0,0,0,0,261.362,0,0,0,0,0,4642,28,99.4004,0,15566,264.369
e1_span_100_static_r03,e1_span_100_static,79,59.4836,158000,79,4,51.974,10171.1,10171.1,35,5628.52,23496.2,23658.7,1266,24.837,23708.7,28547.6,395,4979.75,24030.3,36063,4.11646,2025.27,97,55.149,201.213,298.828,202,117.349,264.184,365.038,1999,1999,4.00198,0,0,0,0,0,0,0,0,261.362,0,0,0,0,0,5549,42,99.2488,0,15769,264.407
e1_span_100_static_r03,e1_span_100_static,80,61.4774,160000,80,10,19326.2,24390.2,24390.2,23,7233.21,24025.2,32468.8,1238,5561.56,24295.8,36753.7,393,5593.25,24442.1,38700.1,4.5369,1992.72,107,57.542,199.186,244.77,227,110.226,255.799,306.608,1998,1998,4.00198,0,0,0,0,0,0,0,0,261.362,0,0,0,0,0,5415,43,99.2122,0,15997,264.448
e1_span_100_static_r03,e1_span_100_static,81,63.1861,162000,81,5,1307.73,24519.2,24519.2,39,46.08,24571.7,24832,1283,1386.76,24645.8,30540.6,387,1222.03,24872.1,27699.3,4.97158,1671,86,63.105,162.224,222.203,202,116.542,252.565,293.589,2002,2002,4.00198,0,0,0,0,0,0,0,0,261.362,0,0,0,0,0,5411,42,99.2298,0,16199,264.482
e1_span_100_static_r03,e1_span_100_static,82,64.9753,164000,82,7,20429.7,25042.8,25042.8,23,50.903,25192.3,34363.8,1254,41.342,25170.4,41673.1,417,1231.96,25372.6,42238.9,3.61871,2422.13,98,57.842,226.831,457.91,202,126.945,313.452,448.788,2001,2001,4.00198,0,0,0,0,0,0,0,0,261.362,0,0,0,0,0,5731,33,99.4275,0,16401,264.52
e1_span_100_static_r03,e1_span_100_static,83,66.8366,166000,83,11,6000.85,25829.5,25829.5,26,1326.17,25527.6,25548.1,1276,20.104,25708.7,32703.6,403,447.771,26037.4,36362.4,4.35236,2077.9,112,63.879,224.562,425.376,188,121.577,360.129,5848.18,2016,2016,4.00198,0,0,0,0,0,0,0,0,261.362,0,0,0,0,0,6035,40,99.3416,0,16588,264.561
e1_span_100_static_r03,e1_span_100_static,84,69.0101,168000,84,4,25788.5,28063.4,28063.4,26,39.22,24188,25570.3,1228,1561.24,26261.1,41135.3,410,5891.94,26585.8,31534.8,3.76098,2873.97,106,57.077,188.897,291.157,207,120.202,270.413,339.198,1981,1981,4.00198,0,0,0,0,0,0,0,0,261.362,0,0,0,0,0,5965,43,99.2843,0,16796,264.601
e1_span_100_static_r03,e1_span_100_static,85,71.0226,170000,85,5,4625.2,26856.3,26856.3,39,41.723,26419.2,26453.8,1250,317.357,26756,41904.9,408,476.509,26847.6,28742.6,3.65686,2491.05,105,56.708,141.983,294.133,193,124.13,297.498,342.223,2000,2000,4.00198,0,0,0,0,0,0,0,0,261.362,0,0,0,0,0,5886,35,99.4089,0,16989,264.64
e1_span_100_static_r03,e1_span_100_static,86,73.0396,172000,86,7,54.412,26745.9,26745.9,33,45.985,28878.2,35025.9,1233,17.294,27100.1,36757.4,429,391.692,27315.4,45843.2,4.56876,2070.55,95,63.986,152.793,211.311,203,121.488,265.4,367.654,2000,2000,4.00198,0,0,0,0,0,0,0,0,261.362,0,0,0,0,0,5814,31,99.4696,0,17192,264.677
e1_span_100_static_r03,e1_span_100_static,87,75.7123,174000,87,6,34.82,18005.3,18005.3,25,10871.4,37411.2,37555,1267,7600.76,36646.2,38558.2,395,8350.19,37162,38566.4,3.78734,3487.85,106,56.989,252.976,1160.48,202,118.803,317.812,1149.26,2001,2001,4.00198,0,0,0,0,0,0,0,0,261.362,0,0,0,0,0,5463,33,99.3996,0,17394,264.717
e1_span_100_static_r03,e1_span_100_static,88,78.5316,176000,88,4,39.698,19508.9,19508.9,27,1777.65,37105.7,37225.5,1280,22.375,37777,47043.6,388,14945.6,38323.1,47617.2,3.19588,4674.52,100,59.315,177.571,1408.62,203,125.309,524.264,1273.88,2002,2002,4.00198,0,0,0,0,0,0,0,0,261.362,0,0,0,0,0,5767,24,99.5856,0,17596,264.755
e1_span_100_static_r03,e1_span_100_static,89,81.3009,178000,89,2,32652.5,32652.5,32652.5,22,50.013,36633.5,41114.7,1254,1436.86,38167.5,45637.5,414,3435.6,38264.4,41842,3.94444,3435.13,111,60.604,274.96,725.845,203,121.983,531.72,1086.5,2006,2006,4.00198,0,0,0,0,0,0,0,0,261.362,0,0,0,0,0,6465,49,99.2478,0,17798,264.797
e1_span_100_static_r03,e1_span_100_static,90,84.4566,180000,90,4,43.266,21242.4,21242.4,28,16028.9,40104.5,54506.6,1291,3552.46,39872.3,54384.1,357,16163.7,39816.6,45111.6,2.90476,5746.89,109,66.761,176.748,917.922,205,125.914,874.926,1744.38,1994,1994,5.00199,0,0,0,0,0,0,0,0,261.362,0,0,0,0,0,5657,31,99.455,0,18005,264.839
e1_span_100_static_r03,e1_span_100_static,91,87.2706,182000,91,2,34.593,34.593,34.593,26,45.07,39081.5,39435.8,1305,18.579,39051,40904,364,6941.34,39680.2,50088.1,2.42857,6156.8,116,55.393,228.095,1072.88,190,118.444,295.821,1874.03,2003,2003,5.00199,0,0,0,0,0,0,0,0,261.362,0,0,0,0,0,5548,27,99.5157,0,18193,264.879
e1_span_100_static_r03,e1_span_100_static,92,90.2258,184000,92,8,38186,39612.6,39612.6,30,14270.6,39543.3,40214.1,1260,20.102,39901.2,51858.6,370,563.497,40294.9,48632,3.41622,4176.36,118,64.105,242.403,354.583,210,127.179,404.414,1176.57,1996,1996,5.00199,0,0,0,0,0,0,0,0,261.362,0,0,0,0,0,5355,29,99.4614,0,18403,264.923
e1_span_100_static_r03,e1_span_100_static,93,92.9077,186000,93,5,23426.4,40255.7,40255.7,25,44.407,39716.4,40271.4,1229,312.215,40367.4,47399.7,419,669.303,40449.5,43359.6,3.01193,4164.25,97,59.852,368.562,979.71,225,123.859,418.666,1374.13,2000,2000,5.00199,0,0,0,0,0,0,0,0,261.362,0,0,0,0,0,6110,39,99.3658,0,18629,264.961
e1_span_100_static_r03,e1_span_100_static,94,95.652,188000,94,6,26842.7,40834.2,40834.2,22,68.737,34755.4,40812.3,1303,23.925,40594.1,42237.9,376,1203.79,41048.5,42478.5,3.56383,3688.52,107,58.937,171.916,264.512,185,113.433,318.531,1825.18,1999,1999,5.00199,0,0,0,0,0,0,0,0,261.362,0,0,0,0,0,5731,28,99.5138,0,18815,265
e1_span_100_static_r03,e1_span_100_static,95,98.7425,190000,95,7,6668.56,41201.6,41201.6,17,9574.62,40287.7,40287.7,1263,8927.01,41100.1,42952.8,403,3773.34,41238,42363.9,2.54342,5676.74,96,56.821,239.206,1135.48,214,115.399,309.333,1091.78,2000,2000,5.00199,0,0,0,0,0,0,0,0,261.362,0,0,0,0,0,6182,26,99.5812,0,19029,265.038
e1_span_100_static_r03,e1_span_100_static,96,101.537,192000,96,10,41.669,39790.2,39790.2,35,9281.65,42668.6,59516.5,1289,16.28,42073.3,44200.8,372,372.605,42193.6,44300.6,2.85753,4209.34,117,55.311,191.005,1118,178,109.063,497.985,2643.14,2001,2001,5.00199,0,0,0,0,0,0,0,0,261.362,0,0,0,0,0,5662,27,99.5254,0,19207,265.08
e1_span_100_static_r03,e1_span_100_static,97,104.396,194000,97,6,28819.1,42659.9,42659.9,24,17655.3,42320.8,42425.2,1273,18.125,42216.8,43491.3,417,620.893,42557.2,43561.5,3.33094,4098.14,94,59.597,189.423,287.803,186,106.152,189.227,732.744,2000,2000,5.00199,0,0,0,0,0,0,0,0,261.362,0,0,0,0,0,6017,42,99.3068,0,19393,265.116
e1_span_100_static_r03,e1_span_100_static,98,107.446,196000,98,2,26174.1,26174.1,26174.1,34,9769.46,42854.1,43806.4,1186,11989.7,42041,48450.4,437,16259.1,42340.1,48611.1,3.54462,4369.74,122,43.984,191.69,285.419,218,106.282,273.445,1265.57,1999,1999,5.00199,0,0,0,0,0,0,0,0,261.362,0,0,0,0,0,6242,43,99.3158,0,19611,265.161
e1_span_100_static_r03,e1_span_100_static,99,109.899,198000,99,6,33702.1,43056.6,43056.6,31,35.186,41011,54265.5,1277,16.619,42812.6,44487.2,388,320.523,42942.4,45036.9,3.06186,3427.41,109,39.309,147.975,304.681,187,107.616,354.606,1165.9,1998,1998,5.00199,0,0,0,0,0,0,0,0,261.362,0,0,0,0,0,6062,22,99.6384,0,19799,265.201
e1_span_100_static_r03,e1_span_100_static,100,112.651,200000,100,11,24.493,9740.35,9740.35,26,12059.7,38263.6,53610.8,1259,24.555,44299.5,54283.4,393,11366.3,44241.8,55036.1,2.51145,5695.88,110,55.165,201.281,211.573,201,105.807,280.914,1220.64,2000,2000,5.00199,0,0,0,0,0,0,0,0,261.362,0,0,0,0,0,6031,43,99.2921,0,20000,265.242
e1_span_400_dynamic_r01,e1_span_400_dynamic,1,0.0227882,2000,1,2,68.136,68.136,68.136,26,22.259,58.821,60.923,1255,21.214,76.659,97.073,405,146.162,205.721,341.235,98.9728,1.8206,122,17.738,73.248,122.296,198,38.292,92.912,220.169,2008,2008,1.00196,0,0,0,0,0,0,0,0,261.386,0,0,0,0,0,268,4068,6.18081,0,198,261.516
e1_span_400_dynamic_r01,e1_span_400_dynamic,2,0.0409546,4000,2,6,59.763,102.054,102.054,25,19.641,138.456,218.434,1275,55.109,132.075,159.766,375,141.056,231.021,267,92.1333,1.55655,101,13.672,72.497,92.53,219,38.133,89.881,108.354,2001,2001,1.00196,0,0,0,0,0,0,0,0,261.386,0,0,0,0,0,712,3196,18.219,0,416,261.556
e1_span_400_dynamic_r01,e1_span_400_dynamic,3,0.0654633,6000,3,7,148.278,214.619,214.619,27,118.664,200.083,253.053,1216,80.385,206.688,239.382,422,173.214,302.366,338.9,87.436,1.92122,102,15.868,71.354,78.502,220,39.685,109.102,123.133,1994,1994,1.00196,0,0,0,0,0,0,0,0,261.386,0,0,0,0,0,1084,3013,26.4584,0,636,261.594
e1_span_400_dynamic_r01,e1_span_400_dynamic,4,0.0973839,8000,4,9,20.134,282.475,282.475,25,163.428,327.922,336.815,1253,25.112,308.29,354.122,429,153.861,406.874,454.659,87.7366,2.2545,81,21.068,77.282,111.561,204,47.662,120.677,131.653,2001,2001,1.00196,0,0,0,0,0,0,0,0,261.386,0,0,0,0,0,1530,2630,36.7788,0,839,261.627
e1_span_400_dynamic_r01,e1_span_400_dynamic,5,0.144639,10000,5,5,210.273,329.86,329.86,26,17.721,433.316,441.815,1250,85.768,478.29,622.158,441,199.51,570.606,695.135,81.5102,3.38085,99,22.654,113.383,160.601,188,60.88,142.177,188.54,2009,2009,1.00196,0,0,0,0,0,0,0,0,261.386,0,0,0,0,0,1774,2211,44.5169,0,1028,261.664
e1_span_400_dynamic_r01,e1_span_400_dynamic,6,0.221181,12000,6,5,629.213,736.71,736.71,28,537.997,1004.11,1171.26,1287,39.857,873.408,1008.6,396,237.756,1031.91,1194.09,79.6035,5.48355,92,43.482,139.557,235.898,188,89.489,195.098,239.736,1996,1996,1.00196,0,0,0,0,0,0,0,0,261.386,0,0,0,0,0,1886,1829,50.7672,0,1217,261.699
e1_span_400_dynamic_r01,e1_span_400_dynamic,7,0.328349,14000,7,11,904.347,1037.55,1037.55,29,42.734,1012.75,1046.61,1265,186.91,1072.61,1144.58,382,407.476,1211.63,1278.66,76.7016,7.98409,96,45.01,230.765,286.376,211,100.808,254.22,355.742,1994,1994,1.00196,0,0,0,0,0,0,0,0,261.386,0,0,0,0,0,2048,1485,57.9677,0,1428,261.737
e1_span_400_dynamic_r01,e1_span_400_dynamic,8,0.44735,16000,8,8,22.019,976.044,976.044,26,35.758,1235.15,1348.62,1256,48.544,1463.91,1633.96,420,232.58,1553.27,1826.19,72.3643,8.57902,111,55.083,171.637,241.859,187,106.702,234.688,314.076,2008,2008,2.00197,0,0,0,0,0,0,0,0,261.386,0,0,0,0,0,2268,1363,62.4621,0,1614,261.776
e1_span_400_dynamic_r01,e1_span_400_dynamic,9,0.601658,18000,9,8,34.499,1783.02,1783.02,24,1162.54,1626.92,1738.81,1255,275.995,1627.18,1772.26,388,507.057,1805.44,1933.2,71.3119,11.694,111,59.841,234.725,272.426,203,116.99,332.503,373.581,1989,1989,2.00197,0,0,0,0,0,0,0,0,261.386,0,0,0,0,0,2336,1063,68.7261,0,1818,261.818
e1_span_400_dynamic_r01,e1_span_400_dynamic,10,0.779874,20000,10,5,338.895,1570.26,1570.26,19,1405.92,1835.5,1835.5,1278,428.368,1780.56,1927.02,391,634.936,1926.43,2142.43,67.7596,13.776,99,61.946,178.731,306.077,215,114.918,310.375,400.968,2007,2007,2.00197,0,0,0,0,0,0,0,0,261.386,0,0,0,0,0,2386,881,73.0334,0,2031,261.856
e1_span_400_dynamic_r01,e1_span_400_dynamic,11,0.963266,22000,11,3,1719.89,1855.07,1855.07,20,50.257,1968.98,1968.98,1301,52.462,1968.07,2311.59,388,545.765,2138.51,2433.23,64.8222,15.6037,91,60.346,140.197,280.855,190,116.378,329.783,497.642,1993,1993,2.00197,0,0,0,0,0,0,0,0,261.386,0,0,0,0,0,2400,794,75.1409,0,2223,261.891
e1_span_400_dynamic_r01,e1_span_400_dynamic,12,1.13054,24000,12,5,516.57,1918.06,1918.06,24,28.983,1915.8,1918.21,1256,224.844,2027.49,2158.29,387,540.323,2158.79,2312.76,64.9147,14.2809,113,57.037,179.082,206.274,215,108.411,251.191,307.144,2000,2000,2.00197,0,0,0,0,0,0,0,0,261.386,0,0,0,0,0,2464,720,77.3869,0,2438,261.933
e1_span_400_dynamic_r01,e1_span_400_dynamic,13,1.3076,26000,13,5,1963.29,2351.12,2351.12,21,495.954,2257.61,2310.74,1254,266.696,2198.43,2299.57,401,507.52,2328.55,2523.39,56.9576,15.9993,104,52.116,190.387,314.223,216,107.575,250.104,367.727,2001,2001,2.00197,0,0,0,0,0,0,0,0,261.386,0,0,0,0,0,2528,608,80.6122,0,2654,261.973
e1_span_400_dynamic_r01,e1_span_400_dynamic,14,1.51093,28000,14,4,2169.91,2301.66,2301.66,31,547.418,2353.47,2456.57,1250,459.641,2417.33,2528.08,407,456.817,2543.72,2645.45,56.3219,17.4299,102,59.751,175.456,213.858,214,107.53,203.05,253.536,2008,2008,2.00197,0,0,0,0,0,0,0,0,261.386,0,0,0,0,0,2606,514,83.5256,0,2864,262.012
e1_span_400_dynamic_r01,e1_span_400_dynamic,15,1.71514,30000,15,4,2412.62,2512.36,2512.36,24,565.356,2584.58,2601.53,1257,53.073,2671.38,2887.76,394,375.574,2810.38,2983.85,52.7487,20.2669,113,51.818,116.143,158.298,199,102.475,192.868,299.54,1991,1991,2.00197,0,0,0,0,0,0,0,0,261.386,0,0,0,0,0,2583,447,85.2475,0,3067,262.054
e1_span_400_dynamic_r01,e1_span_400_dynamic,16,1.91696,32000,16,8,394.738,2846.06,2846.06,16,31.938,2990.23,2990.23,1327,29.808,2786.73,2972.95,377,631.152,2955.22,3091.73,53.3422,20.7423,96,51.905,155.689,242.984,176,95.923,188.963,228.829,2000,2000,2.00197,0,0,0,0,0,0,0,0,261.386,0,0,0,0,0,2485,438,85.0154,0,3243,262.09
e1_span_400_dynamic_r01,e1_span_400_dynamic,17,2.12549,34000,17,4,18.731,26.488,26.488,32,45.898,2929.46,2933.11,1269,29.154,2954.76,3101.16,416,220.749,3135.91,3247.7,52.7524,21.3957,95,48.126,166.395,256.109,189,110.256,232.048,284.078,2005,2005,2.00197,0,0,0,0,0,0,0,0,261.386,0,0,0,0,0,2700,419,86.5662,0,3430,262.126
e1_span_400_dynamic_r01,e1_span_400_dynamic,18,2.39185,36000,18,6,2957.37,3259.96,3259.96,21,2864.78,3151.13,3166.18,1259,499.861,3205.2,3362.91,391,807.572,3360.57,3581.96,46.3299,31.5643,106,60.567,202.94,296.093,213,110.219,270.097,400.052,1996,1996,2.00197,0,0,0,0,0,0,0,0,261.386,0,0,0,0,0,2575,300,89.5652,0,3644,262.166
e1_span_400_dynamic_r01,e1_span_400_dynamic,19,2.62449,38000,19,5,14.26,3083.15,3083.15,30,40.27,3294.37,7719.57,1236,80.811,3339.45,3592.63,434,382.204,3529.87,5699.64,50.6982,23.9408,116,50.59,153.482,175.767,183,111.373,242.145,337.693,2004,2004,2.00197,0,0,0,0,0,0,0,0,261.386,0,0,0,0,0,2911,292,90.8835,0,3828,262.207
e1_span_400_dynamic_r01,e1_span_400_dynamic,20,2.89825,40000,20,10,19.294,3489.92,3489.92,22,43.498,3558.61,6745.72,1254,48.006,3539.66,4028.82,412,786.774,3771.18,5755.53,45.4248,33.4433,106,51.318,165.431,350.84,192,126.844,367.565,497.453,1996,1996,2.00197,0,0,0,0,0,0,0,0,261.386,0,0,0,0,0,2790,240,92.0792,0,4020,262.247
e1_span_400_dynamic_r01,e1_span_400_dynamic,21,3.18126,42000,21,9,32.511,3816.98,3816.98,27,737.041,3715.78,3897.95,1263,218.269,3812.55,6781.98,399,798.336,4077.97,6906.45,46.3759,31.7847,103,54.342,201.481,346.692,198,110.962,234.426,267.216,1999,1999,2.00197,0,0,0,0,0,0,0,0,261.386,0,0,0,0,0,2772,189,93.617,0,4218,262.286
e1_span_400_dynamic_r01,e1_span_400_dynamic,22,3.49218,44000,22,5,3324.32,3849.29,3849.29,28,1008.09,4042.33,4114.6,1273,201.158,4015.21,7158.02,395,270.315,4228.66,7235.39,41.3494,36.109,110,63.937,253.186,285.32,193,119.942,284.79,333.931,2004,2004,2.00197,0,0,0,0,0,0,0,0,261.386,0,0,0,0,0,2607,190,93.207,0,4410,262.326
e1_span_400_dynamic_r01,e1_span_400_dynamic,23,3.78101,46000,23,3,3252.99,4066.65,4066.65,35,56.702,4357.85,7683.48,1251,27.584,4228.54,7751.33,404,281.352,4424.3,7967.37,40.453,37.1966,117,67.877,296.941,351.874,189,128.765,289.105,429.081,1999,1999,2.00197,0,0,0,0,0,0,0,0,261.386,0,0,0,0,0,2727,162,94.3925,0,4600,262.368
e1_span_400_dynamic_r01,e1_span_400_dynamic,24,4.1325,48000,24,6,171.592,4342.76,4342.76,22,250.06,5685.19,8346.12,1299,41.184,4590.53,8162.97,383,254.896,4755.26,8213.76,38.3185,42.7596,103,66.475,262.171,375.677,193,123.318,288.287,360.873,2006,2006,2.00197,0,0,0,0,0,0,0,0,261.386,0,0,0,0,0,2631,174,93.7968,0,4792,262.406
e1_span_400_dynamic_r01,e1_span_400_dynamic,25,4.46708,50000,25,1,1017.54,1017.54,1017.54,28,2250.81,4911.43,8713.12,1277,34.252,4606.81,8554.72,408,275.544,4808.64,8529.11,42.1103,40.6408,83,66.603,264.154,620.749,199,128.957,322.733,582.367,1996,1996,2.00197,0,0,0,0,0,0,0,0,261.386,0,0,0,0,0,2933,145,95.2891,0,4991,262.439
e1_span_400_dynamic_r01,e1_span_400_dynamic,26,4.816,52000,26,3,21.222,4637.78,4637.78,24,1063.11,4814.47,8787.67,1296,33.634,4923.97,8917.23,413,204.878,5105.3,9062.26,37.9056,41.305,81,63.706,278.206,353.406,184,131.906,317.611,452.473,2001,2001,2.00197,0,0,0,0,0,0,0,0,261.386,0,0,0,0,0,2790,112,96.1406,0,5176,262.471
e1_span_400_dynamic_r01,e1_span_400_dynamic,27,5.21505,54000,27,6,234.148,1285.05,1285.05,16,148.173,9405.82,9405.82,1291,425.584,5133.09,9246.88,368,508.99,5279.31,9232.79,37.3397,48.5525,92,64.379,262.379,7066.85,222,124.485,335.143,2623.57,1995,1995,2.00197,0,0,0,0,0,0,0,0,261.386,0,0,0,0,0,2573,117,95.6506,0,5398,262.508
e1_span_400_dynamic_r01,e1_span_400_dynamic,28,5.60504,56000,28,8,34.526,5623.75,5623.75,33,44.63,5448.89,5678.13,1251,39.41,5623.81,9862.41,404,430.823,5685.73,7212.52,31.2525,60.6494,108,59.849,189.514,390.096,195,114.878,292.571,537.937,1999,1999,2.00197,0,0,0,0,0,0,0,0,261.386,0,0,0,0,0,2805,115,96.0616,0,5593,262.548
e1_span_400_dynamic_r01,e1_span_400_dynamic,29,6.02317,58000,29,8,1967.14,5753.85,5753.85,23,40.485,5622.08,5712.11,1278,55.146,5698.61,10392,396,1288.98,5875.53,10518.5,34.9217,63.5437,99,55.093,181.274,288.961,196,125.928,329.327,386.573,2000,2000,2.00197,0,0,0,0,0,0,0,0,261.386,0,0,0,0,0,2801,94,96.753,0,5789,262.585
e1_span_400_dynamic_r01,e1_span_400_dynamic,30,6.43412,60000,30,7,1471.95,5894.69,5894.69,26,57.868,5899.46,10353.7,1263,51.298,5882.86,10756.6,411,348.255,6043.66,6223.52,31.5377,61.2264,108,62.712,214.573,323.94,191,119.082,348.409,442.491,2006,2006,2.00197,0,0,0,0,0,0,0,0,261.386,0,0,0,0,0,2772,88,96.9231,0,5979,262.626
e1_span_400_dynamic_r01,e1_span_400_dynamic,31,6.89705,62000,31,6,36.906,1559.01,1559.01,22,27.419,5974.38,9272.77,1269,36.273,6148.5,11220.4,402,1436.76,6380.18,11210.4,29.0721,85.3945,111,63.167,239.437,361.01,186,124.131,322.077,375.694,1996,1996,2.00197,0,0,0,0,0,0,0,0,261.386,0,0,0,0,0,2911,101,96.6467,0,6165,262.665
e1_span_400_dynamic_r01,e1_span_400_dynamic,32,7.38705,64000,32,6,42.194,6075.1,6075.1,23,1576.16,6368.93,9119.14,1297,194.574,6413.92,11562.2,376,608.848,6495.84,7809.19,29.2527,81.9993,88,64.96,316.713,448.193,214,136.677,376.856,476.473,2004,2004,2.00197,0,0,0,0,0,0,0,0,261.386,0,0,0,0,0,2579,94,96.4834,0,6380,262.701
e1_span_400_dynamic_r01,e1_span_400_dynamic,33,7.90833,66000,33,8,2837.34,6711.93,6711.93,21,1632.31,6540.31,6579.08,1248,304.297,6638.2,12215.8,428,1403.22,6771.94,11101.6,28.9112,88.544,100,62.547,239.41,425.155,189,126.043,320.291,487.643,1994,1994,2.00197,0,0,0,0,0,0,0,0,261.386,0,0,0,0,0,3124,95,97.0488,0,6569,262.738
e1_span_400_dynamic_r01,e1_span_400_dynamic,34,8.51283,68000,34,7,28.624,6809.06,6809.06,18,6692.7,12722.5,12722.5,1292,34.37,6955.32,12671.4,398,572.511,7170.39,12580.3,30.7085,109.643,89,66.681,203.432,408.077,198,141.687,338.335,423.121,2002,2002,2.00197,0,0,0,0,0,0,0,0,261.386,0,0,0,0,0,2889,82,97.24,0,6767,262.773
e1_span_400_dynamic_r01,e1_span_400_dynamic,35,9.08803,70000,35,6,6832.78,7078.72,7078.72,36,62.977,7091.14,13522.7,1256,30.427,7232.06,13122.7,408,253.884,7398.38,13006.6,25.5809,110.677,116,71.084,337.916,423.515,177,149.802,399.772,530.702,1999,1999,2.00197,0,0,0,0,0,0,0,0,261.386,0,0,0,0,0,2992,100,96.7658,0,6944,262.814
e1_span_400_dynamic_r01,e1_span_400_dynamic,36,9.62242,72000,36,5,26.413,7226.13,7226.13,22,40.572,7095.98,7097.84,1292,42.444,7431.94,13587.1,393,343.128,7582.24,13847.9,20.0585,130.773,84,61.305,324.34,386.376,206,130.582,341.594,485.166,2002,2002,2.00197,0,0,0,0,0,0,0,0,261.386,0,0,0,0,0,2910,49,98.344,0,7148,262.847
e1_span_400_dynamic_r01,e1_span_400_dynamic,37,10.2588,74000,37,7,1740.74,7499.97,7499.97,25,32.36,2083.56,4209.78,1245,1214.43,7767,14117.7,409,567.192,7861.74,12920.2,23.4156,124.391,105,56.377,274.554,425.114,208,124.19,348.288,398.556,1999,1999,2.00197,0,0,0,0,0,0,0,0,261.386,0,0,0,0,0,3050,82,97.3819,0,7358,262.887
e1_span_400_dynamic_r01,e1_span_400_dynamic,38,10.8435,76000,38,9,1874.05,7814.22,7814.22,21,1970.2,7999.39,8017.77,1276,182.979,7956.42,13458.8,389,324.243,8141.35,14591.9,21.0591,132.151,108,64.84,249.726,348.783,203,126.829,296.962,368.015,2006,2006,3.00198,0,0,0,0,0,0,0,0,261.386,0,0,0,0,0,3012,67,97.824,0,7558,262.927
e1_span_400_dynamic_r01,e1_span_400_dynamic,39,11.5943,78000,39,4,2626.67,8296.38,8296.38,18,1922.46,10224.5,10224.5,1218,620.585,8437.6,15174.1,424,843.714,8593.29,15328.4,19.309,193.267,101,64.387,287.778,392.209,227,129.206,317.555,390.913,1992,1992,3.00198,0,0,0,0,0,0,0,0,261.386,0,0,0,0,0,3272,83,97.5261,0,7788,262.967
e1_span_400_dynamic_r01,e1_span_400_dynamic,40,12.3433,80000,40,6,2249.26,8424.94,8424.94,33,381.513,8954.02,10063.8,1267,1721.66,8674.42,15692.9,370,2237.93,9070.99,16022.7,21.173,188.054,110,64.144,227.477,274.415,214,125.263,298.721,431.153,2000,2000,3.00198,0,0,0,0,0,0,0,0,261.386,0,0,0,0,0,2882,56,98.0939,0,8002,263.008
e1_span_400_dynamic_r01,e1_span_400_dynamic,41,13.025,82000,41,7,11.216,8808.02,8808.02,17,40.367,9106.57,9106.57,1286,431.028,8956.38,16144.3,393,1412.76,9194.46,16416.4,19.486,176.556,94,64.821,218.116,462.841,203,126.455,244.059,381.485,2000,2000,3.00198,0,0,0,0,0,0,0,0,261.386,0,0,0,0,0,3187,68,97.9109,0,8205,263.045
e1_span_400_dynamic_r01,e1_span_400_dynamic,42,13.6874,84000,42,7,417.656,9202.18,9202.18,25,33.787,9196.99,9355.82,1293,30.411,9186.86,16633.9,405,704.158,9429.05,16685.6,21.3481,153.933,94,55.33,188.116,252.095,176,119.081,286.295,387.33,2000,2000,3.00198,0,0,0,0,0,0,0,0,261.386,0,0,0,0,0,3277,57,98.2903,0,8381,263.08
e1_span_400_dynamic_r01,e1_span_400_dynamic,43,14.3366,86000,43,6,2480.43,7395.93,7395.93,27,10.759,9541.48,9564.21,1316,29.211,9439.9,16911.2,380,317.842,9627.07,16950.3,18.0895,177.733,86,57.517,252.586,355.532,187,126.274,281.386,348.031,2002,2002,3.00198,0,0,0,0,0,0,0,0,261.386,0,0,0,0,0,3080,65,97.9332,0,8568,263.113
e1_span_400_dynamic_r01,e1_span_400_dynamic,44,15.0783,88000,44,2,9712.81,9712.81,9712.81,20,2474.63,9712.6,9712.6,1287,27.778,11822,17977.6,388,356.848,10450,18147.8,17.268,226.359,102,64.793,172.879,301.229,206,135.845,338.998,516.978,2005,2005,3.00198,0,0,0,0,0,0,0,0,261.386,0,0,0,0,0,3486,54,98.4746,0,8771,263.152
e1_span_400_dynamic_r01,e1_span_400_dynamic,45,15.9022,90000,45,8,5566.19,9998.09,9998.09,22,497.036,10078.4,10111.8,1264,2269.78,10188.5,18479.4,387,2391.72,10335.8,18647.6,17.4289,225.084,98,64.506,266.833,451.637,215,127.94,274.794,420.385,1994,1994,3.00198,0,0,0,0,0,0,0,0,261.386,0,0,0,0,0,3410,60,98.2709,0,8988,263.19
e1_span_400_dynamic_r01,e1_span_400_dynamic,46,16.6635,92000,46,9,28.497,11870.6,11870.6,32,2407.26,10235.6,12559.4,1236,203.741,10755,17043.4,421,2525.19,10881.6,16985.7,17.8052,224.607,92,65.845,218.264,386.3,210,126.447,317.596,452.728,2000,2000,3.00198,0,0,0,0,0,0,0,0,261.386,0,0,0,0,0,3527,72,97.9994,0,9199,263.226
e1_span_400_dynamic_r01,e1_span_400_dynamic,47,17.5115,94000,47,9,41.618,11134.8,11134.8,28,44.554,11116.9,12841,1263,1629.79,11143.7,20299.1,400,745.428,11295.9,20243.5,14.235,269.564,82,44.936,233.498,511.195,218,129.943,288.666,507.281,2000,2000,3.00198,0,0,0,0,0,0,0,0,261.386,0,0,0,0,0,3340,62,98.1775,0,9417,263.26
e1_span_400_dynamic_r01,e1_span_400_dynamic,48,18.2941,96000,48,9,2713.17,11362.8,11362.8,22,37.015,11026.3,11212.2,1291,17.699,11904.9,20986.5,387,231.445,11517.7,20748.6,14.845,251.801,106,58.366,140.248,238.477,186,127.495,341.683,466.147,2001,2001,3.00198,0,0,0,0,0,0,0,0,261.386,0,0,0,0,0,3368,58,98.3071,0,9602,263.299
e1_span_400_dynamic_r01,e1_span_400_dynamic,49,19.0991,98000,49,5,2506.66,11342.9,11342.9,18,38.13,11630.8,11630.8,1246,243.709,11635.5,21128.3,435,247.309,11775.6,21189,15.6943,222.931,99,63.213,225.36,488.372,198,121.793,310.959,480.104,2001,2001,3.00198,0,0,0,0,0,0,0,0,261.386,0,0,0,0,0,3997,47,98.8378,0,9801,263.337
e1_span_400_dynamic_r01,e1_span_400_dynamic,50,19.9117,100000,50,10,38.688,16859,16859,23,60.793,11820.6,11907.2,1255,22.516,11946.3,21614.8,413,479.88,12401.4,22039.2,14.8886,285.882,100,56.451,233.143,403.158,204,132.781,342.496,396.786,2005,2005,3.00198,0,0,0,0,0,0,0,0,261.386,0,0,0,0,0,3982,54,98.662,0,10003,263.375
e1_span_400_dynamic_r01,e1_span_400_dynamic,51,20.9696,102000,51,6,36.352,15273.4,15273.4,25,553.383,12271.9,12329.9,1295,34.858,12368.2,22361.3,392,290.35,12721,21956.3,13.4082,378.349,78,77.144,412.651,557.259,199,137.398,414.872,567.402,1995,1995,3.00198,0,0,0,0,0,0,0,0,261.386,0,0,0,0,0,3742,42,98.8901,0,10202,263.406
e1_span_400_dynamic_r01,e1_span_400_dynamic,52,22.157,104000,52,8,12238.8,12576.2,12576.2,27,45.024,12612.9,23161.4,1266,298.1,12687.4,23071.3,419,485.398,12898.3,23323.7,12.7661,439.641,94,64.924,188.1,392.692,193,133.382,297.159,332.407,2007,2007,3.00198,0,0,0,0,0,0,0,0,261.386,0,0,0,0,0,3844,53,98.64,0,10397,263.443
e1_span_400_dynamic_r01,e1_span_400_dynamic,53,23.2765,106000,53,7,36.698,39.126,39.126,35,43.749,12920,23550.2,1292,31.621,13079.7,23539.6,379,419.839,13314.1,23888.4,12.438,475.162,98,64.718,316.245,351.906,189,137.491,326.959,426.247,2000,2000,3.00198,0,0,0,0,0,0,0,0,261.386,0,0,0,0,0,3856,59,98.493,0,10584,263.479
e1_span_400_dynamic_r01,e1_span_400_dynamic,54,24.3965,108000,54,5,12912.6,13079.2,13079.2,31,869.645,13499,15663.6,1264,28.707,13346.8,23993.4,417,325.464,13503,15769.1,12.7602,425.84,92,63.351,204.35,394.465,184,135.295,299.325,403.684,1993,1993,3.00198,0,0,0,0,0,0,0,0,261.386,0,0,0,0,0,4040,44,98.9226,0,10768,263.514
e1_span_400_dynamic_r01,e1_span_400_dynamic,55,25.5711,110000,55,7,7.116,38.986,38.986,22,46.971,13584.4,13629.4,1351,19.392,13769.5,24995.5,363,310.557,15534.6,25366.5,11.5289,534.388,96,69.117,325.468,1054.23,161,133.197,311.781,1023.46,2000,2000,3.00198,0,0,0,0,0,0,0,0,261.386,0,0,0,0,0,3548,43,98.8026,0,10931,263.549
e1_span_400_dynamic_r01,e1_span_400_dynamic,56,26.7295,112000,56,4,46.738,13609,13609,30,37.024,13700.8,25508.4,1253,20.479,13937.1,24980.2,425,510.717,14191.4,25034.7,12.2306,494.703,88,73.018,214.033,6759.37,201,138.342,387.473,7426.53,2001,2001,3.00198,0,0,0,0,0,0,0,0,261.386,0,0,0,0,0,4306,56,98.7162,0,11130,263.584
e1_span_400_dynamic_r01,e1_span_400_dynamic,57,27.9437,114000,57,3,14129.8,14236.1,14236.1,28,40.934,14353.2,14646.5,1277,324.574,14230.5,17018.1,399,380.663,14343.7,14627.3,11.1654,489.195,83,66.769,258.337,368.371,210,133.793,370.591,418.571,2000,2000,3.00198,0,0,0,0,0,0,0,0,261.386,0,0,0,0,0,3893,43,98.9075,0,11341,263.617
e1_span_400_dynamic_r01,e1_span_400_dynamic,58,29.2602,116000,58,8,4338.7,17718.7,17718.7,10,1051.63,14736.5,14736.5,1306,59.509,14878.5,26697.5,376,594.69,15208.2,26629.3,9.59574,672.804,92,76.118,367.454,415.492,213,145.227,418.748,488.172,2005,2005,3.00198,0,0,0,0,0,0,0,0,261.386,0,0,0,0,0,3624,26,99.2877,0,11554,263.653
e1_span_400_dynamic_r01,e1_span_400_dynamic,59,30.4473,118000,59,6,10998.4,14659.3,14659.3,27,309.904,27148.8,27522.3,1272,17.887,15330,27024.1,378,542.779,15527,27425.8,10.4021,579.592,105,68.015,261.998,361.111,204,137.063,420.685,479.565,1992,1992,3.00198,0,0,0,0,0,0,0,0,261.386,0,0,0,0,0,3988,45,98.8842,0,11759,263.692
e1_span_400_dynamic_r01,e1_span_400_dynamic,60,31.8453,120000,60,6,3409.37,15206.9,15206.9,30,3249.2,15722,28315.3,1238,376.667,15662.7,27623.9,433,756.802,15768.4,16305.6,10.0162,649.476,97,67.546,263.267,427.883,199,138.533,326.81,388.471,2003,2003,3.00198,0,0,0,0,0,0,0,0,261.386,0,0,0,0,0,4604,47,98.9895,0,11955,263.73
e1_span_400_dynamic_r01,e1_span_400_dynamic,61,33.163,122000,61,4,7086.71,14346.9,14346.9,29,59.701,16328.6,24629.5,1282,31.56,16956.9,27251.4,381,387.08,16727.3,23343.1,10.3465,587.009,105,65.029,190.784,288.818,196,131.728,402.823,556.819,1997,1997,3.00198,0,0,0,0,0,0,0,0,261.386,0,0,0,0,0,3870,42,98.9264,0,12154,263.769
e1_span_400_dynamic_r01,e1_span_400_dynamic,62,34.6826,124000,62,6,13584.2,16289.1,16289.1,24,1398.98,16166.9,16296.9,1273,830.755,16594.3,20867.6,405,3850.5,16982.2,26024.7,8.32099,905.158,102,67.929,188.638,363.678,202,128.386,346.947,446.258,2012,2012,4.00198,0,0,0,0,0,0,0,0,261.386,0,0,0,0,0,4321,44,98.992,0,12356,263.807
e1_span_400_dynamic_r01,e1_span_400_dynamic,63,36.1466,126000,63,3,35.774,40.4,40.4,33,50.495,16751.2,16810.5,1248,47.892,16989.8,29844.4,401,721.329,17135.4,29233.8,7.76559,955.458,100,63.861,234.128,278.616,202,132.824,316.881,363.47,1987,1987,4.00198,0,0,0,0,0,0,0,0,261.386,0,0,0,0,0,4379,47,98.9381,0,12558,263.846
e1_span_400_dynamic_r01,e1_span_400_dynamic,64,37.5877,128000,64,9,38.34,17096.3,17096.3,27,48.536,17161.6,17231.8,1264,21.461,17182.3,23402.7,408,427.24,17432.3,28619.6,9.77451,694.699,106,64.823,219.806,345.474,187,133.781,325.216,503.387,2001,2001,4.00198,0,0,0,0,0,0,0,0,261.386,0,0,0,0,0,4702,59,98.7608,0,12745,263.884
e1_span_400_dynamic_r01,e1_span_400_dynamic,65,39.2301,130000,65,7,838.016,17620.4,17620.4,24,15422.1,18002.6,18068.2,1260,523.221,17752.2,18136.7,382,605.435,17933.1,18254.4,6.99738,1127.19,111,72.037,363.765,473.119,219,132.886,337.123,402.655,2003,2003,4.00198,0,0,0,0,0,0,0,0,261.386,0,0,0,0,0,4141,37,99.1144,0,12963,263.926
e1_span_400_dynamic_r01,e1_span_400_dynamic,66,40.7802,132000,66,7,769.891,17282.5,17282.5,24,6819.61,17873.4,17902.3,1276,45.763,18194.9,18580.9,397,370.601,18264,18803.6,7.31234,1012.05,94,65.057,296.346,448.158,203,133.189,322.884,386.774,2001,2001,4.00198,0,0,0,0,0,0,0,0,261.386,0,0,0,0,0,4550,42,99.0854,0,13165,263.962
e1_span_400_dynamic_r01,e1_span_400_dynamic,67,42.4081,134000,67,4,18.172,55.897,55.897,23,891.023,18219.6,18251.3,1282,1069.75,18443.2,23289.2,397,7424.26,18770.7,21569.1,7.94207,1036.9,94,63.532,191.019,300.066,201,124.498,259.649,322.208,2001,2001,4.00198,0,0,0,0,0,0,0,0,261.386,0,0,0,0,0,4338,43,99.0185,0,13367,263.999
e1_span_400_dynamic_r01,e1_span_400_dynamic,68,44.1193,136000,68,6,15.308,18599,18599,19,405.175,19460.4,19460.4,1251,267.028,19071.6,31082.4,419,1306.09,19421.9,21963.6,7.21957,1197.02,105,64.182,143.741,325.679,195,129.135,292.091,404.354,1995,1995,4.00198,0,0,0,0,0,0,0,0,261.386,0,0,0,0,0,5083,62,98.7949,0,13563,264.038
e1_span_400_dynamic_r01,e1_span_400_dynamic,69,45.6837,138000,69,6,36.609,19026,19026,22,12872.8,19283.5,19689.1,1301,19.441,19286.8,22259.1,400,583.51,19798.8,24335.3,6.2425,1298.45,85,67.701,194.249,298.387,186,130.36,269.025,364.501,2000,2000,4.00198,0,0,0,0,0,0,0,0,261.386,0,0,0,0,0,4682,44,99.069,0,13749,264.072
e1_span_400_dynamic_r01,e1_span_400_dynamic,70,47.3202,140000,70,11,29.893,35643.4,35643.4,25,47.824,19662.5,19865,1248,444.502,19585.3,20180.1,426,7100.2,19866.1,20269.1,6.04225,1424.04,89,65.499,290.834,6603.82,207,129.59,289.657,395.353,2006,2006,4.00198,0,0,0,0,0,0,0,0,261.386,0,0,0,0,0,5137,47,99.0934,0,13955,264.107
e1_span_400_dynamic_r01,e1_span_400_dynamic,71,48.9297,142000,71,10,19329,20547,20547,20,13279.1,20059.9,20059.9,1280,37.045,20174.1,24350.6,393,594.765,20363.7,24538.1,7.41985,1065.97,93,66.581,224.663,387.861,205,128.366,265.151,384.931,2001,2001,4.00198,0,0,0,0,0,0,0,0,261.386,0,0,0,0,0,4919,45,99.0935,0,14159,264.143
e1_span_400_dynamic_r01,e1_span_400_dynamic,72,50.6312,144000,72,13,16338.9,20513.9,20513.9,31,40.994,20374.6,20431,1253,34.25,20445.7,21136,413,3164.56,20687.9,31529.3,6.74092,1289.33,84,61.848,214.275,410.381,197,127.959,289.903,423.81,1991,1991,4.00198,0,0,0,0,0,0,0,0,261.386,0,0,0,0,0,5048,30,99.4092,0,14358,264.176
e1_span_400_dynamic_r01,e1_span_400_dynamic,73,52.3419,146000,73,4,10412.7,11581.3,11581.3,30,348.666,22278.9,24595,1258,29.197,21339.8,34564.5,405,3563.59,21628.6,35281.8,5.59753,1595.56,96,62.537,238.115,392.156,209,129.436,352.452,489.628,2002,2002,4.00198,0,0,0,0,0,0,0,0,261.386,0,0,0,0,0,4648,24,99.4863,0,14567,264.214
e1_span_400_dynamic_r01,e1_span_400_dynamic,74,54.1404,148000,74,8,7.084,22092.5,22092.5,23,48.418,21792.8,38411.7,1250,33.54,21911.7,36185,419,490.496,22333.9,36036.8,6.31265,1375.18,109,61.716,200.605,271.87,189,129.721,352.108,510.443,1998,1998,4.00198,0,0,0,0,0,0,0,0,261.386,0,0,0,0,0,5682,42,99.2662,0,14756,264.253
e1_span_400_dynamic_r01,e1_span_400_dynamic,75,56.0207,150000,75,3,21736.6,21820.3,21820.3,24,1510.27,21552.7,21806.3,1257,197.325,22244.6,34727.1,423,825.418,22176,27517.3,4.93853,1840.58,78,69.433,285.141,370.915,218,141.513,409.735,474.487,2003,2003,4.00198,0,0,0,0,0,0,0,0,261.386,0,0,0,0,0,5242,43,99.1864,0,14974,264.287
e1_span_400_dynamic_r01,e1_span_400_dynamic,76,57.7463,152000,76,2,15387,15387,15387,26,42.56,22274.4,22938.5,1295,17.228,22334.9,38452.7,415,356.492,22578.7,29921.3,4.77831,1616.69,91,66.213,160.532,306.498,173,130.012,265.887,474.312,2002,2002,4.00198,0,0,0,0,0,0,0,0,261.386,0,0,0,0,0,5151,45,99.1339,0,15146,264.32
e1_span_400_dynamic_r01,e1_span_400_dynamic,77,59.3703,154000,77,4,5451.31,12866.1,12866.1,22,8556.5,22651.4,23566,1270,5202.28,22665.9,26044.3,379,5350,23007.3,33876.8,6.19261,1250.3,91,61.405,281.055,395.962,229,117.488,238.49,362.047,1995,1995,4.00198,0,0,0,0,0,0,0,0,261.386,0,0,0,0,0,4846,36,99.2626,0,15376,264.358
e1_span_400_dynamic_r01,e1_span_400_dynamic,78,60.8721,156000,78,7,1151.13,23347.1,23347.1,32,53.146,22774.7,22844.4,1289,15.392,23067.5,28585.3,378,320.146,23340.4,35855.5,5.34392,1411.51,101,56.709,238.208,363.068,192,119.783,334.943,407.125,1999,1999,4.00198,0,0,0,0,0,0,0,0,261.386,0,0,0,0,0,4691,32,99.3225,0,15568,264.395
e1_span_400_dynamic_r01,e1_span_400_dynamic,79,62.9148,158000,79,4,15502.1,30723.2,30723.2,35,13019.4,24298.4,31242.7,1269,548.031,23806.9,29847.5,396,2171.51,24237.7,27730.8,4.11111,2460.28,97,63.415,220.869,356.622,203,127.814,327.212,433.946,2004,2004,4.00198,0,0,0,0,0,0,0,0,261.386,0,0,0,0,0,5571,44,99.2164,0,15769,264.432
e1_span_400_dynamic_r01,e1_span_400_dynamic,80,65.1805,160000,80,10,15705.5,23991.9,23991.9,23,11473.6,24394.5,33643.5,1239,9248.04,24626.2,41558.5,392,8368.4,24918.7,41948.5,4.54337,2388.67,107,57.037,204.881,361.26,226,131.294,296.972,362.283,1997,1997,4.00198,0,0,0,0,0,0,0,0,261.386,0,0,0,0,0,5443,42,99.2343,0,15997,264.474
e1_span_400_dynamic_r01,e1_span_400_dynamic,81,67.2572,162000,81,5,13691.2,24535.7,24535.7,39,5342.09,31395.4,41860.7,1283,272.866,25684.9,38664.6,386,662.656,25600.2,38345.6,4.98446,1950.19,86,62.962,278.459,379.068,202,122.934,273.07,319.679,2001,2001,4.00198,0,0,0,0,0,0,0,0,261.386,0,0,0,0,0,5368,46,99.1504,0,16199,264.508
e1_span_400_dynamic_r01,e1_span_400_dynamic,82,69.2921,164000,82,7,1010.79,23833.4,23833.4,23,60.767,25544.3,25697.2,1253,26.638,25645.8,42495.9,418,1632.55,28466.5,42198,3.61005,2797.24,98,54.997,256.024,420.015,202,127.588,331.36,402.248,2001,2001,4.00198,0,0,0,0,0,0,0,0,261.386,0,0,0,0,0,5774,39,99.3291,0,16400,264.546
e1_span_400_dynamic_r01,e1_span_400_dynamic,83,71.379,166000,83,11,14795.6,25982.8,25982.8,26,45.885,25558.1,25784,1265,19.357,25745.1,40150.6,401,657.307,26360,41938.8,4.37406,2415.02,111,64.741,213.019,317.856,188,124.744,290.244,375.548,2002,2002,4.00198,0,0,0,0,0,0,0,0,261.386,0,0,0,0,0,6045,43,99.2937,0,16588,264.586
e1_span_400_dynamic_r01,e1_span_400_dynamic,84,73.5936,168000,84,4,25551.1,25825,25825,26,55.152,26090.7,37155.9,1238,844.785,26407.6,33726.5,413,1102.72,26667.6,33970.6,3.73366,2955.5,107,61.636,244.118,275.928,207,125.71,269.353,295.338,1995,1995,4.00198,0,0,0,0,0,0,0,0,261.386,0,0,0,0,0,5984,49,99.1878,0,16796,264.627
e1_span_400_dynamic_r01,e1_span_400_dynamic,85,75.6901,170000,85,5,5684.75,18310.2,18310.2,39,482.228,26618.9,28812.5,1250,17.696,27050.1,34715,407,465.121,27766.8,42838.5,3.66585,2789.7,105,62.103,208.098,230.286,193,129.581,342.911,433.364,1999,1999,4.00198,0,0,0,0,0,0,0,0,261.386,0,0,0,0,0,5901,31,99.4774,0,16989,264.666
e1_span_400_dynamic_r01,e1_span_400_dynamic,86,77.7529,172000,86,7,43.431,26686.4,26686.4,33,57.463,27014.3,27691.8,1237,18.372,27253,41895.1,428,427.458,27557.8,41795.8,4.57944,2073.84,95,63.276,221.2,382.101,203,129.281,325.049,387.056,2003,2003,4.00198,0,0,0,0,0,0,0,0,261.386,0,0,0,0,0,5784,35,99.3985,0,17191,264.702
e1_span_400_dynamic_r01,e1_span_400_dynamic,87,80.1326,174000,87,6,30.42,36926.3,36926.3,25,2034.71,35516.7,36976.8,1263,4220.53,36422.5,47848.8,395,8101.07,37075.6,53213.5,3.77975,3262.7,106,57.715,182.99,218.029,202,120.909,305.564,557.787,1997,1997,4.00198,0,0,0,0,0,0,0,0,261.386,0,0,0,0,0,5511,32,99.4227,0,17394,264.742
e1_span_400_dynamic_r01,e1_span_400_dynamic,88,82.6387,176000,88,4,13627.7,38209.4,38209.4,27,56.033,41368.9,54228.3,1280,2048.11,37497.8,43738.8,390,8698.76,37932.3,52982.6,3.18718,4064.89,100,55.375,218.157,1275.78,203,122.126,321.943,957.077,2004,2004,5.00199,0,0,0,0,0,0,0,0,261.386,0,0,0,0,0,5837,25,99.5735,0,17596,264.781
e1_span_400_dynamic_r01,e1_span_400_dynamic,89,84.8523,178000,89,2,38397.3,38397.3,38397.3,22,8209.18,35171.6,37864.7,1251,17.854,37507.9,44020.5,413,1125.23,37376.2,50185.9,3.954,2714.72,111,57.419,174.391,790.192,203,103.255,425.076,1272.69,2002,2002,5.00199,0,0,0,0,0,0,0,0,261.386,0,0,0,0,0,6485,37,99.4327,0,17798,264.822
e1_span_400_dynamic_r01,e1_span_400_dynamic,90,87.2594,180000,90,4,9044.04,19225.9,19225.9,28,48.661,48110,51343.5,1292,839.658,38445.2,41438.4,357,8057.25,38797,40061.2,2.89916,4334.05,109,56.81,218.922,358.774,205,113.054,318.888,456.445,1995,1995,5.00199,0,0,0,0,0,0,0,0,261.386,0,0,0,0,0,5675,37,99.3522,0,18005,264.863
e1_span_400_dynamic_r01,e1_span_400_dynamic,91,89.6083,182000,91,2,19599,19599,19599,26,47.618,37698.4,37877.2,1306,15.83,38633.3,44656.4,362,378.809,38083.3,39579.5,2.44751,4216.05,114,55.03,193.42,236.632,190,123.91,233.268,739.906,2000,2000,5.00199,0,0,0,0,0,0,0,0,261.386,0,0,0,0,0,5513,31,99.4408,0,18195,264.904
e1_span_400_dynamic_r01,e1_span_400_dynamic,92,92.0227,184000,92,8,10504.1,40571.9,40571.9,30,11817.9,39748.5,40159.5,1258,7009.24,39009.8,41722.7,374,682.518,39299.3,49369.3,3.37968,3225.45,120,56.623,274.649,556.207,210,116.581,324.702,486.236,2000,2000,5.00199,0,0,0,0,0,0,0,0,261.386,0,0,0,0,0,5408,30,99.4483,0,18405,264.948
e1_span_400_dynamic_r01,e1_span_400_dynamic,93,94.4975,186000,93,5,11828.2,39693.2,39693.2,25,47.17,28744.8,33166.7,1231,701.159,39669.9,49235.2,419,3757.4,39457.2,57528.7,3.01432,3949.82,97,44.107,149.628,258.631,225,109.874,313.227,1417.67,2002,2002,5.00199,0,0,0,0,0,0,0,0,261.386,0,0,0,0,0,6115,39,99.3663,0,18629,264.987
e1_span_400_dynamic_r01,e1_span_400_dynamic,94,97.0726,188000,94,6,21370.3,34616.1,34616.1,22,64.509,39865.5,40416.6,1304,17.465,39901,56636.4,374,514.904,40300.6,45556.6,3.58021,3451.59,107,53.852,219.053,302.39,185,122.979,355.422,1025.71,1998,1998,5.00199,0,0,0,0,0,0,0,0,261.386,0,0,0,0,0,5730,32,99.4446,0,18815,265.026
e1_span_400_dynamic_r01,e1_span_400_dynamic,95,99.9215,190000,95,7,27224.9,41060.1,41060.1,17,55.205,40324,40324,1263,9698.51,40703.5,43356,402,9820.23,40686.2,42144,2.54975,5066.87,96,62.164,247.249,400.235,214,120.764,360.512,714.689,1999,1999,5.00199,0,0,0,0,0,0,0,0,261.386,0,0,0,0,0,6175,35,99.4364,0,19029,265.064
e1_span_400_dynamic_r01,e1_span_400_dynamic,96,102.441,192000,96,10,33.847,41440.3,41440.3,35,49.694,41313.9,43542.5,1289,14.402,41468.7,44183.9,371,370.014,41468.9,44295.7,2.86523,3967.77,117,47.6,181.181,264.531,178,107.887,396.274,1138.5,2000,2000,5.00199,0,0,0,0,0,0,0,0,261.386,0,0,0,0,0,5633,32,99.4351,0,19207,265.105
e1_span_400_dynamic_r01,e1_span_400_dynamic,97,105.271,194000,97,6,25369.6,61391.2,61391.2,24,10107,37489.7,42438.6,1276,15.838,42272,58844.8,419,453.061,42940.4,60599.8,3.31504,4184.59,94,52.257,137.546,6166.72,186,109.472,285.293,1137.72,2005,2005,5.00199,0,0,0,0,0,0,0,0,261.386,0,0,0,0,0,6093,37,99.3964,0,19392,265.141
e1_span_400_dynamic_r01,e1_span_400_dynamic,98,108.405,196000,98,2,40.394,40.394,40.394,34,11390.3,43252.5,45592.3,1184,12409.5,42704,45186.3,437,12732.8,42885.4,44534.2,3.54462,4456.88,122,48.026,171.62,275.805,218,111.867,248.324,951.561,1997,1997,5.00199,0,0,0,0,0,0,0,0,261.386,0,0,0,0,0,6226,36,99.4251,0,19611,265.187
e1_span_400_dynamic_r01,e1_span_400_dynamic,99,111.018,198000,99,6,30244.2,42755.9,42755.9,31,43.597,44019.2,45914.2,1276,21.305,43545.6,45169.2,388,417.698,43970.9,61418.9,3.06186,3912.6,109,57.663,305.426,1804.7,188,116.348,363.362,1660.12,1998,1998,5.00199,0,0,0,0,0,0,0,0,261.386,0,0,0,0,0,6061,19,99.6875,0,19799,265.227
e1_span_400_dynamic_r01,e1_span_400_dynamic,100,113.689,200000,100,11,28.168,23888.2,23888.2,26,45.282,42882.7,43697.2,1259,18.35,43065.3,45895.9,393,10123.9,43763.6,46244.5,2.51145,5410.42,110,47.69,225.765,1350.86,201,110.715,371.707,1398.81,2000,2000,5.00199,0,0,0,0,0,0,0,0,261.386,0,0,0,0,0,6063,45,99.2633,0,20000,265.268
e1_span_400_dynamic_r02,e1_span_400_dynamic,1,0.0229692,2000,1,2,84.515,84.515,84.515,26,23.913,65.663,68.858,1257,23.219,75.018,88.181,405,154.343,205.523,221.858,98.9728,1.56492,122,15.389,61.313,91.481,198,36.988,88.329,402.54,2010,2010,1.00196,0,0,0,0,0,0,0,0,261.386,0,0,0,0,0,265,4075,6.10599,0,198,261.516
e1_span_400_dynamic_r02,e1_span_400_dynamic,2,0.0404659,4000,2,6,78.031,87.27,87.27,25,21.246,138.513,154.422,1273,47.641,122.01,137.12,374,136.955,225.388,271.236,92.1123,1.5587,100,15.175,64.472,85.161,219,34.102,92.105,112.339,1997,1997,1.00196,0,0,0,0,0,0,0,0,261.386,0,0,0,0,0,711,3210,18.1331,0,416,261.556
e1_span_400_dynamic_r02,e1_span_400_dynamic,3,0.0641822,6000,3,7,90.903,163.131,163.131,28,129.833,203.084,204.619,1216,77.263,194.416,232.989,423,163.823,283.135,320.961,87.4657,1.87207,103,14.64,69.252,84.015,220,37.625,89.724,122.002,1997,1997,1.00196,0,0,0,0,0,0,0,0,261.386,0,0,0,0,0,1080,3009,26.4123,0,636,261.595
e1_span_400_dynamic_r02,e1_span_400_dynamic,4,0.0951121,8000,4,9,49.786,339.036,339.036,24,116.301,271.53,293.643,1253,98.3,287.715,336.077,429,148.061,371.511,421.432,87.7366,2.11495,81,17.219,70.319,110.834,204,43.305,112.067,132.799,2000,2000,1.00196,0,0,0,0,0,0,0,0,261.386,0,0,0,0,0,1508,2610,36.6197,0,839,261.627
e1_span_400_dynamic_r02,e1_span_400_dynamic,5,0.137096,10000,5,5,16.049,176.154,176.154,26,14.664,375.629,440.744,1252,82.167,457.037,519.087,441,150.771,534.132,599.599,81.5102,2.92696,99,20.845,100.342,157.962,188,52.613,110.521,142.324,2011,2011,1.00196,0,0,0,0,0,0,0,0,261.386,0,0,0,0,0,1769,2237,44.1588,0,1028,261.664
e1_span_400_dynamic_r02,e1_span_400_dynamic,6,0.203626,12000,6,5,611.694,650.154,650.154,28,354.248,743.467,762.354,1285,60.259,761.154,878.55,398,235.277,895.971,1057.74,79.706,4.87011,92,31.806,121.157,261.479,188,71.838,171.951,228.584,1996,1996,1.00196,0,0,0,0,0,0,0,0,261.386,0,0,0,0,0,1864,1841,50.3104,0,1217,261.699
e1_span_400_dynamic_r02,e1_span_400_dynamic,7,0.307263,14000,7,11,658.708,977.107,977.107,29,33.766,1107.02,1495.46,1263,183.487,1059.41,1176.27,379,461.513,1241.73,1491.19,76.5172,7.94608,96,46.232,244.932,343.354,211,100.015,270.062,330.193,1989,1989,1.00196,0,0,0,0,0,0,0,0,261.386,0,0,0,0,0,2025,1493,57.5611,0,1428,261.737
e1_span_400_dynamic_r02,e1_span_400_dynamic,8,0.408273,16000,8,8,48.022,1076.99,1076.99,26,353.793,1412.42,1524.9,1260,33.538,1362.59,1579.67,420,222.413,1447.36,1704.46,72.6024,7.65453,111,42.694,208.784,262.775,187,98.301,229.463,280.158,2012,2012,1.00196,0,0,0,0,0,0,0,0,261.386,0,0,0,0,0,2280,1355,62.7235,0,1614,261.777
e1_span_400_dynamic_r02,e1_span_400_dynamic,9,0.535151,18000,9,8,15.07,1132.13,1132.13,24,377.602,1514.03,1539.54,1255,260.917,1547.58,1697.8,389,389.292,1713.28,1821.42,71.0308,9.54851,111,59.573,197.535,275.681,203,105.531,252.682,333.555,1990,1990,2.00197,0,0,0,0,0,0,0,0,261.386,0,0,0,0,0,2322,1070,68.4552,0,1818,261.818
e1_span_400_dynamic_r02,e1_span_400_dynamic,10,0.670556,20000,10,5,1474.52,1655.19,1655.19,19,243.656,1633.94,1633.94,1276,213.084,1675.76,1836.01,390,314.105,1803.58,1968.89,67.8897,10.2763,99,51.959,211.479,334.688,215,103.769,232.155,293.386,2004,2004,2.00197,0,0,0,0,0,0,0,0,261.386,0,0,0,0,0,2388,873,73.2291,0,2031,261.856
e1_span_400_dynamic_r02,e1_span_400_dynamic,11,0.81267,22000,11,3,1686.53,1769.67,1769.67,20,37.294,1932.07,1932.07,1300,34.865,1824.04,1939.49,389,343.223,2018.96,2110.62,64.8869,11.0649,91,52.177,160.043,194.937,191,106.79,268.546,366.125,1994,1994,2.00197,0,0,0,0,0,0,0,0,261.386,0,0,0,0,0,2419,795,75.2645,0,2223,261.891
e1_span_400_dynamic_r02,e1_span_400_dynamic,12,0.979111,24000,12,5,1781.89,1859.13,1859.13,24,132.938,2052.27,2060.84,1258,271.333,2016.28,2161.49,386,445.237,2164.78,2361.25,64.9249,13.5405,113,49.959,150.627,228.472,214,104.195,218.471,332.083,2000,2000,2.00197,0,0,0,0,0,0,0,0,261.386,0,0,0,0,0,2484,721,77.5039,0,2438,261.934
e1_span_400_dynamic_r02,e1_span_400_dynamic,13,1.17265,26000,13,5,1949.18,2209.72,2209.72,21,1805.41,2292.26,2310.04,1253,429.744,2192.25,2368.92,401,558.586,2357.81,2534.45,56.7456,17.4429,104,54.779,157.926,178.107,216,106.371,210.59,329.976,2000,2000,2.00197,0,0,0,0,0,0,0,0,261.386,0,0,0,0,0,2500,614,80.2826,0,2653,261.974
e1_span_400_dynamic_r02,e1_span_400_dynamic,14,1.37185,28000,14,4,493.592,1562.65,1562.65,31,431.659,2320.95,2446.59,1247,424.51,2396.74,2604.32,405,480.944,2554.26,2729.98,56.4914,18.2697,101,53.57,202.819,244.475,211,107.131,212.55,256.007,1999,1999,2.00197,0,0,0,0,0,0,0,0,261.386,0,0,0,0,0,2615,520,83.4131,0,2864,262.012
e1_span_400_dynamic_r02,e1_span_400_dynamic,15,1.56678,30000,15,4,2674.11,2873.93,2873.93,24,41.428,2643.41,2773.96,1265,40.314,2664.47,2844.29,398,229.457,2709.99,2887.77,52.9523,17.8221,115,59.935,226.017,280.402,202,107.989,248.671,387.169,2008,2008,2.00197,0,0,0,0,0,0,0,0,261.386,0,0,0,0,0,2594,440,85.4977,0,3067,262.055
e1_span_400_dynamic_r02,e1_span_400_dynamic,16,1.78178,32000,16,8,36.353,2533.93,2533.93,16,24.447,2660.2,2660.2,1322,32.648,2776.57,2939.39,376,272.395,2942.26,3131.08,53.2872,21.186,95,51.339,115.646,255.535,176,105.902,247.612,464.125,1993,1993,2.00197,0,0,0,0,0,0,0,0,261.386,0,0,0,0,0,2471,437,84.9725,0,3243,262.09
e1_span_400_dynamic_r02,e1_span_400_dynamic,17,1.98107,34000,17,4,15.38,58.588,58.588,32,16.603,3046.14,3275.71,1267,25.524,2949.77,3092.79,417,179.959,3072.39,3266.7,52.8489,18.0196,95,47.33,207.389,244.543,189,96.946,235.728,306.064,2004,2004,2.00197,0,0,0,0,0,0,0,0,261.386,0,0,0,0,0,2717,406,86.9997,0,3431,262.126
e1_span_400_dynamic_r02,e1_span_400_dynamic,18,2.22595,36000,18,6,458.513,3020.88,3020.88,21,845.947,3075.64,3200.6,1260,292.358,3132.06,3293.08,390,736.754,3288.61,3459.93,46.2564,28.2865,107,54.697,160.53,242.537,213,106.008,236.937,334.249,1997,1997,2.00197,0,0,0,0,0,0,0,0,261.386,0,0,0,0,0,2584,299,89.6289,0,3644,262.167
e1_span_400_dynamic_r02,e1_span_400_dynamic,19,2.5078,38000,19,5,32.607,3383.47,3383.47,30,65.841,3391.77,5871.53,1233,221.145,3421.95,5992.56,433,303.155,3606.86,6286.58,50.7413,28.3963,115,53.181,222.689,273.563,183,108.165,292.909,426.035,1999,1999,2.00197,0,0,0,0,0,0,0,0,261.386,0,0,0,0,0,2905,294,90.8096,0,3828,262.208
e1_span_400_dynamic_r02,e1_span_400_dynamic,20,2.81491,40000,20,10,45.911,6854.28,6854.28,22,145.721,3766.19,7018.95,1276,61.029,3654.69,6815.13,418,375.794,3869.85,4135.25,45.7847,34.0558,106,63.646,228.395,412.744,193,125.383,277.971,372.392,2025,2025,2.00197,0,0,0,0,0,0,0,0,261.386,0,0,0,0,0,2842,243,92.1232,0,4020,262.247
e1_span_400_dynamic_r02,e1_span_400_dynamic,21,3.1699,42000,21,9,28.827,3670.53,3670.53,27,64.749,3882.59,3910.38,1245,183.656,3863.97,6682.92,394,443.024,4060.52,7065.36,46.1447,40.441,103,66.325,296.467,413.023,197,135.029,337.496,427.175,1975,1975,2.00197,0,0,0,0,0,0,0,0,261.386,0,0,0,0,0,2701,176,93.8825,0,4218,262.285
e1_span_400_dynamic_r02,e1_span_400_dynamic,22,3.52946,44000,22,5,66.421,4034.91,4034.91,28,46.063,4031.42,4160.93,1271,54.173,4104.45,7316.16,392,389.859,4290.75,7499.78,41.0842,46.2391,110,65.237,291.548,386.606,192,150.672,401.27,478.86,1998,1998,2.00197,0,0,0,0,0,0,0,0,261.386,0,0,0,0,0,2601,194,93.059,0,4410,262.326
e1_span_400_dynamic_r02,e1_span_400_dynamic,23,3.8964,46000,23,3,317.039,4274.14,4274.14,35,52.761,4330.47,4341.11,1253,41.818,4278.2,7509.06,406,329.947,4535.61,7943.22,40.4951,48.7648,117,70.458,326.56,439.12,190,142.142,380.957,484.128,2004,2004,2.00197,0,0,0,0,0,0,0,0,261.386,0,0,0,0,0,2722,156,94.5796,0,4600,262.367
e1_span_400_dynamic_r02,e1_span_400_dynamic,24,4.29459,48000,24,6,28.339,4083.7,4083.7,22,57.239,4623.45,8047.23,1293,47.158,4588.41,8049.66,381,294.797,4729.2,8104.08,38.189,51.6656,102,66.267,253.071,315.655,192,136.926,402.74,481.082,1996,1996,2.00197,0,0,0,0,0,0,0,0,261.386,0,0,0,0,0,2629,179,93.6254,0,4792,262.405
e1_span_400_dynamic_r02,e1_span_400_dynamic,25,4.70455,50000,25,1,247.713,247.713,247.713,28,4431.37,4880.53,5311.07,1281,40.438,4773.54,5408.51,409,286.561,4872.89,5175,42.1443,48.2371,84,68.873,293.487,388.853,200,136.685,414.12,520.748,2003,2003,2.00197,0,0,0,0,0,0,0,0,261.386,0,0,0,0,0,2921,137,95.5199,0,4991,262.438
e1_span_400_dynamic_r02,e1_span_400_dynamic,26,5.11629,52000,26,3,28.854,4924.33,4924.33,24,50.867,5143.23,5159.08,1297,30.919,5097.76,9185.69,414,216.38,5207.15,9412.71,37.9855,50.0154,81,83.164,439.698,6779.36,184,144.927,481.352,2151.18,2003,2003,2.00197,0,0,0,0,0,0,0,0,261.386,0,0,0,0,0,2792,113,96.1102,0,5176,262.47
e1_span_400_dynamic_r02,e1_span_400_dynamic,27,5.66573,54000,27,6,5126.74,5378.7,5378.7,17,59.821,5398.59,5398.59,1306,552.427,5313.79,7216.72,373,1055.32,5518.68,10513.2,37.0965,75.6263,92,64.329,219.302,371.043,225,131.459,284.235,514.309,2019,2019,2.00197,0,0,0,0,0,0,0,0,261.386,0,0,0,0,0,2618,115,95.7922,0,5398,262.507
e1_span_400_dynamic_r02,e1_span_400_dynamic,28,6.14086,56000,28,8,27.105,5431.47,5431.47,32,256.723,5638.03,5662.22,1243,47.193,5532.74,9641.61,399,338.639,5744.44,6043.3,31.2256,77.8761,108,67.262,334.055,442.558,190,138.237,428.837,600.398,1980,1980,2.00197,0,0,0,0,0,0,0,0,261.386,0,0,0,0,0,2739,115,95.9706,0,5590,262.546
e1_span_400_dynamic_r02,e1_span_400_dynamic,29,6.62897,58000,29,8,5637.23,5805.35,5805.35,23,560.126,5651.57,5669.18,1275,53.729,5700.99,5889.28,398,323.538,5823.96,6007.89,34.9548,65.2004,100,64.037,219.234,471.285,199,130.98,326.108,440.982,2003,2003,2.00197,0,0,0,0,0,0,0,0,261.386,0,0,0,0,0,2811,93,96.7975,0,5788,262.584
e1_span_400_dynamic_r02,e1_span_400_dynamic,30,7.16482,60000,30,7,25.777,10810.8,10810.8,26,3020.02,9158.59,10654.8,1260,50.357,5991.88,10729.3,406,352.037,6132.5,10985.8,31.6182,84.0617,108,72.095,305.856,360.584,190,146.016,378.906,533.87,1997,1997,2.00197,0,0,0,0,0,0,0,0,261.386,0,0,0,0,0,2778,91,96.8282,0,5979,262.624
e1_span_400_dynamic_r02,e1_span_400_dynamic,31,7.69511,62000,31,6,42.163,4712.4,4712.4,22,46.977,6070.56,6266.22,1273,38.194,6189.01,10840.3,405,549.765,6393.35,11046.2,29.0988,106.28,110,64.168,300.803,389.501,186,151.684,396.39,530.72,2002,2002,2.00197,0,0,0,0,0,0,0,0,261.386,0,0,0,0,0,2909,104,96.5483,0,6165,262.663
e1_span_400_dynamic_r02,e1_span_400_dynamic,32,8.27637,64000,32,6,762.214,6289.7,6289.7,23,6084.5,6542.92,11627.3,1293,50.009,6463.9,11527.6,377,554.104,6660.33,12021.5,29.1963,109.071,88,70.709,348.611,399.476,214,145.177,380.269,476.594,2001,2001,2.00197,0,0,0,0,0,0,0,0,261.386,0,0,0,0,0,2573,82,96.9115,0,6380,262.699
e1_span_400_dynamic_r02,e1_span_400_dynamic,33,8.891,66000,33,8,190.254,6690.62,6690.62,21,6325.07,8359.76,12388.3,1249,45.658,6708.59,12250.2,427,351.323,6816.15,7034.08,28.9087,98.8033,100,70.86,307.95,455.434,189,138.541,351.97,422.885,1994,1994,2.00197,0,0,0,0,0,0,0,0,261.386,0,0,0,0,0,3122,92,97.1375,0,6569,262.736
e1_span_400_dynamic_r02,e1_span_400_dynamic,34,9.50739,68000,34,7,322.563,6846.22,6846.22,18,439.75,12429.1,12429.1,1292,33.711,6950.21,12630.6,397,605.054,7112.24,12950.2,30.7003,108.719,90,76.081,344.512,402.514,198,147.061,363.36,439.504,2002,2002,3.00198,0,0,0,0,0,0,0,0,261.386,0,0,0,0,0,2873,85,97.1264,0,6767,262.771
e1_span_400_dynamic_r02,e1_span_400_dynamic,35,10.0954,70000,35,6,895.267,7085.69,7085.69,36,264.848,10330.1,13103.7,1255,33.089,7228.8,13067.9,408,275.285,7392.36,13296.1,25.5809,116.035,115,75.676,319.096,450.674,177,147.088,410.934,561.132,1997,1997,3.00198,0,0,0,0,0,0,0,0,261.386,0,0,0,0,0,3016,93,97.0087,0,6944,262.812
e1_span_400_dynamic_r02,e1_span_400_dynamic,36,10.7781,72000,36,5,17.408,13561.3,13561.3,22,332.845,7362.24,7380.47,1289,40.633,7506.01,13780.1,393,318.657,7711.01,14017.3,20.0585,175.135,84,78.535,388.837,536.653,206,148.842,435.147,492.888,1999,1999,3.00198,0,0,0,0,0,0,0,0,261.386,0,0,0,0,0,2904,50,98.3074,0,7150,262.845
e1_span_400_dynamic_r02,e1_span_400_dynamic,37,11.5442,74000,37,7,281.27,7493.94,7493.94,25,50.453,7804.94,13923.1,1246,265.583,7872.59,14331.9,409,796.956,8118.02,14340.8,23.4156,168.533,105,72.666,315.015,374.169,208,138.829,345.068,462.093,2000,2000,3.00198,0,0,0,0,0,0,0,0,261.386,0,0,0,0,0,3080,80,97.4684,0,7358,262.885
e1_span_400_dynamic_r02,e1_span_400_dynamic,38,12.2324,76000,38,9,7665.31,7867.83,7867.83,21,49.505,8184.4,8497.23,1278,45.994,8016.2,14510.6,389,355.619,8134.37,14737.2,21.0591,159.764,108,73.591,307.669,425.179,203,142.429,357.633,443.545,2008,2008,3.00198,0,0,0,0,0,0,0,0,261.386,0,0,0,0,0,3019,65,97.8923,0,7558,262.925
e1_span_400_dynamic_r02,e1_span_400_dynamic,39,13.0629,78000,39,4,8114.18,8319.34,8319.34,18,756.738,15417.1,15417.1,1220,466.439,8381.49,15290.6,423,597.854,8563.5,15545.9,19.3546,206.851,101,64.612,281.674,381.428,227,136.086,352.108,483.253,1993,1993,3.00198,0,0,0,0,0,0,0,0,261.386,0,0,0,0,0,3250,94,97.189,0,7788,262.964
e1_span_400_dynamic_r02,e1_span_400_dynamic,40,13.8995,80000,40,6,8517.68,9972.73,9972.73,33,8391.93,8968.39,15542.1,1263,397.279,8736.98,15772.5,373,632.616,8930.59,15879.5,21.2279,197.552,110,64.749,309.889,392.033,214,136.278,400.024,522.952,1999,1999,3.00198,0,0,0,0,0,0,0,0,261.386,0,0,0,0,0,2896,52,98.2361,0,8002,263.006
e1_span_400_dynamic_r02,e1_span_400_dynamic,41,14.7564,82000,41,7,34.902,8756.94,8756.94,17,42.031,9189.57,9189.57,1289,167.914,9002.57,10777.2,391,651.843,9233.09,16374,19.3274,228.918,94,68.595,284.945,366.99,203,139.953,348.735,395.568,2001,2001,3.00198,0,0,0,0,0,0,0,0,261.386,0,0,0,0,0,3178,71,97.8147,0,8204,263.042
e1_span_400_dynamic_r02,e1_span_400_dynamic,42,15.5429,84000,42,7,8957.93,9314.5,9314.5,25,39.999,9146.04,9249.77,1297,33.691,9246.11,16852.9,406,260.115,9464.06,17053.9,21.3005,173.501,94,66.512,291.9,445.245,178,142.92,434.018,592.164,2007,2007,3.00198,0,0,0,0,0,0,0,0,261.386,0,0,0,0,0,3255,58,98.2493,0,8381,263.077
e1_span_400_dynamic_r02,e1_span_400_dynamic,43,16.3209,86000,43,6,1422.14,17218.9,17218.9,27,44.098,9646.1,9693.79,1310,30.838,9524.23,9664.54,379,329.729,9668.87,10638.8,18.1768,222.011,86,63.881,378.278,468.943,185,139.493,376.063,459.551,1993,1993,3.00198,0,0,0,0,0,0,0,0,261.386,0,0,0,0,0,3072,66,97.8967,0,8567,263.11
e1_span_400_dynamic_r02,e1_span_400_dynamic,44,17.2031,88000,44,2,18.448,18.448,18.448,20,331.065,9875.19,9875.19,1286,164.931,9829.17,10470,387,506.738,10107.3,18078.6,17.3127,272.082,102,77.028,364.728,444.107,206,151.846,429.964,475.981,2003,2003,3.00198,0,0,0,0,0,0,0,0,261.386,0,0,0,0,0,3457,57,98.3779,0,8772,263.148
e1_span_400_dynamic_r02,e1_span_400_dynamic,45,18.1783,90000,45,8,9968.72,18287.9,18287.9,23,36.658,10078.6,10132.1,1267,408.485,10154.2,18442,388,1425.03,11083.8,18820.4,17.384,292.882,98,68.286,371.903,512.505,216,134.935,406.785,483.917,2000,2000,3.00198,0,0,0,0,0,0,0,0,261.386,0,0,0,0,0,3444,66,98.1197,0,8986,263.187
e1_span_400_dynamic_r02,e1_span_400_dynamic,46,19.1199,92000,46,9,34.506,10740.5,10740.5,31,2165.76,11648.3,19531.4,1240,39.815,10736.7,19066.5,425,790.579,10981.1,19558.5,17.6847,288.83,93,66.668,264.621,381.954,211,131.546,336.196,431.119,2009,2009,3.00198,0,0,0,0,0,0,0,0,261.386,0,0,0,0,0,3525,68,98.1074,0,9199,263.223
e1_span_400_dynamic_r02,e1_span_400_dynamic,47,20.0531,94000,47,9,15.951,10987.3,10987.3,28,31.219,10819,10826.9,1257,40.031,11094.1,11337.1,396,282.319,11231.7,11460,14.3258,308.892,81,66.598,336.982,402.554,216,139.913,378.814,518.426,1987,1987,3.00198,0,0,0,0,0,0,0,0,261.386,0,0,0,0,0,3344,57,98.324,0,9417,263.256
e1_span_400_dynamic_r02,e1_span_400_dynamic,48,21.0035,96000,48,9,36.964,20643.6,20643.6,22,43.831,11112.5,12018.4,1291,28.079,11520.6,20226.1,387,234.498,11647.5,12261.1,14.845,286.445,106,63.52,214.201,281.318,185,142.113,410.393,473.809,2000,2000,3.00198,0,0,0,0,0,0,0,0,261.386,0,0,0,0,0,3352,61,98.2127,0,9602,263.295
e1_span_400_dynamic_r02,e1_span_400_dynamic,49,21.9703,98000,49,5,38.738,1630.85,1630.85,18,44.257,13911.5,13911.5,1249,30.543,11756.1,20696.2,436,292.959,11868.5,12215.7,15.6583,278.876,99,63.413,248.757,469.749,199,139.926,358.852,490.27,2006,2006,3.00198,0,0,0,0,0,0,0,0,261.386,0,0,0,0,0,4000,55,98.6436,0,9798,263.332
e1_span_400_dynamic_r02,e1_span_400_dynamic,50,23.0385,100000,50,10,10481.7,11880.6,11880.6,23,37.264,11871.8,11950.6,1252,169.041,12047.6,12312.3,414,545.96,12256.3,12470.2,14.8551,350.334,100,63.502,264.308,382.413,204,134.102,303.52,404.973,2003,2003,3.00198,0,0,0,0,0,0,0,0,261.386,0,0,0,0,0,3962,59,98.5327,0,10003,263.37
e1_span_400_dynamic_r02,e1_span_400_dynamic,51,24.1363,102000,51,6,28.045,12214.2,12214.2,24,810.12,12771.1,12793.5,1296,27.509,12895.6,18696.5,390,599.994,13183.6,21871.2,13.6077,426.099,78,72.703,293.135,557.207,199,139.9,415.907,575.795,1993,1993,3.00198,0,0,0,0,0,0,0,0,261.386,0,0,0,0,0,3719,42,98.8833,0,10203,263.402
e1_span_400_dynamic_r02,e1_span_400_dynamic,52,25.1973,104000,52,8,5397.85,12633.8,12633.8,28,39.699,12605.7,12715.5,1271,237.792,12727,13228.2,421,406.052,12916.2,13595.8,12.5843,388.849,94,66,291.697,394.914,193,135.029,312.483,353.868,2015,2015,3.00198,0,0,0,0,0,0,0,0,261.386,0,0,0,0,0,3866,47,98.7989,0,10397,263.439
e1_span_400_dynamic_r02,e1_span_400_dynamic,53,26.3295,106000,53,7,26.327,12978.5,12978.5,35,55.741,13115.6,13406.4,1286,41.749,13033.7,15166,374,385.09,13246.2,15364.7,12.5134,438.33,98,64.013,268.284,393.782,189,133.885,335.091,448.061,1989,1989,3.00198,0,0,0,0,0,0,0,0,261.386,0,0,0,0,0,3884,64,98.3789,0,10584,263.475
e1_span_400_dynamic_r02,e1_span_400_dynamic,54,27.4067,108000,54,5,8552.92,12883.1,12883.1,31,12888.9,13499.8,13523.5,1265,19.794,13329.5,23862,421,322.692,13555.1,24045.4,12.7197,444.731,92,63.692,324.064,494.979,184,134.737,351.69,425.095,1998,1998,3.00198,0,0,0,0,0,0,0,0,261.386,0,0,0,0,0,4037,38,99.0675,0,10768,263.509
e1_span_400_dynamic_r02,e1_span_400_dynamic,55,28.5414,110000,55,7,13492.4,13598.8,13598.8,22,586.662,13532.2,13574.8,1355,19.674,13632.7,24039.1,364,288.728,13904.7,24846,11.5302,500.246,96,66.577,324.343,349.704,162,129.516,278.158,339.855,2006,2006,3.00198,0,0,0,0,0,0,0,0,261.386,0,0,0,0,0,3535,42,98.8258,0,10930,263.544
e1_span_400_dynamic_r02,e1_span_400_dynamic,56,29.7884,112000,56,4,13830.1,14517.1,14517.1,30,40.922,13917.6,25250.1,1248,40.238,14028.6,23347.8,422,621.218,14127.9,24079.5,12.2867,496.719,88,63.838,221.484,310.587,199,133.392,287.374,356.238,1991,1991,3.00198,0,0,0,0,0,0,0,0,261.386,0,0,0,0,0,4320,52,98.8106,0,11130,263.579
e1_span_400_dynamic_r02,e1_span_400_dynamic,57,31.1697,114000,57,3,14099.6,14297.1,14297.1,28,343.55,14263.7,14470.9,1277,352.041,14361.8,25736.2,400,577.57,14531.5,25852.4,11.1375,596.115,83,63.68,291.697,420.819,211,136.032,369.045,443.854,2002,2002,3.00198,0,0,0,0,0,0,0,0,261.386,0,0,0,0,0,3903,49,98.7601,0,11341,263.613
e1_span_400_dynamic_r02,e1_span_400_dynamic,58,32.4993,116000,58,8,345.982,14413.7,14413.7,10,1050.08,15205,15205,1304,345.31,15021.3,23605.6,377,556.87,15400.4,26641,9.57029,682.721,92,70.201,377.046,3881.99,213,137.804,610.659,4325.1,2004,2004,3.00198,0,0,0,0,0,0,0,0,261.386,0,0,0,0,0,3606,34,99.0659,0,11554,263.649
e1_span_400_dynamic_r02,e1_span_400_dynamic,59,33.8479,118000,59,6,15240.1,27261.4,27261.4,27,246.628,16715.1,23927.4,1275,48.778,15280.7,27235.5,377,1122.18,15708.6,27575.1,10.4297,676.094,105,67.302,230.236,306.349,204,137.813,332.304,417.031,1994,1994,4.00198,0,0,0,0,0,0,0,0,261.386,0,0,0,0,0,3956,43,98.9247,0,11759,263.688
e1_span_400_dynamic_r02,e1_span_400_dynamic,60,35.3294,120000,60,6,13839.8,15841.9,15841.9,30,63.082,15565.4,27971,1236,180.055,15691.3,27913.8,434,7481.38,16586,28265.9,9.99309,808.086,97,65.131,368.931,439.21,199,132.301,329.969,391.615,2002,2002,4.00198,0,0,0,0,0,0,0,0,261.386,0,0,0,0,0,4602,52,98.8827,0,11957,263.725
e1_span_400_dynamic_r02,e1_span_400_dynamic,61,36.7228,122000,61,4,15106.6,18600.8,18600.8,29,45.486,15908.1,18704.1,1284,36.911,16115.6,28523.4,379,444.811,16215.7,28730.1,10.4011,652.688,105,66.235,255.927,348.395,196,134.524,313.147,464.693,1997,1997,4.00198,0,0,0,0,0,0,0,0,261.386,0,0,0,0,0,3872,44,98.8764,0,12154,263.765
e1_span_400_dynamic_r02,e1_span_400_dynamic,62,38.2709,124000,62,6,4459.81,16255.5,16255.5,24,52.903,16156.8,18677.5,1269,551.054,16507.2,29228.9,406,4038.1,17207.2,29507.3,8.30049,937.714,102,66.525,233.246,300.973,202,129.242,312.642,438.564,2009,2009,4.00198,0,0,0,0,0,0,0,0,261.386,0,0,0,0,0,4308,44,98.989,0,12356,263.803
e1_span_400_dynamic_r02,e1_span_400_dynamic,63,39.8235,126000,63,3,36.882,16781.2,16781.2,33,61.882,16666,16937.4,1251,387.382,16821.5,28064.3,401,589.193,17002.4,26681.2,7.76559,955.749,100,63.215,274.283,424.568,202,133.397,363.575,432.864,1990,1990,4.00198,0,0,0,0,0,0,0,0,261.386,0,0,0,0,0,4380,35,99.2072,0,12558,263.842
e1_span_400_dynamic_r02,e1_span_400_dynamic,64,41.3216,128000,64,9,6787.45,17097.9,17097.9,27,555.972,17176.2,26168.6,1270,42.235,17230,28616.9,408,455.748,17471.9,30833,9.77451,750.528,106,63.701,275.073,346.968,189,135.285,288.473,334.869,2009,2009,4.00198,0,0,0,0,0,0,0,0,261.386,0,0,0,0,0,4695,53,98.8837,0,12744,263.881
e1_span_400_dynamic_r02,e1_span_400_dynamic,65,42.9893,130000,65,7,36.873,17238.7,17238.7,24,17041.5,17649.4,18470.2,1254,497.795,17826.1,30600.7,381,2604.95,17941.5,31259.4,7.00787,1214.31,111,64.512,341.698,380.203,217,131.647,331.626,363.03,1994,1994,4.00198,0,0,0,0,0,0,0,0,261.386,0,0,0,0,0,4123,37,99.1106,0,12962,263.923
e1_span_400_dynamic_r02,e1_span_400_dynamic,66,44.5216,132000,66,7,387.955,17547.4,17547.4,24,764.111,18002.4,18055.5,1274,313.544,17999.7,20536,396,570.487,18223,20191.4,7.33586,997.647,94,64.733,303.701,385.146,202,128.116,333.792,379.13,1997,1997,4.00198,0,0,0,0,0,0,0,0,261.386,0,0,0,0,0,4524,44,99.0368,0,13166,263.959
e1_span_400_dynamic_r02,e1_span_400_dynamic,67,46.1136,134000,67,4,39.71,15480.6,15480.6,23,57.952,18205.3,18252.2,1283,359.702,18451.8,32612,399,690.346,18814.5,32746.8,7.90476,1024.47,94,64.564,232.396,309.61,202,129.068,242.026,337.699,2005,2005,4.00198,0,0,0,0,0,0,0,0,261.386,0,0,0,0,0,4348,44,98.9982,0,13367,263.995
e1_span_400_dynamic_r02,e1_span_400_dynamic,68,47.9092,136000,68,6,11311.5,18443.6,18443.6,19,488.415,19031.6,19031.6,1252,1129.13,18877.7,20105.9,419,1299.23,19109.5,19728.1,7.21957,1192.99,105,61.493,157.406,260.267,195,122.428,292.185,419.016,1996,1996,4.00198,0,0,0,0,0,0,0,0,261.386,0,0,0,0,0,5142,50,99.037,0,13563,264.035
e1_span_400_dynamic_r02,e1_span_400_dynamic,69,49.4675,138000,69,6,34.125,15195.1,15195.1,22,58.381,19088,19117.6,1301,19.277,19249,30522.2,399,624.554,19397.2,31327.9,6.21554,1276.34,85,64.37,202.889,372.715,186,128.331,279.713,396.5,1999,1999,4.00198,0,0,0,0,0,0,0,0,261.386,0,0,0,0,0,4647,48,98.9776,0,13749,264.068
e1_span_400_dynamic_r02,e1_span_400_dynamic,70,51.2272,140000,70,11,15.343,23070.6,23070.6,25,39.26,19652.3,21989,1244,511.051,19657,34315,425,3235.77,19894.2,35034.9,6.09647,1440.52,89,65.037,249.632,450.421,207,126.877,374.274,471.555,2001,2001,4.00198,0,0,0,0,0,0,0,0,261.386,0,0,0,0,0,5140,53,98.9794,0,13956,264.103
e1_span_400_dynamic_r02,e1_span_400_dynamic,71,52.9044,142000,71,10,240.418,19820,19820,20,7749.83,20716.4,20716.4,1277,36.907,20270.8,33692.2,396,483.855,20622.1,34362,7.36364,1060.51,92,63.617,264.531,356.432,204,132.465,279.092,346.447,1999,1999,4.00198,0,0,0,0,0,0,0,0,261.386,0,0,0,0,0,4948,43,99.1384,0,14160,264.139
e1_span_400_dynamic_r02,e1_span_400_dynamic,72,54.7582,144000,72,13,32.344,35756.6,35756.6,31,37.954,29892.7,35468.9,1264,342.687,20730.6,27418.5,413,1080.34,20907.4,27621.1,6.74092,1357.8,85,63.782,235.724,352.879,198,126.558,284.232,366.53,2004,2004,4.00198,0,0,0,0,0,0,0,0,261.386,0,0,0,0,0,4998,33,99.3441,0,14357,264.173
e1_span_400_dynamic_r02,e1_span_400_dynamic,73,56.4405,146000,73,4,12675.4,20659,20659,30,418.141,20965.2,21037.8,1254,28.279,21079.2,21726,404,449.24,21276.8,22231.6,5.61139,1454.82,96,64.26,272.16,422.009,209,135.757,388.51,448.278,1997,1997,4.00198,0,0,0,0,0,0,0,0,261.386,0,0,0,0,0,4660,25,99.4664,0,14567,264.21
e1_span_400_dynamic_r02,e1_span_400_dynamic,74,58.1158,148000,74,8,1122.76,21164.4,21164.4,23,49.61,21411.7,37583.1,1251,18.339,21439.6,22443.6,421,390.581,21801.3,22909.5,6.28504,1230.04,109,58.693,246.409,302.769,189,131,446.037,5616.08,2001,2001,4.00198,0,0,0,0,0,0,0,0,261.386,0,0,0,0,0,5688,53,99.0768,0,14755,264.25
e1_span_400_dynamic_r02,e1_span_400_dynamic,75,60.0415,150000,75,3,21979.3,22173.2,22173.2,25,39.351,21961.5,22439.4,1258,270.727,22065.5,36373.3,420,812.003,22192.4,22541.1,4.96905,1771.32,78,61.505,247.202,337.175,218,132.381,359.491,412.02,2002,2002,4.00198,0,0,0,0,0,0,0,0,261.386,0,0,0,0,0,5210,49,99.0683,0,14974,264.283
e1_span_400_dynamic_r02,e1_span_400_dynamic,76,61.9849,152000,76,2,16642.5,16642.5,16642.5,25,1058.24,32381.5,36550.3,1297,20.555,22608.9,31895.8,419,408.024,22830.8,31649.3,4.73747,1824.05,91,62.588,224.549,314.327,174,135.511,486.467,538.665,2008,2008,4.00198,0,0,0,0,0,0,0,0,261.386,0,0,0,0,0,5154,51,99.0202,0,15146,264.317
e1_span_400_dynamic_r02,e1_span_400_dynamic,77,63.941,154000,77,4,542.404,10299.3,10299.3,22,15913.4,23597.3,25769.8,1271,4543.16,23038.8,36202.6,377,5280.81,23487.9,38931.7,6.32626,1581.74,91,67.094,297.814,326.187,228,127.126,258.865,313.918,1993,1993,4.00198,0,0,0,0,0,0,0,0,261.386,0,0,0,0,0,4825,43,99.1167,0,15375,264.354
e1_span_400_dynamic_r02,e1_span_400_dynamic,78,65.777,156000,78,7,56.991,23014.6,23014.6,32,2734.05,24766,29034.5,1287,17.247,23900.2,39304.4,377,605.093,25041.3,38351.8,5.35809,1690.15,101,63.425,234.289,309.57,192,139.86,360.312,584.857,1996,1996,4.00198,0,0,0,0,0,0,0,0,261.386,0,0,0,0,0,4683,29,99.3846,0,15568,264.391
e1_span_400_dynamic_r02,e1_span_400_dynamic,79,67.8384,158000,79,4,387.569,18948,18948,35,6338.52,24930.9,40621.1,1268,65.184,24037.5,39974.6,395,10449,24871.7,34398.1,4.11646,2613.96,97,57.312,201.167,384.897,202,130.908,316.842,442.878,2001,2001,4.00198,0,0,0,0,0,0,0,0,261.386,0,0,0,0,0,5532,49,99.122,0,15769,264.429
e1_span_400_dynamic_r02,e1_span_400_dynamic,80,69.8739,160000,80,10,11011.1,23872.1,23872.1,23,10984.4,24103.1,25516.7,1238,6272.03,27366.1,42148.5,393,4879.9,27442.2,39046,4.5369,2093.09,107,62.477,170.431,267.309,227,118.485,283.606,337.075,1998,1998,4.00198,0,0,0,0,0,0,0,0,261.386,0,0,0,0,0,5417,36,99.3398,0,15997,264.47
e1_span_400_dynamic_r02,e1_span_400_dynamic,81,71.823,162000,81,5,17511,27484.5,27484.5,39,3280.31,24741.2,43814.7,1285,3441.24,24784.2,34752.2,384,857.119,25138.8,36551.9,5.00781,1795.11,86,59.353,227.621,334.661,202,121.365,294.921,365.195,2001,2001,4.00198,0,0,0,0,0,0,0,0,261.386,0,0,0,0,0,5330,46,99.1443,0,16199,264.505
e1_span_400_dynamic_r02,e1_span_400_dynamic,82,73.7555,164000,82,7,18.878,15777.9,15777.9,23,57.83,25012.5,25344.3,1254,724.038,25177.4,31066.5,420,3644.85,25325.2,28556.7,3.59524,2614.42,99,55.021,162.48,320.026,202,119.063,251.787,303.396,2005,2005,5.00199,0,0,0,0,0,0,0,0,261.386,0,0,0,0,0,5753,39,99.3267,0,16399,264.543
e1_span_400_dynamic_r02,e1_span_400_dynamic,83,75.3459,166000,83,10,3056.13,21117.3,21117.3,26,2998.28,25582,32648.5,1260,15.792,25610.8,30291.6,401,337.283,26088.4,33480.7,4.37406,1923.81,110,56.035,229.843,268.249,188,109.656,256.514,303.716,1995,1995,5.00199,0,0,0,0,0,0,0,0,261.386,0,0,0,0,0,6062,37,99.3933,0,16588,264.583
e1_span_400_dynamic_r02,e1_span_400_dynamic,84,77.0918,168000,84,5,6153.19,25660.2,25660.2,26,46.712,23673.4,25246.4,1242,1032.5,26104.9,27881.4,413,774.674,26326.9,27459.7,3.73366,2181.66,107,45.247,184.558,240.973,207,111.446,244.704,338.623,2000,2000,5.00199,0,0,0,0,0,0,0,0,261.386,0,0,0,0,0,5944,41,99.315,0,16796,264.623
e1_span_400_dynamic_r02,e1_span_400_dynamic,85,78.9287,170000,85,4,14.913,41.08,41.08,39,43.5,25821,27302.6,1250,210.956,26687.1,30955.3,408,569.957,26677,27384.9,3.65686,2248.21,105,54.087,249.992,1116.31,193,117.088,261.104,1047.61,1999,1999,5.00199,0,0,0,0,0,0,0,0,261.386,0,0,0,0,0,5887,32,99.4594,0,16989,264.662
e1_span_400_dynamic_r02,e1_span_400_dynamic,86,80.7426,172000,86,8,24863.6,36080.3,36080.3,33,51.845,27108.3,27173.4,1233,29.706,27070.3,36191.9,428,406.685,27300.2,30970.3,4.57944,1862.83,95,42.868,155.734,299.32,203,116.709,266.703,324.811,2000,2000,5.00199,0,0,0,0,0,0,0,0,261.386,0,0,0,0,0,5840,31,99.472,0,17192,264.699
e1_span_400_dynamic_r02,e1_span_400_dynamic,87,83.117,174000,87,6,22.707,31112.1,31112.1,25,6370,37317.7,49108.5,1267,5386.18,35368.8,37860.6,394,6613.65,35493.9,37511.6,3.78934,3047.82,106,55.645,173.801,371.202,202,115.246,329.661,1292.75,2000,2000,5.00199,0,0,0,0,0,0,0,0,261.386,0,0,0,0,0,5463,26,99.5263,0,17394,264.739
e1_span_400_dynamic_r02,e1_span_400_dynamic,88,85.5941,176000,88,4,7315.11,10570.9,10570.9,27,9881.8,35319.3,43843.6,1278,5565.89,36403.1,38369.5,389,8796.49,36493.4,37832.7,3.19537,3953.22,99,54.463,150.595,327.964,203,109.674,321.306,1001.75,2000,2000,5.00199,0,0,0,0,0,0,0,0,261.386,0,0,0,0,0,5782,20,99.6553,0,17597,264.777
e1_span_400_dynamic_r02,e1_span_400_dynamic,89,88.2295,178000,89,2,37157.4,37157.4,37157.4,22,16326.2,35914.1,44646.7,1250,4455.79,36901,41061.9,413,5175.8,37190.6,41015.1,3.954,3174.48,112,60.839,169.636,1837.88,203,115.744,229.812,1589.36,2002,2002,5.00199,0,0,0,0,0,0,0,0,261.386,0,0,0,0,0,6478,51,99.2189,0,17799,264.819
e1_span_400_dynamic_r02,e1_span_400_dynamic,90,91.2152,180000,90,4,40.983,30283.2,30283.2,28,67.859,39256.3,56992.5,1294,2615.18,38553.2,41003.9,358,14430,39323.5,40634.2,2.89106,5268.79,109,63.428,206.882,843.194,205,121.195,404.836,1264.62,1998,1998,5.00199,0,0,0,0,0,0,0,0,261.386,0,0,0,0,0,5667,28,99.5083,0,18005,264.86
e1_span_400_dynamic_r02,e1_span_400_dynamic,91,93.7884,182000,91,2,18536.8,18536.8,18536.8,26,32.867,37430,37585.5,1308,15.591,39063.3,42807.3,363,473.697,38287.1,42172.5,2.41598,4957.77,116,56.423,162.328,276.252,190,113.107,312.776,380.249,2005,2005,5.00199,0,0,0,0,0,0,0,0,261.386,0,0,0,0,0,5503,26,99.5298,0,18193,264.902
e1_span_400_dynamic_r02,e1_span_400_dynamic,92,96.38,184000,92,8,19404.8,41299.9,41299.9,30,63.043,38031.3,39241.8,1257,18.98,39256.6,41005.1,372,425.123,39067.2,41221,3.42204,3501.81,118,57.919,265.902,311.769,210,114.538,329.904,447.606,1995,1995,5.00199,0,0,0,0,0,0,0,0,261.386,0,0,0,0,0,5414,31,99.4307,0,18405,264.946
e1_span_400_dynamic_r02,e1_span_400_dynamic,93,99.2161,186000,93,5,21496.9,37421.6,37421.6,25,37.179,43368.1,44397.9,1232,7340.77,40436.1,44135.2,419,4853.48,39772.4,43450.2,3.01432,4328.29,97,51.618,227.369,986.57,226,121.601,404.987,902.698,2004,2004,5.00199,0,0,0,0,0,0,0,0,261.386,0,0,0,0,0,6084,39,99.3631,0,18629,264.984
e1_span_400_dynamic_r02,e1_span_400_dynamic,94,102.309,188000,94,6,24826.6,34684,34684,22,9380.28,39385.2,42857.4,1303,26.545,41383.3,54635,375,737.504,41648.7,57817,3.57333,4126.82,107,59.477,196.823,302.391,184,124.398,283.39,423.185,1997,1997,5.00199,0,0,0,0,0,0,0,0,261.386,0,0,0,0,0,5718,39,99.3226,0,18815,265.023
e1_span_400_dynamic_r02,e1_span_400_dynamic,95,105.615,190000,95,7,41.081,50858.2,50858.2,17,21857.9,41315.9,41315.9,1262,11112.1,41508.2,52046.1,403,12554.1,41426.9,44652.2,2.54342,6010.7,96,55.781,188.853,7339.17,214,120.687,297.061,7867.11,1999,1999,5.00199,0,0,0,0,0,0,0,0,261.386,0,0,0,0,0,6178,34,99.4527,0,19029,265.061
e1_span_400_dynamic_r02,e1_span_400_dynamic,96,108.423,192000,96,10,39.215,41484.6,41484.6,35,3056.07,41633.4,45249.6,1296,16.467,41662.7,45351.5,371,453.113,41675.9,44793.7,2.86523,4480.33,117,51.583,138.143,235.267,179,109.348,748.861,3174.18,2008,2008,5.00199,0,0,0,0,0,0,0,0,261.386,0,0,0,0,0,5636,30,99.4705,0,19206,265.103
e1_span_400_dynamic_r02,e1_span_400_dynamic,97,111.455,194000,97,6,23216.6,35602.6,35602.6,24,6594.8,45708.8,48134.4,1268,18.174,42834.7,47025.3,416,509.686,43549.2,48077,3.33894,4352.7,94,55.506,167.673,1971.46,184,117.882,248.51,1664.23,1992,1992,5.00199,0,0,0,0,0,0,0,0,261.386,0,0,0,0,0,6075,40,99.3459,0,19392,265.139
e1_span_400_dynamic_r02,e1_span_400_dynamic,98,114.785,196000,98,2,20441,20441,20441,34,17386.2,42676.4,45895.4,1184,15119.3,42668,45897.7,439,15009.7,44718.4,62117.5,3.52847,4733.27,122,59.092,157.132,284.786,219,115.321,264.339,884.615,2000,2000,5.00199,0,0,0,0,0,0,0,0,261.386,0,0,0,0,0,6267,40,99.3658,0,19611,265.184
e1_span_400_dynamic_r02,e1_span_400_dynamic,99,117.671,198000,99,6,13506,37247.3,37247.3,31,58.742,40868.1,43696.9,1278,2747.16,43482,46028.2,389,569.196,43290.3,45342.2,3.05656,4382.23,109,53.531,216.541,335.786,188,117.202,530.628,1688.6,2001,2001,5.00199,0,0,0,0,0,0,0,0,261.386,0,0,0,0,0,6071,20,99.6716,0,19799,265.224
e1_span_400_dynamic_r02,e1_span_400_dynamic,100,120.351,200000,100,11,23.135,31122.9,31122.9,26,10655.6,30906.4,36508.8,1259,1377.42,42468,45125.8,392,11283.7,42698.7,46423.6,2.51531,5142.01,110,49.196,170.514,316.419,201,107.211,292.943,491.268,1999,1999,5.00199,0,0,0,0,0,0,0,0,261.386,0,0,0,0,0,6021,41,99.3237,0,20000,265.266
e1_span_400_dynamic_r03,e1_span_400_dynamic,1,0.0240394,2000,1,2,55.467,55.467,55.467,26,19.848,54.688,65.234,1256,20.86,77.236,98.421,403,142.103,196.984,230.192,98.9677,1.89412,122,15.728,90.512,9239.64,198,36.644,108.676,417.512,2007,2007,1.00196,0,0,0,0,0,0,0,0,261.37,0,0,0,0,0,262,4061,6.06061,0,198,261.5
e1_span_400_dynamic_r03,e1_span_400_dynamic,2,0.0418828,4000,2,6,77.695,103.862,103.862,25,19.925,122.154,130.585,1274,56.876,135.111,161.897,376,139.984,217.292,248.33,92.1543,1.50981,100,14.683,64.264,69.177,219,36.399,100.366,130.589,2000,2000,1.00196,0,0,0,0,0,0,0,0,261.37,0,0,0,0,0,717,3210,18.2582,0,416,261.539
e1_span_400_dynamic_r03,e1_span_400_dynamic,3,0.0657255,6000,3,7,111.25,250.536,250.536,27,25.057,196.375,215.049,1216,71.459,206.546,237.62,424,161.36,300.497,329.935,87.4646,1.85765,103,15.662,67.026,88.424,220,37.153,87.11,117.89,1997,1997,1.00196,0,0,0,0,0,0,0,0,261.37,0,0,0,0,0,1085,2987,26.6454,0,636,261.579
e1_span_400_dynamic_r03,e1_span_400_dynamic,4,0.0954785,8000,4,9,13.868,234.314,234.314,25,132.764,369.934,382.312,1252,63.925,299.875,364.847,428,118.881,371.475,434.806,87.7383,1.99275,81,16.878,76.288,125.827,204,42.841,104.495,149.967,1999,1999,1.00196,0,0,0,0,0,0,0,0,261.37,0,0,0,0,0,1517,2614,36.7223,0,839,261.612
e1_span_400_dynamic_r03,e1_span_400_dynamic,5,0.133942,10000,5,5,236.037,437.991,437.991,26,18.171,365.666,679.022,1254,21.42,455.471,553.958,442,155.682,531.053,609.903,81.552,2.78387,99,20.629,102.452,124.626,188,52.447,109.619,129.791,2014,2014,1.00196,0,0,0,0,0,0,0,0,261.37,0,0,0,0,0,1761,2234,44.0801,0,1028,261.648
e1_span_400_dynamic_r03,e1_span_400_dynamic,6,0.19405,12000,6,5,23.372,245.172,245.172,28,430.825,696.994,774.511,1284,33.656,734.036,908.956,395,179.67,847.643,962.142,79.5519,4.28201,92,36.076,121.726,149.908,188,66.803,148.68,231.488,1992,1992,1.00196,0,0,0,0,0,0,0,0,261.37,0,0,0,0,0,1888,1820,50.9169,0,1217,261.683
e1_span_400_dynamic_r03,e1_span_400_dynamic,7,0.287973,14000,7,11,822.585,982.989,982.989,29,35.516,1121.18,1140.27,1266,217.52,1045.05,1184.65,382,342.306,1187.29,1296.15,76.7016,6.86031,97,32.094,231.541,295.13,211,91.822,241.334,301.595,1996,1996,1.00196,0,0,0,0,0,0,0,0,261.37,0,0,0,0,0,2035,1492,57.6978,0,1427,261.721
e1_span_400_dynamic_r03,e1_span_400_dynamic,8,0.391186,16000,8,8,1130.85,1574.23,1574.23,26,275.191,1431.86,1439.3,1256,41.553,1380.33,1504.81,420,205.437,1507.88,1685.5,72.3643,7.15677,110,48.888,154.688,206.385,187,95.716,219.376,258.543,2007,2007,1.00196,0,0,0,0,0,0,0,0,261.37,0,0,0,0,0,2267,1360,62.5034,0,1614,261.761
e1_span_400_dynamic_r03,e1_span_400_dynamic,9,0.502336,18000,9,8,330.352,1331.4,1331.4,24,1182.85,1567.17,1665.48,1254,34.041,1510.46,1668.01,388,319.114,1656.5,1764,71.1701,8.39711,111,51.912,159.632,246.801,203,106.718,311.28,362.894,1988,1988,1.00196,0,0,0,0,0,0,0,0,261.37,0,0,0,0,0,2324,1044,69.0024,0,1818,261.802
e1_span_400_dynamic_r03,e1_span_400_dynamic,10,0.640541,20000,10,5,413.457,1702.08,1702.08,19,313.349,1807.62,1807.62,1278,206.129,1700.07,1818.77,392,243.888,1849.07,1983.66,67.8418,10.2916,99,51.377,148.103,205.754,215,103.105,245.359,350.204,2008,2008,1.00196,0,0,0,0,0,0,0,0,261.37,0,0,0,0,0,2390,873,73.2455,0,2031,261.84
e1_span_400_dynamic_r03,e1_span_400_dynamic,11,0.794671,22000,11,3,482.936,794.856,794.856,20,1025.8,2050.07,2050.07,1302,49.897,1867.55,2033.5,388,470.168,2028.74,2224.8,64.7964,13.1086,91,50.959,139.246,186.836,191,104.635,196.527,254.511,1995,1995,1.00196,0,0,0,0,0,0,0,0,261.37,0,0,0,0,0,2403,797,75.0938,0,2223,261.876
e1_span_400_dynamic_r03,e1_span_400_dynamic,12,0.970116,24000,12,5,1790.99,1879.34,1879.34,24,40.741,2025.54,3006.57,1255,260.267,2100.62,3230.41,388,529.538,2236.1,3422.81,65.0258,14.8977,113,52.767,161.684,242.28,215,106.691,207.193,388.193,2000,2000,1.00196,0,0,0,0,0,0,0,0,261.37,0,0,0,0,0,2479,725,77.372,0,2438,261.918
e1_span_400_dynamic_r03,e1_span_400_dynamic,13,1.13949,26000,13,5,9.051,2156.55,2156.55,21,242.951,2071.19,2450.05,1253,66.817,2237.04,2436.29,399,406.985,2413.97,2580.3,56.7469,16.5069,104,55.301,175.902,239.632,215,108.586,250.428,327.434,1997,1997,1.00196,0,0,0,0,0,0,0,0,261.37,0,0,0,0,0,2501,614,80.2889,0,2654,261.958
e1_span_400_dynamic_r03,e1_span_400_dynamic,14,1.34271,28000,14,4,2298.01,2372.97,2372.97,30,1961.45,2640.77,2735.16,1251,392.364,2455.4,2586.19,405,518.034,2569.14,2776.28,56.3531,17.9711,102,60.026,162.149,233.105,213,109.805,257.594,307.729,2005,2005,1.00196,0,0,0,0,0,0,0,0,261.37,0,0,0,0,0,2605,507,83.7082,0,2864,261.997
e1_span_400_dynamic_r03,e1_span_400_dynamic,15,1.55277,30000,15,4,26.211,836.722,836.722,25,46.768,2693.96,2735.82,1270,51.137,2714.2,2872.93,399,448.97,2832.86,2988.05,52.8897,21.0764,114,60.141,183.896,297.725,200,114.054,259.651,315.472,2012,2012,1.00196,0,0,0,0,0,0,0,0,261.37,0,0,0,0,0,2583,450,85.1632,0,3067,262.039
e1_span_400_dynamic_r03,e1_span_400_dynamic,16,1.77077,32000,16,8,2622.86,2792.34,2792.34,16,18.609,2744.11,2744.11,1314,33.247,2836.67,2986.49,374,654.84,3028.33,3178.7,53.1925,23.1295,95,58.189,130.201,159.172,176,107.888,276.234,425.285,1983,1983,1.00196,0,0,0,0,0,0,0,0,261.37,0,0,0,0,0,2482,437,85.0291,0,3243,262.074
e1_span_400_dynamic_r03,e1_span_400_dynamic,17,2.00065,34000,17,4,15.726,3174.21,3174.21,32,48.144,3015.14,3116.79,1264,41.836,3044.32,3215.02,417,194.545,3184.02,3342.93,52.6427,21.1831,95,60.093,220.293,350.607,188,110.41,260.874,304.543,2000,2000,1.00196,0,0,0,0,0,0,0,0,261.37,0,0,0,0,0,2724,415,86.7792,0,3431,262.11
e1_span_400_dynamic_r03,e1_span_400_dynamic,18,2.26016,36000,18,5,442.142,3305.78,3305.78,21,836.537,3257.55,3338.56,1264,283.3,3187.01,3344.43,391,775.296,3361.93,3516.31,46.4962,30.7888,106,62.381,234.154,285.802,214,114.253,254.255,291.386,2001,2001,1.00196,0,0,0,0,0,0,0,0,261.37,0,0,0,0,0,2590,295,89.7747,0,3645,262.15
e1_span_400_dynamic_r03,e1_span_400_dynamic,19,2.56818,38000,19,6,3446.66,3503.45,3503.45,30,1380.55,3507.5,3518.8,1237,82.237,3495.87,6295.71,434,358.731,3749.39,6472.36,50.7627,30.1087,116,67.097,210.054,306.27,183,120.792,277.211,540.089,2006,2006,1.00196,0,0,0,0,0,0,0,0,261.37,0,0,0,0,0,2906,301,90.6143,0,3827,262.191
e1_span_400_dynamic_r03,e1_span_400_dynamic,20,2.90433,40000,20,10,39.934,3602.09,3602.09,22,71.405,4211.81,6736.46,1259,50.442,3728.25,6610.49,414,322.028,3981,6831.1,45.3019,37.5755,106,73.201,244.068,497.111,192,150.5,509.63,602.87,2003,2003,1.00196,0,0,0,0,0,0,0,0,261.37,0,0,0,0,0,2773,237,92.1262,0,4020,262.23
e1_span_400_dynamic_r03,e1_span_400_dynamic,21,3.2802,42000,21,9,191.851,7276.4,7276.4,27,3622.74,3963.32,7032.04,1259,46.569,6800.39,7168.84,399,313.783,6993.12,7318.32,46.5288,40.9539,103,78.819,286.97,490.495,198,144.24,386.265,514.656,1995,1995,1.00196,0,0,0,0,0,0,0,0,261.37,0,0,0,0,0,2762,188,93.6271,0,4218,262.269
e1_span_400_dynamic_r03,e1_span_400_dynamic,22,3.63925,44000,22,5,453.226,7426.64,7426.64,28,1024.38,3996.28,7448.58,1270,40.953,6923.78,7483.4,394,330.542,4761.83,7700.44,41.3909,43.0524,110,69.209,259.943,314.2,193,134.514,353.881,517.685,2000,2000,2.00197,0,0,0,0,0,0,0,0,261.37,0,0,0,0,0,2603,204,92.7325,0,4408,262.309
e1_span_400_dynamic_r03,e1_span_400_dynamic,23,3.94993,46000,23,3,30.392,4049.24,4049.24,35,35.358,4150.52,4193.43,1250,33.211,4382.31,7515.1,401,325.957,4584.26,7819.53,40.2319,40.9413,116,67.399,335.411,394.568,189,131.738,323.094,409.036,1994,1994,2.00197,0,0,0,0,0,0,0,0,261.37,0,0,0,0,0,2689,157,94.4835,0,4600,262.351
e1_span_400_dynamic_r03,e1_span_400_dynamic,24,4.26225,48000,24,6,46.412,8151.4,8151.4,22,32.291,4263.68,6056.15,1296,30.26,4608.64,8048.84,382,287.337,4730.82,8232.4,38.3639,41.5663,103,58.888,259.875,403.569,192,112.386,350.355,476.477,2001,2001,2.00197,0,0,0,0,0,0,0,0,261.37,0,0,0,0,0,2634,179,93.6367,0,4792,262.389
e1_span_400_dynamic_r03,e1_span_400_dynamic,25,4.68797,50000,25,1,8700.85,8700.85,8700.85,28,4101.27,4708.98,4733.88,1282,36.867,4899.63,8647.87,410,360.096,5067.72,8733.08,42.0415,51.9637,84,88.423,380.325,634.172,201,147.588,440.194,497.19,2006,2006,2.00197,0,0,0,0,0,0,0,0,261.37,0,0,0,0,0,2929,145,95.283,0,4991,262.422
e1_span_400_dynamic_r03,e1_span_400_dynamic,26,5.07544,52000,26,3,27.782,35.291,35.291,24,38.794,8994.72,9210.1,1290,28.413,5186.51,8975.37,412,234.4,5372.72,9103.26,37.7549,46.3517,81,91.992,408.725,1969.55,183,168.007,509.889,2684.61,1993,1993,2.00197,0,0,0,0,0,0,0,0,261.37,0,0,0,0,0,2791,118,95.9436,0,5176,262.453
e1_span_400_dynamic_r03,e1_span_400_dynamic,27,5.62055,54000,27,6,4809.27,5393.39,5393.39,17,57.676,6210.61,6210.61,1309,303.111,7380.91,9628.89,376,558.947,6519.15,9821.24,37.2553,72.3269,92,68.952,312.494,489.895,225,151.497,431.259,676.347,2025,2025,2.00197,0,0,0,0,0,0,0,0,261.37,0,0,0,0,0,2610,122,95.5344,0,5398,262.49
e1_span_400_dynamic_r03,e1_span_400_dynamic,28,6.14247,56000,28,8,64.373,5525.96,5525.96,32,405.992,5793.54,9945.51,1244,72.077,5652.29,9976.17,399,409.676,9734.01,10302,31.2256,86.4934,108,76.019,246.539,326.311,193,145.202,413.18,683.016,1984,1984,2.00197,0,0,0,0,0,0,0,0,261.37,0,0,0,0,0,2743,113,96.0434,0,5592,262.53
e1_span_400_dynamic_r03,e1_span_400_dynamic,29,6.69685,58000,29,8,5570.79,5883.72,5883.72,23,49.007,5713.97,10244.8,1272,60.205,10096.4,10562.1,394,451.104,10176.3,10661.3,35.099,82.5173,99,69.975,360.723,457.797,195,148.425,379.601,446.718,1991,1991,2.00197,0,0,0,0,0,0,0,0,261.37,0,0,0,0,0,2793,103,96.4434,0,5789,262.567
e1_span_400_dynamic_r03,e1_span_400_dynamic,30,7.26025,60000,30,7,22.59,10783.5,10783.5,26,1002.17,10787.9,11104.9,1264,57.161,6344.37,11023.9,411,377.412,6369.03,11086.2,31.5377,90.3344,109,69.48,297.807,387.52,192,148.415,359.138,574.043,2009,2009,2.00197,0,0,0,0,0,0,0,0,261.37,0,0,0,0,0,2761,99,96.5385,0,5979,262.607
e1_span_400_dynamic_r03,e1_span_400_dynamic,31,7.79263,62000,31,6,25.859,6047.39,6047.39,22,72.589,6522.38,11326.3,1274,35.102,6406.1,11378.8,403,440.342,11167.2,11543.9,29.139,106.532,110,81.464,377.596,459.073,185,154.293,451.997,528.994,2000,2000,2.00197,0,0,0,0,0,0,0,0,261.37,0,0,0,0,0,2915,102,96.6192,0,6165,262.646
e1_span_400_dynamic_r03,e1_span_400_dynamic,32,8.40251,64000,32,6,33.162,11946.7,11946.7,23,1092.96,6805.75,12130.3,1292,54.908,11556.3,12015,376,370.725,6952.83,12172.2,29.1755,96.8537,88,81.415,345.192,461.043,214,144.697,380.626,406.617,1999,1999,2.00197,0,0,0,0,0,0,0,0,261.37,0,0,0,0,0,2575,90,96.6229,0,6380,262.682
e1_span_400_dynamic_r03,e1_span_400_dynamic,33,9.01237,66000,33,8,51.154,5713.98,5713.98,21,828.228,6814.72,12055.4,1250,36.019,11668.7,12378.7,427,337.544,11977.3,12514.7,28.9133,109.802,100,76.727,310.601,362.498,189,149.709,367.617,540.206,1995,1995,2.00197,0,0,0,0,0,0,0,0,261.37,0,0,0,0,0,3115,101,96.8595,0,6569,262.718
e1_span_400_dynamic_r03,e1_span_400_dynamic,34,9.56457,68000,34,7,50.278,6961.93,6961.93,18,1898.6,8050.91,8050.91,1288,50.131,6947.33,12453.5,397,567.048,7112.24,12429.3,30.6423,91.9845,89,56.803,255.893,364.726,198,129.712,330.298,439.815,1997,1997,2.00197,0,0,0,0,0,0,0,0,261.37,0,0,0,0,0,2882,80,97.2991,0,6767,262.753
e1_span_400_dynamic_r03,e1_span_400_dynamic,35,10.0805,70000,35,6,34.076,6876.94,6876.94,36,1826.73,12335.2,13063.8,1257,24.87,7153.22,13070.2,409,231.64,7353.85,12931,25.6577,97.3976,116,64.268,290.945,385.54,177,129.687,389.481,456.284,2001,2001,3.00198,0,0,0,0,0,0,0,0,261.37,0,0,0,0,0,3023,100,96.798,0,6944,262.794
e1_span_400_dynamic_r03,e1_span_400_dynamic,36,10.6269,72000,36,5,9.637,5681.99,5681.99,22,36.423,7248.61,8672.7,1289,376.415,7379.03,9058.04,393,453.002,7521.85,12516.7,20.0585,123.381,84,65.983,223.094,319.25,206,120.358,322.751,418.395,1999,1999,3.00198,0,0,0,0,0,0,0,0,261.37,0,0,0,0,0,2907,52,98.2426,0,7150,262.828
e1_span_400_dynamic_r03,e1_span_400_dynamic,37,11.2723,74000,37,7,5955.51,7497.04,7497.04,25,51.07,7639.12,7717.18,1252,577.586,7926.96,14284.3,410,663.254,8001.35,14493.5,23.3902,129.965,107,64.557,194.925,283.929,210,132.073,337.239,372.828,2011,2011,3.00198,0,0,0,0,0,0,0,0,261.37,0,0,0,0,0,3052,74,97.6328,0,7357,262.868
e1_span_400_dynamic_r03,e1_span_400_dynamic,38,11.825,76000,38,9,6020.56,14744.3,14744.3,21,493.975,7959.36,8019.1,1271,39.028,8036.63,14459.9,384,355.466,8210.35,14738.1,21.0339,132.769,106,55.768,211.69,382.775,199,119.886,307.776,391.381,1990,1990,3.00198,0,0,0,0,0,0,0,0,261.37,0,0,0,0,0,3024,66,97.8641,0,7559,262.908
e1_span_400_dynamic_r03,e1_span_400_dynamic,39,12.465,78000,39,4,2006.81,8374.19,8374.19,18,470.356,15270.7,15270.7,1223,839.762,8450.58,13902.9,430,1941.49,8592.17,14870.6,19.2907,163.448,101,63.704,232.001,396.573,229,115.154,318.8,399.908,2005,2005,3.00198,0,0,0,0,0,0,0,0,261.37,0,0,0,0,0,3255,89,97.3385,0,7787,262.948
e1_span_400_dynamic_r03,e1_span_400_dynamic,40,13.138,80000,40,6,2089.51,8656.78,8656.78,33,2103.88,16148.2,16150.1,1262,659.741,8778.37,15851.7,370,1715.75,8995.35,16033.8,21.3838,156.518,111,60.943,212.131,257.057,214,128.737,303.281,429.172,1996,1996,3.00198,0,0,0,0,0,0,0,0,261.37,0,0,0,0,0,2892,52,98.2337,0,8002,262.99
e1_span_400_dynamic_r03,e1_span_400_dynamic,41,13.7927,82000,41,7,1762.15,9007.58,9007.58,17,31.735,9114.4,9114.4,1287,38.396,9066.81,16239.4,391,450.043,9269.33,15019.4,19.3708,172.624,93,64.409,229.809,405.585,203,118.234,252.42,341.405,1998,1998,3.00198,0,0,0,0,0,0,0,0,261.37,0,0,0,0,0,3178,68,97.9051,0,8205,263.026
e1_span_400_dynamic_r03,e1_span_400_dynamic,42,14.3456,84000,42,7,13.903,9124.99,9124.99,25,35.938,9256.37,9341.12,1291,13.689,9231.92,9652.49,407,193.149,9481.21,10032.9,21.2654,128.368,94,57.933,174.87,384.513,176,116.415,281.93,470.129,2000,2000,3.00198,0,0,0,0,0,0,0,0,261.37,0,0,0,0,0,3302,60,98.2153,0,8381,263.061
e1_span_400_dynamic_r03,e1_span_400_dynamic,43,15.0097,86000,43,6,363.078,9261.81,9261.81,27,27.903,9357.02,9458.02,1318,23.427,9700.79,17307.5,378,261.035,10281.5,17597.2,18.1614,178.774,86,53.517,187.335,273.167,187,130.413,271.279,386.235,2002,2002,3.00198,0,0,0,0,0,0,0,0,261.37,0,0,0,0,0,3073,61,98.0536,0,8568,263.094
e1_span_400_dynamic_r03,e1_span_400_dynamic,44,15.6735,88000,44,2,5929.75,5929.75,5929.75,20,2431.4,9885.75,9885.75,1285,38.985,9838.3,14392.8,387,412.956,9960.84,10206.1,17.3127,193.744,101,62.475,228.469,372.294,204,121.221,292.46,388.347,1999,1999,3.00198,0,0,0,0,0,0,0,0,261.37,0,0,0,0,0,3486,54,98.4746,0,8772,263.133
e1_span_400_dynamic_r03,e1_span_400_dynamic,45,16.4227,90000,45,8,1854.55,8357.47,8357.47,23,492.084,10059.7,10075.4,1265,2323.16,10201.3,16204.8,388,2332.24,10252.8,10866.3,17.384,188.764,99,55.122,173.979,257.447,216,114.249,216.893,260.934,1999,1999,3.00198,0,0,0,0,0,0,0,0,261.37,0,0,0,0,0,3421,61,98.2481,0,8988,263.171
e1_span_400_dynamic_r03,e1_span_400_dynamic,46,17.1283,92000,46,9,48.273,19637.8,19637.8,31,2575.51,10660.3,11481.2,1238,26.349,10688.4,18875.6,422,425.739,10837.1,19683.1,17.8081,189.579,93,44.076,3540.81,4604.32,211,120.784,398.248,4178.16,2004,2004,3.00198,0,0,0,0,0,0,0,0,261.37,0,0,0,0,0,3522,67,98.1332,0,9199,263.208
e1_span_400_dynamic_r03,e1_span_400_dynamic,47,17.926,94000,47,9,13.425,13547.7,13547.7,28,35.079,10544.5,11034.4,1260,322.265,11261.3,19507.6,399,272.23,11437.3,19185,14.2206,260.91,81,45.712,187.528,422.786,218,122.654,371.182,442.725,1995,1995,3.00198,0,0,0,0,0,0,0,0,261.37,0,0,0,0,0,3334,58,98.2901,0,9417,263.241
e1_span_400_dynamic_r03,e1_span_400_dynamic,48,18.5275,96000,48,9,15.37,20661.1,20661.1,22,17.23,11058.5,11169.8,1292,12.232,11459.8,18429,387,171.749,11501.6,12379.4,14.845,192.189,106,42.92,164.932,341.578,186,113.185,304.196,417.358,2002,2002,3.00198,0,0,0,0,0,0,0,0,261.37,0,0,0,0,0,3337,57,98.3206,0,9602,263.28
e1_span_400_dynamic_r03,e1_span_400_dynamic,49,19.3025,98000,49,5,2364.71,11498.6,11498.6,18,2728.2,11536.5,11536.5,1245,45.46,11814.3,21311.4,434,410.117,11955.6,19530.3,15.6866,228.812,98,58.879,240.78,362.169,198,123.743,306.061,452.155,1998,1998,3.00198,0,0,0,0,0,0,0,0,261.37,0,0,0,0,0,4003,47,98.8395,0,9801,263.318
e1_span_400_dynamic_r03,e1_span_400_dynamic,50,20.0761,100000,50,10,11404.2,21893.6,21893.6,23,43.284,9396.43,11990,1255,28.65,12038.1,21962.1,416,345.655,12287.5,22063.3,14.9447,251.515,101,59.993,263.174,327.38,204,118.794,297.532,470.246,2009,2009,3.00198,0,0,0,0,0,0,0,0,261.37,0,0,0,0,0,3949,63,98.4297,0,10003,263.356
e1_span_400_dynamic_r03,e1_span_400_dynamic,51,20.8855,102000,51,6,12.575,14886.5,14886.5,25,2697.2,12444.3,12894.7,1295,20.467,12443.9,22434,389,321.204,12710.7,22853.2,13.3856,300.78,78,62.06,325.061,417.111,198,109.199,289.555,401.044,1991,1991,3.00198,0,0,0,0,0,0,0,0,261.37,0,0,0,0,0,3728,41,98.9122,0,10203,263.388
e1_span_400_dynamic_r03,e1_span_400_dynamic,52,22.0503,104000,52,8,9579.58,12684.2,12684.2,27,51.092,12714.5,12985.7,1270,63.913,15120.9,22978.6,420,942.451,14111.9,23511.8,12.7357,462.233,94,63.737,250.429,7561.06,194,141.86,465.283,7335.8,2013,2013,3.00198,0,0,0,0,0,0,0,0,261.37,0,0,0,0,0,3855,51,98.6943,0,10397,263.424
e1_span_400_dynamic_r03,e1_span_400_dynamic,53,23.2923,106000,53,7,35.098,12868.7,12868.7,35,56.645,23458.1,23549.8,1285,50.478,13590.9,23731.4,377,574.435,23287.2,24167.8,12.504,514.315,98,66.149,293.49,344.303,189,138.962,320.485,365.264,1991,1991,3.00198,0,0,0,0,0,0,0,0,261.37,0,0,0,0,0,3885,58,98.529,0,10584,263.461
e1_span_400_dynamic_r03,e1_span_400_dynamic,54,24.4135,108000,54,5,2037.87,12556.3,12556.3,31,945.443,24874.3,24978.2,1270,26.835,13445.9,22901,421,390.362,13737.5,23176.1,12.6413,445.059,92,68.338,296.919,387.995,184,138.499,351.518,459.545,2003,2003,3.00198,0,0,0,0,0,0,0,0,261.37,0,0,0,0,0,4007,38,99.0606,0,10767,263.495
e1_span_400_dynamic_r03,e1_span_400_dynamic,55,25.5225,110000,55,7,18.718,13461.5,13461.5,22,51.901,13798.2,25125.7,1349,17.215,13736.9,24670.4,361,296.921,13971.6,24830.1,11.59,466.186,96,67.215,230.356,372.725,161,129.359,266.403,339.946,1996,1996,3.00198,0,0,0,0,0,0,0,0,261.37,0,0,0,0,0,3564,40,98.8901,0,10930,263.53
e1_span_400_dynamic_r03,e1_span_400_dynamic,56,26.7614,112000,56,4,13851.9,13989.6,13989.6,30,47.576,14130.3,14233,1256,28.686,14050.3,25409.9,425,581.469,14233.9,19565.5,12.2306,519.402,88,66.932,286.927,478.212,200,147.593,405.195,486.449,2003,2003,3.00198,0,0,0,0,0,0,0,0,261.37,0,0,0,0,0,4313,51,98.8313,0,11128,263.565
e1_span_400_dynamic_r03,e1_span_400_dynamic,57,28.125,114000,57,3,13422.6,13821.9,13821.9,28,47.234,14254.7,14354.7,1274,258.396,14792.6,26019.3,399,613.597,14728.4,25969.9,11.1654,563.978,83,64.924,357.13,5321.22,211,135.378,460.504,5863.38,1998,1998,3.00198,0,0,0,0,0,0,0,0,261.37,0,0,0,0,0,3895,45,98.8579,0,11340,263.598
e1_span_400_dynamic_r03,e1_span_400_dynamic,58,29.5066,116000,58,8,318.282,14804.5,14804.5,10,1832.48,22938.1,22938.1,1307,136.127,15181.7,26614.8,377,1308.34,15165.9,26692.2,9.57029,724.265,92,66.769,416.098,485.119,213,138.169,360.776,480.062,2007,2007,3.00198,0,0,0,0,0,0,0,0,261.37,0,0,0,0,0,3585,31,99.1427,0,11554,263.634
e1_span_400_dynamic_r03,e1_span_400_dynamic,59,30.8533,118000,59,6,9401.81,14805.5,14805.5,27,255.647,27293.2,27320.3,1271,31.758,15324.5,26466.5,377,1657.68,19855.7,27291,10.4297,708.315,105,66.219,263.278,349.308,204,133.255,320.076,394.029,1990,1990,3.00198,0,0,0,0,0,0,0,0,261.37,0,0,0,0,0,3953,46,98.8497,0,11759,263.674
e1_span_400_dynamic_r03,e1_span_400_dynamic,60,32.2319,120000,60,6,138.204,1041.94,1041.94,30,40.838,27863.5,28494,1235,28.582,15781.8,28058.9,434,439.919,16074.2,28378,9.99309,702.178,97,66.708,389.21,1405.9,198,140.125,398.928,1427.4,2000,2000,3.00198,0,0,0,0,0,0,0,0,261.37,0,0,0,0,0,4599,45,99.031,0,11957,263.711
e1_span_400_dynamic_r03,e1_span_400_dynamic,61,33.5514,122000,61,4,12554.7,16282.2,16282.2,30,43.618,15964.9,27798.5,1286,32.959,16140.4,28436.4,381,453.186,16242.5,28492.1,10.3491,616.346,105,61.14,244.028,502.022,197,137.96,363.004,553.268,2003,2003,3.00198,0,0,0,0,0,0,0,0,261.37,0,0,0,0,0,3870,36,99.0783,0,12153,263.75
e1_span_400_dynamic_r03,e1_span_400_dynamic,62,35.171,124000,62,6,12283.8,16290,16290,23,424.383,16383.7,29733.9,1269,524.792,16572.4,29294.1,402,5029.49,16912.9,28040.1,8.3806,966.571,102,69.749,198.125,383.147,202,130.834,378.166,511.723,2004,2004,3.00198,0,0,0,0,0,0,0,0,261.37,0,0,0,0,0,4294,43,99.0085,0,12356,263.789
e1_span_400_dynamic_r03,e1_span_400_dynamic,63,36.6567,126000,63,3,15.913,36.664,36.664,33,546.135,16761.3,16869.9,1251,170.332,16834.5,17294.4,403,699.165,17032.7,17527.1,7.72705,948.268,100,63.056,200.443,301.076,202,129.861,283.544,393.269,1992,1992,3.00198,0,0,0,0,0,0,0,0,261.37,0,0,0,0,0,4344,43,99.0198,0,12558,263.827
e1_span_400_dynamic_r03,e1_span_400_dynamic,64,37.9928,128000,64,9,375.283,27182.9,27182.9,27,464.092,17242.3,27603.4,1270,16.403,17171.8,27536.4,408,333.4,17435.3,31029.8,9.77451,689.28,106,63.873,299.376,434.364,189,130.323,391.265,4780.67,2009,2009,3.00198,0,0,0,0,0,0,0,0,261.37,0,0,0,0,0,4656,56,98.8115,0,12744,263.866
e1_span_400_dynamic_r03,e1_span_400_dynamic,65,39.6134,130000,65,7,11412.6,17269.2,17269.2,24,13085.4,17641.4,30134.3,1253,363.326,17562,31235.1,382,3724.73,17982.2,32029.6,6.99738,1198.89,111,65.268,316.338,357.212,217,138.269,359.097,415.165,1994,1994,4.00198,0,0,0,0,0,0,0,0,261.37,0,0,0,0,0,4132,37,99.1125,0,12962,263.907
e1_span_400_dynamic_r03,e1_span_400_dynamic,66,41.0942,132000,66,7,51.188,18393.7,18393.7,24,6800.46,18076.3,18079.5,1275,28.898,17938,24228.9,395,324.68,18541.5,32455.4,7.34684,945.919,94,64.995,231.545,369.159,202,134.913,333.304,439.178,1997,1997,4.00198,0,0,0,0,0,0,0,0,261.37,0,0,0,0,0,4521,39,99.1447,0,13166,263.944
e1_span_400_dynamic_r03,e1_span_400_dynamic,67,42.5301,134000,67,4,42.608,4058.25,4058.25,23,3940.17,18437.7,18536.3,1282,268.036,18296.5,18737.5,396,484.411,18509.7,22304.2,7.85101,892.436,94,64.727,235.578,409.164,202,123.486,304.486,381.321,2001,2001,4.00198,0,0,0,0,0,0,0,0,261.37,0,0,0,0,0,4314,50,98.8543,0,13368,263.98
e1_span_400_dynamic_r03,e1_span_400_dynamic,68,43.9646,136000,68,6,4248.23,14437.5,14437.5,19,14312.1,18936.8,18936.8,1255,4245.45,18845.9,25346.4,422,4455.65,19012.5,23490.6,7.27488,1009.5,105,55.693,123.09,224.509,195,117.427,233.741,289.034,2002,2002,4.00198,0,0,0,0,0,0,0,0,261.37,0,0,0,0,0,5136,52,98.9977,0,13562,264.019
e1_span_400_dynamic_r03,e1_span_400_dynamic,69,45.1639,138000,69,6,37.402,10061.8,10061.8,22,50.431,18866.5,19417.3,1301,15.275,19153,21078.6,400,567.836,19284.2,21111.8,6.2425,987.429,85,55.001,162.398,341.856,186,117.918,232.333,316.053,2000,2000,4.00198,0,0,0,0,0,0,0,0,261.37,0,0,0,0,0,4679,42,99.1104,0,13749,264.053
e1_span_400_dynamic_r03,e1_span_400_dynamic,70,46.5158,140000,70,11,51.693,34882.1,34882.1,25,25.477,19227.5,19520.4,1244,349.654,19469.1,20001.6,424,1887.51,19678.2,28481.6,6.02358,1118.86,89,59.05,187.662,401.415,207,119.535,259.673,331.763,2000,2000,4.00198,0,0,0,0,0,0,0,0,261.37,0,0,0,0,0,5148,44,99.1525,0,13955,264.088
e1_span_400_dynamic_r03,e1_span_400_dynamic,71,47.7786,142000,71,10,5172.09,35227.8,35227.8,20,478.655,30981,30981,1277,17.585,20016.9,31137.2,395,462.189,20251.4,30561.4,7.43291,851.95,92,53.32,340.646,2348.17,204,115.958,271.99,399.232,1998,1998,4.00198,0,0,0,0,0,0,0,0,261.37,0,0,0,0,0,4909,44,99.1116,0,14159,264.124
e1_span_400_dynamic_r03,e1_span_400_dynamic,72,49.2051,144000,72,13,33.033,16178.7,16178.7,31,1603.21,20272.6,20503.7,1260,39.068,20384.3,31787.7,413,1209,20540.2,20866.2,6.74092,1084.76,85,56.273,127.768,332.956,197,115.906,292.025,315.587,1999,1999,4.00198,0,0,0,0,0,0,0,0,261.37,0,0,0,0,0,5034,34,99.3291,0,14357,264.158
e1_span_400_dynamic_r03,e1_span_400_dynamic,73,50.6726,146000,73,4,8750.48,24313.2,24313.2,30,36.999,21170.9,37516.2,1256,209.8,20920.3,26725.5,404,2748.46,21276,35619.1,5.61139,1364.15,96,56.378,197.051,322.751,210,118.51,273.851,395.769,2000,2000,4.00198,0,0,0,0,0,0,0,0,261.37,0,0,0,0,0,4662,16,99.658,0,14567,264.195
e1_span_400_dynamic_r03,e1_span_400_dynamic,74,52.0177,148000,74,8,11.23,14350.7,14350.7,23,42.508,21130.1,21365.4,1252,16.616,21282.4,27956.2,421,579.705,21607.4,25959.8,6.28504,1157.39,109,58.169,252.056,349.002,189,124.005,310.908,366.318,2002,2002,4.00198,0,0,0,0,0,0,0,0,261.37,0,0,0,0,0,5686,46,99.1975,0,14756,264.235
e1_span_400_dynamic_r03,e1_span_400_dynamic,75,53.5113,150000,75,3,6971.16,20127.3,20127.3,25,34.339,17180.6,21875.5,1255,269.564,21870.5,36022.7,421,1059.06,22349.2,35868.2,4.95962,1517.68,78,60.953,260.152,377.568,218,125.045,361.186,407.424,2000,2000,4.00198,0,0,0,0,0,0,0,0,261.37,0,0,0,0,0,5232,38,99.2789,0,14974,264.268
e1_span_400_dynamic_r03,e1_span_400_dynamic,76,55.0475,152000,76,2,31217.2,31217.2,31217.2,25,5152.71,22186.5,30162.5,1295,35.617,22190.2,38608.8,417,354.429,22361.8,36359.2,4.73861,1403.05,91,61.768,157.199,289.34,173,133.104,281.879,635.123,2003,2003,4.00198,0,0,0,0,0,0,0,0,261.37,0,0,0,0,0,5153,47,99.0962,0,15146,264.302
e1_span_400_dynamic_r03,e1_span_400_dynamic,77,56.7871,154000,77,4,5136.53,5514.11,5514.11,22,5376.27,22521.6,38756.9,1274,5154.49,22887.9,34563.6,379,5049.6,22995.5,34288.7,6.21108,1226.81,91,61.767,271.154,378.976,229,127.865,325.922,394.548,1999,1999,4.00198,0,0,0,0,0,0,0,0,261.37,0,0,0,0,0,4809,45,99.0729,0,15376,264.34
e1_span_400_dynamic_r03,e1_span_400_dynamic,78,58.3346,156000,78,7,95.207,38110.1,38110.1,32,4801.87,27542.9,32750.4,1288,14.656,26876.3,39943.2,377,489.245,27612.9,40257.7,5.35809,1438.8,101,64.032,627.206,1915.34,192,129.58,393.433,1290.68,1997,1997,4.00198,0,0,0,0,0,0,0,0,261.37,0,0,0,0,0,4650,33,99.2953,0,15568,264.377
e1_span_400_dynamic_r03,e1_span_400_dynamic,79,59.9572,158000,79,4,608.553,15870.8,15870.8,35,5702.53,23713.4,38833.4,1267,16.927,23726,40967.1,395,1266.35,24161.8,31513.8,4.11646,2050.7,96,53.297,136.402,468.399,202,105.179,216.876,446.371,1999,1999,4.00198,0,0,0,0,0,0,0,0,261.37,0,0,0,0,0,5570,42,99.2516,0,15770,264.414
e1_span_400_dynamic_r03,e1_span_400_dynamic,80,61.9086,160000,80,10,5505.24,24322,24322,23,5619.44,24399.6,33783,1242,5535.84,24317.4,39958,392,5670.61,24628.6,40279.4,4.54847,2083.32,108,53.739,174.049,261.472,228,119.83,244.251,315.93,2003,2003,4.00198,0,0,0,0,0,0,0,0,261.37,0,0,0,0,0,5410,42,99.2296,0,15997,264.456
e1_span_400_dynamic_r03,e1_span_400_dynamic,81,63.6889,162000,81,5,18716.5,28006.4,28006.4,39,12327.1,33485.5,42844.1,1281,4151.35,24666.1,37428.2,387,4297.49,24958.5,37931.4,4.97158,1699.68,86,61.754,270.308,361.69,201,124.132,311.177,423.36,1999,1999,4.00198,0,0,0,0,0,0,0,0,261.37,0,0,0,0,0,5419,38,99.3036,0,16199,264.49
e1_span_400_dynamic_r03,e1_span_400_dynamic,82,65.3662,164000,82,7,5079.82,13879,13879,23,32.041,18936.8,25126.5,1253,537.269,25069.3,32179.4,418,2284.53,25457.8,32377.5,3.61005,2261.14,98,56.826,165.819,289.766,202,114.144,233.204,308.018,2001,2001,4.00198,0,0,0,0,0,0,0,0,261.37,0,0,0,0,0,5674,45,99.2131,0,16401,264.528
e1_span_400_dynamic_r03,e1_span_400_dynamic,83,67.0409,166000,83,11,51.886,28464.6,28464.6,26,5819.79,25629.9,25637.4,1267,42.674,25552.8,31722.6,400,608.506,25807.5,29178.4,4.385,1822.43,111,54.864,183.767,224.563,188,122.195,264.188,476.026,2003,2003,4.00198,0,0,0,0,0,0,0,0,261.37,0,0,0,0,0,6036,42,99.309,0,16588,264.569
e1_span_400_dynamic_r03,e1_span_400_dynamic,84,68.8268,168000,84,4,25915.6,26144.1,26144.1,26,41.445,26063.8,26093.9,1237,61.528,26195.9,34823.6,415,2590.96,26278.2,26672.4,3.74699,2296.28,107,57.609,158.347,270.305,207,122.398,314.632,393.273,1996,1996,4.00198,0,0,0,0,0,0,0,0,261.37,0,0,0,0,0,6002,38,99.3709,0,16796,264.609
e1_span_400_dynamic_r03,e1_span_400_dynamic,85,70.5727,170000,85,5,10.373,19917,19917,39,42.617,26396.9,26629.7,1251,17.471,26581.2,37070.8,407,412.851,26755.3,36935.7,3.63391,2173.27,105,56.903,156.606,204.218,193,114.426,270.53,488.478,2000,2000,4.00198,0,0,0,0,0,0,0,0,261.37,0,0,0,0,0,5865,40,99.3226,0,16989,264.648
e1_span_400_dynamic_r03,e1_span_400_dynamic,86,72.4667,172000,86,7,31.319,26569.1,26569.1,33,12236.2,26973.2,40398.9,1233,15.321,27035.6,39605.5,427,467.873,27365.9,40388.9,4.59016,2063.14,95,56.89,144.112,228.902,203,119.978,311.661,480.653,1998,1998,4.00198,0,0,0,0,0,0,0,0,261.37,0,0,0,0,0,5825,24,99.5897,0,17192,264.685
e1_span_400_dynamic_r03,e1_span_400_dynamic,87,74.6001,174000,87,6,42.788,35047.7,35047.7,25,56.14,36440.7,36740,1266,798.12,35278.1,39364.2,395,5073.49,35899.8,44435.3,3.78734,2781.01,106,56.885,256.367,425.419,202,114.685,313.505,1123.14,2000,2000,4.00198,0,0,0,0,0,0,0,0,261.37,0,0,0,0,0,5528,28,99.496,0,17394,264.725
e1_span_400_dynamic_r03,e1_span_400_dynamic,88,76.8926,176000,88,4,25417.9,26582.4,26582.4,27,4032.26,37406.7,37558.5,1278,16.369,36710.5,39211.5,389,512.499,37447.9,41683.9,3.18766,3705.97,99,57.063,161.104,240.82,203,122.785,325.316,1164.32,2000,2000,4.00198,0,0,0,0,0,0,0,0,261.37,0,0,0,0,0,5782,20,99.6553,0,17597,264.763
e1_span_400_dynamic_r03,e1_span_400_dynamic,89,79.1859,178000,89,2,24064.6,24064.6,24064.6,22,24.84,38771,40315.1,1248,17.196,38205.3,42142.2,415,861.168,38542.7,40592.9,3.93494,2956.26,112,50.871,139.239,170.921,203,112.482,324.254,1377.65,2002,2002,4.00198,0,0,0,0,0,0,0,0,261.37,0,0,0,0,0,6516,54,99.1781,0,17799,264.804
e1_span_400_dynamic_r03,e1_span_400_dynamic,90,81.8061,180000,90,4,26581.1,28624.4,28624.4,28,8968.78,38432.3,40366.1,1299,22.735,38956.1,47358.9,357,2496.29,39057.8,48539.9,2.89916,4251.1,109,56.469,203.874,354.418,205,122.324,418.217,582.191,2002,2002,5.00199,0,0,0,0,0,0,0,0,261.37,0,0,0,0,0,5678,31,99.457,0,18005,264.845
e1_span_400_dynamic_r03,e1_span_400_dynamic,91,84.2996,182000,91,2,34.022,34.022,34.022,26,41.502,38564.2,38773.8,1304,16.735,39275.9,51407.3,362,562.04,38715.4,55517.5,2.42265,4858.83,116,56.069,145.289,266.23,190,116.734,304.827,355.168,2000,2000,5.00199,0,0,0,0,0,0,0,0,261.37,0,0,0,0,0,5495,28,99.493,0,18194,264.887
e1_span_400_dynamic_r03,e1_span_400_dynamic,92,86.7292,184000,92,8,7852.04,41127.6,41127.6,30,70.053,38740.6,42620,1259,17.169,39763.3,41869.6,373,325.438,39582.7,41257.4,3.41287,3360.19,118,61.826,185.383,1556.94,210,113.961,364.39,1750.06,1998,1998,5.00199,0,0,0,0,0,0,0,0,261.37,0,0,0,0,0,5449,33,99.398,0,18404,264.931
e1_span_400_dynamic_r03,e1_span_400_dynamic,93,89.3445,186000,93,5,11710.5,42112.5,42112.5,25,41.958,39352.3,40414.2,1231,1206.25,39994.6,42342.8,420,3685.12,40063.9,41411.7,3.00714,4212.07,97,60.443,179.42,322.29,226,117.188,308.978,946.221,2004,2004,5.00199,0,0,0,0,0,0,0,0,261.37,0,0,0,0,0,6124,44,99.2866,0,18629,264.97
e1_span_400_dynamic_r03,e1_span_400_dynamic,94,92.1519,188000,94,6,29204.7,36756,36756,22,55.251,40060.2,46474.5,1303,21.325,40345.7,57248.6,373,393.429,41633.2,59965.5,3.58981,3545.9,107,60.443,191.869,389.56,184,128.501,297.56,1381.41,1995,1995,5.00199,0,0,0,0,0,0,0,0,261.37,0,0,0,0,0,5752,33,99.4296,0,18815,265.009
e1_span_400_dynamic_r03,e1_span_400_dynamic,95,95.3832,190000,95,7,16218.1,42267.1,42267.1,17,20475.9,41894.7,41894.7,1262,12278.8,41744.7,51747,403,12514.8,42520.4,52370.8,2.54342,6166.13,96,60.971,217.039,999.894,214,119.78,293.221,529.01,1999,1999,5.00199,0,0,0,0,0,0,0,0,261.37,0,0,0,0,0,6167,24,99.6123,0,19029,265.047
e1_span_400_dynamic_r03,e1_span_400_dynamic,96,98.1648,192000,96,10,54.414,34264.8,34264.8,35,181.315,43935.5,53838.8,1291,14.955,42362.2,55248.4,374,528.504,41094.7,48461.3,2.84225,4331.45,117,55.804,188.312,219.981,178,112.415,338.211,1049.75,2005,2005,5.00199,0,0,0,0,0,0,0,0,261.37,0,0,0,0,0,5716,28,99.5125,0,19206,265.089
e1_span_400_dynamic_r03,e1_span_400_dynamic,97,100.941,194000,97,6,28618.4,54183.4,54183.4,24,58.55,36009,38130.2,1274,16.378,41963,45841.9,416,519.321,42518,46032.2,3.33894,4031.13,94,55.033,126.288,305.047,186,118.514,280.108,644.043,2000,2000,5.00199,0,0,0,0,0,0,0,0,261.37,0,0,0,0,0,5967,36,99.4003,0,19392,265.124
e1_span_400_dynamic_r03,e1_span_400_dynamic,98,103.881,196000,98,2,384.976,384.976,384.976,34,15160.1,43752.2,43866.3,1184,9608.18,42849.4,53582.1,436,12740.3,42033.6,52311.5,3.55275,3972.83,122,55.976,205.836,1171.11,218,97.903,269.207,1192.65,1996,1996,5.00199,0,0,0,0,0,0,0,0,261.37,0,0,0,0,0,6258,30,99.5229,0,19611,265.169
e1_span_400_dynamic_r03,e1_span_400_dynamic,99,106.76,198000,99,6,27862.9,32412,32412,31,179.339,44582.7,63709.7,1277,33.131,43250.4,47297.3,388,574.032,43436.1,60571.4,3.02835,4123.32,109,58.464,212.625,1472.5,188,119.19,363.637,1140.82,1999,1999,5.00199,0,0,0,0,0,0,0,0,261.37,0,0,0,0,0,6014,25,99.586,0,19799,265.21
e1_span_400_dynamic_r03,e1_span_400_dynamic,100,109.263,200000,100,11,22.323,30750.9,30750.9,26,11518.4,42115.6,42146.6,1259,15.159,41954.8,44529.3,393,6269.35,43357.9,48348.8,2.54453,5218.92,110,48.144,327.012,387.543,201,125.424,1248.7,7564.71,2000,2000,5.00199,0,0,0,0,0,0,0,0,261.37,0,0,0,0,0,6062,43,99.2957,0,20000,265.25
e1_span_400_static_r01,e1_span_400_static,1,0.0229612,2000,1,2,108.291,108.291,108.291,26,22.461,72.752,93.347,1258,23.926,81.727,97.625,405,161.794,218.649,352.102,98.9728,1.67147,122,14.391,65.577,118.03,198,38.366,92.71,120.31,2011,2011,1.00196,0,0,0,0,0,0,0,0,261.37,0,0,0,0,0,267,4065,6.16343,0,198,261.501
e1_span_400_static_r01,e1_span_400_static,2,0.0411512,4000,2,6,72.18,96.075,96.075,25,17.309,133.091,147.019,1272,47.359,136.108,155.441,374,148.687,227.127,257.661,92.1123,1.62413,100,14.669,67.506,83.539,219,37.288,93.046,137.503,1996,1996,1.00196,0,0,0,0,0,0,0,0,261.37,0,0,0,0,0,718,3216,18.2511,0,416,261.54
e1_span_400_static_r01,e1_span_400_static,3,0.0661264,6000,3,7,127.192,193.257,193.257,27,55.677,226.967,237.486,1216,79.961,212.81,242.616,423,175.3,297.204,328.905,87.4657,1.94771,103,16.279,66.652,80.224,220,39.448,114.833,149.576,1996,1996,1.00196,0,0,0,0,0,0,0,0,261.37,0,0,0,0,0,1086,2980,26.7093,0,636,261.579
e1_span_400_static_r01,e1_span_400_static,4,0.0958406,8000,4,9,16.595,288.724,288.724,25,93.382,313.126,317.794,1255,65.947,298.839,349.777,430,133.776,367.708,429.331,87.5767,2.04386,81,20.697,78.572,110.507,204,46.128,112.411,132.198,2004,2004,1.00196,0,0,0,0,0,0,0,0,261.37,0,0,0,0,0,1523,2623,36.7342,0,838,261.612
e1_span_400_static_r01,e1_span_400_static,5,0.138608,10000,5,5,15.948,323.664,323.664,26,23.302,529.233,676,1248,42.34,444.56,562.292,439,172.006,553.779,649.864,81.6105,3.0956,99,22.246,95.881,147.844,187,53.565,119.215,142.673,2004,2004,1.00196,0,0,0,0,0,0,0,0,261.37,0,0,0,0,0,1765,2226,44.2245,0,1028,261.649
e1_span_400_static_r01,e1_span_400_static,6,0.205824,12000,6,5,348.756,672.619,672.619,28,415.859,872.831,872.867,1287,51.023,809.76,996.347,396,305.809,944.605,1120.41,79.6035,4.9888,92,34.8,122.97,196.177,189,78.134,186.761,277.479,1997,1997,1.00196,0,0,0,0,0,0,0,0,261.37,0,0,0,0,0,1881,1832,50.6598,0,1217,261.684
e1_span_400_static_r01,e1_span_400_static,7,0.307425,14000,7,11,421.565,986.703,986.703,29,30.232,1069.2,1460.94,1267,296.345,1059.63,1144.25,383,413.813,1212.6,1338.77,76.7363,7.3097,97,39.918,187.53,281.758,212,98.386,253.665,299.825,1999,1999,1.00196,0,0,0,0,0,0,0,0,261.37,0,0,0,0,0,2042,1499,57.6673,0,1428,261.722
e1_span_400_static_r01,e1_span_400_static,8,0.424733,16000,8,8,547.546,1020.75,1020.75,26,163.34,1388.73,1471.42,1254,47.358,1436.12,1664.97,420,239.942,1619.17,1811.78,72.3881,8.89253,110,58.092,189.002,243.176,186,107.415,258.842,339.932,2004,2004,1.00196,0,0,0,0,0,0,0,0,261.37,0,0,0,0,0,2256,1372,62.183,0,1614,261.761
e1_span_400_static_r01,e1_span_400_static,9,0.576463,18000,9,8,21.526,1644.84,1644.84,24,1141.82,1606.43,1749.28,1261,231.896,1568.23,1678.7,390,683.054,1736.4,1878.91,71.2462,12.1093,112,58.789,234.834,296.969,203,120.143,267.555,338.218,1998,1998,1.00196,0,0,0,0,0,0,0,0,261.37,0,0,0,0,0,2342,1046,69.1263,0,1818,261.803
e1_span_400_static_r01,e1_span_400_static,10,0.756944,20000,10,5,1545.75,1639.31,1639.31,19,1513.61,1959.07,1959.07,1272,434.307,1786.8,1943.68,389,551.989,1932.22,2199.73,67.8072,13.6412,98,61.133,206.596,279.12,215,116.186,284.136,336.905,1998,1998,2.00197,0,0,0,0,0,0,0,0,261.37,0,0,0,0,0,2382,876,73.1123,0,2031,261.841
e1_span_400_static_r01,e1_span_400_static,11,0.933091,22000,11,3,1828.79,1882.92,1882.92,20,1613.66,2095.5,2095.5,1302,47.563,1919.51,2080.67,389,534.175,2084.12,2231.23,64.8869,15.2779,91,58.178,163.234,278.505,191,120.138,277.542,362.714,1996,1996,2.00197,0,0,0,0,0,0,0,0,261.37,0,0,0,0,0,2412,791,75.3044,0,2222,261.876
e1_span_400_static_r01,e1_span_400_static,12,1.12473,24000,12,5,1902.9,1947.63,1947.63,24,44.62,1965.02,1977.36,1256,189.08,2063.63,2233.82,389,405.284,2223.19,2382.93,65.0206,15.5601,113,60.021,165.654,269.803,215,114.043,270.542,327.271,2002,2002,2.00197,0,0,0,0,0,0,0,0,261.37,0,0,0,0,0,2462,731,77.1062,0,2438,261.918
e1_span_400_static_r01,e1_span_400_static,13,1.34936,26000,13,5,1959.78,2130.04,2130.04,21,1900.35,2265.06,2317.08,1254,413.883,2272.38,2383.19,399,539.822,2418.09,2526.08,56.589,20.2782,104,60.495,193.274,311.295,215,115.326,285.482,363.701,1998,1998,2.00197,0,0,0,0,0,0,0,0,261.37,0,0,0,0,0,2511,605,80.5841,0,2653,261.958
e1_span_400_static_r01,e1_span_400_static,14,1.58899,28000,14,4,2398.09,2409.78,2409.78,31,2122.82,2574.53,2858.97,1248,336.901,2511.07,2708.67,406,397.167,2645.84,2796.62,56.4606,20.6928,101,59.561,229.596,294.51,213,116.096,283.922,362.33,2003,2003,2.00197,0,0,0,0,0,0,0,0,261.37,0,0,0,0,0,2610,506,83.7612,0,2864,261.997
e1_span_400_static_r01,e1_span_400_static,15,1.8303,30000,15,4,62.261,2502.6,2502.6,24,357.526,2668.29,2700.62,1258,52.549,2732.12,2898.5,395,381.148,2873.98,3073.08,52.719,24.2856,114,61.313,178.082,275.098,200,118.058,351.237,438.924,1995,1995,2.00197,0,0,0,0,0,0,0,0,261.37,0,0,0,0,0,2576,446,85.2416,0,3067,262.039
e1_span_400_static_r01,e1_span_400_static,16,2.08191,32000,16,8,2580.79,2995.58,2995.58,16,24.079,2866.84,2866.84,1328,37.07,2938.36,3061.29,377,239.762,3049.83,3234.22,53.2706,23.6324,96,61.261,172.911,277.514,176,116.277,242.952,307.065,2001,2001,2.00197,0,0,0,0,0,0,0,0,261.37,0,0,0,0,0,2479,433,85.1305,0,3243,262.074
e1_span_400_static_r01,e1_span_400_static,17,2.32642,34000,17,4,40.536,44.497,44.497,32,76.164,3296,3351.68,1265,33.62,3032.18,3182.6,417,225.009,3178.23,3283.59,53.0024,24.6327,95,62.831,192.238,372.897,189,122.808,346.884,433.631,2002,2002,2.00197,0,0,0,0,0,0,0,0,261.37,0,0,0,0,0,2704,420,86.5557,0,3431,262.11
e1_span_400_static_r01,e1_span_400_static,18,2.64971,36000,18,5,2922.4,3221.96,3221.96,21,2987.07,3135.04,3145.29,1261,302.004,3279.26,3421.8,391,2941.53,3422.7,3563.94,46.2302,37.859,106,61.764,183.683,226.635,213,117.315,276.598,416.223,1997,1997,2.00197,0,0,0,0,0,0,0,0,261.37,0,0,0,0,0,2605,291,89.9517,0,3645,262.15
e1_span_400_static_r01,e1_span_400_static,19,2.99003,38000,19,6,3319.21,3541.91,3541.91,30,584.078,3472.25,3697.95,1235,75.723,3577.01,6357.62,433,433.549,3745.63,6575.48,50.7413,33.7562,116,70.484,223.553,257.081,183,133.866,369.327,518.129,2003,2003,2.00197,0,0,0,0,0,0,0,0,261.37,0,0,0,0,0,2909,296,90.7644,0,3828,262.192
e1_span_400_static_r01,e1_span_400_static,20,3.32301,40000,20,10,15.935,3644.2,3644.2,22,43.857,6591.16,6679.01,1263,50.222,3702.8,6568.12,415,353.337,4013.92,6793.46,45.4265,37.3132,106,73.188,288.006,374.435,192,148.285,452.959,601.286,2008,2008,2.00197,0,0,0,0,0,0,0,0,261.37,0,0,0,0,0,2759,241,91.9667,0,4020,262.231
e1_span_400_static_r01,e1_span_400_static,21,3.67905,42000,21,9,35.009,6767.18,6767.18,27,91.623,3879.35,3916.25,1256,60.409,3893.73,6881.4,397,329.702,4124.91,7309.47,46.5164,38.895,103,73.504,317.228,384.664,198,137.394,390.277,508.498,1990,1990,2.00197,0,0,0,0,0,0,0,0,261.37,0,0,0,0,0,2757,191,93.521,0,4218,262.269
e1_span_400_static_r01,e1_span_400_static,22,4.02935,44000,22,5,23.769,3743.9,3743.9,28,3751.95,7047.98,7273.75,1271,52.612,4055.23,7250.93,394,407.901,4225.46,7401.02,41.2005,43.4616,110,64.595,271.693,356.192,192,136.737,392.769,467.407,2000,2000,2.00197,0,0,0,0,0,0,0,0,261.37,0,0,0,0,0,2610,197,92.9818,0,4410,262.309
e1_span_400_static_r01,e1_span_400_static,23,4.33142,46000,23,3,12.63,1047.17,1047.17,35,15.943,7688.86,7762.93,1255,36.563,4270.85,7668.7,404,331.514,4700.65,7781.32,40.3787,40.3436,117,63.225,284.768,328.064,190,135.339,339.998,436.104,2004,2004,2.00197,0,0,0,0,0,0,0,0,261.37,0,0,0,0,0,2703,162,94.3455,0,4599,262.351
e1_span_400_static_r01,e1_span_400_static,24,4.64305,48000,24,6,25.599,4234.66,4234.66,22,585.582,8054.62,8136.65,1292,30.346,4509.13,8001.6,382,289.206,5154.39,8369.5,38.1597,44.1479,102,63.324,304.031,326.824,192,136.366,320.1,390.502,1996,1996,2.00197,0,0,0,0,0,0,0,0,261.37,0,0,0,0,0,2620,179,93.6049,0,4792,262.39
e1_span_400_static_r01,e1_span_400_static,25,4.9849,50000,25,1,186.012,186.012,186.012,28,912.798,4488.07,8513.23,1279,37.348,4699.9,8466.91,406,303.68,4771.67,8412.82,41.9335,38.7642,84,67.152,291.419,610.622,199,128.898,390.785,564.536,1997,1997,2.00197,0,0,0,0,0,0,0,0,261.37,0,0,0,0,0,2931,150,95.1315,0,4991,262.422
e1_span_400_static_r01,e1_span_400_static,26,5.33114,52000,26,3,11.921,3965.38,3965.38,24,41.02,4590.95,4927.06,1298,28.278,5276.39,9068.28,414,225.445,5407.68,9267.32,38.1908,43.0214,81,64.821,261.968,371.768,185,129.373,363.349,569.067,2005,2005,2.00197,0,0,0,0,0,0,0,0,261.37,0,0,0,0,0,2790,110,96.2069,0,5176,262.454
e1_span_400_static_r01,e1_span_400_static,27,5.75863,54000,27,6,1763.18,4989.28,4989.28,15,52.079,5312.15,5312.15,1292,1088.2,5245.75,9580.83,370,1163.68,5483.98,9558.72,37.2784,55.2436,92,61.018,286.873,472.208,222,128.985,322.414,429.547,1997,1997,2.00197,0,0,0,0,0,0,0,0,261.37,0,0,0,0,0,2572,116,95.6845,0,5398,262.491
e1_span_400_static_r01,e1_span_400_static,28,6.15775,56000,28,8,59.441,5619.01,5619.01,34,3806.41,8415.53,10200,1251,57.45,5436.64,8928.07,402,371.561,5756.72,7905.19,31.2264,62.0062,108,63.043,246.947,427.243,195,130.899,376.601,569.271,1998,1998,2.00197,0,0,0,0,0,0,0,0,261.37,0,0,0,0,0,2777,118,95.924,0,5593,262.531
e1_span_400_static_r01,e1_span_400_static,29,6.61882,58000,29,8,1335.53,5668.43,5668.43,23,292.815,5616.14,5617.97,1277,288.159,5785.64,10458.2,399,1461.83,5973.95,10610.2,34.99,69.7774,99,61.995,201.534,433.937,196,119.342,243.136,352.251,2002,2002,2.00197,0,0,0,0,0,0,0,0,261.37,0,0,0,0,0,2812,101,96.5328,0,5789,262.568
e1_span_400_static_r01,e1_span_400_static,30,7.06718,60000,30,7,1540.11,5877.31,5877.31,26,1390.17,5793.9,5882.85,1261,797.121,5916.87,10422.4,406,1350.26,6100.79,10178.5,31.5961,69.6333,108,61.524,144.445,268.495,190,117.929,247.68,444.841,1998,1998,2.00197,0,0,0,0,0,0,0,0,261.37,0,0,0,0,0,2757,88,96.9069,0,5979,262.608
e1_span_400_static_r01,e1_span_400_static,31,7.53677,62000,31,6,54.738,5822.02,5822.02,22,30.868,3685.26,5952.14,1281,42.554,6148.65,11108.4,406,1491.37,9290.46,11402.7,29.0517,91.6634,111,63.855,265.863,321.132,188,127.525,310.26,400.836,2014,2014,2.00197,0,0,0,0,0,0,0,0,261.37,0,0,0,0,0,2907,102,96.6102,0,6165,262.649
e1_span_400_static_r01,e1_span_400_static,32,8.03832,64000,32,6,1646.85,6195.54,6195.54,23,55.126,6335.75,6374.06,1287,37.748,7251.88,11875.2,376,1502.03,11445.8,12011.2,29.1755,98.4307,88,57.446,194.3,368.34,213,119.297,278.163,362.789,1993,1993,2.00197,0,0,0,0,0,0,0,0,261.37,0,0,0,0,0,2583,86,96.7778,0,6380,262.685
e1_span_400_static_r01,e1_span_400_static,33,8.52309,66000,33,8,1587.94,6841.74,6841.74,21,21.535,5236.99,6495.47,1249,48.305,6659.44,11397.2,426,275.204,6841.49,12079.7,28.8216,83.5284,100,63.323,232.752,473.366,189,119.33,263.696,472.08,1993,1993,2.00197,0,0,0,0,0,0,0,0,261.37,0,0,0,0,0,3122,97,96.9866,0,6569,262.722
e1_span_400_static_r01,e1_span_400_static,34,9.09636,68000,34,7,42.898,6934.25,6934.25,18,1601.53,6850.67,6850.67,1292,279.755,6967.4,12644.1,401,1777.54,7179.72,12715.5,30.9476,99.307,91,61.535,160.072,341.048,198,126.095,248.571,329.201,2007,2007,2.00197,0,0,0,0,0,0,0,0,261.37,0,0,0,0,0,2885,84,97.1708,0,6767,262.758
e1_span_400_static_r01,e1_span_400_static,35,9.55443,70000,35,6,444.829,7117.82,7117.82,36,1610.68,7158.72,7176.47,1256,29.169,7113.01,10682.9,409,221.115,7267.48,8757.84,25.2861,79.8501,114,59.093,247.702,288.932,177,131.308,306.944,408.945,1998,1998,2.00197,0,0,0,0,0,0,0,0,261.37,0,0,0,0,0,3026,99,96.832,0,6944,262.798
e1_span_400_static_r01,e1_span_400_static,36,10.1618,72000,36,5,31.494,5884.56,5884.56,22,45.084,7240.39,7332.23,1291,338.078,7496.87,13676,390,1132.1,7642.05,13993.3,20.1487,153.024,84,66.164,252.215,433.471,206,139.596,417.137,630.804,1998,1998,2.00197,0,0,0,0,0,0,0,0,261.37,0,0,0,0,0,2893,52,98.2343,0,7148,262.832
e1_span_400_static_r01,e1_span_400_static,37,10.7535,74000,37,7,7441.17,14061.5,14061.5,25,324.327,8168.25,8193.44,1244,292.48,7767.72,14126.6,410,259.507,7891.25,14001.5,23.3902,117.839,106,55.235,240.137,366.187,209,126.62,319.062,434.425,2001,2001,3.00198,0,0,0,0,0,0,0,0,261.37,0,0,0,0,0,3060,79,97.4833,0,7358,262.872
e1_span_400_static_r01,e1_span_400_static,38,11.3294,76000,38,9,1838.11,9220.89,9220.89,21,42.706,7458.02,7838.11,1273,28.214,7981.58,14685.5,388,288.124,8200.22,14914.7,21.0799,137.442,107,55.243,229.774,273.755,201,129.334,302.389,370.305,1999,1999,3.00198,0,0,0,0,0,0,0,0,261.37,0,0,0,0,0,3007,65,97.8841,0,7559,262.912
e1_span_400_static_r01,e1_span_400_static,39,12.0245,78000,39,4,2190.54,8055.66,8055.66,18,559.772,15497.2,15497.2,1226,728.772,8343.09,14970.1,427,1435.54,8564.11,14944.4,19.2365,179.037,101,62.71,238.497,256.745,229,128.686,250.096,346.023,2005,2005,3.00198,0,0,0,0,0,0,0,0,261.37,0,0,0,0,0,3268,86,97.4359,0,7787,262.952
e1_span_400_static_r01,e1_span_400_static,40,12.6119,80000,40,6,7472.13,8969.67,8969.67,33,1919.35,8673.97,9077.65,1262,95.912,8596.19,14552.9,369,1952.28,8848.18,14268.4,21.3848,148.728,111,61.257,176.527,356.486,213,120.426,349.896,429.671,1994,1994,3.00198,0,0,0,0,0,0,0,0,261.37,0,0,0,0,0,2880,55,98.1261,0,8002,262.993
e1_span_400_static_r01,e1_span_400_static,41,13.1947,82000,41,7,2127.11,10669.9,10669.9,17,14.66,8846.44,8846.44,1287,35.819,8855.9,14353.9,393,2028.14,9510.59,15966.6,19.2926,161.964,93,52.405,189.011,294.422,203,115.945,251.236,320.337,2000,2000,3.00198,0,0,0,0,0,0,0,0,261.37,0,0,0,0,0,3183,74,97.728,0,8204,263.029
e1_span_400_static_r01,e1_span_400_static,42,13.7836,84000,42,7,20.251,9098.42,9098.42,25,29.869,9249.96,9306.35,1291,17.285,9201.15,15817.3,405,238.337,9417.81,14996.3,21.3506,142.835,94,51.41,224.149,360.413,176,122.906,347.759,423.007,1998,1998,3.00198,0,0,0,0,0,0,0,0,261.37,0,0,0,0,0,3266,58,98.2551,0,8381,263.064
e1_span_400_static_r01,e1_span_400_static,43,14.4358,86000,43,6,281.626,9250.32,9250.32,27,47.723,9513.27,9537.38,1318,27.789,9469.28,15182,376,268.066,9669.59,15866.3,17.992,181.016,86,53.689,198.174,482.2,187,121.356,310.844,407.211,2000,2000,3.00198,0,0,0,0,0,0,0,0,261.37,0,0,0,0,0,3049,63,97.9756,0,8568,263.098
e1_span_400_static_r01,e1_span_400_static,44,15.1541,88000,44,2,9491.57,9491.57,9491.57,20,2393.01,17789.9,17789.9,1287,31.78,9743.23,13892,390,341.935,9944.24,17692.6,17.4359,207.955,102,63.444,226.865,409.454,206,129.855,373.384,570.393,2007,2007,3.00198,0,0,0,0,0,0,0,0,261.37,0,0,0,0,0,3529,52,98.5479,0,8771,263.136
e1_span_400_static_r01,e1_span_400_static,45,15.9929,90000,45,8,312.394,8075.88,8075.88,23,1192.47,10020.1,16770.3,1265,1760.75,10099.5,18317,387,1257.46,10260.3,18207.1,17.4289,221.997,98,71.417,312.418,422.599,216,128.538,358.828,414.377,1997,1997,3.00198,0,0,0,0,0,0,0,0,261.37,0,0,0,0,0,3415,60,98.2734,0,8988,263.174
e1_span_400_static_r01,e1_span_400_static,46,16.8084,92000,46,9,25.382,10809.6,10809.6,31,7574.52,12602.3,16541.6,1238,32.933,10704.2,17815.6,420,1633.38,10872.4,16656.5,17.7643,229.94,92,52.853,280.109,399.826,209,129.109,329.769,390.173,1999,1999,3.00198,0,0,0,0,0,0,0,0,261.37,0,0,0,0,0,3536,69,98.086,0,9199,263.211
e1_span_400_static_r01,e1_span_400_static,47,17.7419,94000,47,9,11.027,16249.1,16249.1,28,2654.66,10879.5,10900.5,1260,272.364,12264.4,20053.3,400,324.771,12392.7,20318.5,14.15,293.014,82,60.579,365.86,552.874,218,136.87,406.093,535.418,1997,1997,3.00198,0,0,0,0,0,0,0,0,261.37,0,0,0,0,0,3331,57,98.3176,0,9417,263.244
e1_span_400_static_r01,e1_span_400_static,48,18.558,96000,48,9,31.271,11966.9,11966.9,22,33.522,11296.2,11427.3,1290,18.895,11823.7,20765.6,388,250.131,11826.3,20997.8,14.982,249.273,106,56.965,157.25,229.323,185,129.633,314.883,366.942,2000,2000,3.00198,0,0,0,0,0,0,0,0,261.37,0,0,0,0,0,3357,60,98.2441,0,9602,263.283
e1_span_400_static_r01,e1_span_400_static,49,19.4062,98000,49,5,33.746,8889.98,8889.98,18,2846.66,11488.9,11488.9,1247,26.938,11678.7,21080,434,312.652,11800.6,19013.7,15.6866,243.051,99,63.319,302.536,415.499,199,127.243,285.543,406.316,2002,2002,3.00198,0,0,0,0,0,0,0,0,261.37,0,0,0,0,0,3999,50,98.7651,0,9800,263.321
e1_span_400_static_r01,e1_span_400_static,50,20.2487,100000,50,10,1150.14,11948.9,11948.9,23,37.024,11879,21960.2,1253,25.854,11946.3,21021.3,412,256.703,12305.2,21534,14.7549,278.975,100,62.328,245.774,453.721,202,122.45,279.574,422.443,2000,2000,3.00198,0,0,0,0,0,0,0,0,261.37,0,0,0,0,0,3980,58,98.5636,0,10003,263.359
e1_span_400_static_r01,e1_span_400_static,51,21.1527,102000,51,6,7687.11,12521.6,12521.6,25,216.724,12450.6,12498.4,1298,20.712,12673.8,22293,394,249.698,12530.9,22478.1,13.566,292.842,78,64.943,349.938,428.404,201,139.343,371.129,440.742,2002,2002,3.00198,0,0,0,0,0,0,0,0,261.37,0,0,0,0,0,3757,44,98.8424,0,10203,263.39
e1_span_400_static_r01,e1_span_400_static,52,22.1976,104000,52,8,3119.76,12288.8,12288.8,27,38.334,12495.3,12569.2,1261,657.208,12668.6,21469.1,416,1062.91,13005.9,21679.6,12.8558,388.217,94,58.889,159.292,244.476,193,118.798,315.524,385.578,1999,1999,3.00198,0,0,0,0,0,0,0,0,261.37,0,0,0,0,0,3850,48,98.7686,0,10397,263.426
e1_span_400_static_r01,e1_span_400_static,53,23.1411,106000,53,7,28.938,13181.6,13181.6,35,45.398,12957.8,13023.1,1290,29.23,12971.9,19241.3,379,331.184,13182.3,22011.7,12.4406,366.791,98,64.217,274.508,407.892,188,129.35,310.05,421.771,1997,1997,3.00198,0,0,0,0,0,0,0,0,261.37,0,0,0,0,0,3866,59,98.4968,0,10585,263.463
e1_span_400_static_r01,e1_span_400_static,54,24.0751,108000,54,5,10198.2,13171.6,13171.6,31,356.136,13241.3,13309.2,1270,17.925,13210,24023.9,421,400.126,13440,24393.7,12.62,361.11,92,53.048,203.635,387.966,185,122.712,287.558,448.153,2004,2004,3.00198,0,0,0,0,0,0,0,0,261.37,0,0,0,0,0,4003,47,98.8395,0,10768,263.498
e1_span_400_static_r01,e1_span_400_static,55,24.9796,110000,55,7,9889.2,16321.7,16321.7,22,3186.36,13590,22752.9,1351,17.812,13533.4,15304.5,362,242.067,13685.8,13918,11.5829,337.13,96,62.261,268.058,7140.99,161,118.122,238.908,335.203,1999,1999,3.00198,0,0,0,0,0,0,0,0,261.37,0,0,0,0,0,3562,40,98.8895,0,10931,263.533
e1_span_400_static_r01,e1_span_400_static,56,26.0221,112000,56,4,3428.62,8107.81,8107.81,30,44.27,13851.2,13887.5,1253,34.507,13887.6,25039.2,424,444.186,14085,24551.9,12.2594,404.171,88,62.178,262.424,408.794,200,130.899,315.478,429.043,1999,1999,3.00198,0,0,0,0,0,0,0,0,261.37,0,0,0,0,0,4310,55,98.74,0,11131,263.568
e1_span_400_static_r01,e1_span_400_static,57,27.0482,114000,57,3,10919.8,14115,14115,28,177.54,14078.1,14365,1275,443.635,14424.5,26005,400,554.797,14522.9,21201.7,11.1375,431.186,83,53.277,211.186,287.514,210,122.776,254.959,320.68,1999,1999,3.00198,0,0,0,0,0,0,0,0,261.37,0,0,0,0,0,3922,45,98.8656,0,11341,263.602
e1_span_400_static_r01,e1_span_400_static,58,28.0457,116000,58,8,3389.21,12928.4,12928.4,10,333.661,14748.9,14748.9,1306,42.877,14660.4,25438.6,376,375.801,14797.3,25614.2,9.5,492.194,92,58.822,324.44,484.281,214,117.982,313.229,426.778,2006,2006,3.00198,0,0,0,0,0,0,0,0,261.37,0,0,0,0,0,3602,34,99.0649,0,11554,263.638
e1_span_400_static_r01,e1_span_400_static,59,29.1476,118000,59,6,32.358,15715.2,15715.2,27,43.285,14751.7,14789.4,1273,45.815,15119,26305.4,378,647.644,15743.6,24565.7,10.4974,525.501,105,63.381,332.7,466.565,204,131.919,369.565,537.174,1993,1993,3.00198,0,0,0,0,0,0,0,0,261.37,0,0,0,0,0,3962,45,98.877,0,11759,263.677
e1_span_400_static_r01,e1_span_400_static,60,30.4235,120000,60,6,3650.83,22068,22068,30,3580.6,15488.7,18371.1,1236,40.736,24324.3,28129.7,434,3704.97,23658.6,28461.2,9.99309,675.553,97,62.264,248.693,3650.33,198,130.643,378.48,5054.48,2001,2001,3.00198,0,0,0,0,0,0,0,0,261.37,0,0,0,0,0,4611,47,98.991,0,11957,263.714
e1_span_400_static_r01,e1_span_400_static,61,31.5267,122000,61,4,15078.8,15904.7,15904.7,30,3598.66,15793.4,30118,1284,17.895,17343.5,28793,380,398.972,16417.4,28509.5,10.3447,514.965,105,55.503,184.886,218.277,197,105.296,248.934,412.766,2000,2000,3.00198,0,0,0,0,0,0,0,0,261.37,0,0,0,0,0,3831,40,98.9667,0,12153,263.754
e1_span_400_static_r01,e1_span_400_static,62,32.986,124000,62,6,4150.31,16329.6,16329.6,23,57.107,15861,28725.5,1272,3606.27,16520.5,29364.1,404,4040.96,16944.6,29604.7,8.36881,895.079,102,64.687,184.271,317.388,202,120.309,255.472,398.664,2009,2009,3.00198,0,0,0,0,0,0,0,0,261.37,0,0,0,0,0,4353,44,98.9993,0,12356,263.793
e1_span_400_static_r01,e1_span_400_static,63,34.2991,126000,63,3,29.515,4079.57,4079.57,33,48.753,16917.4,29908.9,1251,35.855,21325.9,29909.3,403,651.055,18594,29979,7.72705,807.495,100,54.649,152.735,209.173,202,121.593,267.131,372.212,1992,1992,3.00198,0,0,0,0,0,0,0,0,261.37,0,0,0,0,0,4381,43,99.028,0,12558,263.831
e1_span_400_static_r01,e1_span_400_static,64,35.4115,128000,64,9,945.395,18865.6,18865.6,27,42.273,16971.7,17342.5,1266,15.384,17157.4,30534.6,407,277.207,17412.9,29261.6,9.79853,531.728,106,45.893,226.493,5235.81,188,119.917,338.12,5288.08,2003,2003,3.00198,0,0,0,0,0,0,0,0,261.37,0,0,0,0,0,4667,54,98.8562,0,12744,263.87
e1_span_400_static_r01,e1_span_400_static,65,36.6493,130000,65,7,690.802,17463.5,17463.5,24,4119.5,17293.2,17542.7,1257,4006.42,17650.1,28355.4,382,4101.69,18026,31211.6,6.99738,916.63,111,53.756,188.574,312.2,218,112.942,268.406,358.482,1999,1999,3.00198,0,0,0,0,0,0,0,0,261.37,0,0,0,0,0,4141,38,99.0907,0,12962,263.912
e1_span_400_static_r01,e1_span_400_static,66,37.8384,132000,66,7,4684.56,15003.5,15003.5,24,53.318,17753.2,17854.8,1274,46.368,17846,28602.7,395,997.379,17975.1,21933,7.34684,808.767,94,61.283,306.799,884.356,202,121.354,343.939,752.275,1996,1996,3.00198,0,0,0,0,0,0,0,0,261.37,0,0,0,0,0,4531,40,99.1249,0,13166,263.948
e1_span_400_static_r01,e1_span_400_static,67,39.2574,134000,67,4,14701.4,15700.8,15700.8,23,3841.18,18172.6,18346.3,1283,632.13,18345.8,29487.8,396,4341.11,18709.8,29590.9,7.9596,915.469,94,55.114,203.873,386.977,202,121.618,310.235,468.879,2002,2002,3.00198,0,0,0,0,0,0,0,0,261.37,0,0,0,0,0,4336,53,98.7924,0,13368,263.985
e1_span_400_static_r01,e1_span_400_static,68,40.5983,136000,68,6,58.785,18399.2,18399.2,19,35.485,18918.5,18918.5,1251,628.272,18805,29770.4,422,1761.05,19042.2,24265.2,7.17299,896.758,105,57.234,255.741,2873.54,195,119.615,263.696,2442.76,1998,1998,4.00198,0,0,0,0,0,0,0,0,261.37,0,0,0,0,0,5097,56,98.9133,0,13563,264.024
e1_span_400_static_r01,e1_span_400_static,69,41.6161,138000,69,6,24.455,4462.62,4462.62,22,54.909,18886.3,18928.2,1304,12.083,19138.9,30967.9,401,278.608,19437.9,22293.6,6.22693,817.659,85,47.087,209.636,329.37,187,110.996,271.944,377.155,2005,2005,4.00198,0,0,0,0,0,0,0,0,261.37,0,0,0,0,0,4636,41,99.1234,0,13749,264.057
e1_span_400_static_r01,e1_span_400_static,70,42.8915,140000,70,11,31.415,19419.7,19419.7,25,45.83,19345.6,19696.5,1244,16.07,19713.8,34139.9,424,1396.85,19844.3,31733.2,6.07075,1074.95,89,60.369,222.462,419.998,206,120.843,329.139,372.756,1999,1999,4.00198,0,0,0,0,0,0,0,0,261.37,0,0,0,0,0,5146,47,99.0949,0,13956,264.092
e1_span_400_static_r01,e1_span_400_static,71,44.2023,142000,71,10,7765.39,23547.4,23547.4,20,4630.47,20039.1,20039.1,1278,16.074,20110.1,31093.6,394,368.049,21240.3,29405.1,7.40102,879.355,93,50.975,296.762,405.664,204,105.54,279.213,351.364,1999,1999,4.00198,0,0,0,0,0,0,0,0,261.37,0,0,0,0,0,4917,42,99.1531,0,14159,264.129
e1_span_400_static_r01,e1_span_400_static,72,45.4152,144000,72,13,41.189,20354.2,20354.2,31,44.506,20511.2,36849.2,1258,17.557,20404.2,32332.6,413,421.919,20770.6,34601,6.7385,962.847,84,52.192,204.478,310.74,198,115.422,280.134,337.163,1997,1997,4.00198,0,0,0,0,0,0,0,0,261.37,0,0,0,0,0,5025,30,99.4065,0,14358,264.162
e1_span_400_static_r01,e1_span_400_static,73,46.8062,146000,73,4,4717.38,20456.1,20456.1,30,4975.83,20981.8,22472.8,1256,19.198,20945.8,27610.5,405,1727.89,21145.1,22186.6,5.6,1235.96,96,55.885,273.852,360.505,209,114.313,282.526,357.223,2000,2000,4.00198,0,0,0,0,0,0,0,0,261.37,0,0,0,0,0,4664,24,99.4881,0,14567,264.2
e1_span_400_static_r01,e1_span_400_static,74,48.188,148000,74,8,12.59,21506.4,21506.4,23,43.731,37572.7,37776.5,1257,14.226,21387.8,37796.5,420,326.059,21592.8,37989.4,6.3,1064.56,109,61.698,180.174,216.808,190,118.956,305.109,455.969,2007,2007,4.00198,0,0,0,0,0,0,0,0,261.37,0,0,0,0,0,5639,42,99.2607,0,14755,264.239
e1_span_400_static_r01,e1_span_400_static,75,49.6624,150000,75,3,9437.48,18448.1,18448.1,25,41.942,28298.6,31479,1256,208.242,21941.8,34323,423,371.718,21813.7,31633.7,4.93853,1267.06,79,49.081,208.711,264.087,217,108.722,299.108,377.921,2003,2003,4.00198,0,0,0,0,0,0,0,0,261.37,0,0,0,0,0,5213,46,99.1253,0,14974,264.273
e1_span_400_static_r01,e1_span_400_static,76,50.8507,152000,76,2,18126.8,18126.8,18126.8,25,52.442,22439.2,31558,1294,13.475,22249.4,35765.4,418,288.224,21965.1,32881.2,4.74641,1044.86,90,35.082,173.473,4568.85,174,120.394,381.329,7180.23,2003,2003,4.00198,0,0,0,0,0,0,0,0,261.37,0,0,0,0,0,5175,44,99.1569,0,15146,264.306
e1_span_400_static_r01,e1_span_400_static,77,52.371,154000,77,4,29.829,22442.8,22442.8,22,8674.43,27793.2,31279.5,1268,4917.2,22906.3,36066,375,5219.59,22801.6,33914.7,6.25333,1140.79,91,48.309,201.238,312.972,228,102.684,214.022,289.977,1988,1988,4.00198,0,0,0,0,0,0,0,0,261.37,0,0,0,0,0,4789,43,99.1101,0,15376,264.344
e1_span_400_static_r01,e1_span_400_static,78,53.6064,156000,78,7,13.527,23062.8,23062.8,32,2516.3,22931.2,23179.8,1289,11.877,23109.9,34023.8,377,263.843,23378.5,40175.7,5.35809,1160.36,101,47.718,157.166,272.934,192,106.326,273.893,325.367,1998,1998,4.00198,0,0,0,0,0,0,0,0,261.37,0,0,0,0,0,4673,26,99.4467,0,15568,264.381
e1_span_400_static_r01,e1_span_400_static,79,55.1565,158000,79,4,6360.55,15791.5,15791.5,35,5386.59,23683.9,23825,1268,19.819,23612.5,32971.5,395,5587.47,23909.8,34383.3,4.11646,2037.99,96,49.016,262.805,295.78,202,114.133,295.494,418.165,2000,2000,4.00198,0,0,0,0,0,0,0,0,261.37,0,0,0,0,0,5530,38,99.3175,0,15770,264.419
e1_span_400_static_r01,e1_span_400_static,80,57.0864,160000,80,10,17087.7,31748.3,31748.3,23,6138.07,24327.9,26627.5,1239,5514.25,24299.6,40133.1,393,5705.84,25988.1,37007.2,4.5369,2082.29,108,46.991,115.537,169.182,227,111.442,221.547,347.113,2000,2000,4.00198,0,0,0,0,0,0,0,0,261.37,0,0,0,0,0,5426,43,99.2138,0,15997,264.46
e1_span_400_static_r01,e1_span_400_static,81,58.8098,162000,81,5,5473.74,24836.7,24836.7,39,5632.72,24775.2,36495.8,1280,693.763,24643.4,36212.7,388,572.746,24751.2,38271.9,4.95876,1674.12,86,63.573,303.225,407.158,202,118.932,269.881,378.56,2000,2000,4.00198,0,0,0,0,0,0,0,0,261.37,0,0,0,0,0,5479,39,99.2932,0,16199,264.495
e1_span_400_static_r01,e1_span_400_static,82,60.4103,164000,82,7,23.885,5691.5,5691.5,23,50.187,24670.4,25064.9,1255,15.549,25114.1,35963.2,416,5541.62,25397.8,38277.7,3.6274,2384.87,98,47.696,179.523,341.085,202,115.038,274.582,364.087,2001,2001,4.00198,0,0,0,0,0,0,0,0,261.37,0,0,0,0,0,5661,43,99.2461,0,16401,264.532
e1_span_400_static_r01,e1_span_400_static,83,62.1018,166000,83,10,7891.54,25724.8,25724.8,26,43.954,25482.4,25571.3,1266,20.599,25514.7,25857.1,400,5602.83,25796.1,26100.5,4.385,2054.79,111,53.047,141.815,241.076,188,111.803,237,492.265,2001,2001,4.00198,0,0,0,0,0,0,0,0,261.37,0,0,0,0,0,6034,41,99.3251,0,16588,264.573
e1_span_400_static_r01,e1_span_400_static,84,64.0905,168000,84,5,19931.6,25660.9,25660.9,26,39.846,26540.6,26858.9,1241,5930.04,26037.5,27226.7,415,6144.99,26273,26895.8,3.74699,2648.37,108,55.564,181.09,234.816,207,116.644,226.017,368.169,2002,2002,4.00198,0,0,0,0,0,0,0,0,261.37,0,0,0,0,0,5991,41,99.3203,0,16796,264.614
e1_span_400_static_r01,e1_span_400_static,85,65.6693,170000,85,4,10.334,21675.6,21675.6,39,38.549,26416.1,26585.8,1250,15.174,26615.5,37167.7,406,410.157,26629.2,35199.4,3.64286,1906.06,104,53.493,159.215,194.536,193,108.968,202.897,339.198,1996,1996,4.00198,0,0,0,0,0,0,0,0,261.37,0,0,0,0,0,5858,37,99.3723,0,16989,264.653
e1_span_400_static_r01,e1_span_400_static,86,67.4261,172000,86,8,16383.5,28876,28876,33,49.185,29238.7,29566.3,1232,21.879,26979.6,28879.6,429,404.402,27139.2,27730,4.56876,1818.08,95,56.006,197.807,284.984,203,116.328,258.447,327.631,2000,2000,4.00198,0,0,0,0,0,0,0,0,261.37,0,0,0,0,0,5837,31,99.4717,0,17192,264.69
e1_span_400_static_r01,e1_span_400_static,87,70.1608,174000,87,6,35.57,37057.5,37057.5,25,8071.07,34886.2,36463.3,1268,2131.53,37498,39112.6,396,3340.01,37610.1,40624.4,3.77778,3481.07,106,56.686,243.483,341.705,203,128.961,352.061,1240.57,2004,2004,4.00198,0,0,0,0,0,0,0,0,261.37,0,0,0,0,0,5471,31,99.4366,0,17394,264.729
e1_span_400_static_r01,e1_span_400_static,88,72.9765,176000,88,4,3145.43,37651.1,37651.1,27,3856.15,37865.8,40932.9,1278,333.281,38357.4,54502.4,389,3666.29,39288.7,54793.6,3.19794,4309.12,100,63.202,221.461,315.55,202,123.246,322.552,750.402,2000,2000,4.00198,0,0,0,0,0,0,0,0,261.37,0,0,0,0,0,5803,28,99.5198,0,17596,264.768
e1_span_400_static_r01,e1_span_400_static,89,75.4302,178000,89,2,37363.9,37363.9,37363.9,22,38.834,38237.5,40367.9,1248,545.893,38516.8,40807.9,412,6681.1,38395.3,41044.5,3.95388,3089.09,111,51.81,166.685,238.974,203,115.682,281.043,914.003,1998,1998,4.00198,0,0,0,0,0,0,0,0,261.37,0,0,0,0,0,6493,45,99.3117,0,17800,264.809
e1_span_400_static_r01,e1_span_400_static,90,78.1288,180000,90,4,37806.8,38153.4,38153.4,28,11234.7,40079.3,41029.8,1296,36.518,39317.5,41775.1,357,7188.18,39901.9,41947.3,2.89916,4443.8,109,51.221,132.61,163.47,205,112.919,231.654,414.01,1999,1999,4.00198,0,0,0,0,0,0,0,0,261.37,0,0,0,0,0,5667,32,99.4385,0,18005,264.85
e1_span_400_static_r01,e1_span_400_static,91,80.5317,182000,91,2,27721.9,27721.9,27721.9,26,38.653,31221.5,37260.1,1305,15.87,40595.4,48392.4,363,876.476,41040,47480.1,2.41598,4837.88,114,44.396,152.9,212.956,190,114.792,262.179,559.851,2000,2000,5.00199,0,0,0,0,0,0,0,0,261.37,0,0,0,0,0,5541,26,99.533,0,18194,264.892
e1_span_400_static_r01,e1_span_400_static,92,83.0558,184000,92,8,15944.5,53801.6,53801.6,30,60.679,39151.1,39847.6,1259,1728.33,39452.3,43456.5,372,2746.05,39521.3,44580.1,3.42204,3430.51,120,51.303,182.311,395.348,210,107.238,262.414,1001.23,1999,1999,5.00199,0,0,0,0,0,0,0,0,261.37,0,0,0,0,0,5406,30,99.4481,0,18405,264.936
e1_span_400_static_r01,e1_span_400_static,93,85.4822,186000,93,5,24638.9,40387.6,40387.6,25,44.328,33183.2,40419.7,1231,899.554,40017.3,42723,420,3483.03,40521.8,44473.1,3.00714,4016.22,97,44.08,120.368,303.246,226,107.636,357.98,1169.96,2004,2004,5.00199,0,0,0,0,0,0,0,0,261.37,0,0,0,0,0,6165,42,99.3233,0,18629,264.975
e1_span_400_static_r01,e1_span_400_static,94,87.9465,188000,94,6,21211.1,28891.4,28891.4,22,55.084,41219.4,53279.6,1305,16.055,41354.5,43348.8,374,466.261,40895.8,43583.7,3.58289,3018.27,108,53.845,160.35,595.117,184,113.854,373.375,734.838,1999,1999,5.00199,0,0,0,0,0,0,0,0,261.37,0,0,0,0,0,5724,32,99.4441,0,18815,265.014
e1_span_400_static_r01,e1_span_400_static,95,90.9042,190000,95,7,15099,42411.3,42411.3,17,38.149,42322.3,42322.3,1260,10844.4,42187.1,44094.1,404,10320.6,42460.3,44355.7,2.5396,5575.28,95,57.481,190.537,345.697,214,116.261,374.305,1076.62,1997,1997,5.00199,0,0,0,0,0,0,0,0,261.37,0,0,0,0,0,6188,35,99.4376,0,19029,265.052
e1_span_400_static_r01,e1_span_400_static,96,93.7227,192000,96,10,12460.7,43041.3,43041.3,35,38.064,42763.2,43194.4,1287,24.923,42604.8,44634.9,372,356.963,42441.2,44211.9,2.85484,4156.28,117,54.904,184.117,292.425,178,114.363,274.571,359.16,1999,1999,5.00199,0,0,0,0,0,0,0,0,261.37,0,0,0,0,0,5712,27,99.5295,0,19207,265.093
e1_span_400_static_r01,e1_span_400_static,97,96.4845,194000,97,6,20066.2,43193.1,43193.1,24,16720.6,42084,42612.1,1279,16.751,42995.4,51453.8,412,533.496,43488.6,54981.3,3.36893,3960.51,94,48.104,124.801,156.301,186,117.402,377.122,2315.34,2001,2001,5.00199,0,0,0,0,0,0,0,0,261.37,0,0,0,0,0,5975,40,99.335,0,19392,265.129
e1_span_400_static_r01,e1_span_400_static,98,99.4711,196000,98,2,38316.4,38316.4,38316.4,34,15579.5,50106.7,62833.6,1183,10833.8,43169.1,54601.4,441,10950.5,44069,62679.8,3.51474,4228.47,122,49.45,156.248,297.389,218,93.395,298.978,1247.98,2000,2000,5.00199,0,0,0,0,0,0,0,0,261.37,0,0,0,0,0,6269,30,99.5237,0,19611,265.175
e1_span_400_static_r01,e1_span_400_static,99,102.27,198000,99,6,17624.9,43652.1,43652.1,31,52.026,42079.5,45345.6,1277,5235.91,44354.7,46647.5,389,459.471,42900.7,45501.2,3.05656,3746.65,109,42.811,135.323,179.728,188,101.597,225.233,501.855,2000,2000,5.00199,0,0,0,0,0,0,0,0,261.37,0,0,0,0,0,6083,20,99.6723,0,19799,265.215
e1_span_400_static_r01,e1_span_400_static,100,105.197,200000,100,11,29.695,20668.8,20668.8,26,10013.6,45298.6,46156.5,1259,3607.09,44379.1,47225.9,392,11306.8,44927.9,47516.1,2.51531,5809.96,110,55.781,184.775,260.539,201,114.757,351.299,840.5,1999,1999,5.00199,0,0,0,0,0,0,0,0,261.37,0,0,0,0,0,6052,46,99.2457,0,20000,265.255
e1_span_400_static_r02,e1_span_400_static,1,0.02064,2000,1,2,84.199,84.199,84.199,26,19.706,49.512,52.93,1258,20.162,72.868,87.523,405,140.182,193.05,287.87,98.9728,1.57388,122,15.01,66.396,99.834,198,37.721,88.037,187.429,2011,2011,1.00196,0,0,0,0,0,0,0,0,261.355,0,0,0,0,0,266,4072,6.13186,0,198,261.485
e1_span_400_static_r02,e1_span_400_static,2,0.0386679,4000,2,6,71.995,89.5,89.5,25,16.662,136.201,154.613,1272,52.781,132.981,153.404,375,144.192,236.05,264.561,92.1333,1.59392,101,13.685,64.967,73.488,219,37.728,110.029,150.062,1998,1998,1.00196,0,0,0,0,0,0,0,0,261.355,0,0,0,0,0,709,3210,18.0913,0,416,261.525
e1_span_400_static_r02,e1_span_400_static,3,0.0630579,6000,3,7,109.008,158.648,158.648,28,134.67,212.531,215.997,1217,86.193,209.834,249.478,424,177.84,293.657,344.81,87.4646,1.93068,102,14.04,64.019,82.135,222,39.241,102.776,122.48,2000,2000,1.00196,0,0,0,0,0,0,0,0,261.355,0,0,0,0,0,1082,3002,26.4936,0,635,261.564
e1_span_400_static_r02,e1_span_400_static,4,0.0934201,8000,4,9,16.137,337.5,337.5,24,142.947,287.461,310.046,1252,88.174,293.844,339.272,428,125.979,390.023,440.088,87.5491,2.08151,81,18.113,66.373,115.885,202,45.727,109.358,124.729,1996,1996,1.00196,0,0,0,0,0,0,0,0,261.355,0,0,0,0,0,1530,2628,36.7965,0,839,261.597
e1_span_400_static_r02,e1_span_400_static,5,0.136002,10000,5,5,14.227,421.375,421.375,26,14.84,388.561,412.934,1252,105.531,460.515,526.28,440,149.405,549.335,615.317,81.6523,2.95971,99,20.144,118.671,167.597,188,57.243,129.582,164.78,2010,2010,1.00196,0,0,0,0,0,0,0,0,261.355,0,0,0,0,0,1765,2224,44.2467,0,1028,261.633
e1_span_400_static_r02,e1_span_400_static,6,0.197535,12000,6,5,249.522,651.528,651.528,28,280.646,719.773,729.875,1285,37.421,763.36,901.337,396,210.413,904.148,1170.72,79.6035,4.50135,92,33.606,127.443,189.472,188,74.898,172.449,194.4,1994,1994,1.00196,0,0,0,0,0,0,0,0,261.355,0,0,0,0,0,1880,1838,50.5648,0,1217,261.668
e1_span_400_static_r02,e1_span_400_static,7,0.289236,14000,7,11,210.386,939.413,939.413,29,211.13,1030.29,1094.62,1263,195.475,1033.95,1156.39,381,340.897,1207.38,1404.11,76.6404,6.72874,96,38.77,165.877,251.799,211,93.349,235.094,302.138,1991,1991,1.00196,0,0,0,0,0,0,0,0,261.355,0,0,0,0,0,2049,1491,57.8814,0,1428,261.706
e1_span_400_static_r02,e1_span_400_static,8,0.385679,16000,8,8,260.148,1503.63,1503.63,26,278.475,1162.46,1184.17,1257,37.327,1248.18,1518.61,421,218.373,1347.39,1673.72,72.4299,6.97362,111,45.525,175.364,211.688,187,99.242,223.336,312.642,2010,2010,1.00196,0,0,0,0,0,0,0,0,261.355,0,0,0,0,0,2285,1357,62.7403,0,1614,261.746
e1_span_400_static_r02,e1_span_400_static,9,0.509581,18000,9,8,285.064,1406.09,1406.09,24,376.758,1529.69,1570.86,1256,277.173,1508.84,1647.27,388,476.081,1697.12,1817.01,71.3119,9.9463,111,54.639,174.035,269.903,203,103.951,233.116,312.321,1990,1990,1.00196,0,0,0,0,0,0,0,0,261.355,0,0,0,0,0,2320,1056,68.7204,0,1818,261.788
e1_span_400_static_r02,e1_span_400_static,10,0.648122,20000,10,5,1442.11,1447.34,1447.34,19,1387.53,1882.48,1882.48,1278,316.375,1654.11,1755,392,443.782,1825.8,1966.54,67.8418,10.8675,99,56.797,156.04,244.411,215,109.438,256.279,386.371,2008,2008,1.00196,0,0,0,0,0,0,0,0,261.355,0,0,0,0,0,2399,884,73.0734,0,2031,261.825
e1_span_400_static_r02,e1_span_400_static,11,0.793557,22000,11,3,385.927,1662.04,1662.04,20,372.798,1784.22,1784.22,1303,58.371,1791.71,1927.38,388,431.966,1984.06,2155.72,64.7964,12.5142,91,48.33,108.819,209.906,191,101.162,254.184,299.318,1996,1996,1.00196,0,0,0,0,0,0,0,0,261.355,0,0,0,0,0,2375,793,74.9684,0,2223,261.86
e1_span_400_static_r02,e1_span_400_static,12,0.960373,24000,12,5,1815.07,1937,1937,24,342.309,1939.3,2093.39,1255,316.88,2003.57,2163.32,385,424.023,2134.02,2368.8,64.839,13.5811,113,44.306,167.765,214.089,214,104.293,212.865,275.465,1996,1996,2.00197,0,0,0,0,0,0,0,0,261.355,0,0,0,0,0,2481,714,77.6526,0,2438,261.903
e1_span_400_static_r02,e1_span_400_static,13,1.1402,26000,13,5,1766.91,2218.93,2218.93,21,512.705,2090.24,2196.51,1251,435.25,2157.03,2346.04,402,519.574,2283.75,2392.29,56.9876,16.2554,104,48.549,229.038,265.495,216,109.039,258.475,306.944,1999,1999,2.00197,0,0,0,0,0,0,0,0,261.355,0,0,0,0,0,2526,613,80.4715,0,2654,261.943
e1_span_400_static_r02,e1_span_400_static,14,1.33609,28000,14,4,2347.85,2409.59,2409.59,31,535.701,2325.86,2359.88,1249,317.842,2386.43,2541.87,407,519.13,2575.55,2812.77,56.3219,17.582,102,49.302,159.472,211.787,213,104.719,200.831,249.91,2006,2006,2.00197,0,0,0,0,0,0,0,0,261.355,0,0,0,0,0,2616,518,83.4716,0,2864,261.982
e1_span_400_static_r02,e1_span_400_static,15,1.52555,30000,15,4,955.207,2611.81,2611.81,24,714.172,2681.49,2695.96,1262,46.334,2586.6,2768.86,393,260.935,2698.27,2846.12,52.6997,18.7031,113,52.122,231.819,294.345,200,111.486,259.799,291.68,1996,1996,2.00197,0,0,0,0,0,0,0,0,261.355,0,0,0,0,0,2580,443,85.3457,0,3067,262.023
e1_span_400_static_r02,e1_span_400_static,16,1.73362,32000,16,8,50.317,2874.23,2874.23,16,34.082,2969.91,2969.91,1324,32.682,2809.62,3132.43,378,475.636,3046.31,3378.2,53.4021,21.0371,96,52.823,159.484,220.751,176,107.05,228.425,373.581,1998,1998,2.00197,0,0,0,0,0,0,0,0,261.355,0,0,0,0,0,2488,434,85.1472,0,3243,262.059
e1_span_400_static_r02,e1_span_400_static,17,1.94905,34000,17,4,15.605,24.486,24.486,32,39.129,2888.8,2965.1,1266,30.702,3007.58,3286.36,420,218.485,3141.99,3292.13,52.981,20.757,95,49.71,182.434,265.063,189,111.535,217.971,310.155,2006,2006,2.00197,0,0,0,0,0,0,0,0,261.355,0,0,0,0,0,2707,414,86.735,0,3431,262.095
e1_span_400_static_r02,e1_span_400_static,18,2.20376,36000,18,5,3014.5,3223.27,3223.27,21,2792.14,3206.88,3232.16,1262,507.779,3175.88,3426.34,388,755.35,3397.32,3547.35,46.0825,29.6566,106,58.601,148.964,194.66,213,109.779,222.737,321.86,1995,1995,2.00197,0,0,0,0,0,0,0,0,261.355,0,0,0,0,0,2595,298,89.6993,0,3645,262.135
e1_span_400_static_r02,e1_span_400_static,19,2.45653,38000,19,6,775.291,3314.96,3314.96,30,37.012,3454.8,3599.8,1235,263.405,3337.18,3467.56,434,632.102,3496.34,3663.69,50.7627,25.9454,116,52.127,193.149,281.287,183,108.911,208.935,314.133,2004,2004,2.00197,0,0,0,0,0,0,0,0,261.355,0,0,0,0,0,2904,293,90.8352,0,3828,262.177
e1_span_400_static_r02,e1_span_400_static,20,2.75679,40000,20,10,60.761,3471.33,3471.33,22,25.182,4298.6,4474.85,1270,135.34,3577.86,4689.41,417,871.436,3743.66,3925.82,45.6547,34.5561,106,53.337,318.351,2939.43,193,111.492,344.877,6778.15,2018,2018,2.00197,0,0,0,0,0,0,0,0,261.355,0,0,0,0,0,2831,250,91.8858,0,4020,262.216
e1_span_400_static_r02,e1_span_400_static,21,3.12286,42000,21,9,54.079,3762.98,3762.98,27,1088.9,4153.11,7078.23,1249,55.623,6618.89,6995.35,395,403.836,7005.98,7334.33,46.281,41.9293,103,69.731,262.145,511.774,197,144.185,397.734,612.902,1980,1980,2.00197,0,0,0,0,0,0,0,0,261.355,0,0,0,0,0,2715,188,93.5239,0,4218,262.256
e1_span_400_static_r02,e1_span_400_static,22,3.53738,44000,22,5,68.908,7549.55,7549.55,28,50.294,3992.72,4103.07,1273,64.605,7229.35,7445.23,393,384.53,7316.76,7723.26,41.0509,49.3636,110,67.481,271.847,320.569,193,145.925,448.098,631.489,2002,2002,2.00197,0,0,0,0,0,0,0,0,261.355,0,0,0,0,0,2605,189,93.2355,0,4410,262.295
e1_span_400_static_r02,e1_span_400_static,23,3.90581,46000,23,3,11.739,35.256,35.256,35,30.105,7676.36,7729.44,1250,44.374,6267.57,7743.37,405,433.326,7261.98,8032.08,40.5259,49.3278,117,65.349,318.969,358.342,189,134.395,324.456,399.965,1999,1999,2.00197,0,0,0,0,0,0,0,0,261.355,0,0,0,0,0,2724,165,94.2887,0,4600,262.337
e1_span_400_static_r02,e1_span_400_static,24,4.2986,48000,24,6,42.826,4218.39,4218.39,22,62.009,7424.69,7799.94,1294,36.048,7649.53,8230.58,381,323.904,4735.31,8391.04,38.189,50.4841,102,72.731,292.305,357.908,192,151.384,434.867,532.127,1997,1997,2.00197,0,0,0,0,0,0,0,0,261.355,0,0,0,0,0,2624,179,93.614,0,4792,262.376
e1_span_400_static_r02,e1_span_400_static,25,4.72209,50000,25,1,3682.13,3682.13,3682.13,28,4292.61,4774.13,8371.08,1281,39.966,8302.01,8578.99,409,328.236,5200.91,8831.3,42.1443,47.4246,84,77.634,362.871,676.42,200,143.466,439.792,575.751,2003,2003,2.00197,0,0,0,0,0,0,0,0,261.355,0,0,0,0,0,2923,141,95.3982,0,4991,262.408
e1_span_400_static_r02,e1_span_400_static,26,5.01857,52000,26,3,1335.23,3776.08,3776.08,24,43.118,4952.59,5522.51,1300,23.791,4990.72,8887.2,414,206.675,5012.66,8999.98,37.9855,33.4062,81,63.544,321.556,6114.65,184,135.081,463.793,6395.87,2006,2006,2.00197,0,0,0,0,0,0,0,0,261.355,0,0,0,0,0,2793,117,95.9794,0,5176,262.44
e1_span_400_static_r02,e1_span_400_static,27,5.52653,54000,27,6,46.85,5004.37,5004.37,16,72.841,12659.7,12659.7,1287,1119.23,8179.44,9662.56,367,1238.27,8715.5,9894.35,37.248,68.7512,92,64.996,300.793,466.105,222,133.861,343.968,553.107,1990,1990,2.00197,0,0,0,0,0,0,0,0,261.355,0,0,0,0,0,2583,113,95.8086,0,5398,262.476
e1_span_400_static_r02,e1_span_400_static,28,5.97384,56000,28,8,26.642,58.691,58.691,33,1059.83,8403.47,10188.2,1252,54.779,5703.4,9888.77,404,404.624,5783.76,10261.6,31.1287,72.4337,108,64.948,232.124,312.892,194,124.142,288.477,443.814,1999,1999,2.00197,0,0,0,0,0,0,0,0,261.355,0,0,0,0,0,2805,120,95.8974,0,5592,262.516
e1_span_400_static_r02,e1_span_400_static,29,6.46107,58000,29,8,887.115,5582.11,5582.11,23,48.079,5759.16,10997.1,1282,58.428,5685.74,10444.6,399,401.599,5915.09,10454.8,34.9925,69.3783,102,66.076,319.593,448.957,198,141.269,354.828,476.931,2012,2012,2.00197,0,0,0,0,0,0,0,0,261.355,0,0,0,0,0,2789,94,96.7395,0,5788,262.555
e1_span_400_static_r02,e1_span_400_static,30,7.00285,60000,30,7,15.119,5807.38,5807.38,26,58.157,5914.04,5991.3,1261,58.293,5948.68,10828.5,407,373.19,6207.56,10990.5,31.6437,88.5648,105,77.582,293.378,348.57,190,152.989,355.995,490.619,1996,1996,2.00197,0,0,0,0,0,0,0,0,261.355,0,0,0,0,0,2779,90,96.863,0,5979,262.594
e1_span_400_static_r02,e1_span_400_static,31,7.5552,62000,31,6,45.842,5909.76,5909.76,22,53.565,5987.88,5992.93,1270,39.893,6154.61,11263.2,404,925.79,6449.19,11476.3,29.0668,112.231,111,74.26,267.855,330.875,186,147.165,376.941,489.683,1999,1999,2.00197,0,0,0,0,0,0,0,0,261.355,0,0,0,0,0,2897,106,96.4702,0,6165,262.633
e1_span_400_static_r02,e1_span_400_static,32,8.15112,64000,32,6,6063.11,6271.51,6271.51,23,40.981,6396.65,9712.15,1290,54.946,11283.4,11872.2,372,415.781,11591.9,12156,29.3253,105.348,88,78.584,367.706,484.956,214,143.17,392.585,462.581,1993,1993,2.00197,0,0,0,0,0,0,0,0,261.355,0,0,0,0,0,2586,97,96.3846,0,6380,262.668
e1_span_400_static_r02,e1_span_400_static,33,8.76244,66000,33,8,49.537,6671,6671,21,378.317,6553.75,6554.74,1252,43.073,6746.56,12171.9,431,342.031,7115.99,12415.5,28.7889,103.619,100,82.174,322.174,418.821,189,145.519,345.173,530.122,2001,2001,2.00197,0,0,0,0,0,0,0,0,261.355,0,0,0,0,0,3128,103,96.8121,0,6569,262.705
e1_span_400_static_r02,e1_span_400_static,34,9.38909,68000,34,7,29.515,6842.48,6842.48,18,772.795,12655.3,12655.3,1291,40.894,7870.62,12855.1,400,669.465,7239.43,13032.6,30.6525,108.109,91,65.142,247.988,416.467,198,139.693,372.042,475.035,2005,2005,2.00197,0,0,0,0,0,0,0,0,261.355,0,0,0,0,0,2879,78,97.3622,0,6767,262.742
e1_span_400_static_r02,e1_span_400_static,35,9.87193,70000,35,6,1791.25,6827.8,6827.8,36,1719.31,8772.78,10503.5,1256,32.186,7171.65,12331.6,406,285.517,7400.9,12947,25.6108,90.8042,114,64.634,250.02,296.177,177,126.429,330.224,521.868,1995,1995,2.00197,0,0,0,0,0,0,0,0,261.355,0,0,0,0,0,3026,103,96.7082,0,6944,262.781
e1_span_400_static_r02,e1_span_400_static,36,10.4648,72000,36,5,16.632,6125.09,6125.09,22,64.132,7252.62,7288.04,1288,39.146,10717.5,13716.1,393,321.864,13021.6,14151,20.0585,150.087,84,64.175,236.068,422.191,206,133.488,331.983,399.579,1998,1998,2.00197,0,0,0,0,0,0,0,0,261.355,0,0,0,0,0,2906,50,98.3085,0,7150,262.815
e1_span_400_static_r02,e1_span_400_static,37,11.0385,74000,37,7,225.637,7481.59,7481.59,25,46.025,8195.77,14274.8,1246,512.002,7775.7,14176.4,409,395.376,7821.89,14390.6,23.4156,121.204,105,54.618,188.608,264.911,208,116.598,254.041,383.675,2000,2000,2.00197,0,0,0,0,0,0,0,0,261.355,0,0,0,0,0,3067,78,97.5199,0,7358,262.855
e1_span_400_static_r02,e1_span_400_static,38,11.6108,76000,38,9,20.739,7824.02,7824.02,21,365.59,7883.46,7993.41,1278,35.998,7968.06,14670.5,389,243.308,8120.22,14923.2,21.0591,134.761,108,66.241,251.128,289.16,202,125.023,343.423,413.695,2007,2007,3.00198,0,0,0,0,0,0,0,0,261.355,0,0,0,0,0,3038,63,97.9684,0,7558,262.896
e1_span_400_static_r02,e1_span_400_static,39,12.3884,78000,39,4,8023.93,8223.47,8223.47,18,746.457,8343.6,8343.6,1223,312.119,8295.93,15138.5,426,575.375,8534.93,15353.6,19.2324,208.172,101,65.415,310.769,383.023,229,148.74,373.454,445.381,2001,2001,3.00198,0,0,0,0,0,0,0,0,261.355,0,0,0,0,0,3253,90,97.3078,0,7787,262.935
e1_span_400_static_r02,e1_span_400_static,40,13.2003,80000,40,6,8242.83,15776.7,15776.7,33,210.23,8703.24,16183.8,1260,348.538,8669.82,15364.1,370,650.428,8910.25,16189.1,21.3838,193.405,110,74.065,263.883,371.616,213,141.523,397.196,480.368,1992,1992,3.00198,0,0,0,0,0,0,0,0,261.355,0,0,0,0,0,2902,55,98.14,0,8002,262.976
e1_span_400_static_r02,e1_span_400_static,41,14.0203,82000,41,7,28.282,9791.47,9791.47,17,38.605,9181.85,9181.85,1289,244.713,9011.7,16382.2,392,827.038,9254.17,16241.7,19.324,219.76,94,65.512,261.119,364.094,203,130.268,297.158,355.934,2002,2002,3.00198,0,0,0,0,0,0,0,0,261.355,0,0,0,0,0,3161,68,97.8941,0,8203,263.012
e1_span_400_static_r02,e1_span_400_static,42,14.7376,84000,42,7,42.211,8963.68,8963.68,25,50.53,9142.14,9250,1292,23.398,9199.47,16973,406,250.878,9405.08,17197.2,21.3153,168.766,94,77.98,309.492,393.05,177,138.944,386.461,520.81,2001,2001,3.00198,0,0,0,0,0,0,0,0,261.355,0,0,0,0,0,3271,55,98.3464,0,8381,263.047
e1_span_400_static_r02,e1_span_400_static,43,15.5348,86000,43,6,9358.83,9898.6,9898.6,27,38.18,9545.72,17345.3,1316,29.295,9524.9,17371.4,378,338.107,9775.17,17590.3,18.1614,222.111,86,75.193,326.645,402.248,186,143.551,415.332,482.92,1999,1999,3.00198,0,0,0,0,0,0,0,0,261.355,0,0,0,0,0,3068,61,98.0505,0,8568,263.08
e1_span_400_static_r02,e1_span_400_static,44,16.4603,88000,44,2,9451.57,9451.57,9451.57,20,9472.31,18915.3,18915.3,1287,55.077,9914.83,18067.8,388,421.343,10092.7,18433.8,17.268,261.887,102,65.093,228.245,412.728,206,140.634,397.825,511.482,2005,2005,3.00198,0,0,0,0,0,0,0,0,261.355,0,0,0,0,0,3510,55,98.4572,0,8771,263.119
e1_span_400_static_r02,e1_span_400_static,45,17.4153,90000,45,8,8481.74,10083.2,10083.2,22,6721,10159.9,10174.1,1264,345.407,10549.1,18590.6,387,383.013,10412,18334,17.4289,237.954,98,76.728,351.382,442.531,214,141.051,345.079,471.812,1993,1993,3.00198,0,0,0,0,0,0,0,0,261.355,0,0,0,0,0,3413,62,98.2158,0,8988,263.157
e1_span_400_static_r02,e1_span_400_static,46,18.3807,92000,46,9,38.917,10300.7,10300.7,32,10101.5,11379.4,19434.4,1237,38.87,11572,19581.2,424,568.716,11195.8,19820.2,17.7241,282.495,93,72.344,295.709,473.776,211,140.913,383.505,469.538,2006,2006,3.00198,0,0,0,0,0,0,0,0,261.355,0,0,0,0,0,3527,66,98.1631,0,9199,263.193
e1_span_400_static_r02,e1_span_400_static,47,19.4599,94000,47,9,17.769,10984.9,10984.9,28,398.508,19904.7,20393.8,1262,709.039,16251.7,20704.2,397,429.73,11477.4,20613.7,14.2922,344.726,81,64.509,251.03,343.016,218,132.481,336.351,385.841,1995,1995,3.00198,0,0,0,0,0,0,0,0,261.355,0,0,0,0,0,3359,58,98.3026,0,9416,263.226
e1_span_400_static_r02,e1_span_400_static,48,20.3392,96000,48,9,306.281,12023.7,12023.7,22,33.969,11627.9,12201,1290,19.626,11558.3,20486.1,387,235.438,11680.8,20726.4,14.845,275.605,106,64.565,264.118,7245.78,186,138.437,439.676,516.836,2000,2000,3.00198,0,0,0,0,0,0,0,0,261.355,0,0,0,0,0,3370,53,98.4517,0,9602,263.265
e1_span_400_static_r02,e1_span_400_static,49,21.3687,98000,49,5,38.362,530.479,530.479,18,41.114,11679.3,11679.3,1245,43.581,11795.6,21416.7,434,275.196,11821.2,19382.1,15.6866,279.889,98,69.497,291.051,450.606,198,135.09,363.817,465.266,1998,1998,3.00198,0,0,0,0,0,0,0,0,261.355,0,0,0,0,0,4006,46,98.8648,0,9801,263.303
e1_span_400_static_r02,e1_span_400_static,50,22.42,100000,50,10,11730.4,12071.9,12071.9,23,45.557,12032.7,14464.4,1248,24.387,12134.7,22083.3,414,463.085,12315,21960.4,14.7681,378.603,101,67.935,284.547,343.195,204,142.122,364.058,461.183,2000,2000,3.00198,0,0,0,0,0,0,0,0,261.355,0,0,0,0,0,3995,64,98.4233,0,10005,263.341
e1_span_400_static_r02,e1_span_400_static,51,23.473,102000,51,6,10524.2,20866,20866,25,43.037,12750.2,22442.6,1303,24.91,12529.7,22596.5,391,283.64,12573.9,22802.6,13.5806,362.168,78,64.437,323.783,657.447,198,139.147,435.161,658.315,2001,2001,3.00198,0,0,0,0,0,0,0,0,261.355,0,0,0,0,0,3682,37,99.0051,0,10203,263.372
e1_span_400_static_r02,e1_span_400_static,52,24.668,104000,52,8,10154.7,12605.6,12605.6,27,46.239,12848.8,12890.3,1271,311.683,12690.2,22510.7,422,624.217,12946.8,22836.4,12.6777,463.882,94,66.223,269.106,412.884,194,137.792,361.146,476.472,2016,2016,3.00198,0,0,0,0,0,0,0,0,261.355,0,0,0,0,0,3877,53,98.6514,0,10397,263.409
e1_span_400_static_r02,e1_span_400_static,53,25.7812,106000,53,7,26.953,45.694,45.694,35,668.314,12951.2,13415.3,1283,30.304,13230.7,23459.5,374,357.848,13357.9,26240.8,12.6016,428.913,98,68.741,219.999,314.909,188,131.65,345.633,458.319,1985,1985,3.00198,0,0,0,0,0,0,0,0,261.355,0,0,0,0,0,3884,60,98.4787,0,10585,263.445
e1_span_400_static_r02,e1_span_400_static,54,26.9215,108000,54,5,292.264,13150.6,13150.6,31,41.903,13292.4,13407.1,1270,20.417,13747.9,24145.9,422,345.979,13712.2,24348.2,12.6114,439.465,92,74.45,341.131,478.19,185,139.808,364.43,466.761,2005,2005,3.00198,0,0,0,0,0,0,0,0,261.355,0,0,0,0,0,4026,39,99.0406,0,10767,263.48
e1_span_400_static_r02,e1_span_400_static,55,28.075,110000,55,7,27.638,13608.3,13608.3,22,41.034,13502.9,13548.5,1348,27.734,13674.4,24821,361,296.459,13887.9,25188.2,11.59,448.922,96,67.789,223.405,337.831,161,130.799,266.894,326.068,1995,1995,3.00198,0,0,0,0,0,0,0,0,261.355,0,0,0,0,0,3539,47,98.6893,0,10931,263.515
e1_span_400_static_r02,e1_span_400_static,56,29.3491,112000,56,4,13833.9,14681.9,14681.9,30,43.358,25332.6,25395.1,1256,34.384,14185.9,25351.2,425,553.926,14254.7,25557,12.2306,524.842,89,67.452,262.118,362.967,201,140.26,361.904,440.173,2005,2005,3.00198,0,0,0,0,0,0,0,0,261.355,0,0,0,0,0,4315,56,98.7188,0,11130,263.549
e1_span_400_static_r02,e1_span_400_static,57,30.564,114000,57,3,7401.04,14024.3,14024.3,28,29.159,14346.7,14404.2,1274,35.399,14359.1,25834.9,398,465.799,14603.1,22690.8,11.1935,530.419,82,73.576,334.175,2783.61,209,140.868,391.584,450.669,1994,1994,3.00198,0,0,0,0,0,0,0,0,261.355,0,0,0,0,0,3916,43,98.9139,0,11341,263.583
e1_span_400_static_r02,e1_span_400_static,58,31.8427,116000,58,8,12421.5,15034.4,15034.4,10,1169.91,14584.3,14584.3,1304,244.087,14978.2,26210.2,378,1150.35,15164.4,26973.9,9.54497,716.193,92,67.985,332.504,521.274,214,132.455,340.891,475.096,2006,2006,3.00198,0,0,0,0,0,0,0,0,261.355,0,0,0,0,0,3620,30,99.1781,0,11554,263.619
e1_span_400_static_r02,e1_span_400_static,59,33.1507,118000,59,5,14839.9,17824.7,17824.7,27,7072.46,27337.5,27338.7,1276,19.128,19593.2,27191.3,380,681.452,24767.8,27550.7,10.7263,624.221,106,68.157,283.766,365.471,205,136.682,325.569,997.551,1999,1999,3.00198,0,0,0,0,0,0,0,0,261.355,0,0,0,0,0,4000,45,98.8875,0,11759,263.659
e1_span_400_static_r02,e1_span_400_static,60,34.3753,120000,60,7,8207.9,27720.4,27720.4,30,48.981,15362.7,15459.4,1234,191.179,15750.7,27769,431,2899.33,16239.3,27885.7,9.72854,645.984,96,69.534,336.749,729.567,197,136.266,333.76,401.915,1995,1995,3.00198,0,0,0,0,0,0,0,0,261.355,0,0,0,0,0,4596,49,98.9451,0,11957,263.696
e1_span_400_static_r02,e1_span_400_static,61,35.7847,122000,61,4,8422.22,15630.5,15630.5,30,72.501,15775.2,15820.4,1287,43.583,17091.3,28593.3,381,635.36,17193,28371.3,10.3491,650.762,105,65.345,305.996,406.914,197,139.502,396.584,493.888,2004,2004,3.00198,0,0,0,0,0,0,0,0,261.355,0,0,0,0,0,3873,42,98.9272,0,12153,263.735
e1_span_400_static_r02,e1_span_400_static,62,37.326,124000,62,6,6471.35,16419.7,16419.7,23,3268.96,16546.4,28332.1,1267,232.78,16617.1,29021,403,890.496,17160,29283.1,8.3598,942.704,101,67.079,237.572,476.784,202,138.693,438.71,532.558,2002,2002,3.00198,0,0,0,0,0,0,0,0,261.355,0,0,0,0,0,4323,44,98.9924,0,12356,263.773
e1_span_400_static_r02,e1_span_400_static,63,38.7346,126000,63,3,13.561,15884,15884,33,5920.22,16737.5,28652.7,1252,152.076,19718,28950.6,402,562.871,17064.9,29164.5,7.74627,818.343,101,63.482,213.709,387.676,202,132.725,297.19,420.468,1993,1993,3.00198,0,0,0,0,0,0,0,0,261.355,0,0,0,0,0,4396,41,99.076,0,12558,263.811
e1_span_400_static_r02,e1_span_400_static,64,39.8558,128000,64,9,10.031,28839.5,28839.5,27,4018.52,28759.6,30662.1,1268,16.119,17178.6,28764.4,408,348.315,17470.7,29038.7,9.77451,557.439,106,62.559,197.412,279.136,188,123.03,292.173,383.086,2006,2006,3.00198,0,0,0,0,0,0,0,0,261.355,0,0,0,0,0,4696,57,98.8008,0,12744,263.851
e1_span_400_static_r02,e1_span_400_static,65,41.1574,130000,65,7,6007.83,17092.3,17092.3,24,4207.83,17367,28710.5,1257,154.457,19303.9,30485,381,466.949,19192.2,29636,7.00787,922.445,111,53.015,219.847,333.019,218,121.757,281.146,404.532,1998,1998,4.00198,0,0,0,0,0,0,0,0,261.355,0,0,0,0,0,4157,38,99.0942,0,12962,263.893
e1_span_400_static_r02,e1_span_400_static,66,42.3807,132000,66,7,36.708,18186.1,18186.1,23,3599.8,17868.7,21052.5,1272,17.295,18017,28716.1,398,372.373,18213.3,28698.2,7.30151,824.821,94,63.166,212.151,347.024,202,124.528,288.732,364.107,1996,1996,4.00198,0,0,0,0,0,0,0,0,261.355,0,0,0,0,0,4549,47,98.9774,0,13166,263.929
e1_span_400_static_r02,e1_span_400_static,67,43.7574,134000,67,4,4402.59,4533.25,4533.25,24,4369.01,18462.6,27591.1,1283,1613.64,18393.7,31767.2,397,4354.98,18674.4,32415.6,7.94207,891.297,94,63.137,205.506,336.508,202,123.404,262.344,292.736,2004,2004,4.00198,0,0,0,0,0,0,0,0,261.355,0,0,0,0,0,4344,46,98.9522,0,13367,263.965
e1_span_400_static_r02,e1_span_400_static,68,45.1258,136000,68,6,11138.5,19354.5,19354.5,19,33.37,18841.5,18841.5,1256,23.683,18898.3,33686.7,419,4309.79,19091.4,29730.5,7.21957,944.759,105,63.247,187.674,431.942,195,122.246,331.611,422.695,2000,2000,4.00198,0,0,0,0,0,0,0,0,261.355,0,0,0,0,0,5122,57,98.8994,0,13561,264.004
e1_span_400_static_r02,e1_span_400_static,69,46.3798,138000,69,6,41.116,29938.1,29938.1,22,37.838,21129.8,33650.6,1300,14.924,19457.7,30717.8,402,423.805,19913.6,30603,6.21144,947.4,85,62.814,236.883,349.746,187,131.01,313.725,384.126,2002,2002,4.00198,0,0,0,0,0,0,0,0,261.355,0,0,0,0,0,4675,44,99.0676,0,13749,264.038
e1_span_400_static_r02,e1_span_400_static,70,47.8108,140000,70,11,33.379,19625.4,19625.4,24,43.617,15581.6,19591,1240,46.631,19750.1,33356.6,424,1577.55,20301.6,34239.4,6.07075,1179.34,89,54.993,185.778,255.849,206,122.278,223.723,355.262,1994,1994,4.00198,0,0,0,0,0,0,0,0,261.355,0,0,0,0,0,5185,46,99.1206,0,13956,264.073
e1_span_400_static_r02,e1_span_400_static,71,49.4377,142000,71,10,20.255,19825.9,19825.9,21,13177.9,20137,34259.6,1280,40.534,25213.7,35540.9,394,1280.89,23796.3,36016.5,7.40102,1050.9,92,54.401,174.563,333.442,204,116.478,254.389,335.996,2001,2001,4.00198,0,0,0,0,0,0,0,0,261.355,0,0,0,0,0,4847,46,99.0599,0,14160,264.11
e1_span_400_static_r02,e1_span_400_static,72,50.9161,144000,72,13,35.513,20610,20610,31,51.773,20405.3,36620.8,1261,82.554,20495.6,29271.4,412,809.299,20705,35984.9,6.75728,1080.14,85,53.658,196.823,6863.75,198,123.552,242.219,304.138,2000,2000,4.00198,0,0,0,0,0,0,0,0,261.355,0,0,0,0,0,5063,36,99.294,0,14357,264.143
e1_span_400_static_r02,e1_span_400_static,73,52.4718,146000,73,4,18158.3,18373.7,18373.7,30,43.288,29984.3,36009.2,1255,18.71,21035.4,35469.6,405,719.702,21202.5,33523.1,5.59753,1363.02,96,62.283,214.23,403.961,209,122.459,352.41,577.779,1999,1999,4.00198,0,0,0,0,0,0,0,0,261.355,0,0,0,0,0,4680,21,99.5533,0,14567,264.18
e1_span_400_static_r02,e1_span_400_static,74,54.0381,148000,74,8,8.504,7662.43,7662.43,23,37.466,29404.7,32007.6,1254,35.952,21518.4,36108.7,420,481.164,21739.2,34732.9,6.3,1116.92,109,64.081,250.305,347.278,189,122.014,400.257,514.992,2003,2003,4.00198,0,0,0,0,0,0,0,0,261.355,0,0,0,0,0,5681,49,99.1449,0,14755,264.22
e1_span_400_static_r02,e1_span_400_static,75,55.5433,150000,75,3,3589.53,21801.2,21801.2,25,2127.93,37575.5,39027.9,1263,17.284,21993.1,33886,423,727.751,22125,32654.2,4.93853,1499.24,80,56.166,160.208,347.002,218,119.337,259.513,330.021,2012,2012,4.00198,0,0,0,0,0,0,0,0,261.355,0,0,0,0,0,5283,39,99.2672,0,14974,264.254
e1_span_400_static_r02,e1_span_400_static,76,57.0008,152000,76,2,5432.6,5432.6,5432.6,25,321.811,31250.4,39271.3,1286,18.795,22239,31171,415,636.072,22433.2,25025.6,4.75663,1448.12,89,58.413,190.32,249.565,173,110.618,267.156,341.975,1990,1990,4.00198,0,0,0,0,0,0,0,0,261.355,0,0,0,0,0,5164,47,99.0981,0,15146,264.287
e1_span_400_static_r02,e1_span_400_static,77,58.7887,154000,77,4,16141,22615.4,22615.4,22,5238.9,22675.3,22900.8,1273,5185.54,22795.1,34039.7,377,3496,22954.7,32544,6.24403,1231.84,91,63.757,215.437,357.271,229,120.334,270.296,380.161,1996,1996,4.00198,0,0,0,0,0,0,0,0,261.355,0,0,0,0,0,4817,45,99.0745,0,15376,264.324
e1_span_400_static_r02,e1_span_400_static,78,60.3047,156000,78,7,24.879,6691.97,6691.97,32,44.983,22988.9,23002.6,1288,16.824,23153.5,36341.8,379,3405.88,23458.7,34950.9,5.32982,1473.49,101,56.773,191.849,322.831,192,119.683,297.458,684.827,1999,1999,4.00198,0,0,0,0,0,0,0,0,261.355,0,0,0,0,0,4696,24,99.4915,0,15568,264.362
e1_span_400_static_r02,e1_span_400_static,79,62.2279,158000,79,4,16.407,5724.8,5724.8,35,5345.21,34472.6,35310.4,1270,460.723,26619.5,38650.4,395,4915.93,24866.8,37041.3,4.11646,2335.48,97,57.528,211.289,309.081,203,119.369,248.519,388.155,2004,2004,4.00198,0,0,0,0,0,0,0,0,261.355,0,0,0,0,0,5586,42,99.2537,0,15770,264.4
e1_span_400_static_r02,e1_span_400_static,80,63.9555,160000,80,10,6638.23,42024.8,42024.8,23,5571.43,23909.3,24092.2,1238,5313,24221.9,38973.6,392,5475.74,24537.4,38923.6,4.54847,1890.75,107,61.269,163.914,205.757,226,110.603,235.324,315.134,1996,1996,4.00198,0,0,0,0,0,0,0,0,261.355,0,0,0,0,0,5463,38,99.3092,0,15997,264.442
e1_span_400_static_r02,e1_span_400_static,81,65.5944,162000,81,5,20921.5,27267.2,27267.2,39,5666.6,30330.8,41884.3,1284,19.332,24762.2,38743.8,387,441.454,25022.2,37827.7,4.97158,1596.17,86,58.201,249.834,288.794,202,122.468,278.316,355.874,2003,2003,4.00198,0,0,0,0,0,0,0,0,261.355,0,0,0,0,0,5420,40,99.2674,0,16199,264.476
e1_span_400_static_r02,e1_span_400_static,82,67.446,164000,82,7,25.499,35908.7,35908.7,23,50.21,35719.5,38409.4,1253,59.277,25296,38351.2,418,5801.7,25530.9,32268.1,3.61005,2458.07,98,53.934,220.745,371.564,202,133.545,317.543,415.166,2001,2001,4.00198,0,0,0,0,0,0,0,0,261.355,0,0,0,0,0,5765,40,99.3109,0,16400,264.513
e1_span_400_static_r02,e1_span_400_static,83,69.594,166000,83,11,8404.21,25377.6,25377.6,26,16991.8,25646.7,26558.8,1267,20.823,26117.5,41785.4,402,5810.87,27232.3,42191.6,4.36318,2547.6,111,65.624,168.395,282.157,188,123.139,270.618,431.152,2005,2005,4.00198,0,0,0,0,0,0,0,0,261.355,0,0,0,0,0,6055,43,99.2949,0,16588,264.553
e1_span_400_static_r02,e1_span_400_static,84,71.3342,168000,84,4,25169.9,25826.2,25826.2,26,53.113,26140,35705.1,1236,20.151,26108.3,35591.1,413,1618.84,26314,33236.3,3.76513,2343.35,108,57.942,183.334,230.397,207,116.479,220.093,342.168,1994,1994,4.00198,0,0,0,0,0,0,0,0,261.355,0,0,0,0,0,5973,48,99.2028,0,16796,264.594
e1_span_400_static_r02,e1_span_400_static,85,73.1684,170000,85,5,44.065,17930.7,17930.7,39,1363.64,27161.7,37146.1,1252,20.219,26746.2,42707.2,406,465.4,26732.5,37630.7,3.64286,2266.72,104,54.188,177.711,205.646,193,119.108,250.132,336.734,1999,1999,4.00198,0,0,0,0,0,0,0,0,261.355,0,0,0,0,0,5885,33,99.4424,0,16989,264.633
e1_span_400_static_r02,e1_span_400_static,86,74.8973,172000,86,7,24.211,26728.4,26728.4,33,3482.39,27286.6,27508.6,1231,16.688,27295.9,37762.2,429,434.75,27503.5,37107,4.56876,1827.79,95,58.843,176.828,272.995,203,117.552,310.014,403.19,1998,1998,4.00198,0,0,0,0,0,0,0,0,261.355,0,0,0,0,0,5885,28,99.5265,0,17192,264.67
e1_span_400_static_r02,e1_span_400_static,87,77.2273,174000,87,6,33.153,34711.4,34711.4,25,6531.38,40107.4,50484.4,1268,3024.75,36974.2,49825.2,395,5789.91,35821,45057.6,3.78734,2950.02,106,57.543,151.283,206.461,203,113.086,255.222,911.002,2003,2003,4.00198,0,0,0,0,0,0,0,0,261.355,0,0,0,0,0,5476,33,99.401,0,17393,264.71
e1_span_400_static_r02,e1_span_400_static,88,79.6483,176000,88,4,38.685,56.097,56.097,27,51.627,26387,37420.4,1277,18.55,37391.6,49915.2,388,3918.91,38234.6,44135.3,3.19588,3888.55,99,49.488,243.001,1158.6,202,116.414,337.895,1020.03,1997,1997,4.00198,0,0,0,0,0,0,0,0,261.355,0,0,0,0,0,5790,27,99.5358,0,17597,264.748
e1_span_400_static_r02,e1_span_400_static,89,81.848,178000,89,2,43472.5,43472.5,43472.5,22,11020.7,36026.8,36638.5,1250,17.471,37026.6,41961.8,413,845.268,37616.5,41734.7,3.954,2857.28,112,53.153,218.023,1605.22,203,122.277,577.691,1558.55,2002,2002,5.00199,0,0,0,0,0,0,0,0,261.355,0,0,0,0,0,6477,45,99.31,0,17799,264.789
e1_span_400_static_r02,e1_span_400_static,90,84.441,180000,90,4,25339.2,31773.6,31773.6,28,2685.61,38786.2,40863.8,1296,1989.35,38573.5,50260.1,359,2406.24,39000.8,42314.1,2.88858,4258.67,109,55.803,260.365,573.953,205,113.512,405.982,1420.25,2001,2001,5.00199,0,0,0,0,0,0,0,0,261.355,0,0,0,0,0,5662,34,99.4031,0,18005,264.831
e1_span_400_static_r02,e1_span_400_static,91,86.702,182000,91,2,54.397,54.397,54.397,26,51.501,36219.2,44023.1,1305,14.975,38561.6,44000,362,855.751,38903.5,46281.6,2.41713,4816.88,114,54.252,325.241,418.036,190,114.169,265.377,661.598,1999,1999,5.00199,0,0,0,0,0,0,0,0,261.355,0,0,0,0,0,5528,34,99.3887,0,18194,264.872
e1_span_400_static_r02,e1_span_400_static,92,89.2484,184000,92,8,20394.3,35751.4,35751.4,30,5275.23,37401.3,39714,1259,27.176,38500,48477.1,372,588.231,41748.6,48753.3,3.42204,3638.1,120,49.403,222.49,447.344,210,111.696,377.072,1460.93,1999,1999,5.00199,0,0,0,0,0,0,0,0,261.355,0,0,0,0,0,5401,28,99.4843,0,18404,264.916
e1_span_400_static_r02,e1_span_400_static,93,91.5242,186000,93,5,31600.1,33737.1,33737.1,25,59.695,30042,31408.9,1233,2376.86,38620.5,42134.1,421,4123.45,38085.4,41683.5,3,3545.57,97,43.556,167.148,290.744,226,118.522,398.759,981.351,2007,2007,5.00199,0,0,0,0,0,0,0,0,261.355,0,0,0,0,0,6131,45,99.2714,0,18629,264.954
e1_span_400_static_r02,e1_span_400_static,94,93.733,188000,94,6,22402.8,41880.9,41880.9,22,56.819,40496.3,41619.2,1303,15.16,39835.4,43660.7,373,395.484,39533.1,48277.4,3.58981,2868.88,107,55.825,182.079,435.273,184,109.739,315.344,1234.49,1995,1995,5.00199,0,0,0,0,0,0,0,0,261.355,0,0,0,0,0,5695,29,99.4934,0,18815,264.994
e1_span_400_static_r02,e1_span_400_static,95,96.4248,190000,95,7,26903.3,39715.6,39715.6,17,72.19,26985.1,26985.1,1260,8753.66,41010.9,43790.4,403,7498.04,40979,44107,2.54342,4994.54,96,51.314,155.367,1731.37,214,115.66,331.039,1784.49,1997,1997,5.00199,0,0,0,0,0,0,0,0,261.355,0,0,0,0,0,6197,35,99.4384,0,19029,265.031
e1_span_400_static_r02,e1_span_400_static,96,98.3985,192000,96,10,51.329,28606.3,28606.3,35,883.079,44973.8,50130.5,1288,14.576,39476.3,43848.4,373,259.668,38727.2,43108.3,2.84987,2975.92,117,36.367,146.939,309.474,178,91.083,499.959,1477.52,2001,2001,5.00199,0,0,0,0,0,0,0,0,261.355,0,0,0,0,0,5708,33,99.4252,0,19207,265.073
e1_span_400_static_r02,e1_span_400_static,97,100.801,194000,97,6,25266.8,40215.2,40215.2,24,9340.26,36864.2,41206.2,1275,20.691,42680.8,48512.3,415,326.15,41641.6,44304.7,3.34217,2969.77,94,44.62,154.805,764.275,186,107.535,287.015,808.784,2000,2000,5.00199,0,0,0,0,0,0,0,0,261.355,0,0,0,0,0,6004,40,99.3382,0,19393,265.109
e1_span_400_static_r02,e1_span_400_static,98,103.444,196000,98,2,11774.3,11774.3,11774.3,34,13661.3,42994.7,47395.3,1186,10784.6,42970.6,49974.3,438,11105.9,43664,57052.8,3.5411,3805.6,122,46.018,180.488,318.611,218,102.967,351.79,932.357,2000,2000,5.00199,0,0,0,0,0,0,0,0,261.355,0,0,0,0,0,6249,41,99.3482,0,19611,265.154
e1_span_400_static_r02,e1_span_400_static,99,106.36,198000,99,6,27956.8,41873.4,41873.4,31,805.518,44353.5,52252.5,1276,437.793,43504,57510.7,389,631.275,43371.6,53484,3.05656,4221.6,109,55.102,239.538,1158.78,188,119.861,459.767,2636.44,1999,1999,5.00199,0,0,0,0,0,0,0,0,261.355,0,0,0,0,0,6069,22,99.6388,0,19799,265.194
e1_span_400_static_r02,e1_span_400_static,100,108.966,200000,100,11,28.262,43640.4,43640.4,26,73.749,44831.1,44965.2,1260,23.583,43591.5,47169.5,392,644.783,43468.9,51672.7,2.51531,4935.51,110,46.016,152.475,207.841,201,109.379,424.317,1815.97,2000,2000,5.00199,0,0,0,0,0,0,0,0,261.355,0,0,0,0,0,6021,45,99.2582,0,20000,265.235
e1_span_400_static_r03,e1_span_400_static,1,0.0281501,2000,1,2,84.145,84.145,84.145,26,24.434,72.547,85.038,1257,22.074,80.872,97.499,404,151.82,211.297,3273.19,98.9703,2.83032,122,16.389,72.421,105.894,198,39.873,105.044,337.177,2009,2009,1.00196,0,0,0,0,0,0,0,0,261.386,0,0,0,0,0,268,4064,6.18652,0,198,261.516
e1_span_400_static_r03,e1_span_400_static,2,0.0484592,4000,2,6,68.409,92.611,92.611,25,25.438,136.789,154.153,1273,58.217,150.882,169.122,376,153.642,246.25,259.399,92.1543,1.75062,101,15.543,73.372,113.725,219,41.139,116.221,157.221,2000,2000,1.00196,0,0,0,0,0,0,0,0,261.386,0,0,0,0,0,717,3214,18.2396,0,416,261.555
e1_span_400_static_r03,e1_span_400_static,3,0.0770611,6000,3,7,197.157,230.208,230.208,27,23.474,220.324,224.161,1216,97.992,245.25,287.442,423,210.81,330.94,380.152,87.435,2.22613,102,16.697,77.804,109.021,220,44.173,99.91,136.03,1995,1995,1.00196,0,0,0,0,0,0,0,0,261.386,0,0,0,0,0,1085,3005,26.5281,0,636,261.594
e1_span_400_static_r03,e1_span_400_static,4,0.115463,8000,4,9,74.939,465.404,465.404,25,174.104,361.599,378.045,1253,83.908,379.607,438.555,428,160.86,480.309,558.456,87.7383,2.61357,81,21.529,94.889,136.368,203,55.276,151.037,169.454,1999,1999,1.00196,0,0,0,0,0,0,0,0,261.386,0,0,0,0,0,1531,2624,36.8472,0,840,261.627
e1_span_400_static_r03,e1_span_400_static,5,0.173061,10000,5,5,355.295,483.745,483.745,26,20.45,464.155,506.517,1252,86.011,624.462,787.039,441,208.324,764.493,898.468,81.5102,4.18264,99,29.109,173.999,211.793,188,69.638,195.905,249.044,2011,2011,1.00196,0,0,0,0,0,0,0,0,261.386,0,0,0,0,0,1769,2224,44.3025,0,1028,261.664
e1_span_400_static_r03,e1_span_400_static,6,0.265851,12000,6,5,747.235,859.577,859.577,28,446.504,1129.46,1499.63,1285,95.38,955.204,1349.15,397,356.888,1181.79,1586.99,79.6549,6.79417,92,43.386,177.062,233.69,188,101.574,247.872,269.001,1995,1995,1.00196,0,0,0,0,0,0,0,0,261.386,0,0,0,0,0,1891,1833,50.7787,0,1217,261.699
e1_span_400_static_r03,e1_span_400_static,7,0.379068,14000,7,11,890.821,1002.46,1002.46,29,40.118,1100.06,1104.24,1262,258.985,1097.17,1580.66,381,419.128,1297.12,1801.42,76.6404,8.05722,96,47.397,272.307,304.349,211,103.144,260.014,305.851,1990,1990,1.00196,0,0,0,0,0,0,0,0,261.386,0,0,0,0,0,2042,1489,57.8306,0,1428,261.736
e1_span_400_static_r03,e1_span_400_static,8,0.497867,16000,8,8,1078.57,1886.17,1886.17,26,653.777,1215.43,1435.39,1263,49.183,1438.26,1602.19,421,246.077,1563.25,1824.62,72.3302,8.45347,111,52.719,189.395,249.195,187,105.977,222.48,283.166,2016,2016,1.00196,0,0,0,0,0,0,0,0,261.386,0,0,0,0,0,2279,1356,62.696,0,1614,261.777
e1_span_400_static_r03,e1_span_400_static,9,0.651825,18000,9,8,297.447,1536.02,1536.02,24,213.736,1591.59,1717.77,1258,264.5,1616.79,1827.9,389,900.125,1799.08,2213.25,71.1388,12.4934,112,59.497,173.712,269.839,204,113.934,300.549,342.543,1995,1995,2.00197,0,0,0,0,0,0,0,0,261.386,0,0,0,0,0,2318,1065,68.5191,0,1818,261.818
e1_span_400_static_r03,e1_span_400_static,10,0.807352,20000,10,5,1417.02,1503.2,1503.2,19,681.178,1737.61,1737.61,1271,236.315,1719.47,1869.59,390,251.492,1838.49,1963.91,67.8897,11.6627,98,62.573,192.865,234.648,214,118.836,290.378,351.069,1997,1997,2.00197,0,0,0,0,0,0,0,0,261.386,0,0,0,0,0,2389,883,73.0134,0,2031,261.856
e1_span_400_static_r03,e1_span_400_static,11,0.9851,22000,11,3,965.964,1404.6,1404.6,20,1623.69,2080.35,2080.35,1303,150.118,1880.35,2269.32,388,830.861,2058.33,2360.29,64.7964,14.8576,91,59.537,175.417,210.149,191,111.465,261.535,329.407,1996,1996,2.00197,0,0,0,0,0,0,0,0,261.386,0,0,0,0,0,2397,802,74.9297,0,2222,261.891
e1_span_400_static_r03,e1_span_400_static,12,1.18306,24000,12,5,1769.53,2375.16,2375.16,24,199.926,2017.23,2191.08,1255,239.972,2117.7,2468.55,389,541.031,2296.34,2509.97,65.0206,16.1977,113,61.861,236.092,324.789,215,116.044,280.323,388.073,2001,2001,2.00197,0,0,0,0,0,0,0,0,261.386,0,0,0,0,0,2475,718,77.5133,0,2438,261.933
e1_span_400_static_r03,e1_span_400_static,13,1.40452,26000,13,5,27.64,2530.59,2530.59,21,24.55,2246.09,2540.67,1252,358.296,2350.85,2668.28,398,495.037,2535.58,2874.03,56.7312,19.7589,104,63.112,204.041,270.808,215,121.07,297.321,340.742,1995,1995,2.00197,0,0,0,0,0,0,0,0,261.386,0,0,0,0,0,2525,604,80.6967,0,2654,261.973
e1_span_400_static_r03,e1_span_400_static,14,1.65213,28000,14,4,2360.46,2378.08,2378.08,31,904.789,2704.63,2976.76,1250,507.931,2550.98,2821.25,407,383.528,2681.8,2987.76,56.3219,20.8619,101,58.254,203.479,305.172,213,122.132,279.291,344.723,2006,2006,2.00197,0,0,0,0,0,0,0,0,261.386,0,0,0,0,0,2626,513,83.6572,0,2864,262.012
e1_span_400_static_r03,e1_span_400_static,15,1.88784,30000,15,4,27.711,2625.24,2625.24,24,2385.21,2577.49,2793.05,1270,52.679,2705.76,2945.68,398,266.137,2875.46,3170.13,52.9523,22.5666,115,59.313,221.594,337.803,200,122.59,359.138,493.939,2011,2011,2.00197,0,0,0,0,0,0,0,0,261.386,0,0,0,0,0,2590,439,85.5068,0,3067,262.054
e1_span_400_static_r03,e1_span_400_static,16,2.13844,32000,16,8,41.758,2684.82,2684.82,16,633.696,2945.21,2945.21,1315,40.043,2916.74,3130.92,373,336.671,3103.86,3378.59,53.1796,24.8946,95,60.282,173.164,231.229,176,114.988,268.508,418.755,1983,1983,2.00197,0,0,0,0,0,0,0,0,261.386,0,0,0,0,0,2482,439,84.9709,0,3243,262.089
e1_span_400_static_r03,e1_span_400_static,17,2.405,34000,17,4,42.22,622.089,622.089,32,58.195,3237.2,3275.35,1274,42.764,3185.12,6331.79,419,303.172,3287.62,3485.34,53.074,24.3948,98,74.267,235.372,389.683,190,132.629,319.404,451.117,2017,2017,2.00197,0,0,0,0,0,0,0,0,261.386,0,0,0,0,0,2737,420,86.6962,0,3431,262.126
e1_span_400_static_r03,e1_span_400_static,18,2.74308,36000,18,6,3046.87,3283.88,3283.88,21,2987.27,3309.33,6022.15,1253,287.824,3332.36,5648.35,389,2880.07,3558.68,6061.19,46.1183,40.9109,104,84.669,278.451,326.298,212,140.966,366.098,464.749,1985,1985,2.00197,0,0,0,0,0,0,0,0,261.386,0,0,0,0,0,2567,290,89.8495,0,3645,262.165
e1_span_400_static_r03,e1_span_400_static,19,3.0757,38000,19,5,41.86,3550.97,3550.97,30,39.744,3452.72,3640.43,1236,66.864,3534.97,6230.24,432,351.05,3734.71,6296.11,50.6273,33.5557,115,66.845,276.415,312.202,183,143.753,317.86,476.297,2001,2001,2.00197,0,0,0,0,0,0,0,0,261.386,0,0,0,0,0,2904,287,91.006,0,3827,262.206
e1_span_400_static_r03,e1_span_400_static,20,3.41241,40000,20,10,20.648,46.653,46.653,22,46.602,3781.63,6679.04,1259,65.389,3685.45,6517.33,416,461.515,3860.4,6615.03,45.5577,38.8148,106,65.356,243.342,347.463,192,138.215,362.524,493.041,2005,2005,2.00197,0,0,0,0,0,0,0,0,261.386,0,0,0,0,0,2776,249,91.7686,0,4020,262.245
e1_span_400_static_r03,e1_span_400_static,21,3.77168,42000,21,9,41.205,6808.94,6808.94,27,47.242,4102.44,7139.51,1258,57.943,4072.83,7053.44,397,311.295,4178.46,7202.19,46.5164,37.6734,103,68.525,315.482,391.213,198,141.429,387.327,505.955,1992,1992,2.00197,0,0,0,0,0,0,0,0,261.386,0,0,0,0,0,2774,188,93.6529,0,4217,262.284
e1_span_400_static_r03,e1_span_400_static,22,4.14519,44000,22,5,356.969,4107.6,4107.6,28,342.949,4121.41,7071.15,1272,49.603,4086.29,7286.35,394,311.336,4301.73,7391.53,41.1396,45.7589,110,65.972,240.359,314.698,193,143.581,345.467,400.054,2002,2002,2.00197,0,0,0,0,0,0,0,0,261.386,0,0,0,0,0,2590,191,93.132,0,4410,262.324
e1_span_400_static_r03,e1_span_400_static,23,4.52438,46000,23,3,3888.99,4065.66,4065.66,35,141.073,4560.78,7500.81,1253,38.256,4402.69,7761.82,403,281.041,4655.37,8146.77,40.3648,48.3593,117,84.523,324.895,345.195,189,138.789,338.16,402.7,2000,2000,2.00197,0,0,0,0,0,0,0,0,261.386,0,0,0,0,0,2730,162,94.3983,0,4600,262.366
e1_span_400_static_r03,e1_span_400_static,24,4.92471,48000,24,6,26.419,4606.11,4606.11,22,680.366,7960.46,8160.49,1293,41.57,4497.05,8109.83,383,290.942,4653.83,8212.34,38.2428,52.1848,102,77.569,304.161,364.49,192,151.647,330.864,440.098,1998,1998,2.00197,0,0,0,0,0,0,0,0,261.386,0,0,0,0,0,2630,176,93.7277,0,4792,262.404
e1_span_400_static_r03,e1_span_400_static,25,5.35023,50000,25,1,157.988,157.988,157.988,28,4451.96,4812.93,4893.58,1283,34.031,4834.34,8532.68,408,284.389,4933.89,8680.02,42.1814,51.4454,84,75.81,331.562,3236.21,200,142.129,445.705,3206.37,2004,2004,2.00197,0,0,0,0,0,0,0,0,261.386,0,0,0,0,0,2925,144,95.3079,0,4991,262.437
e1_span_400_static_r03,e1_span_400_static,26,5.78912,52000,26,3,16.971,33.808,33.808,24,57.521,5262.77,8852.65,1299,33.278,5243.9,9102.52,415,268.37,5526.64,9350.86,37.8964,55.6843,81,72.68,305.039,484.651,184,146.518,349.843,416.959,2006,2006,2.00197,0,0,0,0,0,0,0,0,261.386,0,0,0,0,0,2787,113,96.1034,0,5176,262.469
e1_span_400_static_r03,e1_span_400_static,27,6.27901,54000,27,6,348.591,11330.9,11330.9,16,42.654,5177.57,5177.57,1288,770.545,5457.42,9555.29,365,692.939,5670.1,9818.33,37.1753,66.7306,92,66.792,326.8,539.113,222,137.279,430.338,794.397,1989,1989,2.00197,0,0,0,0,0,0,0,0,261.386,0,0,0,0,0,2579,115,95.7313,0,5398,262.505
e1_span_400_static_r03,e1_span_400_static,28,6.72797,56000,28,8,45.457,5432.76,5432.76,33,1394.53,5542.88,5917.52,1257,81.636,5520.19,9873.08,405,304.6,5942.38,10187.6,31.2988,66.2133,108,64.11,202.346,379.638,196,126.95,301.241,500.382,2007,2007,2.00197,0,0,0,0,0,0,0,0,261.386,0,0,0,0,0,2811,116,96.0369,0,5590,262.545
e1_span_400_static_r03,e1_span_400_static,29,7.19629,58000,29,8,5204.68,10697.8,10697.8,23,459.569,10331.4,10378,1272,149.144,5729.91,10226.7,397,547.653,5883.16,10639.5,35.0428,64.6741,99,63.093,253.656,466.557,195,126.034,293.769,381.825,1994,1994,2.00197,0,0,0,0,0,0,0,0,261.386,0,0,0,0,0,2803,94,96.7553,0,5789,262.583
e1_span_400_static_r03,e1_span_400_static,30,7.7433,60000,30,7,285.614,5844.36,5844.36,26,5586.49,5979.69,5996.61,1264,178.823,5982.98,10646.9,410,397.393,6132,10549.8,31.5341,86.6014,109,66.281,299.911,339.307,193,132.621,356.91,482.648,2009,2009,2.00197,0,0,0,0,0,0,0,0,261.386,0,0,0,0,0,2782,87,96.9676,0,5979,262.623
e1_span_400_static_r03,e1_span_400_static,31,8.25914,62000,31,6,30.294,5764.88,5764.88,22,42.805,6095.14,6121.07,1276,35.465,6209.64,11021.2,403,626.16,6427.51,11365.4,29.139,103.038,110,70.288,285.358,349.259,184,138.059,374.731,408.658,2001,2001,2.00197,0,0,0,0,0,0,0,0,261.386,0,0,0,0,0,2890,106,96.4619,0,6165,262.662
e1_span_400_static_r03,e1_span_400_static,32,8.83884,64000,32,6,587.439,6332.49,6332.49,23,5570.97,6696.92,11268,1292,152.501,6491.33,11776.2,378,355.606,6689.32,11814.2,29.209,97.1018,88,72.501,282.398,424.65,214,144.437,441.036,537.687,2001,2001,2.00197,0,0,0,0,0,0,0,0,261.386,0,0,0,0,0,2584,94,96.4899,0,6380,262.697
e1_span_400_static_r03,e1_span_400_static,33,9.44602,66000,33,8,278.891,6843.24,6843.24,21,263.987,8047.47,12409,1249,42.038,6861.19,12276,426,299.783,6909.27,12329.2,28.8967,98.3367,100,68.351,258.003,338.036,190,135.217,281.711,363.562,1994,1994,2.00197,0,0,0,0,0,0,0,0,261.386,0,0,0,0,0,3125,98,96.9594,0,6569,262.735
e1_span_400_static_r03,e1_span_400_static,34,10.1164,68000,34,7,6175.05,7034.04,7034.04,18,367.732,6877.11,6877.11,1288,37.932,7024.18,12676.1,396,742.013,7264.19,12909.5,30.6338,115.001,89,64.868,270.77,7549.66,197,137.217,353.071,7380.04,1995,1995,2.00197,0,0,0,0,0,0,0,0,261.386,0,0,0,0,0,2882,81,97.2663,0,6767,262.77
e1_span_400_static_r03,e1_span_400_static,35,10.7251,70000,35,6,6795.57,7049.88,7049.88,36,6481.23,13464.6,13530.4,1259,25.666,7361.28,13241.7,413,259.239,7478.85,13368.6,25.4939,120.197,116,70.059,347.866,460.801,177,144.046,402.936,498.396,2007,2007,2.00197,0,0,0,0,0,0,0,0,261.386,0,0,0,0,0,3016,101,96.7597,0,6944,262.811
e1_span_400_static_r03,e1_span_400_static,36,11.3784,72000,36,5,33.062,7424.66,7424.66,22,37.158,7331.49,13391.4,1286,44.909,7551.2,13652,389,321.683,7656.07,13581.6,20.1748,159.429,84,65.643,318.188,464.972,206,147.273,424.811,506.915,1992,1992,2.00197,0,0,0,0,0,0,0,0,261.386,0,0,0,0,0,2901,53,98.2058,0,7150,262.844
e1_span_400_static_r03,e1_span_400_static,37,12.1255,74000,37,7,37.765,7434.23,7434.23,25,53.821,7977.08,8091.66,1250,273.84,7952.28,14280.3,409,394.089,8070.62,14561,23.4254,149.396,106,74.703,250.248,414.443,210,144.296,360.938,430.023,2007,2007,2.00197,0,0,0,0,0,0,0,0,261.386,0,0,0,0,0,3049,76,97.568,0,7358,262.884
e1_span_400_static_r03,e1_span_400_static,38,12.804,76000,38,9,7380.62,8492.29,8492.29,21,45.05,7832.45,8019.62,1274,31.967,8093.56,9586.26,389,288.253,8294.66,14770.2,21.0488,155.673,107,65.381,373.497,403.964,201,138.43,397.855,468.496,2001,2001,2.00197,0,0,0,0,0,0,0,0,261.386,0,0,0,0,0,3030,67,97.8366,0,7558,262.923
e1_span_400_static_r03,e1_span_400_static,39,13.5883,78000,39,4,8046.52,8316.12,8316.12,18,700.625,8481.21,8481.21,1225,360.399,8401.9,15037.7,427,609.285,8545.57,15263.7,19.2365,209.276,102,64.613,316.988,344.182,228,137.142,362.234,449.957,2004,2004,2.00197,0,0,0,0,0,0,0,0,261.386,0,0,0,0,0,3256,91,97.2811,0,7787,262.963
e1_span_400_static_r03,e1_span_400_static,40,14.3813,80000,40,6,8574.86,8628.49,8628.49,33,8262.93,8749.42,8879.54,1258,282.557,8744.93,15852.1,369,340.205,8873.28,15467.6,21.3848,179.41,109,66.465,297.479,350.327,213,135.733,342.79,528.745,1988,1988,2.00197,0,0,0,0,0,0,0,0,261.386,0,0,0,0,0,2895,57,98.0691,0,8002,263.004
e1_span_400_static_r03,e1_span_400_static,41,15.2094,82000,41,7,33.142,8868.77,8868.77,17,37.056,9286.07,9286.07,1291,63.565,9102.92,10344.5,393,428.488,9298.05,16405.5,19.2926,214.943,94,75.906,245.251,458.372,203,130.057,362.682,415.907,2005,2005,2.00197,0,0,0,0,0,0,0,0,261.386,0,0,0,0,0,3161,69,97.8638,0,8202,263.04
e1_span_400_static_r03,e1_span_400_static,42,15.9937,84000,42,7,8997.32,9330.64,9330.64,25,47.522,9275.94,9322.79,1293,29.881,9283.85,16688.2,406,284.746,9442.15,9608.95,21.3941,175.443,94,65.651,282.797,367.673,178,143.652,396.232,477.966,2003,2003,2.00197,0,0,0,0,0,0,0,0,261.386,0,0,0,0,0,3284,53,98.4117,0,8381,263.075
e1_span_400_static_r03,e1_span_400_static,43,16.866,86000,43,6,9138.61,9304.96,9304.96,27,55.794,9512.25,9602.14,1313,37.308,9606.8,16022.2,377,393.088,9735.04,10010.5,18.1061,233.667,86,64.725,230.893,308.04,185,132.011,315.24,463.413,1994,1994,2.00197,0,0,0,0,0,0,0,0,261.386,0,0,0,0,0,3044,66,97.8778,0,8567,263.108
e1_span_400_static_r03,e1_span_400_static,44,17.7478,88000,44,2,253.082,253.082,253.082,20,38.367,9861.31,9861.31,1285,47.59,9848.31,10401.2,389,663.608,10050.3,10636.6,17.4396,265.987,102,64.891,314.881,384.928,206,134.622,361.127,573.652,2004,2004,3.00198,0,0,0,0,0,0,0,0,261.386,0,0,0,0,0,3525,57,98.4087,0,8771,263.147
e1_span_400_static_r03,e1_span_400_static,45,18.7402,90000,45,8,53.225,9993.77,9993.77,22,52.518,10285.1,10299,1265,436.169,10206,11318.1,386,836.022,10397.4,18422.3,17.2565,289.183,98,66.513,260.922,339.989,215,134.949,320.873,405.452,1994,1994,3.00198,0,0,0,0,0,0,0,0,261.386,0,0,0,0,0,3399,60,98.2654,0,8988,263.185
e1_span_400_static_r03,e1_span_400_static,46,19.7073,92000,46,9,32.168,10778.9,10778.9,32,10140.4,10826.3,20481.7,1240,49.77,10804.2,19721.4,425,411.824,10937.5,19493.3,17.6847,267.822,93,64.826,195.962,363.552,211,136.026,346.027,401.211,2010,2010,3.00198,0,0,0,0,0,0,0,0,261.386,0,0,0,0,0,3504,71,98.014,0,9199,263.221
e1_span_400_static_r03,e1_span_400_static,47,20.6333,94000,47,9,36.726,11100.6,11100.6,28,4601.52,11062.6,19969.4,1261,232.76,11079.3,11396.7,396,285.387,11221.7,12405.8,14.2828,277.251,81,66.932,279.636,322.281,217,142.653,370.902,485.221,1992,1992,3.00198,0,0,0,0,0,0,0,0,261.386,0,0,0,0,0,3354,59,98.2713,0,9415,263.255
e1_span_400_static_r03,e1_span_400_static,48,21.4148,96000,48,9,345.378,12258.8,12258.8,22,44.898,12069.8,12273.3,1289,35.117,11424.8,13529,387,209.642,11565.1,14382.6,14.8889,234.277,106,63.426,157.74,238.742,186,121.97,258.153,305.275,1999,1999,3.00198,0,0,0,0,0,0,0,0,261.386,0,0,0,0,0,3373,58,98.3095,0,9602,263.294
e1_span_400_static_r03,e1_span_400_static,49,22.2667,98000,49,5,2616,11496.7,11496.7,18,38.925,21184.4,21184.4,1245,42.089,11670.3,13565.9,435,316.808,11816.6,12105.6,15.6943,241.575,99,63.397,267.159,383.825,198,134.482,326.822,364.47,2000,2000,3.00198,0,0,0,0,0,0,0,0,261.386,0,0,0,0,0,4005,50,98.767,0,9800,263.331
e1_span_400_static_r03,e1_span_400_static,50,23.2428,100000,50,10,47.177,12107.7,12107.7,23,1034.92,12064.7,12106.2,1249,36.302,12152.1,18535.7,413,450.012,12342.6,17404.5,14.7579,327.989,100,64.356,264.047,351.226,204,133.198,368.649,442.482,1999,1999,3.00198,0,0,0,0,0,0,0,0,261.386,0,0,0,0,0,4007,53,98.6946,0,10005,263.369
e1_span_400_static_r03,e1_span_400_static,51,24.0627,102000,51,6,2959.12,5464.26,5464.26,25,2942.68,12148.3,22046.1,1303,42.596,12386,22217.1,391,240.98,12516.6,22801.8,13.578,282.239,78,57.722,265.187,343.803,199,94.185,275.386,352.775,2002,2002,3.00198,0,0,0,0,0,0,0,0,261.386,0,0,0,0,0,3702,37,99.0104,0,10203,263.401
e1_span_400_static_r03,e1_span_400_static,52,24.89,104000,52,8,7973.43,12737.6,12737.6,27,31.791,12459.9,17435.2,1273,357.546,12594.6,13575.3,422,515.898,12760.2,13092,12.6801,305.908,94,51.622,154.952,267.562,193,107.031,213.797,324.063,2017,2017,3.00198,0,0,0,0,0,0,0,0,261.386,0,0,0,0,0,3851,51,98.693,0,10397,263.438
e1_span_400_static_r03,e1_span_400_static,53,25.6461,106000,53,7,27.955,23978.7,23978.7,34,360.033,13025,13027.7,1280,15.401,12856.3,23539.1,374,342.039,13098.3,23406.5,12.5134,303.61,98,52.518,217.958,308.437,188,104.005,237.541,411.59,1981,1981,3.00198,0,0,0,0,0,0,0,0,261.386,0,0,0,0,0,3867,60,98.4721,0,10585,263.474
e1_span_400_static_r03,e1_span_400_static,54,26.3666,108000,54,5,5468.58,10160.2,10160.2,32,396.826,13293.6,13302.7,1267,13.477,13226.3,17516.7,420,252.639,13415.1,14981.3,12.7476,281.855,92,50.357,239.892,403.228,185,96.148,229.912,315.852,2001,2001,3.00198,0,0,0,0,0,0,0,0,261.386,0,0,0,0,0,4038,42,98.9706,0,10769,263.509
e1_span_400_static_r03,e1_span_400_static,55,27.1702,110000,55,7,7.295,15234.3,15234.3,22,3140.27,13626.6,14418.5,1353,20.504,13572.5,15218.8,363,257.752,13694.7,13975.2,11.5289,309.618,96,59.115,155.61,338.134,161,90.695,161.198,332.095,2002,2002,3.00198,0,0,0,0,0,0,0,0,261.386,0,0,0,0,0,3540,47,98.6897,0,10930,263.544
e1_span_400_static_r03,e1_span_400_static,56,28.0801,112000,56,4,3457.62,20273,20273,30,38.35,13811.4,26574.8,1251,16.377,13875.4,20171.6,424,344.903,14061.6,22267.8,12.2594,365.48,88,52.301,163.092,364.404,200,120.404,300.217,411.807,1997,1997,3.00198,0,0,0,0,0,0,0,0,261.386,0,0,0,0,0,4306,54,98.7615,0,11131,263.579
e1_span_400_static_r03,e1_span_400_static,57,29.0866,114000,57,3,33.071,41.277,41.277,28,36.278,14813.4,15331.3,1275,49.278,14345.6,23546.8,400,320.684,14471.2,25037.8,11.1375,436.613,83,53.723,221.731,345.822,210,123.449,320.142,434.484,1999,1999,3.00198,0,0,0,0,0,0,0,0,261.386,0,0,0,0,0,3933,41,98.9683,0,11341,263.613
e1_span_400_static_r03,e1_span_400_static,58,30.0775,116000,58,8,35.868,14675.6,14675.6,10,9550.98,14688.4,14688.4,1309,20.828,14697.4,21082,376,301.374,14877.6,21934.1,9.59309,499.476,92,57.454,400.415,1969.59,214,123.282,360.277,1974.33,2009,2009,3.00198,0,0,0,0,0,0,0,0,261.386,0,0,0,0,0,3632,26,99.2892,0,11554,263.649
e1_span_400_static_r03,e1_span_400_static,59,31.201,118000,59,6,10490.2,14597,14597,27,41.949,15055.4,27283.7,1271,34.953,14988.8,15513.8,378,1866.3,15304.8,26184.3,10.4048,560.002,105,54.554,196.179,261.046,204,123.106,293.358,376.993,1991,1991,4.00198,0,0,0,0,0,0,0,0,261.386,0,0,0,0,0,3966,41,98.9768,0,11759,263.689
e1_span_400_static_r03,e1_span_400_static,60,32.3498,120000,60,6,3900.75,15761.6,15761.6,30,3589.59,15397.8,15501,1236,152.822,15414.6,27877,433,3680.72,15666.8,28077,9.98845,612.222,97,60.832,237.113,335.345,198,128.142,331.6,469.199,2000,2000,4.00198,0,0,0,0,0,0,0,0,261.386,0,0,0,0,0,4625,46,99.0152,0,11957,263.726
e1_span_400_static_r03,e1_span_400_static,61,33.4869,122000,61,4,34.064,4125.4,4125.4,30,330.682,15968.5,22598.8,1284,41.778,16074.6,28635.8,380,410.172,16488.1,29195.9,10.3737,542.308,105,64.831,274.006,349.959,197,131.822,313.396,349.838,2000,2000,4.00198,0,0,0,0,0,0,0,0,261.386,0,0,0,0,0,3842,45,98.8423,0,12154,263.765
e1_span_400_static_r03,e1_span_400_static,62,34.785,124000,62,6,256.771,16707.2,16707.2,23,49.268,16096.7,27746.6,1275,2962.42,16515.9,29165.2,407,3939.85,16764.5,29569.5,8.31204,804.177,102,64.718,226.175,273.388,203,123.544,256.489,351.678,2016,2016,4.00198,0,0,0,0,0,0,0,0,261.386,0,0,0,0,0,4348,42,99.0433,0,12356,263.804
e1_span_400_static_r03,e1_span_400_static,63,35.8665,126000,63,3,44.054,4091.97,4091.97,33,36.359,16633.7,16651.7,1247,23.54,16624.6,20393.2,400,460.377,16876.5,28221.1,7.7825,729.694,100,53.669,207.84,1556.8,201,132.397,345.459,1669.79,1984,1984,4.00198,0,0,0,0,0,0,0,0,261.386,0,0,0,0,0,4387,40,99.0965,0,12558,263.842
e1_span_400_static_r03,e1_span_400_static,64,37.2494,128000,64,9,14.643,16924.3,16924.3,27,46.918,17135.4,28060.6,1267,21.394,17324.9,30878.9,409,616.74,27537.3,31470.7,9.76284,779.607,106,57.813,203.792,309.106,188,128.032,245.63,316.697,2006,2006,4.00198,0,0,0,0,0,0,0,0,261.386,0,0,0,0,0,4708,54,98.866,0,12744,263.881
e1_span_400_static_r03,e1_span_400_static,65,38.4608,130000,65,7,32.919,17215.7,17215.7,24,4110.78,17324.3,18935.5,1257,1423.52,17676.7,22487.8,381,4142.14,17932.9,24596.6,7.00262,897.772,111,59.789,269.719,315.549,218,120.468,268.267,332.357,1998,1998,4.00198,0,0,0,0,0,0,0,0,261.386,0,0,0,0,0,4144,38,99.0913,0,12963,263.923
e1_span_400_static_r03,e1_span_400_static,66,39.8798,132000,66,7,36.952,31702.7,31702.7,24,11918.8,18845,19785,1275,545.875,18259.7,31565,396,1488.06,18283.5,31653.4,7.33081,943.564,94,62.894,210.194,381.845,203,121.342,310.625,389.44,1999,1999,4.00198,0,0,0,0,0,0,0,0,261.386,0,0,0,0,0,4533,46,98.9954,0,13166,263.96
e1_span_400_static_r03,e1_span_400_static,67,41.303,134000,67,4,5246.74,20047.4,20047.4,23,4433.01,18635,19039.2,1279,4166.36,18587.8,22936,398,4243.27,18778,23568.8,7.92211,877.534,94,60.153,218.941,352.98,200,123.112,316.431,432.746,1998,1998,4.00198,0,0,0,0,0,0,0,0,261.386,0,0,0,0,0,4354,43,99.0221,0,13367,263.996
e1_span_400_static_r03,e1_span_400_static,68,42.7519,136000,68,6,4429.71,18321.4,18321.4,19,46.674,18805.3,18805.3,1256,2073.61,18811.4,19468.5,419,4403.85,19189.6,22564.3,7.21957,1038.43,105,53.433,132.673,172.199,196,115.745,223.353,318.001,2001,2001,4.00198,0,0,0,0,0,0,0,0,261.386,0,0,0,0,0,5091,59,98.8544,0,13563,264.036
e1_span_400_static_r03,e1_span_400_static,69,44.0754,138000,69,6,17025.3,19092.5,19092.5,22,37.014,18754.7,18865.8,1302,15.571,19108,19366.4,402,612.598,19275.8,31636.8,6.21393,1110.9,85,53.324,156.335,257.788,187,120.454,198.755,291.559,2004,2004,4.00198,0,0,0,0,0,0,0,0,261.386,0,0,0,0,0,4668,48,98.9822,0,13749,264.069
e1_span_400_static_r03,e1_span_400_static,70,45.5177,140000,70,11,35.795,19538.5,19538.5,25,38.978,19469.6,19604.7,1243,4439.56,19487.3,19808.3,424,4581.4,19695.4,19955.3,6.0684,1204.82,89,62.521,225.943,254.883,206,122.094,257.08,371.075,1998,1998,4.00198,0,0,0,0,0,0,0,0,261.386,0,0,0,0,0,5144,46,99.1137,0,13956,264.104
e1_span_400_static_r03,e1_span_400_static,71,46.9072,142000,71,10,14406.5,19870.3,19870.3,20,10220.7,19949.2,19949.2,1276,523.162,19900.4,20074.8,394,459.651,20094.4,20510,7.40102,939.987,92,50.137,127.901,240.108,204,114.014,222.045,339.195,1996,1996,4.00198,0,0,0,0,0,0,0,0,261.386,0,0,0,0,0,4940,42,99.157,0,14160,264.14
e1_span_400_static_r03,e1_span_400_static,72,48.4727,144000,72,13,5058.97,22338.8,22338.8,31,2407.88,20115.7,20146.3,1261,409.536,20349.2,21734.7,413,2731.49,20575.5,22149.7,6.74092,1170.09,85,63.217,176.772,359.049,198,123.35,237.392,377.542,2001,2001,4.00198,0,0,0,0,0,0,0,0,261.386,0,0,0,0,0,5060,27,99.4692,0,14357,264.174
e1_span_400_static_r03,e1_span_400_static,73,49.7914,146000,73,4,9365.63,20482.9,20482.9,30,333.975,20989.7,21001.1,1257,14.577,20792.2,21071.7,403,310.875,21023,21333.5,5.62531,1124.7,96,48.965,207.012,325.176,209,124.839,320.432,432.044,1999,1999,4.00198,0,0,0,0,0,0,0,0,261.386,0,0,0,0,0,4625,22,99.5266,0,14567,264.211
e1_span_400_static_r03,e1_span_400_static,74,51.3817,148000,74,8,12.983,19673.5,19673.5,23,39.73,21478.5,37920.9,1254,777.265,21342.7,37203.1,418,539.42,21560.4,33722,6.33014,1194.05,109,54.05,167.724,277.843,188,114.643,268.567,353.802,2000,2000,4.00198,0,0,0,0,0,0,0,0,261.386,0,0,0,0,0,5710,43,99.2526,0,14755,264.252
e1_span_400_static_r03,e1_span_400_static,75,52.981,150000,75,3,5095.87,8403.72,8403.72,25,43.998,21800.6,21805.2,1253,32.308,21815,28126.2,424,1411.18,22042.1,25671.2,4.92217,1573.83,78,54.482,168.738,290.642,219,125.085,301.088,368.294,2002,2002,4.00198,0,0,0,0,0,0,0,0,261.386,0,0,0,0,0,5275,42,99.2101,0,14974,264.284
e1_span_400_static_r03,e1_span_400_static,76,54.5039,152000,76,2,5141.96,5141.96,5141.96,25,43.542,19079.9,21973.9,1298,17.752,22196,24605.8,419,512.236,22426.2,22771,4.73747,1615.74,91,64.233,224.903,344.178,174,121.402,279.111,495.643,2009,2009,4.00198,0,0,0,0,0,0,0,0,261.386,0,0,0,0,0,5172,47,99.0994,0,15146,264.319
e1_span_400_static_r03,e1_span_400_static,77,56.3968,154000,77,4,5236.18,21314.9,21314.9,22,5904.3,22845,22963.9,1270,5290.64,22992.9,34733.1,377,5284.1,23042.8,32044.1,6.32626,1297.98,91,60.622,196.266,483.647,228,123.559,322.765,434.646,1992,1992,4.00198,0,0,0,0,0,0,0,0,261.386,0,0,0,0,0,4835,42,99.1388,0,15375,264.356
e1_span_400_static_r03,e1_span_400_static,78,57.9229,156000,78,7,48.077,23172.9,23172.9,32,51.094,24340,32982,1288,14.962,23520.9,40487.2,377,1141.85,23560.9,40902.7,5.35809,1466.56,101,64.337,226.534,321.427,192,130.545,335.174,408.396,1997,1997,4.00198,0,0,0,0,0,0,0,0,261.386,0,0,0,0,0,4680,28,99.4053,0,15568,264.393
e1_span_400_static_r03,e1_span_400_static,79,59.549,158000,79,4,1965.63,12562.5,12562.5,35,44.116,23514.8,38320,1271,20.384,23584.5,38897.9,394,2359.82,23834.6,24781.6,4.12944,1955.1,97,50.923,160.892,284,203,111.113,233.675,317.038,2004,2004,4.00198,0,0,0,0,0,0,0,0,261.386,0,0,0,0,0,5552,44,99.2137,0,15769,264.431
e1_span_400_static_r03,e1_span_400_static,80,61.6598,160000,80,10,18835.7,42014.3,42014.3,23,18914.5,26674.8,39046.9,1236,5473.62,24928.7,41931.4,394,4000.7,25202.5,42053,4.52284,2174.62,107,62.381,136.598,219.313,226,122.27,244.846,401.62,1996,1996,4.00198,0,0,0,0,0,0,0,0,261.386,0,0,0,0,0,5475,43,99.2207,0,15997,264.472
e1_span_400_static_r03,e1_span_400_static,81,63.7081,162000,81,5,14188.6,29842.5,29842.5,39,14298.7,41136.7,43514.8,1286,27.833,25340.8,42875,384,579.842,34802.2,43062.1,5.00781,1999.64,86,65.401,224.733,268.936,202,134.393,349.592,386.257,2002,2002,4.00198,0,0,0,0,0,0,0,0,261.386,0,0,0,0,0,5411,41,99.248,0,16199,264.506
e1_span_400_static_r03,e1_span_400_static,82,65.7189,164000,82,7,31.843,11577.4,11577.4,23,50.99,22474.1,25553.7,1251,32.218,26112.2,36702.7,420,1059.56,26979.6,35055.8,3.59524,2729.31,98,61.68,194.054,336.119,202,123.159,305.711,454.67,2001,2001,4.00198,0,0,0,0,0,0,0,0,261.386,0,0,0,0,0,5792,42,99.2801,0,16400,264.544
e1_span_400_static_r03,e1_span_400_static,83,67.8333,166000,83,11,2893.6,44287.9,44287.9,26,55.019,28008.3,28351,1268,55.382,26552.8,44213.4,400,579.148,26636.9,45276.1,4.385,2233.02,111,62.891,208.833,255.681,188,127.385,253.122,354.302,2004,2004,5.00199,0,0,0,0,0,0,0,0,261.386,0,0,0,0,0,6063,39,99.3609,0,16588,264.584
e1_span_400_static_r03,e1_span_400_static,84,69.8531,168000,84,4,46.114,20640.5,20640.5,26,40.442,26059.5,26814.1,1236,22.024,26509.3,42139.5,413,3556.32,26810.2,37455.9,3.75787,2675.43,107,55.54,210.142,256.589,207,120.662,278.41,315.632,1993,1993,5.00199,0,0,0,0,0,0,0,0,261.386,0,0,0,0,0,5985,48,99.2044,0,16796,264.625
e1_span_400_static_r03,e1_span_400_static,85,71.8542,170000,85,5,25229.4,26830.9,26830.9,39,47.262,28467.3,32148.5,1255,37.513,26970.7,45721.8,409,470.716,29307.8,45971.2,3.62347,2424.71,105,59.187,136.187,283.034,193,120.014,306.505,396.206,2006,2006,5.00199,0,0,0,0,0,0,0,0,261.386,0,0,0,0,0,5918,29,99.5124,0,16988,264.664
e1_span_400_static_r03,e1_span_400_static,86,73.6525,172000,86,7,47.898,26688.6,26688.6,33,6025.54,27026.8,27129.6,1230,721.21,26929.6,27377.1,426,662.414,27208.2,27757.1,4.57512,1907.87,95,54.486,226.217,332.945,203,118.972,249.92,306.95,1994,1994,5.00199,0,0,0,0,0,0,0,0,261.386,0,0,0,0,0,5826,33,99.4368,0,17192,264.701
e1_span_400_static_r03,e1_span_400_static,87,76.2594,174000,87,6,30.859,20303.6,20303.6,25,3512.74,36196.9,37956,1267,4522.97,37372.3,48615.7,398,6867.85,37503.7,45854.1,3.78643,3494.66,106,57.266,183.57,330.743,202,120.467,283.723,695.484,2004,2004,5.00199,0,0,0,0,0,0,0,0,261.386,0,0,0,0,0,5509,36,99.3508,0,17394,264.741
e1_span_400_static_r03,e1_span_400_static,88,78.6861,176000,88,4,3231.85,11708.5,11708.5,27,45.681,35686.5,37778.1,1278,805.322,37132.4,39096,388,3718.18,37549.2,47742.4,3.19588,3899.2,100,48.405,142.683,172.307,203,106.576,277.43,422.989,2000,2000,5.00199,0,0,0,0,0,0,0,0,261.386,0,0,0,0,0,5764,28,99.5166,0,17597,264.779
e1_span_400_static_r03,e1_span_400_static,89,81.3294,178000,89,2,38317.4,38317.4,38317.4,22,43.95,33925.3,34983.6,1245,23.011,38530.1,41493.1,414,9929.51,39076.2,40543.9,3.94444,3498.83,111,54.774,170.284,238.094,203,116.225,303.893,818.778,1997,1997,5.00199,0,0,0,0,0,0,0,0,261.386,0,0,0,0,0,6497,37,99.4337,0,17800,264.821
e1_span_400_static_r03,e1_span_400_static,90,84.5119,180000,90,4,45.833,1139.64,1139.64,28,11283,38665.9,39294.4,1298,3186.34,39866.9,42444.7,355,16209.5,39486.5,40785,2.92113,5577.71,109,53.122,147.703,297.861,205,122.283,347.775,903.606,1999,1999,5.00199,0,0,0,0,0,0,0,0,261.386,0,0,0,0,0,5625,35,99.3816,0,18005,264.863
e1_span_400_static_r03,e1_span_400_static,91,87.3153,182000,91,2,26245.2,26245.2,26245.2,26,42.196,37563.3,39426,1307,16.54,39854.5,47525.7,364,2578.87,40813.2,43628.3,2.40385,5762.93,116,59.894,151.467,1108.31,190,117.751,293.649,1834.57,2005,2005,5.00199,0,0,0,0,0,0,0,0,261.386,0,0,0,0,0,5535,32,99.4252,0,18194,264.904
e1_span_400_static_r03,e1_span_400_static,92,90.1105,184000,92,8,26327.7,39817.3,39817.3,30,48.101,42079.2,59382.2,1258,25.875,40847.8,43913.7,372,683.429,41487.6,56600,3.42204,3903.35,118,56.854,270.047,393.771,210,120.187,332.483,518.79,1996,1996,5.00199,0,0,0,0,0,0,0,0,261.386,0,0,0,0,0,5396,34,99.3738,0,18404,264.947
e1_span_400_static_r03,e1_span_400_static,93,92.9645,186000,93,5,19493.1,40370.2,40370.2,25,43.429,40381.2,40497,1229,2913.15,41018.1,49387.4,419,3538.24,41472.8,43944,3.01432,4508.52,97,62.986,179.985,224.682,224,120.76,323.769,1145.46,1999,1999,5.00199,0,0,0,0,0,0,0,0,261.386,0,0,0,0,0,6123,37,99.3994,0,18629,264.986
e1_span_400_static_r03,e1_span_400_static,94,95.8592,188000,94,6,26646.9,40211,40211,22,48.061,35556,41638.8,1305,17.438,41816.1,49760.2,374,502.593,42108.6,55719.6,3.58021,3588.74,107,59.497,157.626,284.712,186,126.339,352.457,1401.29,2000,2000,5.00199,0,0,0,0,0,0,0,0,261.386,0,0,0,0,0,5705,31,99.4596,0,18815,265.025
e1_span_400_static_r03,e1_span_400_static,95,98.7013,190000,95,7,12518,33725.7,33725.7,17,16183.6,42152.4,42152.4,1261,8445.19,41881.9,53779.8,405,8257.3,41720.5,52758.3,2.53333,5148.53,96,48.509,404.094,1034.24,214,110.69,316.927,676.48,2000,2000,5.00199,0,0,0,0,0,0,0,0,261.386,0,0,0,0,0,6246,28,99.5537,0,19029,265.062
e1_span_400_static_r03,e1_span_400_static,96,101.101,192000,96,10,48.471,37527.1,37527.1,35,37.372,38583,40940.3,1290,14.1,41808.7,45630.9,371,407.777,41914.5,43292.5,2.84636,3921,117,42.475,202.976,970.962,178,117.472,516.987,2509.8,2001,2001,5.00199,0,0,0,0,0,0,0,0,261.386,0,0,0,0,0,5689,28,99.5102,0,19207,265.104
e1_span_400_static_r03,e1_span_400_static,97,103.81,194000,97,6,25690.1,42095,42095,24,11773.6,43706.1,52064.9,1276,1807.23,41423.7,43739.9,416,3138.45,41986.3,44441.7,3.34856,3674.48,94,59.092,206.529,306.494,186,118.782,242.38,1014.29,2002,2002,5.00199,0,0,0,0,0,0,0,0,261.386,0,0,0,0,0,6018,40,99.3397,0,19392,265.14
e1_span_400_static_r03,e1_span_400_static,98,106.617,196000,98,2,3014.09,3014.09,3014.09,34,5527.98,40577.8,45519.2,1183,10772.3,42198.3,46764.6,439,11531.1,42206.5,45899.7,3.53303,3788.11,122,54.026,171.177,914.056,219,95.285,262.08,653.651,1999,1999,5.00199,0,0,0,0,0,0,0,0,261.386,0,0,0,0,0,6250,38,99.3957,0,19611,265.185
e1_span_400_static_r03,e1_span_400_static,99,109.372,198000,99,6,40066,46946.4,46946.4,31,39.012,44920.1,45691.7,1278,1498.8,43273.7,45631.7,388,363.729,43740.6,45659.9,3.06443,3918.17,109,53.385,145.344,275.246,188,117.949,379.526,1588.99,2000,2000,5.00199,0,0,0,0,0,0,0,0,261.386,0,0,0,0,0,6086,21,99.6561,0,19799,265.226
e1_span_400_static_r03,e1_span_400_static,100,112.166,200000,100,11,44.218,22337.5,22337.5,26,86.327,43996,45507.1,1259,2389.51,43474.9,46095.3,392,9476.43,43304.7,46202.8,2.51531,5536.18,110,52.625,200.129,1344.36,200,113.854,396.479,1312.13,1998,1998,5.00199,0,0,0,0,0,0,0,0,261.386,0,0,0,0,0,6027,42,99.308,0,20000,265.266
