exp_id,group_name,progress_pct_idx,elapsed_sec,completed_ops,progress_pct,get_ctrl_ops,get_ctrl_p50_us,get_ctrl_p95_us,get_ctrl_p99_us,get_aff_ops,get_aff_p50_us,get_aff_p95_us,get_aff_p99_us,get_del_ops,get_del_p50_us,get_del_p95_us,get_del_p99_us,scan_ops,scan_p50_us,scan_p95_us,scan_p99_us,scan_avg_keys,scan_us_per_key,put_ops,put_p50_us,put_p95_us,put_p99_us,del_range_ops,del_range_p50_us,del_range_p95_us,del_range_p99_us,total_ops_interval,instantaneous_iops,active_memtable_mb,immutable_memtable_count,memtable_flush_pending,l0_files,l1_files,l2_files,pending_compaction_mb,running_flushes,running_compactions,total_sst_mb,flush_range_del_reason_delta,compaction_read_mb_delta,compaction_write_mb_delta,flush_write_mb_delta,write_stall_micros_delta,block_cache_hits,block_cache_misses,block_cache_hit_rate,tombstones_dropped_delta,cumulative_range_deletions,db_dir_mb
e4_ts_t0064_r01,e4_ts_t0064,1,0.0184271,2000,1,2,40.081,40.081,40.081,26,19.965,46.921,47.408,1254,19.623,45.798,59.715,404,146.748,182.689,382.029,98.9703,1.59947,122,16.871,101.332,302.169,198,42.066,132.53,292.36,2006,2006,0.00195312,1,0,0,0,0,130.717,1,1,130.717,3,0.519363,0,0.0315838,0,978,4264,18.657,0,196,130.814
e4_ts_t0064_r01,e4_ts_t0064,2,0.0312496,4000,2,6,20.881,43.212,43.212,25,21.829,39.732,45.941,1276,19.336,40.786,50.264,374,134.532,175.738,184.888,92.1123,1.42043,101,21.564,92.437,312.202,219,48.103,227.481,313.473,2001,2001,1.00196,1,0,0,0,0,130.753,1,2,130.753,3,2.28674,3,0.0368538,0,2610,3798,40.7303,0,416,133.93
e4_ts_t0064_r01,e4_ts_t0064,3,0.0438877,6000,3,7,20.557,45.875,45.875,28,18.407,39.725,41.327,1219,18.87,40.756,50.156,425,125.749,171.976,184.055,87.4941,1.39475,102,22.486,85.164,279.667,221,45.909,128.909,278.077,2002,2002,1.00196,1,0,0,0,0,130.785,1,1,130.785,3,2.16378,3.04767,0.035676,0,3712,3576,50.933,102,636,136.991
e4_ts_t0064_r01,e4_ts_t0064,4,0.0564362,8000,4,9,18.048,35.668,35.668,24,21.513,28.855,30.835,1256,18.04,38.026,47.421,429,115.591,167.089,182.609,87.5781,1.32248,81,31.263,116.523,306.96,202,59.554,219.335,331.214,2001,2001,0.00195312,1,0,0,0,0,130.829,1,1,130.829,3,2.2541,3.04421,0.0492277,0,4730,3190,59.7222,403,837,141.077
e4_ts_t0064_r01,e4_ts_t0064,5,0.0812966,10000,5,5,20.14,30.576,30.576,26,10.604,37.141,58.277,1246,15.364,39.709,62.98,439,106.687,172.556,208.15,81.6105,1.34438,99,59.029,1680.66,2214.63,189,87.911,2127.24,2309.72,2004,2004,1.00196,0,0,0,0,0,130.857,0,1,130.857,3,3.97837,7.18235,0.0385494,13886,5767,3286,63.7026,221,1028,148.317
e4_ts_t0064_r01,e4_ts_t0064,6,0.100586,12000,6,5,17.513,22.237,22.237,28,20.346,44.726,47.757,1284,14.277,38.309,61.038,395,106.647,168.911,230.428,79.7418,1.35212,92,50.271,1759.76,2539.09,188,77.446,1792,2515.01,1992,1992,1.00196,0,0,0,0,0,130.889,0,1,130.889,3,3.03045,6.04583,0.0365114,8490,4590,2603,63.812,102,1217,153.417
e4_ts_t0064_r01,e4_ts_t0064,7,0.116952,14000,7,11,22.022,33.44,33.44,29,14.046,34.77,53.255,1271,12.874,38.408,53.011,383,100.929,161.257,202.006,76.5666,1.33649,95,55.946,1169.47,1482.05,209,74.86,1189.03,1341.52,1998,1998,1.00196,1,0,0,0,0,130.927,1,1,130.927,4,2.24411,4,0.0377302,5318,4727,2054,69.7095,200,1426,158.482
e4_ts_t0064_r01,e4_ts_t0064,8,0.157117,16000,8,8,12.621,40.053,40.053,26,12.908,38.813,54.688,1249,14.071,44.606,63.47,419,110.766,187.251,233.741,72.3652,1.58485,111,70.965,3262.73,3475.09,188,122.999,3294.58,3486.18,2001,2001,1.00196,1,0,0,0,0,130.962,1,1,130.962,3,5.15599,13.0443,0.0394554,27593,6634,2698,71.0887,501,1614,170.574
e4_ts_t0064_r01,e4_ts_t0064,9,0.384283,18000,9,8,23.895,35.885,35.885,24,47.43,111.756,119.921,1262,22.264,90.524,135.753,391,206.592,381.056,461.715,71.422,2.97006,113,4441.51,14322.4,16731,204,5580.19,13581.9,17512.7,2002,2002,1.00196,1,0,0,0,0,130.995,1,1,130.995,3,23.0578,58.9352,0.042407,204352,14259,7035,66.9625,2789,1818,229.575
e4_ts_t0064_r01,e4_ts_t0064,10,0.521824,20000,10,5,37.75,86.936,86.936,19,25.023,114.551,114.551,1272,22.681,81.516,113.062,388,176.929,383.207,442.481,67.982,2.90351,98,92.837,22734.5,28277.7,215,156.964,22723.3,28091,1997,1997,2.00197,1,0,0,0,0,0.3316,1,2,129.372,3,12.5934,31.3101,0.0390263,115739,8714,4499,65.9502,2033,2031,203.708
e4_ts_t0064_r01,e4_ts_t0064,11,0.550635,22000,11,3,72.376,108.709,108.709,20,43.754,91.964,91.964,1306,24.418,81.087,114.319,390,190.36,404.842,436.137,64.9769,3.39861,91,40.585,255.063,6470.27,191,95.041,1137.15,7886.54,2001,2001,2.00197,1,0,0,0,0,0.356117,1,1,129.397,3,0.113491,0.318353,0.0381651,7396,2675,2836,48.5393,61,2222,129.708
e4_ts_t0064_r01,e4_ts_t0064,12,0.57365,24000,12,5,20.463,109.336,109.336,24,38.887,83.276,88.92,1260,27.935,81.915,109.719,392,216.586,392.772,462.341,64.625,3.48251,113,48.845,244.804,503.98,214,99.701,443.353,785.601,2008,2008,2.00197,0,0,0,0,0,0.406234,1,2,129.447,3,1.79839,1,0.0506516,0,2857,3046,48.3991,2491,2438,130.76
e4_ts_t0064_r01,e4_ts_t0064,13,0.60699,26000,13,5,35.802,88.24,88.24,21,36.142,89.303,129.649,1249,26.356,82.844,118.039,397,198.865,374.893,447.81,57.0252,3.75596,103,68.182,2669.06,5713.27,211,105.482,2734.67,5606.48,1986,1986,0.00195312,1,0,0,0,0,0.441623,1,1,129.482,4,3.13793,3.04537,0.0405369,11700,3757,3069,55.0396,4927,2649,134.115
e4_ts_t0064_r01,e4_ts_t0064,14,0.681912,28000,14,4,60.055,65.801,65.801,31,30.636,84.549,87.666,1248,23.715,77.727,101.415,405,189.711,376.505,428.087,56.3531,3.60537,100,54.698,10209,15252.7,213,125.946,11057.6,15385.9,2001,2001,2.00197,0,0,0,0,0,0.486192,0,1,129.527,3,10.8816,10.0476,0.04984,53266,5143,4479,53.4504,20186,2862,143.964
e4_ts_t0064_r01,e4_ts_t0064,15,0.824293,30000,15,4,30.42,42.492,42.492,24,39.312,66.844,94.339,1262,27.78,82.075,136.837,397,212.607,364.136,436.463,52.8338,4.17614,116,126.41,13454.9,16693,205,264.859,15337,20625.7,2008,2008,2.00197,1,0,0,0,0,0.499511,1,1,129.54,3,25.7876,24.1858,0.0266504,118239,7245,8130,47.122,49338,3066,169.227
e4_ts_t0064_r01,e4_ts_t0064,16,0.902716,32000,16,8,31.902,91.171,91.171,16,47.198,120.136,120.136,1325,24.559,83.249,118.353,378,200.986,326.707,383.274,53.2593,3.8359,96,98.011,17639.4,28236.4,176,130.381,15492.7,21721.8,1999,1999,1.00196,0,0,0,0,0,0.551229,0,1,129.592,3,11.606,14.0517,0.0571632,57401,6053,4337,58.2579,23341,3242,182.572
e4_ts_t0064_r01,e4_ts_t0064,17,0.974869,34000,17,4,28.385,42.274,42.274,32,34.098,125.625,151.228,1264,25.489,78.09,107.066,415,200.116,318.937,364.556,52.8627,3.80928,94,106.171,17210.3,20123.8,186,174.462,13198.2,17195,1995,1995,1.00196,0,0,0,0,0,0.588604,0,1,129.629,3,10.2103,11,0.0377903,48892,6375,3871,62.2194,24549,3429,194.374
e4_ts_t0064_r01,e4_ts_t0064,18,1.16375,36000,18,6,49.762,65.458,65.458,21,43.938,120.362,171.771,1264,33.802,89.715,126.257,391,211.141,372.222,497.261,46.2532,4.77407,108,160.452,42651.2,44134.8,218,169.314,31760.5,43104.6,2008,2008,1.00196,1,0,0,0,0,0.257788,1,2,86.0619,3,20.6373,23.8041,0.0255775,163738,6227,7101,46.7212,42039,3644,88.2115
e4_ts_t0064_r01,e4_ts_t0064,19,1.32923,38000,19,5,34.769,56.998,56.998,30,43.73,165.736,192.277,1232,26.129,86.532,129.02,432,204.843,348.287,425.273,50.7546,4.15058,115,94.28,23528.5,31562.7,182,137.446,23672.2,31835.4,1996,1996,1.00196,1,0,0,0,0,0.294304,1,1,86.0984,3,27.4295,24.0501,0.0415545,142611,4234,9317,31.2449,26882,3827,111.612
e4_ts_t0064_r01,e4_ts_t0064,20,1.61164,40000,20,10,22.241,77.3,77.3,22,41.27,113.038,183.04,1258,30.22,93.983,145.869,414,191.856,349.189,425.659,45.3502,4.46587,106,124.934,32874.8,40675,191,200.69,33161.2,40933.8,2001,2001,0.00195312,1,0,0,0,0,0.107771,1,2,66.6631,3,41.9991,41.5553,0.0463705,259579,5805,12583,31.5695,45604,4020,88.489
e4_ts_t0064_r01,e4_ts_t0064,21,1.69384,42000,21,9,37.142,171.399,171.399,27,34.911,83.08,147.549,1261,25.56,82.169,104.514,397,181.267,321.837,369.678,46.5164,4.10811,103,130.148,12098.4,21792.7,198,178.503,20058.8,39869.8,1995,1995,1.00196,0,0,0,0,0,0.154186,0,1,66.7095,3,8.14299,8.04642,0.0506401,59609,3322,4068,44.9526,3160,4217,75.249
e4_ts_t0064_r01,e4_ts_t0064,22,1.85198,44000,22,5,55.997,94.312,94.312,28,36.651,92.508,177.675,1271,25.123,80.6,121.467,394,163.171,323.152,356.314,41.2005,4.35155,109,112.529,33266.1,51504.9,190,167.768,33092,77422.9,1997,1997,2.00197,0,0,0,0,0,0.197535,0,1,66.7528,3,22.7856,28,0.0437632,135868,5178,7463,40.9619,13096,4408,103.305
e4_ts_t0064_r01,e4_ts_t0064,23,2.02116,46000,23,3,16.083,47.412,47.412,35,33.393,78.43,85.488,1252,19.246,82.325,123.617,404,157.846,316.536,420.142,40.3589,4.33954,118,118.912,32374.8,41352.1,192,150.277,32472.2,60131.2,2004,2004,1.00196,1,0,0,0,0,0.119532,1,1,59.5866,3,20.7199,24.4671,0.0300455,144649,4169,7069,37.0973,11448,4599,63.5327
e4_ts_t0064_r01,e4_ts_t0064,24,2.05242,48000,24,6,15.585,34.795,34.795,22,45.166,87.619,120.004,1298,20.139,75.812,104.474,384,158.088,312.492,392.341,38.388,4.4864,103,81.434,517.535,4753.96,195,147.648,4134.46,5044.29,2008,2008,0.00195312,1,0,0,0,0,0.156876,1,1,59.6239,3,2.7245,3.05175,0.0421143,8540,2862,2284,55.616,1429,4790,65.0024
e4_ts_t0064_r01,e4_ts_t0064,25,2.12838,50000,25,1,54.153,54.153,54.153,28,43.712,107.311,111.526,1281,22.59,78.217,115.363,406,164,317.097,355.93,42.0419,4.24187,83,103.943,10828.2,24789.2,197,177.099,16029.8,25160.5,1996,1996,1.00196,1,0,0,0,0,0.18722,1,1,59.6543,3,9.68119,13.0457,0.0353518,53162,4434,3903,53.1846,4817,4991,77.3254
e4_ts_t0064_r01,e4_ts_t0064,26,2.34353,52000,26,3,37.312,44.222,44.222,24,32.886,83.783,94.491,1296,21.513,88.128,132.703,418,173.537,328.391,369.23,37.9545,4.80017,81,105.458,28298.6,37302.5,185,168.219,28686.2,44949,2007,2007,2.00197,0,0,0,0,0,0.134739,0,2,54.4675,2,25.8652,37.3328,0.0376978,193855,7428,7826,48.6954,13103,5176,55.2435
e4_ts_t0064_r01,e4_ts_t0064,27,2.45131,54000,27,6,37.378,50.65,50.65,16,40.614,163.356,163.356,1289,24.402,81.774,116.278,363,175.091,352.819,529.698,37.2975,5.18757,92,110.097,25742.4,29655,221,179.83,20628.6,26954.6,1987,1987,1.00196,0,0,0,0,0,0.173602,0,1,54.5064,4,12.3657,12.0389,0.0443211,83977,2909,4816,37.657,6709,5398,67.1528
e4_ts_t0064_r01,e4_ts_t0064,28,2.50197,56000,28,8,29.622,52.102,52.102,33,34.775,99.648,104.218,1254,22.433,76.329,96.663,405,146.967,295.286,337.057,31.3654,5.17782,108,105.011,19476.8,29790.9,192,130.843,487.164,19373.2,2000,2000,2.00197,0,0,0,0,0,0.212438,0,1,54.5452,3,7.49708,8,0.0392504,29756,3599,3340,51.8663,5248,5590,75.2084
e4_ts_t0064_r01,e4_ts_t0064,29,2.68297,58000,29,8,45.553,86.776,86.776,23,38.166,67.753,98.235,1274,18.455,78.434,112.685,398,143.538,310.729,366.212,34.9548,4.59369,99,131.745,28567.3,53065.8,199,179.135,36570.8,60280.6,2001,2001,1.00196,1,0,0,0,0,0.105297,1,1,47.2642,3,24.188,27.1589,0.0278749,160615,4267,7764,35.4667,16099,5789,47.9272
e4_ts_t0064_r01,e4_ts_t0064,30,2.77384,60000,30,7,17.789,49.586,49.586,26,39.442,87.732,92.84,1263,18.546,76.733,104.886,407,137.312,299.219,336.538,31.398,4.86929,108,111.014,22640.7,32022,191,164.816,17239.6,32468.8,2002,2002,2.00197,1,0,0,0,0,0.14227,1,1,47.3012,3,9.74383,11.0512,0.0418577,71263,3579,3910,47.7901,4079,5979,59.0311
e4_ts_t0064_r01,e4_ts_t0064,31,2.96313,62000,31,6,25.803,60.346,60.346,22,49.845,90.908,93.772,1272,17.884,77.407,106.626,404,131.879,294.865,369.821,29.3144,4.98546,111,131.413,45520.6,72252,186,192.825,34512.2,46261.3,2001,2001,1.00196,1,0,0,0,0,0.0915155,1,1,42.5816,3,24.3148,31.4901,0.0406837,169112,5471,7378,42.5792,13554,6165,43.4107
e4_ts_t0064_r01,e4_ts_t0064,32,2.98524,64000,32,6,40.294,106.383,106.383,23,41.552,75.164,77.792,1296,18.799,72.853,105.773,377,138.957,283.416,355.648,29.0212,5.26519,88,148.312,549.907,889.85,215,205.41,501.151,821.136,2005,2005,2.00197,1,0,0,0,0,0.129796,1,1,42.6199,3,1.1591,1,0.0386953,0,2233,1676,57.1246,185,6380,44.3344
e4_ts_t0064_r01,e4_ts_t0064,33,3.15504,66000,33,8,43.086,45.938,45.938,21,34.343,87.842,95.817,1251,18.913,79.685,105.688,429,139.771,303.084,349.118,28.9301,5.45994,101,104.715,32494.1,40820.1,189,158.832,32429.6,43177.1,1999,1999,2.00197,1,0,0,0,0,0.166134,1,1,42.6563,3,24.5998,27.0469,0.0405703,148892,4849,7534,39.1585,12126,6569,71.4357
e4_ts_t0064_r01,e4_ts_t0064,34,3.25051,68000,34,7,54.15,73.4,73.4,18,44.798,92.666,92.666,1288,16.963,73,107.675,399,133.159,296.715,379.653,30.8872,4.95829,90,174.336,39300.6,45125.4,197,215.082,886.122,43937.2,1999,1999,2.00197,1,0,0,0,0,0.0975361,1,1,38.3374,3,7.88134,10.2398,0.038476,74442,2792,3470,44.5864,4206,6767,39.0855
e4_ts_t0064_r01,e4_ts_t0064,35,3.27823,70000,35,6,82.048,90.191,90.191,36,40.87,95.674,96.487,1258,18.507,79.437,106.109,408,135.21,300.833,381.561,25.3309,6.07094,114,113.315,619.1,7541.89,177,134.409,500.307,7252.18,1999,1999,1.00196,0,0,0,0,0,0.148993,0,1,38.3888,3,4.66181,5.05012,0.0557394,7463,3155,2262,58.2426,2352,6943,44.1776
e4_ts_t0064_r01,e4_ts_t0064,36,3.40885,72000,36,5,34.9,77.892,77.892,22,48.236,82.18,97.081,1292,18.793,79.831,132.697,391,132.448,311.313,604.193,20.1535,7.73285,84,201.078,35395.4,40321.4,208,242.544,22580.7,36023.7,2002,2002,2.00197,0,0,0,0,0,0.178185,0,1,38.418,3,17.306,23.0441,0.0339651,108477,5105,5279,49.1622,9089,7147,67.2732
e4_ts_t0064_r01,e4_ts_t0064,37,3.46959,74000,37,7,31.655,59.291,59.291,25,37.329,100.932,125.33,1244,19.863,93.263,137.525,412,153.636,350.475,427.298,23.3471,7.6169,107,104.658,6075.16,18328.2,208,168.453,10864,18645.4,2003,2003,1.00196,0,0,0,0,0,0.132866,0,2,34.8677,3,4.68183,6.73484,0.039093,36253,3843,1989,65.8951,2117,7358,35.8297
e4_ts_t0064_r01,e4_ts_t0064,38,3.49144,76000,38,9,63.255,77.907,77.907,21,43.247,85.424,85.55,1270,18.343,83.048,118.642,384,143.375,352.574,421.227,21.138,7.74254,106,104.849,383.821,778.787,201,166.014,450.492,773.915,1991,1991,2.00197,1,0,0,0,0,0.159989,1,1,34.8948,3,2.90357,2,0.0415497,0,2475,1920,56.314,1953,7558,38.7285
e4_ts_t0064_r01,e4_ts_t0064,39,3.65398,78000,39,4,52.689,82.112,82.112,18,49.969,94.783,94.783,1224,19.879,88.888,131.039,424,141.48,310.537,377.156,19.2547,8.14446,101,168.168,22928.9,36179.5,227,190.847,27229.6,35207.5,1998,1998,1.00196,0,0,0,0,0,0.0854158,0,1,30.3828,4,25.4334,28.3477,0.0488749,139257,4752,7370,39.2015,15215,7786,31.3964
e4_ts_t0064_r01,e4_ts_t0064,40,3.67562,80000,40,6,45.69,93.316,93.316,33,47.31,80.569,166.867,1266,16.987,74.611,104.599,375,128.732,299.003,369.715,21.288,7.0334,111,172.316,504.415,782.814,214,194.55,453.443,731.614,2005,2005,2.00197,1,0,0,0,0,0.111496,1,1,30.4089,3,2.39965,2,0.0263567,0,1961,1789,52.2933,1009,8000,33.2816
e4_ts_t0064_r01,e4_ts_t0064,41,3.70506,82000,41,7,30.13,92.889,92.889,17,45.774,90.925,90.925,1286,18.086,74.973,103.561,391,130.321,303.506,362.435,19.5396,7.62995,93,123.11,458.92,8656.06,204,167.421,716.243,8544.92,1998,1998,2.00197,1,0,0,0,0,0.140279,1,1,30.4377,3,4.6081,5.04605,0.0337954,8527,3031,2070,59.4197,1416,8202,39.374
e4_ts_t0064_r01,e4_ts_t0064,42,3.76562,84000,42,7,20.608,113.479,113.479,25,44.22,85.164,85.277,1291,17.426,79.894,105.622,405,137.169,292.282,343.672,21.2,7.22006,94,108.304,3405.31,18055.3,176,178.633,15848.9,19322.7,1998,1998,2.00197,1,0,0,0,0,0.176823,1,1,30.4742,3,8.98098,13.0454,0.0414705,39387,4282,3075,58.2031,3736,8381,51.4701
e4_ts_t0064_r01,e4_ts_t0064,43,3.83028,86000,43,6,41.424,104.222,104.222,27,50.926,76.651,97.039,1315,17.199,72.045,101.735,377,124.486,288.156,339.723,17.7798,8.00999,86,158.711,20463.9,27173.7,184,192.982,18245.1,24922.8,1995,1995,1.00196,1,0,0,0,0,0.130907,1,1,28.0682,3,5.52055,7.93726,0.0399189,44697,3269,2207,59.6969,3037,8565,28.9926
e4_ts_t0064_r01,e4_ts_t0064,44,3.90191,88000,44,2,21.323,21.323,21.323,20,52.043,82.843,82.843,1283,17.463,75.507,113.597,390,134.409,298.116,346.976,17.4949,8.65576,103,130.205,15113.2,20511.8,208,203.242,13085,20506.3,2006,2006,2.00197,0,0,0,0,0,0.177855,0,1,28.1151,3,5.77418,5.04695,0.052516,49999,2955,2481,54.3598,3496,8771,35.0902
e4_ts_t0064_r01,e4_ts_t0064,45,4.02146,90000,45,8,20.111,48.262,48.262,23,31.325,100.496,169.88,1269,17.635,74.248,99.588,386,127.465,272.966,370.223,17.7098,7.82017,97,116.836,27325.8,35446.8,215,180.665,29977.2,36057.3,1998,1998,1.00196,0,0,0,0,0,0.0840101,0,1,24.507,3,15.2502,19.423,0.0374794,99937,4421,4508,49.5128,10213,8985,25.6322
e4_ts_t0064_r01,e4_ts_t0064,46,4.0427,92000,46,9,32.728,100.727,100.727,31,45.325,109.683,117.316,1235,17.035,75.536,107.323,424,126.603,277.954,347.798,17.5118,8.07824,91,124.982,336.643,956.401,208,170.202,498.627,845.717,1998,1998,2.00197,0,0,0,0,0,0.116055,0,1,24.5391,3,0.899412,0,0.0324621,0,2263,1313,63.283,310,9198,26.226
e4_ts_t0064_r01,e4_ts_t0064,47,4.07099,94000,47,9,32.651,61.589,61.589,28,38.867,94.212,104.399,1265,18.169,69.548,100.919,401,121.259,249.568,329.307,14.2444,9.37584,85,111.612,549.755,7738.26,221,184.624,925.762,8084.81,2009,2009,1.00196,1,0,0,0,0,0.146364,1,1,24.5694,4,1.85529,3.0416,0.0347519,7440,3184,1155,73.381,834,9416,28.6062
e4_ts_t0064_r01,e4_ts_t0064,48,4.13599,96000,48,9,44.719,76.188,76.188,22,45.47,93.747,100.62,1292,16.401,75.184,109.434,384,125.684,246.002,326.104,14.8594,9.12919,104,130.066,2341.68,23023.6,184,225.665,13483.7,22946.3,1995,1995,1.00196,1,0,0,0,0,0.178004,1,1,24.601,3,6.02197,8.04046,0.036397,44811,3726,2206,62.8119,3048,9601,36.6923
e4_ts_t0064_r01,e4_ts_t0064,49,4.22672,98000,49,5,44.251,64.392,64.392,18,47.45,90.074,90.074,1243,16.924,72.901,118.138,435,128.925,310.086,449.77,15.6943,9.40774,99,122.554,20504.3,37155.7,198,190.726,15484.9,37472.1,1998,1998,1.00196,1,0,0,0,0,0.140207,1,1,22.4865,3,8.82495,12.3463,0.0466328,69082,3955,3010,56.7839,4770,9797,24.5133
e4_ts_t0064_r01,e4_ts_t0064,50,4.25366,100000,50,10,46.358,78.174,78.174,23,48.224,96.414,115.964,1251,17.711,71.018,102.315,414,127.979,282.805,345.406,14.971,9.44005,100,122.229,2562.77,5338.49,204,208.713,833.506,3742.7,2002,2002,1.00196,1,0,0,0,0,0.170039,1,1,22.5164,3,4.30171,5.04745,0.0345383,5348,2982,1896,61.1316,1933,10003,29.6018
e4_ts_t0064_r01,e4_ts_t0064,51,4.28593,102000,51,6,58.002,104.661,104.661,25,44.74,90.903,102.968,1298,17.551,80.183,115.2,391,125.242,269.586,335.259,13.4527,10.0485,78,129.997,3604.92,9634.15,200,196.923,3157.05,9876.76,1998,1998,1.00196,1,0,0,0,0,0.204789,1,1,22.5511,3,4.64022,6.04599,0.0398712,12708,3639,1799,66.918,2815,10202,35.6967
e4_ts_t0064_r01,e4_ts_t0064,52,4.34477,104000,52,8,22.076,52.037,52.037,27,33.514,79.545,90.184,1266,16.716,73.653,101.622,418,111.593,261.845,333.676,12.6699,9.6901,94,127.112,7758.87,12508.1,192,177.846,11284,14870,2005,2005,1.00196,1,0,0,0,0,0.125391,1,1,20.1356,3,5.66741,8.01017,0.0323687,40436,3919,2028,65.8988,3738,10397,21.2263
e4_ts_t0064_r01,e4_ts_t0064,53,4.4093,106000,53,7,65.215,148.351,148.351,35,64.139,106.002,135.614,1312,26.442,107.687,148.397,387,184.069,401.568,571.183,12.354,16.6134,101,194.971,5070.2,13118.9,195,256.647,13471.2,15975.4,2037,2037,2.00197,0,0,0,0,0,0.172786,0,1,20.183,3,4.68774,5.04739,0.0522394,35511,2862,1942,59.5754,2761,10583,26.3347
e4_ts_t0064_r01,e4_ts_t0064,54,4.43773,108000,54,5,74.928,104.742,104.742,31,56.103,134.059,155.462,1242,27.288,104.064,141.22,411,168.428,373.547,482.728,12.7859,15.0239,87,171.812,481.951,971.039,173,245.061,735.155,999.737,1949,1949,0.00195312,1,0,0,0,0,0.201122,1,1,20.2113,3,2.2758,2,0.028615,0,3257,1214,72.8472,1895,10765,28.3896
e4_ts_t0064_r01,e4_ts_t0064,55,4.52565,110000,55,7,28.586,58.701,58.701,22,64.013,134.737,164.452,1354,21.175,98.568,137.681,362,149.72,325.009,509.349,11.5939,14.3985,98,250.37,13963.1,20107.2,169,272.49,14586.1,19554.6,2012,2012,2.00197,0,0,0,0,0,0.115355,1,1,17.3517,2,9.07537,11.2363,0.0400419,65004,2882,2982,49.1473,6589,10930,19.4857
e4_ts_t0064_r01,e4_ts_t0064,56,4.56168,112000,56,4,34.419,55.569,55.569,30,68.988,143.36,191.06,1252,24.394,100.36,133.794,423,163.135,339.727,422.639,12.2577,14.1873,89,183.675,2452.03,8235.4,198,303.272,706.238,8574.52,1996,1996,2.00197,0,0,0,0,0,0.147268,1,1,17.3836,3,4.80592,6.04918,0.0363588,8478,3186,1877,62.9271,1824,11128,25.5774
e4_ts_t0064_r01,e4_ts_t0064,57,4.61194,114000,57,3,107.915,134.584,134.584,28,48.479,110.311,126.139,1276,24.015,101.786,133.321,400,156.545,322.586,446.43,11.1375,15.0102,82,231.558,5663.01,12379.3,210,287.01,5884.06,11944.2,1999,1999,2.00197,0,0,0,0,0,0.17777,0,1,17.4141,3,5.94582,8.04196,0.0351906,22848,3908,1969,66.4965,3258,11340,34.4958
e4_ts_t0064_r01,e4_ts_t0064,58,4.6382,116000,58,8,66.041,173.251,173.251,10,65.778,86.657,86.657,1301,22.128,95.299,128.472,374,133.207,313.294,425.855,9.40374,15.6743,92,198.831,624.825,1107.59,213,293.235,877.812,1039.67,1998,1998,1.00196,1,0,0,0,0,0.1263,2,1,15.9511,4,0.691509,0.824815,0.0355806,0,2173,772,73.7861,132,11554,17.2438
e4_ts_t0064_r01,e4_ts_t0064,59,4.66648,118000,59,6,57.817,113.68,113.68,27,48.792,84.115,108.387,1278,17.119,75.109,106.496,379,117.947,248.629,349.054,10.6227,12.4064,106,166.384,1692.5,3151.93,205,211.888,2635.64,3455.14,2001,2001,2.00197,0,0,0,0,0,0.170456,0,1,15.9953,3,2.40754,2.04182,0.0496731,7560,2774,1153,70.6392,1593,11756,20.2525
e4_ts_t0064_r01,e4_ts_t0064,60,4.69894,120000,60,6,75.616,104.462,104.462,30,53.977,101.857,107.236,1237,17.439,70.951,93.631,436,114.155,262.748,306.988,9.95413,12.7877,96,146.909,4428.93,5912.55,197,238.303,3645.39,5652.27,2002,2002,2.00197,0,0,0,0,0,0.205617,0,1,16.0304,3,2.21298,4.04866,0.0398216,11772,3611,1068,77.1746,1238,11954,23.3578
e4_ts_t0064_r01,e4_ts_t0064,61,4.76086,122000,61,4,53.822,108.087,108.087,29,42.885,128.226,140.221,1282,18.759,76.011,107.283,379,120.372,249.51,348.581,10.1609,13.3893,105,222.994,7751.17,12617,197,261.687,7981.59,15381.2,1996,1996,2.00197,0,0,0,0,0,0.129713,0,2,13.9421,3,5.4369,7.81236,0.0396576,38863,3881,1776,68.6053,5008,12151,0
e4_ts_t0064_r01,e4_ts_t0064,62,4.7896,124000,62,6,15.815,133.817,133.817,24,54.011,104.499,142.331,1268,25.263,97.475,127.406,404,169.288,330.95,442.883,8.55941,21.2895,100,213.073,552.526,971.151,202,253.508,822.707,1093.51,2004,2004,2.00197,0,0,0,0,0,0.167416,1,1,13.9798,3,2.31855,2,0.0381203,0,2637,1197,68.7793,1221,12356,17.2491
e4_ts_t0064_r01,e4_ts_t0064,63,4.85578,126000,63,3,108.326,164.411,164.411,33,50.518,128.621,270.765,1255,25.452,95.917,133.708,403,158.649,299.781,457.77,7.74194,22.5428,101,255.319,8993.73,10132.7,202,368.79,8581.22,9636.97,1997,1997,2.00197,1,0,0,0,0,0.189048,1,1,14.0014,3,7.55563,8.04606,0.0402937,37830,3671,2411,60.3584,5493,12555,0
e4_ts_t0064_r01,e4_ts_t0064,64,4.89775,128000,64,9,38.165,92.312,92.312,27,49.638,102.19,103.65,1266,17.859,86.364,131.509,407,126.388,277.526,411.243,9.79607,14.712,107,290.445,4271.97,7702.77,186,319.344,4674.27,8349.99,2002,2002,2.00197,1,0,0,0,0,0.099,1,1,12.1048,3,2.36864,3.00575,0.0265894,16178,2027,1231,62.2161,895,12741,14.4378
e4_ts_t0064_r01,e4_ts_t0064,65,4.93104,130000,65,7,67.089,300.584,300.584,24,54.155,134.206,279.723,1256,21.025,93.839,133.091,382,128.037,244.106,367.993,6.98429,20.2149,110,226.994,699.237,5822.18,216,304.648,1033.47,5823.53,1995,1995,0.00195312,1,0,0,0,0,0.148123,1,1,12.1539,3,4.09651,5.05073,0.0538864,5338,2996,1455,67.3107,1759,12960,19.5398
e4_ts_t0064_r01,e4_ts_t0064,66,4.97446,132000,66,7,39.287,151.659,151.659,24,49.093,114.247,150.771,1275,18.143,85.241,124.705,397,125.265,258.34,371.915,7.30982,18.8839,95,222.937,5926.65,9691.74,205,295.689,2703.73,9034.37,2003,2003,0.00195312,1,0,0,0,0,0,1,0,11.1683,4,3.09786,5.11757,0.0370111,18178,3072,1143,72.8826,1618,13163,12.61
e4_ts_t0064_r01,e4_ts_t0064,67,4.99796,134000,67,4,37.978,69.9,69.9,23,51.341,123.638,144.601,1281,14.911,82.696,116.016,396,102.699,230.26,347.239,7.96212,14.3275,94,198.895,476.231,976.216,204,293.542,800.166,1048.16,2002,2002,1.00196,1,0,0,0,0,0.133183,1,1,11.2061,3,0.205487,0,0.0381823,0,1519,613,71.2477,91,13364,12.578
e4_ts_t0064_r01,e4_ts_t0064,68,5.03938,136000,68,6,51.061,141.842,141.842,19,76.681,169.712,169.712,1256,20.475,80.298,112.833,419,122.934,267.781,388.257,7.21957,19.3055,104,286.31,2940.3,3993.93,191,322.478,1640.98,3790.92,1995,1995,2.00197,1,0,0,0,0,0.166966,1,1,11.2398,3,2.22786,2.04308,0.0378685,7552,3208,940,77.3385,1459,13559,14.9418
e4_ts_t0064_r01,e4_ts_t0064,69,5.06937,138000,69,6,48.989,115.722,115.722,22,38.898,125.714,129.979,1299,21.959,91.039,125.072,402,131.337,269.79,343.199,6.21144,23.568,86,207.909,717.19,4411.53,184,326.024,1595.08,2862.5,1999,1999,0.00195312,1,0,0,0,0,0.207018,1,1,11.2799,3,1.09327,2,0.0404692,4281,3272,557,85.4531,719,13744,17.1151
e4_ts_t0064_r01,e4_ts_t0064,70,5.12043,140000,70,11,32.302,78.56,78.56,25,48.47,94.289,102.46,1244,20.197,89.345,116.586,426,132.217,251.915,320.356,6.04225,23.7137,89,307.289,3882.71,5509.03,212,414.551,3825.16,5952.77,2007,2007,1.00196,1,0,0,0,0,0.116394,1,1,9.99476,3,2.97273,5.92613,0.0475178,23770,4092,935,81.4004,2618,13954,11.6514
e4_ts_t0064_r01,e4_ts_t0064,71,5.14638,142000,71,10,47.172,115.461,115.461,20,46.957,91.119,91.119,1280,17.115,83.337,113.346,392,123.367,262.435,388.685,7.43878,19.1014,93,250.699,531.56,1125.92,205,326.161,702.557,1081.76,2000,2000,2.00197,1,0,0,0,0,0.150181,1,1,10.0286,3,1.6169,1,0.0255585,0,2417,1027,70.18,1005,14157,12.4853
e4_ts_t0064_r01,e4_ts_t0064,72,5.19312,144000,72,13,49.016,175.653,175.653,31,51.934,140.551,202.184,1262,20.968,94.951,135.44,411,139.273,302.057,468.468,6.58151,24.2842,84,270.208,2562.62,7719.05,197,318.382,3808.08,8842.25,1998,1998,2.00197,1,0,0,0,0,0.182966,1,1,10.0613,3,3.49964,4.04446,0.0369682,20386,3605,1237,74.4527,2709,14356,16.5837
e4_ts_t0064_r01,e4_ts_t0064,73,5.24607,146000,73,4,32.594,79.708,79.708,30,48.497,100.731,155.205,1254,16.495,85.209,133.82,410,116.776,262.298,396.929,5.72439,23.6449,96,336.517,4820.98,6469.99,209,321.459,4328.03,5851.43,2003,2003,2.00197,0,0,0,0,0,0.104282,0,1,8.6247,3,4.83302,5.52042,0.0469131,27246,2835,1714,62.3214,2778,14567,12.3296
e4_ts_t0064_r01,e4_ts_t0064,74,5.27148,148000,74,8,13.696,59.791,59.791,23,35.891,79.014,88.316,1251,13.648,66.86,218.033,416,91.927,197.401,311.312,6.35817,16.6136,109,149.635,2217.76,3471.84,190,196.296,2248.68,3516.9,1997,1997,2.00197,0,0,0,0,0,0.143729,0,1,8.66415,3,2.93781,4.0497,0.0438499,5474,3398,1127,75.0939,1505,14755,16.2158
e4_ts_t0064_r01,e4_ts_t0064,75,5.29396,150000,75,3,64.87,83.157,83.157,25,34.578,66.147,71.756,1257,11.281,54.583,82.85,423,73.506,150.139,238.604,4.9409,16.9624,78,156.01,1069.6,3043.12,217,227.009,2115.18,3069.11,2003,2003,2.00197,1,0,0,0,0,0.0830832,1,1,7.88061,3,0.810571,1.79753,0.030324,2099,2931,579,83.5043,442,14974,9.42289
e4_ts_t0064_r01,e4_ts_t0064,76,5.30914,152000,76,2,41.897,41.897,41.897,25,30.566,63.727,151.469,1292,10.836,49.259,79.789,417,71.176,146.298,199.245,4.753,16.8373,91,119.026,950.677,1061.07,174,144.263,797.019,1027.27,2001,2001,2.00197,1,0,0,0,0,0.119755,1,1,7.91729,3,2.01245,2,0.0395174,0,2756,902,75.3417,685,15146,11.4761
e4_ts_t0064_r01,e4_ts_t0064,77,5.33549,154000,77,4,45.235,70.091,70.091,22,48.198,75.472,89.836,1279,16.177,65.174,94.461,377,97.226,185.893,259.059,6.32361,16.883,91,167.38,1336.67,2477.78,227,266.234,1431.49,2499.04,2000,2000,2.00197,0,0,0,0,0,0.160234,0,1,7.95777,3,2.91413,4.04502,0.0326862,5370,3201,1096,74.4938,1319,15375,15.5556
e4_ts_t0064_r01,e4_ts_t0064,78,5.3662,156000,78,7,33.33,77.16,77.16,32,41.077,76.818,88.264,1288,11.3,68.4,96.847,378,82.409,173.866,259.967,5.34392,16.6916,101,254.051,3005.87,6399.98,193,288.32,2663.73,5497.06,1999,1999,2.00197,0,0,0,0,0,0.112875,0,1,7.3428,3,0.688955,1.27031,0.0417747,11763,1420,537,72.56,380,15566,8.92492
e4_ts_t0064_r01,e4_ts_t0064,79,5.38629,158000,79,4,35.999,62.469,62.469,35,34.159,71.849,87.28,1266,14.313,62.241,86.879,395,87.989,172.825,263.997,4.12152,22.3978,96,204.237,693.79,912.259,199,281.348,664.201,908.569,1995,1995,2.00197,0,0,0,0,0,0.149419,0,1,7.37935,3,0.713448,0,0.0369616,0,2466,541,82.0086,425,15767,9.97812
e4_ts_t0064_r01,e4_ts_t0064,80,5.41637,160000,80,10,25.178,87.234,87.234,23,40.968,98.022,144.218,1236,17.719,69.887,93.345,391,103.626,201.201,262.401,4.55499,24.1207,108,252.272,1476.26,2671.55,230,278.726,1559.94,3426.92,1998,1998,2.00197,1,0,0,0,0,0.182726,1,1,7.41265,4,1.74705,3.04615,0.0376606,6436,3311,627,84.0782,1291,15994,12.0991
e4_ts_t0064_r01,e4_ts_t0064,81,5.44998,162000,81,5,16.369,21.568,21.568,39,42.669,134.658,142.593,1282,18.461,75.887,100.915,390,114.91,220.213,287.024,4.95385,24.6188,86,241.322,3536.27,4302.29,203,293.171,3688.75,4464.38,2005,2005,2.00197,1,0,0,0,0,0.215389,1,1,7.44532,3,1.59826,3.04469,0.0373497,10740,3452,549,86.2784,1564,16197,15.6403
e4_ts_t0064_r01,e4_ts_t0064,82,5.47512,164000,82,7,40.372,109.951,109.951,23,48.24,79.636,102.111,1254,16.059,71.703,100.475,416,104.415,201.153,269.16,3.60817,30.6869,99,217.731,956.773,2434.68,201,288.664,987.214,2474.82,2000,2000,2.00197,1,0,0,0,0,0.139886,1,1,6.58372,3,1.01649,0.443839,0.0479956,2221,2465,682,78.3286,456,16399,9.25985
e4_ts_t0064_r01,e4_ts_t0064,83,5.50154,166000,83,10,71.075,136.72,136.72,26,44.421,97.224,99.051,1265,16.909,75.622,109.087,399,105.879,235.056,359.943,4.39599,25.8911,110,196.058,778.818,2146.45,187,292.032,1558.64,2765.6,1997,1997,1.00196,1,0,0,0,0,0.173376,1,1,6.61722,3,2.22378,3.04512,0.0282402,4297,3183,833,79.258,1758,16588,11.3545
e4_ts_t0064_r01,e4_ts_t0064,84,5.53438,168000,84,5,51.854,133.455,133.455,26,50.521,76.424,128.106,1239,16.345,77.428,109.891,416,94.582,224.037,308.493,3.73798,27.7289,108,242.58,2876.82,4766.97,209,349.569,2668.66,4143.06,2003,2003,2.00197,1,0,0,0,0,0,1,0,5.8032,3,1.31684,2.75808,0.0573921,9742,2456,677,78.3913,915,16794,7.52919
e4_ts_t0064_r01,e4_ts_t0064,85,5.55683,170000,85,5,22.869,95.419,95.419,39,43.095,154.949,155.09,1252,15.293,81.555,133.332,405,90.395,181.078,241.382,3.65185,26.6141,104,205.648,509.851,764.32,192,316.511,846.929,1028.96,1997,1997,1.00196,0,0,0,0,0,0.151181,1,1,5.85718,3,1.05859,1,0.0405607,0,2055,572,78.2261,750,16989,8.57166
e4_ts_t0064_r01,e4_ts_t0064,86,5.58597,172000,86,7,24.54,80.588,80.588,33,28.575,90.161,92.167,1232,16.926,82.477,116.627,429,100.295,218.596,303.281,4.56876,23.7842,95,218.501,2498.16,3527.7,204,315.204,1170.63,3354.11,2000,2000,2.00197,0,0,0,0,0,0.18626,1,1,5.89226,3,2.37103,3.04722,0.0392199,6544,3576,810,81.5321,2073,17189,12.7285
e4_ts_t0064_r01,e4_ts_t0064,87,5.60749,174000,87,6,35.895,81.31,81.31,25,46.541,111.283,255.377,1266,14.784,72.658,125.21,396,85.144,203.632,299.805,3.77778,25.7267,106,208.533,559.972,767.102,200,258.027,599.356,859.25,1999,1999,2.00197,0,0,0,0,0,0.0938454,0,1,5.14716,3,0.3102,1.05332,0.0332422,0,2024,415,82.9848,98,17391,6.90754
e4_ts_t0064_r01,e4_ts_t0064,88,5.62733,176000,88,4,44.693,63.904,63.904,27,29.666,75.927,93.995,1279,16.516,72.198,93.731,390,95.896,194.485,265.808,3.3359,31.6391,101,191.494,454.239,833.383,205,234.801,499.054,818.107,2006,2006,1.00196,2,0,0,0,0,0.1236,2,1,5.17692,4,0.930707,1,0.043005,0,2726,478,85.0811,362,17595,7.97144
e4_ts_t0064_r01,e4_ts_t0064,89,5.65939,178000,89,2,33.459,33.459,33.459,22,34.985,89.125,101.4,1248,15.599,66.327,104.294,411,91.38,175.184,249.529,3.82482,25.795,107,235.965,2321.66,2501.69,198,287.811,2337.5,2650.18,1988,1988,2.00197,0,0,0,0,0,0.183945,1,2,5.23726,3,1.3126,2.04939,0.0520887,12802,3672,476,88.5246,821,17796,10.0761
e4_ts_t0064_r01,e4_ts_t0064,90,5.68642,180000,90,4,63.95,64.397,64.397,28,52.368,113.306,121.877,1296,14.877,68.475,100.499,358,93.374,167.23,227.163,2.89665,32.8703,112,264.571,2340.92,2658.05,209,307.907,2359.12,2617.23,2007,2007,2.00197,1,0,0,0,0,0.123267,1,1,4.77047,3,0.487634,1.69465,0.0267096,6425,2338,377,86.1142,485,18004,6.59467
e4_ts_t0064_r01,e4_ts_t0064,91,5.70619,182000,91,2,42.924,42.924,42.924,26,34.712,73.816,99.489,1305,13.607,64.775,87.44,364,87.661,177.54,238.148,2.43132,39.5385,116,158.953,570.577,914.149,190,276.564,568.746,933.795,2003,2003,2.00197,1,0,0,0,0,0.168386,1,1,4.81559,3,1.2411,1,0.0455379,0,2287,543,80.8127,559,18192,7.66469
e4_ts_t0064_r01,e4_ts_t0064,92,5.73347,184000,92,8,52.05,124.32,124.32,30,31.716,104.607,107.571,1263,16.505,69.413,108.586,371,104.808,200.776,278.294,3.40701,33.1028,118,238.287,1432.28,1549.09,210,274.098,1456.06,1677.87,2000,2000,2.00197,1,0,0,0,0,0.204925,1,1,4.85212,3,1.2122,2.05376,0.0421066,5394,3094,483,86.4971,743,18401,9.77985
e4_ts_t0064_r01,e4_ts_t0064,93,5.76545,186000,93,5,34.409,97.351,97.351,25,47.875,89.256,116.03,1229,15.477,66.407,92.245,419,93.067,190.205,235.348,3.01193,33.9285,97,292.962,1919.34,2457.58,225,334.827,1706.85,2254.11,2000,2000,2.00197,0,0,0,0,0,0.126326,0,1,4.38776,3,0.685262,1.31242,0.0495634,8818,2457,478,83.7138,501,18629,6.26598
e4_ts_t0064_r01,e4_ts_t0064,94,5.78561,188000,94,6,46.577,76.405,76.405,22,48.235,90.204,98.129,1303,15.383,61.783,81.152,376,97.634,191.073,266.538,3.56915,29.3762,108,198.42,602.943,702.829,185,258.299,685.152,943.727,2000,2000,2.00197,1,0,0,0,0,0.156954,1,1,4.41838,3,0.922445,1,0.0426731,0,2299,496,82.254,443,18814,0
e4_ts_t0064_r01,e4_ts_t0064,95,5.81745,190000,95,7,27.025,117.659,117.659,17,36.144,130.819,130.819,1261,18.654,71.296,96.895,403,110.698,193.929,293.4,2.54839,45.4603,98,281.215,2142.5,2680.93,214,365.603,1758.69,2572.64,2000,2000,0.00195312,1,0,0,0,0,0.202623,1,1,4.46405,4,1.46793,2.05316,0.0388336,7537,3484,520,87.013,1308,19026,10.3179
e4_ts_t0064_r01,e4_ts_t0064,96,5.8383,192000,96,10,32.56,67.933,67.933,35,54.894,114.8,147.964,1292,17.953,76.076,116.04,373,108.684,213.181,266.105,2.83914,39.9121,114,165.027,466.211,555.491,179,248.348,561.732,739.634,2003,2003,1.00196,0,0,0,0,0,0.118769,0,1,4.00569,2,1.03874,0.886917,0.0428896,0,2040,580,77.8626,310,19206,6.93572
e4_ts_t0064_r01,e4_ts_t0064,97,5.86219,194000,97,6,22.457,29.67,29.67,24,40.322,104.525,107.144,1275,16.029,63.744,94.844,416,89.8,208.823,267.707,3.33894,31.7925,94,230.185,859.262,2368.95,186,247.097,1483.54,2423.91,2001,2001,2.00197,1,0,0,0,0,0.141174,1,1,4.02809,3,1.16524,2.0532,0.0386391,4290,3290,498,86.8532,571,19392,9.05211
e4_ts_t0064_r01,e4_ts_t0064,98,5.88582,196000,98,2,118.384,118.384,118.384,34,41.57,113.722,124.677,1182,20.994,77.24,102.648,436,111.534,198.246,255.606,3.55275,31.8148,120,192.17,526.5,774.469,214,241.295,663.59,833.097,1988,1988,0.00195312,1,0,0,0,0,0.108999,2,1,3.74018,4,0.475234,1.63119,0.0451097,0,3389,232,93.5929,342,19608,5.79605
e4_ts_t0064_r01,e4_ts_t0064,99,5.90812,198000,99,6,46.665,112.081,112.081,31,42.598,77.276,87.478,1277,18.256,68.959,89.149,390,113.141,191.865,252.743,3.04872,37.3132,111,213.369,1184.05,1379.14,190,229.867,842.193,1378.88,2005,2005,2.00197,0,0,0,0,0,0.149707,0,2,3.78089,2,1.43354,1.05146,0.0411253,2160,2763,728,79.1464,547,19798,6.81791
e4_ts_t0064_r01,e4_ts_t0064,100,5.93126,200000,100,11,55.593,157.359,157.359,26,55.227,87.187,171.851,1255,18.958,73.943,97.017,389,109.785,179.932,240.332,2.5347,44.302,110,220.499,811.877,1316.51,202,269.157,739.605,1433.64,1993,1993,0.00195312,1,0,0,0,0,0.184729,1,1,3.81591,4,1.0667,2.39084,0.0402975,1086,3052,401,88.3869,622,20000,0
e4_ts_t0064_r02,e4_ts_t0064,1,0.0187588,2000,1,2,30.734,30.734,30.734,26,20.341,41.386,42.23,1255,19.051,46.448,70.397,405,143.863,176.526,289.277,98.9728,1.56571,122,17.453,119.697,262.323,198,38.189,141.393,320.534,2008,2008,0.00195312,1,0,0,0,0,130.701,1,1,130.701,3,0.263557,0,0.031539,0,947,4203,18.3883,0,198,130.798
e4_ts_t0064_r02,e4_ts_t0064,2,0.0313241,4000,2,6,18.768,42.506,42.506,25,19.24,32.261,37.532,1275,18.576,40.786,53.343,374,125.9,172.747,186.294,92.1123,1.35964,101,22.039,80.335,346.115,219,49.572,276.302,401.227,2000,2000,1.00196,1,0,0,0,0,130.738,1,2,130.738,3,2.14334,2,0.0368538,0,2548,3718,40.6639,0,416,133.062
e4_ts_t0064_r02,e4_ts_t0064,3,0.0436132,6000,3,7,19.29,36.317,36.317,28,20.645,38.7,94.226,1216,17.509,38.823,47.095,424,116.567,164.946,179.901,87.4646,1.31684,102,24.48,131.213,238.012,221,51.881,155.132,303.951,1998,1998,1.00196,1,0,0,0,0,130.769,1,1,130.769,3,1.47535,3.04762,0.035676,0,3735,3388,52.4358,2,636,135.961
e4_ts_t0064_r02,e4_ts_t0064,4,0.0555422,8000,4,9,16.006,23.325,23.325,24,17.32,31.216,33.093,1253,16.847,39.026,55.049,429,111.321,157.037,186.269,87.5781,1.24305,82,19.087,234.042,411.234,203,43.605,262.907,333.218,2000,2000,0.00195312,2,0,0,0,0,130.802,2,1,130.802,4,1.25005,2.04421,0.0378962,0,4761,2969,61.5912,203,838,138.053
e4_ts_t0064_r02,e4_ts_t0064,5,0.0711499,10000,5,5,21.989,26.957,26.957,26,10.567,31.549,33.083,1251,15.345,34.42,45.763,439,99.071,144.896,165.179,81.6105,1.21,98,35.134,1112.97,2287.68,186,57.652,1130.42,2157.06,2005,2005,1.00196,0,0,0,0,0,130.847,0,2,130.847,2,1.67252,2.04112,0.049612,5265,5562,2668,67.582,319,1027,141.144
e4_ts_t0064_r02,e4_ts_t0064,6,0.0971252,12000,6,5,19.301,23.85,23.85,28,18.685,36.498,40.391,1285,14.257,38.678,52.081,396,99.409,163.017,185.721,79.6035,1.28354,92,62.57,2242.51,3473.57,190,74.762,2248.12,3270.52,1996,1996,1.00196,0,0,0,0,0,130.873,0,1,130.873,3,2.82863,6.18678,0.036294,15925,4740,2559,64.9404,205,1217,146.387
e4_ts_t0064_r02,e4_ts_t0064,7,0.129391,14000,7,11,20.412,49.996,49.996,29,19.775,32.826,37.158,1269,12.406,44.789,77.651,383,108.666,171.935,211.476,76.7624,1.43287,93,61.953,3060.1,3487.68,208,93.924,2370.67,3348.66,1993,1993,1.00196,1,0,0,0,0,130.91,1,1,130.91,4,3.44949,7,0.0491409,20091,5023,2416,67.5225,100,1425,153.454
e4_ts_t0064_r02,e4_ts_t0064,8,0.220084,16000,8,8,28.262,77.484,77.484,26,29.066,68.839,84.119,1250,20.451,66,123.13,419,149.17,309.801,403.711,72.3652,2.2257,112,87.274,7711.31,8755.5,188,151.464,7483.28,8383.74,2003,2003,0.00195312,1,0,0,0,0,130.946,1,1,130.946,3,8.66086,20.0449,0.042449,74498,7914,3580,68.8533,801,1613,173.561
e4_ts_t0064_r02,e4_ts_t0064,9,0.659249,18000,9,8,25.605,44.043,44.043,24,43.9,132.133,182.491,1265,36.192,122.405,183.814,391,288.997,418.243,512.048,71.2481,3.95736,114,9956.82,30305.7,43401.6,206,9299.3,28268.4,33168.7,2008,2008,1.00196,1,0,0,0,0,0.296723,1,2,129.337,3,35.5683,87.094,0.0289555,412170,17488,10688,62.067,4717,1818,146.206
e4_ts_t0064_r02,e4_ts_t0064,10,0.691444,20000,10,5,40.255,94.492,94.492,19,54.294,112.043,112.043,1270,44.87,105.385,123.754,389,327.244,452.265,494.611,67.8072,4.6915,98,52.937,582.191,2401.74,214,113.442,627.677,1716.37,1995,1995,1.00196,1,0,0,0,0,0.325638,1,1,129.366,3,0.592327,0.287226,0.0388126,2147,2648,3066,46.3423,620,2031,129.664
e4_ts_t0064_r02,e4_ts_t0064,11,0.719542,22000,11,3,47.238,54.037,54.037,20,53.705,90.711,90.711,1305,41.702,95.63,116.201,389,290.982,424.479,494.015,64.8869,4.4753,91,47.698,270.934,699.061,191,114.382,458.079,719.215,1999,1999,1.00196,1,0,0,0,0,0.363358,1,1,129.404,3,1.92629,2,0.0381203,0,3057,3050,50.0573,2233,2222,131.711
e4_ts_t0064_r02,e4_ts_t0064,12,0.755603,24000,12,5,38.558,79.67,79.67,24,45.123,94.308,109.278,1257,40.746,95.491,125.346,387,289.62,426.066,512.943,64.9354,4.44306,110,70.815,2436.91,3990.41,213,134.39,1003.58,3929.92,1996,1996,1.00196,0,0,0,0,0,0.409057,0,1,129.449,3,5.60248,4.04433,0.0505619,7473,3742,3570,51.1761,8901,2437,136.808
e4_ts_t0064_r02,e4_ts_t0064,13,0.868204,26000,13,5,57.673,94.355,94.355,21,44.202,92.539,113.651,1253,36.699,99.111,149.685,402,267.595,435.23,555.126,56.8184,4.82557,107,128.086,13341.3,14769,216,172.445,11919.6,14365.3,2004,2004,0.00195312,1,0,0,0,0,0.443011,1,1,129.483,4,20.5089,19.0486,0.0406265,84209,5767,7131,44.7124,34197,2649,155.201
e4_ts_t0064_r02,e4_ts_t0064,14,1.15008,28000,14,4,31.362,111.9,111.9,30,37.327,106.142,125.114,1248,33.202,100.199,151.086,406,247.828,450.614,539.493,56.4606,4.55491,102,468.386,26976.6,28191.5,216,270.146,24850.8,28581.4,2006,2006,1.00196,1,0,0,0,0,0.470661,1,1,129.511,3,41.1542,43.9307,0.0383387,252359,10003,12163,45.1277,74605,2864,198.922
e4_ts_t0064_r02,e4_ts_t0064,15,1.19897,30000,15,4,27.615,36.564,36.564,25,42.149,122.241,125.761,1260,21.04,79.948,115.215,396,152.05,317.964,373.083,52.7146,3.19156,114,70.455,4396.47,21022.2,198,140.361,4359.33,21201.1,1997,1997,1.00196,0,0,0,0,0,0.517922,0,1,129.558,3,7.3922,9.04726,0.0521679,28756,5318,3196,62.4618,14526,3066,208.025
e4_ts_t0064_r02,e4_ts_t0064,16,1.25668,32000,16,8,14.919,66.377,66.377,16,54.234,80.028,80.028,1326,22.272,70.97,105.699,377,186.298,314.913,417.129,53.4005,3.44314,94,89.204,767.789,14507.4,171,134.124,13840.2,18834.4,1992,1992,0.00195312,0,0,0,0,0,0.560656,0,1,129.601,3,8.68307,10,0.0431414,37996,5840,3387,63.2925,18293,3238,218.076
e4_ts_t0064_r02,e4_ts_t0064,17,1.30093,34000,17,4,33.311,101.748,101.748,32,38.092,116.207,135.773,1265,25.326,82.088,107.647,415,169.187,321.194,358.963,52.6217,3.52458,96,70.939,843.386,21224.2,194,139.055,20013.7,22764.4,2006,2006,1.00196,1,0,0,0,0,0.257678,1,2,89.2162,3,2.38498,1.21956,0.0229368,22525,2683,2819,48.7641,1612,3431,91.3082
e4_ts_t0064_r02,e4_ts_t0064,18,1.40029,36000,18,5,37.002,108.239,108.239,21,39.667,97.591,175.691,1262,24.223,72.078,105.228,390,175.764,321.658,386.867,46.359,4.04036,107,124.635,22752.4,25776.1,213,148.007,15087.6,35470.6,1998,1998,2.00197,1,0,0,0,0,0.293975,1,1,89.2525,3,12.5992,12.0475,0.040638,77624,3590,5139,41.1273,11635,3645,101.753
e4_ts_t0064_r02,e4_ts_t0064,19,1.7921,38000,19,6,45.37,96.361,96.361,30,41.98,89.277,112.774,1234,20.119,80.153,118.434,433,183.591,328.664,398.575,50.649,3.72116,115,111.619,49768.2,62077.6,183,171.058,56380.3,79112.3,2001,2001,1.00196,1,0,0,0,0,0.0991421,1,2,69.3342,3,57.354,57.2351,0.0406008,370884,7168,16857,29.8356,62499,3827,94.2991
e4_ts_t0064_r02,e4_ts_t0064,20,1.85951,40000,20,10,41.424,81.944,81.944,22,39.443,77.824,90.652,1257,22.647,75.58,101.193,414,158.028,320.609,370.318,45.5242,3.81514,106,62.475,2217.18,16375.3,193,156.819,17033,33786.3,2002,2002,1.00196,0,0,0,0,0,0.154513,0,1,69.3896,3,4.99211,5.05537,0.0600824,45801,3099,3238,48.9033,2186,4020,74.9152
e4_ts_t0064_r02,e4_ts_t0064,21,2.08833,42000,21,9,27.071,67.597,67.597,27,40.543,67.103,90.746,1264,21.283,75.571,104.712,399,155.124,322.108,366.198,46.5464,3.74225,101,136.065,71929.6,82896.4,195,151.681,33726.4,94212.3,1995,1995,1.00196,0,0,0,0,0,0.191417,0,1,69.4265,3,29.0188,35,0.0373182,207718,6065,9177,39.7914,15541,4216,109.97
e4_ts_t0064_r02,e4_ts_t0064,22,2.24618,44000,22,5,31.589,79.529,79.529,28,33.865,88.075,88.341,1270,19.638,82.401,129.525,393,126.646,320.274,439.226,41.0509,3.80324,112,95.729,41667.8,61075.3,195,146.713,34375.9,61812.8,2003,2003,1.00196,1,0,0,0,0,0.12273,1,1,62.2464,3,21.1944,25.1237,0.0307322,135828,3875,7192,35.014,10717,4410,70.4141
e4_ts_t0064_r02,e4_ts_t0064,23,2.27521,46000,23,3,14.926,16.075,16.075,35,35.298,85.814,151.385,1251,18.599,75.164,107.114,403,138.793,320.232,436.982,40.4591,4.05085,117,68.166,630.749,6425.91,189,111.309,2367.11,6358.83,1998,1998,1.00196,1,0,0,0,0,0.160439,1,1,62.2841,3,4.92535,6.05246,0.042552,8516,3078,2977,50.834,2187,4600,71.8726
e4_ts_t0064_r02,e4_ts_t0064,24,2.39149,48000,24,6,42.938,52.927,52.927,22,41.182,97.51,102.384,1298,18.531,73.562,99.185,382,137.333,296.329,355.403,38.1099,4.05307,102,118.165,20878.1,32429.6,190,161.692,29883.6,33042.8,2000,2000,0.00195312,1,0,0,0,0,0.198045,1,1,62.3217,3,18.4301,23.0533,0.0428953,96630,5025,6111,45.1239,9346,4790,94.9816
e4_ts_t0064_r02,e4_ts_t0064,25,2.52511,50000,25,1,62.531,62.531,62.531,28,41.045,98.699,123.357,1280,21.548,79.768,111.829,411,156.336,316.968,366.674,42.2141,4.22538,84,120.232,20008.9,32735.2,204,196.41,32454.9,46566.8,2008,2008,1.00196,1,0,0,0,0,0.140098,1,2,56.4817,3,19.5325,25.3416,0.0347424,111762,5495,6411,46.1532,10372,4991,58.2551
e4_ts_t0064_r02,e4_ts_t0064,26,2.56113,52000,26,3,34.264,102.951,102.951,24,44.921,91.906,99.159,1294,25.277,87.767,115.666,412,171.544,332.81,366.29,37.8956,5.05784,80,83.927,487.648,12745.8,179,153.383,538.519,12742.3,1992,1992,1.00196,0,0,0,0,0,0.178207,0,1,56.5198,2,8.83834,9,0.0385246,12796,3237,4021,44.5991,5205,5173,67.0993
e4_ts_t0064_r02,e4_ts_t0064,27,2.72532,54000,27,6,49.459,111.482,111.482,16,45.162,105.673,105.673,1293,24.939,84.764,128.575,373,177.165,315.644,371.302,37.2011,5.09183,93,164.82,34899,40207.9,225,220.205,34126.9,39885.9,2006,2006,2.00197,0,0,0,0,0,0.0779886,0,1,48.9971,4,34.2352,38.9636,0.0445347,139390,5409,10057,34.9735,22678,5398,49.7859
e4_ts_t0064_r02,e4_ts_t0064,28,2.74813,56000,28,8,39.284,89.665,89.665,33,38.419,91.664,130.045,1253,21.931,77.61,104.817,402,138.386,296.622,340.951,31.1468,5.13257,108,116.319,507.728,703.395,196,177.205,528.962,985.359,2000,2000,2.00197,1,0,0,0,0,0.104586,1,1,49.0237,3,3.66715,3,0.0268736,0,2098,2640,44.2803,1146,5591,53.667
e4_ts_t0064_r02,e4_ts_t0064,29,2.77983,58000,29,8,44.372,102.771,102.771,23,38.538,92.768,93.552,1276,21.975,80.302,105.098,396,162.284,321.971,415.647,35.1288,5.16998,102,120.085,504.151,9293.36,196,162.144,578.343,9004.38,2001,2001,2.00197,1,0,0,0,0,0.138715,1,1,49.0579,3,7.25124,8.04697,0.039506,8529,3402,3234,51.2658,3125,5788,61.758
e4_ts_t0064_r02,e4_ts_t0064,30,2.92663,60000,30,7,37.336,77.869,77.869,26,40.768,94.675,105.127,1262,20.85,88.941,132.457,408,156.089,302.121,409.933,31.5662,5.46537,106,133.691,24048.1,54388.8,192,188.319,28151.6,54302.5,2001,2001,2.00197,1,0,0,0,0,0.103082,1,1,44.7963,3,24.9092,33.6932,0.0427713,123319,5577,7679,42.0715,12029,5979,45.4753
e4_ts_t0064_r02,e4_ts_t0064,31,3.0675,62000,31,6,35.764,85.508,85.508,22,41.189,108.684,162.858,1271,19.852,84.548,120.814,403,154.452,306.77,372.93,29.139,6.00345,110,119.349,31441.2,32213.6,184,149.064,30829.9,43033,1996,1996,2.00197,0,0,0,0,0,0.153685,0,1,44.8469,3,19.0735,20.0506,0.0553541,117965,3741,6288,37.3018,8181,6165,65.5768
e4_ts_t0064_r02,e4_ts_t0064,32,3.19099,64000,32,6,27.053,45.588,45.588,23,46.212,83.432,108.062,1296,21.849,80.058,105.528,378,151.975,298.089,350.197,29.209,5.73014,88,168.731,40467.4,72401,215,217.55,7492.6,72225.3,2006,2006,2.00197,0,0,0,0,0,0.0849371,0,1,40.385,3,16.3979,20.3,0.034749,100000,4123,5258,43.9505,8815,6380,41.2385
e4_ts_t0064_r02,e4_ts_t0064,33,3.21309,66000,33,8,43.837,64.297,64.297,21,40.264,92.132,94.651,1251,18.111,80.477,100.555,428,137.579,301.443,344.298,28.764,5.4868,101,109.129,532.509,842.922,189,157.426,431.466,848.504,1998,1998,2.00197,1,0,0,0,0,0.113539,1,1,40.4136,3,2.74462,2,0.0288792,0,2344,2187,51.7325,871,6569,43.7235
e4_ts_t0064_r02,e4_ts_t0064,34,3.24129,68000,34,7,25.967,77.834,77.834,18,44.371,95.784,95.784,1287,20.127,78.727,112.147,397,151.06,308.875,379.323,30.796,5.43797,90,123.766,906.168,5770.3,197,198.395,738.525,5566.53,1996,1996,2.00197,1,0,0,0,0,0.145877,1,1,40.4459,3,4.63904,6.04589,0.0383844,5344,3085,2409,56.1522,2181,6767,49.2317
e4_ts_t0064_r02,e4_ts_t0064,35,3.27739,70000,35,6,44.502,115.77,115.77,36,42.018,101.847,102.807,1259,19.803,75.871,102.035,410,141.078,288.896,379.558,25.4463,6.25663,114,115.09,646.972,11868.8,177,161.117,3064.56,12264.1,2002,2002,2.00197,1,0,0,0,0,0.183022,1,1,40.4831,3,5.66975,7.0522,0.0412359,13869,3868,2407,61.6414,3391,6943,56.343
e4_ts_t0064_r02,e4_ts_t0064,36,3.43375,72000,36,5,46.35,374.021,374.021,22,59.142,166.653,273.965,1291,20.808,102.923,178.839,391,166.502,399.473,565.948,20.1535,9.86706,84,178.399,24852.7,36610.1,208,226.394,30213.6,36569,2001,2001,1.00196,1,0,0,0,0,0.135878,1,1,36.9033,3,14.4405,21.7674,0.038208,130063,5153,4653,52.5495,7326,7147,37.6924
e4_ts_t0064_r02,e4_ts_t0064,37,3.5332,74000,37,7,14.868,108.056,108.056,25,53.205,122.5,133.474,1245,20.615,91.3,132.378,411,159.157,352.964,436.585,23.4063,7.75276,107,132.398,14604.7,22639,208,189.338,21367.9,31899.1,2003,2003,1.00196,0,0,0,0,0,0.180805,0,1,36.9482,3,10.5193,10.0449,0.0493031,74500,3349,3871,46.385,6741,7357,48.6053
e4_ts_t0064_r02,e4_ts_t0064,38,3.66824,76000,38,9,48.742,69.076,69.076,21,53.541,102.363,109.187,1272,17.074,79.112,111.751,386,129.46,323.735,370.809,21.0285,6.84049,106,119.334,17933.2,27804,202,175.036,27691.3,45180.4,1996,1996,2.00197,0,0,0,0,0,0.0865469,0,1,31.8988,3,18.0443,21.8123,0.0420341,114723,4350,5493,44.1938,12372,7559,32.8923
e4_ts_t0064_r02,e4_ts_t0064,39,3.68994,78000,39,4,56.886,91.73,91.73,18,45.066,97.289,97.289,1223,16.639,69.731,104.648,426,125.752,289.206,345.974,19.2817,7.18936,102,127.184,624.268,953.474,227,156.509,599.214,857.548,2000,2000,1.00196,1,0,0,0,0,0.120968,1,1,31.9333,4,1.73287,1,0.0348358,0,2494,1721,59.1696,761,7787,34.7831
e4_ts_t0064_r02,e4_ts_t0064,40,3.71502,80000,40,6,41.093,96.421,96.421,33,42.171,90.903,127.009,1263,17.237,75.638,99.16,370,116.375,296.799,366.809,21.327,6.50868,110,154.028,518.878,5486.38,213,160.081,460.939,4885.22,1995,1995,2.00197,1,0,0,0,0,0.157178,1,1,31.9695,3,4.379,5.04403,0.0408649,5335,3025,1869,61.8104,1667,8000,38.9041
e4_ts_t0064_r02,e4_ts_t0064,41,3.76853,82000,41,7,28.159,96.757,96.757,17,33.699,127.657,127.657,1288,16.659,75.793,107.648,392,115.8,283.086,367.282,19.3418,6.91338,93,107.77,674.272,14795.2,205,158.108,11331.1,19660.3,2002,2002,1.00196,1,0,0,0,0,0.185934,1,1,31.9982,3,8.12046,11.0468,0.0337982,34049,3987,2831,58.4776,4005,8202,49.9819
e4_ts_t0064_r02,e4_ts_t0064,42,3.87784,84000,42,7,16.185,36.151,36.151,25,43.61,86.787,87.324,1296,15.623,76.476,101.709,408,124.69,324.497,380.435,21.3995,6.68123,94,106.519,14791.8,15509.9,176,156.701,30617.5,57101.5,2006,2006,2.00197,1,0,0,0,0,0.140211,1,1,29.2746,3,9.31144,12.1344,0.0412416,90424,3695,3426,51.8888,4465,8381,31.1884
e4_ts_t0064_r02,e4_ts_t0064,43,3.91601,86000,43,6,14.822,110.261,110.261,27,27.885,109.031,109.853,1314,16.445,71.392,95.83,380,118.042,294.284,329.897,17.8553,7.5232,87,106.367,5493.55,21051.2,186,151.546,3304.61,15630.7,2000,2000,2.00197,1,0,0,0,0,0.173899,1,1,29.3083,3,2.78983,3.04614,0.039093,20256,2943,1611,64.6245,1882,8565,34.2835
e4_ts_t0064_r02,e4_ts_t0064,44,4.07853,88000,44,2,16.587,16.587,16.587,20,48.185,118.938,118.938,1284,16.232,70.995,102.368,390,112.535,282.241,368.902,17.5974,7.29088,104,141.339,30229.2,48444.3,206,182.526,41461.8,77167,2006,2006,1.00196,1,0,0,0,0,0.0823393,1,1,25.6921,3,17.0249,22.6098,0.0366173,142409,4501,5142,46.6763,11375,8771,26.6466
e4_ts_t0064_r02,e4_ts_t0064,45,4.09781,90000,45,8,17.251,95.372,95.372,23,23.412,95.607,99.031,1265,16.32,76.916,99.698,382,116.962,280.253,340.823,17.4607,7.39344,95,129.981,436.498,855.809,215,151.992,429.584,930.402,1988,1988,2.00197,1,0,0,0,0,0.124172,1,1,25.734,3,3.28365,3,0.0422506,0,2417,1753,57.9616,1102,8985,29.6962
e4_ts_t0064_r02,e4_ts_t0064,46,4.19883,92000,46,9,33.45,93.02,93.02,31,50.03,141.208,303.245,1237,16.752,77.494,99.622,423,123.909,297.246,331.975,17.5508,7.80414,93,110.101,19457.9,53852.3,211,153.692,7907.27,53445.4,2004,2004,0.00195312,0,0,0,0,0,0.172213,0,1,25.782,4,15.1246,20.0899,0.057478,79380,4800,4741,50.3092,6751,9199,49.8715
e4_ts_t0064_r02,e4_ts_t0064,47,4.21898,94000,47,9,45.989,84.852,84.852,28,45.589,141.534,291.915,1260,15.295,65.324,85.386,399,104.383,253.395,328.199,14.2506,8.34328,82,165.193,452.451,1160.22,216,212.47,690.821,1056.17,1994,1994,1.00196,1,0,0,0,0,0.110627,1,1,23.7035,3,0.309228,0.592909,0.0210323,0,2518,745,77.1683,160,9415,24.794
e4_ts_t0064_r02,e4_ts_t0064,48,4.23857,96000,48,9,22.177,77.48,77.48,22,35.17,56.484,89.283,1296,15.464,67.887,97.151,388,118.162,248.696,309.15,14.8814,8.70406,105,89.54,346.663,562.172,187,162.7,428.919,834.903,2007,2007,1.00196,1,0,0,0,0,0.144393,1,1,23.7373,3,3.08207,3,0.0341835,0,2524,1529,62.2749,1268,9601,27.7541
e4_ts_t0064_r02,e4_ts_t0064,49,4.26789,98000,49,5,26.047,50.651,50.651,18,55.777,176.369,176.369,1241,16.597,73.59,111.293,433,116.181,278.482,382.221,15.6697,8.79253,98,92.27,798.118,8283.53,197,184.329,680.047,8879.89,1992,1992,1.00196,1,0,0,0,0,0.187398,1,1,23.7803,3,5.13464,6.04649,0.0482731,8523,3485,2074,62.6911,3242,9797,33.8558
e4_ts_t0064_r02,e4_ts_t0064,50,4.32869,100000,50,10,42.756,128.176,128.176,23,28.03,88.166,94.345,1247,15.6,65.977,92.763,410,110.567,244.02,314.518,14.622,8.2994,101,100.293,2111.14,14374.1,203,189.475,4898.6,24990.5,1994,1994,1.00196,1,0,0,0,0,0,1,0,21.0583,3,9.04919,12.0006,0.0336218,40441,3888,2923,57.0841,5693,10003,22.2388
e4_ts_t0064_r02,e4_ts_t0064,51,4.34718,102000,51,6,55.271,108.959,108.959,25,40.087,75.931,93.179,1302,14.299,67.316,106.602,392,101.271,244.094,305.76,13.801,8.15185,77,119.494,531.103,677.136,199,143.431,398.298,758.222,2001,2001,1.00196,1,0,0,0,0,0.144437,1,1,21.0971,3,1.62056,1,0.0392056,0,2089,1266,62.2653,928,10201,23.1755
e4_ts_t0064_r02,e4_ts_t0064,52,4.38188,104000,52,8,31.438,144.489,144.489,27,67.57,126.606,160.302,1314,22.775,97.511,128.001,438,145.12,340.965,449.262,12.3836,12.9517,99,206.068,2064.92,8643.37,199,272.992,1017.48,6455.55,2085,2085,2.00197,0,0,0,0,0,0.185479,1,1,21.1381,3,2.03373,2.04394,0.0453081,8628,3229,1142,73.8733,1070,10397,25.6646
e4_ts_t0064_r02,e4_ts_t0064,53,4.4947,106000,53,7,21.263,63.388,63.388,35,49.08,128.994,142.561,1241,18.639,82.241,129.76,363,127.583,287.594,467.874,12.9201,10.8728,94,243.382,26488.5,33323.4,185,328.056,26862,33112.2,1925,1925,2.00197,1,0,0,0,0,0.0953655,1,1,18.6498,3,11.061,15.5545,0.029398,90133,3852,3454,52.7238,7487,10582,19.7712
e4_ts_t0064_r02,e4_ts_t0064,54,4.53821,108000,54,5,22.947,117.162,117.162,31,49.998,135.211,142.666,1266,19.083,88.415,115.89,420,114.593,310.253,426.461,12.5524,10.7757,92,138.421,9024.67,18030.8,183,212.473,3797.2,14353.4,1997,1997,1.00196,0,0,0,0,0,0.141635,0,1,18.6961,3,2.87824,3.04627,0.0511656,22538,3185,1508,67.867,1486,10768,22.8618
e4_ts_t0064_r02,e4_ts_t0064,55,4.55871,110000,55,7,23.849,74.8,74.8,22,51.872,92.537,111.179,1355,19.445,88.484,118.614,360,134.569,291.353,440.153,11.6556,12.1541,96,156.088,463.693,1059.61,161,213.061,595.774,994.297,2001,2001,1.00196,0,0,0,0,0,0.170841,1,1,18.7253,2,1.35299,2,0.0293455,0,2840,844,77.0901,508,10930,24.9069
e4_ts_t0064_r02,e4_ts_t0064,56,4.6673,112000,56,4,40.027,49.397,49.397,30,32.904,117.736,185.396,1250,17.209,84.226,133.704,422,126.715,306.689,431.347,12.2299,11.0353,88,172.499,18316.4,24705.2,199,277.104,24476.8,34049.7,1993,1993,1.00196,1,0,0,0,0,0.0997858,1,1,16.7712,3,10.6227,13.6714,0.0247288,85278,3456,3533,49.4491,5845,11129,19.9447
e4_ts_t0064_r02,e4_ts_t0064,57,4.69842,114000,57,3,55.544,178.362,178.362,28,32.482,107.755,147.435,1276,20.807,97.863,128.472,401,117.865,308.841,420.863,11.1696,12.1659,83,168.102,1144.46,7712.6,211,248.08,1375,4881.05,2002,2002,2.00197,0,0,0,0,0,0.14167,0,1,16.8131,3,4.27865,5.04118,0.0465317,7604,3119,1615,65.8851,1812,11340,25.0303
e4_ts_t0064_r02,e4_ts_t0064,58,4.73184,116000,58,8,59.106,113.085,113.085,10,46.607,124.285,124.285,1304,20.03,91.941,117.194,376,125.829,294.503,377.825,9.59574,14.0076,92,181.405,687.98,10950.7,214,262.258,1059.61,10833.5,2004,2004,2.00197,1,0,0,0,0,0.17277,1,1,16.8442,4,4.11298,5.04348,0.0358353,10607,3433,1443,70.4061,2852,11554,30.9096
e4_ts_t0064_r02,e4_ts_t0064,59,4.77043,118000,59,6,85.961,87.717,87.717,27,42.042,98.332,341.898,1276,18.087,93.381,131.442,377,112.372,294.992,449.081,10.4297,12.9001,105,177.845,6626.17,12533.1,202,253.367,776.394,8500.73,1993,1993,2.00197,1,0,0,0,0,0.120323,1,1,15.2979,3,2.10663,3.17758,0.0360832,14945,2762,1093,71.6472,884,11755,16.5355
e4_ts_t0064_r02,e4_ts_t0064,60,4.81857,120000,60,6,29.783,58.544,58.544,30,42.619,117.01,117.862,1237,15.448,64.815,104.611,435,101.412,240.015,314.764,9.97241,11.9522,97,140.397,674.105,12450.3,201,175.922,9152.79,17640.6,2006,2006,2.00197,0,0,0,0,0,0.169338,0,1,15.3469,3,6.9743,8.04902,0.0536823,29152,3540,2440,59.1973,5065,11955,24.6287
e4_ts_t0064_r02,e4_ts_t0064,61,4.86677,122000,61,4,44.831,56.647,56.647,30,45.752,131.529,271.123,1285,19.334,83.8,122.354,382,125.899,268.071,381.934,10.089,13.9458,105,230.56,7737.45,10275.5,196,271.532,7085.39,18017.7,2002,2002,1.00196,1,0,0,0,0,0,1,0,13.1409,3,4.08722,5.06669,0.0254908,24809,2974,1483,66.7265,3183,12152,14.4193
e4_ts_t0064_r02,e4_ts_t0064,62,4.8913,124000,62,6,39.58,105.165,105.165,23,54.673,119.091,157.296,1267,19.468,87.927,115.935,404,122.638,273.342,383.965,8.59653,15.9878,102,175.756,676.252,1045.92,202,239.83,841.756,1084.79,2004,2004,1.00196,1,0,0,0,0,0.112334,1,1,13.179,3,2.64424,2,0.0385246,0,2254,1288,63.6364,1216,12356,16.8054
e4_ts_t0064_r02,e4_ts_t0064,63,4.92177,126000,63,3,30.892,74.558,74.558,33,40.538,103.835,162.13,1255,20.878,90.74,131.481,401,127.952,265.733,381.168,7.74065,17.9904,99,215.527,674.118,5711.65,200,275.834,998.342,5780.92,1991,1991,2.00197,0,0,0,0,0,0.161848,0,1,13.2285,3,3.74358,5.04523,0.0546598,5371,3227,1380,70.0456,1862,12555,21.5638
e4_ts_t0064_r02,e4_ts_t0064,64,4.97348,128000,64,9,27.443,85.676,85.676,27,52.116,125.621,137.982,1261,21.041,96.579,126.514,407,143.487,300.512,405.116,9.79607,16.0518,107,212.911,7444.98,12050.9,191,290.839,7504.12,12284.5,2002,2002,2.00197,0,0,0,0,0,0.111009,0,1,12.1021,3,4.73285,5.9911,0.0386915,25637,2877,1814,61.3302,1753,12743,14.4115
e4_ts_t0064_r02,e4_ts_t0064,65,5.00931,130000,65,7,33.28,124.227,124.227,24,69.61,139.527,164.02,1260,22.772,105.199,138.153,382,144.493,287.362,413.622,6.98429,21.9807,111,213.97,2632.15,5679.81,216,288.349,859.958,5856.4,2000,2000,0.00195312,1,0,0,0,0,0.147061,1,1,12.1382,4,4.94299,6.05007,0.0407295,8552,2935,1721,63.0369,1909,12959,20.5225
e4_ts_t0064_r02,e4_ts_t0064,66,5.05416,132000,66,7,63.986,83.06,83.06,24,66.501,122.886,176.811,1273,22.73,92.698,118.677,397,141.502,299.865,424.212,7.31234,20.7248,94,202.03,3987.71,5697.17,203,324.204,2470.45,5941.94,1998,1998,0.00195312,1,0,0,0,0,0.0994978,1,1,11.1724,3,4.38045,5.07288,0.0368319,11801,2916,1589,64.7281,1854,13164,13.5256
e4_ts_t0064_r02,e4_ts_t0064,67,5.08685,134000,67,4,60.293,74.615,74.615,23,56.19,129.533,136.493,1282,19.091,81.861,128.601,397,126.746,260.258,372.822,7.94207,17.7151,94,194.606,3276.01,5592.8,202,290.414,1300.09,5095.91,2002,2002,1.00196,1,0,0,0,0,0.132972,1,1,11.2059,3,5.40314,6.04593,0.0382748,7606,2992,1907,61.0737,2249,13364,20.6386
e4_ts_t0064_r02,e4_ts_t0064,68,5.11197,136000,68,6,44.102,91.175,91.175,19,74.336,125.218,125.218,1256,20.375,89.719,112.639,420,124.664,252.455,337.203,7.25714,18.7991,106,161.539,581.12,690.732,195,289.474,649.956,1125.03,2002,2002,1.00196,1,0,0,0,0,0.0835562,1,1,10.2198,3,1.76682,3.13621,0.0380478,0,2899,892,76.4706,994,13560,11.7131
e4_ts_t0064_r02,e4_ts_t0064,69,5.13053,138000,69,6,24.258,59.073,59.073,22,37.7,103.811,107.971,1299,14.715,71.642,103.122,401,88.758,193.326,304.148,6.17456,16.0922,85,116.837,507.023,834.15,187,197.623,605.488,975.932,2000,2000,0.00195312,1,0,0,0,0,0.122957,1,1,10.2592,3,2.03952,2,0.0398188,0,2401,994,70.7216,940,13744,13.6632
e4_ts_t0064_r02,e4_ts_t0064,70,5.15757,140000,70,11,43.187,76.991,76.991,25,47.261,94.53,99.831,1243,17.291,75.925,96.505,424,108.413,219.099,268.503,6.0684,19.4962,88,189.873,2334.56,3600.32,206,232.707,854.028,3428.08,1997,1997,2.00197,1,0,0,0,0,0.15648,1,1,10.2927,3,2.61523,3.04735,0.0389614,5353,3445,1027,77.0349,881,13953,16.7768
e4_ts_t0064_r02,e4_ts_t0064,71,5.19659,142000,71,10,49.913,95.715,95.715,20,51.826,96.863,96.863,1284,15.976,74.072,97.337,395,103.011,224.848,277.646,7.38481,15.3433,93,265.51,2795.51,3612.87,205,374.077,2639.64,3557.61,2007,2007,1.00196,1,0,0,0,0,0,2,0,9.54402,3,2.36437,4.48438,0.0446186,16166,2935,983,74.9107,1041,14158,0
e4_ts_t0064_r02,e4_ts_t0064,72,5.21631,144000,72,13,41.254,126.01,126.01,31,33.915,97.086,98.32,1256,15.396,67.899,97.02,412,93.62,189.674,245.262,6.75485,14.8192,84,186.208,578.559,994.401,198,242.811,575.43,1024.11,1994,1994,2.00197,1,0,0,0,0,0.137889,1,1,9.58026,3,3.51272,3,0.0257206,0,2504,1428,63.6826,2332,14356,15.0569
e4_ts_t0064_r02,e4_ts_t0064,73,5.24222,146000,73,4,17.948,65.357,65.357,30,44.775,154.572,198.355,1256,16.55,75.492,100.564,407,99.28,193.127,265.013,5.57002,19.7352,96,232.953,1005.31,3763.08,208,275.892,1462.88,2700.57,2001,2001,2.00197,1,0,0,0,0,0.166459,1,1,9.60883,3,3.20934,5.26673,0.0338411,4326,3347,1081,75.5872,2592,14566,19.3859
e4_ts_t0064_r02,e4_ts_t0064,74,5.2632,148000,74,8,33.073,66.31,66.31,23,44.254,72.542,85.116,1253,14.625,74.648,98.946,419,93.321,200.159,254.107,6.39141,16.0712,110,153.697,593.002,754.583,190,235.053,710.169,895.915,2003,2003,2.00197,1,0,0,0,0,0.0943127,1,1,8.3188,3,1.25328,1,0.0559549,0,2031,842,70.6927,382,14755,10.8339
e4_ts_t0064_r02,e4_ts_t0064,75,5.29153,150000,75,3,53.304,119.639,119.639,25,50.593,74.684,118.371,1254,18.422,76.851,104.055,421,108.914,203.528,270.326,4.88836,24.3419,78,232.069,1157.59,2610.78,217,326.289,1498.92,2834.08,1998,1998,1.00196,1,0,0,0,0,0.1349,1,1,8.35939,4,2.31635,3.04432,0.030941,4291,3515,928,79.1132,1216,14972,13.929
e4_ts_t0064_r02,e4_ts_t0064,76,5.32471,152000,76,2,33.082,33.082,33.082,25,36.934,119.604,232.108,1294,16.691,71.436,95.979,417,107.123,215.315,323.824,4.753,24.5453,90,280.724,2328.33,2715.98,174,289.139,2572.67,3424.71,2002,2002,2.00197,0,0,0,0,0,0,0,1,7.60344,2,2.07655,3.55912,0.0370064,13891,3530,760,82.2844,1312,15146,9.22883
e4_ts_t0064_r02,e4_ts_t0064,77,5.34932,154000,77,4,53.366,108.051,108.051,22,55.43,100.221,118.782,1273,15.561,82.036,113.512,376,98.336,194.904,304.432,6.34043,16.9329,91,276.297,613.108,1145.3,228,294.378,886.366,1092.51,1994,1994,2.00197,1,0,0,0,0,0.122559,1,1,7.63834,4,1.99264,2,0.0353146,0,1570,974,61.7138,1072,15375,11.2032
e4_ts_t0064_r02,e4_ts_t0064,78,5.37666,156000,78,7,31.732,90.37,90.37,32,43.399,127.727,154.312,1292,18.499,85.549,115.002,379,108.522,231.434,298.174,5.32982,22.7531,101,226.662,1092.79,2697.72,192,289.091,2341.09,2871.13,2003,2003,1.00196,1,0,0,0,0,0.0490904,1,1,14.4772,3,3.27859,4.84442,0.0396099,5351,3060,1083,73.8595,1946,15566,16.12
e4_ts_t0064_r02,e4_ts_t0064,79,5.40056,158000,79,4,48.057,81.816,81.816,35,47.024,133.659,366.385,1266,13.333,76.328,112.378,395,85.088,191.961,282.833,4.12152,23.1985,96,277.393,634.767,1036.16,202,351.171,966.428,1167.87,1998,1998,1.00196,1,0,0,0,0,0.0810499,1,1,6.88075,3,0.193879,0,0.036747,0,1250,497,71.5512,28,15765,8.5014
e4_ts_t0064_r02,e4_ts_t0064,80,5.42684,160000,80,10,42.75,69.877,69.877,23,44.586,97.807,160.544,1239,20.857,88.794,110.494,391,116.789,222.777,314.535,4.55499,28.0251,108,265.766,573.403,835.591,227,316.681,622.027,885.729,1998,1998,2.00197,1,0,0,0,0,0.120281,1,1,6.91998,3,0.922865,1,0.0519352,0,2702,536,83.4466,344,15995,9.55774
e4_ts_t0064_r02,e4_ts_t0064,81,5.45348,162000,81,5,17.516,94.777,94.777,39,42.8,130.457,160.803,1283,19.342,84.355,109.913,392,117.17,221.729,295.266,4.99235,24.8703,86,218.977,1561.54,2159.98,200,269.669,1329.06,2145.3,2005,2005,2.00197,0,0,0,0,0,0.163663,1,1,6.96336,3,1.08061,2.04658,0.0365868,3283,3056,473,86.5968,730,16197,11.6484
e4_ts_t0064_r02,e4_ts_t0064,82,5.48909,164000,82,7,39.77,69.911,69.911,23,27.131,72.39,96.951,1248,17.24,78.934,106.859,413,106.762,222.555,276.075,3.57385,33.3178,97,296.214,2280.26,2579.47,204,356.117,2474.51,2725.84,1992,1992,2.00197,0,0,0,0,0,0.195285,0,1,6.99498,3,1.6692,3.04278,0.0364923,11787,3729,544,87.2689,1607,16400,14.8936
e4_ts_t0064_r02,e4_ts_t0064,83,5.51525,166000,83,11,57.165,87.183,87.183,26,56.153,106.387,110.747,1268,17.451,91.4,118.994,401,117.378,216.784,292.415,4.37406,29.2593,112,184.619,790.3,2414.3,188,281.48,717.196,2882.4,2006,2006,2.00197,0,0,0,0,0,0.154902,0,1,6.3008,3,1.53487,1.1459,0.0410843,2143,2452,824,74.8474,843,16587,8.97996
e4_ts_t0064_r02,e4_ts_t0064,84,5.54511,168000,84,4,49.383,49.729,49.729,26,41.917,124.6,134.593,1241,17.635,83.405,112.878,415,105.944,252.256,360.458,3.74699,32.0678,108,199.643,2462.76,2701.45,208,253.267,1421.33,2610.6,2002,2002,1.00196,1,0,0,0,0,0.193874,2,1,6.33978,4,2.71313,4.05209,0.0440207,7621,3552,973,78.4972,1686,16795,13.1092
e4_ts_t0064_r02,e4_ts_t0064,85,5.56732,170000,85,5,23.345,83.158,83.158,39,41.064,113.802,124.13,1250,15.77,72.16,105.615,403,92.928,212.558,253.696,3.66749,28.5981,104,148.34,845.878,1425.91,191,275.185,943.617,1535.5,1992,1992,0.00195312,1,0,0,0,0,0.119876,1,1,5.66662,3,1.30834,1.54674,0.0406551,1067,2419,664,78.4625,675,16988,8.38188
e4_ts_t0064_r02,e4_ts_t0064,86,5.59391,172000,86,7,31.337,76.201,76.201,33,41.674,133.827,158.188,1233,16.292,71.985,100.22,431,96.557,219.693,296.22,4.54988,23.2329,95,228.345,1471.38,2212.33,205,311.611,1435.76,2049.28,2004,2004,0.00195312,1,0,0,0,0,0.152635,1,1,5.69938,3,2.759,3.04822,0.0373011,5359,3723,1006,78.727,1472,17187,12.4697
e4_ts_t0064_r02,e4_ts_t0064,87,5.61432,174000,87,6,51.178,91.123,91.123,25,29.596,110.321,115.514,1265,15.557,72.029,103.934,398,102.075,196.632,261.996,3.75879,28.3987,106,189.636,490.782,565.773,203,264.987,523.796,612.715,2003,2003,1.00196,1,0,0,0,0,0.0969105,1,1,5.15902,3,1.04458,1.06211,0.0352736,0,2244,638,77.8626,336,17392,7.93769
e4_ts_t0064_r02,e4_ts_t0064,88,5.63869,176000,88,4,32.02,108.234,108.234,27,26.833,98.921,134.344,1278,18.554,75.281,99.048,387,103.556,208.419,249.561,3.21447,33.6862,98,204.513,755.858,1270.57,198,265.993,1425.14,2292.66,1992,1992,2.00197,1,0,0,0,0,0.139473,1,2,5.20158,3,2.56411,4.04944,0.0555725,3185,3190,880,78.3784,1330,17594,11.714
e4_ts_t0064_r02,e4_ts_t0064,89,5.6615,178000,89,2,64.451,64.451,64.451,22,58.606,125.674,135.417,1253,13.25,74.322,98.204,413,73.613,195.356,257.892,4.0339,20.8069,113,227.064,1173.82,1281.34,206,310.373,999.242,1271.33,2009,2009,2.00197,1,0,0,0,0,0.0862036,1,1,4.75996,3,0.336575,0.673754,0.0245924,1077,1686,450,78.9326,99,17798,6.57904
e4_ts_t0064_r02,e4_ts_t0064,90,5.68307,180000,90,4,50.643,101.945,101.945,28,44.418,114.375,115.787,1300,17.359,80.495,98.703,359,104.176,201.288,291.606,2.7883,38.3264,113,186.368,531.342,910.119,205,264.065,584.584,921.612,2009,2009,2.00197,0,0,0,0,0,0.144002,1,2,4.81776,3,2.11947,3,0.0583563,0,2643,706,78.9191,714,18004,9.62538
e4_ts_t0064_r02,e4_ts_t0064,91,5.70503,182000,91,2,64.885,64.885,64.885,26,33.957,77.064,85.881,1297,11.027,64.358,87.352,365,70.644,168.512,200.352,2.42466,33.3308,112,167.183,1206.6,2169.32,191,269.177,1365.35,2314,1993,1993,1.00196,1,0,0,0,0,0,1,0,4.49445,3,0.667973,1.46702,0.0425758,4301,1917,430,81.6787,441,18192,6.3524
e4_ts_t0064_r02,e4_ts_t0064,92,5.72444,184000,92,8,25.939,66.308,66.308,30,43.495,67.53,91.123,1263,13.334,71.337,94.191,368,88.182,179.251,216.451,3.42935,27.9316,118,205.817,433.41,825.064,209,242.302,467.502,628.389,1996,1996,2.00197,0,0,0,0,0,0.136374,0,1,4.54937,3,1.91538,2,0.0406084,0,2385,753,76.0038,887,18403,8.39902
e4_ts_t0064_r02,e4_ts_t0064,93,5.74702,186000,93,5,37.247,63.081,63.081,25,28.763,60.99,78.143,1228,14.621,62.072,84.763,419,83.994,162.604,213.733,3.01432,30.42,97,185.811,1226.14,1611.41,224,252.808,1220.63,1436.57,1998,1998,1.00196,1,0,0,0,0,0.168232,1,1,4.58123,4,1.06879,2.15207,0.0363922,2163,3450,428,88.9634,557,18627,10.6117
e4_ts_t0064_r02,e4_ts_t0064,94,5.76326,188000,94,6,29.732,85.836,85.836,22,31.958,64.18,141.611,1305,11.936,53.392,70.07,376,71.386,135.667,183.371,3.56915,21.9024,108,168.616,436.479,641.012,186,230.252,485.94,708.01,2003,2003,0.00195312,1,0,0,0,0,0.114965,1,1,4.21721,3,0.907449,0,0.0434732,0,1867,646,74.2937,200,18813,7.10801
e4_ts_t0064_r02,e4_ts_t0064,95,5.78368,190000,95,7,21.091,87.186,87.186,17,28.093,99.729,99.729,1260,13.174,53.074,78.746,401,74.845,141.03,206.135,2.55362,31.339,95,196.953,1291.73,1423.68,213,216.026,1219.54,1505.25,1993,1993,2.00197,1,0,0,0,0,0.147355,1,1,4.2496,3,1.52991,3.04832,0.037096,3218,3191,540,85.5267,813,19026,9.22447
e4_ts_t0064_r02,e4_ts_t0064,96,5.80044,192000,96,10,29.229,51.673,51.673,35,30.899,68.868,90.09,1293,11.857,49.392,65.495,375,69.021,122.685,192.125,2.832,25.8983,118,157.15,478.34,1275.39,183,216.677,501.862,1512.62,2014,2014,2.00197,1,0,0,0,0,0.103126,1,1,3.97975,3,0.784086,0.876625,0.0427237,1066,2679,430,86.1692,243,19206,5.92795
e4_ts_t0064_r02,e4_ts_t0064,97,5.81572,194000,97,6,28.607,40.709,40.709,24,31.235,59.417,79.405,1272,12.405,50.003,66.861,414,72.383,136.387,161.075,3.35507,22.2566,93,166.932,347.977,549.777,182,193.022,472.566,762.682,1991,1991,0.00195312,1,0,0,0,0,0.142056,1,2,4.01868,3,2.18215,3,0.0393486,0,3278,823,79.9317,843,19390,8.9638
e4_ts_t0064_r02,e4_ts_t0064,98,5.83527,196000,98,2,51.238,51.238,51.238,34,30.904,84.032,85.469,1184,11.03,53.03,75.19,438,68.216,138.73,186.033,3.53653,20.7287,121,180.133,553.455,1454.22,217,228.189,1213.09,1554.53,1996,1996,1.00196,1,0,0,0,0,0.0954447,1,1,3.722,3,0.265969,0.677507,0.0449066,2160,2347,454,83.7915,169,19608,5.70688
e4_ts_t0064_r02,e4_ts_t0064,99,5.85047,198000,99,6,17.168,37.14,37.14,31,36.617,62.975,75.514,1277,12.527,53.749,72.152,391,74.471,131.096,187.332,3.09463,25.0232,111,141.224,360.986,433.935,191,190.594,397.82,523.162,2007,2007,2.00197,1,0,0,0,0,0.135238,1,1,3.76179,3,1.26309,1,0.0402107,0,2679,538,83.2763,609,19796,7.74901
e4_ts_t0064_r02,e4_ts_t0064,100,5.86961,200000,100,11,33.351,105.138,105.138,26,37.404,70.064,88.928,1255,14.068,49.756,69.24,388,77.574,138.798,196.976,2.48711,31.8427,109,152.491,1038.47,1560.86,199,211.588,1155.2,1764.64,1988,1988,2.00197,1,0,0,0,0,0,1,1,3.45673,3,0.853218,2.43064,0.040556,2119,3043,371,89.133,584,20000,5.57732
e4_ts_t0064_r03,e4_ts_t0064,1,0.019249,2000,1,2,55.767,55.767,55.767,26,21.025,40.12,156.805,1256,19.654,47.208,71.058,405,145.661,236.571,322.856,98.9728,1.50793,122,20.991,108.398,340.407,198,42.223,211.966,359.927,2009,2009,0.00195312,1,0,0,0,0,130.713,1,1,130.713,3,0.263557,0,0.0315838,0,949,4190,18.4666,0,198,130.809
e4_ts_t0064_r03,e4_ts_t0064,2,0.0328535,4000,2,6,20.789,33.083,33.083,25,19.322,46.002,47.121,1275,20.071,43.598,58.311,374,143.572,223.851,273.343,91.8636,1.51762,101,16.724,102.048,181.068,219,56.535,243.277,375.396,2000,2000,1.00196,1,0,0,0,0,130.749,1,2,130.749,3,1.31003,1,0.0371609,0,2342,3532,39.8706,0,416,132.14
e4_ts_t0064_r03,e4_ts_t0064,3,0.0466399,6000,3,7,18.061,41.634,41.634,28,21.965,62.123,67.282,1217,18.967,42.871,59.011,424,128.476,224.257,271.627,87.7146,1.51319,102,21.131,127.335,319.352,221,51.809,187.834,362.992,1999,1999,1.00196,1,0,0,0,0,130.781,1,1,130.781,3,1.09172,2.04796,0.0356798,0,3633,3300,52.4016,2,635,133.987
e4_ts_t0064_r03,e4_ts_t0064,4,0.0601718,8000,4,9,10.762,35.402,35.402,24,18.554,41.912,57.329,1254,17.925,40.83,56.015,428,123.088,209.856,270.751,87.5187,1.45162,81,21.426,193.825,409.615,200,61.767,205.937,342.124,1996,1996,1.00196,0,0,0,0,0,130.825,0,1,130.825,3,1.21533,2.0439,0.0490122,0,4608,2889,61.4646,3,838,136.073
e4_ts_t0064_r03,e4_ts_t0064,5,0.0853783,10000,5,5,18.043,49.76,49.76,26,18.106,38.204,39.241,1247,16.046,45.421,70.99,439,110.136,199.152,265.266,81.6105,1.41706,99,63.565,1251.82,2298.11,190,101.719,1243.99,2330.26,2006,2006,1.00196,0,0,0,0,0,130.853,0,1,130.853,3,2.49784,4.18239,0.0385046,13853,5255,2896,64.4706,521,1028,140.312
e4_ts_t0064_r03,e4_ts_t0064,6,0.10394,12000,6,5,26.66,38.805,38.805,28,20.376,42.692,86.182,1286,14.582,39.375,58.212,394,102.182,223.057,271.626,79.6904,1.42226,92,50.007,1203.82,3335.46,189,62.262,1257.57,2466,1994,1994,1.00196,0,0,0,0,0,130.885,0,1,130.885,3,1.3894,3.04583,0.0365124,7532,4233,2214,65.6584,202,1217,143.413
e4_ts_t0064_r03,e4_ts_t0064,7,0.124307,14000,7,11,9.76,39.395,39.395,29,17.103,53.53,57.727,1270,13.603,45.018,59.033,386,103.91,183.041,223.056,76.7487,1.42266,93,60.688,1236.47,2143.24,208,87.521,1245.65,2335.67,1997,1997,0.00195312,1,0,0,0,0,130.922,1,1,130.922,4,1.72087,3,0.0376854,8486,4657,1925,70.7536,0,1425,146.676
e4_ts_t0064_r03,e4_ts_t0064,8,0.168202,16000,8,8,10.084,29.993,29.993,26,14.877,39.218,96.42,1250,14.235,47.67,67.934,419,112.622,215.206,246.428,72.3652,1.67062,110,96.825,3078.54,3390.96,186,124.081,3192.83,5283.12,1999,1999,1.00196,0,0,0,0,0,130.957,0,1,130.957,2,4.80742,11.0446,0.0395012,31739,6384,2635,70.7839,201,1611,157.569
e4_ts_t0064_r03,e4_ts_t0064,9,0.386885,18000,9,8,26.074,57.823,57.823,24,24.344,71.271,90.963,1261,22.488,98.133,151.133,389,213.058,408.992,517.267,71.4884,3.05088,115,3665.96,11487.8,16239,207,3746.42,14560.5,22699.9,2004,2004,1.00196,1,0,0,0,0,130.991,1,1,130.991,4,22.9066,58.9351,0.0425358,197203,14231,6964,67.1432,2788,1818,216.571
e4_ts_t0064_r03,e4_ts_t0064,10,0.564824,20000,10,5,28.668,68.733,68.733,19,31.859,131.073,131.073,1275,23.205,97.864,136.665,390,218.413,435.087,559.781,67.7385,3.34415,99,104.683,20950,25797.8,215,228.241,21833.1,26158.8,2003,2003,1.00196,1,0,0,0,0,0.331829,1,1,129.372,3,17.3605,44.3101,0.0387659,153349,11155,5516,66.9126,2633,2032,203.106
e4_ts_t0064_r03,e4_ts_t0064,11,0.61171,22000,11,3,48.017,87.715,87.715,20,30.731,148.907,148.907,1308,34.148,99.875,144.604,390,253.556,536.785,684.13,64.9154,4.13698,91,39.15,5585.78,16808.4,192,100.279,685.318,16900.2,2004,2004,1.00196,1,0,0,0,0,0.356197,1,1,129.397,3,0.11367,0.318532,0.0380659,17994,2621,2934,47.1827,61,2222,145.874
e4_ts_t0064_r03,e4_ts_t0064,12,0.637135,24000,12,5,62.806,118.574,118.574,24,38.105,72.051,75.867,1253,27.239,89.075,133.683,389,245.539,472.409,568.472,64.8586,3.97273,111,38.89,238.66,657.92,213,101.622,362.815,598.763,1995,1995,1.00196,0,0,0,0,0,0.406221,1,2,129.447,3,1.0736,0,0.050559,0,2895,2868,50.2343,1489,2438,130.759
e4_ts_t0064_r03,e4_ts_t0064,13,0.668754,26000,13,5,43.575,82.184,82.184,21,42.829,91.955,98.654,1253,26.586,81.691,116.208,398,226.841,424.819,463.711,56.8894,4.07265,106,64.503,842.034,5757.12,214,109.589,580.733,7982.56,1997,1997,1.00196,2,0,0,0,0,0.431194,2,1,129.472,4,3.65333,4.04528,0.040143,8504,3737,3047,55.0855,5322,2650,133.871
e4_ts_t0064_r03,e4_ts_t0064,14,0.735623,28000,14,4,45.857,47.087,47.087,31,40.613,87.077,151.64,1248,26.123,84.889,109.575,407,219.167,381.326,470.45,56.3219,3.86537,98,80.556,9573.47,11089,209,142.612,8024.26,11131.6,1997,1997,1.00196,0,0,0,0,0,0.4858,0,1,129.526,3,8.77628,8.04661,0.0498419,43669,5085,4077,55.501,16628,2861,141.973
e4_ts_t0064_r03,e4_ts_t0064,15,0.846271,30000,15,4,27.744,42.41,42.41,24,46.425,66.616,101.647,1260,25.525,81.374,113.396,397,215.849,379.677,447.412,52.8338,4.04009,117,104.695,10593.8,13087.2,206,248.853,10999.6,13934.4,2008,2008,1.00196,1,0,0,0,0,0.499425,1,1,129.54,3,19.7956,18.187,0.0271721,88419,6454,6706,49.0426,37258,3066,161.237
e4_ts_t0064_r03,e4_ts_t0064,16,0.891403,32000,16,8,27.678,41.329,41.329,16,39.154,88.649,88.649,1326,24.159,89.188,128.778,377,198.37,376.966,453.09,53.4005,3.78649,95,60.279,3329.95,12434.4,171,128.445,6940.56,14819.4,1993,1993,0.00195312,0,0,0,0,0,0.556262,0,2,129.597,3,7.43994,8.05193,0.0573778,24581,5179,3208,61.7503,15422,3238,168.331
e4_ts_t0064_r03,e4_ts_t0064,17,0.938665,34000,17,4,24.551,27.122,27.122,32,36.264,97.217,194.568,1265,21.975,82.163,120.286,415,180.951,331.771,417.527,52.6217,3.52586,95,106.939,10538.7,11362.3,191,165.298,6123.18,9029.77,2002,2002,1.00196,1,0,0,0,0,0.574064,1,1,129.614,3,6.85542,8,0.0373487,25507,5858,2953,66.4851,14590,3429,177.397
e4_ts_t0064_r03,e4_ts_t0064,18,1.21184,36000,18,6,35.354,63.827,63.827,21,51.614,101.511,147.347,1263,23.019,83.756,121.45,392,202.502,350.374,438.669,46.3903,4.33755,108,206.51,27523.6,27823.3,218,234.73,24958.8,27727.1,2008,2008,1.00196,0,0,0,0,0,0.265512,0,2,86.0435,3,33.6156,39.825,0.0380888,251708,10938,9510,53.4918,74916,3645,151.548
e4_ts_t0064_r03,e4_ts_t0064,19,1.23426,38000,19,5,36.458,60.829,60.829,30,41.528,120.565,131.993,1235,23.665,80.54,108.722,430,170.287,348.858,514.241,50.5256,3.80525,113,58.177,551.094,1041.57,181,107.767,362.194,1239.1,1994,1994,1.00196,1,0,0,0,0,0.294026,1,2,86.072,3,0.771335,0,0.0287914,0,2635,2697,49.4186,557,3827,87.3041
e4_ts_t0064_r03,e4_ts_t0064,20,1.42115,40000,20,10,36.291,73.542,73.542,22,42.538,69.982,85.206,1257,23.719,84.526,141.091,417,167.105,335.911,405.222,45.7434,3.94081,108,65.761,39724.6,46869.1,192,136.112,32999.7,47510.2,2006,2006,0.00195312,1,0,0,0,0,0.336334,1,1,86.1144,3,29.6959,26.0572,0.0470171,165869,4776,9563,33.3078,34571,4020,113.649
e4_ts_t0064_r03,e4_ts_t0064,21,1.67699,42000,21,9,34.086,124.683,124.683,27,34.978,83.596,97.193,1262,19.954,77.013,105.567,401,151.367,310.53,370.635,46.5237,3.60468,104,90.908,55708.3,69992.3,198,168.172,57633.3,70247.7,2001,2001,1.00196,1,0,0,0,0,0.109061,1,2,63.9844,3,38.3955,37.8753,0.0386543,235383,5391,11688,31.5651,48891,4217,85.8567
e4_ts_t0064_r03,e4_ts_t0064,22,1.79912,44000,22,5,32.226,46.21,46.21,28,38.546,66.735,109.333,1273,20.125,78.34,115.568,391,138.937,306.772,363.522,40.9744,3.94409,110,88.492,40666,57596.3,193,142.523,15162.7,57434.9,2000,2000,1.00196,0,0,0,0,0,0.159232,0,1,64.0346,3,15.28,16.0502,0.0555334,101850,3575,5738,38.3872,8211,4408,80.5962
e4_ts_t0064_r03,e4_ts_t0064,23,1.94623,46000,23,3,13.637,86.136,86.136,35,38.143,111.771,118.978,1249,20.272,80.82,106.933,404,154.477,318.113,347.728,40.4356,4.14024,113,99.447,46007.4,54085.6,187,137.529,28012,53957.5,1991,1991,1.00196,0,0,0,0,0,0.202835,0,1,64.0782,3,22.8787,28,0.0440187,126544,5585,7429,42.9153,12940,4598,108.652
e4_ts_t0064_r03,e4_ts_t0064,24,2.05621,48000,24,6,40.478,88.621,88.621,22,33.891,70.538,111.198,1296,17.861,79.368,113.934,381,133.388,316.689,459.517,38.2598,4.16781,105,106.062,963.845,90065.2,194,161.17,882.397,87952.6,2004,2004,0.00195312,1,1,0,0,0,0.121934,0,1,57.2583,2,10.3301,13.1364,0.0284367,89614,2905,4221,40.7662,4832,4788,57.8064
e4_ts_t0064_r03,e4_ts_t0064,25,2.20923,50000,25,1,18.996,18.996,18.996,28,39.682,78.209,105.015,1283,20.108,75.972,117.982,409,151.996,335.015,418.245,42.11,4.07033,84,111.474,36589.2,61311.6,202,161.17,28872.2,60257.6,2007,2007,1.00196,1,0,0,0,0,0.152233,1,1,57.2886,4,20.7022,23.0457,0.0353069,130764,4360,7045,38.2288,9321,4990,80.9352
e4_ts_t0064_r03,e4_ts_t0064,26,2.39001,52000,26,3,17.129,38.636,38.636,24,36.47,95.175,160.663,1292,18.015,76.492,122.744,411,149.313,311.869,372.937,37.9075,4.29962,81,71.484,38879.3,60904.5,182,166.268,42029.5,60789.2,1993,1993,1.00196,0,0,0,0,0,0.0828943,0,1,51.4472,2,22.2164,28.3643,0.0376081,161028,5397,7025,43.4471,12899,5176,52.1813
e4_ts_t0064_r03,e4_ts_t0064,27,2.4119,54000,27,6,39.787,87.89,87.89,16,38.006,67.245,67.245,1293,17.785,69.913,97.292,373,139.46,298.875,360.344,37.2895,4.11163,92,122.209,403.31,916.513,223,182.775,721.779,1041.94,2003,2003,1.00196,1,0,0,0,0,0.117056,1,1,51.4814,4,0.72878,0,0.0345764,0,2252,1842,55.0073,65,5397,52.649
e4_ts_t0064_r03,e4_ts_t0064,28,2.5758,56000,28,8,41.466,92.324,92.324,33,28.508,98.055,107.581,1256,18.494,77.456,112.176,404,137.57,301.794,347.626,30.9926,4.80662,108,105.174,38678.9,49077.2,196,154.944,43699.9,49847.3,2005,2005,2.00197,1,0,0,0,0,0.14807,1,1,51.5124,3,23.0615,25.042,0.0359192,143527,4368,7263,37.5548,11046,5592,78.1957
e4_ts_t0064_r03,e4_ts_t0064,29,2.71689,58000,29,8,39.607,90.875,90.875,23,36.107,57.919,68.388,1273,15.936,73.044,106.896,395,126.736,307.244,335.451,35.2177,4.26633,99,141.827,56801,77411.1,194,152.295,21621.7,61518.1,1992,1992,1.00196,1,0,0,0,0,0.0944595,1,1,46.6455,3,17.3853,21.5511,0.0398588,121269,3790,5926,39.0078,7955,5788,47.3072
e4_ts_t0064_r03,e4_ts_t0064,30,2.74377,60000,30,7,28.191,54.203,54.203,26,42.138,103.393,107.326,1262,17.093,74.596,95.869,408,133.573,291.462,332.153,31.5662,4.5704,109,105.839,569.768,3603.9,194,146.369,705.401,7961.71,2006,2006,1.00196,1,0,0,0,0,0.132165,1,1,46.6832,3,4.68147,5.05124,0.042635,7422,3020,2618,53.5651,1995,5979,53.3997
e4_ts_t0064_r03,e4_ts_t0064,31,2.78561,62000,31,6,38.453,44.54,44.54,22,24.083,52.522,53.561,1270,16.737,74.762,100.048,401,113.626,278.417,336.794,28.8953,4.56691,110,82.256,780.053,23830.9,183,131.805,752.238,24071.4,1992,1992,1.00196,0,0,0,0,0,0.182813,0,1,46.7339,3,6.19209,9.05065,0.0556097,23472,3822,2737,58.2711,2812,6165,61.5031
e4_ts_t0064_r03,e4_ts_t0064,32,2.94619,64000,32,6,33.827,92.2,92.2,23,38.416,90.486,120.078,1297,17.147,71.396,103.067,380,129.762,276.185,328.383,29.4658,4.80235,88,148.032,62183.8,87784.4,215,191.69,25829.2,64242.6,2009,2009,1.00196,0,0,0,0,0,0.136314,0,2,42.6529,3,19.4652,28.5166,0.0348387,140197,5874,5820,50.2309,10278,6380,43.5258
e4_ts_t0064_r03,e4_ts_t0064,33,2.96587,66000,33,8,31.315,45.4,45.4,21,42.514,69.724,88.086,1250,16.785,78.335,128.365,428,129.743,310.452,494.163,28.764,5.25749,101,82.798,333.636,660.058,189,133.117,363.622,854.676,1997,1997,1.00196,1,0,0,0,0,0.164564,1,1,42.6811,3,0.953633,0,0.0285273,0,2705,1748,60.7456,416,6569,43.6771
e4_ts_t0064_r03,e4_ts_t0064,34,3.05809,68000,34,7,23.641,65.868,65.868,18,49.184,87.124,87.124,1289,16.666,72.309,93.874,400,123.218,272.058,330.609,31.1625,4.39999,90,113.556,20448.1,54021.7,197,140.517,865.803,53304.6,2001,2001,1.00196,1,0,0,0,0,0.197248,1,1,42.7138,3,10.9884,12.0464,0.0387363,73515,3570,4070,46.7277,6581,6767,55.5141
e4_ts_t0064_r03,e4_ts_t0064,35,3.21784,70000,35,6,46.222,76.925,76.925,36,34.753,99.568,104.993,1256,14.541,69.083,100.855,401,113.728,264.556,322.155,25.1771,5.18822,114,114.902,49626.8,59139.4,177,154.418,27738.3,59491.7,1990,1990,1.00196,1,0,0,0,0,0.101843,1,2,36.8692,3,20.435,24.7674,0.0413246,141928,4269,6468,39.7597,15250,6943,37.8258
e4_ts_t0064_r03,e4_ts_t0064,36,3.23611,72000,36,5,24.266,34.062,34.062,22,42.093,106.254,146.274,1292,17.295,75.957,113.369,396,107.045,265.278,411.955,20.298,6.19691,84,118.73,375.78,412.304,204,164.009,399.762,702.692,2003,2003,1.00196,1,0,0,0,0,0.139506,2,1,36.9069,3,0.728799,0,0.0380783,0,2770,1255,68.8199,335,7147,37.7683
e4_ts_t0064_r03,e4_ts_t0064,37,3.46121,74000,37,7,40.626,81.812,81.812,25,29.915,104.581,111.367,1246,16.527,78.221,116.248,410,115.401,282.79,356.183,23.3146,5.74908,105,126.96,33364.5,50807.3,210,240.66,39539.5,52230.5,2003,2003,1.00196,0,0,0,0,0,0.0820904,0,1,33.1853,3,25.5327,33.1463,0.0493927,203899,5635,7472,42.9923,13878,7358,34.122
e4_ts_t0064_r03,e4_ts_t0064,38,3.47927,76000,38,9,28.056,75.246,75.246,21,31.43,45.951,65.186,1271,15.081,75.475,106.03,385,100.231,270.967,370.213,20.9818,5.69518,107,119.947,482.102,678.55,200,164.665,444.958,731.869,1993,1993,1.00196,1,0,0,0,0,0.108692,1,1,33.2119,3,0.666767,0,0.0418062,0,2045,1293,61.2642,207,7558,34.0456
e4_ts_t0064_r03,e4_ts_t0064,39,3.5138,78000,39,4,23.948,37.085,37.085,18,43.926,108.281,108.281,1225,18.509,82.018,114.932,428,111.483,273.638,353.587,19.4252,6.53919,103,132.211,488.028,752.429,231,160.887,678.999,14407.1,2009,2009,1.00196,1,0,0,0,0,0.154057,1,1,33.2573,4,2.61254,3.04905,0.0349798,13690,3234,1622,66.598,1855,7787,37.1563
e4_ts_t0064_r03,e4_ts_t0064,40,3.72357,80000,40,6,28.067,76.35,76.35,33,42.545,120.632,126.618,1263,16.275,87.316,135.085,369,144.882,406.35,514.589,21.1572,8.10204,109,126.748,60690.1,69707,212,167.942,44931.4,68942.7,1992,1992,1.00196,1,0,0,0,0,0.0986996,1,1,29.9371,3,21.3263,26.8384,0.0407305,187381,4366,6433,40.4297,10752,7999,30.8061
e4_ts_t0064_r03,e4_ts_t0064,41,3.75103,82000,41,7,44.134,98.631,98.631,17,55.033,106.139,106.139,1288,16.184,78.318,98.772,393,125.049,314.24,378.445,19.5064,7.25306,94,138.98,635.425,7515.64,205,189.566,882.102,7409.29,2004,2004,1.00196,1,0,0,0,0,0.127753,1,1,29.9661,3,2.81347,3.04216,0.048502,7457,2815,1666,62.8208,976,8202,33.8965
e4_ts_t0064_r03,e4_ts_t0064,42,3.88153,84000,42,7,23.764,62.849,62.849,25,36.167,88.9,121.944,1290,16.445,69.888,109.521,404,123.136,299.649,366.804,21.2698,6.62746,94,98.121,35029.9,39422.3,176,157.904,33116.9,39280.6,1996,1996,1.00196,0,0,0,0,0,0.179342,0,1,30.0177,3,17.5747,24.0516,0.0414362,111676,5270,5333,49.7029,7766,8381,58.5472
e4_ts_t0064_r03,e4_ts_t0064,43,3.90018,86000,43,6,14.665,40.404,40.404,27,31.519,95.287,103.309,1317,16.103,78.604,115.908,382,119.566,313.35,419.491,18.1152,7.64454,87,103.34,299.421,367.601,187,150.573,421.455,992.939,2006,2006,1.00196,1,0,0,0,0,0.11662,2,1,27.6755,3,0.344653,0.558835,0.0231514,0,2428,817,74.8228,0,8565,28.6967
e4_ts_t0064_r03,e4_ts_t0064,44,3.91977,88000,44,2,11.668,11.668,11.668,20,62.815,122.005,122.005,1282,15.639,76.396,100.272,384,116.485,313.916,410.303,17.3385,7.90054,101,116.6,616.407,808.084,203,175.163,415.738,691.05,1992,1992,1.00196,1,0,0,0,0,0.15343,1,1,27.7123,3,1.20178,1,0.0372276,0,2400,1276,65.2884,800,8771,29.6559
e4_ts_t0064_r03,e4_ts_t0064,45,3.94995,90000,45,8,47.368,164.448,164.448,23,42.374,91.553,106.59,1270,18.727,80.276,102.395,388,135.999,299.932,364.548,17.4897,8.55247,98,124.314,3100.43,6832.96,218,172.679,922.322,6489.84,2005,2005,2.00197,1,0,0,0,0,0.191076,1,1,27.7499,3,2.10378,2.04664,0.0526237,8556,3138,1284,70.9634,1065,8984,31.7589
e4_ts_t0064_r03,e4_ts_t0064,46,4.10571,92000,46,9,41.623,110.596,110.596,31,53.101,92.723,93.048,1234,18.185,74.547,118.028,425,140.584,300.158,369.269,17.6847,8.88478,93,153.988,41133.1,55296.8,210,248.723,15441.3,45461,2002,2002,1.00196,0,0,0,0,0,0.125518,0,2,24.5705,4,14.9658,21.4892,0.0459738,131909,5575,4545,55.0889,10286,9199,25.7477
e4_ts_t0064_r03,e4_ts_t0064,47,4.12898,94000,47,9,47.789,72.886,72.886,28,45.281,114.548,115.794,1263,17.381,73.461,103.657,400,136.081,266.527,356.319,14.2175,10.5577,83,140.49,556.229,808.399,217,228.516,655.204,991.354,2000,2000,1.00196,1,0,0,0,0,0.147309,1,1,24.5923,3,3.64811,3,0.0220699,0,2529,1938,56.6152,1562,9416,29.3642
e4_ts_t0064_r03,e4_ts_t0064,48,4.2206,96000,48,9,37.206,121.841,121.841,22,51.45,89.846,92.455,1297,17.131,73.486,111.283,386,134.907,284.902,344.129,14.8472,10.243,104,107.53,4611.15,17917,187,216.379,15062.6,49457,2005,2005,1.00196,1,0,0,0,0,0.176754,1,1,24.6217,3,16.5093,17.0406,0.0341892,70320,3718,4881,43.2376,9843,9601,46.697
e4_ts_t0064_r03,e4_ts_t0064,49,4.25656,98000,49,5,37.679,62.281,62.281,18,46.77,109.499,109.499,1241,15.551,75.832,114.208,434,124.558,287.266,340.634,15.7304,9.11411,98,162.712,4738.06,9668.21,197,233.101,866.037,9499.09,1993,1993,1.00196,1,0,0,0,0,0.0986156,1,1,21.5395,3,1.25739,1.4409,0.0477991,13870,2080,1249,62.4812,734,9797,23.2778
e4_ts_t0064_r03,e4_ts_t0064,50,4.28784,100000,50,10,43.302,71.892,71.892,23,48.111,85.716,105.836,1249,17.203,72.235,105.391,413,128.491,276.533,335.799,14.891,9.80833,101,121.16,755.486,5808.77,204,219.429,870.082,8957.27,2000,2000,1.00196,1,0,0,0,0,0.128614,1,1,21.5695,3,2.4833,3.04332,0.0344496,8548,2841,1301,68.5901,914,10003,25.6816
e4_ts_t0064_r03,e4_ts_t0064,51,4.34683,102000,51,6,47.556,64.605,64.605,25,41.91,98.007,103.451,1300,17.233,75.569,108.096,392,131.187,260.159,341.278,13.5408,10.7027,78,157.344,12306,14693.9,200,189.851,13184.9,19608.9,2001,2001,1.00196,0,0,0,0,0,0.173609,0,1,21.6145,3,4.32362,6.04499,0.0493469,37278,3687,1686,68.6209,1310,10201,32.2586
e4_ts_t0064_r03,e4_ts_t0064,52,4.42378,104000,52,8,38.646,46.698,46.698,27,44.418,103.05,138.226,1269,16.88,68.58,104.399,419,122.715,266.31,339.763,12.642,11.0246,94,160.107,13461.2,33569.7,192,223.084,13925.2,33234.5,2009,2009,1.00196,1,0,0,0,0,0.111363,1,1,19.9835,3,6.25529,10.8721,0.023324,55392,4188,2097,66.6348,3578,10397,0
e4_ts_t0064_r03,e4_ts_t0064,53,4.44423,106000,53,7,43.792,75.692,75.692,35,49.033,86.755,107.469,1286,16.639,71.944,95.415,379,129.014,258.823,313.586,12.5699,11.3121,98,117.262,505.139,759.447,190,158.992,586.242,837.662,1995,1995,1.00196,1,0,0,0,0,0.151766,1,1,20.0239,3,3.02016,2,0.0408201,0,2484,1531,61.868,1636,10584,24.1384
e4_ts_t0064_r03,e4_ts_t0064,54,4.47404,108000,54,5,38.773,98.235,98.235,31,51.185,101.707,117.89,1268,16.963,73.468,107.145,420,126.526,254.473,339.999,12.5524,11.0379,92,159.982,892.628,8731.89,184,189.635,844.398,8865.92,2000,2000,1.00196,1,0,0,0,0,0.18626,1,1,20.0584,3,6.21279,7.04713,0.0390301,8598,3434,2284,60.056,4436,10767,31.2261
e4_ts_t0064_r03,e4_ts_t0064,55,4.51485,110000,55,7,19.616,43.992,43.992,22,52.763,74.452,75.252,1352,16.603,74.136,110.534,360,126.332,261.218,334.059,11.6556,12.1114,96,128.353,7646.68,12332.9,162,184.705,8261.52,12483.4,1999,1999,1.00196,1,0,0,0,0,0.204895,1,1,20.077,2,5.70001,8.32853,0.0235901,22344,3497,1830,65.6467,4078,10930,38.6133
e4_ts_t0064_r03,e4_ts_t0064,56,4.53578,112000,56,4,62.784,76.983,76.983,30,45.812,89.843,100.838,1250,14.343,72.868,101.243,423,112.689,259.588,313.921,12.2577,10.6226,88,133.627,464.719,741.082,197,205.584,758.022,1070.39,1992,1992,1.00196,0,0,0,0,0,0.145342,0,1,17.4275,3,0.721118,0,0.0523682,0,2024,1065,65.5228,214,11128,18.5819
e4_ts_t0064_r03,e4_ts_t0064,57,4.56563,114000,57,3,35.689,50.607,50.607,28,42.521,64.521,68.26,1280,16.319,73.836,108.902,403,123.775,245.34,296.416,11.1141,12.4915,83,166.327,939.854,6498.61,213,251.433,1148.71,6910.1,2010,2010,1.00196,1,0,0,0,0,0.176275,1,1,17.4584,4,2.05314,3.04182,0.0357962,7481,2932,1087,72.9535,978,11339,21.6873
e4_ts_t0064_r03,e4_ts_t0064,58,4.60477,116000,58,8,38.242,65.226,65.226,10,52.056,164.171,164.171,1301,16.976,69.388,104.978,373,116.951,242.174,345.982,9.61662,13.8755,92,222.029,10199.1,12748,212,235.204,3538.6,10298,1996,1996,1.00196,1,0,0,0,0,0.206588,1,1,17.4887,3,2.34442,3.0423,0.0350599,17049,3301,1018,76.4297,1447,11554,24.7885
e4_ts_t0064_r03,e4_ts_t0064,59,4.68448,118000,59,6,26.35,119.378,119.378,27,43.189,113.401,145.948,1276,16.675,73.296,106.694,379,118.526,259.767,332.625,10.5383,12.4105,106,137.167,12089.7,15304.6,205,194.966,15022.5,22244.2,1999,1999,1.00196,1,0,0,0,0,0.120407,1,1,15.3486,3,6.13403,9.22815,0.036705,59646,3667,2055,64.086,5592,11758,16.5872
e4_ts_t0064_r03,e4_ts_t0064,60,4.76519,120000,60,6,53.961,96.311,96.311,31,47.277,163.719,198.379,1263,16.712,92.374,126.158,441,120.826,280.174,415.405,9.77324,13.9611,101,152.54,15655,17303.7,206,218.62,13593.6,17252.1,2048,2048,1.00196,0,0,0,0,0,0.168205,0,1,15.3964,3,8.61001,9.0478,0.0528564,59097,3624,2901,55.5402,6301,11955,25.681
e4_ts_t0064_r03,e4_ts_t0064,61,4.81251,122000,61,4,34.356,47.941,47.941,28,62.829,157.293,561.422,1257,20.635,97.275,139.209,374,140.013,302.43,469.916,10.4519,14.9042,100,220.128,8951.42,14357.3,188,249.767,7718.1,14073.2,1951,1951,1.00196,0,0,0,0,0,0.0872011,0,1,13.1986,3,2.81167,4.11139,0.0398207,21371,2703,1176,69.6829,1987,12153,14.4539
e4_ts_t0064_r03,e4_ts_t0064,62,4.83615,124000,62,6,46.111,108.357,108.357,24,47.361,122.568,143.486,1267,19.331,86.767,115.482,402,120.93,275.17,365.252,8.3806,16.0029,102,155.81,620.525,803.841,202,239.709,621.503,850.217,2003,2003,1.00196,0,0,0,0,0,0.125525,0,1,13.2369,3,2.33403,2,0.0387411,0,2483,1180,67.786,1000,12356,16.5072
e4_ts_t0064_r03,e4_ts_t0064,63,4.86769,126000,63,3,36.218,38.041,38.041,33,45.703,123.409,125.667,1255,20.092,81.738,113.542,403,123.406,264.648,383.101,7.73945,17.969,99,154.594,1621.85,6608.49,202,263.287,1332.3,5964.3,1995,1995,1.00196,0,0,0,0,0,0.160466,0,1,13.2719,3,3.16961,4.04619,0.0406075,7608,3291,1229,72.8097,1743,12555,20.6104
e4_ts_t0064_r03,e4_ts_t0064,64,4.91087,128000,64,9,39.268,63.886,63.886,27,60.444,125.886,130.419,1264,19.957,84.741,125.758,407,133.17,278.518,384.092,9.79607,14.9087,107,219.905,5030.17,9075.37,186,240.619,5519.68,9312.57,2000,2000,1.00196,1,0,0,0,0,0.183395,1,1,13.2948,3,3.52617,6.09882,0.0273657,19466,3766,1262,74.9006,1534,12741,26.7799
e4_ts_t0064_r03,e4_ts_t0064,65,4.93422,130000,65,7,40.993,71.394,71.394,24,53.711,143.302,149.148,1258,16.606,83.128,114.626,381,110.537,236.154,376.733,7.00262,17.3921,111,135.145,609.31,899.835,219,230.718,659.007,813.149,2000,2000,0.00195312,1,0,0,0,0,0.149657,1,1,12.1985,4,1.54847,1,0.0540199,0,1881,974,65.8844,602,12962,14.5296
e4_ts_t0064_r03,e4_ts_t0064,66,4.9657,132000,66,7,51.886,107.163,107.163,24,44.73,117.543,129.309,1274,18.855,85.263,117.303,398,117.803,269.146,448.973,7.29397,18.44,94,173.322,728.187,6161.59,202,295.334,2540.87,5888.5,1999,1999,1.00196,1,0,0,0,0,0.18256,1,1,12.2314,3,3.1894,4.04722,0.0374908,7758,3055,1247,71.0135,1974,13163,18.6462
e4_ts_t0064_r03,e4_ts_t0064,67,5.01006,134000,67,4,58.901,77.302,77.302,23,49.308,147.129,151.835,1281,19.979,85.228,117.981,397,129.791,260.657,390.996,7.94207,17.9969,94,140.505,2721.86,5990.71,203,316.099,5938.45,6347.84,2002,2002,1.00196,1,0,0,0,0,0.216981,1,1,12.2658,3,3.73191,5.04675,0.0391397,20407,3667,1307,73.7234,2878,13366,24.4312
e4_ts_t0064_r03,e4_ts_t0064,68,5.04043,136000,68,6,56.091,65.291,65.291,19,42.427,125.846,125.846,1257,18.119,83.812,104.783,420,120.868,244.256,319.237,7.25714,18.3442,106,194.582,502.553,811.935,195,252.84,521.636,745.063,2003,2003,1.00196,1,0,0,0,0,0.129821,1,1,10.8147,3,2.62997,2.68492,0.0362644,0,2253,1183,65.5704,1384,13561,14.2256
e4_ts_t0064_r03,e4_ts_t0064,69,5.07106,138000,69,6,53.712,93.411,93.411,22,49.953,106.121,127.942,1295,20.355,85.283,118.558,401,129.381,252.761,329.923,6.17456,22.821,85,181.598,3322.74,4821.16,187,282.744,2982.14,4664.46,1996,1996,1.00196,1,0,0,0,0,0.166838,1,1,10.8518,3,4.68603,6.05186,0.0411644,7482,3419,1600,68.1211,2728,13746,20.3245
e4_ts_t0064_r03,e4_ts_t0064,70,5.09631,140000,70,11,39.391,86.095,86.095,25,43.956,98.719,104.114,1248,21.097,87.499,125.351,427,124.741,236.11,332.266,6.06089,22.3334,90,172.217,1137.11,1845,207,234.501,696.572,1760.22,2008,2008,1.00196,1,0,0,0,0,0.089962,2,1,9.58799,3,1.19027,1.49802,0.0385227,0,2929,699,80.7332,771,13953,11.1505
e4_ts_t0064_r03,e4_ts_t0064,71,5.11614,142000,71,10,47.075,107.642,107.642,20,49.907,83.358,83.358,1278,17.114,76.93,97.284,392,107.884,224.62,334.996,7.40306,16.0128,91,126.307,390.587,896.422,206,215.315,434.539,698.261,1997,1997,1.00196,1,0,0,0,0,0.123083,1,1,9.62111,3,1.51999,1,0.0335388,0,2475,867,74.0575,619,14159,12.0774
e4_ts_t0064_r03,e4_ts_t0064,72,5.14314,144000,72,13,40.11,78.624,78.624,31,40.128,74.938,82.501,1259,17.248,78.876,109.474,410,105.458,213.666,319.299,6.59512,17.6352,84,131.853,656.453,4911.52,195,186.578,3682.47,4754.48,1992,1992,1.00196,1,0,0,0,0,0.155129,1,1,9.65315,3,1.68115,2.04034,0.0363579,7809,3301,769,81.1057,891,14356,14.1697
e4_ts_t0064_r03,e4_ts_t0064,73,5.17877,146000,73,4,21.867,44.977,44.977,30,51.472,115.882,160.853,1255,16.951,67.285,79.949,407,105.629,196.199,247.1,5.76413,19.4174,94,166.723,4523.33,5475.7,204,196.512,4659.76,5812.72,1994,1994,1.00196,0,0,0,0,0,0.196797,0,1,9.69482,3,2.39736,4.04172,0.04704,16072,3757,822,82.0485,1642,14562,18.2617
e4_ts_t0064_r03,e4_ts_t0064,74,5.21713,148000,74,8,22.359,99.11,99.11,23,49.64,126.144,134.575,1252,18.583,82.563,105.055,419,132.738,249.057,311.67,6.31504,22.4341,111,155.756,3028.02,5811.58,194,254.391,3837.43,8559.03,2007,2007,1.00196,1,0,0,0,0,0.13517,1,1,8.83149,3,2.34996,2.69632,0.04319,16105,2750,1119,71.0778,1154,14755,12.3569
e4_ts_t0064_r03,e4_ts_t0064,75,5.24545,150000,75,3,27.307,36.016,36.016,25,56.043,124.985,206.434,1257,20.316,82.304,107.278,423,130.166,215.456,281.358,4.9409,27.2666,79,177.171,788.662,2400.97,218,252.783,2535.11,2735.33,2005,2005,1.00196,1,0,0,0,0,0.17558,1,1,8.8719,4,3.07327,4.04878,0.0312061,4386,3375,1144,74.6847,2167,14974,15.4341
e4_ts_t0064_r03,e4_ts_t0064,76,5.27978,152000,76,2,68.312,68.312,68.312,25,45.162,126.668,143.935,1293,16.219,88.056,114.374,417,106.634,220.935,298.981,4.7554,24.9011,90,149.024,4128.3,4771.89,174,240.667,3416.71,4552.79,2001,2001,1.00196,1,0,0,0,0,0,1,0,7.72184,2,1.47763,2.67307,0.0367775,14051,2161,752,74.1847,1145,15146,9.28983
e4_ts_t0064_r03,e4_ts_t0064,77,5.30448,154000,77,4,84.239,95.177,95.177,22,57.098,101.813,146.229,1272,17.328,80.494,100.623,377,116.808,223.891,325.784,6.32361,19.9661,91,220.779,643.61,823.439,228,288.915,676.861,840.84,1994,1994,1.00196,1,0,0,0,0,0.135467,1,1,7.76793,4,0.899529,1,0.0349283,0,2034,641,76.0374,593,15375,10.3454
e4_ts_t0064_r03,e4_ts_t0064,78,5.3316,156000,78,7,28.975,250.992,250.992,32,58.414,121.004,122.416,1293,18.756,82.294,107.879,378,117.26,212.333,282.546,5.34392,23.6893,101,159.845,660.007,2447.56,192,216.557,2542.57,3653.42,2003,2003,1.00196,1,0,0,0,0,0.169996,1,1,7.80246,3,1.57226,2.04312,0.0400038,5341,3009,608,83.1905,949,15566,12.4324
e4_ts_t0064_r03,e4_ts_t0064,79,5.36866,158000,79,4,54.541,168.355,168.355,35,53.317,104.269,119.71,1265,20.845,83.979,128.438,394,132.962,224.323,326.423,4.13198,34.316,97,226.22,2743.7,3468.51,202,303.221,2671.94,3127.81,1997,1997,1.00196,1,0,0,0,0,0.201862,1,1,7.83433,3,1.9534,3.95745,0.0365238,13015,3586,627,85.1175,1499,15767,16.4648
e4_ts_t0064_r03,e4_ts_t0064,80,5.39326,160000,80,10,34.728,74.471,74.471,23,64.523,119.958,152.807,1240,17.297,83.322,110.749,393,114.828,213.071,301.19,4.53181,27.1186,109,208.822,557.92,967.819,228,269.787,619.169,811.948,2003,2003,1.00196,1,0,0,0,0,0.125901,1,1,7.04006,3,0.666958,0,0.0514603,0,1805,655,73.374,318,15996,8.68282
e4_ts_t0064_r03,e4_ts_t0064,81,5.41964,162000,81,5,31.302,46.144,46.144,39,43.315,121.225,130.986,1281,16.966,72.836,96.405,389,109.133,204.102,309.727,4.96658,23.9523,84,174.955,1278.25,2515.23,199,244.944,1507.94,2337.49,1997,1997,1.00196,0,0,0,0,0,0.169902,0,1,7.08406,3,1.96418,3.04504,0.0371847,5361,3013,784,79.3521,1518,16197,11.7721
e4_ts_t0064_r03,e4_ts_t0064,82,5.44919,164000,82,7,51.04,88.73,88.73,23,29.212,86.269,96.593,1254,17.033,65.565,85.281,416,98.639,182.036,263.635,3.60817,29.5977,99,163.694,2395.89,2893.13,204,248.108,2646.4,3450.8,2003,2003,1.00196,1,0,0,0,0,0.202216,1,1,7.11637,4,1.59947,2.04429,0.0366631,9691,3637,640,85.0362,1844,16399,14.8331
e4_ts_t0064_r03,e4_ts_t0064,83,5.46758,166000,83,10,64.728,122.327,122.327,26,44.274,162.256,217.723,1263,15.183,70.741,98.315,399,97.316,184.665,244.651,4.39599,23.4761,107,112.727,416.503,806.349,185,176.472,630.009,808.457,1990,1990,2.00197,0,0,0,0,0,0.129743,0,1,6.09052,2,0.734582,0.960777,0.0408239,0,2156,477,81.8838,417,16586,7.77402
e4_ts_t0064_r03,e4_ts_t0064,84,5.49437,168000,84,5,39.096,55.837,55.837,26,47.61,92.517,93.626,1241,17.189,67.37,87.893,416,103.492,183.16,224.914,3.73798,28.9284,111,145.652,2155.8,3424.71,210,216.946,1953.1,3037.96,2009,2009,1.00196,1,0,0,0,0,0.165898,1,1,6.12668,4,1.58437,2.05083,0.0532389,6428,3130,715,81.4044,1203,16795,9.89963
e4_ts_t0064_r03,e4_ts_t0064,85,5.51322,170000,85,5,23.756,100.054,100.054,39,42.091,121.204,171.892,1251,17.068,66.703,86.885,405,96.212,172.032,210.896,3.65185,28.1266,102,103.735,327.959,600.336,188,169.745,649.179,963.047,1990,1990,0.00195312,1,0,0,0,0,0.209299,1,1,6.17008,3,0.996447,2,0.0314007,0,3310,450,88.0319,865,16984,11.9387
e4_ts_t0064_r03,e4_ts_t0064,86,5.54892,172000,86,7,69.836,114.151,114.151,33,43.339,107.816,606.731,1233,14.026,75.843,104.795,429,97.108,213.147,339.712,4.56876,23.8304,97,250.027,2569.31,3803.01,205,287.894,3593.73,4373.56,2004,2004,1.00196,1,0,0,0,0,0.126266,1,1,5.47494,3,0.93872,1.39912,0.0373936,13935,2067,631,76.6123,633,17186,7.22761
e4_ts_t0064_r03,e4_ts_t0064,87,5.57004,174000,87,6,41.155,47.401,47.401,25,43.283,102.269,103.619,1265,16.381,71.794,92.043,397,97.286,179.776,229.384,3.76826,27.3311,106,189.824,713.274,821.901,206,252.227,533.835,890.18,2005,2005,1.00196,1,0,0,0,0,0.161864,1,1,5.51054,3,1.15548,1,0.0360155,0,2765,549,83.4339,779,17393,9.28665
e4_ts_t0064_r03,e4_ts_t0064,88,5.59527,176000,88,4,49.015,61.998,61.998,27,32.732,86.983,98.629,1278,16.046,68.046,89.274,388,98.78,180.097,230.772,3.20619,32.2525,100,226.74,2311.28,3349.35,203,246.415,1244.15,2493.41,2000,2000,1.00196,1,0,0,0,0,0.199582,1,1,5.54825,3,1.44131,3.04724,0.0424604,5393,3204,503,86.4311,1203,17595,11.3884
e4_ts_t0064_r03,e4_ts_t0064,89,5.62056,178000,89,2,55.793,55.793,55.793,22,45.456,69.104,114.069,1247,14.337,65.447,89.892,413,90.351,174.983,241.438,4.0339,24.0218,111,197.802,1282.78,3470.36,202,239.829,1224.02,3625.06,1997,1997,1.00196,1,0,0,0,0,0,1,0,4.91463,3,0.274949,0.853335,0.0375309,6465,2184,386,84.9805,196,17798,6.73803
e4_ts_t0064_r03,e4_ts_t0064,90,5.63837,180000,90,4,33.146,41.413,41.413,28,47.286,86.662,88.601,1300,14.067,62.105,87.347,357,83.93,152.43,194.142,2.80112,32.1396,110,151.349,506.093,701.383,205,204.265,451.436,538.474,2004,2004,1.00196,1,0,0,0,0,0.146555,1,1,4.95564,3,0.884085,1,0.0414238,0,2066,473,81.3706,412,18004,7.79773
e4_ts_t0064_r03,e4_ts_t0064,91,5.66189,182000,91,2,48.324,48.324,48.324,26,43.173,68.237,99.264,1303,15.77,61.537,78.772,363,97.023,164.263,205.824,2.43526,41.6399,113,130.095,1459.47,3480.41,189,222.819,1265.93,3340.71,1996,1996,1.00196,1,0,0,0,0,0.185475,1,1,4.99456,3,1.36076,2.05259,0.0439367,5394,3082,458,87.0621,1027,18192,9.90826
e4_ts_t0064_r03,e4_ts_t0064,92,5.6887,184000,92,8,44.133,80.073,80.073,30,31.427,69.122,104.076,1262,14.745,67.944,102.083,372,97.514,183.458,217.144,3.39785,30.6062,120,169.817,1908.96,2668.55,211,219.8,1702.37,2776.85,2003,2003,1.00196,1,0,0,0,0,0.108305,1,1,4.46791,3,1.03419,1.3596,0.0557852,7575,2668,560,82.6518,856,18401,6.34719
e4_ts_t0064_r03,e4_ts_t0064,93,5.7185,186000,93,5,63.873,92.096,92.096,25,32.994,78.465,97.78,1229,15.582,65.005,85.231,419,95.533,177.666,232.958,3.01432,32.8187,97,189.08,1575.73,2446.43,224,268.936,2213.29,2612.45,1999,1999,1.00196,1,0,0,0,0,0.15272,1,1,4.51232,4,2.61507,3.04442,0.035841,8591,3519,884,79.9228,1241,18626,9.45175
e4_ts_t0064_r03,e4_ts_t0064,94,5.73564,188000,94,6,54.072,60.067,60.067,22,48.739,100.825,109.627,1304,14.279,67.516,102.359,376,85.008,174.119,231.024,3.56915,25.1813,108,144.123,423.883,519.261,186,198.06,486.411,930.8,2002,2002,1.00196,1,0,0,0,0,0.0873833,2,1,4.12635,3,0.0665321,1.03896,0.0433865,0,2255,292,88.5355,0,18812,6.15725
e4_ts_t0064_r03,e4_ts_t0064,95,5.7539,190000,95,7,29.476,60.365,60.365,17,37.116,98.795,98.795,1260,13.795,56.466,77.8,403,78.212,146.674,240.94,2.54839,32.8907,94,190.337,473.076,810.357,214,233.115,547.448,788.335,1995,1995,1.00196,1,0,0,0,0,0.124015,1,1,4.16298,3,0.740739,0,0.0370493,0,2609,509,83.6754,172,19026,7.09131
e4_ts_t0064_r03,e4_ts_t0064,96,5.77581,192000,96,10,25.504,102.595,102.595,35,32.515,85.262,100.537,1289,15.424,59.82,87.064,371,91.303,168.956,222.22,2.85445,30.8853,118,157.806,1342.33,2369.57,179,226.507,1429.15,2556.72,2002,2002,1.00196,1,0,0,0,0,0.160619,1,1,4.19958,3,1.30146,3.04433,0.0415573,4306,3067,441,87.4287,745,19206,9.18065
e4_ts_t0064_r03,e4_ts_t0064,97,5.80126,194000,97,6,67.202,83.187,83.187,24,45.481,115.561,124.15,1278,16.12,70.715,92.472,417,91.405,177.363,219.035,3.33094,28.0827,94,190.442,2362.92,3075.06,185,225.616,2343.3,2796.69,2004,2004,1.00196,1,0,0,0,0,0.113373,1,1,3.93334,3,1.04792,0.819967,0.040555,7625,2966,550,84.3572,434,19392,5.88408
e4_ts_t0064_r03,e4_ts_t0064,98,5.82671,196000,98,2,52.24,52.24,52.24,34,33.313,96.487,111.566,1182,17.398,67.084,95.216,437,100.195,186.887,276.177,3.54462,28.8128,122,193.01,1399.78,2396.18,218,231.283,1301.36,2398.85,1995,1995,1.00196,1,0,0,0,0,0.151384,1,1,3.97135,3,1.39726,2.0493,0.0425997,5368,3452,600,85.1925,684,19608,9.00026
e4_ts_t0064_r03,e4_ts_t0064,99,5.8475,198000,99,6,65.319,95.368,95.368,31,31.199,96.765,98.957,1277,15.955,66.933,85.061,390,96.542,174.163,231.129,3.10256,31.9258,109,155.916,1130.02,1483.7,187,195.293,1240.78,1441.36,2000,2000,1.00196,1,0,0,0,0,0.104707,1,1,3.63224,3,0.952464,1.52753,0.0420732,3239,2681,497,84.3612,585,19797,5.63875
e4_ts_t0064_r03,e4_ts_t0064,100,5.87126,200000,100,11,36.518,67.729,67.729,26,38.282,91.51,113.017,1255,16.703,71.847,92.98,389,103.013,173.188,233.643,2.48072,41.628,110,215.223,1236.5,1404.25,202,243.199,1232.95,1445.02,1993,1993,1.00196,1,0,0,0,0,0.139783,1,1,3.66731,3,1.62545,2.04965,0.0552788,4303,3163,631,83.3685,505,20000,8.48312
e4_ts_t0256_r01,e4_ts_t0256,1,0.0209685,2000,1,2,59.054,59.054,59.054,26,19.152,61.193,78.906,1256,20.854,75.802,90.727,405,150.077,191.399,257.787,98.9728,1.52644,122,16.279,63.06,83.869,198,38.893,99.033,368.812,2009,2009,1.00196,0,0,0,0,0,0,0,0,130.686,0,0,0,0,0,805,4078,16.4858,0,198,130.804
e4_ts_t0256_r01,e4_ts_t0256,2,0.0348498,4000,2,6,87.737,94.835,94.835,25,18.676,85.286,144.683,1274,18.83,87.313,108.417,373,124.769,189.136,219.552,92.0912,1.36618,100,15.268,72.178,101.628,219,39.598,116.551,394.991,1997,1997,1.00196,0,0,0,0,0,130.739,0,1,130.739,1,0.19767,0,0.0531178,0,1316,3280,28.6336,0,416,130.845
e4_ts_t0256_r01,e4_ts_t0256,3,0.0480742,6000,3,7,21.423,93.298,93.298,28,17.295,74.339,105.862,1218,17.748,76.116,94.307,424,119.392,182.609,205.981,87.4953,1.35997,103,14.044,85.645,149.524,221,40.389,95.236,216.356,2001,2001,1.00196,0,0,0,0,0,130.78,0,1,130.78,1,1.57747,2,0.0419502,0,2295,3452,39.9339,300,635,132.888
e4_ts_t0256_r01,e4_ts_t0256,4,0.0609947,8000,4,9,14.502,58.826,58.826,24,18.242,80.211,82.083,1253,17.453,77.877,89.808,430,110.368,171.73,188.39,87.5767,1.25169,82,14.585,109.129,359.869,203,40.159,105.571,196.886,2001,2001,1.00196,1,0,0,0,0,130.78,1,1,130.78,1,1.53095,2,0,0,3193,2970,51.8092,400,840,134.963
e4_ts_t0256_r01,e4_ts_t0256,5,0.0740468,10000,5,5,17.302,72.356,72.356,26,15.02,49.791,57.923,1247,19.409,76.734,94.145,439,108.611,175.537,231.336,81.6105,1.33392,98,13.04,72.651,106.222,187,36.255,88.01,125.104,2002,2002,0.00195312,1,0,0,0,0,130.823,1,1,130.823,1,1.29841,2,0.0426788,0,3833,2568,59.8813,368,1028,137.229
e4_ts_t0256_r01,e4_ts_t0256,6,0.0848715,12000,6,5,27.493,61.494,61.494,28,21.215,62.759,77.298,1288,16.443,60.043,71.286,394,103.386,163.6,184.877,79.6904,1.28583,92,19.231,67.948,94.439,189,38.559,96.613,134.479,1996,1996,1.00196,0,0,0,0,0,130.868,0,1,130.868,0,0.86044,2,0.0455551,0,4072,2038,66.6448,400,1217,138.997
e4_ts_t0256_r01,e4_ts_t0256,7,0.0962965,14000,7,11,15.645,57.97,57.97,29,15.955,64.76,81.618,1265,17.675,69.671,88.63,384,97.387,161.497,187.899,76.6276,1.28501,96,16.484,77.619,309.792,211,41.526,116.075,329.691,1996,1996,1.00196,1,0,0,0,0,130.868,1,1,130.868,1,0.941826,2,0,0,4310,1726,71.4049,140,1428,141.085
e4_ts_t0256_r01,e4_ts_t0256,8,0.108359,16000,8,8,23.893,104.465,104.465,26,13.958,65.722,81.375,1259,15.802,78.332,106.306,422,94.911,166.961,209.126,72.3957,1.36045,111,20.365,138.859,203.729,187,43.29,105.028,173.381,2013,2013,2.00197,1,0,0,0,0,130.909,1,1,130.909,1,1.11641,2.17046,0.0910034,0,5032,1628,75.5556,570,1614,0
e4_ts_t0256_r01,e4_ts_t0256,9,0.11929,18000,9,8,8.467,63.98,63.98,24,37.145,84.779,95.296,1262,15.296,69.114,84.63,389,87.328,143.474,168.119,71.2802,1.24545,112,27.953,88.513,199.979,204,39.255,106.299,238.839,1999,1999,2.00197,1,0,0,0,0,130.952,1,1,130.952,1,0.837183,2,0.000135422,0,4359,1269,77.452,300,1817,146.295
e4_ts_t0256_r01,e4_ts_t0256,10,0.129981,20000,10,5,36.151,42.07,42.07,19,34.595,74.575,74.575,1268,18.971,63.884,80.925,389,80.322,136.426,168.331,67.8072,1.25233,98,24.86,97.622,122.806,214,40.408,105.718,121.723,1993,1993,2.00197,0,0,0,0,0,131.003,0,1,131.003,0,0.883691,2,0.0508623,0,4563,1152,79.8425,400,2031,148.334
e4_ts_t0256_r01,e4_ts_t0256,11,0.13948,22000,11,3,48.033,49.374,49.374,20,24.376,57.281,57.281,1304,10.907,55.88,70.576,389,77.617,136.015,161.237,64.8972,1.26194,91,14.871,70.221,293.192,191,43.325,125.914,332.369,1998,1998,2.00197,0,0,0,0,0,131.048,0,1,131.048,1,1.0271,3,0.045804,0,4944,1021,82.8835,300,2222,150.372
e4_ts_t0256_r01,e4_ts_t0256,12,0.150364,24000,12,5,12.815,69.419,69.419,24,10.959,54.054,66.131,1258,14.018,66.205,84.106,388,85.7,139.08,160.222,64.6778,1.34755,113,25.432,82.824,214.49,215,48.401,127.775,380.73,2003,2003,2.00197,1,0,0,0,0,131.048,1,1,131.048,1,0.825548,2,0,0,5395,888,85.8666,300,2438,152.847
e4_ts_t0256_r01,e4_ts_t0256,13,0.16233,26000,13,5,56.108,135.534,135.534,21,22.721,55.793,56.752,1253,14.401,70.791,100.522,401,91.155,156.758,216.804,57.0499,1.65513,104,32.009,151.672,259.101,215,47.515,123.001,168.395,1999,1999,2.00197,1,0,0,0,0,131.095,1,2,131.095,1,0.767198,3.18011,0.0464115,0,5832,796,87.9903,130,2651,155.687
e4_ts_t0256_r01,e4_ts_t0256,14,0.173562,28000,14,4,43.965,58.321,58.321,31,14.46,89.174,91.566,1248,13.081,69.486,85.201,405,81.87,135.864,160.449,56.3531,1.4807,102,17.917,102.946,413.871,214,46.456,139.522,306.849,2004,2004,2.00197,1,0,0,0,0,131.135,1,1,131.135,1,0.910446,2,0.0457191,0,5175,739,87.5042,952,2864,158.671
e4_ts_t0256_r01,e4_ts_t0256,15,0.184235,30000,15,4,57.369,67.034,67.034,24,20.848,70.526,127.482,1260,14.361,66.496,82.957,397,80.258,131.871,153.715,52.8338,1.54989,113,22.589,77.731,99.185,199,45.344,122.425,174.895,1997,1997,2.00197,0,0,0,0,0,131.18,0,1,131.18,0,0.604631,3,0.0458059,0,5221,564,90.2506,600,3067,160.725
e4_ts_t0256_r01,e4_ts_t0256,16,0.193666,32000,16,8,21.395,45.061,45.061,16,12.511,50.248,50.248,1326,9.874,52.512,68.11,378,78.045,138.806,170.923,53.2698,1.51881,96,28.68,96.07,265.151,176,43.86,201.177,299.457,2000,2000,1.00196,0,0,0,0,0,131.229,0,1,131.229,1,0.585252,2,0.0485668,0,5249,567,90.251,300,3243,162.764
e4_ts_t0256_r01,e4_ts_t0256,17,0.203828,34000,17,4,9.216,9.849,9.849,32,24.318,66.396,75.264,1266,10.164,65.482,80.425,416,77.552,135.534,179.583,52.976,1.51985,96,29.349,79.243,117.531,189,48.067,119.476,465.684,2003,2003,1.00196,1,0,0,0,0,131.229,1,1,131.229,1,0.616257,2,0,0,6096,539,91.8764,300,3431,164.801
e4_ts_t0256_r01,e4_ts_t0256,18,0.215095,36000,18,6,11.227,35.247,35.247,21,36.693,75.367,85.065,1264,12.995,71.653,108.057,389,83.882,141.435,188.072,46.1183,1.86854,106,32.257,113.25,165.545,215,50.047,123.444,160.161,2001,2001,1.00196,1,0,0,0,0,131.276,1,2,131.276,1,0.65867,2,0.0474844,0,6005,451,93.0143,1024,3645,168.024
e4_ts_t0256_r01,e4_ts_t0256,19,0.227541,38000,19,5,11.731,31.927,31.927,30,12.171,65.362,77.678,1229,11.743,58.884,71.205,433,78.801,135.483,172.122,50.7413,1.60853,115,20.45,999.102,1121.38,181,41.898,829.715,1186.02,1993,1993,1.00196,0,0,0,0,0,131.317,0,2,131.317,0,0.762772,3.18072,0.0477142,2122,6404,460,93.2984,990,3828,170.294
e4_ts_t0256_r01,e4_ts_t0256,20,0.242247,40000,20,10,9.438,73.409,73.409,22,25.051,50.67,68.379,1259,9.063,57.199,77.238,415,69.739,128.269,160.536,45.4265,1.64831,106,35.691,1091.71,1227.43,192,73.234,1107.29,1216.4,2004,2004,2.00197,0,0,0,0,0,131.332,0,1,131.332,1,0.943718,3.53926,0.0543079,5311,5654,453,92.5823,650,4020,174.654
e4_ts_t0256_r01,e4_ts_t0256,21,0.251979,42000,21,9,15.299,86.49,86.49,27,13.793,76.059,100.836,1262,8.824,65.934,81.95,397,67.29,129.697,163.789,46.7179,1.55763,104,33.319,110.505,169.933,198,46.806,143.731,368.793,1997,1997,1.00196,1,0,0,0,0,131.332,1,1,131.332,1,0.534871,2,0.0490742,0,4832,393,92.4785,836,4218,176.745
e4_ts_t0256_r01,e4_ts_t0256,22,0.262134,44000,22,5,8.783,50.543,50.543,28,8.686,75.496,81.176,1273,9.263,64.626,83.019,395,73.546,132.791,159.578,41.0886,1.8692,110,22.812,94.901,128.8,193,55.74,127.113,418.241,2004,2004,2.00197,1,0,0,0,0,131.381,1,1,131.381,1,0.403085,3,0.000135422,0,5078,342,93.69,200,4408,178.737
e4_ts_t0256_r01,e4_ts_t0256,23,0.273014,46000,23,3,5.333,26.744,26.744,35,10.463,55.729,63.928,1249,10.066,61.195,72.66,402,73.759,126.378,152.657,40.3881,1.9089,116,24.432,101.354,817.471,189,48.823,111.491,1156.08,1994,1994,2.00197,0,0,0,0,0,131.429,0,1,131.429,0,0.496104,2,0.0483093,1062,5310,330,94.1489,300,4600,181.499
e4_ts_t0256_r01,e4_ts_t0256,24,0.290033,48000,24,6,9.709,10.603,10.603,22,11.007,49.147,75.84,1296,8.887,56.383,76.15,382,76.76,141.281,170.929,38.1597,2.10204,103,49.507,1162.16,1234.36,192,75.972,1197.6,1260.33,2001,2001,1.00196,0,0,0,0,0,131.472,0,1,131.472,1,1.10776,4.19378,0.052639,7433,5694,453,92.6306,1465,4792,185.016
e4_ts_t0256_r01,e4_ts_t0256,25,0.299929,50000,25,1,36.522,36.522,36.522,28,11.041,71.035,73.305,1279,8.871,64.563,83.141,408,68.451,126.218,147.805,42.1814,1.71296,83,37.568,158.279,443.346,200,52.209,149.087,389.961,1999,1999,2.00197,1,0,0,0,0,131.472,1,1,131.472,1,0.538768,2,0,0,4934,278,94.6662,496,4990,187.407
e4_ts_t0256_r01,e4_ts_t0256,26,0.310373,52000,26,3,9.744,53.424,53.424,24,14.828,61.903,62.715,1299,9.464,66.532,79.909,415,72.906,134.182,168.005,37.8964,2.03399,81,22.663,93.154,405.019,184,56.004,179.666,304.582,2006,2006,2.00197,1,0,0,0,0,131.517,1,1,131.517,1,0.360501,3,0.0455294,0,4930,217,95.784,100,5176,190.085
e4_ts_t0256_r01,e4_ts_t0256,27,0.323648,54000,27,6,11.504,68.035,68.035,16,15.606,83.361,83.361,1294,12.773,64.035,81.215,372,79.756,137.076,165.8,37.1935,2.22563,92,43.656,244.734,1264.91,223,56.253,1007.86,1215.11,2003,2003,2.00197,1,0,0,0,0,131.562,1,1,131.562,1,0.538815,2,0.045289,2124,5147,261,95.1738,500,5397,193.124
e4_ts_t0256_r01,e4_ts_t0256,28,0.346533,56000,28,8,17.09,70.988,70.988,33,14.862,85.817,138.265,1254,10.026,65.003,119.348,401,80.898,164.221,248.712,31.0723,2.90208,108,45.603,1241.5,1354.84,191,109.938,1272.79,1339.1,1995,1995,2.00197,0,0,0,0,0,131.6,0,1,131.6,0,0.651234,4,0.0381308,11751,6086,266,95.8123,400,5590,197.905
e4_ts_t0256_r01,e4_ts_t0256,29,0.379968,58000,29,8,14.505,62.702,62.702,23,15.176,58.828,79.596,1279,12.415,86.067,118.939,397,107.229,219.98,271.054,35.0403,3.28207,102,76.797,2342.8,3996.32,201,99.19,2264.27,3571,2010,2010,1.00196,0,0,0,0,0,131.643,0,1,131.643,1,0.140949,1.90972,0.0486221,14913,5692,124,97.868,128,5789,198.257
e4_ts_t0256_r01,e4_ts_t0256,30,0.39504,60000,30,7,13.886,104.842,104.842,26,19.602,81.092,110.789,1257,14.198,102.157,135.527,407,108.343,216.614,271.99,31.6437,3.75189,106,38.229,145.88,407.888,192,75.394,222.232,468.909,1995,1995,2.00197,1,0,0,0,0,131.643,1,1,131.643,1,0.46516,3,0,0,5285,211,96.1608,900,5979,202.208
e4_ts_t0256_r01,e4_ts_t0256,31,0.42754,62000,31,6,25.647,122.229,122.229,22,16.158,46.969,47.725,1275,11.598,107.441,145.324,403,111.495,236.295,307.081,29.139,4.24962,110,112.086,2153.88,2382.67,182,124.241,1417.21,2320.86,1998,1998,2.00197,1,0,0,0,0,131.692,1,1,131.692,1,1.32186,8,0.100355,18116,6537,432,93.8011,1622,6165,209.256
e4_ts_t0256_r01,e4_ts_t0256,32,0.479435,64000,32,6,7.77,139.365,139.365,23,23.566,152.209,152.787,1289,12.039,123.515,166.871,371,135.578,296.522,370.041,29.1348,5.04112,87,1149.77,2342.55,2487.6,213,1140.94,2336.48,2461.79,1989,1989,2.00197,0,0,0,0,0,131.743,0,1,131.743,0,2.41887,11,0.000135422,36266,7414,680,91.5987,2627,6378,221.223
e4_ts_t0256_r01,e4_ts_t0256,33,0.571886,66000,33,8,30.326,187.859,187.859,21,31.111,65.013,215.428,1251,14.332,110.426,186.681,434,158.77,356.097,450.487,28.8986,6.06016,99,1879.63,4558.7,7592.88,188,2053.54,5491.66,5930.28,2001,2001,1.00196,0,0,0,0,0,131.789,0,1,131.789,1,3.6089,22,0.0460215,75687,10726,1000,91.4719,3899,6566,242.28
e4_ts_t0256_r01,e4_ts_t0256,34,0.679953,68000,34,7,32.846,150.58,150.58,18,41.669,139.777,139.777,1291,16.239,123.196,222.689,398,199.777,412.55,575.158,30.9774,6.81676,93,2028.15,5625.02,20550.7,202,1590.01,8785.92,20565.4,2009,2009,2.00197,0,0,0,0,0,1.08458,0,1,125.375,1,4.38059,15.7327,0.0461922,73416,8212,1383,85.5862,3142,6767,199.113
e4_ts_t0256_r01,e4_ts_t0256,35,0.706991,70000,35,6,40.958,419.115,419.115,36,77.403,211.774,250.795,1257,20.668,197.959,264.997,407,216.302,498.247,642.198,25.4767,9.46592,114,39.19,190.422,384.03,176,93.294,245.264,341.211,1996,1996,1.00196,1,0,0,0,0,1.08458,1,1,125.375,1,0,0,0,0,2019,2067,49.4126,0,6943,199.153
e4_ts_t0256_r01,e4_ts_t0256,36,0.730105,72000,36,5,21.301,35.398,35.398,22,87.549,161.654,200.596,1290,22.303,150.366,186.553,392,181.391,407.902,517.55,20.0765,9.95819,84,60.495,217.404,297.151,205,105.499,244.175,277.248,1998,1998,1.00196,0,0,0,0,0,1.13443,0,2,125.425,0,1.05423,0,0.0499945,0,2614,1815,59.0201,3192,7148,141.919
e4_ts_t0256_r01,e4_ts_t0256,37,0.754093,74000,37,7,68.153,206.021,206.021,25,49.14,188.799,199.055,1244,24.455,149.016,211.39,412,173.498,362.416,427.261,23.4272,8.07349,107,87.865,290.601,479.405,211,112.382,361.756,480.022,2006,2006,2.00197,0,0,0,0,0,1.1776,0,1,125.468,1,2.53868,1,0.0432978,0,3362,1989,62.8294,7956,7358,126.752
e4_ts_t0256_r01,e4_ts_t0256,38,0.778918,76000,38,9,56.75,132.567,132.567,21,41.138,202.469,250.667,1273,20.028,169.899,211.748,384,182.759,381.761,491.98,21.138,9.33692,106,67.568,245.949,359.977,200,133.217,390.148,913.11,1993,1993,1.00196,1,0,0,0,0,1.1776,1,1,125.468,1,2.41095,1,0,0,3659,1709,68.1632,8297,7559,127.839
e4_ts_t0256_r01,e4_ts_t0256,39,0.846361,78000,39,4,35.973,59.417,59.417,18,41.546,212.842,212.842,1225,21.011,154.789,184.183,429,192.158,395.168,529.263,19.1469,10.7729,100,92.248,9042.64,9914.92,224,127.879,6640.82,9180.14,2000,2000,2.00197,0,0,0,0,0,1.27033,0,1,125.561,1,10.4468,3,0.0930061,42587,5256,3808,57.9876,38849,7784,131.837
e4_ts_t0256_r01,e4_ts_t0256,40,1.08112,80000,40,6,50.103,62.517,62.517,33,32.658,168.513,235.872,1265,17.655,115.562,209.277,370,197.282,405.72,564.316,21.327,9.59689,111,5797.12,11073.3,13750,216,4812.75,12221.8,14198.8,2001,2001,2.00197,0,0,0,0,0,1.31135,0,1,125.602,1,76.5723,27.1769,0.0487556,214530,10828,20446,34.623,290783,8000,158.062
e4_ts_t0256_r01,e4_ts_t0256,41,1.10728,82000,41,7,14.231,147.693,147.693,17,74.058,224.062,224.062,1287,31.446,164.31,196.742,392,196.695,366.354,469.576,19.3418,10.2909,94,54.108,220.97,378.829,205,100.922,275.253,467.049,2002,2002,2.00197,0,0,0,0,0,0,0,0,32.9424,0,0.70994,0.765527,0,0,2989,899,76.8776,1253,8202,93.9458
e4_ts_t0256_r01,e4_ts_t0256,42,1.12813,84000,42,7,18.84,101.988,101.988,25,36.621,176.592,319.437,1297,11.81,125.487,205.978,407,110.237,255.06,347.007,21.4496,5.80791,94,78.38,275.127,519.098,178,126.989,376.223,750.598,2008,2008,1.00196,0,0,0,0,0,0,0,0,32.9857,1,0,0,0.0434294,0,965,1139,45.865,0,8381,93.9838
e4_ts_t0256_r01,e4_ts_t0256,43,1.15038,86000,43,6,71.409,142.828,142.828,27,38.026,176.171,204.823,1311,14.523,164.894,197.539,379,104.107,292.807,417.643,17.905,7.06691,86,51.057,403.769,530.009,186,121.14,362.996,911.07,1995,1995,1.00196,0,0,0,0,0,0,0,0,33.031,1,0,0,0.045413,0,1244,834,59.8653,0,8566,33.5646
e4_ts_t0256_r01,e4_ts_t0256,44,1.17249,88000,44,2,9.119,9.119,9.119,20,26.074,183.497,183.497,1282,18.339,172.211,247.593,383,126.821,325.075,448.694,17.483,8.22059,102,74.297,235.632,359.569,203,122.85,282.362,399.18,1992,1992,2.00197,1,0,0,0,0,0,1,0,33.031,1,0,0,0.0457983,0,1704,684,71.3568,0,8772,33.4215
e4_ts_t0256_r01,e4_ts_t0256,45,1.19765,90000,45,8,125.126,190.851,190.851,23,33.256,221.536,360.266,1270,26.455,206.936,260.253,389,139.862,362.176,459.405,17.3419,9.29198,98,63.889,269.945,470.123,218,119.531,278.777,406.302,2006,2006,1.00196,1,0,0,0,0,0.311282,1,1,33.0768,1,0.837296,0,0.000134468,0,2385,812,74.6012,1943,8985,34.4145
e4_ts_t0256_r01,e4_ts_t0256,46,1.22083,92000,46,9,29.121,197.658,197.658,31,47.338,199.406,254.971,1237,23.824,160.174,191.65,424,129.727,342.395,443.89,17.7241,8.38189,93,52.436,274.706,352.762,211,129.464,341.917,407.258,2005,2005,2.00197,0,0,0,0,0,0.35696,0,1,33.1225,0,1.27147,2,0.0458126,0,3019,868,77.6692,2495,9199,35.4533
e4_ts_t0256_r01,e4_ts_t0256,47,1.24348,94000,47,9,50.277,173.077,173.077,28,40.113,160.375,160.647,1260,24.814,161.084,206.736,400,128.746,294.896,381.408,14.2175,9.95703,83,60.172,329.019,892.831,216,133.4,348.951,873.67,1996,1996,2.00197,0,0,0,0,0,0.398924,0,1,33.1645,1,1.27534,2,0.042098,0,3467,713,82.9426,2677,9417,37.4915
e4_ts_t0256_r01,e4_ts_t0256,48,1.26352,96000,48,9,29.471,235.193,235.193,22,31.068,194.522,239.016,1290,17.959,161.132,197.368,383,124.425,290.913,372.87,14.9634,9.25399,103,59.228,320.635,520.037,185,109.005,358.573,535.934,1992,1992,2.00197,0,0,0,0,0,0.439433,0,1,33.205,1,2.15143,3,0.0406437,0,3859,778,83.2219,4350,9601,40.5324
e4_ts_t0256_r01,e4_ts_t0256,49,1.28285,98000,49,5,20.218,150.87,150.87,18,48.852,159.184,159.184,1247,17.748,139.952,165.3,437,117.554,250.567,311.492,15.6224,8.3992,100,49.758,210.354,288.513,199,97.531,270.156,365.582,2006,2006,2.00197,1,0,0,0,0,0.439433,1,1,33.205,1,2.14755,3,0,0,4789,817,85.4263,6109,9796,43.9918
e4_ts_t0256_r01,e4_ts_t0256,50,1.32103,100000,50,10,44.226,180.264,180.264,23,24.635,159.954,160.084,1250,19.572,158.284,188.716,410,123.12,268.827,349.146,14.8659,9.18694,100,51.374,5674.61,9733.47,203,137.753,4087.06,7559.84,1996,1996,0.00195312,1,0,0,0,0,0.483727,1,1,33.2493,1,3.88266,7.17244,0.0520248,16941,5008,1246,80.0768,9978,10003,50.7844
e4_ts_t0256_r01,e4_ts_t0256,51,1.33844,102000,51,6,32.566,147.705,147.705,25,38.969,101.513,117.265,1298,16.186,114.803,138.637,395,106.023,223.586,300.243,13.5772,8.33899,78,72.233,272.554,296.109,201,133.568,328.329,361.87,2003,2003,2.00197,0,0,0,0,0,0.527586,0,1,33.2931,0,1.0621,2,0.0439939,0,3598,455,88.7737,3636,10202,52.8202
e4_ts_t0256_r01,e4_ts_t0256,52,1.356,104000,52,8,58.141,190.91,190.91,27,18.489,136.466,181.993,1271,17.081,135.221,180.561,419,100.213,255.953,291.837,12.642,9.28938,95,61.205,224.014,347.329,192,101.742,277.923,356.484,2012,2012,2.00197,0,0,0,0,0,0.57041,0,1,33.3359,1,0.883801,2,0.0429583,0,4131,427,90.6319,2857,10397,54.8606
e4_ts_t0256_r01,e4_ts_t0256,53,1.37368,106000,53,7,19.852,64.113,64.113,35,43.569,142.831,171.998,1285,17.203,134.175,167.502,375,112.978,250.289,297.321,12.568,9.956,97,51.014,179.044,355.648,189,88.965,275.488,627.788,1988,1988,2.00197,1,0,0,0,0,0.57041,1,1,33.3359,1,0.515554,1,0,0,3992,310,92.794,1375,10584,56.8959
e4_ts_t0256_r01,e4_ts_t0256,54,1.40068,108000,54,5,25.271,110.559,110.559,31,36.218,162.433,192.805,1263,17.884,133.451,170.071,422,106.252,258.208,304.004,12.6114,9.8032,92,76.588,2422.04,3011.78,183,94.172,2293.75,3085.59,1996,1996,2.00197,0,0,0,0,0,0.30579,0,1,23.7596,0,0.501978,1.45385,0.0467968,4261,3221,483,86.96,819,10768,0
e4_ts_t0256_r01,e4_ts_t0256,55,1.41543,110000,55,7,13.436,72.277,72.277,22,28.811,99.437,108.579,1356,13.373,97.434,132.73,360,93.659,211.501,282.122,11.6222,8.9231,96,65.357,260.76,344.833,163,109.026,301.741,378.247,2004,2004,2.00197,0,0,0,0,0,0.350801,0,1,23.8046,1,1.41114,1,0.045145,0,1935,1116,63.4218,1632,10930,25.1757
e4_ts_t0256_r01,e4_ts_t0256,56,1.4335,112000,56,4,119.148,171.444,171.444,30,39.231,173.151,178.566,1254,14.999,142.747,186.316,427,99.105,265.819,328.144,12.2506,9.50854,89,72.63,273.958,476.802,202,117.198,329.097,377.4,2006,2006,2.00197,1,0,0,0,0,0.350801,1,1,23.8046,1,1.99651,2,0,0,2744,1184,69.8574,2735,11128,27.2617
e4_ts_t0256_r01,e4_ts_t0256,57,1.45154,114000,57,3,64.137,157.953,157.953,28,27.67,121.014,149.098,1277,15.607,141.462,177.567,397,99.285,266.382,339.138,11.1385,10.38,82,66.591,260.476,406.308,206,114.04,298.186,403.253,1993,1993,2.00197,1,0,0,0,0,0.399547,1,1,23.8534,1,2.86099,2,0.0488806,0,3322,1129,74.6349,4509,11338,29.758
e4_ts_t0256_r01,e4_ts_t0256,58,1.46932,116000,58,8,67.885,99.574,99.574,10,45.49,135.237,135.237,1300,17.087,129.032,170.976,377,101.991,238.214,286.538,9.5756,11.8539,92,64.04,304.08,428.652,215,125.452,320.815,389.167,2002,2002,2.00197,1,0,0,0,0,0.440811,1,1,23.8947,1,2.38411,3,0.041399,0,3661,993,78.6635,4639,11554,32.2964
e4_ts_t0256_r01,e4_ts_t0256,59,1.49561,118000,59,6,52.343,100.558,100.558,27,33.916,84.67,193.899,1275,16.125,124.889,158.192,378,100.814,238.116,289.846,10.5079,10.5741,105,73.899,3222.54,3710.77,204,120.218,3229.05,3587.47,1995,1995,2.00197,0,0,0,0,0,0.472934,0,1,23.9268,0,3.77394,5.16714,0.0399103,9641,3865,1236,75.7695,8244,11755,37.453
e4_ts_t0256_r01,e4_ts_t0256,60,1.51272,120000,60,6,28.311,57.089,57.089,30,31.615,187.805,210.533,1236,15.091,131.095,178.856,433,92.972,213.415,298.662,9.92379,10.5778,97,88.275,311.839,384.506,199,113.726,309.42,439.955,2001,2001,2.00197,0,0,0,0,0,0.51985,0,1,23.9737,1,2.09714,3,0.0470505,0,3543,832,80.9829,4580,11956,40.4927
e4_ts_t0256_r01,e4_ts_t0256,61,1.52963,122000,61,4,13.752,25.821,25.821,30,30.471,163.402,163.732,1289,16.048,145.135,183.021,386,100.099,243.219,294.392,10.5699,10.6382,105,73.208,222.529,303.717,196,111.755,247.109,324.559,2010,2010,2.00197,1,0,0,0,0,0.51985,1,1,23.9737,1,0.131797,0,0,0,3181,209,93.8348,406,12153,41.1586
e4_ts_t0256_r01,e4_ts_t0256,62,1.54729,124000,62,6,48.68,145.884,145.884,23,40.343,160.042,186.293,1263,15.393,127.455,180.119,400,88.691,224.957,280.618,8.0825,12.5023,102,75.783,280.554,372.921,202,107.214,305.831,397.938,1996,1996,2.00197,1,0,0,0,0,0,2,0,16.8885,1,0.226844,0.627004,0.0475903,0,1511,668,69.3437,50,12356,17.7173
e4_ts_t0256_r01,e4_ts_t0256,63,1.5645,126000,63,3,48.171,104.269,104.269,33,51.74,179.243,191.767,1254,19.647,126.206,155.524,402,94.975,206.834,245.477,7.75871,13.2762,100,44.054,245.678,278.31,203,98.943,260.954,303.097,1995,1995,2.00197,0,0,0,0,0,0.308619,0,1,16.9356,0,2.17105,1,0.0472383,0,2181,1100,66.4736,3318,12558,19.3583
e4_ts_t0256_r01,e4_ts_t0256,64,1.57977,128000,64,9,30.778,103.357,103.357,27,37.614,105.385,109.311,1265,12.939,96.209,129.536,407,88.067,180.768,215.548,9.79607,9.76451,106,78.843,291.682,437.003,187,120.358,316.193,374.879,2001,2001,2.00197,0,0,0,0,0,0.35533,0,1,16.9823,1,1.77947,2,0.0468473,0,2503,874,74.119,2588,12744,20.6615
e4_ts_t0256_r01,e4_ts_t0256,65,1.59741,130000,65,7,41.467,138.491,138.491,24,28.266,95.528,129.087,1258,15.212,125.117,167.264,381,90.524,202.092,259.102,7.00262,14.4607,111,69.854,293.896,373.382,218,140.49,344.305,508.201,1999,1999,2.00197,0,0,0,0,0,0.406449,0,1,17.0335,1,1.77552,2,0.0512581,0,2775,683,80.2487,3655,12963,22.4446
e4_ts_t0256_r01,e4_ts_t0256,66,1.61408,132000,66,7,44.026,81.805,81.805,24,49.115,130.691,141.207,1275,14.725,113.065,141.439,397,93.831,205.694,272.739,7.31234,14.1992,94,73.303,229.371,373.719,201,112.894,312.384,693.148,1998,1998,2.00197,1,0,0,0,0,0.406449,1,1,17.0335,1,1.51575,2,0,0,3396,659,83.7485,3061,13164,24.5245
e4_ts_t0256_r01,e4_ts_t0256,67,1.63116,134000,67,4,26.672,37.874,37.874,23,39.886,127.867,155.49,1284,15.782,117.978,155.029,399,96.941,222.098,274.087,7.90476,13.737,94,75.236,284.466,525.41,205,104.853,299.283,455.85,2009,2009,2.00197,1,0,0,0,0,0.451547,1,1,17.0786,1,1.69786,2,0.0452366,0,3780,633,85.656,4561,13365,27.0895
e4_ts_t0256_r01,e4_ts_t0256,68,1.66155,136000,68,6,19.035,79.938,79.938,19,44.863,186.25,186.25,1253,15.025,128.8,171.95,419,101.611,236.973,299.436,7.26969,15.3442,106,78.203,2309.02,2496.41,193,123.924,2509.57,3617.83,1996,1996,2.00197,0,0,0,0,0,0,0,1,11.8436,0,1.19012,2.84358,0.0437298,12745,3270,635,83.7388,2538,13560,12.5986
e4_ts_t0256_r01,e4_ts_t0256,69,1.6775,138000,69,6,14.208,60.125,60.125,22,44.825,102.521,144.12,1298,9.213,115.78,168.867,401,67.003,190.304,234.275,6.17456,12.9494,84,89.574,291.357,323.234,187,139.522,442.751,736.056,1998,1998,2.00197,0,0,0,0,0,0,0,0,11.8913,1,0,0,0.0478392,0,790,508,60.8629,0,13749,12.3279
e4_ts_t0256_r01,e4_ts_t0256,70,1.69609,140000,70,11,14.449,65.231,65.231,25,35.616,145.948,158.24,1243,11.559,141.203,169.13,422,77.814,202.433,249.711,5.98104,15.4628,89,113.753,391.904,460.619,206,155.592,419.799,478.528,1996,1996,2.00197,0,0,0,0,0,0,0,0,11.937,1,0,0,0.0459042,0,1288,355,78.3932,0,13956,12.3654
e4_ts_t0256_r01,e4_ts_t0256,71,1.71426,142000,71,10,15.934,125.625,125.625,20,43.445,190.015,190.015,1284,13.625,139.7,176.4,397,78.101,204.657,250.108,7.47103,12.7232,93,92.589,273.542,688.007,206,144.024,304.94,609.086,2010,2010,2.00197,1,0,0,0,0,0,1,0,11.937,1,0,0,0,0,1730,268,86.5866,0,14159,12.4007
e4_ts_t0256_r01,e4_ts_t0256,72,1.73298,144000,72,13,17.218,136.657,136.657,31,66.738,121.287,169.549,1264,17.418,145.438,187.467,414,88.072,213.522,262.365,6.72222,14.9232,83,88.302,253.863,459.578,193,124.344,290.937,457.091,1998,1998,2.00197,0,0,0,0,0,0.312464,0,1,11.9774,0,0.775295,1,0.0405197,0,2379,431,84.6619,1486,14356,13.438
e4_ts_t0256_r01,e4_ts_t0256,73,1.75023,146000,73,4,64.47,82.124,82.124,30,30.776,150.313,171.44,1250,14.843,109.056,149.293,403,83.614,171.813,230.358,5.62531,16.2694,96,98.28,313.317,743.979,211,143.998,343.119,605.197,1994,1994,2.00197,0,0,0,0,0,0.354272,0,1,12.0192,1,1.06607,1,0.0419474,0,2805,422,86.9228,3053,14566,14.4776
e4_ts_t0256_r01,e4_ts_t0256,74,1.76673,148000,74,8,38.882,123.018,123.018,23,21.318,166.933,182.811,1252,14.237,117.847,158.108,419,78.565,217.893,252.814,6.31504,14.845,111,85.309,242.844,419.165,190,139.258,356.149,464.142,2003,2003,2.00197,0,0,0,0,0,0.401059,0,1,12.066,1,0.724904,2,0.0469265,0,3210,308,91.245,1955,14755,16.5216
e4_ts_t0256_r01,e4_ts_t0256,75,1.78488,150000,75,3,24.79,36.289,36.289,25,40.366,101.699,119.159,1254,15.925,130.216,165.146,423,85.787,218.451,267.335,4.9409,20.056,77,66.337,254.579,393.222,217,128.901,294.518,493.732,1999,1999,2.00197,1,0,0,0,0,0.401059,1,1,12.066,1,0.949731,1,0,0,3694,345,91.4583,3270,14974,18.597
e4_ts_t0256_r01,e4_ts_t0256,76,1.8088,152000,76,2,99.558,99.558,99.558,25,24.462,152.752,203.07,1296,15.086,152.042,207.064,413,121.563,324.131,465.633,4.73608,30.0759,91,37.107,326.803,604.048,173,86.383,290.117,489.959,2000,2000,1.00196,1,0,0,0,0,0.44249,1,1,12.1075,1,1.03501,2,0.0415697,0,4068,339,92.3077,3385,15146,19.5904
e4_ts_t0256_r01,e4_ts_t0256,77,1.83306,154000,77,4,45.196,56.132,56.132,22,70.507,211.806,215.218,1278,17.096,140.037,180.637,381,117.984,237.323,289.633,6.32808,19.4767,92,80.725,1053.35,1561.48,229,141.739,1254.18,1435,2006,2006,2.00197,0,0,0,0,0,0,0,1,8.43666,0,0.333435,1.43666,0.0456228,5335,3046,267,91.9408,612,15375,20.8992
e4_ts_t0256_r01,e4_ts_t0256,78,1.84967,156000,78,7,61.108,178.019,178.019,32,51.009,120.65,130.981,1287,9.565,106.386,133.124,378,82.471,183.596,217.519,5.34392,16.8218,101,94.727,309.597,337.019,194,150.683,434.735,592.028,1999,1999,2.00197,0,0,0,0,0,0,0,0,8.47813,1,0,0,0.0416069,0,780,442,63.8298,0,15565,8.96325
e4_ts_t0256_r01,e4_ts_t0256,79,1.86722,158000,79,4,127.324,231.542,231.542,35,43.112,155.885,200.31,1262,10.535,127.161,169.035,394,75.624,205.225,301.265,4.13198,21.5819,97,94.045,379.253,1005.29,201,140.934,457.859,740.729,1993,1993,2.00197,0,0,0,0,0,0,0,0,8.52189,1,0,0,0.0439014,0,1270,258,83.1152,0,15767,9.00281
e4_ts_t0256_r01,e4_ts_t0256,80,1.88585,160000,80,10,51.19,150.459,150.459,23,60.78,181.282,206.35,1244,15.659,136.139,171.343,394,83.043,202.05,242.692,4.52284,20.8398,109,88.368,354.396,541.078,227,124.644,405.466,572.432,2007,2007,2.00197,1,0,0,0,0,0,1,0,8.52189,1,0,0,0.0445499,0,1678,184,90.1182,0,15994,9.0903
e4_ts_t0256_r01,e4_ts_t0256,81,1.90494,162000,81,5,64.521,174.397,174.397,39,43.156,176.442,198.1,1278,13.679,153.001,182.84,386,86.57,220.267,344.797,4.98187,21.5662,83,84.545,279.326,466.005,200,125.978,311.634,512.737,1991,1991,2.00197,1,0,0,0,0,0.298314,1,1,8.56644,1,0.744362,1,0.000139236,0,2320,356,86.6966,1756,16198,10.0782
e4_ts_t0256_r01,e4_ts_t0256,82,1.9237,164000,82,7,35.75,147.893,147.893,23,50.266,161.774,220.393,1249,19.165,137.984,162.331,417,91.285,210.414,259.505,3.61871,28.777,99,62.256,226.913,425.114,203,105.338,293.157,498.953,1998,1998,2.00197,0,0,0,0,0,0.342525,0,1,8.61065,0,0.794696,1,0.0443506,0,2935,386,88.377,2287,16400,11.2637
e4_ts_t0256_r01,e4_ts_t0256,83,1.94064,166000,83,11,17.975,125.619,125.619,26,22.758,87.682,98.23,1277,13.801,105.635,145.929,403,84.814,193.354,257.653,4.35484,21.8326,112,98.479,283.736,683.749,190,147.481,395.934,752.71,2019,2019,1.00196,0,0,0,0,0,0.386545,0,1,8.65467,1,1.00013,2,0.0441589,0,3096,301,91.1392,3124,16588,13.1625
e4_ts_t0256_r01,e4_ts_t0256,84,1.95839,168000,84,4,67.144,186.611,186.611,26,26.74,74.074,159.584,1230,15.99,128.971,168.061,413,95.074,224.689,255.392,3.76271,28.2777,106,63.395,268.003,328.765,205,113.079,354.057,434.223,1984,1984,2.00197,0,0,0,0,0,0.436415,0,1,8.70454,1,0.825666,1,0.0500088,0,3548,266,93.0257,2649,16796,14.2037
e4_ts_t0256_r01,e4_ts_t0256,85,1.97669,170000,85,5,43.742,151.96,151.96,39,45.143,199.543,229.588,1260,13.789,137.575,181.615,408,87.783,220.305,289.03,3.6299,28.6819,104,55.67,195.225,297.759,194,107.695,382.71,432.589,2010,2010,2.00197,1,0,0,0,0,0,1,0,6.01443,1,0.0782852,0.876329,0,0,2356,274,89.5817,70,16989,6.60882
e4_ts_t0256_r01,e4_ts_t0256,86,1.99437,172000,86,7,52.198,156.658,156.658,33,51.701,169.921,170.002,1227,11.843,129.182,155.309,426,85.545,201.117,254.802,4.59624,21.1965,95,62.835,278.862,364.362,199,122.304,342.761,407.58,1987,1987,1.00196,1,0,0,0,0,0.188706,1,1,6.06504,1,0.697914,0,0.050745,0,2124,551,79.4019,755,17187,7.59612
e4_ts_t0256_r01,e4_ts_t0256,87,2.02127,174000,87,6,27.682,123.696,123.696,25,44.043,173.853,202.132,1264,13.232,119.128,153.831,398,81.327,192.871,264.433,3.75879,24.4811,107,80.765,326.911,360.111,207,147.015,321.467,389.711,2007,2007,2.00197,0,0,0,0,0,0.232693,0,1,6.10902,0,1.65933,3,0.0441256,0,2662,587,81.9329,2286,17394,9.63897
e4_ts_t0256_r01,e4_ts_t0256,88,2.03979,176000,88,4,33.301,100.768,100.768,27,60.739,156.494,243.82,1277,14.894,130.312,168.555,387,90.504,217.367,262.875,3.21447,31.6555,99,112.096,465.852,623.624,202,149.667,359.836,614.337,1996,1996,2.00197,0,0,0,0,0,0,0,0,5.03668,1,0.982157,1.94403,0.0487986,0,2595,316,89.1446,1020,17596,5.74932
e4_ts_t0256_r01,e4_ts_t0256,89,2.05831,178000,89,2,36.233,36.233,36.233,22,38.398,168.507,204.434,1246,11.412,149.35,182.725,412,75.626,232.541,304.817,3.95388,24.1134,111,95.675,355.16,634.044,201,140.248,305.181,575.983,1994,1994,2.00197,0,0,0,0,0,0,0,0,5.08118,1,0,0,0.0446405,0,1091,388,73.7661,0,17798,5.60783
e4_ts_t0256_r01,e4_ts_t0256,90,2.07718,180000,90,4,64.959,98.288,98.288,28,64.977,195.106,198.415,1298,12.107,139.188,175.753,358,84.743,220.947,295.349,2.89665,34.5239,110,84.336,407.886,493.615,206,128.989,416.556,532.017,2004,2004,1.00196,1,0,0,0,0,0,1,0,5.08118,1,0,0,0,0,1450,154,90.399,0,18002,5.70123
e4_ts_t0256_r01,e4_ts_t0256,91,2.09486,182000,91,2,149.585,149.585,149.585,26,44.356,144.887,160.841,1306,14.337,131.332,161.487,364,84.903,195.355,259.164,2.42857,40.4301,115,66.495,342.932,424.118,190,110.269,401.205,482.534,2003,2003,1.00196,0,0,0,0,0,0.190132,0,1,5.13416,0,1.57805,2,0.0531244,0,2200,543,80.2042,1850,18192,7.69189
e4_ts_t0256_r01,e4_ts_t0256,92,2.11461,184000,92,8,71.303,111.903,111.903,30,45.805,165.867,166.667,1259,13.074,105.603,148.281,370,83.114,184.04,218.116,3.41622,26.7981,118,152.679,443.338,1413.9,210,190.994,440.578,1521.86,1995,1995,2.00197,0,0,0,0,0,0,0,0,4.26686,1,0.936103,2.21683,0.0501699,0,1849,409,81.8866,1430,18403,9.95516
e4_ts_t0256_r01,e4_ts_t0256,93,2.13389,186000,93,5,52.87,150.021,150.021,25,37.393,186.717,190.512,1226,9.267,141.069,173.149,417,69.142,185.357,227.505,3.02878,27.0446,97,117.874,332.948,655.818,224,191.32,443.576,688.826,1994,1994,2.00197,0,0,0,0,0,0,0,0,4.3159,1,0,0,0.0491772,0,908,287,75.9833,0,18629,4.86555
e4_ts_t0256_r01,e4_ts_t0256,94,2.15096,188000,94,6,53.586,115.327,115.327,22,46.899,112.582,147.108,1308,10.201,145.293,178.216,376,65.114,196.993,230.848,3.56649,23.3858,108,76.951,345.935,680.828,186,144.223,368.95,687.858,2006,2006,2.00197,1,0,0,0,0,0,1,0,4.3159,1,0,0,0.0483894,0,1181,152,88.5971,0,18814,4.95435
e4_ts_t0256_r01,e4_ts_t0256,95,2.1702,190000,95,7,86.867,134.702,134.702,17,84.622,210.958,210.958,1265,13.641,149.299,173.605,405,74.261,201.53,248.297,2.53827,35.8557,98,92.216,323.021,394.74,215,147.004,387.304,523.281,2007,2007,2.00197,1,0,0,0,0,0,1,0,4.36428,1,0,0,0.000139236,0,1753,97,94.7568,0,19026,4.98999
e4_ts_t0256_r01,e4_ts_t0256,96,2.18776,192000,96,10,22.707,130.141,130.141,35,29.15,124.81,131.627,1283,13.44,133.413,163.025,370,79.745,212.17,251.688,2.86216,33.4106,114,63.693,274.739,293.753,177,125.296,353.13,423.354,1989,1989,2.00197,0,0,0,0,0,0.191705,0,1,4.40853,0,0.236467,0,0.0443859,0,2091,159,92.9333,463,19207,4.98863
e4_ts_t0256_r01,e4_ts_t0256,97,2.20418,194000,97,6,8.151,43.973,43.973,24,47.114,116.065,169.77,1276,13.109,122.354,165.356,417,75.064,194.197,241.928,3.33094,26.436,94,128.872,318.613,415.558,188,143.888,367.333,409.366,2005,2005,2.00197,0,0,0,0,0,0.243469,0,1,4.4603,1,0.503975,1,0.0519037,0,2672,197,93.1335,1065,19391,6.90641
e4_ts_t0256_r01,e4_ts_t0256,98,2.22335,196000,98,2,120.203,120.203,120.203,34,44.313,159.118,163.506,1187,16.314,140.208,173.225,440,87.296,215.993,244.192,3.52273,28.5481,122,105.006,273.161,346.869,218,141.375,301.629,371.529,2003,2003,2.00197,0,0,0,0,0,0.292083,0,1,4.50891,1,0.453562,2,0.0487528,0,3232,159,95.3111,1015,19611,8.07433
e4_ts_t0256_r01,e4_ts_t0256,99,2.24131,198000,99,6,28.494,101.271,101.271,31,34.175,140.982,161.168,1276,12.763,139.125,171.679,389,80.751,224.249,289.303,3.10797,32.6619,110,107.295,385.403,628.735,187,123.463,364.285,592.745,1999,1999,2.00197,1,0,0,0,0,0,1,0,3.76304,1,0.0653877,0.662662,0,0,1951,232,89.3724,85,19796,8.82928
e4_ts_t0256_r01,e4_ts_t0256,100,2.2604,200000,100,11,27.758,137.614,137.614,26,80.757,178.124,185.866,1256,11.953,143.44,172.759,388,88.027,208.656,244.635,2.48711,38.9732,109,71.124,307.472,493.97,200,141.973,370.667,521.474,1990,1990,0.00195312,1,0,0,0,0,0,1,0,3.81416,0,0,0,0.0512638,0,1439,211,87.2121,0,20000,4.41449
e4_ts_t0256_r02,e4_ts_t0256,1,0.0210198,2000,1,2,92.988,92.988,92.988,26,20.585,77.812,83.139,1255,21.011,80.289,93.431,405,148.812,205.249,361.52,98.9728,1.75766,122,16.931,69.822,92.225,198,40.229,89.735,115.549,2008,2008,1.00196,0,0,0,0,0,0,0,0,130.685,0,0,0,0,0,807,4078,16.52,0,198,130.804
e4_ts_t0256_r02,e4_ts_t0256,2,0.0357527,4000,2,6,75.101,98.524,98.524,25,18.812,88.037,103.922,1275,20.081,90.628,109.267,374,132.869,198.218,222.818,92.1123,1.43064,100,16.77,92.681,126.224,219,43.05,132.732,447.676,1999,1999,1.00196,0,0,0,0,0,130.738,0,1,130.738,1,0.228676,0,0.0531178,0,1362,3323,29.0715,0,416,130.845
e4_ts_t0256_r02,e4_ts_t0256,3,0.0497047,6000,3,7,26.469,107.462,107.462,28,21.348,109.338,130.526,1216,19.065,84.458,99.912,425,125.592,185.772,215.031,87.4941,1.42412,103,16.442,89.714,121.851,220,40.643,110.286,164.477,1999,1999,1.00196,0,0,0,0,0,130.78,0,1,130.78,1,2.03481,3,0.0419502,0,2347,3552,39.7864,400,635,133.887
e4_ts_t0256_r02,e4_ts_t0256,4,0.0632269,8000,4,9,21.36,56.719,56.719,24,20.396,74.588,81.421,1254,18.377,80.582,95.066,428,112.941,179.851,219.274,87.5491,1.30975,82,15.41,92.797,412.586,204,43.336,115.73,251.189,2001,2001,1.00196,1,0,0,0,0,130.78,1,1,130.78,1,1.9418,3,0,0,3319,3061,52.0219,432,840,136.963
e4_ts_t0256_r02,e4_ts_t0256,5,0.0766521,10000,5,5,55.128,81.079,81.079,26,16.373,69.774,78.906,1248,18.784,80.063,93.636,439,108.773,171.578,200.339,81.6105,1.35049,98,13.189,93.755,249.837,187,37.4,99.122,260.799,2003,2003,0.00195312,1,0,0,0,0,130.823,1,1,130.823,1,2.15884,3,0.0426788,0,3996,2792,58.8686,636,1028,139.959
e4_ts_t0256_r02,e4_ts_t0256,6,0.0880459,12000,6,5,12.29,49.652,49.652,28,35.686,71.037,72.439,1288,16.559,64.955,76.391,396,103.975,161.738,176.051,79.6035,1.29914,92,16.809,83.772,142.289,189,39.546,106.355,128.749,1998,1998,1.00196,0,0,0,0,0,130.868,0,1,130.868,0,1.75964,3,0.0455551,0,4098,2237,64.6882,674,1217,142.997
e4_ts_t0256_r02,e4_ts_t0256,7,0.099785,14000,7,11,18.728,46.67,46.67,29,17.092,78.451,92.749,1266,18.209,73.404,94.951,383,97.779,163.499,196.705,76.7624,1.30861,97,15.331,92.287,332.17,211,40.262,119.622,350.967,1997,1997,1.00196,1,0,0,0,0,130.868,1,1,130.868,1,1.30616,3,0,0,4511,1792,71.5691,500,1428,146.085
e4_ts_t0256_r02,e4_ts_t0256,8,0.111707,16000,8,8,27.424,135.238,135.238,26,12.525,76.889,80.082,1257,14.719,76.485,103.084,421,94.791,163.26,195.434,72.3302,1.34988,110,23.768,158.226,279.474,187,42.085,130.546,219.367,2009,2009,1.00196,1,0,0,0,0,130.909,1,1,131.087,1,1.61639,3.17046,0.0480089,0,4995,1782,73.7052,536,1614,149.252
e4_ts_t0256_r02,e4_ts_t0256,9,0.122971,18000,9,8,7.739,50.895,50.895,24,11.3,78.23,84.503,1263,14.193,69.403,86.915,389,91.065,155.804,177.797,71.2802,1.29373,112,22.503,118.071,289.421,204,37.765,119.625,326.045,2000,2000,1.00196,1,0,0,0,0,130.952,1,1,130.952,1,1.28678,3,0.0431299,0,4326,1410,75.4184,300,1817,152.295
e4_ts_t0256_r02,e4_ts_t0256,10,0.133938,20000,10,5,40.262,66.601,66.601,19,31.251,81.146,81.146,1268,17.548,66.075,83.244,389,86.16,141.508,170.788,67.8072,1.30271,98,20.618,87.298,147.912,214,41.491,107.038,115.362,1993,1993,1.00196,0,0,0,0,0,131.003,0,1,131.003,0,1.09686,3,0.0508623,0,4750,1158,80.3995,200,2031,155.334
e4_ts_t0256_r02,e4_ts_t0256,11,0.143586,22000,11,3,52.336,59.142,59.142,20,15.447,71.21,71.21,1304,10.314,58.465,87.051,389,83.168,142.536,166.926,64.8972,1.29093,91,19.081,60.744,326.909,191,42.259,121.528,345.871,1998,1998,2.00197,1,0,0,0,0,131.003,1,1,131.003,1,1.09298,3,0.0456686,0,4911,1060,82.2475,952,2223,158.417
e4_ts_t0256_r02,e4_ts_t0256,12,0.154462,24000,12,5,24.034,81.869,81.869,24,11.764,61.121,83.427,1258,13.307,70.819,84.776,388,85.021,135.897,167.693,64.7732,1.34362,113,23.19,100.927,153.555,215,47.225,120.119,318.255,2003,2003,2.00197,1,0,0,0,0,131.048,1,1,131.048,1,0.992214,3,0.000135422,0,5463,954,85.1332,700,2438,161.46
e4_ts_t0256_r02,e4_ts_t0256,13,0.16591,26000,13,5,11.523,25.997,25.997,21,11.729,75.5,234.863,1253,13.128,70.557,84.67,401,84.711,144.594,165.257,56.9576,1.54826,104,25.728,108.142,429.189,216,46.592,130.732,217.656,2000,2000,2.00197,1,0,0,0,0,131.089,1,1,131.275,1,0.960619,3.18011,0.0464115,0,5756,877,86.7782,430,2650,164.64
e4_ts_t0256_r02,e4_ts_t0256,14,0.176581,28000,14,4,38.331,47.136,47.136,31,15.77,69.73,84.808,1248,14.074,64.535,84.067,405,73.926,133.273,153.598,56.3531,1.37919,102,19.956,88.951,391.549,212,39.483,133.79,334.217,2002,2002,2.00197,1,0,0,0,0,131.135,1,1,131.135,1,1.09686,3,0.0457191,0,5031,764,86.8162,1200,2864,167.682
e4_ts_t0256_r02,e4_ts_t0256,15,0.187047,30000,15,4,56.324,73.234,73.234,24,42.379,65.491,70.366,1266,13.441,65.014,76.458,398,79.999,129.492,146.315,52.9523,1.51674,114,15.53,76.564,108.109,200,41.142,111.861,167.588,2006,2006,2.00197,0,0,0,0,0,131.18,0,1,131.18,0,0.918579,3,0.0457611,0,5256,661,88.8288,600,3067,170.725
e4_ts_t0256_r02,e4_ts_t0256,16,0.195954,32000,16,8,15.405,39.214,39.214,16,11.67,43.905,43.905,1317,9.572,51.424,66.57,376,73.906,128.14,167.63,53.0213,1.43965,95,28.491,82.093,468.151,176,41.847,180.842,395.153,1988,1988,2.00197,1,0,0,0,0,131.18,1,1,131.18,1,0.573625,2,0,0,5297,557,90.4851,528,3243,173.534
e4_ts_t0256_r02,e4_ts_t0256,17,0.206259,34000,17,4,9.235,26.89,26.89,32,17.354,57.577,75.68,1265,10.101,65.098,78.636,414,77.256,134.415,147.562,52.7488,1.5215,95,25.9,95.102,414.367,189,53.884,130.095,316.641,1999,1999,2.00197,1,0,0,0,0,131.228,1,1,131.228,1,0.720912,3,0.0482779,0,6180,577,91.4607,836,3431,176.132
e4_ts_t0256_r02,e4_ts_t0256,18,0.217212,36000,18,6,10.749,61.529,61.529,21,39.419,62.203,63.654,1267,11.686,64.068,83.416,392,76.92,132.757,152.81,46.5306,1.74734,107,29.782,122.416,339.942,215,52.687,181.693,277.679,2008,2008,2.00197,1,0,0,0,0,131.275,1,2,131.275,1,0.839772,3.18012,0.047224,0,6114,469,92.8756,433,3644,179.706
e4_ts_t0256_r02,e4_ts_t0256,19,0.229478,38000,19,5,8.945,39.5,39.5,30,11.887,52.207,52.412,1232,10.207,59.097,76.316,433,76.34,129.424,150.079,50.7413,1.56171,115,20.658,1081.6,1190.07,182,41.17,144.837,1135.86,1997,1997,2.00197,0,0,0,0,0,131.317,0,2,131.317,0,0.926332,4,0.0479736,2125,5882,523,91.8345,1058,3827,183.071
e4_ts_t0256_r02,e4_ts_t0256,20,0.246278,40000,20,10,7.644,60.616,60.616,22,10.334,49.881,50.602,1259,9.274,52.773,71.592,415,70.98,130.525,153.504,45.4265,1.65836,106,30.964,1188.78,1268.19,191,69.556,1226.09,1271.62,2003,2003,2.00197,0,0,0,0,0,131.371,0,2,131.371,1,1.27522,4,0.0537271,7445,6273,552,91.9121,1337,4020,188.088
e4_ts_t0256_r02,e4_ts_t0256,21,0.258643,42000,21,9,10.052,29.604,29.604,27,14.021,68.482,73.176,1260,9.924,68.88,88.066,400,75.484,137.317,174.446,46.6175,1.69263,104,37.228,942.219,1110.65,198,50.571,509.744,1190.25,1998,1998,2.00197,1,0,0,0,0,131.331,1,1,131.331,1,0.819602,4.53883,0,2123,5258,455,92.0357,422,4217,191.743
e4_ts_t0256_r02,e4_ts_t0256,22,0.269575,44000,22,5,10.912,80.47,80.47,28,11.821,84.15,85.769,1271,10.027,69.354,84.338,393,79.194,143.146,172.103,41.0433,2.00604,110,25.15,121.738,145.109,193,61.987,126.465,384.841,2000,2000,1.00196,1,0,0,0,0,131.381,1,1,131.381,1,0.546567,2,0.0497742,0,5126,365,93.3528,300,4408,194.785
e4_ts_t0256_r02,e4_ts_t0256,23,0.284394,46000,23,3,5.663,56.497,56.497,35,10.673,69.646,71.036,1252,10.653,67.591,87.506,402,82.547,144.149,171.569,40.3881,2.15279,116,37.258,1087.56,1149.33,189,57.216,1056.42,1223.46,1997,1997,1.00196,0,0,0,0,0,131.429,0,1,131.429,0,0.348873,2,0.0483208,4250,5461,272,95.2555,200,4600,197.518
e4_ts_t0256_r02,e4_ts_t0256,24,0.305263,48000,24,6,17.163,84.58,84.58,22,12.686,56.6,60.39,1298,10.932,63.292,84.94,383,87.548,152.468,191.2,38.2063,2.41287,103,58.244,4699.12,4971.9,194,73.262,1193.03,4888.53,2006,2006,1.00196,1,0,0,0,0,131.429,1,1,131.429,1,0,0,0.0527201,5329,4856,172,96.5792,0,4792,197.611
e4_ts_t0256_r02,e4_ts_t0256,25,0.318264,50000,25,1,5.538,5.538,5.538,28,16.401,92.959,95.231,1279,12.653,80.168,99.503,408,95.978,158.766,184.197,42.076,2.34968,83,37.584,205.026,554.158,200,62.684,245.663,434.078,1999,1999,2.00197,1,0,0,0,0,131.471,1,1,131.675,1,0.460268,3.93238,0.000135422,0,6047,290,95.4237,548,4991,199.835
e4_ts_t0256_r02,e4_ts_t0256,26,0.330523,52000,26,3,42.635,60.051,60.051,24,25.881,79.276,93.405,1294,10.676,77.065,123.227,414,88.026,168.329,209.127,37.9565,2.43874,81,34.035,113.784,353.122,182,67.899,222.541,490.682,1998,1998,1.00196,1,0,0,0,0,131.516,1,1,131.516,1,0.53495,3,0.0451946,0,5381,264,95.3233,810,5175,202.918
e4_ts_t0256_r02,e4_ts_t0256,27,0.344929,54000,27,6,14.278,53.788,53.788,16,17.441,107.512,107.512,1295,15.724,81.304,104.441,370,95.469,170.442,239.419,37.1135,2.74492,92,56.25,132.028,1106.05,223,68.5,276.141,1212.6,2002,2002,2.00197,1,0,0,0,0,131.562,1,1,131.562,1,0.755894,4,0.0458097,1069,5335,317,94.3914,800,5398,207.251
e4_ts_t0256_r02,e4_ts_t0256,28,0.374175,56000,28,8,11.211,16.844,16.844,33,16.592,65.292,78.189,1251,11.082,72.879,105.152,401,92.291,181.437,230.782,31.3292,3.16567,108,88.596,1250.97,1320.88,194,159.102,1282.72,1336.27,1995,1995,2.00197,0,0,0,0,0,131.6,0,1,131.6,0,1.69397,8,0.0382204,18111,6967,552,92.6586,1639,5590,215.906
e4_ts_t0256_r02,e4_ts_t0256,29,0.410861,58000,29,8,20.45,132.746,132.746,23,17.935,101.716,113.192,1272,11.988,91.777,125.735,398,121.246,226.428,258.293,34.9548,3.69972,99,110.655,2288.32,3597.47,196,220.424,2324.47,3424.44,1996,1996,2.00197,0,0,0,0,0,131.642,0,1,131.642,1,2.3193,11.1711,0.0486221,22301,7589,687,91.6989,2529,5789,226.174
e4_ts_t0256_r02,e4_ts_t0256,30,0.427263,60000,30,7,25.821,107.099,107.099,26,21.555,82.982,102.101,1266,15.657,113.948,141.259,407,116.583,241.164,275.44,31.6437,3.96782,108,42.823,187.64,303.667,190,81.514,245.753,357.105,2004,2004,2.00197,1,0,0,0,0,131.642,1,1,131.642,1,0.759773,5,0,0,5610,274,95.3433,700,5979,231.206
e4_ts_t0256_r02,e4_ts_t0256,31,0.471372,62000,31,6,47.176,97.297,97.297,22,20.072,126.36,156.363,1269,14.973,144.147,189.239,404,131.321,299.741,332.564,29.0668,4.99745,111,753.525,2281.31,2403.02,185,275.35,2268.73,2544.67,1997,1997,2.00197,1,0,0,0,0,131.691,1,1,131.691,1,2.3258,13,0.0493984,26739,7776,681,91.9475,2899,6164,244.251
e4_ts_t0256_r02,e4_ts_t0256,32,0.534922,64000,32,6,22.039,84.082,84.082,23,29.318,207.449,213.658,1299,15.211,140.677,194.671,375,176.073,335.092,395.306,29.2533,6.41218,85,1205.43,2499.55,3460.62,212,1286.22,2470.07,2642.46,2000,2000,2.00197,0,0,0,0,0,131.742,0,1,131.742,0,2.50026,12,0.0503416,42988,7677,715,91.48,2392,6377,257.789
e4_ts_t0256_r02,e4_ts_t0256,33,0.568574,66000,33,8,48.925,221.015,221.015,21,46.282,154.94,174.336,1251,20.598,160.175,236.241,429,208.924,441.658,512.947,28.6247,8.0791,104,92.359,1806.83,2459.81,193,128.681,2016.51,2446.94,2006,2006,1.00196,0,0,0,0,0,1.04856,0,2,125.339,1,3.15406,1.55222,0.0455418,9628,3135,2348,57.1767,4445,6569,127.153
e4_ts_t0256_r02,e4_ts_t0256,34,0.593902,68000,34,7,22.617,145.714,145.714,18,70.843,227.267,227.267,1288,21.719,178.626,229.375,399,221.28,447.612,560.156,30.8947,7.83029,90,43.79,202.041,468.8,197,91.986,211.714,439.711,1999,1999,2.00197,0,0,0,0,0,1.09427,0,1,125.385,1,2.79836,1,0.0458441,0,3024,2569,54.0676,7278,6767,126.64
e4_ts_t0256_r02,e4_ts_t0256,35,0.617565,70000,35,6,43.674,96.194,96.194,36,78.122,201.028,220.741,1257,19.455,164.161,208.615,410,197.523,388.65,457.925,25.4463,8.24364,114,45.529,209.069,279.762,178,88.075,242.208,298.364,2001,2001,2.00197,1,0,0,0,0,1.09427,1,1,125.385,1,2.7444,1,0,0,4010,2239,64.1703,8992,6943,127.679
e4_ts_t0256_r02,e4_ts_t0256,36,0.652842,72000,36,5,24.465,57.843,57.843,22,51.245,155.713,235.018,1291,22.438,147.785,186.67,389,185.495,381.78,493.95,20.1748,10.1277,84,108.48,1302.35,1963.95,206,148.853,1466.91,2459.12,1997,1997,2.00197,0,0,0,0,0,1.14439,0,1,125.435,0,4.77956,2,0.0502605,13871,4353,2423,64.2414,16677,7145,129.714
e4_ts_t0256_r02,e4_ts_t0256,37,0.704603,74000,37,7,35.946,90.746,90.746,25,40.364,148.1,155.697,1242,25.17,132.802,188.057,410,198.526,366.523,507.231,23.3902,9.06796,106,371.249,2471.04,2510.97,209,305.652,2479,2702.7,1999,1999,2.00197,0,0,0,0,0,1.18067,0,1,125.472,1,10.7872,5.17752,0.0446472,29132,5036,3871,56.5398,35331,7358,134.937
e4_ts_t0256_r02,e4_ts_t0256,38,0.730739,76000,38,9,60.197,202.336,202.336,21,54.721,176.567,222.718,1275,27.229,175.787,209.31,388,198.672,370.79,421.719,21.0799,9.93714,107,60.468,283.777,391.655,200,119.974,332.977,925.744,2000,2000,2.00197,0,0,0,0,0,1.2286,0,1,125.519,1,6.5976,2,0.0480671,0,4275,2492,63.1742,23734,7558,136.983
e4_ts_t0256_r02,e4_ts_t0256,39,0.757855,78000,39,4,161.319,182.22,182.22,18,50.899,203.092,203.092,1225,35.073,156.101,185.283,427,204.988,379.874,478.105,19.2365,11.1598,102,65.937,249.587,429.385,229,108.141,296.999,416.651,2005,2005,2.00197,1,0,0,0,0,1.2286,1,1,125.519,1,5.82232,2,0.0449381,0,5102,2397,68.0357,20992,7787,140.07
e4_ts_t0256_r02,e4_ts_t0256,40,0.820055,80000,40,6,157.183,173.036,173.036,33,40.791,214.181,245.393,1264,20.912,188.736,234.815,370,214.028,405.661,498.701,21.327,10.5995,109,1125.54,2602.05,3318.66,210,1038.39,2599.8,2917.3,1992,1992,2.00197,0,0,0,0,0,1.32255,0,1,125.613,1,14.1956,7,0.0492849,37593,5909,4297,57.8973,53376,7999,146.069
e4_ts_t0256_r02,e4_ts_t0256,41,0.902161,82000,41,7,42.909,175.118,175.118,17,42.153,207.162,207.162,1287,19.431,163.552,219.479,392,234.528,461.112,547.125,19.3418,13.1392,93,1341.8,3436.25,4904.84,202,1413.66,3333.23,3710.57,1998,1998,2.00197,0,0,0,0,0,1.32255,0,1,125.613,0,18.463,8,0,61043,7383,5213,58.6138,73530,8201,154.102
e4_ts_t0256_r02,e4_ts_t0256,42,0.95709,84000,42,7,37.136,87.211,87.211,25,34.653,125.694,135.037,1295,21.634,124.376,180.01,406,225.73,369.494,482.631,21.2882,10.8746,95,112.746,4288.41,6941.47,182,164.133,4481.55,6838.92,2010,2010,2.00197,0,0,0,0,0,1.35835,0,1,125.649,1,12.1947,5.17768,0.0433407,31061,6565,3663,64.1865,48912,8381,159.323
e4_ts_t0256_r02,e4_ts_t0256,43,0.983792,86000,43,6,33.626,151.282,151.282,27,38.752,209.885,212.117,1312,24.149,176.369,207.342,380,219.646,387.21,510.782,18.0789,12.6659,86,53.86,281.217,889.211,185,123.054,352.579,1196.49,1996,1996,1.00196,1,0,0,0,0,1.35835,1,1,125.649,1,5.41529,3,0,0,5032,1875,72.8536,20802,8566,162.401
e4_ts_t0256_r02,e4_ts_t0256,44,1.04966,88000,44,2,98.136,98.136,98.136,20,82.656,204.732,204.732,1284,18.716,176.29,208.306,388,208.05,415.393,548.05,17.482,12.5912,103,239.128,3373.63,5169.36,206,266.491,4268.95,5736.45,2003,2003,1.00196,1,0,0,0,0,0,1,0,38.6598,1,3.8538,2.25904,0.0456667,39646,3828,1557,71.0864,15269,8772,99.5991
e4_ts_t0256_r02,e4_ts_t0256,45,1.07816,90000,45,8,107.113,188.918,188.918,23,44.578,186.436,206.228,1269,47.835,166.206,199.894,384,167.588,327.334,407.475,17.3464,10.3866,95,63.221,243.931,912.958,211,105.57,334.399,909.608,1990,1990,0.00195312,1,0,0,0,0,0.445848,1,1,38.7049,1,5.36498,3,0.0452566,0,1954,2423,44.6424,9565,8985,42.0426
e4_ts_t0256_r02,e4_ts_t0256,46,1.09658,92000,46,9,35.347,179.069,179.069,31,41.34,163.051,197.752,1237,16.648,126.61,157.281,427,117.521,264.841,337.168,17.6042,7.35339,95,41.186,225.189,442.913,216,103.113,288.713,431.644,2015,2015,1.00196,0,0,0,0,0,0.491392,0,1,38.7504,0,2.17086,2,0.0456791,0,2554,1666,60.5213,3894,9199,44.082
e4_ts_t0256_r02,e4_ts_t0256,47,1.11421,94000,47,9,41.893,107.501,107.501,28,22.597,84.786,124.859,1263,15.645,118.619,168.768,400,98.855,251.576,321.576,14.4225,7.96052,83,89.46,294.878,390.767,219,122.51,293.737,347.563,2002,2002,2.00197,0,0,0,0,0,0.533615,0,1,38.7927,1,2.93842,2,0.0423574,0,3067,1272,70.6845,5592,9417,46.179
e4_ts_t0256_r02,e4_ts_t0256,48,1.13195,96000,48,9,52.205,159.561,159.561,22,22.413,115.302,164.785,1292,15.961,145.434,174.955,381,110.549,260.438,329.302,14.8241,8.58365,104,44.775,256.647,340.29,183,124.383,348.764,695.791,1991,1991,2.00197,1,0,0,0,0,0.533615,1,1,38.7927,1,2.88411,3,0.0407667,0,3416,1250,73.2105,7024,9602,49.2003
e4_ts_t0256_r02,e4_ts_t0256,49,1.15129,98000,49,5,124.851,151.072,151.072,18,29.787,115.948,115.948,1243,18.199,143.357,182.783,437,120.179,292.112,383.532,15.6224,8.54947,99,47.337,221.057,339.927,198,97.668,292.33,389.15,2000,2000,2.00197,1,0,0,0,0,0.574382,1,1,38.8334,1,3.10889,3,0.000134468,0,4552,1285,77.9853,8459,9796,52.1982
e4_ts_t0256_r02,e4_ts_t0256,50,1.186,100000,50,10,73.245,161.313,161.313,23,26.393,127.486,137.545,1249,17.724,152.774,178.993,412,127.121,295.467,344.691,14.9248,9.40898,100,57.311,2482.78,3458.55,204,128.786,2680.36,3433.49,1998,1998,2.00197,0,0,0,0,0,0.618461,0,1,38.8775,0,5.95753,6.17261,0.0518608,14972,4958,2010,71.1538,15400,10003,59.4133
e4_ts_t0256_r02,e4_ts_t0256,51,1.20385,102000,51,6,32.539,153.008,153.008,25,27.981,171.391,204.349,1299,15.311,117.123,143.653,391,111.973,268.498,314.12,13.4425,9.20348,78,77.665,304.409,496.422,199,120.924,344.241,407.899,1998,1998,2.00197,0,0,0,0,0,0.66266,0,1,38.9217,1,2.68246,3,0.0443335,0,3741,943,79.8676,7346,10202,62.852
e4_ts_t0256_r02,e4_ts_t0256,52,1.22339,104000,52,8,65.665,169.188,169.188,27,34.863,194.73,223.148,1264,15.189,166.708,202.734,417,110.318,262.314,373.148,12.7266,9.45913,94,64.017,292.382,802.912,193,131.183,486.213,879.694,2003,2003,2.00197,0,0,0,0,0,0,1,0,23.6621,1,0.397563,1.40297,0.042448,0,2461,611,80.1107,366,10397,24.4976
e4_ts_t0256_r02,e4_ts_t0256,53,1.24204,106000,53,7,21.034,60.589,60.589,35,39.877,170.597,233.941,1292,13.12,152.237,180.729,383,104.138,259.7,363.686,12.5509,9.573,98,75.951,337.003,825.094,190,104.415,339.843,624.511,2005,2005,2.00197,1,0,0,0,0,0,2,0,23.6621,1,0,0,0,0,1420,747,65.5284,0,10584,24.5799
e4_ts_t0256_r02,e4_ts_t0256,54,1.26213,108000,54,5,61.711,99.31,99.31,31,33.545,191.535,225.692,1265,18.903,145.614,168.655,419,121.397,263.477,308.63,12.58,10.3661,92,69.408,225.302,269.656,183,100.979,239.643,298.217,1995,1995,2.00197,0,0,0,0,0,0.30548,0,1,23.7085,0,2.39169,2,0.0464907,0,2387,1287,64.9701,3817,10767,26.0876
e4_ts_t0256_r02,e4_ts_t0256,55,1.27833,110000,55,7,27.431,79.476,79.476,22,48.793,122.881,154.449,1354,13.805,106.249,154.691,361,99.712,233.233,341.139,11.626,9.88968,96,86.131,253.261,393.146,163,122.434,352.638,453.117,2003,2003,1.00196,0,0,0,0,0,0.350535,0,1,23.7535,1,2.28723,2,0.0451899,0,2392,1044,69.6158,3126,10930,29.1243
e4_ts_t0256_r02,e4_ts_t0256,56,1.29845,112000,56,4,25.271,67.447,67.447,30,46.551,140.24,181.102,1252,16.37,147.525,180.739,423,107.606,262.887,342.843,12.2577,10.3919,89,67.716,245.354,620.977,199,117.297,334.979,946.191,1997,1997,2.00197,1,0,0,0,0,0.350535,1,1,23.7535,1,2.88807,4,0,0,3456,1099,75.8727,5954,11128,32.2096
e4_ts_t0256_r02,e4_ts_t0256,57,1.31922,114000,57,3,80.494,116.647,116.647,28,35.138,140.903,149.749,1279,21.148,143.537,172.078,401,125.355,242.648,306.145,11.1671,12.0825,82,69.605,207.547,357.342,211,95.841,330.217,842.504,2004,2004,2.00197,1,0,0,0,0,0.39937,1,1,23.8023,1,2.88799,3,0.0489693,0,3739,1045,78.1564,6656,11340,35.956
e4_ts_t0256_r02,e4_ts_t0256,58,1.34,116000,58,8,76.669,141.599,141.599,10,104.295,171.953,171.953,1301,27.858,132.64,172.561,375,122.006,250.988,273.07,9.56533,13.9343,92,60.293,267.101,703.561,212,120.14,274.417,723.154,1998,1998,1.00196,1,0,0,0,0,0.441405,1,1,23.8444,1,2.57783,4,0.0421696,0,3968,884,81.7807,5840,11554,39.2339
e4_ts_t0256_r02,e4_ts_t0256,59,1.36865,118000,59,6,96.937,130.974,130.974,27,38.562,155.364,160.516,1273,17.189,122.358,151.464,378,112.567,236.825,331.451,10.5079,11.8259,105,89.689,2336.59,3321.63,205,141.526,1798.95,2622.91,1994,1994,2.00197,0,0,0,0,0,0,0,1,16.7828,0,0.729153,1.78281,0.0390301,9647,2861,581,83.1203,1250,11758,17.489
e4_ts_t0256_r02,e4_ts_t0256,60,1.38638,120000,60,6,20.467,76.113,76.113,30,35.994,134.737,170.761,1237,10.173,138.085,179.421,434,76.055,204.64,262.021,9.90323,9.14568,97,95.768,281.606,713.246,199,148.705,353.356,920.428,2003,2003,1.00196,0,0,0,0,0,0,0,0,16.8319,1,0,0,0.0491772,0,816,714,53.3333,0,11955,17.2249
e4_ts_t0256_r02,e4_ts_t0256,61,1.40418,122000,61,4,33.814,49.455,49.455,30,35.459,197.259,202.19,1285,10.191,141.8,170.331,382,72.911,214.983,267.248,10.322,9.0524,106,105.599,274.803,697.232,195,147.205,351.526,885.224,2002,2002,1.00196,1,0,0,0,0,0,1,0,16.8319,1,0,0,0.0463676,0,1228,433,73.9314,0,12150,17.3117
e4_ts_t0256_r02,e4_ts_t0256,62,1.42446,124000,62,6,106.925,174.893,174.893,23,77.263,164.285,170.49,1269,17.114,155.739,189.496,403,99.395,234.326,292.798,8.3598,13.3712,101,70.028,296.051,774.518,202,124.772,348.725,731.281,2004,2004,2.00197,1,0,0,0,0,0,1,0,16.8782,1,0,0,0.000134468,0,1746,329,84.1446,0,12356,17.3041
e4_ts_t0256_r02,e4_ts_t0256,63,1.44463,126000,63,3,48.751,102.486,102.486,33,35.525,177.779,185.905,1252,20.291,155.025,189.87,401,106.405,254.671,339.955,7.76309,15.3581,100,58.899,245.488,348.841,202,106.519,269.05,349.637,1991,1991,2.00197,0,0,0,0,0,0.309128,0,1,16.9252,0,0.60862,0,0.0470982,0,2320,443,83.9667,1598,12558,17.3453
e4_ts_t0256_r02,e4_ts_t0256,64,1.46299,128000,64,9,16.273,97.047,97.047,27,36.665,124.24,148.678,1264,14.818,124.543,185.231,407,105.931,223.533,293.057,9.79853,11.9179,106,76.382,276.783,835.011,187,114.548,368.344,714.036,2000,2000,1.00196,0,0,0,0,0,0.355275,0,1,16.9713,1,0.728789,1,0.0462837,0,2780,446,86.1748,1715,12745,19.3871
e4_ts_t0256_r02,e4_ts_t0256,65,1.4839,130000,65,7,45.544,177.826,177.826,24,41.778,104.663,131.194,1261,19.429,143.063,184.217,384,121.13,251.56,297.703,6.98438,18.133,112,67.331,307.002,746.461,219,120.146,378.635,800.804,2007,2007,1.00196,0,0,0,0,0,0.405966,0,1,17.022,1,1.06601,2,0.0508299,0,3022,424,87.6959,2588,12962,21.0654
e4_ts_t0256_r02,e4_ts_t0256,66,1.50385,132000,66,7,55.979,162.328,162.328,24,69.105,163.032,164.41,1273,18.368,148.579,183.777,393,112.573,280.618,335.403,7.36132,17.7621,93,54.55,253.114,433.361,202,118.504,295.19,395.654,1992,1992,1.00196,1,0,0,0,0,0.405966,1,1,17.022,1,0.965223,2,0,0,3483,418,89.2848,2752,13166,22.5122
e4_ts_t0256_r02,e4_ts_t0256,67,1.52465,134000,67,4,55.853,149.029,149.029,23,31.106,188.396,191.351,1282,20.225,156.617,189.932,396,122.62,262.216,334.227,7.9596,16.4205,94,35.311,269.371,873.842,201,104.823,340.593,648.647,2000,2000,2.00197,1,0,0,0,0,0.450548,1,1,17.0666,1,0.926453,2,0.0447216,0,3906,349,91.7979,3193,13364,24.5066
e4_ts_t0256_r02,e4_ts_t0256,68,1.54979,136000,68,6,47.537,97.797,97.797,19,38.963,186.624,186.624,1254,18.491,132.808,163.696,422,117.314,265.89,314.476,7.17299,17.8469,104,57.509,1141.75,1357.11,194,112.106,1331.76,2588.66,1999,1999,2.00197,0,0,0,0,0,0.488757,0,1,17.1048,0,1.48438,2.17963,0.0463266,6455,4288,584,88.0131,4856,13561,27.7293
e4_ts_t0256_r02,e4_ts_t0256,69,1.56973,138000,69,6,24.011,128.072,128.072,22,25.661,91.884,142.6,1300,15.755,143.837,198.079,405,100.863,239.773,267.887,6.17037,18.2346,87,64.197,362.317,1745.16,189,144.073,818.805,1771.85,2009,2009,2.00197,0,0,0,0,0,0.534721,0,1,17.1508,1,0.829533,2,0.0461035,0,3161,265,92.265,2587,13749,29.408
e4_ts_t0256_r02,e4_ts_t0256,70,1.59626,140000,70,11,35.014,279.746,279.746,25,26.744,196.162,254.947,1244,10.736,154.953,248.037,420,117.012,315.965,503.655,6.00714,30.6578,88,86.709,281.684,840.358,205,126.577,444.658,979.453,1993,1993,2.00197,1,0,0,0,0,0,1,0,11.8656,1,0.232306,0.640027,0.0473232,0,1310,538,70.8874,487,13954,12.3857
e4_ts_t0256_r02,e4_ts_t0256,71,1.61603,142000,71,10,32.574,194.079,194.079,20,64.931,233.461,233.461,1281,13.463,148.729,201.782,395,121.094,270.487,368.745,7.50633,17.2981,92,62.359,407.453,639.622,204,107.551,273.116,426.588,2002,2002,1.00196,1,0,0,0,0,0,1,0,11.9129,1,0,0,0.000139236,0,1562,401,79.5721,0,14158,12.3742
e4_ts_t0256_r02,e4_ts_t0256,72,1.63495,144000,72,13,43.192,127.562,127.562,31,42.049,173.084,222.267,1261,16.119,145.433,176.984,414,115.896,247.814,333.932,6.72464,17.9714,85,54.055,187.111,280.604,202,99.238,230.619,308.204,2006,2006,1.00196,0,0,0,0,0,0.312079,0,1,11.9521,0,0.29464,0,0.0393019,0,2156,429,83.4043,369,14356,12.4122
e4_ts_t0256_r02,e4_ts_t0256,73,1.65344,146000,73,4,13.278,109.222,109.222,30,62.688,162.32,175.475,1252,13.532,126.282,161.337,404,92.369,228.397,277.536,5.61139,18.7762,96,90.357,306.138,566.352,206,146.549,392.476,699.198,1992,1992,2.00197,0,0,0,0,0,0.353976,0,1,11.994,1,0.868402,1,0.0420361,0,2611,453,85.2154,1887,14567,13.4517
e4_ts_t0256_r02,e4_ts_t0256,74,1.67185,148000,74,8,15.515,189.42,189.42,23,32.362,131.53,139.338,1255,15.232,147.561,190.193,421,99.458,232.649,312.395,6.28741,18.002,110,47.762,236.529,399.444,190,108.057,387.441,535.837,2007,2007,2.00197,0,0,0,0,0,0.4016,0,1,12.0416,1,0.93039,1,0.0477629,0,3051,396,88.5117,2285,14755,15.1788
e4_ts_t0256_r02,e4_ts_t0256,75,1.6908,150000,75,3,46.004,49.662,49.662,24,38.327,165.31,200.159,1254,17.179,144.296,178.46,419,100.363,227.945,297.443,4.97852,22.7182,77,75.586,268.586,367.826,217,131.791,271.91,331.02,1994,1994,1.00196,1,0,0,0,0,0.4016,1,1,12.0416,1,0.996318,2,0,0,3521,327,91.5021,2080,14974,16.5692
e4_ts_t0256_r02,e4_ts_t0256,76,1.71002,152000,76,2,122.506,122.506,122.506,26,27.299,177.344,200.45,1294,17.23,144.166,187.52,420,109.528,239.762,270.277,4.72619,26.0486,91,44.827,260.291,737.462,174,93.622,272.727,436.812,2007,2007,1.00196,1,0,0,0,0,0.441368,1,1,12.0814,1,1.33349,2,0.0399075,0,4067,435,90.3376,4263,15146,18.5654
e4_ts_t0256_r02,e4_ts_t0256,77,1.73429,154000,77,4,18.412,139.38,139.38,22,50.569,160.98,192.71,1279,19.693,142.665,167.716,377,111.451,235.709,289.992,6.32361,19.0755,92,97.501,1495.06,1790.01,228,155.199,1143.9,1518.87,2002,2002,2.00197,0,0,0,0,0,0,0,0,8.43641,0,1.05241,2.43641,0.0469255,3249,3747,372,90.9687,2785,15376,20.8725
e4_ts_t0256_r02,e4_ts_t0256,78,1.75056,156000,78,7,16.493,132.635,132.635,32,48.128,133.142,179.305,1284,8.316,108.823,166.364,376,81.888,184.492,280.643,5.37234,17.0854,100,94.023,254.141,491.346,192,118.707,287.042,651.366,1991,1991,2.00197,0,0,0,0,0,0,0,0,8.47741,1,0,0,0.0411348,0,715,478,59.9329,0,15566,8.96207
e4_ts_t0256_r02,e4_ts_t0256,79,1.76755,158000,79,4,155.756,203.205,203.205,35,35.792,98.858,129.277,1267,10.087,134.766,166.259,397,75.284,212.774,286.524,4.10076,22.6705,98,68.746,355.507,805.266,203,140.857,400.262,596.244,2004,2004,2.00197,0,0,0,0,0,0,0,0,8.52112,1,0,0,0.0438585,0,1205,293,80.4406,0,15769,9.00209
e4_ts_t0256_r02,e4_ts_t0256,80,1.78662,160000,80,10,86.218,185.986,185.986,23,48.704,122.914,177.496,1237,17.282,136.539,162.099,391,86.528,204.545,283.258,4.55499,22.1049,106,98.605,298.45,343.463,227,121.491,314.72,379.649,1994,1994,2.00197,1,0,0,0,0,0,1,0,8.52112,1,0,0,0,0,1673,199,89.3697,0,15997,9.08925
e4_ts_t0256_r02,e4_ts_t0256,81,1.8068,162000,81,5,20.864,90.329,90.329,39,46.719,170.222,185.618,1284,13.131,140,180.108,390,108.154,229.265,329.124,4.95385,23.5411,86,102.864,363.022,916.972,203,151.363,359.558,739.156,2007,2007,1.00196,1,0,0,0,0,0.298354,1,1,8.56572,1,1.76004,2,0.044735,0,2581,644,80.031,4054,16197,11.0774
e4_ts_t0256_r02,e4_ts_t0256,82,1.82625,164000,82,7,65.409,169.565,169.565,23,63.979,132.544,195.752,1252,23.223,130.776,157.624,415,101.91,218.206,257.311,3.61687,31.2457,98,68.041,229.894,328.975,200,121.654,294.129,333.638,1995,1995,1.00196,0,0,0,0,0,0.341689,0,1,8.60906,0,2.04298,3,0.0434742,0,3190,636,83.3769,5638,16400,14.1174
e4_ts_t0256_r02,e4_ts_t0256,83,1.84327,166000,83,11,37.756,136.574,136.574,26,28.026,132.733,142.815,1271,14.259,111.176,167.234,402,86.583,198.441,284,4.36318,23.1574,112,82.443,249.635,295.51,188,130.574,312.036,534.737,2010,2010,2.00197,0,0,0,0,0,0,1,0,5.95613,1,0.209517,0.86825,0.0446863,0,2168,254,89.5128,222,16588,6.80855
e4_ts_t0256_r02,e4_ts_t0256,84,1.8605,168000,84,4,59.333,89.436,89.436,26,43.162,121.451,130.473,1232,10.712,135.567,168.883,411,70.446,202.834,248.393,3.75182,22.6016,106,94.971,296.319,637.175,207,136.27,383.438,537.874,1986,1986,1.00196,0,0,0,0,0,0,0,0,6.00722,1,0,0,0.0512228,0,1152,359,76.2409,0,16795,6.50928
e4_ts_t0256_r02,e4_ts_t0256,85,1.87758,170000,85,5,15.118,158.783,158.783,39,46.388,169.313,193.86,1254,11.613,130.976,161.454,408,72.872,191.968,230.925,3.65686,24.9873,105,69.744,250.747,289.969,193,127.081,314.25,428.275,2004,2004,2.00197,1,0,0,0,0,0,1,0,6.00722,1,0,0,0,0,1667,185,90.0108,0,16988,6.55056
e4_ts_t0256_r02,e4_ts_t0256,86,1.8966,172000,86,7,44.768,125.982,125.982,33,51.957,172.965,185.814,1236,13.464,134.582,150.505,429,90.535,194.27,264.682,4.56876,21.3919,95,51.023,218.456,1018.81,204,122.264,379.002,997.969,2004,2004,0.00195312,1,0,0,0,0,0.188584,1,1,6.05683,1,0.445832,0,0.049758,0,2340,278,89.3812,758,17190,6.58755
e4_ts_t0256_r02,e4_ts_t0256,87,1.9144,174000,87,6,135.243,183.252,183.252,25,47.523,150.434,296.835,1260,15.278,127.409,153.048,393,88.011,199.714,256.271,3.79898,26.6171,106,71.884,256.395,329.115,201,114.816,318.036,370.977,1991,1991,2.00197,0,0,0,0,0,0.233038,0,1,6.10129,0,0.620261,2,0.0445929,0,2575,258,90.893,896,17394,8.62878
e4_ts_t0256_r02,e4_ts_t0256,88,1.93127,176000,88,4,53.995,123.661,123.661,27,31.045,124.803,125.71,1280,14.498,115.722,154.081,390,89.209,191.064,239.112,3.18718,31.0803,100,84.798,263.214,581.838,203,129.738,335.701,566.587,2004,2004,1.00196,0,0,0,0,0,0.281086,0,1,6.14934,1,0.581502,1,0.0481873,0,2847,255,91.7795,1382,17596,9.66978
e4_ts_t0256_r02,e4_ts_t0256,89,1.94984,178000,89,2,171.373,171.373,171.373,22,53.206,157.14,198.516,1248,15.561,133.793,164.344,415,88.672,208.923,236.478,4.0241,25.1963,111,97.895,580.498,864.767,203,130.95,350.029,797.64,2001,2001,1.00196,1,0,0,0,0,0.281086,1,1,6.14934,1,0.554313,1,0,0,3408,153,95.7035,979,17797,11.7007
e4_ts_t0256_r02,e4_ts_t0256,90,1.96636,180000,90,4,47.689,61.264,61.264,28,40.289,146.057,156.279,1302,11.029,124.994,159.681,358,81.531,198.188,263.533,2.7933,33.274,113,83.336,325,419.712,205,120.564,345.021,413.826,2010,2010,1.00196,1,0,0,0,0,0,1,0,5.08048,1,0.0936089,0.943302,0.0448112,0,1491,315,82.5581,18,18004,11.6998
e4_ts_t0256_r02,e4_ts_t0256,91,1.98231,182000,91,2,46.607,46.607,46.607,26,27.796,133.96,171.335,1301,10.933,124.734,150.453,364,78.696,183.676,233.883,2.43132,37.1676,112,86.105,252.154,286.835,190,114.104,280.211,371.169,1995,1995,1.00196,0,0,0,0,0,0.189687,0,1,5.13299,0,0.461229,0,0.0526524,0,1772,312,85.0288,618,18192,5.69006
e4_ts_t0256_r02,e4_ts_t0256,92,1.99835,184000,92,8,23.915,124.417,124.417,30,27.325,101.905,131.328,1261,12.474,110.855,150.119,370,77.788,199.116,232.649,3.41622,26.9698,118,81.947,281.506,323.656,210,135.119,283.941,379.457,1997,1997,1.00196,0,0,0,0,0,0.23937,0,1,5.18267,1,0.783222,1,0.0498228,0,2221,370,85.7198,739,18403,6.73483
e4_ts_t0256_r02,e4_ts_t0256,93,2.02387,186000,93,5,89.03,120.19,120.19,25,45.867,132.183,147.095,1228,14.219,123.171,167.828,419,85.244,191.944,240.326,3.01432,31.7601,97,80.342,292.695,610.963,225,111.803,341.983,405.542,1999,1999,2.00197,0,0,0,0,0,0.28824,0,1,5.23154,1,1.10489,2,0.0490093,0,3230,371,89.6973,1683,18629,8.77668
e4_ts_t0256_r02,e4_ts_t0256,94,2.03934,188000,94,6,33.268,105.135,105.135,22,46.217,125.932,145.615,1303,14.215,117.297,161.092,375,84.399,191.166,246.02,3.576,25.8436,108,74.893,253.508,648.375,185,121.861,282.17,646.894,1999,1999,2.00197,1,0,0,0,0,0,1,0,9.44121,1,0.265162,1.20967,0,0,2849,133,95.5399,264,18814,10.077
e4_ts_t0256_r02,e4_ts_t0256,95,2.05667,190000,95,7,39.781,167.791,167.791,17,40.862,117.488,117.488,1262,11.785,131.416,154.212,404,76.759,195.922,248.048,2.54208,37.0096,97,93.302,299.425,543.128,214,130.491,319.834,365.126,2001,2001,1.00196,1,0,0,0,0,0,1,0,4.3574,1,0,0,0.0493145,0,1411,354,79.9433,0,19026,4.93808
e4_ts_t0256_r02,e4_ts_t0256,96,2.07181,192000,96,10,39.965,190.971,190.971,35,34.676,164.57,173.428,1293,11.459,108.07,143.297,373,72.518,184.275,230.878,2.83914,29.3895,116,73.327,217.611,239.972,182,132.217,323.208,416.308,2009,2009,1.00196,0,0,0,0,0,0.191288,0,1,4.40095,0,0.438145,0,0.0436983,0,1886,310,85.8834,462,19206,4.98189
e4_ts_t0256_r02,e4_ts_t0256,97,2.08698,194000,97,6,43.986,150.231,150.231,24,43.218,155.587,199.252,1268,12.838,100.364,159.877,414,70.168,165.967,201.874,3.35507,24.2838,93,72.289,284.817,736.299,183,116.309,301.886,655.597,1988,1988,1.00196,0,0,0,0,0,0.244086,0,1,4.45375,1,0.717267,1,0.0529375,0,2493,309,88.9722,1038,19391,6.46924
e4_ts_t0256_r02,e4_ts_t0256,98,2.10489,196000,98,2,103.815,103.815,103.815,34,53.896,143.163,164.205,1187,14.308,121.646,162.173,439,87.15,196.469,234.285,3.53075,28.5747,122,87.175,270.223,349.332,218,111.062,311.918,346.332,2002,2002,2.00197,1,0,0,0,0,0.244086,1,1,4.45375,1,0.585402,2,0.0482225,0,3108,241,92.8038,913,19609,8.11465
e4_ts_t0256_r02,e4_ts_t0256,99,2.12205,198000,99,6,92.082,111.035,111.035,31,42.971,148.478,172.561,1276,12.215,129.372,153.589,389,79.08,201.396,249.219,3.10797,31.0623,109,73.741,285.346,330.685,188,106.799,283.393,556.539,1999,1999,1.00196,1,0,0,0,0,0,1,0,3.76345,1,0.187914,0.662432,0.000139236,0,2094,222,90.4145,186,19798,4.40809
e4_ts_t0256_r02,e4_ts_t0256,100,2.13894,200000,100,11,35.533,158.872,158.872,26,68.692,130.25,161.658,1257,11.216,128.649,150.227,389,84.716,182.531,226.772,2.48072,37.1903,110,78.492,225.963,263.451,200,120.32,267.519,366.84,1993,1993,1.00196,0,0,0,0,0,0,0,0,3.81457,0,0,0,0.05126,0,1393,238,85.4077,0,20000,4.41454
e4_ts_t0256_r03,e4_ts_t0256,1,0.0220476,2000,1,2,91.977,91.977,91.977,26,22.712,79.097,88.213,1257,21.194,79.497,103.397,404,147.03,211.011,282.647,98.9703,1.53184,122,13.76,57.39,88.848,198,38.16,87.828,229.369,2009,2009,1.00196,0,0,0,0,0,0,0,0,130.686,0,0,0,0,0,808,4077,16.5404,0,198,130.804
e4_ts_t0256_r03,e4_ts_t0256,2,0.0371538,4000,2,6,94.707,114.778,114.778,25,21.603,83.152,92.064,1273,20.981,91.43,107.516,374,138.762,209.085,253.17,92.1123,1.51407,100,16.01,84.283,129.847,219,41.818,142.472,481.194,1997,1997,1.00196,0,0,0,0,0,130.739,0,1,130.739,1,0.422467,0,0.0531178,0,1366,3356,28.9284,0,416,130.845
e4_ts_t0256_r03,e4_ts_t0256,3,0.0518897,6000,3,7,52.397,100.496,100.496,28,22.213,98.449,115.406,1218,20.642,88.111,104.552,425,131.373,206.47,234.825,87.4941,1.50269,103,17.424,72.987,158.255,221,40.837,103.993,219.148,2002,2002,1.00196,0,0,0,0,0,130.78,0,1,130.78,1,2.06194,3,0.0419502,0,2348,3578,39.622,400,635,133.888
e4_ts_t0256_r03,e4_ts_t0256,4,0.0657881,8000,4,9,32.839,73.957,73.957,24,24.482,67.765,82.497,1253,19.029,83.745,101.654,429,117.424,196.318,220.4,87.5781,1.37267,82,18.122,110.49,432.019,203,42.093,120.141,239.239,2000,2000,1.00196,1,0,0,0,0,130.78,1,1,130.78,1,1.96893,3,0,0,3304,3087,51.6977,568,840,136.963
e4_ts_t0256_r03,e4_ts_t0256,5,0.0800901,10000,5,5,41.264,93.113,93.113,26,14.199,63.412,94.346,1246,21.849,85.954,102.077,439,116.489,193.302,227.192,81.7882,1.45573,98,16.19,71.062,327.694,187,40.602,91.449,291.984,2001,2001,0.00195312,1,1,0,0,0,130.823,0,1,130.823,0,1.77514,3,0.0426788,0,3983,2669,59.8767,500,1025,139.959
e4_ts_t0256_r03,e4_ts_t0256,6,0.0915662,12000,6,5,17.18,23.741,23.741,28,24.553,61.005,66.391,1289,16.946,64.207,83.517,395,104.92,176.692,201.528,79.3544,1.34342,92,20.05,76.939,105.744,189,39.896,115.531,137.583,1998,1998,1.00196,0,0,0,0,0,130.868,0,1,130.868,1,1.39531,2,0.0455999,0,4005,2156,65.0057,540,1217,142.313
e4_ts_t0256_r03,e4_ts_t0256,7,0.103549,14000,7,11,19.763,75.655,75.655,29,17.361,63.069,82.882,1264,18.013,75.498,98.555,383,101.295,164.461,190.92,76.7624,1.34249,96,17.222,73.067,404.987,211,40.942,113.196,415.378,1994,1994,1.00196,1,0,0,0,0,130.868,1,1,130.868,1,1.24027,3,0,0,4458,1793,71.3166,334,1428,145.085
e4_ts_t0256_r03,e4_ts_t0256,8,0.115891,16000,8,8,25.158,64.817,64.817,26,12.836,66.297,67.225,1259,16.246,82.434,96.874,420,96.928,168.624,190.369,72.3643,1.38361,111,24.779,191.25,295.714,187,41.31,120.277,236.972,2011,2011,1.00196,1,0,0,0,0,130.909,1,1,131.087,1,1.27923,2.17051,0.0480089,0,5024,1701,74.7063,536,1614,148.252
e4_ts_t0256_r03,e4_ts_t0256,9,0.127145,18000,9,8,8.763,72.698,72.698,24,22.699,65.757,75.857,1263,13.965,74.072,91.478,391,90.782,152.064,185.116,71.3197,1.29216,112,24.309,98.611,228.633,204,41.017,108.374,213.555,2002,2002,1.00196,1,0,0,0,0,130.952,1,1,130.952,1,1.2829,3,0.0433893,0,4159,1394,74.8965,400,1818,150.295
e4_ts_t0256_r03,e4_ts_t0256,10,0.138258,20000,10,5,31.341,56.395,56.395,19,43.665,77.935,77.935,1268,16.526,69.549,88.171,388,84.326,150.347,176.516,67.7242,1.31591,98,25.426,84.219,157.526,214,41.01,114.169,165.248,1992,1992,1.00196,0,0,0,0,0,131.003,0,1,131.003,0,0.833301,2,0.0506029,0,4620,1086,80.9674,200,2031,153.334
e4_ts_t0256_r03,e4_ts_t0256,11,0.148253,22000,11,3,54.746,57.923,57.923,20,22.154,54.49,54.49,1303,11.331,61.039,81.074,389,83.546,145.275,172.41,65.1542,1.34538,91,16.303,82.221,351.484,191,42.097,116.449,354.166,1997,1997,1.00196,1,0,0,0,0,131.003,1,1,131.003,1,0.755785,3,0.0456238,0,4877,981,83.2537,0,2222,155.417
e4_ts_t0256_r03,e4_ts_t0256,12,0.159388,24000,12,5,30.049,54.565,54.565,24,18.55,64.497,73.568,1260,13.612,70.863,90.48,387,84.986,150.12,180.7,64.6822,1.38272,113,22.177,111.087,189.607,215,45.09,121.392,313.207,2004,2004,1.00196,1,0,0,0,0,131.048,1,1,131.048,1,1.07748,2,0.000135422,0,5356,977,84.5729,1052,2438,157.461
e4_ts_t0256_r03,e4_ts_t0256,13,0.171138,26000,13,5,14.72,71.562,71.562,21,32.957,81.377,95.879,1249,13.263,75.271,100.647,402,89.106,157.327,204.503,57.0647,1.62234,104,32.599,91.372,199.223,215,47.57,134.874,273.719,1996,1996,1.00196,1,0,0,0,0,131.095,1,2,131.095,1,0.976408,3.18011,0.0464115,0,5946,837,87.6603,830,2652,161.617
e4_ts_t0256_r03,e4_ts_t0256,14,0.182596,28000,14,4,40.994,66.746,66.746,31,10.461,69.434,70.077,1251,16.187,70.104,89.584,405,76.876,136.567,179.071,56.3531,1.47876,102,15.761,82.232,110.393,213,49.254,148.893,394.448,2006,2006,2.00197,1,0,0,0,0,131.135,1,1,131.135,1,0.829429,3,0.0462341,0,5045,762,86.8779,200,2864,164.682
e4_ts_t0256_r03,e4_ts_t0256,15,0.193198,30000,15,4,48.771,60.456,60.456,24,38.91,59.143,61.848,1265,14.246,65.073,79.383,397,78.885,136.751,167.821,52.8338,1.54987,113,15.57,88.739,115.967,200,46.693,109.898,174.333,2003,2003,2.00197,0,0,0,0,0,131.181,0,1,131.181,0,1.0736,3,0.0457458,0,5255,707,88.1416,1200,3067,167.725
e4_ts_t0256_r03,e4_ts_t0256,16,0.202262,32000,16,8,30.337,63.384,63.384,16,9.708,49.228,49.228,1318,9.541,54.004,71.455,378,77.06,129.108,156.543,53.2698,1.46421,96,25.054,91.245,280.459,176,40.343,194.639,318.442,1992,1992,2.00197,1,0,0,0,0,131.181,1,1,131.181,1,0.647272,3,0,0,5361,569,90.4047,600,3243,169.811
e4_ts_t0256_r03,e4_ts_t0256,17,0.212584,34000,17,4,9.432,9.843,9.843,32,14.948,63.837,70.406,1266,10.372,63.368,78.882,415,77.966,132.283,167.434,52.8627,1.51909,95,28.382,90.216,141.888,189,44.381,129.894,459.361,2001,2001,2.00197,1,0,0,0,0,131.229,1,1,131.229,1,0.759663,3,0.0480528,0,6137,559,91.6517,628,3431,172.801
e4_ts_t0256_r03,e4_ts_t0256,18,0.223425,36000,18,5,9.915,51.214,51.214,21,40.062,61.896,64.542,1262,12.416,63.88,82.078,390,80.774,133.628,155.597,46.2564,1.80953,107,26.629,99.535,126.092,215,45.991,127.408,158.689,2000,2000,2.00197,1,0,0,0,0,131.276,1,2,131.276,1,0.810052,3,0.0474844,0,6096,477,92.743,960,3644,175.844
e4_ts_t0256_r03,e4_ts_t0256,19,0.235406,38000,19,6,37.155,59.241,59.241,30,13.865,61.359,72.187,1234,12.399,62.747,90.701,433,83.44,150.12,191.273,50.7413,1.73854,115,18.533,464.173,1141.99,181,39.618,141.711,911.504,1999,1999,2.00197,0,0,0,0,0,131.317,0,2,131.317,0,0.828838,3.18068,0.0477142,1062,6634,486,93.1742,573,3827,179.849
e4_ts_t0256_r03,e4_ts_t0256,20,0.252626,40000,20,10,8.521,71.289,71.289,22,20.511,57.951,70.391,1262,10.319,61.175,89.48,415,77.087,143.469,177.07,45.4265,1.77393,106,31.938,1147.64,1230.85,192,64.627,1214.04,1309.75,2007,2007,2.00197,0,0,0,0,0,131.333,0,1,131.333,1,1.42046,5.53926,0.0548735,7438,6127,556,91.6804,1457,4020,184.654
e4_ts_t0256_r03,e4_ts_t0256,21,0.26261,42000,21,9,9.144,54.102,54.102,27,22.448,89.093,90.679,1261,10.014,64.211,77.636,400,74.098,128.282,161.183,46.6175,1.65884,104,26.389,94.075,132.386,198,44.338,129.089,445.405,1999,1999,2.00197,1,0,0,0,0,131.333,1,1,131.333,1,0.759702,2,0,0,4851,463,91.2872,696,4217,187.743
e4_ts_t0256_r03,e4_ts_t0256,22,0.273301,44000,22,5,7.884,33.985,33.985,28,10.69,75.706,87.1,1270,9.9,65.888,80.423,393,76.706,138.924,160.175,41.0433,1.92083,110,21.275,112.463,128.389,193,59.123,120.576,488.838,1999,1999,2.00197,1,0,0,0,0,131.381,1,1,131.381,1,0.550441,3,0.0486898,0,5098,364,93.3358,200,4408,190.738
e4_ts_t0256_r03,e4_ts_t0256,23,0.284667,46000,23,3,4.267,24.027,24.027,35,11.039,81.667,92.331,1250,10.497,63.196,80.419,402,77.395,133.518,157.917,40.3881,1.99741,116,24.917,96.429,198.665,189,49.469,206.761,1245.49,1995,1995,2.00197,0,0,0,0,0,131.429,0,1,131.429,0,0.596964,3,0.0483093,1062,5491,357,93.8953,600,4599,193.558
e4_ts_t0256_r03,e4_ts_t0256,24,0.303053,48000,24,6,9.517,75.672,75.672,22,11.288,60.756,63.053,1297,9.265,58.607,78.827,382,73.171,138.177,183.175,38.1597,2.10974,102,49.332,1152.57,1218.75,185,68.697,1203.81,1259.01,1994,1994,1.00196,0,0,0,0,0,131.482,0,2,131.482,1,0.568069,3.19413,0.0529451,8521,5671,308,94.8486,247,4785,197.754
e4_ts_t0256_r03,e4_ts_t0256,25,0.317574,50000,25,1,44.933,44.933,44.933,28,12.262,75.637,83.135,1280,10.568,74.475,91.586,409,77.994,144.261,183.193,42.11,1.96326,84,39.635,154.724,507.239,209,60.304,203.319,3895.42,2011,2011,2.00197,1,0,0,0,0,131.472,1,1,131.472,1,0,0,0,1063,4465,169,96.353,0,4991,197.833
e4_ts_t0256_r03,e4_ts_t0256,26,0.329176,52000,26,3,48.4,56.212,56.212,24,35.188,86.832,102.499,1300,10.344,75.185,106.692,416,79.507,145.897,169.019,38.0481,2.18357,82,32.689,106.422,439.798,183,61.083,205.728,324.15,2008,2008,2.00197,1,0,0,0,0,131.517,1,1,131.517,1,0.112413,2.73865,0.045229,0,4610,153,96.7877,100,5176,198.827
e4_ts_t0256_r03,e4_ts_t0256,27,0.342304,54000,27,5,48.809,75.928,75.928,16,30.336,102.861,102.861,1290,16.111,69.84,89.53,369,87.452,156.24,195.115,37.0217,2.50295,91,39.142,126.127,1078.09,221,62.07,272.541,1129.57,1992,1992,1.00196,1,0,0,0,0,131.562,1,1,131.562,1,0.63185,3,0.0455484,1063,5297,280,94.9794,1100,5398,201.865
e4_ts_t0256_r03,e4_ts_t0256,28,0.363717,56000,28,8,11.788,42.399,42.399,33,13.815,77.537,79.475,1253,10.784,64.38,83.449,400,82.927,153.802,179.544,31.3,2.82303,108,61.394,1202.86,1248.86,196,85.473,1230.49,1310.97,1998,1998,1.00196,0,0,0,0,0,131.6,0,1,131.6,0,1.15904,6,0.0378714,10630,6512,412,94.0497,1322,5592,207.908
e4_ts_t0256_r03,e4_ts_t0256,29,0.39746,58000,29,8,15.905,86.413,86.413,23,14.681,77.504,86.642,1270,11.373,82.793,106.096,398,99.253,188.272,239.244,34.9548,3.1191,99,356.937,2144.06,2330.8,195,228.475,2191.71,2426.32,1993,1993,2.00197,0,0,0,0,0,131.643,0,1,131.643,1,1.98319,10.1714,0.0488014,21278,7534,604,92.578,1854,5789,218.12
e4_ts_t0256_r03,e4_ts_t0256,30,0.413472,60000,30,7,29.693,124.77,124.77,26,18.885,98.955,127.375,1267,14.09,104.909,134.429,408,111.181,217.307,243.256,31.5662,3.72269,109,39.612,182.734,290.822,194,80.247,242.436,673.188,2011,2011,2.00197,1,0,0,0,0,131.643,1,1,131.643,1,1.01561,4,0,0,5545,355,93.9831,1200,5979,222.673
e4_ts_t0256_r03,e4_ts_t0256,31,0.445915,62000,31,6,11.525,35.616,35.616,22,18.89,106.608,108.541,1270,10.62,116.324,157.205,403,116.081,227.589,280.885,29.2556,4.19082,107,102.906,1304.44,1922.51,182,145.893,1316.66,1977.01,1990,1990,2.00197,1,0,0,0,0,131.693,1,1,131.693,1,1.53117,9,0.0501289,18141,6966,476,93.6039,1500,6165,232.202
e4_ts_t0256_r03,e4_ts_t0256,32,0.496952,64000,32,6,18.079,64.973,64.973,23,23.707,191.83,195.118,1294,13.525,132.879,172.44,374,155.486,293.185,361.368,29.3289,5.47573,91,1004.04,2559.53,2706.57,215,1082.32,2499.47,2594.64,2003,2003,2.00197,0,0,0,0,0,131.744,0,1,131.744,0,2.59327,15,0.0509119,32055,8122,740,91.6497,2999,6376,246.24
e4_ts_t0256_r03,e4_ts_t0256,33,0.569418,66000,33,8,47.646,246.122,246.122,21,29.361,65.445,119.46,1252,17.277,164.228,210.99,427,182.133,386.268,475.747,28.6792,7.05846,100,1116.63,4602.06,6782.61,189,1238.84,4433.32,5804.39,1997,1997,1.00196,0,0,0,0,0,1.05126,0,1,125.342,1,3.42951,11.5522,0.0458498,50147,7335,1237,85.5693,2192,6569,199.08
e4_ts_t0256_r03,e4_ts_t0256,34,0.599856,68000,34,7,38.373,179.499,179.499,18,42.101,171.971,171.971,1290,21.561,196.023,266.225,399,237.383,529.863,704.223,30.7068,8.29642,91,37.222,174.856,961.677,198,91.116,230.861,821.568,2003,2003,1.00196,0,0,0,0,0,1.09671,0,1,125.388,1,1.29453,0,0.0455837,0,2809,2568,52.241,3144,6767,141.848
e4_ts_t0256_r03,e4_ts_t0256,35,0.629472,70000,35,6,31.075,291.398,291.398,36,50.083,303.087,313.322,1257,20.529,210.671,293.134,409,222.096,508.111,604.569,25.6944,9.74241,114,41.829,207.651,350.602,177,94.18,247.528,333.559,1999,1999,1.00196,1,0,0,0,0,1.09671,1,1,125.388,1,2.62782,1,0,0,3703,2169,63.062,7543,6943,126.68
e4_ts_t0256_r03,e4_ts_t0256,36,0.682849,72000,36,5,25.187,40.404,40.404,22,48.079,209.087,210.854,1291,19.988,154.733,201.663,393,194.218,427.491,502.095,20.0585,10.8793,84,606.412,3161.89,3591.03,205,381.73,2638.92,3613.02,2000,2000,2.00197,0,0,0,0,0,1.14713,0,1,125.438,0,6.6827,2,0.050559,33118,4284,2989,58.9028,21830,7145,128.714
e4_ts_t0256_r03,e4_ts_t0256,37,0.80281,74000,37,7,106.085,236.756,236.756,25,34.978,104.015,266.514,1245,18.774,139.809,211.002,410,203.708,427.86,546.279,23.4024,9.39596,101,2374.44,5397.36,6285.94,207,2360.05,5667.37,6426.69,1995,1995,1.00196,0,0,0,0,0,1.19064,0,1,125.482,1,25.3515,10,0.0436487,99218,6431,7833,45.0855,86380,7356,138.755
e4_ts_t0256_r03,e4_ts_t0256,38,0.912501,76000,38,9,29.445,63.249,63.249,21,30.91,74.517,85.527,1271,18.964,115.458,194.32,388,204.146,385.335,465.192,21.0799,9.96187,112,2184.58,7369.04,7800.74,205,1895.39,7040.76,7968.77,2006,2006,1.00196,0,0,0,0,0,1.22906,0,1,125.52,1,26.0328,9.1778,0.0475407,90543,6370,7460,46.0593,91102,7558,147.982
e4_ts_t0256_r03,e4_ts_t0256,39,0.938139,78000,39,4,51.659,82.143,82.143,18,53.677,149.064,149.064,1225,28.588,155.061,196.207,427,195.762,370.227,500.143,19.2365,10.636,102,65.473,286.006,318.352,228,102.146,302.298,740.525,2004,2004,2.00197,1,0,0,0,0,1.22906,1,1,125.52,1,3.35692,1,0,0,4860,1847,72.4616,12526,7787,150.07
e4_ts_t0256_r03,e4_ts_t0256,40,1.12068,80000,40,6,114.327,179.576,179.576,33,37.383,178.372,277.842,1266,19.164,182.903,230.36,370,208.65,453.762,570.327,21.327,10.7118,110,4531.92,8599.38,9012.06,213,3919.12,8596.33,9296.29,1998,1998,2.00197,0,0,0,0,0,0,0,1,36.5309,1,30.6364,13.2599,0.0934935,160059,7082,8359,45.8649,114432,8000,97.5953
e4_ts_t0256_r03,e4_ts_t0256,41,1.14305,82000,41,7,82.438,142.444,142.444,17,112.319,172.875,172.875,1287,37.1,147.318,175.131,392,145.092,291.956,359.409,19.3418,7.90399,93,66.849,218.624,278.984,204,111.419,271.687,341.947,2000,2000,2.00197,0,0,0,0,0,0,0,1,36.5309,0,0,0,0,0,1364,1118,54.9557,0,8202,97.6307
e4_ts_t0256_r03,e4_ts_t0256,42,1.16137,84000,42,7,39.639,87.405,87.405,25,42.698,139.138,139.655,1292,15.458,114.494,167.524,404,118.116,261.071,327.443,21.2698,6.10272,94,57.487,219.462,699.054,176,110.798,314.941,666.03,1998,1998,1.00196,0,0,0,0,0,0.314231,0,1,36.5742,1,0,0,0.0433397,0,1868,1000,65.1325,0,8381,37.3838
e4_ts_t0256_r03,e4_ts_t0256,43,1.18163,86000,43,6,84.759,133.534,133.534,27,36.288,137.908,203.694,1313,17.775,157.579,188.146,383,119.022,266.771,357.066,18.0757,7.61041,86,71.879,290.191,692.436,186,118.178,291.621,601.655,2001,2001,2.00197,0,0,0,0,0,0.359244,0,1,36.6192,1,1.72117,1,0.0451479,0,2255,1219,64.9108,2767,8567,37.919
e4_ts_t0256_r03,e4_ts_t0256,44,1.20401,88000,44,2,23.626,23.626,23.626,20,50.115,188.983,188.983,1285,22.3,160.336,190.591,386,138.955,289.729,387.451,17.3472,8.74321,103,57.83,261.241,387.117,206,123.062,289.116,582.378,2002,2002,2.00197,1,0,0,0,0,0.359244,1,1,36.6192,1,2.16697,2,0,0,3000,1203,71.3776,3982,8771,40.9574
e4_ts_t0256_r03,e4_ts_t0256,45,1.22706,90000,45,8,63.714,107.371,107.371,23,53.307,207.283,211.579,1269,48.064,160.444,182.711,386,139.816,278.171,358.581,17.7098,8.587,97,57.891,254.055,690.429,214,96.796,295.621,717.848,1997,1997,1.00196,1,0,0,0,0,0.405132,1,1,36.6651,1,2.54684,4,0.0460224,0,3393,1106,75.4168,4185,8985,43.9977
e4_ts_t0256_r03,e4_ts_t0256,46,1.24955,92000,46,9,44.23,121.334,121.334,31,58.139,177.566,186.576,1237,26.753,146.646,175.172,424,145.935,284.425,341.07,17.5118,8.87187,93,58.152,239.267,386.874,212,105.384,311.913,390.955,2006,2006,2.00197,0,0,0,0,0,0.450676,0,1,36.7106,0,1.75215,2,0.0456781,0,4194,968,81.2476,3789,9199,46.0642
e4_ts_t0256_r03,e4_ts_t0256,47,1.28881,94000,47,9,17.895,31.302,31.302,28,48.933,202.546,209.25,1262,20.744,163.226,199.889,401,134.54,293.213,355.135,14.2444,10.4614,83,91.01,4160.46,9611.08,218,168.475,5301.24,6887.01,2001,2001,2.00197,0,0,0,0,0,0.484282,0,1,36.7442,1,3.94959,6.17005,0.0421429,17022,4633,1341,77.5527,9803,9417,52.2472
e4_ts_t0256_r03,e4_ts_t0256,48,1.30976,96000,48,9,26.231,64.198,64.198,22,28.19,165.277,174.659,1296,16.543,154.42,178.411,386,121.01,259.392,339.48,14.8912,9.01916,105,67.632,345.369,434.071,185,135.458,422.607,1099.34,2003,2003,1.00196,0,0,0,0,0,0.525352,0,1,36.7853,1,1.83354,2,0.0412045,0,3405,725,82.4455,4113,9601,54.2907
e4_ts_t0256_r03,e4_ts_t0256,49,1.33198,98000,49,5,35.017,162.036,162.036,18,46.485,174.802,174.802,1240,19.389,158.783,184.577,433,131.062,270.105,335.472,15.6697,9.3401,98,46.39,258.814,874.331,197,112.567,351.383,502.107,1991,1991,2.00197,1,0,0,0,0,0.525352,1,1,36.7853,1,1.26369,2,0,0,4346,654,86.92,3247,9796,57.3272
e4_ts_t0256_r03,e4_ts_t0256,50,1.35494,100000,50,10,78.388,159.275,159.275,23,31.638,137.73,148.271,1248,24.919,153.399,182.407,410,153.801,290.077,358.687,14.722,11.0655,100,40.305,223.456,289.413,203,118.328,260.985,302.886,1994,1994,2.00197,0,0,0,0,0,0.576815,0,1,36.8367,0,1.62805,3,0.0515976,0,4577,582,88.7187,5136,10003,60.3673
e4_ts_t0256_r03,e4_ts_t0256,51,1.39577,102000,51,6,51.826,120.612,120.612,25,48.734,168.055,185.243,1300,18.403,127.147,174.777,395,131.815,278.79,392.493,13.7316,10.5873,78,111.738,2297.38,2614.92,201,165.056,3491.61,4362.05,2005,2005,2.00197,0,0,0,0,0,0.306964,0,1,26.0063,1,1.91208,3.69937,0.0445147,21519,4371,682,86.5031,4593,10203,26.6676
e4_ts_t0256_r03,e4_ts_t0256,52,1.41656,104000,52,8,83.325,194.821,194.821,27,38.051,123.997,131.416,1271,13.999,150.296,183.563,419,107.31,270.239,336.129,12.642,10.0336,95,49.622,170.212,460.991,192,108.395,282.263,672.646,2012,2012,2.00197,0,0,0,0,0,0.349277,0,1,26.0486,1,3.60545,3,0.0424471,0,2056,1930,51.5805,3667,10397,29.396
e4_ts_t0256_r03,e4_ts_t0256,53,1.43689,106000,53,7,38.714,78.654,78.654,35,40.549,207.558,213.801,1285,18.375,153.583,180.765,376,113.749,263.52,356.828,12.5346,10.3959,97,66.334,330.268,929.433,189,112.287,431.972,802.124,1989,1989,2.00197,1,0,0,0,0,0.349277,1,1,26.0486,1,2.57027,2,0,0,2488,1252,66.5241,3411,10583,31.4776
e4_ts_t0256_r03,e4_ts_t0256,54,1.45809,108000,54,5,35.507,111.436,111.436,31,61.859,188.752,220.299,1264,20.555,160.079,187.232,419,139.424,274.299,351.013,12.6993,11.4257,92,58.012,194.623,360.486,184,92.643,244.331,361.034,1995,1995,2.00197,0,0,0,0,0,0.395633,0,1,26.095,0,2.51206,2,0.0464907,0,3380,1199,73.8152,4255,10768,33.4692
e4_ts_t0256_r03,e4_ts_t0256,55,1.47436,110000,55,7,9.854,115.902,115.902,22,46.389,132.929,134.861,1356,16.575,98.707,142.913,361,111.111,232.318,280.019,11.277,11.0337,96,58.021,412.296,735.019,161,106.54,332.671,440.453,2003,2003,2.00197,0,0,0,0,0,0.44043,0,1,26.1398,1,1.67077,2,0.0449314,0,3254,884,78.637,3213,10930,36.0296
e4_ts_t0256_r03,e4_ts_t0256,56,1.49554,112000,56,4,50.134,189.449,189.449,30,44.837,143.137,184.367,1250,18.843,157.692,186.462,425,121.53,286.886,361.602,12.4424,11.4231,88,53.413,300.115,343.832,200,121.568,453.561,1116.98,1997,1997,2.00197,1,0,0,0,0,0.44043,1,1,26.1398,1,2.66708,3,0,0,4358,987,81.5341,5888,11128,39.5918
e4_ts_t0256_r03,e4_ts_t0256,57,1.53205,114000,57,4,15.837,175.48,175.48,28,48.53,168.019,192.248,1280,17.282,159.821,189.193,405,128.879,284.122,428.723,11.1358,13.1197,83,135.351,2096.47,2457.89,213,205.01,2270.82,2594.18,2013,2013,1.00196,1,0,0,0,0,0.483688,1,1,26.1831,1,3.8547,6.17672,0.0491447,16072,4192,1327,75.9558,7179,11340,45.1826
e4_ts_t0256_r03,e4_ts_t0256,58,1.55477,116000,58,7,17.453,123.74,123.74,10,131.893,207.646,207.646,1300,19.099,149.61,173.083,372,114.589,252.667,318.06,9.61559,13.0461,92,75.158,705.869,1007.32,211,115.554,416.924,850.394,1992,1992,1.00196,1,0,0,0,0,0,1,0,18.6458,1,0.323675,0.427775,0.041398,0,1736,526,76.7462,260,11554,19.3467
e4_ts_t0256_r03,e4_ts_t0256,59,1.57375,118000,59,6,82.688,163.094,163.094,27,50.326,125.756,182.285,1274,14.047,129.077,151.29,379,96.423,204.017,276.022,10.5383,10.1833,106,79.812,315.544,364.984,205,141.631,340.101,479.244,1997,1997,1.00196,0,0,0,0,0,0,0,0,18.6855,0,0,0,0.0398636,0,1260,649,66.0031,0,11759,19.0837
e4_ts_t0256_r03,e4_ts_t0256,60,1.59354,120000,60,6,37.598,97.07,97.07,30,54.463,153.685,182.826,1236,15.227,145.197,181.133,432,104.395,244.144,306.319,9.90046,12.0837,96,90.474,391.314,695.82,199,119.022,307.929,375.633,1999,1999,1.00196,0,0,0,0,0,0.304901,0,1,18.7327,1,0.325642,0,0.0473185,0,2003,621,76.3338,397,11956,19.1234
e4_ts_t0256_r03,e4_ts_t0256,61,1.61344,122000,61,4,38.538,79.236,79.236,29,45.114,145.491,182.734,1285,15.831,159.137,181.715,381,97.47,231.668,296.126,10.1155,11.4053,105,92.107,274.527,730.973,195,133.159,313.674,471.945,1999,1999,2.00197,1,0,0,0,0,0.304901,1,1,18.7327,1,1.1126,1,0.0474558,0,2331,656,78.0382,2164,12153,20.2115
e4_ts_t0256_r03,e4_ts_t0256,62,1.63372,124000,62,6,55.096,143.25,143.25,24,58.319,140.857,189.531,1269,17.292,152.209,179.924,405,110.402,243.389,312.364,8.54074,14.6103,102,88.523,274.507,589.213,202,113.569,325.7,370.211,2008,2008,2.00197,1,0,0,0,0,0.352357,1,1,18.7801,1,0.965267,1,0.000134468,0,2947,545,84.3929,1908,12356,22.2032
e4_ts_t0256_r03,e4_ts_t0256,63,1.65478,126000,63,3,13.145,54.575,54.575,33,27.805,178.075,201.122,1256,40.876,145.18,165.928,402,123.999,230.869,278.324,7.75871,16.8599,100,41.625,208.742,331.391,203,107.759,270.307,352.957,1997,1997,2.00197,0,0,0,0,0,0.399367,0,1,18.8271,0,1.27926,2,0.0471449,0,3368,533,86.3368,2692,12558,23.8733
e4_ts_t0256_r03,e4_ts_t0256,64,1.6735,128000,64,9,18.355,96.574,96.574,27,31.805,101.049,142.648,1259,17.41,109.154,157.925,407,115.054,219.256,256.647,9.79607,12.55,106,85.042,318.525,381.723,187,113.442,341.686,542.604,1995,1995,1.00196,0,0,0,0,0,0.446033,0,1,18.8738,1,1.32962,2,0.0468006,0,3834,562,87.2157,3681,12745,26.2859
e4_ts_t0256_r03,e4_ts_t0256,65,1.70053,130000,65,7,28.335,139.213,139.213,24,43.678,111.645,137.426,1262,19.617,144.729,163.796,384,125.787,250.047,285.697,6.97135,19.8743,111,82.514,1383.26,2129.78,216,145.544,1310.28,2417.61,2004,2004,2.00197,0,0,0,0,0,0.496627,0,2,18.9244,1,2.25156,4,0.0507307,5320,4245,714,85.6019,6422,12962,29.3307
e4_ts_t0256_r03,e4_ts_t0256,66,1.72919,132000,66,7,60.538,197.262,197.262,24,67.782,162.975,172.035,1273,17.303,162.156,183.787,396,111.416,260.6,312.744,7.31061,18.2199,95,106.109,1421,2563.25,206,182.515,1360.12,2374.76,2001,2001,1.00196,1,0,0,0,0,0.48709,1,1,18.9149,1,1.53001,2.18219,0,7490,3578,544,86.8025,4508,13165,32.4621
e4_ts_t0256_r03,e4_ts_t0256,67,1.75132,134000,67,4,58.98,167.568,167.568,23,68.826,160.092,209.738,1285,16.772,154.197,179.822,397,108.225,254.774,329.388,7.94207,15.2403,93,79.285,402.919,673.153,202,106.247,399.958,616.063,2004,2004,2.00197,1,0,0,0,0,0,1,0,13.0939,1,0.215749,0.866741,0.0450668,0,1311,557,70.182,217,13367,13.5404
e4_ts_t0256_r03,e4_ts_t0256,68,1.77154,136000,68,6,39.66,91.799,91.799,19,44.671,180.162,180.162,1250,16.131,144.115,165.907,417,104.349,231.48,302.221,7.2518,16.0424,106,74.6,268.409,351.722,193,118.783,309.97,405.058,1991,1991,2.00197,0,0,0,0,0,0,0,0,13.139,0,0,0,0.045289,0,1522,473,76.2907,0,13561,13.5809
e4_ts_t0256_r03,e4_ts_t0256,69,1.79092,138000,69,6,41.643,85.791,85.791,22,43.196,156.576,160.186,1304,13.744,135.293,178.357,405,89.015,219.149,283.854,6.17037,16.9565,85,100.267,339.217,564.536,188,166.752,364.13,627.528,2010,2010,2.00197,0,0,0,0,0,0.318797,0,1,13.1855,1,0.337272,0,0.04667,0,1876,384,83.0088,551,13749,13.6182
e4_ts_t0256_r03,e4_ts_t0256,70,1.8172,140000,70,11,36.074,153.55,153.55,25,49.176,168.051,187.959,1242,16.639,158.324,236.147,421,166.148,343.113,511.969,5.99287,28.8217,88,85.514,393.768,1508.56,205,113.46,353.335,517.324,1992,1992,2.00197,0,0,0,0,0,0.365553,0,1,13.2323,1,1.05839,1,0.046895,0,2504,566,81.5635,1944,13955,14.6561
e4_ts_t0256_r03,e4_ts_t0256,71,1.83863,142000,71,10,46.469,137.374,137.374,20,123.793,220.352,220.352,1282,17.099,160.836,200.662,397,126.158,289.398,358.564,7.56423,18.904,93,65.781,241.619,442.551,207,110.718,291.373,334.282,2009,2009,2.00197,1,0,0,0,0,0.365553,1,1,13.2323,1,0.911025,1,0,0,2861,403,87.6532,2081,14159,16.6926
e4_ts_t0256_r03,e4_ts_t0256,72,1.86003,144000,72,13,47.653,109.993,109.993,31,51.805,153.024,182.263,1255,21.911,148.936,169.968,410,134.21,251.711,306.197,6.69756,20.8603,84,53.977,219.807,383.845,195,105.888,241.461,322.335,1988,1988,2.00197,0,0,0,0,0,0.405065,0,1,13.2718,0,0.728815,2,0.0396509,0,3388,402,89.3931,1533,14356,17.7281
e4_ts_t0256_r03,e4_ts_t0256,73,1.88171,146000,73,4,16.092,97.88,97.88,30,61.577,169.775,171.116,1255,18.952,135.805,158.826,405,119.805,237.915,273.675,5.59753,23.3929,96,46.478,429.62,817.451,209,147.318,382.655,844.983,1999,1999,2.00197,0,0,0,0,0,0.446873,0,1,13.3136,1,1.53896,2,0.0419474,0,3841,451,89.4921,4508,14567,19.7679
e4_ts_t0256_r03,e4_ts_t0256,74,1.90462,148000,74,8,16.999,22.393,22.393,23,38.187,178.894,184.801,1256,18.754,152,188.647,421,117.506,246.804,304.972,6.35867,20.7262,110,77.872,326.673,2039.59,190,129.637,420.677,2474.28,2008,2008,2.00197,0,0,0,0,0,0.493355,0,2,13.3601,1,1.29063,3,0.0466213,2136,4405,449,90.7499,3685,14755,22.8119
e4_ts_t0256_r03,e4_ts_t0256,75,1.9281,150000,75,3,33.035,47.618,47.618,25,48.434,154.745,162.719,1255,15.127,150.816,177.184,421,99.04,254.955,307.924,4.88836,24.9732,77,75.982,362.508,1139.14,217,159.437,956.182,1401.23,1998,1998,2.00197,0,0,0,0,0,0,0,0,9.49368,1,0.260784,0.452291,0.0415249,2135,2181,377,85.2619,185,14974,9.94924
e4_ts_t0256_r03,e4_ts_t0256,76,1.94637,152000,76,2,61.721,61.721,61.721,24,51.093,177.85,179.011,1293,11.403,146.54,177.865,418,84.652,221.033,280.375,4.74641,21.5999,91,57.09,236.663,745.437,174,90.6,234.926,657.953,2002,2002,2.00197,1,0,0,0,0,0,1,0,9.49368,1,0,0,0,0,1160,393,74.6941,0,15146,9.98333
e4_ts_t0256_r03,e4_ts_t0256,77,1.96502,154000,77,4,20.288,105.328,105.328,22,46.099,141.807,182.924,1274,22.402,134.359,155.836,375,84.668,211.073,303.926,6.25333,15.5547,91,78.082,273.459,393.084,228,116.727,398.16,460.372,1994,1994,2.00197,0,0,0,0,0,0,0,0,9.53943,0,0,0,0.0458899,0,1418,293,82.8755,0,15375,10.0212
e4_ts_t0256_r03,e4_ts_t0256,78,1.98111,156000,78,7,18.005,61.277,61.277,32,46.356,145.043,587.89,1291,11.66,112.73,161.55,379,74.516,192.875,245.777,5.32982,16.3131,101,99.181,260.399,383.672,192,121.09,374.834,913.336,2002,2002,1.00196,0,0,0,0,0,0.296891,0,1,9.58089,1,0,0,0.0416069,0,1793,224,88.8944,0,15565,10.0616
e4_ts_t0256_r03,e4_ts_t0256,79,1.99912,158000,79,4,33.006,153.337,153.337,35,46.897,219.116,280.177,1264,12.946,134.694,298.482,395,83.452,241.083,383.501,4.12152,25.619,98,66.273,361.387,439.406,203,119.605,397.501,493.919,1999,1999,2.00197,0,0,0,0,0,0.340906,0,1,9.62491,1,0.453541,0,0.0441542,0,2317,250,90.261,975,15767,10.1019
e4_ts_t0256_r03,e4_ts_t0256,80,2.02563,160000,80,10,55.669,157.838,157.838,23,40.809,155.32,160.709,1243,19.627,149.452,215.349,394,114.585,284.16,377.283,4.52284,27.4592,108,68.249,221.766,833.473,227,102.883,432.375,845.214,2005,2005,1.00196,1,0,0,0,0,0.340906,1,1,9.62491,1,0.848956,1,0,0,2818,307,90.176,2399,15997,12.1897
e4_ts_t0256_r03,e4_ts_t0256,81,2.04508,162000,81,5,11.156,173.368,173.368,39,34.045,249.586,259.293,1279,15.983,157.796,209.366,386,96.37,254.815,330.54,5.00259,22.6818,84,77.972,269.928,738.034,201,121.162,375.751,869.609,1994,1994,2.00197,1,0,0,0,0,0.38519,1,1,9.66919,1,0.538839,1,0.0444231,0,3196,243,92.934,1808,16197,13.1769
e4_ts_t0256_r03,e4_ts_t0256,82,2.06205,164000,82,7,32.945,90.452,90.452,23,36.653,135.094,143.294,1252,19.164,147.704,173.681,416,97.1,232.995,285.671,3.60817,29.9538,99,41.004,151.211,259.282,202,84.401,206.421,256.889,1999,1999,2.00197,0,0,0,0,0,0.429312,0,1,9.71332,0,0.647378,2,0.044261,0,3731,244,93.8616,1768,16400,14.218
e4_ts_t0256_r03,e4_ts_t0256,83,2.08084,166000,83,11,23.186,194.606,194.606,26,28.888,85.286,118.342,1275,16.018,94.939,154.664,404,87.717,211.391,321.842,4.34406,21.8087,109,74.678,1193.05,1292.82,187,122.783,1166.65,1352.92,2012,2012,2.00197,0,0,0,0,0,0.473117,0,2,9.75712,1,0.852599,1.16975,0.0439444,4290,4054,283,93.4748,3099,16588,15.8987
e4_ts_t0256_r03,e4_ts_t0256,84,2.09861,168000,84,4,66.916,143.985,143.985,26,26.486,73.044,158.618,1229,14.046,141.453,173.988,413,75.656,230.88,297.367,3.76271,23.2188,109,67.523,933.194,1185.05,209,128.033,370.77,1112.34,1990,1990,1.00196,1,0,0,0,0,0.466638,1,1,9.75064,1,0.328633,1,0,2159,2950,136,95.593,882,16796,17.1391
e4_ts_t0256_r03,e4_ts_t0256,85,2.11418,170000,85,5,13.181,52.582,52.582,39,33.721,218.819,246.248,1258,9.3,141.542,168.132,408,57.757,216.414,273.25,3.6299,22.5053,104,34.318,226.702,302.603,193,90.718,409.523,455.087,2007,2007,2.00197,1,0,0,0,0,0,1,0,6.83714,1,0.0825214,0.617265,0.0502682,0,1260,405,75.6757,18,16988,7.43186
e4_ts_t0256_r03,e4_ts_t0256,86,2.13028,172000,86,7,94.551,107.703,107.703,33,39.705,162.505,171.349,1230,9.942,131.063,154.164,426,68.494,194.114,257.08,4.59624,18.0752,96,58.383,325.782,675.008,203,122.65,349.643,415.726,1995,1995,2.00197,1,0,0,0,0,0,1,0,6.88775,1,0,0,0.050745,0,1647,287,85.1603,0,17186,7.42014
e4_ts_t0256_r03,e4_ts_t0256,87,2.14543,174000,87,6,29.945,71.359,71.359,25,26.325,124.401,135.313,1263,11.8,122.996,150.341,396,67.619,187.605,270.889,3.77778,21.8199,105,69.803,242.171,319.837,201,106.449,264.083,296.459,1996,1996,2.00197,0,0,0,0,0,0.314467,0,1,6.93173,0,0.147319,0,0.0441256,0,1947,248,88.7016,374,17393,7.46193
e4_ts_t0256_r03,e4_ts_t0256,88,2.16045,176000,88,4,29.919,150.16,150.16,27,23.397,160.82,174.147,1279,12.619,126.324,168.78,389,68.276,179.457,255.049,3.19794,24.7269,101,82.158,259.527,601.374,204,113.318,258.711,571.245,2004,2004,1.00196,0,0,0,0,0,0.363127,0,1,6.98039,1,0.732697,1,0.0487986,0,2325,272,89.5264,1742,17595,8.50316
e4_ts_t0256_r03,e4_ts_t0256,89,2.17559,178000,89,2,89.985,89.985,89.985,22,23.28,66.13,78.938,1249,13.491,122.727,152.192,412,68.943,191.937,235.404,3.95388,21.1022,110,83.131,269.246,331.547,202,104.967,281.885,364.006,1997,1997,2.00197,1,0,0,0,0,0.363127,1,1,6.98039,1,0.511717,1,0,0,2959,221,93.0503,1371,17798,9.58971
e4_ts_t0256_r03,e4_ts_t0256,90,2.19141,180000,90,4,43.751,101.319,101.319,28,40.882,177.129,186.622,1297,15.413,132.746,172.157,358,81.623,213.257,279.238,2.89665,31.915,112,45.231,227.553,401.975,205,93.754,278.544,382.297,2004,2004,1.00196,1,0,0,0,0,0.407628,1,1,7.02489,1,0.86447,1,0.0446405,0,2932,265,91.711,2942,18003,10.5882
e4_ts_t0256_r03,e4_ts_t0256,91,2.20642,182000,91,2,38.694,38.694,38.694,26,24.763,158.637,181.797,1305,14.598,131.014,169.159,363,84.424,203.247,247.268,2.44077,39.4262,113,64.264,213.752,248.414,191,86.811,232.182,264.294,2000,2000,1.00196,0,0,0,0,0,0.460658,0,1,7.07792,0,0.480674,1,0.0531693,0,3233,186,94.5598,1599,18192,12.3148
e4_ts_t0256_r03,e4_ts_t0256,92,2.22127,184000,92,8,40.049,162.574,162.574,30,26.607,141.797,146.724,1258,13.023,105.292,144.67,369,79.811,200.306,252.036,3.42276,26.3121,118,69.129,237.955,293.12,208,108.455,244.168,273.289,1991,1991,1.00196,0,0,0,0,0,0.196132,1,1,4.90935,1,0.267285,0.713218,0.0500803,0,2263,345,86.7715,300,18403,5.82682
e4_ts_t0256_r03,e4_ts_t0256,93,2.23785,186000,93,5,22.535,143.571,143.571,25,47.223,160.614,170.396,1233,12.663,130.395,156.857,421,74.709,191.25,227.089,3.00238,28.9246,98,86.428,288.982,368.447,227,122.799,348.111,392.5,2009,2009,2.00197,0,0,0,0,0,0.24517,0,1,4.95839,1,1.54711,2,0.0491772,0,2388,645,78.7339,1218,18629,7.50473
e4_ts_t0256_r03,e4_ts_t0256,94,2.2517,188000,94,6,40.09,72.513,72.513,22,24.051,161.986,163.268,1303,11.562,125.609,155.839,374,72.71,203.193,230.719,3.58289,24.1361,107,53.324,169.78,228.177,184,97.797,241.975,323.161,1996,1996,2.00197,1,0,0,0,0,0.24517,1,1,4.95839,1,1.22876,1,0,0,2591,437,85.568,1479,18814,9.46238
e4_ts_t0256_r03,e4_ts_t0256,95,2.26795,190000,95,7,69.947,112.15,112.15,17,30.661,98.722,98.722,1261,13.273,126.037,154.072,404,75.849,193.249,233.708,2.54208,35.6631,98,63.11,213.602,322.6,214,91.829,274.013,323.016,2001,2001,2.00197,1,0,0,0,0,0,1,0,4.17748,1,0.0749989,1.07974,0.0488367,0,1987,274,87.8815,2,19027,4.76019
e4_ts_t0256_r03,e4_ts_t0256,96,2.28194,192000,96,10,38.736,148.16,148.16,35,33.84,109.473,114.85,1295,10.749,116.417,135.513,372,59.611,162.968,238.355,2.84677,25.4597,115,42.617,175.97,222.846,182,95.451,230.466,335.765,2009,2009,2.00197,0,0,0,0,0,0,0,0,4.22156,0,0,0,0.0442162,0,1302,253,83.7299,0,19206,4.80355
e4_ts_t0256_r03,e4_ts_t0256,97,2.2956,194000,97,6,73.318,176.478,176.478,24,39.35,97.429,97.765,1274,10.467,98.14,140.747,419,59.914,147.899,220.35,3.31742,21.0455,93,59.567,241.62,792.163,184,107.629,257.16,685.737,2000,2000,1.00196,0,0,0,0,0,0.194098,0,1,4.27384,1,0,0,0.0524244,0,1869,151,92.5248,0,19392,4.84221
e4_ts_t0256_r03,e4_ts_t0256,98,2.31114,196000,98,2,21.933,21.933,21.933,34,38.866,150.206,152.745,1179,13.35,123.369,165.474,436,69.335,189.27,266.259,3.55275,22.7416,122,51.711,251.736,318.7,218,105.072,290.434,362.151,1991,1991,2.00197,1,0,0,0,0,0.194098,1,1,4.27384,1,0.391562,0,0,0,2509,191,92.9259,566,19610,5.22522
e4_ts_t0256_r03,e4_ts_t0256,99,2.32693,198000,99,6,70.804,91.813,91.813,31,24.345,199.607,284.322,1278,12.773,138.161,214.683,389,69.188,209.087,286.868,3.10797,28.067,110,53.262,225.623,250.925,188,99.649,226.531,292.695,2002,2002,2.00197,1,0,0,0,0,0.242063,1,1,4.32181,1,0.42262,1,0.0481043,0,2614,168,93.9612,937,19797,5.92941
e4_ts_t0256_r03,e4_ts_t0256,100,2.34376,200000,100,11,69.767,153.062,153.062,26,37.107,162.959,187.85,1255,16.392,129.212,189.005,387,84.782,214.421,300.393,2.49354,39.1872,109,61.544,190.667,263.82,199,102.005,236.274,280.512,1987,1987,0.00195312,1,1,0,0,0,0.293142,0,1,4.37289,0,0.325634,1,0.051219,0,3030,132,95.8254,672,20000,7.56014
e4_ts_t1024_r01,e4_ts_t1024,1,0.0194772,2000,1,2,69.957,69.957,69.957,26,21.064,63.955,80.201,1255,19.816,74.921,91.978,404,144.242,197.433,341.283,98.9703,1.64462,122,16.994,108.57,155.861,198,37.801,88.404,187.264,2007,2007,1.00196,0,0,0,0,0,0,0,0,130.685,0,0,0,0,0,810,4077,16.5746,0,198,130.804
e4_ts_t1024_r01,e4_ts_t1024,2,0.0372833,4000,2,6,82.407,101.244,101.244,25,16.812,146.165,279.406,1275,50.377,136.416,159.282,373,136.579,232.921,268.322,92.0912,1.544,100,13.569,61.535,75.76,219,37.334,109.571,135.649,1998,1998,1.00196,0,0,0,0,0,0,0,0,130.685,0,0,0,0,0,1223,3209,27.5948,0,416,130.843
e4_ts_t1024_r01,e4_ts_t1024,3,0.0611594,6000,3,7,93.929,220.597,220.597,28,99.505,177.336,242.255,1216,82.229,204.059,256.794,426,162.603,300.758,331.039,87.5235,1.87747,103,15.486,60.326,88.046,220,38.66,99.388,121.722,2000,2000,1.00196,0,0,0,0,0,0,0,0,130.685,0,0,0,0,0,1630,3010,35.1293,0,636,130.883
e4_ts_t1024_r01,e4_ts_t1024,4,0.089797,8000,4,9,164.628,361.897,361.897,24,54.336,293.731,304.276,1253,66.995,290.969,345.261,428,146.738,375.427,437.98,87.7383,2.02516,81,16.707,69.12,113.467,204,44.249,107.106,135.639,1999,1999,1.00196,0,0,0,0,0,0,0,0,130.685,0,0,0,0,0,2127,2611,44.8924,0,840,130.915
e4_ts_t1024_r01,e4_ts_t1024,5,0.129233,10000,5,5,20.561,272.442,272.442,26,18.477,428.801,535.023,1248,32.623,443.933,532.233,440,145.495,537.521,598.04,81.6455,2.80712,97,22.724,97.98,152.513,184,53.806,122.468,157.109,2000,2000,1.00196,0,0,0,0,0,0,0,0,130.685,0,0,0,0,0,2364,2225,51.5145,0,1025,130.952
e4_ts_t1024_r01,e4_ts_t1024,6,0.145668,12000,6,5,15.803,83.932,83.932,28,30.521,92.416,94.79,1289,19.515,101.288,128.04,398,136.763,258.425,304.592,79.5101,1.80102,94,34.602,151.157,1172.04,192,67.86,176.27,1148.9,2006,2006,1.00196,0,0,0,0,0,130.861,0,1,130.861,1,0,0,0.175966,0,2467,1829,57.4255,0,1217,130.976
e4_ts_t1024_r01,e4_ts_t1024,7,0.170836,14000,7,11,113.76,209.456,209.456,29,16.367,247.074,249.764,1263,72.228,208.439,280.393,380,169.645,342.31,412.807,76.5789,2.37492,96,26.354,113.322,196.182,211,60.554,141.513,172.27,1990,1990,1.00196,0,0,0,0,0,130.861,0,1,130.861,0,2.5772,4,0,0,3765,2159,63.555,3537,1428,136.014
e4_ts_t1024_r01,e4_ts_t1024,8,0.203763,16000,8,8,11.209,269.944,269.944,26,91.117,279.437,504.79,1263,28.281,335.699,511.631,422,163.283,499.219,632.525,72.3957,2.92965,111,24.402,124.753,178.596,187,67.846,173.102,202.269,2017,2017,1.00196,0,0,0,0,0,130.861,0,1,130.861,0,3.96499,8,0,0,4680,2406,66.0457,5777,1614,143.878
e4_ts_t1024_r01,e4_ts_t1024,9,0.248976,18000,9,8,13.666,420.435,420.435,24,155.692,487.181,580.032,1254,36.558,505.004,577.55,389,228.296,633.318,741.312,71.2802,4.16512,112,34.98,161.232,192.826,203,76.594,188.153,269.223,1990,1990,1.00196,0,0,0,0,0,130.861,0,1,130.861,0,5.64709,11,0,0,5280,2496,67.9012,10082,1818,155.095
e4_ts_t1024_r01,e4_ts_t1024,10,0.310891,20000,10,5,174.477,734.271,734.271,19,524.2,799.822,799.822,1272,144.773,717.835,766.675,389,254.719,855.914,929.394,67.8072,5.43324,98,38.217,163.411,203.657,215,88.485,218.468,244.771,1998,1998,1.00196,0,0,0,0,0,130.861,0,1,130.861,0,7.08504,17,0,0,6698,2708,71.2099,14473,2031,171.133
e4_ts_t1024_r01,e4_ts_t1024,11,0.332821,22000,11,3,46.398,167.002,167.002,20,22.7,187.906,187.906,1303,18.971,163.454,690.85,389,159.273,371.814,858.105,64.8972,2.68812,91,45.046,192.911,492.64,191,94.807,321.8,527.669,1997,1997,1.00196,1,0,0,0,0,130.861,1,1,130.861,1,2.70921,6,0.181563,0,4488,1443,75.6702,6502,2222,177.352
e4_ts_t1024_r01,e4_ts_t1024,12,0.362268,24000,12,5,164.28,255.321,255.321,24,38.052,262.287,299.925,1260,35.384,263.199,303.229,391,195.964,439.039,490.559,64.6905,3.29993,113,38.102,190.169,234.854,215,89.007,275.619,354.893,2008,2008,1.00196,0,0,0,0,0,131.043,0,1,131.043,0,2.72508,7,0.000136375,0,5382,1457,78.6957,6066,2438,185.2
e4_ts_t1024_r01,e4_ts_t1024,13,0.402922,26000,13,5,42.5,413.152,413.152,21,91.438,336.383,350.927,1249,90.381,392.27,428.871,396,216.377,561.812,626.808,57.0152,4.63683,104,31.372,149.423,229.167,215,88.028,257.15,346.31,1990,1990,1.00196,0,0,0,0,0,131.043,0,1,131.043,0,3.22514,10,0,0,6078,1392,81.3655,8142,2652,195.239
e4_ts_t1024_r01,e4_ts_t1024,14,0.456305,28000,14,4,280.453,504.354,504.354,31,175.851,539.167,559.266,1251,150.99,521.494,577.241,408,234.325,672.057,713.281,56.4289,5.50789,102,36.942,156.28,224.85,215,89.577,195.375,234.157,2011,2011,1.00196,0,0,0,0,0,131.043,0,1,131.043,0,2.61268,7.7374,0,0,5563,1161,82.7335,7697,2864,203.018
e4_ts_t1024_r01,e4_ts_t1024,15,0.514404,30000,15,4,199.408,660.414,660.414,24,36.071,671.232,732.919,1263,80.531,684.914,749.634,392,237.877,854.151,915.05,52.5791,6.72937,113,34.659,119.86,216.08,198,89.079,237.216,295.731,1994,1994,1.00196,0,0,0,0,0,131.043,0,1,131.043,0,5.46181,16,0,0,7429,1821,80.3135,13620,3067,218.325
e4_ts_t1024_r01,e4_ts_t1024,16,0.535897,32000,16,8,27.989,70.76,70.76,16,22.417,165.639,165.639,1320,20.373,137.593,417.224,380,158.121,327.922,628.064,53.4211,3.11439,96,59.922,251.89,1639.39,176,98.4,455.728,1803.07,1996,1996,1.00196,1,0,0,0,0,131.043,1,1,131.043,1,1.72886,6,0,0,5046,842,85.6997,4355,3242,224.287
e4_ts_t1024_r01,e4_ts_t1024,17,0.567117,34000,17,4,21.975,127.414,127.414,32,43.61,271.161,278.146,1265,26.405,249.806,279.762,417,197.438,423.231,461.573,52.8489,4.14169,95,42.834,248.263,331.104,189,112.568,315.93,446.985,2002,2002,1.00196,0,0,0,0,0,131.22,0,1,131.22,0,2.62816,9,0.17734,0,6158,1082,85.0552,7885,3431,233.118
e4_ts_t1024_r01,e4_ts_t1024,18,0.617537,36000,18,6,194.585,367.586,367.586,21,296.876,464.844,480.448,1264,149.177,413.298,538.455,390,320.424,575.644,700.623,46.2564,6.82774,107,44.921,199.858,225.894,214,99.168,308.493,335.568,2002,2002,1.00196,0,0,0,0,0,0,0,0,107.156,0,2.52752,5.0598,0,0,4406,1083,80.2696,3293,3644,180.961
e4_ts_t1024_r01,e4_ts_t1024,19,0.6868,38000,19,5,64.109,556.813,556.813,30,38.09,572.41,665.172,1236,118.216,620.084,712.437,433,350.538,840.633,915.402,50.7413,8.1061,115,39.447,156.796,188.207,183,100.371,235.616,418.988,2002,2002,1.00196,0,0,0,0,0,0,0,0,107.156,0,0,0,0,0,1169,2536,31.552,0,3827,107.402
e4_ts_t1024_r01,e4_ts_t1024,20,0.762308,40000,20,10,18.885,616.95,616.95,22,54.223,771.524,783.712,1259,54.452,744.898,816.003,414,351.782,923.568,1008.38,45.3019,10.0234,106,45.417,231.053,280.153,191,110.8,315.875,380.748,2002,2002,1.00196,0,0,0,0,0,0,0,0,107.156,0,0,0,0,0,1479,1963,42.9692,0,4020,107.441
e4_ts_t1024_r01,e4_ts_t1024,21,0.810168,42000,21,9,33.126,179.791,179.791,27,51.385,752.526,822.735,1259,37.854,743.867,850.114,397,207.197,882.269,1078.99,46.5088,6.252,104,74.78,389.996,512.998,198,132.859,434.26,530.359,1994,1994,1.00196,1,0,0,0,0,0,1,0,107.156,1,0,0,0,0,1754,1631,51.8168,0,4218,107.479
e4_ts_t1024_r01,e4_ts_t1024,22,0.843417,44000,22,5,42.938,227.767,227.767,28,152.876,253.211,273.772,1272,76.628,224.063,260.101,396,238.853,420.944,485.995,41.4369,5.71837,110,51.249,201.748,306.581,193,113.306,339.442,428.288,2004,2004,1.00196,0,0,0,0,0,0,0,0,107.345,0,0,0,0.189246,0,1972,1451,57.6103,0,4410,107.508
e4_ts_t1024_r01,e4_ts_t1024,23,0.884513,46000,23,3,151.655,173.926,173.926,35,37.167,326.016,378.661,1251,45.006,331.103,379.11,403,264.547,519.515,572.855,40.2903,6.9685,116,53.657,207.74,296.483,189,101.004,235,277.606,1997,1997,1.00196,0,0,0,0,0,0,0,0,107.345,0,0,0,0,0,2440,1252,66.0888,0,4599,107.55
e4_ts_t1024_r01,e4_ts_t1024,24,0.936793,48000,24,6,23.506,35.637,35.637,22,334.744,442.643,477.684,1291,139.917,443.194,486.51,381,277.894,625.641,680.035,38.189,8.44406,102,52.342,168.399,235.088,192,108.894,276.448,342.63,1994,1994,1.00196,0,0,0,0,0,0,0,0,107.345,0,0,0,0,0,2537,954,72.6726,0,4792,107.588
e4_ts_t1024_r01,e4_ts_t1024,25,1.00461,50000,25,1,327.304,327.304,327.304,28,456.638,664.823,708.879,1282,115.84,593.358,699.49,409,269.961,786.425,910.171,42.1443,9.06842,84,55.963,286.793,371.763,200,107.115,334.616,385.459,2004,2004,1.00196,0,0,0,0,0,0,0,0,107.345,0,0,0,0,0,2877,890,76.3738,0,4991,107.62
e4_ts_t1024_r01,e4_ts_t1024,26,1.06173,52000,26,4,43.531,713.283,713.283,24,39.418,683.979,714.572,1303,27.579,715.396,772.677,416,207.496,870.242,938.861,37.9471,9.13253,82,65.332,257.635,504.491,186,117.244,384.628,624.417,2015,2015,1.00196,1,0,0,0,0,0,1,0,107.345,1,0,0,0,0,2892,758,79.2329,0,5176,107.652
e4_ts_t1024_r01,e4_ts_t1024,27,1.08732,54000,27,5,83.927,150.912,150.912,16,49.165,240.192,240.192,1286,44.427,179.758,214.896,368,183.486,353.616,417.188,37.1549,4.98364,91,69.182,194.152,279.635,220,107.591,269.821,362.05,1986,1986,1.00196,1,0,0,0,0,0,1,0,107.345,0,0,0,0.179835,0,2690,596,81.8624,0,5398,107.871
e4_ts_t1024_r01,e4_ts_t1024,28,1.12117,56000,28,8,23.847,226.269,226.269,33,96.95,325.827,355.513,1259,37.387,292.905,323.61,403,190.042,447.714,511.095,31.1762,6.95652,108,57.421,313.921,350.919,196,104.563,300.381,415.13,2007,2007,1.00196,0,0,0,0,0,0.727712,0,1,107.525,0,3.64729,3,0.000136375,0,4302,1542,73.614,14464,5592,110.713
e4_ts_t1024_r01,e4_ts_t1024,29,1.16574,58000,29,8,112.39,316.863,316.863,23,178.811,436.572,445.397,1270,98.634,417.737,446.498,395,245.76,592.715,657.931,35.1038,8.22904,99,36.738,185.37,285.55,195,95.608,256.247,319.22,1990,1990,1.00196,0,0,0,0,0,0.727712,0,1,107.525,0,7.1129,6,0,0,5078,2327,68.5753,29114,5788,116.75
e4_ts_t1024_r01,e4_ts_t1024,30,1.21917,60000,30,7,301.251,545.555,545.555,26,160.526,546.627,558.872,1266,115.174,542.189,640.277,410,221.346,687.834,739.269,31.522,10.1255,109,43.412,164.519,213.405,194,96.835,212.335,349.759,2012,2012,1.00196,0,0,0,0,0,0.727712,0,1,107.525,0,8.3535,7,0,0,5620,2515,69.0842,36779,5979,123.79
e4_ts_t1024_r01,e4_ts_t1024,31,1.28319,62000,31,6,23.499,707.237,707.237,22,32.909,645.178,665.289,1269,28.451,674.344,726.432,403,278.23,855.802,976.323,29.139,14.0674,110,62.497,372.116,1222.9,183,117.667,337.665,1139.32,1993,1993,1.00196,1,0,0,0,0,0.727712,1,1,107.525,1,8.6557,8,0,0,6078,2723,69.0603,39435,6165,132.829
e4_ts_t1024_r01,e4_ts_t1024,32,1.30991,64000,32,6,35.864,95.528,95.528,23,44.543,177.325,184.11,1295,41.611,148.388,171.984,377,184.109,319.884,352.423,29.1963,6.6315,88,92.602,263.635,447.589,214,167.184,415.861,464.117,2003,2003,1.00196,1,0,0,0,0,0.727712,1,1,107.525,0,4.36107,4,0,0,4245,1381,75.4533,19545,6380,136.04
e4_ts_t1024_r01,e4_ts_t1024,33,1.34744,66000,33,8,152.614,251.057,251.057,21,48.027,259.497,290.937,1254,110.135,271.539,296.615,428,238.912,444.04,508.103,28.8435,8.7889,101,45.725,219.728,293.241,190,102.257,286.073,422.891,2002,2002,1.00196,0,0,0,0,0,0.904029,0,1,107.701,0,4.65163,5,0.176454,0,5719,1577,78.3854,21709,6569,141.686
e4_ts_t1024_r01,e4_ts_t1024,34,1.39549,68000,34,7,29.359,375.129,375.129,18,195.794,404.118,404.118,1287,92.796,391.135,415.61,399,347.177,576.585,638.243,30.8872,10.6774,90,39.825,217.275,343.95,197,102.527,255.284,340.823,1998,1998,1.00196,0,0,0,0,0,0.904029,0,1,107.701,0,7.67501,7,0,0,5937,2073,74.1199,36690,6767,147.924
e4_ts_t1024_r01,e4_ts_t1024,35,1.45152,70000,35,6,42.645,537.906,537.906,36,220.124,501.891,515.262,1259,30.91,510.841,534.693,406,272.5,666.247,719.24,25.3941,13.5529,114,58.185,222.113,291.385,177,103.471,275.352,343.893,1998,1998,1.00196,0,0,0,0,0,0.904029,0,1,107.701,0,6.46568,6,0,0,6108,1905,76.2261,30603,6943,153.964
e4_ts_t1024_r01,e4_ts_t1024,36,1.52442,72000,36,5,36.7,615.705,615.705,22,205.908,646.4,661.885,1286,118.129,662.401,706.386,392,275.806,802.692,863.401,20.0842,19.5411,84,46.666,245.062,339.575,206,106.319,281.601,311.488,1995,1995,1.00196,0,0,0,0,0,0,0,0,47.2724,0,0.620139,1.09611,0,0,1891,841,69.2167,407,7150,48.1171
e4_ts_t1024_r01,e4_ts_t1024,37,1.55475,74000,37,7,41.134,520.494,520.494,25,53.853,170.276,674.921,1248,35.134,171.152,679.086,410,141.813,749.712,846.03,23.3878,8.03597,107,107.776,487.38,1450.22,210,168.301,498.525,607.621,2007,2007,2.00197,0,0,0,0,0,0,0,0,47.4493,1,0,0,0.176955,0,765,1296,37.1179,0,7357,47.6035
e4_ts_t1024_r01,e4_ts_t1024,38,1.58735,76000,38,9,49.313,283.232,283.232,21,51.449,214.689,236.437,1273,100.221,246.047,273.39,387,210.121,404.468,462.192,21.1344,9.4597,106,44.723,235.54,327.092,201,115.185,371.723,478.86,1997,1997,2.00197,0,0,0,0,0,0,0,0,47.4493,0,0,0,0,0,1287,949,57.5581,0,7558,47.6429
e4_ts_t1024_r01,e4_ts_t1024,39,1.63683,78000,39,4,313.696,405.296,405.296,18,247.683,430.231,430.231,1223,197.615,391.612,417.093,426,297.605,514.995,586.251,19.2324,14.4566,102,75.812,241.206,322.839,228,102.795,294.486,359.802,2001,2001,2.00197,0,0,0,0,0,0,0,0,47.4493,0,0,0,0,0,1530,815,65.2452,0,7787,47.682
e4_ts_t1024_r01,e4_ts_t1024,40,1.69752,80000,40,6,272.094,534.605,534.605,33,408.655,556.391,582.051,1262,195.865,540.204,677.782,371,310.799,654.831,747.649,21.3261,15.4898,110,46.389,248.975,320.597,213,108.41,344.71,420.686,1995,1995,2.00197,0,0,0,0,0,0,0,0,47.4493,0,0,0,0,0,1596,610,72.3481,0,8000,47.7229
e4_ts_t1024_r01,e4_ts_t1024,41,1.77152,82000,41,7,31.506,707.806,707.806,17,663.556,749.739,749.739,1291,162.924,713.261,787.932,392,271.731,848.785,942.441,19.3418,20.4879,93,49.882,260.294,749.37,203,108.083,338.776,704.324,2003,2003,1.00196,1,0,0,0,0,0,1,0,47.4493,1,0,0,0,0,1662,581,74.0972,0,8201,47.7588
e4_ts_t1024_r01,e4_ts_t1024,42,1.80044,84000,42,7,14.135,151.782,151.782,25,51.747,220.198,292.402,1297,17.583,160.779,210.469,407,185.843,436.263,528.542,21.3686,9.81944,94,70.947,426.785,941.747,178,177.139,480.363,833.732,2008,2008,1.00196,0,0,0,0,0,0,1,0,47.6262,0,0,0,0.177111,0,1848,518,78.1065,0,8381,47.7861
e4_ts_t1024_r01,e4_ts_t1024,43,1.8342,86000,43,6,155.849,228.297,228.297,27,54.39,273.768,275.931,1308,51.593,251.305,293.156,376,244.892,444.443,527.398,18.125,13.3483,86,39.985,192.234,248.684,185,109.755,256.613,380.201,1988,1988,1.00196,0,0,0,0,0,0,0,0,47.6262,0,0,0,0,0,2135,421,83.529,0,8567,47.8191
e4_ts_t1024_r01,e4_ts_t1024,44,1.88147,88000,44,2,142.233,142.233,142.233,20,300.421,417.449,417.449,1286,168.499,380.454,418.957,388,306.788,551.229,641.128,17.268,16.8298,102,47.529,248.425,293.193,206,107.208,305.99,355.309,2004,2004,1.00196,0,0,0,0,0,0,0,0,47.6262,0,0,0,0,0,2247,361,86.158,0,8771,47.8571
e4_ts_t1024_r01,e4_ts_t1024,45,1.94209,90000,45,8,306.581,511.394,511.394,23,147.731,523.935,528.94,1265,220.188,501.707,530.847,387,406.295,657.62,760.892,17.4289,20.2759,98,43.459,285.393,525.299,216,103.758,271.772,360.175,1997,1997,1.00196,0,0,0,0,0,0,0,0,47.6262,0,0,0,0,0,2280,312,87.963,0,8988,47.8949
e4_ts_t1024_r01,e4_ts_t1024,46,2.01944,92000,46,9,52.974,690.248,690.248,31,467.353,699.652,780.137,1239,157.892,707.445,764.823,425,342.223,843.978,1019.18,17.6847,23.7658,93,43.958,233.538,301.011,211,117.321,317.908,355.692,2008,2008,1.00196,0,0,0,0,0,0,0,0,47.6262,0,0,0,0,0,2548,308,89.2157,0,9199,47.9311
e4_ts_t1024_r01,e4_ts_t1024,47,2.05133,94000,47,9,49.324,149.521,149.521,28,59.177,163.454,679.823,1261,24.588,177.42,713.097,401,149.12,406.287,840.407,14.2444,12.9464,83,121.75,427.335,1554.39,217,197.801,451.416,1736.75,1999,1999,2.00197,1,0,0,0,0,0,1,0,47.6262,1,0,0,0,0,2391,208,91.9969,0,9416,47.9644
e4_ts_t1024_r01,e4_ts_t1024,48,2.07831,96000,48,9,15.572,226.912,226.912,22,37.238,188.558,282.742,1289,21.359,233.897,263.741,382,137.238,338.634,420.994,14.9372,11.0722,104,43.803,187.511,290.546,185,112.238,300.382,390.241,1991,1991,2.00197,0,0,0,0,0,0.700028,0,1,47.7961,0,0.123815,0,0.170054,0,2402,257,90.3347,712,9602,47.9922
e4_ts_t1024_r01,e4_ts_t1024,49,2.11418,98000,49,5,39.016,317.634,317.634,18,64.637,371.749,371.749,1249,32.893,356.738,381.047,436,167.333,448.594,519.56,15.6583,13.7223,99,42.092,189.899,252.463,198,95.479,241.972,296.139,2005,2005,2.00197,0,0,0,0,0,0.700028,0,1,47.7961,0,3.02348,3,0,0,4353,982,81.5933,15957,9797,51.0291
e4_ts_t1024_r01,e4_ts_t1024,50,2.16028,100000,50,10,29.5,508.015,508.015,23,95.449,456.284,504.517,1250,35.01,481.137,507.482,411,210.071,609.083,694.107,14.8175,18.699,100,35.544,214.13,304.528,203,94.299,245.885,296.148,1997,1997,2.00197,0,0,0,0,0,0.700028,0,1,47.7961,0,4.96942,6,0,0,5248,1401,78.9292,29323,10003,57.067
e4_ts_t1024_r01,e4_ts_t1024,51,2.21262,102000,51,6,47.564,545.726,545.726,25,176.936,694.864,807.879,1298,27.971,652.011,721.892,394,197.361,760.96,858.71,13.6244,21.5767,78,36.35,241.816,367.197,201,98.615,268.169,333.134,2002,2002,2.00197,0,0,0,0,0,0.700028,0,1,47.7961,0,6.03926,8,0,0,5769,1734,76.8892,37711,10202,65.0985
e4_ts_t1024_r01,e4_ts_t1024,52,2.24203,104000,52,8,40.123,689.927,689.927,27,25.706,694.08,762.01,1268,17.459,613.242,696.284,420,125.124,701.733,916.314,12.6119,13.8787,94,62.291,379.072,1750.83,192,127.364,329.904,1397.76,2009,2009,1.00196,1,0,0,0,0,0.700028,1,1,47.7961,1,2.85298,3,0,0,4298,793,84.4235,14924,10397,69.1345
e4_ts_t1024_r01,e4_ts_t1024,53,2.27962,106000,53,7,30.115,46.788,46.788,33,48.277,226.549,275.455,1287,21.34,215.553,254.653,373,166.319,343.757,461.857,12.5469,13.7812,98,51.79,246.132,11423.3,188,96.937,296.483,11282.6,1986,1986,1.00196,0,0,0,0,0,0,0,0,21.5212,0,0.424114,1.3518,0.169539,0,2167,351,86.0604,973,10585,22.4191
e4_ts_t1024_r01,e4_ts_t1024,54,2.31395,108000,54,5,42.916,259.531,259.531,33,199.094,378.258,386.135,1266,18.375,322.051,360.208,423,190.006,435.757,519.734,12.6596,15.5944,92,44.492,201.392,323.649,185,99.255,277.871,320.753,2004,2004,1.00196,0,0,0,0,0,0,0,0,21.5212,0,0,0,0,0,676,843,44.503,0,10767,21.757
e4_ts_t1024_r01,e4_ts_t1024,55,2.35253,110000,55,7,8.207,453.279,453.279,22,158.197,422.718,456.382,1348,13.066,425.172,456.081,360,173.83,501.135,602.61,11.6222,19.3203,96,46.647,203.578,235.355,161,91.163,211.738,237.817,1994,1994,1.00196,0,0,0,0,0,0,0,0,21.5212,0,0,0,0,0,768,533,59.0315,0,10931,21.7915
e4_ts_t1024_r01,e4_ts_t1024,56,2.39984,112000,56,4,12.041,177.818,177.818,30,37.506,540.113,552.984,1256,14.975,542.161,583.23,426,168.645,643.146,739.957,12.2019,21.2218,89,38.233,192.265,300.301,201,96.985,281.112,356.628,2006,2006,1.00196,0,0,0,0,0,0,0,0,21.5212,0,0,0,0,0,1023,471,68.4739,0,11130,21.8261
e4_ts_t1024_r01,e4_ts_t1024,57,2.45011,114000,57,3,633.318,739.377,739.377,28,50.528,735.343,802.136,1277,16.349,667.023,721.776,400,99.362,764.082,888.003,11.1375,23.2444,82,68.525,446.92,1533.99,210,129.701,502.641,691.045,2000,2000,1.00196,1,0,0,0,0,0,1,0,21.5212,1,0,0,0,0,1041,355,74.5702,0,11340,21.8586
e4_ts_t1024_r01,e4_ts_t1024,58,2.47473,116000,58,8,43.78,157.625,157.625,10,144.777,192.249,192.249,1306,58.377,174.188,205.146,376,129.124,261.977,321.155,9.5984,13.7941,92,105.763,347.356,458.124,213,149.117,358.993,399.73,2005,2005,1.00196,0,0,0,0,0,0,0,0,21.695,0,0,0,0.173906,0,1213,272,81.6835,0,11554,21.8838
e4_ts_t1024_r01,e4_ts_t1024,59,2.50764,118000,59,6,174.746,366.908,366.908,27,187.767,342.211,353.117,1274,29.503,296.476,332.067,380,175.012,369.516,422.343,10.7263,17.1543,106,44.892,288.27,393.935,205,112.598,307.364,411.7,1998,1998,1.00196,0,0,0,0,0,0,0,0,21.695,0,0,0,0,0,1476,251,85.4661,0,11759,21.923
e4_ts_t1024_r01,e4_ts_t1024,60,2.5505,120000,60,6,75.317,427.402,427.402,30,63.099,434.314,436.306,1234,61.988,426.659,451.764,431,211.451,495.801,573.62,9.72854,24.4488,96,42.894,220.124,296.669,198,103.141,260.535,331.876,1995,1995,1.00196,0,0,0,0,0,0,0,0,21.695,0,0,0,0,0,1704,220,88.5655,0,11954,21.9593
e4_ts_t1024_r01,e4_ts_t1024,61,2.59987,122000,61,4,166.647,559.637,559.637,29,148.736,582.37,594.739,1286,28.138,547.8,580.169,381,171.795,614.749,691.982,10.3465,24.9732,105,43.325,298.893,357.31,196,102.408,327.994,396.675,2001,2001,1.00196,0,0,0,0,0,0,0,0,21.695,0,0,0,0,0,1603,146,91.6524,0,12153,21.9978
e4_ts_t1024_r01,e4_ts_t1024,62,2.65061,124000,62,6,34.238,643.462,643.462,24,83.159,645.626,704.165,1270,15.759,674.026,738.959,406,92.776,756.618,799.416,8.3399,31.2773,102,61.601,422.296,695.15,202,112.162,413.295,871.933,2010,2010,1.00196,1,0,0,0,0,0,1,0,21.695,1,0,0,0,0,1662,123,93.1092,0,12356,22.0357
e4_ts_t1024_r01,e4_ts_t1024,63,2.67438,126000,63,3,18.624,29.644,29.644,33,57.723,158.593,179.343,1255,32.654,169.736,196.939,401,120.877,262.541,313.555,7.74065,17.2526,100,69.417,312.286,449.949,203,138.965,349.026,414.311,1995,1995,1.00196,0,0,0,0,0,0,0,0,21.8663,0,0,0,0.171456,0,1809,143,92.6742,0,12557,22.0627
e4_ts_t1024_r01,e4_ts_t1024,64,2.70589,128000,64,9,220.553,303.779,303.779,27,49.63,283.76,346.799,1257,26.493,271.115,296.505,406,185.731,364.292,425.428,9.8202,19.2242,106,37.276,191.036,304.52,186,99.91,250.492,295.718,1991,1991,1.00196,0,0,0,0,0,0,0,0,21.8663,0,0,0,0,0,2176,100,95.6063,0,12745,22.1012
e4_ts_t1024_r01,e4_ts_t1024,65,2.75175,130000,65,7,340.373,371.145,371.145,24,238.477,408.894,415.705,1262,156.972,416.403,442.921,382,237.005,494.689,550.016,6.98429,36.1596,111,43.138,237.997,281.641,219,101.958,297.397,399.168,2005,2005,1.00196,0,0,0,0,0,0,0,0,21.8663,0,0,0,0,0,1977,71,96.5332,0,12962,22.1425
e4_ts_t1024_r01,e4_ts_t1024,66,2.80411,132000,66,7,237.979,567.536,567.536,24,299.687,573.77,610.952,1274,26.343,547.826,578.835,398,217.291,637.222,743.495,7.29397,38.0733,95,39.105,229.515,374.685,203,103.039,293.463,368.964,2001,2001,1.00196,0,0,0,0,0,0,0,0,21.8663,0,0,0,0,0,2098,62,97.1296,0,13164,22.1787
e4_ts_t1024_r01,e4_ts_t1024,67,2.8589,134000,67,4,60.044,687.787,687.787,23,55.69,632.255,636.926,1287,15.171,681.828,730.163,398,118.92,768.923,851.898,7.92462,36.0719,93,82.817,331.707,1219,203,134.1,459.471,1578.64,2008,2008,1.00196,1,0,0,0,0,0,1,0,21.8663,1,0,0,0,0,2105,48,97.7706,0,13367,22.214
e4_ts_t1024_r01,e4_ts_t1024,68,2.88208,136000,68,6,95.595,134.108,134.108,19,35.903,176.003,176.003,1249,25.217,155.513,184.833,418,125.21,262.018,340.207,7.28708,18.7844,106,81.02,275.258,353.498,193,124.486,327.674,451.304,1991,1991,1.00196,0,0,0,0,0,0.692478,0,1,22.0443,0,0,0,0.178122,0,2280,75,96.8153,0,13561,22.2432
e4_ts_t1024_r01,e4_ts_t1024,69,2.91376,138000,69,6,74.808,261.219,261.219,22,35.048,268.818,314.913,1304,23.699,260.06,284.446,403,205.242,352.314,403.64,6.1464,32.1458,85,39.253,214.603,346.749,187,105.041,257.864,352.894,2007,2007,1.00196,0,0,0,0,0,0.692478,0,1,22.0443,0,2.07356,3,0,0,4232,636,86.9351,16320,13749,26.2762
e4_ts_t1024_r01,e4_ts_t1024,70,2.95956,140000,70,11,25.313,384.879,384.879,25,137.764,377.365,402.372,1242,146.703,392.781,416.959,423,294.279,482.209,517.236,6.08038,43.8048,88,45.014,198.717,233.809,206,105.367,285.252,428.889,1995,1995,1.00196,0,0,0,0,0,0.692478,0,1,22.0443,0,3.72511,6,0,0,5105,968,84.0606,29872,13955,31.3103
e4_ts_t1024_r01,e4_ts_t1024,71,3.00846,142000,71,10,439.539,551.349,551.349,20,52.638,577.607,577.607,1276,15.771,526.188,563.928,393,188.798,600.206,656.694,7.41985,35.7817,93,38.027,262.689,303.401,204,106.915,280.075,312.895,1996,1996,1.00196,0,0,0,0,0,0,0,0,9.63006,0,0.127635,0.630064,0,0,816,430,65.4896,118,14159,9.93737
e4_ts_t1024_r01,e4_ts_t1024,72,3.07036,144000,72,13,66.082,640.39,640.39,31,52.199,744.07,848.58,1264,10.652,676.042,728.988,415,152.073,744.063,830.318,6.70843,44.4871,84,52.35,514.305,1406.7,199,107.617,381.842,798.779,2006,2006,1.00196,1,0,0,0,0,0,1,0,9.63006,1,0,0,0,0,341,401,45.9569,0,14353,9.97019
e4_ts_t1024_r01,e4_ts_t1024,73,3.09117,146000,73,4,72.439,96.032,96.032,30,64.991,177.551,451.825,1255,11.151,138.664,160.408,405,79.538,208.829,266.991,5.59753,16.5523,96,154.36,395.521,470,208,213.726,424.175,525.166,1998,1998,1.00196,0,0,0,0,0,0,0,0,9.79672,0,0,0,0.166793,0,566,269,67.7844,0,14567,9.99675
e4_ts_t1024_r01,e4_ts_t1024,74,3.11681,148000,74,8,101.949,232.162,232.162,23,50.961,239.755,300.729,1248,23.085,243.684,270.45,418,112.484,297.493,367.801,6.33014,20.7753,109,45.67,252.635,331.163,190,106.135,320.69,362.502,1996,1996,1.00196,0,0,0,0,0,0,0,0,9.79672,0,0,0,0,0,983,192,83.6596,0,14756,10.036
e4_ts_t1024_r01,e4_ts_t1024,75,3.15177,150000,75,3,364.656,374.232,374.232,24,146.318,418.168,430.407,1255,21.883,370.847,407.848,421,150.548,414.934,476.795,4.95962,34.4189,78,35.314,280.288,382.234,217,109.611,329.374,443.949,1998,1998,1.00196,0,0,0,0,0,0,0,0,9.79672,0,0,0,0,0,1009,142,87.6629,0,14974,10.0678
e4_ts_t1024_r01,e4_ts_t1024,76,3.1914,152000,76,2,551.345,551.345,551.345,26,143.699,546.692,581.027,1297,11.156,498.998,540.459,416,161.608,549.324,577.324,4.75,43.1784,91,40.586,144.055,217.295,173,93.945,228.407,298.112,2005,2005,1.00196,0,0,0,0,0,0,0,0,9.79672,0,0,0,0,0,1017,106,90.561,0,15146,10.1014
e4_ts_t1024_r01,e4_ts_t1024,77,3.25213,154000,77,4,548.753,643.078,643.078,22,520.906,686.654,702.494,1278,111.729,661.047,718.041,380,145.693,748.957,810.57,6.29737,45.7226,92,68.756,342.51,686.673,229,100.899,352.044,415.494,2005,2005,1.00196,1,0,0,0,0,0,1,0,9.79672,1,0,0,0,0,977,101,90.6308,0,15373,10.1381
e4_ts_t1024_r01,e4_ts_t1024,78,3.27118,156000,78,7,103.202,207.397,207.397,32,56.489,151.99,155.98,1284,11.75,122.72,151.566,378,68.209,183.987,281.664,5.34392,15.9755,100,132.596,361.93,519.376,192,181.472,459.753,505.067,1993,1993,1.00196,0,0,0,0,0,0,0,0,9.96161,0,0,0,0.165024,0,990,102,90.6593,0,15566,10.1655
e4_ts_t1024_r01,e4_ts_t1024,79,3.30067,158000,79,4,188.191,199.858,199.858,35,86.652,305.141,328.76,1266,79.23,245.244,266.639,393,134.837,300.332,363.61,4.1374,36.4984,96,43.501,246.005,546.773,202,111.254,288.958,361.92,1996,1996,1.00196,0,0,0,0,0,0,0,0,9.96161,0,0,0,0,0,1430,67,95.5244,0,15769,10.2017
e4_ts_t1024_r01,e4_ts_t1024,80,3.34336,160000,80,10,306.6,422.76,422.76,23,218.734,374.801,382.366,1237,150.958,382.634,402.891,393,196.572,443.543,485.041,4.5369,47.6915,108,53.065,290.234,417.863,228,97.368,280.245,387.467,1999,1999,1.00196,0,0,0,0,0,0,0,0,9.96161,0,0,0,0,0,1444,55,96.3309,0,15997,10.2432
e4_ts_t1024_r01,e4_ts_t1024,81,3.39223,162000,81,5,9.992,252.759,252.759,39,146.539,521.602,521.898,1284,45.192,517.576,541.404,390,173.659,575.09,632.714,4.95385,50.3585,86,38.545,238.097,353.705,201,101.264,313.34,378.608,2005,2005,1.00196,0,0,0,0,0,0,0,0,9.96161,0,0,0,0,0,1441,41,97.2335,0,16199,10.276
e4_ts_t1024_r01,e4_ts_t1024,82,3.44977,164000,82,7,9.395,640.884,640.884,23,152.927,663.718,764.801,1254,14.711,672.725,719.144,414,197.438,748.787,796.549,3.6256,83.6462,98,51.001,285.718,918.335,202,117.54,314.104,886.609,1998,1998,1.00196,1,0,0,0,0,0,1,0,9.96161,1,0,0,0,0,1519,38,97.5594,0,16400,10.3129
e4_ts_t1024_r01,e4_ts_t1024,83,3.46942,166000,83,11,51.315,187.513,187.513,26,25.69,97.006,160.277,1268,14.198,136.371,156.333,403,86.396,197.95,253.575,4.35236,22.8328,112,95.255,355.598,380.828,188,169.202,425.542,511.386,2008,2008,1.00196,0,0,0,0,0,0,0,0,10.1301,0,0,0,0.168671,0,1503,56,96.408,0,16588,10.344
e4_ts_t1024_r01,e4_ts_t1024,84,3.49843,168000,84,4,192.042,196.338,196.338,26,104.835,254.369,274.844,1235,64.117,246.002,272.958,412,162.206,315.358,351.421,3.77427,43.1957,107,49.563,231.012,337.531,207,106.503,284.582,328.174,1991,1991,1.00196,0,0,0,0,0,0,0,0,10.1301,0,0,0,0,0,1986,47,97.6881,0,16794,10.383
e4_ts_t1024_r01,e4_ts_t1024,85,3.53634,170000,85,5,213.19,390.356,390.356,39,62.531,354.979,380.963,1253,94.975,371.735,391.812,407,159.624,434.188,470.048,3.63391,55.3262,104,35.32,155.383,245.947,193,95.859,282.054,324.582,2001,2001,1.00196,0,0,0,0,0,0,0,0,10.1301,0,0,0,0,0,1942,19,99.0311,0,16988,10.4213
e4_ts_t1024_r01,e4_ts_t1024,86,3.58371,172000,86,7,52.257,392.843,392.843,33,24.599,493.525,515.985,1228,65.809,499.146,526.501,428,144.595,565.312,601.421,4.57944,53.5191,95,45.73,218.398,414.787,203,106.074,307.165,387.51,1994,1994,1.00196,0,0,0,0,0,0,0,0,10.1301,0,0,0,0,0,2070,17,99.1854,0,17192,10.4575
e4_ts_t1024_r01,e4_ts_t1024,87,3.64835,174000,87,6,562.054,662.277,662.277,25,35.297,709.936,719.514,1267,177.057,683.733,736.343,395,209.301,754.623,841.85,3.78481,84.087,106,63.797,253.882,344.556,202,100.947,269.603,351.223,2001,2001,1.00196,0,0,0,0,0,0,0,0,10.1301,0,0,0,0,0,1905,15,99.2188,0,17394,10.4967
e4_ts_t1024_r01,e4_ts_t1024,88,3.673,176000,88,4,74.73,104.135,104.135,27,32.249,649.874,779.558,1279,14.215,200.266,697.969,391,98.086,293.481,811.402,3.18414,42.1989,100,141.113,408.554,844.563,203,201.306,384.444,823.756,2004,2004,1.00196,1,0,0,0,0,0,1,0,10.1301,1,0,0,0,0,1862,13,99.3067,0,17596,10.7186
e4_ts_t1024_r01,e4_ts_t1024,89,3.70045,178000,89,2,173.646,173.646,173.646,22,35.434,255.218,268.071,1246,70.109,232.94,257.223,412,152.606,311.12,357.33,3.95388,40.9399,111,42.076,228.045,253.691,202,98.794,236.617,284.253,1995,1995,1.00196,0,0,0,0,0,0.685347,0,1,10.3154,0,0.709355,1,0.185401,0,3343,256,92.8869,8348,17798,12.564
e4_ts_t1024_r01,e4_ts_t1024,90,3.73721,180000,90,4,25.383,352.866,352.866,28,44.103,403.255,423.991,1300,92.321,359.968,384.555,357,185.466,428.718,475.552,2.90476,70.6199,109,42.119,232.008,248.709,205,96.687,295.421,408.984,2003,2003,1.00196,0,0,0,0,0,0,0,0,4.59333,0,1.04163,3.59333,0,0,3127,276,91.8895,12565,18005,5.40372
e4_ts_t1024_r01,e4_ts_t1024,91,3.78189,182000,91,2,127.61,127.61,127.61,26,45.062,526.92,605.322,1307,9.911,498.955,684.313,368,94.455,573.588,891.484,2.40761,93.2232,116,61.221,292.003,403.628,190,119.555,507.687,592.967,2009,2009,1.00196,0,0,0,0,0,0,0,0,4.59333,0,0,0,0,0,193,309,38.4462,0,18193,4.92827
e4_ts_t1024_r01,e4_ts_t1024,92,3.84597,184000,92,8,519.118,740.532,740.532,30,52.111,766.835,944.657,1259,15.447,721.491,838.906,367,136.881,791.212,871.61,3.43869,88.0805,118,83.011,355.211,406.037,210,148.432,422.439,485.209,1992,1992,1.00196,0,0,0,0,0,0,0,0,4.59333,0,0,0,0,0,364,172,67.9104,0,18403,4.97066
e4_ts_t1024_r01,e4_ts_t1024,93,3.8796,186000,93,5,59.253,79.984,79.984,25,79.442,266.976,708.605,1227,13.376,618.798,748.762,420,72.419,682.746,822.626,3.00714,41.538,97,169.955,630.477,1174.86,226,269.195,764.666,1243.2,2000,2000,1.00196,0,0,0,0,0,0,0,0,4.78143,1,0,0,0.18823,0,481,125,79.3729,0,18629,4.99756
e4_ts_t1024_r01,e4_ts_t1024,94,3.90947,188000,94,6,223.29,293.689,293.689,22,143.647,282.225,308.07,1309,17.808,239.423,292.034,374,153.173,308.422,378.428,3.58556,41.0626,108,63.376,304.318,404.641,184,150.187,413.079,479.894,2003,2003,1.00196,0,0,0,0,0,0,0,0,4.78143,0,0,0,0,0,834,115,87.882,0,18814,5.0364
e4_ts_t1024_r01,e4_ts_t1024,95,3.95378,190000,95,7,268.08,356.755,356.755,17,313.43,410.641,410.641,1258,173.228,368.489,409.983,403,261.746,440.873,546.146,2.54342,86.9373,96,45.563,347.677,396.878,214,125.602,370.236,464.677,1995,1995,1.00196,0,0,0,0,0,0,0,0,4.78143,0,0,0,0,0,922,64,93.5091,0,19028,5.07326
e4_ts_t1024_r01,e4_ts_t1024,96,4.00068,192000,96,10,346.453,502.196,502.196,35,27.691,510.154,530.446,1286,13.219,491.367,559.898,372,101.365,553.268,657.653,2.85484,79.5188,116,44.329,297.977,383.426,178,122.237,397.025,433.422,1997,1997,1.00196,0,0,0,0,0,0,0,0,4.78143,0,0,0,0,0,895,40,95.7219,0,19207,5.11334
e4_ts_t1024_r01,e4_ts_t1024,97,4.06525,194000,97,6,466.469,1096.47,1096.47,24,59.099,713.834,731.919,1281,15.386,692.848,838.414,418,101.387,823.327,947.062,3.32297,88.6639,94,73.884,354.77,431.99,186,143.787,386.409,451.479,2009,2009,1.00196,0,0,0,0,0,0,0,0,4.78143,0,0,0,0,0,1006,40,96.1759,0,19392,5.14838
e4_ts_t1024_r01,e4_ts_t1024,98,4.11154,196000,98,2,156.87,156.87,156.87,34,77.997,1391.8,1540.93,1184,21.224,745.083,972.19,439,103.141,850.325,1015.13,3.53075,59.5188,122,188.937,566.737,850.542,220,229.368,556.274,861.505,2001,2001,1.00196,1,0,0,0,0,0,1,0,4.78143,1,0,0,0,0,1054,45,95.9054,0,19610,5.37741
e4_ts_t1024_r01,e4_ts_t1024,99,4.14657,198000,99,6,203.882,250.056,250.056,31,72.849,312.015,361.238,1275,73.453,275.454,340.165,386,188.61,359.542,467.925,3.07772,61.1325,110,79.38,352.902,427.132,187,151.273,379.454,434.417,1995,1995,1.00196,0,0,0,0,0,0,0,0,4.96447,0,0,0,0.183183,0,1318,60,95.6459,0,19798,5.22223
e4_ts_t1024_r01,e4_ts_t1024,100,4.19394,200000,100,11,36.902,391.166,391.166,26,37.994,595.623,756.203,1257,32.898,439.86,636.464,391,285.95,560.005,747.169,2.52174,104.35,109,79.742,359.646,431.011,200,145.706,352.336,576.993,1994,1994,1.00196,0,0,0,0,0,0,0,0,4.96447,0,0,0,0,0,1366,23,98.3441,0,20000,5.2619
e4_ts_t1024_r02,e4_ts_t1024,1,0.0222673,2000,1,2,88.051,88.051,88.051,26,26.668,70.976,73.657,1257,22.858,82.509,93.515,404,153.757,208.826,233.807,98.9703,1.57183,122,15.086,54.158,91.691,198,37.442,99.545,160.073,2009,2009,1.00196,0,0,0,0,0,0,0,0,130.67,0,0,0,0,0,801,4064,16.4645,0,198,130.789
e4_ts_t1024_r02,e4_ts_t1024,2,0.0409772,4000,2,6,85.4,101.637,101.637,25,41.023,197.883,215.331,1273,49.79,139.462,177.605,375,143.913,237.872,269.241,92.1333,1.62861,100,13.86,71.208,87.127,219,36.896,96.723,136.598,1998,1998,1.00196,0,0,0,0,0,0,0,0,130.67,0,0,0,0,0,1229,3212,27.6739,0,416,130.828
e4_ts_t1024_r02,e4_ts_t1024,3,0.0659668,6000,3,7,99.586,158.258,158.258,28,116.751,218.42,232.35,1216,77.528,211.864,245.785,424,176.036,295.291,339.538,87.4646,1.96439,103,15.947,80.904,94.63,220,38.335,102.414,130.308,1998,1998,1.00196,0,0,0,0,0,0,0,0,130.67,0,0,0,0,0,1625,2987,35.2342,0,636,130.867
e4_ts_t1024_r02,e4_ts_t1024,4,0.0983887,8000,4,9,51.908,320.547,320.547,24,119.704,303.562,338.661,1253,85.838,312.66,365.247,428,138.943,385.654,422.851,87.7383,2.2141,81,20.356,88.405,107.949,204,45.575,112.232,129.384,1999,1999,1.00196,0,0,0,0,0,0,0,0,130.67,0,0,0,0,0,2110,2625,44.5618,0,839,130.9
e4_ts_t1024_r02,e4_ts_t1024,5,0.143135,10000,5,5,23.595,184.617,184.617,26,14.961,377.572,391.906,1246,84.907,489.653,640.573,440,156.097,595.519,649.275,81.6455,3.08697,99,21.479,118.808,473.265,187,56.649,139.491,510.127,2003,2003,0.00195312,1,0,0,0,0,0,1,0,130.67,1,0,0,0,0,2359,2232,51.3831,0,1024,130.937
e4_ts_t1024_r02,e4_ts_t1024,6,0.161669,12000,6,5,20.586,128.686,128.686,28,32.956,133.589,143.055,1291,26.347,112.939,163.195,395,160.706,279.821,433.061,79.3544,2.09914,92,34.165,142.496,504.613,189,67.986,177.938,256.496,2000,2000,1.00196,0,0,0,0,0,130.846,0,1,130.846,0,0.150932,0,0.175921,0,2527,1926,56.7483,200,1217,130.961
e4_ts_t1024_r02,e4_ts_t1024,7,0.187501,14000,7,11,118.039,195.184,195.184,29,28.262,204.485,217.698,1264,64.924,214.089,244.986,384,187.201,342.991,405.661,76.8229,2.49361,96,25.091,113.812,216.794,211,59.257,134.101,208.742,1995,1995,1.00196,0,0,0,0,0,130.846,0,1,130.846,0,2.46115,4,0,0,3731,2122,63.7451,3337,1428,135.999
e4_ts_t1024_r02,e4_ts_t1024,8,0.220526,16000,8,8,215.889,312.95,312.95,26,166.291,338.995,383.141,1261,41.819,313.324,407.987,421,190.171,430.459,504.726,72.3302,2.93314,111,24.626,113.52,146.714,187,67.448,145.56,163.001,2014,2014,1.00196,0,0,0,0,0,130.846,0,1,130.846,0,3.49214,7,0,0,4452,2244,66.4875,5377,1614,142.039
e4_ts_t1024_r02,e4_ts_t1024,9,0.270921,18000,9,8,15.353,214.384,214.384,24,192.071,496.193,536.665,1260,141.765,515.643,589.685,389,297.549,634.683,699.725,71.2802,4.46611,112,35.684,141.558,160.346,204,80.378,191.195,221.491,1997,1997,1.00196,0,0,0,0,0,130.846,0,1,130.846,0,6.57729,13,0,0,5720,2717,67.7966,11772,1818,155.877
e4_ts_t1024_r02,e4_ts_t1024,10,0.341076,20000,10,5,292.158,948.26,948.26,19,575.773,803.48,803.48,1269,210.151,727.506,829.803,389,281.797,888.388,1043.85,67.8072,5.91366,98,44.936,152.907,226.634,214,97.24,252.587,267.342,1994,1994,1.00196,0,0,0,0,0,130.846,0,1,130.846,0,8.23616,19,0,0,7141,2990,70.4866,16430,2031,175.118
e4_ts_t1024_r02,e4_ts_t1024,11,0.366532,22000,11,3,135.099,140.62,140.62,20,32.138,95.753,95.753,1305,21.295,193.963,716.283,389,175.683,417.708,824.477,64.8972,3.0964,91,48.918,252.296,819.335,191,107.429,327.766,866.157,1999,1999,2.00197,0,0,0,0,0,131.027,0,1,131.027,1,2.86037,7,0.181655,0,4641,1532,75.1822,6391,2222,181.142
e4_ts_t1024_r02,e4_ts_t1024,12,0.399017,24000,12,5,183.249,224.116,224.116,24,44.56,283.022,342.987,1256,40.978,288.169,338.445,390,209.173,471.932,585.098,64.8538,3.70576,113,38.853,180.555,283.027,215,89.307,276.361,366.658,2003,2003,2.00197,0,0,0,0,0,131.027,0,1,131.027,0,2.79835,8,0,0,5616,1433,79.6709,6602,2438,189.591
e4_ts_t1024_r02,e4_ts_t1024,13,0.445109,26000,13,5,21.339,526.886,526.886,21,19.355,403.692,412.144,1251,100.851,430.478,506.495,398,261.395,602.32,664.303,56.9824,5.2993,104,36.608,218.682,246.484,215,92.956,251.864,311.279,1994,1994,2.00197,0,0,0,0,0,131.027,0,1,131.027,0,1.79451,5,0,0,4936,1043,82.5556,4370,2652,195.961
e4_ts_t1024_r02,e4_ts_t1024,14,0.506369,28000,14,4,476.96,537.865,537.865,31,122.916,581.991,644.041,1251,195.711,556.689,626.063,406,307.018,714.105,769.453,56.2143,6.35511,102,40.565,173.886,229.416,214,96.189,226.844,288.73,2008,2008,2.00197,0,0,0,0,0,131.027,0,1,131.027,0,4.58899,12.7374,0,0,6666,1673,79.9376,13327,2864,207.893
e4_ts_t1024_r02,e4_ts_t1024,15,0.575409,30000,15,4,649.782,669.276,669.276,24,258.2,766.953,806.869,1263,39.082,725.866,780.073,398,236.129,860.808,928.881,52.9523,7.50731,114,43.1,236.069,293.956,199,102.68,308.833,441.673,2002,2002,2.00197,0,0,0,0,0,131.027,0,1,131.027,0,5.65876,18,0,0,7843,1898,80.5153,12979,3067,225.422
e4_ts_t1024_r02,e4_ts_t1024,16,0.601103,32000,16,8,19.79,74.409,74.409,16,27.196,150.123,150.123,1322,21.488,147.329,747.081,377,175.578,327.688,999.731,53.1459,3.73204,95,62.055,319.977,1876.65,176,102.231,388.096,1161.87,1994,1994,2.00197,1,0,0,0,0,131.027,1,1,131.027,1,2.04671,6,0.176944,0,4912,890,84.6605,6151,3243,231.258
e4_ts_t1024_r02,e4_ts_t1024,17,0.633409,34000,17,4,20.953,24.355,24.355,32,39.025,258.103,297.549,1264,27.359,255.018,291.449,416,211.289,411.827,455.182,52.976,4.33203,95,42.656,238.916,344.833,189,105.467,258.124,302.265,2000,2000,2.00197,0,0,0,0,0,131.204,0,1,131.204,0,1.82188,6,0.000136375,0,5775,878,86.8029,4393,3431,237.442
e4_ts_t1024_r02,e4_ts_t1024,18,0.68575,36000,18,6,262.902,598.472,598.472,21,256.55,434.698,496.281,1264,151.84,464.173,534.058,389,290.04,644.068,792.566,46.1183,6.88065,107,46.332,153.847,204.458,215,94.25,271.078,308.006,2002,2002,2.00197,0,0,0,0,0,0,0,0,107.182,0,1.237,1.08594,0,0,2608,1299,66.752,0,3644,123.719
e4_ts_t1024_r02,e4_ts_t1024,19,0.746583,38000,19,5,34.291,518.958,518.958,30,30.461,551.139,570.32,1233,52.663,593.328,699.685,432,321.337,763.402,882.276,50.6273,7.16729,115,38.489,123.514,175.077,181,91.796,196.881,387.128,1996,1996,2.00197,0,0,0,0,0,0,0,0,107.182,0,0,0,0,0,1277,2426,34.4856,0,3828,107.428
e4_ts_t1024_r02,e4_ts_t1024,20,0.813326,40000,20,10,38.349,618.33,618.33,22,45.639,741.296,756.619,1260,43.297,704.175,795.557,416,345.439,895.459,1076.05,45.5577,9.24891,106,43.481,162,287.625,192,102.65,288.32,334.931,2006,2006,2.00197,0,0,0,0,0,0,0,0,107.182,0,0,0,0,0,1525,1895,44.5906,0,4020,107.467
e4_ts_t1024_r02,e4_ts_t1024,21,0.857784,42000,21,9,33.81,336.255,336.255,27,40.674,754.43,855.487,1259,35.016,725.581,814.892,399,190.208,834.237,980.611,46.7318,5.65258,104,67.737,397.344,1639.67,198,110.666,493.887,1630.19,1996,1996,1.00196,1,0,0,0,0,0,1,0,107.182,1,0,0,0,0,1805,1591,53.1508,0,4218,107.506
e4_ts_t1024_r02,e4_ts_t1024,22,0.890335,44000,22,5,45.286,191.336,191.336,28,45.753,210.888,213.795,1271,84.118,228.055,250.213,393,236.853,427.052,494.568,41.0433,5.82035,109,37.974,159.474,172.501,193,103.979,252.197,314.063,1999,1999,1.00196,0,0,0,0,0,0,0,0,107.371,0,0,0,0.18898,0,2020,1389,59.2549,0,4410,107.534
e4_ts_t1024_r02,e4_ts_t1024,23,0.931824,46000,23,3,169.587,222.745,222.745,35,38.065,318.97,332.83,1253,51.67,338.59,382.472,403,258.582,513.718,564.227,40.2903,6.96605,117,40.638,241.942,310.631,189,95.255,235.649,382.572,2000,2000,1.00196,0,0,0,0,0,0,0,0,107.371,0,0,0,0,0,2503,1171,68.1274,0,4600,107.576
e4_ts_t1024_r02,e4_ts_t1024,24,0.983279,48000,24,6,25.139,31.59,31.59,22,217.597,427.354,461.937,1295,149.895,448.466,482.312,383,262.735,624.009,702.851,38.2063,8.18081,103,44.422,192.078,226.247,193,94.815,236.668,305.728,2002,2002,1.00196,0,0,0,0,0,0,0,0,107.371,0,0,0,0,0,2533,941,72.9131,0,4792,107.614
e4_ts_t1024_r02,e4_ts_t1024,25,1.05035,50000,25,1,545.173,545.173,545.173,28,202.034,606.26,607.581,1282,47.303,595.801,643.56,407,291.198,767.97,837.206,42.1474,9.116,83,45.561,331.596,489.764,201,101.737,316.234,359.275,2002,2002,1.00196,0,0,0,0,0,0,0,0,107.371,0,0,0,0,0,2908,855,77.2788,0,4991,107.647
e4_ts_t1024_r02,e4_ts_t1024,26,1.10747,52000,26,3,306.518,682.391,682.391,24,183.513,745.923,762.537,1296,26.459,705.408,748.214,415,197.866,856.466,921.436,37.8964,8.97265,81,75.31,306.414,1568.44,182,139.377,479.084,1276.78,2001,2001,1.00196,1,0,0,0,0,0,1,0,107.371,1,0,0,0,0,2926,762,79.3384,0,5176,107.678
e4_ts_t1024_r02,e4_ts_t1024,27,1.13747,54000,27,6,93.639,226.002,226.002,16,79.747,201.958,201.958,1291,75.529,196.166,231.532,366,208.83,361.729,441.785,37.347,5.81519,92,71.287,253.389,332.204,222,108.288,311.576,377.201,1993,1993,1.00196,0,0,0,0,0,0.727141,0,1,107.55,0,0.422246,0,0.179972,0,2864,695,80.472,1240,5398,107.699
e4_ts_t1024_r02,e4_ts_t1024,28,1.17712,56000,28,8,25.886,306.545,306.545,33,161.223,306.312,311.48,1250,94.203,302.685,330.219,405,277.728,462.768,526.522,31.1753,8.54443,108,48.189,272.732,352.662,196,98.499,305.993,482.964,2000,2000,1.00196,0,0,0,0,0,0.727141,0,1,107.55,0,7.1788,6,0,0,5070,2349,68.3381,29961,5592,113.738
e4_ts_t1024_r02,e4_ts_t1024,29,1.22965,58000,29,8,377.065,453.542,453.542,23,184.279,497.67,500.817,1277,162.155,442.569,473.232,397,369.769,600.042,673.533,35.0403,9.53298,99,41.902,209.785,258.819,195,95.639,237.157,262.089,1999,1999,1.00196,0,0,0,0,0,0.727141,0,1,107.55,0,9.94662,9,0,0,5988,3032,66.3858,42425,5789,122.775
e4_ts_t1024_r02,e4_ts_t1024,30,1.2929,60000,30,7,245.223,556.557,556.557,26,359.95,586.763,587.732,1266,170.738,563.356,590.376,409,280.896,702.405,751.871,31.4914,11.8125,109,44.963,233.412,257.011,193,100.529,264.139,322.939,2010,2010,1.00196,0,0,0,0,0,0.727141,0,1,107.55,0,12.2063,11,0,0,6782,3598,65.3372,54153,5979,133.815
e4_ts_t1024_r02,e4_ts_t1024,31,1.35108,62000,31,6,561,716.48,716.48,22,28.615,654.432,696.756,1269,23.395,670.485,752.243,402,242.726,804.489,933.858,28.9627,12.8564,110,57.597,271.675,766.128,184,98.426,251.43,525.024,1993,1993,2.00197,1,0,0,0,0,0.727141,1,1,107.55,1,10.4002,9,0,0,6566,3159,67.5167,46076,6165,143.855
e4_ts_t1024_r02,e4_ts_t1024,32,1.37116,64000,32,6,27.055,113.925,113.925,23,23.261,166.112,196.652,1300,23.641,144.305,171.519,379,140.588,284.241,350.403,29.3958,5.09374,88,65.673,229.278,330.79,216,118.416,270.157,342.656,2012,2012,2.00197,1,0,0,0,0,0.727141,1,1,107.55,0,4.29482,4,0,0,4327,1246,77.6422,20945,6380,147.066
e4_ts_t1024_r02,e4_ts_t1024,33,1.39987,66000,33,8,185.757,257.086,257.086,21,26.026,252.217,257.96,1248,24.591,256.747,286.486,428,173.571,407.626,455.256,28.764,6.88327,101,39.511,168.816,253.005,188,94.725,231.409,277.855,1994,1994,2.00197,0,0,0,0,0,0.903486,0,1,107.727,0,5.37264,5,0.176481,0,5523,1658,76.9113,24515,6569,152.638
e4_ts_t1024_r02,e4_ts_t1024,34,1.43769,68000,34,7,52.717,398.992,398.992,18,155.289,439.529,439.529,1288,25.859,377.694,411.83,395,238.852,532.799,624.721,30.8076,8.5907,89,33.038,202.341,245.971,197,85.82,197.884,249.084,1994,1994,2.00197,0,0,0,0,0,0.903486,0,1,107.727,0,2.4173,3.10386,0,0,4469,723,86.0747,9500,6767,155.055
e4_ts_t1024_r02,e4_ts_t1024,35,1.48131,70000,35,6,29.451,410.752,410.752,36,37.151,499.502,527.558,1257,19.029,496.845,532.43,409,143.914,597.471,667.927,25.5868,8.92462,115,34.85,134.48,204.335,177,84.772,186.743,254.448,2000,2000,2.00197,0,0,0,0,0,0,0,0,47.2802,0,0,0,0,0,689,1430,32.5153,0,6944,48.0909
e4_ts_t1024_r02,e4_ts_t1024,36,1.53865,72000,36,5,40.52,352.232,352.232,22,36.028,644.054,670.706,1289,68.809,660.515,708.98,392,282.77,768.303,850.534,20.0842,16.0085,84,45.173,164.744,362.089,207,95.563,237.428,329.646,1999,1999,2.00197,0,0,0,0,0,0,0,0,47.2802,0,0,0,0,0,811,1032,44.0043,0,7149,47.5823
e4_ts_t1024_r02,e4_ts_t1024,37,1.56574,74000,37,7,51.502,741.554,741.554,25,87.917,149.598,489.371,1244,28.89,159.043,712.556,410,122.082,510.368,824.244,23.3878,7.04403,106,88.886,449.705,1478.07,209,144.556,440.221,528.534,2001,2001,2.00197,1,0,0,0,0,0,1,0,47.2802,1,0,0,0,0,1046,958,52.1956,0,7358,47.7982
e4_ts_t1024_r02,e4_ts_t1024,38,1.59588,76000,38,9,36.6,185.523,185.523,21,36.544,247.928,252.455,1276,69.517,238.243,269.035,388,181.509,378.725,443.998,21.0799,8.66471,107,46.532,236.622,310.717,201,103.679,327.223,378.216,2002,2002,2.00197,0,0,0,0,0,0,0,0,47.457,0,0,0,0.176955,0,1377,737,65.1372,0,7558,47.6506
e4_ts_t1024_r02,e4_ts_t1024,39,1.64246,78000,39,4,39.064,343.089,343.089,18,254.117,414.594,414.594,1221,197.314,397.752,420.326,426,269.646,502.68,606.376,19.2324,13.5022,101,43.594,249.917,300.917,227,96.347,233.401,338.703,1997,1997,2.00197,0,0,0,0,0,0,0,0,47.457,0,0,0,0,0,1684,656,71.9658,0,7787,47.6897
e4_ts_t1024_r02,e4_ts_t1024,40,1.69847,80000,40,6,175.344,391.396,391.396,33,424.413,553.661,565.326,1261,193.908,535.467,567.096,370,271.24,644.886,732.446,21.3838,13.9897,110,40.188,215.974,276.988,214,93.621,314.308,343.282,1994,1994,2.00197,0,0,0,0,0,0,0,0,47.457,0,0,0,0,0,1706,503,77.2295,0,8002,47.7306
e4_ts_t1024_r02,e4_ts_t1024,41,1.76694,82000,41,7,39.82,670.519,670.519,17,412.006,736.027,736.027,1294,139.962,695.698,724.495,394,251.848,812.351,883.05,19.4975,18.7038,93,52.527,234.055,369.93,203,98.568,300.545,408.823,2008,2008,1.00196,1,0,0,0,0,0,1,0,47.457,1,0,0,0,0,1742,504,77.5601,0,8201,47.7664
e4_ts_t1024_r02,e4_ts_t1024,42,1.79075,84000,42,7,41.82,86.627,86.627,25,41.67,149.974,252.725,1297,17.099,129.628,172.491,407,139.033,372.801,542.178,21.2064,9.04611,95,79.616,335.727,407.574,178,172.452,381.077,462.703,2009,2009,2.00197,1,0,0,0,0,0,1,0,47.457,0,0,0,0,0,1955,406,82.8039,0,8381,47.9777
e4_ts_t1024_r02,e4_ts_t1024,43,1.82298,86000,43,6,144.456,252.37,252.37,27,49.49,290.042,310.272,1308,50.866,249.073,283.66,377,240.372,431.132,520.814,17.9894,13.097,86,42.44,191.651,246.944,185,93.843,261.544,323.264,1989,1989,2.00197,0,0,0,0,0,0,0,0,47.634,0,0,0,0.177111,0,2142,356,85.7486,0,8567,47.8267
e4_ts_t1024_r02,e4_ts_t1024,44,1.86611,88000,44,2,248.125,248.125,248.125,20,269.967,427.466,427.466,1285,64.062,372.448,404.438,385,291.796,535.378,597.384,17.4,16.0099,102,49.014,258.048,284.034,206,100.844,295.325,364.836,2000,2000,2.00197,0,0,0,0,0,0,0,0,47.634,0,0,0,0,0,2300,298,88.5296,0,8771,47.8649
e4_ts_t1024_r02,e4_ts_t1024,45,1.92396,90000,45,8,294.677,461.041,461.041,23,302.855,555.136,571.383,1264,215.471,514.426,551.266,388,339.21,650.648,748.689,17.384,19.2732,98,45.61,208.471,257.531,215,94.395,240.475,305.713,1996,1996,2.00197,0,0,0,0,0,0,0,0,47.634,0,0,0,0,0,2353,245,90.5697,0,8988,47.9024
e4_ts_t1024_r02,e4_ts_t1024,46,1.993,92000,46,9,58.843,678.38,678.38,31,409.883,682.41,693.637,1239,171.485,669.51,702.856,424,336.995,800.264,909.064,17.6462,22.0555,93,44.398,212.565,306.608,211,101.721,280.686,422.739,2007,2007,2.00197,0,0,0,0,0,0,0,0,47.634,0,0,0,0,0,2600,257,91.0046,0,9199,47.9386
e4_ts_t1024_r02,e4_ts_t1024,47,2.0231,94000,47,9,27.678,146.845,146.845,28,63.222,142.654,184.601,1262,23.681,159.136,685.194,398,138.417,321.345,774.325,14.2638,11.311,81,95.03,321.028,945.217,217,144.943,451.898,1203.45,1995,1995,2.00197,1,0,0,0,0,0,1,0,47.634,1,0,0,0,0,2445,171,93.4633,0,9416,48.1414
e4_ts_t1024_r02,e4_ts_t1024,48,2.05233,96000,48,9,154.942,270.104,270.104,22,34.242,203.728,273.734,1290,26.718,236.384,263.017,386,172.712,359.7,422.679,14.9611,12.3677,106,38.47,148.085,193.533,186,101.583,289.473,351.791,1999,1999,2.00197,0,0,0,0,0,0.699966,0,1,47.8038,0,1.23262,1,0.169965,0,3094,524,85.5169,6731,9602,49.0004
e4_ts_t1024_r02,e4_ts_t1024,49,2.09218,98000,49,5,85.653,181.885,181.885,18,44.085,379.388,379.388,1247,113.339,363.648,389.708,436,196.478,466.344,529.399,15.6583,14.5572,99,34.646,191.329,290.803,198,94.801,287.402,330.062,2003,2003,2.00197,0,0,0,0,0,0.699966,0,1,47.8038,0,2.93434,4,0,0,4634,927,83.3303,17814,9800,53.0378
e4_ts_t1024_r02,e4_ts_t1024,50,2.14268,100000,50,10,49.468,478.741,478.741,23,35.482,458.243,489.005,1249,26.88,497.89,539.413,413,235.596,598.746,664.652,14.8886,19.7344,100,37.348,242.356,445.951,204,99.615,279.793,338.774,1999,1999,2.00197,0,0,0,0,0,0.699966,0,1,47.8038,0,4.44998,6,0,0,5222,1251,80.6736,28143,10003,59.0751
e4_ts_t1024_r02,e4_ts_t1024,51,2.20154,102000,51,6,248.003,369.322,369.322,25,105.999,656.811,694.271,1300,26.652,631.607,679.498,391,197.526,737.03,797.836,13.4425,23.9455,78,45.102,247.878,387.39,199,106.229,315.629,398.465,1999,1999,2.00197,0,0,0,0,0,0.699966,0,1,47.8038,0,5.08954,6,0,0,5484,1401,79.6514,32134,10202,65.1064
e4_ts_t1024_r02,e4_ts_t1024,52,2.23133,104000,52,8,44.974,701.944,701.944,27,27.304,680.263,700.849,1269,17.274,646.85,704.974,421,131.083,675.498,786.624,12.7078,13.6496,95,55.648,288.845,1278.99,193,127.089,344.505,1261.36,2013,2013,1.00196,1,0,0,0,0,0.699966,1,1,47.8038,1,1.89548,3,0,0,4206,588,87.7347,12339,10397,68.1423
e4_ts_t1024_r02,e4_ts_t1024,53,2.26308,106000,53,7,27.66,230.997,230.997,34,86.105,225.745,271.466,1287,28.27,219.653,260.292,376,181.764,367.818,487.947,12.5346,15.5445,97,41.467,969.798,3107.64,189,96.737,1043.15,3110.2,1990,1990,1.00196,0,0,0,0,0,0.86937,0,1,47.9732,0,0.352221,1.35255,0.169539,0,2989,163,94.8287,2467,10584,69.522
e4_ts_t1024_r02,e4_ts_t1024,54,2.302,108000,54,5,213.838,254.341,254.341,32,179.481,379.891,395.353,1265,32.722,340.448,369.665,420,220.015,447.83,528.063,12.6714,17.641,92,34.545,173.417,259.369,184,95.436,266.418,386.924,1998,1998,1.00196,0,0,0,0,0,0,0,0,21.522,0,0.242684,0,0,0,734,869,45.7891,0,10767,21.7579
e4_ts_t1024_r02,e4_ts_t1024,55,2.34453,110000,55,7,18.42,428.979,428.979,22,59.089,443.418,450.826,1354,23.947,448.586,490.914,362,172.926,551.217,642.655,11.5608,20.5442,96,46.239,184.224,245.251,163,94.797,215.13,233.916,2004,2004,1.00196,0,0,0,0,0,0,0,0,21.522,0,0,0,0,0,720,578,55.47,0,10930,21.7926
e4_ts_t1024_r02,e4_ts_t1024,56,2.39969,112000,56,4,44.802,525.021,525.021,30,66.421,564.643,622.862,1250,36.385,578.971,612.64,424,242.56,661.291,727.86,12.2571,24.3231,89,40.689,212.45,281.626,199,104.578,269.572,380.545,1996,1996,1.00196,0,0,0,0,0,0,0,0,21.522,0,0,0,0,0,955,547,63.5819,0,11130,21.827
e4_ts_t1024_r02,e4_ts_t1024,57,2.44963,114000,57,3,688.821,754.544,754.544,28,36.058,668.833,710.317,1279,12.283,672.152,707.769,400,105.874,754.661,832.657,11.14,24.2384,82,93.838,408.312,1491.35,210,141.491,390.493,1346.01,2002,2002,2.00197,1,0,0,0,0,0,1,0,21.522,1,0,0,0,0,1022,382,72.792,0,11339,21.8593
e4_ts_t1024_r02,e4_ts_t1024,58,2.47509,116000,58,8,148.238,189.378,189.378,10,115.862,206.226,206.226,1303,69.473,184.898,214.134,375,130.465,257.073,327.251,9.624,14.0188,92,85.816,314.824,386.344,213,124.909,322.377,400.964,2001,2001,2.00197,0,0,0,0,0,0,0,0,21.696,0,0,0,0.174178,0,1092,280,79.5918,0,11554,21.8853
e4_ts_t1024_r02,e4_ts_t1024,59,2.50909,118000,59,6,200.714,328.588,328.588,27,52.632,324.098,333.619,1274,37.539,307.839,330.657,377,193.76,384.545,461.25,10.4297,18.4491,105,43.787,249.189,358.956,204,114.158,298.685,355.295,1993,1993,2.00197,0,0,0,0,0,0,0,0,21.696,0,0,0,0,0,1466,259,84.9855,0,11759,21.9241
e4_ts_t1024_r02,e4_ts_t1024,60,2.55524,120000,60,6,380.43,409.913,409.913,30,52.775,454.653,469.748,1231,95.294,439.833,464.888,434,277.403,511.684,594.928,9.99309,25.9593,97,40.222,223.523,270.231,197,99.968,219.584,307.493,1995,1995,2.00197,0,0,0,0,0,0,0,0,21.696,0,0,0,0,0,1697,228,88.1558,0,11957,21.9605
e4_ts_t1024_r02,e4_ts_t1024,61,2.61062,122000,61,4,304.201,305.341,305.341,30,257.332,572.186,603.892,1290,84.23,559.63,610.478,381,186.458,649.264,747.933,10.1155,28.1258,105,48.453,252.459,297.319,197,100.059,310.779,438.072,2007,2007,2.00197,0,0,0,0,0,0,0,0,21.696,0,0,0,0,0,1578,150,91.3194,0,12153,21.9989
e4_ts_t1024_r02,e4_ts_t1024,62,2.661,124000,62,6,44.972,697.542,697.542,23,45.95,672.049,687.858,1270,14.994,675.314,720.382,406,104.601,746.156,797.59,8.55665,29.8775,102,77.904,324.926,1026.66,202,107.944,377.238,926.185,2009,2009,1.00196,1,0,0,0,0,0,1,0,21.696,1,0,0,0,0,1659,139,92.2692,0,12356,22.0367
e4_ts_t1024_r02,e4_ts_t1024,63,2.68527,126000,63,3,63.293,125.941,125.941,33,28.095,170.542,179.046,1251,65.661,171.164,202.327,401,130.14,264.042,323.296,7.74065,17.8967,100,55.792,241.754,391.901,203,117.03,284.376,334.144,1991,1991,1.00196,0,0,0,0,0,0,0,0,21.8671,0,0,0,0.171234,0,1696,141,92.3244,0,12558,22.064
e4_ts_t1024_r02,e4_ts_t1024,64,2.71855,128000,64,9,226.269,271.031,271.031,27,161.749,308.739,328.744,1264,97.443,275.59,295.776,407,199.442,363.402,438.622,9.79607,19.8151,106,40.19,217.453,254.971,187,93.174,260.731,441.201,2000,2000,1.00196,0,0,0,0,0,0,0,0,21.8671,0,0,0,0,0,2168,116,94.9212,0,12744,22.1026
e4_ts_t1024_r02,e4_ts_t1024,65,2.76466,130000,65,7,369.696,410.438,410.438,24,90.383,434.796,441.71,1260,133.134,431.339,465.368,381,249.935,509.36,558.927,7.00262,36.5605,111,70.762,249.598,323.433,218,104.335,295.445,341.038,2001,2001,1.00196,0,0,0,0,0,0,0,0,21.8671,0,0,0,0,0,1981,70,96.587,0,12962,22.1439
e4_ts_t1024_r02,e4_ts_t1024,66,2.82137,132000,66,7,136.133,490.678,490.678,24,376.901,564.958,597.092,1272,139.051,566.148,590.331,397,181.32,633.377,688.726,7.31234,39.4528,94,43.032,207.599,277.275,203,100.434,241.441,307.287,1997,1997,1.00196,0,0,0,0,0,0,0,0,21.8671,0,0,0,0,0,2084,63,97.0657,0,13165,22.1795
e4_ts_t1024_r02,e4_ts_t1024,67,2.87613,134000,67,4,46.673,52.861,52.861,23,29.587,661.627,662.271,1284,15.983,680.15,711.067,399,116.993,768.969,831.089,7.90476,36.3198,94,79.176,366.681,739.885,201,122.185,465.597,1066.79,2005,2005,2.00197,1,0,0,0,0,0,1,0,21.8671,1,0,0,0,0,2125,47,97.8361,0,13367,22.215
e4_ts_t1024_r02,e4_ts_t1024,68,2.89902,136000,68,6,82.402,134.861,134.861,19,28.446,175.616,175.616,1254,42.835,158.88,182.746,417,124.139,256.42,301.377,7.2518,18.5374,105,69.912,243.353,329.671,195,129.718,323.933,381.058,1996,1996,2.00197,1,0,0,0,0,0,1,0,21.8671,0,0,0,0,0,2285,62,97.3583,0,13560,22.4317
e4_ts_t1024_r02,e4_ts_t1024,69,2.9319,138000,69,6,36.555,277.383,277.383,22,167.785,261.036,326.246,1303,25.593,277.488,297.889,404,199.758,362.64,400.993,6.18564,32.1235,86,36.703,154.52,291.486,187,94.377,236.73,318.877,2008,2008,2.00197,0,0,0,0,0,0.69284,0,1,22.0454,0,1.55027,2,0.178433,0,3611,490,88.0517,12175,13749,24.2775
e4_ts_t1024_r02,e4_ts_t1024,70,2.97591,140000,70,11,20.307,436.458,436.458,25,47.672,441.992,455.742,1239,115.267,395.836,429.778,423,182.408,490.066,529.406,6.08038,39.9194,88,57.467,195.991,246.478,206,101.387,300.185,336.043,1992,1992,2.00197,0,0,0,0,0,0.69284,0,1,22.0454,0,3.40338,5,0,0,4954,906,84.5392,26598,13955,30.2884
e4_ts_t1024_r02,e4_ts_t1024,71,3.03389,142000,71,10,390.712,568.948,568.948,20,121.634,610.425,610.425,1275,31.418,555.297,601.38,393,219.331,616.521,725.316,7.41985,38.8754,92,41.819,283.373,384.196,204,97.246,282.522,341.561,1994,1994,2.00197,0,0,0,0,0,0,0,0,9.63006,0,1.07421,2.63006,0,0,2135,532,80.0525,7541,14160,9.93725
e4_ts_t1024_r02,e4_ts_t1024,72,3.09659,144000,72,13,52.269,736.625,736.625,31,154.244,681.426,712.589,1270,14.459,678.512,711.932,416,227.078,749.779,797.57,6.69231,51.0035,85,45.281,375.206,1543.77,199,105.834,377.63,1581.51,2014,2014,1.00196,1,0,0,0,0,0,1,0,9.63006,1,0,0,0,0,279,455,38.0109,0,14356,9.97029
e4_ts_t1024_r02,e4_ts_t1024,73,3.11906,146000,73,4,59.335,92.092,92.092,30,84.812,203.906,259.579,1250,38.006,151.682,181.216,405,93.735,225.781,280.482,5.59753,18.4369,96,98.471,383.766,432.466,208,174.549,393.524,415.347,1993,1993,1.00196,0,0,0,0,0,0,0,0,9.79703,0,0,0,0.167099,0,422,296,58.7744,0,14567,9.99752
e4_ts_t1024_r02,e4_ts_t1024,74,3.15118,148000,74,8,9.183,209.53,209.53,23,112.684,303.597,327.525,1255,115.394,266.733,288.997,418,182.365,334.044,387.965,6.33254,25.9289,110,51.306,232.914,264.343,190,108.85,300.433,416.008,2004,2004,1.00196,0,0,0,0,0,0,0,0,9.79703,0,0,0,0,0,964,217,81.6257,0,14755,10.0364
e4_ts_t1024_r02,e4_ts_t1024,75,3.19526,150000,75,3,184.55,413.359,413.359,24,139.871,442.462,488.492,1256,123.529,405.512,434.651,422,203.056,454.484,513.778,4.95024,43.9542,79,54.419,263.333,316.771,217,116.514,333.625,417.739,2001,2001,1.00196,0,0,0,0,0,0,0,0,9.79703,0,0,0,0,0,1005,151,86.9377,0,14974,10.0687
e4_ts_t1024_r02,e4_ts_t1024,76,3.24751,152000,76,2,557.088,557.088,557.088,26,139.864,574.024,587.109,1294,123.425,529.409,549.711,417,165.637,581.331,631.148,4.7554,52.5155,89,52.557,228.577,270.782,174,97.587,308.81,411.783,2002,2002,1.00196,0,0,0,0,0,0,0,0,9.79703,0,0,0,0,0,1015,111,90.1421,0,15146,10.1018
e4_ts_t1024_r02,e4_ts_t1024,77,3.31597,154000,77,4,53.538,56.835,56.835,22,531.126,723.131,754.436,1274,160.847,683.203,722.48,377,173.135,735.795,804.392,6.32361,49.4117,91,86.132,341.446,1711.44,228,119.879,380.949,1609.27,1996,1996,1.00196,1,0,0,0,0,0,1,0,9.79703,1,0,0,0,0,973,107,90.0926,0,15373,10.1384
e4_ts_t1024_r02,e4_ts_t1024,78,3.33585,156000,78,7,89.354,182.943,182.943,32,53.704,143.819,145.177,1291,12.319,133.209,158.812,378,84.61,186.968,248.822,5.34392,18.0853,101,134.686,322.9,376.492,192,174.435,402.64,490.956,2001,2001,2.00197,1,0,0,0,0,0,1,0,9.79703,0,0,0,0,0,974,85,91.9736,0,15565,10.339
e4_ts_t1024_r02,e4_ts_t1024,79,3.36727,158000,79,4,145.765,160.508,160.508,35,141.745,290.641,292.661,1265,108.143,248.996,279.514,394,182.898,317.244,374.621,4.13198,40.0119,97,51.178,225.108,311.216,203,116.27,316.696,373.889,1998,1998,2.00197,0,0,0,0,0,0,0,0,9.96165,0,0,0,0.164759,0,1369,95,93.5109,0,15767,10.202
e4_ts_t1024_r02,e4_ts_t1024,80,3.41407,160000,80,10,332.049,430.439,430.439,23,297.209,391.96,398.518,1233,185.337,399.188,421.667,392,253.377,466.142,498.495,4.54337,53.2315,107,52.418,242.175,301.142,226,100.443,285.905,411.511,1991,1991,2.00197,0,0,0,0,0,0,0,0,9.96165,0,0,0,0,0,1441,57,96.1949,0,15997,10.2433
e4_ts_t1024_r02,e4_ts_t1024,81,3.46815,162000,81,5,279.078,487.884,487.884,39,35.131,538.822,583.43,1287,118.122,550.14,572.4,391,184.356,608.092,658.679,5.00512,54.8143,86,53.326,269.445,330.947,205,99.399,307.665,322.6,2013,2013,2.00197,0,0,0,0,0,0,0,0,9.96165,0,0,0,0,0,1440,42,97.166,0,16199,10.2759
e4_ts_t1024_r02,e4_ts_t1024,82,3.53153,164000,82,7,23.415,656.839,656.839,23,235.092,626.716,662.144,1254,25.135,674.397,711.834,415,199.163,741.657,789.035,3.55663,92.8777,99,69.433,308.208,713.846,199,101.568,331.865,707.776,1997,1997,1.00196,1,0,0,0,0,0,1,0,9.96165,1,0,0,0,0,1523,39,97.5032,0,16399,10.313
e4_ts_t1024_r02,e4_ts_t1024,83,3.55173,166000,83,11,25.735,143.325,143.325,26,25.014,135.078,155.134,1266,15.195,129.613,146.072,401,86.8,196.442,238.864,4.37406,23.6967,111,95.675,378.342,418.15,188,156.217,366.911,423.343,2003,2003,1.00196,1,0,0,0,0,0,1,0,9.96165,0,0,0,0,0,1490,44,97.1317,0,16588,10.521
e4_ts_t1024_r02,e4_ts_t1024,84,3.58462,168000,84,4,209.71,231.433,231.433,26,51.921,254.415,259.199,1233,128.801,252.967,272.606,413,202.958,323.024,371.579,3.76513,49.2334,107,42.438,193.782,234.872,207,95.31,240.988,321.026,1990,1990,1.00196,0,0,0,0,0,0,0,0,10.1303,0,0,0,0.16876,0,1890,60,96.9231,0,16796,10.3836
e4_ts_t1024_r02,e4_ts_t1024,85,3.62607,170000,85,5,177.669,391.915,391.915,39,36.791,377.945,411.191,1259,99.684,389.551,414.404,406,190.886,450.013,493.731,3.64286,60.5452,104,38.606,169.715,257.927,193,99.348,293.154,355.383,2006,2006,1.00196,0,0,0,0,0,0,0,0,10.1303,0,0,0,0,0,1946,19,99.0331,0,16988,10.4218
e4_ts_t1024_r02,e4_ts_t1024,86,3.67825,172000,86,7,183.542,404.412,404.412,33,48.362,533.688,585.46,1231,96.335,518.022,549.697,428,192.649,587.46,614.849,4.57944,58.8052,95,41.404,239.988,262.927,204,100.726,331.865,412.971,1998,1998,1.00196,0,0,0,0,0,0,0,0,10.1303,0,0,0,0,0,2068,18,99.1371,0,17190,10.458
e4_ts_t1024_r02,e4_ts_t1024,87,3.75556,174000,87,6,50.547,767.247,767.247,25,540.26,984.639,1070.12,1263,159.138,782.585,961.589,396,252.382,895.606,1000.18,3.77778,104.206,106,66.083,294.133,387.218,202,132.718,350.294,482.254,1998,1998,1.00196,0,0,0,0,0,0,0,0,10.1303,0,0,0,0,0,1911,15,99.2212,0,17394,10.4976
e4_ts_t1024_r02,e4_ts_t1024,88,3.78943,176000,88,4,37.613,153.424,153.424,27,41.183,672.655,743.878,1279,21.558,256.957,782.221,390,131.381,601.35,904.706,3.18974,57.0045,100,166.456,524.514,1329.46,203,254.897,534.826,907.184,2003,2003,2.00197,1,0,0,0,0,0,1,0,10.1303,1,0,0,0,0,1869,14,99.2565,0,17596,10.7192
e4_ts_t1024_r02,e4_ts_t1024,89,3.82745,178000,89,2,43.74,43.74,43.74,22,81.041,318.516,378.508,1244,101.249,299.42,413.382,412,215.353,432.443,536.065,3.95388,55.3301,111,88.651,335.215,483.272,202,154.23,348.483,426.302,1993,1993,2.00197,0,0,0,0,0,0.685432,0,1,10.3155,0,0.825644,2,0.185356,0,3401,286,92.243,9796,17798,12.5637
e4_ts_t1024_r02,e4_ts_t1024,90,3.87841,180000,90,4,389.845,445.153,445.153,28,292.207,569.625,835.23,1298,147.212,433.492,639.008,358,260.476,579.413,707.239,2.89665,96.6525,109,64.645,372.703,515.026,205,135.86,461.768,533.291,2002,2002,2.00197,0,0,0,0,0,0,0,0,4.59122,0,0.956315,2.59122,0,0,2814,297,90.4532,11125,18005,4.88583
e4_ts_t1024_r02,e4_ts_t1024,91,3.93118,182000,91,2,55.879,55.879,55.879,26,67.168,594.074,642.168,1305,11.275,580.871,855.669,362,137.208,647.243,938.433,2.44199,108.174,116,88.823,375.981,444.121,190,128.114,463.602,548.457,2001,2001,2.00197,0,0,0,0,0,0,0,0,4.59122,0,0,0,0,0,224,278,44.6215,0,18194,4.92563
e4_ts_t1024_r02,e4_ts_t1024,92,4.00213,184000,92,8,69.572,804.62,804.62,30,56.049,812.732,1164.98,1260,14.881,800.641,1016.68,372,251.24,971.712,1256.12,3.39785,109.463,118,103.278,440.446,550.932,210,179.023,493.822,566.219,1998,1998,2.00197,0,0,0,0,0,0,0,0,4.59122,0,0,0,0,0,376,166,69.3727,0,18404,4.96791
e4_ts_t1024_r02,e4_ts_t1024,93,4.04645,186000,93,5,62.457,102.327,102.327,25,75.121,478.352,906.471,1229,17.819,739.688,968.578,420,100.219,726.176,1123.69,3.00714,53.8541,97,191.391,591.715,717.66,226,278.02,681.764,724.378,2002,2002,2.00197,0,0,0,0,0,0,0,0,4.77927,1,0,0,0.188185,0,544,150,78.3862,0,18628,4.99569
e4_ts_t1024_r02,e4_ts_t1024,94,4.0803,188000,94,6,149.601,347.113,347.113,22,183.059,313.138,394.265,1307,18.915,273.948,336.331,374,187.052,344.747,428.871,3.58556,47.4869,108,93.483,354.813,387.524,184,179.471,436.074,538.779,2001,2001,2.00197,0,0,0,0,0,0,0,0,4.77927,0,0,0,0,0,862,92,90.3564,0,18814,5.03429
e4_ts_t1024_r02,e4_ts_t1024,95,4.13051,190000,95,7,372.96,655.033,655.033,17,334.219,506.736,506.736,1259,183.579,440.649,676.806,402,258.563,486.504,654.409,2.54726,95.4777,95,72.407,409.319,594.386,214,131.548,449.933,548.797,1994,1994,2.00197,0,0,0,0,0,0,0,0,4.77927,0,0,0,0,0,924,70,92.9577,0,19029,5.07082
e4_ts_t1024_r02,e4_ts_t1024,96,4.18339,192000,96,10,59.351,371.153,371.153,35,48.5,864.701,1009.11,1287,15.273,553.338,937.37,373,88.441,618.101,996.011,2.84987,88.6699,117,64.076,394.5,453.559,178,167.568,397.345,525.178,2000,2000,2.00197,0,0,0,0,0,0,0,0,4.77927,0,0,0,0,0,907,42,95.5743,0,19207,5.11098
e4_ts_t1024_r02,e4_ts_t1024,97,4.257,194000,97,6,598.005,828.66,828.66,24,213.428,879.228,1047.61,1285,20.943,801.44,1123.97,420,135.859,946.695,1294.03,3.30714,108.373,94,75.151,370.209,508.678,187,149.613,424.439,555.805,2016,2016,2.00197,0,0,0,0,0,0,0,0,4.77927,0,0,0,0,0,1005,39,96.2644,0,19392,5.14598
e4_ts_t1024_r02,e4_ts_t1024,98,4.3067,196000,98,2,614.169,614.169,614.169,34,85.568,817.263,1238.25,1181,22.109,793.606,989.438,435,123.57,851.546,1060.09,3.56092,65.8314,122,163.563,551.28,774.638,219,222.76,570.347,742.992,1993,1993,2.00197,1,0,0,0,0,0,1,0,4.77927,1,0,0,0,0,1056,41,96.2625,0,19610,5.37243
e4_ts_t1024_r02,e4_ts_t1024,99,4.34145,198000,99,6,166.9,301.278,301.278,31,56.227,361.227,495.197,1274,104.878,284.706,398.137,388,198.71,381.435,512.609,3.06443,62.1004,110,66.296,364.789,411.186,187,140.742,382.187,487.527,1996,1996,2.00197,0,0,0,0,0,0,0,0,4.96236,0,0,0,0.183228,0,1175,60,95.1417,0,19798,5.22008
e4_ts_t1024_r02,e4_ts_t1024,100,4.38592,200000,100,11,32.736,326.584,326.584,26,65.321,376.682,395.115,1258,23.955,397,515.827,391,243.088,476.104,605.07,2.52174,93.334,109,65.972,344.519,465.711,200,140.508,364.228,454.733,1995,1995,2.00197,0,0,0,0,0,0,0,0,4.96236,0,0,0,0,0,1371,24,98.2796,0,20000,5.25966
e4_ts_t1024_r03,e4_ts_t1024,1,0.0214561,2000,1,2,79.863,79.863,79.863,26,20.98,74.966,79.654,1257,22.682,77.695,98.613,404,155.986,214.461,268.061,98.9703,1.70922,122,15.203,64.239,99.804,198,38.262,98.688,232.55,2009,2009,1.00196,0,0,0,0,0,0,0,0,130.67,0,0,0,0,0,811,4075,16.5984,0,198,130.789
e4_ts_t1024_r03,e4_ts_t1024,2,0.0404741,4000,2,6,69.521,101.581,101.581,25,23.148,144.306,146.459,1273,55.633,134.939,155.821,375,151.325,239.858,281.523,92.1333,1.64883,100,13.791,66.636,87.035,219,38.439,101.318,141.07,1998,1998,1.00196,0,0,0,0,0,0,0,0,130.67,0,0,0,0,0,1217,3206,27.5153,0,416,130.828
e4_ts_t1024_r03,e4_ts_t1024,3,0.0643176,6000,3,7,125.103,226.796,226.796,28,17.803,191.189,237.358,1219,72.48,208.874,258.681,424,167.092,298.57,340.858,87.4953,1.88238,103,14.07,68.666,73.572,221,38.009,91.975,114.947,2002,2002,1.00196,0,0,0,0,0,0,0,0,130.67,0,0,0,0,0,1624,3014,35.0151,0,636,130.867
e4_ts_t1024_r03,e4_ts_t1024,4,0.0935936,8000,4,9,165.765,278.572,278.572,24,54.729,309.863,321.362,1249,91.116,281.468,321.629,428,141.768,359.784,431.571,87.7079,1.99533,81,18.235,65.44,98.439,203,43.261,117.624,132.5,1994,1994,1.00196,0,0,0,0,0,0,0,0,130.67,0,0,0,0,0,2116,2600,44.8685,0,840,130.9
e4_ts_t1024_r03,e4_ts_t1024,5,0.132699,10000,5,5,189.228,226.451,226.451,26,32.64,290.465,303.229,1247,89.345,418.313,535.075,439,161.659,503.47,612.232,81.6036,2.78317,97,20.713,88.102,142.753,183,52.283,113.505,160.545,1997,1997,0.00195312,1,0,0,0,0,0,1,0,130.67,0,0,0,0,0,2370,2212,51.7241,0,1024,130.937
e4_ts_t1024_r03,e4_ts_t1024,6,0.147998,12000,6,5,28.263,46.332,46.332,28,33.009,105.653,128.352,1291,21.918,92.101,115.769,393,128.774,253.554,293.432,79.4402,1.70206,94,29.52,151.005,461.056,193,59.867,217.389,470.121,2004,2004,1.00196,0,0,0,0,0,130.846,0,1,130.846,1,0.259458,0,0.175921,0,2641,1937,57.6889,200,1217,130.961
e4_ts_t1024_r03,e4_ts_t1024,7,0.170529,14000,7,11,92.609,173.336,173.336,29,29.403,188.207,214.101,1265,69.483,179.682,223.003,387,160.171,300.772,340.523,76.8088,2.09939,97,22.995,133.568,184.039,211,57.825,148.617,171.863,2000,2000,1.00196,0,0,0,0,0,130.846,0,1,130.846,0,1.59684,3,0,0,3454,1880,64.7544,2475,1427,133.999
e4_ts_t1024_r03,e4_ts_t1024,8,0.199742,16000,8,8,123.986,416.527,416.527,26,123.339,286.37,298.304,1257,41.044,296.928,394.809,420,155.75,366.364,456.588,72.3643,2.48975,110,27.19,116.11,158.846,187,60.785,115.04,185.181,2008,2008,1.00196,0,0,0,0,0,130.846,0,1,130.846,0,1.86041,4,0,0,3988,1865,68.136,2985,1614,138.038
e4_ts_t1024_r03,e4_ts_t1024,9,0.241483,18000,9,8,11.88,335.107,335.107,24,135.306,414.382,415.169,1258,99.03,440.58,517.989,389,237.686,570.48,720.328,71.1722,3.75408,112,26.966,136.456,176.968,203,70.055,177.531,198.667,1994,1994,1.00196,0,0,0,0,0,130.846,0,1,130.846,0,4.24405,8,0,0,4735,2123,69.0435,6505,1818,147.08
e4_ts_t1024_r03,e4_ts_t1024,10,0.30158,20000,10,5,282.13,682.521,682.521,19,361.496,772.058,772.058,1274,125.482,741.296,888.695,390,269.974,898.648,1190.27,67.8897,5.18284,98,38.303,195.646,242.847,216,89.116,276.239,439.005,2002,2002,1.00196,0,0,0,0,0,130.846,0,1,130.846,0,5.5153,13,0,0,5814,2304,71.6186,11531,2031,159.117
e4_ts_t1024_r03,e4_ts_t1024,11,0.325256,22000,11,3,17.879,29.718,29.718,20,27.284,74.217,74.217,1306,17.955,174.449,719.556,389,156.849,483.818,854.067,64.8972,2.95866,91,46.142,239.394,546.703,191,118.09,310.443,637.013,2000,2000,1.00196,0,0,0,0,0,131.027,0,1,131.027,1,2.1356,5,0.181655,0,4359,1356,76.273,4556,2222,164.142
e4_ts_t1024_r03,e4_ts_t1024,12,0.355339,24000,12,5,51.798,230.885,230.885,24,30.538,178.262,285.122,1257,31.361,313.34,420.745,390,188.191,537.877,634.382,64.8513,3.40737,113,43.111,171.875,294.705,214,93.611,266.634,347.828,2003,2003,1.00196,0,0,0,0,0,131.027,0,1,131.027,0,2.27125,6,0,0,5144,1276,80.1246,4918,2438,170.184
e4_ts_t1024_r03,e4_ts_t1024,13,0.397552,26000,13,5,180.573,658.732,658.732,21,124.485,582.909,613.33,1248,84.705,443.026,647.797,397,204.338,628.665,836.259,56.8741,4.71446,104,33.33,153.165,237.083,216,89.165,214.21,269.874,1991,1991,1.00196,0,0,0,0,0,131.027,0,1,131.027,0,3.3991,9,0,0,5679,1459,79.5601,8588,2653,179.224
e4_ts_t1024_r03,e4_ts_t1024,14,0.453877,28000,14,4,408.439,518.195,518.195,31,194.026,554.773,837.622,1252,138.217,627.177,921.465,407,241.42,807.584,1078.11,56.3219,5.76221,102,36.138,165.026,211.597,214,91.596,217.529,248.289,2010,2010,1.00196,0,0,0,0,0,131.027,0,1,131.027,0,3.37973,11,0,0,6730,1358,83.2097,9251,2864,190.693
e4_ts_t1024_r03,e4_ts_t1024,15,0.513256,30000,15,4,402.86,777.3,777.3,24,268.945,723.138,775.315,1263,31.208,706.945,1268.29,398,252.712,857.141,1053.44,52.9523,6.58522,113,37.506,203.219,303.329,198,102.904,311.304,378.03,2000,2000,1.00196,0,0,0,0,0,131.027,0,1,131.027,0,1.76739,6.73739,0,0,5083,855,85.6012,4182,3067,197.044
e4_ts_t1024_r03,e4_ts_t1024,16,0.53634,32000,16,8,20.447,76.654,76.654,16,31.642,221.336,221.336,1321,20.127,147.736,605.888,375,149.053,405.799,883.268,53.1627,3.39284,96,52.804,351.411,1800.16,176,106,381.737,1437.46,1992,1992,1.00196,1,0,0,0,0,131.027,1,1,131.027,1,1.63948,4,0.176944,0,4796,829,85.2622,5922,3242,202.258
e4_ts_t1024_r03,e4_ts_t1024,17,0.564048,34000,17,4,17.956,23.115,23.115,32,36.169,260.167,418.895,1265,22.844,266.189,425.959,418,183.98,482.867,604.301,52.9617,3.95318,95,37.651,169.366,296.714,189,93.08,238.384,340.605,2003,2003,1.00196,0,0,0,0,0,131.204,0,1,131.204,0,2.02319,6,0.000136375,0,5713,926,86.0521,6593,3431,207.103
e4_ts_t1024_r03,e4_ts_t1024,18,0.599058,36000,18,5,84.204,446.482,446.482,21,127.713,429.544,539.669,1260,36.603,382.101,538.713,389,201.56,506.899,649.295,46.1183,4.96931,107,44.725,192.406,232.481,213,99.862,222.33,255.662,1995,1995,1.00196,0,0,0,0,0,131.204,0,1,131.204,0,2.02707,8,0,0,5854,754,88.5896,5023,3645,215.142
e4_ts_t1024_r03,e4_ts_t1024,19,0.648302,38000,19,6,171.797,509.329,509.329,30,105.605,530.906,887.934,1236,103.266,509.118,797.143,431,224.908,714.773,995.067,50.5128,5.81291,115,36.878,146.738,245.943,183,93.032,256.637,353.448,2001,2001,1.00196,0,0,0,0,0,131.204,0,1,131.204,0,3.82173,13,0,0,7924,1231,86.5538,11446,3827,228.675
e4_ts_t1024_r03,e4_ts_t1024,20,0.700901,40000,20,10,9.736,648.246,648.246,22,22.049,656.487,666.771,1261,30.304,636.489,726.111,417,250.003,806.218,876.609,45.6882,7.32231,106,34.314,116.935,173.864,192,93.284,218.377,292.073,2008,2008,1.00196,0,0,0,0,0,131.204,0,1,131.204,0,3.64421,10.0859,0,0,6399,830,88.5185,7154,4020,238.31
e4_ts_t1024_r03,e4_ts_t1024,21,0.743891,42000,21,9,30.222,848.703,848.703,27,35.847,731.423,884.932,1260,28.391,711.261,893.072,394,216.704,797.387,1047.21,46.1091,5.70597,103,41.45,235.482,925.119,198,102.287,259.96,909.034,1991,1991,1.00196,1,0,0,0,0,0,1,0,107.182,1,0,0,0,0,1128,2285,33.0501,0,4218,107.506
e4_ts_t1024_r03,e4_ts_t1024,22,0.771897,44000,22,5,49.789,269.875,269.875,28,39.349,227.044,305.35,1272,39.726,237.301,290.659,398,199.18,451.185,542.622,41.4824,5.34273,112,36.567,143.664,205.276,193,89.333,198.719,306.492,2008,2008,1.00196,0,0,0,0,0,0,0,0,107.371,0,0,0,0.18898,0,1502,1983,43.099,0,4410,107.535
e4_ts_t1024_r03,e4_ts_t1024,23,0.8068,46000,23,3,3.8,252.028,252.028,35,103.14,384.93,395.698,1249,33.57,354.104,413.974,402,215.128,516.32,645.273,40.4627,5.99927,115,38.706,205.164,227.741,189,89.497,219.775,277.774,1993,1993,1.00196,0,0,0,0,0,0,0,0,107.371,0,0,0,0,0,1999,1672,54.4538,0,4600,107.576
e4_ts_t1024_r03,e4_ts_t1024,24,0.848752,48000,24,6,19.903,463.133,463.133,22,145.193,407.364,537.324,1295,45.89,441.82,499.899,381,221.369,605.2,715.555,38.1102,7.04494,102,40.638,156.224,197.55,192,90.125,201.331,240.668,1998,1998,1.00196,0,0,0,0,0,0,0,0,107.371,0,0,0,0,0,2144,1335,61.6269,0,4792,107.614
e4_ts_t1024_r03,e4_ts_t1024,25,0.90247,50000,25,1,581.527,581.527,581.527,28,196.715,645.523,708.943,1278,42.84,556.849,636.914,409,228.509,744.468,801.82,42.1809,7.51613,84,47.935,200.614,291.425,199,96.225,277.655,320.884,1999,1999,1.00196,0,0,0,0,0,0,0,0,107.371,0,0,0,0,0,2516,1249,66.826,0,4991,107.647
e4_ts_t1024_r03,e4_ts_t1024,26,0.955292,52000,26,3,231.469,722.693,722.693,24,41.982,667.087,724.149,1300,25.506,669.826,711.479,414,201.51,823.722,882.42,37.9493,8.41139,81,62.68,412.015,1784.45,185,113.079,413.288,1505.76,2007,2007,1.00196,1,0,0,0,0,0,1,0,107.371,1,0,0,0,0,2614,1080,70.7634,0,5175,107.678
e4_ts_t1024_r03,e4_ts_t1024,27,0.981719,54000,27,6,107.409,207.977,207.977,16,42.043,193.833,193.833,1290,47.632,177.604,212.264,371,186.571,343.573,415.73,37.2857,5.19981,92,66.17,219.087,274.443,222,107.375,271.539,349.99,1997,1997,1.00196,0,0,0,0,0,0.727141,0,1,107.55,0,0.302317,0,0.179972,0,2629,967,73.109,848,5398,107.698
e4_ts_t1024_r03,e4_ts_t1024,28,1.018,56000,28,8,27.838,295.777,295.777,33,70.136,289.025,320.062,1254,37.067,290.673,331.775,401,191.147,459.015,536.662,31.2045,7.04557,108,52.902,267.885,349.21,195,96.239,297.174,465.567,1999,1999,1.00196,0,0,0,0,0,0.727141,0,1,107.55,0,4.49644,3,0,0,3908,1887,67.4374,15735,5592,110.738
e4_ts_t1024_r03,e4_ts_t1024,29,1.06388,58000,29,8,46.406,410.675,410.675,23,137.747,419.678,472.34,1275,123.856,415.498,448.001,396,276.742,588.611,651.538,34.8763,8.52862,99,37.986,227.965,368.087,196,90.827,234.817,317.86,1997,1997,1.00196,0,0,0,0,0,0.727141,0,1,107.55,0,6.07017,5,0,0,4368,2187,66.6362,21844,5789,115.775
e4_ts_t1024_r03,e4_ts_t1024,30,1.11577,60000,30,7,254.932,535.308,535.308,26,195.698,578.181,582.191,1266,126.245,532.87,564.731,411,227.006,672.494,761.58,31.7032,9.61187,109,41.162,167.635,271.919,193,95.451,252.479,326.602,2012,2012,1.00196,0,0,0,0,0,0.727141,0,1,107.55,0,7.09757,5,0,0,4818,2384,66.8981,27732,5979,121.815
e4_ts_t1024_r03,e4_ts_t1024,31,1.17082,62000,31,6,46.651,538.405,538.405,22,76.411,669.55,706.216,1269,24.946,658.28,697.601,403,239.896,811.656,877.481,29.139,12.0013,110,44.991,191.789,790.1,184,97.4,292.865,844.85,1994,1994,1.00196,1,0,0,0,0,0.727141,1,1,107.55,1,7.90754,7,0,0,4943,2421,67.1238,30799,6165,127.855
e4_ts_t1024_r03,e4_ts_t1024,32,1.19098,64000,32,6,23.015,93.983,93.983,23,50.717,176.129,185.283,1298,21.659,141.683,168.488,378,148.53,299.827,344.774,29.209,5.29463,88,72.152,194.657,253.068,216,103.496,238.763,265.287,2009,2009,1.00196,1,0,0,0,0,0.727141,1,1,107.55,0,2.06608,1,0,0,3641,962,79.1006,8839,6380,129.597
e4_ts_t1024_r03,e4_ts_t1024,33,1.22012,66000,33,8,238.701,283.022,283.022,21,26.758,250.856,259.117,1250,26.315,258.183,290.845,425,180.239,397.507,465.509,28.6471,6.9402,100,38.61,176.492,294.449,188,86.013,239.115,348.542,1992,1992,1.00196,0,0,0,0,0,0.903441,0,1,107.727,0,3.05068,3,0.176436,0,4874,1276,79.252,14096,6569,132.54
e4_ts_t1024_r03,e4_ts_t1024,34,1.25768,68000,34,7,78.804,344.483,344.483,18,107.866,399.145,399.145,1289,29.575,376.844,424.67,402,233.33,539.791,616.811,31.194,8.62761,91,38.886,150.078,171.153,197,93.457,190.422,251.385,2004,2004,1.00196,0,0,0,0,0,0.903441,0,1,107.727,0,6.4853,6,0,0,5444,1926,73.867,28048,6767,137.95
e4_ts_t1024_r03,e4_ts_t1024,35,1.30216,70000,35,6,391.481,521.53,521.53,36,255.947,538.944,557.092,1256,27.138,497.364,534.897,405,193.856,634.84,701.783,25.2568,10.9036,114,42.357,167.964,273.107,177,94.733,282.593,363.989,1994,1994,1.00196,0,0,0,0,0,0.903441,0,1,107.727,0,8.4386,7,0,0,6328,2461,71.9991,37886,6943,145.99
e4_ts_t1024_r03,e4_ts_t1024,36,1.36502,72000,36,5,29.783,615.838,615.838,22,293.15,622.741,659.416,1285,123.519,641.813,684.243,392,328.235,803.485,870.683,20.0842,18.7852,84,43.874,170.87,321.688,206,95.296,244.261,352.688,1994,1994,1.00196,0,0,0,0,0,0.903441,0,1,107.727,0,9.29927,9,0,0,6386,2643,70.7277,42242,7150,155.128
e4_ts_t1024_r03,e4_ts_t1024,37,1.39195,74000,37,7,34.077,647.782,647.782,25,32.956,186.085,695.378,1248,18.759,159.742,674.483,410,125.813,729.808,827.898,23.3902,7.19425,106,89.624,382.477,1390.44,209,142.315,439.108,586.916,2005,2005,1.00196,1,0,0,0,0,0,1,0,154.831,1,0.711801,1.10386,0,0,1635,1069,60.466,746,7358,155.17
e4_ts_t1024_r03,e4_ts_t1024,38,1.41888,76000,38,9,150.251,278.432,278.432,21,41.536,256.443,448.312,1276,36.405,231.193,261.795,388,154.163,373.453,473.84,21.0799,8.00043,107,47.81,176.231,245.542,203,101.175,287.422,431.259,2004,2004,1.00196,0,0,0,0,0,0,1,0,47.457,0,0,0,0.176955,0,917,1138,44.6229,0,7558,90.6516
e4_ts_t1024_r03,e4_ts_t1024,39,1.45859,78000,39,4,333.856,407.286,407.286,18,137.54,461.229,461.229,1221,92.301,376.939,415.419,424,197.34,494.128,567.768,19.309,11.9738,101,38.954,257.355,297.929,226,97.72,272.071,377.85,1994,1994,1.00196,0,0,0,0,0,0,0,0,47.457,0,0,0,0,0,1404,936,60,0,7788,47.6894
e4_ts_t1024_r03,e4_ts_t1024,40,1.5077,80000,40,6,177.175,456.468,456.468,33,149.361,518.142,528.953,1262,126.633,513.346,550.685,373,188.338,627.082,702.809,21.2279,12.6607,111,29.455,189.427,251.417,214,89.144,235.27,311.772,1999,1999,1.00196,0,0,0,0,0,0,0,0,47.457,0,0,0,0,0,1487,726,67.1939,0,8001,47.731
e4_ts_t1024_r03,e4_ts_t1024,41,1.56632,82000,41,7,47.269,679.098,679.098,17,37.166,622.12,622.12,1292,101.584,670.344,743.475,393,187.191,789.893,900.411,19.5471,15.5131,92,46.162,210.937,1176.58,199,92.079,249.162,1539.8,2000,2000,1.00196,1,0,0,0,0,0,1,0,47.457,1,0,0,0,0,1548,695,69.0147,0,8201,47.7669
e4_ts_t1024_r03,e4_ts_t1024,42,1.58346,84000,42,7,21.609,118.852,118.852,25,30.131,126.381,143.854,1292,12.754,114.378,139.358,405,104.735,242.364,319.008,21.2,5.46814,95,92.048,273.611,422.094,182,133.862,326.752,374.777,2006,2006,1.00196,1,0,0,0,0,0,1,0,47.457,0,0,0,0,0,1757,593,74.766,0,8381,47.9781
e4_ts_t1024_r03,e4_ts_t1024,43,1.60798,86000,43,6,158.284,191.388,191.388,27,26.295,235.881,280.489,1313,21.54,222.693,251.766,380,129.926,346.075,379.201,17.9658,8.89719,86,46.876,177.387,229.387,185,96.675,227.678,323.77,1997,1997,1.00196,0,0,0,0,0,0,0,0,47.6339,0,0,0,0.177111,0,2051,482,80.9712,0,8567,47.8262
e4_ts_t1024_r03,e4_ts_t1024,44,1.64267,88000,44,2,67.811,67.811,67.811,20,81.987,384.293,384.293,1284,43.378,355.381,382.717,385,171.472,469.31,610.121,17.4,11.8179,102,40.109,226.276,272.641,206,94.531,260.25,316.333,1999,1999,1.00196,0,0,0,0,0,0,0,0,47.6339,0,0,0,0,0,2190,406,84.3606,0,8771,47.8643
e4_ts_t1024_r03,e4_ts_t1024,45,1.69168,90000,45,8,146.141,523.57,523.57,23,181.181,515.394,524.112,1266,123.634,481.011,512.753,387,201.52,604.65,684.655,17.4289,15.7317,98,34.313,197.152,268.286,216,87.88,253.079,301.861,1998,1998,1.00196,0,0,0,0,0,0,0,0,47.6339,0,0,0,0,0,2250,345,86.7052,0,8987,47.9024
e4_ts_t1024_r03,e4_ts_t1024,46,1.75764,92000,46,9,49.909,591.064,591.064,31,245.52,695.866,727.956,1240,99.303,687.045,813.182,425,294.245,871.611,1176.64,17.6847,23.1072,93,43.781,197.662,467.496,211,100.55,275.686,347.449,2009,2009,1.00196,0,0,0,0,0,0,0,0,47.6339,0,0,0,0,0,2510,350,87.7622,0,9199,47.9386
e4_ts_t1024_r03,e4_ts_t1024,47,1.78266,94000,47,9,22.154,93.202,93.202,28,29.91,212.174,338.6,1261,14.26,157.294,683.013,400,146.713,364.088,796.242,14.2775,12.053,83,77.631,317.897,804.38,217,113.343,392.239,1265.97,1998,1998,1.00196,0,0,0,0,0,0.699966,0,1,47.8038,1,0.213188,0,0.17001,0,2589,352,88.0313,1201,9417,47.9633
e4_ts_t1024_r03,e4_ts_t1024,48,1.80591,96000,48,9,25.575,202.599,202.599,22,35.127,185.73,186.475,1292,15.001,230.223,255.513,383,125.127,324.405,428.485,14.9008,10.1705,104,40.268,152.002,203.436,185,94.708,260.127,321.274,1995,1995,1.00196,0,0,0,0,0,0.699966,0,1,47.8038,0,1.19774,1,0,0,3152,578,84.504,5530,9602,49.001
e4_ts_t1024_r03,e4_ts_t1024,49,1.83802,98000,49,5,31.852,97.627,97.627,18,37.338,272.593,272.593,1246,24.165,343.983,379.296,436,148.576,468.916,533.782,15.6583,12.5848,99,34.745,153.497,313.068,198,92.728,197.802,224.833,2002,2002,1.00196,0,0,0,0,0,0.699966,0,1,47.8038,0,1.94201,2,0,0,3892,691,84.9225,9938,9799,52.0378
e4_ts_t1024_r03,e4_ts_t1024,50,1.88002,100000,50,10,120.282,483.052,483.052,23,32.714,464.335,474.062,1251,42.769,471.87,506.291,415,198.492,580.547,674.922,14.9349,16.7261,100,32.238,153.191,259.785,204,86.812,187.429,248.123,2003,2003,1.00196,0,0,0,0,0,0.699966,0,1,47.8038,0,3.17471,4,0,0,4550,1046,81.3081,17700,10003,56.0757
e4_ts_t1024_r03,e4_ts_t1024,51,1.93067,102000,51,6,157.797,641.617,641.617,25,153.882,629.929,640.912,1298,23.379,606.022,647.086,391,178.824,741.127,817.665,13.4527,21.7929,78,40.41,183.984,251.47,200,93.564,228.149,301.15,1998,1998,1.00196,0,0,0,0,0,0.699966,0,1,47.8038,0,6.28348,7,0,0,5094,1591,76.2004,34614,10202,62.1072
e4_ts_t1024_r03,e4_ts_t1024,52,1.95601,104000,52,8,30.528,88.152,88.152,27,27.497,600.842,717.468,1275,14.661,567.826,688.366,421,109.476,698.15,840.037,12.6081,12.483,96,53.975,253.188,1157.64,192,105.06,296.162,1137.44,2019,2019,1.00196,1,0,0,0,0,0.699966,1,1,47.8038,1,2.59321,3,0,0,4292,770,84.7886,15839,10397,65.7411
e4_ts_t1024_r03,e4_ts_t1024,53,1.97786,106000,53,7,26.446,207.756,207.756,34,27.013,217.585,246.944,1279,17.315,200.554,226.8,370,123.199,327.138,404.032,12.6189,11.9629,96,43.588,177.171,268.028,188,93.532,263.469,368.398,1974,1974,1.00196,0,0,0,0,0,0.869414,0,1,47.9733,0,2.19007,3,0.169584,0,3961,703,84.9271,12339,10585,68.1692
e4_ts_t1024_r03,e4_ts_t1024,54,2.01142,108000,54,5,103.646,233.208,233.208,32,118.243,372.862,420.524,1267,20.741,318.504,361.81,423,153.122,432.126,559.703,12.6572,14.8707,91,33.715,180.878,323.723,183,87.048,245.332,295.75,2001,2001,1.00196,0,0,0,0,0,0,0,0,21.522,0,0.649174,1.35255,0,0,3134,290,91.5304,2467,10768,69.5583
e4_ts_t1024_r03,e4_ts_t1024,55,2.04844,110000,55,7,112.831,388.14,388.14,22,49.226,397.054,408.139,1355,17.167,418.659,459.638,363,161.504,509.715,601.05,11.5317,19.4126,97,39.459,175.395,244.568,166,88.449,207.667,229.498,2010,2010,1.00196,0,0,0,0,0,0,0,0,21.522,0,0,0,0,0,568,742,43.3588,0,10930,69.5933
e4_ts_t1024_r03,e4_ts_t1024,56,2.09489,112000,56,4,51.398,568.169,568.169,30,124.303,570.095,686.904,1246,36.344,544.721,588.258,424,177.759,644.194,755.555,12.2571,21.5107,88,35.579,153.941,270.833,197,90.667,222.981,282.662,1989,1989,1.00196,0,0,0,0,0,0,0,0,21.522,0,0,0,0,0,842,656,56.2083,0,11130,69.6275
e4_ts_t1024_r03,e4_ts_t1024,57,2.14197,114000,57,3,664.904,676.027,676.027,28,26.871,658.947,658.971,1281,12.436,651.847,687.829,400,103.802,727.965,820.581,11.1375,21.7385,83,71.802,351.915,737.443,212,109.448,315.039,636.369,2007,2007,1.00196,1,0,0,0,0,0,1,0,21.522,1,0,0,0,0,941,456,67.3586,0,11340,22.5568
e4_ts_t1024_r03,e4_ts_t1024,58,2.1647,116000,58,8,41.906,168.411,168.411,10,154.472,205.479,205.479,1306,19.39,172.682,198.539,376,94.412,264.52,376.857,9.60106,11.8807,92,71.967,231.56,320.484,212,99.249,254.639,311.359,2004,2004,1.00196,0,0,0,0,0,0,0,0,21.696,0,0,0,0.174178,0,1136,332,77.3842,0,11554,21.8855
e4_ts_t1024_r03,e4_ts_t1024,59,2.19729,118000,59,6,190.883,267.885,267.885,27,151.361,321.308,344.91,1273,46.254,295.666,328.729,379,184.615,369.953,431.989,10.6966,17.0962,106,42.833,218.414,332.036,205,96.661,293.176,464.124,1996,1996,1.00196,0,0,0,0,0,0,0,0,21.696,0,0,0,0,0,1425,297,82.7526,0,11758,21.9248
e4_ts_t1024_r03,e4_ts_t1024,60,2.2409,120000,60,6,355.09,378.109,378.109,30,42.756,455.337,460.409,1234,43.568,418.867,450.774,432,236.772,502.396,558.905,9.75694,24.8036,96,44.963,226.435,257.372,199,98.204,306.685,354.348,1997,1997,1.00196,0,0,0,0,0,0,0,0,21.696,0,0,0,0,0,1643,268,85.9759,0,11957,21.9612
e4_ts_t1024_r03,e4_ts_t1024,61,2.2964,122000,61,4,401,423.634,423.634,30,114.318,514.061,585.191,1286,121.594,546.079,569.536,381,218.041,633.127,697.658,10.1155,28.7697,105,44.98,244.674,318.75,195,106.767,311.401,439.077,2001,2001,1.00196,0,0,0,0,0,0,0,0,21.696,0,0,0,0,0,1558,175,89.9019,0,12153,21.9995
e4_ts_t1024_r03,e4_ts_t1024,62,2.35035,124000,62,6,60.804,707.199,707.199,23,98.746,661.306,707.858,1270,17.805,669.102,700.365,406,120.877,739.075,779.607,8.55665,33.1033,102,91.921,318.144,1179.32,202,134.241,399.396,1070.67,2009,2009,1.00196,1,0,0,0,0,0,1,0,21.696,1,0,0,0,0,1651,150,91.6713,0,12356,22.0373
e4_ts_t1024_r03,e4_ts_t1024,63,2.37514,126000,63,3,64.196,130.034,130.034,33,34.529,173.477,374.379,1256,66.356,169.804,190.616,402,136.994,253.843,302.725,7.72139,18.7036,100,68.162,262.758,395.777,203,122.788,276.646,395.909,1997,1997,2.00197,0,0,0,0,0,0,0,0,21.8671,0,0,0,0.171234,0,1796,166,91.5392,0,12558,22.0646
e4_ts_t1024_r03,e4_ts_t1024,64,2.4094,128000,64,9,210.778,292.365,292.365,27,198.557,320.512,336.091,1261,46.57,274.837,292.44,406,237.166,364.941,427.901,9.8202,21.2022,106,44.046,191.31,277.534,188,99.648,277.947,346.718,1997,1997,2.00197,0,0,0,0,0,0,0,0,21.8671,0,0,0,0,0,2157,128,94.3982,0,12744,22.1029
e4_ts_t1024_r03,e4_ts_t1024,65,2.45877,130000,65,7,329.964,404.526,404.526,24,159.161,424.053,450.27,1256,189.529,414.448,439.538,381,314.968,495.006,535.061,7.00262,39.8934,111,63.123,256.676,284.553,217,96.695,292.806,321.756,1996,1996,2.00197,0,0,0,0,0,0,0,0,21.8671,0,0,0,0,0,1955,88,95.6926,0,12962,22.144
e4_ts_t1024_r03,e4_ts_t1024,66,2.51837,132000,66,7,283.737,574.766,574.766,24,279.141,563.528,574.383,1272,172.028,550.907,588.007,397,248.547,632.041,729.615,7.31234,43.4047,94,51.909,242.682,295.89,203,100.748,263.287,393.041,1997,1997,2.00197,0,0,0,0,0,0,0,0,21.8671,0,0,0,0,0,2077,76,96.47,0,13165,22.1799
e4_ts_t1024_r03,e4_ts_t1024,67,2.57555,134000,67,4,42.594,64.738,64.738,23,50.157,677.351,692.059,1285,18.416,669.077,704.223,399,138.133,781.131,883.76,7.90476,39.1296,94,66.7,368.944,710.428,201,139.135,476.852,905.551,2006,2006,2.00197,1,0,0,0,0,0,1,0,21.8671,1,0,0,0,0,2111,58,97.326,0,13367,22.2155
e4_ts_t1024_r03,e4_ts_t1024,68,2.59837,136000,68,6,77.076,165.376,165.376,19,43.074,224.702,224.702,1252,28.156,151.313,175.003,417,137.605,252.943,320.256,7.2518,19.5755,105,74.217,254.087,273.891,195,112.405,302.523,326.887,1994,1994,2.00197,0,0,0,0,0,0.692974,0,1,22.0455,0,0.154823,0,0.178523,0,2439,143,94.4617,1030,13561,22.2446
e4_ts_t1024_r03,e4_ts_t1024,69,2.62383,138000,69,6,49.187,216.81,216.81,22,23.612,202.559,238.117,1302,13.501,255.689,286.63,401,118.939,339.995,398.82,6.18454,24.9373,85,37.01,177.333,306.35,186,101.029,261.805,344.759,2002,2002,2.00197,0,0,0,0,0,0.692974,0,1,22.0455,0,2.13969,3,0,0,4043,643,86.2783,15291,13749,26.2772
e4_ts_t1024_r03,e4_ts_t1024,70,2.66073,140000,70,11,26.486,323.814,323.814,25,105.643,403.368,427.711,1240,63.037,379.885,405.495,425,139.744,480.03,518.662,5.98118,34.9453,89,55.396,208.875,349.526,207,95.669,267.067,338.449,1997,1997,2.00197,0,0,0,0,0,0.692974,0,1,22.0455,0,3.86467,5,0,0,4988,1063,82.4327,27940,13956,31.3119
e4_ts_t1024_r03,e4_ts_t1024,71,2.70558,142000,71,10,372.716,552.828,552.828,20,233.533,584.076,584.076,1277,78.292,519.654,553.901,394,164.68,581.357,638.719,7.52538,32.1765,92,37.275,170.708,310.016,204,95.729,264.115,324.758,1997,1997,2.00197,0,0,0,0,0,0,0,0,9.63006,0,0.368731,1.63006,0,0,1064,381,73.6332,2053,14160,31.9798
e4_ts_t1024_r03,e4_ts_t1024,72,2.75754,144000,72,13,46.091,652.509,652.509,31,57.944,685.67,700.399,1271,11.334,651.408,685.663,417,152.772,707.043,786.087,6.67626,39.4062,85,40.669,261.587,1438.59,200,101.355,347.423,1503.1,2017,2017,2.00197,1,0,0,0,0,0,1,0,9.63006,1,0,0,0,0,321,417,43.4959,0,14355,32.0125
e4_ts_t1024_r03,e4_ts_t1024,73,2.7761,146000,73,4,64.477,92.907,92.907,30,42.925,141.348,149.805,1249,9.615,135.292,154.638,402,72.933,199.871,262.607,5.6393,15.4674,96,99.499,371.219,427.423,207,180.94,383.961,423.346,1988,1988,2.00197,0,0,0,0,0,0,1,0,9.79703,0,0,0,0.167099,0,529,285,64.9877,0,14566,10.8667
e4_ts_t1024_r03,e4_ts_t1024,74,2.80208,148000,74,8,12.251,206.145,206.145,23,57.739,225.483,250.391,1255,13.779,248.686,276.319,420,85.501,300.372,371.254,6.37619,20.8375,110,47.53,245.643,308.711,190,99.375,330.629,425.693,2006,2006,2.00197,0,0,0,0,0,0,0,0,9.79703,0,0,0,0,0,986,196,83.4179,0,14755,10.0362
e4_ts_t1024_r03,e4_ts_t1024,75,2.83636,150000,75,3,96.26,367.698,367.698,24,92.056,442.766,529.141,1251,20.315,370.073,404.383,418,116.868,421.539,509.674,4.91627,35.0341,77,49.619,342.316,373.761,217,132.132,330.976,397.334,1990,1990,2.00197,0,0,0,0,0,0,0,0,9.79703,0,0,0,0,0,1004,146,87.3043,0,14974,10.0675
e4_ts_t1024_r03,e4_ts_t1024,76,2.87948,152000,76,2,165.128,165.128,165.128,26,111.235,553.036,556.08,1297,15.409,498.167,541.035,418,126.498,554.569,643.286,4.73206,46.4418,91,37.962,152.949,284.258,174,87.765,289.628,342.395,2008,2008,2.00197,0,0,0,0,0,0,0,0,9.79703,0,0,0,0,0,1020,107,90.5058,0,15146,10.1014
e4_ts_t1024_r03,e4_ts_t1024,77,2.93206,154000,77,4,152.483,664.147,664.147,22,26.628,699.711,727.253,1276,116.791,644.301,681.473,379,132.088,680.937,764.042,6.31135,40.0507,91,63.489,260.258,328.349,228,88.214,297.511,383.249,2000,2000,1.00196,1,0,0,0,0,0,1,0,9.79703,1,0,0,0,0,978,103,90.4718,0,15373,10.1383
e4_ts_t1024_r03,e4_ts_t1024,78,2.94914,156000,78,7,32.711,151.906,151.906,32,45.673,146.238,150.543,1288,10.036,125.673,143.792,378,62.725,177.731,240.766,5.34392,14.9315,102,135.135,277.694,388.329,194,173.496,353.206,489.392,2001,2001,2.00197,0,0,0,0,0,0,1,0,9.96195,0,0,0,0.165056,0,981,86,91.94,0,15567,10.166
e4_ts_t1024_r03,e4_ts_t1024,79,2.97308,158000,79,4,38.341,121.225,121.225,35,43.889,255.16,284.118,1263,11.904,237.164,260.737,394,81.618,294.099,332.994,4.13198,30.0706,96,44.753,277.332,307.841,201,100.275,311.857,376.129,1993,1993,2.00197,0,0,0,0,0,0,0,0,9.96195,0,0,0,0,0,1411,86,94.2552,0,15769,10.202
e4_ts_t1024_r03,e4_ts_t1024,80,3.00977,160000,80,10,303.667,451.079,451.079,23,265.216,347.365,372.968,1238,84.152,372.75,400.507,392,144.062,434.309,523.918,4.54337,42.0865,107,42.152,236.876,387.562,227,87.666,314.086,389.637,1997,1997,2.00197,0,0,0,0,0,0,0,0,9.96195,0,0,0,0,0,1447,57,96.2101,0,15997,10.2429
e4_ts_t1024_r03,e4_ts_t1024,81,3.05868,162000,81,5,419.26,475.768,475.768,39,150.507,519.69,521.885,1286,65.752,508.061,531.59,391,125.256,555.079,629.616,5.00512,42.2804,86,34.007,221.819,295.046,203,92.833,254.166,283.33,2010,2010,2.00197,0,0,0,0,0,0,0,0,9.96195,0,0,0,0,0,1449,42,97.1831,0,16199,10.2761
e4_ts_t1024_r03,e4_ts_t1024,82,3.1114,164000,82,7,29.511,619.151,619.151,23,24.431,636.338,647.126,1252,16.426,645.399,681.145,413,165.002,700.565,741.565,3.57385,75.7621,97,37.678,281.766,1587.35,199,93.89,296.629,1532.2,1991,1991,1.00196,1,0,0,0,0,0,1,0,9.96195,1,0,0,0,0,1518,38,97.5578,0,16400,10.3129
e4_ts_t1024_r03,e4_ts_t1024,83,3.12954,166000,83,11,21.295,183.243,183.243,26,24.59,104.278,170.059,1269,12.559,131.016,155.745,403,78.424,187.472,242.968,4.35236,21.5532,113,89.639,317.82,354.189,189,156.756,366.242,455.656,2011,2011,2.00197,1,0,0,0,0,0,1,0,9.96195,0,0,0,0.168403,0,1496,42,97.2692,0,16588,10.5236
e4_ts_t1024_r03,e4_ts_t1024,84,3.15861,168000,84,4,183.373,220.842,220.842,26,49.225,264.12,265.537,1235,84.104,238.003,261.564,413,162.309,305.358,342.039,3.76513,44.065,107,37.893,198.618,249.79,207,97.943,228.44,268.461,1992,1992,2.00197,0,0,0,0,0,0,0,0,10.1304,0,0,0,0.000135422,0,1974,59,97.0979,0,16796,10.3833
e4_ts_t1024_r03,e4_ts_t1024,85,3.19713,170000,85,5,20.821,255.476,255.476,39,130.374,380.012,395.559,1254,23.713,367.096,393.093,406,186.876,431.393,463.008,3.64286,56.9419,104,40.471,158.624,228.418,193,99.39,301.92,380.112,2001,2001,2.00197,0,0,0,0,0,0,0,0,10.1304,0,0,0,0,0,1938,19,99.0291,0,16988,10.4215
e4_ts_t1024_r03,e4_ts_t1024,86,3.24691,172000,86,7,176.41,402.831,402.831,33,25.195,527.242,531.956,1229,22.563,496.024,520.138,428,158.997,562.846,641.574,4.57944,57.2781,95,38.894,215.142,274.833,203,100.273,366.884,468.584,1995,1995,2.00197,0,0,0,0,0,0,0,0,10.1304,0,0,0,0,0,2074,18,99.1396,0,17192,10.4576
e4_ts_t1024_r03,e4_ts_t1024,87,3.31132,174000,87,6,49.569,672.702,672.702,25,141.844,635.436,638.603,1267,159.592,642.361,669.462,397,262.38,721.24,760.193,3.76826,89.7372,106,57.413,238.065,296.629,203,100.197,276.015,326.526,2004,2004,2.00197,0,0,0,0,0,0,0,0,10.1304,0,0,0,0,0,1894,15,99.2142,0,17394,10.4968
e4_ts_t1024_r03,e4_ts_t1024,88,3.33826,176000,88,4,124.867,668.503,668.503,27,86.77,200.031,654.903,1279,14.432,179.238,675.636,389,111.79,279.516,759.302,3.19794,45.4797,100,141.581,440.133,1580.44,202,176.705,391.976,1463.06,2001,2001,2.00197,1,0,0,0,0,0,1,0,10.1304,1,0,0,0,0,1868,15,99.2034,0,17596,10.7219
e4_ts_t1024_r03,e4_ts_t1024,89,3.3702,178000,89,2,136.13,136.13,136.13,22,35.188,242.44,267.023,1254,120.256,236.622,257.331,412,198.347,320.924,358.731,3.95388,46.7549,111,81.452,244.016,326.012,203,109.55,249.97,315.513,2004,2004,2.00197,0,0,0,0,0,0.685856,0,1,10.3159,0,1.30197,3,0.185704,0,4056,404,90.9417,15989,17798,13.5642
e4_ts_t1024_r03,e4_ts_t1024,90,3.41286,180000,90,4,241.214,374.434,374.434,28,55.797,386.781,390.106,1290,150.002,361.28,378.321,356,275.726,417.227,447.584,2.91292,80.4433,110,52.065,251.8,371.522,205,97.913,364.481,445.253,1993,1993,2.00197,0,0,0,0,0,0,0,0,4.59074,0,0.475681,1.59074,0,0,1685,276,85.9255,4935,18005,4.88543
e4_ts_t1024_r03,e4_ts_t1024,91,3.45871,182000,91,2,42.774,42.774,42.774,26,110.373,522.683,544.505,1306,12.643,478.567,505.993,365,176.024,519.036,562.999,2.42192,92.9282,115,61.682,334.929,363.297,190,102.825,347.79,386.201,2004,2004,2.00197,0,0,0,0,0,0,0,0,4.59074,0,0,0,0,0,283,218,56.487,0,18194,4.92532
e4_ts_t1024_r03,e4_ts_t1024,92,3.51565,184000,92,8,539.97,648.626,648.626,30,283.218,670.261,717.045,1261,14.919,617.643,644.906,371,164.303,672.019,748.016,3.40701,84.5201,118,49.837,334.795,405.009,210,127.301,390.689,458.605,1998,1998,2.00197,0,0,0,0,0,0,0,0,4.59074,0,0,0,0,0,388,151,71.9852,0,18403,4.9677
e4_ts_t1024_r03,e4_ts_t1024,93,3.54464,186000,93,5,18.839,43.358,43.358,25,60.03,297.485,579.77,1228,11.177,303.55,677.115,420,73.356,254.773,720.98,3.00714,36.2703,98,154.437,495.179,1638.15,226,251.802,540.569,1645.33,2002,2002,2.00197,0,0,0,0,0,0,0,0,4.77827,1,0,0,0.187662,0,565,137,80.4843,0,18629,4.99454
e4_ts_t1024_r03,e4_ts_t1024,94,3.5724,188000,94,6,177.963,243.905,243.905,22,179.317,253.842,265.51,1310,95.653,229.519,251.379,374,134.925,276.232,320.517,3.58556,38.0723,107,63.815,253.371,295.198,184,114.475,306.289,385.116,2003,2003,2.00197,0,0,0,0,0,0,0,0,4.77827,0,0,0,0,0,863,93,90.272,0,18814,5.03325
e4_ts_t1024_r03,e4_ts_t1024,95,3.60585,190000,95,7,284.922,354.459,354.459,17,49.241,390.62,390.62,1258,54.641,349.019,372.988,403,115.558,385.717,412.156,2.54591,62.908,97,47.914,236.501,412.479,214,98.563,315.942,367.711,1996,1996,2.00197,0,0,0,0,0,0,0,0,4.77827,0,0,0,0,0,922,61,93.7945,0,19029,5.07031
e4_ts_t1024_r03,e4_ts_t1024,96,3.64117,192000,96,10,140.507,468.701,468.701,35,59.06,477.548,488.578,1287,9.891,466.1,502.445,373,62.281,492.261,543.188,2.8445,52.5962,115,33.552,255.625,361.054,178,92.492,336.992,382.241,1998,1998,2.00197,0,0,0,0,0,0,0,0,4.77827,0,0,0,0,0,908,37,96.0847,0,19206,5.11051
e4_ts_t1024_r03,e4_ts_t1024,97,3.69374,194000,97,6,517.222,610.982,610.982,24,145.622,608.51,829.722,1276,11.873,644.964,956.608,416,104.383,725.812,1179.55,3.33894,75.2926,94,60.373,687.712,2505.14,188,102.707,355.679,2001.79,2004,2004,2.00197,0,0,0,0,0,0,0,0,4.77827,0,0,0,0,0,1009,40,96.1868,0,19393,5.14499
e4_ts_t1024_r03,e4_ts_t1024,98,3.73856,196000,98,2,74.429,74.429,74.429,34,48.197,751.023,866.027,1186,18.824,728.363,1183.75,440,106.22,809.715,1133.81,3.52273,59.9394,122,151.253,523.583,1557.44,218,204.559,556.652,1562.38,2002,2002,2.00197,1,0,0,0,0,0,1,0,4.77827,1,0,0,0,0,1053,42,96.1644,0,19611,5.18836
e4_ts_t1024_r03,e4_ts_t1024,99,3.76936,198000,99,6,224.389,276.368,276.368,31,40.105,300.321,305.337,1276,21.352,246.596,311.735,387,128.009,337.943,413.638,3.12403,53.0651,110,80.516,301.788,358.849,187,135.549,359.93,425.031,1997,1997,2.00197,0,0,0,0,0,0,0,0,4.96161,0,0,0,0.183479,0,1260,58,95.5994,0,19798,5.21913
e4_ts_t1024_r03,e4_ts_t1024,100,3.81374,200000,100,11,264.4,450.791,450.791,26,39.946,387.149,419.755,1257,24.907,392.201,485.934,390,239.196,482.087,618.541,2.47436,93.9999,109,70.141,333.799,408.713,200,150.832,400.686,546.324,1993,1993,2.00197,0,0,0,0,0,0,0,0,4.96161,0,0,0,0,0,1360,23,98.3369,0,20000,5.2586
