monotonic_timestamp_us,phase,foreground_ops_completed,delete_ranges_issued,event_type,open_delta_size,sealed_run_count,hard_run_limit,input_run_ids,output_run_id,input_levels,output_level,input_chunks,output_chunk_count,input_tombstones,output_tombstone_count,merge_queue_wait_us,merge_wall_time_us,merge_cpu_time_us,pre_publish_hist,post_publish_hist,fallback_details
2973413083829,PHASE_B,100317,62,SEAL,0,1,32,"","1","","0","","1","","64",0,0,0,"{}","{L0:1}",""
2973413086302,PHASE_B,100636,127,SEAL,0,2,32,"","2","","0","","1","","64",0,0,0,"{L0:1}","{L0:2}",""
2973413086318,PHASE_B,100636,127,MERGE_SUBMIT,0,2,32,"","","","","","","","",0,0,0,"{L0:2}","{L0:2}",""
2973413086394,PHASE_B,100657,129,MERGE_START,0,2,32,"[1,2]","","[0,0]","","[1,1]","","[64,64]","",73,0,0,"{L0:2}","{L0:2}",""
2973413086500,PHASE_B,100660,130,MERGE_DONE,0,0,0,"","3","","1","","2","","128",73,111,110,"","",""
2973413086507,PHASE_B,100660,130,MERGE_PUBLISH,0,1,32,"","3","","1","","2","","128",73,118,117,"{L0:2}","{L1:1}",""
2973413088810,PHASE_B,100959,191,SEAL,0,2,32,"","4","","0","","1","","64",0,0,0,"{L1:1}","{L0:1, L1:1}",""
2973413091290,PHASE_B,101278,255,SEAL,0,3,32,"","5","","0","","1","","64",0,0,0,"{L0:1, L1:1}","{L0:2, L1:1}",""
2973413091303,PHASE_B,101278,255,MERGE_SUBMIT,0,3,32,"","","","","","","","",0,0,0,"{L0:2, L1:1}","{L0:2, L1:1}",""
2973413091359,PHASE_B,101285,256,MERGE_START,0,3,32,"[4,5]","","[0,0]","","[1,1]","","[64,64]","",36,0,0,"{L0:2, L1:1}","{L0:2, L1:1}",""
2973413091698,PHASE_B,101335,266,MERGE_DONE,0,0,0,"","6","","1","","2","","128",36,358,357,"","",""
2973413091703,PHASE_B,101335,266,MERGE_PUBLISH,0,2,32,"","6","","1","","2","","128",36,363,361,"{L0:2, L1:1}","{L1:2}",""
2973413091710,PHASE_B,101335,266,MERGE_SUBMIT,10,2,32,"","","","","","","","",0,0,0,"{L1:2}","{L1:2}",""
2973413091755,PHASE_B,101339,267,MERGE_START,0,2,32,"[3,6]","","[1,1]","","[2,2]","","[128,128]","",46,0,0,"{L1:2}","{L1:2}",""
2973413092020,PHASE_B,101379,274,MERGE_DONE,0,0,0,"","7","","2","","4","","256",46,266,266,"","",""
2973413092034,PHASE_B,101379,274,MERGE_PUBLISH,0,1,32,"","7","","2","","4","","256",46,280,273,"{L1:2}","{L2:1}",""
2973413093840,PHASE_B,101598,319,SEAL,0,2,32,"","8","","0","","1","","64",0,0,0,"{L2:1}","{L0:1, L2:1}",""
2973413096320,PHASE_B,101908,381,SEAL,0,3,32,"","9","","0","","1","","64",0,0,0,"{L0:1, L2:1}","{L0:2, L2:1}",""
2973413096333,PHASE_B,101908,381,MERGE_SUBMIT,0,3,32,"","","","","","","","",0,0,0,"{L0:2, L2:1}","{L0:2, L2:1}",""
2973413096348,PHASE_B,101914,384,MERGE_START,0,3,32,"[8,9]","","[0,0]","","[1,1]","","[64,64]","",11,0,0,"{L0:2, L2:1}","{L0:2, L2:1}",""
2973413096467,PHASE_B,101929,384,MERGE_DONE,0,0,0,"","10","","1","","2","","128",11,124,123,"","",""
2973413096472,PHASE_B,101929,384,MERGE_PUBLISH,0,2,32,"","10","","1","","2","","128",11,128,127,"{L0:2, L2:1}","{L1:1, L2:1}",""
2973413098976,PHASE_B,102237,447,SEAL,0,3,32,"","11","","0","","1","","64",0,0,0,"{L1:1, L2:1}","{L0:1, L1:1, L2:1}",""
2973413101372,PHASE_B,102548,507,SEAL,0,4,32,"","12","","0","","1","","64",0,0,0,"{L0:1, L1:1, L2:1}","{L0:2, L1:1, L2:1}",""
2973413101383,PHASE_B,102548,507,MERGE_SUBMIT,0,4,32,"","","","","","","","",0,0,0,"{L0:2, L1:1, L2:1}","{L0:2, L1:1, L2:1}",""
2973413101392,PHASE_B,102548,507,MERGE_START,0,4,32,"[11,12]","","[0,0]","","[1,1]","","[64,64]","",5,0,0,"{L0:2, L1:1, L2:1}","{L0:2, L1:1, L2:1}",""
2973413101491,PHASE_B,102560,512,MERGE_DONE,0,0,0,"","13","","1","","2","","128",5,103,102,"","",""
2973413101495,PHASE_B,102560,512,MERGE_PUBLISH,0,3,32,"","13","","1","","2","","128",5,106,106,"{L0:2, L1:1, L2:1}","{L1:2, L2:1}",""
2973413101501,PHASE_B,102560,512,MERGE_SUBMIT,1,3,32,"","","","","","","","",0,0,0,"{L1:2, L2:1}","{L1:2, L2:1}",""
2973413101519,PHASE_B,102561,513,MERGE_START,0,3,32,"[10,13]","","[1,1]","","[2,2]","","[128,128]","",20,0,0,"{L1:2, L2:1}","{L1:2, L2:1}",""
2973413101709,PHASE_B,102564,513,MERGE_DONE,0,0,0,"","14","","2","","4","","256",20,191,191,"","",""
2973413101711,PHASE_B,102564,513,MERGE_DISCARD,0,3,32,"","","","","","","","",20,192,0,"{L1:2, L2:1}","{L1:2, L2:1}",""
2973413104385,PHASE_B,102892,576,SEAL,0,1,32,"","1","","0","","1","","64",0,0,0,"{}","{L0:1}",""
2973413106833,PHASE_B,103205,640,SEAL,0,2,32,"","2","","0","","1","","64",0,0,0,"{L0:1}","{L0:2}",""
2973413106845,PHASE_B,103205,640,MERGE_SUBMIT,0,2,32,"","","","","","","","",0,0,0,"{L0:2}","{L0:2}",""
2973413106869,PHASE_B,103205,640,MERGE_START,0,2,32,"[1,2]","","[0,0]","","[1,1]","","[64,64]","",15,0,0,"{L0:2}","{L0:2}",""
2973413107141,PHASE_B,103257,649,MERGE_DONE,0,0,0,"","3","","1","","2","","128",15,280,280,"","",""
2973413107151,PHASE_B,103257,649,MERGE_PUBLISH,0,1,32,"","3","","1","","2","","128",15,288,288,"{L0:2}","{L1:1}",""
2973413109390,PHASE_B,103524,703,SEAL,0,2,32,"","4","","0","","1","","64",0,0,0,"{L1:1}","{L0:1, L1:1}",""
2973413111897,PHASE_B,103843,768,SEAL,0,3,32,"","5","","0","","1","","64",0,0,0,"{L0:1, L1:1}","{L0:2, L1:1}",""
2973413111915,PHASE_B,103843,768,MERGE_SUBMIT,0,3,32,"","","","","","","","",0,0,0,"{L0:2, L1:1}","{L0:2, L1:1}",""
2973413111924,PHASE_B,103845,769,MERGE_START,0,3,32,"[4,5]","","[0,0]","","[1,1]","","[64,64]","",7,0,0,"{L0:2, L1:1}","{L0:2, L1:1}",""
2973413112026,PHASE_B,103853,769,MERGE_DONE,0,0,0,"","6","","1","","2","","128",7,105,105,"","",""
2973413112030,PHASE_B,103853,769,MERGE_PUBLISH,0,2,32,"","6","","1","","2","","128",7,108,108,"{L0:2, L1:1}","{L1:2}",""
2973413112036,PHASE_B,103853,769,MERGE_SUBMIT,2,2,32,"","","","","","","","",0,0,0,"{L1:2}","{L1:2}",""
2973413112056,PHASE_B,103853,769,MERGE_START,0,2,32,"[3,6]","","[1,1]","","[2,2]","","[128,128]","",18,0,0,"{L1:2}","{L1:2}",""
2973413112245,PHASE_B,103884,775,MERGE_DONE,0,0,0,"","7","","2","","4","","256",18,193,192,"","",""
2973413112249,PHASE_B,103884,775,MERGE_PUBLISH,0,1,32,"","7","","2","","4","","256",18,196,196,"{L1:2}","{L2:1}",""
2973413114604,PHASE_B,104164,831,SEAL,0,2,32,"","8","","0","","1","","64",0,0,0,"{L2:1}","{L0:1, L2:1}",""
2973413117201,PHASE_B,104477,894,SEAL,0,3,32,"","9","","0","","1","","64",0,0,0,"{L0:1, L2:1}","{L0:2, L2:1}",""
2973413117218,PHASE_B,104477,894,MERGE_SUBMIT,0,3,32,"","","","","","","","",0,0,0,"{L0:2, L2:1}","{L0:2, L2:1}",""
2973413117290,PHASE_B,104496,898,MERGE_START,0,3,32,"[8,9]","","[0,0]","","[1,1]","","[64,64]","",69,0,0,"{L0:2, L2:1}","{L0:2, L2:1}",""
2973413117374,PHASE_B,104502,899,MERGE_DONE,0,0,0,"","10","","1","","2","","128",69,88,88,"","",""
2973413117378,PHASE_B,104502,899,MERGE_PUBLISH,0,2,32,"","10","","1","","2","","128",69,92,92,"{L0:2, L2:1}","{L1:1, L2:1}",""
2973413119779,PHASE_B,104806,960,SEAL,0,3,32,"","11","","0","","1","","64",0,0,0,"{L1:1, L2:1}","{L0:1, L1:1, L2:1}",""
2973413122316,PHASE_B,105122,1024,SEAL,0,4,32,"","12","","0","","1","","64",0,0,0,"{L0:1, L1:1, L2:1}","{L0:2, L1:1, L2:1}",""
2973413122329,PHASE_B,105122,1024,MERGE_SUBMIT,0,4,32,"","","","","","","","",0,0,0,"{L0:2, L1:1, L2:1}","{L0:2, L1:1, L2:1}",""
2973413122358,PHASE_B,105137,1025,MERGE_START,0,4,32,"[11,12]","","[0,0]","","[1,1]","","[64,64]","",15,0,0,"{L0:2, L1:1, L2:1}","{L0:2, L1:1, L2:1}",""
2973413122633,PHASE_B,105140,1025,MERGE_DONE,0,0,0,"","13","","1","","2","","128",15,288,288,"","",""
2973413122638,PHASE_B,105140,1025,MERGE_DISCARD,0,4,32,"","","","","","","","",15,293,0,"{L0:2, L1:1, L2:1}","{L0:2, L1:1, L2:1}",""
2973413125043,PHASE_B,105447,1087,SEAL,0,1,32,"","1","","0","","1","","64",0,0,0,"{}","{L0:1}",""
2973413127510,PHASE_B,105760,1151,SEAL,0,2,32,"","2","","0","","1","","64",0,0,0,"{L0:1}","{L0:2}",""
2973413127522,PHASE_B,105760,1151,MERGE_SUBMIT,0,2,32,"","","","","","","","",0,0,0,"{L0:2}","{L0:2}",""
2973413127533,PHASE_B,105764,1153,MERGE_START,0,2,32,"[1,2]","","[0,0]","","[1,1]","","[64,64]","",8,0,0,"{L0:2}","{L0:2}",""
2973413127621,PHASE_B,105780,1154,MERGE_DONE,0,0,0,"","3","","1","","2","","128",8,91,91,"","",""
2973413127651,PHASE_B,105780,1154,MERGE_PUBLISH,0,1,32,"","3","","1","","2","","128",8,121,121,"{L0:2}","{L1:1}",""
2973413130145,PHASE_B,106086,1216,SEAL,0,2,32,"","4","","0","","1","","64",0,0,0,"{L1:1}","{L0:1, L1:1}",""
2973413132755,PHASE_B,106405,1279,SEAL,0,3,32,"","5","","0","","1","","64",0,0,0,"{L0:1, L1:1}","{L0:2, L1:1}",""
2973413132774,PHASE_B,106405,1279,MERGE_SUBMIT,0,3,32,"","","","","","","","",0,0,0,"{L0:2, L1:1}","{L0:2, L1:1}",""
2973413132847,PHASE_B,106416,1282,MERGE_START,0,3,32,"[4,5]","","[0,0]","","[1,1]","","[64,64]","",57,0,0,"{L0:2, L1:1}","{L0:2, L1:1}",""
2973413132923,PHASE_B,106427,1286,MERGE_DONE,0,0,0,"","6","","1","","2","","128",57,92,81,"","",""
2973413132928,PHASE_B,106432,1286,MERGE_PUBLISH,0,2,32,"","6","","1","","2","","128",57,96,84,"{L0:2, L1:1}","{L1:2}",""
2973413132933,PHASE_B,106433,1286,MERGE_SUBMIT,5,2,32,"","","","","","","","",0,0,0,"{L1:2}","{L1:2}",""
2973413132963,PHASE_B,106439,1287,MERGE_START,0,2,32,"[3,6]","","[1,1]","","[2,2]","","[128,128]","",20,0,0,"{L1:2}","{L1:2}",""
2973413133683,PHASE_B,106528,1304,MERGE_DONE,0,0,0,"","7","","2","","4","","256",20,729,700,"","",""
2973413133692,PHASE_B,106528,1304,MERGE_PUBLISH,0,1,32,"","7","","2","","4","","256",20,737,708,"{L1:2}","{L2:1}",""
2973413135495,PHASE_B,106723,1344,SEAL,0,2,32,"","8","","0","","1","","64",0,0,0,"{L2:1}","{L0:1, L2:1}",""
2973413138260,PHASE_B,107050,1408,SEAL,0,3,32,"","9","","0","","1","","64",0,0,0,"{L0:1, L2:1}","{L0:2, L2:1}",""
2973413138271,PHASE_B,107050,1408,MERGE_SUBMIT,0,3,32,"","","","","","","","",0,0,0,"{L0:2, L2:1}","{L0:2, L2:1}",""
2973413138344,PHASE_B,107054,1409,MERGE_START,0,3,32,"[8,9]","","[0,0]","","[1,1]","","[64,64]","",62,0,0,"{L0:2, L2:1}","{L0:2, L2:1}",""
2973413138514,PHASE_B,107088,1417,MERGE_DONE,0,0,0,"","10","","1","","2","","128",62,179,178,"","",""
2973413138531,PHASE_B,107095,1417,MERGE_PUBLISH,0,2,32,"","10","","1","","2","","128",62,195,194,"{L0:2, L2:1}","{L1:1, L2:1}",""
2973413140958,PHASE_B,107366,1471,SEAL,0,3,32,"","11","","0","","1","","64",0,0,0,"{L1:1, L2:1}","{L0:1, L1:1, L2:1}",""
2973413143594,PHASE_B,107685,1536,SEAL,0,4,32,"","12","","0","","1","","64",0,0,0,"{L0:1, L1:1, L2:1}","{L0:2, L1:1, L2:1}",""
2973413143607,PHASE_B,107685,1536,MERGE_SUBMIT,0,4,32,"","","","","","","","",0,0,0,"{L0:2, L1:1, L2:1}","{L0:2, L1:1, L2:1}",""
2973413143684,PHASE_B,107701,1538,MERGE_START,0,4,32,"[11,12]","","[0,0]","","[1,1]","","[64,64]","",65,0,0,"{L0:2, L1:1, L2:1}","{L0:2, L1:1, L2:1}",""
2973413143867,PHASE_B,107701,1538,MERGE_DONE,0,0,0,"","13","","1","","2","","128",65,194,193,"","",""
2973413143871,PHASE_B,107701,1538,MERGE_DISCARD,0,4,32,"","","","","","","","",65,198,0,"{L0:2, L1:1, L2:1}","{L0:2, L1:1, L2:1}",""
2973413146534,PHASE_B,108003,1599,SEAL,0,1,32,"","1","","0","","1","","64",0,0,0,"{}","{L0:1}",""
2973413149459,PHASE_B,108330,1665,SEAL,0,2,32,"","2","","0","","1","","64",0,0,0,"{L0:1}","{L0:2}",""
2973413149474,PHASE_B,108330,1665,MERGE_SUBMIT,0,2,32,"","","","","","","","",0,0,0,"{L0:2}","{L0:2}",""
2973413149505,PHASE_B,108330,1665,MERGE_START,0,2,32,"[1,2]","","[0,0]","","[1,1]","","[64,64]","",21,0,0,"{L0:2}","{L0:2}",""
2973413149793,PHASE_B,108381,1674,MERGE_DONE,0,0,0,"","3","","1","","2","","128",21,296,296,"","",""
2973413149804,PHASE_B,108381,1674,MERGE_PUBLISH,0,1,32,"","3","","1","","2","","128",21,305,305,"{L0:2}","{L1:1}",""
2973413152463,PHASE_B,108647,1728,SEAL,0,2,32,"","4","","0","","1","","64",0,0,0,"{L1:1}","{L0:1, L1:1}",""
2973413155195,PHASE_B,108968,1792,SEAL,0,3,32,"","5","","0","","1","","64",0,0,0,"{L0:1, L1:1}","{L0:2, L1:1}",""
2973413155208,PHASE_B,108968,1792,MERGE_SUBMIT,0,3,32,"","","","","","","","",0,0,0,"{L0:2, L1:1}","{L0:2, L1:1}",""
2973413155219,PHASE_B,108971,1793,MERGE_START,0,3,32,"[4,5]","","[0,0]","","[1,1]","","[64,64]","",7,0,0,"{L0:2, L1:1}","{L0:2, L1:1}",""
2973413155316,PHASE_B,108981,1796,MERGE_DONE,0,0,0,"","6","","1","","2","","128",7,100,100,"","",""
2973413155320,PHASE_B,108982,1796,MERGE_PUBLISH,0,2,32,"","6","","1","","2","","128",7,104,104,"{L0:2, L1:1}","{L1:2}",""
2973413155324,PHASE_B,108982,1796,MERGE_SUBMIT,2,2,32,"","","","","","","","",0,0,0,"{L1:2}","{L1:2}",""
2973413155346,PHASE_B,108986,1797,MERGE_START,0,2,32,"[3,6]","","[1,1]","","[2,2]","","[128,128]","",15,0,0,"{L1:2}","{L1:2}",""
2973413155581,PHASE_B,109019,1803,MERGE_DONE,0,0,0,"","7","","2","","4","","256",15,242,242,"","",""
2973413155587,PHASE_B,109019,1803,MERGE_PUBLISH,0,1,32,"","7","","2","","4","","256",15,247,247,"{L1:2}","{L2:1}",""
2973413158116,PHASE_B,109299,1857,SEAL,0,2,32,"","8","","0","","1","","64",0,0,0,"{L2:1}","{L0:1, L2:1}",""
2973413160860,PHASE_B,109617,1921,SEAL,0,3,32,"","9","","0","","1","","64",0,0,0,"{L0:1, L2:1}","{L0:2, L2:1}",""
2973413160874,PHASE_B,109617,1921,MERGE_SUBMIT,0,3,32,"","","","","","","","",0,0,0,"{L0:2, L2:1}","{L0:2, L2:1}",""
2973413160900,PHASE_B,109617,1921,MERGE_START,0,3,32,"[8,9]","","[0,0]","","[1,1]","","[64,64]","",17,0,0,"{L0:2, L2:1}","{L0:2, L2:1}",""
2973413161244,PHASE_B,109668,1932,MERGE_DONE,0,0,0,"","10","","1","","2","","128",17,352,352,"","",""
2973413161256,PHASE_B,109669,1932,MERGE_PUBLISH,0,2,32,"","10","","1","","2","","128",17,361,361,"{L0:2, L2:1}","{L1:1, L2:1}",""
2973413163665,PHASE_B,109926,1985,SEAL,0,3,32,"","11","","0","","1","","64",0,0,0,"{L1:1, L2:1}","{L0:1, L1:1, L2:1}",""
2973413166423,PHASE_B,110257,2049,SEAL,0,4,32,"","12","","0","","1","","64",0,0,0,"{L0:1, L1:1, L2:1}","{L0:2, L1:1, L2:1}",""
2973413166436,PHASE_B,110257,2049,MERGE_SUBMIT,0,4,32,"","","","","","","","",0,0,0,"{L0:2, L1:1, L2:1}","{L0:2, L1:1, L2:1}",""
2973413166512,PHASE_B,110267,2051,MERGE_START,0,4,32,"[11,12]","","[0,0]","","[1,1]","","[64,64]","",59,0,0,"{L0:2, L1:1, L2:1}","{L0:2, L1:1, L2:1}",""
2973413166722,PHASE_B,110269,2051,MERGE_DONE,0,0,0,"","13","","1","","2","","128",59,224,212,"","",""
2973413166735,PHASE_B,110269,2051,MERGE_DISCARD,0,4,32,"","","","","","","","",59,237,0,"{L0:2, L1:1, L2:1}","{L0:2, L1:1, L2:1}",""
2973413169325,PHASE_B,110577,2114,SEAL,0,1,32,"","1","","0","","1","","64",0,0,0,"{}","{L0:1}",""
2973413172018,PHASE_B,110891,2177,SEAL,0,2,32,"","2","","0","","1","","64",0,0,0,"{L0:1}","{L0:2}",""
2973413172030,PHASE_B,110891,2177,MERGE_SUBMIT,0,2,32,"","","","","","","","",0,0,0,"{L0:2}","{L0:2}",""
2973413172115,PHASE_B,110912,2180,MERGE_START,0,2,32,"[1,2]","","[0,0]","","[1,1]","","[64,64]","",62,0,0,"{L0:2}","{L0:2}",""
2973413172396,PHASE_B,110956,2189,MERGE_DONE,0,0,0,"","3","","1","","2","","128",62,299,298,"","",""
2973413172408,PHASE_B,110956,2189,MERGE_PUBLISH,0,1,32,"","3","","1","","2","","128",62,311,310,"{L0:2}","{L1:1}",""
2973413174653,PHASE_B,111206,2239,SEAL,0,2,32,"","4","","0","","1","","64",0,0,0,"{L1:1}","{L0:1, L1:1}",""
2973413177234,PHASE_B,111532,2305,SEAL,0,3,32,"","5","","0","","1","","64",0,0,0,"{L0:1, L1:1}","{L0:2, L1:1}",""
2973413177247,PHASE_B,111532,2305,MERGE_SUBMIT,0,3,32,"","","","","","","","",0,0,0,"{L0:2, L1:1}","{L0:2, L1:1}",""
2973413177272,PHASE_B,111532,2305,MERGE_START,0,3,32,"[4,5]","","[0,0]","","[1,1]","","[64,64]","",17,0,0,"{L0:2, L1:1}","{L0:2, L1:1}",""
2973413177538,PHASE_B,111572,2312,MERGE_DONE,0,0,0,"","6","","1","","2","","128",17,274,274,"","",""
2973413177569,PHASE_B,111578,2316,MERGE_PUBLISH,0,2,32,"","6","","1","","2","","128",17,302,290,"{L0:2, L1:1}","{L1:2}",""
2973413177580,PHASE_B,111579,2316,MERGE_SUBMIT,9,2,32,"","","","","","","","",0,0,0,"{L1:2}","{L1:2}",""
2973413177703,PHASE_B,111604,2319,MERGE_START,0,2,32,"[3,6]","","[1,1]","","[2,2]","","[128,128]","",106,0,0,"{L1:2}","{L1:2}",""
2973413178203,PHASE_B,111663,2331,MERGE_DONE,0,0,0,"","7","","2","","4","","256",106,518,517,"","",""
2973413178237,PHASE_B,111669,2333,MERGE_PUBLISH,0,1,32,"","7","","2","","4","","256",106,550,537,"{L1:2}","{L2:1}",""
2973413179895,PHASE_B,111839,2367,SEAL,0,2,32,"","8","","0","","1","","64",0,0,0,"{L2:1}","{L0:1, L2:1}",""
2973413182447,PHASE_B,112166,2432,SEAL,0,3,32,"","9","","0","","1","","64",0,0,0,"{L0:1, L2:1}","{L0:2, L2:1}",""
2973413182459,PHASE_B,112166,2432,MERGE_SUBMIT,0,3,32,"","","","","","","","",0,0,0,"{L0:2, L2:1}","{L0:2, L2:1}",""
2973413182565,PHASE_B,112201,2438,MERGE_START,0,3,32,"[8,9]","","[0,0]","","[1,1]","","[64,64]","",86,0,0,"{L0:2, L2:1}","{L0:2, L2:1}",""
2973413182897,PHASE_B,112247,2448,MERGE_DONE,0,0,0,"","10","","1","","2","","128",86,348,348,"","",""
2973413182934,PHASE_B,112247,2448,MERGE_PUBLISH,0,2,32,"","10","","1","","2","","128",86,383,371,"{L0:2, L2:1}","{L1:1, L2:1}",""
2973413184991,PHASE_B,112487,2497,SEAL,0,3,32,"","11","","0","","1","","64",0,0,0,"{L1:1, L2:1}","{L0:1, L1:1, L2:1}",""
2973413187592,PHASE_B,112820,2561,SEAL,0,4,32,"","12","","0","","1","","64",0,0,0,"{L0:1, L1:1, L2:1}","{L0:2, L1:1, L2:1}",""
2973413187605,PHASE_B,112820,2561,MERGE_SUBMIT,0,4,32,"","","","","","","","",0,0,0,"{L0:2, L1:1, L2:1}","{L0:2, L1:1, L2:1}",""
2973413187633,PHASE_B,112820,2561,MERGE_START,0,4,32,"[11,12]","","[0,0]","","[1,1]","","[64,64]","",15,0,0,"{L0:2, L1:1, L2:1}","{L0:2, L1:1, L2:1}",""
2973413187904,PHASE_B,112826,2565,MERGE_DONE,0,0,0,"","13","","1","","2","","128",15,282,281,"","",""
2973413187909,PHASE_B,112826,2565,MERGE_DISCARD,0,4,32,"","","","","","","","",15,287,0,"{L0:2, L1:1, L2:1}","{L0:2, L1:1, L2:1}",""
2973413190867,PHASE_B,113148,2628,SEAL,0,1,32,"","1","","0","","1","","64",0,0,0,"{}","{L0:1}",""
2973413193510,PHASE_B,113460,2690,SEAL,0,2,32,"","2","","0","","1","","64",0,0,0,"{L0:1}","{L0:2}",""
2973413193522,PHASE_B,113460,2690,MERGE_SUBMIT,0,2,32,"","","","","","","","",0,0,0,"{L0:2}","{L0:2}",""
2973413193531,PHASE_B,113460,2690,MERGE_START,0,2,32,"[1,2]","","[0,0]","","[1,1]","","[64,64]","",6,0,0,"{L0:2}","{L0:2}",""
2973413193608,PHASE_B,113469,2694,MERGE_DONE,0,0,0,"","3","","1","","2","","128",6,74,74,"","",""
2973413193612,PHASE_B,113469,2694,MERGE_PUBLISH,0,1,32,"","3","","1","","2","","128",6,84,83,"{L0:2}","{L1:1}",""
2973413196466,PHASE_B,113781,2756,SEAL,0,2,32,"","4","","0","","1","","64",0,0,0,"{L1:1}","{L0:1, L1:1}",""
2973413199232,PHASE_B,114105,2820,SEAL,0,3,32,"","5","","0","","1","","64",0,0,0,"{L0:1, L1:1}","{L0:2, L1:1}",""
2973413199247,PHASE_B,114105,2820,MERGE_SUBMIT,0,3,32,"","","","","","","","",0,0,0,"{L0:2, L1:1}","{L0:2, L1:1}",""
2973413199302,PHASE_B,114112,2822,MERGE_START,0,3,32,"[4,5]","","[0,0]","","[1,1]","","[64,64]","",35,0,0,"{L0:2, L1:1}","{L0:2, L1:1}",""
2973413199596,PHASE_B,114156,2831,MERGE_DONE,0,0,0,"","6","","1","","2","","128",35,311,310,"","",""
2973413199609,PHASE_B,114156,2831,MERGE_PUBLISH,0,2,32,"","6","","1","","2","","128",35,321,320,"{L0:2, L1:1}","{L1:2}",""
2973413199623,PHASE_B,114160,2833,MERGE_SUBMIT,11,2,32,"","","","","","","","",0,0,0,"{L1:2}","{L1:2}",""
2973413199671,PHASE_B,114170,2834,MERGE_START,0,2,32,"[3,6]","","[1,1]","","[2,2]","","[128,128]","",35,0,0,"{L1:2}","{L1:2}",""
2973413200225,PHASE_B,114224,2843,MERGE_DONE,0,0,0,"","7","","2","","4","","256",35,570,570,"","",""
2973413200254,PHASE_B,114243,2848,MERGE_PUBLISH,0,1,32,"","7","","2","","4","","256",35,599,597,"{L1:2}","{L2:1}",""
2973413202032,PHASE_B,114414,2882,SEAL,0,2,32,"","8","","0","","1","","64",0,0,0,"{L2:1}","{L0:1, L2:1}",""
2973413204749,PHASE_B,114739,2946,SEAL,0,3,32,"","9","","0","","1","","64",0,0,0,"{L0:1, L2:1}","{L0:2, L2:1}",""
2973413204771,PHASE_B,114739,2946,MERGE_SUBMIT,0,3,32,"","","","","","","","",0,0,0,"{L0:2, L2:1}","{L0:2, L2:1}",""
2973413204780,PHASE_B,114742,2949,MERGE_START,0,3,32,"[8,9]","","[0,0]","","[1,1]","","[64,64]","",7,0,0,"{L0:2, L2:1}","{L0:2, L2:1}",""
2973413204876,PHASE_B,114755,2949,MERGE_DONE,0,0,0,"","10","","1","","2","","128",7,100,99,"","",""
2973413204880,PHASE_B,114755,2949,MERGE_PUBLISH,0,2,32,"","10","","1","","2","","128",7,103,103,"{L0:2, L2:1}","{L1:1, L2:1}",""
2973413207794,PHASE_B,115057,3009,SEAL,0,3,32,"","11","","0","","1","","64",0,0,0,"{L1:1, L2:1}","{L0:1, L1:1, L2:1}",""
2973413210524,PHASE_B,115378,3075,SEAL,0,4,32,"","12","","0","","1","","64",0,0,0,"{L0:1, L1:1, L2:1}","{L0:2, L1:1, L2:1}",""
2973413210537,PHASE_B,115378,3075,MERGE_SUBMIT,0,4,32,"","","","","","","","",0,0,0,"{L0:2, L1:1, L2:1}","{L0:2, L1:1, L2:1}",""
2973413210644,PHASE_B,115387,3078,MERGE_START,0,4,32,"[11,12]","","[0,0]","","[1,1]","","[64,64]","",85,0,0,"{L0:2, L1:1, L2:1}","{L0:2, L1:1, L2:1}",""
2973413210945,PHASE_B,115387,3078,MERGE_DONE,0,0,0,"","13","","1","","2","","128",85,319,318,"","",""
2973413210952,PHASE_B,115387,3078,MERGE_DISCARD,0,4,32,"","","","","","","","",85,326,0,"{L0:2, L1:1, L2:1}","{L0:2, L1:1, L2:1}",""
2973413213724,PHASE_B,115699,3139,SEAL,0,1,32,"","1","","0","","1","","64",0,0,0,"{}","{L0:1}",""
2973413216561,PHASE_B,116031,3205,SEAL,0,2,32,"","2","","0","","1","","64",0,0,0,"{L0:1}","{L0:2}",""
2973413216574,PHASE_B,116031,3205,MERGE_SUBMIT,0,2,32,"","","","","","","","",0,0,0,"{L0:2}","{L0:2}",""
2973413216602,PHASE_B,116038,3206,MERGE_START,0,2,32,"[1,2]","","[0,0]","","[1,1]","","[64,64]","",17,0,0,"{L0:2}","{L0:2}",""
2973413216905,PHASE_B,116087,3216,MERGE_DONE,0,0,0,"","3","","1","","2","","128",17,311,311,"","",""
2973413216915,PHASE_B,116087,3216,MERGE_PUBLISH,0,1,32,"","3","","1","","2","","128",17,319,319,"{L0:2}","{L1:1}",""
2973413219833,PHASE_B,116343,3267,SEAL,0,2,32,"","4","","0","","1","","64",0,0,0,"{L1:1}","{L0:1, L1:1}",""
2973413222740,PHASE_B,116663,3333,SEAL,0,3,32,"","5","","0","","1","","64",0,0,0,"{L0:1, L1:1}","{L0:2, L1:1}",""
2973413222761,PHASE_B,116663,3333,MERGE_SUBMIT,0,3,32,"","","","","","","","",0,0,0,"{L0:2, L1:1}","{L0:2, L1:1}",""
2973413222832,PHASE_B,116677,3335,MERGE_START,0,3,32,"[4,5]","","[0,0]","","[1,1]","","[64,64]","",68,0,0,"{L0:2, L1:1}","{L0:2, L1:1}",""
2973413223075,PHASE_B,116711,3340,MERGE_DONE,0,0,0,"","6","","1","","2","","128",68,244,245,"","",""
2973413223089,PHASE_B,116714,3342,MERGE_PUBLISH,0,2,32,"","6","","1","","2","","128",68,256,256,"{L0:2, L1:1}","{L1:2}",""
2973413223124,PHASE_B,116718,3342,MERGE_SUBMIT,8,2,32,"","","","","","","","",0,0,0,"{L1:2}","{L1:2}",""
2973413223196,PHASE_B,116720,3344,MERGE_START,0,2,32,"[3,6]","","[1,1]","","[2,2]","","[128,128]","",79,0,0,"{L1:2}","{L1:2}",""
2973413223692,PHASE_B,116776,3354,MERGE_DONE,0,0,0,"","7","","2","","4","","256",79,500,500,"","",""
2973413223754,PHASE_B,116792,3358,MERGE_PUBLISH,0,1,32,"","7","","2","","4","","256",79,559,526,"{L1:2}","{L2:1}",""
2973413225709,PHASE_B,116993,3397,SEAL,0,2,32,"","8","","0","","1","","64",0,0,0,"{L2:1}","{L0:1, L2:1}",""
2973413228600,PHASE_B,117311,3461,SEAL,0,3,32,"","9","","0","","1","","64",0,0,0,"{L0:1, L2:1}","{L0:2, L2:1}",""
2973413228613,PHASE_B,117311,3461,MERGE_SUBMIT,0,3,32,"","","","","","","","",0,0,0,"{L0:2, L2:1}","{L0:2, L2:1}",""
2973413228639,PHASE_B,117311,3461,MERGE_START,0,3,32,"[8,9]","","[0,0]","","[1,1]","","[64,64]","",15,0,0,"{L0:2, L2:1}","{L0:2, L2:1}",""
2973413228958,PHASE_B,117363,3472,MERGE_DONE,0,0,0,"","10","","1","","2","","128",15,328,328,"","",""
2973413228977,PHASE_B,117363,3472,MERGE_PUBLISH,0,2,32,"","10","","1","","2","","128",15,344,344,"{L0:2, L2:1}","{L1:1, L2:1}",""
2973413231727,PHASE_B,117622,3522,SEAL,0,3,32,"","11","","0","","1","","64",0,0,0,"{L1:1, L2:1}","{L0:1, L1:1, L2:1}",""
2973413234604,PHASE_B,117949,3589,SEAL,0,4,32,"","12","","0","","1","","64",0,0,0,"{L0:1, L1:1, L2:1}","{L0:2, L1:1, L2:1}",""
2973413234618,PHASE_B,117949,3589,MERGE_SUBMIT,0,4,32,"","","","","","","","",0,0,0,"{L0:2, L1:1, L2:1}","{L0:2, L1:1, L2:1}",""
2973413234730,PHASE_B,117958,3591,MERGE_START,0,4,32,"[11,12]","","[0,0]","","[1,1]","","[64,64]","",84,0,0,"{L0:2, L1:1, L2:1}","{L0:2, L1:1, L2:1}",""
2973413235066,PHASE_B,117966,3593,MERGE_DONE,0,0,0,"","13","","1","","2","","128",84,359,359,"","",""
2973413235075,PHASE_B,117968,3594,MERGE_DISCARD,0,4,32,"","","","","","","","",84,369,0,"{L0:2, L1:1, L2:1}","{L0:2, L1:1, L2:1}",""
2973413237696,PHASE_B,118271,3652,SEAL,0,1,32,"","1","","0","","1","","64",0,0,0,"{}","{L0:1}",""
2973413240588,PHASE_B,118599,3718,SEAL,0,2,32,"","2","","0","","1","","64",0,0,0,"{L0:1}","{L0:2}",""
2973413240603,PHASE_B,118599,3718,MERGE_SUBMIT,0,2,32,"","","","","","","","",0,0,0,"{L0:2}","{L0:2}",""
2973413240719,PHASE_B,118602,3720,MERGE_START,0,2,32,"[1,2]","","[0,0]","","[1,1]","","[64,64]","",91,0,0,"{L0:2}","{L0:2}",""
2973413241030,PHASE_B,118652,3728,MERGE_DONE,0,0,0,"","3","","1","","2","","128",91,332,325,"","",""
2973413241042,PHASE_B,118652,3728,MERGE_PUBLISH,0,1,32,"","3","","1","","2","","128",91,343,336,"{L0:2}","{L1:1}",""
2973413243381,PHASE_B,118910,3780,SEAL,0,2,32,"","4","","0","","1","","64",0,0,0,"{L1:1}","{L0:1, L1:1}",""
2973413246389,PHASE_B,119233,3844,SEAL,0,3,32,"","5","","0","","1","","64",0,0,0,"{L0:1, L1:1}","{L0:2, L1:1}",""
2973413246401,PHASE_B,119233,3844,MERGE_SUBMIT,0,3,32,"","","","","","","","",0,0,0,"{L0:2, L1:1}","{L0:2, L1:1}",""
2973413246423,PHASE_B,119233,3844,MERGE_START,0,3,32,"[4,5]","","[0,0]","","[1,1]","","[64,64]","",13,0,0,"{L0:2, L1:1}","{L0:2, L1:1}",""
2973413246687,PHASE_B,119278,3853,MERGE_DONE,0,0,0,"","6","","1","","2","","128",13,271,271,"","",""
2973413246696,PHASE_B,119278,3853,MERGE_PUBLISH,0,2,32,"","6","","1","","2","","128",13,279,278,"{L0:2, L1:1}","{L1:2}",""
2973413246710,PHASE_B,119278,3853,MERGE_SUBMIT,7,2,32,"","","","","","","","",0,0,0,"{L1:2}","{L1:2}",""
2973413246799,PHASE_B,119286,3855,MERGE_START,0,2,32,"[3,6]","","[1,1]","","[2,2]","","[128,128]","",89,0,0,"{L1:2}","{L1:2}",""
2973413247413,PHASE_B,119356,3872,MERGE_DONE,0,0,0,"","7","","2","","4","","256",89,616,616,"","",""
2973413247423,PHASE_B,119358,3872,MERGE_PUBLISH,0,1,32,"","7","","2","","4","","256",89,625,625,"{L1:2}","{L2:1}",""
2973413249396,PHASE_B,119558,3910,SEAL,0,2,32,"","8","","0","","1","","64",0,0,0,"{L2:1}","{L0:1, L2:1}",""
2973413252273,PHASE_B,119865,3973,SEAL,0,3,32,"","9","","0","","1","","64",0,0,0,"{L0:1, L2:1}","{L0:2, L2:1}",""
2973413252288,PHASE_B,119865,3973,MERGE_SUBMIT,0,3,32,"","","","","","","","",0,0,0,"{L0:2, L2:1}","{L0:2, L2:1}",""
2973413252390,PHASE_B,119892,3976,MERGE_START,0,3,32,"[8,9]","","[0,0]","","[1,1]","","[64,64]","",82,0,0,"{L0:2, L2:1}","{L0:2, L2:1}",""
2973413252727,PHASE_B,119933,3986,MERGE_DONE,0,0,0,"","10","","1","","2","","128",82,354,353,"","",""
2973413252768,PHASE_B,119943,3987,MERGE_PUBLISH,0,2,32,"","10","","1","","2","","128",82,392,380,"{L0:2, L2:1}","{L1:1, L2:1}",""
2973413255103,PHASE_B,120195,4038,SEAL,0,3,32,"","11","","0","","1","","64",0,0,0,"{L1:1, L2:1}","{L0:1, L1:1, L2:1}",""
2973413257953,PHASE_B,120510,4101,SEAL,0,4,32,"","12","","0","","1","","64",0,0,0,"{L0:1, L1:1, L2:1}","{L0:2, L1:1, L2:1}",""
2973413257968,PHASE_B,120510,4101,MERGE_SUBMIT,0,4,32,"","","","","","","","",0,0,0,"{L0:2, L1:1, L2:1}","{L0:2, L1:1, L2:1}",""
2973413258076,PHASE_B,120523,4104,MERGE_START,0,4,32,"[11,12]","","[0,0]","","[1,1]","","[64,64]","",87,0,0,"{L0:2, L1:1, L2:1}","{L0:2, L1:1, L2:1}",""
2973413258380,PHASE_B,120523,4104,MERGE_DONE,0,0,0,"","13","","1","","2","","128",87,322,322,"","",""
2973413258404,PHASE_B,120523,4104,MERGE_DISCARD,0,4,32,"","","","","","","","",87,346,0,"{L0:2, L1:1, L2:1}","{L0:2, L1:1, L2:1}",""
2973413261137,PHASE_B,120834,4164,SEAL,0,1,32,"","1","","0","","1","","64",0,0,0,"{}","{L0:1}",""
2973413263870,PHASE_B,121153,4231,SEAL,0,2,32,"","2","","0","","1","","64",0,0,0,"{L0:1}","{L0:2}",""
2973413263884,PHASE_B,121153,4231,MERGE_SUBMIT,0,2,32,"","","","","","","","",0,0,0,"{L0:2}","{L0:2}",""
2973413263908,PHASE_B,121160,4232,MERGE_START,0,2,32,"[1,2]","","[0,0]","","[1,1]","","[64,64]","",15,0,0,"{L0:2}","{L0:2}",""
2973413264209,PHASE_B,121207,4240,MERGE_DONE,0,0,0,"","3","","1","","2","","128",15,308,308,"","",""
2973413264218,PHASE_B,121207,4240,MERGE_PUBLISH,0,1,32,"","3","","1","","2","","128",15,315,315,"{L0:2}","{L1:1}",""
2973413266647,PHASE_B,121477,4294,SEAL,0,2,32,"","4","","0","","1","","64",0,0,0,"{L1:1}","{L0:1, L1:1}",""
2973413269557,PHASE_B,121799,4358,SEAL,0,3,32,"","5","","0","","1","","64",0,0,0,"{L0:1, L1:1}","{L0:2, L1:1}",""
2973413269578,PHASE_B,121799,4358,MERGE_SUBMIT,0,3,32,"","","","","","","","",0,0,0,"{L0:2, L1:1}","{L0:2, L1:1}",""
2973413269712,PHASE_B,121815,4363,MERGE_START,0,3,32,"[4,5]","","[0,0]","","[1,1]","","[64,64]","",114,0,0,"{L0:2, L1:1}","{L0:2, L1:1}",""
2973413269981,PHASE_B,121855,4371,MERGE_DONE,0,0,0,"","6","","1","","2","","128",114,287,285,"","",""
2973413269997,PHASE_B,121858,4371,MERGE_PUBLISH,0,2,32,"","6","","1","","2","","128",114,300,298,"{L0:2, L1:1}","{L1:2}",""
2973413270036,PHASE_B,121858,4371,MERGE_SUBMIT,11,2,32,"","","","","","","","",0,0,0,"{L1:2}","{L1:2}",""
2973413270139,PHASE_B,121871,4374,MERGE_START,0,2,32,"[3,6]","","[1,1]","","[2,2]","","[128,128]","",92,0,0,"{L1:2}","{L1:2}",""
2973413270693,PHASE_B,121936,4388,MERGE_DONE,0,0,0,"","7","","2","","4","","256",92,569,568,"","",""
2973413270708,PHASE_B,121936,4388,MERGE_PUBLISH,0,1,32,"","7","","2","","4","","256",92,583,582,"{L1:2}","{L2:1}",""
2973413272360,PHASE_B,122114,4422,SEAL,0,2,32,"","8","","0","","1","","64",0,0,0,"{L2:1}","{L0:1, L2:1}",""
2973413275289,PHASE_B,122441,4487,SEAL,0,3,32,"","9","","0","","1","","64",0,0,0,"{L0:1, L2:1}","{L0:2, L2:1}",""
2973413275305,PHASE_B,122441,4487,MERGE_SUBMIT,0,3,32,"","","","","","","","",0,0,0,"{L0:2, L2:1}","{L0:2, L2:1}",""
2973413275327,PHASE_B,122441,4487,MERGE_START,0,3,32,"[8,9]","","[0,0]","","[1,1]","","[64,64]","",13,0,0,"{L0:2, L2:1}","{L0:2, L2:1}",""
2973413275596,PHASE_B,122480,4496,MERGE_DONE,0,0,0,"","10","","1","","2","","128",13,277,277,"","",""
2973413275609,PHASE_B,122483,4496,MERGE_PUBLISH,0,2,32,"","10","","1","","2","","128",13,285,285,"{L0:2, L2:1}","{L1:1, L2:1}",""
2973413278211,PHASE_B,122765,4551,SEAL,0,3,32,"","11","","0","","1","","64",0,0,0,"{L1:1, L2:1}","{L0:1, L1:1, L2:1}",""
2973413280993,PHASE_B,123084,4615,SEAL,0,4,32,"","12","","0","","1","","64",0,0,0,"{L0:1, L1:1, L2:1}","{L0:2, L1:1, L2:1}",""
2973413281018,PHASE_B,123084,4615,MERGE_SUBMIT,0,4,32,"","","","","","","","",0,0,0,"{L0:2, L1:1, L2:1}","{L0:2, L1:1, L2:1}",""
2973413281162,PHASE_B,123095,4618,MERGE_START,0,4,32,"[11,12]","","[0,0]","","[1,1]","","[64,64]","",120,0,0,"{L0:2, L1:1, L2:1}","{L0:2, L1:1, L2:1}",""
2973413281641,PHASE_B,123095,4618,MERGE_DONE,0,0,0,"","13","","1","","2","","128",120,496,496,"","",""
2973413281654,PHASE_B,123095,4618,MERGE_DISCARD,0,4,32,"","","","","","","","",120,510,0,"{L0:2, L1:1, L2:1}","{L0:2, L1:1, L2:1}",""
2973413284434,PHASE_B,123405,4681,SEAL,0,1,32,"","1","","0","","1","","64",0,0,0,"{}","{L0:1}",""
2973413287326,PHASE_B,123730,4744,SEAL,0,2,32,"","2","","0","","1","","64",0,0,0,"{L0:1}","{L0:2}",""
2973413287341,PHASE_B,123730,4744,MERGE_SUBMIT,0,2,32,"","","","","","","","",0,0,0,"{L0:2}","{L0:2}",""
2973413287455,PHASE_B,123739,4749,MERGE_START,0,2,32,"[1,2]","","[0,0]","","[1,1]","","[64,64]","",94,0,0,"{L0:2}","{L0:2}",""
2973413287722,PHASE_B,123772,4753,MERGE_DONE,0,0,0,"","3","","1","","2","","128",94,283,282,"","",""
2973413287752,PHASE_B,123778,4755,MERGE_PUBLISH,0,1,32,"","3","","1","","2","","128",94,310,309,"{L0:2}","{L1:1}",""
2973413290257,PHASE_B,124050,4808,SEAL,0,2,32,"","4","","0","","1","","64",0,0,0,"{L1:1}","{L0:1, L1:1}",""
2973413293140,PHASE_B,124372,4873,SEAL,0,3,32,"","5","","0","","1","","64",0,0,0,"{L0:1, L1:1}","{L0:2, L1:1}",""
2973413293155,PHASE_B,124372,4873,MERGE_SUBMIT,0,3,32,"","","","","","","","",0,0,0,"{L0:2, L1:1}","{L0:2, L1:1}",""
2973413293178,PHASE_B,124372,4873,MERGE_START,0,3,32,"[4,5]","","[0,0]","","[1,1]","","[64,64]","",15,0,0,"{L0:2, L1:1}","{L0:2, L1:1}",""
2973413293461,PHASE_B,124417,4881,MERGE_DONE,0,0,0,"","6","","1","","2","","128",15,290,290,"","",""
2973413293470,PHASE_B,124417,4881,MERGE_PUBLISH,0,2,32,"","6","","1","","2","","128",15,297,297,"{L0:2, L1:1}","{L1:2}",""
2973413293481,PHASE_B,124417,4881,MERGE_SUBMIT,9,2,32,"","","","","","","","",0,0,0,"{L1:2}","{L1:2}",""
2973413293547,PHASE_B,124425,4884,MERGE_START,0,2,32,"[3,6]","","[1,1]","","[2,2]","","[128,128]","",65,0,0,"{L1:2}","{L1:2}",""
2973413294068,PHASE_B,124496,4898,MERGE_DONE,0,0,0,"","7","","2","","4","","256",65,524,524,"","",""
2973413294106,PHASE_B,124502,4899,MERGE_PUBLISH,0,1,32,"","7","","2","","4","","256",65,559,542,"{L1:2}","{L2:1}",""
2973413295964,PHASE_B,124694,4937,SEAL,0,2,32,"","8","","0","","1","","64",0,0,0,"{L2:1}","{L0:1, L2:1}",""
2973413298633,PHASE_B,125014,5001,SEAL,0,3,32,"","9","","0","","1","","64",0,0,0,"{L0:1, L2:1}","{L0:2, L2:1}",""
2973413298647,PHASE_B,125014,5001,MERGE_SUBMIT,0,3,32,"","","","","","","","",0,0,0,"{L0:2, L2:1}","{L0:2, L2:1}",""
2973413298752,PHASE_B,125018,5004,MERGE_START,0,3,32,"[8,9]","","[0,0]","","[1,1]","","[64,64]","",85,0,0,"{L0:2, L2:1}","{L0:2, L2:1}",""
2973413299110,PHASE_B,125071,5014,MERGE_DONE,0,0,0,"","10","","1","","2","","128",85,374,373,"","",""
2973413299126,PHASE_B,125081,5016,MERGE_PUBLISH,0,2,32,"","10","","1","","2","","128",85,387,386,"{L0:2, L2:1}","{L1:1, L2:1}",""
2973413301331,PHASE_B,125338,5065,SEAL,0,3,32,"","11","","0","","1","","64",0,0,0,"{L1:1, L2:1}","{L0:1, L1:1, L2:1}",""
2973413304089,PHASE_B,125651,5128,SEAL,0,4,32,"","12","","0","","1","","64",0,0,0,"{L0:1, L1:1, L2:1}","{L0:2, L1:1, L2:1}",""
2973413304107,PHASE_B,125651,5128,MERGE_SUBMIT,0,4,32,"","","","","","","","",0,0,0,"{L0:2, L1:1, L2:1}","{L0:2, L1:1, L2:1}",""
2973413304211,PHASE_B,125663,5131,MERGE_START,0,4,32,"[11,12]","","[0,0]","","[1,1]","","[64,64]","",83,0,0,"{L0:2, L1:1, L2:1}","{L0:2, L1:1, L2:1}",""
2973413304512,PHASE_B,125663,5131,MERGE_DONE,0,0,0,"","13","","1","","2","","128",83,319,318,"","",""
2973413304520,PHASE_B,125663,5131,MERGE_DISCARD,0,4,32,"","","","","","","","",83,328,0,"{L0:2, L1:1, L2:1}","{L0:2, L1:1, L2:1}",""
2973413307136,PHASE_B,125977,5194,SEAL,0,1,32,"","1","","0","","1","","64",0,0,0,"{}","{L0:1}",""
2973413309776,PHASE_B,126295,5257,SEAL,0,2,32,"","2","","0","","1","","64",0,0,0,"{L0:1}","{L0:2}",""
2973413309790,PHASE_B,126295,5257,MERGE_SUBMIT,0,2,32,"","","","","","","","",0,0,0,"{L0:2}","{L0:2}",""
2973413309813,PHASE_B,126295,5257,MERGE_START,0,2,32,"[1,2]","","[0,0]","","[1,1]","","[64,64]","",15,0,0,"{L0:2}","{L0:2}",""
2973413310094,PHASE_B,126343,5267,MERGE_DONE,0,0,0,"","3","","1","","2","","128",15,288,288,"","",""
2973413310103,PHASE_B,126343,5267,MERGE_PUBLISH,0,1,32,"","3","","1","","2","","128",15,295,294,"{L0:2}","{L1:1}",""
2973413313452,PHASE_B,126610,5321,SEAL,0,2,32,"","4","","0","","1","","64",0,0,0,"{L1:1}","{L0:1, L1:1}",""
2973413318281,PHASE_B,126923,5384,SEAL,0,3,32,"","5","","0","","1","","64",0,0,0,"{L0:1, L1:1}","{L0:2, L1:1}",""
2973413318294,PHASE_B,126923,5384,MERGE_SUBMIT,0,3,32,"","","","","","","","",0,0,0,"{L0:2, L1:1}","{L0:2, L1:1}",""
2973413318352,PHASE_B,126943,5388,MERGE_START,0,3,32,"[4,5]","","[0,0]","","[1,1]","","[64,64]","",33,0,0,"{L0:2, L1:1}","{L0:2, L1:1}",""
2973413318626,PHASE_B,126983,5395,MERGE_DONE,0,0,0,"","6","","1","","2","","128",33,296,296,"","",""
2973413318654,PHASE_B,126983,5395,MERGE_PUBLISH,0,2,32,"","6","","1","","2","","128",33,322,320,"{L0:2, L1:1}","{L1:2}",""
2973413318668,PHASE_B,126983,5395,MERGE_SUBMIT,10,2,32,"","","","","","","","",0,0,0,"{L1:2}","{L1:2}",""
2973413318770,PHASE_B,127007,5400,MERGE_START,0,2,32,"[3,6]","","[1,1]","","[2,2]","","[128,128]","",87,0,0,"{L1:2}","{L1:2}",""
2973413319342,PHASE_B,127077,5414,MERGE_DONE,0,0,0,"","7","","2","","4","","256",87,587,587,"","",""
2973413319355,PHASE_B,127077,5414,MERGE_PUBLISH,0,1,32,"","7","","2","","4","","256",87,600,599,"{L1:2}","{L2:1}",""
2973413322094,PHASE_B,127259,5450,SEAL,0,2,32,"","8","","0","","1","","64",0,0,0,"{L2:1}","{L0:1, L2:1}",""
2973413326013,PHASE_B,127571,5514,SEAL,0,3,32,"","9","","0","","1","","64",0,0,0,"{L0:1, L2:1}","{L0:2, L2:1}",""
2973413326030,PHASE_B,127571,5514,MERGE_SUBMIT,0,3,32,"","","","","","","","",0,0,0,"{L0:2, L2:1}","{L0:2, L2:1}",""
2973413326053,PHASE_B,127571,5514,MERGE_START,0,3,32,"[8,9]","","[0,0]","","[1,1]","","[64,64]","",15,0,0,"{L0:2, L2:1}","{L0:2, L2:1}",""
2973413326330,PHASE_B,127610,5520,MERGE_DONE,0,0,0,"","10","","1","","2","","128",15,284,283,"","",""
2973413326340,PHASE_B,127610,5520,MERGE_PUBLISH,0,2,32,"","10","","1","","2","","128",15,291,291,"{L0:2, L2:1}","{L1:1, L2:1}",""
2973413331406,PHASE_B,127896,5578,SEAL,0,3,32,"","11","","0","","1","","64",0,0,0,"{L1:1, L2:1}","{L0:1, L1:1, L2:1}",""
2973413338558,PHASE_B,128208,5640,SEAL,0,4,32,"","12","","0","","1","","64",0,0,0,"{L0:1, L1:1, L2:1}","{L0:2, L1:1, L2:1}",""
2973413338577,PHASE_B,128208,5640,MERGE_SUBMIT,0,4,32,"","","","","","","","",0,0,0,"{L0:2, L1:1, L2:1}","{L0:2, L1:1, L2:1}",""
2973413338692,PHASE_B,128226,5644,MERGE_START,0,4,32,"[11,12]","","[0,0]","","[1,1]","","[64,64]","",93,0,0,"{L0:2, L1:1, L2:1}","{L0:2, L1:1, L2:1}",""
2973413339033,PHASE_B,128226,5644,MERGE_DONE,0,0,0,"","13","","1","","2","","128",93,360,359,"","",""
2973413339040,PHASE_B,128226,5644,MERGE_DISCARD,0,4,32,"","","","","","","","",93,367,0,"{L0:2, L1:1, L2:1}","{L0:2, L1:1, L2:1}",""
2973413344105,PHASE_B,128537,5707,SEAL,0,1,32,"","1","","0","","1","","64",0,0,0,"{}","{L0:1}",""
2973413347019,PHASE_B,128855,5771,SEAL,0,2,32,"","2","","0","","1","","64",0,0,0,"{L0:1}","{L0:2}",""
2973413347034,PHASE_B,128855,5771,MERGE_SUBMIT,0,2,32,"","","","","","","","",0,0,0,"{L0:2}","{L0:2}",""
2973413347135,PHASE_B,128875,5774,MERGE_START,0,2,32,"[1,2]","","[0,0]","","[1,1]","","[64,64]","",82,0,0,"{L0:2}","{L0:2}",""
2973413347403,PHASE_B,128914,5782,MERGE_DONE,0,0,0,"","3","","1","","2","","128",82,283,282,"","",""
2973413347416,PHASE_B,128917,5782,MERGE_PUBLISH,0,1,32,"","3","","1","","2","","128",82,295,294,"{L0:2}","{L1:1}",""
2973413349858,PHASE_B,129177,5835,SEAL,0,2,32,"","4","","0","","1","","64",0,0,0,"{L1:1}","{L0:1, L1:1}",""
2973413352719,PHASE_B,129500,5899,SEAL,0,3,32,"","5","","0","","1","","64",0,0,0,"{L0:1, L1:1}","{L0:2, L1:1}",""
2973413352736,PHASE_B,129500,5899,MERGE_SUBMIT,0,3,32,"","","","","","","","",0,0,0,"{L0:2, L1:1}","{L0:2, L1:1}",""
2973413352759,PHASE_B,129504,5900,MERGE_START,0,3,32,"[4,5]","","[0,0]","","[1,1]","","[64,64]","",14,0,0,"{L0:2, L1:1}","{L0:2, L1:1}",""
2973413353045,PHASE_B,129537,5906,MERGE_DONE,0,0,0,"","6","","1","","2","","128",14,294,294,"","",""
2973413353054,PHASE_B,129537,5906,MERGE_PUBLISH,0,2,32,"","6","","1","","2","","128",14,301,300,"{L0:2, L1:1}","{L1:2}",""
2973413353065,PHASE_B,129537,5906,MERGE_SUBMIT,8,2,32,"","","","","","","","",0,0,0,"{L1:2}","{L1:2}",""
2973413353128,PHASE_B,129552,5909,MERGE_START,0,2,32,"[3,6]","","[1,1]","","[2,2]","","[128,128]","",45,0,0,"{L1:2}","{L1:2}",""
2973413353683,PHASE_B,129594,5918,MERGE_DONE,0,0,0,"","7","","2","","4","","256",45,573,572,"","",""
2973413353696,PHASE_B,129594,5918,MERGE_PUBLISH,0,1,32,"","7","","2","","4","","256",45,585,584,"{L1:2}","{L2:1}",""
2973413360063,PHASE_B,129819,5963,SEAL,0,2,32,"","8","","0","","1","","64",0,0,0,"{L2:1}","{L0:1, L2:1}",""
2973413367390,PHASE_B,130136,6025,SEAL,0,3,32,"","9","","0","","1","","64",0,0,0,"{L0:1, L2:1}","{L0:2, L2:1}",""
2973413367407,PHASE_B,130136,6025,MERGE_SUBMIT,0,3,32,"","","","","","","","",0,0,0,"{L0:2, L2:1}","{L0:2, L2:1}",""
2973413367527,PHASE_B,130156,6031,MERGE_START,0,3,32,"[8,9]","","[0,0]","","[1,1]","","[64,64]","",100,0,0,"{L0:2, L2:1}","{L0:2, L2:1}",""
2973413367853,PHASE_B,130172,6034,MERGE_DONE,0,0,0,"","10","","1","","2","","128",100,343,342,"","",""
2973413367868,PHASE_B,130172,6034,MERGE_PUBLISH,0,2,32,"","10","","1","","2","","128",100,355,354,"{L0:2, L2:1}","{L1:1, L2:1}",""
2973413376049,PHASE_B,130452,6089,SEAL,0,3,32,"","11","","0","","1","","64",0,0,0,"{L1:1, L2:1}","{L0:1, L1:1, L2:1}",""
2973413383834,PHASE_B,130774,6154,SEAL,0,4,32,"","12","","0","","1","","64",0,0,0,"{L0:1, L1:1, L2:1}","{L0:2, L1:1, L2:1}",""
2973413383857,PHASE_B,130774,6154,MERGE_SUBMIT,0,4,32,"","","","","","","","",0,0,0,"{L0:2, L1:1, L2:1}","{L0:2, L1:1, L2:1}",""
2973413383883,PHASE_B,130774,6154,MERGE_START,0,4,32,"[11,12]","","[0,0]","","[1,1]","","[64,64]","",16,0,0,"{L0:2, L1:1, L2:1}","{L0:2, L1:1, L2:1}",""
2973413384210,PHASE_B,130783,6157,MERGE_DONE,0,0,0,"","13","","1","","2","","128",16,337,337,"","",""
2973413384216,PHASE_B,130783,6157,MERGE_DISCARD,0,4,32,"","","","","","","","",16,342,0,"{L0:2, L1:1, L2:1}","{L0:2, L1:1, L2:1}",""
2973413393402,PHASE_B,131092,6218,SEAL,0,1,32,"","1","","0","","1","","64",0,0,0,"{}","{L0:1}",""
2973413403083,PHASE_B,131421,6283,SEAL,0,2,32,"","2","","0","","1","","64",0,0,0,"{L0:1}","{L0:2}",""
2973413403106,PHASE_B,131421,6283,MERGE_SUBMIT,0,2,32,"","","","","","","","",0,0,0,"{L0:2}","{L0:2}",""
2973413403208,PHASE_B,131437,6286,MERGE_START,0,2,32,"[1,2]","","[0,0]","","[1,1]","","[64,64]","",86,0,0,"{L0:2}","{L0:2}",""
2973413403530,PHASE_B,131439,6286,MERGE_DONE,0,0,0,"","3","","1","","2","","128",86,336,335,"","",""
2973413403542,PHASE_B,131439,6286,MERGE_PUBLISH,0,1,32,"","3","","1","","2","","128",86,347,346,"{L0:2}","{L1:1}",""
2973413416385,PHASE_B,131737,6346,SEAL,0,2,32,"","4","","0","","1","","64",0,0,0,"{L1:1}","{L0:1, L1:1}",""
2973413430213,PHASE_B,132063,6412,SEAL,0,3,32,"","5","","0","","1","","64",0,0,0,"{L0:1, L1:1}","{L0:2, L1:1}",""
2973413430240,PHASE_B,132063,6412,MERGE_SUBMIT,0,3,32,"","","","","","","","",0,0,0,"{L0:2, L1:1}","{L0:2, L1:1}",""
2973413430343,PHASE_B,132073,6414,MERGE_START,0,3,32,"[4,5]","","[0,0]","","[1,1]","","[64,64]","",85,0,0,"{L0:2, L1:1}","{L0:2, L1:1}",""
2973413430640,PHASE_B,132075,6414,MERGE_DONE,0,0,0,"","6","","1","","2","","128",85,314,313,"","",""
2973413430653,PHASE_B,132075,6414,MERGE_PUBLISH,0,2,32,"","6","","1","","2","","128",85,325,324,"{L0:2, L1:1}","{L1:2}",""
2973413430667,PHASE_B,132075,6414,MERGE_SUBMIT,1,2,32,"","","","","","","","",0,0,0,"{L1:2}","{L1:2}",""
2973413430689,PHASE_B,132075,6414,MERGE_START,0,2,32,"[3,6]","","[1,1]","","[2,2]","","[128,128]","",20,0,0,"{L1:2}","{L1:2}",""
2973413431230,PHASE_B,132075,6414,MERGE_DONE,0,0,0,"","7","","2","","4","","256",20,549,549,"","",""
2973413431254,PHASE_B,132075,6414,MERGE_PUBLISH,0,1,32,"","7","","2","","4","","256",20,571,571,"{L1:2}","{L2:1}",""
2973413443567,PHASE_B,132378,6475,SEAL,0,2,32,"","8","","0","","1","","64",0,0,0,"{L2:1}","{L0:1, L2:1}",""
2973413455444,PHASE_B,132704,6538,SEAL,0,3,32,"","9","","0","","1","","64",0,0,0,"{L0:1, L2:1}","{L0:2, L2:1}",""
2973413455479,PHASE_B,132704,6538,MERGE_SUBMIT,0,3,32,"","","","","","","","",0,0,0,"{L0:2, L2:1}","{L0:2, L2:1}",""
2973413455532,PHASE_B,132704,6538,MERGE_START,0,3,32,"[8,9]","","[0,0]","","[1,1]","","[64,64]","",36,0,0,"{L0:2, L2:1}","{L0:2, L2:1}",""
2973413455839,PHASE_B,132716,6542,MERGE_DONE,0,0,0,"","10","","1","","2","","128",36,326,325,"","",""
2973413455854,PHASE_B,132716,6542,MERGE_PUBLISH,0,2,32,"","10","","1","","2","","128",36,337,336,"{L0:2, L2:1}","{L1:1, L2:1}",""
2973413469393,PHASE_B,133021,6603,SEAL,0,3,32,"","11","","0","","1","","64",0,0,0,"{L1:1, L2:1}","{L0:1, L1:1, L2:1}",""
2973413482363,PHASE_B,133334,6666,SEAL,0,4,32,"","12","","0","","1","","64",0,0,0,"{L0:1, L1:1, L2:1}","{L0:2, L1:1, L2:1}",""
2973413482424,PHASE_B,133334,6666,MERGE_SUBMIT,0,4,32,"","","","","","","","",0,0,0,"{L0:2, L1:1, L2:1}","{L0:2, L1:1, L2:1}",""
2973413482529,PHASE_B,133343,6669,MERGE_START,0,4,32,"[11,12]","","[0,0]","","[1,1]","","[64,64]","",91,0,0,"{L0:2, L1:1, L2:1}","{L0:2, L1:1, L2:1}",""
2973413482832,PHASE_B,133359,6670,MERGE_DONE,0,0,0,"","13","","1","","2","","128",91,322,321,"","",""
2973413482848,PHASE_B,133359,6670,MERGE_PUBLISH,0,3,32,"","13","","1","","2","","128",91,334,333,"{L0:2, L1:1, L2:1}","{L1:2, L2:1}",""
2973413482864,PHASE_B,133359,6670,MERGE_SUBMIT,1,3,32,"","","","","","","","",0,0,0,"{L1:2, L2:1}","{L1:2, L2:1}",""
2973413482884,PHASE_B,133359,6670,MERGE_DISCARD,0,3,32,"","","","","","","","",21,0,0,"{L1:2, L2:1}","{L1:2, L2:1}",""
2973413495943,PHASE_B,133668,6732,SEAL,0,1,32,"","1","","0","","1","","64",0,0,0,"{}","{L0:1}",""
2973413513446,PHASE_B,133990,6797,SEAL,0,2,32,"","2","","0","","1","","64",0,0,0,"{L0:1}","{L0:2}",""
2973413513493,PHASE_B,133990,6797,MERGE_SUBMIT,0,2,32,"","","","","","","","",0,0,0,"{L0:2}","{L0:2}",""
2973413513598,PHASE_B,133992,6799,MERGE_START,0,2,32,"[1,2]","","[0,0]","","[1,1]","","[64,64]","",91,0,0,"{L0:2}","{L0:2}",""
2973413513894,PHASE_B,134005,6801,MERGE_DONE,0,0,0,"","3","","1","","2","","128",91,312,311,"","",""
2973413513933,PHASE_B,134009,6802,MERGE_PUBLISH,0,1,32,"","3","","1","","2","","128",91,348,333,"{L0:2}","{L1:1}",""
2973413543015,PHASE_B,134306,6860,SEAL,0,2,32,"","4","","0","","1","","64",0,0,0,"{L1:1}","{L0:1, L1:1}",""
2973413571749,PHASE_B,134637,6925,SEAL,0,3,32,"","5","","0","","1","","64",0,0,0,"{L0:1, L1:1}","{L0:2, L1:1}",""
2973413571795,PHASE_B,134637,6925,MERGE_SUBMIT,0,3,32,"","","","","","","","",0,0,0,"{L0:2, L1:1}","{L0:2, L1:1}",""
2973413571841,PHASE_B,134637,6925,MERGE_START,0,3,32,"[4,5]","","[0,0]","","[1,1]","","[64,64]","",30,0,0,"{L0:2, L1:1}","{L0:2, L1:1}",""
2973413572188,PHASE_B,134647,6927,MERGE_DONE,0,0,0,"","6","","1","","2","","128",30,365,365,"","",""
2973413572218,PHASE_B,134647,6927,MERGE_PUBLISH,0,2,32,"","6","","1","","2","","128",30,393,392,"{L0:2, L1:1}","{L1:2}",""
2973413572233,PHASE_B,134647,6927,MERGE_SUBMIT,4,2,32,"","","","","","","","",0,0,0,"{L1:2}","{L1:2}",""
2973413572339,PHASE_B,134654,6931,MERGE_START,0,2,32,"[3,6]","","[1,1]","","[2,2]","","[128,128]","",94,0,0,"{L1:2}","{L1:2}",""
2973413572888,PHASE_B,134673,6935,MERGE_DONE,0,0,0,"","7","","2","","4","","256",94,565,564,"","",""
2973413572901,PHASE_B,134673,6935,MERGE_PUBLISH,0,1,32,"","7","","2","","4","","256",94,577,575,"{L1:2}","{L2:1}",""
2973413597938,PHASE_B,134944,6988,SEAL,0,2,32,"","8","","0","","1","","64",0,0,0,"{L2:1}","{L0:1, L2:1}",""
2973413619717,PHASE_B,135275,7053,SEAL,0,3,32,"","9","","0","","1","","64",0,0,0,"{L0:1, L2:1}","{L0:2, L2:1}",""
2973413619764,PHASE_B,135275,7053,MERGE_SUBMIT,0,3,32,"","","","","","","","",0,0,0,"{L0:2, L2:1}","{L0:2, L2:1}",""
2973413619870,PHASE_B,135277,7055,MERGE_START,0,3,32,"[8,9]","","[0,0]","","[1,1]","","[64,64]","",91,0,0,"{L0:2, L2:1}","{L0:2, L2:1}",""
2973413620190,PHASE_B,135282,7055,MERGE_DONE,0,0,0,"","10","","1","","2","","128",91,338,337,"","",""
2973413620205,PHASE_B,135282,7055,MERGE_PUBLISH,0,2,32,"","10","","1","","2","","128",91,350,349,"{L0:2, L2:1}","{L1:1, L2:1}",""
2973413645579,PHASE_B,135585,7117,SEAL,0,3,32,"","11","","0","","1","","64",0,0,0,"{L1:1, L2:1}","{L0:1, L1:1, L2:1}",""
2973413669409,PHASE_B,135909,7180,SEAL,0,4,32,"","12","","0","","1","","64",0,0,0,"{L0:1, L1:1, L2:1}","{L0:2, L1:1, L2:1}",""
2973413669458,PHASE_B,135909,7180,MERGE_SUBMIT,0,4,32,"","","","","","","","",0,0,0,"{L0:2, L1:1, L2:1}","{L0:2, L1:1, L2:1}",""
2973413669560,PHASE_B,135909,7180,MERGE_START,0,4,32,"[11,12]","","[0,0]","","[1,1]","","[64,64]","",88,0,0,"{L0:2, L1:1, L2:1}","{L0:2, L1:1, L2:1}",""
2973413669828,PHASE_B,135917,7185,MERGE_DONE,0,0,0,"","13","","1","","2","","128",88,288,286,"","",""
2973413669845,PHASE_B,135917,7185,MERGE_PUBLISH,0,3,32,"","13","","1","","2","","128",88,300,298,"{L0:2, L1:1, L2:1}","{L1:2, L2:1}",""
2973413669878,PHASE_B,135917,7185,MERGE_SUBMIT,3,3,32,"","","","","","","","",0,0,0,"{L1:2, L2:1}","{L1:2, L2:1}",""
2973413669997,PHASE_B,135917,7185,MERGE_START,0,3,32,"[10,13]","","[1,1]","","[2,2]","","[128,128]","",107,0,0,"{L1:2, L2:1}","{L1:2, L2:1}",""
2973413670567,PHASE_B,135917,7185,MERGE_DONE,0,0,0,"","14","","2","","4","","256",107,587,586,"","",""
2973413670573,PHASE_B,135917,7185,MERGE_DISCARD,0,3,32,"","","","","","","","",107,594,0,"{L1:2, L2:1}","{L1:2, L2:1}",""
2973413679018,PHASE_B,136236,7244,SEAL,0,1,32,"","1","","0","","1","","64",0,0,0,"{}","{L0:1}",""
2973413687370,PHASE_B,136565,7312,SEAL,0,2,32,"","2","","0","","1","","64",0,0,0,"{L0:1}","{L0:2}",""
2973413687413,PHASE_B,136565,7312,MERGE_SUBMIT,0,2,32,"","","","","","","","",0,0,0,"{L0:2}","{L0:2}",""
2973413687422,PHASE_B,136565,7312,MERGE_START,0,2,32,"[1,2]","","[0,0]","","[1,1]","","[64,64]","",11,0,0,"{L0:2}","{L0:2}",""
2973413687522,PHASE_B,136567,7314,MERGE_DONE,0,0,0,"","3","","1","","2","","128",11,104,104,"","",""
2973413687526,PHASE_B,136567,7314,MERGE_PUBLISH,0,1,32,"","3","","1","","2","","128",11,107,107,"{L0:2}","{L1:1}",""
2973413695709,PHASE_B,136878,7376,SEAL,0,2,32,"","4","","0","","1","","64",0,0,0,"{L1:1}","{L0:1, L1:1}",""
2973413703799,PHASE_B,137203,7439,SEAL,0,3,32,"","5","","0","","1","","64",0,0,0,"{L0:1, L1:1}","{L0:2, L1:1}",""
2973413703845,PHASE_B,137203,7439,MERGE_SUBMIT,0,3,32,"","","","","","","","",0,0,0,"{L0:2, L1:1}","{L0:2, L1:1}",""
2973413703881,PHASE_B,137207,7441,MERGE_START,0,3,32,"[4,5]","","[0,0]","","[1,1]","","[64,64]","",25,0,0,"{L0:2, L1:1}","{L0:2, L1:1}",""
2973413704216,PHASE_B,137222,7444,MERGE_DONE,0,0,0,"","6","","1","","2","","128",25,349,348,"","",""
2973413704228,PHASE_B,137222,7444,MERGE_PUBLISH,0,2,32,"","6","","1","","2","","128",25,358,357,"{L0:2, L1:1}","{L1:2}",""
2973413704240,PHASE_B,137223,7444,MERGE_SUBMIT,3,2,32,"","","","","","","","",0,0,0,"{L1:2}","{L1:2}",""
2973413704313,PHASE_B,137227,7445,MERGE_START,0,2,32,"[3,6]","","[1,1]","","[2,2]","","[128,128]","",73,0,0,"{L1:2}","{L1:2}",""
2973413704837,PHASE_B,137249,7450,MERGE_DONE,0,0,0,"","7","","2","","4","","256",73,528,528,"","",""
2973413704847,PHASE_B,137249,7450,MERGE_PUBLISH,0,1,32,"","7","","2","","4","","256",73,536,537,"{L1:2}","{L2:1}",""
2973413712338,PHASE_B,137527,7504,SEAL,0,2,32,"","8","","0","","1","","64",0,0,0,"{L2:1}","{L0:1, L2:1}",""
2973413720528,PHASE_B,137844,7567,SEAL,0,3,32,"","9","","0","","1","","64",0,0,0,"{L0:1, L2:1}","{L0:2, L2:1}",""
2973413720573,PHASE_B,137844,7567,MERGE_SUBMIT,0,3,32,"","","","","","","","",0,0,0,"{L0:2, L2:1}","{L0:2, L2:1}",""
2973413720581,PHASE_B,137844,7567,MERGE_START,0,3,32,"[8,9]","","[0,0]","","[1,1]","","[64,64]","",11,0,0,"{L0:2, L2:1}","{L0:2, L2:1}",""
2973413720694,PHASE_B,137850,7569,MERGE_DONE,0,0,0,"","10","","1","","2","","128",11,116,116,"","",""
2973413720702,PHASE_B,137850,7569,MERGE_PUBLISH,0,2,32,"","10","","1","","2","","128",11,124,124,"{L0:2, L2:1}","{L1:1, L2:1}",""
2973413728969,PHASE_B,138172,7632,SEAL,0,3,32,"","11","","0","","1","","64",0,0,0,"{L1:1, L2:1}","{L0:1, L1:1, L2:1}",""
2973413737743,PHASE_B,138486,7696,SEAL,0,4,32,"","12","","0","","1","","64",0,0,0,"{L0:1, L1:1, L2:1}","{L0:2, L1:1, L2:1}",""
2973413737789,PHASE_B,138486,7696,MERGE_SUBMIT,0,4,32,"","","","","","","","",0,0,0,"{L0:2, L1:1, L2:1}","{L0:2, L1:1, L2:1}",""
2973413737891,PHASE_B,138486,7696,MERGE_START,0,4,32,"[11,12]","","[0,0]","","[1,1]","","[64,64]","",87,0,0,"{L0:2, L1:1, L2:1}","{L0:2, L1:1, L2:1}",""
2973413738247,PHASE_B,138497,7698,MERGE_DONE,0,0,0,"","13","","1","","2","","128",87,374,374,"","",""
2973413738256,PHASE_B,138497,7698,MERGE_DISCARD,0,4,32,"","","","","","","","",87,382,0,"{L0:2, L1:1, L2:1}","{L0:2, L1:1, L2:1}",""
2973413747830,PHASE_B,138819,7761,SEAL,0,1,32,"","1","","0","","1","","64",0,0,0,"{}","{L0:1}",""
2973413756317,PHASE_B,139135,7825,SEAL,0,2,32,"","2","","0","","1","","64",0,0,0,"{L0:1}","{L0:2}",""
2973413756369,PHASE_B,139135,7825,MERGE_SUBMIT,0,2,32,"","","","","","","","",0,0,0,"{L0:2}","{L0:2}",""
2973413756469,PHASE_B,139135,7825,MERGE_START,0,2,32,"[1,2]","","[0,0]","","[1,1]","","[64,64]","",88,0,0,"{L0:2}","{L0:2}",""
2973413756771,PHASE_B,139147,7829,MERGE_DONE,0,0,0,"","3","","1","","2","","128",88,318,317,"","",""
2973413756788,PHASE_B,139147,7829,MERGE_PUBLISH,0,1,32,"","3","","1","","2","","128",88,333,332,"{L0:2}","{L1:1}",""
2973413764748,PHASE_B,139452,7889,SEAL,0,2,32,"","4","","0","","1","","64",0,0,0,"{L1:1}","{L0:1, L1:1}",""
2973413773466,PHASE_B,139771,7952,SEAL,0,3,32,"","5","","0","","1","","64",0,0,0,"{L0:1, L1:1}","{L0:2, L1:1}",""
2973413773512,PHASE_B,139771,7952,MERGE_SUBMIT,0,3,32,"","","","","","","","",0,0,0,"{L0:2, L1:1}","{L0:2, L1:1}",""
2973413773521,PHASE_B,139771,7952,MERGE_START,0,3,32,"[4,5]","","[0,0]","","[1,1]","","[64,64]","",12,0,0,"{L0:2, L1:1}","{L0:2, L1:1}",""
2973413773618,PHASE_B,139771,7952,MERGE_DONE,0,0,0,"","6","","1","","2","","128",12,101,101,"","",""
2973413773622,PHASE_B,139771,7952,MERGE_PUBLISH,0,2,32,"","6","","1","","2","","128",12,104,103,"{L0:2, L1:1}","{L1:2}",""
2973413773632,PHASE_B,139771,7952,MERGE_SUBMIT,0,2,32,"","","","","","","","",0,0,0,"{L1:2}","{L1:2}",""
2973413773652,PHASE_B,139771,7952,MERGE_START,0,2,32,"[3,6]","","[1,1]","","[2,2]","","[128,128]","",20,0,0,"{L1:2}","{L1:2}",""
2973413773819,PHASE_B,139776,7955,MERGE_DONE,0,0,0,"","7","","2","","4","","256",20,167,168,"","",""
2973413773824,PHASE_B,139776,7955,MERGE_PUBLISH,0,1,32,"","7","","2","","4","","256",20,171,171,"{L1:2}","{L2:1}",""
2973413782800,PHASE_B,140095,8017,SEAL,0,2,32,"","8","","0","","1","","64",0,0,0,"{L2:1}","{L0:1, L2:1}",""
2973413791445,PHASE_B,140416,8081,SEAL,0,3,32,"","9","","0","","1","","64",0,0,0,"{L0:1, L2:1}","{L0:2, L2:1}",""
2973413791488,PHASE_B,140416,8081,MERGE_SUBMIT,0,3,32,"","","","","","","","",0,0,0,"{L0:2, L2:1}","{L0:2, L2:1}",""
2973413791540,PHASE_B,140416,8081,MERGE_START,0,3,32,"[8,9]","","[0,0]","","[1,1]","","[64,64]","",38,0,0,"{L0:2, L2:1}","{L0:2, L2:1}",""
2973413791877,PHASE_B,140425,8085,MERGE_DONE,0,0,0,"","10","","1","","2","","128",38,354,353,"","",""
2973413791892,PHASE_B,140425,8085,MERGE_PUBLISH,0,2,32,"","10","","1","","2","","128",38,366,365,"{L0:2, L2:1}","{L1:1, L2:1}",""
2973413800053,PHASE_B,140724,8143,SEAL,0,3,32,"","11","","0","","1","","64",0,0,0,"{L1:1, L2:1}","{L0:1, L1:1, L2:1}",""
2973413808290,PHASE_B,141057,8209,SEAL,0,4,32,"","12","","0","","1","","64",0,0,0,"{L0:1, L1:1, L2:1}","{L0:2, L1:1, L2:1}",""
2973413808332,PHASE_B,141057,8209,MERGE_SUBMIT,0,4,32,"","","","","","","","",0,0,0,"{L0:2, L1:1, L2:1}","{L0:2, L1:1, L2:1}",""
2973413808408,PHASE_B,141057,8209,MERGE_START,0,4,32,"[11,12]","","[0,0]","","[1,1]","","[64,64]","",78,0,0,"{L0:2, L1:1, L2:1}","{L0:2, L1:1, L2:1}",""
2973413808510,PHASE_B,141062,8211,MERGE_DONE,0,0,0,"","13","","1","","2","","128",78,107,107,"","",""
2973413808522,PHASE_B,141063,8212,MERGE_PUBLISH,0,3,32,"","13","","1","","2","","128",78,118,118,"{L0:2, L1:1, L2:1}","{L1:2, L2:1}",""
2973413808527,PHASE_B,141063,8212,MERGE_SUBMIT,2,3,32,"","","","","","","","",0,0,0,"{L1:2, L2:1}","{L1:2, L2:1}",""
2973413808535,PHASE_B,141063,8212,MERGE_START,0,3,32,"[10,13]","","[1,1]","","[2,2]","","[128,128]","",8,0,0,"{L1:2, L2:1}","{L1:2, L2:1}",""
2973413808720,PHASE_B,141070,8212,MERGE_DONE,0,0,0,"","14","","2","","4","","256",8,187,187,"","",""
2973413808724,PHASE_B,141070,8212,MERGE_PUBLISH,0,2,32,"","14","","2","","4","","256",8,190,189,"{L1:2, L2:1}","{L2:2}",""
2973413808726,PHASE_B,141070,8212,MERGE_SUBMIT,2,2,32,"","","","","","","","",0,0,0,"{L2:2}","{L2:2}",""
2973413808762,PHASE_B,141071,8212,MERGE_START,0,2,32,"[7,14]","","[2,2]","","[4,4]","","[256,256]","",34,0,0,"{L2:2}","{L2:2}",""
2973413809077,PHASE_B,141071,8212,MERGE_DONE,0,0,0,"","15","","3","","8","","512",34,317,317,"","",""
2973413809078,PHASE_B,141071,8212,MERGE_DISCARD,0,2,32,"","","","","","","","",34,318,0,"{L2:2}","{L2:2}",""
2973413817987,PHASE_B,141381,8274,SEAL,0,1,32,"","1","","0","","1","","64",0,0,0,"{}","{L0:1}",""
2973413826267,PHASE_B,141692,8336,SEAL,0,2,32,"","2","","0","","1","","64",0,0,0,"{L0:1}","{L0:2}",""
2973413826306,PHASE_B,141692,8336,MERGE_SUBMIT,0,2,32,"","","","","","","","",0,0,0,"{L0:2}","{L0:2}",""
2973413826378,PHASE_B,141692,8336,MERGE_START,0,2,32,"[1,2]","","[0,0]","","[1,1]","","[64,64]","",61,0,0,"{L0:2}","{L0:2}",""
2973413826475,PHASE_B,141703,8341,MERGE_DONE,0,0,0,"","3","","1","","2","","128",61,114,113,"","",""
2973413826479,PHASE_B,141703,8341,MERGE_PUBLISH,0,1,32,"","3","","1","","2","","128",61,118,117,"{L0:2}","{L1:1}",""
2973413837645,PHASE_B,142013,8401,SEAL,0,2,32,"","4","","0","","1","","64",0,0,0,"{L1:1}","{L0:1, L1:1}",""
2973413858427,PHASE_B,142341,8467,SEAL,0,3,32,"","5","","0","","1","","64",0,0,0,"{L0:1, L1:1}","{L0:2, L1:1}",""
2973413858472,PHASE_B,142341,8467,MERGE_SUBMIT,0,3,32,"","","","","","","","",0,0,0,"{L0:2, L1:1}","{L0:2, L1:1}",""
2973413858580,PHASE_B,142347,8468,MERGE_START,0,3,32,"[4,5]","","[0,0]","","[1,1]","","[64,64]","",94,0,0,"{L0:2, L1:1}","{L0:2, L1:1}",""
2973413858881,PHASE_B,142352,8471,MERGE_DONE,0,0,0,"","6","","1","","2","","128",94,317,316,"","",""
2973413858894,PHASE_B,142352,8471,MERGE_PUBLISH,0,2,32,"","6","","1","","2","","128",94,329,327,"{L0:2, L1:1}","{L1:2}",""
2973413858910,PHASE_B,142353,8471,MERGE_SUBMIT,3,2,32,"","","","","","","","",0,0,0,"{L1:2}","{L1:2}",""
2973413858919,PHASE_B,142358,8472,MERGE_START,0,2,32,"[3,6]","","[1,1]","","[2,2]","","[128,128]","",14,0,0,"{L1:2}","{L1:2}",""
2973413859138,PHASE_B,142366,8472,MERGE_DONE,0,0,0,"","7","","2","","4","","256",14,221,221,"","",""
2973413859142,PHASE_B,142366,8472,MERGE_PUBLISH,0,1,32,"","7","","2","","4","","256",14,224,224,"{L1:2}","{L2:1}",""
2973413875807,PHASE_B,142658,8531,SEAL,0,2,32,"","8","","0","","1","","64",0,0,0,"{L2:1}","{L0:1, L2:1}",""
2973413896080,PHASE_B,142979,8595,SEAL,0,3,32,"","9","","0","","1","","64",0,0,0,"{L0:1, L2:1}","{L0:2, L2:1}",""
2973413896121,PHASE_B,142979,8595,MERGE_SUBMIT,0,3,32,"","","","","","","","",0,0,0,"{L0:2, L2:1}","{L0:2, L2:1}",""
2973413896231,PHASE_B,142984,8596,MERGE_START,0,3,32,"[8,9]","","[0,0]","","[1,1]","","[64,64]","",98,0,0,"{L0:2, L2:1}","{L0:2, L2:1}",""
2973413896536,PHASE_B,143002,8599,MERGE_DONE,0,0,0,"","10","","1","","2","","128",98,321,320,"","",""
2973413896551,PHASE_B,143002,8599,MERGE_PUBLISH,0,2,32,"","10","","1","","2","","128",98,334,332,"{L0:2, L2:1}","{L1:1, L2:1}",""
2973413911158,PHASE_B,143306,8659,SEAL,0,3,32,"","11","","0","","1","","64",0,0,0,"{L1:1, L2:1}","{L0:1, L1:1, L2:1}",""
2973413931909,PHASE_B,143624,8723,SEAL,0,4,32,"","12","","0","","1","","64",0,0,0,"{L0:1, L1:1, L2:1}","{L0:2, L1:1, L2:1}",""
2973413931960,PHASE_B,143624,8723,MERGE_SUBMIT,0,4,32,"","","","","","","","",0,0,0,"{L0:2, L1:1, L2:1}","{L0:2, L1:1, L2:1}",""
2973413932071,PHASE_B,143624,8723,MERGE_START,0,4,32,"[11,12]","","[0,0]","","[1,1]","","[64,64]","",98,0,0,"{L0:2, L1:1, L2:1}","{L0:2, L1:1, L2:1}",""
2973413932398,PHASE_B,143635,8725,MERGE_DONE,0,0,0,"","13","","1","","2","","128",98,346,345,"","",""
2973413932406,PHASE_B,143635,8725,MERGE_DISCARD,0,4,32,"","","","","","","","",98,354,0,"{L0:2, L1:1, L2:1}","{L0:2, L1:1, L2:1}",""
2973413955269,PHASE_B,143951,8788,SEAL,0,1,32,"","1","","0","","1","","64",0,0,0,"{}","{L0:1}",""
2973413979811,PHASE_B,144269,8852,SEAL,0,2,32,"","2","","0","","1","","64",0,0,0,"{L0:1}","{L0:2}",""
2973413979855,PHASE_B,144269,8852,MERGE_SUBMIT,0,2,32,"","","","","","","","",0,0,0,"{L0:2}","{L0:2}",""
2973413979864,PHASE_B,144269,8852,MERGE_START,0,2,32,"[1,2]","","[0,0]","","[1,1]","","[64,64]","",11,0,0,"{L0:2}","{L0:2}",""
2973413979968,PHASE_B,144269,8852,MERGE_DONE,0,0,0,"","3","","1","","2","","128",11,107,107,"","",""
2973413979971,PHASE_B,144269,8852,MERGE_PUBLISH,0,1,32,"","3","","1","","2","","128",11,110,110,"{L0:2}","{L1:1}",""
2973414005508,PHASE_B,144587,8916,SEAL,0,2,32,"","4","","0","","1","","64",0,0,0,"{L1:1}","{L0:1, L1:1}",""
2973414014357,PHASE_B,144911,8980,SEAL,0,3,32,"","5","","0","","1","","64",0,0,0,"{L0:1, L1:1}","{L0:2, L1:1}",""
2973414014398,PHASE_B,144911,8980,MERGE_SUBMIT,0,3,32,"","","","","","","","",0,0,0,"{L0:2, L1:1}","{L0:2, L1:1}",""
2973414014468,PHASE_B,144911,8980,MERGE_START,0,3,32,"[4,5]","","[0,0]","","[1,1]","","[64,64]","",57,0,0,"{L0:2, L1:1}","{L0:2, L1:1}",""
2973414014796,PHASE_B,144922,8984,MERGE_DONE,0,0,0,"","6","","1","","2","","128",57,343,343,"","",""
2973414014811,PHASE_B,144922,8984,MERGE_PUBLISH,0,2,32,"","6","","1","","2","","128",57,356,354,"{L0:2, L1:1}","{L1:2}",""
2973414014831,PHASE_B,144922,8984,MERGE_SUBMIT,3,2,32,"","","","","","","","",0,0,0,"{L1:2}","{L1:2}",""
2973414014844,PHASE_B,144926,8985,MERGE_START,0,2,32,"[3,6]","","[1,1]","","[2,2]","","[128,128]","",22,0,0,"{L1:2}","{L1:2}",""
2973414015018,PHASE_B,144936,8986,MERGE_DONE,0,0,0,"","7","","2","","4","","256",22,178,178,"","",""
2973414015035,PHASE_B,144940,8987,MERGE_PUBLISH,0,1,32,"","7","","2","","4","","256",22,194,184,"{L1:2}","{L2:1}",""
2973414023373,PHASE_B,145222,9043,SEAL,0,2,32,"","8","","0","","1","","64",0,0,0,"{L2:1}","{L0:1, L2:1}",""
2973414032549,PHASE_B,145540,9107,SEAL,0,3,32,"","9","","0","","1","","64",0,0,0,"{L0:1, L2:1}","{L0:2, L2:1}",""
2973414032589,PHASE_B,145540,9107,MERGE_SUBMIT,0,3,32,"","","","","","","","",0,0,0,"{L0:2, L2:1}","{L0:2, L2:1}",""
2973414033060,PHASE_B,145540,9107,MERGE_START,0,3,32,"[8,9]","","[0,0]","","[1,1]","","[64,64]","",13,0,0,"{L0:2, L2:1}","{L0:2, L2:1}",""
2973414033149,PHASE_B,145544,9109,MERGE_DONE,0,0,0,"","10","","1","","2","","128",13,553,95,"","",""
2973414033153,PHASE_B,145545,9109,MERGE_PUBLISH,0,2,32,"","10","","1","","2","","128",13,557,99,"{L0:2, L2:1}","{L1:1, L2:1}",""
2973414041953,PHASE_B,145869,9172,SEAL,0,3,32,"","11","","0","","1","","64",0,0,0,"{L1:1, L2:1}","{L0:1, L1:1, L2:1}",""
2973414050837,PHASE_B,146188,9236,SEAL,0,4,32,"","12","","0","","1","","64",0,0,0,"{L0:1, L1:1, L2:1}","{L0:2, L1:1, L2:1}",""
2973414050880,PHASE_B,146188,9236,MERGE_SUBMIT,0,4,32,"","","","","","","","",0,0,0,"{L0:2, L1:1, L2:1}","{L0:2, L1:1, L2:1}",""
2973414050910,PHASE_B,146188,9236,MERGE_START,0,4,32,"[11,12]","","[0,0]","","[1,1]","","[64,64]","",19,0,0,"{L0:2, L1:1, L2:1}","{L0:2, L1:1, L2:1}",""
2973414051229,PHASE_B,146194,9239,MERGE_DONE,0,0,0,"","13","","1","","2","","128",19,334,333,"","",""
2973414051245,PHASE_B,146194,9239,MERGE_PUBLISH,0,3,32,"","13","","1","","2","","128",19,346,344,"{L0:2, L1:1, L2:1}","{L1:2, L2:1}",""
2973414051268,PHASE_B,146194,9239,MERGE_SUBMIT,2,3,32,"","","","","","","","",0,0,0,"{L1:2, L2:1}","{L1:2, L2:1}",""
2973414051275,PHASE_B,146194,9239,MERGE_START,0,3,32,"[10,13]","","[1,1]","","[2,2]","","[128,128]","",11,0,0,"{L1:2, L2:1}","{L1:2, L2:1}",""
2973414051454,PHASE_B,146195,9239,MERGE_DONE,0,0,0,"","14","","2","","4","","256",11,182,182,"","",""
2973414051458,PHASE_B,146195,9239,MERGE_PUBLISH,0,2,32,"","14","","2","","4","","256",11,185,185,"{L1:2, L2:1}","{L2:2}",""
2973414051462,PHASE_B,146195,9239,MERGE_SUBMIT,2,2,32,"","","","","","","","",0,0,0,"{L2:2}","{L2:2}",""
2973414051491,PHASE_B,146195,9239,MERGE_DISCARD,0,2,32,"","","","","","","","",22,0,0,"{L2:2}","{L2:2}",""
2973414061298,PHASE_B,146516,9301,SEAL,0,1,32,"","1","","0","","1","","64",0,0,0,"{}","{L0:1}",""
2973414069690,PHASE_B,146833,9366,SEAL,0,2,32,"","2","","0","","1","","64",0,0,0,"{L0:1}","{L0:2}",""
2973414069740,PHASE_B,146833,9366,MERGE_SUBMIT,0,2,32,"","","","","","","","",0,0,0,"{L0:2}","{L0:2}",""
2973414069771,PHASE_B,146834,9367,MERGE_START,0,2,32,"[1,2]","","[0,0]","","[1,1]","","[64,64]","",23,0,0,"{L0:2}","{L0:2}",""
2973414070119,PHASE_B,146857,9371,MERGE_DONE,0,0,0,"","3","","1","","2","","128",23,359,358,"","",""
2973414070132,PHASE_B,146858,9371,MERGE_PUBLISH,0,1,32,"","3","","1","","2","","128",23,371,370,"{L0:2}","{L1:1}",""
2973414077106,PHASE_B,147149,9429,SEAL,0,2,32,"","4","","0","","1","","64",0,0,0,"{L1:1}","{L0:1, L1:1}",""
2973414084362,PHASE_B,147474,9494,SEAL,0,3,32,"","5","","0","","1","","64",0,0,0,"{L0:1, L1:1}","{L0:2, L1:1}",""
2973414084377,PHASE_B,147475,9494,MERGE_SUBMIT,0,3,32,"","","","","","","","",0,0,0,"{L0:2, L1:1}","{L0:2, L1:1}",""
2973414084489,PHASE_B,147481,9496,MERGE_START,0,3,32,"[4,5]","","[0,0]","","[1,1]","","[64,64]","",92,0,0,"{L0:2, L1:1}","{L0:2, L1:1}",""
2973414084846,PHASE_B,147503,9498,MERGE_DONE,0,0,0,"","6","","1","","2","","128",92,374,373,"","",""
2973414084876,PHASE_B,147506,9500,MERGE_PUBLISH,0,2,32,"","6","","1","","2","","128",92,401,400,"{L0:2, L1:1}","{L1:2}",""
2973414084893,PHASE_B,147506,9500,MERGE_SUBMIT,5,2,32,"","","","","","","","",0,0,0,"{L1:2}","{L1:2}",""
2973414084901,PHASE_B,147506,9500,MERGE_START,0,2,32,"[3,6]","","[1,1]","","[2,2]","","[128,128]","",15,0,0,"{L1:2}","{L1:2}",""
2973414085072,PHASE_B,147509,9500,MERGE_DONE,0,0,0,"","7","","2","","4","","256",15,174,174,"","",""
2973414085083,PHASE_B,147509,9500,MERGE_PUBLISH,0,1,32,"","7","","2","","4","","256",15,184,180,"{L1:2}","{L2:1}",""
2973414092789,PHASE_B,147796,9558,SEAL,0,2,32,"","8","","0","","1","","64",0,0,0,"{L2:1}","{L0:1, L2:1}",""
2973414100879,PHASE_B,148116,9622,SEAL,0,3,32,"","9","","0","","1","","64",0,0,0,"{L0:1, L2:1}","{L0:2, L2:1}",""
2973414100919,PHASE_B,148116,9622,MERGE_SUBMIT,0,3,32,"","","","","","","","",0,0,0,"{L0:2, L2:1}","{L0:2, L2:1}",""
2973414101040,PHASE_B,148119,9623,MERGE_START,0,3,32,"[8,9]","","[0,0]","","[1,1]","","[64,64]","",108,0,0,"{L0:2, L2:1}","{L0:2, L2:1}",""
2973414101344,PHASE_B,148132,9625,MERGE_DONE,0,0,0,"","10","","1","","2","","128",108,319,319,"","",""
2973414101358,PHASE_B,148132,9625,MERGE_PUBLISH,0,2,32,"","10","","1","","2","","128",108,332,331,"{L0:2, L2:1}","{L1:1, L2:1}",""
2973414109072,PHASE_B,148429,9684,SEAL,0,3,32,"","11","","0","","1","","64",0,0,0,"{L1:1, L2:1}","{L0:1, L1:1, L2:1}",""
2973414117101,PHASE_B,148746,9749,SEAL,0,4,32,"","12","","0","","1","","64",0,0,0,"{L0:1, L1:1, L2:1}","{L0:2, L1:1, L2:1}",""
2973414117144,PHASE_B,148746,9749,MERGE_SUBMIT,0,4,32,"","","","","","","","",0,0,0,"{L0:2, L1:1, L2:1}","{L0:2, L1:1, L2:1}",""
2973414117246,PHASE_B,148751,9752,MERGE_START,0,4,32,"[11,12]","","[0,0]","","[1,1]","","[64,64]","",87,0,0,"{L0:2, L1:1, L2:1}","{L0:2, L1:1, L2:1}",""
2973414117549,PHASE_B,148754,9752,MERGE_DONE,0,0,0,"","13","","1","","2","","128",87,323,322,"","",""
2973414117566,PHASE_B,148754,9752,MERGE_PUBLISH,0,3,32,"","13","","1","","2","","128",87,335,334,"{L0:2, L1:1, L2:1}","{L1:2, L2:1}",""
2973414126256,PHASE_B,149079,9815,SEAL,0,1,32,"","1","","0","","1","","64",0,0,0,"{}","{L0:1}",""
2973414133803,PHASE_B,149391,9879,SEAL,0,2,32,"","2","","0","","1","","64",0,0,0,"{L0:1}","{L0:2}",""
2973414133839,PHASE_B,149391,9879,MERGE_SUBMIT,0,2,32,"","","","","","","","",0,0,0,"{L0:2}","{L0:2}",""
2973414133848,PHASE_B,149391,9879,MERGE_START,0,2,32,"[1,2]","","[0,0]","","[1,1]","","[64,64]","",10,0,0,"{L0:2}","{L0:2}",""
2973414133934,PHASE_B,149403,9880,MERGE_DONE,0,0,0,"","3","","1","","2","","128",10,89,89,"","",""
2973414133937,PHASE_B,149404,9880,MERGE_PUBLISH,0,1,32,"","3","","1","","2","","128",10,93,92,"{L0:2}","{L1:1}",""
2973414151701,PHASE_B,149708,9939,SEAL,0,2,32,"","4","","0","","1","","64",0,0,0,"{L1:1}","{L0:1, L1:1}",""
2973414171836,PHASE_B,150042,10007,SEAL,0,3,32,"","5","","0","","1","","64",0,0,0,"{L0:1, L1:1}","{L0:2, L1:1}",""
2973414171887,PHASE_B,150042,10007,MERGE_SUBMIT,0,3,32,"","","","","","","","",0,0,0,"{L0:2, L1:1}","{L0:2, L1:1}",""
2973414171993,PHASE_B,150042,10007,MERGE_START,0,3,32,"[4,5]","","[0,0]","","[1,1]","","[64,64]","",91,0,0,"{L0:2, L1:1}","{L0:2, L1:1}",""
2973414172313,PHASE_B,150061,10012,MERGE_DONE,0,0,0,"","6","","1","","2","","128",91,337,336,"","",""
2973414172327,PHASE_B,150061,10012,MERGE_PUBLISH,0,2,32,"","6","","1","","2","","128",91,349,347,"{L0:2, L1:1}","{L1:2}",""
2973414172341,PHASE_B,150061,10012,MERGE_SUBMIT,4,2,32,"","","","","","","","",0,0,0,"{L1:2}","{L1:2}",""
2973414172410,PHASE_B,150067,10013,MERGE_START,0,2,32,"[3,6]","","[1,1]","","[2,2]","","[128,128]","",64,0,0,"{L1:2}","{L1:2}",""
2973414172949,PHASE_B,150075,10013,MERGE_DONE,0,0,0,"","7","","2","","4","","256",64,549,549,"","",""
2973414172958,PHASE_B,150075,10013,MERGE_PUBLISH,0,1,32,"","7","","2","","4","","256",64,557,557,"{L1:2}","{L2:1}",""
2973414190710,PHASE_B,150358,10071,SEAL,0,2,32,"","8","","0","","1","","64",0,0,0,"{L2:1}","{L0:1, L2:1}",""
2973414214985,PHASE_B,150683,10135,SEAL,0,3,32,"","9","","0","","1","","64",0,0,0,"{L0:1, L2:1}","{L0:2, L2:1}",""
2973414215050,PHASE_B,150683,10135,MERGE_SUBMIT,0,3,32,"","","","","","","","",0,0,0,"{L0:2, L2:1}","{L0:2, L2:1}",""
2973414215054,PHASE_B,150683,10135,MERGE_START,0,3,32,"[8,9]","","[0,0]","","[1,1]","","[64,64]","",11,0,0,"{L0:2, L2:1}","{L0:2, L2:1}",""
2973414215169,PHASE_B,150685,10137,MERGE_DONE,0,0,0,"","10","","1","","2","","128",11,117,117,"","",""
2973414215173,PHASE_B,150685,10137,MERGE_PUBLISH,0,2,32,"","10","","1","","2","","128",11,121,120,"{L0:2, L2:1}","{L1:1, L2:1}",""
2973414232951,PHASE_B,150999,10197,SEAL,0,3,32,"","11","","0","","1","","64",0,0,0,"{L1:1, L2:1}","{L0:1, L1:1, L2:1}",""
2973414252181,PHASE_B,151317,10261,SEAL,0,4,32,"","12","","0","","1","","64",0,0,0,"{L0:1, L1:1, L2:1}","{L0:2, L1:1, L2:1}",""
2973414252224,PHASE_B,151317,10261,MERGE_SUBMIT,0,4,32,"","","","","","","","",0,0,0,"{L0:2, L1:1, L2:1}","{L0:2, L1:1, L2:1}",""
2973414252329,PHASE_B,151319,10263,MERGE_START,0,4,32,"[11,12]","","[0,0]","","[1,1]","","[64,64]","",89,0,0,"{L0:2, L1:1, L2:1}","{L0:2, L1:1, L2:1}",""
2973414252639,PHASE_B,151332,10265,MERGE_DONE,0,0,0,"","13","","1","","2","","128",89,329,328,"","",""
2973414252655,PHASE_B,151332,10265,MERGE_PUBLISH,0,3,32,"","13","","1","","2","","128",89,342,340,"{L0:2, L1:1, L2:1}","{L1:2, L2:1}",""
2973414278409,PHASE_B,151651,10327,SEAL,0,1,32,"","1","","0","","1","","64",0,0,0,"{}","{L0:1}",""
2973414309550,PHASE_B,151964,10391,SEAL,0,2,32,"","2","","0","","1","","64",0,0,0,"{L0:1}","{L0:2}",""
2973414309593,PHASE_B,151964,10391,MERGE_SUBMIT,0,2,32,"","","","","","","","",0,0,0,"{L0:2}","{L0:2}",""
2973414309697,PHASE_B,151964,10391,MERGE_START,0,2,32,"[1,2]","","[0,0]","","[1,1]","","[64,64]","",93,0,0,"{L0:2}","{L0:2}",""
2973414310095,PHASE_B,151982,10396,MERGE_DONE,0,0,0,"","3","","1","","2","","128",93,412,386,"","",""
2973414310110,PHASE_B,151982,10396,MERGE_PUBLISH,0,1,32,"","3","","1","","2","","128",93,425,398,"{L0:2}","{L1:1}",""
2973414340118,PHASE_B,152276,10455,SEAL,0,2,32,"","4","","0","","1","","64",0,0,0,"{L1:1}","{L0:1, L1:1}",""
2973414374514,PHASE_B,152603,10520,SEAL,0,3,32,"","5","","0","","1","","64",0,0,0,"{L0:1, L1:1}","{L0:2, L1:1}",""
2973414374554,PHASE_B,152603,10520,MERGE_SUBMIT,0,3,32,"","","","","","","","",0,0,0,"{L0:2, L1:1}","{L0:2, L1:1}",""
2973414374562,PHASE_B,152603,10520,MERGE_START,0,3,32,"[4,5]","","[0,0]","","[1,1]","","[64,64]","",11,0,0,"{L0:2, L1:1}","{L0:2, L1:1}",""
2973414374670,PHASE_B,152608,10521,MERGE_DONE,0,0,0,"","6","","1","","2","","128",11,111,111,"","",""
2973414374673,PHASE_B,152608,10521,MERGE_PUBLISH,0,2,32,"","6","","1","","2","","128",11,114,113,"{L0:2, L1:1}","{L1:2}",""
2973414374677,PHASE_B,152608,10521,MERGE_SUBMIT,0,2,32,"","","","","","","","",0,0,0,"{L1:2}","{L1:2}",""
2973414374699,PHASE_B,152608,10521,MERGE_START,0,2,32,"[3,6]","","[1,1]","","[2,2]","","[128,128]","",23,0,0,"{L1:2}","{L1:2}",""
2973414374860,PHASE_B,152608,10521,MERGE_DONE,0,0,0,"","7","","2","","4","","256",23,160,160,"","",""
2973414374863,PHASE_B,152608,10521,MERGE_PUBLISH,0,1,32,"","7","","2","","4","","256",23,163,163,"{L1:2}","{L2:1}",""
2973414406798,PHASE_B,152919,10582,SEAL,0,2,32,"","8","","0","","1","","64",0,0,0,"{L2:1}","{L0:1, L2:1}",""
2973414422594,PHASE_B,153242,10648,SEAL,0,3,32,"","9","","0","","1","","64",0,0,0,"{L0:1, L2:1}","{L0:2, L2:1}",""
2973414422641,PHASE_B,153242,10648,MERGE_SUBMIT,0,3,32,"","","","","","","","",0,0,0,"{L0:2, L2:1}","{L0:2, L2:1}",""
2973414422694,PHASE_B,153246,10649,MERGE_START,0,3,32,"[8,9]","","[0,0]","","[1,1]","","[64,64]","",39,0,0,"{L0:2, L2:1}","{L0:2, L2:1}",""
2973414423019,PHASE_B,153262,10652,MERGE_DONE,0,0,0,"","10","","1","","2","","128",39,343,342,"","",""
2973414423034,PHASE_B,153262,10652,MERGE_PUBLISH,0,2,32,"","10","","1","","2","","128",39,355,353,"{L0:2, L2:1}","{L1:1, L2:1}",""
2973414431269,PHASE_B,153561,10711,SEAL,0,3,32,"","11","","0","","1","","64",0,0,0,"{L1:1, L2:1}","{L0:1, L1:1, L2:1}",""
2973414439801,PHASE_B,153887,10776,SEAL,0,4,32,"","12","","0","","1","","64",0,0,0,"{L0:1, L1:1, L2:1}","{L0:2, L1:1, L2:1}",""
2973414439843,PHASE_B,153887,10776,MERGE_SUBMIT,0,4,32,"","","","","","","","",0,0,0,"{L0:2, L1:1, L2:1}","{L0:2, L1:1, L2:1}",""
2973414439850,PHASE_B,153887,10776,MERGE_START,0,4,32,"[11,12]","","[0,0]","","[1,1]","","[64,64]","",11,0,0,"{L0:2, L1:1, L2:1}","{L0:2, L1:1, L2:1}",""
2973414439957,PHASE_B,153891,10778,MERGE_DONE,0,0,0,"","13","","1","","2","","128",11,111,111,"","",""
2973414439962,PHASE_B,153891,10778,MERGE_PUBLISH,0,3,32,"","13","","1","","2","","128",11,115,114,"{L0:2, L1:1, L2:1}","{L1:2, L2:1}",""
2973414439966,PHASE_B,153891,10778,MERGE_SUBMIT,1,3,32,"","","","","","","","",0,0,0,"{L1:2, L2:1}","{L1:2, L2:1}",""
2973414439978,PHASE_B,153891,10778,MERGE_START,0,3,32,"[10,13]","","[1,1]","","[2,2]","","[128,128]","",7,0,0,"{L1:2, L2:1}","{L1:2, L2:1}",""
2973414440239,PHASE_B,153892,10778,MERGE_DONE,0,0,0,"","14","","2","","4","","256",7,265,265,"","",""
2973414440248,PHASE_B,153892,10778,MERGE_PUBLISH,0,2,32,"","14","","2","","4","","256",7,273,273,"{L1:2, L2:1}","{L2:2}",""
2973414440253,PHASE_B,153892,10778,MERGE_SUBMIT,1,2,32,"","","","","","","","",0,0,0,"{L2:2}","{L2:2}",""
2973414440280,PHASE_B,153892,10778,MERGE_START,0,2,32,"[7,14]","","[2,2]","","[4,4]","","[256,256]","",17,0,0,"{L2:2}","{L2:2}",""
2973414441388,PHASE_B,153892,10778,MERGE_DONE,0,0,0,"","15","","3","","8","","512",17,1117,1117,"","",""
2973414441392,PHASE_B,153892,10778,MERGE_DISCARD,0,2,32,"","","","","","","","",17,1122,0,"{L2:2}","{L2:2}",""
2973414449926,PHASE_B,154204,10841,SEAL,0,1,32,"","1","","0","","1","","64",0,0,0,"{}","{L0:1}",""
2973414458316,PHASE_B,154522,10904,SEAL,0,2,32,"","2","","0","","1","","64",0,0,0,"{L0:1}","{L0:2}",""
2973414458354,PHASE_B,154522,10904,MERGE_SUBMIT,0,2,32,"","","","","","","","",0,0,0,"{L0:2}","{L0:2}",""
2973414458361,PHASE_B,154522,10904,MERGE_START,0,2,32,"[1,2]","","[0,0]","","[1,1]","","[64,64]","",10,0,0,"{L0:2}","{L0:2}",""
2973414458484,PHASE_B,154526,10907,MERGE_DONE,0,0,0,"","3","","1","","2","","128",10,126,126,"","",""
2973414458487,PHASE_B,154526,10907,MERGE_PUBLISH,0,1,32,"","3","","1","","2","","128",10,128,128,"{L0:2}","{L1:1}",""
2973414466821,PHASE_B,154851,10969,SEAL,0,2,32,"","4","","0","","1","","64",0,0,0,"{L1:1}","{L0:1, L1:1}",""
2973414475136,PHASE_B,155171,11033,SEAL,0,3,32,"","5","","0","","1","","64",0,0,0,"{L0:1, L1:1}","{L0:2, L1:1}",""
2973414475177,PHASE_B,155171,11033,MERGE_SUBMIT,0,3,32,"","","","","","","","",0,0,0,"{L0:2, L1:1}","{L0:2, L1:1}",""
2973414475197,PHASE_B,155172,11034,MERGE_START,0,3,32,"[4,5]","","[0,0]","","[1,1]","","[64,64]","",19,0,0,"{L0:2, L1:1}","{L0:2, L1:1}",""
2973414475401,PHASE_B,155183,11036,MERGE_DONE,0,0,0,"","6","","1","","2","","128",19,211,211,"","",""
2973414475407,PHASE_B,155183,11036,MERGE_PUBLISH,0,2,32,"","6","","1","","2","","128",19,216,216,"{L0:2, L1:1}","{L1:2}",""
2973414475414,PHASE_B,155183,11036,MERGE_SUBMIT,2,2,32,"","","","","","","","",0,0,0,"{L1:2}","{L1:2}",""
2973414475474,PHASE_B,155184,11036,MERGE_START,0,2,32,"[3,6]","","[1,1]","","[2,2]","","[128,128]","",59,0,0,"{L1:2}","{L1:2}",""
2973414475789,PHASE_B,155194,11040,MERGE_DONE,0,0,0,"","7","","2","","4","","256",59,316,316,"","",""
2973414475795,PHASE_B,155194,11040,MERGE_PUBLISH,0,1,32,"","7","","2","","4","","256",59,322,322,"{L1:2}","{L2:1}",""
2973414483779,PHASE_B,155492,11096,SEAL,0,2,32,"","8","","0","","1","","64",0,0,0,"{L2:1}","{L0:1, L2:1}",""
2973414492082,PHASE_B,155800,11158,SEAL,0,3,32,"","9","","0","","1","","64",0,0,0,"{L0:1, L2:1}","{L0:2, L2:1}",""
2973414492129,PHASE_B,155800,11158,MERGE_SUBMIT,0,3,32,"","","","","","","","",0,0,0,"{L0:2, L2:1}","{L0:2, L2:1}",""
2973414492134,PHASE_B,155800,11158,MERGE_START,0,3,32,"[8,9]","","[0,0]","","[1,1]","","[64,64]","",10,0,0,"{L0:2, L2:1}","{L0:2, L2:1}",""
2973414492258,PHASE_B,155806,11163,MERGE_DONE,0,0,0,"","10","","1","","2","","128",10,126,126,"","",""
2973414492265,PHASE_B,155806,11163,MERGE_PUBLISH,0,2,32,"","10","","1","","2","","128",10,132,132,"{L0:2, L2:1}","{L1:1, L2:1}",""
2973414500483,PHASE_B,156128,11223,SEAL,0,3,32,"","11","","0","","1","","64",0,0,0,"{L1:1, L2:1}","{L0:1, L1:1, L2:1}",""
2973414508966,PHASE_B,156449,11289,SEAL,0,4,32,"","12","","0","","1","","64",0,0,0,"{L0:1, L1:1, L2:1}","{L0:2, L1:1, L2:1}",""
2973414509022,PHASE_B,156449,11289,MERGE_SUBMIT,0,4,32,"","","","","","","","",0,0,0,"{L0:2, L1:1, L2:1}","{L0:2, L1:1, L2:1}",""
2973414509127,PHASE_B,156452,11291,MERGE_START,0,4,32,"[11,12]","","[0,0]","","[1,1]","","[64,64]","",103,0,0,"{L0:2, L1:1, L2:1}","{L0:2, L1:1, L2:1}",""
2973414509486,PHASE_B,156454,11291,MERGE_DONE,0,0,0,"","13","","1","","2","","128",103,378,377,"","",""
2973414509494,PHASE_B,156454,11291,MERGE_DISCARD,0,4,32,"","","","","","","","",103,386,0,"{L0:2, L1:1, L2:1}","{L0:2, L1:1, L2:1}",""
2973414518663,PHASE_B,156765,11352,SEAL,0,1,32,"","1","","0","","1","","64",0,0,0,"{}","{L0:1}",""
2973414526954,PHASE_B,157090,11416,SEAL,0,2,32,"","2","","0","","1","","64",0,0,0,"{L0:1}","{L0:2}",""
2973414527015,PHASE_B,157090,11416,MERGE_SUBMIT,0,2,32,"","","","","","","","",0,0,0,"{L0:2}","{L0:2}",""
2973414527031,PHASE_B,157090,11416,MERGE_START,0,2,32,"[1,2]","","[0,0]","","[1,1]","","[64,64]","",24,0,0,"{L0:2}","{L0:2}",""
2973414527334,PHASE_B,157104,11422,MERGE_DONE,0,0,0,"","3","","1","","2","","128",24,311,311,"","",""
2973414527343,PHASE_B,157104,11422,MERGE_PUBLISH,0,1,32,"","3","","1","","2","","128",24,319,318,"{L0:2}","{L1:1}",""
2973414535273,PHASE_B,157410,11482,SEAL,0,2,32,"","4","","0","","1","","64",0,0,0,"{L1:1}","{L0:1, L1:1}",""
2973414543444,PHASE_B,157730,11545,SEAL,0,3,32,"","5","","0","","1","","64",0,0,0,"{L0:1, L1:1}","{L0:2, L1:1}",""
2973414543488,PHASE_B,157730,11545,MERGE_SUBMIT,0,3,32,"","","","","","","","",0,0,0,"{L0:2, L1:1}","{L0:2, L1:1}",""
2973414543494,PHASE_B,157730,11545,MERGE_START,0,3,32,"[4,5]","","[0,0]","","[1,1]","","[64,64]","",10,0,0,"{L0:2, L1:1}","{L0:2, L1:1}",""
2973414543602,PHASE_B,157741,11547,MERGE_DONE,0,0,0,"","6","","1","","2","","128",10,111,111,"","",""
2973414543606,PHASE_B,157741,11547,MERGE_PUBLISH,0,2,32,"","6","","1","","2","","128",10,114,114,"{L0:2, L1:1}","{L1:2}",""
2973414543609,PHASE_B,157741,11547,MERGE_SUBMIT,1,2,32,"","","","","","","","",0,0,0,"{L1:2}","{L1:2}",""
2973414543639,PHASE_B,157743,11547,MERGE_START,0,2,32,"[3,6]","","[1,1]","","[2,2]","","[128,128]","",30,0,0,"{L1:2}","{L1:2}",""
2973414543802,PHASE_B,157749,11549,MERGE_DONE,0,0,0,"","7","","2","","4","","256",30,163,163,"","",""
2973414543806,PHASE_B,157749,11549,MERGE_PUBLISH,0,1,32,"","7","","2","","4","","256",30,166,166,"{L1:2}","{L2:1}",""
2973414551607,PHASE_B,158047,11607,SEAL,0,2,32,"","8","","0","","1","","64",0,0,0,"{L2:1}","{L0:1, L2:1}",""
2973414559812,PHASE_B,158372,11673,SEAL,0,3,32,"","9","","0","","1","","64",0,0,0,"{L0:1, L2:1}","{L0:2, L2:1}",""
2973414559857,PHASE_B,158372,11673,MERGE_SUBMIT,0,3,32,"","","","","","","","",0,0,0,"{L0:2, L2:1}","{L0:2, L2:1}",""
2973414559884,PHASE_B,158373,11674,MERGE_START,0,3,32,"[8,9]","","[0,0]","","[1,1]","","[64,64]","",21,0,0,"{L0:2, L2:1}","{L0:2, L2:1}",""
2973414560230,PHASE_B,158394,11677,MERGE_DONE,0,0,0,"","10","","1","","2","","128",21,356,355,"","",""
2973414560243,PHASE_B,158396,11678,MERGE_PUBLISH,0,2,32,"","10","","1","","2","","128",21,365,365,"{L0:2, L2:1}","{L1:1, L2:1}",""
2973414567860,PHASE_B,158693,11736,SEAL,0,3,32,"","11","","0","","1","","64",0,0,0,"{L1:1, L2:1}","{L0:1, L1:1, L2:1}",""
2973414576110,PHASE_B,159012,11802,SEAL,0,4,32,"","12","","0","","1","","64",0,0,0,"{L0:1, L1:1, L2:1}","{L0:2, L1:1, L2:1}",""
2973414576152,PHASE_B,159012,11802,MERGE_SUBMIT,0,4,32,"","","","","","","","",0,0,0,"{L0:2, L1:1, L2:1}","{L0:2, L1:1, L2:1}",""
2973414576258,PHASE_B,159012,11802,MERGE_START,0,4,32,"[11,12]","","[0,0]","","[1,1]","","[64,64]","",90,0,0,"{L0:2, L1:1, L2:1}","{L0:2, L1:1, L2:1}",""
2973414576566,PHASE_B,159025,11805,MERGE_DONE,0,0,0,"","13","","1","","2","","128",90,328,327,"","",""
2973414576598,PHASE_B,159025,11805,MERGE_PUBLISH,0,3,32,"","13","","1","","2","","128",90,356,355,"{L0:2, L1:1, L2:1}","{L1:2, L2:1}",""
2973414576614,PHASE_B,159025,11805,MERGE_SUBMIT,2,3,32,"","","","","","","","",0,0,0,"{L1:2, L2:1}","{L1:2, L2:1}",""
2973414576621,PHASE_B,159025,11805,MERGE_START,0,3,32,"[10,13]","","[1,1]","","[2,2]","","[128,128]","",13,0,0,"{L1:2, L2:1}","{L1:2, L2:1}",""
2973414576806,PHASE_B,159025,11805,MERGE_DONE,0,0,0,"","14","","2","","4","","256",13,187,187,"","",""
2973414576808,PHASE_B,159025,11805,MERGE_DISCARD,0,3,32,"","","","","","","","",13,189,0,"{L1:2, L2:1}","{L1:2, L2:1}",""
2973414585822,PHASE_B,159352,11868,SEAL,0,1,32,"","1","","0","","1","","64",0,0,0,"{}","{L0:1}",""
2973414593919,PHASE_B,159670,11932,SEAL,0,2,32,"","2","","0","","1","","64",0,0,0,"{L0:1}","{L0:2}",""
2973414593957,PHASE_B,159670,11932,MERGE_SUBMIT,0,2,32,"","","","","","","","",0,0,0,"{L0:2}","{L0:2}",""
2973414593980,PHASE_B,159670,11932,MERGE_START,0,2,32,"[1,2]","","[0,0]","","[1,1]","","[64,64]","",19,0,0,"{L0:2}","{L0:2}",""
2973414594260,PHASE_B,159679,11935,MERGE_DONE,0,0,0,"","3","","1","","2","","128",19,289,289,"","",""
2973414594264,PHASE_B,159679,11935,MERGE_PUBLISH,0,1,32,"","3","","1","","2","","128",19,293,293,"{L0:2}","{L1:1}",""
2973414601866,PHASE_B,159991,11996,SEAL,0,2,32,"","4","","0","","1","","64",0,0,0,"{L1:1}","{L0:1, L1:1}",""
2973414609741,PHASE_B,160307,12059,SEAL,0,3,32,"","5","","0","","1","","64",0,0,0,"{L0:1, L1:1}","{L0:2, L1:1}",""
2973414609786,PHASE_B,160307,12059,MERGE_SUBMIT,0,3,32,"","","","","","","","",0,0,0,"{L0:2, L1:1}","{L0:2, L1:1}",""
2973414609821,PHASE_B,160307,12059,MERGE_START,0,3,32,"[4,5]","","[0,0]","","[1,1]","","[64,64]","",24,0,0,"{L0:2, L1:1}","{L0:2, L1:1}",""
2973414610121,PHASE_B,160317,12064,MERGE_DONE,0,0,0,"","6","","1","","2","","128",24,314,314,"","",""
2973414610134,PHASE_B,160317,12064,MERGE_PUBLISH,0,2,32,"","6","","1","","2","","128",24,324,324,"{L0:2, L1:1}","{L1:2}",""
2973414610158,PHASE_B,160318,12064,MERGE_SUBMIT,3,2,32,"","","","","","","","",0,0,0,"{L1:2}","{L1:2}",""
2973414610165,PHASE_B,160318,12064,MERGE_START,0,2,32,"[3,6]","","[1,1]","","[2,2]","","[128,128]","",11,0,0,"{L1:2}","{L1:2}",""
2973414610362,PHASE_B,160335,12066,MERGE_DONE,0,0,0,"","7","","2","","4","","256",11,199,199,"","",""
2973414610365,PHASE_B,160335,12066,MERGE_PUBLISH,0,1,32,"","7","","2","","4","","256",11,202,202,"{L1:2}","{L2:1}",""
2973414617784,PHASE_B,160615,12121,SEAL,0,2,32,"","8","","0","","1","","64",0,0,0,"{L2:1}","{L0:1, L2:1}",""
2973414625922,PHASE_B,160931,12186,SEAL,0,3,32,"","9","","0","","1","","64",0,0,0,"{L0:1, L2:1}","{L0:2, L2:1}",""
2973414625965,PHASE_B,160931,12186,MERGE_SUBMIT,0,3,32,"","","","","","","","",0,0,0,"{L0:2, L2:1}","{L0:2, L2:1}",""
2973414625989,PHASE_B,160931,12186,MERGE_START,0,3,32,"[8,9]","","[0,0]","","[1,1]","","[64,64]","",19,0,0,"{L0:2, L2:1}","{L0:2, L2:1}",""
2973414626213,PHASE_B,160958,12190,MERGE_DONE,0,0,0,"","10","","1","","2","","128",19,233,233,"","",""
2973414626223,PHASE_B,160958,12190,MERGE_PUBLISH,0,2,32,"","10","","1","","2","","128",19,242,242,"{L0:2, L2:1}","{L1:1, L2:1}",""
2973414633902,PHASE_B,161266,12251,SEAL,0,3,32,"","11","","0","","1","","64",0,0,0,"{L1:1, L2:1}","{L0:1, L1:1, L2:1}",""
2973414642030,PHASE_B,161590,12316,SEAL,0,4,32,"","12","","0","","1","","64",0,0,0,"{L0:1, L1:1, L2:1}","{L0:2, L1:1, L2:1}",""
2973414642080,PHASE_B,161590,12316,MERGE_SUBMIT,0,4,32,"","","","","","","","",0,0,0,"{L0:2, L1:1, L2:1}","{L0:2, L1:1, L2:1}",""
2973414642184,PHASE_B,161592,12318,MERGE_START,0,4,32,"[11,12]","","[0,0]","","[1,1]","","[64,64]","",90,0,0,"{L0:2, L1:1, L2:1}","{L0:2, L1:1, L2:1}",""
2973414642499,PHASE_B,161593,12318,MERGE_DONE,0,0,0,"","13","","1","","2","","128",90,333,332,"","",""
2973414642506,PHASE_B,161593,12318,MERGE_DISCARD,0,4,32,"","","","","","","","",90,341,0,"{L0:2, L1:1, L2:1}","{L0:2, L1:1, L2:1}",""
2973414651660,PHASE_B,161916,12381,SEAL,0,1,32,"","1","","0","","1","","64",0,0,0,"{}","{L0:1}",""
2973414659904,PHASE_B,162222,12445,SEAL,0,2,32,"","2","","0","","1","","64",0,0,0,"{L0:1}","{L0:2}",""
2973414659948,PHASE_B,162222,12445,MERGE_SUBMIT,0,2,32,"","","","","","","","",0,0,0,"{L0:2}","{L0:2}",""
2973414659955,PHASE_B,162222,12445,MERGE_START,0,2,32,"[1,2]","","[0,0]","","[1,1]","","[64,64]","",11,0,0,"{L0:2}","{L0:2}",""
2973414660058,PHASE_B,162230,12446,MERGE_DONE,0,0,0,"","3","","1","","2","","128",11,105,105,"","",""
2973414660061,PHASE_B,162230,12446,MERGE_PUBLISH,0,1,32,"","3","","1","","2","","128",11,108,107,"{L0:2}","{L1:1}",""
2973414676968,PHASE_B,162546,12507,SEAL,0,2,32,"","4","","0","","1","","64",0,0,0,"{L1:1}","{L0:1, L1:1}",""
2973414699242,PHASE_B,162867,12573,SEAL,0,3,32,"","5","","0","","1","","64",0,0,0,"{L0:1, L1:1}","{L0:2, L1:1}",""
2973414699282,PHASE_B,162867,12573,MERGE_SUBMIT,0,3,32,"","","","","","","","",0,0,0,"{L0:2, L1:1}","{L0:2, L1:1}",""
2973414699308,PHASE_B,162867,12573,MERGE_START,0,3,32,"[4,5]","","[0,0]","","[1,1]","","[64,64]","",21,0,0,"{L0:2, L1:1}","{L0:2, L1:1}",""
2973414699607,PHASE_B,162871,12575,MERGE_DONE,0,0,0,"","6","","1","","2","","128",21,308,308,"","",""
2973414699617,PHASE_B,162879,12576,MERGE_PUBLISH,0,2,32,"","6","","1","","2","","128",21,315,315,"{L0:2, L1:1}","{L1:2}",""
2973414699627,PHASE_B,162879,12576,MERGE_SUBMIT,2,2,32,"","","","","","","","",0,0,0,"{L1:2}","{L1:2}",""
2973414699695,PHASE_B,162882,12576,MERGE_START,0,2,32,"[3,6]","","[1,1]","","[2,2]","","[128,128]","",70,0,0,"{L1:2}","{L1:2}",""
2973414700070,PHASE_B,162899,12580,MERGE_DONE,0,0,0,"","7","","2","","4","","256",70,377,377,"","",""
2973414700076,PHASE_B,162899,12580,MERGE_PUBLISH,0,1,32,"","7","","2","","4","","256",70,382,382,"{L1:2}","{L2:1}",""
2973414707616,PHASE_B,163188,12636,SEAL,0,2,32,"","8","","0","","1","","64",0,0,0,"{L2:1}","{L0:1, L2:1}",""
2973414715602,PHASE_B,163507,12699,SEAL,0,3,32,"","9","","0","","1","","64",0,0,0,"{L0:1, L2:1}","{L0:2, L2:1}",""
2973414715654,PHASE_B,163507,12699,MERGE_SUBMIT,0,3,32,"","","","","","","","",0,0,0,"{L0:2, L2:1}","{L0:2, L2:1}",""
2973414715661,PHASE_B,163507,12699,MERGE_START,0,3,32,"[8,9]","","[0,0]","","[1,1]","","[64,64]","",10,0,0,"{L0:2, L2:1}","{L0:2, L2:1}",""
2973414715789,PHASE_B,163514,12703,MERGE_DONE,0,0,0,"","10","","1","","2","","128",10,131,131,"","",""
2973414715793,PHASE_B,163514,12703,MERGE_PUBLISH,0,2,32,"","10","","1","","2","","128",10,134,134,"{L0:2, L2:1}","{L1:1, L2:1}",""
2973414723620,PHASE_B,163828,12765,SEAL,0,3,32,"","11","","0","","1","","64",0,0,0,"{L1:1, L2:1}","{L0:1, L1:1, L2:1}",""
2973414731757,PHASE_B,164137,12825,SEAL,0,4,32,"","12","","0","","1","","64",0,0,0,"{L0:1, L1:1, L2:1}","{L0:2, L1:1, L2:1}",""
2973414731809,PHASE_B,164137,12825,MERGE_SUBMIT,0,4,32,"","","","","","","","",0,0,0,"{L0:2, L1:1, L2:1}","{L0:2, L1:1, L2:1}",""
2973414731925,PHASE_B,164148,12830,MERGE_START,0,4,32,"[11,12]","","[0,0]","","[1,1]","","[64,64]","",100,0,0,"{L0:2, L1:1, L2:1}","{L0:2, L1:1, L2:1}",""
2973414732255,PHASE_B,164159,12831,MERGE_DONE,0,0,0,"","13","","1","","2","","128",100,350,349,"","",""
2973414732288,PHASE_B,164159,12831,MERGE_PUBLISH,0,3,32,"","13","","1","","2","","128",100,377,376,"{L0:2, L1:1, L2:1}","{L1:2, L2:1}",""
2973414740830,PHASE_B,164466,12891,SEAL,0,1,32,"","1","","0","","1","","64",0,0,0,"{}","{L0:1}",""
2973414760783,PHASE_B,164800,12957,SEAL,0,2,32,"","2","","0","","1","","64",0,0,0,"{L0:1}","{L0:2}",""
2973414760829,PHASE_B,164800,12957,MERGE_SUBMIT,0,2,32,"","","","","","","","",0,0,0,"{L0:2}","{L0:2}",""
2973414760855,PHASE_B,164800,12957,MERGE_START,0,2,32,"[1,2]","","[0,0]","","[1,1]","","[64,64]","",22,0,0,"{L0:2}","{L0:2}",""
2973414761361,PHASE_B,164800,12957,MERGE_DONE,0,0,0,"","3","","1","","2","","128",22,515,515,"","",""
2973414761385,PHASE_B,164805,12962,MERGE_PUBLISH,0,1,32,"","3","","1","","2","","128",22,528,527,"{L0:2}","{L1:1}",""
2973414770238,PHASE_B,165125,13022,SEAL,0,2,32,"","4","","0","","1","","64",0,0,0,"{L1:1}","{L0:1, L1:1}",""
2973414778921,PHASE_B,165433,13086,SEAL,0,3,32,"","5","","0","","1","","64",0,0,0,"{L0:1, L1:1}","{L0:2, L1:1}",""
2973414778961,PHASE_B,165433,13086,MERGE_SUBMIT,0,3,32,"","","","","","","","",0,0,0,"{L0:2, L1:1}","{L0:2, L1:1}",""
2973414778968,PHASE_B,165433,13086,MERGE_START,0,3,32,"[4,5]","","[0,0]","","[1,1]","","[64,64]","",11,0,0,"{L0:2, L1:1}","{L0:2, L1:1}",""
2973414779084,PHASE_B,165438,13088,MERGE_DONE,0,0,0,"","6","","1","","2","","128",11,118,118,"","",""
2973414779089,PHASE_B,165438,13088,MERGE_PUBLISH,0,2,32,"","6","","1","","2","","128",11,123,123,"{L0:2, L1:1}","{L1:2}",""
2973414779093,PHASE_B,165438,13088,MERGE_SUBMIT,1,2,32,"","","","","","","","",0,0,0,"{L1:2}","{L1:2}",""
2973414779120,PHASE_B,165438,13088,MERGE_START,0,2,32,"[3,6]","","[1,1]","","[2,2]","","[128,128]","",27,0,0,"{L1:2}","{L1:2}",""
2973414779270,PHASE_B,165446,13089,MERGE_DONE,0,0,0,"","7","","2","","4","","256",27,151,151,"","",""
2973414779273,PHASE_B,165446,13089,MERGE_PUBLISH,0,1,32,"","7","","2","","4","","256",27,153,153,"{L1:2}","{L2:1}",""
2973414787480,PHASE_B,165754,13149,SEAL,0,2,32,"","8","","0","","1","","64",0,0,0,"{L2:1}","{L0:1, L2:1}",""
2973414796117,PHASE_B,166071,13212,SEAL,0,3,32,"","9","","0","","1","","64",0,0,0,"{L0:1, L2:1}","{L0:2, L2:1}",""
2973414796159,PHASE_B,166071,13212,MERGE_SUBMIT,0,3,32,"","","","","","","","",0,0,0,"{L0:2, L2:1}","{L0:2, L2:1}",""
2973414796182,PHASE_B,166071,13212,MERGE_START,0,3,32,"[8,9]","","[0,0]","","[1,1]","","[64,64]","",18,0,0,"{L0:2, L2:1}","{L0:2, L2:1}",""
2973414796481,PHASE_B,166082,13216,MERGE_DONE,0,0,0,"","10","","1","","2","","128",18,309,309,"","",""
2973414796493,PHASE_B,166083,13216,MERGE_PUBLISH,0,2,32,"","10","","1","","2","","128",18,318,318,"{L0:2, L2:1}","{L1:1, L2:1}",""
2973414805144,PHASE_B,166397,13278,SEAL,0,3,32,"","11","","0","","1","","64",0,0,0,"{L1:1, L2:1}","{L0:1, L1:1, L2:1}",""
2973414813876,PHASE_B,166716,13341,SEAL,0,4,32,"","12","","0","","1","","64",0,0,0,"{L0:1, L1:1, L2:1}","{L0:2, L1:1, L2:1}",""
2973414813919,PHASE_B,166716,13341,MERGE_SUBMIT,0,4,32,"","","","","","","","",0,0,0,"{L0:2, L1:1, L2:1}","{L0:2, L1:1, L2:1}",""
2973414814039,PHASE_B,166719,13343,MERGE_START,0,4,32,"[11,12]","","[0,0]","","[1,1]","","[64,64]","",90,0,0,"{L0:2, L1:1, L2:1}","{L0:2, L1:1, L2:1}",""
2973414814354,PHASE_B,166729,13345,MERGE_DONE,0,0,0,"","13","","1","","2","","128",90,349,334,"","",""
2973414814371,PHASE_B,166729,13345,MERGE_PUBLISH,0,3,32,"","13","","1","","2","","128",90,362,346,"{L0:2, L1:1, L2:1}","{L1:2, L2:1}",""
2973414814387,PHASE_B,166730,13345,MERGE_SUBMIT,2,3,32,"","","","","","","","",0,0,0,"{L1:2, L2:1}","{L1:2, L2:1}",""
2973414814394,PHASE_B,166730,13345,MERGE_START,0,3,32,"[10,13]","","[1,1]","","[2,2]","","[128,128]","",12,0,0,"{L1:2, L2:1}","{L1:2, L2:1}",""
2973414814572,PHASE_B,166730,13345,MERGE_DONE,0,0,0,"","14","","2","","4","","256",12,182,182,"","",""
2973414814574,PHASE_B,166730,13345,MERGE_DISCARD,0,3,32,"","","","","","","","",12,183,0,"{L1:2, L2:1}","{L1:2, L2:1}",""
2973414824295,PHASE_B,167044,13408,SEAL,0,1,32,"","1","","0","","1","","64",0,0,0,"{}","{L0:1}",""
2973414832725,PHASE_B,167359,13470,SEAL,0,2,32,"","2","","0","","1","","64",0,0,0,"{L0:1}","{L0:2}",""
2973414832764,PHASE_B,167359,13470,MERGE_SUBMIT,0,2,32,"","","","","","","","",0,0,0,"{L0:2}","{L0:2}",""
2973414832785,PHASE_B,167359,13470,MERGE_START,0,2,32,"[1,2]","","[0,0]","","[1,1]","","[64,64]","",18,0,0,"{L0:2}","{L0:2}",""
2973414833061,PHASE_B,167377,13475,MERGE_DONE,0,0,0,"","3","","1","","2","","128",18,283,283,"","",""
2973414833070,PHASE_B,167378,13475,MERGE_PUBLISH,0,1,32,"","3","","1","","2","","128",18,290,290,"{L0:2}","{L1:1}",""
2973414841049,PHASE_B,167681,13536,SEAL,0,2,32,"","4","","0","","1","","64",0,0,0,"{L1:1}","{L0:1, L1:1}",""
2973414849151,PHASE_B,168008,13600,SEAL,0,3,32,"","5","","0","","1","","64",0,0,0,"{L0:1, L1:1}","{L0:2, L1:1}",""
2973414849195,PHASE_B,168008,13600,MERGE_SUBMIT,0,3,32,"","","","","","","","",0,0,0,"{L0:2, L1:1}","{L0:2, L1:1}",""
2973414849230,PHASE_B,168011,13601,MERGE_START,0,3,32,"[4,5]","","[0,0]","","[1,1]","","[64,64]","",28,0,0,"{L0:2, L1:1}","{L0:2, L1:1}",""
2973414849545,PHASE_B,168021,13604,MERGE_DONE,0,0,0,"","6","","1","","2","","128",28,330,329,"","",""
2973414849561,PHASE_B,168021,13604,MERGE_PUBLISH,0,2,32,"","6","","1","","2","","128",28,343,342,"{L0:2, L1:1}","{L1:2}",""
2973414849573,PHASE_B,168023,13604,MERGE_SUBMIT,3,2,32,"","","","","","","","",0,0,0,"{L1:2}","{L1:2}",""
2973414849584,PHASE_B,168024,13604,MERGE_START,0,2,32,"[3,6]","","[1,1]","","[2,2]","","[128,128]","",12,0,0,"{L1:2}","{L1:2}",""
2973414849800,PHASE_B,168030,13604,MERGE_DONE,0,0,0,"","7","","2","","4","","256",12,219,219,"","",""
2973414849804,PHASE_B,168030,13604,MERGE_PUBLISH,0,1,32,"","7","","2","","4","","256",12,223,223,"{L1:2}","{L2:1}",""
2973414857347,PHASE_B,168322,13664,SEAL,0,2,32,"","8","","0","","1","","64",0,0,0,"{L2:1}","{L0:1, L2:1}",""
2973414865354,PHASE_B,168653,13728,SEAL,0,3,32,"","9","","0","","1","","64",0,0,0,"{L0:1, L2:1}","{L0:2, L2:1}",""
2973414865404,PHASE_B,168653,13728,MERGE_SUBMIT,0,3,32,"","","","","","","","",0,0,0,"{L0:2, L2:1}","{L0:2, L2:1}",""
2973414865425,PHASE_B,168654,13729,MERGE_START,0,3,32,"[8,9]","","[0,0]","","[1,1]","","[64,64]","",17,0,0,"{L0:2, L2:1}","{L0:2, L2:1}",""
2973414865737,PHASE_B,168656,13729,MERGE_DONE,0,0,0,"","10","","1","","2","","128",17,320,320,"","",""
2973414865748,PHASE_B,168656,13729,MERGE_PUBLISH,0,2,32,"","10","","1","","2","","128",17,329,329,"{L0:2, L2:1}","{L1:1, L2:1}",""
2973414873585,PHASE_B,168963,13792,SEAL,0,3,32,"","11","","0","","1","","64",0,0,0,"{L1:1, L2:1}","{L0:1, L1:1, L2:1}",""
2973414881774,PHASE_B,169281,13854,SEAL,0,4,32,"","12","","0","","1","","64",0,0,0,"{L0:1, L1:1, L2:1}","{L0:2, L1:1, L2:1}",""
2973414881815,PHASE_B,169281,13854,MERGE_SUBMIT,0,4,32,"","","","","","","","",0,0,0,"{L0:2, L1:1, L2:1}","{L0:2, L1:1, L2:1}",""
2973414881869,PHASE_B,169281,13854,MERGE_START,0,4,32,"[11,12]","","[0,0]","","[1,1]","","[64,64]","",39,0,0,"{L0:2, L1:1, L2:1}","{L0:2, L1:1, L2:1}",""
2973414882199,PHASE_B,169291,13858,MERGE_DONE,0,0,0,"","13","","1","","2","","128",39,348,348,"","",""
2973414882232,PHASE_B,169291,13858,MERGE_PUBLISH,0,3,32,"","13","","1","","2","","128",39,376,375,"{L0:2, L1:1, L2:1}","{L1:2, L2:1}",""
2973414891200,PHASE_B,169614,13921,SEAL,0,1,32,"","1","","0","","1","","64",0,0,0,"{}","{L0:1}",""
2973414899231,PHASE_B,169920,13983,SEAL,0,2,32,"","2","","0","","1","","64",0,0,0,"{L0:1}","{L0:2}",""
2973414899274,PHASE_B,169920,13983,MERGE_SUBMIT,0,2,32,"","","","","","","","",0,0,0,"{L0:2}","{L0:2}",""
2973414899283,PHASE_B,169920,13983,MERGE_START,0,2,32,"[1,2]","","[0,0]","","[1,1]","","[64,64]","",12,0,0,"{L0:2}","{L0:2}",""
2973414899384,PHASE_B,169929,13986,MERGE_DONE,0,0,0,"","3","","1","","2","","128",12,103,103,"","",""
2973414899387,PHASE_B,169929,13986,MERGE_PUBLISH,0,1,32,"","3","","1","","2","","128",12,106,106,"{L0:2}","{L1:1}",""
2973414911287,PHASE_B,170254,14049,SEAL,0,2,32,"","4","","0","","1","","64",0,0,0,"{L1:1}","{L0:1, L1:1}",""
2973414926530,PHASE_B,170568,14113,SEAL,0,3,32,"","5","","0","","1","","64",0,0,0,"{L0:1, L1:1}","{L0:2, L1:1}",""
2973414926570,PHASE_B,170568,14113,MERGE_SUBMIT,0,3,32,"","","","","","","","",0,0,0,"{L0:2, L1:1}","{L0:2, L1:1}",""
2973414926590,PHASE_B,170568,14113,MERGE_START,0,3,32,"[4,5]","","[0,0]","","[1,1]","","[64,64]","",18,0,0,"{L0:2, L1:1}","{L0:2, L1:1}",""
2973414926877,PHASE_B,170582,14116,MERGE_DONE,0,0,0,"","6","","1","","2","","128",18,294,294,"","",""
2973414926888,PHASE_B,170583,14116,MERGE_PUBLISH,0,2,32,"","6","","1","","2","","128",18,301,300,"{L0:2, L1:1}","{L1:2}",""
2973414926898,PHASE_B,170584,14116,MERGE_SUBMIT,2,2,32,"","","","","","","","",0,0,0,"{L1:2}","{L1:2}",""
2973414927016,PHASE_B,170595,14117,MERGE_START,0,2,32,"[3,6]","","[1,1]","","[2,2]","","[128,128]","",88,0,0,"{L1:2}","{L1:2}",""
2973414927572,PHASE_B,170600,14117,MERGE_DONE,0,0,0,"","7","","2","","4","","256",88,586,586,"","",""
2973414927585,PHASE_B,170600,14117,MERGE_PUBLISH,0,1,32,"","7","","2","","4","","256",88,598,597,"{L1:2}","{L2:1}",""
2973414942972,PHASE_B,170899,14177,SEAL,0,2,32,"","8","","0","","1","","64",0,0,0,"{L2:1}","{L0:1, L2:1}",""
2973414959924,PHASE_B,171210,14240,SEAL,0,3,32,"","9","","0","","1","","64",0,0,0,"{L0:1, L2:1}","{L0:2, L2:1}",""
2973414959966,PHASE_B,171210,14240,MERGE_SUBMIT,0,3,32,"","","","","","","","",0,0,0,"{L0:2, L2:1}","{L0:2, L2:1}",""
2973414959973,PHASE_B,171210,14240,MERGE_START,0,3,32,"[8,9]","","[0,0]","","[1,1]","","[64,64]","",11,0,0,"{L0:2, L2:1}","{L0:2, L2:1}",""
2973414960097,PHASE_B,171210,14240,MERGE_DONE,0,0,0,"","10","","1","","2","","128",11,127,127,"","",""
2973414960101,PHASE_B,171210,14240,MERGE_PUBLISH,0,2,32,"","10","","1","","2","","128",11,130,130,"{L0:2, L2:1}","{L1:1, L2:1}",""
2973414974946,PHASE_B,171527,14304,SEAL,0,3,32,"","11","","0","","1","","64",0,0,0,"{L1:1, L2:1}","{L0:1, L1:1, L2:1}",""
2973414990380,PHASE_B,171854,14369,SEAL,0,4,32,"","12","","0","","1","","64",0,0,0,"{L0:1, L1:1, L2:1}","{L0:2, L1:1, L2:1}",""
2973414990429,PHASE_B,171854,14369,MERGE_SUBMIT,0,4,32,"","","","","","","","",0,0,0,"{L0:2, L1:1, L2:1}","{L0:2, L1:1, L2:1}",""
2973414990453,PHASE_B,171854,14369,MERGE_START,0,4,32,"[11,12]","","[0,0]","","[1,1]","","[64,64]","",19,0,0,"{L0:2, L1:1, L2:1}","{L0:2, L1:1, L2:1}",""
2973414990757,PHASE_B,171868,14371,MERGE_DONE,0,0,0,"","13","","1","","2","","128",19,315,315,"","",""
2973414990770,PHASE_B,171868,14371,MERGE_PUBLISH,0,3,32,"","13","","1","","2","","128",19,323,323,"{L0:2, L1:1, L2:1}","{L1:2, L2:1}",""
2973414990779,PHASE_B,171868,14371,MERGE_SUBMIT,1,3,32,"","","","","","","","",0,0,0,"{L1:2, L2:1}","{L1:2, L2:1}",""
2973414990894,PHASE_B,171868,14371,MERGE_DISCARD,0,3,32,"","","","","","","","",105,0,0,"{L1:2, L2:1}","{L1:2, L2:1}",""
2973415011243,PHASE_B,172179,14434,SEAL,0,1,32,"","1","","0","","1","","64",0,0,0,"{}","{L0:1}",""
2973415032702,PHASE_B,172489,14497,SEAL,0,2,32,"","2","","0","","1","","64",0,0,0,"{L0:1}","{L0:2}",""
2973415032741,PHASE_B,172489,14497,MERGE_SUBMIT,0,2,32,"","","","","","","","",0,0,0,"{L0:2}","{L0:2}",""
2973415032753,PHASE_B,172489,14497,MERGE_START,0,2,32,"[1,2]","","[0,0]","","[1,1]","","[64,64]","",12,0,0,"{L0:2}","{L0:2}",""
2973415032866,PHASE_B,172489,14497,MERGE_DONE,0,0,0,"","3","","1","","2","","128",12,118,118,"","",""
2973415032870,PHASE_B,172489,14497,MERGE_PUBLISH,0,1,32,"","3","","1","","2","","128",12,122,122,"{L0:2}","{L1:1}",""
2973415047721,PHASE_B,172817,14562,SEAL,0,2,32,"","4","","0","","1","","64",0,0,0,"{L1:1}","{L0:1, L1:1}",""
2973415055795,PHASE_B,173135,14626,SEAL,0,3,32,"","5","","0","","1","","64",0,0,0,"{L0:1, L1:1}","{L0:2, L1:1}",""
2973415055835,PHASE_B,173135,14626,MERGE_SUBMIT,0,3,32,"","","","","","","","",0,0,0,"{L0:2, L1:1}","{L0:2, L1:1}",""
2973415055917,PHASE_B,173135,14626,MERGE_START,0,3,32,"[4,5]","","[0,0]","","[1,1]","","[64,64]","",73,0,0,"{L0:2, L1:1}","{L0:2, L1:1}",""
2973415056155,PHASE_B,173152,14629,MERGE_DONE,0,0,0,"","6","","1","","2","","128",73,250,249,"","",""
2973415056174,PHASE_B,173152,14629,MERGE_PUBLISH,0,2,32,"","6","","1","","2","","128",73,268,267,"{L0:2, L1:1}","{L1:2}",""
2973415056184,PHASE_B,173153,14629,MERGE_SUBMIT,2,2,32,"","","","","","","","",0,0,0,"{L1:2}","{L1:2}",""
2973415056208,PHASE_B,173154,14629,MERGE_START,0,2,32,"[3,6]","","[1,1]","","[2,2]","","[128,128]","",17,0,0,"{L1:2}","{L1:2}",""
2973415056753,PHASE_B,173184,14635,MERGE_DONE,0,0,0,"","7","","2","","4","","256",17,554,553,"","",""
2973415056785,PHASE_B,173185,14635,MERGE_PUBLISH,0,1,32,"","7","","2","","4","","256",17,583,571,"{L1:2}","{L2:1}",""
2973415063929,PHASE_B,173454,14690,SEAL,0,2,32,"","8","","0","","1","","64",0,0,0,"{L2:1}","{L0:1, L2:1}",""
2973415072078,PHASE_B,173778,14754,SEAL,0,3,32,"","9","","0","","1","","64",0,0,0,"{L0:1, L2:1}","{L0:2, L2:1}",""
2973415072119,PHASE_B,173778,14754,MERGE_SUBMIT,0,3,32,"","","","","","","","",0,0,0,"{L0:2, L2:1}","{L0:2, L2:1}",""
2973415072126,PHASE_B,173778,14754,MERGE_START,0,3,32,"[8,9]","","[0,0]","","[1,1]","","[64,64]","",11,0,0,"{L0:2, L2:1}","{L0:2, L2:1}",""
2973415072244,PHASE_B,173778,14754,MERGE_DONE,0,0,0,"","10","","1","","2","","128",11,120,120,"","",""
2973415072248,PHASE_B,173778,14754,MERGE_PUBLISH,0,2,32,"","10","","1","","2","","128",11,123,124,"{L0:2, L2:1}","{L1:1, L2:1}",""
2973415080116,PHASE_B,174092,14817,SEAL,0,3,32,"","11","","0","","1","","64",0,0,0,"{L1:1, L2:1}","{L0:1, L1:1, L2:1}",""
2973415088143,PHASE_B,174422,14882,SEAL,0,4,32,"","12","","0","","1","","64",0,0,0,"{L0:1, L1:1, L2:1}","{L0:2, L1:1, L2:1}",""
2973415088186,PHASE_B,174422,14882,MERGE_SUBMIT,0,4,32,"","","","","","","","",0,0,0,"{L0:2, L1:1, L2:1}","{L0:2, L1:1, L2:1}",""
2973415088288,PHASE_B,174422,14882,MERGE_START,0,4,32,"[11,12]","","[0,0]","","[1,1]","","[64,64]","",86,0,0,"{L0:2, L1:1, L2:1}","{L0:2, L1:1, L2:1}",""
2973415088603,PHASE_B,174433,14887,MERGE_DONE,0,0,0,"","13","","1","","2","","128",86,334,333,"","",""
2973415088621,PHASE_B,174434,14887,MERGE_PUBLISH,0,3,32,"","13","","1","","2","","128",86,347,345,"{L0:2, L1:1, L2:1}","{L1:2, L2:1}",""
2973415088653,PHASE_B,174434,14887,MERGE_SUBMIT,4,3,32,"","","","","","","","",0,0,0,"{L1:2, L2:1}","{L1:2, L2:1}",""
2973415088674,PHASE_B,174434,14887,MERGE_START,0,3,32,"[10,13]","","[1,1]","","[2,2]","","[128,128]","",19,0,0,"{L1:2, L2:1}","{L1:2, L2:1}",""
2973415089206,PHASE_B,174434,14887,MERGE_DONE,0,0,0,"","14","","2","","4","","256",19,541,541,"","",""
2973415089210,PHASE_B,174434,14887,MERGE_DISCARD,0,3,32,"","","","","","","","",19,546,0,"{L1:2, L2:1}","{L1:2, L2:1}",""
2973415097780,PHASE_B,174759,14950,SEAL,0,1,32,"","1","","0","","1","","64",0,0,0,"{}","{L0:1}",""
2973415105658,PHASE_B,175075,15014,SEAL,0,2,32,"","2","","0","","1","","64",0,0,0,"{L0:1}","{L0:2}",""
2973415105695,PHASE_B,175075,15014,MERGE_SUBMIT,0,2,32,"","","","","","","","",0,0,0,"{L0:2}","{L0:2}",""
2973415105702,PHASE_B,175075,15014,MERGE_START,0,2,32,"[1,2]","","[0,0]","","[1,1]","","[64,64]","",10,0,0,"{L0:2}","{L0:2}",""
2973415105810,PHASE_B,175080,15015,MERGE_DONE,0,0,0,"","3","","1","","2","","128",10,110,110,"","",""
2973415105816,PHASE_B,175081,15015,MERGE_PUBLISH,0,1,32,"","3","","1","","2","","128",10,116,116,"{L0:2}","{L1:1}",""
2973415113605,PHASE_B,175387,15077,SEAL,0,2,32,"","4","","0","","1","","64",0,0,0,"{L1:1}","{L0:1, L1:1}",""
2973415121795,PHASE_B,175711,15142,SEAL,0,3,32,"","5","","0","","1","","64",0,0,0,"{L0:1, L1:1}","{L0:2, L1:1}",""
2973415121840,PHASE_B,175711,15142,MERGE_SUBMIT,0,3,32,"","","","","","","","",0,0,0,"{L0:2, L1:1}","{L0:2, L1:1}",""
2973415121944,PHASE_B,175715,15144,MERGE_START,0,3,32,"[4,5]","","[0,0]","","[1,1]","","[64,64]","",89,0,0,"{L0:2, L1:1}","{L0:2, L1:1}",""
2973415122280,PHASE_B,175742,15147,MERGE_DONE,0,0,0,"","6","","1","","2","","128",89,354,354,"","",""
2973415122300,PHASE_B,175745,15147,MERGE_PUBLISH,0,2,32,"","6","","1","","2","","128",89,369,367,"{L0:2, L1:1}","{L1:2}",""
2973415122315,PHASE_B,175747,15147,MERGE_SUBMIT,4,2,32,"","","","","","","","",0,0,0,"{L1:2}","{L1:2}",""
2973415122337,PHASE_B,175748,15147,MERGE_START,0,2,32,"[3,6]","","[1,1]","","[2,2]","","[128,128]","",19,0,0,"{L1:2}","{L1:2}",""
2973415122962,PHASE_B,175767,15154,MERGE_DONE,0,0,0,"","7","","2","","4","","256",19,633,633,"","",""
2973415122972,PHASE_B,175767,15154,MERGE_PUBLISH,0,1,32,"","7","","2","","4","","256",19,640,640,"{L1:2}","{L2:1}",""
2973415129983,PHASE_B,176040,15206,SEAL,0,2,32,"","8","","0","","1","","64",0,0,0,"{L2:1}","{L0:1, L2:1}",""
2973415138097,PHASE_B,176356,15270,SEAL,0,3,32,"","9","","0","","1","","64",0,0,0,"{L0:1, L2:1}","{L0:2, L2:1}",""
2973415138136,PHASE_B,176356,15270,MERGE_SUBMIT,0,3,32,"","","","","","","","",0,0,0,"{L0:2, L2:1}","{L0:2, L2:1}",""
2973415138144,PHASE_B,176356,15270,MERGE_START,0,3,32,"[8,9]","","[0,0]","","[1,1]","","[64,64]","",11,0,0,"{L0:2, L2:1}","{L0:2, L2:1}",""
2973415138267,PHASE_B,176359,15272,MERGE_DONE,0,0,0,"","10","","1","","2","","128",11,126,126,"","",""
2973415138271,PHASE_B,176359,15272,MERGE_PUBLISH,0,2,32,"","10","","1","","2","","128",11,129,129,"{L0:2, L2:1}","{L1:1, L2:1}",""
2973415146306,PHASE_B,176681,15334,SEAL,0,3,32,"","11","","0","","1","","64",0,0,0,"{L1:1, L2:1}","{L0:1, L1:1, L2:1}",""
2973415154551,PHASE_B,177000,15397,SEAL,0,4,32,"","12","","0","","1","","64",0,0,0,"{L0:1, L1:1, L2:1}","{L0:2, L1:1, L2:1}",""
2973415154594,PHASE_B,177000,15397,MERGE_SUBMIT,0,4,32,"","","","","","","","",0,0,0,"{L0:2, L1:1, L2:1}","{L0:2, L1:1, L2:1}",""
2973415154697,PHASE_B,177003,15400,MERGE_START,0,4,32,"[11,12]","","[0,0]","","[1,1]","","[64,64]","",88,0,0,"{L0:2, L1:1, L2:1}","{L0:2, L1:1, L2:1}",""
2973415155035,PHASE_B,177004,15400,MERGE_DONE,0,0,0,"","13","","1","","2","","128",88,357,356,"","",""
2973415155043,PHASE_B,177004,15400,MERGE_DISCARD,0,4,32,"","","","","","","","",88,364,0,"{L0:2, L1:1, L2:1}","{L0:2, L1:1, L2:1}",""
2973415163995,PHASE_B,177321,15463,SEAL,0,1,32,"","1","","0","","1","","64",0,0,0,"{}","{L0:1}",""
2973415171948,PHASE_B,177635,15527,SEAL,0,2,32,"","2","","0","","1","","64",0,0,0,"{L0:1}","{L0:2}",""
2973415171991,PHASE_B,177635,15527,MERGE_SUBMIT,0,2,32,"","","","","","","","",0,0,0,"{L0:2}","{L0:2}",""
2973415172020,PHASE_B,177635,15527,MERGE_START,0,2,32,"[1,2]","","[0,0]","","[1,1]","","[64,64]","",26,0,0,"{L0:2}","{L0:2}",""
2973415172280,PHASE_B,177652,15530,MERGE_DONE,0,0,0,"","3","","1","","2","","128",26,266,266,"","",""
2973415172288,PHASE_B,177652,15530,MERGE_PUBLISH,0,1,32,"","3","","1","","2","","128",26,272,272,"{L0:2}","{L1:1}",""
2973415183617,PHASE_B,177954,15591,SEAL,0,2,32,"","4","","0","","1","","64",0,0,0,"{L1:1}","{L0:1, L1:1}",""
2973415203204,PHASE_B,178281,15655,SEAL,0,3,32,"","5","","0","","1","","64",0,0,0,"{L0:1, L1:1}","{L0:2, L1:1}",""
2973415203246,PHASE_B,178281,15655,MERGE_SUBMIT,0,3,32,"","","","","","","","",0,0,0,"{L0:2, L1:1}","{L0:2, L1:1}",""
2973415203251,PHASE_B,178281,15655,MERGE_START,0,3,32,"[4,5]","","[0,0]","","[1,1]","","[64,64]","",11,0,0,"{L0:2, L1:1}","{L0:2, L1:1}",""
2973415203362,PHASE_B,178286,15657,MERGE_DONE,0,0,0,"","6","","1","","2","","128",11,113,113,"","",""
2973415203369,PHASE_B,178286,15657,MERGE_PUBLISH,0,2,32,"","6","","1","","2","","128",11,119,120,"{L0:2, L1:1}","{L1:2}",""
2973415203373,PHASE_B,178286,15657,MERGE_SUBMIT,1,2,32,"","","","","","","","",0,0,0,"{L1:2}","{L1:2}",""
2973415203401,PHASE_B,178286,15657,MERGE_START,0,2,32,"[3,6]","","[1,1]","","[2,2]","","[128,128]","",29,0,0,"{L1:2}","{L1:2}",""
2973415203554,PHASE_B,178289,15659,MERGE_DONE,0,0,0,"","7","","2","","4","","256",29,153,153,"","",""
2973415203557,PHASE_B,178290,15659,MERGE_PUBLISH,0,1,32,"","7","","2","","4","","256",29,156,156,"{L1:2}","{L2:1}",""
2973415211297,PHASE_B,178591,15717,SEAL,0,2,32,"","8","","0","","1","","64",0,0,0,"{L2:1}","{L0:1, L2:1}",""
2973415219296,PHASE_B,178919,15783,SEAL,0,3,32,"","9","","0","","1","","64",0,0,0,"{L0:1, L2:1}","{L0:2, L2:1}",""
2973415219341,PHASE_B,178919,15783,MERGE_SUBMIT,0,3,32,"","","","","","","","",0,0,0,"{L0:2, L2:1}","{L0:2, L2:1}",""
2973415219393,PHASE_B,178919,15783,MERGE_START,0,3,32,"[8,9]","","[0,0]","","[1,1]","","[64,64]","",38,0,0,"{L0:2, L2:1}","{L0:2, L2:1}",""
2973415219713,PHASE_B,178934,15787,MERGE_DONE,0,0,0,"","10","","1","","2","","128",38,338,336,"","",""
2973415219752,PHASE_B,178940,15788,MERGE_PUBLISH,0,2,32,"","10","","1","","2","","128",38,373,359,"{L0:2, L2:1}","{L1:1, L2:1}",""
2973415227685,PHASE_B,179241,15846,SEAL,0,3,32,"","11","","0","","1","","64",0,0,0,"{L1:1, L2:1}","{L0:1, L1:1, L2:1}",""
2973415235656,PHASE_B,179568,15911,SEAL,0,4,32,"","12","","0","","1","","64",0,0,0,"{L0:1, L1:1, L2:1}","{L0:2, L1:1, L2:1}",""
2973415235699,PHASE_B,179568,15911,MERGE_SUBMIT,0,4,32,"","","","","","","","",0,0,0,"{L0:2, L1:1, L2:1}","{L0:2, L1:1, L2:1}",""
2973415235705,PHASE_B,179568,15911,MERGE_START,0,4,32,"[11,12]","","[0,0]","","[1,1]","","[64,64]","",10,0,0,"{L0:2, L1:1, L2:1}","{L0:2, L1:1, L2:1}",""
2973415235817,PHASE_B,179568,15911,MERGE_DONE,0,0,0,"","13","","1","","2","","128",10,115,115,"","",""
2973415235821,PHASE_B,179568,15911,MERGE_PUBLISH,0,3,32,"","13","","1","","2","","128",10,119,119,"{L0:2, L1:1, L2:1}","{L1:2, L2:1}",""
2973415235828,PHASE_B,179568,15911,MERGE_SUBMIT,1,3,32,"","","","","","","","",0,0,0,"{L1:2, L2:1}","{L1:2, L2:1}",""
2973415235896,PHASE_B,179568,15911,MERGE_START,0,3,32,"[10,13]","","[1,1]","","[2,2]","","[128,128]","",60,0,0,"{L1:2, L2:1}","{L1:2, L2:1}",""
2973415236209,PHASE_B,179578,15915,MERGE_DONE,0,0,0,"","14","","2","","4","","256",60,319,319,"","",""
2973415236216,PHASE_B,179578,15915,MERGE_PUBLISH,0,2,32,"","14","","2","","4","","256",60,326,325,"{L1:2, L2:1}","{L2:2}",""
2973415236223,PHASE_B,179578,15915,MERGE_SUBMIT,3,2,32,"","","","","","","","",0,0,0,"{L2:2}","{L2:2}",""
2973415236262,PHASE_B,179578,15915,MERGE_DISCARD,0,2,32,"","","","","","","","",42,0,0,"{L2:2}","{L2:2}",""
2973415244869,PHASE_B,179892,15978,SEAL,0,1,32,"","1","","0","","1","","64",0,0,0,"{}","{L0:1}",""
2973415252484,PHASE_B,180213,16041,SEAL,0,2,32,"","2","","0","","1","","64",0,0,0,"{L0:1}","{L0:2}",""
2973415252529,PHASE_B,180213,16041,MERGE_SUBMIT,0,2,32,"","","","","","","","",0,0,0,"{L0:2}","{L0:2}",""
2973415252546,PHASE_B,180213,16041,MERGE_START,0,2,32,"[1,2]","","[0,0]","","[1,1]","","[64,64]","",11,0,0,"{L0:2}","{L0:2}",""
2973415252652,PHASE_B,180213,16041,MERGE_DONE,0,0,0,"","3","","1","","2","","128",11,119,111,"","",""
2973415252656,PHASE_B,180213,16041,MERGE_PUBLISH,0,1,32,"","3","","1","","2","","128",11,122,114,"{L0:2}","{L1:1}",""
2973415259860,PHASE_B,180542,16106,SEAL,0,2,32,"","4","","0","","1","","64",0,0,0,"{L1:1}","{L0:1, L1:1}",""
2973415267305,PHASE_B,180841,16167,SEAL,0,3,32,"","5","","0","","1","","64",0,0,0,"{L0:1, L1:1}","{L0:2, L1:1}",""
2973415267345,PHASE_B,180841,16167,MERGE_SUBMIT,0,3,32,"","","","","","","","",0,0,0,"{L0:2, L1:1}","{L0:2, L1:1}",""
2973415267395,PHASE_B,180847,16171,MERGE_START,0,3,32,"[4,5]","","[0,0]","","[1,1]","","[64,64]","",36,0,0,"{L0:2, L1:1}","{L0:2, L1:1}",""
2973415267733,PHASE_B,180875,16172,MERGE_DONE,0,0,0,"","6","","1","","2","","128",36,355,354,"","",""
2973415267772,PHASE_B,180875,16172,MERGE_PUBLISH,0,2,32,"","6","","1","","2","","128",36,393,392,"{L0:2, L1:1}","{L1:2}",""
2973415267783,PHASE_B,180875,16172,MERGE_SUBMIT,3,2,32,"","","","","","","","",0,0,0,"{L1:2}","{L1:2}",""
2973415267834,PHASE_B,180878,16175,MERGE_START,0,2,32,"[3,6]","","[1,1]","","[2,2]","","[128,128]","",53,0,0,"{L1:2}","{L1:2}",""
2973415268219,PHASE_B,180887,16179,MERGE_DONE,0,0,0,"","7","","2","","4","","256",53,387,387,"","",""
2973415268227,PHASE_B,180887,16179,MERGE_PUBLISH,0,1,32,"","7","","2","","4","","256",53,393,393,"{L1:2}","{L2:1}",""
2973415275153,PHASE_B,181169,16232,SEAL,0,2,32,"","8","","0","","1","","64",0,0,0,"{L2:1}","{L0:1, L2:1}",""
2973415282850,PHASE_B,181484,16295,SEAL,0,3,32,"","9","","0","","1","","64",0,0,0,"{L0:1, L2:1}","{L0:2, L2:1}",""
2973415282889,PHASE_B,181484,16295,MERGE_SUBMIT,0,3,32,"","","","","","","","",0,0,0,"{L0:2, L2:1}","{L0:2, L2:1}",""
2973415282901,PHASE_B,181484,16295,MERGE_START,0,3,32,"[8,9]","","[0,0]","","[1,1]","","[64,64]","",13,0,0,"{L0:2, L2:1}","{L0:2, L2:1}",""
2973415283069,PHASE_B,181501,16300,MERGE_DONE,0,0,0,"","10","","1","","2","","128",13,172,172,"","",""
2973415283074,PHASE_B,181501,16300,MERGE_PUBLISH,0,2,32,"","10","","1","","2","","128",13,176,176,"{L0:2, L2:1}","{L1:1, L2:1}",""
2973415290795,PHASE_B,181814,16361,SEAL,0,3,32,"","11","","0","","1","","64",0,0,0,"{L1:1, L2:1}","{L0:1, L1:1, L2:1}",""
2973415298844,PHASE_B,182133,16426,SEAL,0,4,32,"","12","","0","","1","","64",0,0,0,"{L0:1, L1:1, L2:1}","{L0:2, L1:1, L2:1}",""
2973415298886,PHASE_B,182133,16426,MERGE_SUBMIT,0,4,32,"","","","","","","","",0,0,0,"{L0:2, L1:1, L2:1}","{L0:2, L1:1, L2:1}",""
2973415298929,PHASE_B,182133,16426,MERGE_START,0,4,32,"[11,12]","","[0,0]","","[1,1]","","[64,64]","",29,0,0,"{L0:2, L1:1, L2:1}","{L0:2, L1:1, L2:1}",""
2973415299258,PHASE_B,182140,16428,MERGE_DONE,0,0,0,"","13","","1","","2","","128",29,348,347,"","",""
2973415299275,PHASE_B,182140,16428,MERGE_PUBLISH,0,3,32,"","13","","1","","2","","128",29,360,359,"{L0:2, L1:1, L2:1}","{L1:2, L2:1}",""
2973415307892,PHASE_B,182456,16490,SEAL,0,1,32,"","1","","0","","1","","64",0,0,0,"{}","{L0:1}",""
2973415315637,PHASE_B,182766,16552,SEAL,0,2,32,"","2","","0","","1","","64",0,0,0,"{L0:1}","{L0:2}",""
2973415315677,PHASE_B,182766,16552,MERGE_SUBMIT,0,2,32,"","","","","","","","",0,0,0,"{L0:2}","{L0:2}",""
2973415315740,PHASE_B,182766,16552,MERGE_START,0,2,32,"[1,2]","","[0,0]","","[1,1]","","[64,64]","",60,0,0,"{L0:2}","{L0:2}",""
2973415315919,PHASE_B,182790,16557,MERGE_DONE,0,0,0,"","3","","1","","2","","128",60,187,187,"","",""
2973415315925,PHASE_B,182790,16557,MERGE_PUBLISH,0,1,32,"","3","","1","","2","","128",60,193,192,"{L0:2}","{L1:1}",""
2973415323430,PHASE_B,183107,16619,SEAL,0,2,32,"","4","","0","","1","","64",0,0,0,"{L1:1}","{L0:1, L1:1}",""
2973415330904,PHASE_B,183418,16683,SEAL,0,3,32,"","5","","0","","1","","64",0,0,0,"{L0:1, L1:1}","{L0:2, L1:1}",""
2973415330942,PHASE_B,183418,16683,MERGE_SUBMIT,0,3,32,"","","","","","","","",0,0,0,"{L0:2, L1:1}","{L0:2, L1:1}",""
2973415330958,PHASE_B,183418,16683,MERGE_START,0,3,32,"[4,5]","","[0,0]","","[1,1]","","[64,64]","",10,0,0,"{L0:2, L1:1}","{L0:2, L1:1}",""
2973415331070,PHASE_B,183421,16684,MERGE_DONE,0,0,0,"","6","","1","","2","","128",10,123,117,"","",""
2973415331073,PHASE_B,183421,16684,MERGE_PUBLISH,0,2,32,"","6","","1","","2","","128",10,126,120,"{L0:2, L1:1}","{L1:2}",""
2973415331077,PHASE_B,183422,16684,MERGE_SUBMIT,1,2,32,"","","","","","","","",0,0,0,"{L1:2}","{L1:2}",""
2973415331106,PHASE_B,183423,16684,MERGE_START,0,2,32,"[3,6]","","[1,1]","","[2,2]","","[128,128]","",29,0,0,"{L1:2}","{L1:2}",""
2973415331254,PHASE_B,183431,16687,MERGE_DONE,0,0,0,"","7","","2","","4","","256",29,149,149,"","",""
2973415331257,PHASE_B,183431,16687,MERGE_PUBLISH,0,1,32,"","7","","2","","4","","256",29,151,151,"{L1:2}","{L2:1}",""
2973415338714,PHASE_B,183740,16747,SEAL,0,2,32,"","8","","0","","1","","64",0,0,0,"{L2:1}","{L0:1, L2:1}",""
2973415346427,PHASE_B,184065,16811,SEAL,0,3,32,"","9","","0","","1","","64",0,0,0,"{L0:1, L2:1}","{L0:2, L2:1}",""
2973415346465,PHASE_B,184065,16811,MERGE_SUBMIT,0,3,32,"","","","","","","","",0,0,0,"{L0:2, L2:1}","{L0:2, L2:1}",""
2973415346529,PHASE_B,184065,16811,MERGE_START,0,3,32,"[8,9]","","[0,0]","","[1,1]","","[64,64]","",60,0,0,"{L0:2, L2:1}","{L0:2, L2:1}",""
2973415346752,PHASE_B,184073,16814,MERGE_DONE,0,0,0,"","10","","1","","2","","128",60,229,229,"","",""
2973415346762,PHASE_B,184074,16814,MERGE_PUBLISH,0,2,32,"","10","","1","","2","","128",60,238,238,"{L0:2, L2:1}","{L1:1, L2:1}",""
2973415353911,PHASE_B,184381,16874,SEAL,0,3,32,"","11","","0","","1","","64",0,0,0,"{L1:1, L2:1}","{L0:1, L1:1, L2:1}",""
2973415361443,PHASE_B,184698,16939,SEAL,0,4,32,"","12","","0","","1","","64",0,0,0,"{L0:1, L1:1, L2:1}","{L0:2, L1:1, L2:1}",""
2973415361484,PHASE_B,184698,16939,MERGE_SUBMIT,0,4,32,"","","","","","","","",0,0,0,"{L0:2, L1:1, L2:1}","{L0:2, L1:1, L2:1}",""
2973415361588,PHASE_B,184701,16941,MERGE_START,0,4,32,"[11,12]","","[0,0]","","[1,1]","","[64,64]","",87,0,0,"{L0:2, L1:1, L2:1}","{L0:2, L1:1, L2:1}",""
2973415361918,PHASE_B,184703,16941,MERGE_DONE,0,0,0,"","13","","1","","2","","128",87,349,348,"","",""
2973415361926,PHASE_B,184703,16941,MERGE_DISCARD,0,4,32,"","","","","","","","",87,357,0,"{L0:2, L1:1, L2:1}","{L0:2, L1:1, L2:1}",""
2973415370453,PHASE_B,185029,17004,SEAL,0,1,32,"","1","","0","","1","","64",0,0,0,"{}","{L0:1}",""
2973415378065,PHASE_B,185344,17068,SEAL,0,2,32,"","2","","0","","1","","64",0,0,0,"{L0:1}","{L0:2}",""
2973415378102,PHASE_B,185344,17068,MERGE_SUBMIT,0,2,32,"","","","","","","","",0,0,0,"{L0:2}","{L0:2}",""
2973415378109,PHASE_B,185344,17068,MERGE_START,0,2,32,"[1,2]","","[0,0]","","[1,1]","","[64,64]","",9,0,0,"{L0:2}","{L0:2}",""
2973415378211,PHASE_B,185348,17070,MERGE_DONE,0,0,0,"","3","","1","","2","","128",9,104,104,"","",""
2973415378214,PHASE_B,185348,17070,MERGE_PUBLISH,0,1,32,"","3","","1","","2","","128",9,107,107,"{L0:2}","{L1:1}",""
2973415385859,PHASE_B,185662,17132,SEAL,0,2,32,"","4","","0","","1","","64",0,0,0,"{L1:1}","{L0:1, L1:1}",""
2973415393602,PHASE_B,185985,17196,SEAL,0,3,32,"","5","","0","","1","","64",0,0,0,"{L0:1, L1:1}","{L0:2, L1:1}",""
2973415393639,PHASE_B,185985,17196,MERGE_SUBMIT,0,3,32,"","","","","","","","",0,0,0,"{L0:2, L1:1}","{L0:2, L1:1}",""
2973415393719,PHASE_B,185985,17196,MERGE_START,0,3,32,"[4,5]","","[0,0]","","[1,1]","","[64,64]","",69,0,0,"{L0:2, L1:1}","{L0:2, L1:1}",""
2973415393918,PHASE_B,185993,17200,MERGE_DONE,0,0,0,"","6","","1","","2","","128",69,211,211,"","",""
2973415393927,PHASE_B,185995,17200,MERGE_PUBLISH,0,2,32,"","6","","1","","2","","128",69,219,218,"{L0:2, L1:1}","{L1:2}",""
2973415393936,PHASE_B,185995,17200,MERGE_SUBMIT,3,2,32,"","","","","","","","",0,0,0,"{L1:2}","{L1:2}",""
2973415394052,PHASE_B,186002,17201,MERGE_START,0,2,32,"[3,6]","","[1,1]","","[2,2]","","[128,128]","",101,0,0,"{L1:2}","{L1:2}",""
2973415394609,PHASE_B,186034,17206,MERGE_DONE,0,0,0,"","7","","2","","4","","256",101,572,571,"","",""
2973415394639,PHASE_B,186035,17206,MERGE_PUBLISH,0,1,32,"","7","","2","","4","","256",101,599,598,"{L1:2}","{L2:1}",""
2973415401261,PHASE_B,186299,17259,SEAL,0,2,32,"","8","","0","","1","","64",0,0,0,"{L2:1}","{L0:1, L2:1}",""
2973415409106,PHASE_B,186625,17323,SEAL,0,3,32,"","9","","0","","1","","64",0,0,0,"{L0:1, L2:1}","{L0:2, L2:1}",""
2973415409150,PHASE_B,186625,17323,MERGE_SUBMIT,0,3,32,"","","","","","","","",0,0,0,"{L0:2, L2:1}","{L0:2, L2:1}",""
2973415409155,PHASE_B,186625,17323,MERGE_START,0,3,32,"[8,9]","","[0,0]","","[1,1]","","[64,64]","",10,0,0,"{L0:2, L2:1}","{L0:2, L2:1}",""
2973415409273,PHASE_B,186631,17326,MERGE_DONE,0,0,0,"","10","","1","","2","","128",10,119,119,"","",""
2973415409276,PHASE_B,186631,17326,MERGE_PUBLISH,0,2,32,"","10","","1","","2","","128",10,122,122,"{L0:2, L2:1}","{L1:1, L2:1}",""
2973415416830,PHASE_B,186944,17388,SEAL,0,3,32,"","11","","0","","1","","64",0,0,0,"{L1:1, L2:1}","{L0:1, L1:1, L2:1}",""
2973415424643,PHASE_B,187261,17450,SEAL,0,4,32,"","12","","0","","1","","64",0,0,0,"{L0:1, L1:1, L2:1}","{L0:2, L1:1, L2:1}",""
2973415424686,PHASE_B,187261,17450,MERGE_SUBMIT,0,4,32,"","","","","","","","",0,0,0,"{L0:2, L1:1, L2:1}","{L0:2, L1:1, L2:1}",""
2973415424774,PHASE_B,187261,17450,MERGE_START,0,4,32,"[11,12]","","[0,0]","","[1,1]","","[64,64]","",78,0,0,"{L0:2, L1:1, L2:1}","{L0:2, L1:1, L2:1}",""
2973415425054,PHASE_B,187272,17456,MERGE_DONE,0,0,0,"","13","","1","","2","","128",78,296,295,"","",""
2973415425069,PHASE_B,187272,17456,MERGE_PUBLISH,0,3,32,"","13","","1","","2","","128",78,307,305,"{L0:2, L1:1, L2:1}","{L1:2, L2:1}",""
2973415425082,PHASE_B,187273,17456,MERGE_SUBMIT,3,3,32,"","","","","","","","",0,0,0,"{L1:2, L2:1}","{L1:2, L2:1}",""
2973415425183,PHASE_B,187276,17456,MERGE_START,0,3,32,"[10,13]","","[1,1]","","[2,2]","","[128,128]","",86,0,0,"{L1:2, L2:1}","{L1:2, L2:1}",""
2973415425703,PHASE_B,187277,17456,MERGE_DONE,0,0,0,"","14","","2","","4","","256",86,537,536,"","",""
2973415425708,PHASE_B,187277,17456,MERGE_DISCARD,0,3,32,"","","","","","","","",86,544,0,"{L1:2, L2:1}","{L1:2, L2:1}",""
2973415433492,PHASE_B,187603,17519,SEAL,0,1,32,"","1","","0","","1","","64",0,0,0,"{}","{L0:1}",""
2973415441256,PHASE_B,187917,17583,SEAL,0,2,32,"","2","","0","","1","","64",0,0,0,"{L0:1}","{L0:2}",""
2973415441294,PHASE_B,187917,17583,MERGE_SUBMIT,0,2,32,"","","","","","","","",0,0,0,"{L0:2}","{L0:2}",""
2973415441299,PHASE_B,187917,17583,MERGE_START,0,2,32,"[1,2]","","[0,0]","","[1,1]","","[64,64]","",10,0,0,"{L0:2}","{L0:2}",""
2973415441399,PHASE_B,187923,17584,MERGE_DONE,0,0,0,"","3","","1","","2","","128",10,101,101,"","",""
2973415441402,PHASE_B,187923,17584,MERGE_PUBLISH,0,1,32,"","3","","1","","2","","128",10,104,104,"{L0:2}","{L1:1}",""
2973415450385,PHASE_B,188242,17647,SEAL,0,2,32,"","4","","0","","1","","64",0,0,0,"{L1:1}","{L0:1, L1:1}",""
2973415463751,PHASE_B,188567,17711,SEAL,0,3,32,"","5","","0","","1","","64",0,0,0,"{L0:1, L1:1}","{L0:2, L1:1}",""
2973415463794,PHASE_B,188567,17711,MERGE_SUBMIT,0,3,32,"","","","","","","","",0,0,0,"{L0:2, L1:1}","{L0:2, L1:1}",""
2973415463829,PHASE_B,188569,17712,MERGE_START,0,3,32,"[4,5]","","[0,0]","","[1,1]","","[64,64]","",23,0,0,"{L0:2, L1:1}","{L0:2, L1:1}",""
2973415464169,PHASE_B,188571,17712,MERGE_DONE,0,0,0,"","6","","1","","2","","128",23,352,352,"","",""
2973415464183,PHASE_B,188571,17712,MERGE_PUBLISH,0,2,32,"","6","","1","","2","","128",23,364,363,"{L0:2, L1:1}","{L1:2}",""
2973415464199,PHASE_B,188571,17712,MERGE_SUBMIT,4,2,32,"","","","","","","","",0,0,0,"{L1:2}","{L1:2}",""
2973415464206,PHASE_B,188571,17712,MERGE_START,0,2,32,"[3,6]","","[1,1]","","[2,2]","","[128,128]","",14,0,0,"{L1:2}","{L1:2}",""
2973415464387,PHASE_B,188585,17717,MERGE_DONE,0,0,0,"","7","","2","","4","","256",14,183,183,"","",""
2973415464391,PHASE_B,188585,17717,MERGE_PUBLISH,0,1,32,"","7","","2","","4","","256",14,186,186,"{L1:2}","{L2:1}",""
2973415475093,PHASE_B,188881,17775,SEAL,0,2,32,"","8","","0","","1","","64",0,0,0,"{L2:1}","{L0:1, L2:1}",""
2973415484207,PHASE_B,189201,17839,SEAL,0,3,32,"","9","","0","","1","","64",0,0,0,"{L0:1, L2:1}","{L0:2, L2:1}",""
2973415484248,PHASE_B,189201,17839,MERGE_SUBMIT,0,3,32,"","","","","","","","",0,0,0,"{L0:2, L2:1}","{L0:2, L2:1}",""
2973415484255,PHASE_B,189201,17839,MERGE_START,0,3,32,"[8,9]","","[0,0]","","[1,1]","","[64,64]","",11,0,0,"{L0:2, L2:1}","{L0:2, L2:1}",""
2973415484369,PHASE_B,189206,17840,MERGE_DONE,0,0,0,"","10","","1","","2","","128",11,117,117,"","",""
2973415484373,PHASE_B,189206,17840,MERGE_PUBLISH,0,2,32,"","10","","1","","2","","128",11,120,120,"{L0:2, L2:1}","{L1:1, L2:1}",""
2973415492102,PHASE_B,189522,17902,SEAL,0,3,32,"","11","","0","","1","","64",0,0,0,"{L1:1, L2:1}","{L0:1, L1:1, L2:1}",""
2973415499793,PHASE_B,189839,17967,SEAL,0,4,32,"","12","","0","","1","","64",0,0,0,"{L0:1, L1:1, L2:1}","{L0:2, L1:1, L2:1}",""
2973415499838,PHASE_B,189839,17967,MERGE_SUBMIT,0,4,32,"","","","","","","","",0,0,0,"{L0:2, L1:1, L2:1}","{L0:2, L1:1, L2:1}",""
2973415499944,PHASE_B,189840,17968,MERGE_START,0,4,32,"[11,12]","","[0,0]","","[1,1]","","[64,64]","",87,0,0,"{L0:2, L1:1, L2:1}","{L0:2, L1:1, L2:1}",""
2973415500279,PHASE_B,189842,17969,MERGE_DONE,0,0,0,"","13","","1","","2","","128",87,356,355,"","",""
2973415500287,PHASE_B,189842,17969,MERGE_DISCARD,0,4,32,"","","","","","","","",87,364,0,"{L0:2, L1:1, L2:1}","{L0:2, L1:1, L2:1}",""
2973415509174,PHASE_B,190164,18032,SEAL,0,1,32,"","1","","0","","1","","64",0,0,0,"{}","{L0:1}",""
2973415516922,PHASE_B,190486,18095,SEAL,0,2,32,"","2","","0","","1","","64",0,0,0,"{L0:1}","{L0:2}",""
2973415516963,PHASE_B,190486,18095,MERGE_SUBMIT,0,2,32,"","","","","","","","",0,0,0,"{L0:2}","{L0:2}",""
2973415516969,PHASE_B,190486,18095,MERGE_START,0,2,32,"[1,2]","","[0,0]","","[1,1]","","[64,64]","",11,0,0,"{L0:2}","{L0:2}",""
2973415517054,PHASE_B,190488,18097,MERGE_DONE,0,0,0,"","3","","1","","2","","128",11,87,87,"","",""
2973415517057,PHASE_B,190488,18097,MERGE_PUBLISH,0,1,32,"","3","","1","","2","","128",11,89,89,"{L0:2}","{L1:1}",""
2973415525068,PHASE_B,190810,18160,SEAL,0,2,32,"","4","","0","","1","","64",0,0,0,"{L1:1}","{L0:1, L1:1}",""
2973415532662,PHASE_B,191119,18223,SEAL,0,3,32,"","5","","0","","1","","64",0,0,0,"{L0:1, L1:1}","{L0:2, L1:1}",""
2973415532702,PHASE_B,191119,18223,MERGE_SUBMIT,0,3,32,"","","","","","","","",0,0,0,"{L0:2, L1:1}","{L0:2, L1:1}",""
2973415532709,PHASE_B,191119,18223,MERGE_START,0,3,32,"[4,5]","","[0,0]","","[1,1]","","[64,64]","",11,0,0,"{L0:2, L1:1}","{L0:2, L1:1}",""
2973415532823,PHASE_B,191124,18226,MERGE_DONE,0,0,0,"","6","","1","","2","","128",11,117,117,"","",""
2973415532826,PHASE_B,191124,18226,MERGE_PUBLISH,0,2,32,"","6","","1","","2","","128",11,120,120,"{L0:2, L1:1}","{L1:2}",""
2973415532830,PHASE_B,191124,18226,MERGE_SUBMIT,1,2,32,"","","","","","","","",0,0,0,"{L1:2}","{L1:2}",""
2973415532889,PHASE_B,191129,18226,MERGE_START,0,2,32,"[3,6]","","[1,1]","","[2,2]","","[128,128]","",59,0,0,"{L1:2}","{L1:2}",""
2973415533042,PHASE_B,191144,18228,MERGE_DONE,0,0,0,"","7","","2","","4","","256",59,154,154,"","",""
2973415533045,PHASE_B,191144,18228,MERGE_PUBLISH,0,1,32,"","7","","2","","4","","256",59,157,157,"{L1:2}","{L2:1}",""
2973415540324,PHASE_B,191440,18287,SEAL,0,2,32,"","8","","0","","1","","64",0,0,0,"{L2:1}","{L0:1, L2:1}",""
2973415548255,PHASE_B,191758,18350,SEAL,0,3,32,"","9","","0","","1","","64",0,0,0,"{L0:1, L2:1}","{L0:2, L2:1}",""
2973415548294,PHASE_B,191758,18350,MERGE_SUBMIT,0,3,32,"","","","","","","","",0,0,0,"{L0:2, L2:1}","{L0:2, L2:1}",""
2973415548301,PHASE_B,191758,18350,MERGE_START,0,3,32,"[8,9]","","[0,0]","","[1,1]","","[64,64]","",11,0,0,"{L0:2, L2:1}","{L0:2, L2:1}",""
2973415548403,PHASE_B,191765,18353,MERGE_DONE,0,0,0,"","10","","1","","2","","128",11,104,104,"","",""
2973415548406,PHASE_B,191766,18353,MERGE_PUBLISH,0,2,32,"","10","","1","","2","","128",11,106,106,"{L0:2, L2:1}","{L1:1, L2:1}",""
2973415556163,PHASE_B,192089,18416,SEAL,0,3,32,"","11","","0","","1","","64",0,0,0,"{L1:1, L2:1}","{L0:1, L1:1, L2:1}",""
2973415563940,PHASE_B,192402,18479,SEAL,0,4,32,"","12","","0","","1","","64",0,0,0,"{L0:1, L1:1, L2:1}","{L0:2, L1:1, L2:1}",""
2973415563980,PHASE_B,192402,18479,MERGE_SUBMIT,0,4,32,"","","","","","","","",0,0,0,"{L0:2, L1:1, L2:1}","{L0:2, L1:1, L2:1}",""
2973415564082,PHASE_B,192408,18481,MERGE_START,0,4,32,"[11,12]","","[0,0]","","[1,1]","","[64,64]","",87,0,0,"{L0:2, L1:1, L2:1}","{L0:2, L1:1, L2:1}",""
2973415564398,PHASE_B,192424,18483,MERGE_DONE,0,0,0,"","13","","1","","2","","128",87,335,334,"","",""
2973415564415,PHASE_B,192425,18483,MERGE_PUBLISH,0,3,32,"","13","","1","","2","","128",87,347,346,"{L0:2, L1:1, L2:1}","{L1:2, L2:1}",""
2973415564431,PHASE_B,192425,18483,MERGE_SUBMIT,2,3,32,"","","","","","","","",0,0,0,"{L1:2, L2:1}","{L1:2, L2:1}",""
2973415564437,PHASE_B,192425,18483,MERGE_START,0,3,32,"[10,13]","","[1,1]","","[2,2]","","[128,128]","",12,0,0,"{L1:2, L2:1}","{L1:2, L2:1}",""
2973415564612,PHASE_B,192425,18483,MERGE_DONE,0,0,0,"","14","","2","","4","","256",12,178,178,"","",""
2973415564617,PHASE_B,192425,18483,MERGE_DISCARD,0,3,32,"","","","","","","","",12,183,0,"{L1:2, L2:1}","{L1:2, L2:1}",""
2973415572981,PHASE_B,192733,18545,SEAL,0,1,32,"","1","","0","","1","","64",0,0,0,"{}","{L0:1}",""
2973415580666,PHASE_B,193044,18607,SEAL,0,2,32,"","2","","0","","1","","64",0,0,0,"{L0:1}","{L0:2}",""
2973415580703,PHASE_B,193044,18607,MERGE_SUBMIT,0,2,32,"","","","","","","","",0,0,0,"{L0:2}","{L0:2}",""
2973415580710,PHASE_B,193044,18607,MERGE_START,0,2,32,"[1,2]","","[0,0]","","[1,1]","","[64,64]","",10,0,0,"{L0:2}","{L0:2}",""
2973415580795,PHASE_B,193054,18611,MERGE_DONE,0,0,0,"","3","","1","","2","","128",10,87,87,"","",""
2973415580797,PHASE_B,193054,18611,MERGE_PUBLISH,0,1,32,"","3","","1","","2","","128",10,89,89,"{L0:2}","{L1:1}",""
2973415588856,PHASE_B,193369,18673,SEAL,0,2,32,"","4","","0","","1","","64",0,0,0,"{L1:1}","{L0:1, L1:1}",""
2973415596599,PHASE_B,193698,18738,SEAL,0,3,32,"","5","","0","","1","","64",0,0,0,"{L0:1, L1:1}","{L0:2, L1:1}",""
2973415596645,PHASE_B,193698,18738,MERGE_SUBMIT,0,3,32,"","","","","","","","",0,0,0,"{L0:2, L1:1}","{L0:2, L1:1}",""
2973415596744,PHASE_B,193702,18739,MERGE_START,0,3,32,"[4,5]","","[0,0]","","[1,1]","","[64,64]","",86,0,0,"{L0:2, L1:1}","{L0:2, L1:1}",""
2973415597080,PHASE_B,193717,18743,MERGE_DONE,0,0,0,"","6","","1","","2","","128",86,351,351,"","",""
2973415597093,PHASE_B,193717,18743,MERGE_PUBLISH,0,2,32,"","6","","1","","2","","128",86,364,363,"{L0:2, L1:1}","{L1:2}",""
2973415597108,PHASE_B,193717,18743,MERGE_SUBMIT,4,2,32,"","","","","","","","",0,0,0,"{L1:2}","{L1:2}",""
2973415597114,PHASE_B,193718,18743,MERGE_START,0,2,32,"[3,6]","","[1,1]","","[2,2]","","[128,128]","",12,0,0,"{L1:2}","{L1:2}",""
2973415597298,PHASE_B,193725,18743,MERGE_DONE,0,0,0,"","7","","2","","4","","256",12,186,186,"","",""
2973415597302,PHASE_B,193725,18743,MERGE_PUBLISH,0,1,32,"","7","","2","","4","","256",12,189,189,"{L1:2}","{L2:1}",""
2973415604482,PHASE_B,194016,18802,SEAL,0,2,32,"","8","","0","","1","","64",0,0,0,"{L2:1}","{L0:1, L2:1}",""
2973415612225,PHASE_B,194331,18865,SEAL,0,3,32,"","9","","0","","1","","64",0,0,0,"{L0:1, L2:1}","{L0:2, L2:1}",""
2973415612262,PHASE_B,194331,18865,MERGE_SUBMIT,0,3,32,"","","","","","","","",0,0,0,"{L0:2, L2:1}","{L0:2, L2:1}",""
2973415612269,PHASE_B,194331,18865,MERGE_START,0,3,32,"[8,9]","","[0,0]","","[1,1]","","[64,64]","",10,0,0,"{L0:2, L2:1}","{L0:2, L2:1}",""
2973415612358,PHASE_B,194335,18867,MERGE_DONE,0,0,0,"","10","","1","","2","","128",10,92,92,"","",""
2973415612361,PHASE_B,194335,18867,MERGE_PUBLISH,0,2,32,"","10","","1","","2","","128",10,94,94,"{L0:2, L2:1}","{L1:1, L2:1}",""
2973415620029,PHASE_B,194655,18929,SEAL,0,3,32,"","11","","0","","1","","64",0,0,0,"{L1:1, L2:1}","{L0:1, L1:1, L2:1}",""
2973415627722,PHASE_B,194964,18992,SEAL,0,4,32,"","12","","0","","1","","64",0,0,0,"{L0:1, L1:1, L2:1}","{L0:2, L1:1, L2:1}",""
2973415627763,PHASE_B,194964,18992,MERGE_SUBMIT,0,4,32,"","","","","","","","",0,0,0,"{L0:2, L1:1, L2:1}","{L0:2, L1:1, L2:1}",""
2973415627878,PHASE_B,194973,18995,MERGE_START,0,4,32,"[11,12]","","[0,0]","","[1,1]","","[64,64]","",100,0,0,"{L0:2, L1:1, L2:1}","{L0:2, L1:1, L2:1}",""
2973415628210,PHASE_B,194977,18995,MERGE_DONE,0,0,0,"","13","","1","","2","","128",100,350,349,"","",""
2973415628218,PHASE_B,194977,18995,MERGE_DISCARD,0,4,32,"","","","","","","","",100,357,0,"{L0:2, L1:1, L2:1}","{L0:2, L1:1, L2:1}",""
2973415636361,PHASE_B,195301,19058,SEAL,0,1,32,"","1","","0","","1","","64",0,0,0,"{}","{L0:1}",""
2973415643904,PHASE_B,195611,19121,SEAL,0,2,32,"","2","","0","","1","","64",0,0,0,"{L0:1}","{L0:2}",""
2973415643946,PHASE_B,195611,19121,MERGE_SUBMIT,0,2,32,"","","","","","","","",0,0,0,"{L0:2}","{L0:2}",""
2973415643953,PHASE_B,195611,19121,MERGE_START,0,2,32,"[1,2]","","[0,0]","","[1,1]","","[64,64]","",10,0,0,"{L0:2}","{L0:2}",""
2973415644056,PHASE_B,195614,19123,MERGE_DONE,0,0,0,"","3","","1","","2","","128",10,105,105,"","",""
2973415644063,PHASE_B,195616,19124,MERGE_PUBLISH,0,1,32,"","3","","1","","2","","128",10,111,111,"{L0:2}","{L1:1}",""
2973415651330,PHASE_B,195939,19186,SEAL,0,2,32,"","4","","0","","1","","64",0,0,0,"{L1:1}","{L0:1, L1:1}",""
2973415661396,PHASE_B,196259,19250,SEAL,0,3,32,"","5","","0","","1","","64",0,0,0,"{L0:1, L1:1}","{L0:2, L1:1}",""
2973415661434,PHASE_B,196259,19250,MERGE_SUBMIT,0,3,32,"","","","","","","","",0,0,0,"{L0:2, L1:1}","{L0:2, L1:1}",""
2973415661440,PHASE_B,196259,19250,MERGE_START,0,3,32,"[4,5]","","[0,0]","","[1,1]","","[64,64]","",9,0,0,"{L0:2, L1:1}","{L0:2, L1:1}",""
2973415661533,PHASE_B,196259,19250,MERGE_DONE,0,0,0,"","6","","1","","2","","128",9,95,95,"","",""
2973415661536,PHASE_B,196259,19250,MERGE_PUBLISH,0,2,32,"","6","","1","","2","","128",9,98,97,"{L0:2, L1:1}","{L1:2}",""
2973415661539,PHASE_B,196259,19250,MERGE_SUBMIT,1,2,32,"","","","","","","","",0,0,0,"{L1:2}","{L1:2}",""
2973415661588,PHASE_B,196259,19250,MERGE_START,0,2,32,"[3,6]","","[1,1]","","[2,2]","","[128,128]","",30,0,0,"{L1:2}","{L1:2}",""
2973415662194,PHASE_B,196296,19256,MERGE_DONE,0,0,0,"","7","","2","","4","","256",30,621,620,"","",""
2973415662207,PHASE_B,196296,19256,MERGE_PUBLISH,0,1,32,"","7","","2","","4","","256",30,633,632,"{L1:2}","{L2:1}",""
2973415670540,PHASE_B,196576,19314,SEAL,0,2,32,"","8","","0","","1","","64",0,0,0,"{L2:1}","{L0:1, L2:1}",""
2973415679516,PHASE_B,196904,19378,SEAL,0,3,32,"","9","","0","","1","","64",0,0,0,"{L0:1, L2:1}","{L0:2, L2:1}",""
2973415679555,PHASE_B,196904,19378,MERGE_SUBMIT,0,3,32,"","","","","","","","",0,0,0,"{L0:2, L2:1}","{L0:2, L2:1}",""
2973415679562,PHASE_B,196904,19378,MERGE_START,0,3,32,"[8,9]","","[0,0]","","[1,1]","","[64,64]","",11,0,0,"{L0:2, L2:1}","{L0:2, L2:1}",""
2973415679680,PHASE_B,196907,19380,MERGE_DONE,0,0,0,"","10","","1","","2","","128",11,121,121,"","",""
2973415679683,PHASE_B,196907,19380,MERGE_PUBLISH,0,2,32,"","10","","1","","2","","128",11,123,123,"{L0:2, L2:1}","{L1:1, L2:1}",""
2973415689688,PHASE_B,197213,19441,SEAL,0,3,32,"","11","","0","","1","","64",0,0,0,"{L1:1, L2:1}","{L0:1, L1:1, L2:1}",""
2973415699859,PHASE_B,197536,19506,SEAL,0,4,32,"","12","","0","","1","","64",0,0,0,"{L0:1, L1:1, L2:1}","{L0:2, L1:1, L2:1}",""
2973415699902,PHASE_B,197536,19506,MERGE_SUBMIT,0,4,32,"","","","","","","","",0,0,0,"{L0:2, L1:1, L2:1}","{L0:2, L1:1, L2:1}",""
2973415699973,PHASE_B,197536,19506,MERGE_START,0,4,32,"[11,12]","","[0,0]","","[1,1]","","[64,64]","",61,0,0,"{L0:2, L1:1, L2:1}","{L0:2, L1:1, L2:1}",""
2973415700071,PHASE_B,197542,19508,MERGE_DONE,0,0,0,"","13","","1","","2","","128",61,115,103,"","",""
2973415700077,PHASE_B,197542,19508,MERGE_PUBLISH,0,3,32,"","13","","1","","2","","128",61,120,108,"{L0:2, L1:1, L2:1}","{L1:2, L2:1}",""
2973415700081,PHASE_B,197542,19508,MERGE_SUBMIT,1,3,32,"","","","","","","","",0,0,0,"{L1:2, L2:1}","{L1:2, L2:1}",""
2973415700109,PHASE_B,197542,19508,MERGE_START,0,3,32,"[10,13]","","[1,1]","","[2,2]","","[128,128]","",29,0,0,"{L1:2, L2:1}","{L1:2, L2:1}",""
2973415700241,PHASE_B,197545,19508,MERGE_DONE,0,0,0,"","14","","2","","4","","256",29,133,133,"","",""
2973415700249,PHASE_B,197545,19508,MERGE_PUBLISH,0,2,32,"","14","","2","","4","","256",29,140,140,"{L1:2, L2:1}","{L2:2}",""
2973415700253,PHASE_B,197545,19508,MERGE_SUBMIT,1,2,32,"","","","","","","","",0,0,0,"{L2:2}","{L2:2}",""
2973415700287,PHASE_B,197545,19508,MERGE_START,0,2,32,"[7,14]","","[2,2]","","[4,4]","","[256,256]","",22,0,0,"{L2:2}","{L2:2}",""
2973415701373,PHASE_B,197545,19508,MERGE_DONE,0,0,0,"","15","","3","","8","","512",22,1096,1095,"","",""
2973415701376,PHASE_B,197545,19508,MERGE_DISCARD,0,2,32,"","","","","","","","",22,1102,0,"{L2:2}","{L2:2}",""
2973415711430,PHASE_B,197860,19571,SEAL,0,1,32,"","1","","0","","1","","64",0,0,0,"{}","{L0:1}",""
2973415721696,PHASE_B,198178,19635,SEAL,0,2,32,"","2","","0","","1","","64",0,0,0,"{L0:1}","{L0:2}",""
2973415721740,PHASE_B,198178,19635,MERGE_SUBMIT,0,2,32,"","","","","","","","",0,0,0,"{L0:2}","{L0:2}",""
2973415721772,PHASE_B,198182,19636,MERGE_START,0,2,32,"[1,2]","","[0,0]","","[1,1]","","[64,64]","",26,0,0,"{L0:2}","{L0:2}",""
2973415722075,PHASE_B,198200,19637,MERGE_DONE,0,0,0,"","3","","1","","2","","128",26,315,314,"","",""
2973415722086,PHASE_B,198200,19637,MERGE_PUBLISH,0,1,32,"","3","","1","","2","","128",26,325,324,"{L0:2}","{L1:1}",""
2973415733558,PHASE_B,198486,19695,SEAL,0,2,32,"","4","","0","","1","","64",0,0,0,"{L1:1}","{L0:1, L1:1}",""
2973415746177,PHASE_B,198825,19763,SEAL,0,3,32,"","5","","0","","1","","64",0,0,0,"{L0:1, L1:1}","{L0:2, L1:1}",""
2973415746216,PHASE_B,198825,19763,MERGE_SUBMIT,0,3,32,"","","","","","","","",0,0,0,"{L0:2, L1:1}","{L0:2, L1:1}",""
2973415746244,PHASE_B,198828,19764,MERGE_START,0,3,32,"[4,5]","","[0,0]","","[1,1]","","[64,64]","",19,0,0,"{L0:2, L1:1}","{L0:2, L1:1}",""
2973415746544,PHASE_B,198835,19767,MERGE_DONE,0,0,0,"","6","","1","","2","","128",19,312,312,"","",""
2973415746556,PHASE_B,198835,19767,MERGE_PUBLISH,0,2,32,"","6","","1","","2","","128",19,322,321,"{L0:2, L1:1}","{L1:2}",""
2973415746579,PHASE_B,198836,19767,MERGE_SUBMIT,3,2,32,"","","","","","","","",0,0,0,"{L1:2}","{L1:2}",""
2973415746611,PHASE_B,198838,19767,MERGE_START,0,2,32,"[3,6]","","[1,1]","","[2,2]","","[128,128]","",20,0,0,"{L1:2}","{L1:2}",""
2973415747208,PHASE_B,198874,19773,MERGE_DONE,0,0,0,"","7","","2","","4","","256",20,611,610,"","",""
2973415747222,PHASE_B,198875,19773,MERGE_PUBLISH,0,1,32,"","7","","2","","4","","256",20,622,621,"{L1:2}","{L2:1}",""
2973415754077,PHASE_B,199133,19825,SEAL,0,2,32,"","8","","0","","1","","64",0,0,0,"{L2:1}","{L0:1, L2:1}",""
2973415762474,PHASE_B,199461,19891,SEAL,0,3,32,"","9","","0","","1","","64",0,0,0,"{L0:1, L2:1}","{L0:2, L2:1}",""
2973415762515,PHASE_B,199461,19891,MERGE_SUBMIT,0,3,32,"","","","","","","","",0,0,0,"{L0:2, L2:1}","{L0:2, L2:1}",""
2973415762543,PHASE_B,199462,19892,MERGE_START,0,3,32,"[8,9]","","[0,0]","","[1,1]","","[64,64]","",20,0,0,"{L0:2, L2:1}","{L0:2, L2:1}",""
2973415762890,PHASE_B,199472,19894,MERGE_DONE,0,0,0,"","10","","1","","2","","128",20,358,358,"","",""
2973415762918,PHASE_B,199474,19895,MERGE_PUBLISH,0,2,32,"","10","","1","","2","","128",20,384,383,"{L0:2, L2:1}","{L1:1, L2:1}",""
2973415771596,PHASE_B,199774,19954,SEAL,0,3,32,"","11","","0","","1","","64",0,0,0,"{L1:1, L2:1}","{L0:1, L1:1, L2:1}",""
