elapsed_sec,event_type,job_id,reason,input_level,output_level,sst_path,num_range_deletions,data_size,num_entries,dropped_records
0.46,flush,2,Write Buffer Full,-1,0,/home/wam/grad/s14-range-delete-study/scratch/longcycle_formal/db_LC20-R9-CLEAN/000009.sst,0,56514424,54128,0
0.76,flush,3,Write Buffer Full,-1,0,/home/wam/grad/s14-range-delete-study/scratch/longcycle_formal/db_LC20-R9-CLEAN/000011.sst,0,61200117,58614,0
1.07,flush,4,Write Buffer Full,-1,0,/home/wam/grad/s14-range-delete-study/scratch/longcycle_formal/db_LC20-R9-CLEAN/000013.sst,0,61762331,59152,0
1.38,flush,5,Write Buffer Full,-1,0,/home/wam/grad/s14-range-delete-study/scratch/longcycle_formal/db_LC20-R9-CLEAN/000015.sst,0,62429699,59789,0
1.69,flush,7,Write Buffer Full,-1,0,/home/wam/grad/s14-range-delete-study/scratch/longcycle_formal/db_LC20-R9-CLEAN/000018.sst,0,63264997,60590,0
2.09,flush,8,Write Buffer Full,-1,0,/home/wam/grad/s14-range-delete-study/scratch/longcycle_formal/db_LC20-R9-CLEAN/000022.sst,0,63873687,61171,0
2.20,compaction,6,kCompaction,0,6,/home/wam/grad/s14-range-delete-study/scratch/longcycle_formal/db_LC20-R9-CLEAN/000016.sst,0,225675539,214454,17229
2.41,flush,9,Write Buffer Full,-1,0,/home/wam/grad/s14-range-delete-study/scratch/longcycle_formal/db_LC20-R9-CLEAN/000025.sst,0,63039807,60372,0
2.72,flush,10,Write Buffer Full,-1,0,/home/wam/grad/s14-range-delete-study/scratch/longcycle_formal/db_LC20-R9-CLEAN/000027.sst,0,62640037,59989,0
3.03,flush,12,Write Buffer Full,-1,0,/home/wam/grad/s14-range-delete-study/scratch/longcycle_formal/db_LC20-R9-CLEAN/000030.sst,0,64199450,61482,0
3.54,flush,13,Write Buffer Full,-1,0,/home/wam/grad/s14-range-delete-study/scratch/longcycle_formal/db_LC20-R9-CLEAN/000034.sst,0,64217200,61500,0
4.34,flush,14,Write Buffer Full,-1,0,/home/wam/grad/s14-range-delete-study/scratch/longcycle_formal/db_LC20-R9-CLEAN/000037.sst,0,64144994,61430,0
5.09,flush,15,Write Buffer Full,-1,0,/home/wam/grad/s14-range-delete-study/scratch/longcycle_formal/db_LC20-R9-CLEAN/000040.sst,0,63461011,60774,0
5.82,flush,17,Write Buffer Full,-1,0,/home/wam/grad/s14-range-delete-study/scratch/longcycle_formal/db_LC20-R9-CLEAN/000044.sst,0,63765636,61065,0
7.40,compaction,11,kCompaction,0,6,/home/wam/grad/s14-range-delete-study/scratch/longcycle_formal/db_LC20-R9-CLEAN/000028.sst,0,451349647,428911,27665
7.50,flush,18,Write Buffer Full,-1,0,/home/wam/grad/s14-range-delete-study/scratch/longcycle_formal/db_LC20-R9-CLEAN/000047.sst,0,63316672,60635,0
7.55,compaction,16,kCompaction,0,0,/home/wam/grad/s14-range-delete-study/scratch/longcycle_formal/db_LC20-R9-CLEAN/000043.sst,0,252700661,240130,5056
8.57,flush,20,Write Buffer Full,-1,0,/home/wam/grad/s14-range-delete-study/scratch/longcycle_formal/db_LC20-R9-CLEAN/000051.sst,0,127627807,122225,0
9.02,flush,21,Write Buffer Full,-1,0,/home/wam/grad/s14-range-delete-study/scratch/longcycle_formal/db_LC20-R9-CLEAN/000054.sst,0,63486972,60797,0
9.45,flush,22,Write Buffer Full,-1,0,/home/wam/grad/s14-range-delete-study/scratch/longcycle_formal/db_LC20-R9-CLEAN/000057.sst,0,63581707,60889,0
10.12,flush,23,Write Buffer Full,-1,0,/home/wam/grad/s14-range-delete-study/scratch/longcycle_formal/db_LC20-R9-CLEAN/000060.sst,0,64658459,61920,0
10.41,flush,26,Write Buffer Full,-1,0,/home/wam/grad/s14-range-delete-study/scratch/longcycle_formal/db_LC20-R9-CLEAN/000064.sst,0,64431027,61702,0
10.83,flush,28,Write Buffer Full,-1,0,/home/wam/grad/s14-range-delete-study/scratch/longcycle_formal/db_LC20-R9-CLEAN/000067.sst,0,64574546,61839,0
11.31,compaction,19,kCompaction,0,5,/home/wam/grad/s14-range-delete-study/scratch/longcycle_formal/db_LC20-R9-CLEAN/000050.sst,0,374422832,355790,6040
11.32,flush,29,Write Buffer Full,-1,0,/home/wam/grad/s14-range-delete-study/scratch/longcycle_formal/db_LC20-R9-CLEAN/000070.sst,0,64276347,61554,0
12.43,flush,32,Write Buffer Full,-1,0,/home/wam/grad/s14-range-delete-study/scratch/longcycle_formal/db_LC20-R9-CLEAN/000074.sst,0,63122170,60448,0
12.45,compaction,27,kCompaction,0,0,/home/wam/grad/s14-range-delete-study/scratch/longcycle_formal/db_LC20-R9-CLEAN/000065.sst,0,255171472,242477,2831
12.56,compaction,31,kCompaction,5,6,/home/wam/grad/s14-range-delete-study/scratch/longcycle_formal/db_LC20-R9-CLEAN/000071.sst,0,91725517,87166,3522
13.08,flush,33,Write Buffer Full,-1,0,/home/wam/grad/s14-range-delete-study/scratch/longcycle_formal/db_LC20-R9-CLEAN/000079.sst,0,127211136,121824,0
13.14,compaction,30,kCompaction,5,6,/home/wam/grad/s14-range-delete-study/scratch/longcycle_formal/db_LC20-R9-CLEAN/000072.sst,0,152078420,144518,4988
13.43,flush,40,Write Buffer Full,-1,0,/home/wam/grad/s14-range-delete-study/scratch/longcycle_formal/db_LC20-R9-CLEAN/000083.sst,0,64638960,61901,0
13.79,flush,43,Write Buffer Full,-1,0,/home/wam/grad/s14-range-delete-study/scratch/longcycle_formal/db_LC20-R9-CLEAN/000085.sst,0,64040161,61327,0
14.13,flush,46,Write Buffer Full,-1,0,/home/wam/grad/s14-range-delete-study/scratch/longcycle_formal/db_LC20-R9-CLEAN/000087.sst,0,64675389,61934,0
14.86,flush,49,Write Buffer Full,-1,0,/home/wam/grad/s14-range-delete-study/scratch/longcycle_formal/db_LC20-R9-CLEAN/000089.sst,0,64509388,61776,0
14.88,compaction,37,kCompaction,0,0,/home/wam/grad/s14-range-delete-study/scratch/longcycle_formal/db_LC20-R9-CLEAN/000082.sst,0,317930993,302100,3565
15.13,flush,54,Write Buffer Full,-1,0,/home/wam/grad/s14-range-delete-study/scratch/longcycle_formal/db_LC20-R9-CLEAN/000092.sst,0,64521021,61787,0
15.41,flush,57,Write Buffer Full,-1,0,/home/wam/grad/s14-range-delete-study/scratch/longcycle_formal/db_LC20-R9-CLEAN/000094.sst,0,63525703,60833,0
16.20,flush,60,Write Buffer Full,-1,0,/home/wam/grad/s14-range-delete-study/scratch/longcycle_formal/db_LC20-R9-CLEAN/000096.sst,0,64076468,61361,0
16.22,compaction,51,kCompaction,0,0,/home/wam/grad/s14-range-delete-study/scratch/longcycle_formal/db_LC20-R9-CLEAN/000091.sst,0,257760563,244940,1998
16.49,flush,63,Write Buffer Full,-1,0,/home/wam/grad/s14-range-delete-study/scratch/longcycle_formal/db_LC20-R9-CLEAN/000098.sst,0,64643637,61904,0
17.01,flush,65,Write Buffer Full,-1,0,/home/wam/grad/s14-range-delete-study/scratch/longcycle_formal/db_LC20-R9-CLEAN/000101.sst,0,63481653,60791,0
17.36,flush,66,Write Buffer Full,-1,0,/home/wam/grad/s14-range-delete-study/scratch/longcycle_formal/db_LC20-R9-CLEAN/000104.sst,0,64659154,61919,0
17.62,flush,67,Write Buffer Full,-1,0,/home/wam/grad/s14-range-delete-study/scratch/longcycle_formal/db_LC20-R9-CLEAN/000107.sst,0,64168959,61448,0
18.10,flush,69,Write Buffer Full,-1,0,/home/wam/grad/s14-range-delete-study/scratch/longcycle_formal/db_LC20-R9-CLEAN/000110.sst,0,64705076,61963,0
18.32,flush,70,Write Buffer Full,-1,0,/home/wam/grad/s14-range-delete-study/scratch/longcycle_formal/db_LC20-R9-CLEAN/000113.sst,0,63833145,61127,0
19.10,flush,71,Write Buffer Full,-1,0,/home/wam/grad/s14-range-delete-study/scratch/longcycle_formal/db_LC20-R9-CLEAN/000115.sst,0,63097240,60423,0
19.11,compaction,68,kCompaction,0,0,/home/wam/grad/s14-range-delete-study/scratch/longcycle_formal/db_LC20-R9-CLEAN/000108.sst,0,257221456,244420,1642
19.55,flush,73,Write Buffer Full,-1,0,/home/wam/grad/s14-range-delete-study/scratch/longcycle_formal/db_LC20-R9-CLEAN/000118.sst,0,63935346,61224,0
20.30,flush,77,Write Buffer Full,-1,0,/home/wam/grad/s14-range-delete-study/scratch/longcycle_formal/db_LC20-R9-CLEAN/000123.sst,0,127147263,121763,0
20.99,flush,79,Write Buffer Full,-1,0,/home/wam/grad/s14-range-delete-study/scratch/longcycle_formal/db_LC20-R9-CLEAN/000126.sst,0,63440149,60751,0
21.04,compaction,76,kCompaction,0,0,/home/wam/grad/s14-range-delete-study/scratch/longcycle_formal/db_LC20-R9-CLEAN/000122.sst,0,256116004,243365,1372
21.43,flush,81,Write Buffer Full,-1,0,/home/wam/grad/s14-range-delete-study/scratch/longcycle_formal/db_LC20-R9-CLEAN/000128.sst,0,64207471,61486,0
21.80,flush,86,Write Buffer Full,-1,0,/home/wam/grad/s14-range-delete-study/scratch/longcycle_formal/db_LC20-R9-CLEAN/000131.sst,0,64248143,61525,0
22.16,flush,89,Write Buffer Full,-1,0,/home/wam/grad/s14-range-delete-study/scratch/longcycle_formal/db_LC20-R9-CLEAN/000133.sst,0,64684289,61942,0
22.78,flush,93,Write Buffer Full,-1,0,/home/wam/grad/s14-range-delete-study/scratch/longcycle_formal/db_LC20-R9-CLEAN/000137.sst,0,64708549,61965,0
23.84,flush,96,Write Buffer Full,-1,0,/home/wam/grad/s14-range-delete-study/scratch/longcycle_formal/db_LC20-R9-CLEAN/000140.sst,0,64886688,62136,0
23.89,compaction,90,kCompaction,0,0,/home/wam/grad/s14-range-delete-study/scratch/longcycle_formal/db_LC20-R9-CLEAN/000135.sst,0,257260536,244456,1248
24.12,flush,99,Write Buffer Full,-1,0,/home/wam/grad/s14-range-delete-study/scratch/longcycle_formal/db_LC20-R9-CLEAN/000143.sst,0,64021491,61307,0
24.57,flush,103,Write Buffer Full,-1,0,/home/wam/grad/s14-range-delete-study/scratch/longcycle_formal/db_LC20-R9-CLEAN/000145.sst,0,64536403,61800,0
24.61,compaction,64,kCompaction,0,5,/home/wam/grad/s14-range-delete-study/scratch/longcycle_formal/db_LC20-R9-CLEAN/000099.sst,0,1315420673,1250000,68833
24.89,flush,108,Write Buffer Full,-1,0,/home/wam/grad/s14-range-delete-study/scratch/longcycle_formal/db_LC20-R9-CLEAN/000149.sst,0,64317500,61590,0
25.17,flush,111,Write Buffer Full,-1,0,/home/wam/grad/s14-range-delete-study/scratch/longcycle_formal/db_LC20-R9-CLEAN/000151.sst,0,64457879,61725,0
25.75,flush,114,Write Buffer Full,-1,0,/home/wam/grad/s14-range-delete-study/scratch/longcycle_formal/db_LC20-R9-CLEAN/000153.sst,0,63674837,60975,0
25.77,compaction,105,kCompaction,0,0,/home/wam/grad/s14-range-delete-study/scratch/longcycle_formal/db_LC20-R9-CLEAN/000148.sst,0,258949371,246062,1146
26.04,flush,118,Write Buffer Full,-1,0,/home/wam/grad/s14-range-delete-study/scratch/longcycle_formal/db_LC20-R9-CLEAN/000156.sst,0,64277657,61553,0
26.54,flush,119,Write Buffer Full,-1,0,/home/wam/grad/s14-range-delete-study/scratch/longcycle_formal/db_LC20-R9-CLEAN/000158.sst,0,64371529,61643,0
26.86,flush,120,Write Buffer Full,-1,0,/home/wam/grad/s14-range-delete-study/scratch/longcycle_formal/db_LC20-R9-CLEAN/000161.sst,0,64600758,61862,0
27.42,flush,121,Write Buffer Full,-1,0,/home/wam/grad/s14-range-delete-study/scratch/longcycle_formal/db_LC20-R9-CLEAN/000163.sst,0,64270610,61545,0
27.85,flush,123,Write Buffer Full,-1,0,/home/wam/grad/s14-range-delete-study/scratch/longcycle_formal/db_LC20-R9-CLEAN/000167.sst,0,64807224,62060,0
28.19,flush,124,Write Buffer Full,-1,0,/home/wam/grad/s14-range-delete-study/scratch/longcycle_formal/db_LC20-R9-CLEAN/000170.sst,0,64025720,61311,0
29.08,flush,125,Write Buffer Full,-1,0,/home/wam/grad/s14-range-delete-study/scratch/longcycle_formal/db_LC20-R9-CLEAN/000172.sst,0,64760237,62014,0
29.09,compaction,122,kCompaction,0,0,/home/wam/grad/s14-range-delete-study/scratch/longcycle_formal/db_LC20-R9-CLEAN/000165.sst,0,258502817,245632,971
29.38,flush,127,Write Buffer Full,-1,0,/home/wam/grad/s14-range-delete-study/scratch/longcycle_formal/db_LC20-R9-CLEAN/000175.sst,0,62807495,60144,0
29.83,flush,129,Write Buffer Full,-1,0,/home/wam/grad/s14-range-delete-study/scratch/longcycle_formal/db_LC20-R9-CLEAN/000178.sst,0,64785238,62038,0
30.72,flush,131,Write Buffer Full,-1,0,/home/wam/grad/s14-range-delete-study/scratch/longcycle_formal/db_LC20-R9-CLEAN/000181.sst,0,64755324,62010,0
31.04,compaction,128,kCompaction,0,0,/home/wam/grad/s14-range-delete-study/scratch/longcycle_formal/db_LC20-R9-CLEAN/000176.sst,0,257363856,244552,977
31.19,flush,135,Write Buffer Full,-1,0,/home/wam/grad/s14-range-delete-study/scratch/longcycle_formal/db_LC20-R9-CLEAN/000184.sst,0,62858263,60193,0
31.45,flush,139,Write Buffer Full,-1,0,/home/wam/grad/s14-range-delete-study/scratch/longcycle_formal/db_LC20-R9-CLEAN/000187.sst,0,64770935,62024,0
32.03,flush,142,Write Buffer Full,-1,0,/home/wam/grad/s14-range-delete-study/scratch/longcycle_formal/db_LC20-R9-CLEAN/000190.sst,0,63224836,60544,0
32.41,flush,145,Write Buffer Full,-1,0,/home/wam/grad/s14-range-delete-study/scratch/longcycle_formal/db_LC20-R9-CLEAN/000193.sst,0,64632535,61892,0
33.05,flush,149,Write Buffer Full,-1,0,/home/wam/grad/s14-range-delete-study/scratch/longcycle_formal/db_LC20-R9-CLEAN/000196.sst,0,64745347,62000,0
33.27,compaction,140,kCompaction,0,0,/home/wam/grad/s14-range-delete-study/scratch/longcycle_formal/db_LC20-R9-CLEAN/000188.sst,0,258303705,245439,826
33.47,flush,152,Write Buffer Full,-1,0,/home/wam/grad/s14-range-delete-study/scratch/longcycle_formal/db_LC20-R9-CLEAN/000198.sst,0,64167020,61445,0
34.12,flush,156,Write Buffer Full,-1,0,/home/wam/grad/s14-range-delete-study/scratch/longcycle_formal/db_LC20-R9-CLEAN/000202.sst,0,63431389,60740,0
34.54,flush,160,Write Buffer Full,-1,0,/home/wam/grad/s14-range-delete-study/scratch/longcycle_formal/db_LC20-R9-CLEAN/000205.sst,0,64576934,61838,0
35.39,flush,163,Write Buffer Full,-1,0,/home/wam/grad/s14-range-delete-study/scratch/longcycle_formal/db_LC20-R9-CLEAN/000208.sst,0,64856309,62105,0
35.43,compaction,154,kCompaction,0,0,/home/wam/grad/s14-range-delete-study/scratch/longcycle_formal/db_LC20-R9-CLEAN/000200.sst,0,257888830,245049,832
35.61,flush,166,Write Buffer Full,-1,0,/home/wam/grad/s14-range-delete-study/scratch/longcycle_formal/db_LC20-R9-CLEAN/000211.sst,0,64212230,61489,0
36.01,flush,171,Write Buffer Full,-1,0,/home/wam/grad/s14-range-delete-study/scratch/longcycle_formal/db_LC20-R9-CLEAN/000214.sst,0,64280151,61554,0
36.35,flush,174,Write Buffer Full,-1,0,/home/wam/grad/s14-range-delete-study/scratch/longcycle_formal/db_LC20-R9-CLEAN/000217.sst,0,64196216,61473,0
37.18,compaction,169,kCompaction,0,0,/home/wam/grad/s14-range-delete-study/scratch/longcycle_formal/db_LC20-R9-CLEAN/000213.sst,0,258275814,245412,760
37.20,flush,177,Write Buffer Full,-1,0,/home/wam/grad/s14-range-delete-study/scratch/longcycle_formal/db_LC20-R9-CLEAN/000220.sst,0,64610588,61871,0
37.91,flush,182,Write Buffer Full,-1,0,/home/wam/grad/s14-range-delete-study/scratch/longcycle_formal/db_LC20-R9-CLEAN/000224.sst,0,129050785,123580,0
38.21,flush,186,Write Buffer Full,-1,0,/home/wam/grad/s14-range-delete-study/scratch/longcycle_formal/db_LC20-R9-CLEAN/000228.sst,0,64505304,61769,0
38.71,flush,189,Write Buffer Full,-1,0,/home/wam/grad/s14-range-delete-study/scratch/longcycle_formal/db_LC20-R9-CLEAN/000230.sst,0,64747391,62001,0
39.62,flush,192,Write Buffer Full,-1,0,/home/wam/grad/s14-range-delete-study/scratch/longcycle_formal/db_LC20-R9-CLEAN/000233.sst,0,64607459,61867,0
39.66,compaction,184,kCompaction,0,0,/home/wam/grad/s14-range-delete-study/scratch/longcycle_formal/db_LC20-R9-CLEAN/000227.sst,0,323503916,307384,1094
39.92,flush,195,Write Buffer Full,-1,0,/home/wam/grad/s14-range-delete-study/scratch/longcycle_formal/db_LC20-R9-CLEAN/000236.sst,0,64876729,62125,0
40.49,flush,199,Write Buffer Full,-1,0,/home/wam/grad/s14-range-delete-study/scratch/longcycle_formal/db_LC20-R9-CLEAN/000239.sst,0,63919468,61207,0
40.79,flush,203,Write Buffer Full,-1,0,/home/wam/grad/s14-range-delete-study/scratch/longcycle_formal/db_LC20-R9-CLEAN/000242.sst,0,64771672,62025,0
41.54,compaction,197,kCompaction,0,0,/home/wam/grad/s14-range-delete-study/scratch/longcycle_formal/db_LC20-R9-CLEAN/000237.sst,0,260045388,247092,670
41.93,flush,207,Write Buffer Full,-1,0,/home/wam/grad/s14-range-delete-study/scratch/longcycle_formal/db_LC20-R9-CLEAN/000245.sst,0,63757669,61053,0
41.96,compaction,117,kCompaction,0,5,/home/wam/grad/s14-range-delete-study/scratch/longcycle_formal/db_LC20-R9-CLEAN/000155.sst,0,2537304698,2411149,123207
42.45,flush,210,Write Buffer Full,-1,0,/home/wam/grad/s14-range-delete-study/scratch/longcycle_formal/db_LC20-R9-CLEAN/000248.sst,0,64787640,62039,0
42.82,flush,211,Write Buffer Full,-1,0,/home/wam/grad/s14-range-delete-study/scratch/longcycle_formal/db_LC20-R9-CLEAN/000250.sst,0,64445317,61711,0
43.42,flush,212,Write Buffer Full,-1,0,/home/wam/grad/s14-range-delete-study/scratch/longcycle_formal/db_LC20-R9-CLEAN/000253.sst,0,63881628,61171,0
43.85,flush,213,Write Buffer Full,-1,0,/home/wam/grad/s14-range-delete-study/scratch/longcycle_formal/db_LC20-R9-CLEAN/000256.sst,0,64710784,61965,0
44.30,flush,215,Write Buffer Full,-1,0,/home/wam/grad/s14-range-delete-study/scratch/longcycle_formal/db_LC20-R9-CLEAN/000259.sst,0,64755357,62008,0
44.70,flush,216,Write Buffer Full,-1,0,/home/wam/grad/s14-range-delete-study/scratch/longcycle_formal/db_LC20-R9-CLEAN/000262.sst,0,64704125,61959,0
45.47,flush,217,Write Buffer Full,-1,0,/home/wam/grad/s14-range-delete-study/scratch/longcycle_formal/db_LC20-R9-CLEAN/000264.sst,0,62027420,59395,0
45.48,compaction,214,kCompaction,0,0,/home/wam/grad/s14-range-delete-study/scratch/longcycle_formal/db_LC20-R9-CLEAN/000257.sst,0,259163951,246257,629
45.70,flush,219,Write Buffer Full,-1,0,/home/wam/grad/s14-range-delete-study/scratch/longcycle_formal/db_LC20-R9-CLEAN/000267.sst,0,64013071,61298,0
46.14,flush,221,Write Buffer Full,-1,0,/home/wam/grad/s14-range-delete-study/scratch/longcycle_formal/db_LC20-R9-CLEAN/000270.sst,0,64199910,61476,0
46.56,flush,223,Write Buffer Full,-1,0,/home/wam/grad/s14-range-delete-study/scratch/longcycle_formal/db_LC20-R9-CLEAN/000273.sst,0,63864563,61155,0
47.39,compaction,220,kCompaction,0,0,/home/wam/grad/s14-range-delete-study/scratch/longcycle_formal/db_LC20-R9-CLEAN/000268.sst,0,256897473,244104,556
47.42,flush,227,Write Buffer Full,-1,0,/home/wam/grad/s14-range-delete-study/scratch/longcycle_formal/db_LC20-R9-CLEAN/000275.sst,0,64380456,61648,0
47.86,flush,231,Write Buffer Full,-1,0,/home/wam/grad/s14-range-delete-study/scratch/longcycle_formal/db_LC20-R9-CLEAN/000278.sst,0,64484980,61749,0
48.17,flush,235,Write Buffer Full,-1,0,/home/wam/grad/s14-range-delete-study/scratch/longcycle_formal/db_LC20-R9-CLEAN/000282.sst,0,63955772,61242,0
48.59,flush,238,Write Buffer Full,-1,0,/home/wam/grad/s14-range-delete-study/scratch/longcycle_formal/db_LC20-R9-CLEAN/000284.sst,0,64620413,61878,0
49.34,flush,241,Write Buffer Full,-1,0,/home/wam/grad/s14-range-delete-study/scratch/longcycle_formal/db_LC20-R9-CLEAN/000287.sst,0,64495999,61759,0
49.34,compaction,233,kCompaction,0,0,/home/wam/grad/s14-range-delete-study/scratch/longcycle_formal/db_LC20-R9-CLEAN/000281.sst,0,258290759,245430,598
49.57,flush,244,Write Buffer Full,-1,0,/home/wam/grad/s14-range-delete-study/scratch/longcycle_formal/db_LC20-R9-CLEAN/000290.sst,0,63069022,60393,0
49.83,flush,249,Write Buffer Full,-1,0,/home/wam/grad/s14-range-delete-study/scratch/longcycle_formal/db_LC20-R9-CLEAN/000293.sst,0,64818616,62069,0
50.20,flush,252,Write Buffer Full,-1,0,/home/wam/grad/s14-range-delete-study/scratch/longcycle_formal/db_LC20-R9-CLEAN/000295.sst,0,63902748,61192,0
51.04,flush,255,Write Buffer Full,-1,0,/home/wam/grad/s14-range-delete-study/scratch/longcycle_formal/db_LC20-R9-CLEAN/000298.sst,0,64596394,61856,0
51.06,compaction,247,kCompaction,0,0,/home/wam/grad/s14-range-delete-study/scratch/longcycle_formal/db_LC20-R9-CLEAN/000292.sst,0,257537966,244720,552
51.34,flush,259,Write Buffer Full,-1,0,/home/wam/grad/s14-range-delete-study/scratch/longcycle_formal/db_LC20-R9-CLEAN/000301.sst,0,64325094,61596,0
51.84,flush,263,Write Buffer Full,-1,0,/home/wam/grad/s14-range-delete-study/scratch/longcycle_formal/db_LC20-R9-CLEAN/000304.sst,0,64197259,61473,0
52.17,flush,266,Write Buffer Full,-1,0,/home/wam/grad/s14-range-delete-study/scratch/longcycle_formal/db_LC20-R9-CLEAN/000307.sst,0,63731909,61028,0
52.78,flush,269,Write Buffer Full,-1,0,/home/wam/grad/s14-range-delete-study/scratch/longcycle_formal/db_LC20-R9-CLEAN/000310.sst,0,64794185,62045,0
52.79,compaction,261,kCompaction,0,0,/home/wam/grad/s14-range-delete-study/scratch/longcycle_formal/db_LC20-R9-CLEAN/000303.sst,0,259064594,246155,558
53.36,flush,273,Write Buffer Full,-1,0,/home/wam/grad/s14-range-delete-study/scratch/longcycle_formal/db_LC20-R9-CLEAN/000313.sst,0,64757933,62010,0
53.94,flush,276,Write Buffer Full,-1,0,/home/wam/grad/s14-range-delete-study/scratch/longcycle_formal/db_LC20-R9-CLEAN/000316.sst,0,64167693,61445,0
54.86,flush,280,Write Buffer Full,-1,0,/home/wam/grad/s14-range-delete-study/scratch/longcycle_formal/db_LC20-R9-CLEAN/000319.sst,0,61724307,59106,0
54.99,compaction,274,kCompaction,0,0,/home/wam/grad/s14-range-delete-study/scratch/longcycle_formal/db_LC20-R9-CLEAN/000314.sst,0,258953852,246062,494
55.76,flush,284,Write Buffer Full,-1,0,/home/wam/grad/s14-range-delete-study/scratch/longcycle_formal/db_LC20-R9-CLEAN/000322.sst,0,64745234,61997,0
56.16,flush,287,Write Buffer Full,-1,0,/home/wam/grad/s14-range-delete-study/scratch/longcycle_formal/db_LC20-R9-CLEAN/000325.sst,0,64821260,62071,0
57.32,compaction,288,kCompaction,0,0,/home/wam/grad/s14-range-delete-study/scratch/longcycle_formal/db_LC20-R9-CLEAN/000326.sst,0,256924114,244133,486
57.77,flush,291,Write Buffer Full,-1,0,/home/wam/grad/s14-range-delete-study/scratch/longcycle_formal/db_LC20-R9-CLEAN/000331.sst,0,64650283,61907,0
58.16,flush,294,Write Buffer Full,-1,0,/home/wam/grad/s14-range-delete-study/scratch/longcycle_formal/db_LC20-R9-CLEAN/000333.sst,0,63939623,61226,0
58.81,flush,297,Write Buffer Full,-1,0,/home/wam/grad/s14-range-delete-study/scratch/longcycle_formal/db_LC20-R9-CLEAN/000336.sst,0,62713699,60053,0
60.60,flush,300,Write Buffer Full,-1,0,/home/wam/grad/s14-range-delete-study/scratch/longcycle_formal/db_LC20-R9-CLEAN/000342.sst,0,64793155,62044,0
63.34,compaction,301,kCompaction,0,0,/home/wam/grad/s14-range-delete-study/scratch/longcycle_formal/db_LC20-R9-CLEAN/000343.sst,0,257596476,244765,465
64.61,flush,303,Write Buffer Full,-1,0,/home/wam/grad/s14-range-delete-study/scratch/longcycle_formal/db_LC20-R9-CLEAN/000349.sst,0,64844892,62094,0
65.00,compaction,290,kCompaction,0,0,/home/wam/grad/s14-range-delete-study/scratch/longcycle_formal/db_LC20-R9-CLEAN/000329.sst,0,1526010424,1449829,20775
65.58,flush,308,Write Buffer Full,-1,0,/home/wam/grad/s14-range-delete-study/scratch/longcycle_formal/db_LC20-R9-CLEAN/000352.sst,0,64465114,61728,0
66.00,flush,311,Write Buffer Full,-1,0,/home/wam/grad/s14-range-delete-study/scratch/longcycle_formal/db_LC20-R9-CLEAN/000355.sst,0,63245773,60549,0
66.55,flush,314,Write Buffer Full,-1,0,/home/wam/grad/s14-range-delete-study/scratch/longcycle_formal/db_LC20-R9-CLEAN/000358.sst,0,64078868,61348,0
67.17,flush,318,Write Buffer Full,-1,0,/home/wam/grad/s14-range-delete-study/scratch/longcycle_formal/db_LC20-R9-CLEAN/000361.sst,0,64841755,62077,0
68.07,flush,321,Write Buffer Full,-1,0,/home/wam/grad/s14-range-delete-study/scratch/longcycle_formal/db_LC20-R9-CLEAN/000364.sst,0,64762170,62001,0
68.09,compaction,315,kCompaction,0,0,/home/wam/grad/s14-range-delete-study/scratch/longcycle_formal/db_LC20-R9-CLEAN/000359.sst,0,257602418,244758,961
68.54,flush,325,Write Buffer Full,-1,0,/home/wam/grad/s14-range-delete-study/scratch/longcycle_formal/db_LC20-R9-CLEAN/000367.sst,0,62491515,59827,0
68.86,compaction,209,kCompaction,0,5,/home/wam/grad/s14-range-delete-study/scratch/longcycle_formal/db_LC20-R9-CLEAN/000246.sst,0,4381351572,4163530,212464
68.87,compaction,330,kCompaction,5,6,/home/wam/grad/s14-range-delete-study/scratch/longcycle_formal/db_LC20-R9-CLEAN/000356.sst,0,0,0,0
68.98,flush,328,Write Buffer Full,-1,0,/home/wam/grad/s14-range-delete-study/scratch/longcycle_formal/db_LC20-R9-CLEAN/000370.sst,0,62680341,60007,0
70.02,flush,332,Write Buffer Full,-1,0,/home/wam/grad/s14-range-delete-study/scratch/longcycle_formal/db_LC20-R9-CLEAN/000377.sst,0,64920263,62152,0
70.69,flush,334,Write Buffer Full,-1,0,/home/wam/grad/s14-range-delete-study/scratch/longcycle_formal/db_LC20-R9-CLEAN/000380.sst,0,64736845,61977,0
71.48,flush,335,Write Buffer Full,-1,0,/home/wam/grad/s14-range-delete-study/scratch/longcycle_formal/db_LC20-R9-CLEAN/000387.sst,0,64357904,61614,0
71.52,compaction,331,kCompaction,5,6,/home/wam/grad/s14-range-delete-study/scratch/longcycle_formal/db_LC20-R9-CLEAN/000372.sst,0,394414698,374807,2217
72.30,flush,337,Write Buffer Full,-1,0,/home/wam/grad/s14-range-delete-study/scratch/longcycle_formal/db_LC20-R9-CLEAN/000393.sst,0,63012006,60325,0
73.10,flush,338,Write Buffer Full,-1,0,/home/wam/grad/s14-range-delete-study/scratch/longcycle_formal/db_LC20-R9-CLEAN/000398.sst,0,62631334,59961,0
74.20,flush,339,Write Buffer Full,-1,0,/home/wam/grad/s14-range-delete-study/scratch/longcycle_formal/db_LC20-R9-CLEAN/000405.sst,0,64528015,61776,0
74.23,compaction,333,kCompaction,5,6,/home/wam/grad/s14-range-delete-study/scratch/longcycle_formal/db_LC20-R9-CLEAN/000378.sst,0,473483638,449944,0
74.97,flush,341,Write Buffer Full,-1,0,/home/wam/grad/s14-range-delete-study/scratch/longcycle_formal/db_LC20-R9-CLEAN/000410.sst,0,64771659,62009,0
75.63,flush,342,Write Buffer Full,-1,0,/home/wam/grad/s14-range-delete-study/scratch/longcycle_formal/db_LC20-R9-CLEAN/000415.sst,0,64178951,61442,0
77.13,flush,343,Write Buffer Full,-1,0,/home/wam/grad/s14-range-delete-study/scratch/longcycle_formal/db_LC20-R9-CLEAN/000419.sst,0,63169975,60476,0
77.50,compaction,336,kCompaction,5,6,/home/wam/grad/s14-range-delete-study/scratch/longcycle_formal/db_LC20-R9-CLEAN/000391.sst,0,602529324,572575,5918
77.59,compaction,340,kCompaction,0,0,/home/wam/grad/s14-range-delete-study/scratch/longcycle_formal/db_LC20-R9-CLEAN/000408.sst,0,446570763,424266,3546
77.63,flush,344,Write Buffer Full,-1,0,/home/wam/grad/s14-range-delete-study/scratch/longcycle_formal/db_LC20-R9-CLEAN/000423.sst,0,63433389,60728,0
78.07,flush,348,Write Buffer Full,-1,0,/home/wam/grad/s14-range-delete-study/scratch/longcycle_formal/db_LC20-R9-CLEAN/000428.sst,0,64693269,61934,0
79.27,flush,349,Write Buffer Full,-1,0,/home/wam/grad/s14-range-delete-study/scratch/longcycle_formal/db_LC20-R9-CLEAN/000432.sst,0,61518297,58895,0
79.38,compaction,347,kCompaction,0,0,/home/wam/grad/s14-range-delete-study/scratch/longcycle_formal/db_LC20-R9-CLEAN/000426.sst,0,256470471,243675,980
79.96,flush,350,Write Buffer Full,-1,0,/home/wam/grad/s14-range-delete-study/scratch/longcycle_formal/db_LC20-R9-CLEAN/000437.sst,0,64559481,61806,0
80.66,flush,353,Write Buffer Full,-1,0,/home/wam/grad/s14-range-delete-study/scratch/longcycle_formal/db_LC20-R9-CLEAN/000441.sst,0,64804595,62041,0
81.16,flush,356,Write Buffer Full,-1,0,/home/wam/grad/s14-range-delete-study/scratch/longcycle_formal/db_LC20-R9-CLEAN/000446.sst,0,56976447,54546,0
82.27,flush,357,Write Buffer Full,-1,0,/home/wam/grad/s14-range-delete-study/scratch/longcycle_formal/db_LC20-R9-CLEAN/000450.sst,0,63292180,60594,0
82.29,compaction,355,kCompaction,0,0,/home/wam/grad/s14-range-delete-study/scratch/longcycle_formal/db_LC20-R9-CLEAN/000443.sst,0,256501609,243697,979
82.57,compaction,345,kCompaction,5,6,/home/wam/grad/s14-range-delete-study/scratch/longcycle_formal/db_LC20-R9-CLEAN/000425.sst,0,568360652,540103,14065
82.62,flush,359,Write Buffer Full,-1,0,/home/wam/grad/s14-range-delete-study/scratch/longcycle_formal/db_LC20-R9-CLEAN/000455.sst,0,64845795,62080,0
83.36,flush,362,Write Buffer Full,-1,0,/home/wam/grad/s14-range-delete-study/scratch/longcycle_formal/db_LC20-R9-CLEAN/000459.sst,0,61812961,59176,0
84.13,flush,363,Write Buffer Full,-1,0,/home/wam/grad/s14-range-delete-study/scratch/longcycle_formal/db_LC20-R9-CLEAN/000464.sst,0,64808999,62045,0
84.75,flush,364,Write Buffer Full,-1,0,/home/wam/grad/s14-range-delete-study/scratch/longcycle_formal/db_LC20-R9-CLEAN/000469.sst,0,62649784,59977,0
85.69,flush,365,Write Buffer Full,-1,0,/home/wam/grad/s14-range-delete-study/scratch/longcycle_formal/db_LC20-R9-CLEAN/000476.sst,0,63834740,61112,0
86.46,flush,366,Write Buffer Full,-1,0,/home/wam/grad/s14-range-delete-study/scratch/longcycle_formal/db_LC20-R9-CLEAN/000481.sst,0,61308187,58693,0
86.47,compaction,329,kCompaction,0,4,/home/wam/grad/s14-range-delete-study/scratch/longcycle_formal/db_LC20-R9-CLEAN/000371.sst,0,2438947690,2317606,51908
87.06,compaction,361,kCompaction,5,6,/home/wam/grad/s14-range-delete-study/scratch/longcycle_formal/db_LC20-R9-CLEAN/000457.sst,0,523167205,497152,8496
87.07,flush,367,Write Buffer Full,-1,0,/home/wam/grad/s14-range-delete-study/scratch/longcycle_formal/db_LC20-R9-CLEAN/000486.sst,0,61486225,58864,0
88.01,flush,370,Write Buffer Full,-1,0,/home/wam/grad/s14-range-delete-study/scratch/longcycle_formal/db_LC20-R9-CLEAN/000491.sst,0,64738628,61978,0
88.03,compaction,360,kCompaction,5,6,/home/wam/grad/s14-range-delete-study/scratch/longcycle_formal/db_LC20-R9-CLEAN/000456.sst,0,593490947,563986,14503
88.65,flush,371,Write Buffer Full,-1,0,/home/wam/grad/s14-range-delete-study/scratch/longcycle_formal/db_LC20-R9-CLEAN/000497.sst,0,64414895,61667,0
89.51,flush,373,Write Buffer Full,-1,0,/home/wam/grad/s14-range-delete-study/scratch/longcycle_formal/db_LC20-R9-CLEAN/000503.sst,0,64659156,61901,0
90.22,flush,374,Write Buffer Full,-1,0,/home/wam/grad/s14-range-delete-study/scratch/longcycle_formal/db_LC20-R9-CLEAN/000508.sst,0,64509829,61758,0
90.55,compaction,372,kCompaction,5,6,/home/wam/grad/s14-range-delete-study/scratch/longcycle_formal/db_LC20-R9-CLEAN/000500.sst,0,207140444,196844,18871
90.59,flush,375,Write Buffer Full,-1,0,/home/wam/grad/s14-range-delete-study/scratch/longcycle_formal/db_LC20-R9-CLEAN/000513.sst,0,63127035,60434,0
91.16,compaction,369,kCompaction,5,6,/home/wam/grad/s14-range-delete-study/scratch/longcycle_formal/db_LC20-R9-CLEAN/000489.sst,0,503755859,478710,14147
91.17,flush,377,Write Buffer Full,-1,0,/home/wam/grad/s14-range-delete-study/scratch/longcycle_formal/db_LC20-R9-CLEAN/000519.sst,0,59565983,57025,0
92.54,flush,379,Write Buffer Full,-1,0,/home/wam/grad/s14-range-delete-study/scratch/longcycle_formal/db_LC20-R9-CLEAN/000524.sst,0,64764996,62003,0
92.55,compaction,376,kCompaction,0,0,/home/wam/grad/s14-range-delete-study/scratch/longcycle_formal/db_LC20-R9-CLEAN/000515.sst,0,320616781,304605,1563
93.01,flush,381,Write Buffer Full,-1,0,/home/wam/grad/s14-range-delete-study/scratch/longcycle_formal/db_LC20-R9-CLEAN/000528.sst,0,64253769,61514,0
93.36,compaction,378,kCompaction,5,6,/home/wam/grad/s14-range-delete-study/scratch/longcycle_formal/db_LC20-R9-CLEAN/000520.sst,0,239882497,227957,14627
93.68,flush,385,Write Buffer Full,-1,0,/home/wam/grad/s14-range-delete-study/scratch/longcycle_formal/db_LC20-R9-CLEAN/000533.sst,0,64635228,61879,0
94.62,compaction,383,kCompaction,0,0,/home/wam/grad/s14-range-delete-study/scratch/longcycle_formal/db_LC20-R9-CLEAN/000530.sst,0,252731374,240117,859
94.64,flush,389,Write Buffer Full,-1,0,/home/wam/grad/s14-range-delete-study/scratch/longcycle_formal/db_LC20-R9-CLEAN/000535.sst,0,61295927,58681,0
95.13,flush,393,Write Buffer Full,-1,0,/home/wam/grad/s14-range-delete-study/scratch/longcycle_formal/db_LC20-R9-CLEAN/000538.sst,0,64619420,61863,0
95.89,flush,395,Write Buffer Full,-1,0,/home/wam/grad/s14-range-delete-study/scratch/longcycle_formal/db_LC20-R9-CLEAN/000541.sst,0,64767400,62005,0
96.62,flush,399,Write Buffer Full,-1,0,/home/wam/grad/s14-range-delete-study/scratch/longcycle_formal/db_LC20-R9-CLEAN/000545.sst,0,64683621,61925,0
97.64,flush,402,Write Buffer Full,-1,0,/home/wam/grad/s14-range-delete-study/scratch/longcycle_formal/db_LC20-R9-CLEAN/000548.sst,0,64776313,62013,0
97.65,compaction,397,kCompaction,0,0,/home/wam/grad/s14-range-delete-study/scratch/longcycle_formal/db_LC20-R9-CLEAN/000543.sst,0,256403788,243609,819
97.94,flush,406,Write Buffer Full,-1,0,/home/wam/grad/s14-range-delete-study/scratch/longcycle_formal/db_LC20-R9-CLEAN/000551.sst,0,64410359,61663,0
98.56,flush,409,Write Buffer Full,-1,0,/home/wam/grad/s14-range-delete-study/scratch/longcycle_formal/db_LC20-R9-CLEAN/000553.sst,0,62676082,60003,0
99.22,flush,413,Write Buffer Full,-1,0,/home/wam/grad/s14-range-delete-study/scratch/longcycle_formal/db_LC20-R9-CLEAN/000557.sst,0,62189009,59536,0
100.11,flush,416,Write Buffer Full,-1,0,/home/wam/grad/s14-range-delete-study/scratch/longcycle_formal/db_LC20-R9-CLEAN/000560.sst,0,61896985,59256,0
100.13,compaction,411,kCompaction,0,0,/home/wam/grad/s14-range-delete-study/scratch/longcycle_formal/db_LC20-R9-CLEAN/000555.sst,0,257556478,244699,905
100.59,flush,420,Write Buffer Full,-1,0,/home/wam/grad/s14-range-delete-study/scratch/longcycle_formal/db_LC20-R9-CLEAN/000563.sst,0,64031850,61300,0
101.45,flush,423,Write Buffer Full,-1,0,/home/wam/grad/s14-range-delete-study/scratch/longcycle_formal/db_LC20-R9-CLEAN/000566.sst,0,64417808,61670,0
102.14,flush,427,Write Buffer Full,-1,0,/home/wam/grad/s14-range-delete-study/scratch/longcycle_formal/db_LC20-R9-CLEAN/000570.sst,0,63456132,60749,0
103.10,compaction,425,kCompaction,0,0,/home/wam/grad/s14-range-delete-study/scratch/longcycle_formal/db_LC20-R9-CLEAN/000568.sst,0,253589634,240939,823
103.90,flush,432,Write Buffer Full,-1,0,/home/wam/grad/s14-range-delete-study/scratch/longcycle_formal/db_LC20-R9-CLEAN/000575.sst,0,64358089,61612,0
104.70,flush,435,Write Buffer Full,-1,0,/home/wam/grad/s14-range-delete-study/scratch/longcycle_formal/db_LC20-R9-CLEAN/000578.sst,0,64748098,61986,0
105.13,flush,438,Write Buffer Full,-1,0,/home/wam/grad/s14-range-delete-study/scratch/longcycle_formal/db_LC20-R9-CLEAN/000581.sst,0,64525732,61773,0
108.35,flush,441,Write Buffer Full,-1,0,/home/wam/grad/s14-range-delete-study/scratch/longcycle_formal/db_LC20-R9-CLEAN/000586.sst,0,64733451,61972,0
108.38,compaction,430,kCompaction,0,0,/home/wam/grad/s14-range-delete-study/scratch/longcycle_formal/db_LC20-R9-CLEAN/000573.sst,0,1068183474,1014768,15345
110.02,flush,445,Write Buffer Full,-1,0,/home/wam/grad/s14-range-delete-study/scratch/longcycle_formal/db_LC20-R9-CLEAN/000592.sst,0,63729843,61011,0
110.05,compaction,443,kCompaction,0,0,/home/wam/grad/s14-range-delete-study/scratch/longcycle_formal/db_LC20-R9-CLEAN/000589.sst,0,259417002,246474,869
110.29,flush,449,Write Buffer Full,-1,0,/home/wam/grad/s14-range-delete-study/scratch/longcycle_formal/db_LC20-R9-CLEAN/000595.sst,0,64666343,61907,0
110.88,flush,452,Write Buffer Full,-1,0,/home/wam/grad/s14-range-delete-study/scratch/longcycle_formal/db_LC20-R9-CLEAN/000597.sst,0,64367887,61621,0
111.19,compaction,368,kCompaction,0,4,/home/wam/grad/s14-range-delete-study/scratch/longcycle_formal/db_LC20-R9-CLEAN/000488.sst,0,3728793051,3543313,164154
111.21,compaction,457,kCompaction,4,5,/home/wam/grad/s14-range-delete-study/scratch/longcycle_formal/db_LC20-R9-CLEAN/000488.sst,0,0,0,0
111.23,compaction,458,kCompaction,4,5,/home/wam/grad/s14-range-delete-study/scratch/longcycle_formal/db_LC20-R9-CLEAN/000511.sst,0,0,0,0
111.25,compaction,459,kCompaction,4,5,/home/wam/grad/s14-range-delete-study/scratch/longcycle_formal/db_LC20-R9-CLEAN/000536.sst,0,0,0,0
111.40,flush,456,Write Buffer Full,-1,0,/home/wam/grad/s14-range-delete-study/scratch/longcycle_formal/db_LC20-R9-CLEAN/000600.sst,0,64753282,61991,0
115.61,flush,462,Write Buffer Full,-1,0,/home/wam/grad/s14-range-delete-study/scratch/longcycle_formal/db_LC20-R9-CLEAN/000606.sst,0,64766363,62003,0
118.17,flush,464,Write Buffer Full,-1,0,/home/wam/grad/s14-range-delete-study/scratch/longcycle_formal/db_LC20-R9-CLEAN/000613.sst,0,128144981,122686,0
120.31,flush,465,Write Buffer Full,-1,0,/home/wam/grad/s14-range-delete-study/scratch/longcycle_formal/db_LC20-R9-CLEAN/000619.sst,0,64495005,61743,0
122.12,compaction,463,kCompaction,5,6,/home/wam/grad/s14-range-delete-study/scratch/longcycle_formal/db_LC20-R9-CLEAN/000607.sst,0,320229649,304307,0
122.14,flush,466,Write Buffer Full,-1,0,/home/wam/grad/s14-range-delete-study/scratch/longcycle_formal/db_LC20-R9-CLEAN/000627.sst,0,125081307,119752,0
122.15,compaction,460,kCompaction,5,6,/home/wam/grad/s14-range-delete-study/scratch/longcycle_formal/db_LC20-R9-CLEAN/000601.sst,0,470458411,447071,2865
122.82,flush,469,Write Buffer Full,-1,0,/home/wam/grad/s14-range-delete-study/scratch/longcycle_formal/db_LC20-R9-CLEAN/000632.sst,0,64382920,61635,0
125.12,flush,470,Write Buffer Full,-1,0,/home/wam/grad/s14-range-delete-study/scratch/longcycle_formal/db_LC20-R9-CLEAN/000635.sst,0,61979207,59335,0
125.70,compaction,467,kCompaction,0,0,/home/wam/grad/s14-range-delete-study/scratch/longcycle_formal/db_LC20-R9-CLEAN/000629.sst,0,323428314,307277,1146
126.54,flush,471,Write Buffer Full,-1,0,/home/wam/grad/s14-range-delete-study/scratch/longcycle_formal/db_LC20-R9-CLEAN/000640.sst,0,128313625,122847,0
126.55,compaction,468,kCompaction,5,6,/home/wam/grad/s14-range-delete-study/scratch/longcycle_formal/db_LC20-R9-CLEAN/000631.sst,0,248859144,236487,14690
126.92,flush,475,Write Buffer Full,-1,0,/home/wam/grad/s14-range-delete-study/scratch/longcycle_formal/db_LC20-R9-CLEAN/000645.sst,0,64726325,61964,0
127.56,flush,479,Write Buffer Full,-1,0,/home/wam/grad/s14-range-delete-study/scratch/longcycle_formal/db_LC20-R9-CLEAN/000648.sst,0,63781433,61059,0
129.47,flush,482,Write Buffer Full,-1,0,/home/wam/grad/s14-range-delete-study/scratch/longcycle_formal/db_LC20-R9-CLEAN/000651.sst,0,64944216,62173,0
129.50,compaction,474,kCompaction,0,0,/home/wam/grad/s14-range-delete-study/scratch/longcycle_formal/db_LC20-R9-CLEAN/000646.sst,0,380962064,361929,1640
130.02,flush,485,Write Buffer Full,-1,0,/home/wam/grad/s14-range-delete-study/scratch/longcycle_formal/db_LC20-R9-CLEAN/000654.sst,0,64272101,61529,0
130.34,flush,490,Write Buffer Full,-1,0,/home/wam/grad/s14-range-delete-study/scratch/longcycle_formal/db_LC20-R9-CLEAN/000658.sst,0,63432412,60726,0
131.48,flush,493,Write Buffer Full,-1,0,/home/wam/grad/s14-range-delete-study/scratch/longcycle_formal/db_LC20-R9-CLEAN/000660.sst,0,62508876,59842,0
131.50,compaction,488,kCompaction,0,0,/home/wam/grad/s14-range-delete-study/scratch/longcycle_formal/db_LC20-R9-CLEAN/000657.sst,0,258810324,245897,828
131.79,flush,497,Write Buffer Full,-1,0,/home/wam/grad/s14-range-delete-study/scratch/longcycle_formal/db_LC20-R9-CLEAN/000663.sst,0,64895854,62126,0
132.33,flush,499,Write Buffer Full,-1,0,/home/wam/grad/s14-range-delete-study/scratch/longcycle_formal/db_LC20-R9-CLEAN/000665.sst,0,63241285,60542,0
133.17,flush,503,Write Buffer Full,-1,0,/home/wam/grad/s14-range-delete-study/scratch/longcycle_formal/db_LC20-R9-CLEAN/000669.sst,0,64840470,62074,0
134.16,flush,507,Write Buffer Full,-1,0,/home/wam/grad/s14-range-delete-study/scratch/longcycle_formal/db_LC20-R9-CLEAN/000672.sst,0,63754976,61034,0
134.19,compaction,501,kCompaction,0,0,/home/wam/grad/s14-range-delete-study/scratch/longcycle_formal/db_LC20-R9-CLEAN/000667.sst,0,255277827,242533,703
134.62,flush,510,Write Buffer Full,-1,0,/home/wam/grad/s14-range-delete-study/scratch/longcycle_formal/db_LC20-R9-CLEAN/000675.sst,0,64338064,61593,0
134.93,flush,514,Write Buffer Full,-1,0,/home/wam/grad/s14-range-delete-study/scratch/longcycle_formal/db_LC20-R9-CLEAN/000678.sst,0,63207365,60510,0
135.52,flush,518,Write Buffer Full,-1,0,/home/wam/grad/s14-range-delete-study/scratch/longcycle_formal/db_LC20-R9-CLEAN/000681.sst,0,64347719,61602,0
136.74,compaction,515,kCompaction,0,0,/home/wam/grad/s14-range-delete-study/scratch/longcycle_formal/db_LC20-R9-CLEAN/000679.sst,0,257355581,244503,708
136.76,flush,520,Write Buffer Full,-1,0,/home/wam/grad/s14-range-delete-study/scratch/longcycle_formal/db_LC20-R9-CLEAN/000684.sst,0,64607775,61851,0
137.11,flush,526,Write Buffer Full,-1,0,/home/wam/grad/s14-range-delete-study/scratch/longcycle_formal/db_LC20-R9-CLEAN/000688.sst,0,64642115,61883,0
137.64,flush,528,Write Buffer Full,-1,0,/home/wam/grad/s14-range-delete-study/scratch/longcycle_formal/db_LC20-R9-CLEAN/000690.sst,0,64474414,61723,0
138.33,flush,531,Write Buffer Full,-1,0,/home/wam/grad/s14-range-delete-study/scratch/longcycle_formal/db_LC20-R9-CLEAN/000693.sst,0,60305597,57731,0
138.66,flush,534,Write Buffer Full,-1,0,/home/wam/grad/s14-range-delete-study/scratch/longcycle_formal/db_LC20-R9-CLEAN/000697.sst,0,60648572,58060,0
139.87,flush,535,Write Buffer Full,-1,0,/home/wam/grad/s14-range-delete-study/scratch/longcycle_formal/db_LC20-R9-CLEAN/000699.sst,0,64935607,62164,0
140.73,compaction,533,kCompaction,0,0,/home/wam/grad/s14-range-delete-study/scratch/longcycle_formal/db_LC20-R9-CLEAN/000694.sst,0,255249392,242508,680
141.48,flush,536,Write Buffer Full,-1,0,/home/wam/grad/s14-range-delete-study/scratch/longcycle_formal/db_LC20-R9-CLEAN/000702.sst,0,64671936,61912,0
142.14,compaction,523,kCompaction,0,0,/home/wam/grad/s14-range-delete-study/scratch/longcycle_formal/db_LC20-R9-CLEAN/000687.sst,0,828779867,787344,7191
142.15,flush,540,Write Buffer Full,-1,0,/home/wam/grad/s14-range-delete-study/scratch/longcycle_formal/db_LC20-R9-CLEAN/000705.sst,0,62021199,59374,0
142.44,flush,545,Write Buffer Full,-1,0,/home/wam/grad/s14-range-delete-study/scratch/longcycle_formal/db_LC20-R9-CLEAN/000709.sst,0,64386491,61638,0
142.96,flush,548,Write Buffer Full,-1,0,/home/wam/grad/s14-range-delete-study/scratch/longcycle_formal/db_LC20-R9-CLEAN/000711.sst,0,64575732,61819,0
143.94,compaction,543,kCompaction,0,0,/home/wam/grad/s14-range-delete-study/scratch/longcycle_formal/db_LC20-R9-CLEAN/000708.sst,0,253515660,240861,649
143.95,flush,551,Write Buffer Full,-1,0,/home/wam/grad/s14-range-delete-study/scratch/longcycle_formal/db_LC20-R9-CLEAN/000714.sst,0,62976133,60288,0
144.48,flush,555,Write Buffer Full,-1,0,/home/wam/grad/s14-range-delete-study/scratch/longcycle_formal/db_LC20-R9-CLEAN/000717.sst,0,64574322,61819,0
145.32,flush,559,Write Buffer Full,-1,0,/home/wam/grad/s14-range-delete-study/scratch/longcycle_formal/db_LC20-R9-CLEAN/000721.sst,0,64887790,62119,0
146.21,flush,562,Write Buffer Full,-1,0,/home/wam/grad/s14-range-delete-study/scratch/longcycle_formal/db_LC20-R9-CLEAN/000724.sst,0,64029700,61297,0
146.22,compaction,556,kCompaction,0,0,/home/wam/grad/s14-range-delete-study/scratch/longcycle_formal/db_LC20-R9-CLEAN/000719.sst,0,257766351,244892,672
146.49,flush,566,Write Buffer Full,-1,0,/home/wam/grad/s14-range-delete-study/scratch/longcycle_formal/db_LC20-R9-CLEAN/000727.sst,0,64312570,61568,0
147.10,flush,569,Write Buffer Full,-1,0,/home/wam/grad/s14-range-delete-study/scratch/longcycle_formal/db_LC20-R9-CLEAN/000729.sst,0,60875710,58277,0
147.93,flush,573,Write Buffer Full,-1,0,/home/wam/grad/s14-range-delete-study/scratch/longcycle_formal/db_LC20-R9-CLEAN/000733.sst,0,62267676,59610,0
148.94,flush,576,Write Buffer Full,-1,0,/home/wam/grad/s14-range-delete-study/scratch/longcycle_formal/db_LC20-R9-CLEAN/000736.sst,0,64822576,62056,0
148.95,compaction,570,kCompaction,0,0,/home/wam/grad/s14-range-delete-study/scratch/longcycle_formal/db_LC20-R9-CLEAN/000731.sst,0,255349942,242601,660
149.20,flush,579,Write Buffer Full,-1,0,/home/wam/grad/s14-range-delete-study/scratch/longcycle_formal/db_LC20-R9-CLEAN/000739.sst,0,64651036,61892,0
149.81,flush,583,Write Buffer Full,-1,0,/home/wam/grad/s14-range-delete-study/scratch/longcycle_formal/db_LC20-R9-CLEAN/000741.sst,0,62081736,59432,0
150.63,flush,587,Write Buffer Full,-1,0,/home/wam/grad/s14-range-delete-study/scratch/longcycle_formal/db_LC20-R9-CLEAN/000745.sst,0,64813465,62047,0
151.74,compaction,584,kCompaction,0,0,/home/wam/grad/s14-range-delete-study/scratch/longcycle_formal/db_LC20-R9-CLEAN/000743.sst,0,255096562,242362,628
151.79,flush,590,Write Buffer Full,-1,0,/home/wam/grad/s14-range-delete-study/scratch/longcycle_formal/db_LC20-R9-CLEAN/000748.sst,0,64669062,61909,0
152.08,flush,595,Write Buffer Full,-1,0,/home/wam/grad/s14-range-delete-study/scratch/longcycle_formal/db_LC20-R9-CLEAN/000752.sst,0,64826101,62059,0
152.66,flush,598,Write Buffer Full,-1,0,/home/wam/grad/s14-range-delete-study/scratch/longcycle_formal/db_LC20-R9-CLEAN/000754.sst,0,64703876,61942,0
153.03,compaction,461,kCompaction,0,4,/home/wam/grad/s14-range-delete-study/scratch/longcycle_formal/db_LC20-R9-CLEAN/000602.sst,0,4423786427,4203741,194621
153.25,flush,601,Write Buffer Full,-1,0,/home/wam/grad/s14-range-delete-study/scratch/longcycle_formal/db_LC20-R9-CLEAN/000757.sst,0,63618339,60903,0
153.78,compaction,605,kCompaction,4,5,/home/wam/grad/s14-range-delete-study/scratch/longcycle_formal/db_LC20-R9-CLEAN/000644.sst,0,0,0,0
153.87,compaction,606,kCompaction,4,5,/home/wam/grad/s14-range-delete-study/scratch/longcycle_formal/db_LC20-R9-CLEAN/000656.sst,0,0,0,0
153.87,compaction,607,kCompaction,4,5,/home/wam/grad/s14-range-delete-study/scratch/longcycle_formal/db_LC20-R9-CLEAN/000674.sst,0,0,0,0
153.88,flush,604,Write Buffer Full,-1,0,/home/wam/grad/s14-range-delete-study/scratch/longcycle_formal/db_LC20-R9-CLEAN/000760.sst,0,64370461,61623,0
154.66,compaction,603,kCompaction,0,0,/home/wam/grad/s14-range-delete-study/scratch/longcycle_formal/db_LC20-R9-CLEAN/000758.sst,0,259074691,246141,672
154.67,flush,609,Write Buffer Full,-1,0,/home/wam/grad/s14-range-delete-study/scratch/longcycle_formal/db_LC20-R9-CLEAN/000763.sst,0,64777371,62013,0
155.27,flush,611,Write Buffer Full,-1,0,/home/wam/grad/s14-range-delete-study/scratch/longcycle_formal/db_LC20-R9-CLEAN/000767.sst,0,61532448,58906,0
156.21,flush,612,Write Buffer Full,-1,0,/home/wam/grad/s14-range-delete-study/scratch/longcycle_formal/db_LC20-R9-CLEAN/000773.sst,0,64630398,61872,0
157.69,flush,613,Write Buffer Full,-1,0,/home/wam/grad/s14-range-delete-study/scratch/longcycle_formal/db_LC20-R9-CLEAN/000777.sst,0,59747367,57197,0
157.86,compaction,610,kCompaction,5,6,/home/wam/grad/s14-range-delete-study/scratch/longcycle_formal/db_LC20-R9-CLEAN/000765.sst,0,338198240,321387,0
158.96,flush,614,Write Buffer Full,-1,0,/home/wam/grad/s14-range-delete-study/scratch/longcycle_formal/db_LC20-R9-CLEAN/000781.sst,0,64597060,61840,0
159.92,compaction,591,kCompaction,0,0,/home/wam/grad/s14-range-delete-study/scratch/longcycle_formal/db_LC20-R9-CLEAN/000750.sst,0,1321987123,1255901,19370
160.20,flush,616,Write Buffer Full,-1,0,/home/wam/grad/s14-range-delete-study/scratch/longcycle_formal/db_LC20-R9-CLEAN/000786.sst,0,121656164,116470,0
160.22,compaction,615,kCompaction,0,0,/home/wam/grad/s14-range-delete-study/scratch/longcycle_formal/db_LC20-R9-CLEAN/000782.sst,0,316349089,300550,1061
160.68,flush,618,Write Buffer Full,-1,0,/home/wam/grad/s14-range-delete-study/scratch/longcycle_formal/db_LC20-R9-CLEAN/000791.sst,0,64709763,61947,0
160.70,compaction,608,kCompaction,5,6,/home/wam/grad/s14-range-delete-study/scratch/longcycle_formal/db_LC20-R9-CLEAN/000761.sst,0,608510337,578259,234
161.53,flush,619,Write Buffer Full,-1,0,/home/wam/grad/s14-range-delete-study/scratch/longcycle_formal/db_LC20-R9-CLEAN/000794.sst,0,61480449,58856,0
162.47,flush,622,Write Buffer Full,-1,0,/home/wam/grad/s14-range-delete-study/scratch/longcycle_formal/db_LC20-R9-CLEAN/000801.sst,0,64456390,61705,0
163.07,flush,623,Write Buffer Full,-1,0,/home/wam/grad/s14-range-delete-study/scratch/longcycle_formal/db_LC20-R9-CLEAN/000807.sst,0,63835674,61111,0
163.07,compaction,620,kCompaction,5,6,/home/wam/grad/s14-range-delete-study/scratch/longcycle_formal/db_LC20-R9-CLEAN/000795.sst,0,255392633,242699,14397
163.40,compaction,621,kCompaction,5,6,/home/wam/grad/s14-range-delete-study/scratch/longcycle_formal/db_LC20-R9-CLEAN/000796.sst,0,254696351,242032,15075
163.64,flush,625,Write Buffer Full,-1,0,/home/wam/grad/s14-range-delete-study/scratch/longcycle_formal/db_LC20-R9-CLEAN/000812.sst,0,64592622,61835,0
164.71,flush,626,Write Buffer Full,-1,0,/home/wam/grad/s14-range-delete-study/scratch/longcycle_formal/db_LC20-R9-CLEAN/000814.sst,0,63379992,60674,0
164.76,compaction,624,kCompaction,0,0,/home/wam/grad/s14-range-delete-study/scratch/longcycle_formal/db_LC20-R9-CLEAN/000809.sst,0,255796812,243025,594
165.28,flush,628,Write Buffer Full,-1,0,/home/wam/grad/s14-range-delete-study/scratch/longcycle_formal/db_LC20-R9-CLEAN/000817.sst,0,62115611,59463,0
165.59,flush,632,Write Buffer Full,-1,0,/home/wam/grad/s14-range-delete-study/scratch/longcycle_formal/db_LC20-R9-CLEAN/000820.sst,0,64804617,62039,0
166.10,flush,634,Write Buffer Full,-1,0,/home/wam/grad/s14-range-delete-study/scratch/longcycle_formal/db_LC20-R9-CLEAN/000824.sst,0,64872994,62104,0
167.00,flush,637,Write Buffer Full,-1,0,/home/wam/grad/s14-range-delete-study/scratch/longcycle_formal/db_LC20-R9-CLEAN/000826.sst,0,64499707,61746,0
167.00,compaction,633,kCompaction,0,0,/home/wam/grad/s14-range-delete-study/scratch/longcycle_formal/db_LC20-R9-CLEAN/000821.sst,0,256164506,243375,636
167.51,flush,641,Write Buffer Full,-1,0,/home/wam/grad/s14-range-delete-study/scratch/longcycle_formal/db_LC20-R9-CLEAN/000829.sst,0,64673188,61912,0
168.23,flush,644,Write Buffer Full,-1,0,/home/wam/grad/s14-range-delete-study/scratch/longcycle_formal/db_LC20-R9-CLEAN/000832.sst,0,62386493,59723,0
168.70,flush,648,Write Buffer Full,-1,0,/home/wam/grad/s14-range-delete-study/scratch/longcycle_formal/db_LC20-R9-CLEAN/000836.sst,0,64776422,62011,0
169.76,flush,651,Write Buffer Full,-1,0,/home/wam/grad/s14-range-delete-study/scratch/longcycle_formal/db_LC20-R9-CLEAN/000839.sst,0,63068531,60376,0
169.76,compaction,645,kCompaction,0,0,/home/wam/grad/s14-range-delete-study/scratch/longcycle_formal/db_LC20-R9-CLEAN/000833.sst,0,257751357,244881,604
170.02,flush,655,Write Buffer Full,-1,0,/home/wam/grad/s14-range-delete-study/scratch/longcycle_formal/db_LC20-R9-CLEAN/000842.sst,0,61900689,59258,0
170.56,flush,658,Write Buffer Full,-1,0,/home/wam/grad/s14-range-delete-study/scratch/longcycle_formal/db_LC20-R9-CLEAN/000844.sst,0,61471697,58847,0
171.29,flush,661,Write Buffer Full,-1,0,/home/wam/grad/s14-range-delete-study/scratch/longcycle_formal/db_LC20-R9-CLEAN/000848.sst,0,64869859,62100,0
172.03,compaction,659,kCompaction,0,0,/home/wam/grad/s14-range-delete-study/scratch/longcycle_formal/db_LC20-R9-CLEAN/000846.sst,0,252503187,239896,596
172.05,flush,665,Write Buffer Full,-1,0,/home/wam/grad/s14-range-delete-study/scratch/longcycle_formal/db_LC20-R9-CLEAN/000851.sst,0,62619640,59945,0
172.48,flush,667,Write Buffer Full,-1,0,/home/wam/grad/s14-range-delete-study/scratch/longcycle_formal/db_LC20-R9-CLEAN/000855.sst,0,60432916,57852,0
173.08,flush,668,Write Buffer Full,-1,0,/home/wam/grad/s14-range-delete-study/scratch/longcycle_formal/db_LC20-R9-CLEAN/000858.sst,0,63108476,60414,0
173.90,flush,669,Write Buffer Full,-1,0,/home/wam/grad/s14-range-delete-study/scratch/longcycle_formal/db_LC20-R9-CLEAN/000861.sst,0,64766471,62001,0
174.31,flush,671,Write Buffer Full,-1,0,/home/wam/grad/s14-range-delete-study/scratch/longcycle_formal/db_LC20-R9-CLEAN/000865.sst,0,62801767,60121,0
175.13,compaction,670,kCompaction,0,0,/home/wam/grad/s14-range-delete-study/scratch/longcycle_formal/db_LC20-R9-CLEAN/000863.sst,0,252247631,239651,561
175.34,flush,672,Write Buffer Full,-1,0,/home/wam/grad/s14-range-delete-study/scratch/longcycle_formal/db_LC20-R9-CLEAN/000868.sst,0,63959638,61230,0
176.69,flush,676,Write Buffer Full,-1,0,/home/wam/grad/s14-range-delete-study/scratch/longcycle_formal/db_LC20-R9-CLEAN/000870.sst,0,64947595,62176,0
177.53,flush,679,Write Buffer Full,-1,0,/home/wam/grad/s14-range-delete-study/scratch/longcycle_formal/db_LC20-R9-CLEAN/000873.sst,0,62792300,60113,0
177.85,compaction,666,kCompaction,0,0,/home/wam/grad/s14-range-delete-study/scratch/longcycle_formal/db_LC20-R9-CLEAN/000853.sst,0,1076271831,1022461,10816
178.00,flush,682,Write Buffer Full,-1,0,/home/wam/grad/s14-range-delete-study/scratch/longcycle_formal/db_LC20-R9-CLEAN/000877.sst,0,60007357,57446,0
178.29,flush,685,Write Buffer Full,-1,0,/home/wam/grad/s14-range-delete-study/scratch/longcycle_formal/db_LC20-R9-CLEAN/000880.sst,0,63147297,60452,0
179.02,compaction,681,kCompaction,0,0,/home/wam/grad/s14-range-delete-study/scratch/longcycle_formal/db_LC20-R9-CLEAN/000876.sst,0,255821157,243044,596
179.02,flush,689,Write Buffer Full,-1,0,/home/wam/grad/s14-range-delete-study/scratch/longcycle_formal/db_LC20-R9-CLEAN/000882.sst,0,60333448,57758,0
179.53,flush,692,Write Buffer Full,-1,0,/home/wam/grad/s14-range-delete-study/scratch/longcycle_formal/db_LC20-R9-CLEAN/000885.sst,0,64490602,61738,0
180.03,flush,696,Write Buffer Full,-1,0,/home/wam/grad/s14-range-delete-study/scratch/longcycle_formal/db_LC20-R9-CLEAN/000889.sst,0,56390553,53983,0
181.09,compaction,694,kCompaction,0,0,/home/wam/grad/s14-range-delete-study/scratch/longcycle_formal/db_LC20-R9-CLEAN/000887.sst,0,249230275,236782,612
181.11,flush,700,Write Buffer Full,-1,0,/home/wam/grad/s14-range-delete-study/scratch/longcycle_formal/db_LC20-R9-CLEAN/000892.sst,0,64185748,61447,0
181.77,flush,705,Write Buffer Full,-1,0,/home/wam/grad/s14-range-delete-study/scratch/longcycle_formal/db_LC20-R9-CLEAN/000897.sst,0,64710263,61949,0
184.83,flush,707,Write Buffer Full,-1,0,/home/wam/grad/s14-range-delete-study/scratch/longcycle_formal/db_LC20-R9-CLEAN/000902.sst,0,64172276,61440,0
184.89,compaction,701,kCompaction,0,0,/home/wam/grad/s14-range-delete-study/scratch/longcycle_formal/db_LC20-R9-CLEAN/000894.sst,0,808386262,767970,5490
185.31,flush,712,Write Buffer Full,-1,0,/home/wam/grad/s14-range-delete-study/scratch/longcycle_formal/db_LC20-R9-CLEAN/000905.sst,0,55551109,53169,0
186.75,flush,716,Write Buffer Full,-1,0,/home/wam/grad/s14-range-delete-study/scratch/longcycle_formal/db_LC20-R9-CLEAN/000909.sst,0,63622768,60896,0
186.76,compaction,713,kCompaction,0,0,/home/wam/grad/s14-range-delete-study/scratch/longcycle_formal/db_LC20-R9-CLEAN/000906.sst,0,249625539,237162,843
187.05,flush,720,Write Buffer Full,-1,0,/home/wam/grad/s14-range-delete-study/scratch/longcycle_formal/db_LC20-R9-CLEAN/000912.sst,0,64743091,61968,0
187.87,flush,722,Write Buffer Full,-1,0,/home/wam/grad/s14-range-delete-study/scratch/longcycle_formal/db_LC20-R9-CLEAN/000915.sst,0,61037960,58421,0
188.94,flush,726,Write Buffer Full,-1,0,/home/wam/grad/s14-range-delete-study/scratch/longcycle_formal/db_LC20-R9-CLEAN/000918.sst,0,63839950,61103,0
189.69,flush,730,Write Buffer Full,-1,0,/home/wam/grad/s14-range-delete-study/scratch/longcycle_formal/db_LC20-R9-CLEAN/000922.sst,0,60840340,58232,0
190.16,compaction,727,kCompaction,0,0,/home/wam/grad/s14-range-delete-study/scratch/longcycle_formal/db_LC20-R9-CLEAN/000919.sst,0,254261387,241546,842
190.91,flush,734,Write Buffer Full,-1,0,/home/wam/grad/s14-range-delete-study/scratch/longcycle_formal/db_LC20-R9-CLEAN/000926.sst,0,64753455,61977,0
191.73,flush,737,Write Buffer Full,-1,0,/home/wam/grad/s14-range-delete-study/scratch/longcycle_formal/db_LC20-R9-CLEAN/000929.sst,0,58121600,55629,0
192.60,flush,739,Write Buffer Full,-1,0,/home/wam/grad/s14-range-delete-study/scratch/longcycle_formal/db_LC20-R9-CLEAN/000932.sst,0,61786557,59138,0
193.38,flush,743,Write Buffer Full,-1,0,/home/wam/grad/s14-range-delete-study/scratch/longcycle_formal/db_LC20-R9-CLEAN/000936.sst,0,56402812,53984,0
194.31,compaction,741,kCompaction,0,0,/home/wam/grad/s14-range-delete-study/scratch/longcycle_formal/db_LC20-R9-CLEAN/000934.sst,0,246524114,234200,776
194.49,flush,747,Write Buffer Full,-1,0,/home/wam/grad/s14-range-delete-study/scratch/longcycle_formal/db_LC20-R9-CLEAN/000939.sst,0,60269051,57685,0
195.46,flush,752,Write Buffer Full,-1,0,/home/wam/grad/s14-range-delete-study/scratch/longcycle_formal/db_LC20-R9-CLEAN/000944.sst,0,61273117,58646,0
196.33,flush,755,Write Buffer Full,-1,0,/home/wam/grad/s14-range-delete-study/scratch/longcycle_formal/db_LC20-R9-CLEAN/000947.sst,0,64126311,61377,0
198.28,flush,758,Write Buffer Full,-1,0,/home/wam/grad/s14-range-delete-study/scratch/longcycle_formal/db_LC20-R9-CLEAN/000950.sst,0,57369888,54910,0
198.58,compaction,748,kCompaction,0,0,/home/wam/grad/s14-range-delete-study/scratch/longcycle_formal/db_LC20-R9-CLEAN/000941.sst,0,799413831,759392,7500
198.60,flush,761,Write Buffer Full,-1,0,/home/wam/grad/s14-range-delete-study/scratch/longcycle_formal/db_LC20-R9-CLEAN/000954.sst,0,60688498,58086,0
200.05,flush,765,Write Buffer Full,-1,0,/home/wam/grad/s14-range-delete-study/scratch/longcycle_formal/db_LC20-R9-CLEAN/000957.sst,0,63275411,60563,0
200.07,compaction,760,kCompaction,0,0,/home/wam/grad/s14-range-delete-study/scratch/longcycle_formal/db_LC20-R9-CLEAN/000953.sst,0,244060300,231852,766
200.50,flush,769,Write Buffer Full,-1,0,/home/wam/grad/s14-range-delete-study/scratch/longcycle_formal/db_LC20-R9-CLEAN/000960.sst,0,60042728,57468,0
201.25,flush,771,Write Buffer Full,-1,0,/home/wam/grad/s14-range-delete-study/scratch/longcycle_formal/db_LC20-R9-CLEAN/000963.sst,0,61040716,58423,0
202.81,flush,776,Write Buffer Full,-1,0,/home/wam/grad/s14-range-delete-study/scratch/longcycle_formal/db_LC20-R9-CLEAN/000967.sst,0,64068986,61323,0
202.84,compaction,773,kCompaction,0,0,/home/wam/grad/s14-range-delete-study/scratch/longcycle_formal/db_LC20-R9-CLEAN/000964.sst,0,246059426,233751,789
203.20,flush,780,Write Buffer Full,-1,0,/home/wam/grad/s14-range-delete-study/scratch/longcycle_formal/db_LC20-R9-CLEAN/000970.sst,0,60740834,58136,0
203.25,compaction,617,kCompaction,0,4,/home/wam/grad/s14-range-delete-study/scratch/longcycle_formal/db_LC20-R9-CLEAN/000790.sst,0,6441235392,6120849,435501
203.28,compaction,782,kCompaction,4,5,/home/wam/grad/s14-range-delete-study/scratch/longcycle_formal/db_LC20-R9-CLEAN/000792.sst,0,0,0,0
203.30,compaction,783,kCompaction,4,5,/home/wam/grad/s14-range-delete-study/scratch/longcycle_formal/db_LC20-R9-CLEAN/000822.sst,0,0,0,0
204.11,flush,787,Write Buffer Full,-1,0,/home/wam/grad/s14-range-delete-study/scratch/longcycle_formal/db_LC20-R9-CLEAN/000974.sst,0,58456029,55949,0
205.04,flush,788,Write Buffer Full,-1,0,/home/wam/grad/s14-range-delete-study/scratch/longcycle_formal/db_LC20-R9-CLEAN/000979.sst,0,63078417,60374,0
205.96,flush,789,Write Buffer Full,-1,0,/home/wam/grad/s14-range-delete-study/scratch/longcycle_formal/db_LC20-R9-CLEAN/000983.sst,0,64598565,61829,0
206.79,flush,790,Write Buffer Full,-1,0,/home/wam/grad/s14-range-delete-study/scratch/longcycle_formal/db_LC20-R9-CLEAN/000988.sst,0,64347758,61589,0
207.00,compaction,786,kCompaction,5,6,/home/wam/grad/s14-range-delete-study/scratch/longcycle_formal/db_LC20-R9-CLEAN/000971.sst,0,473488205,449944,0
207.61,flush,792,Write Buffer Full,-1,0,/home/wam/grad/s14-range-delete-study/scratch/longcycle_formal/db_LC20-R9-CLEAN/000993.sst,0,62920031,60222,0
208.51,compaction,791,kCompaction,0,0,/home/wam/grad/s14-range-delete-study/scratch/longcycle_formal/db_LC20-R9-CLEAN/000991.sst,0,251514727,238934,807
208.53,flush,793,Write Buffer Full,-1,0,/home/wam/grad/s14-range-delete-study/scratch/longcycle_formal/db_LC20-R9-CLEAN/000996.sst,0,61179538,58556,0
209.32,flush,797,Write Buffer Full,-1,0,/home/wam/grad/s14-range-delete-study/scratch/longcycle_formal/db_LC20-R9-CLEAN/000999.sst,0,58310975,55810,0
209.88,flush,800,Write Buffer Full,-1,0,/home/wam/grad/s14-range-delete-study/scratch/longcycle_formal/db_LC20-R9-CLEAN/001002.sst,0,56356646,53939,0
210.72,flush,802,Write Buffer Full,-1,0,/home/wam/grad/s14-range-delete-study/scratch/longcycle_formal/db_LC20-R9-CLEAN/001006.sst,0,59727286,57166,0
211.58,compaction,801,kCompaction,0,0,/home/wam/grad/s14-range-delete-study/scratch/longcycle_formal/db_LC20-R9-CLEAN/001004.sst,0,239802783,227809,718
211.88,flush,806,Write Buffer Full,-1,0,/home/wam/grad/s14-range-delete-study/scratch/longcycle_formal/db_LC20-R9-CLEAN/001010.sst,0,62482730,59804,0
212.69,flush,809,Write Buffer Full,-1,0,/home/wam/grad/s14-range-delete-study/scratch/longcycle_formal/db_LC20-R9-CLEAN/001013.sst,0,63897468,61157,0
213.44,flush,812,Write Buffer Full,-1,0,/home/wam/grad/s14-range-delete-study/scratch/longcycle_formal/db_LC20-R9-CLEAN/001016.sst,0,64684836,61911,0
214.26,flush,816,Write Buffer Full,-1,0,/home/wam/grad/s14-range-delete-study/scratch/longcycle_formal/db_LC20-R9-CLEAN/001020.sst,0,63705524,60974,0
214.95,compaction,813,kCompaction,0,0,/home/wam/grad/s14-range-delete-study/scratch/longcycle_formal/db_LC20-R9-CLEAN/001017.sst,0,251887993,239288,750
215.11,flush,819,Write Buffer Full,-1,0,/home/wam/grad/s14-range-delete-study/scratch/longcycle_formal/db_LC20-R9-CLEAN/001023.sst,0,59088540,56554,0
216.03,flush,821,Write Buffer Full,-1,0,/home/wam/grad/s14-range-delete-study/scratch/longcycle_formal/db_LC20-R9-CLEAN/001028.sst,0,64650687,61878,0
216.80,flush,822,Write Buffer Full,-1,0,/home/wam/grad/s14-range-delete-study/scratch/longcycle_formal/db_LC20-R9-CLEAN/001031.sst,0,62502890,59822,0
218.77,flush,823,Write Buffer Full,-1,0,/home/wam/grad/s14-range-delete-study/scratch/longcycle_formal/db_LC20-R9-CLEAN/001035.sst,0,62041294,59381,0
218.95,compaction,820,kCompaction,0,0,/home/wam/grad/s14-range-delete-study/scratch/longcycle_formal/db_LC20-R9-CLEAN/001025.sst,0,799790673,759755,7250
219.47,flush,827,Write Buffer Full,-1,0,/home/wam/grad/s14-range-delete-study/scratch/longcycle_formal/db_LC20-R9-CLEAN/001039.sst,0,62038545,59378,0
220.48,compaction,824,kCompaction,0,0,/home/wam/grad/s14-range-delete-study/scratch/longcycle_formal/db_LC20-R9-CLEAN/001037.sst,0,249346131,236873,762
220.49,flush,830,Write Buffer Full,-1,0,/home/wam/grad/s14-range-delete-study/scratch/longcycle_formal/db_LC20-R9-CLEAN/001042.sst,0,64462312,61698,0
221.07,flush,833,Write Buffer Full,-1,0,/home/wam/grad/s14-range-delete-study/scratch/longcycle_formal/db_LC20-R9-CLEAN/001045.sst,0,55969030,53568,0
221.77,flush,837,Write Buffer Full,-1,0,/home/wam/grad/s14-range-delete-study/scratch/longcycle_formal/db_LC20-R9-CLEAN/001048.sst,0,61722500,59076,0
222.59,flush,841,Write Buffer Full,-1,0,/home/wam/grad/s14-range-delete-study/scratch/longcycle_formal/db_LC20-R9-CLEAN/001053.sst,0,58680571,56164,0
223.38,compaction,838,kCompaction,0,0,/home/wam/grad/s14-range-delete-study/scratch/longcycle_formal/db_LC20-R9-CLEAN/001050.sst,0,245282308,233014,706
223.40,flush,844,Write Buffer Full,-1,0,/home/wam/grad/s14-range-delete-study/scratch/longcycle_formal/db_LC20-R9-CLEAN/001055.sst,0,55853356,53457,0
224.22,flush,848,Write Buffer Full,-1,0,/home/wam/grad/s14-range-delete-study/scratch/longcycle_formal/db_LC20-R9-CLEAN/001058.sst,0,62678366,59991,0
225.05,flush,851,Write Buffer Full,-1,0,/home/wam/grad/s14-range-delete-study/scratch/longcycle_formal/db_LC20-R9-CLEAN/001062.sst,0,63872455,61134,0
226.35,flush,855,Write Buffer Full,-1,0,/home/wam/grad/s14-range-delete-study/scratch/longcycle_formal/db_LC20-R9-CLEAN/001066.sst,0,62240654,59571,0
226.52,compaction,852,kCompaction,0,0,/home/wam/grad/s14-range-delete-study/scratch/longcycle_formal/db_LC20-R9-CLEAN/001063.sst,0,242233222,230115,631
226.85,flush,860,Write Buffer Full,-1,0,/home/wam/grad/s14-range-delete-study/scratch/longcycle_formal/db_LC20-R9-CLEAN/001071.sst,0,62322560,59650,0
227.60,flush,863,Write Buffer Full,-1,0,/home/wam/grad/s14-range-delete-study/scratch/longcycle_formal/db_LC20-R9-CLEAN/001074.sst,0,57811624,55332,0
228.38,flush,866,Write Buffer Full,-1,0,/home/wam/grad/s14-range-delete-study/scratch/longcycle_formal/db_LC20-R9-CLEAN/001077.sst,0,57876481,55394,0
230.04,flush,869,Write Buffer Full,-1,0,/home/wam/grad/s14-range-delete-study/scratch/longcycle_formal/db_LC20-R9-CLEAN/001080.sst,0,57729199,55253,0
230.44,compaction,857,kCompaction,0,0,/home/wam/grad/s14-range-delete-study/scratch/longcycle_formal/db_LC20-R9-CLEAN/001068.sst,0,792374744,752705,6868
230.46,flush,872,Write Buffer Full,-1,0,/home/wam/grad/s14-range-delete-study/scratch/longcycle_formal/db_LC20-R9-CLEAN/001083.sst,0,58943859,56416,0
231.50,flush,876,Write Buffer Full,-1,0,/home/wam/grad/s14-range-delete-study/scratch/longcycle_formal/db_LC20-R9-CLEAN/001086.sst,0,63885295,61146,0
231.55,compaction,871,kCompaction,0,0,/home/wam/grad/s14-range-delete-study/scratch/longcycle_formal/db_LC20-R9-CLEAN/001082.sst,0,236844531,224997,632
232.09,flush,880,Write Buffer Full,-1,0,/home/wam/grad/s14-range-delete-study/scratch/longcycle_formal/db_LC20-R9-CLEAN/001090.sst,0,60114989,57536,0
232.83,flush,883,Write Buffer Full,-1,0,/home/wam/grad/s14-range-delete-study/scratch/longcycle_formal/db_LC20-R9-CLEAN/001093.sst,0,56384315,53965,0
233.67,flush,887,Write Buffer Full,-1,0,/home/wam/grad/s14-range-delete-study/scratch/longcycle_formal/db_LC20-R9-CLEAN/001097.sst,0,60557163,57960,0
234.42,compaction,884,kCompaction,0,0,/home/wam/grad/s14-range-delete-study/scratch/longcycle_formal/db_LC20-R9-CLEAN/001094.sst,0,240455791,228424,639
234.46,flush,890,Write Buffer Full,-1,0,/home/wam/grad/s14-range-delete-study/scratch/longcycle_formal/db_LC20-R9-CLEAN/001099.sst,0,56706108,54273,0
235.28,flush,894,Write Buffer Full,-1,0,/home/wam/grad/s14-range-delete-study/scratch/longcycle_formal/db_LC20-R9-CLEAN/001103.sst,0,64604840,61835,0
236.03,flush,897,Write Buffer Full,-1,0,/home/wam/grad/s14-range-delete-study/scratch/longcycle_formal/db_LC20-R9-CLEAN/001106.sst,0,57321499,54862,0
237.55,flush,901,Write Buffer Full,-1,0,/home/wam/grad/s14-range-delete-study/scratch/longcycle_formal/db_LC20-R9-CLEAN/001110.sst,0,63561013,60835,0
237.57,compaction,898,kCompaction,0,0,/home/wam/grad/s14-range-delete-study/scratch/longcycle_formal/db_LC20-R9-CLEAN/001107.sst,0,240294690,228269,661
237.87,flush,906,Write Buffer Full,-1,0,/home/wam/grad/s14-range-delete-study/scratch/longcycle_formal/db_LC20-R9-CLEAN/001114.sst,0,64402811,61641,0
238.96,flush,909,Write Buffer Full,-1,0,/home/wam/grad/s14-range-delete-study/scratch/longcycle_formal/db_LC20-R9-CLEAN/001117.sst,0,64675760,61902,0
239.80,flush,912,Write Buffer Full,-1,0,/home/wam/grad/s14-range-delete-study/scratch/longcycle_formal/db_LC20-R9-CLEAN/001120.sst,0,64699809,61925,0
241.46,flush,915,Write Buffer Full,-1,0,/home/wam/grad/s14-range-delete-study/scratch/longcycle_formal/db_LC20-R9-CLEAN/001123.sst,0,59922088,57352,0
241.51,compaction,904,kCompaction,0,0,/home/wam/grad/s14-range-delete-study/scratch/longcycle_formal/db_LC20-R9-CLEAN/001113.sst,0,774846814,736063,6462
242.02,flush,919,Write Buffer Full,-1,0,/home/wam/grad/s14-range-delete-study/scratch/longcycle_formal/db_LC20-R9-CLEAN/001127.sst,0,62681609,59993,0
243.09,compaction,916,kCompaction,0,0,/home/wam/grad/s14-range-delete-study/scratch/longcycle_formal/db_LC20-R9-CLEAN/001125.sst,0,254819242,242071,749
243.10,flush,922,Write Buffer Full,-1,0,/home/wam/grad/s14-range-delete-study/scratch/longcycle_formal/db_LC20-R9-CLEAN/001130.sst,0,64735784,61959,0
243.55,flush,925,Write Buffer Full,-1,0,/home/wam/grad/s14-range-delete-study/scratch/longcycle_formal/db_LC20-R9-CLEAN/001133.sst,0,64620439,61849,0
244.31,flush,928,Write Buffer Full,-1,0,/home/wam/grad/s14-range-delete-study/scratch/longcycle_formal/db_LC20-R9-CLEAN/001136.sst,0,55831127,53436,0
245.40,flush,933,Write Buffer Full,-1,0,/home/wam/grad/s14-range-delete-study/scratch/longcycle_formal/db_LC20-R9-CLEAN/001140.sst,0,57139066,54688,0
245.76,compaction,930,kCompaction,0,0,/home/wam/grad/s14-range-delete-study/scratch/longcycle_formal/db_LC20-R9-CLEAN/001137.sst,0,248993662,236536,701
246.06,flush,936,Write Buffer Full,-1,0,/home/wam/grad/s14-range-delete-study/scratch/longcycle_formal/db_LC20-R9-CLEAN/001143.sst,0,63055888,60351,0
247.09,flush,940,Write Buffer Full,-1,0,/home/wam/grad/s14-range-delete-study/scratch/longcycle_formal/db_LC20-R9-CLEAN/001146.sst,0,62831229,60136,0
247.88,flush,943,Write Buffer Full,-1,0,/home/wam/grad/s14-range-delete-study/scratch/longcycle_formal/db_LC20-R9-CLEAN/001149.sst,0,61079405,58459,0
249.17,flush,947,Write Buffer Full,-1,0,/home/wam/grad/s14-range-delete-study/scratch/longcycle_formal/db_LC20-R9-CLEAN/001153.sst,0,64854182,62072,0
249.22,compaction,944,kCompaction,0,0,/home/wam/grad/s14-range-delete-study/scratch/longcycle_formal/db_LC20-R9-CLEAN/001151.sst,0,245285536,233015,619
249.79,flush,952,Write Buffer Full,-1,0,/home/wam/grad/s14-range-delete-study/scratch/longcycle_formal/db_LC20-R9-CLEAN/001158.sst,0,64274198,61517,0
250.64,flush,955,Write Buffer Full,-1,0,/home/wam/grad/s14-range-delete-study/scratch/longcycle_formal/db_LC20-R9-CLEAN/001161.sst,0,63190038,60480,0
252.05,flush,958,Write Buffer Full,-1,0,/home/wam/grad/s14-range-delete-study/scratch/longcycle_formal/db_LC20-R9-CLEAN/001164.sst,0,63785572,61050,0
253.40,flush,961,Write Buffer Full,-1,0,/home/wam/grad/s14-range-delete-study/scratch/longcycle_formal/db_LC20-R9-CLEAN/001167.sst,0,61417042,58782,0
253.43,compaction,949,kCompaction,0,0,/home/wam/grad/s14-range-delete-study/scratch/longcycle_formal/db_LC20-R9-CLEAN/001155.sst,0,807410110,766985,6709
254.07,flush,965,Write Buffer Full,-1,0,/home/wam/grad/s14-range-delete-study/scratch/longcycle_formal/db_LC20-R9-CLEAN/001171.sst,0,60880906,58269,0
254.96,compaction,962,kCompaction,0,0,/home/wam/grad/s14-range-delete-study/scratch/longcycle_formal/db_LC20-R9-CLEAN/001169.sst,0,253890789,241188,641
254.97,flush,968,Write Buffer Full,-1,0,/home/wam/grad/s14-range-delete-study/scratch/longcycle_formal/db_LC20-R9-CLEAN/001174.sst,0,56455617,54033,0
255.78,flush,972,Write Buffer Full,-1,0,/home/wam/grad/s14-range-delete-study/scratch/longcycle_formal/db_LC20-R9-CLEAN/001177.sst,0,64773673,61996,0
256.76,flush,974,Write Buffer Full,-1,0,/home/wam/grad/s14-range-delete-study/scratch/longcycle_formal/db_LC20-R9-CLEAN/001181.sst,0,64762596,61985,0
256.83,compaction,785,kCompaction,0,4,/home/wam/grad/s14-range-delete-study/scratch/longcycle_formal/db_LC20-R9-CLEAN/000972.sst,0,8514216952,8090775,588528
256.84,compaction,978,kCompaction,4,5,/home/wam/grad/s14-range-delete-study/scratch/longcycle_formal/db_LC20-R9-CLEAN/001007.sst,0,0,0,0
256.85,compaction,979,kCompaction,4,5,/home/wam/grad/s14-range-delete-study/scratch/longcycle_formal/db_LC20-R9-CLEAN/001018.sst,0,0,0,0
256.85,compaction,980,kCompaction,4,5,/home/wam/grad/s14-range-delete-study/scratch/longcycle_formal/db_LC20-R9-CLEAN/001024.sst,0,0,0,0
256.86,compaction,981,kCompaction,4,5,/home/wam/grad/s14-range-delete-study/scratch/longcycle_formal/db_LC20-R9-CLEAN/001046.sst,0,0,0,0
256.86,compaction,982,kCompaction,4,5,/home/wam/grad/s14-range-delete-study/scratch/longcycle_formal/db_LC20-R9-CLEAN/001067.sst,0,0,0,0
256.87,compaction,983,kCompaction,4,5,/home/wam/grad/s14-range-delete-study/scratch/longcycle_formal/db_LC20-R9-CLEAN/001078.sst,0,0,0,0
256.88,compaction,984,kCompaction,4,5,/home/wam/grad/s14-range-delete-study/scratch/longcycle_formal/db_LC20-R9-CLEAN/001091.sst,0,0,0,0
256.88,compaction,985,kCompaction,4,5,/home/wam/grad/s14-range-delete-study/scratch/longcycle_formal/db_LC20-R9-CLEAN/001104.sst,0,0,0,0
256.89,compaction,986,kCompaction,4,5,/home/wam/grad/s14-range-delete-study/scratch/longcycle_formal/db_LC20-R9-CLEAN/001118.sst,0,0,0,0
256.89,compaction,987,kCompaction,4,5,/home/wam/grad/s14-range-delete-study/scratch/longcycle_formal/db_LC20-R9-CLEAN/001131.sst,0,0,0,0
257.49,flush,989,Write Buffer Full,-1,0,/home/wam/grad/s14-range-delete-study/scratch/longcycle_formal/db_LC20-R9-CLEAN/001185.sst,0,58687498,56170,0
258.13,compaction,976,kCompaction,0,0,/home/wam/grad/s14-range-delete-study/scratch/longcycle_formal/db_LC20-R9-CLEAN/001182.sst,0,248031665,235624,659
258.49,flush,991,Write Buffer Full,-1,0,/home/wam/grad/s14-range-delete-study/scratch/longcycle_formal/db_LC20-R9-CLEAN/001191.sst,0,64754885,61978,0
259.34,flush,992,Write Buffer Full,-1,0,/home/wam/grad/s14-range-delete-study/scratch/longcycle_formal/db_LC20-R9-CLEAN/001196.sst,0,58756988,56236,0
260.31,flush,994,Write Buffer Full,-1,0,/home/wam/grad/s14-range-delete-study/scratch/longcycle_formal/db_LC20-R9-CLEAN/001203.sst,0,60597796,57998,0
261.09,flush,995,Write Buffer Full,-1,0,/home/wam/grad/s14-range-delete-study/scratch/longcycle_formal/db_LC20-R9-CLEAN/001208.sst,0,64858879,62076,0
262.15,flush,996,Write Buffer Full,-1,0,/home/wam/grad/s14-range-delete-study/scratch/longcycle_formal/db_LC20-R9-CLEAN/001215.sst,0,59985343,57412,0
263.35,flush,997,Write Buffer Full,-1,0,/home/wam/grad/s14-range-delete-study/scratch/longcycle_formal/db_LC20-R9-CLEAN/001222.sst,0,64907756,62124,0
264.49,flush,998,Write Buffer Full,-1,0,/home/wam/grad/s14-range-delete-study/scratch/longcycle_formal/db_LC20-R9-CLEAN/001229.sst,0,61886852,59232,0
264.88,compaction,990,kCompaction,5,6,/home/wam/grad/s14-range-delete-study/scratch/longcycle_formal/db_LC20-R9-CLEAN/001188.sst,0,867879956,824728,0
265.52,flush,1000,Write Buffer Full,-1,0,/home/wam/grad/s14-range-delete-study/scratch/longcycle_formal/db_LC20-R9-CLEAN/001236.sst,0,64744374,61967,0
265.72,compaction,988,kCompaction,5,6,/home/wam/grad/s14-range-delete-study/scratch/longcycle_formal/db_LC20-R9-CLEAN/001183.sst,0,1109455249,1054295,0
267.07,flush,1002,Write Buffer Full,-1,0,/home/wam/grad/s14-range-delete-study/scratch/longcycle_formal/db_LC20-R9-CLEAN/001241.sst,0,64676070,61902,0
267.11,compaction,999,kCompaction,0,0,/home/wam/grad/s14-range-delete-study/scratch/longcycle_formal/db_LC20-R9-CLEAN/001234.sst,0,313522814,297838,1004
267.43,flush,1003,Write Buffer Full,-1,0,/home/wam/grad/s14-range-delete-study/scratch/longcycle_formal/db_LC20-R9-CLEAN/001246.sst,0,63661560,60931,0
268.41,flush,1005,Write Buffer Full,-1,0,/home/wam/grad/s14-range-delete-study/scratch/longcycle_formal/db_LC20-R9-CLEAN/001253.sst,0,61234792,58608,0
269.84,flush,1006,Write Buffer Full,-1,0,/home/wam/grad/s14-range-delete-study/scratch/longcycle_formal/db_LC20-R9-CLEAN/001260.sst,0,64908994,62124,0
270.87,flush,1007,Write Buffer Full,-1,0,/home/wam/grad/s14-range-delete-study/scratch/longcycle_formal/db_LC20-R9-CLEAN/001267.sst,0,61145807,58522,0
270.88,compaction,1001,kCompaction,5,6,/home/wam/grad/s14-range-delete-study/scratch/longcycle_formal/db_LC20-R9-CLEAN/001239.sst,0,608750901,578482,0
271.87,flush,1009,Write Buffer Full,-1,0,/home/wam/grad/s14-range-delete-study/scratch/longcycle_formal/db_LC20-R9-CLEAN/001274.sst,0,63180476,60470,0
273.33,flush,1010,Write Buffer Full,-1,0,/home/wam/grad/s14-range-delete-study/scratch/longcycle_formal/db_LC20-R9-CLEAN/001280.sst,0,64755374,61978,0
273.35,compaction,1004,kCompaction,5,6,/home/wam/grad/s14-range-delete-study/scratch/longcycle_formal/db_LC20-R9-CLEAN/001247.sst,0,744031746,707040,0
273.37,compaction,1008,kCompaction,0,0,/home/wam/grad/s14-range-delete-study/scratch/longcycle_formal/db_LC20-R9-CLEAN/001270.sst,0,381502281,362409,1645
273.64,flush,1013,Write Buffer Full,-1,0,/home/wam/grad/s14-range-delete-study/scratch/longcycle_formal/db_LC20-R9-CLEAN/001285.sst,0,56254569,53841,0
275.01,flush,1014,Write Buffer Full,-1,0,/home/wam/grad/s14-range-delete-study/scratch/longcycle_formal/db_LC20-R9-CLEAN/001292.sst,0,63129619,60422,0
275.53,compaction,1011,kCompaction,5,6,/home/wam/grad/s14-range-delete-study/scratch/longcycle_formal/db_LC20-R9-CLEAN/001282.sst,0,263352264,250259,6852
276.13,flush,1016,Write Buffer Full,-1,0,/home/wam/grad/s14-range-delete-study/scratch/longcycle_formal/db_LC20-R9-CLEAN/001299.sst,0,64778880,62000,0
277.07,compaction,1012,kCompaction,5,6,/home/wam/grad/s14-range-delete-study/scratch/longcycle_formal/db_LC20-R9-CLEAN/001283.sst,0,429384436,408037,41901
277.09,compaction,1015,kCompaction,0,0,/home/wam/grad/s14-range-delete-study/scratch/longcycle_formal/db_LC20-R9-CLEAN/001297.sst,0,248514809,236080,631
277.20,flush,1017,Write Buffer Full,-1,0,/home/wam/grad/s14-range-delete-study/scratch/longcycle_formal/db_LC20-R9-CLEAN/001304.sst,0,64342402,61582,0
278.33,flush,1020,Write Buffer Full,-1,0,/home/wam/grad/s14-range-delete-study/scratch/longcycle_formal/db_LC20-R9-CLEAN/001311.sst,0,58752756,56232,0
279.50,flush,1021,Write Buffer Full,-1,0,/home/wam/grad/s14-range-delete-study/scratch/longcycle_formal/db_LC20-R9-CLEAN/001318.sst,0,64962417,62175,0
280.45,compaction,1018,kCompaction,5,6,/home/wam/grad/s14-range-delete-study/scratch/longcycle_formal/db_LC20-R9-CLEAN/001306.sst,0,384604909,365481,84457
280.64,flush,1022,Write Buffer Full,-1,0,/home/wam/grad/s14-range-delete-study/scratch/longcycle_formal/db_LC20-R9-CLEAN/001326.sst,0,64826129,62046,0
280.70,compaction,1019,kCompaction,5,6,/home/wam/grad/s14-range-delete-study/scratch/longcycle_formal/db_LC20-R9-CLEAN/001307.sst,0,426591757,405385,73277
282.25,flush,1025,Write Buffer Full,-1,0,/home/wam/grad/s14-range-delete-study/scratch/longcycle_formal/db_LC20-R9-CLEAN/001333.sst,0,61099658,58478,0
282.26,compaction,1023,kCompaction,0,0,/home/wam/grad/s14-range-delete-study/scratch/longcycle_formal/db_LC20-R9-CLEAN/001328.sst,0,254039716,241329,660
282.69,flush,1028,Write Buffer Full,-1,0,/home/wam/grad/s14-range-delete-study/scratch/longcycle_formal/db_LC20-R9-CLEAN/001337.sst,0,57686898,55211,0
283.55,flush,1031,Write Buffer Full,-1,0,/home/wam/grad/s14-range-delete-study/scratch/longcycle_formal/db_LC20-R9-CLEAN/001342.sst,0,59126809,56589,0
284.17,compaction,1024,kCompaction,5,6,/home/wam/grad/s14-range-delete-study/scratch/longcycle_formal/db_LC20-R9-CLEAN/001329.sst,0,402310943,382308,78377
286.98,flush,1035,Write Buffer Full,-1,0,/home/wam/grad/s14-range-delete-study/scratch/longcycle_formal/db_LC20-R9-CLEAN/001347.sst,0,63801140,61064,0
287.04,compaction,1032,kCompaction,0,0,/home/wam/grad/s14-range-delete-study/scratch/longcycle_formal/db_LC20-R9-CLEAN/001343.sst,0,243945574,231736,588
287.84,flush,1038,Write Buffer Full,-1,0,/home/wam/grad/s14-range-delete-study/scratch/longcycle_formal/db_LC20-R9-CLEAN/001349.sst,0,64733043,61956,0
288.48,flush,1043,Write Buffer Full,-1,0,/home/wam/grad/s14-range-delete-study/scratch/longcycle_formal/db_LC20-R9-CLEAN/001354.sst,0,57343353,54883,0
289.79,flush,1046,Write Buffer Full,-1,0,/home/wam/grad/s14-range-delete-study/scratch/longcycle_formal/db_LC20-R9-CLEAN/001357.sst,0,64882759,62099,0
292.29,flush,1049,Write Buffer Full,-1,0,/home/wam/grad/s14-range-delete-study/scratch/longcycle_formal/db_LC20-R9-CLEAN/001360.sst,0,64801487,62021,0
293.47,flush,1052,Write Buffer Full,-1,0,/home/wam/grad/s14-range-delete-study/scratch/longcycle_formal/db_LC20-R9-CLEAN/001364.sst,0,60739237,58133,0
295.28,compaction,1039,kCompaction,0,0,/home/wam/grad/s14-range-delete-study/scratch/longcycle_formal/db_LC20-R9-CLEAN/001351.sst,0,804192879,763912,6297
295.34,flush,1053,Write Buffer Full,-1,0,/home/wam/grad/s14-range-delete-study/scratch/longcycle_formal/db_LC20-R9-CLEAN/001366.sst,0,64799648,62020,0
295.36,compaction,1051,kCompaction,0,0,/home/wam/grad/s14-range-delete-study/scratch/longcycle_formal/db_LC20-R9-CLEAN/001363.sst,0,252986185,240327,632
295.75,flush,1057,Write Buffer Full,-1,0,/home/wam/grad/s14-range-delete-study/scratch/longcycle_formal/db_LC20-R9-CLEAN/001370.sst,0,61418240,58783,0
296.58,flush,1060,Write Buffer Full,-1,0,/home/wam/grad/s14-range-delete-study/scratch/longcycle_formal/db_LC20-R9-CLEAN/001372.sst,0,64414366,61651,0
297.59,flush,1064,Write Buffer Full,-1,0,/home/wam/grad/s14-range-delete-study/scratch/longcycle_formal/db_LC20-R9-CLEAN/001376.sst,0,64608961,61837,0
299.12,compaction,1061,kCompaction,0,0,/home/wam/grad/s14-range-delete-study/scratch/longcycle_formal/db_LC20-R9-CLEAN/001374.sst,0,252627000,239987,600
299.12,flush,1067,Write Buffer Full,-1,0,/home/wam/grad/s14-range-delete-study/scratch/longcycle_formal/db_LC20-R9-CLEAN/001379.sst,0,62737182,60045,0
299.97,flush,1070,Write Buffer Full,-1,0,/home/wam/grad/s14-range-delete-study/scratch/longcycle_formal/db_LC20-R9-CLEAN/001382.sst,0,64723556,61947,0
300.68,flush,1074,Write Buffer Full,-1,0,/home/wam/grad/s14-range-delete-study/scratch/longcycle_formal/db_LC20-R9-CLEAN/001386.sst,0,55605507,53219,0
302.45,flush,1078,Write Buffer Full,-1,0,/home/wam/grad/s14-range-delete-study/scratch/longcycle_formal/db_LC20-R9-CLEAN/001390.sst,0,64565931,61796,0
302.62,compaction,1075,kCompaction,0,0,/home/wam/grad/s14-range-delete-study/scratch/longcycle_formal/db_LC20-R9-CLEAN/001387.sst,0,248940363,236484,564
303.40,flush,1082,Write Buffer Full,-1,0,/home/wam/grad/s14-range-delete-study/scratch/longcycle_formal/db_LC20-R9-CLEAN/001394.sst,0,64775856,61997,0
304.34,flush,1086,Write Buffer Full,-1,0,/home/wam/grad/s14-range-delete-study/scratch/longcycle_formal/db_LC20-R9-CLEAN/001398.sst,0,62779254,60086,0
306.31,flush,1089,Write Buffer Full,-1,0,/home/wam/grad/s14-range-delete-study/scratch/longcycle_formal/db_LC20-R9-CLEAN/001401.sst,0,64785292,62006,0
306.86,compaction,1080,kCompaction,0,0,/home/wam/grad/s14-range-delete-study/scratch/longcycle_formal/db_LC20-R9-CLEAN/001392.sst,0,813248155,772517,6077
306.93,flush,1092,Write Buffer Full,-1,0,/home/wam/grad/s14-range-delete-study/scratch/longcycle_formal/db_LC20-R9-CLEAN/001404.sst,0,64089337,61340,0
307.62,flush,1097,Write Buffer Full,-1,0,/home/wam/grad/s14-range-delete-study/scratch/longcycle_formal/db_LC20-R9-CLEAN/001408.sst,0,57728062,55250,0
308.17,compaction,1094,kCompaction,0,0,/home/wam/grad/s14-range-delete-study/scratch/longcycle_formal/db_LC20-R9-CLEAN/001406.sst,0,257693660,244798,631
308.69,flush,1101,Write Buffer Full,-1,0,/home/wam/grad/s14-range-delete-study/scratch/longcycle_formal/db_LC20-R9-CLEAN/001413.sst,0,64799956,62020,0
309.56,flush,1104,Write Buffer Full,-1,0,/home/wam/grad/s14-range-delete-study/scratch/longcycle_formal/db_LC20-R9-CLEAN/001416.sst,0,64017610,61271,0
310.63,flush,1107,Write Buffer Full,-1,0,/home/wam/grad/s14-range-delete-study/scratch/longcycle_formal/db_LC20-R9-CLEAN/001419.sst,0,64804839,62025,0
311.42,flush,1111,Write Buffer Full,-1,0,/home/wam/grad/s14-range-delete-study/scratch/longcycle_formal/db_LC20-R9-CLEAN/001423.sst,0,63582224,60854,0
312.15,compaction,1108,kCompaction,0,0,/home/wam/grad/s14-range-delete-study/scratch/longcycle_formal/db_LC20-R9-CLEAN/001421.sst,0,252636834,239996,570
312.32,flush,1114,Write Buffer Full,-1,0,/home/wam/grad/s14-range-delete-study/scratch/longcycle_formal/db_LC20-R9-CLEAN/001426.sst,0,56615287,54185,0
313.20,flush,1118,Write Buffer Full,-1,0,/home/wam/grad/s14-range-delete-study/scratch/longcycle_formal/db_LC20-R9-CLEAN/001429.sst,0,63056605,60351,0
314.14,flush,1121,Write Buffer Full,-1,0,/home/wam/grad/s14-range-delete-study/scratch/longcycle_formal/db_LC20-R9-CLEAN/001433.sst,0,64930977,62145,0
315.66,flush,1125,Write Buffer Full,-1,0,/home/wam/grad/s14-range-delete-study/scratch/longcycle_formal/db_LC20-R9-CLEAN/001437.sst,0,64582780,61812,0
315.73,compaction,1122,kCompaction,0,0,/home/wam/grad/s14-range-delete-study/scratch/longcycle_formal/db_LC20-R9-CLEAN/001434.sst,0,249409403,236933,602
316.02,flush,1130,Write Buffer Full,-1,0,/home/wam/grad/s14-range-delete-study/scratch/longcycle_formal/db_LC20-R9-CLEAN/001441.sst,0,58634499,56118,0
316.84,flush,1133,Write Buffer Full,-1,0,/home/wam/grad/s14-range-delete-study/scratch/longcycle_formal/db_LC20-R9-CLEAN/001444.sst,0,56524498,54098,0
318.34,flush,1136,Write Buffer Full,-1,0,/home/wam/grad/s14-range-delete-study/scratch/longcycle_formal/db_LC20-R9-CLEAN/001447.sst,0,64732179,61955,0
319.07,compaction,1127,kCompaction,0,0,/home/wam/grad/s14-range-delete-study/scratch/longcycle_formal/db_LC20-R9-CLEAN/001439.sst,0,818491329,777494,6045
319.47,flush,1140,Write Buffer Full,-1,0,/home/wam/grad/s14-range-delete-study/scratch/longcycle_formal/db_LC20-R9-CLEAN/001451.sst,0,62785352,60091,0
320.78,flush,1144,Write Buffer Full,-1,0,/home/wam/grad/s14-range-delete-study/scratch/longcycle_formal/db_LC20-R9-CLEAN/001455.sst,0,64866301,62083,0
320.79,compaction,1141,kCompaction,0,0,/home/wam/grad/s14-range-delete-study/scratch/longcycle_formal/db_LC20-R9-CLEAN/001452.sst,0,243943965,231738,524
321.51,flush,1148,Write Buffer Full,-1,0,/home/wam/grad/s14-range-delete-study/scratch/longcycle_formal/db_LC20-R9-CLEAN/001458.sst,0,59706688,57144,0
322.27,compaction,993,kCompaction,0,4,/home/wam/grad/s14-range-delete-study/scratch/longcycle_formal/db_LC20-R9-CLEAN/001199.sst,0,7717580710,7333649,622693
322.31,compaction,1152,kCompaction,4,5,/home/wam/grad/s14-range-delete-study/scratch/longcycle_formal/db_LC20-R9-CLEAN/001268.sst,0,0,0,0
322.33,flush,1151,Write Buffer Full,-1,0,/home/wam/grad/s14-range-delete-study/scratch/longcycle_formal/db_LC20-R9-CLEAN/001461.sst,0,56382860,53963,0
323.18,flush,1155,Write Buffer Full,-1,0,/home/wam/grad/s14-range-delete-study/scratch/longcycle_formal/db_LC20-R9-CLEAN/001464.sst,0,64833937,62052,0
323.95,flush,1156,Write Buffer Full,-1,0,/home/wam/grad/s14-range-delete-study/scratch/longcycle_formal/db_LC20-R9-CLEAN/001468.sst,0,63530274,60804,0
324.26,compaction,1157,kCompaction,5,6,/home/wam/grad/s14-range-delete-study/scratch/longcycle_formal/db_LC20-R9-CLEAN/001469.sst,0,118892104,112982,0
324.66,flush,1158,Write Buffer Full,-1,0,/home/wam/grad/s14-range-delete-study/scratch/longcycle_formal/db_LC20-R9-CLEAN/001473.sst,0,62807974,60113,0
325.63,compaction,1159,kCompaction,0,0,/home/wam/grad/s14-range-delete-study/scratch/longcycle_formal/db_LC20-R9-CLEAN/001475.sst,0,248818182,236369,563
325.64,flush,1160,Write Buffer Full,-1,0,/home/wam/grad/s14-range-delete-study/scratch/longcycle_formal/db_LC20-R9-CLEAN/001478.sst,0,63556563,60829,0
326.35,flush,1163,Write Buffer Full,-1,0,/home/wam/grad/s14-range-delete-study/scratch/longcycle_formal/db_LC20-R9-CLEAN/001481.sst,0,61211880,58585,0
327.18,flush,1165,Write Buffer Full,-1,0,/home/wam/grad/s14-range-delete-study/scratch/longcycle_formal/db_LC20-R9-CLEAN/001484.sst,0,64018679,61272,0
328.08,flush,1169,Write Buffer Full,-1,0,/home/wam/grad/s14-range-delete-study/scratch/longcycle_formal/db_LC20-R9-CLEAN/001487.sst,0,64787832,62008,0
328.82,flush,1171,Write Buffer Full,-1,0,/home/wam/grad/s14-range-delete-study/scratch/longcycle_formal/db_LC20-R9-CLEAN/001491.sst,0,63652000,60920,0
329.14,compaction,1170,kCompaction,0,0,/home/wam/grad/s14-range-delete-study/scratch/longcycle_formal/db_LC20-R9-CLEAN/001489.sst,0,254836572,242079,615
329.62,flush,1175,Write Buffer Full,-1,0,/home/wam/grad/s14-range-delete-study/scratch/longcycle_formal/db_LC20-R9-CLEAN/001494.sst,0,57616803,55144,0
330.50,flush,1178,Write Buffer Full,-1,0,/home/wam/grad/s14-range-delete-study/scratch/longcycle_formal/db_LC20-R9-CLEAN/001498.sst,0,64341461,61581,0
331.41,flush,1181,Write Buffer Full,-1,0,/home/wam/grad/s14-range-delete-study/scratch/longcycle_formal/db_LC20-R9-CLEAN/001501.sst,0,63001285,60298,0
332.19,flush,1185,Write Buffer Full,-1,0,/home/wam/grad/s14-range-delete-study/scratch/longcycle_formal/db_LC20-R9-CLEAN/001506.sst,0,59251480,56708,0
332.54,compaction,1182,kCompaction,0,0,/home/wam/grad/s14-range-delete-study/scratch/longcycle_formal/db_LC20-R9-CLEAN/001503.sst,0,249901409,237395,548
332.94,flush,1188,Write Buffer Full,-1,0,/home/wam/grad/s14-range-delete-study/scratch/longcycle_formal/db_LC20-R9-CLEAN/001510.sst,0,56098093,53690,0
333.82,flush,1189,Write Buffer Full,-1,0,/home/wam/grad/s14-range-delete-study/scratch/longcycle_formal/db_LC20-R9-CLEAN/001513.sst,0,63485206,60761,0
334.74,flush,1190,Write Buffer Full,-1,0,/home/wam/grad/s14-range-delete-study/scratch/longcycle_formal/db_LC20-R9-CLEAN/001517.sst,0,64797510,62017,0
338.00,flush,1191,Write Buffer Full,-1,0,/home/wam/grad/s14-range-delete-study/scratch/longcycle_formal/db_LC20-R9-CLEAN/001520.sst,0,56823572,54384,0
340.18,flush,1193,Write Buffer Full,-1,0,/home/wam/grad/s14-range-delete-study/scratch/longcycle_formal/db_LC20-R9-CLEAN/001524.sst,0,64859994,62077,0
340.88,compaction,1192,kCompaction,0,0,/home/wam/grad/s14-range-delete-study/scratch/longcycle_formal/db_LC20-R9-CLEAN/001523.sst,0,242472725,230336,516
340.90,compaction,1187,kCompaction,0,0,/home/wam/grad/s14-range-delete-study/scratch/longcycle_formal/db_LC20-R9-CLEAN/001508.sst,0,807323059,766889,5662
340.90,flush,1194,Write Buffer Full,-1,0,/home/wam/grad/s14-range-delete-study/scratch/longcycle_formal/db_LC20-R9-CLEAN/001527.sst,0,64796425,62016,0
341.23,flush,1197,Write Buffer Full,-1,0,/home/wam/grad/s14-range-delete-study/scratch/longcycle_formal/db_LC20-R9-CLEAN/001530.sst,0,61849282,59195,0
341.95,flush,1200,Write Buffer Full,-1,0,/home/wam/grad/s14-range-delete-study/scratch/longcycle_formal/db_LC20-R9-CLEAN/001532.sst,0,59536346,56981,0
342.75,flush,1204,Write Buffer Full,-1,0,/home/wam/grad/s14-range-delete-study/scratch/longcycle_formal/db_LC20-R9-CLEAN/001536.sst,0,58584988,56070,0
344.05,compaction,1201,kCompaction,0,0,/home/wam/grad/s14-range-delete-study/scratch/longcycle_formal/db_LC20-R9-CLEAN/001534.sst,0,252343775,239716,553
344.07,flush,1207,Write Buffer Full,-1,0,/home/wam/grad/s14-range-delete-study/scratch/longcycle_formal/db_LC20-R9-CLEAN/001539.sst,0,63335455,60618,0
344.88,flush,1211,Write Buffer Full,-1,0,/home/wam/grad/s14-range-delete-study/scratch/longcycle_formal/db_LC20-R9-CLEAN/001542.sst,0,61772544,59121,0
345.87,flush,1214,Write Buffer Full,-1,0,/home/wam/grad/s14-range-delete-study/scratch/longcycle_formal/db_LC20-R9-CLEAN/001545.sst,0,63124827,60415,0
347.25,flush,1218,Write Buffer Full,-1,0,/home/wam/grad/s14-range-delete-study/scratch/longcycle_formal/db_LC20-R9-CLEAN/001549.sst,0,63357566,60638,0
347.32,compaction,1215,kCompaction,0,0,/home/wam/grad/s14-range-delete-study/scratch/longcycle_formal/db_LC20-R9-CLEAN/001546.sst,0,248111248,235693,531
347.56,flush,1221,Write Buffer Full,-1,0,/home/wam/grad/s14-range-delete-study/scratch/longcycle_formal/db_LC20-R9-CLEAN/001552.sst,0,64775852,61996,0
348.36,flush,1226,Write Buffer Full,-1,0,/home/wam/grad/s14-range-delete-study/scratch/longcycle_formal/db_LC20-R9-CLEAN/001556.sst,0,57335353,54874,0
349.20,flush,1229,Write Buffer Full,-1,0,/home/wam/grad/s14-range-delete-study/scratch/longcycle_formal/db_LC20-R9-CLEAN/001559.sst,0,59811645,57244,0
351.33,flush,1232,Write Buffer Full,-1,0,/home/wam/grad/s14-range-delete-study/scratch/longcycle_formal/db_LC20-R9-CLEAN/001562.sst,0,64673013,61898,0
351.73,flush,1235,Write Buffer Full,-1,0,/home/wam/grad/s14-range-delete-study/scratch/longcycle_formal/db_LC20-R9-CLEAN/001565.sst,0,58272517,55771,0
351.74,compaction,1222,kCompaction,0,0,/home/wam/grad/s14-range-delete-study/scratch/longcycle_formal/db_LC20-R9-CLEAN/001553.sst,0,801191364,761056,5327
352.92,compaction,1234,kCompaction,0,0,/home/wam/grad/s14-range-delete-study/scratch/longcycle_formal/db_LC20-R9-CLEAN/001566.sst,0,247860853,235458,554
353.14,flush,1238,Write Buffer Full,-1,0,/home/wam/grad/s14-range-delete-study/scratch/longcycle_formal/db_LC20-R9-CLEAN/001568.sst,0,62097692,59432,0
353.47,flush,1242,Write Buffer Full,-1,0,/home/wam/grad/s14-range-delete-study/scratch/longcycle_formal/db_LC20-R9-CLEAN/001572.sst,0,64887636,62103,0
354.21,flush,1245,Write Buffer Full,-1,0,/home/wam/grad/s14-range-delete-study/scratch/longcycle_formal/db_LC20-R9-CLEAN/001574.sst,0,56460984,54037,0
355.90,flush,1249,Write Buffer Full,-1,0,/home/wam/grad/s14-range-delete-study/scratch/longcycle_formal/db_LC20-R9-CLEAN/001579.sst,0,64716202,61939,0
355.95,compaction,1246,kCompaction,0,0,/home/wam/grad/s14-range-delete-study/scratch/longcycle_formal/db_LC20-R9-CLEAN/001576.sst,0,242943061,230787,556
356.26,flush,1253,Write Buffer Full,-1,0,/home/wam/grad/s14-range-delete-study/scratch/longcycle_formal/db_LC20-R9-CLEAN/001582.sst,0,64812872,62031,0
357.52,flush,1256,Write Buffer Full,-1,0,/home/wam/grad/s14-range-delete-study/scratch/longcycle_formal/db_LC20-R9-CLEAN/001585.sst,0,63281765,60567,0
358.45,flush,1259,Write Buffer Full,-1,0,/home/wam/grad/s14-range-delete-study/scratch/longcycle_formal/db_LC20-R9-CLEAN/001588.sst,0,59823407,57256,0
359.80,flush,1263,Write Buffer Full,-1,0,/home/wam/grad/s14-range-delete-study/scratch/longcycle_formal/db_LC20-R9-CLEAN/001592.sst,0,64770620,61993,0
359.81,compaction,1260,kCompaction,0,0,/home/wam/grad/s14-range-delete-study/scratch/longcycle_formal/db_LC20-R9-CLEAN/001590.sst,0,253930180,241220,573
360.38,flush,1268,Write Buffer Full,-1,0,/home/wam/grad/s14-range-delete-study/scratch/longcycle_formal/db_LC20-R9-CLEAN/001596.sst,0,54924207,52567,0
361.74,flush,1271,Write Buffer Full,-1,0,/home/wam/grad/s14-range-delete-study/scratch/longcycle_formal/db_LC20-R9-CLEAN/001600.sst,0,64757902,61979,0
363.95,flush,1274,Write Buffer Full,-1,0,/home/wam/grad/s14-range-delete-study/scratch/longcycle_formal/db_LC20-R9-CLEAN/001603.sst,0,64697924,61923,0
364.35,compaction,1265,kCompaction,0,0,/home/wam/grad/s14-range-delete-study/scratch/longcycle_formal/db_LC20-R9-CLEAN/001594.sst,0,804432718,764134,5324
365.25,flush,1277,Write Buffer Full,-1,0,/home/wam/grad/s14-range-delete-study/scratch/longcycle_formal/db_LC20-R9-CLEAN/001607.sst,0,64912394,62132,0
366.93,compaction,1279,kCompaction,0,0,/home/wam/grad/s14-range-delete-study/scratch/longcycle_formal/db_LC20-R9-CLEAN/001609.sst,0,250520784,237983,618
366.94,flush,1281,Write Buffer Full,-1,0,/home/wam/grad/s14-range-delete-study/scratch/longcycle_formal/db_LC20-R9-CLEAN/001612.sst,0,64907020,62127,0
368.89,flush,1285,Write Buffer Full,-1,0,/home/wam/grad/s14-range-delete-study/scratch/longcycle_formal/db_LC20-R9-CLEAN/001618.sst,0,64881592,62104,0
371.63,flush,1288,Write Buffer Full,-1,0,/home/wam/grad/s14-range-delete-study/scratch/longcycle_formal/db_LC20-R9-CLEAN/001623.sst,0,64199480,61452,0
372.48,flush,1291,Write Buffer Full,-1,0,/home/wam/grad/s14-range-delete-study/scratch/longcycle_formal/db_LC20-R9-CLEAN/001626.sst,0,64599022,61840,0
374.03,flush,1296,Write Buffer Full,-1,0,/home/wam/grad/s14-range-delete-study/scratch/longcycle_formal/db_LC20-R9-CLEAN/001631.sst,0,64825467,62057,0
374.17,compaction,1293,kCompaction,0,0,/home/wam/grad/s14-range-delete-study/scratch/longcycle_formal/db_LC20-R9-CLEAN/001628.sst,0,259737481,246751,772
374.50,flush,1299,Write Buffer Full,-1,0,/home/wam/grad/s14-range-delete-study/scratch/longcycle_formal/db_LC20-R9-CLEAN/001634.sst,0,61409026,58786,0
375.68,flush,1302,Write Buffer Full,-1,0,/home/wam/grad/s14-range-delete-study/scratch/longcycle_formal/db_LC20-R9-CLEAN/001637.sst,0,64733294,61968,0
376.55,flush,1305,Write Buffer Full,-1,0,/home/wam/grad/s14-range-delete-study/scratch/longcycle_formal/db_LC20-R9-CLEAN/001640.sst,0,64832557,62064,0
378.07,flush,1310,Write Buffer Full,-1,0,/home/wam/grad/s14-range-delete-study/scratch/longcycle_formal/db_LC20-R9-CLEAN/001645.sst,0,64792893,62025,0
378.09,compaction,1307,kCompaction,0,0,/home/wam/grad/s14-range-delete-study/scratch/longcycle_formal/db_LC20-R9-CLEAN/001642.sst,0,257301515,244448,427
378.92,flush,1315,Write Buffer Full,-1,0,/home/wam/grad/s14-range-delete-study/scratch/longcycle_formal/db_LC20-R9-CLEAN/001649.sst,0,64737961,61973,0
380.01,flush,1318,Write Buffer Full,-1,0,/home/wam/grad/s14-range-delete-study/scratch/longcycle_formal/db_LC20-R9-CLEAN/001653.sst,0,64775433,62009,0
382.20,flush,1321,Write Buffer Full,-1,0,/home/wam/grad/s14-range-delete-study/scratch/longcycle_formal/db_LC20-R9-CLEAN/001656.sst,0,56067234,53671,0
383.74,flush,1324,Write Buffer Full,-1,0,/home/wam/grad/s14-range-delete-study/scratch/longcycle_formal/db_LC20-R9-CLEAN/001658.sst,0,59610378,57064,0
384.55,flush,1327,Write Buffer Full,-1,0,/home/wam/grad/s14-range-delete-study/scratch/longcycle_formal/db_LC20-R9-CLEAN/001663.sst,0,63359498,60653,0
384.55,compaction,1312,kCompaction,0,0,/home/wam/grad/s14-range-delete-study/scratch/longcycle_formal/db_LC20-R9-CLEAN/001647.sst,0,828297795,786833,4374
385.29,flush,1329,Write Buffer Full,-1,0,/home/wam/grad/s14-range-delete-study/scratch/longcycle_formal/db_LC20-R9-CLEAN/001666.sst,0,58941029,56422,0
385.30,compaction,1326,kCompaction,0,0,/home/wam/grad/s14-range-delete-study/scratch/longcycle_formal/db_LC20-R9-CLEAN/001662.sst,0,246670544,234348,369
385.52,flush,1332,Write Buffer Full,-1,0,/home/wam/grad/s14-range-delete-study/scratch/longcycle_formal/db_LC20-R9-CLEAN/001669.sst,0,57461381,55006,0
386.33,flush,1336,Write Buffer Full,-1,0,/home/wam/grad/s14-range-delete-study/scratch/longcycle_formal/db_LC20-R9-CLEAN/001672.sst,0,64649758,61889,0
387.76,flush,1340,Write Buffer Full,-1,0,/home/wam/grad/s14-range-delete-study/scratch/longcycle_formal/db_LC20-R9-CLEAN/001676.sst,0,64678562,61916,0
387.79,compaction,1337,kCompaction,0,0,/home/wam/grad/s14-range-delete-study/scratch/longcycle_formal/db_LC20-R9-CLEAN/001673.sst,0,245875226,233596,374
388.53,flush,1343,Write Buffer Full,-1,0,/home/wam/grad/s14-range-delete-study/scratch/longcycle_formal/db_LC20-R9-CLEAN/001679.sst,0,64263558,61519,0
389.33,flush,1347,Write Buffer Full,-1,0,/home/wam/grad/s14-range-delete-study/scratch/longcycle_formal/db_LC20-R9-CLEAN/001682.sst,0,62435389,59768,0
390.39,flush,1349,Write Buffer Full,-1,0,/home/wam/grad/s14-range-delete-study/scratch/longcycle_formal/db_LC20-R9-CLEAN/001686.sst,0,59527281,56984,0
401.08,flush,1353,Write Buffer Full,-1,0,/home/wam/grad/s14-range-delete-study/scratch/longcycle_formal/db_LC20-R9-CLEAN/001689.sst,0,58681918,56175,0
401.08,compaction,1351,kCompaction,0,0,/home/wam/grad/s14-range-delete-study/scratch/longcycle_formal/db_LC20-R9-CLEAN/001687.sst,0,252399855,239789,398
403.46,flush,1361,Write Buffer Full,-1,0,/home/wam/grad/s14-range-delete-study/scratch/longcycle_formal/db_LC20-R9-CLEAN/001696.sst,0,187885500,179875,0
403.51,compaction,1154,kCompaction,0,4,/home/wam/grad/s14-range-delete-study/scratch/longcycle_formal/db_LC20-R9-CLEAN/001462.sst,0,10248822827,9739057,742489
403.53,compaction,1363,kCompaction,4,5,/home/wam/grad/s14-range-delete-study/scratch/longcycle_formal/db_LC20-R9-CLEAN/001504.sst,0,0,0,0
403.55,compaction,1364,kCompaction,4,5,/home/wam/grad/s14-range-delete-study/scratch/longcycle_formal/db_LC20-R9-CLEAN/001604.sst,0,0,0,0
403.58,compaction,1365,kCompaction,4,5,/home/wam/grad/s14-range-delete-study/scratch/longcycle_formal/db_LC20-R9-CLEAN/001613.sst,0,0,0,0
403.60,compaction,1366,kCompaction,4,5,/home/wam/grad/s14-range-delete-study/scratch/longcycle_formal/db_LC20-R9-CLEAN/001615.sst,0,0,0,0
403.62,compaction,1367,kCompaction,4,5,/home/wam/grad/s14-range-delete-study/scratch/longcycle_formal/db_LC20-R9-CLEAN/001621.sst,0,0,0,0
403.64,compaction,1368,kCompaction,4,5,/home/wam/grad/s14-range-delete-study/scratch/longcycle_formal/db_LC20-R9-CLEAN/001632.sst,0,0,0,0
403.66,compaction,1369,kCompaction,4,5,/home/wam/grad/s14-range-delete-study/scratch/longcycle_formal/db_LC20-R9-CLEAN/001643.sst,0,0,0,0
403.68,compaction,1370,kCompaction,4,5,/home/wam/grad/s14-range-delete-study/scratch/longcycle_formal/db_LC20-R9-CLEAN/001654.sst,0,0,0,0
403.70,compaction,1371,kCompaction,4,5,/home/wam/grad/s14-range-delete-study/scratch/longcycle_formal/db_LC20-R9-CLEAN/001668.sst,0,0,0,0
403.72,compaction,1372,kCompaction,4,5,/home/wam/grad/s14-range-delete-study/scratch/longcycle_formal/db_LC20-R9-CLEAN/001680.sst,0,0,0,0
403.75,compaction,1373,kCompaction,4,5,/home/wam/grad/s14-range-delete-study/scratch/longcycle_formal/db_LC20-R9-CLEAN/001694.sst,0,0,0,0
405.50,compaction,1376,kCompaction,5,6,/home/wam/grad/s14-range-delete-study/scratch/longcycle_formal/db_LC20-R9-CLEAN/001654.sst,0,0,0,0
405.89,flush,1375,Write Buffer Full,-1,0,/home/wam/grad/s14-range-delete-study/scratch/longcycle_formal/db_LC20-R9-CLEAN/001699.sst,0,64049521,61314,0
406.28,compaction,1377,kCompaction,5,6,/home/wam/grad/s14-range-delete-study/scratch/longcycle_formal/db_LC20-R9-CLEAN/001668.sst,0,0,0,0
406.68,compaction,1379,kCompaction,5,6,/home/wam/grad/s14-range-delete-study/scratch/longcycle_formal/db_LC20-R9-CLEAN/001680.sst,0,0,0,0
407.06,compaction,1380,kCompaction,5,6,/home/wam/grad/s14-range-delete-study/scratch/longcycle_formal/db_LC20-R9-CLEAN/001694.sst,0,0,0,0
408.08,flush,1378,Write Buffer Full,-1,0,/home/wam/grad/s14-range-delete-study/scratch/longcycle_formal/db_LC20-R9-CLEAN/001701.sst,0,64689382,61926,0
408.84,flush,1382,Write Buffer Full,-1,0,/home/wam/grad/s14-range-delete-study/scratch/longcycle_formal/db_LC20-R9-CLEAN/001705.sst,0,56380442,53971,0
408.86,compaction,1359,kCompaction,0,0,/home/wam/grad/s14-range-delete-study/scratch/longcycle_formal/db_LC20-R9-CLEAN/001695.sst,0,800142992,760112,3796
409.97,flush,1383,Write Buffer Full,-1,0,/home/wam/grad/s14-range-delete-study/scratch/longcycle_formal/db_LC20-R9-CLEAN/001711.sst,0,63237880,60536,0
411.24,flush,1385,Write Buffer Full,-1,0,/home/wam/grad/s14-range-delete-study/scratch/longcycle_formal/db_LC20-R9-CLEAN/001717.sst,0,63804944,61079,0
412.19,compaction,1384,kCompaction,0,0,/home/wam/grad/s14-range-delete-study/scratch/longcycle_formal/db_LC20-R9-CLEAN/001713.sst,0,249815485,237335,412
413.01,flush,1387,Write Buffer Full,-1,0,/home/wam/grad/s14-range-delete-study/scratch/longcycle_formal/db_LC20-R9-CLEAN/001723.sst,0,64215967,61472,0
414.97,flush,1388,Write Buffer Full,-1,0,/home/wam/grad/s14-range-delete-study/scratch/longcycle_formal/db_LC20-R9-CLEAN/001732.sst,0,59757195,57204,0
414.99,compaction,1381,kCompaction,5,6,/home/wam/grad/s14-range-delete-study/scratch/longcycle_formal/db_LC20-R9-CLEAN/001703.sst,0,732567053,696141,0
416.23,compaction,1374,kCompaction,4,5,/home/wam/grad/s14-range-delete-study/scratch/longcycle_formal/db_LC20-R9-CLEAN/001697.sst,0,1227427064,1166408,19559
416.28,flush,1390,Write Buffer Full,-1,0,/home/wam/grad/s14-range-delete-study/scratch/longcycle_formal/db_LC20-R9-CLEAN/001742.sst,0,64885282,62113,0
416.74,compaction,1386,kCompaction,5,6,/home/wam/grad/s14-range-delete-study/scratch/longcycle_formal/db_LC20-R9-CLEAN/001721.sst,0,473476805,449932,0
417.84,flush,1393,Write Buffer Full,-1,0,/home/wam/grad/s14-range-delete-study/scratch/longcycle_formal/db_LC20-R9-CLEAN/001752.sst,0,60803326,58206,0
418.91,compaction,1389,kCompaction,5,6,/home/wam/grad/s14-range-delete-study/scratch/longcycle_formal/db_LC20-R9-CLEAN/001737.sst,0,473475949,449936,0
419.13,flush,1394,Write Buffer Full,-1,0,/home/wam/grad/s14-range-delete-study/scratch/longcycle_formal/db_LC20-R9-CLEAN/001760.sst,0,62654910,59978,0
420.85,flush,1396,Write Buffer Full,-1,0,/home/wam/grad/s14-range-delete-study/scratch/longcycle_formal/db_LC20-R9-CLEAN/001769.sst,0,62123379,59469,0
421.19,compaction,1395,kCompaction,5,6,/home/wam/grad/s14-range-delete-study/scratch/longcycle_formal/db_LC20-R9-CLEAN/001762.sst,0,232876334,221296,24893
421.87,flush,1398,Write Buffer Full,-1,0,/home/wam/grad/s14-range-delete-study/scratch/longcycle_formal/db_LC20-R9-CLEAN/001777.sst,0,56202374,53801,0
423.43,flush,1399,Write Buffer Full,-1,0,/home/wam/grad/s14-range-delete-study/scratch/longcycle_formal/db_LC20-R9-CLEAN/001785.sst,0,61967622,59320,0
424.03,compaction,1397,kCompaction,5,6,/home/wam/grad/s14-range-delete-study/scratch/longcycle_formal/db_LC20-R9-CLEAN/001774.sst,0,323490392,307404,78384
424.55,flush,1401,Write Buffer Full,-1,0,/home/wam/grad/s14-range-delete-study/scratch/longcycle_formal/db_LC20-R9-CLEAN/001794.sst,0,63106542,60410,0
425.91,compaction,1400,kCompaction,0,0,/home/wam/grad/s14-range-delete-study/scratch/longcycle_formal/db_LC20-R9-CLEAN/001792.sst,0,305473752,290203,571
425.93,flush,1402,Write Buffer Full,-1,0,/home/wam/grad/s14-range-delete-study/scratch/longcycle_formal/db_LC20-R9-CLEAN/001799.sst,0,63575672,60860,0
426.77,flush,1404,Write Buffer Full,-1,0,/home/wam/grad/s14-range-delete-study/scratch/longcycle_formal/db_LC20-R9-CLEAN/001804.sst,0,63438405,60728,0
426.79,compaction,1392,kCompaction,5,6,/home/wam/grad/s14-range-delete-study/scratch/longcycle_formal/db_LC20-R9-CLEAN/001747.sst,0,1227330458,1166312,18004
427.79,flush,1406,Write Buffer Full,-1,0,/home/wam/grad/s14-range-delete-study/scratch/longcycle_formal/db_LC20-R9-CLEAN/001811.sst,0,64966849,62191,0
428.99,flush,1407,Write Buffer Full,-1,0,/home/wam/grad/s14-range-delete-study/scratch/longcycle_formal/db_LC20-R9-CLEAN/001819.sst,0,62692347,60014,0
429.87,compaction,1403,kCompaction,5,6,/home/wam/grad/s14-range-delete-study/scratch/longcycle_formal/db_LC20-R9-CLEAN/001802.sst,0,424269393,403173,46765
429.89,flush,1408,Write Buffer Full,-1,0,/home/wam/grad/s14-range-delete-study/scratch/longcycle_formal/db_LC20-R9-CLEAN/001825.sst,0,56295009,53889,0
430.02,compaction,1405,kCompaction,5,6,/home/wam/grad/s14-range-delete-study/scratch/longcycle_formal/db_LC20-R9-CLEAN/001808.sst,0,372371339,353858,128545
430.84,flush,1411,Write Buffer Full,-1,0,/home/wam/grad/s14-range-delete-study/scratch/longcycle_formal/db_LC20-R9-CLEAN/001831.sst,0,63607229,60890,0
431.62,compaction,1409,kCompaction,0,0,/home/wam/grad/s14-range-delete-study/scratch/longcycle_formal/db_LC20-R9-CLEAN/001828.sst,0,319570905,303600,603
432.14,flush,1413,Write Buffer Full,-1,0,/home/wam/grad/s14-range-delete-study/scratch/longcycle_formal/db_LC20-R9-CLEAN/001838.sst,0,64603881,61844,0
432.18,compaction,1410,kCompaction,5,6,/home/wam/grad/s14-range-delete-study/scratch/longcycle_formal/db_LC20-R9-CLEAN/001829.sst,0,214040995,203395,39574
432.75,compaction,1412,kCompaction,5,6,/home/wam/grad/s14-range-delete-study/scratch/longcycle_formal/db_LC20-R9-CLEAN/001836.sst,0,135284889,128558,46119
433.37,flush,1416,Write Buffer Full,-1,0,/home/wam/grad/s14-range-delete-study/scratch/longcycle_formal/db_LC20-R9-CLEAN/001846.sst,0,64353212,61604,0
434.47,flush,1417,Write Buffer Full,-1,0,/home/wam/grad/s14-range-delete-study/scratch/longcycle_formal/db_LC20-R9-CLEAN/001854.sst,0,62135835,59481,0
435.59,flush,1418,Write Buffer Full,-1,0,/home/wam/grad/s14-range-delete-study/scratch/longcycle_formal/db_LC20-R9-CLEAN/001862.sst,0,64930259,62156,0
436.02,compaction,1415,kCompaction,5,6,/home/wam/grad/s14-range-delete-study/scratch/longcycle_formal/db_LC20-R9-CLEAN/001844.sst,0,482460690,458469,55746
436.48,compaction,1414,kCompaction,5,6,/home/wam/grad/s14-range-delete-study/scratch/longcycle_formal/db_LC20-R9-CLEAN/001841.sst,0,487956649,463698,50517
436.52,flush,1420,Write Buffer Full,-1,0,/home/wam/grad/s14-range-delete-study/scratch/longcycle_formal/db_LC20-R9-CLEAN/001870.sst,0,59569949,57025,0
438.27,compaction,1419,kCompaction,0,0,/home/wam/grad/s14-range-delete-study/scratch/longcycle_formal/db_LC20-R9-CLEAN/001868.sst,0,377782112,358890,974
439.07,flush,1423,Write Buffer Full,-1,0,/home/wam/grad/s14-range-delete-study/scratch/longcycle_formal/db_LC20-R9-CLEAN/001880.sst,0,59654377,57106,0
440.17,flush,1424,Write Buffer Full,-1,0,/home/wam/grad/s14-range-delete-study/scratch/longcycle_formal/db_LC20-R9-CLEAN/001885.sst,0,63023111,60330,0
440.33,compaction,1421,kCompaction,5,6,/home/wam/grad/s14-range-delete-study/scratch/longcycle_formal/db_LC20-R9-CLEAN/001872.sst,0,468295001,445015,88915
441.24,flush,1425,Write Buffer Full,-1,0,/home/wam/grad/s14-range-delete-study/scratch/longcycle_formal/db_LC20-R9-CLEAN/001890.sst,0,63798368,61073,0
443.03,flush,1426,Write Buffer Full,-1,0,/home/wam/grad/s14-range-delete-study/scratch/longcycle_formal/db_LC20-R9-CLEAN/001894.sst,0,61067442,58458,0
444.38,compaction,1422,kCompaction,0,0,/home/wam/grad/s14-range-delete-study/scratch/longcycle_formal/db_LC20-R9-CLEAN/001878.sst,0,1056545066,1003679,6039
444.44,flush,1428,Write Buffer Full,-1,0,/home/wam/grad/s14-range-delete-study/scratch/longcycle_formal/db_LC20-R9-CLEAN/001898.sst,0,62966782,60277,0
444.49,compaction,1427,kCompaction,0,0,/home/wam/grad/s14-range-delete-study/scratch/longcycle_formal/db_LC20-R9-CLEAN/001896.sst,0,249045043,236605,362
445.21,flush,1433,Write Buffer Full,-1,0,/home/wam/grad/s14-range-delete-study/scratch/longcycle_formal/db_LC20-R9-CLEAN/001901.sst,0,56591355,54174,0
446.03,flush,1435,Write Buffer Full,-1,0,/home/wam/grad/s14-range-delete-study/scratch/longcycle_formal/db_LC20-R9-CLEAN/001904.sst,0,58265691,55775,0
447.02,flush,1439,Write Buffer Full,-1,0,/home/wam/grad/s14-range-delete-study/scratch/longcycle_formal/db_LC20-R9-CLEAN/001908.sst,0,63741481,61018,0
448.64,flush,1443,Write Buffer Full,-1,0,/home/wam/grad/s14-range-delete-study/scratch/longcycle_formal/db_LC20-R9-CLEAN/001912.sst,0,63294308,60590,0
448.71,compaction,1440,kCompaction,0,0,/home/wam/grad/s14-range-delete-study/scratch/longcycle_formal/db_LC20-R9-CLEAN/001909.sst,0,243063106,230914,330
449.41,flush,1446,Write Buffer Full,-1,0,/home/wam/grad/s14-range-delete-study/scratch/longcycle_formal/db_LC20-R9-CLEAN/001915.sst,0,64323823,61576,0
450.27,flush,1450,Write Buffer Full,-1,0,/home/wam/grad/s14-range-delete-study/scratch/longcycle_formal/db_LC20-R9-CLEAN/001918.sst,0,57513901,55056,0
451.13,flush,1452,Write Buffer Full,-1,0,/home/wam/grad/s14-range-delete-study/scratch/longcycle_formal/db_LC20-R9-CLEAN/001921.sst,0,61784348,59145,0
455.38,flush,1456,Write Buffer Full,-1,0,/home/wam/grad/s14-range-delete-study/scratch/longcycle_formal/db_LC20-R9-CLEAN/001926.sst,0,62545240,59873,0
455.41,compaction,1454,kCompaction,0,0,/home/wam/grad/s14-range-delete-study/scratch/longcycle_formal/db_LC20-R9-CLEAN/001923.sst,0,248438420,236027,340
458.18,flush,1463,Write Buffer Full,-1,0,/home/wam/grad/s14-range-delete-study/scratch/longcycle_formal/db_LC20-R9-CLEAN/001931.sst,0,115378350,110454,0
461.73,flush,1466,Write Buffer Full,-1,0,/home/wam/grad/s14-range-delete-study/scratch/longcycle_formal/db_LC20-R9-CLEAN/001934.sst,0,63921899,61191,0
465.54,flush,1470,Write Buffer Full,-1,0,/home/wam/grad/s14-range-delete-study/scratch/longcycle_formal/db_LC20-R9-CLEAN/001938.sst,0,127319139,121888,0
465.58,compaction,1461,kCompaction,0,0,/home/wam/grad/s14-range-delete-study/scratch/longcycle_formal/db_LC20-R9-CLEAN/001930.sst,0,800087993,760049,3370
466.04,flush,1474,Write Buffer Full,-1,0,/home/wam/grad/s14-range-delete-study/scratch/longcycle_formal/db_LC20-R9-CLEAN/001943.sst,0,64513990,61758,0
466.79,flush,1478,Write Buffer Full,-1,0,/home/wam/grad/s14-range-delete-study/scratch/longcycle_formal/db_LC20-R9-CLEAN/001946.sst,0,63612770,60894,0
469.31,flush,1481,Write Buffer Full,-1,0,/home/wam/grad/s14-range-delete-study/scratch/longcycle_formal/db_LC20-R9-CLEAN/001949.sst,0,62236921,59578,0
469.83,compaction,1475,kCompaction,0,0,/home/wam/grad/s14-range-delete-study/scratch/longcycle_formal/db_LC20-R9-CLEAN/001944.sst,0,373231997,354567,724
469.83,flush,1484,Write Buffer Full,-1,0,/home/wam/grad/s14-range-delete-study/scratch/longcycle_formal/db_LC20-R9-CLEAN/001952.sst,0,61206921,58592,0
470.19,flush,1488,Write Buffer Full,-1,0,/home/wam/grad/s14-range-delete-study/scratch/longcycle_formal/db_LC20-R9-CLEAN/001955.sst,0,57235098,54789,0
472.09,flush,1491,Write Buffer Full,-1,0,/home/wam/grad/s14-range-delete-study/scratch/longcycle_formal/db_LC20-R9-CLEAN/001959.sst,0,63629249,60910,0
472.11,compaction,1489,kCompaction,0,0,/home/wam/grad/s14-range-delete-study/scratch/longcycle_formal/db_LC20-R9-CLEAN/001956.sst,0,245817610,233531,322
472.99,flush,1495,Write Buffer Full,-1,0,/home/wam/grad/s14-range-delete-study/scratch/longcycle_formal/db_LC20-R9-CLEAN/001962.sst,0,56732471,54308,0
473.89,flush,1498,Write Buffer Full,-1,0,/home/wam/grad/s14-range-delete-study/scratch/longcycle_formal/db_LC20-R9-CLEAN/001966.sst,0,63600688,60883,0
474.98,flush,1501,Write Buffer Full,-1,0,/home/wam/grad/s14-range-delete-study/scratch/longcycle_formal/db_LC20-R9-CLEAN/001970.sst,0,64059233,61322,0
476.83,flush,1505,Write Buffer Full,-1,0,/home/wam/grad/s14-range-delete-study/scratch/longcycle_formal/db_LC20-R9-CLEAN/001974.sst,0,58900707,56384,0
476.92,compaction,1503,kCompaction,0,0,/home/wam/grad/s14-range-delete-study/scratch/longcycle_formal/db_LC20-R9-CLEAN/001971.sst,0,249580972,237104,319
477.19,flush,1509,Write Buffer Full,-1,0,/home/wam/grad/s14-range-delete-study/scratch/longcycle_formal/db_LC20-R9-CLEAN/001976.sst,0,56386957,53977,0
478.27,flush,1512,Write Buffer Full,-1,0,/home/wam/grad/s14-range-delete-study/scratch/longcycle_formal/db_LC20-R9-CLEAN/001980.sst,0,62479401,59810,0
478.97,flush,1515,Write Buffer Full,-1,0,/home/wam/grad/s14-range-delete-study/scratch/longcycle_formal/db_LC20-R9-CLEAN/001984.sst,0,58465814,55966,0
480.45,compaction,1517,kCompaction,0,0,/home/wam/grad/s14-range-delete-study/scratch/longcycle_formal/db_LC20-R9-CLEAN/001985.sst,0,237715215,225832,305
481.37,flush,1520,Write Buffer Full,-1,0,/home/wam/grad/s14-range-delete-study/scratch/longcycle_formal/db_LC20-R9-CLEAN/001989.sst,0,64738266,61973,0
482.41,flush,1524,Write Buffer Full,-1,0,/home/wam/grad/s14-range-delete-study/scratch/longcycle_formal/db_LC20-R9-CLEAN/001994.sst,0,55696853,53316,0
483.34,flush,1527,Write Buffer Full,-1,0,/home/wam/grad/s14-range-delete-study/scratch/longcycle_formal/db_LC20-R9-CLEAN/001997.sst,0,57462641,55007,0
485.53,compaction,1522,kCompaction,0,0,/home/wam/grad/s14-range-delete-study/scratch/longcycle_formal/db_LC20-R9-CLEAN/001991.sst,0,795008096,755212,3228
486.02,flush,1532,Write Buffer Full,-1,0,/home/wam/grad/s14-range-delete-study/scratch/longcycle_formal/db_LC20-R9-CLEAN/002002.sst,0,61420988,58796,0
487.35,flush,1535,Write Buffer Full,-1,0,/home/wam/grad/s14-range-delete-study/scratch/longcycle_formal/db_LC20-R9-CLEAN/002005.sst,0,56875440,54445,0
489.16,flush,1539,Write Buffer Full,-1,0,/home/wam/grad/s14-range-delete-study/scratch/longcycle_formal/db_LC20-R9-CLEAN/002009.sst,0,60538010,57951,0
489.25,compaction,1536,kCompaction,0,0,/home/wam/grad/s14-range-delete-study/scratch/longcycle_formal/db_LC20-R9-CLEAN/002007.sst,0,232889780,221250,314
489.29,compaction,1391,kCompaction,0,4,/home/wam/grad/s14-range-delete-study/scratch/longcycle_formal/db_LC20-R9-CLEAN/001745.sst,0,8647172575,8216939,561576
489.31,compaction,1542,kCompaction,4,5,/home/wam/grad/s14-range-delete-study/scratch/longcycle_formal/db_LC20-R9-CLEAN/001851.sst,0,0,0,0
489.33,compaction,1543,kCompaction,4,5,/home/wam/grad/s14-range-delete-study/scratch/longcycle_formal/db_LC20-R9-CLEAN/001874.sst,0,0,0,0
489.36,compaction,1544,kCompaction,4,5,/home/wam/grad/s14-range-delete-study/scratch/longcycle_formal/db_LC20-R9-CLEAN/001941.sst,0,0,0,0
489.38,compaction,1545,kCompaction,4,5,/home/wam/grad/s14-range-delete-study/scratch/longcycle_formal/db_LC20-R9-CLEAN/001960.sst,0,0,0,0
489.40,compaction,1546,kCompaction,4,5,/home/wam/grad/s14-range-delete-study/scratch/longcycle_formal/db_LC20-R9-CLEAN/001981.sst,0,0,0,0
489.42,compaction,1547,kCompaction,4,5,/home/wam/grad/s14-range-delete-study/scratch/longcycle_formal/db_LC20-R9-CLEAN/001992.sst,0,0,0,0
490.73,flush,1550,Write Buffer Full,-1,0,/home/wam/grad/s14-range-delete-study/scratch/longcycle_formal/db_LC20-R9-CLEAN/002016.sst,0,60689187,58096,0
491.94,flush,1551,Write Buffer Full,-1,0,/home/wam/grad/s14-range-delete-study/scratch/longcycle_formal/db_LC20-R9-CLEAN/002021.sst,0,64115746,61377,0
491.94,compaction,1549,kCompaction,4,5,/home/wam/grad/s14-range-delete-study/scratch/longcycle_formal/db_LC20-R9-CLEAN/002012.sst,0,247429077,235116,32150
493.77,flush,1554,Write Buffer Full,-1,0,/home/wam/grad/s14-range-delete-study/scratch/longcycle_formal/db_LC20-R9-CLEAN/002031.sst,0,60993166,58387,0
493.81,compaction,1548,kCompaction,4,5,/home/wam/grad/s14-range-delete-study/scratch/longcycle_formal/db_LC20-R9-CLEAN/002011.sst,0,517639376,491849,0
494.09,compaction,1552,kCompaction,5,6,/home/wam/grad/s14-range-delete-study/scratch/longcycle_formal/db_LC20-R9-CLEAN/002022.sst,0,338196781,321383,0
494.25,compaction,1557,kCompaction,5,6,/home/wam/grad/s14-range-delete-study/scratch/longcycle_formal/db_LC20-R9-CLEAN/002023.sst,0,0,0,0
494.65,flush,1556,Write Buffer Full,-1,0,/home/wam/grad/s14-range-delete-study/scratch/longcycle_formal/db_LC20-R9-CLEAN/002038.sst,0,64781411,62014,0
495.89,flush,1559,Write Buffer Full,-1,0,/home/wam/grad/s14-range-delete-study/scratch/longcycle_formal/db_LC20-R9-CLEAN/002045.sst,0,62994156,60302,0
496.24,compaction,1558,kCompaction,5,6,/home/wam/grad/s14-range-delete-study/scratch/longcycle_formal/db_LC20-R9-CLEAN/002039.sst,0,202913949,192826,0
497.16,flush,1561,Write Buffer Full,-1,0,/home/wam/grad/s14-range-delete-study/scratch/longcycle_formal/db_LC20-R9-CLEAN/002052.sst,0,64298157,61551,0
498.36,flush,1562,Write Buffer Full,-1,0,/home/wam/grad/s14-range-delete-study/scratch/longcycle_formal/db_LC20-R9-CLEAN/002059.sst,0,63158028,60459,0
499.08,compaction,1560,kCompaction,5,6,/home/wam/grad/s14-range-delete-study/scratch/longcycle_formal/db_LC20-R9-CLEAN/002050.sst,0,251005973,238527,4556
499.10,flush,1563,Write Buffer Full,-1,0,/home/wam/grad/s14-range-delete-study/scratch/longcycle_formal/db_LC20-R9-CLEAN/002064.sst,0,58292487,55801,0
500.23,flush,1565,Write Buffer Full,-1,0,/home/wam/grad/s14-range-delete-study/scratch/longcycle_formal/db_LC20-R9-CLEAN/002070.sst,0,56907348,54475,0
500.31,compaction,1553,kCompaction,5,6,/home/wam/grad/s14-range-delete-study/scratch/longcycle_formal/db_LC20-R9-CLEAN/002026.sst,0,873312343,829892,5703
501.34,flush,1567,Write Buffer Full,-1,0,/home/wam/grad/s14-range-delete-study/scratch/longcycle_formal/db_LC20-R9-CLEAN/002078.sst,0,62737962,60058,0
502.01,compaction,1564,kCompaction,5,6,/home/wam/grad/s14-range-delete-study/scratch/longcycle_formal/db_LC20-R9-CLEAN/002067.sst,0,329530941,313144,8244
502.89,flush,1569,Write Buffer Full,-1,0,/home/wam/grad/s14-range-delete-study/scratch/longcycle_formal/db_LC20-R9-CLEAN/002083.sst,0,62760690,60079,0
502.89,compaction,1566,kCompaction,0,0,/home/wam/grad/s14-range-delete-study/scratch/longcycle_formal/db_LC20-R9-CLEAN/002074.sst,0,372392091,353770,832
503.86,flush,1571,Write Buffer Full,-1,0,/home/wam/grad/s14-range-delete-study/scratch/longcycle_formal/db_LC20-R9-CLEAN/002089.sst,0,64614437,61854,0
504.28,compaction,1570,kCompaction,5,6,/home/wam/grad/s14-range-delete-study/scratch/longcycle_formal/db_LC20-R9-CLEAN/002086.sst,0,135283461,128558,54733
504.67,compaction,1568,kCompaction,5,6,/home/wam/grad/s14-range-delete-study/scratch/longcycle_formal/db_LC20-R9-CLEAN/002081.sst,0,243752037,231633,19741
505.59,flush,1574,Write Buffer Full,-1,0,/home/wam/grad/s14-range-delete-study/scratch/longcycle_formal/db_LC20-R9-CLEAN/002097.sst,0,60132254,57562,0
505.61,compaction,1572,kCompaction,5,6,/home/wam/grad/s14-range-delete-study/scratch/longcycle_formal/db_LC20-R9-CLEAN/002093.sst,0,135284890,128558,54733
506.05,compaction,1573,kCompaction,5,6,/home/wam/grad/s14-range-delete-study/scratch/longcycle_formal/db_LC20-R9-CLEAN/002095.sst,0,135283459,128558,54648
506.39,flush,1576,Write Buffer Full,-1,0,/home/wam/grad/s14-range-delete-study/scratch/longcycle_formal/db_LC20-R9-CLEAN/002103.sst,0,61772707,59133,0
507.42,compaction,1575,kCompaction,0,0,/home/wam/grad/s14-range-delete-study/scratch/longcycle_formal/db_LC20-R9-CLEAN/002101.sst,0,251834878,239252,301
507.72,compaction,1577,kCompaction,5,6,/home/wam/grad/s14-range-delete-study/scratch/longcycle_formal/db_LC20-R9-CLEAN/002104.sst,0,135284889,128558,54502
507.90,flush,1578,Write Buffer Full,-1,0,/home/wam/grad/s14-range-delete-study/scratch/longcycle_formal/db_LC20-R9-CLEAN/002108.sst,0,59906504,57346,0
509.07,flush,1581,Write Buffer Full,-1,0,/home/wam/grad/s14-range-delete-study/scratch/longcycle_formal/db_LC20-R9-CLEAN/002115.sst,0,64765713,61999,0
509.97,flush,1582,Write Buffer Full,-1,0,/home/wam/grad/s14-range-delete-study/scratch/longcycle_formal/db_LC20-R9-CLEAN/002122.sst,0,56926903,54494,0
511.07,flush,1583,Write Buffer Full,-1,0,/home/wam/grad/s14-range-delete-study/scratch/longcycle_formal/db_LC20-R9-CLEAN/002129.sst,0,60044590,57479,0
511.75,compaction,1579,kCompaction,5,6,/home/wam/grad/s14-range-delete-study/scratch/longcycle_formal/db_LC20-R9-CLEAN/002109.sst,0,510950786,485548,28671
511.84,flush,1584,Write Buffer Full,-1,0,/home/wam/grad/s14-range-delete-study/scratch/longcycle_formal/db_LC20-R9-CLEAN/002136.sst,0,63220673,60519,0
512.16,compaction,1580,kCompaction,5,6,/home/wam/grad/s14-range-delete-study/scratch/longcycle_formal/db_LC20-R9-CLEAN/002110.sst,0,563990157,535950,31871
512.79,flush,1587,Write Buffer Full,-1,0,/home/wam/grad/s14-range-delete-study/scratch/longcycle_formal/db_LC20-R9-CLEAN/002143.sst,0,61816227,59174,0
513.68,compaction,1585,kCompaction,0,0,/home/wam/grad/s14-range-delete-study/scratch/longcycle_formal/db_LC20-R9-CLEAN/002138.sst,0,305177434,289925,526
514.25,flush,1589,Write Buffer Full,-1,0,/home/wam/grad/s14-range-delete-study/scratch/longcycle_formal/db_LC20-R9-CLEAN/002148.sst,0,64803199,62035,0
515.12,flush,1590,Write Buffer Full,-1,0,/home/wam/grad/s14-range-delete-study/scratch/longcycle_formal/db_LC20-R9-CLEAN/002154.sst,0,56335691,53927,0
516.20,flush,1591,Write Buffer Full,-1,0,/home/wam/grad/s14-range-delete-study/scratch/longcycle_formal/db_LC20-R9-CLEAN/002161.sst,0,64856520,62086,0
517.24,compaction,1586,kCompaction,5,6,/home/wam/grad/s14-range-delete-study/scratch/longcycle_formal/db_LC20-R9-CLEAN/002140.sst,0,542035183,515085,60022
517.26,flush,1592,Write Buffer Full,-1,0,/home/wam/grad/s14-range-delete-study/scratch/longcycle_formal/db_LC20-R9-CLEAN/002167.sst,0,63273502,60570,0
517.86,flush,1594,Write Buffer Full,-1,0,/home/wam/grad/s14-range-delete-study/scratch/longcycle_formal/db_LC20-R9-CLEAN/002174.sst,0,58613949,56109,0
518.71,compaction,1588,kCompaction,5,6,/home/wam/grad/s14-range-delete-study/scratch/longcycle_formal/db_LC20-R9-CLEAN/002149.sst,0,586634239,557469,64667
519.41,flush,1595,Write Buffer Full,-1,0,/home/wam/grad/s14-range-delete-study/scratch/longcycle_formal/db_LC20-R9-CLEAN/002180.sst,0,63932564,61200,0
519.47,compaction,1593,kCompaction,0,0,/home/wam/grad/s14-range-delete-study/scratch/longcycle_formal/db_LC20-R9-CLEAN/002172.sst,0,312833210,297191,550
520.09,flush,1600,Write Buffer Full,-1,0,/home/wam/grad/s14-range-delete-study/scratch/longcycle_formal/db_LC20-R9-CLEAN/002183.sst,0,56789405,54362,0
520.88,flush,1604,Write Buffer Full,-1,0,/home/wam/grad/s14-range-delete-study/scratch/longcycle_formal/db_LC20-R9-CLEAN/002187.sst,0,62232803,59573,0
521.63,compaction,1601,kCompaction,0,0,/home/wam/grad/s14-range-delete-study/scratch/longcycle_formal/db_LC20-R9-CLEAN/002185.sst,0,244137261,231933,308
521.73,flush,1607,Write Buffer Full,-1,0,/home/wam/grad/s14-range-delete-study/scratch/longcycle_formal/db_LC20-R9-CLEAN/002190.sst,0,57415524,54961,0
522.62,flush,1611,Write Buffer Full,-1,0,/home/wam/grad/s14-range-delete-study/scratch/longcycle_formal/db_LC20-R9-CLEAN/002193.sst,0,61360216,58738,0
523.53,flush,1613,Write Buffer Full,-1,0,/home/wam/grad/s14-range-delete-study/scratch/longcycle_formal/db_LC20-R9-CLEAN/002197.sst,0,59884056,57325,0
524.71,compaction,1615,kCompaction,0,0,/home/wam/grad/s14-range-delete-study/scratch/longcycle_formal/db_LC20-R9-CLEAN/002198.sst,0,242418405,230304,293
525.00,flush,1617,Write Buffer Full,-1,0,/home/wam/grad/s14-range-delete-study/scratch/longcycle_formal/db_LC20-R9-CLEAN/002201.sst,0,64827419,62057,0
525.77,flush,1623,Write Buffer Full,-1,0,/home/wam/grad/s14-range-delete-study/scratch/longcycle_formal/db_LC20-R9-CLEAN/002205.sst,0,64712808,61947,0
526.70,flush,1626,Write Buffer Full,-1,0,/home/wam/grad/s14-range-delete-study/scratch/longcycle_formal/db_LC20-R9-CLEAN/002208.sst,0,62726836,60046,0
527.58,flush,1629,Write Buffer Full,-1,0,/home/wam/grad/s14-range-delete-study/scratch/longcycle_formal/db_LC20-R9-CLEAN/002211.sst,0,64898057,62125,0
529.04,flush,1631,Write Buffer Full,-1,0,/home/wam/grad/s14-range-delete-study/scratch/longcycle_formal/db_LC20-R9-CLEAN/002216.sst,0,62202809,59544,0
530.35,compaction,1630,kCompaction,0,0,/home/wam/grad/s14-range-delete-study/scratch/longcycle_formal/db_LC20-R9-CLEAN/002213.sst,0,258786597,245856,319
530.84,flush,1632,Write Buffer Full,-1,0,/home/wam/grad/s14-range-delete-study/scratch/longcycle_formal/db_LC20-R9-CLEAN/002219.sst,0,64044471,61307,0
531.99,flush,1636,Write Buffer Full,-1,0,/home/wam/grad/s14-range-delete-study/scratch/longcycle_formal/db_LC20-R9-CLEAN/002222.sst,0,60229912,57656,0
532.17,compaction,1619,kCompaction,0,0,/home/wam/grad/s14-range-delete-study/scratch/longcycle_formal/db_LC20-R9-CLEAN/002202.sst,0,1346474823,1279069,9536
532.75,flush,1640,Write Buffer Full,-1,0,/home/wam/grad/s14-range-delete-study/scratch/longcycle_formal/db_LC20-R9-CLEAN/002225.sst,0,64967886,62191,0
534.01,flush,1643,Write Buffer Full,-1,0,/home/wam/grad/s14-range-delete-study/scratch/longcycle_formal/db_LC20-R9-CLEAN/002229.sst,0,62124380,59470,0
534.29,compaction,1641,kCompaction,0,0,/home/wam/grad/s14-range-delete-study/scratch/longcycle_formal/db_LC20-R9-CLEAN/002226.sst,0,253023613,240385,313
534.89,flush,1648,Write Buffer Full,-1,0,/home/wam/grad/s14-range-delete-study/scratch/longcycle_formal/db_LC20-R9-CLEAN/002232.sst,0,60574093,57986,0
535.61,flush,1651,Write Buffer Full,-1,0,/home/wam/grad/s14-range-delete-study/scratch/longcycle_formal/db_LC20-R9-CLEAN/002236.sst,0,64850524,62079,0
536.57,flush,1654,Write Buffer Full,-1,0,/home/wam/grad/s14-range-delete-study/scratch/longcycle_formal/db_LC20-R9-CLEAN/002239.sst,0,64877672,62105,0
537.65,flush,1658,Write Buffer Full,-1,0,/home/wam/grad/s14-range-delete-study/scratch/longcycle_formal/db_LC20-R9-CLEAN/002243.sst,0,64769216,62001,0
538.12,compaction,1655,kCompaction,0,0,/home/wam/grad/s14-range-delete-study/scratch/longcycle_formal/db_LC20-R9-CLEAN/002240.sst,0,254037612,241344,296
538.30,flush,1660,Write Buffer Full,-1,0,/home/wam/grad/s14-range-delete-study/scratch/longcycle_formal/db_LC20-R9-CLEAN/002246.sst,0,56982988,54547,0
539.58,flush,1665,Write Buffer Full,-1,0,/home/wam/grad/s14-range-delete-study/scratch/longcycle_formal/db_LC20-R9-CLEAN/002252.sst,0,64667960,61905,0
540.63,flush,1669,Write Buffer Full,-1,0,/home/wam/grad/s14-range-delete-study/scratch/longcycle_formal/db_LC20-R9-CLEAN/002255.sst,0,63195232,60495,0
542.13,flush,1672,Write Buffer Full,-1,0,/home/wam/grad/s14-range-delete-study/scratch/longcycle_formal/db_LC20-R9-CLEAN/002258.sst,0,62168311,59511,0
542.21,compaction,1662,kCompaction,0,0,/home/wam/grad/s14-range-delete-study/scratch/longcycle_formal/db_LC20-R9-CLEAN/002248.sst,0,828018353,786561,3025
542.70,flush,1676,Write Buffer Full,-1,0,/home/wam/grad/s14-range-delete-study/scratch/longcycle_formal/db_LC20-R9-CLEAN/002262.sst,0,64831829,62060,0
543.72,compaction,1673,kCompaction,0,0,/home/wam/grad/s14-range-delete-study/scratch/longcycle_formal/db_LC20-R9-CLEAN/002260.sst,0,248579736,236160,298
543.74,flush,1679,Write Buffer Full,-1,0,/home/wam/grad/s14-range-delete-study/scratch/longcycle_formal/db_LC20-R9-CLEAN/002265.sst,0,57679460,55213,0
544.35,flush,1683,Write Buffer Full,-1,0,/home/wam/grad/s14-range-delete-study/scratch/longcycle_formal/db_LC20-R9-CLEAN/002269.sst,0,57692091,55227,0
545.22,flush,1686,Write Buffer Full,-1,0,/home/wam/grad/s14-range-delete-study/scratch/longcycle_formal/db_LC20-R9-CLEAN/002272.sst,0,59655646,57105,0
546.46,flush,1689,Write Buffer Full,-1,0,/home/wam/grad/s14-range-delete-study/scratch/longcycle_formal/db_LC20-R9-CLEAN/002277.sst,0,56147454,53747,0
546.68,compaction,1687,kCompaction,0,0,/home/wam/grad/s14-range-delete-study/scratch/longcycle_formal/db_LC20-R9-CLEAN/002274.sst,0,241394939,229327,278
547.44,flush,1694,Write Buffer Full,-1,0,/home/wam/grad/s14-range-delete-study/scratch/longcycle_formal/db_LC20-R9-CLEAN/002280.sst,0,55768389,53385,0
548.24,flush,1697,Write Buffer Full,-1,0,/home/wam/grad/s14-range-delete-study/scratch/longcycle_formal/db_LC20-R9-CLEAN/002283.sst,0,64604842,61845,0
549.38,flush,1700,Write Buffer Full,-1,0,/home/wam/grad/s14-range-delete-study/scratch/longcycle_formal/db_LC20-R9-CLEAN/002287.sst,0,60764433,58168,0
550.80,flush,1704,Write Buffer Full,-1,0,/home/wam/grad/s14-range-delete-study/scratch/longcycle_formal/db_LC20-R9-CLEAN/002292.sst,0,62468810,59799,0
550.96,compaction,1701,kCompaction,0,0,/home/wam/grad/s14-range-delete-study/scratch/longcycle_formal/db_LC20-R9-CLEAN/002289.sst,0,238783172,226858,287
551.68,flush,1709,Write Buffer Full,-1,0,/home/wam/grad/s14-range-delete-study/scratch/longcycle_formal/db_LC20-R9-CLEAN/002297.sst,0,64858993,62088,0
552.84,flush,1712,Write Buffer Full,-1,0,/home/wam/grad/s14-range-delete-study/scratch/longcycle_formal/db_LC20-R9-CLEAN/002301.sst,0,64199945,61457,0
554.34,flush,1715,Write Buffer Full,-1,0,/home/wam/grad/s14-range-delete-study/scratch/longcycle_formal/db_LC20-R9-CLEAN/002304.sst,0,64880405,62110,0
554.94,compaction,1706,kCompaction,0,0,/home/wam/grad/s14-range-delete-study/scratch/longcycle_formal/db_LC20-R9-CLEAN/002294.sst,0,788873319,749398,2746
555.59,flush,1719,Write Buffer Full,-1,0,/home/wam/grad/s14-range-delete-study/scratch/longcycle_formal/db_LC20-R9-CLEAN/002308.sst,0,61324898,58705,0
555.70,compaction,1555,kCompaction,0,4,/home/wam/grad/s14-range-delete-study/scratch/longcycle_formal/db_LC20-R9-CLEAN/002036.sst,0,8895933417,8453365,311698
555.72,compaction,1722,kCompaction,4,5,/home/wam/grad/s14-range-delete-study/scratch/longcycle_formal/db_LC20-R9-CLEAN/002145.sst,0,0,0,0
555.74,compaction,1723,kCompaction,4,5,/home/wam/grad/s14-range-delete-study/scratch/longcycle_formal/db_LC20-R9-CLEAN/002234.sst,0,0,0,0
555.76,compaction,1724,kCompaction,4,5,/home/wam/grad/s14-range-delete-study/scratch/longcycle_formal/db_LC20-R9-CLEAN/002247.sst,0,0,0,0
555.78,compaction,1725,kCompaction,4,5,/home/wam/grad/s14-range-delete-study/scratch/longcycle_formal/db_LC20-R9-CLEAN/002267.sst,0,0,0,0
555.80,compaction,1726,kCompaction,4,5,/home/wam/grad/s14-range-delete-study/scratch/longcycle_formal/db_LC20-R9-CLEAN/002275.sst,0,0,0,0
555.82,compaction,1727,kCompaction,4,5,/home/wam/grad/s14-range-delete-study/scratch/longcycle_formal/db_LC20-R9-CLEAN/002285.sst,0,0,0,0
555.84,compaction,1728,kCompaction,4,5,/home/wam/grad/s14-range-delete-study/scratch/longcycle_formal/db_LC20-R9-CLEAN/002293.sst,0,0,0,0
555.86,compaction,1729,kCompaction,4,5,/home/wam/grad/s14-range-delete-study/scratch/longcycle_formal/db_LC20-R9-CLEAN/002302.sst,0,0,0,0
557.13,flush,1731,Write Buffer Full,-1,0,/home/wam/grad/s14-range-delete-study/scratch/longcycle_formal/db_LC20-R9-CLEAN/002313.sst,0,62654243,59978,0
557.14,compaction,1730,kCompaction,4,5,/home/wam/grad/s14-range-delete-study/scratch/longcycle_formal/db_LC20-R9-CLEAN/002310.sst,0,196050283,186286,3290
557.15,compaction,1720,kCompaction,0,0,/home/wam/grad/s14-range-delete-study/scratch/longcycle_formal/db_LC20-R9-CLEAN/002309.sst,0,256832416,243997,363
557.79,compaction,1733,kCompaction,5,6,/home/wam/grad/s14-range-delete-study/scratch/longcycle_formal/db_LC20-R9-CLEAN/002305.sst,0,0,0,0
558.27,flush,1735,Write Buffer Full,-1,0,/home/wam/grad/s14-range-delete-study/scratch/longcycle_formal/db_LC20-R9-CLEAN/002318.sst,0,58225771,55739,0
559.21,compaction,1734,kCompaction,5,6,/home/wam/grad/s14-range-delete-study/scratch/longcycle_formal/db_LC20-R9-CLEAN/002315.sst,0,202916032,192824,0
559.91,compaction,1736,kCompaction,5,6,/home/wam/grad/s14-range-delete-study/scratch/longcycle_formal/db_LC20-R9-CLEAN/002320.sst,0,202923144,192830,0
560.43,flush,1738,Write Buffer Full,-1,0,/home/wam/grad/s14-range-delete-study/scratch/longcycle_formal/db_LC20-R9-CLEAN/002329.sst,0,64898993,62128,0
561.64,compaction,1739,kCompaction,5,6,/home/wam/grad/s14-range-delete-study/scratch/longcycle_formal/db_LC20-R9-CLEAN/002330.sst,0,202917507,192826,0
563.33,compaction,1740,kCompaction,5,6,/home/wam/grad/s14-range-delete-study/scratch/longcycle_formal/db_LC20-R9-CLEAN/002338.sst,0,187639770,178309,3253
564.13,compaction,1737,kCompaction,5,6,/home/wam/grad/s14-range-delete-study/scratch/longcycle_formal/db_LC20-R9-CLEAN/002324.sst,0,608756718,578493,0
564.89,compaction,1741,kCompaction,5,6,/home/wam/grad/s14-range-delete-study/scratch/longcycle_formal/db_LC20-R9-CLEAN/002346.sst,0,210878179,200397,2629
566.53,compaction,1742,kCompaction,5,6,/home/wam/grad/s14-range-delete-study/scratch/longcycle_formal/db_LC20-R9-CLEAN/002351.sst,0,286707810,272453,19905
568.29,compaction,1743,kCompaction,5,6,/home/wam/grad/s14-range-delete-study/scratch/longcycle_formal/db_LC20-R9-CLEAN/002355.sst,0,433147312,411613,35209
570.14,compaction,1744,kCompaction,5,6,/home/wam/grad/s14-range-delete-study/scratch/longcycle_formal/db_LC20-R9-CLEAN/002364.sst,0,498321319,473547,11984
570.77,compaction,1746,kCompaction,5,6,/home/wam/grad/s14-range-delete-study/scratch/longcycle_formal/db_LC20-R9-CLEAN/002383.sst,0,67639905,64281,16500
571.23,compaction,1732,kCompaction,4,5,/home/wam/grad/s14-range-delete-study/scratch/longcycle_formal/db_LC20-R9-CLEAN/002314.sst,0,2145750291,2039071,31263
571.26,compaction,1745,kCompaction,5,6,/home/wam/grad/s14-range-delete-study/scratch/longcycle_formal/db_LC20-R9-CLEAN/002374.sst,0,421992349,401011,128541
576.05,compaction,1747,kCompaction,5,6,/home/wam/grad/s14-range-delete-study/scratch/longcycle_formal/db_LC20-R9-CLEAN/002388.sst,0,645839931,613728,20796
577.45,compaction,1750,kCompaction,5,6,/home/wam/grad/s14-range-delete-study/scratch/longcycle_formal/db_LC20-R9-CLEAN/002418.sst,0,135283458,128558,57028
579.07,compaction,1751,kCompaction,5,6,/home/wam/grad/s14-range-delete-study/scratch/longcycle_formal/db_LC20-R9-CLEAN/002424.sst,0,172241172,163676,72509
580.06,compaction,1752,kCompaction,5,6,/home/wam/grad/s14-range-delete-study/scratch/longcycle_formal/db_LC20-R9-CLEAN/002433.sst,0,135284887,128558,47960
585.39,compaction,1753,kCompaction,5,6,/home/wam/grad/s14-range-delete-study/scratch/longcycle_formal/db_LC20-R9-CLEAN/002439.sst,0,615608052,584997,66279
587.51,compaction,1754,kCompaction,5,6,/home/wam/grad/s14-range-delete-study/scratch/longcycle_formal/db_LC20-R9-CLEAN/002466.sst,0,196921142,187128,44613
588.19,compaction,1749,kCompaction,5,6,/home/wam/grad/s14-range-delete-study/scratch/longcycle_formal/db_LC20-R9-CLEAN/002394.sst,0,1958511440,1861139,0
590.33,compaction,1755,kCompaction,5,6,/home/wam/grad/s14-range-delete-study/scratch/longcycle_formal/db_LC20-R9-CLEAN/002476.sst,0,405851809,385674,90730
603.87,compaction,1748,kCompaction,0,4,/home/wam/grad/s14-range-delete-study/scratch/longcycle_formal/db_LC20-R9-CLEAN/002391.sst,0,7800601539,7412365,252339
603.88,compaction,1757,kCompaction,4,5,/home/wam/grad/s14-range-delete-study/scratch/longcycle_formal/db_LC20-R9-CLEAN/002391.sst,0,0,0,0
603.88,compaction,1758,kCompaction,4,5,/home/wam/grad/s14-range-delete-study/scratch/longcycle_formal/db_LC20-R9-CLEAN/002400.sst,0,0,0,0
603.89,compaction,1759,kCompaction,4,5,/home/wam/grad/s14-range-delete-study/scratch/longcycle_formal/db_LC20-R9-CLEAN/002419.sst,0,0,0,0
603.89,compaction,1760,kCompaction,4,5,/home/wam/grad/s14-range-delete-study/scratch/longcycle_formal/db_LC20-R9-CLEAN/002432.sst,0,0,0,0
603.90,compaction,1761,kCompaction,4,5,/home/wam/grad/s14-range-delete-study/scratch/longcycle_formal/db_LC20-R9-CLEAN/002492.sst,0,0,0,0
603.91,compaction,1762,kCompaction,4,5,/home/wam/grad/s14-range-delete-study/scratch/longcycle_formal/db_LC20-R9-CLEAN/002513.sst,0,0,0,0
603.91,compaction,1763,kCompaction,4,5,/home/wam/grad/s14-range-delete-study/scratch/longcycle_formal/db_LC20-R9-CLEAN/002519.sst,0,0,0,0
605.66,compaction,1765,kCompaction,4,5,/home/wam/grad/s14-range-delete-study/scratch/longcycle_formal/db_LC20-R9-CLEAN/002522.sst,0,298208572,283366,27176
606.31,compaction,1764,kCompaction,4,5,/home/wam/grad/s14-range-delete-study/scratch/longcycle_formal/db_LC20-R9-CLEAN/002521.sst,0,425059472,403924,3200
607.27,compaction,1767,kCompaction,4,5,/home/wam/grad/s14-range-delete-study/scratch/longcycle_formal/db_LC20-R9-CLEAN/002530.sst,0,193002084,183394,28122
608.39,compaction,1769,kCompaction,4,5,/home/wam/grad/s14-range-delete-study/scratch/longcycle_formal/db_LC20-R9-CLEAN/002539.sst,0,110805449,105291,20870
609.88,compaction,1768,kCompaction,4,5,/home/wam/grad/s14-range-delete-study/scratch/longcycle_formal/db_LC20-R9-CLEAN/002534.sst,0,456743344,434019,4633
610.83,compaction,1771,kCompaction,4,5,/home/wam/grad/s14-range-delete-study/scratch/longcycle_formal/db_LC20-R9-CLEAN/002549.sst,0,121697263,115623,5970
612.36,compaction,1772,kCompaction,4,5,/home/wam/grad/s14-range-delete-study/scratch/longcycle_formal/db_LC20-R9-CLEAN/002553.sst,0,130407987,123899,6317
613.24,compaction,1766,kCompaction,4,5,/home/wam/grad/s14-range-delete-study/scratch/longcycle_formal/db_LC20-R9-CLEAN/002528.sst,0,1192098208,1132825,13214
614.01,compaction,1773,kCompaction,4,5,/home/wam/grad/s14-range-delete-study/scratch/longcycle_formal/db_LC20-R9-CLEAN/002559.sst,0,264551607,251384,5670
615.05,compaction,1775,kCompaction,4,5,/home/wam/grad/s14-range-delete-study/scratch/longcycle_formal/db_LC20-R9-CLEAN/002568.sst,0,123844117,117654,3133
615.26,compaction,1774,kCompaction,4,5,/home/wam/grad/s14-range-delete-study/scratch/longcycle_formal/db_LC20-R9-CLEAN/002565.sst,0,241279987,229263,27791
616.51,compaction,1777,kCompaction,4,5,/home/wam/grad/s14-range-delete-study/scratch/longcycle_formal/db_LC20-R9-CLEAN/002574.sst,0,152687134,145067,7980
616.90,compaction,1776,kCompaction,4,5,/home/wam/grad/s14-range-delete-study/scratch/longcycle_formal/db_LC20-R9-CLEAN/002573.sst,0,236850727,225050,25183
617.71,compaction,1778,kCompaction,4,5,/home/wam/grad/s14-range-delete-study/scratch/longcycle_formal/db_LC20-R9-CLEAN/002581.sst,0,155773242,148004,10733
617.73,compaction,1780,kCompaction,5,6,/home/wam/grad/s14-range-delete-study/scratch/longcycle_formal/db_LC20-R9-CLEAN/002561.sst,0,0,0,0
617.75,compaction,1781,kCompaction,5,6,/home/wam/grad/s14-range-delete-study/scratch/longcycle_formal/db_LC20-R9-CLEAN/002519.sst,0,0,0,0
618.55,compaction,1779,kCompaction,4,5,/home/wam/grad/s14-range-delete-study/scratch/longcycle_formal/db_LC20-R9-CLEAN/002584.sst,0,223392628,212266,25571
620.09,compaction,1782,kCompaction,5,6,/home/wam/grad/s14-range-delete-study/scratch/longcycle_formal/db_LC20-R9-CLEAN/002588.sst,0,291832184,277328,445
624.04,compaction,1784,kCompaction,5,6,/home/wam/grad/s14-range-delete-study/scratch/longcycle_formal/db_LC20-R9-CLEAN/002602.sst,0,470606746,447212,1313
625.80,compaction,1785,kCompaction,4,5,/home/wam/grad/s14-range-delete-study/scratch/longcycle_formal/db_LC20-R9-CLEAN/002621.sst,0,202499306,192414,23984
625.81,compaction,1770,kCompaction,4,5,/home/wam/grad/s14-range-delete-study/scratch/longcycle_formal/db_LC20-R9-CLEAN/002543.sst,0,2702770218,2568399,57411
626.21,compaction,1783,kCompaction,5,6,/home/wam/grad/s14-range-delete-study/scratch/longcycle_formal/db_LC20-R9-CLEAN/002593.sst,0,1048592175,996458,9096
626.98,compaction,1786,kCompaction,5,6,/home/wam/grad/s14-range-delete-study/scratch/longcycle_formal/db_LC20-R9-CLEAN/002632.sst,0,202910659,192826,0
629.15,compaction,1788,kCompaction,5,6,/home/wam/grad/s14-range-delete-study/scratch/longcycle_formal/db_LC20-R9-CLEAN/002637.sst,0,338201373,321383,0
629.17,compaction,1789,kCompaction,5,6,/home/wam/grad/s14-range-delete-study/scratch/longcycle_formal/db_LC20-R9-CLEAN/002642.sst,0,202931012,192838,0
630.59,compaction,1791,kCompaction,5,6,/home/wam/grad/s14-range-delete-study/scratch/longcycle_formal/db_LC20-R9-CLEAN/002652.sst,0,179323051,170409,2204
630.60,compaction,1790,kCompaction,5,6,/home/wam/grad/s14-range-delete-study/scratch/longcycle_formal/db_LC20-R9-CLEAN/002651.sst,0,181593548,172563,5820
631.64,compaction,1792,kCompaction,5,6,/home/wam/grad/s14-range-delete-study/scratch/longcycle_formal/db_LC20-R9-CLEAN/002660.sst,0,104931644,99715,15011
633.22,compaction,1793,kCompaction,5,6,/home/wam/grad/s14-range-delete-study/scratch/longcycle_formal/db_LC20-R9-CLEAN/002661.sst,0,317491894,301704,19684
633.89,compaction,1794,kCompaction,5,6,/home/wam/grad/s14-range-delete-study/scratch/longcycle_formal/db_LC20-R9-CLEAN/002666.sst,0,286138135,271912,17969
634.82,compaction,1796,kCompaction,5,6,/home/wam/grad/s14-range-delete-study/scratch/longcycle_formal/db_LC20-R9-CLEAN/002680.sst,0,135284886,128558,58929
635.98,compaction,1797,kCompaction,5,6,/home/wam/grad/s14-range-delete-study/scratch/longcycle_formal/db_LC20-R9-CLEAN/002686.sst,0,135283462,128558,58941
635.99,compaction,1795,kCompaction,5,6,/home/wam/grad/s14-range-delete-study/scratch/longcycle_formal/db_LC20-R9-CLEAN/002676.sst,0,394619261,374998,10667
637.20,compaction,1798,kCompaction,5,6,/home/wam/grad/s14-range-delete-study/scratch/longcycle_formal/db_LC20-R9-CLEAN/002693.sst,0,135284887,128558,58801
637.21,compaction,1799,kCompaction,5,6,/home/wam/grad/s14-range-delete-study/scratch/longcycle_formal/db_LC20-R9-CLEAN/002694.sst,0,135284887,128558,58598
638.44,compaction,1800,kCompaction,5,6,/home/wam/grad/s14-range-delete-study/scratch/longcycle_formal/db_LC20-R9-CLEAN/002700.sst,0,135283459,128558,52312
638.46,compaction,1801,kCompaction,5,6,/home/wam/grad/s14-range-delete-study/scratch/longcycle_formal/db_LC20-R9-CLEAN/002701.sst,0,135284888,128558,52085
641.27,compaction,1802,kCompaction,5,6,/home/wam/grad/s14-range-delete-study/scratch/longcycle_formal/db_LC20-R9-CLEAN/002706.sst,0,342324957,325301,10672
642.36,compaction,1803,kCompaction,5,6,/home/wam/grad/s14-range-delete-study/scratch/longcycle_formal/db_LC20-R9-CLEAN/002707.sst,0,459938896,437074,12872
642.40,compaction,1804,kCompaction,5,6,/home/wam/grad/s14-range-delete-study/scratch/longcycle_formal/db_LC20-R9-CLEAN/002724.sst,0,135283461,128558,49151
643.49,compaction,1805,kCompaction,5,6,/home/wam/grad/s14-range-delete-study/scratch/longcycle_formal/db_LC20-R9-CLEAN/002729.sst,0,135284887,128558,49054
644.09,compaction,1806,kCompaction,5,6,/home/wam/grad/s14-range-delete-study/scratch/longcycle_formal/db_LC20-R9-CLEAN/002730.sst,0,209754962,199323,72515
644.56,compaction,1787,kCompaction,5,6,/home/wam/grad/s14-range-delete-study/scratch/longcycle_formal/db_LC20-R9-CLEAN/002636.sst,0,2482557551,2359125,2020
645.06,compaction,1807,kCompaction,5,6,/home/wam/grad/s14-range-delete-study/scratch/longcycle_formal/db_LC20-R9-CLEAN/002736.sst,0,202924788,192839,74888
645.46,compaction,1808,kCompaction,5,6,/home/wam/grad/s14-range-delete-study/scratch/longcycle_formal/db_LC20-R9-CLEAN/002741.sst,0,202927016,192835,64340
646.95,compaction,1809,kCompaction,5,6,/home/wam/grad/s14-range-delete-study/scratch/longcycle_formal/db_LC20-R9-CLEAN/002745.sst,0,182725888,173639,70817
