monotonic_timestamp_us,phase,foreground_ops_completed,delete_ranges_issued,event_type,open_delta_size,sealed_run_count,hard_run_limit,input_run_ids,output_run_id,input_levels,output_level,input_chunks,output_chunk_count,input_tombstones,output_tombstone_count,merge_queue_wait_us,merge_wall_time_us,merge_cpu_time_us,pre_publish_hist,post_publish_hist,fallback_details
2875320235455,PHASE_B,100306,61,SEAL,0,1,32,"","1","","0","","1","","64",0,0,0,"{}","{L0:1}",""
2875320237856,PHASE_B,100636,127,SEAL,0,2,32,"","2","","0","","1","","64",0,0,0,"{L0:1}","{L0:2}",""
2875320237871,PHASE_B,100636,127,MERGE_SUBMIT,0,2,32,"","","","","","","","",0,0,0,"{L0:2}","{L0:2}",""
2875320237980,PHASE_B,100659,130,MERGE_START,0,2,32,"[1,2]","","[0,0]","","[1,1]","","[64,64]","",89,0,0,"{L0:2}","{L0:2}",""
2875320238206,PHASE_B,100683,135,MERGE_DONE,0,0,0,"","3","","1","","2","","128",89,247,245,"","",""
2875320238214,PHASE_B,100683,135,MERGE_PUBLISH,0,1,32,"","3","","1","","2","","128",89,255,253,"{L0:2}","{L1:1}",""
2875320240721,PHASE_B,100962,191,SEAL,0,2,32,"","4","","0","","1","","64",0,0,0,"{L1:1}","{L0:1, L1:1}",""
2875320243326,PHASE_B,101277,255,SEAL,0,3,32,"","5","","0","","1","","64",0,0,0,"{L0:1, L1:1}","{L0:2, L1:1}",""
2875320243340,PHASE_B,101277,255,MERGE_SUBMIT,0,3,32,"","","","","","","","",0,0,0,"{L0:2, L1:1}","{L0:2, L1:1}",""
2875320243421,PHASE_B,101290,257,MERGE_START,0,3,32,"[4,5]","","[0,0]","","[1,1]","","[64,64]","",73,0,0,"{L0:2, L1:1}","{L0:2, L1:1}",""
2875320243554,PHASE_B,101305,261,MERGE_DONE,0,0,0,"","6","","1","","2","","128",73,141,141,"","",""
2875320243560,PHASE_B,101305,261,MERGE_PUBLISH,0,2,32,"","6","","1","","2","","128",73,146,145,"{L0:2, L1:1}","{L1:2}",""
2875320243568,PHASE_B,101310,262,MERGE_SUBMIT,5,2,32,"","","","","","","","",0,0,0,"{L1:2}","{L1:2}",""
2875320243593,PHASE_B,101314,262,MERGE_START,0,2,32,"[3,6]","","[1,1]","","[2,2]","","[128,128]","",28,0,0,"{L1:2}","{L1:2}",""
2875320243847,PHASE_B,101345,269,MERGE_DONE,0,0,0,"","7","","2","","4","","256",28,255,255,"","",""
2875320243852,PHASE_B,101345,269,MERGE_PUBLISH,0,1,32,"","7","","2","","4","","256",28,259,259,"{L1:2}","{L2:1}",""
2875320246038,PHASE_B,101600,319,SEAL,0,2,32,"","8","","0","","1","","64",0,0,0,"{L2:1}","{L0:1, L2:1}",""
2875320248783,PHASE_B,101921,383,SEAL,0,3,32,"","9","","0","","1","","64",0,0,0,"{L0:1, L2:1}","{L0:2, L2:1}",""
2875320248800,PHASE_B,101921,383,MERGE_SUBMIT,0,3,32,"","","","","","","","",0,0,0,"{L0:2, L2:1}","{L0:2, L2:1}",""
2875320248816,PHASE_B,101925,384,MERGE_START,0,3,32,"[8,9]","","[0,0]","","[1,1]","","[64,64]","",12,0,0,"{L0:2, L2:1}","{L0:2, L2:1}",""
2875320248924,PHASE_B,101926,384,MERGE_DONE,0,0,0,"","10","","1","","2","","128",12,113,113,"","",""
2875320248928,PHASE_B,101930,384,MERGE_PUBLISH,0,2,32,"","10","","1","","2","","128",12,117,116,"{L0:2, L2:1}","{L1:1, L2:1}",""
2875320251649,PHASE_B,102248,447,SEAL,0,3,32,"","11","","0","","1","","64",0,0,0,"{L1:1, L2:1}","{L0:1, L1:1, L2:1}",""
2875320254342,PHASE_B,102558,511,SEAL,0,4,32,"","12","","0","","1","","64",0,0,0,"{L0:1, L1:1, L2:1}","{L0:2, L1:1, L2:1}",""
2875320254357,PHASE_B,102558,511,MERGE_SUBMIT,0,4,32,"","","","","","","","",0,0,0,"{L0:2, L1:1, L2:1}","{L0:2, L1:1, L2:1}",""
2875320254466,PHASE_B,102578,515,MERGE_START,0,4,32,"[11,12]","","[0,0]","","[1,1]","","[64,64]","",88,0,0,"{L0:2, L1:1, L2:1}","{L0:2, L1:1, L2:1}",""
2875320254587,PHASE_B,102597,518,MERGE_DONE,0,0,0,"","13","","1","","2","","128",88,143,141,"","",""
2875320254593,PHASE_B,102597,518,MERGE_PUBLISH,0,3,32,"","13","","1","","2","","128",88,147,145,"{L0:2, L1:1, L2:1}","{L1:2, L2:1}",""
2875320254600,PHASE_B,102597,518,MERGE_SUBMIT,7,3,32,"","","","","","","","",0,0,0,"{L1:2, L2:1}","{L1:2, L2:1}",""
2875320254621,PHASE_B,102597,518,MERGE_START,0,3,32,"[10,13]","","[1,1]","","[2,2]","","[128,128]","",23,0,0,"{L1:2, L2:1}","{L1:2, L2:1}",""
2875320254847,PHASE_B,102632,526,MERGE_DONE,0,0,0,"","14","","2","","4","","256",23,227,227,"","",""
2875320254852,PHASE_B,102632,526,MERGE_PUBLISH,0,2,32,"","14","","2","","4","","256",23,231,231,"{L1:2, L2:1}","{L2:2}",""
2875320254855,PHASE_B,102632,526,MERGE_SUBMIT,14,2,32,"","","","","","","","",0,0,0,"{L2:2}","{L2:2}",""
2875320254901,PHASE_B,102637,526,MERGE_START,0,2,32,"[7,14]","","[2,2]","","[4,4]","","[256,256]","",45,0,0,"{L2:2}","{L2:2}",""
2875320255339,PHASE_B,102686,537,MERGE_DONE,0,0,0,"","15","","3","","8","","512",45,439,439,"","",""
2875320255364,PHASE_B,102696,539,MERGE_PUBLISH,0,1,32,"","15","","3","","8","","512",45,461,449,"{L2:2}","{L3:1}",""
2875320257035,PHASE_B,102879,575,SEAL,0,2,32,"","16","","0","","1","","64",0,0,0,"{L3:1}","{L0:1, L3:1}",""
2875320259738,PHASE_B,103197,639,SEAL,0,3,32,"","17","","0","","1","","64",0,0,0,"{L0:1, L3:1}","{L0:2, L3:1}",""
2875320259749,PHASE_B,103197,639,MERGE_SUBMIT,0,3,32,"","","","","","","","",0,0,0,"{L0:2, L3:1}","{L0:2, L3:1}",""
2875320259855,PHASE_B,103222,643,MERGE_START,0,3,32,"[16,17]","","[0,0]","","[1,1]","","[64,64]","",85,0,0,"{L0:2, L3:1}","{L0:2, L3:1}",""
2875320260150,PHASE_B,103258,651,MERGE_DONE,0,0,0,"","18","","1","","2","","128",85,314,313,"","",""
2875320260157,PHASE_B,103259,651,MERGE_PUBLISH,0,2,32,"","18","","1","","2","","128",85,320,319,"{L0:2, L3:1}","{L1:1, L3:1}",""
2875320262352,PHASE_B,103519,703,SEAL,0,3,32,"","19","","0","","1","","64",0,0,0,"{L1:1, L3:1}","{L0:1, L1:1, L3:1}",""
2875320264926,PHASE_B,103837,765,SEAL,0,4,32,"","20","","0","","1","","64",0,0,0,"{L0:1, L1:1, L3:1}","{L0:2, L1:1, L3:1}",""
2875320264937,PHASE_B,103837,765,MERGE_SUBMIT,0,4,32,"","","","","","","","",0,0,0,"{L0:2, L1:1, L3:1}","{L0:2, L1:1, L3:1}",""
2875320265021,PHASE_B,103846,769,MERGE_START,0,4,32,"[19,20]","","[0,0]","","[1,1]","","[64,64]","",73,0,0,"{L0:2, L1:1, L3:1}","{L0:2, L1:1, L3:1}",""
2875320265169,PHASE_B,103876,774,MERGE_DONE,0,0,0,"","21","","1","","2","","128",73,158,157,"","",""
2875320265176,PHASE_B,103876,774,MERGE_PUBLISH,0,3,32,"","21","","1","","2","","128",73,163,163,"{L0:2, L1:1, L3:1}","{L1:2, L3:1}",""
2875320265183,PHASE_B,103876,774,MERGE_SUBMIT,7,3,32,"","","","","","","","",0,0,0,"{L1:2, L3:1}","{L1:2, L3:1}",""
2875320265227,PHASE_B,103883,776,MERGE_START,0,3,32,"[18,21]","","[1,1]","","[2,2]","","[128,128]","",44,0,0,"{L1:2, L3:1}","{L1:2, L3:1}",""
2875320265482,PHASE_B,103922,783,MERGE_DONE,0,0,0,"","22","","2","","4","","256",44,257,257,"","",""
2875320265490,PHASE_B,103923,783,MERGE_PUBLISH,0,2,32,"","22","","2","","4","","256",44,264,264,"{L1:2, L3:1}","{L2:1, L3:1}",""
2875320267568,PHASE_B,104153,830,SEAL,0,3,32,"","23","","0","","1","","64",0,0,0,"{L2:1, L3:1}","{L0:1, L2:1, L3:1}",""
2875320270161,PHASE_B,104474,894,SEAL,0,4,32,"","24","","0","","1","","64",0,0,0,"{L0:1, L2:1, L3:1}","{L0:2, L2:1, L3:1}",""
2875320270174,PHASE_B,104474,894,MERGE_SUBMIT,0,4,32,"","","","","","","","",0,0,0,"{L0:2, L2:1, L3:1}","{L0:2, L2:1, L3:1}",""
2875320270285,PHASE_B,104489,898,MERGE_START,0,4,32,"[23,24]","","[0,0]","","[1,1]","","[64,64]","",89,0,0,"{L0:2, L2:1, L3:1}","{L0:2, L2:1, L3:1}",""
2875320270574,PHASE_B,104532,907,MERGE_DONE,0,0,0,"","25","","1","","2","","128",89,310,309,"","",""
2875320270584,PHASE_B,104535,907,MERGE_PUBLISH,0,3,32,"","25","","1","","2","","128",89,317,315,"{L0:2, L2:1, L3:1}","{L1:1, L2:1, L3:1}",""
2875320272819,PHASE_B,104807,959,SEAL,0,4,32,"","26","","0","","1","","64",0,0,0,"{L1:1, L2:1, L3:1}","{L0:1, L1:1, L2:1, L3:1}",""
2875320275431,PHASE_B,105122,1022,SEAL,0,5,32,"","27","","0","","1","","64",0,0,0,"{L0:1, L1:1, L2:1, L3:1}","{L0:2, L1:1, L2:1, L3:1}",""
2875320275445,PHASE_B,105122,1022,MERGE_SUBMIT,0,5,32,"","","","","","","","",0,0,0,"{L0:2, L1:1, L2:1, L3:1}","{L0:2, L1:1, L2:1, L3:1}",""
2875320275524,PHASE_B,105125,1025,MERGE_START,0,5,32,"[26,27]","","[0,0]","","[1,1]","","[64,64]","",61,0,0,"{L0:2, L1:1, L2:1, L3:1}","{L0:2, L1:1, L2:1, L3:1}",""
2875320275615,PHASE_B,105142,1028,MERGE_DONE,0,0,0,"","28","","1","","2","","128",61,110,109,"","",""
2875320275621,PHASE_B,105143,1028,MERGE_PUBLISH,0,4,32,"","28","","1","","2","","128",61,114,114,"{L0:2, L1:1, L2:1, L3:1}","{L1:2, L2:1, L3:1}",""
2875320275627,PHASE_B,105144,1028,MERGE_SUBMIT,4,4,32,"","","","","","","","",0,0,0,"{L1:2, L2:1, L3:1}","{L1:2, L2:1, L3:1}",""
2875320275689,PHASE_B,105158,1029,MERGE_START,0,4,32,"[25,28]","","[1,1]","","[2,2]","","[128,128]","",40,0,0,"{L1:2, L2:1, L3:1}","{L1:2, L2:1, L3:1}",""
2875320276428,PHASE_B,105255,1051,MERGE_DONE,0,0,0,"","29","","2","","4","","256",40,758,546,"","",""
2875320276441,PHASE_B,105255,1051,MERGE_PUBLISH,0,3,32,"","29","","2","","4","","256",40,770,557,"{L1:2, L2:1, L3:1}","{L2:2, L3:1}",""
2875320276455,PHASE_B,105255,1051,MERGE_SUBMIT,27,3,32,"","","","","","","","",0,0,0,"{L2:2, L3:1}","{L2:2, L3:1}",""
2875320276464,PHASE_B,105259,1052,MERGE_START,0,3,32,"[22,29]","","[2,2]","","[4,4]","","[256,256]","",10,0,0,"{L2:2, L3:1}","{L2:2, L3:1}",""
2875320276905,PHASE_B,105312,1062,MERGE_DONE,0,0,0,"","30","","3","","8","","512",10,444,444,"","",""
2875320276911,PHASE_B,105318,1063,MERGE_PUBLISH,0,2,32,"","30","","3","","8","","512",10,448,448,"{L2:2, L3:1}","{L3:2}",""
2875320276915,PHASE_B,105319,1063,MERGE_SUBMIT,39,2,32,"","","","","","","","",0,0,0,"{L3:2}","{L3:2}",""
2875320276972,PHASE_B,105325,1063,MERGE_START,0,2,32,"[15,30]","","[3,3]","","[8,8]","","[512,512]","",57,0,0,"{L3:2}","{L3:2}",""
2875320277849,PHASE_B,105407,1079,MERGE_DONE,0,0,0,"","31","","4","","16","","1024",57,877,878,"","",""
2875320277854,PHASE_B,105407,1079,MERGE_PUBLISH,0,1,32,"","31","","4","","16","","1024",57,882,882,"{L3:2}","{L4:1}",""
2875320278115,PHASE_B,105429,1085,SEAL,0,2,32,"","32","","0","","1","","64",0,0,0,"{L4:1}","{L0:1, L4:1}",""
2875320280843,PHASE_B,105769,1151,SEAL,0,3,32,"","33","","0","","1","","64",0,0,0,"{L0:1, L4:1}","{L0:2, L4:1}",""
2875320280860,PHASE_B,105769,1151,MERGE_SUBMIT,0,3,32,"","","","","","","","",0,0,0,"{L0:2, L4:1}","{L0:2, L4:1}",""
2875320280973,PHASE_B,105779,1153,MERGE_START,0,3,32,"[32,33]","","[0,0]","","[1,1]","","[64,64]","",93,0,0,"{L0:2, L4:1}","{L0:2, L4:1}",""
2875320281283,PHASE_B,105821,1163,MERGE_DONE,0,0,0,"","34","","1","","2","","128",93,327,326,"","",""
2875320281325,PHASE_B,105825,1164,MERGE_PUBLISH,0,2,32,"","34","","1","","2","","128",93,366,351,"{L0:2, L4:1}","{L1:1, L4:1}",""
2875320283482,PHASE_B,106075,1215,SEAL,0,3,32,"","35","","0","","1","","64",0,0,0,"{L1:1, L4:1}","{L0:1, L1:1, L4:1}",""
2875320286054,PHASE_B,106400,1278,SEAL,0,4,32,"","36","","0","","1","","64",0,0,0,"{L0:1, L1:1, L4:1}","{L0:2, L1:1, L4:1}",""
2875320286066,PHASE_B,106400,1278,MERGE_SUBMIT,0,4,32,"","","","","","","","",0,0,0,"{L0:2, L1:1, L4:1}","{L0:2, L1:1, L4:1}",""
2875320286088,PHASE_B,106405,1280,MERGE_START,0,4,32,"[35,36]","","[0,0]","","[1,1]","","[64,64]","",13,0,0,"{L0:2, L1:1, L4:1}","{L0:2, L1:1, L4:1}",""
2875320286300,PHASE_B,106426,1284,MERGE_DONE,0,0,0,"","37","","1","","2","","128",13,220,220,"","",""
2875320286320,PHASE_B,106438,1288,MERGE_PUBLISH,0,3,32,"","37","","1","","2","","128",13,238,237,"{L0:2, L1:1, L4:1}","{L1:2, L4:1}",""
2875320286328,PHASE_B,106443,1288,MERGE_SUBMIT,8,3,32,"","","","","","","","",0,0,0,"{L1:2, L4:1}","{L1:2, L4:1}",""
2875320286386,PHASE_B,106449,1288,MERGE_START,0,3,32,"[34,37]","","[1,1]","","[2,2]","","[128,128]","",45,0,0,"{L1:2, L4:1}","{L1:2, L4:1}",""
2875320286742,PHASE_B,106501,1298,MERGE_DONE,0,0,0,"","38","","2","","4","","256",45,371,371,"","",""
2875320286749,PHASE_B,106503,1298,MERGE_PUBLISH,0,2,32,"","38","","2","","4","","256",45,376,376,"{L1:2, L4:1}","{L2:1, L4:1}",""
2875320288687,PHASE_B,106719,1343,SEAL,0,3,32,"","39","","0","","1","","64",0,0,0,"{L2:1, L4:1}","{L0:1, L2:1, L4:1}",""
2875320291306,PHASE_B,107034,1405,SEAL,0,4,32,"","40","","0","","1","","64",0,0,0,"{L0:1, L2:1, L4:1}","{L0:2, L2:1, L4:1}",""
2875320291319,PHASE_B,107034,1405,MERGE_SUBMIT,0,4,32,"","","","","","","","",0,0,0,"{L0:2, L2:1, L4:1}","{L0:2, L2:1, L4:1}",""
2875320291409,PHASE_B,107056,1410,MERGE_START,0,4,32,"[39,40]","","[0,0]","","[1,1]","","[64,64]","",74,0,0,"{L0:2, L2:1, L4:1}","{L0:2, L2:1, L4:1}",""
2875320291602,PHASE_B,107082,1416,MERGE_DONE,0,0,0,"","41","","1","","2","","128",74,207,207,"","",""
2875320291614,PHASE_B,107083,1416,MERGE_PUBLISH,0,3,32,"","41","","1","","2","","128",74,217,216,"{L0:2, L2:1, L4:1}","{L1:1, L2:1, L4:1}",""
2875320293948,PHASE_B,107359,1470,SEAL,0,4,32,"","42","","0","","1","","64",0,0,0,"{L1:1, L2:1, L4:1}","{L0:1, L1:1, L2:1, L4:1}",""
2875320296581,PHASE_B,107675,1534,SEAL,0,5,32,"","43","","0","","1","","64",0,0,0,"{L0:1, L1:1, L2:1, L4:1}","{L0:2, L1:1, L2:1, L4:1}",""
2875320296595,PHASE_B,107675,1534,MERGE_SUBMIT,0,5,32,"","","","","","","","",0,0,0,"{L0:2, L1:1, L2:1, L4:1}","{L0:2, L1:1, L2:1, L4:1}",""
2875320296717,PHASE_B,107694,1538,MERGE_START,0,5,32,"[42,43]","","[0,0]","","[1,1]","","[64,64]","",94,0,0,"{L0:2, L1:1, L2:1, L4:1}","{L0:2, L1:1, L2:1, L4:1}",""
2875320297036,PHASE_B,107743,1547,MERGE_DONE,0,0,0,"","44","","1","","2","","128",94,345,344,"","",""
2875320297056,PHASE_B,107743,1547,MERGE_PUBLISH,0,4,32,"","44","","1","","2","","128",94,359,358,"{L0:2, L1:1, L2:1, L4:1}","{L1:2, L2:1, L4:1}",""
2875320297089,PHASE_B,107746,1549,MERGE_SUBMIT,12,4,32,"","","","","","","","",0,0,0,"{L1:2, L2:1, L4:1}","{L1:2, L2:1, L4:1}",""
2875320297157,PHASE_B,107749,1549,MERGE_START,0,4,32,"[41,44]","","[1,1]","","[2,2]","","[128,128]","",67,0,0,"{L1:2, L2:1, L4:1}","{L1:2, L2:1, L4:1}",""
2875320297830,PHASE_B,107838,1566,MERGE_DONE,0,0,0,"","45","","2","","4","","256",67,678,678,"","",""
2875320297843,PHASE_B,107838,1566,MERGE_PUBLISH,0,3,32,"","45","","2","","4","","256",67,687,686,"{L1:2, L2:1, L4:1}","{L2:2, L4:1}",""
2875320297854,PHASE_B,107838,1566,MERGE_SUBMIT,30,3,32,"","","","","","","","",0,0,0,"{L2:2, L4:1}","{L2:2, L4:1}",""
2875320297888,PHASE_B,107843,1567,MERGE_START,0,3,32,"[38,45]","","[2,2]","","[4,4]","","[256,256]","",24,0,0,"{L2:2, L4:1}","{L2:2, L4:1}",""
2875320299130,PHASE_B,107983,1596,MERGE_DONE,0,0,0,"","46","","3","","8","","512",24,1251,1251,"","",""
2875320299155,PHASE_B,107985,1596,MERGE_PUBLISH,0,2,32,"","46","","3","","8","","512",24,1273,1273,"{L2:2, L4:1}","{L3:1, L4:1}",""
2875320299394,PHASE_B,107992,1597,SEAL,0,3,32,"","47","","0","","1","","64",0,0,0,"{L3:1, L4:1}","{L0:1, L3:1, L4:1}",""
2875320302041,PHASE_B,108326,1663,SEAL,0,4,32,"","48","","0","","1","","64",0,0,0,"{L0:1, L3:1, L4:1}","{L0:2, L3:1, L4:1}",""
2875320302053,PHASE_B,108326,1663,MERGE_SUBMIT,0,4,32,"","","","","","","","",0,0,0,"{L0:2, L3:1, L4:1}","{L0:2, L3:1, L4:1}",""
2875320302157,PHASE_B,108336,1666,MERGE_START,0,4,32,"[47,48]","","[0,0]","","[1,1]","","[64,64]","",82,0,0,"{L0:2, L3:1, L4:1}","{L0:2, L3:1, L4:1}",""
2875320302442,PHASE_B,108383,1676,MERGE_DONE,0,0,0,"","49","","1","","2","","128",82,304,303,"","",""
2875320302459,PHASE_B,108383,1676,MERGE_PUBLISH,0,3,32,"","49","","1","","2","","128",82,317,316,"{L0:2, L3:1, L4:1}","{L1:1, L3:1, L4:1}",""
2875320304562,PHASE_B,108635,1724,SEAL,0,4,32,"","50","","0","","1","","64",0,0,0,"{L1:1, L3:1, L4:1}","{L0:1, L1:1, L3:1, L4:1}",""
2875320307060,PHASE_B,108954,1789,SEAL,0,5,32,"","51","","0","","1","","64",0,0,0,"{L0:1, L1:1, L3:1, L4:1}","{L0:2, L1:1, L3:1, L4:1}",""
2875320307077,PHASE_B,108954,1789,MERGE_SUBMIT,0,5,32,"","","","","","","","",0,0,0,"{L0:2, L1:1, L3:1, L4:1}","{L0:2, L1:1, L3:1, L4:1}",""
2875320307191,PHASE_B,108977,1793,MERGE_START,0,5,32,"[50,51]","","[0,0]","","[1,1]","","[64,64]","",88,0,0,"{L0:2, L1:1, L3:1, L4:1}","{L0:2, L1:1, L3:1, L4:1}",""
2875320307461,PHASE_B,109013,1802,MERGE_DONE,0,0,0,"","52","","1","","2","","128",88,294,293,"","",""
2875320307501,PHASE_B,109021,1803,MERGE_PUBLISH,0,4,32,"","52","","1","","2","","128",88,328,317,"{L0:2, L1:1, L3:1, L4:1}","{L1:2, L3:1, L4:1}",""
2875320307516,PHASE_B,109022,1803,MERGE_SUBMIT,11,4,32,"","","","","","","","",0,0,0,"{L1:2, L3:1, L4:1}","{L1:2, L3:1, L4:1}",""
2875320307569,PHASE_B,109022,1803,MERGE_START,0,4,32,"[49,52]","","[1,1]","","[2,2]","","[128,128]","",37,0,0,"{L1:2, L3:1, L4:1}","{L1:2, L3:1, L4:1}",""
2875320308159,PHASE_B,109102,1821,MERGE_DONE,0,0,0,"","53","","2","","4","","256",37,609,608,"","",""
2875320308178,PHASE_B,109105,1821,MERGE_PUBLISH,0,3,32,"","53","","2","","4","","256",37,624,623,"{L1:2, L3:1, L4:1}","{L2:1, L3:1, L4:1}",""
2875320309673,PHASE_B,109270,1854,SEAL,0,4,32,"","54","","0","","1","","64",0,0,0,"{L2:1, L3:1, L4:1}","{L0:1, L2:1, L3:1, L4:1}",""
2875320312247,PHASE_B,109599,1919,SEAL,0,5,32,"","55","","0","","1","","64",0,0,0,"{L0:1, L2:1, L3:1, L4:1}","{L0:2, L2:1, L3:1, L4:1}",""
2875320312259,PHASE_B,109599,1919,MERGE_SUBMIT,0,5,32,"","","","","","","","",0,0,0,"{L0:2, L2:1, L3:1, L4:1}","{L0:2, L2:1, L3:1, L4:1}",""
2875320312371,PHASE_B,109621,1923,MERGE_START,0,5,32,"[54,55]","","[0,0]","","[1,1]","","[64,64]","",89,0,0,"{L0:2, L2:1, L3:1, L4:1}","{L0:2, L2:1, L3:1, L4:1}",""
2875320312671,PHASE_B,109665,1932,MERGE_DONE,0,0,0,"","56","","1","","2","","128",89,320,319,"","",""
2875320312690,PHASE_B,109667,1932,MERGE_PUBLISH,0,4,32,"","56","","1","","2","","128",89,334,333,"{L0:2, L2:1, L3:1, L4:1}","{L1:1, L2:1, L3:1, L4:1}",""
2875320314848,PHASE_B,109915,1981,SEAL,0,5,32,"","57","","0","","1","","64",0,0,0,"{L1:1, L2:1, L3:1, L4:1}","{L0:1, L1:1, L2:1, L3:1, L4:1}",""
2875320317448,PHASE_B,110247,2047,SEAL,0,6,32,"","58","","0","","1","","64",0,0,0,"{L0:1, L1:1, L2:1, L3:1, L4:1}","{L0:2, L1:1, L2:1, L3:1, L4:1}",""
2875320317462,PHASE_B,110247,2047,MERGE_SUBMIT,0,6,32,"","","","","","","","",0,0,0,"{L0:2, L1:1, L2:1, L3:1, L4:1}","{L0:2, L1:1, L2:1, L3:1, L4:1}",""
2875320317494,PHASE_B,110250,2049,MERGE_START,0,6,32,"[57,58]","","[0,0]","","[1,1]","","[64,64]","",19,0,0,"{L0:2, L1:1, L2:1, L3:1, L4:1}","{L0:2, L1:1, L2:1, L3:1, L4:1}",""
2875320317765,PHASE_B,110280,2055,MERGE_DONE,0,0,0,"","59","","1","","2","","128",19,284,283,"","",""
2875320317781,PHASE_B,110280,2055,MERGE_PUBLISH,0,5,32,"","59","","1","","2","","128",19,294,293,"{L0:2, L1:1, L2:1, L3:1, L4:1}","{L1:2, L2:1, L3:1, L4:1}",""
2875320317814,PHASE_B,110280,2055,MERGE_SUBMIT,10,5,32,"","","","","","","","",0,0,0,"{L1:2, L2:1, L3:1, L4:1}","{L1:2, L2:1, L3:1, L4:1}",""
2875320317860,PHASE_B,110302,2059,MERGE_START,0,5,32,"[56,59]","","[1,1]","","[2,2]","","[128,128]","",25,0,0,"{L1:2, L2:1, L3:1, L4:1}","{L1:2, L2:1, L3:1, L4:1}",""
2875320318419,PHASE_B,110374,2074,MERGE_DONE,0,0,0,"","60","","2","","4","","256",25,583,582,"","",""
2875320318438,PHASE_B,110378,2074,MERGE_PUBLISH,0,4,32,"","60","","2","","4","","256",25,596,595,"{L1:2, L2:1, L3:1, L4:1}","{L2:2, L3:1, L4:1}",""
2875320318454,PHASE_B,110382,2075,MERGE_SUBMIT,26,4,32,"","","","","","","","",0,0,0,"{L2:2, L3:1, L4:1}","{L2:2, L3:1, L4:1}",""
2875320318476,PHASE_B,110387,2075,MERGE_START,0,4,32,"[53,60]","","[2,2]","","[4,4]","","[256,256]","",19,0,0,"{L2:2, L3:1, L4:1}","{L2:2, L3:1, L4:1}",""
2875320319690,PHASE_B,110520,2103,MERGE_DONE,0,0,0,"","61","","3","","8","","512",19,1220,1220,"","",""
2875320319704,PHASE_B,110520,2103,MERGE_PUBLISH,0,3,32,"","61","","3","","8","","512",19,1231,1231,"{L2:2, L3:1, L4:1}","{L3:2, L4:1}",""
2875320319722,PHASE_B,110520,2103,MERGE_SUBMIT,55,3,32,"","","","","","","","",0,0,0,"{L3:2, L4:1}","{L3:2, L4:1}",""
2875320319833,PHASE_B,110526,2104,MERGE_START,0,3,32,"[46,61]","","[3,3]","","[8,8]","","[512,512]","",94,0,0,"{L3:2, L4:1}","{L3:2, L4:1}",""
2875320320158,PHASE_B,110559,2111,SEAL,0,4,32,"","62","","0","","1","","64",0,0,0,"{L3:2, L4:1}","{L0:1, L3:2, L4:1}",""
2875320322514,PHASE_B,110869,2173,MERGE_DONE,0,0,0,"","63","","4","","16","","1024",94,2697,2696,"","",""
2875320322572,PHASE_B,110877,2174,MERGE_PUBLISH,0,3,32,"","63","","4","","16","","1024",94,2750,2725,"{L0:1, L3:2, L4:1}","{L0:1, L4:2}",""
2875320322590,PHASE_B,110877,2174,MERGE_SUBMIT,62,3,32,"","","","","","","","",0,0,0,"{L0:1, L4:2}","{L0:1, L4:2}",""
2875320322619,PHASE_B,110877,2174,MERGE_START,0,3,32,"[31,63]","","[4,4]","","[16,16]","","[1024,1024]","",23,0,0,"{L0:1, L4:2}","{L0:1, L4:2}",""
2875320322699,PHASE_B,110885,2175,SEAL,0,4,32,"","64","","0","","1","","64",0,0,0,"{L0:1, L4:2}","{L0:2, L4:2}",""
2875320325206,PHASE_B,111195,2238,SEAL,0,5,32,"","66","","0","","1","","64",0,0,0,"{L0:2, L4:2}","{L0:3, L4:2}",""
2875320327761,PHASE_B,111516,2302,SEAL,0,6,32,"","67","","0","","1","","64",0,0,0,"{L0:3, L4:2}","{L0:4, L4:2}",""
2875320327906,PHASE_B,111534,2306,MERGE_DONE,0,0,0,"","65","","5","","32","","2048",23,5294,5294,"","",""
2875320327923,PHASE_B,111534,2306,MERGE_PUBLISH,0,5,32,"","65","","5","","32","","2048",23,5309,5309,"{L0:4, L4:2}","{L0:4, L5:1}",""
2875320327939,PHASE_B,111540,2309,MERGE_SUBMIT,4,5,32,"","","","","","","","",0,0,0,"{L0:4, L5:1}","{L0:4, L5:1}",""
2875320328060,PHASE_B,111570,2312,MERGE_START,0,5,32,"[62,64]","","[0,0]","","[1,1]","","[64,64]","",103,0,0,"{L0:4, L5:1}","{L0:4, L5:1}",""
2875320328346,PHASE_B,111604,2319,MERGE_DONE,0,0,0,"","68","","1","","2","","128",103,305,304,"","",""
2875320328364,PHASE_B,111605,2319,MERGE_PUBLISH,0,4,32,"","68","","1","","2","","128",103,318,316,"{L0:4, L5:1}","{L0:2, L1:1, L5:1}",""
2875320328389,PHASE_B,111605,2319,MERGE_SUBMIT,15,4,32,"","","","","","","","",0,0,0,"{L0:2, L1:1, L5:1}","{L0:2, L1:1, L5:1}",""
2875320328428,PHASE_B,111605,2319,MERGE_START,0,4,32,"[66,67]","","[0,0]","","[1,1]","","[64,64]","",28,0,0,"{L0:2, L1:1, L5:1}","{L0:2, L1:1, L5:1}",""
2875320328810,PHASE_B,111663,2331,MERGE_DONE,0,0,0,"","69","","1","","2","","128",28,402,401,"","",""
2875320328827,PHASE_B,111665,2331,MERGE_PUBLISH,0,3,32,"","69","","1","","2","","128",28,414,413,"{L0:2, L1:1, L5:1}","{L1:2, L5:1}",""
2875320328847,PHASE_B,111665,2331,MERGE_SUBMIT,27,3,32,"","","","","","","","",0,0,0,"{L1:2, L5:1}","{L1:2, L5:1}",""
2875320328910,PHASE_B,111668,2332,MERGE_START,0,3,32,"[68,69]","","[1,1]","","[2,2]","","[128,128]","",64,0,0,"{L1:2, L5:1}","{L1:2, L5:1}",""
2875320329129,PHASE_B,111692,2338,MERGE_DONE,0,0,0,"","70","","2","","4","","256",64,226,226,"","",""
2875320329135,PHASE_B,111694,2338,MERGE_PUBLISH,0,2,32,"","70","","2","","4","","256",64,232,231,"{L1:2, L5:1}","{L2:1, L5:1}",""
2875320330491,PHASE_B,111838,2367,SEAL,0,3,32,"","71","","0","","1","","64",0,0,0,"{L2:1, L5:1}","{L0:1, L2:1, L5:1}",""
2875320332910,PHASE_B,112158,2431,SEAL,0,4,32,"","72","","0","","1","","64",0,0,0,"{L0:1, L2:1, L5:1}","{L0:2, L2:1, L5:1}",""
2875320332926,PHASE_B,112158,2431,MERGE_SUBMIT,0,4,32,"","","","","","","","",0,0,0,"{L0:2, L2:1, L5:1}","{L0:2, L2:1, L5:1}",""
2875320333050,PHASE_B,112181,2434,MERGE_START,0,4,32,"[71,72]","","[0,0]","","[1,1]","","[64,64]","",103,0,0,"{L0:2, L2:1, L5:1}","{L0:2, L2:1, L5:1}",""
2875320333340,PHASE_B,112222,2444,MERGE_DONE,0,0,0,"","73","","1","","2","","128",103,308,307,"","",""
2875320333362,PHASE_B,112229,2445,MERGE_PUBLISH,0,3,32,"","73","","1","","2","","128",103,325,324,"{L0:2, L2:1, L5:1}","{L1:1, L2:1, L5:1}",""
2875320335385,PHASE_B,112473,2495,SEAL,0,4,32,"","74","","0","","1","","64",0,0,0,"{L1:1, L2:1, L5:1}","{L0:1, L1:1, L2:1, L5:1}",""
2875320337870,PHASE_B,112792,2558,SEAL,0,5,32,"","75","","0","","1","","64",0,0,0,"{L0:1, L1:1, L2:1, L5:1}","{L0:2, L1:1, L2:1, L5:1}",""
2875320337882,PHASE_B,112792,2558,MERGE_SUBMIT,0,5,32,"","","","","","","","",0,0,0,"{L0:2, L1:1, L2:1, L5:1}","{L0:2, L1:1, L2:1, L5:1}",""
2875320337991,PHASE_B,112813,2561,MERGE_START,0,5,32,"[74,75]","","[0,0]","","[1,1]","","[64,64]","",86,0,0,"{L0:2, L1:1, L2:1, L5:1}","{L0:2, L1:1, L2:1, L5:1}",""
2875320338288,PHASE_B,112860,2571,MERGE_DONE,0,0,0,"","76","","1","","2","","128",86,317,316,"","",""
2875320338332,PHASE_B,112860,2571,MERGE_PUBLISH,0,4,32,"","76","","1","","2","","128",86,355,344,"{L0:2, L1:1, L2:1, L5:1}","{L1:2, L2:1, L5:1}",""
2875320338350,PHASE_B,112860,2571,MERGE_SUBMIT,12,4,32,"","","","","","","","",0,0,0,"{L1:2, L2:1, L5:1}","{L1:2, L2:1, L5:1}",""
2875320338413,PHASE_B,112876,2574,MERGE_START,0,4,32,"[73,76]","","[1,1]","","[2,2]","","[128,128]","",62,0,0,"{L1:2, L2:1, L5:1}","{L1:2, L2:1, L5:1}",""
2875320338913,PHASE_B,112940,2586,MERGE_DONE,0,0,0,"","77","","2","","4","","256",62,505,504,"","",""
2875320338927,PHASE_B,112940,2586,MERGE_PUBLISH,0,3,32,"","77","","2","","4","","256",62,515,514,"{L1:2, L2:1, L5:1}","{L2:2, L5:1}",""
2875320338938,PHASE_B,112940,2586,MERGE_SUBMIT,27,3,32,"","","","","","","","",0,0,0,"{L2:2, L5:1}","{L2:2, L5:1}",""
2875320339054,PHASE_B,112947,2590,MERGE_START,0,3,32,"[70,77]","","[2,2]","","[4,4]","","[256,256]","",98,0,0,"{L2:2, L5:1}","{L2:2, L5:1}",""
2875320340111,PHASE_B,113071,2613,MERGE_DONE,0,0,0,"","78","","3","","8","","512",98,1074,1074,"","",""
2875320340145,PHASE_B,113074,2614,MERGE_PUBLISH,0,2,32,"","78","","3","","8","","512",98,1105,1104,"{L2:2, L5:1}","{L3:1, L5:1}",""
2875320340637,PHASE_B,113118,2623,SEAL,0,3,32,"","79","","0","","1","","64",0,0,0,"{L3:1, L5:1}","{L0:1, L3:1, L5:1}",""
2875320343065,PHASE_B,113433,2685,SEAL,0,4,32,"","80","","0","","1","","64",0,0,0,"{L0:1, L3:1, L5:1}","{L0:2, L3:1, L5:1}",""
2875320343077,PHASE_B,113433,2685,MERGE_SUBMIT,0,4,32,"","","","","","","","",0,0,0,"{L0:2, L3:1, L5:1}","{L0:2, L3:1, L5:1}",""
2875320343181,PHASE_B,113462,2690,MERGE_START,0,4,32,"[79,80]","","[0,0]","","[1,1]","","[64,64]","",83,0,0,"{L0:2, L3:1, L5:1}","{L0:2, L3:1, L5:1}",""
2875320343471,PHASE_B,113505,2699,MERGE_DONE,0,0,0,"","81","","1","","2","","128",83,308,307,"","",""
2875320343489,PHASE_B,113505,2699,MERGE_PUBLISH,0,3,32,"","81","","1","","2","","128",83,322,320,"{L0:2, L3:1, L5:1}","{L1:1, L3:1, L5:1}",""
2875320345595,PHASE_B,113758,2751,SEAL,0,4,32,"","82","","0","","1","","64",0,0,0,"{L1:1, L3:1, L5:1}","{L0:1, L1:1, L3:1, L5:1}",""
2875320348078,PHASE_B,114085,2815,SEAL,0,5,32,"","83","","0","","1","","64",0,0,0,"{L0:1, L1:1, L3:1, L5:1}","{L0:2, L1:1, L3:1, L5:1}",""
2875320348089,PHASE_B,114085,2815,MERGE_SUBMIT,0,5,32,"","","","","","","","",0,0,0,"{L0:2, L1:1, L3:1, L5:1}","{L0:2, L1:1, L3:1, L5:1}",""
2875320348197,PHASE_B,114085,2815,MERGE_START,0,5,32,"[82,83]","","[0,0]","","[1,1]","","[64,64]","",85,0,0,"{L0:2, L1:1, L3:1, L5:1}","{L0:2, L1:1, L3:1, L5:1}",""
2875320348476,PHASE_B,114134,2828,MERGE_DONE,0,0,0,"","84","","1","","2","","128",85,299,298,"","",""
2875320348497,PHASE_B,114137,2828,MERGE_PUBLISH,0,4,32,"","84","","1","","2","","128",85,314,313,"{L0:2, L1:1, L3:1, L5:1}","{L1:2, L3:1, L5:1}",""
2875320348516,PHASE_B,114141,2829,MERGE_SUBMIT,12,4,32,"","","","","","","","",0,0,0,"{L1:2, L3:1, L5:1}","{L1:2, L3:1, L5:1}",""
2875320348627,PHASE_B,114160,2830,MERGE_START,0,4,32,"[81,84]","","[1,1]","","[2,2]","","[128,128]","",94,0,0,"{L1:2, L3:1, L5:1}","{L1:2, L3:1, L5:1}",""
2875320349222,PHASE_B,114238,2847,MERGE_DONE,0,0,0,"","85","","2","","4","","256",94,615,614,"","",""
2875320349242,PHASE_B,114245,2848,MERGE_PUBLISH,0,3,32,"","85","","2","","4","","256",94,630,629,"{L1:2, L3:1, L5:1}","{L2:1, L3:1, L5:1}",""
2875320350663,PHASE_B,114395,2878,SEAL,0,4,32,"","86","","0","","1","","64",0,0,0,"{L2:1, L3:1, L5:1}","{L0:1, L2:1, L3:1, L5:1}",""
2875320353049,PHASE_B,114718,2943,SEAL,0,5,32,"","87","","0","","1","","64",0,0,0,"{L0:1, L2:1, L3:1, L5:1}","{L0:2, L2:1, L3:1, L5:1}",""
2875320353061,PHASE_B,114718,2943,MERGE_SUBMIT,0,5,32,"","","","","","","","",0,0,0,"{L0:2, L2:1, L3:1, L5:1}","{L0:2, L2:1, L3:1, L5:1}",""
2875320353165,PHASE_B,114741,2947,MERGE_START,0,5,32,"[86,87]","","[0,0]","","[1,1]","","[64,64]","",81,0,0,"{L0:2, L2:1, L3:1, L5:1}","{L0:2, L2:1, L3:1, L5:1}",""
2875320353469,PHASE_B,114790,2957,MERGE_DONE,0,0,0,"","88","","1","","2","","128",81,324,323,"","",""
2875320353491,PHASE_B,114792,2957,MERGE_PUBLISH,0,4,32,"","88","","1","","2","","128",81,339,338,"{L0:2, L2:1, L3:1, L5:1}","{L1:1, L2:1, L3:1, L5:1}",""
2875320355581,PHASE_B,115043,3007,SEAL,0,5,32,"","89","","0","","1","","64",0,0,0,"{L1:1, L2:1, L3:1, L5:1}","{L0:1, L1:1, L2:1, L3:1, L5:1}",""
2875320357999,PHASE_B,115360,3071,SEAL,0,6,32,"","90","","0","","1","","64",0,0,0,"{L0:1, L1:1, L2:1, L3:1, L5:1}","{L0:2, L1:1, L2:1, L3:1, L5:1}",""
2875320358018,PHASE_B,115360,3071,MERGE_SUBMIT,0,6,32,"","","","","","","","",0,0,0,"{L0:2, L1:1, L2:1, L3:1, L5:1}","{L0:2, L1:1, L2:1, L3:1, L5:1}",""
2875320358121,PHASE_B,115373,3074,MERGE_START,0,6,32,"[89,90]","","[0,0]","","[1,1]","","[64,64]","",80,0,0,"{L0:2, L1:1, L2:1, L3:1, L5:1}","{L0:2, L1:1, L2:1, L3:1, L5:1}",""
2875320358411,PHASE_B,115422,3082,MERGE_DONE,0,0,0,"","91","","1","","2","","128",80,309,308,"","",""
2875320358431,PHASE_B,115428,3085,MERGE_PUBLISH,0,5,32,"","91","","1","","2","","128",80,323,322,"{L0:2, L1:1, L2:1, L3:1, L5:1}","{L1:2, L2:1, L3:1, L5:1}",""
2875320358447,PHASE_B,115428,3085,MERGE_SUBMIT,13,5,32,"","","","","","","","",0,0,0,"{L1:2, L2:1, L3:1, L5:1}","{L1:2, L2:1, L3:1, L5:1}",""
2875320358521,PHASE_B,115437,3087,MERGE_START,0,5,32,"[88,91]","","[1,1]","","[2,2]","","[128,128]","",75,0,0,"{L1:2, L2:1, L3:1, L5:1}","{L1:2, L2:1, L3:1, L5:1}",""
2875320359032,PHASE_B,115502,3098,MERGE_DONE,0,0,0,"","92","","2","","4","","256",75,516,516,"","",""
2875320359045,PHASE_B,115502,3098,MERGE_PUBLISH,0,4,32,"","92","","2","","4","","256",75,525,525,"{L1:2, L2:1, L3:1, L5:1}","{L2:2, L3:1, L5:1}",""
2875320359057,PHASE_B,115502,3098,MERGE_SUBMIT,29,4,32,"","","","","","","","",0,0,0,"{L2:2, L3:1, L5:1}","{L2:2, L3:1, L5:1}",""
2875320359159,PHASE_B,115517,3104,MERGE_START,0,4,32,"[85,92]","","[2,2]","","[4,4]","","[256,256]","",82,0,0,"{L2:2, L3:1, L5:1}","{L2:2, L3:1, L5:1}",""
2875320360216,PHASE_B,115644,3128,MERGE_DONE,0,0,0,"","93","","3","","8","","512",82,1076,1075,"","",""
2875320360234,PHASE_B,115644,3128,MERGE_PUBLISH,0,3,32,"","93","","3","","8","","512",82,1090,1089,"{L2:2, L3:1, L5:1}","{L3:2, L5:1}",""
2875320360250,PHASE_B,115644,3128,MERGE_SUBMIT,57,3,32,"","","","","","","","",0,0,0,"{L3:2, L5:1}","{L3:2, L5:1}",""
2875320360354,PHASE_B,115662,3131,MERGE_START,0,3,32,"[78,93]","","[3,3]","","[8,8]","","[512,512]","",91,0,0,"{L3:2, L5:1}","{L3:2, L5:1}",""
2875320360589,PHASE_B,115677,3134,SEAL,0,4,32,"","94","","0","","1","","64",0,0,0,"{L3:2, L5:1}","{L0:1, L3:2, L5:1}",""
2875320362499,PHASE_B,115934,3187,MERGE_DONE,0,0,0,"","95","","4","","16","","1024",91,2162,2162,"","",""
2875320362543,PHASE_B,115955,3189,MERGE_PUBLISH,0,3,32,"","95","","4","","16","","1024",91,2200,2189,"{L0:1, L3:2, L5:1}","{L0:1, L4:1, L5:1}",""
2875320363067,PHASE_B,116000,3199,SEAL,0,4,32,"","96","","0","","1","","64",0,0,0,"{L0:1, L4:1, L5:1}","{L0:2, L4:1, L5:1}",""
2875320363079,PHASE_B,116000,3199,MERGE_SUBMIT,0,4,32,"","","","","","","","",0,0,0,"{L0:2, L4:1, L5:1}","{L0:2, L4:1, L5:1}",""
2875320363193,PHASE_B,116011,3201,MERGE_START,0,4,32,"[94,96]","","[0,0]","","[1,1]","","[64,64]","",92,0,0,"{L0:2, L4:1, L5:1}","{L0:2, L4:1, L5:1}",""
2875320363482,PHASE_B,116062,3212,MERGE_DONE,0,0,0,"","97","","1","","2","","128",92,307,307,"","",""
2875320363499,PHASE_B,116064,3212,MERGE_PUBLISH,0,3,32,"","97","","1","","2","","128",92,321,320,"{L0:2, L4:1, L5:1}","{L1:1, L4:1, L5:1}",""
2875320365666,PHASE_B,116319,3263,SEAL,0,4,32,"","98","","0","","1","","64",0,0,0,"{L1:1, L4:1, L5:1}","{L0:1, L1:1, L4:1, L5:1}",""
2875320368151,PHASE_B,116637,3325,SEAL,0,5,32,"","99","","0","","1","","64",0,0,0,"{L0:1, L1:1, L4:1, L5:1}","{L0:2, L1:1, L4:1, L5:1}",""
2875320368167,PHASE_B,116637,3325,MERGE_SUBMIT,0,5,32,"","","","","","","","",0,0,0,"{L0:2, L1:1, L4:1, L5:1}","{L0:2, L1:1, L4:1, L5:1}",""
2875320368272,PHASE_B,116656,3331,MERGE_START,0,5,32,"[98,99]","","[0,0]","","[1,1]","","[64,64]","",83,0,0,"{L0:2, L1:1, L4:1, L5:1}","{L0:2, L1:1, L4:1, L5:1}",""
2875320368615,PHASE_B,116714,3342,MERGE_DONE,0,0,0,"","100","","1","","2","","128",83,362,361,"","",""
2875320368633,PHASE_B,116714,3342,MERGE_PUBLISH,0,4,32,"","100","","1","","2","","128",83,376,374,"{L0:2, L1:1, L4:1, L5:1}","{L1:2, L4:1, L5:1}",""
2875320368652,PHASE_B,116714,3342,MERGE_SUBMIT,15,4,32,"","","","","","","","",0,0,0,"{L1:2, L4:1, L5:1}","{L1:2, L4:1, L5:1}",""
2875320368728,PHASE_B,116730,3345,MERGE_START,0,4,32,"[97,100]","","[1,1]","","[2,2]","","[128,128]","",76,0,0,"{L1:2, L4:1, L5:1}","{L1:2, L4:1, L5:1}",""
2875320369238,PHASE_B,116798,3358,MERGE_DONE,0,0,0,"","101","","2","","4","","256",76,515,515,"","",""
2875320369252,PHASE_B,116798,3358,MERGE_PUBLISH,0,3,32,"","101","","2","","4","","256",76,524,524,"{L1:2, L4:1, L5:1}","{L2:1, L4:1, L5:1}",""
2875320370696,PHASE_B,116962,3391,SEAL,0,4,32,"","102","","0","","1","","64",0,0,0,"{L2:1, L4:1, L5:1}","{L0:1, L2:1, L4:1, L5:1}",""
2875320373167,PHASE_B,117278,3454,SEAL,0,5,32,"","103","","0","","1","","64",0,0,0,"{L0:1, L2:1, L4:1, L5:1}","{L0:2, L2:1, L4:1, L5:1}",""
2875320373180,PHASE_B,117278,3454,MERGE_SUBMIT,0,5,32,"","","","","","","","",0,0,0,"{L0:2, L2:1, L4:1, L5:1}","{L0:2, L2:1, L4:1, L5:1}",""
2875320373287,PHASE_B,117297,3459,MERGE_START,0,5,32,"[102,103]","","[0,0]","","[1,1]","","[64,64]","",83,0,0,"{L0:2, L2:1, L4:1, L5:1}","{L0:2, L2:1, L4:1, L5:1}",""
2875320373618,PHASE_B,117344,3469,MERGE_DONE,0,0,0,"","104","","1","","2","","128",83,352,351,"","",""
2875320373637,PHASE_B,117346,3469,MERGE_PUBLISH,0,4,32,"","104","","1","","2","","128",83,366,365,"{L0:2, L2:1, L4:1, L5:1}","{L1:1, L2:1, L4:1, L5:1}",""
2875320375665,PHASE_B,117591,3517,SEAL,0,5,32,"","105","","0","","1","","64",0,0,0,"{L1:1, L2:1, L4:1, L5:1}","{L0:1, L1:1, L2:1, L4:1, L5:1}",""
2875320378099,PHASE_B,117913,3581,SEAL,0,6,32,"","106","","0","","1","","64",0,0,0,"{L0:1, L1:1, L2:1, L4:1, L5:1}","{L0:2, L1:1, L2:1, L4:1, L5:1}",""
2875320378115,PHASE_B,117913,3581,MERGE_SUBMIT,0,6,32,"","","","","","","","",0,0,0,"{L0:2, L1:1, L2:1, L4:1, L5:1}","{L0:2, L1:1, L2:1, L4:1, L5:1}",""
2875320378250,PHASE_B,117918,3584,MERGE_START,0,6,32,"[105,106]","","[0,0]","","[1,1]","","[64,64]","",91,0,0,"{L0:2, L1:1, L2:1, L4:1, L5:1}","{L0:2, L1:1, L2:1, L4:1, L5:1}",""
2875320378544,PHASE_B,117972,3593,MERGE_DONE,0,0,0,"","107","","1","","2","","128",91,335,324,"","",""
2875320378583,PHASE_B,117972,3593,MERGE_PUBLISH,0,5,32,"","107","","1","","2","","128",91,368,356,"{L0:2, L1:1, L2:1, L4:1, L5:1}","{L1:2, L2:1, L4:1, L5:1}",""
2875320378601,PHASE_B,117972,3593,MERGE_SUBMIT,10,5,32,"","","","","","","","",0,0,0,"{L1:2, L2:1, L4:1, L5:1}","{L1:2, L2:1, L4:1, L5:1}",""
2875320378664,PHASE_B,117976,3595,MERGE_START,0,5,32,"[104,107]","","[1,1]","","[2,2]","","[128,128]","",61,0,0,"{L1:2, L2:1, L4:1, L5:1}","{L1:2, L2:1, L4:1, L5:1}",""
2875320379168,PHASE_B,118050,3610,MERGE_DONE,0,0,0,"","108","","2","","4","","256",61,509,509,"","",""
2875320379182,PHASE_B,118053,3610,MERGE_PUBLISH,0,4,32,"","108","","2","","4","","256",61,519,519,"{L1:2, L2:1, L4:1, L5:1}","{L2:2, L4:1, L5:1}",""
2875320379191,PHASE_B,118054,3610,MERGE_SUBMIT,26,4,32,"","","","","","","","",0,0,0,"{L2:2, L4:1, L5:1}","{L2:2, L4:1, L5:1}",""
2875320379295,PHASE_B,118071,3613,MERGE_START,0,4,32,"[101,108]","","[2,2]","","[4,4]","","[256,256]","",85,0,0,"{L2:2, L4:1, L5:1}","{L2:2, L4:1, L5:1}",""
2875320380366,PHASE_B,118199,3638,MERGE_DONE,0,0,0,"","109","","3","","8","","512",85,1090,1089,"","",""
2875320380400,PHASE_B,118199,3638,MERGE_PUBLISH,0,3,32,"","109","","3","","8","","512",85,1119,1118,"{L2:2, L4:1, L5:1}","{L3:1, L4:1, L5:1}",""
2875320380830,PHASE_B,118245,3647,SEAL,0,4,32,"","110","","0","","1","","64",0,0,0,"{L3:1, L4:1, L5:1}","{L0:1, L3:1, L4:1, L5:1}",""
2875320383219,PHASE_B,118558,3710,SEAL,0,5,32,"","111","","0","","1","","64",0,0,0,"{L0:1, L3:1, L4:1, L5:1}","{L0:2, L3:1, L4:1, L5:1}",""
2875320383231,PHASE_B,118558,3710,MERGE_SUBMIT,0,5,32,"","","","","","","","",0,0,0,"{L0:2, L3:1, L4:1, L5:1}","{L0:2, L3:1, L4:1, L5:1}",""
2875320383339,PHASE_B,118586,3715,MERGE_START,0,5,32,"[110,111]","","[0,0]","","[1,1]","","[64,64]","",85,0,0,"{L0:2, L3:1, L4:1, L5:1}","{L0:2, L3:1, L4:1, L5:1}",""
2875320383623,PHASE_B,118627,3723,MERGE_DONE,0,0,0,"","112","","1","","2","","128",85,304,303,"","",""
2875320383643,PHASE_B,118627,3723,MERGE_PUBLISH,0,4,32,"","112","","1","","2","","128",85,319,317,"{L0:2, L3:1, L4:1, L5:1}","{L1:1, L3:1, L4:1, L5:1}",""
2875320385673,PHASE_B,118871,3775,SEAL,0,5,32,"","113","","0","","1","","64",0,0,0,"{L1:1, L3:1, L4:1, L5:1}","{L0:1, L1:1, L3:1, L4:1, L5:1}",""
2875320388082,PHASE_B,119190,3836,SEAL,0,6,32,"","114","","0","","1","","64",0,0,0,"{L0:1, L1:1, L3:1, L4:1, L5:1}","{L0:2, L1:1, L3:1, L4:1, L5:1}",""
2875320388101,PHASE_B,119190,3836,MERGE_SUBMIT,0,6,32,"","","","","","","","",0,0,0,"{L0:2, L1:1, L3:1, L4:1, L5:1}","{L0:2, L1:1, L3:1, L4:1, L5:1}",""
2875320388207,PHASE_B,119221,3843,MERGE_START,0,6,32,"[113,114]","","[0,0]","","[1,1]","","[64,64]","",84,0,0,"{L0:2, L1:1, L3:1, L4:1, L5:1}","{L0:2, L1:1, L3:1, L4:1, L5:1}",""
2875320388519,PHASE_B,119261,3852,MERGE_DONE,0,0,0,"","115","","1","","2","","128",84,332,331,"","",""
2875320388562,PHASE_B,119278,3854,MERGE_PUBLISH,0,5,32,"","115","","1","","2","","128",84,368,356,"{L0:2, L1:1, L3:1, L4:1, L5:1}","{L1:2, L3:1, L4:1, L5:1}",""
2875320388579,PHASE_B,119279,3854,MERGE_SUBMIT,14,5,32,"","","","","","","","",0,0,0,"{L1:2, L3:1, L4:1, L5:1}","{L1:2, L3:1, L4:1, L5:1}",""
2875320388649,PHASE_B,119279,3854,MERGE_START,0,5,32,"[112,115]","","[1,1]","","[2,2]","","[128,128]","",72,0,0,"{L1:2, L3:1, L4:1, L5:1}","{L1:2, L3:1, L4:1, L5:1}",""
2875320389176,PHASE_B,119351,3869,MERGE_DONE,0,0,0,"","116","","2","","4","","256",72,532,532,"","",""
2875320389190,PHASE_B,119351,3869,MERGE_PUBLISH,0,4,32,"","116","","2","","4","","256",72,541,541,"{L1:2, L3:1, L4:1, L5:1}","{L2:1, L3:1, L4:1, L5:1}",""
2875320390687,PHASE_B,119513,3902,SEAL,0,5,32,"","117","","0","","1","","64",0,0,0,"{L2:1, L3:1, L4:1, L5:1}","{L0:1, L2:1, L3:1, L4:1, L5:1}",""
2875320393142,PHASE_B,119837,3966,SEAL,0,6,32,"","118","","0","","1","","64",0,0,0,"{L0:1, L2:1, L3:1, L4:1, L5:1}","{L0:2, L2:1, L3:1, L4:1, L5:1}",""
2875320393158,PHASE_B,119837,3966,MERGE_SUBMIT,0,6,32,"","","","","","","","",0,0,0,"{L0:2, L2:1, L3:1, L4:1, L5:1}","{L0:2, L2:1, L3:1, L4:1, L5:1}",""
2875320393263,PHASE_B,119856,3970,MERGE_START,0,6,32,"[117,118]","","[0,0]","","[1,1]","","[64,64]","",83,0,0,"{L0:2, L2:1, L3:1, L4:1, L5:1}","{L0:2, L2:1, L3:1, L4:1, L5:1}",""
2875320393563,PHASE_B,119904,3980,MERGE_DONE,0,0,0,"","119","","1","","2","","128",83,320,319,"","",""
2875320393584,PHASE_B,119913,3981,MERGE_PUBLISH,0,5,32,"","119","","1","","2","","128",83,334,333,"{L0:2, L2:1, L3:1, L4:1, L5:1}","{L1:1, L2:1, L3:1, L4:1, L5:1}",""
2875320395648,PHASE_B,120161,4030,SEAL,0,6,32,"","120","","0","","1","","64",0,0,0,"{L1:1, L2:1, L3:1, L4:1, L5:1}","{L0:1, L1:1, L2:1, L3:1, L4:1, L5:1}",""
2875320398142,PHASE_B,120480,4095,SEAL,0,7,32,"","121","","0","","1","","64",0,0,0,"{L0:1, L1:1, L2:1, L3:1, L4:1, L5:1}","{L0:2, L1:1, L2:1, L3:1, L4:1, L5:1}",""
2875320398154,PHASE_B,120480,4095,MERGE_SUBMIT,0,7,32,"","","","","","","","",0,0,0,"{L0:2, L1:1, L2:1, L3:1, L4:1, L5:1}","{L0:2, L1:1, L2:1, L3:1, L4:1, L5:1}",""
2875320398266,PHASE_B,120500,4099,MERGE_START,0,7,32,"[120,121]","","[0,0]","","[1,1]","","[64,64]","",87,0,0,"{L0:2, L1:1, L2:1, L3:1, L4:1, L5:1}","{L0:2, L1:1, L2:1, L3:1, L4:1, L5:1}",""
2875320398553,PHASE_B,120549,4108,MERGE_DONE,0,0,0,"","122","","1","","2","","128",87,309,308,"","",""
2875320398575,PHASE_B,120551,4108,MERGE_PUBLISH,0,6,32,"","122","","1","","2","","128",87,324,322,"{L0:2, L1:1, L2:1, L3:1, L4:1, L5:1}","{L1:2, L2:1, L3:1, L4:1, L5:1}",""
2875320398596,PHASE_B,120551,4108,MERGE_SUBMIT,12,6,32,"","","","","","","","",0,0,0,"{L1:2, L2:1, L3:1, L4:1, L5:1}","{L1:2, L2:1, L3:1, L4:1, L5:1}",""
2875320398673,PHASE_B,120551,4108,MERGE_START,0,6,32,"[119,122]","","[1,1]","","[2,2]","","[128,128]","",77,0,0,"{L1:2, L2:1, L3:1, L4:1, L5:1}","{L1:2, L2:1, L3:1, L4:1, L5:1}",""
2875320399187,PHASE_B,120623,4122,MERGE_DONE,0,0,0,"","123","","2","","4","","256",77,519,519,"","",""
2875320399204,PHASE_B,120623,4122,MERGE_PUBLISH,0,5,32,"","123","","2","","4","","256",77,531,531,"{L1:2, L2:1, L3:1, L4:1, L5:1}","{L2:2, L3:1, L4:1, L5:1}",""
2875320399216,PHASE_B,120623,4122,MERGE_SUBMIT,27,5,32,"","","","","","","","",0,0,0,"{L2:2, L3:1, L4:1, L5:1}","{L2:2, L3:1, L4:1, L5:1}",""
2875320399323,PHASE_B,120629,4125,MERGE_START,0,5,32,"[116,123]","","[2,2]","","[4,4]","","[256,256]","",87,0,0,"{L2:2, L3:1, L4:1, L5:1}","{L2:2, L3:1, L4:1, L5:1}",""
2875320400388,PHASE_B,120760,4151,MERGE_DONE,0,0,0,"","124","","3","","8","","512",87,1085,1084,"","",""
2875320400408,PHASE_B,120764,4151,MERGE_PUBLISH,0,4,32,"","124","","3","","8","","512",87,1099,1098,"{L2:2, L3:1, L4:1, L5:1}","{L3:2, L4:1, L5:1}",""
2875320400425,PHASE_B,120764,4151,MERGE_SUBMIT,55,4,32,"","","","","","","","",0,0,0,"{L3:2, L4:1, L5:1}","{L3:2, L4:1, L5:1}",""
2875320400528,PHASE_B,120771,4152,MERGE_START,0,4,32,"[109,124]","","[3,3]","","[8,8]","","[512,512]","",89,0,0,"{L3:2, L4:1, L5:1}","{L3:2, L4:1, L5:1}",""
2875320400860,PHASE_B,120800,4159,SEAL,0,5,32,"","125","","0","","1","","64",0,0,0,"{L3:2, L4:1, L5:1}","{L0:1, L3:2, L4:1, L5:1}",""
2875320403169,PHASE_B,121096,4218,MERGE_DONE,0,0,0,"","126","","4","","16","","1024",89,2659,2659,"","",""
2875320403230,PHASE_B,121105,4220,MERGE_PUBLISH,0,4,32,"","126","","4","","16","","1024",89,2713,2689,"{L0:1, L3:2, L4:1, L5:1}","{L0:1, L4:2, L5:1}",""
2875320403249,PHASE_B,121105,4220,MERGE_SUBMIT,60,4,32,"","","","","","","","",0,0,0,"{L0:1, L4:2, L5:1}","{L0:1, L4:2, L5:1}",""
2875320403352,PHASE_B,121119,4223,MERGE_START,0,4,32,"[95,126]","","[4,4]","","[16,16]","","[1024,1024]","",86,0,0,"{L0:1, L4:2, L5:1}","{L0:1, L4:2, L5:1}",""
2875320403450,PHASE_B,121123,4223,SEAL,0,5,32,"","127","","0","","1","","64",0,0,0,"{L0:1, L4:2, L5:1}","{L0:2, L4:2, L5:1}",""
2875320405971,PHASE_B,121441,4286,SEAL,0,6,32,"","129","","0","","1","","64",0,0,0,"{L0:2, L4:2, L5:1}","{L0:3, L4:2, L5:1}",""
2875320408403,PHASE_B,121756,4350,SEAL,0,7,32,"","130","","0","","1","","64",0,0,0,"{L0:3, L4:2, L5:1}","{L0:4, L4:2, L5:1}",""
2875320408653,PHASE_B,121804,4360,MERGE_DONE,0,0,0,"","128","","5","","32","","2048",86,5320,5319,"","",""
2875320408673,PHASE_B,121805,4360,MERGE_PUBLISH,0,6,32,"","128","","5","","32","","2048",86,5335,5334,"{L0:4, L4:2, L5:1}","{L0:4, L5:2}",""
2875320408692,PHASE_B,121805,4360,MERGE_SUBMIT,8,6,32,"","","","","","","","",0,0,0,"{L0:4, L5:2}","{L0:4, L5:2}",""
2875320408804,PHASE_B,121815,4362,MERGE_START,0,6,32,"[125,127]","","[0,0]","","[1,1]","","[64,64]","",96,0,0,"{L0:4, L5:2}","{L0:4, L5:2}",""
2875320409523,PHASE_B,121920,4384,MERGE_DONE,0,0,0,"","131","","1","","2","","128",96,736,712,"","",""
2875320409540,PHASE_B,121923,4384,MERGE_PUBLISH,0,5,32,"","131","","1","","2","","128",96,751,726,"{L0:4, L5:2}","{L0:2, L1:1, L5:2}",""
2875320409557,PHASE_B,121923,4384,MERGE_SUBMIT,32,5,32,"","","","","","","","",0,0,0,"{L0:2, L1:1, L5:2}","{L0:2, L1:1, L5:2}",""
2875320409627,PHASE_B,121928,4386,MERGE_START,0,5,32,"[129,130]","","[0,0]","","[1,1]","","[64,64]","",66,0,0,"{L0:2, L1:1, L5:2}","{L0:2, L1:1, L5:2}",""
2875320409867,PHASE_B,121963,4391,MERGE_DONE,0,0,0,"","132","","1","","2","","128",66,247,247,"","",""
2875320409879,PHASE_B,121963,4391,MERGE_PUBLISH,0,4,32,"","132","","1","","2","","128",66,256,255,"{L0:2, L1:1, L5:2}","{L1:2, L5:2}",""
2875320409891,PHASE_B,121963,4391,MERGE_SUBMIT,39,4,32,"","","","","","","","",0,0,0,"{L1:2, L5:2}","{L1:2, L5:2}",""
2875320409961,PHASE_B,121963,4391,MERGE_START,0,4,32,"[131,132]","","[1,1]","","[2,2]","","[128,128]","",69,0,0,"{L1:2, L5:2}","{L1:2, L5:2}",""
2875320410465,PHASE_B,122013,4402,MERGE_DONE,0,0,0,"","133","","2","","4","","256",69,507,507,"","",""
2875320410512,PHASE_B,122019,4405,MERGE_PUBLISH,0,3,32,"","133","","2","","4","","256",69,551,536,"{L1:2, L5:2}","{L2:1, L5:2}",""
2875320410521,PHASE_B,122019,4405,MERGE_SUBMIT,53,3,32,"","","","","","","","",0,0,0,"{L2:1, L5:2}","{L2:1, L5:2}",""
2875320410559,PHASE_B,122028,4406,MERGE_START,0,3,32,"[65,128]","","[5,5]","","[32,32]","","[2048,2048]","",22,0,0,"{L2:1, L5:2}","{L2:1, L5:2}",""
2875320411070,PHASE_B,122079,4414,SEAL,0,4,32,"","134","","0","","1","","64",0,0,0,"{L2:1, L5:2}","{L0:1, L2:1, L5:2}",""
2875320413536,PHASE_B,122388,4478,SEAL,0,5,32,"","136","","0","","1","","64",0,0,0,"{L0:1, L2:1, L5:2}","{L0:2, L2:1, L5:2}",""
2875320416046,PHASE_B,122726,4543,SEAL,0,6,32,"","137","","0","","1","","64",0,0,0,"{L0:2, L2:1, L5:2}","{L0:3, L2:1, L5:2}",""
2875320418480,PHASE_B,123037,4605,SEAL,0,7,32,"","138","","0","","1","","64",0,0,0,"{L0:3, L2:1, L5:2}","{L0:4, L2:1, L5:2}",""
2875320420866,PHASE_B,123361,4671,SEAL,0,8,32,"","139","","0","","1","","64",0,0,0,"{L0:4, L2:1, L5:2}","{L0:5, L2:1, L5:2}",""
2875320421693,PHASE_B,123478,4695,MERGE_DONE,0,0,0,"","135","","6","","64","","4096",22,11149,11149,"","",""
2875320421724,PHASE_B,123489,4697,MERGE_PUBLISH,0,7,32,"","135","","6","","64","","4096",22,11173,11172,"{L0:5, L2:1, L5:2}","{L0:5, L2:1, L6:1}",""
2875320421745,PHASE_B,123490,4697,MERGE_SUBMIT,25,7,32,"","","","","","","","",0,0,0,"{L0:5, L2:1, L6:1}","{L0:5, L2:1, L6:1}",""
2875320421859,PHASE_B,123501,4701,MERGE_START,0,7,32,"[134,136]","","[0,0]","","[1,1]","","[64,64]","",96,0,0,"{L0:5, L2:1, L6:1}","{L0:5, L2:1, L6:1}",""
2875320422140,PHASE_B,123543,4706,MERGE_DONE,0,0,0,"","140","","1","","2","","128",96,302,301,"","",""
2875320422160,PHASE_B,123543,4706,MERGE_PUBLISH,0,6,32,"","140","","1","","2","","128",96,316,315,"{L0:5, L2:1, L6:1}","{L0:3, L1:1, L2:1, L6:1}",""
2875320422180,PHASE_B,123543,4706,MERGE_SUBMIT,35,6,32,"","","","","","","","",0,0,0,"{L0:3, L1:1, L2:1, L6:1}","{L0:3, L1:1, L2:1, L6:1}",""
2875320422253,PHASE_B,123548,4709,MERGE_START,0,6,32,"[137,138]","","[0,0]","","[1,1]","","[64,64]","",73,0,0,"{L0:3, L1:1, L2:1, L6:1}","{L0:3, L1:1, L2:1, L6:1}",""
2875320422548,PHASE_B,123581,4716,MERGE_DONE,0,0,0,"","141","","1","","2","","128",73,300,300,"","",""
2875320422570,PHASE_B,123582,4716,MERGE_PUBLISH,0,5,32,"","141","","1","","2","","128",73,315,315,"{L0:3, L1:1, L2:1, L6:1}","{L0:1, L1:2, L2:1, L6:1}",""
2875320422582,PHASE_B,123582,4716,MERGE_SUBMIT,44,5,32,"","","","","","","","",0,0,0,"{L0:1, L1:2, L2:1, L6:1}","{L0:1, L1:2, L2:1, L6:1}",""
2875320422646,PHASE_B,123595,4718,MERGE_START,0,5,32,"[140,141]","","[1,1]","","[2,2]","","[128,128]","",61,0,0,"{L0:1, L1:2, L2:1, L6:1}","{L0:1, L1:2, L2:1, L6:1}",""
2875320423500,PHASE_B,123671,4733,SEAL,0,6,32,"","143","","0","","1","","64",0,0,0,"{L0:1, L1:2, L2:1, L6:1}","{L0:2, L1:2, L2:1, L6:1}",""
2875320424031,PHASE_B,123758,4750,MERGE_DONE,0,0,0,"","142","","2","","4","","256",61,1388,1273,"","",""
2875320424047,PHASE_B,123761,4750,MERGE_PUBLISH,0,5,32,"","142","","2","","4","","256",61,1400,1285,"{L0:2, L1:2, L2:1, L6:1}","{L0:2, L2:2, L6:1}",""
2875320424058,PHASE_B,123761,4750,MERGE_SUBMIT,14,5,32,"","","","","","","","",0,0,0,"{L0:2, L2:2, L6:1}","{L0:2, L2:2, L6:1}",""
2875320424167,PHASE_B,123773,4752,MERGE_START,0,5,32,"[139,143]","","[0,0]","","[1,1]","","[64,64]","",86,0,0,"{L0:2, L2:2, L6:1}","{L0:2, L2:2, L6:1}",""
2875320424442,PHASE_B,123807,4761,MERGE_DONE,0,0,0,"","144","","1","","2","","128",86,299,298,"","",""
2875320424475,PHASE_B,123819,4762,MERGE_PUBLISH,0,4,32,"","144","","1","","2","","128",86,328,327,"{L0:2, L2:2, L6:1}","{L1:1, L2:2, L6:1}",""
2875320424490,PHASE_B,123820,4762,MERGE_SUBMIT,26,4,32,"","","","","","","","",0,0,0,"{L1:1, L2:2, L6:1}","{L1:1, L2:2, L6:1}",""
2875320424559,PHASE_B,123826,4763,MERGE_START,0,4,32,"[133,142]","","[2,2]","","[4,4]","","[256,256]","",70,0,0,"{L1:1, L2:2, L6:1}","{L1:1, L2:2, L6:1}",""
2875320425592,PHASE_B,123941,4788,MERGE_DONE,0,0,0,"","145","","3","","8","","512",70,1037,1037,"","",""
2875320425607,PHASE_B,123941,4788,MERGE_PUBLISH,0,3,32,"","145","","3","","8","","512",70,1047,1047,"{L1:1, L2:2, L6:1}","{L1:1, L3:1, L6:1}",""
2875320426186,PHASE_B,123999,4799,SEAL,0,4,32,"","146","","0","","1","","64",0,0,0,"{L1:1, L3:1, L6:1}","{L0:1, L1:1, L3:1, L6:1}",""
2875320428612,PHASE_B,124310,4859,SEAL,0,5,32,"","147","","0","","1","","64",0,0,0,"{L0:1, L1:1, L3:1, L6:1}","{L0:2, L1:1, L3:1, L6:1}",""
2875320428624,PHASE_B,124310,4859,MERGE_SUBMIT,0,5,32,"","","","","","","","",0,0,0,"{L0:2, L1:1, L3:1, L6:1}","{L0:2, L1:1, L3:1, L6:1}",""
2875320428728,PHASE_B,124332,4865,MERGE_START,0,5,32,"[146,147]","","[0,0]","","[1,1]","","[64,64]","",81,0,0,"{L0:2, L1:1, L3:1, L6:1}","{L0:2, L1:1, L3:1, L6:1}",""
2875320428996,PHASE_B,124374,4873,MERGE_DONE,0,0,0,"","148","","1","","2","","128",81,288,287,"","",""
2875320429036,PHASE_B,124381,4876,MERGE_PUBLISH,0,4,32,"","148","","1","","2","","128",81,322,321,"{L0:2, L1:1, L3:1, L6:1}","{L1:2, L3:1, L6:1}",""
2875320429053,PHASE_B,124384,4877,MERGE_SUBMIT,12,4,32,"","","","","","","","",0,0,0,"{L1:2, L3:1, L6:1}","{L1:2, L3:1, L6:1}",""
2875320429129,PHASE_B,124387,4877,MERGE_START,0,4,32,"[144,148]","","[1,1]","","[2,2]","","[128,128]","",77,0,0,"{L1:2, L3:1, L6:1}","{L1:2, L3:1, L6:1}",""
2875320429619,PHASE_B,124456,4890,MERGE_DONE,0,0,0,"","149","","2","","4","","256",77,494,494,"","",""
2875320429632,PHASE_B,124461,4893,MERGE_PUBLISH,0,3,32,"","149","","2","","4","","256",77,503,504,"{L1:2, L3:1, L6:1}","{L2:1, L3:1, L6:1}",""
2875320431185,PHASE_B,124628,4925,SEAL,0,4,32,"","150","","0","","1","","64",0,0,0,"{L2:1, L3:1, L6:1}","{L0:1, L2:1, L3:1, L6:1}",""
2875320433627,PHASE_B,124950,4990,SEAL,0,5,32,"","151","","0","","1","","64",0,0,0,"{L0:1, L2:1, L3:1, L6:1}","{L0:2, L2:1, L3:1, L6:1}",""
2875320433643,PHASE_B,124950,4990,MERGE_SUBMIT,0,5,32,"","","","","","","","",0,0,0,"{L0:2, L2:1, L3:1, L6:1}","{L0:2, L2:1, L3:1, L6:1}",""
2875320433758,PHASE_B,124983,4994,MERGE_START,0,5,32,"[150,151]","","[0,0]","","[1,1]","","[64,64]","",92,0,0,"{L0:2, L2:1, L3:1, L6:1}","{L0:2, L2:1, L3:1, L6:1}",""
2875320434064,PHASE_B,125023,5004,MERGE_DONE,0,0,0,"","152","","1","","2","","128",92,325,324,"","",""
2875320434083,PHASE_B,125028,5004,MERGE_PUBLISH,0,4,32,"","152","","1","","2","","128",92,339,338,"{L0:2, L2:1, L3:1, L6:1}","{L1:1, L2:1, L3:1, L6:1}",""
2875320436169,PHASE_B,125279,5055,SEAL,0,5,32,"","153","","0","","1","","64",0,0,0,"{L1:1, L2:1, L3:1, L6:1}","{L0:1, L1:1, L2:1, L3:1, L6:1}",""
2875320438696,PHASE_B,125604,5119,SEAL,0,6,32,"","154","","0","","1","","64",0,0,0,"{L0:1, L1:1, L2:1, L3:1, L6:1}","{L0:2, L1:1, L2:1, L3:1, L6:1}",""
2875320438709,PHASE_B,125604,5119,MERGE_SUBMIT,0,6,32,"","","","","","","","",0,0,0,"{L0:2, L1:1, L2:1, L3:1, L6:1}","{L0:2, L1:1, L2:1, L3:1, L6:1}",""
2875320438830,PHASE_B,125621,5123,MERGE_START,0,6,32,"[153,154]","","[0,0]","","[1,1]","","[64,64]","",99,0,0,"{L0:2, L1:1, L2:1, L3:1, L6:1}","{L0:2, L1:1, L2:1, L3:1, L6:1}",""
2875320439156,PHASE_B,125658,5132,MERGE_DONE,0,0,0,"","155","","1","","2","","128",99,345,344,"","",""
2875320439196,PHASE_B,125663,5133,MERGE_PUBLISH,0,5,32,"","155","","1","","2","","128",99,380,369,"{L0:2, L1:1, L2:1, L3:1, L6:1}","{L1:2, L2:1, L3:1, L6:1}",""
2875320439216,PHASE_B,125663,5133,MERGE_SUBMIT,13,5,32,"","","","","","","","",0,0,0,"{L1:2, L2:1, L3:1, L6:1}","{L1:2, L2:1, L3:1, L6:1}",""
2875320439257,PHASE_B,125663,5133,MERGE_START,0,5,32,"[152,155]","","[1,1]","","[2,2]","","[128,128]","",25,0,0,"{L1:2, L2:1, L3:1, L6:1}","{L1:2, L2:1, L3:1, L6:1}",""
2875320439875,PHASE_B,125755,5149,MERGE_DONE,0,0,0,"","156","","2","","4","","256",25,636,636,"","",""
2875320439917,PHASE_B,125760,5151,MERGE_PUBLISH,0,4,32,"","156","","2","","4","","256",25,671,659,"{L1:2, L2:1, L3:1, L6:1}","{L2:2, L3:1, L6:1}",""
2875320439935,PHASE_B,125760,5151,MERGE_SUBMIT,31,4,32,"","","","","","","","",0,0,0,"{L2:2, L3:1, L6:1}","{L2:2, L3:1, L6:1}",""
2875320440063,PHASE_B,125768,5154,MERGE_START,0,4,32,"[149,156]","","[2,2]","","[4,4]","","[256,256]","",111,0,0,"{L2:2, L3:1, L6:1}","{L2:2, L3:1, L6:1}",""
2875320441148,PHASE_B,125893,5178,MERGE_DONE,0,0,0,"","157","","3","","8","","512",111,1104,1103,"","",""
2875320441182,PHASE_B,125897,5178,MERGE_PUBLISH,0,3,32,"","157","","3","","8","","512",111,1133,1132,"{L2:2, L3:1, L6:1}","{L3:2, L6:1}",""
2875320441200,PHASE_B,125897,5178,MERGE_SUBMIT,58,3,32,"","","","","","","","",0,0,0,"{L3:2, L6:1}","{L3:2, L6:1}",""
2875320441239,PHASE_B,125900,5179,MERGE_START,0,3,32,"[145,157]","","[3,3]","","[8,8]","","[512,512]","",23,0,0,"{L3:2, L6:1}","{L3:2, L6:1}",""
2875320441515,PHASE_B,125922,5183,SEAL,0,4,32,"","158","","0","","1","","64",0,0,0,"{L3:2, L6:1}","{L0:1, L3:2, L6:1}",""
2875320443406,PHASE_B,126171,5231,MERGE_DONE,0,0,0,"","159","","4","","16","","1024",23,2183,2182,"","",""
2875320443426,PHASE_B,126171,5231,MERGE_PUBLISH,0,3,32,"","159","","4","","16","","1024",23,2198,2197,"{L0:1, L3:2, L6:1}","{L0:1, L4:1, L6:1}",""
2875320444095,PHASE_B,126235,5246,SEAL,0,4,32,"","160","","0","","1","","64",0,0,0,"{L0:1, L4:1, L6:1}","{L0:2, L4:1, L6:1}",""
2875320444106,PHASE_B,126235,5246,MERGE_SUBMIT,0,4,32,"","","","","","","","",0,0,0,"{L0:2, L4:1, L6:1}","{L0:2, L4:1, L6:1}",""
2875320444217,PHASE_B,126254,5249,MERGE_START,0,4,32,"[158,160]","","[0,0]","","[1,1]","","[64,64]","",89,0,0,"{L0:2, L4:1, L6:1}","{L0:2, L4:1, L6:1}",""
2875320444544,PHASE_B,126296,5257,MERGE_DONE,0,0,0,"","161","","1","","2","","128",89,345,344,"","",""
2875320444562,PHASE_B,126296,5257,MERGE_PUBLISH,0,3,32,"","161","","1","","2","","128",89,359,358,"{L0:2, L4:1, L6:1}","{L1:1, L4:1, L6:1}",""
2875320446714,PHASE_B,126558,5311,SEAL,0,4,32,"","162","","0","","1","","64",0,0,0,"{L1:1, L4:1, L6:1}","{L0:1, L1:1, L4:1, L6:1}",""
2875320449407,PHASE_B,126877,5375,SEAL,0,5,32,"","163","","0","","1","","64",0,0,0,"{L0:1, L1:1, L4:1, L6:1}","{L0:2, L1:1, L4:1, L6:1}",""
2875320449419,PHASE_B,126877,5375,MERGE_SUBMIT,0,5,32,"","","","","","","","",0,0,0,"{L0:2, L1:1, L4:1, L6:1}","{L0:2, L1:1, L4:1, L6:1}",""
2875320449460,PHASE_B,126887,5377,MERGE_START,0,5,32,"[162,163]","","[0,0]","","[1,1]","","[64,64]","",18,0,0,"{L0:2, L1:1, L4:1, L6:1}","{L0:2, L1:1, L4:1, L6:1}",""
2875320449772,PHASE_B,126936,5386,MERGE_DONE,0,0,0,"","164","","1","","2","","128",18,332,331,"","",""
2875320449790,PHASE_B,126936,5386,MERGE_PUBLISH,0,4,32,"","164","","1","","2","","128",18,345,344,"{L0:2, L1:1, L4:1, L6:1}","{L1:2, L4:1, L6:1}",""
2875320449824,PHASE_B,126936,5386,MERGE_SUBMIT,11,4,32,"","","","","","","","",0,0,0,"{L1:2, L4:1, L6:1}","{L1:2, L4:1, L6:1}",""
2875320449897,PHASE_B,126950,5389,MERGE_START,0,4,32,"[161,164]","","[1,1]","","[2,2]","","[128,128]","",72,0,0,"{L1:2, L4:1, L6:1}","{L1:2, L4:1, L6:1}",""
2875320450406,PHASE_B,127018,5402,MERGE_DONE,0,0,0,"","165","","2","","4","","256",72,514,514,"","",""
2875320450442,PHASE_B,127018,5402,MERGE_PUBLISH,0,3,32,"","165","","2","","4","","256",72,545,536,"{L1:2, L4:1, L6:1}","{L2:1, L4:1, L6:1}",""
2875320452048,PHASE_B,127205,5438,SEAL,0,4,32,"","166","","0","","1","","64",0,0,0,"{L2:1, L4:1, L6:1}","{L0:1, L2:1, L4:1, L6:1}",""
2875320454787,PHASE_B,127514,5503,SEAL,0,5,32,"","167","","0","","1","","64",0,0,0,"{L0:1, L2:1, L4:1, L6:1}","{L0:2, L2:1, L4:1, L6:1}",""
2875320454801,PHASE_B,127514,5503,MERGE_SUBMIT,0,5,32,"","","","","","","","",0,0,0,"{L0:2, L2:1, L4:1, L6:1}","{L0:2, L2:1, L4:1, L6:1}",""
2875320454842,PHASE_B,127525,5505,MERGE_START,0,5,32,"[166,167]","","[0,0]","","[1,1]","","[64,64]","",20,0,0,"{L0:2, L2:1, L4:1, L6:1}","{L0:2, L2:1, L4:1, L6:1}",""
2875320455128,PHASE_B,127563,5512,MERGE_DONE,0,0,0,"","168","","1","","2","","128",20,304,304,"","",""
2875320455167,PHASE_B,127572,5514,MERGE_PUBLISH,0,4,32,"","168","","1","","2","","128",20,337,326,"{L0:2, L2:1, L4:1, L6:1}","{L1:1, L2:1, L4:1, L6:1}",""
2875320457306,PHASE_B,127841,5567,SEAL,0,5,32,"","169","","0","","1","","64",0,0,0,"{L1:1, L2:1, L4:1, L6:1}","{L0:1, L1:1, L2:1, L4:1, L6:1}",""
2875320459812,PHASE_B,128149,5628,SEAL,0,6,32,"","170","","0","","1","","64",0,0,0,"{L0:1, L1:1, L2:1, L4:1, L6:1}","{L0:2, L1:1, L2:1, L4:1, L6:1}",""
2875320459824,PHASE_B,128149,5628,MERGE_SUBMIT,0,6,32,"","","","","","","","",0,0,0,"{L0:2, L1:1, L2:1, L4:1, L6:1}","{L0:2, L1:1, L2:1, L4:1, L6:1}",""
2875320459930,PHASE_B,128171,5634,MERGE_START,0,6,32,"[169,170]","","[0,0]","","[1,1]","","[64,64]","",83,0,0,"{L0:2, L1:1, L2:1, L4:1, L6:1}","{L0:2, L1:1, L2:1, L4:1, L6:1}",""
2875320460255,PHASE_B,128227,5644,MERGE_DONE,0,0,0,"","171","","1","","2","","128",83,344,344,"","",""
2875320460277,PHASE_B,128227,5644,MERGE_PUBLISH,0,5,32,"","171","","1","","2","","128",83,362,360,"{L0:2, L1:1, L2:1, L4:1, L6:1}","{L1:2, L2:1, L4:1, L6:1}",""
2875320460294,PHASE_B,128231,5646,MERGE_SUBMIT,13,5,32,"","","","","","","","",0,0,0,"{L1:2, L2:1, L4:1, L6:1}","{L1:2, L2:1, L4:1, L6:1}",""
2875320460403,PHASE_B,128240,5648,MERGE_START,0,5,32,"[168,171]","","[1,1]","","[2,2]","","[128,128]","",94,0,0,"{L1:2, L2:1, L4:1, L6:1}","{L1:2, L2:1, L4:1, L6:1}",""
2875320460937,PHASE_B,128316,5663,MERGE_DONE,0,0,0,"","172","","2","","4","","256",94,553,553,"","",""
2875320460956,PHASE_B,128318,5663,MERGE_PUBLISH,0,4,32,"","172","","2","","4","","256",94,568,566,"{L1:2, L2:1, L4:1, L6:1}","{L2:2, L4:1, L6:1}",""
2875320460975,PHASE_B,128318,5663,MERGE_SUBMIT,31,4,32,"","","","","","","","",0,0,0,"{L2:2, L4:1, L6:1}","{L2:2, L4:1, L6:1}",""
2875320461077,PHASE_B,128329,5666,MERGE_START,0,4,32,"[165,172]","","[2,2]","","[4,4]","","[256,256]","",86,0,0,"{L2:2, L4:1, L6:1}","{L2:2, L4:1, L6:1}",""
2875320462155,PHASE_B,128456,5689,MERGE_DONE,0,0,0,"","173","","3","","8","","512",86,1096,1095,"","",""
2875320462201,PHASE_B,128462,5692,MERGE_PUBLISH,0,3,32,"","173","","3","","8","","512",86,1137,1123,"{L2:2, L4:1, L6:1}","{L3:1, L4:1, L6:1}",""
2875320462422,PHASE_B,128469,5694,SEAL,0,4,32,"","174","","0","","1","","64",0,0,0,"{L3:1, L4:1, L6:1}","{L0:1, L3:1, L4:1, L6:1}",""
2875320464881,PHASE_B,128806,5759,SEAL,0,5,32,"","175","","0","","1","","64",0,0,0,"{L0:1, L3:1, L4:1, L6:1}","{L0:2, L3:1, L4:1, L6:1}",""
2875320464893,PHASE_B,128806,5759,MERGE_SUBMIT,0,5,32,"","","","","","","","",0,0,0,"{L0:2, L3:1, L4:1, L6:1}","{L0:2, L3:1, L4:1, L6:1}",""
2875320464917,PHASE_B,128806,5759,MERGE_START,0,5,32,"[174,175]","","[0,0]","","[1,1]","","[64,64]","",13,0,0,"{L0:2, L3:1, L4:1, L6:1}","{L0:2, L3:1, L4:1, L6:1}",""
2875320465187,PHASE_B,128849,5768,MERGE_DONE,0,0,0,"","176","","1","","2","","128",13,279,278,"","",""
2875320465202,PHASE_B,128849,5768,MERGE_PUBLISH,0,4,32,"","176","","1","","2","","128",13,289,289,"{L0:2, L3:1, L4:1, L6:1}","{L1:1, L3:1, L4:1, L6:1}",""
2875320467470,PHASE_B,129110,5823,SEAL,0,5,32,"","177","","0","","1","","64",0,0,0,"{L1:1, L3:1, L4:1, L6:1}","{L0:1, L1:1, L3:1, L4:1, L6:1}",""
2875320469870,PHASE_B,129439,5886,SEAL,0,6,32,"","178","","0","","1","","64",0,0,0,"{L0:1, L1:1, L3:1, L4:1, L6:1}","{L0:2, L1:1, L3:1, L4:1, L6:1}",""
2875320469882,PHASE_B,129439,5886,MERGE_SUBMIT,0,6,32,"","","","","","","","",0,0,0,"{L0:2, L1:1, L3:1, L4:1, L6:1}","{L0:2, L1:1, L3:1, L4:1, L6:1}",""
2875320469991,PHASE_B,129464,5891,MERGE_START,0,6,32,"[177,178]","","[0,0]","","[1,1]","","[64,64]","",82,0,0,"{L0:2, L1:1, L3:1, L4:1, L6:1}","{L0:2, L1:1, L3:1, L4:1, L6:1}",""
2875320470316,PHASE_B,129507,5900,MERGE_DONE,0,0,0,"","179","","1","","2","","128",82,349,348,"","",""
2875320470338,PHASE_B,129507,5900,MERGE_PUBLISH,0,5,32,"","179","","1","","2","","128",82,364,363,"{L0:2, L1:1, L3:1, L4:1, L6:1}","{L1:2, L3:1, L4:1, L6:1}",""
2875320470356,PHASE_B,129513,5902,MERGE_SUBMIT,13,5,32,"","","","","","","","",0,0,0,"{L1:2, L3:1, L4:1, L6:1}","{L1:2, L3:1, L4:1, L6:1}",""
2875320470439,PHASE_B,129516,5902,MERGE_START,0,5,32,"[176,179]","","[1,1]","","[2,2]","","[128,128]","",81,0,0,"{L1:2, L3:1, L4:1, L6:1}","{L1:2, L3:1, L4:1, L6:1}",""
2875320470931,PHASE_B,129585,5915,MERGE_DONE,0,0,0,"","180","","2","","4","","256",81,498,498,"","",""
2875320470945,PHASE_B,129585,5915,MERGE_PUBLISH,0,4,32,"","180","","2","","4","","256",81,507,507,"{L1:2, L3:1, L4:1, L6:1}","{L2:1, L3:1, L4:1, L6:1}",""
2875320472563,PHASE_B,129758,5951,SEAL,0,5,32,"","181","","0","","1","","64",0,0,0,"{L2:1, L3:1, L4:1, L6:1}","{L0:1, L2:1, L3:1, L4:1, L6:1}",""
2875320475188,PHASE_B,130073,6015,SEAL,0,6,32,"","182","","0","","1","","64",0,0,0,"{L0:1, L2:1, L3:1, L4:1, L6:1}","{L0:2, L2:1, L3:1, L4:1, L6:1}",""
2875320475204,PHASE_B,130073,6015,MERGE_SUBMIT,0,6,32,"","","","","","","","",0,0,0,"{L0:2, L2:1, L3:1, L4:1, L6:1}","{L0:2, L2:1, L3:1, L4:1, L6:1}",""
2875320475314,PHASE_B,130100,6018,MERGE_START,0,6,32,"[181,182]","","[0,0]","","[1,1]","","[64,64]","",87,0,0,"{L0:2, L2:1, L3:1, L4:1, L6:1}","{L0:2, L2:1, L3:1, L4:1, L6:1}",""
2875320475614,PHASE_B,130143,6026,MERGE_DONE,0,0,0,"","183","","1","","2","","128",87,320,319,"","",""
2875320475636,PHASE_B,130143,6026,MERGE_PUBLISH,0,5,32,"","183","","1","","2","","128",87,335,334,"{L0:2, L2:1, L3:1, L4:1, L6:1}","{L1:1, L2:1, L3:1, L4:1, L6:1}",""
2875320477915,PHASE_B,130405,6079,SEAL,0,6,32,"","184","","0","","1","","64",0,0,0,"{L1:1, L2:1, L3:1, L4:1, L6:1}","{L0:1, L1:1, L2:1, L3:1, L4:1, L6:1}",""
2875320480465,PHASE_B,130717,6143,SEAL,0,7,32,"","185","","0","","1","","64",0,0,0,"{L0:1, L1:1, L2:1, L3:1, L4:1, L6:1}","{L0:2, L1:1, L2:1, L3:1, L4:1, L6:1}",""
2875320480479,PHASE_B,130717,6143,MERGE_SUBMIT,0,7,32,"","","","","","","","",0,0,0,"{L0:2, L1:1, L2:1, L3:1, L4:1, L6:1}","{L0:2, L1:1, L2:1, L3:1, L4:1, L6:1}",""
2875320480503,PHASE_B,130722,6144,MERGE_START,0,7,32,"[184,185]","","[0,0]","","[1,1]","","[64,64]","",12,0,0,"{L0:2, L1:1, L2:1, L3:1, L4:1, L6:1}","{L0:2, L1:1, L2:1, L3:1, L4:1, L6:1}",""
2875320480769,PHASE_B,130767,6151,MERGE_DONE,0,0,0,"","186","","1","","2","","128",12,277,277,"","",""
2875320480796,PHASE_B,130767,6151,MERGE_PUBLISH,0,6,32,"","186","","1","","2","","128",12,297,297,"{L0:2, L1:1, L2:1, L3:1, L4:1, L6:1}","{L1:2, L2:1, L3:1, L4:1, L6:1}",""
2875320480812,PHASE_B,130767,6151,MERGE_SUBMIT,9,6,32,"","","","","","","","",0,0,0,"{L1:2, L2:1, L3:1, L4:1, L6:1}","{L1:2, L2:1, L3:1, L4:1, L6:1}",""
2875320480867,PHASE_B,130772,6154,MERGE_START,0,6,32,"[183,186]","","[1,1]","","[2,2]","","[128,128]","",55,0,0,"{L1:2, L2:1, L3:1, L4:1, L6:1}","{L1:2, L2:1, L3:1, L4:1, L6:1}",""
2875320481368,PHASE_B,130850,6168,MERGE_DONE,0,0,0,"","187","","2","","4","","256",55,506,506,"","",""
2875320481381,PHASE_B,130854,6168,MERGE_PUBLISH,0,5,32,"","187","","2","","4","","256",55,514,514,"{L1:2, L2:1, L3:1, L4:1, L6:1}","{L2:2, L3:1, L4:1, L6:1}",""
2875320481391,PHASE_B,130854,6168,MERGE_SUBMIT,24,5,32,"","","","","","","","",0,0,0,"{L2:2, L3:1, L4:1, L6:1}","{L2:2, L3:1, L4:1, L6:1}",""
2875320481495,PHASE_B,130860,6170,MERGE_START,0,5,32,"[180,187]","","[2,2]","","[4,4]","","[256,256]","",85,0,0,"{L2:2, L3:1, L4:1, L6:1}","{L2:2, L3:1, L4:1, L6:1}",""
2875320482579,PHASE_B,130987,6197,MERGE_DONE,0,0,0,"","188","","3","","8","","512",85,1103,1102,"","",""
2875320482599,PHASE_B,130987,6197,MERGE_PUBLISH,0,4,32,"","188","","3","","8","","512",85,1118,1117,"{L2:2, L3:1, L4:1, L6:1}","{L3:2, L4:1, L6:1}",""
2875320482634,PHASE_B,130987,6197,MERGE_SUBMIT,54,4,32,"","","","","","","","",0,0,0,"{L3:2, L4:1, L6:1}","{L3:2, L4:1, L6:1}",""
2875320482673,PHASE_B,130999,6199,MERGE_START,0,4,32,"[173,188]","","[3,3]","","[8,8]","","[512,512]","",24,0,0,"{L3:2, L4:1, L6:1}","{L3:2, L4:1, L6:1}",""
2875320483131,PHASE_B,131039,6207,SEAL,0,5,32,"","190","","0","","1","","64",0,0,0,"{L3:2, L4:1, L6:1}","{L0:1, L3:2, L4:1, L6:1}",""
2875320484845,PHASE_B,131273,6254,MERGE_DONE,0,0,0,"","189","","4","","16","","1024",24,2189,2188,"","",""
2875320484867,PHASE_B,131281,6254,MERGE_PUBLISH,0,4,32,"","189","","4","","16","","1024",24,2206,2205,"{L0:1, L3:2, L4:1, L6:1}","{L0:1, L4:2, L6:1}",""
2875320484886,PHASE_B,131283,6254,MERGE_SUBMIT,46,4,32,"","","","","","","","",0,0,0,"{L0:1, L4:2, L6:1}","{L0:1, L4:2, L6:1}",""
2875320484988,PHASE_B,131289,6257,MERGE_START,0,4,32,"[159,189]","","[4,4]","","[16,16]","","[1024,1024]","",86,0,0,"{L0:1, L4:2, L6:1}","{L0:1, L4:2, L6:1}",""
2875320485710,PHASE_B,131358,6271,SEAL,0,5,32,"","192","","0","","1","","64",0,0,0,"{L0:1, L4:2, L6:1}","{L0:2, L4:2, L6:1}",""
2875320488204,PHASE_B,131676,6335,SEAL,0,6,32,"","193","","0","","1","","64",0,0,0,"{L0:2, L4:2, L6:1}","{L0:3, L4:2, L6:1}",""
2875320489486,PHASE_B,131854,6369,MERGE_DONE,0,0,0,"","191","","5","","32","","2048",86,4516,4515,"","",""
2875320489506,PHASE_B,131854,6369,MERGE_PUBLISH,0,5,32,"","191","","5","","32","","2048",86,4532,4531,"{L0:3, L4:2, L6:1}","{L0:3, L5:1, L6:1}",""
2875320489527,PHASE_B,131854,6369,MERGE_SUBMIT,34,5,32,"","","","","","","","",0,0,0,"{L0:3, L5:1, L6:1}","{L0:3, L5:1, L6:1}",""
2875320489628,PHASE_B,131864,6372,MERGE_START,0,5,32,"[190,192]","","[0,0]","","[1,1]","","[64,64]","",84,0,0,"{L0:3, L5:1, L6:1}","{L0:3, L5:1, L6:1}",""
2875320490255,PHASE_B,131939,6388,MERGE_DONE,0,0,0,"","194","","1","","2","","128",84,646,624,"","",""
2875320490274,PHASE_B,131944,6388,MERGE_PUBLISH,0,4,32,"","194","","1","","2","","128",84,661,638,"{L0:3, L5:1, L6:1}","{L0:1, L1:1, L5:1, L6:1}",""
2875320490905,PHASE_B,132001,6398,SEAL,0,5,32,"","195","","0","","1","","64",0,0,0,"{L0:1, L1:1, L5:1, L6:1}","{L0:2, L1:1, L5:1, L6:1}",""
2875320490922,PHASE_B,132001,6398,MERGE_SUBMIT,0,5,32,"","","","","","","","",0,0,0,"{L0:2, L1:1, L5:1, L6:1}","{L0:2, L1:1, L5:1, L6:1}",""
2875320491039,PHASE_B,132019,6403,MERGE_START,0,5,32,"[193,195]","","[0,0]","","[1,1]","","[64,64]","",81,0,0,"{L0:2, L1:1, L5:1, L6:1}","{L0:2, L1:1, L5:1, L6:1}",""
2875320491423,PHASE_B,132072,6413,MERGE_DONE,0,0,0,"","196","","1","","2","","128",81,419,402,"","",""
2875320491468,PHASE_B,132076,6415,MERGE_PUBLISH,0,4,32,"","196","","1","","2","","128",81,457,428,"{L0:2, L1:1, L5:1, L6:1}","{L1:2, L5:1, L6:1}",""
2875320491485,PHASE_B,132082,6416,MERGE_SUBMIT,15,4,32,"","","","","","","","",0,0,0,"{L1:2, L5:1, L6:1}","{L1:2, L5:1, L6:1}",""
2875320491596,PHASE_B,132091,6418,MERGE_START,0,4,32,"[194,196]","","[1,1]","","[2,2]","","[128,128]","",98,0,0,"{L1:2, L5:1, L6:1}","{L1:2, L5:1, L6:1}",""
2875320492157,PHASE_B,132169,6432,MERGE_DONE,0,0,0,"","197","","2","","4","","256",98,579,578,"","",""
2875320492176,PHASE_B,132169,6432,MERGE_PUBLISH,0,3,32,"","197","","2","","4","","256",98,594,592,"{L1:2, L5:1, L6:1}","{L2:1, L5:1, L6:1}",""
2875320493526,PHASE_B,132316,6463,SEAL,0,4,32,"","198","","0","","1","","64",0,0,0,"{L2:1, L5:1, L6:1}","{L0:1, L2:1, L5:1, L6:1}",""
2875320495928,PHASE_B,132640,6527,SEAL,0,5,32,"","199","","0","","1","","64",0,0,0,"{L0:1, L2:1, L5:1, L6:1}","{L0:2, L2:1, L5:1, L6:1}",""
2875320495940,PHASE_B,132640,6527,MERGE_SUBMIT,0,5,32,"","","","","","","","",0,0,0,"{L0:2, L2:1, L5:1, L6:1}","{L0:2, L2:1, L5:1, L6:1}",""
2875320496063,PHASE_B,132664,6531,MERGE_START,0,5,32,"[198,199]","","[0,0]","","[1,1]","","[64,64]","",98,0,0,"{L0:2, L2:1, L5:1, L6:1}","{L0:2, L2:1, L5:1, L6:1}",""
2875320496372,PHASE_B,132714,6541,MERGE_DONE,0,0,0,"","200","","1","","2","","128",98,330,329,"","",""
2875320496391,PHASE_B,132715,6541,MERGE_PUBLISH,0,4,32,"","200","","1","","2","","128",98,344,343,"{L0:2, L2:1, L5:1, L6:1}","{L1:1, L2:1, L5:1, L6:1}",""
2875320498408,PHASE_B,132962,6591,SEAL,0,5,32,"","201","","0","","1","","64",0,0,0,"{L1:1, L2:1, L5:1, L6:1}","{L0:1, L1:1, L2:1, L5:1, L6:1}",""
2875320500783,PHASE_B,133277,6655,SEAL,0,6,32,"","202","","0","","1","","64",0,0,0,"{L0:1, L1:1, L2:1, L5:1, L6:1}","{L0:2, L1:1, L2:1, L5:1, L6:1}",""
2875320500795,PHASE_B,133277,6655,MERGE_SUBMIT,0,6,32,"","","","","","","","",0,0,0,"{L0:2, L1:1, L2:1, L5:1, L6:1}","{L0:2, L1:1, L2:1, L5:1, L6:1}",""
2875320500902,PHASE_B,133300,6659,MERGE_START,0,6,32,"[201,202]","","[0,0]","","[1,1]","","[64,64]","",84,0,0,"{L0:2, L1:1, L2:1, L5:1, L6:1}","{L0:2, L1:1, L2:1, L5:1, L6:1}",""
2875320501197,PHASE_B,133348,6668,MERGE_DONE,0,0,0,"","203","","1","","2","","128",84,315,314,"","",""
2875320501218,PHASE_B,133348,6668,MERGE_PUBLISH,0,5,32,"","203","","1","","2","","128",84,329,329,"{L0:2, L1:1, L2:1, L5:1, L6:1}","{L1:2, L2:1, L5:1, L6:1}",""
2875320501237,PHASE_B,133352,6670,MERGE_SUBMIT,13,5,32,"","","","","","","","",0,0,0,"{L1:2, L2:1, L5:1, L6:1}","{L1:2, L2:1, L5:1, L6:1}",""
2875320501323,PHASE_B,133364,6671,MERGE_START,0,5,32,"[200,203]","","[1,1]","","[2,2]","","[128,128]","",85,0,0,"{L1:2, L2:1, L5:1, L6:1}","{L1:2, L2:1, L5:1, L6:1}",""
2875320501820,PHASE_B,133432,6685,MERGE_DONE,0,0,0,"","204","","2","","4","","256",85,502,502,"","",""
2875320501857,PHASE_B,133439,6686,MERGE_PUBLISH,0,4,32,"","204","","2","","4","","256",85,534,524,"{L1:2, L2:1, L5:1, L6:1}","{L2:2, L5:1, L6:1}",""
2875320501868,PHASE_B,133440,6686,MERGE_SUBMIT,30,4,32,"","","","","","","","",0,0,0,"{L2:2, L5:1, L6:1}","{L2:2, L5:1, L6:1}",""
2875320501972,PHASE_B,133445,6687,MERGE_START,0,4,32,"[197,204]","","[2,2]","","[4,4]","","[256,256]","",86,0,0,"{L2:2, L5:1, L6:1}","{L2:2, L5:1, L6:1}",""
2875320503049,PHASE_B,133576,6713,MERGE_DONE,0,0,0,"","205","","3","","8","","512",86,1096,1095,"","",""
2875320503070,PHASE_B,133576,6713,MERGE_PUBLISH,0,3,32,"","205","","3","","8","","512",86,1112,1110,"{L2:2, L5:1, L6:1}","{L3:1, L5:1, L6:1}",""
2875320503418,PHASE_B,133600,6718,SEAL,0,4,32,"","206","","0","","1","","64",0,0,0,"{L3:1, L5:1, L6:1}","{L0:1, L3:1, L5:1, L6:1}",""
2875320505907,PHASE_B,133918,6783,SEAL,0,5,32,"","207","","0","","1","","64",0,0,0,"{L0:1, L3:1, L5:1, L6:1}","{L0:2, L3:1, L5:1, L6:1}",""
2875320505919,PHASE_B,133918,6783,MERGE_SUBMIT,0,5,32,"","","","","","","","",0,0,0,"{L0:2, L3:1, L5:1, L6:1}","{L0:2, L3:1, L5:1, L6:1}",""
2875320506056,PHASE_B,133937,6786,MERGE_START,0,5,32,"[206,207]","","[0,0]","","[1,1]","","[64,64]","",101,0,0,"{L0:2, L3:1, L5:1, L6:1}","{L0:2, L3:1, L5:1, L6:1}",""
2875320506352,PHASE_B,133983,6795,MERGE_DONE,0,0,0,"","208","","1","","2","","128",101,328,328,"","",""
2875320506698,PHASE_B,134040,6805,MERGE_PUBLISH,0,4,32,"","208","","1","","2","","128",101,667,666,"{L0:2, L3:1, L5:1, L6:1}","{L1:1, L3:1, L5:1, L6:1}",""
2875320508525,PHASE_B,134237,6845,SEAL,0,5,32,"","209","","0","","1","","64",0,0,0,"{L1:1, L3:1, L5:1, L6:1}","{L0:1, L1:1, L3:1, L5:1, L6:1}",""
2875320510892,PHASE_B,134556,6910,SEAL,0,6,32,"","210","","0","","1","","64",0,0,0,"{L0:1, L1:1, L3:1, L5:1, L6:1}","{L0:2, L1:1, L3:1, L5:1, L6:1}",""
2875320510906,PHASE_B,134556,6910,MERGE_SUBMIT,0,6,32,"","","","","","","","",0,0,0,"{L0:2, L1:1, L3:1, L5:1, L6:1}","{L0:2, L1:1, L3:1, L5:1, L6:1}",""
2875320511025,PHASE_B,134583,6916,MERGE_START,0,6,32,"[209,210]","","[0,0]","","[1,1]","","[64,64]","",83,0,0,"{L0:2, L1:1, L3:1, L5:1, L6:1}","{L0:2, L1:1, L3:1, L5:1, L6:1}",""
2875320511327,PHASE_B,134616,6922,MERGE_DONE,0,0,0,"","211","","1","","2","","128",83,334,333,"","",""
2875320511365,PHASE_B,134635,6926,MERGE_PUBLISH,0,5,32,"","211","","1","","2","","128",83,363,362,"{L0:2, L1:1, L3:1, L5:1, L6:1}","{L1:2, L3:1, L5:1, L6:1}",""
2875320511381,PHASE_B,134636,6926,MERGE_SUBMIT,14,5,32,"","","","","","","","",0,0,0,"{L1:2, L3:1, L5:1, L6:1}","{L1:2, L3:1, L5:1, L6:1}",""
2875320511494,PHASE_B,134648,6929,MERGE_START,0,5,32,"[208,211]","","[1,1]","","[2,2]","","[128,128]","",99,0,0,"{L1:2, L3:1, L5:1, L6:1}","{L1:2, L3:1, L5:1, L6:1}",""
2875320512082,PHASE_B,134724,6945,MERGE_DONE,0,0,0,"","212","","2","","4","","256",99,607,606,"","",""
2875320512131,PHASE_B,134728,6946,MERGE_PUBLISH,0,4,32,"","212","","2","","4","","256",99,650,636,"{L1:2, L3:1, L5:1, L6:1}","{L2:1, L3:1, L5:1, L6:1}",""
2875320513432,PHASE_B,134875,6974,SEAL,0,5,32,"","213","","0","","1","","64",0,0,0,"{L2:1, L3:1, L5:1, L6:1}","{L0:1, L2:1, L3:1, L5:1, L6:1}",""
2875320515989,PHASE_B,135195,7038,SEAL,0,6,32,"","214","","0","","1","","64",0,0,0,"{L0:1, L2:1, L3:1, L5:1, L6:1}","{L0:2, L2:1, L3:1, L5:1, L6:1}",""
2875320516005,PHASE_B,135195,7038,MERGE_SUBMIT,0,6,32,"","","","","","","","",0,0,0,"{L0:2, L2:1, L3:1, L5:1, L6:1}","{L0:2, L2:1, L3:1, L5:1, L6:1}",""
2875320516116,PHASE_B,135219,7042,MERGE_START,0,6,32,"[213,214]","","[0,0]","","[1,1]","","[64,64]","",92,0,0,"{L0:2, L2:1, L3:1, L5:1, L6:1}","{L0:2, L2:1, L3:1, L5:1, L6:1}",""
2875320516432,PHASE_B,135269,7052,MERGE_DONE,0,0,0,"","215","","1","","2","","128",92,336,335,"","",""
2875320516455,PHASE_B,135273,7052,MERGE_PUBLISH,0,5,32,"","215","","1","","2","","128",92,351,350,"{L0:2, L2:1, L3:1, L5:1, L6:1}","{L1:1, L2:1, L3:1, L5:1, L6:1}",""
2875320518627,PHASE_B,135513,7102,SEAL,0,6,32,"","216","","0","","1","","64",0,0,0,"{L1:1, L2:1, L3:1, L5:1, L6:1}","{L0:1, L1:1, L2:1, L3:1, L5:1, L6:1}",""
2875320521111,PHASE_B,135828,7164,SEAL,0,7,32,"","217","","0","","1","","64",0,0,0,"{L0:1, L1:1, L2:1, L3:1, L5:1, L6:1}","{L0:2, L1:1, L2:1, L3:1, L5:1, L6:1}",""
2875320521124,PHASE_B,135828,7164,MERGE_SUBMIT,0,7,32,"","","","","","","","",0,0,0,"{L0:2, L1:1, L2:1, L3:1, L5:1, L6:1}","{L0:2, L1:1, L2:1, L3:1, L5:1, L6:1}",""
2875320521244,PHASE_B,135860,7170,MERGE_START,0,7,32,"[216,217]","","[0,0]","","[1,1]","","[64,64]","",96,0,0,"{L0:2, L1:1, L2:1, L3:1, L5:1, L6:1}","{L0:2, L1:1, L2:1, L3:1, L5:1, L6:1}",""
2875320521541,PHASE_B,135911,7179,MERGE_DONE,0,0,0,"","218","","1","","2","","128",96,318,318,"","",""
2875320521566,PHASE_B,135911,7179,MERGE_PUBLISH,0,6,32,"","218","","1","","2","","128",96,335,334,"{L0:2, L1:1, L2:1, L3:1, L5:1, L6:1}","{L1:2, L2:1, L3:1, L5:1, L6:1}",""
2875320521602,PHASE_B,135911,7179,MERGE_SUBMIT,11,6,32,"","","","","","","","",0,0,0,"{L1:2, L2:1, L3:1, L5:1, L6:1}","{L1:2, L2:1, L3:1, L5:1, L6:1}",""
2875320521664,PHASE_B,135913,7181,MERGE_START,0,6,32,"[215,218]","","[1,1]","","[2,2]","","[128,128]","",62,0,0,"{L1:2, L2:1, L3:1, L5:1, L6:1}","{L1:2, L2:1, L3:1, L5:1, L6:1}",""
2875320522177,PHASE_B,135984,7195,MERGE_DONE,0,0,0,"","219","","2","","4","","256",62,518,518,"","",""
2875320522193,PHASE_B,135987,7195,MERGE_PUBLISH,0,5,32,"","219","","2","","4","","256",62,529,529,"{L1:2, L2:1, L3:1, L5:1, L6:1}","{L2:2, L3:1, L5:1, L6:1}",""
2875320522203,PHASE_B,135987,7195,MERGE_SUBMIT,27,5,32,"","","","","","","","",0,0,0,"{L2:2, L3:1, L5:1, L6:1}","{L2:2, L3:1, L5:1, L6:1}",""
2875320522252,PHASE_B,135987,7195,MERGE_START,0,5,32,"[212,219]","","[2,2]","","[4,4]","","[256,256]","",30,0,0,"{L2:2, L3:1, L5:1, L6:1}","{L2:2, L3:1, L5:1, L6:1}",""
2875320523572,PHASE_B,136137,7226,MERGE_DONE,0,0,0,"","220","","3","","8","","512",30,1338,1338,"","",""
2875320523629,PHASE_B,136146,7228,MERGE_PUBLISH,0,4,32,"","220","","3","","8","","512",30,1390,1369,"{L2:2, L3:1, L5:1, L6:1}","{L3:2, L5:1, L6:1}",""
2875320523653,PHASE_B,136146,7228,MERGE_SUBMIT,60,4,32,"","","","","","","","",0,0,0,"{L3:2, L5:1, L6:1}","{L3:2, L5:1, L6:1}",""
2875320523766,PHASE_B,136154,7230,MERGE_START,0,4,32,"[205,220]","","[3,3]","","[8,8]","","[512,512]","",96,0,0,"{L3:2, L5:1, L6:1}","{L3:2, L5:1, L6:1}",""
2875320523869,PHASE_B,136161,7231,SEAL,0,5,32,"","221","","0","","1","","64",0,0,0,"{L3:2, L5:1, L6:1}","{L0:1, L3:2, L5:1, L6:1}",""
2875320525939,PHASE_B,136434,7286,MERGE_DONE,0,0,0,"","222","","4","","16","","1024",96,2191,2190,"","",""
2875320525960,PHASE_B,136434,7286,MERGE_PUBLISH,0,4,32,"","222","","4","","16","","1024",96,2207,2206,"{L0:1, L3:2, L5:1, L6:1}","{L0:1, L4:1, L5:1, L6:1}",""
2875320526491,PHASE_B,136470,7293,SEAL,0,5,32,"","223","","0","","1","","64",0,0,0,"{L0:1, L4:1, L5:1, L6:1}","{L0:2, L4:1, L5:1, L6:1}",""
2875320526508,PHASE_B,136470,7293,MERGE_SUBMIT,0,5,32,"","","","","","","","",0,0,0,"{L0:2, L4:1, L5:1, L6:1}","{L0:2, L4:1, L5:1, L6:1}",""
2875320526620,PHASE_B,136494,7299,MERGE_START,0,5,32,"[221,223]","","[0,0]","","[1,1]","","[64,64]","",91,0,0,"{L0:2, L4:1, L5:1, L6:1}","{L0:2, L4:1, L5:1, L6:1}",""
2875320526919,PHASE_B,136538,7308,MERGE_DONE,0,0,0,"","224","","1","","2","","128",91,319,318,"","",""
2875320526957,PHASE_B,136541,7308,MERGE_PUBLISH,0,4,32,"","224","","1","","2","","128",91,351,350,"{L0:2, L4:1, L5:1, L6:1}","{L1:1, L4:1, L5:1, L6:1}",""
2875320529044,PHASE_B,136795,7359,SEAL,0,5,32,"","225","","0","","1","","64",0,0,0,"{L1:1, L4:1, L5:1, L6:1}","{L0:1, L1:1, L4:1, L5:1, L6:1}",""
2875320531454,PHASE_B,137121,7423,SEAL,0,6,32,"","226","","0","","1","","64",0,0,0,"{L0:1, L1:1, L4:1, L5:1, L6:1}","{L0:2, L1:1, L4:1, L5:1, L6:1}",""
2875320531467,PHASE_B,137121,7423,MERGE_SUBMIT,0,6,32,"","","","","","","","",0,0,0,"{L0:2, L1:1, L4:1, L5:1, L6:1}","{L0:2, L1:1, L4:1, L5:1, L6:1}",""
2875320531585,PHASE_B,137136,7426,MERGE_START,0,6,32,"[225,226]","","[0,0]","","[1,1]","","[64,64]","",89,0,0,"{L0:2, L1:1, L4:1, L5:1, L6:1}","{L0:2, L1:1, L4:1, L5:1, L6:1}",""
2875320531920,PHASE_B,137184,7436,MERGE_DONE,0,0,0,"","227","","1","","2","","128",89,361,360,"","",""
2875320531965,PHASE_B,137189,7438,MERGE_PUBLISH,0,5,32,"","227","","1","","2","","128",89,398,386,"{L0:2, L1:1, L4:1, L5:1, L6:1}","{L1:2, L4:1, L5:1, L6:1}",""
2875320531982,PHASE_B,137189,7438,MERGE_SUBMIT,14,5,32,"","","","","","","","",0,0,0,"{L1:2, L4:1, L5:1, L6:1}","{L1:2, L4:1, L5:1, L6:1}",""
2875320532095,PHASE_B,137202,7439,MERGE_START,0,5,32,"[224,227]","","[1,1]","","[2,2]","","[128,128]","",96,0,0,"{L1:2, L4:1, L5:1, L6:1}","{L1:2, L4:1, L5:1, L6:1}",""
2875320532723,PHASE_B,137295,7457,MERGE_DONE,0,0,0,"","228","","2","","4","","256",96,647,646,"","",""
2875320532744,PHASE_B,137296,7457,MERGE_PUBLISH,0,4,32,"","228","","2","","4","","256",96,663,662,"{L1:2, L4:1, L5:1, L6:1}","{L2:1, L4:1, L5:1, L6:1}",""
2875320534118,PHASE_B,137425,7483,SEAL,0,5,32,"","229","","0","","1","","64",0,0,0,"{L2:1, L4:1, L5:1, L6:1}","{L0:1, L2:1, L4:1, L5:1, L6:1}",""
2875320536587,PHASE_B,137764,7551,SEAL,0,6,32,"","230","","0","","1","","64",0,0,0,"{L0:1, L2:1, L4:1, L5:1, L6:1}","{L0:2, L2:1, L4:1, L5:1, L6:1}",""
2875320536600,PHASE_B,137764,7551,MERGE_SUBMIT,0,6,32,"","","","","","","","",0,0,0,"{L0:2, L2:1, L4:1, L5:1, L6:1}","{L0:2, L2:1, L4:1, L5:1, L6:1}",""
2875320536713,PHASE_B,137774,7554,MERGE_START,0,6,32,"[229,230]","","[0,0]","","[1,1]","","[64,64]","",85,0,0,"{L0:2, L2:1, L4:1, L5:1, L6:1}","{L0:2, L2:1, L4:1, L5:1, L6:1}",""
2875320537068,PHASE_B,137834,7566,MERGE_DONE,0,0,0,"","231","","1","","2","","128",85,380,379,"","",""
2875320537114,PHASE_B,137834,7566,MERGE_PUBLISH,0,5,32,"","231","","1","","2","","128",85,419,408,"{L0:2, L2:1, L4:1, L5:1, L6:1}","{L1:1, L2:1, L4:1, L5:1, L6:1}",""
2875320539218,PHASE_B,138072,7614,SEAL,0,6,32,"","232","","0","","1","","64",0,0,0,"{L1:1, L2:1, L4:1, L5:1, L6:1}","{L0:1, L1:1, L2:1, L4:1, L5:1, L6:1}",""
2875320541753,PHASE_B,138395,7677,SEAL,0,7,32,"","233","","0","","1","","64",0,0,0,"{L0:1, L1:1, L2:1, L4:1, L5:1, L6:1}","{L0:2, L1:1, L2:1, L4:1, L5:1, L6:1}",""
2875320541767,PHASE_B,138395,7677,MERGE_SUBMIT,0,7,32,"","","","","","","","",0,0,0,"{L0:2, L1:1, L2:1, L4:1, L5:1, L6:1}","{L0:2, L1:1, L2:1, L4:1, L5:1, L6:1}",""
2875320541887,PHASE_B,138413,7683,MERGE_START,0,7,32,"[232,233]","","[0,0]","","[1,1]","","[64,64]","",91,0,0,"{L0:2, L1:1, L2:1, L4:1, L5:1, L6:1}","{L0:2, L1:1, L2:1, L4:1, L5:1, L6:1}",""
2875320542210,PHASE_B,138466,7692,MERGE_DONE,0,0,0,"","234","","1","","2","","128",91,348,347,"","",""
2875320542255,PHASE_B,138471,7693,MERGE_PUBLISH,0,6,32,"","234","","1","","2","","128",91,385,373,"{L0:2, L1:1, L2:1, L4:1, L5:1, L6:1}","{L1:2, L2:1, L4:1, L5:1, L6:1}",""
2875320542272,PHASE_B,138471,7693,MERGE_SUBMIT,13,6,32,"","","","","","","","",0,0,0,"{L1:2, L2:1, L4:1, L5:1, L6:1}","{L1:2, L2:1, L4:1, L5:1, L6:1}",""
2875320542381,PHASE_B,138487,7696,MERGE_START,0,6,32,"[231,234]","","[1,1]","","[2,2]","","[128,128]","",87,0,0,"{L1:2, L2:1, L4:1, L5:1, L6:1}","{L1:2, L2:1, L4:1, L5:1, L6:1}",""
2875320542951,PHASE_B,138567,7711,MERGE_DONE,0,0,0,"","235","","2","","4","","256",87,595,594,"","",""
2875320543018,PHASE_B,138570,7712,MERGE_PUBLISH,0,5,32,"","235","","2","","4","","256",87,635,623,"{L1:2, L2:1, L4:1, L5:1, L6:1}","{L2:2, L4:1, L5:1, L6:1}",""
2875320543037,PHASE_B,138570,7712,MERGE_SUBMIT,32,5,32,"","","","","","","","",0,0,0,"{L2:2, L4:1, L5:1, L6:1}","{L2:2, L4:1, L5:1, L6:1}",""
2875320543137,PHASE_B,138570,7712,MERGE_START,0,5,32,"[228,235]","","[2,2]","","[4,4]","","[256,256]","",84,0,0,"{L2:2, L4:1, L5:1, L6:1}","{L2:2, L4:1, L5:1, L6:1}",""
2875320544192,PHASE_B,138686,7737,MERGE_DONE,0,0,0,"","236","","3","","8","","512",84,1074,1073,"","",""
2875320544238,PHASE_B,138693,7739,MERGE_PUBLISH,0,4,32,"","236","","3","","8","","512",84,1114,1100,"{L2:2, L4:1, L5:1, L6:1}","{L3:1, L4:1, L5:1, L6:1}",""
2875320544493,PHASE_B,138716,7742,SEAL,0,5,32,"","237","","0","","1","","64",0,0,0,"{L3:1, L4:1, L5:1, L6:1}","{L0:1, L3:1, L4:1, L5:1, L6:1}",""
2875320547032,PHASE_B,139034,7805,SEAL,0,6,32,"","238","","0","","1","","64",0,0,0,"{L0:1, L3:1, L4:1, L5:1, L6:1}","{L0:2, L3:1, L4:1, L5:1, L6:1}",""
2875320547046,PHASE_B,139034,7805,MERGE_SUBMIT,0,6,32,"","","","","","","","",0,0,0,"{L0:2, L3:1, L4:1, L5:1, L6:1}","{L0:2, L3:1, L4:1, L5:1, L6:1}",""
2875320547159,PHASE_B,139050,7810,MERGE_START,0,6,32,"[237,238]","","[0,0]","","[1,1]","","[64,64]","",90,0,0,"{L0:2, L3:1, L4:1, L5:1, L6:1}","{L0:2, L3:1, L4:1, L5:1, L6:1}",""
2875320547451,PHASE_B,139098,7819,MERGE_DONE,0,0,0,"","239","","1","","2","","128",90,312,311,"","",""
2875320547474,PHASE_B,139106,7819,MERGE_PUBLISH,0,5,32,"","239","","1","","2","","128",90,327,326,"{L0:2, L3:1, L4:1, L5:1, L6:1}","{L1:1, L3:1, L4:1, L5:1, L6:1}",""
2875320549679,PHASE_B,139360,7871,SEAL,0,6,32,"","240","","0","","1","","64",0,0,0,"{L1:1, L3:1, L4:1, L5:1, L6:1}","{L0:1, L1:1, L3:1, L4:1, L5:1, L6:1}",""
2875320552111,PHASE_B,139670,7931,SEAL,0,7,32,"","241","","0","","1","","64",0,0,0,"{L0:1, L1:1, L3:1, L4:1, L5:1, L6:1}","{L0:2, L1:1, L3:1, L4:1, L5:1, L6:1}",""
2875320552129,PHASE_B,139670,7931,MERGE_SUBMIT,0,7,32,"","","","","","","","",0,0,0,"{L0:2, L1:1, L3:1, L4:1, L5:1, L6:1}","{L0:2, L1:1, L3:1, L4:1, L5:1, L6:1}",""
2875320552245,PHASE_B,139699,7938,MERGE_START,0,7,32,"[240,241]","","[0,0]","","[1,1]","","[64,64]","",92,0,0,"{L0:2, L1:1, L3:1, L4:1, L5:1, L6:1}","{L0:2, L1:1, L3:1, L4:1, L5:1, L6:1}",""
2875320552540,PHASE_B,139738,7946,MERGE_DONE,0,0,0,"","242","","1","","2","","128",92,317,315,"","",""
2875320552579,PHASE_B,139738,7946,MERGE_PUBLISH,0,6,32,"","242","","1","","2","","128",92,347,346,"{L0:2, L1:1, L3:1, L4:1, L5:1, L6:1}","{L1:2, L3:1, L4:1, L5:1, L6:1}",""
2875320552599,PHASE_B,139738,7946,MERGE_SUBMIT,11,6,32,"","","","","","","","",0,0,0,"{L1:2, L3:1, L4:1, L5:1, L6:1}","{L1:2, L3:1, L4:1, L5:1, L6:1}",""
2875320552675,PHASE_B,139753,7949,MERGE_START,0,6,32,"[239,242]","","[1,1]","","[2,2]","","[128,128]","",75,0,0,"{L1:2, L3:1, L4:1, L5:1, L6:1}","{L1:2, L3:1, L4:1, L5:1, L6:1}",""
2875320553203,PHASE_B,139813,7964,MERGE_DONE,0,0,0,"","243","","2","","4","","256",75,534,534,"","",""
2875320553222,PHASE_B,139819,7964,MERGE_PUBLISH,0,5,32,"","243","","2","","4","","256",75,544,544,"{L1:2, L3:1, L4:1, L5:1, L6:1}","{L2:1, L3:1, L4:1, L5:1, L6:1}",""
2875320554831,PHASE_B,139997,7999,SEAL,0,6,32,"","244","","0","","1","","64",0,0,0,"{L2:1, L3:1, L4:1, L5:1, L6:1}","{L0:1, L2:1, L3:1, L4:1, L5:1, L6:1}",""
2875320557322,PHASE_B,140327,8063,SEAL,0,7,32,"","245","","0","","1","","64",0,0,0,"{L0:1, L2:1, L3:1, L4:1, L5:1, L6:1}","{L0:2, L2:1, L3:1, L4:1, L5:1, L6:1}",""
2875320557335,PHASE_B,140327,8063,MERGE_SUBMIT,0,7,32,"","","","","","","","",0,0,0,"{L0:2, L2:1, L3:1, L4:1, L5:1, L6:1}","{L0:2, L2:1, L3:1, L4:1, L5:1, L6:1}",""
2875320557451,PHASE_B,140334,8066,MERGE_START,0,7,32,"[244,245]","","[0,0]","","[1,1]","","[64,64]","",92,0,0,"{L0:2, L2:1, L3:1, L4:1, L5:1, L6:1}","{L0:2, L2:1, L3:1, L4:1, L5:1, L6:1}",""
2875320557773,PHASE_B,140385,8075,MERGE_DONE,0,0,0,"","246","","1","","2","","128",92,343,342,"","",""
2875320557821,PHASE_B,140385,8075,MERGE_PUBLISH,0,6,32,"","246","","1","","2","","128",92,383,369,"{L0:2, L2:1, L3:1, L4:1, L5:1, L6:1}","{L1:1, L2:1, L3:1, L4:1, L5:1, L6:1}",""
2875320559930,PHASE_B,140639,8127,SEAL,0,7,32,"","247","","0","","1","","64",0,0,0,"{L1:1, L2:1, L3:1, L4:1, L5:1, L6:1}","{L0:1, L1:1, L2:1, L3:1, L4:1, L5:1, L6:1}",""
2875320562382,PHASE_B,140961,8191,SEAL,0,8,32,"","248","","0","","1","","64",0,0,0,"{L0:1, L1:1, L2:1, L3:1, L4:1, L5:1, L6:1}","{L0:2, L1:1, L2:1, L3:1, L4:1, L5:1, L6:1}",""
2875320562396,PHASE_B,140961,8191,MERGE_SUBMIT,0,8,32,"","","","","","","","",0,0,0,"{L0:2, L1:1, L2:1, L3:1, L4:1, L5:1, L6:1}","{L0:2, L1:1, L2:1, L3:1, L4:1, L5:1, L6:1}",""
2875320562508,PHASE_B,140978,8195,MERGE_START,0,8,32,"[247,248]","","[0,0]","","[1,1]","","[64,64]","",84,0,0,"{L0:2, L1:1, L2:1, L3:1, L4:1, L5:1, L6:1}","{L0:2, L1:1, L2:1, L3:1, L4:1, L5:1, L6:1}",""
2875320562796,PHASE_B,141017,8201,MERGE_DONE,0,0,0,"","249","","1","","2","","128",84,313,312,"","",""
2875320562821,PHASE_B,141017,8201,MERGE_PUBLISH,0,7,32,"","249","","1","","2","","128",84,330,329,"{L0:2, L1:1, L2:1, L3:1, L4:1, L5:1, L6:1}","{L1:2, L2:1, L3:1, L4:1, L5:1, L6:1}",""
2875320562857,PHASE_B,141017,8201,MERGE_SUBMIT,13,7,32,"","","","","","","","",0,0,0,"{L1:2, L2:1, L3:1, L4:1, L5:1, L6:1}","{L1:2, L2:1, L3:1, L4:1, L5:1, L6:1}",""
2875320562937,PHASE_B,141034,8207,MERGE_START,0,7,32,"[246,249]","","[1,1]","","[2,2]","","[128,128]","",77,0,0,"{L1:2, L2:1, L3:1, L4:1, L5:1, L6:1}","{L1:2, L2:1, L3:1, L4:1, L5:1, L6:1}",""
2875320563464,PHASE_B,141103,8221,MERGE_DONE,0,0,0,"","250","","2","","4","","256",77,535,535,"","",""
2875320563481,PHASE_B,141107,8221,MERGE_PUBLISH,0,6,32,"","250","","2","","4","","256",77,545,545,"{L1:2, L2:1, L3:1, L4:1, L5:1, L6:1}","{L2:2, L3:1, L4:1, L5:1, L6:1}",""
2875320563493,PHASE_B,141107,8221,MERGE_SUBMIT,29,6,32,"","","","","","","","",0,0,0,"{L2:2, L3:1, L4:1, L5:1, L6:1}","{L2:2, L3:1, L4:1, L5:1, L6:1}",""
2875320563601,PHASE_B,141126,8224,MERGE_START,0,6,32,"[243,250]","","[2,2]","","[4,4]","","[256,256]","",88,0,0,"{L2:2, L3:1, L4:1, L5:1, L6:1}","{L2:2, L3:1, L4:1, L5:1, L6:1}",""
2875320564682,PHASE_B,141250,8248,MERGE_DONE,0,0,0,"","251","","3","","8","","512",88,1101,1100,"","",""
2875320564730,PHASE_B,141250,8248,MERGE_PUBLISH,0,5,32,"","251","","3","","8","","512",88,1141,1130,"{L2:2, L3:1, L4:1, L5:1, L6:1}","{L3:2, L4:1, L5:1, L6:1}",""
2875320564749,PHASE_B,141250,8248,MERGE_SUBMIT,58,5,32,"","","","","","","","",0,0,0,"{L3:2, L4:1, L5:1, L6:1}","{L3:2, L4:1, L5:1, L6:1}",""
2875320564856,PHASE_B,141266,8252,MERGE_START,0,5,32,"[236,251]","","[3,3]","","[8,8]","","[512,512]","",90,0,0,"{L3:2, L4:1, L5:1, L6:1}","{L3:2, L4:1, L5:1, L6:1}",""
2875320565074,PHASE_B,141279,8255,SEAL,0,6,32,"","252","","0","","1","","64",0,0,0,"{L3:2, L4:1, L5:1, L6:1}","{L0:1, L3:2, L4:1, L5:1, L6:1}",""
2875320567527,PHASE_B,141593,8318,SEAL,0,7,32,"","254","","0","","1","","64",0,0,0,"{L0:1, L3:2, L4:1, L5:1, L6:1}","{L0:2, L3:2, L4:1, L5:1, L6:1}",""
2875320567541,PHASE_B,141593,8318,MERGE_DONE,0,0,0,"","253","","4","","16","","1024",90,2704,2703,"","",""
2875320567564,PHASE_B,141593,8318,MERGE_PUBLISH,0,6,32,"","253","","4","","16","","1024",90,2720,2719,"{L0:2, L3:2, L4:1, L5:1, L6:1}","{L0:2, L4:2, L5:1, L6:1}",""
2875320567585,PHASE_B,141597,8321,MERGE_SUBMIT,0,6,32,"","","","","","","","",0,0,0,"{L0:2, L4:2, L5:1, L6:1}","{L0:2, L4:2, L5:1, L6:1}",""
2875320567698,PHASE_B,141615,8322,MERGE_START,0,6,32,"[252,254]","","[0,0]","","[1,1]","","[64,64]","",97,0,0,"{L0:2, L4:2, L5:1, L6:1}","{L0:2, L4:2, L5:1, L6:1}",""
2875320568036,PHASE_B,141666,8331,MERGE_DONE,0,0,0,"","255","","1","","2","","128",97,357,356,"","",""
2875320568071,PHASE_B,141666,8331,MERGE_PUBLISH,0,5,32,"","255","","1","","2","","128",97,387,386,"{L0:2, L4:2, L5:1, L6:1}","{L1:1, L4:2, L5:1, L6:1}",""
2875320568091,PHASE_B,141666,8331,MERGE_SUBMIT,14,5,32,"","","","","","","","",0,0,0,"{L1:1, L4:2, L5:1, L6:1}","{L1:1, L4:2, L5:1, L6:1}",""
2875320568156,PHASE_B,141677,8336,MERGE_START,0,5,32,"[222,253]","","[4,4]","","[16,16]","","[1024,1024]","",64,0,0,"{L1:1, L4:2, L5:1, L6:1}","{L1:1, L4:2, L5:1, L6:1}",""
2875320570210,PHASE_B,141915,8381,SEAL,0,6,32,"","257","","0","","1","","64",0,0,0,"{L1:1, L4:2, L5:1, L6:1}","{L0:1, L1:1, L4:2, L5:1, L6:1}",""
2875320572723,PHASE_B,142237,8446,SEAL,0,7,32,"","258","","0","","1","","64",0,0,0,"{L0:1, L1:1, L4:2, L5:1, L6:1}","{L0:2, L1:1, L4:2, L5:1, L6:1}",""
2875320573057,PHASE_B,142289,8457,MERGE_DONE,0,0,0,"","256","","5","","32","","2048",64,4905,4906,"","",""
2875320573076,PHASE_B,142289,8457,MERGE_PUBLISH,0,6,32,"","256","","5","","32","","2048",64,4918,4918,"{L0:2, L1:1, L4:2, L5:1, L6:1}","{L0:2, L1:1, L5:2, L6:1}",""
2875320573091,PHASE_B,142289,8457,MERGE_SUBMIT,9,6,32,"","","","","","","","",0,0,0,"{L0:2, L1:1, L5:2, L6:1}","{L0:2, L1:1, L5:2, L6:1}",""
2875320573194,PHASE_B,142310,8460,MERGE_START,0,6,32,"[257,258]","","[0,0]","","[1,1]","","[64,64]","",84,0,0,"{L0:2, L1:1, L5:2, L6:1}","{L0:2, L1:1, L5:2, L6:1}",""
2875320573524,PHASE_B,142353,8469,MERGE_DONE,0,0,0,"","259","","1","","2","","128",84,350,349,"","",""
2875320573543,PHASE_B,142353,8469,MERGE_PUBLISH,0,5,32,"","259","","1","","2","","128",84,364,362,"{L0:2, L1:1, L5:2, L6:1}","{L1:2, L5:2, L6:1}",""
2875320573563,PHASE_B,142357,8470,MERGE_SUBMIT,21,5,32,"","","","","","","","",0,0,0,"{L1:2, L5:2, L6:1}","{L1:2, L5:2, L6:1}",""
2875320573641,PHASE_B,142362,8470,MERGE_START,0,5,32,"[255,259]","","[1,1]","","[2,2]","","[128,128]","",77,0,0,"{L1:2, L5:2, L6:1}","{L1:2, L5:2, L6:1}",""
2875320574149,PHASE_B,142417,8481,MERGE_DONE,0,0,0,"","260","","2","","4","","256",77,513,513,"","",""
2875320574165,PHASE_B,142417,8481,MERGE_PUBLISH,0,4,32,"","260","","2","","4","","256",77,523,523,"{L1:2, L5:2, L6:1}","{L2:1, L5:2, L6:1}",""
2875320574177,PHASE_B,142417,8481,MERGE_SUBMIT,36,4,32,"","","","","","","","",0,0,0,"{L2:1, L5:2, L6:1}","{L2:1, L5:2, L6:1}",""
2875320574282,PHASE_B,142432,8486,MERGE_START,0,4,32,"[191,256]","","[5,5]","","[32,32]","","[2048,2048]","",85,0,0,"{L2:1, L5:2, L6:1}","{L2:1, L5:2, L6:1}",""
2875320575458,PHASE_B,142558,8510,SEAL,0,5,32,"","261","","0","","1","","64",0,0,0,"{L2:1, L5:2, L6:1}","{L0:1, L2:1, L5:2, L6:1}",""
2875320577918,PHASE_B,142886,8574,SEAL,0,6,32,"","263","","0","","1","","64",0,0,0,"{L0:1, L2:1, L5:2, L6:1}","{L0:2, L2:1, L5:2, L6:1}",""
2875320580327,PHASE_B,143203,8638,SEAL,0,7,32,"","264","","0","","1","","64",0,0,0,"{L0:2, L2:1, L5:2, L6:1}","{L0:3, L2:1, L5:2, L6:1}",""
2875320582739,PHASE_B,143524,8702,SEAL,0,8,32,"","265","","0","","1","","64",0,0,0,"{L0:3, L2:1, L5:2, L6:1}","{L0:4, L2:1, L5:2, L6:1}",""
2875320584490,PHASE_B,143759,8752,MERGE_DONE,0,0,0,"","262","","6","","64","","4096",85,10226,10226,"","",""
2875320584512,PHASE_B,143762,8752,MERGE_PUBLISH,0,7,32,"","262","","6","","64","","4096",85,10243,10242,"{L0:4, L2:1, L5:2, L6:1}","{L0:4, L2:1, L6:2}",""
2875320584534,PHASE_B,143762,8752,MERGE_SUBMIT,48,7,32,"","","","","","","","",0,0,0,"{L0:4, L2:1, L6:2}","{L0:4, L2:1, L6:2}",""
2875320584649,PHASE_B,143782,8755,MERGE_START,0,7,32,"[261,263]","","[0,0]","","[1,1]","","[64,64]","",97,0,0,"{L0:4, L2:1, L6:2}","{L0:4, L2:1, L6:2}",""
2875320585293,PHASE_B,143833,8766,SEAL,0,8,32,"","267","","0","","1","","64",0,0,0,"{L0:4, L2:1, L6:2}","{L0:5, L2:1, L6:2}",""
2875320585624,PHASE_B,143880,8775,MERGE_DONE,0,0,0,"","266","","1","","2","","128",97,995,901,"","",""
2875320585647,PHASE_B,143880,8775,MERGE_PUBLISH,0,7,32,"","266","","1","","2","","128",97,1014,919,"{L0:5, L2:1, L6:2}","{L0:3, L1:1, L2:1, L6:2}",""
2875320585662,PHASE_B,143884,8779,MERGE_SUBMIT,10,7,32,"","","","","","","","",0,0,0,"{L0:3, L1:1, L2:1, L6:2}","{L0:3, L1:1, L2:1, L6:2}",""
2875320585782,PHASE_B,143913,8781,MERGE_START,0,7,32,"[264,265]","","[0,0]","","[1,1]","","[64,64]","",102,0,0,"{L0:3, L1:1, L2:1, L6:2}","{L0:3, L1:1, L2:1, L6:2}",""
2875320586605,PHASE_B,144000,8800,MERGE_DONE,0,0,0,"","268","","1","","2","","128",102,842,827,"","",""
2875320586646,PHASE_B,144017,8803,MERGE_PUBLISH,0,6,32,"","268","","1","","2","","128",102,878,849,"{L0:3, L1:1, L2:1, L6:2}","{L0:1, L1:2, L2:1, L6:2}",""
2875320586663,PHASE_B,144024,8803,MERGE_SUBMIT,35,6,32,"","","","","","","","",0,0,0,"{L0:1, L1:2, L2:1, L6:2}","{L0:1, L1:2, L2:1, L6:2}",""
2875320586735,PHASE_B,144028,8805,MERGE_START,0,6,32,"[266,268]","","[1,1]","","[2,2]","","[128,128]","",71,0,0,"{L0:1, L1:2, L2:1, L6:2}","{L0:1, L1:2, L2:1, L6:2}",""
2875320587252,PHASE_B,144092,8816,MERGE_DONE,0,0,0,"","269","","2","","4","","256",71,523,523,"","",""
2875320587281,PHASE_B,144092,8816,MERGE_PUBLISH,0,5,32,"","269","","2","","4","","256",71,546,546,"{L0:1, L1:2, L2:1, L6:2}","{L0:1, L2:2, L6:2}",""
2875320587294,PHASE_B,144092,8816,MERGE_SUBMIT,49,5,32,"","","","","","","","",0,0,0,"{L0:1, L2:2, L6:2}","{L0:1, L2:2, L6:2}",""
2875320587397,PHASE_B,144106,8819,MERGE_START,0,5,32,"[260,269]","","[2,2]","","[4,4]","","[256,256]","",86,0,0,"{L0:1, L2:2, L6:2}","{L0:1, L2:2, L6:2}",""
2875320587996,PHASE_B,144159,8830,SEAL,0,6,32,"","271","","0","","1","","64",0,0,0,"{L0:1, L2:2, L6:2}","{L0:2, L2:2, L6:2}",""
2875320588476,PHASE_B,144229,8845,MERGE_DONE,0,0,0,"","270","","3","","8","","512",86,1098,1097,"","",""
2875320588496,PHASE_B,144229,8845,MERGE_PUBLISH,0,5,32,"","270","","3","","8","","512",86,1112,1111,"{L0:2, L2:2, L6:2}","{L0:2, L3:1, L6:2}",""
2875320588516,PHASE_B,144229,8845,MERGE_SUBMIT,14,5,32,"","","","","","","","",0,0,0,"{L0:2, L3:1, L6:2}","{L0:2, L3:1, L6:2}",""
2875320588621,PHASE_B,144252,8849,MERGE_START,0,5,32,"[267,271]","","[0,0]","","[1,1]","","[64,64]","",89,0,0,"{L0:2, L3:1, L6:2}","{L0:2, L3:1, L6:2}",""
2875320588900,PHASE_B,144286,8854,MERGE_DONE,0,0,0,"","272","","1","","2","","128",89,298,297,"","",""
2875320588918,PHASE_B,144286,8854,MERGE_PUBLISH,0,4,32,"","272","","1","","2","","128",89,312,311,"{L0:2, L3:1, L6:2}","{L1:1, L3:1, L6:2}",""
2875320588938,PHASE_B,144286,8854,MERGE_SUBMIT,25,4,32,"","","","","","","","",0,0,0,"{L1:1, L3:1, L6:2}","{L1:1, L3:1, L6:2}",""
2875320589025,PHASE_B,144292,8858,MERGE_START,0,4,32,"[135,262]","","[6,6]","","[64,64]","","[4096,4096]","",84,0,0,"{L1:1, L3:1, L6:2}","{L1:1, L3:1, L6:2}",""
2875320590703,PHASE_B,144476,8894,SEAL,0,5,32,"","273","","0","","1","","64",0,0,0,"{L1:1, L3:1, L6:2}","{L0:1, L1:1, L3:1, L6:2}",""
2875320593189,PHASE_B,144790,8957,SEAL,0,6,32,"","275","","0","","1","","64",0,0,0,"{L0:1, L1:1, L3:1, L6:2}","{L0:2, L1:1, L3:1, L6:2}",""
2875320595813,PHASE_B,145118,9022,SEAL,0,7,32,"","276","","0","","1","","64",0,0,0,"{L0:2, L1:1, L3:1, L6:2}","{L0:3, L1:1, L3:1, L6:2}",""
2875320598361,PHASE_B,145433,9086,SEAL,0,8,32,"","277","","0","","1","","64",0,0,0,"{L0:3, L1:1, L3:1, L6:2}","{L0:4, L1:1, L3:1, L6:2}",""
2875320600886,PHASE_B,145757,9149,SEAL,0,9,32,"","278","","0","","1","","64",0,0,0,"{L0:4, L1:1, L3:1, L6:2}","{L0:5, L1:1, L3:1, L6:2}",""
2875320603359,PHASE_B,146080,9215,SEAL,0,10,32,"","279","","0","","1","","64",0,0,0,"{L0:5, L1:1, L3:1, L6:2}","{L0:6, L1:1, L3:1, L6:2}",""
2875320605915,PHASE_B,146401,9278,SEAL,0,11,32,"","280","","0","","1","","64",0,0,0,"{L0:6, L1:1, L3:1, L6:2}","{L0:7, L1:1, L3:1, L6:2}",""
2875320608419,PHASE_B,146724,9343,SEAL,0,12,32,"","281","","0","","1","","64",0,0,0,"{L0:7, L1:1, L3:1, L6:2}","{L0:8, L1:1, L3:1, L6:2}",""
2875320610896,PHASE_B,147036,9407,SEAL,0,13,32,"","282","","0","","1","","64",0,0,0,"{L0:8, L1:1, L3:1, L6:2}","{L0:9, L1:1, L3:1, L6:2}",""
2875320612912,PHASE_B,147314,9463,MERGE_DONE,0,0,0,"","274","","7","","128","","8192",84,23892,23894,"","",""
2875320612938,PHASE_B,147319,9463,MERGE_PUBLISH,0,12,32,"","274","","7","","128","","8192",84,23911,23912,"{L0:9, L1:1, L3:1, L6:2}","{L0:9, L1:1, L3:1, L7:1}",""
2875320612957,PHASE_B,147319,9463,MERGE_SUBMIT,55,12,32,"","","","","","","","",0,0,0,"{L0:9, L1:1, L3:1, L7:1}","{L0:9, L1:1, L3:1, L7:1}",""
2875320613071,PHASE_B,147337,9465,MERGE_START,0,12,32,"[273,275]","","[0,0]","","[1,1]","","[64,64]","",94,0,0,"{L0:9, L1:1, L3:1, L7:1}","{L0:9, L1:1, L3:1, L7:1}",""
2875320613402,PHASE_B,147356,9470,SEAL,0,13,32,"","284","","0","","1","","64",0,0,0,"{L0:9, L1:1, L3:1, L7:1}","{L0:10, L1:1, L3:1, L7:1}",""
2875320613434,PHASE_B,147356,9470,MERGE_DONE,0,0,0,"","283","","1","","2","","128",94,385,384,"","",""
2875320613455,PHASE_B,147356,9470,MERGE_PUBLISH,0,12,32,"","283","","1","","2","","128",94,400,399,"{L0:10, L1:1, L3:1, L7:1}","{L0:8, L1:2, L3:1, L7:1}",""
2875320613478,PHASE_B,147361,9473,MERGE_SUBMIT,0,12,32,"","","","","","","","",0,0,0,"{L0:8, L1:2, L3:1, L7:1}","{L0:8, L1:2, L3:1, L7:1}",""
2875320613550,PHASE_B,147383,9474,MERGE_START,0,12,32,"[276,277]","","[0,0]","","[1,1]","","[64,64]","",71,0,0,"{L0:8, L1:2, L3:1, L7:1}","{L0:8, L1:2, L3:1, L7:1}",""
2875320613801,PHASE_B,147412,9481,MERGE_DONE,0,0,0,"","285","","1","","2","","128",71,258,258,"","",""
2875320613814,PHASE_B,147412,9481,MERGE_PUBLISH,0,11,32,"","285","","1","","2","","128",71,267,266,"{L0:8, L1:2, L3:1, L7:1}","{L0:6, L1:3, L3:1, L7:1}",""
2875320613825,PHASE_B,147412,9481,MERGE_SUBMIT,10,11,32,"","","","","","","","",0,0,0,"{L0:6, L1:3, L3:1, L7:1}","{L0:6, L1:3, L3:1, L7:1}",""
2875320613934,PHASE_B,147428,9485,MERGE_START,0,11,32,"[278,279]","","[0,0]","","[1,1]","","[64,64]","",87,0,0,"{L0:6, L1:3, L3:1, L7:1}","{L0:6, L1:3, L3:1, L7:1}",""
2875320614301,PHASE_B,147474,9495,MERGE_DONE,0,0,0,"","286","","1","","2","","128",87,389,388,"","",""
2875320614321,PHASE_B,147476,9495,MERGE_PUBLISH,0,10,32,"","286","","1","","2","","128",87,404,403,"{L0:6, L1:3, L3:1, L7:1}","{L0:4, L1:4, L3:1, L7:1}",""
2875320614340,PHASE_B,147481,9496,MERGE_SUBMIT,23,10,32,"","","","","","","","",0,0,0,"{L0:4, L1:4, L3:1, L7:1}","{L0:4, L1:4, L3:1, L7:1}",""
2875320614379,PHASE_B,147487,9496,MERGE_START,0,10,32,"[280,281]","","[0,0]","","[1,1]","","[64,64]","",24,0,0,"{L0:4, L1:4, L3:1, L7:1}","{L0:4, L1:4, L3:1, L7:1}",""
2875320614866,PHASE_B,147542,9509,MERGE_DONE,0,0,0,"","287","","1","","2","","128",24,507,312,"","",""
2875320614888,PHASE_B,147542,9509,MERGE_PUBLISH,0,9,32,"","287","","1","","2","","128",24,524,329,"{L0:4, L1:4, L3:1, L7:1}","{L0:2, L1:5, L3:1, L7:1}",""
2875320614909,PHASE_B,147542,9509,MERGE_SUBMIT,37,9,32,"","","","","","","","",0,0,0,"{L0:2, L1:5, L3:1, L7:1}","{L0:2, L1:5, L3:1, L7:1}",""
2875320614934,PHASE_B,147542,9509,MERGE_START,0,9,32,"[282,284]","","[0,0]","","[1,1]","","[64,64]","",19,0,0,"{L0:2, L1:5, L3:1, L7:1}","{L0:2, L1:5, L3:1, L7:1}",""
2875320615204,PHASE_B,147576,9515,MERGE_DONE,0,0,0,"","288","","1","","2","","128",19,281,281,"","",""
2875320615234,PHASE_B,147590,9516,MERGE_PUBLISH,0,8,32,"","288","","1","","2","","128",19,306,300,"{L0:2, L1:5, L3:1, L7:1}","{L1:6, L3:1, L7:1}",""
2875320615247,PHASE_B,147592,9516,MERGE_SUBMIT,44,8,32,"","","","","","","","",0,0,0,"{L1:6, L3:1, L7:1}","{L1:6, L3:1, L7:1}",""
2875320615272,PHASE_B,147593,9516,MERGE_START,0,8,32,"[272,283]","","[1,1]","","[2,2]","","[128,128]","",19,0,0,"{L1:6, L3:1, L7:1}","{L1:6, L3:1, L7:1}",""
2875320615782,PHASE_B,147637,9527,MERGE_DONE,0,0,0,"","289","","2","","4","","256",19,518,518,"","",""
2875320615799,PHASE_B,147641,9527,MERGE_PUBLISH,0,7,32,"","289","","2","","4","","256",19,530,531,"{L1:6, L3:1, L7:1}","{L1:4, L2:1, L3:1, L7:1}",""
2875320615812,PHASE_B,147641,9527,MERGE_SUBMIT,55,7,32,"","","","","","","","",0,0,0,"{L1:4, L2:1, L3:1, L7:1}","{L1:4, L2:1, L3:1, L7:1}",""
2875320615838,PHASE_B,147641,9527,MERGE_START,0,7,32,"[285,286]","","[1,1]","","[2,2]","","[128,128]","",18,0,0,"{L1:4, L2:1, L3:1, L7:1}","{L1:4, L2:1, L3:1, L7:1}",""
2875320616301,PHASE_B,147671,9532,SEAL,0,8,32,"","291","","0","","1","","64",0,0,0,"{L1:4, L2:1, L3:1, L7:1}","{L0:1, L1:4, L2:1, L3:1, L7:1}",""
2875320616349,PHASE_B,147684,9536,MERGE_DONE,0,0,0,"","290","","2","","4","","256",18,521,521,"","",""
2875320616368,PHASE_B,147684,9536,MERGE_PUBLISH,0,7,32,"","290","","2","","4","","256",18,535,535,"{L0:1, L1:4, L2:1, L3:1, L7:1}","{L0:1, L1:2, L2:2, L3:1, L7:1}",""
2875320616382,PHASE_B,147687,9538,MERGE_SUBMIT,1,7,32,"","","","","","","","",0,0,0,"{L0:1, L1:2, L2:2, L3:1, L7:1}","{L0:1, L1:2, L2:2, L3:1, L7:1}",""
2875320616403,PHASE_B,147692,9538,MERGE_START,0,7,32,"[287,288]","","[1,1]","","[2,2]","","[128,128]","",16,0,0,"{L0:1, L1:2, L2:2, L3:1, L7:1}","{L0:1, L1:2, L2:2, L3:1, L7:1}",""
2875320617072,PHASE_B,147783,9554,MERGE_DONE,0,0,0,"","292","","2","","4","","256",16,677,677,"","",""
2875320617088,PHASE_B,147790,9558,MERGE_PUBLISH,0,6,32,"","292","","2","","4","","256",16,688,687,"{L0:1, L1:2, L2:2, L3:1, L7:1}","{L0:1, L2:3, L3:1, L7:1}",""
2875320617099,PHASE_B,147792,9558,MERGE_SUBMIT,22,6,32,"","","","","","","","",0,0,0,"{L0:1, L2:3, L3:1, L7:1}","{L0:1, L2:3, L3:1, L7:1}",""
2875320617201,PHASE_B,147800,9560,MERGE_START,0,6,32,"[289,290]","","[2,2]","","[4,4]","","[256,256]","",83,0,0,"{L0:1, L2:3, L3:1, L7:1}","{L0:1, L2:3, L3:1, L7:1}",""
2875320618307,PHASE_B,147934,9587,MERGE_DONE,0,0,0,"","293","","3","","8","","512",83,1126,1125,"","",""
2875320618331,PHASE_B,147934,9587,MERGE_PUBLISH,0,5,32,"","293","","3","","8","","512",83,1144,1143,"{L0:1, L2:3, L3:1, L7:1}","{L0:1, L2:1, L3:2, L7:1}",""
2875320618349,PHASE_B,147934,9587,MERGE_SUBMIT,52,5,32,"","","","","","","","",0,0,0,"{L0:1, L2:1, L3:2, L7:1}","{L0:1, L2:1, L3:2, L7:1}",""
2875320618403,PHASE_B,147953,9589,MERGE_START,0,5,32,"[270,293]","","[3,3]","","[8,8]","","[512,512]","",39,0,0,"{L0:1, L2:1, L3:2, L7:1}","{L0:1, L2:1, L3:2, L7:1}",""
2875320618943,PHASE_B,147999,9599,SEAL,0,6,32,"","295","","0","","1","","64",0,0,0,"{L0:1, L2:1, L3:2, L7:1}","{L0:2, L2:1, L3:2, L7:1}",""
2875320620570,PHASE_B,148221,9643,MERGE_DONE,0,0,0,"","294","","4","","16","","1024",39,2186,2185,"","",""
2875320620590,PHASE_B,148221,9643,MERGE_PUBLISH,0,5,32,"","294","","4","","16","","1024",39,2201,2200,"{L0:2, L2:1, L3:2, L7:1}","{L0:2, L2:1, L4:1, L7:1}",""
2875320620610,PHASE_B,148221,9643,MERGE_SUBMIT,43,5,32,"","","","","","","","",0,0,0,"{L0:2, L2:1, L4:1, L7:1}","{L0:2, L2:1, L4:1, L7:1}",""
2875320620715,PHASE_B,148221,9643,MERGE_START,0,5,32,"[291,295]","","[0,0]","","[1,1]","","[64,64]","",88,0,0,"{L0:2, L2:1, L4:1, L7:1}","{L0:2, L2:1, L4:1, L7:1}",""
2875320621274,PHASE_B,148294,9658,MERGE_DONE,0,0,0,"","296","","1","","2","","128",88,577,513,"","",""
2875320621316,PHASE_B,148303,9659,MERGE_PUBLISH,0,4,32,"","296","","1","","2","","128",88,614,539,"{L0:2, L2:1, L4:1, L7:1}","{L1:1, L2:1, L4:1, L7:1}",""
2875320621599,PHASE_B,148319,9662,SEAL,0,5,32,"","297","","0","","1","","64",0,0,0,"{L1:1, L2:1, L4:1, L7:1}","{L0:1, L1:1, L2:1, L4:1, L7:1}",""
2875320624110,PHASE_B,148632,9725,SEAL,0,6,32,"","298","","0","","1","","64",0,0,0,"{L0:1, L1:1, L2:1, L4:1, L7:1}","{L0:2, L1:1, L2:1, L4:1, L7:1}",""
2875320624123,PHASE_B,148632,9725,MERGE_SUBMIT,0,6,32,"","","","","","","","",0,0,0,"{L0:2, L1:1, L2:1, L4:1, L7:1}","{L0:2, L1:1, L2:1, L4:1, L7:1}",""
2875320624229,PHASE_B,148656,9730,MERGE_START,0,6,32,"[297,298]","","[0,0]","","[1,1]","","[64,64]","",84,0,0,"{L0:2, L1:1, L2:1, L4:1, L7:1}","{L0:2, L1:1, L2:1, L4:1, L7:1}",""
2875320624512,PHASE_B,148691,9737,MERGE_DONE,0,0,0,"","299","","1","","2","","128",84,302,301,"","",""
2875320624557,PHASE_B,148699,9740,MERGE_PUBLISH,0,5,32,"","299","","1","","2","","128",84,341,329,"{L0:2, L1:1, L2:1, L4:1, L7:1}","{L1:2, L2:1, L4:1, L7:1}",""
2875320624591,PHASE_B,148700,9740,MERGE_SUBMIT,12,5,32,"","","","","","","","",0,0,0,"{L1:2, L2:1, L4:1, L7:1}","{L1:2, L2:1, L4:1, L7:1}",""
2875320624664,PHASE_B,148714,9742,MERGE_START,0,5,32,"[296,299]","","[1,1]","","[2,2]","","[128,128]","",72,0,0,"{L1:2, L2:1, L4:1, L7:1}","{L1:2, L2:1, L4:1, L7:1}",""
2875320625177,PHASE_B,148775,9755,MERGE_DONE,0,0,0,"","300","","2","","4","","256",72,518,518,"","",""
2875320625192,PHASE_B,148782,9756,MERGE_PUBLISH,0,4,32,"","300","","2","","4","","256",72,527,527,"{L1:2, L2:1, L4:1, L7:1}","{L2:2, L4:1, L7:1}",""
2875320625202,PHASE_B,148786,9756,MERGE_SUBMIT,28,4,32,"","","","","","","","",0,0,0,"{L2:2, L4:1, L7:1}","{L2:2, L4:1, L7:1}",""
2875320625306,PHASE_B,148797,9757,MERGE_START,0,4,32,"[292,300]","","[2,2]","","[4,4]","","[256,256]","",86,0,0,"{L2:2, L4:1, L7:1}","{L2:2, L4:1, L7:1}",""
2875320626358,PHASE_B,148914,9782,MERGE_DONE,0,0,0,"","301","","3","","8","","512",86,1070,1069,"","",""
2875320626407,PHASE_B,148914,9782,MERGE_PUBLISH,0,3,32,"","301","","3","","8","","512",86,1113,1099,"{L2:2, L4:1, L7:1}","{L3:1, L4:1, L7:1}",""
2875320626904,PHASE_B,148948,9788,SEAL,0,4,32,"","302","","0","","1","","64",0,0,0,"{L3:1, L4:1, L7:1}","{L0:1, L3:1, L4:1, L7:1}",""
2875320629412,PHASE_B,149284,9855,SEAL,0,5,32,"","303","","0","","1","","64",0,0,0,"{L0:1, L3:1, L4:1, L7:1}","{L0:2, L3:1, L4:1, L7:1}",""
2875320629424,PHASE_B,149284,9855,MERGE_SUBMIT,0,5,32,"","","","","","","","",0,0,0,"{L0:2, L3:1, L4:1, L7:1}","{L0:2, L3:1, L4:1, L7:1}",""
2875320629534,PHASE_B,149296,9859,MERGE_START,0,5,32,"[302,303]","","[0,0]","","[1,1]","","[64,64]","",87,0,0,"{L0:2, L3:1, L4:1, L7:1}","{L0:2, L3:1, L4:1, L7:1}",""
2875320629835,PHASE_B,149342,9869,MERGE_DONE,0,0,0,"","304","","1","","2","","128",87,321,319,"","",""
2875320629856,PHASE_B,149347,9869,MERGE_PUBLISH,0,4,32,"","304","","1","","2","","128",87,337,335,"{L0:2, L3:1, L4:1, L7:1}","{L1:1, L3:1, L4:1, L7:1}",""
2875320631936,PHASE_B,149600,9919,SEAL,0,5,32,"","305","","0","","1","","64",0,0,0,"{L1:1, L3:1, L4:1, L7:1}","{L0:1, L1:1, L3:1, L4:1, L7:1}",""
2875320634381,PHASE_B,149921,9983,SEAL,0,6,32,"","306","","0","","1","","64",0,0,0,"{L0:1, L1:1, L3:1, L4:1, L7:1}","{L0:2, L1:1, L3:1, L4:1, L7:1}",""
2875320634394,PHASE_B,149921,9983,MERGE_SUBMIT,0,6,32,"","","","","","","","",0,0,0,"{L0:2, L1:1, L3:1, L4:1, L7:1}","{L0:2, L1:1, L3:1, L4:1, L7:1}",""
2875320634499,PHASE_B,149939,9987,MERGE_START,0,6,32,"[305,306]","","[0,0]","","[1,1]","","[64,64]","",82,0,0,"{L0:2, L1:1, L3:1, L4:1, L7:1}","{L0:2, L1:1, L3:1, L4:1, L7:1}",""
2875320634817,PHASE_B,149987,9997,MERGE_DONE,0,0,0,"","307","","1","","2","","128",82,338,337,"","",""
2875320634839,PHASE_B,149991,9997,MERGE_PUBLISH,0,5,32,"","307","","1","","2","","128",82,353,352,"{L0:2, L1:1, L3:1, L4:1, L7:1}","{L1:2, L3:1, L4:1, L7:1}",""
2875320634856,PHASE_B,149996,9998,MERGE_SUBMIT,13,5,32,"","","","","","","","",0,0,0,"{L1:2, L3:1, L4:1, L7:1}","{L1:2, L3:1, L4:1, L7:1}",""
2875320634973,PHASE_B,150007,10000,MERGE_START,0,5,32,"[304,307]","","[1,1]","","[2,2]","","[128,128]","",98,0,0,"{L1:2, L3:1, L4:1, L7:1}","{L1:2, L3:1, L4:1, L7:1}",""
2875320635619,PHASE_B,150097,10017,MERGE_DONE,0,0,0,"","308","","2","","4","","256",98,671,670,"","",""
2875320635639,PHASE_B,150097,10017,MERGE_PUBLISH,0,4,32,"","308","","2","","4","","256",98,685,684,"{L1:2, L3:1, L4:1, L7:1}","{L2:1, L3:1, L4:1, L7:1}",""
2875320636963,PHASE_B,150235,10045,SEAL,0,5,32,"","309","","0","","1","","64",0,0,0,"{L2:1, L3:1, L4:1, L7:1}","{L0:1, L2:1, L3:1, L4:1, L7:1}",""
2875320639472,PHASE_B,150566,10111,SEAL,0,6,32,"","310","","0","","1","","64",0,0,0,"{L0:1, L2:1, L3:1, L4:1, L7:1}","{L0:2, L2:1, L3:1, L4:1, L7:1}",""
2875320639488,PHASE_B,150566,10111,MERGE_SUBMIT,0,6,32,"","","","","","","","",0,0,0,"{L0:2, L2:1, L3:1, L4:1, L7:1}","{L0:2, L2:1, L3:1, L4:1, L7:1}",""
2875320639594,PHASE_B,150582,10115,MERGE_START,0,6,32,"[309,310]","","[0,0]","","[1,1]","","[64,64]","",83,0,0,"{L0:2, L2:1, L3:1, L4:1, L7:1}","{L0:2, L2:1, L3:1, L4:1, L7:1}",""
2875320639852,PHASE_B,150623,10123,MERGE_DONE,0,0,0,"","311","","1","","2","","128",83,278,277,"","",""
2875320639873,PHASE_B,150625,10123,MERGE_PUBLISH,0,5,32,"","311","","1","","2","","128",83,293,292,"{L0:2, L2:1, L3:1, L4:1, L7:1}","{L1:1, L2:1, L3:1, L4:1, L7:1}",""
2875320642131,PHASE_B,150871,10173,SEAL,0,6,32,"","312","","0","","1","","64",0,0,0,"{L1:1, L2:1, L3:1, L4:1, L7:1}","{L0:1, L1:1, L2:1, L3:1, L4:1, L7:1}",""
2875320644559,PHASE_B,151189,10236,SEAL,0,7,32,"","313","","0","","1","","64",0,0,0,"{L0:1, L1:1, L2:1, L3:1, L4:1, L7:1}","{L0:2, L1:1, L2:1, L3:1, L4:1, L7:1}",""
2875320644571,PHASE_B,151189,10236,MERGE_SUBMIT,0,7,32,"","","","","","","","",0,0,0,"{L0:2, L1:1, L2:1, L3:1, L4:1, L7:1}","{L0:2, L1:1, L2:1, L3:1, L4:1, L7:1}",""
2875320644678,PHASE_B,151217,10242,MERGE_START,0,7,32,"[312,313]","","[0,0]","","[1,1]","","[64,64]","",83,0,0,"{L0:2, L1:1, L2:1, L3:1, L4:1, L7:1}","{L0:2, L1:1, L2:1, L3:1, L4:1, L7:1}",""
2875320644977,PHASE_B,151260,10250,MERGE_DONE,0,0,0,"","314","","1","","2","","128",83,319,318,"","",""
2875320645032,PHASE_B,151260,10250,MERGE_PUBLISH,0,6,32,"","314","","1","","2","","128",83,366,365,"{L0:2, L1:1, L2:1, L3:1, L4:1, L7:1}","{L1:2, L2:1, L3:1, L4:1, L7:1}",""
2875320645053,PHASE_B,151261,10251,MERGE_SUBMIT,12,6,32,"","","","","","","","",0,0,0,"{L1:2, L2:1, L3:1, L4:1, L7:1}","{L1:2, L2:1, L3:1, L4:1, L7:1}",""
2875320645129,PHASE_B,151270,10254,MERGE_START,0,6,32,"[311,314]","","[1,1]","","[2,2]","","[128,128]","",76,0,0,"{L1:2, L2:1, L3:1, L4:1, L7:1}","{L1:2, L2:1, L3:1, L4:1, L7:1}",""
2875320645621,PHASE_B,151336,10267,MERGE_DONE,0,0,0,"","315","","2","","4","","256",76,497,498,"","",""
2875320645636,PHASE_B,151342,10268,MERGE_PUBLISH,0,5,32,"","315","","2","","4","","256",76,506,507,"{L1:2, L2:1, L3:1, L4:1, L7:1}","{L2:2, L3:1, L4:1, L7:1}",""
2875320645646,PHASE_B,151343,10268,MERGE_SUBMIT,28,5,32,"","","","","","","","",0,0,0,"{L2:2, L3:1, L4:1, L7:1}","{L2:2, L3:1, L4:1, L7:1}",""
2875320645696,PHASE_B,151350,10270,MERGE_START,0,5,32,"[308,315]","","[2,2]","","[4,4]","","[256,256]","",32,0,0,"{L2:2, L3:1, L4:1, L7:1}","{L2:2, L3:1, L4:1, L7:1}",""
2875320646748,PHASE_B,151477,10294,MERGE_DONE,0,0,0,"","316","","3","","8","","512",32,1072,1071,"","",""
2875320646785,PHASE_B,151477,10294,MERGE_PUBLISH,0,4,32,"","316","","3","","8","","512",32,1102,1101,"{L2:2, L3:1, L4:1, L7:1}","{L3:2, L4:1, L7:1}",""
2875320646804,PHASE_B,151477,10294,MERGE_SUBMIT,55,4,32,"","","","","","","","",0,0,0,"{L3:2, L4:1, L7:1}","{L3:2, L4:1, L7:1}",""
2875320646907,PHASE_B,151485,10296,MERGE_START,0,4,32,"[301,316]","","[3,3]","","[8,8]","","[512,512]","",86,0,0,"{L3:2, L4:1, L7:1}","{L3:2, L4:1, L7:1}",""
2875320647283,PHASE_B,151523,10303,SEAL,0,5,32,"","317","","0","","1","","64",0,0,0,"{L3:2, L4:1, L7:1}","{L0:1, L3:2, L4:1, L7:1}",""
2875320649096,PHASE_B,151746,10350,MERGE_DONE,0,0,0,"","318","","4","","16","","1024",86,2208,2207,"","",""
2875320649116,PHASE_B,151746,10350,MERGE_PUBLISH,0,4,32,"","318","","4","","16","","1024",86,2223,2222,"{L0:1, L3:2, L4:1, L7:1}","{L0:1, L4:2, L7:1}",""
2875320649135,PHASE_B,151746,10350,MERGE_SUBMIT,46,4,32,"","","","","","","","",0,0,0,"{L0:1, L4:2, L7:1}","{L0:1, L4:2, L7:1}",""
2875320649174,PHASE_B,151753,10351,MERGE_START,0,4,32,"[294,318]","","[4,4]","","[16,16]","","[1024,1024]","",23,0,0,"{L0:1, L4:2, L7:1}","{L0:1, L4:2, L7:1}",""
2875320649954,PHASE_B,151833,10367,SEAL,0,5,32,"","320","","0","","1","","64",0,0,0,"{L0:1, L4:2, L7:1}","{L0:2, L4:2, L7:1}",""
2875320652502,PHASE_B,152154,10430,SEAL,0,6,32,"","321","","0","","1","","64",0,0,0,"{L0:2, L4:2, L7:1}","{L0:3, L4:2, L7:1}",""
2875320653975,PHASE_B,152378,10474,MERGE_DONE,0,0,0,"","319","","5","","32","","2048",23,4819,4818,"","",""
2875320654071,PHASE_B,152381,10476,MERGE_PUBLISH,0,5,32,"","319","","5","","32","","2048",23,4906,4860,"{L0:3, L4:2, L7:1}","{L0:3, L5:1, L7:1}",""
2875320654090,PHASE_B,152381,10476,MERGE_SUBMIT,44,5,32,"","","","","","","","",0,0,0,"{L0:3, L5:1, L7:1}","{L0:3, L5:1, L7:1}",""
2875320654201,PHASE_B,152388,10479,MERGE_START,0,5,32,"[317,320]","","[0,0]","","[1,1]","","[64,64]","",93,0,0,"{L0:3, L5:1, L7:1}","{L0:3, L5:1, L7:1}",""
2875320654535,PHASE_B,152432,10486,MERGE_DONE,0,0,0,"","322","","1","","2","","128",93,354,353,"","",""
2875320654555,PHASE_B,152432,10486,MERGE_PUBLISH,0,4,32,"","322","","1","","2","","128",93,368,367,"{L0:3, L5:1, L7:1}","{L0:1, L1:1, L5:1, L7:1}",""
2875320655152,PHASE_B,152476,10494,SEAL,0,5,32,"","323","","0","","1","","64",0,0,0,"{L0:1, L1:1, L5:1, L7:1}","{L0:2, L1:1, L5:1, L7:1}",""
2875320655176,PHASE_B,152476,10494,MERGE_SUBMIT,0,5,32,"","","","","","","","",0,0,0,"{L0:2, L1:1, L5:1, L7:1}","{L0:2, L1:1, L5:1, L7:1}",""
2875320655284,PHASE_B,152500,10498,MERGE_START,0,5,32,"[321,323]","","[0,0]","","[1,1]","","[64,64]","",82,0,0,"{L0:2, L1:1, L5:1, L7:1}","{L0:2, L1:1, L5:1, L7:1}",""
2875320655684,PHASE_B,152552,10510,MERGE_DONE,0,0,0,"","324","","1","","2","","128",82,424,423,"","",""
2875320655703,PHASE_B,152552,10510,MERGE_PUBLISH,0,4,32,"","324","","1","","2","","128",82,438,437,"{L0:2, L1:1, L5:1, L7:1}","{L1:2, L5:1, L7:1}",""
2875320655721,PHASE_B,152552,10510,MERGE_SUBMIT,15,4,32,"","","","","","","","",0,0,0,"{L1:2, L5:1, L7:1}","{L1:2, L5:1, L7:1}",""
2875320655749,PHASE_B,152555,10513,MERGE_START,0,4,32,"[322,324]","","[1,1]","","[2,2]","","[128,128]","",26,0,0,"{L1:2, L5:1, L7:1}","{L1:2, L5:1, L7:1}",""
2875320656292,PHASE_B,152640,10526,MERGE_DONE,0,0,0,"","325","","2","","4","","256",26,552,553,"","",""
2875320656307,PHASE_B,152640,10526,MERGE_PUBLISH,0,3,32,"","325","","2","","4","","256",26,562,562,"{L1:2, L5:1, L7:1}","{L2:1, L5:1, L7:1}",""
2875320657771,PHASE_B,152794,10558,SEAL,0,4,32,"","326","","0","","1","","64",0,0,0,"{L2:1, L5:1, L7:1}","{L0:1, L2:1, L5:1, L7:1}",""
2875320660515,PHASE_B,153124,10623,SEAL,0,5,32,"","327","","0","","1","","64",0,0,0,"{L0:1, L2:1, L5:1, L7:1}","{L0:2, L2:1, L5:1, L7:1}",""
2875320660527,PHASE_B,153124,10623,MERGE_SUBMIT,0,5,32,"","","","","","","","",0,0,0,"{L0:2, L2:1, L5:1, L7:1}","{L0:2, L2:1, L5:1, L7:1}",""
2875320660635,PHASE_B,153134,10627,MERGE_START,0,5,32,"[326,327]","","[0,0]","","[1,1]","","[64,64]","",85,0,0,"{L0:2, L2:1, L5:1, L7:1}","{L0:2, L2:1, L5:1, L7:1}",""
2875320660936,PHASE_B,153182,10636,MERGE_DONE,0,0,0,"","328","","1","","2","","128",85,320,319,"","",""
2875320660955,PHASE_B,153182,10636,MERGE_PUBLISH,0,4,32,"","328","","1","","2","","128",85,334,333,"{L0:2, L2:1, L5:1, L7:1}","{L1:1, L2:1, L5:1, L7:1}",""
2875320663082,PHASE_B,153441,10686,SEAL,0,5,32,"","329","","0","","1","","64",0,0,0,"{L1:1, L2:1, L5:1, L7:1}","{L0:1, L1:1, L2:1, L5:1, L7:1}",""
2875320665655,PHASE_B,153751,10749,SEAL,0,6,32,"","330","","0","","1","","64",0,0,0,"{L0:1, L1:1, L2:1, L5:1, L7:1}","{L0:2, L1:1, L2:1, L5:1, L7:1}",""
2875320665671,PHASE_B,153751,10749,MERGE_SUBMIT,0,6,32,"","","","","","","","",0,0,0,"{L0:2, L1:1, L2:1, L5:1, L7:1}","{L0:2, L1:1, L2:1, L5:1, L7:1}",""
2875320665778,PHASE_B,153776,10755,MERGE_START,0,6,32,"[329,330]","","[0,0]","","[1,1]","","[64,64]","",85,0,0,"{L0:2, L1:1, L2:1, L5:1, L7:1}","{L0:2, L1:1, L2:1, L5:1, L7:1}",""
2875320666058,PHASE_B,153817,10763,MERGE_DONE,0,0,0,"","331","","1","","2","","128",85,300,299,"","",""
2875320666078,PHASE_B,153819,10763,MERGE_PUBLISH,0,5,32,"","331","","1","","2","","128",85,314,313,"{L0:2, L1:1, L2:1, L5:1, L7:1}","{L1:2, L2:1, L5:1, L7:1}",""
2875320666097,PHASE_B,153820,10763,MERGE_SUBMIT,11,5,32,"","","","","","","","",0,0,0,"{L1:2, L2:1, L5:1, L7:1}","{L1:2, L2:1, L5:1, L7:1}",""
2875320666200,PHASE_B,153831,10766,MERGE_START,0,5,32,"[328,331]","","[1,1]","","[2,2]","","[128,128]","",85,0,0,"{L1:2, L2:1, L5:1, L7:1}","{L1:2, L2:1, L5:1, L7:1}",""
2875320666758,PHASE_B,153909,10781,MERGE_DONE,0,0,0,"","332","","2","","4","","256",85,578,577,"","",""
2875320666777,PHASE_B,153912,10781,MERGE_PUBLISH,0,4,32,"","332","","2","","4","","256",85,591,590,"{L1:2, L2:1, L5:1, L7:1}","{L2:2, L5:1, L7:1}",""
2875320666796,PHASE_B,153915,10782,MERGE_SUBMIT,29,4,32,"","","","","","","","",0,0,0,"{L2:2, L5:1, L7:1}","{L2:2, L5:1, L7:1}",""
2875320666897,PHASE_B,153919,10782,MERGE_START,0,4,32,"[325,332]","","[2,2]","","[4,4]","","[256,256]","",84,0,0,"{L2:2, L5:1, L7:1}","{L2:2, L5:1, L7:1}",""
2875320667975,PHASE_B,154049,10809,MERGE_DONE,0,0,0,"","333","","3","","8","","512",84,1097,1096,"","",""
2875320668032,PHASE_B,154049,10809,MERGE_PUBLISH,0,3,32,"","333","","3","","8","","512",84,1147,1133,"{L2:2, L5:1, L7:1}","{L3:1, L5:1, L7:1}",""
2875320668367,PHASE_B,154086,10815,SEAL,0,4,32,"","334","","0","","1","","64",0,0,0,"{L3:1, L5:1, L7:1}","{L0:1, L3:1, L5:1, L7:1}",""
2875320670813,PHASE_B,154393,10879,SEAL,0,5,32,"","335","","0","","1","","64",0,0,0,"{L0:1, L3:1, L5:1, L7:1}","{L0:2, L3:1, L5:1, L7:1}",""
2875320670826,PHASE_B,154393,10879,MERGE_SUBMIT,0,5,32,"","","","","","","","",0,0,0,"{L0:2, L3:1, L5:1, L7:1}","{L0:2, L3:1, L5:1, L7:1}",""
2875320670943,PHASE_B,154411,10881,MERGE_START,0,5,32,"[334,335]","","[0,0]","","[1,1]","","[64,64]","",93,0,0,"{L0:2, L3:1, L5:1, L7:1}","{L0:2, L3:1, L5:1, L7:1}",""
2875320671262,PHASE_B,154467,10892,MERGE_DONE,0,0,0,"","336","","1","","2","","128",93,340,339,"","",""
2875320671282,PHASE_B,154467,10892,MERGE_PUBLISH,0,4,32,"","336","","1","","2","","128",93,354,353,"{L0:2, L3:1, L5:1, L7:1}","{L1:1, L3:1, L5:1, L7:1}",""
2875320673481,PHASE_B,154718,10941,SEAL,0,5,32,"","337","","0","","1","","64",0,0,0,"{L1:1, L3:1, L5:1, L7:1}","{L0:1, L1:1, L3:1, L5:1, L7:1}",""
2875320675962,PHASE_B,155047,11007,SEAL,0,6,32,"","338","","0","","1","","64",0,0,0,"{L0:1, L1:1, L3:1, L5:1, L7:1}","{L0:2, L1:1, L3:1, L5:1, L7:1}",""
2875320675975,PHASE_B,155047,11007,MERGE_SUBMIT,0,6,32,"","","","","","","","",0,0,0,"{L0:2, L1:1, L3:1, L5:1, L7:1}","{L0:2, L1:1, L3:1, L5:1, L7:1}",""
2875320676095,PHASE_B,155065,11011,MERGE_START,0,6,32,"[337,338]","","[0,0]","","[1,1]","","[64,64]","",85,0,0,"{L0:2, L1:1, L3:1, L5:1, L7:1}","{L0:2, L1:1, L3:1, L5:1, L7:1}",""
2875320676378,PHASE_B,155099,11019,MERGE_DONE,0,0,0,"","339","","1","","2","","128",85,315,314,"","",""
2875320676398,PHASE_B,155099,11019,MERGE_PUBLISH,0,5,32,"","339","","1","","2","","128",85,329,327,"{L0:2, L1:1, L3:1, L5:1, L7:1}","{L1:2, L3:1, L5:1, L7:1}",""
2875320676415,PHASE_B,155099,11019,MERGE_SUBMIT,12,5,32,"","","","","","","","",0,0,0,"{L1:2, L3:1, L5:1, L7:1}","{L1:2, L3:1, L5:1, L7:1}",""
2875320676468,PHASE_B,155112,11022,MERGE_START,0,5,32,"[336,339]","","[1,1]","","[2,2]","","[128,128]","",38,0,0,"{L1:2, L3:1, L5:1, L7:1}","{L1:2, L3:1, L5:1, L7:1}",""
2875320677064,PHASE_B,155192,11038,MERGE_DONE,0,0,0,"","340","","2","","4","","256",38,616,615,"","",""
2875320677099,PHASE_B,155196,11038,MERGE_PUBLISH,0,4,32,"","340","","2","","4","","256",38,645,644,"{L1:2, L3:1, L5:1, L7:1}","{L2:1, L3:1, L5:1, L7:1}",""
2875320678598,PHASE_B,155358,11070,SEAL,0,5,32,"","341","","0","","1","","64",0,0,0,"{L2:1, L3:1, L5:1, L7:1}","{L0:1, L2:1, L3:1, L5:1, L7:1}",""
2875320681109,PHASE_B,155688,11135,SEAL,0,6,32,"","342","","0","","1","","64",0,0,0,"{L0:1, L2:1, L3:1, L5:1, L7:1}","{L0:2, L2:1, L3:1, L5:1, L7:1}",""
2875320681120,PHASE_B,155688,11135,MERGE_SUBMIT,0,6,32,"","","","","","","","",0,0,0,"{L0:2, L2:1, L3:1, L5:1, L7:1}","{L0:2, L2:1, L3:1, L5:1, L7:1}",""
2875320681227,PHASE_B,155691,11138,MERGE_START,0,6,32,"[341,342]","","[0,0]","","[1,1]","","[64,64]","",83,0,0,"{L0:2, L2:1, L3:1, L5:1, L7:1}","{L0:2, L2:1, L3:1, L5:1, L7:1}",""
2875320681545,PHASE_B,155742,11147,MERGE_DONE,0,0,0,"","343","","1","","2","","128",83,338,337,"","",""
2875320681593,PHASE_B,155742,11147,MERGE_PUBLISH,0,5,32,"","343","","1","","2","","128",83,379,364,"{L0:2, L2:1, L3:1, L5:1, L7:1}","{L1:1, L2:1, L3:1, L5:1, L7:1}",""
2875320683701,PHASE_B,155990,11197,SEAL,0,6,32,"","344","","0","","1","","64",0,0,0,"{L1:1, L2:1, L3:1, L5:1, L7:1}","{L0:1, L1:1, L2:1, L3:1, L5:1, L7:1}",""
2875320686180,PHASE_B,156329,11263,SEAL,0,7,32,"","345","","0","","1","","64",0,0,0,"{L0:1, L1:1, L2:1, L3:1, L5:1, L7:1}","{L0:2, L1:1, L2:1, L3:1, L5:1, L7:1}",""
2875320686193,PHASE_B,156329,11263,MERGE_SUBMIT,0,7,32,"","","","","","","","",0,0,0,"{L0:2, L1:1, L2:1, L3:1, L5:1, L7:1}","{L0:2, L1:1, L2:1, L3:1, L5:1, L7:1}",""
2875320686300,PHASE_B,156338,11266,MERGE_START,0,7,32,"[344,345]","","[0,0]","","[1,1]","","[64,64]","",83,0,0,"{L0:2, L1:1, L2:1, L3:1, L5:1, L7:1}","{L0:2, L1:1, L2:1, L3:1, L5:1, L7:1}",""
2875320686608,PHASE_B,156383,11275,MERGE_DONE,0,0,0,"","346","","1","","2","","128",83,329,328,"","",""
2875320686658,PHASE_B,156391,11277,MERGE_PUBLISH,0,6,32,"","346","","1","","2","","128",83,368,355,"{L0:2, L1:1, L2:1, L3:1, L5:1, L7:1}","{L1:2, L2:1, L3:1, L5:1, L7:1}",""
2875320686678,PHASE_B,156391,11277,MERGE_SUBMIT,13,6,32,"","","","","","","","",0,0,0,"{L1:2, L2:1, L3:1, L5:1, L7:1}","{L1:2, L2:1, L3:1, L5:1, L7:1}",""
2875320686758,PHASE_B,156400,11279,MERGE_START,0,6,32,"[343,346]","","[1,1]","","[2,2]","","[128,128]","",79,0,0,"{L1:2, L2:1, L3:1, L5:1, L7:1}","{L1:2, L2:1, L3:1, L5:1, L7:1}",""
2875320687270,PHASE_B,156468,11292,MERGE_DONE,0,0,0,"","347","","2","","4","","256",79,517,517,"","",""
2875320687286,PHASE_B,156468,11292,MERGE_PUBLISH,0,5,32,"","347","","2","","4","","256",79,528,528,"{L1:2, L2:1, L3:1, L5:1, L7:1}","{L2:2, L3:1, L5:1, L7:1}",""
2875320687314,PHASE_B,156468,11292,MERGE_SUBMIT,29,5,32,"","","","","","","","",0,0,0,"{L2:2, L3:1, L5:1, L7:1}","{L2:2, L3:1, L5:1, L7:1}",""
2875320687405,PHASE_B,156469,11293,MERGE_START,0,5,32,"[340,347]","","[2,2]","","[4,4]","","[256,256]","",88,0,0,"{L2:2, L3:1, L5:1, L7:1}","{L2:2, L3:1, L5:1, L7:1}",""
2875320688462,PHASE_B,156603,11319,MERGE_DONE,0,0,0,"","348","","3","","8","","512",88,1062,1063,"","",""
2875320688545,PHASE_B,156609,11321,MERGE_PUBLISH,0,4,32,"","348","","3","","8","","512",88,1138,1094,"{L2:2, L3:1, L5:1, L7:1}","{L3:2, L5:1, L7:1}",""
2875320688558,PHASE_B,156609,11321,MERGE_SUBMIT,57,4,32,"","","","","","","","",0,0,0,"{L3:2, L5:1, L7:1}","{L3:2, L5:1, L7:1}",""
2875320688666,PHASE_B,156628,11323,MERGE_START,0,4,32,"[333,348]","","[3,3]","","[8,8]","","[512,512]","",91,0,0,"{L3:2, L5:1, L7:1}","{L3:2, L5:1, L7:1}",""
2875320688896,PHASE_B,156634,11325,SEAL,0,5,32,"","349","","0","","1","","64",0,0,0,"{L3:2, L5:1, L7:1}","{L0:1, L3:2, L5:1, L7:1}",""
2875320690869,PHASE_B,156899,11379,MERGE_DONE,0,0,0,"","350","","4","","16","","1024",91,2221,2220,"","",""
2875320690980,PHASE_B,156908,11381,MERGE_PUBLISH,0,4,32,"","350","","4","","16","","1024",91,2324,2278,"{L0:1, L3:2, L5:1, L7:1}","{L0:1, L4:1, L5:1, L7:1}",""
2875320691510,PHASE_B,156954,11389,SEAL,0,5,32,"","351","","0","","1","","64",0,0,0,"{L0:1, L4:1, L5:1, L7:1}","{L0:2, L4:1, L5:1, L7:1}",""
2875320691526,PHASE_B,156954,11389,MERGE_SUBMIT,0,5,32,"","","","","","","","",0,0,0,"{L0:2, L4:1, L5:1, L7:1}","{L0:2, L4:1, L5:1, L7:1}",""
2875320691633,PHASE_B,156974,11395,MERGE_START,0,5,32,"[349,351]","","[0,0]","","[1,1]","","[64,64]","",85,0,0,"{L0:2, L4:1, L5:1, L7:1}","{L0:2, L4:1, L5:1, L7:1}",""
2875320691919,PHASE_B,157017,11402,MERGE_DONE,0,0,0,"","352","","1","","2","","128",85,306,305,"","",""
2875320691938,PHASE_B,157017,11402,MERGE_PUBLISH,0,4,32,"","352","","1","","2","","128",85,320,319,"{L0:2, L4:1, L5:1, L7:1}","{L1:1, L4:1, L5:1, L7:1}",""
2875320694194,PHASE_B,157275,11453,SEAL,0,5,32,"","353","","0","","1","","64",0,0,0,"{L1:1, L4:1, L5:1, L7:1}","{L0:1, L1:1, L4:1, L5:1, L7:1}",""
2875320696793,PHASE_B,157589,11517,SEAL,0,6,32,"","354","","0","","1","","64",0,0,0,"{L0:1, L1:1, L4:1, L5:1, L7:1}","{L0:2, L1:1, L4:1, L5:1, L7:1}",""
2875320696809,PHASE_B,157589,11517,MERGE_SUBMIT,0,6,32,"","","","","","","","",0,0,0,"{L0:2, L1:1, L4:1, L5:1, L7:1}","{L0:2, L1:1, L4:1, L5:1, L7:1}",""
2875320696919,PHASE_B,157619,11522,MERGE_START,0,6,32,"[353,354]","","[0,0]","","[1,1]","","[64,64]","",88,0,0,"{L0:2, L1:1, L4:1, L5:1, L7:1}","{L0:2, L1:1, L4:1, L5:1, L7:1}",""
2875320697266,PHASE_B,157662,11531,MERGE_DONE,0,0,0,"","355","","1","","2","","128",88,358,357,"","",""
2875320697286,PHASE_B,157662,11531,MERGE_PUBLISH,0,5,32,"","355","","1","","2","","128",88,381,380,"{L0:2, L1:1, L4:1, L5:1, L7:1}","{L1:2, L4:1, L5:1, L7:1}",""
2875320697305,PHASE_B,157662,11531,MERGE_SUBMIT,12,5,32,"","","","","","","","",0,0,0,"{L1:2, L4:1, L5:1, L7:1}","{L1:2, L4:1, L5:1, L7:1}",""
2875320697381,PHASE_B,157676,11534,MERGE_START,0,5,32,"[352,355]","","[1,1]","","[2,2]","","[128,128]","",76,0,0,"{L1:2, L4:1, L5:1, L7:1}","{L1:2, L4:1, L5:1, L7:1}",""
2875320697881,PHASE_B,157745,11547,MERGE_DONE,0,0,0,"","356","","2","","4","","256",76,505,505,"","",""
2875320697921,PHASE_B,157745,11547,MERGE_PUBLISH,0,4,32,"","356","","2","","4","","256",76,539,528,"{L1:2, L4:1, L5:1, L7:1}","{L2:1, L4:1, L5:1, L7:1}",""
2875320699475,PHASE_B,157918,11583,SEAL,0,5,32,"","357","","0","","1","","64",0,0,0,"{L2:1, L4:1, L5:1, L7:1}","{L0:1, L2:1, L4:1, L5:1, L7:1}",""
2875320701950,PHASE_B,158242,11647,SEAL,0,6,32,"","358","","0","","1","","64",0,0,0,"{L0:1, L2:1, L4:1, L5:1, L7:1}","{L0:2, L2:1, L4:1, L5:1, L7:1}",""
2875320701963,PHASE_B,158242,11647,MERGE_SUBMIT,0,6,32,"","","","","","","","",0,0,0,"{L0:2, L2:1, L4:1, L5:1, L7:1}","{L0:2, L2:1, L4:1, L5:1, L7:1}",""
2875320702070,PHASE_B,158263,11651,MERGE_START,0,6,32,"[357,358]","","[0,0]","","[1,1]","","[64,64]","",83,0,0,"{L0:2, L2:1, L4:1, L5:1, L7:1}","{L0:2, L2:1, L4:1, L5:1, L7:1}",""
2875320702412,PHASE_B,158310,11661,MERGE_DONE,0,0,0,"","359","","1","","2","","128",83,362,361,"","",""
2875320702435,PHASE_B,158310,11661,MERGE_PUBLISH,0,5,32,"","359","","1","","2","","128",83,378,377,"{L0:2, L2:1, L4:1, L5:1, L7:1}","{L1:1, L2:1, L4:1, L5:1, L7:1}",""
2875320704404,PHASE_B,158549,11707,SEAL,0,6,32,"","360","","0","","1","","64",0,0,0,"{L1:1, L2:1, L4:1, L5:1, L7:1}","{L0:1, L1:1, L2:1, L4:1, L5:1, L7:1}",""
2875320706867,PHASE_B,158879,11775,SEAL,0,7,32,"","361","","0","","1","","64",0,0,0,"{L0:1, L1:1, L2:1, L4:1, L5:1, L7:1}","{L0:2, L1:1, L2:1, L4:1, L5:1, L7:1}",""
2875320706879,PHASE_B,158879,11775,MERGE_SUBMIT,0,7,32,"","","","","","","","",0,0,0,"{L0:2, L1:1, L2:1, L4:1, L5:1, L7:1}","{L0:2, L1:1, L2:1, L4:1, L5:1, L7:1}",""
2875320706997,PHASE_B,158899,11778,MERGE_START,0,7,32,"[360,361]","","[0,0]","","[1,1]","","[64,64]","",93,0,0,"{L0:2, L1:1, L2:1, L4:1, L5:1, L7:1}","{L0:2, L1:1, L2:1, L4:1, L5:1, L7:1}",""
2875320707312,PHASE_B,158937,11786,MERGE_DONE,0,0,0,"","362","","1","","2","","128",93,336,335,"","",""
2875320707335,PHASE_B,158937,11786,MERGE_PUBLISH,0,6,32,"","362","","1","","2","","128",93,351,350,"{L0:2, L1:1, L2:1, L4:1, L5:1, L7:1}","{L1:2, L2:1, L4:1, L5:1, L7:1}",""
2875320707355,PHASE_B,158937,11786,MERGE_SUBMIT,12,6,32,"","","","","","","","",0,0,0,"{L1:2, L2:1, L4:1, L5:1, L7:1}","{L1:2, L2:1, L4:1, L5:1, L7:1}",""
2875320707433,PHASE_B,158951,11790,MERGE_START,0,6,32,"[359,362]","","[1,1]","","[2,2]","","[128,128]","",78,0,0,"{L1:2, L2:1, L4:1, L5:1, L7:1}","{L1:2, L2:1, L4:1, L5:1, L7:1}",""
2875320708078,PHASE_B,159039,11807,MERGE_DONE,0,0,0,"","363","","2","","4","","256",78,649,649,"","",""
2875320708094,PHASE_B,159045,11807,MERGE_PUBLISH,0,5,32,"","363","","2","","4","","256",78,660,660,"{L1:2, L2:1, L4:1, L5:1, L7:1}","{L2:2, L4:1, L5:1, L7:1}",""
2875320708105,PHASE_B,159046,11807,MERGE_SUBMIT,31,5,32,"","","","","","","","",0,0,0,"{L2:2, L4:1, L5:1, L7:1}","{L2:2, L4:1, L5:1, L7:1}",""
2875320708209,PHASE_B,159049,11809,MERGE_START,0,5,32,"[356,363]","","[2,2]","","[4,4]","","[256,256]","",85,0,0,"{L2:2, L4:1, L5:1, L7:1}","{L2:2, L4:1, L5:1, L7:1}",""
2875320709306,PHASE_B,159176,11835,MERGE_DONE,0,0,0,"","364","","3","","8","","512",85,1116,1116,"","",""
2875320709348,PHASE_B,159181,11836,MERGE_PUBLISH,0,4,32,"","364","","3","","8","","512",85,1151,1150,"{L2:2, L4:1, L5:1, L7:1}","{L3:1, L4:1, L5:1, L7:1}",""
2875320709548,PHASE_B,159204,11839,SEAL,0,5,32,"","365","","0","","1","","64",0,0,0,"{L3:1, L4:1, L5:1, L7:1}","{L0:1, L3:1, L4:1, L5:1, L7:1}",""
2875320712115,PHASE_B,159517,11902,SEAL,0,6,32,"","366","","0","","1","","64",0,0,0,"{L0:1, L3:1, L4:1, L5:1, L7:1}","{L0:2, L3:1, L4:1, L5:1, L7:1}",""
2875320712128,PHASE_B,159517,11902,MERGE_SUBMIT,0,6,32,"","","","","","","","",0,0,0,"{L0:2, L3:1, L4:1, L5:1, L7:1}","{L0:2, L3:1, L4:1, L5:1, L7:1}",""
2875320712233,PHASE_B,159544,11907,MERGE_START,0,6,32,"[365,366]","","[0,0]","","[1,1]","","[64,64]","",82,0,0,"{L0:2, L3:1, L4:1, L5:1, L7:1}","{L0:2, L3:1, L4:1, L5:1, L7:1}",""
2875320712522,PHASE_B,159578,11915,MERGE_DONE,0,0,0,"","367","","1","","2","","128",82,309,308,"","",""
2875320712542,PHASE_B,159578,11915,MERGE_PUBLISH,0,5,32,"","367","","1","","2","","128",82,324,322,"{L0:2, L3:1, L4:1, L5:1, L7:1}","{L1:1, L3:1, L4:1, L5:1, L7:1}",""
2875320714622,PHASE_B,159839,11966,SEAL,0,6,32,"","368","","0","","1","","64",0,0,0,"{L1:1, L3:1, L4:1, L5:1, L7:1}","{L0:1, L1:1, L3:1, L4:1, L5:1, L7:1}",""
2875320717162,PHASE_B,160160,12030,SEAL,0,7,32,"","369","","0","","1","","64",0,0,0,"{L0:1, L1:1, L3:1, L4:1, L5:1, L7:1}","{L0:2, L1:1, L3:1, L4:1, L5:1, L7:1}",""
2875320717181,PHASE_B,160160,12030,MERGE_SUBMIT,0,7,32,"","","","","","","","",0,0,0,"{L0:2, L1:1, L3:1, L4:1, L5:1, L7:1}","{L0:2, L1:1, L3:1, L4:1, L5:1, L7:1}",""
2875320717295,PHASE_B,160173,12035,MERGE_START,0,7,32,"[368,369]","","[0,0]","","[1,1]","","[64,64]","",91,0,0,"{L0:2, L1:1, L3:1, L4:1, L5:1, L7:1}","{L0:2, L1:1, L3:1, L4:1, L5:1, L7:1}",""
2875320717619,PHASE_B,160230,12043,MERGE_DONE,0,0,0,"","370","","1","","2","","128",91,345,344,"","",""
2875320717645,PHASE_B,160230,12043,MERGE_PUBLISH,0,6,32,"","370","","1","","2","","128",91,364,362,"{L0:2, L1:1, L3:1, L4:1, L5:1, L7:1}","{L1:2, L3:1, L4:1, L5:1, L7:1}",""
2875320717667,PHASE_B,160230,12043,MERGE_SUBMIT,12,6,32,"","","","","","","","",0,0,0,"{L1:2, L3:1, L4:1, L5:1, L7:1}","{L1:2, L3:1, L4:1, L5:1, L7:1}",""
2875320717772,PHASE_B,160236,12046,MERGE_START,0,6,32,"[367,370]","","[1,1]","","[2,2]","","[128,128]","",89,0,0,"{L1:2, L3:1, L4:1, L5:1, L7:1}","{L1:2, L3:1, L4:1, L5:1, L7:1}",""
2875320718360,PHASE_B,160318,12063,MERGE_DONE,0,0,0,"","371","","2","","4","","256",89,608,607,"","",""
2875320718381,PHASE_B,160326,12063,MERGE_PUBLISH,0,5,32,"","371","","2","","4","","256",89,623,621,"{L1:2, L3:1, L4:1, L5:1, L7:1}","{L2:1, L3:1, L4:1, L5:1, L7:1}",""
2875320719887,PHASE_B,160477,12094,SEAL,0,6,32,"","372","","0","","1","","64",0,0,0,"{L2:1, L3:1, L4:1, L5:1, L7:1}","{L0:1, L2:1, L3:1, L4:1, L5:1, L7:1}",""
2875320722292,PHASE_B,160800,12159,SEAL,0,7,32,"","373","","0","","1","","64",0,0,0,"{L0:1, L2:1, L3:1, L4:1, L5:1, L7:1}","{L0:2, L2:1, L3:1, L4:1, L5:1, L7:1}",""
2875320722307,PHASE_B,160800,12159,MERGE_SUBMIT,0,7,32,"","","","","","","","",0,0,0,"{L0:2, L2:1, L3:1, L4:1, L5:1, L7:1}","{L0:2, L2:1, L3:1, L4:1, L5:1, L7:1}",""
2875320722416,PHASE_B,160825,12164,MERGE_START,0,7,32,"[372,373]","","[0,0]","","[1,1]","","[64,64]","",85,0,0,"{L0:2, L2:1, L3:1, L4:1, L5:1, L7:1}","{L0:2, L2:1, L3:1, L4:1, L5:1, L7:1}",""
2875320722721,PHASE_B,160865,12170,MERGE_DONE,0,0,0,"","374","","1","","2","","128",85,325,325,"","",""
2875320722744,PHASE_B,160865,12170,MERGE_PUBLISH,0,6,32,"","374","","1","","2","","128",85,341,340,"{L0:2, L2:1, L3:1, L4:1, L5:1, L7:1}","{L1:1, L2:1, L3:1, L4:1, L5:1, L7:1}",""
2875320724767,PHASE_B,161116,12221,SEAL,0,7,32,"","375","","0","","1","","64",0,0,0,"{L1:1, L2:1, L3:1, L4:1, L5:1, L7:1}","{L0:1, L1:1, L2:1, L3:1, L4:1, L5:1, L7:1}",""
2875320727285,PHASE_B,161429,12285,SEAL,0,8,32,"","376","","0","","1","","64",0,0,0,"{L0:1, L1:1, L2:1, L3:1, L4:1, L5:1, L7:1}","{L0:2, L1:1, L2:1, L3:1, L4:1, L5:1, L7:1}",""
2875320727302,PHASE_B,161429,12285,MERGE_SUBMIT,0,8,32,"","","","","","","","",0,0,0,"{L0:2, L1:1, L2:1, L3:1, L4:1, L5:1, L7:1}","{L0:2, L1:1, L2:1, L3:1, L4:1, L5:1, L7:1}",""
2875320727409,PHASE_B,161463,12290,MERGE_START,0,8,32,"[375,376]","","[0,0]","","[1,1]","","[64,64]","",82,0,0,"{L0:2, L1:1, L2:1, L3:1, L4:1, L5:1, L7:1}","{L0:2, L1:1, L2:1, L3:1, L4:1, L5:1, L7:1}",""
2875320727696,PHASE_B,161503,12300,MERGE_DONE,0,0,0,"","377","","1","","2","","128",82,310,309,"","",""
2875320727722,PHASE_B,161503,12300,MERGE_PUBLISH,0,7,32,"","377","","1","","2","","128",82,326,325,"{L0:2, L1:1, L2:1, L3:1, L4:1, L5:1, L7:1}","{L1:2, L2:1, L3:1, L4:1, L5:1, L7:1}",""
2875320727743,PHASE_B,161508,12301,MERGE_SUBMIT,12,7,32,"","","","","","","","",0,0,0,"{L1:2, L2:1, L3:1, L4:1, L5:1, L7:1}","{L1:2, L2:1, L3:1, L4:1, L5:1, L7:1}",""
2875320727824,PHASE_B,161520,12302,MERGE_START,0,7,32,"[374,377]","","[1,1]","","[2,2]","","[128,128]","",80,0,0,"{L1:2, L2:1, L3:1, L4:1, L5:1, L7:1}","{L1:2, L2:1, L3:1, L4:1, L5:1, L7:1}",""
2875320728333,PHASE_B,161582,12314,MERGE_DONE,0,0,0,"","378","","2","","4","","256",80,515,515,"","",""
2875320728350,PHASE_B,161582,12314,MERGE_PUBLISH,0,6,32,"","378","","2","","4","","256",80,525,525,"{L1:2, L2:1, L3:1, L4:1, L5:1, L7:1}","{L2:2, L3:1, L4:1, L5:1, L7:1}",""
2875320728362,PHASE_B,161582,12314,MERGE_SUBMIT,28,6,32,"","","","","","","","",0,0,0,"{L2:2, L3:1, L4:1, L5:1, L7:1}","{L2:2, L3:1, L4:1, L5:1, L7:1}",""
2875320728469,PHASE_B,161593,12317,MERGE_START,0,6,32,"[371,378]","","[2,2]","","[4,4]","","[256,256]","",87,0,0,"{L2:2, L3:1, L4:1, L5:1, L7:1}","{L2:2, L3:1, L4:1, L5:1, L7:1}",""
2875320729815,PHASE_B,161752,12349,MERGE_DONE,0,0,0,"","379","","3","","8","","512",87,1366,1365,"","",""
2875320729838,PHASE_B,161752,12349,MERGE_PUBLISH,0,5,32,"","379","","3","","8","","512",87,1382,1381,"{L2:2, L3:1, L4:1, L5:1, L7:1}","{L3:2, L4:1, L5:1, L7:1}",""
2875320729857,PHASE_B,161752,12349,MERGE_SUBMIT,62,5,32,"","","","","","","","",0,0,0,"{L3:2, L4:1, L5:1, L7:1}","{L3:2, L4:1, L5:1, L7:1}",""
2875320729968,PHASE_B,161755,12351,MERGE_START,0,5,32,"[364,379]","","[3,3]","","[8,8]","","[512,512]","",94,0,0,"{L3:2, L4:1, L5:1, L7:1}","{L3:2, L4:1, L5:1, L7:1}",""
2875320729987,PHASE_B,161755,12351,SEAL,0,6,32,"","380","","0","","1","","64",0,0,0,"{L3:2, L4:1, L5:1, L7:1}","{L0:1, L3:2, L4:1, L5:1, L7:1}",""
2875320732176,PHASE_B,162039,12408,MERGE_DONE,0,0,0,"","381","","4","","16","","1024",94,2226,2225,"","",""
2875320732200,PHASE_B,162044,12408,MERGE_PUBLISH,0,5,32,"","381","","4","","16","","1024",94,2244,2243,"{L0:1, L3:2, L4:1, L5:1, L7:1}","{L0:1, L4:2, L5:1, L7:1}",""
2875320732234,PHASE_B,162045,12408,MERGE_SUBMIT,56,5,32,"","","","","","","","",0,0,0,"{L0:1, L4:2, L5:1, L7:1}","{L0:1, L4:2, L5:1, L7:1}",""
2875320732340,PHASE_B,162051,12411,MERGE_START,0,5,32,"[350,381]","","[4,4]","","[16,16]","","[1024,1024]","",89,0,0,"{L0:1, L4:2, L5:1, L7:1}","{L0:1, L4:2, L5:1, L7:1}",""
2875320732624,PHASE_B,162082,12414,SEAL,0,6,32,"","382","","0","","1","","64",0,0,0,"{L0:1, L4:2, L5:1, L7:1}","{L0:2, L4:2, L5:1, L7:1}",""
2875320735160,PHASE_B,162391,12478,SEAL,0,7,32,"","384","","0","","1","","64",0,0,0,"{L0:2, L4:2, L5:1, L7:1}","{L0:3, L4:2, L5:1, L7:1}",""
2875320736725,PHASE_B,162621,12523,MERGE_DONE,0,0,0,"","383","","5","","32","","2048",89,4404,4403,"","",""
2875320736774,PHASE_B,162626,12525,MERGE_PUBLISH,0,6,32,"","383","","5","","32","","2048",89,4446,4433,"{L0:3, L4:2, L5:1, L7:1}","{L0:3, L5:2, L7:1}",""
2875320736794,PHASE_B,162626,12525,MERGE_SUBMIT,45,6,32,"","","","","","","","",0,0,0,"{L0:3, L5:2, L7:1}","{L0:3, L5:2, L7:1}",""
2875320736905,PHASE_B,162640,12528,MERGE_START,0,6,32,"[380,382]","","[0,0]","","[1,1]","","[64,64]","",94,0,0,"{L0:3, L5:2, L7:1}","{L0:3, L5:2, L7:1}",""
2875320737651,PHASE_B,162721,12543,MERGE_DONE,0,0,0,"","385","","1","","2","","128",94,765,765,"","",""
2875320737698,PHASE_B,162721,12543,SEAL,0,7,32,"","386","","0","","1","","64",0,0,0,"{L0:3, L5:2, L7:1}","{L0:4, L5:2, L7:1}",""
2875320737747,PHASE_B,162729,12544,MERGE_PUBLISH,0,6,32,"","385","","1","","2","","128",94,853,808,"{L0:4, L5:2, L7:1}","{L0:2, L1:1, L5:2, L7:1}",""
2875320737764,PHASE_B,162729,12544,MERGE_SUBMIT,0,6,32,"","","","","","","","",0,0,0,"{L0:2, L1:1, L5:2, L7:1}","{L0:2, L1:1, L5:2, L7:1}",""
2875320737814,PHASE_B,162740,12546,MERGE_START,0,6,32,"[384,386]","","[0,0]","","[1,1]","","[64,64]","",48,0,0,"{L0:2, L1:1, L5:2, L7:1}","{L0:2, L1:1, L5:2, L7:1}",""
2875320738065,PHASE_B,162776,12554,MERGE_DONE,0,0,0,"","387","","1","","2","","128",48,256,256,"","",""
2875320738097,PHASE_B,162776,12554,MERGE_PUBLISH,0,5,32,"","387","","1","","2","","128",48,283,275,"{L0:2, L1:1, L5:2, L7:1}","{L1:2, L5:2, L7:1}",""
2875320738109,PHASE_B,162776,12554,MERGE_SUBMIT,11,5,32,"","","","","","","","",0,0,0,"{L1:2, L5:2, L7:1}","{L1:2, L5:2, L7:1}",""
2875320738139,PHASE_B,162789,12556,MERGE_START,0,5,32,"[385,387]","","[1,1]","","[2,2]","","[128,128]","",21,0,0,"{L1:2, L5:2, L7:1}","{L1:2, L5:2, L7:1}",""
2875320738660,PHASE_B,162846,12569,MERGE_DONE,0,0,0,"","388","","2","","4","","256",21,532,531,"","",""
2875320738674,PHASE_B,162848,12569,MERGE_PUBLISH,0,4,32,"","388","","2","","4","","256",21,543,542,"{L1:2, L5:2, L7:1}","{L2:1, L5:2, L7:1}",""
2875320738689,PHASE_B,162848,12569,MERGE_SUBMIT,25,4,32,"","","","","","","","",0,0,0,"{L2:1, L5:2, L7:1}","{L2:1, L5:2, L7:1}",""
2875320738727,PHASE_B,162848,12569,MERGE_START,0,4,32,"[319,383]","","[5,5]","","[32,32]","","[2048,2048]","",21,0,0,"{L2:1, L5:2, L7:1}","{L2:1, L5:2, L7:1}",""
2875320740402,PHASE_B,163041,12607,SEAL,0,5,32,"","389","","0","","1","","64",0,0,0,"{L2:1, L5:2, L7:1}","{L0:1, L2:1, L5:2, L7:1}",""
2875320742933,PHASE_B,163359,12671,SEAL,0,6,32,"","391","","0","","1","","64",0,0,0,"{L0:1, L2:1, L5:2, L7:1}","{L0:2, L2:1, L5:2, L7:1}",""
2875320745533,PHASE_B,163679,12735,SEAL,0,7,32,"","392","","0","","1","","64",0,0,0,"{L0:2, L2:1, L5:2, L7:1}","{L0:3, L2:1, L5:2, L7:1}",""
2875320748129,PHASE_B,164005,12799,SEAL,0,8,32,"","393","","0","","1","","64",0,0,0,"{L0:3, L2:1, L5:2, L7:1}","{L0:4, L2:1, L5:2, L7:1}",""
2875320750009,PHASE_B,164248,12850,MERGE_DONE,0,0,0,"","390","","6","","64","","4096",21,11293,11293,"","",""
2875320750040,PHASE_B,164248,12850,MERGE_PUBLISH,0,7,32,"","390","","6","","64","","4096",21,11323,11323,"{L0:4, L2:1, L5:2, L7:1}","{L0:4, L2:1, L6:1, L7:1}",""
2875320750061,PHASE_B,164248,12850,MERGE_SUBMIT,50,7,32,"","","","","","","","",0,0,0,"{L0:4, L2:1, L6:1, L7:1}","{L0:4, L2:1, L6:1, L7:1}",""
2875320750162,PHASE_B,164269,12852,MERGE_START,0,7,32,"[389,391]","","[0,0]","","[1,1]","","[64,64]","",84,0,0,"{L0:4, L2:1, L6:1, L7:1}","{L0:4, L2:1, L6:1, L7:1}",""
2875320750490,PHASE_B,164305,12860,MERGE_DONE,0,0,0,"","394","","1","","2","","128",84,348,347,"","",""
2875320750512,PHASE_B,164306,12860,MERGE_PUBLISH,0,6,32,"","394","","1","","2","","128",84,363,362,"{L0:4, L2:1, L6:1, L7:1}","{L0:2, L1:1, L2:1, L6:1, L7:1}",""
2875320750532,PHASE_B,164306,12860,MERGE_SUBMIT,60,6,32,"","","","","","","","",0,0,0,"{L0:2, L1:1, L2:1, L6:1, L7:1}","{L0:2, L1:1, L2:1, L6:1, L7:1}",""
2875320750640,PHASE_B,164306,12860,MERGE_START,0,6,32,"[392,393]","","[0,0]","","[1,1]","","[64,64]","",90,0,0,"{L0:2, L1:1, L2:1, L6:1, L7:1}","{L0:2, L1:1, L2:1, L6:1, L7:1}",""
2875320750753,PHASE_B,164306,12860,SEAL,0,7,32,"","396","","0","","1","","64",0,0,0,"{L0:2, L1:1, L2:1, L6:1, L7:1}","{L0:3, L1:1, L2:1, L6:1, L7:1}",""
2875320750925,PHASE_B,164348,12868,MERGE_DONE,0,0,0,"","395","","1","","2","","128",90,305,305,"","",""
2875320750968,PHASE_B,164348,12868,MERGE_PUBLISH,0,6,32,"","395","","1","","2","","128",90,342,330,"{L0:3, L1:1, L2:1, L6:1, L7:1}","{L0:1, L1:2, L2:1, L6:1, L7:1}",""
2875320750988,PHASE_B,164352,12870,MERGE_SUBMIT,5,6,32,"","","","","","","","",0,0,0,"{L0:1, L1:2, L2:1, L6:1, L7:1}","{L0:1, L1:2, L2:1, L6:1, L7:1}",""
2875320751120,PHASE_B,164373,12873,MERGE_START,0,6,32,"[394,395]","","[1,1]","","[2,2]","","[128,128]","",114,0,0,"{L0:1, L1:2, L2:1, L6:1, L7:1}","{L0:1, L1:2, L2:1, L6:1, L7:1}",""
2875320752397,PHASE_B,164532,12906,MERGE_DONE,0,0,0,"","397","","2","","4","","256",114,1296,1229,"","",""
2875320752418,PHASE_B,164532,12906,MERGE_PUBLISH,0,5,32,"","397","","2","","4","","256",114,1313,1245,"{L0:1, L1:2, L2:1, L6:1, L7:1}","{L0:1, L2:2, L6:1, L7:1}",""
2875320752436,PHASE_B,164532,12906,MERGE_SUBMIT,42,5,32,"","","","","","","","",0,0,0,"{L0:1, L2:2, L6:1, L7:1}","{L0:1, L2:2, L6:1, L7:1}",""
2875320752539,PHASE_B,164546,12909,MERGE_START,0,5,32,"[388,397]","","[2,2]","","[4,4]","","[256,256]","",86,0,0,"{L0:1, L2:2, L6:1, L7:1}","{L0:1, L2:2, L6:1, L7:1}",""
2875320753445,PHASE_B,164638,12927,SEAL,0,6,32,"","399","","0","","1","","64",0,0,0,"{L0:1, L2:2, L6:1, L7:1}","{L0:2, L2:2, L6:1, L7:1}",""
2875320753651,PHASE_B,164675,12934,MERGE_DONE,0,0,0,"","398","","3","","8","","512",86,1132,1131,"","",""
2875320753672,PHASE_B,164677,12934,MERGE_PUBLISH,0,5,32,"","398","","3","","8","","512",86,1147,1146,"{L0:2, L2:2, L6:1, L7:1}","{L0:2, L3:1, L6:1, L7:1}",""
2875320753692,PHASE_B,164677,12934,MERGE_SUBMIT,6,5,32,"","","","","","","","",0,0,0,"{L0:2, L3:1, L6:1, L7:1}","{L0:2, L3:1, L6:1, L7:1}",""
2875320753796,PHASE_B,164682,12938,MERGE_START,0,5,32,"[396,399]","","[0,0]","","[1,1]","","[64,64]","",88,0,0,"{L0:2, L3:1, L6:1, L7:1}","{L0:2, L3:1, L6:1, L7:1}",""
2875320754117,PHASE_B,164724,12944,MERGE_DONE,0,0,0,"","400","","1","","2","","128",88,341,340,"","",""
2875320754138,PHASE_B,164724,12944,MERGE_PUBLISH,0,4,32,"","400","","1","","2","","128",88,355,354,"{L0:2, L3:1, L6:1, L7:1}","{L1:1, L3:1, L6:1, L7:1}",""
2875320756068,PHASE_B,164957,12991,SEAL,0,5,32,"","401","","0","","1","","64",0,0,0,"{L1:1, L3:1, L6:1, L7:1}","{L0:1, L1:1, L3:1, L6:1, L7:1}",""
2875320758518,PHASE_B,165283,13055,SEAL,0,6,32,"","402","","0","","1","","64",0,0,0,"{L0:1, L1:1, L3:1, L6:1, L7:1}","{L0:2, L1:1, L3:1, L6:1, L7:1}",""
2875320758533,PHASE_B,165283,13055,MERGE_SUBMIT,0,6,32,"","","","","","","","",0,0,0,"{L0:2, L1:1, L3:1, L6:1, L7:1}","{L0:2, L1:1, L3:1, L6:1, L7:1}",""
2875320758642,PHASE_B,165297,13060,MERGE_START,0,6,32,"[401,402]","","[0,0]","","[1,1]","","[64,64]","",86,0,0,"{L0:2, L1:1, L3:1, L6:1, L7:1}","{L0:2, L1:1, L3:1, L6:1, L7:1}",""
2875320758920,PHASE_B,165328,13063,MERGE_DONE,0,0,0,"","403","","1","","2","","128",86,298,297,"","",""
2875320758940,PHASE_B,165328,13063,MERGE_PUBLISH,0,5,32,"","403","","1","","2","","128",86,312,311,"{L0:2, L1:1, L3:1, L6:1, L7:1}","{L1:2, L3:1, L6:1, L7:1}",""
2875320758960,PHASE_B,165330,13065,MERGE_SUBMIT,12,5,32,"","","","","","","","",0,0,0,"{L1:2, L3:1, L6:1, L7:1}","{L1:2, L3:1, L6:1, L7:1}",""
2875320759071,PHASE_B,165360,13071,MERGE_START,0,5,32,"[400,403]","","[1,1]","","[2,2]","","[128,128]","",94,0,0,"{L1:2, L3:1, L6:1, L7:1}","{L1:2, L3:1, L6:1, L7:1}",""
2875320759670,PHASE_B,165434,13086,MERGE_DONE,0,0,0,"","404","","2","","4","","256",94,618,617,"","",""
2875320759689,PHASE_B,165435,13086,MERGE_PUBLISH,0,4,32,"","404","","2","","4","","256",94,632,631,"{L1:2, L3:1, L6:1, L7:1}","{L2:1, L3:1, L6:1, L7:1}",""
2875320761163,PHASE_B,165597,13119,SEAL,0,5,32,"","405","","0","","1","","64",0,0,0,"{L2:1, L3:1, L6:1, L7:1}","{L0:1, L2:1, L3:1, L6:1, L7:1}",""
2875320763580,PHASE_B,165925,13183,SEAL,0,6,32,"","406","","0","","1","","64",0,0,0,"{L0:1, L2:1, L3:1, L6:1, L7:1}","{L0:2, L2:1, L3:1, L6:1, L7:1}",""
2875320763593,PHASE_B,165925,13183,MERGE_SUBMIT,0,6,32,"","","","","","","","",0,0,0,"{L0:2, L2:1, L3:1, L6:1, L7:1}","{L0:2, L2:1, L3:1, L6:1, L7:1}",""
2875320763709,PHASE_B,165934,13186,MERGE_START,0,6,32,"[405,406]","","[0,0]","","[1,1]","","[64,64]","",93,0,0,"{L0:2, L2:1, L3:1, L6:1, L7:1}","{L0:2, L2:1, L3:1, L6:1, L7:1}",""
2875320763980,PHASE_B,165980,13194,MERGE_DONE,0,0,0,"","407","","1","","2","","128",93,290,289,"","",""
2875320764015,PHASE_B,165980,13194,MERGE_PUBLISH,0,5,32,"","407","","1","","2","","128",93,305,304,"{L0:2, L2:1, L3:1, L6:1, L7:1}","{L1:1, L2:1, L3:1, L6:1, L7:1}",""
2875320766273,PHASE_B,166240,13247,SEAL,0,6,32,"","408","","0","","1","","64",0,0,0,"{L1:1, L2:1, L3:1, L6:1, L7:1}","{L0:1, L1:1, L2:1, L3:1, L6:1, L7:1}",""
2875320768711,PHASE_B,166551,13311,SEAL,0,7,32,"","409","","0","","1","","64",0,0,0,"{L0:1, L1:1, L2:1, L3:1, L6:1, L7:1}","{L0:2, L1:1, L2:1, L3:1, L6:1, L7:1}",""
2875320768729,PHASE_B,166551,13311,MERGE_SUBMIT,0,7,32,"","","","","","","","",0,0,0,"{L0:2, L1:1, L2:1, L3:1, L6:1, L7:1}","{L0:2, L1:1, L2:1, L3:1, L6:1, L7:1}",""
2875320768843,PHASE_B,166577,13314,MERGE_START,0,7,32,"[408,409]","","[0,0]","","[1,1]","","[64,64]","",90,0,0,"{L0:2, L1:1, L2:1, L3:1, L6:1, L7:1}","{L0:2, L1:1, L2:1, L3:1, L6:1, L7:1}",""
2875320769162,PHASE_B,166622,13323,MERGE_DONE,0,0,0,"","410","","1","","2","","128",90,341,340,"","",""
2875320769187,PHASE_B,166623,13323,MERGE_PUBLISH,0,6,32,"","410","","1","","2","","128",90,358,356,"{L0:2, L1:1, L2:1, L3:1, L6:1, L7:1}","{L1:2, L2:1, L3:1, L6:1, L7:1}",""
2875320769208,PHASE_B,166623,13323,MERGE_SUBMIT,11,6,32,"","","","","","","","",0,0,0,"{L1:2, L2:1, L3:1, L6:1, L7:1}","{L1:2, L2:1, L3:1, L6:1, L7:1}",""
2875320769273,PHASE_B,166631,13326,MERGE_START,0,6,32,"[407,410]","","[1,1]","","[2,2]","","[128,128]","",65,0,0,"{L1:2, L2:1, L3:1, L6:1, L7:1}","{L1:2, L2:1, L3:1, L6:1, L7:1}",""
2875320769780,PHASE_B,166691,13338,MERGE_DONE,0,0,0,"","411","","2","","4","","256",65,512,513,"","",""
2875320769821,PHASE_B,166705,13340,MERGE_PUBLISH,0,5,32,"","411","","2","","4","","256",65,544,532,"{L1:2, L2:1, L3:1, L6:1, L7:1}","{L2:2, L3:1, L6:1, L7:1}",""
2875320769834,PHASE_B,166708,13340,MERGE_SUBMIT,28,5,32,"","","","","","","","",0,0,0,"{L2:2, L3:1, L6:1, L7:1}","{L2:2, L3:1, L6:1, L7:1}",""
2875320769938,PHASE_B,166715,13341,MERGE_START,0,5,32,"[404,411]","","[2,2]","","[4,4]","","[256,256]","",86,0,0,"{L2:2, L3:1, L6:1, L7:1}","{L2:2, L3:1, L6:1, L7:1}",""
2875320771008,PHASE_B,166840,13365,MERGE_DONE,0,0,0,"","412","","3","","8","","512",86,1082,1081,"","",""
2875320771029,PHASE_B,166840,13365,MERGE_PUBLISH,0,4,32,"","412","","3","","8","","512",86,1104,1103,"{L2:2, L3:1, L6:1, L7:1}","{L3:2, L6:1, L7:1}",""
2875320771048,PHASE_B,166840,13365,MERGE_SUBMIT,56,4,32,"","","","","","","","",0,0,0,"{L3:2, L6:1, L7:1}","{L3:2, L6:1, L7:1}",""
2875320771890,PHASE_B,166880,13375,MERGE_START,0,4,32,"[398,412]","","[3,3]","","[8,8]","","[512,512]","",85,0,0,"{L3:2, L6:1, L7:1}","{L3:2, L6:1, L7:1}",""
2875320771900,PHASE_B,166880,13375,SEAL,0,5,32,"","413","","0","","1","","64",0,0,0,"{L3:2, L6:1, L7:1}","{L0:1, L3:2, L6:1, L7:1}",""
2875320774065,PHASE_B,167158,13430,MERGE_DONE,0,0,0,"","414","","4","","16","","1024",85,2933,2207,"","",""
2875320774087,PHASE_B,167158,13430,MERGE_PUBLISH,0,4,32,"","414","","4","","16","","1024",85,2951,2223,"{L0:1, L3:2, L6:1, L7:1}","{L0:1, L4:1, L6:1, L7:1}",""
2875320774585,PHASE_B,167199,13439,SEAL,0,5,32,"","415","","0","","1","","64",0,0,0,"{L0:1, L4:1, L6:1, L7:1}","{L0:2, L4:1, L6:1, L7:1}",""
2875320774599,PHASE_B,167199,13439,MERGE_SUBMIT,0,5,32,"","","","","","","","",0,0,0,"{L0:2, L4:1, L6:1, L7:1}","{L0:2, L4:1, L6:1, L7:1}",""
2875320774644,PHASE_B,167205,13441,MERGE_START,0,5,32,"[413,415]","","[0,0]","","[1,1]","","[64,64]","",24,0,0,"{L0:2, L4:1, L6:1, L7:1}","{L0:2, L4:1, L6:1, L7:1}",""
2875320774945,PHASE_B,167255,13451,MERGE_DONE,0,0,0,"","416","","1","","2","","128",24,321,320,"","",""
2875320775020,PHASE_B,167261,13452,MERGE_PUBLISH,0,4,32,"","416","","1","","2","","128",24,378,359,"{L0:2, L4:1, L6:1, L7:1}","{L1:1, L4:1, L6:1, L7:1}",""
2875320777268,PHASE_B,167525,13503,SEAL,0,5,32,"","417","","0","","1","","64",0,0,0,"{L1:1, L4:1, L6:1, L7:1}","{L0:1, L1:1, L4:1, L6:1, L7:1}",""
2875320779692,PHASE_B,167838,13567,SEAL,0,6,32,"","418","","0","","1","","64",0,0,0,"{L0:1, L1:1, L4:1, L6:1, L7:1}","{L0:2, L1:1, L4:1, L6:1, L7:1}",""
2875320779705,PHASE_B,167838,13567,MERGE_SUBMIT,0,6,32,"","","","","","","","",0,0,0,"{L0:2, L1:1, L4:1, L6:1, L7:1}","{L0:2, L1:1, L4:1, L6:1, L7:1}",""
2875320779821,PHASE_B,167852,13571,MERGE_START,0,6,32,"[417,418]","","[0,0]","","[1,1]","","[64,64]","",92,0,0,"{L0:2, L1:1, L4:1, L6:1, L7:1}","{L0:2, L1:1, L4:1, L6:1, L7:1}",""
2875320780156,PHASE_B,167901,13580,MERGE_DONE,0,0,0,"","419","","1","","2","","128",92,355,354,"","",""
2875320780206,PHASE_B,167916,13581,MERGE_PUBLISH,0,5,32,"","419","","1","","2","","128",92,399,383,"{L0:2, L1:1, L4:1, L6:1, L7:1}","{L1:2, L4:1, L6:1, L7:1}",""
2875320780223,PHASE_B,167916,13581,MERGE_SUBMIT,13,5,32,"","","","","","","","",0,0,0,"{L1:2, L4:1, L6:1, L7:1}","{L1:2, L4:1, L6:1, L7:1}",""
2875320780335,PHASE_B,167922,13582,MERGE_START,0,5,32,"[416,419]","","[1,1]","","[2,2]","","[128,128]","",96,0,0,"{L1:2, L4:1, L6:1, L7:1}","{L1:2, L4:1, L6:1, L7:1}",""
2875320781000,PHASE_B,168010,13601,MERGE_DONE,0,0,0,"","420","","2","","4","","256",96,684,683,"","",""
2875320781040,PHASE_B,168018,13602,MERGE_PUBLISH,0,4,32,"","420","","2","","4","","256",96,719,718,"{L1:2, L4:1, L6:1, L7:1}","{L2:1, L4:1, L6:1, L7:1}",""
2875320782371,PHASE_B,168165,13631,SEAL,0,5,32,"","421","","0","","1","","64",0,0,0,"{L2:1, L4:1, L6:1, L7:1}","{L0:1, L2:1, L4:1, L6:1, L7:1}",""
2875320784802,PHASE_B,168479,13695,SEAL,0,6,32,"","422","","0","","1","","64",0,0,0,"{L0:1, L2:1, L4:1, L6:1, L7:1}","{L0:2, L2:1, L4:1, L6:1, L7:1}",""
2875320784815,PHASE_B,168479,13695,MERGE_SUBMIT,0,6,32,"","","","","","","","",0,0,0,"{L0:2, L2:1, L4:1, L6:1, L7:1}","{L0:2, L2:1, L4:1, L6:1, L7:1}",""
2875320784925,PHASE_B,168494,13699,MERGE_START,0,6,32,"[421,422]","","[0,0]","","[1,1]","","[64,64]","",87,0,0,"{L0:2, L2:1, L4:1, L6:1, L7:1}","{L0:2, L2:1, L4:1, L6:1, L7:1}",""
2875320785302,PHASE_B,168553,13711,MERGE_DONE,0,0,0,"","423","","1","","2","","128",87,397,396,"","",""
2875320785324,PHASE_B,168554,13711,MERGE_PUBLISH,0,5,32,"","423","","1","","2","","128",87,411,410,"{L0:2, L2:1, L4:1, L6:1, L7:1}","{L1:1, L2:1, L4:1, L6:1, L7:1}",""
2875320787299,PHASE_B,168785,13755,SEAL,0,6,32,"","424","","0","","1","","64",0,0,0,"{L1:1, L2:1, L4:1, L6:1, L7:1}","{L0:1, L1:1, L2:1, L4:1, L6:1, L7:1}",""
2875320789739,PHASE_B,169120,13823,SEAL,0,7,32,"","425","","0","","1","","64",0,0,0,"{L0:1, L1:1, L2:1, L4:1, L6:1, L7:1}","{L0:2, L1:1, L2:1, L4:1, L6:1, L7:1}",""
2875320789759,PHASE_B,169120,13823,MERGE_SUBMIT,0,7,32,"","","","","","","","",0,0,0,"{L0:2, L1:1, L2:1, L4:1, L6:1, L7:1}","{L0:2, L1:1, L2:1, L4:1, L6:1, L7:1}",""
2875320789883,PHASE_B,169134,13827,MERGE_START,0,7,32,"[424,425]","","[0,0]","","[1,1]","","[64,64]","",97,0,0,"{L0:2, L1:1, L2:1, L4:1, L6:1, L7:1}","{L0:2, L1:1, L2:1, L4:1, L6:1, L7:1}",""
2875320790210,PHASE_B,169182,13836,MERGE_DONE,0,0,0,"","426","","1","","2","","128",97,353,352,"","",""
2875320790233,PHASE_B,169183,13836,MERGE_PUBLISH,0,6,32,"","426","","1","","2","","128",97,368,367,"{L0:2, L1:1, L2:1, L4:1, L6:1, L7:1}","{L1:2, L2:1, L4:1, L6:1, L7:1}",""
2875320790251,PHASE_B,169183,13836,MERGE_SUBMIT,12,6,32,"","","","","","","","",0,0,0,"{L1:2, L2:1, L4:1, L6:1, L7:1}","{L1:2, L2:1, L4:1, L6:1, L7:1}",""
2875320790316,PHASE_B,169190,13837,MERGE_START,0,6,32,"[423,426]","","[1,1]","","[2,2]","","[128,128]","",65,0,0,"{L1:2, L2:1, L4:1, L6:1, L7:1}","{L1:2, L2:1, L4:1, L6:1, L7:1}",""
2875320790815,PHASE_B,169263,13850,MERGE_DONE,0,0,0,"","427","","2","","4","","256",65,504,504,"","",""
2875320790845,PHASE_B,169268,13852,MERGE_PUBLISH,0,5,32,"","427","","2","","4","","256",65,528,528,"{L1:2, L2:1, L4:1, L6:1, L7:1}","{L2:2, L4:1, L6:1, L7:1}",""
2875320790855,PHASE_B,169268,13852,MERGE_SUBMIT,28,5,32,"","","","","","","","",0,0,0,"{L2:2, L4:1, L6:1, L7:1}","{L2:2, L4:1, L6:1, L7:1}",""
2875320790958,PHASE_B,169279,13855,MERGE_START,0,5,32,"[420,427]","","[2,2]","","[4,4]","","[256,256]","",84,0,0,"{L2:2, L4:1, L6:1, L7:1}","{L2:2, L4:1, L6:1, L7:1}",""
2875320792009,PHASE_B,169405,13879,MERGE_DONE,0,0,0,"","428","","3","","8","","512",84,1062,1061,"","",""
2875320792058,PHASE_B,169405,13879,MERGE_PUBLISH,0,4,32,"","428","","3","","8","","512",84,1113,1098,"{L2:2, L4:1, L6:1, L7:1}","{L3:1, L4:1, L6:1, L7:1}",""
2875320792430,PHASE_B,169443,13887,SEAL,0,5,32,"","429","","0","","1","","64",0,0,0,"{L3:1, L4:1, L6:1, L7:1}","{L0:1, L3:1, L4:1, L6:1, L7:1}",""
2875320794881,PHASE_B,169753,13950,SEAL,0,6,32,"","430","","0","","1","","64",0,0,0,"{L0:1, L3:1, L4:1, L6:1, L7:1}","{L0:2, L3:1, L4:1, L6:1, L7:1}",""
2875320794893,PHASE_B,169753,13950,MERGE_SUBMIT,0,6,32,"","","","","","","","",0,0,0,"{L0:2, L3:1, L4:1, L6:1, L7:1}","{L0:2, L3:1, L4:1, L6:1, L7:1}",""
2875320795019,PHASE_B,169782,13955,MERGE_START,0,6,32,"[429,430]","","[0,0]","","[1,1]","","[64,64]","",84,0,0,"{L0:2, L3:1, L4:1, L6:1, L7:1}","{L0:2, L3:1, L4:1, L6:1, L7:1}",""
2875320795329,PHASE_B,169833,13965,MERGE_DONE,0,0,0,"","431","","1","","2","","128",84,348,347,"","",""
2875320795352,PHASE_B,169833,13965,MERGE_PUBLISH,0,5,32,"","431","","1","","2","","128",84,364,363,"{L0:2, L3:1, L4:1, L6:1, L7:1}","{L1:1, L3:1, L4:1, L6:1, L7:1}",""
2875320797508,PHASE_B,170082,14015,SEAL,0,6,32,"","432","","0","","1","","64",0,0,0,"{L1:1, L3:1, L4:1, L6:1, L7:1}","{L0:1, L1:1, L3:1, L4:1, L6:1, L7:1}",""
2875320799932,PHASE_B,170402,14079,SEAL,0,7,32,"","433","","0","","1","","64",0,0,0,"{L0:1, L1:1, L3:1, L4:1, L6:1, L7:1}","{L0:2, L1:1, L3:1, L4:1, L6:1, L7:1}",""
2875320799944,PHASE_B,170402,14079,MERGE_SUBMIT,0,7,32,"","","","","","","","",0,0,0,"{L0:2, L1:1, L3:1, L4:1, L6:1, L7:1}","{L0:2, L1:1, L3:1, L4:1, L6:1, L7:1}",""
2875320800065,PHASE_B,170407,14083,MERGE_START,0,7,32,"[432,433]","","[0,0]","","[1,1]","","[64,64]","",96,0,0,"{L0:2, L1:1, L3:1, L4:1, L6:1, L7:1}","{L0:2, L1:1, L3:1, L4:1, L6:1, L7:1}",""
2875320800374,PHASE_B,170460,14091,MERGE_DONE,0,0,0,"","434","","1","","2","","128",96,331,330,"","",""
2875320800422,PHASE_B,170460,14091,MERGE_PUBLISH,0,6,32,"","434","","1","","2","","128",96,370,357,"{L0:2, L1:1, L3:1, L4:1, L6:1, L7:1}","{L1:2, L3:1, L4:1, L6:1, L7:1}",""
2875320800459,PHASE_B,170464,14093,MERGE_SUBMIT,12,6,32,"","","","","","","","",0,0,0,"{L1:2, L3:1, L4:1, L6:1, L7:1}","{L1:2, L3:1, L4:1, L6:1, L7:1}",""
2875320800538,PHASE_B,170464,14093,MERGE_START,0,6,32,"[431,434]","","[1,1]","","[2,2]","","[128,128]","",78,0,0,"{L1:2, L3:1, L4:1, L6:1, L7:1}","{L1:2, L3:1, L4:1, L6:1, L7:1}",""
2875320801061,PHASE_B,170545,14108,MERGE_DONE,0,0,0,"","435","","2","","4","","256",78,529,529,"","",""
2875320801077,PHASE_B,170545,14108,MERGE_PUBLISH,0,5,32,"","435","","2","","4","","256",78,540,540,"{L1:2, L3:1, L4:1, L6:1, L7:1}","{L2:1, L3:1, L4:1, L6:1, L7:1}",""
2875320802594,PHASE_B,170723,14143,SEAL,0,6,32,"","436","","0","","1","","64",0,0,0,"{L2:1, L3:1, L4:1, L6:1, L7:1}","{L0:1, L2:1, L3:1, L4:1, L6:1, L7:1}",""
2875320805048,PHASE_B,171046,14207,SEAL,0,7,32,"","437","","0","","1","","64",0,0,0,"{L0:1, L2:1, L3:1, L4:1, L6:1, L7:1}","{L0:2, L2:1, L3:1, L4:1, L6:1, L7:1}",""
2875320805061,PHASE_B,171046,14207,MERGE_SUBMIT,0,7,32,"","","","","","","","",0,0,0,"{L0:2, L2:1, L3:1, L4:1, L6:1, L7:1}","{L0:2, L2:1, L3:1, L4:1, L6:1, L7:1}",""
2875320805166,PHASE_B,171052,14210,MERGE_START,0,7,32,"[436,437]","","[0,0]","","[1,1]","","[64,64]","",81,0,0,"{L0:2, L2:1, L3:1, L4:1, L6:1, L7:1}","{L0:2, L2:1, L3:1, L4:1, L6:1, L7:1}",""
2875320805503,PHASE_B,171117,14221,MERGE_DONE,0,0,0,"","438","","1","","2","","128",81,358,357,"","",""
2875320805527,PHASE_B,171117,14221,MERGE_PUBLISH,0,6,32,"","438","","1","","2","","128",81,374,373,"{L0:2, L2:1, L3:1, L4:1, L6:1, L7:1}","{L1:1, L2:1, L3:1, L4:1, L6:1, L7:1}",""
2875320807578,PHASE_B,171361,14271,SEAL,0,7,32,"","439","","0","","1","","64",0,0,0,"{L1:1, L2:1, L3:1, L4:1, L6:1, L7:1}","{L0:1, L1:1, L2:1, L3:1, L4:1, L6:1, L7:1}",""
2875320810005,PHASE_B,171678,14333,SEAL,0,8,32,"","440","","0","","1","","64",0,0,0,"{L0:1, L1:1, L2:1, L3:1, L4:1, L6:1, L7:1}","{L0:2, L1:1, L2:1, L3:1, L4:1, L6:1, L7:1}",""
2875320810018,PHASE_B,171678,14333,MERGE_SUBMIT,0,8,32,"","","","","","","","",0,0,0,"{L0:2, L1:1, L2:1, L3:1, L4:1, L6:1, L7:1}","{L0:2, L1:1, L2:1, L3:1, L4:1, L6:1, L7:1}",""
2875320810130,PHASE_B,171697,14339,MERGE_START,0,8,32,"[439,440]","","[0,0]","","[1,1]","","[64,64]","",81,0,0,"{L0:2, L1:1, L2:1, L3:1, L4:1, L6:1, L7:1}","{L0:2, L1:1, L2:1, L3:1, L4:1, L6:1, L7:1}",""
2875320810435,PHASE_B,171742,14346,MERGE_DONE,0,0,0,"","441","","1","","2","","128",81,333,333,"","",""
2875320810460,PHASE_B,171742,14346,MERGE_PUBLISH,0,7,32,"","441","","1","","2","","128",81,350,349,"{L0:2, L1:1, L2:1, L3:1, L4:1, L6:1, L7:1}","{L1:2, L2:1, L3:1, L4:1, L6:1, L7:1}",""
2875320810479,PHASE_B,171742,14346,MERGE_SUBMIT,12,7,32,"","","","","","","","",0,0,0,"{L1:2, L2:1, L3:1, L4:1, L6:1, L7:1}","{L1:2, L2:1, L3:1, L4:1, L6:1, L7:1}",""
2875320810590,PHASE_B,171757,14351,MERGE_START,0,7,32,"[438,441]","","[1,1]","","[2,2]","","[128,128]","",94,0,0,"{L1:2, L2:1, L3:1, L4:1, L6:1, L7:1}","{L1:2, L2:1, L3:1, L4:1, L6:1, L7:1}",""
2875320811205,PHASE_B,171838,14367,MERGE_DONE,0,0,0,"","442","","2","","4","","256",94,636,635,"","",""
2875320811229,PHASE_B,171841,14367,MERGE_PUBLISH,0,6,32,"","442","","2","","4","","256",94,651,650,"{L1:2, L2:1, L3:1, L4:1, L6:1, L7:1}","{L2:2, L3:1, L4:1, L6:1, L7:1}",""
2875320811249,PHASE_B,171842,14368,MERGE_SUBMIT,31,6,32,"","","","","","","","",0,0,0,"{L2:2, L3:1, L4:1, L6:1, L7:1}","{L2:2, L3:1, L4:1, L6:1, L7:1}",""
2875320811352,PHASE_B,171860,14370,MERGE_START,0,6,32,"[435,442]","","[2,2]","","[4,4]","","[256,256]","",85,0,0,"{L2:2, L3:1, L4:1, L6:1, L7:1}","{L2:2, L3:1, L4:1, L6:1, L7:1}",""
2875320812433,PHASE_B,171972,14394,MERGE_DONE,0,0,0,"","443","","3","","8","","512",85,1101,1100,"","",""
2875320812491,PHASE_B,171982,14395,MERGE_PUBLISH,0,5,32,"","443","","3","","8","","512",85,1152,1130,"{L2:2, L3:1, L4:1, L6:1, L7:1}","{L3:2, L4:1, L6:1, L7:1}",""
2875320812510,PHASE_B,171982,14395,MERGE_SUBMIT,59,5,32,"","","","","","","","",0,0,0,"{L3:2, L4:1, L6:1, L7:1}","{L3:2, L4:1, L6:1, L7:1}",""
2875320812615,PHASE_B,171993,14398,MERGE_START,0,5,32,"[428,443]","","[3,3]","","[8,8]","","[512,512]","",88,0,0,"{L3:2, L4:1, L6:1, L7:1}","{L3:2, L4:1, L6:1, L7:1}",""
2875320812751,PHASE_B,172003,14399,SEAL,0,6,32,"","444","","0","","1","","64",0,0,0,"{L3:2, L4:1, L6:1, L7:1}","{L0:1, L3:2, L4:1, L6:1, L7:1}",""
2875320814808,PHASE_B,172268,14453,MERGE_DONE,0,0,0,"","445","","4","","16","","1024",88,2212,2211,"","",""
2875320814831,PHASE_B,172269,14453,MERGE_PUBLISH,0,5,32,"","445","","4","","16","","1024",88,2228,2227,"{L0:1, L3:2, L4:1, L6:1, L7:1}","{L0:1, L4:2, L6:1, L7:1}",""
2875320814850,PHASE_B,172269,14453,MERGE_SUBMIT,53,5,32,"","","","","","","","",0,0,0,"{L0:1, L4:2, L6:1, L7:1}","{L0:1, L4:2, L6:1, L7:1}",""
2875320814956,PHASE_B,172281,14455,MERGE_START,0,5,32,"[414,445]","","[4,4]","","[16,16]","","[1024,1024]","",89,0,0,"{L0:1, L4:2, L6:1, L7:1}","{L0:1, L4:2, L6:1, L7:1}",""
2875320815373,PHASE_B,172319,14462,SEAL,0,6,32,"","446","","0","","1","","64",0,0,0,"{L0:1, L4:2, L6:1, L7:1}","{L0:2, L4:2, L6:1, L7:1}",""
2875320817900,PHASE_B,172633,14526,SEAL,0,7,32,"","448","","0","","1","","64",0,0,0,"{L0:2, L4:2, L6:1, L7:1}","{L0:3, L4:2, L6:1, L7:1}",""
2875320819361,PHASE_B,172853,14569,MERGE_DONE,0,0,0,"","447","","5","","32","","2048",89,4423,4423,"","",""
2875320819402,PHASE_B,172853,14569,MERGE_PUBLISH,0,6,32,"","447","","5","","32","","2048",89,4458,4457,"{L0:3, L4:2, L6:1, L7:1}","{L0:3, L5:1, L6:1, L7:1}",""
2875320819422,PHASE_B,172853,14569,MERGE_SUBMIT,42,6,32,"","","","","","","","",0,0,0,"{L0:3, L5:1, L6:1, L7:1}","{L0:3, L5:1, L6:1, L7:1}",""
2875320819535,PHASE_B,172866,14573,MERGE_START,0,6,32,"[444,446]","","[0,0]","","[1,1]","","[64,64]","",95,0,0,"{L0:3, L5:1, L6:1, L7:1}","{L0:3, L5:1, L6:1, L7:1}",""
2875320819856,PHASE_B,172897,14578,MERGE_DONE,0,0,0,"","449","","1","","2","","128",95,341,341,"","",""
2875320819879,PHASE_B,172897,14578,MERGE_PUBLISH,0,5,32,"","449","","1","","2","","128",95,357,355,"{L0:3, L5:1, L6:1, L7:1}","{L0:1, L1:1, L5:1, L6:1, L7:1}",""
2875320820483,PHASE_B,172955,14590,SEAL,0,6,32,"","450","","0","","1","","64",0,0,0,"{L0:1, L1:1, L5:1, L6:1, L7:1}","{L0:2, L1:1, L5:1, L6:1, L7:1}",""
2875320820497,PHASE_B,172955,14590,MERGE_SUBMIT,0,6,32,"","","","","","","","",0,0,0,"{L0:2, L1:1, L5:1, L6:1, L7:1}","{L0:2, L1:1, L5:1, L6:1, L7:1}",""
2875320820606,PHASE_B,172980,14593,MERGE_START,0,6,32,"[448,450]","","[0,0]","","[1,1]","","[64,64]","",85,0,0,"{L0:2, L1:1, L5:1, L6:1, L7:1}","{L0:2, L1:1, L5:1, L6:1, L7:1}",""
2875320821031,PHASE_B,173039,14607,MERGE_DONE,0,0,0,"","451","","1","","2","","128",85,447,446,"","",""
2875320821052,PHASE_B,173041,14607,MERGE_PUBLISH,0,5,32,"","451","","1","","2","","128",85,461,460,"{L0:2, L1:1, L5:1, L6:1, L7:1}","{L1:2, L5:1, L6:1, L7:1}",""
2875320821069,PHASE_B,173044,14608,MERGE_SUBMIT,15,5,32,"","","","","","","","",0,0,0,"{L1:2, L5:1, L6:1, L7:1}","{L1:2, L5:1, L6:1, L7:1}",""
2875320821137,PHASE_B,173045,14608,MERGE_START,0,5,32,"[449,451]","","[1,1]","","[2,2]","","[128,128]","",68,0,0,"{L1:2, L5:1, L6:1, L7:1}","{L1:2, L5:1, L6:1, L7:1}",""
2875320821638,PHASE_B,173115,14622,MERGE_DONE,0,0,0,"","452","","2","","4","","256",68,508,508,"","",""
2875320821654,PHASE_B,173115,14622,MERGE_PUBLISH,0,4,32,"","452","","2","","4","","256",68,518,518,"{L1:2, L5:1, L6:1, L7:1}","{L2:1, L5:1, L6:1, L7:1}",""
2875320823064,PHASE_B,173279,14655,SEAL,0,5,32,"","453","","0","","1","","64",0,0,0,"{L2:1, L5:1, L6:1, L7:1}","{L0:1, L2:1, L5:1, L6:1, L7:1}",""
2875320825437,PHASE_B,173591,14717,SEAL,0,6,32,"","454","","0","","1","","64",0,0,0,"{L0:1, L2:1, L5:1, L6:1, L7:1}","{L0:2, L2:1, L5:1, L6:1, L7:1}",""
2875320825454,PHASE_B,173591,14717,MERGE_SUBMIT,0,6,32,"","","","","","","","",0,0,0,"{L0:2, L2:1, L5:1, L6:1, L7:1}","{L0:2, L2:1, L5:1, L6:1, L7:1}",""
2875320825569,PHASE_B,173614,14721,MERGE_START,0,6,32,"[453,454]","","[0,0]","","[1,1]","","[64,64]","",93,0,0,"{L0:2, L2:1, L5:1, L6:1, L7:1}","{L0:2, L2:1, L5:1, L6:1, L7:1}",""
2875320825874,PHASE_B,173666,14731,MERGE_DONE,0,0,0,"","455","","1","","2","","128",93,325,324,"","",""
2875320825895,PHASE_B,173666,14731,MERGE_PUBLISH,0,5,32,"","455","","1","","2","","128",93,340,338,"{L0:2, L2:1, L5:1, L6:1, L7:1}","{L1:1, L2:1, L5:1, L6:1, L7:1}",""
2875320828196,PHASE_B,173922,14782,SEAL,0,6,32,"","456","","0","","1","","64",0,0,0,"{L1:1, L2:1, L5:1, L6:1, L7:1}","{L0:1, L1:1, L2:1, L5:1, L6:1, L7:1}",""
2875320830690,PHASE_B,174237,14847,SEAL,0,7,32,"","457","","0","","1","","64",0,0,0,"{L0:1, L1:1, L2:1, L5:1, L6:1, L7:1}","{L0:2, L1:1, L2:1, L5:1, L6:1, L7:1}",""
2875320830702,PHASE_B,174237,14847,MERGE_SUBMIT,0,7,32,"","","","","","","","",0,0,0,"{L0:2, L1:1, L2:1, L5:1, L6:1, L7:1}","{L0:2, L1:1, L2:1, L5:1, L6:1, L7:1}",""
2875320830747,PHASE_B,174254,14849,MERGE_START,0,7,32,"[456,457]","","[0,0]","","[1,1]","","[64,64]","",20,0,0,"{L0:2, L1:1, L2:1, L5:1, L6:1, L7:1}","{L0:2, L1:1, L2:1, L5:1, L6:1, L7:1}",""
2875320831025,PHASE_B,174302,14858,MERGE_DONE,0,0,0,"","458","","1","","2","","128",20,301,299,"","",""
2875320831079,PHASE_B,174304,14858,MERGE_PUBLISH,0,6,32,"","458","","1","","2","","128",20,346,338,"{L0:2, L1:1, L2:1, L5:1, L6:1, L7:1}","{L1:2, L2:1, L5:1, L6:1, L7:1}",""
2875320831098,PHASE_B,174304,14858,MERGE_SUBMIT,11,6,32,"","","","","","","","",0,0,0,"{L1:2, L2:1, L5:1, L6:1, L7:1}","{L1:2, L2:1, L5:1, L6:1, L7:1}",""
2875320831210,PHASE_B,174311,14862,MERGE_START,0,6,32,"[455,458]","","[1,1]","","[2,2]","","[128,128]","",94,0,0,"{L1:2, L2:1, L5:1, L6:1, L7:1}","{L1:2, L2:1, L5:1, L6:1, L7:1}",""
2875320831753,PHASE_B,174383,14875,MERGE_DONE,0,0,0,"","459","","2","","4","","256",94,563,562,"","",""
2875320831773,PHASE_B,174383,14875,MERGE_PUBLISH,0,5,32,"","459","","2","","4","","256",94,578,576,"{L1:2, L2:1, L5:1, L6:1, L7:1}","{L2:2, L5:1, L6:1, L7:1}",""
2875320831793,PHASE_B,174383,14875,MERGE_SUBMIT,29,5,32,"","","","","","","","",0,0,0,"{L2:2, L5:1, L6:1, L7:1}","{L2:2, L5:1, L6:1, L7:1}",""
2875320831895,PHASE_B,174401,14880,MERGE_START,0,5,32,"[452,459]","","[2,2]","","[4,4]","","[256,256]","",85,0,0,"{L2:2, L5:1, L6:1, L7:1}","{L2:2, L5:1, L6:1, L7:1}",""
2875320833054,PHASE_B,174537,14905,MERGE_DONE,0,0,0,"","460","","3","","8","","512",85,1177,1177,"","",""
2875320833080,PHASE_B,174537,14905,MERGE_PUBLISH,0,4,32,"","460","","3","","8","","512",85,1198,1197,"{L2:2, L5:1, L6:1, L7:1}","{L3:1, L5:1, L6:1, L7:1}",""
2875320833365,PHASE_B,174556,14910,SEAL,0,5,32,"","461","","0","","1","","64",0,0,0,"{L3:1, L5:1, L6:1, L7:1}","{L0:1, L3:1, L5:1, L6:1, L7:1}",""
2875320835825,PHASE_B,174879,14974,SEAL,0,6,32,"","462","","0","","1","","64",0,0,0,"{L0:1, L3:1, L5:1, L6:1, L7:1}","{L0:2, L3:1, L5:1, L6:1, L7:1}",""
2875320835837,PHASE_B,174879,14974,MERGE_SUBMIT,0,6,32,"","","","","","","","",0,0,0,"{L0:2, L3:1, L5:1, L6:1, L7:1}","{L0:2, L3:1, L5:1, L6:1, L7:1}",""
2875320835957,PHASE_B,174899,14978,MERGE_START,0,6,32,"[461,462]","","[0,0]","","[1,1]","","[64,64]","",92,0,0,"{L0:2, L3:1, L5:1, L6:1, L7:1}","{L0:2, L3:1, L5:1, L6:1, L7:1}",""
2875320836281,PHASE_B,174954,14990,MERGE_DONE,0,0,0,"","463","","1","","2","","128",92,348,347,"","",""
2875320836302,PHASE_B,174954,14990,MERGE_PUBLISH,0,5,32,"","463","","1","","2","","128",92,363,362,"{L0:2, L3:1, L5:1, L6:1, L7:1}","{L1:1, L3:1, L5:1, L6:1, L7:1}",""
2875320838314,PHASE_B,175193,15038,SEAL,0,6,32,"","464","","0","","1","","64",0,0,0,"{L1:1, L3:1, L5:1, L6:1, L7:1}","{L0:1, L1:1, L3:1, L5:1, L6:1, L7:1}",""
2875320840921,PHASE_B,175518,15103,SEAL,0,7,32,"","465","","0","","1","","64",0,0,0,"{L0:1, L1:1, L3:1, L5:1, L6:1, L7:1}","{L0:2, L1:1, L3:1, L5:1, L6:1, L7:1}",""
2875320840937,PHASE_B,175518,15103,MERGE_SUBMIT,0,7,32,"","","","","","","","",0,0,0,"{L0:2, L1:1, L3:1, L5:1, L6:1, L7:1}","{L0:2, L1:1, L3:1, L5:1, L6:1, L7:1}",""
2875320841066,PHASE_B,175541,15107,MERGE_START,0,7,32,"[464,465]","","[0,0]","","[1,1]","","[64,64]","",104,0,0,"{L0:2, L1:1, L3:1, L5:1, L6:1, L7:1}","{L0:2, L1:1, L3:1, L5:1, L6:1, L7:1}",""
2875320841362,PHASE_B,175587,15116,MERGE_DONE,0,0,0,"","466","","1","","2","","128",104,317,316,"","",""
2875320841385,PHASE_B,175588,15116,MERGE_PUBLISH,0,6,32,"","466","","1","","2","","128",104,332,331,"{L0:2, L1:1, L3:1, L5:1, L6:1, L7:1}","{L1:2, L3:1, L5:1, L6:1, L7:1}",""
2875320841406,PHASE_B,175588,15116,MERGE_SUBMIT,12,6,32,"","","","","","","","",0,0,0,"{L1:2, L3:1, L5:1, L6:1, L7:1}","{L1:2, L3:1, L5:1, L6:1, L7:1}",""
2875320841471,PHASE_B,175592,15118,MERGE_START,0,6,32,"[463,466]","","[1,1]","","[2,2]","","[128,128]","",64,0,0,"{L1:2, L3:1, L5:1, L6:1, L7:1}","{L1:2, L3:1, L5:1, L6:1, L7:1}",""
2875320841964,PHASE_B,175661,15131,MERGE_DONE,0,0,0,"","467","","2","","4","","256",64,499,499,"","",""
2875320842020,PHASE_B,175661,15131,MERGE_PUBLISH,0,5,32,"","467","","2","","4","","256",64,533,524,"{L1:2, L3:1, L5:1, L6:1, L7:1}","{L2:1, L3:1, L5:1, L6:1, L7:1}",""
2875320843587,PHASE_B,175828,15164,SEAL,0,6,32,"","468","","0","","1","","64",0,0,0,"{L2:1, L3:1, L5:1, L6:1, L7:1}","{L0:1, L2:1, L3:1, L5:1, L6:1, L7:1}",""
2875320846162,PHASE_B,176160,15231,SEAL,0,7,32,"","469","","0","","1","","64",0,0,0,"{L0:1, L2:1, L3:1, L5:1, L6:1, L7:1}","{L0:2, L2:1, L3:1, L5:1, L6:1, L7:1}",""
2875320846176,PHASE_B,176160,15231,MERGE_SUBMIT,0,7,32,"","","","","","","","",0,0,0,"{L0:2, L2:1, L3:1, L5:1, L6:1, L7:1}","{L0:2, L2:1, L3:1, L5:1, L6:1, L7:1}",""
2875320846281,PHASE_B,176181,15235,MERGE_START,0,7,32,"[468,469]","","[0,0]","","[1,1]","","[64,64]","",81,0,0,"{L0:2, L2:1, L3:1, L5:1, L6:1, L7:1}","{L0:2, L2:1, L3:1, L5:1, L6:1, L7:1}",""
2875320846593,PHASE_B,176227,15245,MERGE_DONE,0,0,0,"","470","","1","","2","","128",81,332,331,"","",""
2875320846617,PHASE_B,176238,15245,MERGE_PUBLISH,0,6,32,"","470","","1","","2","","128",81,349,348,"{L0:2, L2:1, L3:1, L5:1, L6:1, L7:1}","{L1:1, L2:1, L3:1, L5:1, L6:1, L7:1}",""
2875320848764,PHASE_B,176484,15295,SEAL,0,7,32,"","471","","0","","1","","64",0,0,0,"{L1:1, L2:1, L3:1, L5:1, L6:1, L7:1}","{L0:1, L1:1, L2:1, L3:1, L5:1, L6:1, L7:1}",""
2875320851196,PHASE_B,176794,15357,SEAL,0,8,32,"","472","","0","","1","","64",0,0,0,"{L0:1, L1:1, L2:1, L3:1, L5:1, L6:1, L7:1}","{L0:2, L1:1, L2:1, L3:1, L5:1, L6:1, L7:1}",""
2875320851209,PHASE_B,176794,15357,MERGE_SUBMIT,0,8,32,"","","","","","","","",0,0,0,"{L0:2, L1:1, L2:1, L3:1, L5:1, L6:1, L7:1}","{L0:2, L1:1, L2:1, L3:1, L5:1, L6:1, L7:1}",""
2875320851328,PHASE_B,176816,15361,MERGE_START,0,8,32,"[471,472]","","[0,0]","","[1,1]","","[64,64]","",94,0,0,"{L0:2, L1:1, L2:1, L3:1, L5:1, L6:1, L7:1}","{L0:2, L1:1, L2:1, L3:1, L5:1, L6:1, L7:1}",""
2875320851644,PHASE_B,176866,15370,MERGE_DONE,0,0,0,"","473","","1","","2","","128",94,339,338,"","",""
2875320851694,PHASE_B,176869,15372,MERGE_PUBLISH,0,7,32,"","473","","1","","2","","128",94,379,366,"{L0:2, L1:1, L2:1, L3:1, L5:1, L6:1, L7:1}","{L1:2, L2:1, L3:1, L5:1, L6:1, L7:1}",""
2875320851715,PHASE_B,176869,15372,MERGE_SUBMIT,12,7,32,"","","","","","","","",0,0,0,"{L1:2, L2:1, L3:1, L5:1, L6:1, L7:1}","{L1:2, L2:1, L3:1, L5:1, L6:1, L7:1}",""
2875320851780,PHASE_B,176869,15372,MERGE_START,0,7,32,"[470,473]","","[1,1]","","[2,2]","","[128,128]","",64,0,0,"{L1:2, L2:1, L3:1, L5:1, L6:1, L7:1}","{L1:2, L2:1, L3:1, L5:1, L6:1, L7:1}",""
2875320852299,PHASE_B,176948,15388,MERGE_DONE,0,0,0,"","474","","2","","4","","256",64,526,526,"","",""
2875320852317,PHASE_B,176948,15388,MERGE_PUBLISH,0,6,32,"","474","","2","","4","","256",64,536,536,"{L1:2, L2:1, L3:1, L5:1, L6:1, L7:1}","{L2:2, L3:1, L5:1, L6:1, L7:1}",""
2875320852329,PHASE_B,176948,15388,MERGE_SUBMIT,28,6,32,"","","","","","","","",0,0,0,"{L2:2, L3:1, L5:1, L6:1, L7:1}","{L2:2, L3:1, L5:1, L6:1, L7:1}",""
2875320852435,PHASE_B,176958,15390,MERGE_START,0,6,32,"[467,474]","","[2,2]","","[4,4]","","[256,256]","",85,0,0,"{L2:2, L3:1, L5:1, L6:1, L7:1}","{L2:2, L3:1, L5:1, L6:1, L7:1}",""
2875320853524,PHASE_B,177089,15417,MERGE_DONE,0,0,0,"","475","","3","","8","","512",85,1109,1109,"","",""
2875320853547,PHASE_B,177094,15417,MERGE_PUBLISH,0,5,32,"","475","","3","","8","","512",85,1126,1124,"{L2:2, L3:1, L5:1, L6:1, L7:1}","{L3:2, L5:1, L6:1, L7:1}",""
2875320853567,PHASE_B,177094,15417,MERGE_SUBMIT,57,5,32,"","","","","","","","",0,0,0,"{L3:2, L5:1, L6:1, L7:1}","{L3:2, L5:1, L6:1, L7:1}",""
2875320853670,PHASE_B,177100,15419,MERGE_START,0,5,32,"[460,475]","","[3,3]","","[8,8]","","[512,512]","",86,0,0,"{L3:2, L5:1, L6:1, L7:1}","{L3:2, L5:1, L6:1, L7:1}",""
2875320853916,PHASE_B,177119,15422,SEAL,0,6,32,"","476","","0","","1","","64",0,0,0,"{L3:2, L5:1, L6:1, L7:1}","{L0:1, L3:2, L5:1, L6:1, L7:1}",""
2875320855855,PHASE_B,177388,15476,MERGE_DONE,0,0,0,"","477","","4","","16","","1024",86,2204,2203,"","",""
2875320855879,PHASE_B,177388,15476,MERGE_PUBLISH,0,5,32,"","477","","4","","16","","1024",86,2221,2220,"{L0:1, L3:2, L5:1, L6:1, L7:1}","{L0:1, L4:1, L5:1, L6:1, L7:1}",""
2875320856437,PHASE_B,177435,15485,SEAL,0,6,32,"","478","","0","","1","","64",0,0,0,"{L0:1, L4:1, L5:1, L6:1, L7:1}","{L0:2, L4:1, L5:1, L6:1, L7:1}",""
2875320856450,PHASE_B,177435,15485,MERGE_SUBMIT,0,6,32,"","","","","","","","",0,0,0,"{L0:2, L4:1, L5:1, L6:1, L7:1}","{L0:2, L4:1, L5:1, L6:1, L7:1}",""
2875320856559,PHASE_B,177453,15490,MERGE_START,0,6,32,"[476,478]","","[0,0]","","[1,1]","","[64,64]","",86,0,0,"{L0:2, L4:1, L5:1, L6:1, L7:1}","{L0:2, L4:1, L5:1, L6:1, L7:1}",""
2875320856884,PHASE_B,177503,15501,MERGE_DONE,0,0,0,"","479","","1","","2","","128",86,345,344,"","",""
2875320856910,PHASE_B,177511,15501,MERGE_PUBLISH,0,5,32,"","479","","1","","2","","128",86,363,362,"{L0:2, L4:1, L5:1, L6:1, L7:1}","{L1:1, L4:1, L5:1, L6:1, L7:1}",""
2875320859041,PHASE_B,177757,15551,SEAL,0,6,32,"","480","","0","","1","","64",0,0,0,"{L1:1, L4:1, L5:1, L6:1, L7:1}","{L0:1, L1:1, L4:1, L5:1, L6:1, L7:1}",""
2875320861427,PHASE_B,178075,15614,SEAL,0,7,32,"","481","","0","","1","","64",0,0,0,"{L0:1, L1:1, L4:1, L5:1, L6:1, L7:1}","{L0:2, L1:1, L4:1, L5:1, L6:1, L7:1}",""
2875320861442,PHASE_B,178075,15614,MERGE_SUBMIT,0,7,32,"","","","","","","","",0,0,0,"{L0:2, L1:1, L4:1, L5:1, L6:1, L7:1}","{L0:2, L1:1, L4:1, L5:1, L6:1, L7:1}",""
2875320861552,PHASE_B,178096,15619,MERGE_START,0,7,32,"[480,481]","","[0,0]","","[1,1]","","[64,64]","",86,0,0,"{L0:2, L1:1, L4:1, L5:1, L6:1, L7:1}","{L0:2, L1:1, L4:1, L5:1, L6:1, L7:1}",""
2875320861892,PHASE_B,178147,15630,MERGE_DONE,0,0,0,"","482","","1","","2","","128",86,360,359,"","",""
2875320861930,PHASE_B,178161,15631,MERGE_PUBLISH,0,6,32,"","482","","1","","2","","128",86,391,390,"{L0:2, L1:1, L4:1, L5:1, L6:1, L7:1}","{L1:2, L4:1, L5:1, L6:1, L7:1}",""
2875320861948,PHASE_B,178161,15631,MERGE_SUBMIT,15,6,32,"","","","","","","","",0,0,0,"{L1:2, L4:1, L5:1, L6:1, L7:1}","{L1:2, L4:1, L5:1, L6:1, L7:1}",""
2875320862061,PHASE_B,178180,15634,MERGE_START,0,6,32,"[479,482]","","[1,1]","","[2,2]","","[128,128]","",99,0,0,"{L1:2, L4:1, L5:1, L6:1, L7:1}","{L1:2, L4:1, L5:1, L6:1, L7:1}",""
2875320862623,PHASE_B,178245,15650,MERGE_DONE,0,0,0,"","483","","2","","4","","256",99,582,581,"","",""
2875320862645,PHASE_B,178257,15650,MERGE_PUBLISH,0,5,32,"","483","","2","","4","","256",99,597,595,"{L1:2, L4:1, L5:1, L6:1, L7:1}","{L2:1, L4:1, L5:1, L6:1, L7:1}",""
2875320863940,PHASE_B,178402,15679,SEAL,0,6,32,"","484","","0","","1","","64",0,0,0,"{L2:1, L4:1, L5:1, L6:1, L7:1}","{L0:1, L2:1, L4:1, L5:1, L6:1, L7:1}",""
2875320866463,PHASE_B,178725,15743,SEAL,0,7,32,"","485","","0","","1","","64",0,0,0,"{L0:1, L2:1, L4:1, L5:1, L6:1, L7:1}","{L0:2, L2:1, L4:1, L5:1, L6:1, L7:1}",""
2875320866475,PHASE_B,178725,15743,MERGE_SUBMIT,0,7,32,"","","","","","","","",0,0,0,"{L0:2, L2:1, L4:1, L5:1, L6:1, L7:1}","{L0:2, L2:1, L4:1, L5:1, L6:1, L7:1}",""
2875320866596,PHASE_B,178737,15747,MERGE_START,0,7,32,"[484,485]","","[0,0]","","[1,1]","","[64,64]","",95,0,0,"{L0:2, L2:1, L4:1, L5:1, L6:1, L7:1}","{L0:2, L2:1, L4:1, L5:1, L6:1, L7:1}",""
2875320866967,PHASE_B,178793,15758,MERGE_DONE,0,0,0,"","486","","1","","2","","128",95,394,393,"","",""
2875320867029,PHASE_B,178797,15759,MERGE_PUBLISH,0,6,32,"","486","","1","","2","","128",95,446,436,"{L0:2, L2:1, L4:1, L5:1, L6:1, L7:1}","{L1:1, L2:1, L4:1, L5:1, L6:1, L7:1}",""
2875320869042,PHASE_B,179041,15807,SEAL,0,7,32,"","487","","0","","1","","64",0,0,0,"{L1:1, L2:1, L4:1, L5:1, L6:1, L7:1}","{L0:1, L1:1, L2:1, L4:1, L5:1, L6:1, L7:1}",""
2875320871403,PHASE_B,179362,15871,SEAL,0,8,32,"","488","","0","","1","","64",0,0,0,"{L0:1, L1:1, L2:1, L4:1, L5:1, L6:1, L7:1}","{L0:2, L1:1, L2:1, L4:1, L5:1, L6:1, L7:1}",""
2875320871418,PHASE_B,179362,15871,MERGE_SUBMIT,0,8,32,"","","","","","","","",0,0,0,"{L0:2, L1:1, L2:1, L4:1, L5:1, L6:1, L7:1}","{L0:2, L1:1, L2:1, L4:1, L5:1, L6:1, L7:1}",""
2875320871526,PHASE_B,179380,15875,MERGE_START,0,8,32,"[487,488]","","[0,0]","","[1,1]","","[64,64]","",83,0,0,"{L0:2, L1:1, L2:1, L4:1, L5:1, L6:1, L7:1}","{L0:2, L1:1, L2:1, L4:1, L5:1, L6:1, L7:1}",""
2875320871827,PHASE_B,179434,15885,MERGE_DONE,0,0,0,"","489","","1","","2","","128",83,324,323,"","",""
2875320871854,PHASE_B,179434,15885,MERGE_PUBLISH,0,7,32,"","489","","1","","2","","128",83,342,340,"{L0:2, L1:1, L2:1, L4:1, L5:1, L6:1, L7:1}","{L1:2, L2:1, L4:1, L5:1, L6:1, L7:1}",""
2875320871891,PHASE_B,179434,15885,MERGE_SUBMIT,13,7,32,"","","","","","","","",0,0,0,"{L1:2, L2:1, L4:1, L5:1, L6:1, L7:1}","{L1:2, L2:1, L4:1, L5:1, L6:1, L7:1}",""
2875320871980,PHASE_B,179441,15887,MERGE_START,0,7,32,"[486,489]","","[1,1]","","[2,2]","","[128,128]","",88,0,0,"{L1:2, L2:1, L4:1, L5:1, L6:1, L7:1}","{L1:2, L2:1, L4:1, L5:1, L6:1, L7:1}",""
2875320872509,PHASE_B,179510,15901,MERGE_DONE,0,0,0,"","490","","2","","4","","256",88,535,535,"","",""
2875320872526,PHASE_B,179510,15901,MERGE_PUBLISH,0,6,32,"","490","","2","","4","","256",88,546,546,"{L1:2, L2:1, L4:1, L5:1, L6:1, L7:1}","{L2:2, L4:1, L5:1, L6:1, L7:1}",""
2875320872539,PHASE_B,179510,15901,MERGE_SUBMIT,29,6,32,"","","","","","","","",0,0,0,"{L2:2, L4:1, L5:1, L6:1, L7:1}","{L2:2, L4:1, L5:1, L6:1, L7:1}",""
2875320872646,PHASE_B,179523,15903,MERGE_START,0,6,32,"[483,490]","","[2,2]","","[4,4]","","[256,256]","",87,0,0,"{L2:2, L4:1, L5:1, L6:1, L7:1}","{L2:2, L4:1, L5:1, L6:1, L7:1}",""
2875320873694,PHASE_B,179649,15927,MERGE_DONE,0,0,0,"","491","","3","","8","","512",87,1069,1068,"","",""
2875320873750,PHASE_B,179649,15927,MERGE_PUBLISH,0,5,32,"","491","","3","","8","","512",87,1116,1097,"{L2:2, L4:1, L5:1, L6:1, L7:1}","{L3:1, L4:1, L5:1, L6:1, L7:1}",""
2875320874111,PHASE_B,179678,15934,SEAL,0,6,32,"","492","","0","","1","","64",0,0,0,"{L3:1, L4:1, L5:1, L6:1, L7:1}","{L0:1, L3:1, L4:1, L5:1, L6:1, L7:1}",""
2875320876540,PHASE_B,180000,15999,SEAL,0,7,32,"","493","","0","","1","","64",0,0,0,"{L0:1, L3:1, L4:1, L5:1, L6:1, L7:1}","{L0:2, L3:1, L4:1, L5:1, L6:1, L7:1}",""
2875320876553,PHASE_B,180000,15999,MERGE_SUBMIT,0,7,32,"","","","","","","","",0,0,0,"{L0:2, L3:1, L4:1, L5:1, L6:1, L7:1}","{L0:2, L3:1, L4:1, L5:1, L6:1, L7:1}",""
2875320876664,PHASE_B,180025,16003,MERGE_START,0,7,32,"[492,493]","","[0,0]","","[1,1]","","[64,64]","",84,0,0,"{L0:2, L3:1, L4:1, L5:1, L6:1, L7:1}","{L0:2, L3:1, L4:1, L5:1, L6:1, L7:1}",""
2875320876966,PHASE_B,180065,16012,MERGE_DONE,0,0,0,"","494","","1","","2","","128",84,326,325,"","",""
2875320877047,PHASE_B,180071,16014,MERGE_PUBLISH,0,6,32,"","494","","1","","2","","128",84,399,383,"{L0:2, L3:1, L4:1, L5:1, L6:1, L7:1}","{L1:1, L3:1, L4:1, L5:1, L6:1, L7:1}",""
2875320879101,PHASE_B,180314,16062,SEAL,0,7,32,"","495","","0","","1","","64",0,0,0,"{L1:1, L3:1, L4:1, L5:1, L6:1, L7:1}","{L0:1, L1:1, L3:1, L4:1, L5:1, L6:1, L7:1}",""
2875320881517,PHASE_B,180638,16126,SEAL,0,8,32,"","496","","0","","1","","64",0,0,0,"{L0:1, L1:1, L3:1, L4:1, L5:1, L6:1, L7:1}","{L0:2, L1:1, L3:1, L4:1, L5:1, L6:1, L7:1}",""
2875320881530,PHASE_B,180638,16126,MERGE_SUBMIT,0,8,32,"","","","","","","","",0,0,0,"{L0:2, L1:1, L3:1, L4:1, L5:1, L6:1, L7:1}","{L0:2, L1:1, L3:1, L4:1, L5:1, L6:1, L7:1}",""
2875320881640,PHASE_B,180656,16131,MERGE_START,0,8,32,"[495,496]","","[0,0]","","[1,1]","","[64,64]","",85,0,0,"{L0:2, L1:1, L3:1, L4:1, L5:1, L6:1, L7:1}","{L0:2, L1:1, L3:1, L4:1, L5:1, L6:1, L7:1}",""
2875320881949,PHASE_B,180678,16134,MERGE_DONE,0,0,0,"","497","","1","","2","","128",85,332,331,"","",""
2875320881975,PHASE_B,180690,16136,MERGE_PUBLISH,0,7,32,"","497","","1","","2","","128",85,348,346,"{L0:2, L1:1, L3:1, L4:1, L5:1, L6:1, L7:1}","{L1:2, L3:1, L4:1, L5:1, L6:1, L7:1}",""
2875320881995,PHASE_B,180691,16136,MERGE_SUBMIT,8,7,32,"","","","","","","","",0,0,0,"{L1:2, L3:1, L4:1, L5:1, L6:1, L7:1}","{L1:2, L3:1, L4:1, L5:1, L6:1, L7:1}",""
2875320882082,PHASE_B,180703,16138,MERGE_START,0,7,32,"[494,497]","","[1,1]","","[2,2]","","[128,128]","",86,0,0,"{L1:2, L3:1, L4:1, L5:1, L6:1, L7:1}","{L1:2, L3:1, L4:1, L5:1, L6:1, L7:1}",""
2875320882581,PHASE_B,180767,16151,MERGE_DONE,0,0,0,"","498","","2","","4","","256",86,505,505,"","",""
2875320882598,PHASE_B,180767,16151,MERGE_PUBLISH,0,6,32,"","498","","2","","4","","256",86,515,515,"{L1:2, L3:1, L4:1, L5:1, L6:1, L7:1}","{L2:1, L3:1, L4:1, L5:1, L6:1, L7:1}",""
2875320884217,PHASE_B,180966,16191,SEAL,0,7,32,"","499","","0","","1","","64",0,0,0,"{L2:1, L3:1, L4:1, L5:1, L6:1, L7:1}","{L0:1, L2:1, L3:1, L4:1, L5:1, L6:1, L7:1}",""
2875320886581,PHASE_B,181281,16254,SEAL,0,8,32,"","500","","0","","1","","64",0,0,0,"{L0:1, L2:1, L3:1, L4:1, L5:1, L6:1, L7:1}","{L0:2, L2:1, L3:1, L4:1, L5:1, L6:1, L7:1}",""
2875320886596,PHASE_B,181281,16254,MERGE_SUBMIT,0,8,32,"","","","","","","","",0,0,0,"{L0:2, L2:1, L3:1, L4:1, L5:1, L6:1, L7:1}","{L0:2, L2:1, L3:1, L4:1, L5:1, L6:1, L7:1}",""
2875320886705,PHASE_B,181292,16260,MERGE_START,0,8,32,"[499,500]","","[0,0]","","[1,1]","","[64,64]","",82,0,0,"{L0:2, L2:1, L3:1, L4:1, L5:1, L6:1, L7:1}","{L0:2, L2:1, L3:1, L4:1, L5:1, L6:1, L7:1}",""
2875320887033,PHASE_B,181353,16268,MERGE_DONE,0,0,0,"","501","","1","","2","","128",82,353,352,"","",""
2875320887060,PHASE_B,181353,16268,MERGE_PUBLISH,0,7,32,"","501","","1","","2","","128",82,370,369,"{L0:2, L2:1, L3:1, L4:1, L5:1, L6:1, L7:1}","{L1:1, L2:1, L3:1, L4:1, L5:1, L6:1, L7:1}",""
2875320889041,PHASE_B,181594,16318,SEAL,0,8,32,"","502","","0","","1","","64",0,0,0,"{L1:1, L2:1, L3:1, L4:1, L5:1, L6:1, L7:1}","{L0:1, L1:1, L2:1, L3:1, L4:1, L5:1, L6:1, L7:1}",""
2875320891485,PHASE_B,181919,16381,SEAL,0,9,32,"","503","","0","","1","","64",0,0,0,"{L0:1, L1:1, L2:1, L3:1, L4:1, L5:1, L6:1, L7:1}","{L0:2, L1:1, L2:1, L3:1, L4:1, L5:1, L6:1, L7:1}",""
2875320891498,PHASE_B,181919,16381,MERGE_SUBMIT,0,9,32,"","","","","","","","",0,0,0,"{L0:2, L1:1, L2:1, L3:1, L4:1, L5:1, L6:1, L7:1}","{L0:2, L1:1, L2:1, L3:1, L4:1, L5:1, L6:1, L7:1}",""
2875320891615,PHASE_B,181926,16384,MERGE_START,0,9,32,"[502,503]","","[0,0]","","[1,1]","","[64,64]","",90,0,0,"{L0:2, L1:1, L2:1, L3:1, L4:1, L5:1, L6:1, L7:1}","{L0:2, L1:1, L2:1, L3:1, L4:1, L5:1, L6:1, L7:1}",""
2875320891931,PHASE_B,181982,16395,MERGE_DONE,0,0,0,"","504","","1","","2","","128",90,340,340,"","",""
2875320892025,PHASE_B,181995,16398,MERGE_PUBLISH,0,8,32,"","504","","1","","2","","128",90,411,373,"{L0:2, L1:1, L2:1, L3:1, L4:1, L5:1, L6:1, L7:1}","{L1:2, L2:1, L3:1, L4:1, L5:1, L6:1, L7:1}",""
2875320892049,PHASE_B,181995,16398,MERGE_SUBMIT,14,8,32,"","","","","","","","",0,0,0,"{L1:2, L2:1, L3:1, L4:1, L5:1, L6:1, L7:1}","{L1:2, L2:1, L3:1, L4:1, L5:1, L6:1, L7:1}",""
2875320892131,PHASE_B,182005,16400,MERGE_START,0,8,32,"[501,504]","","[1,1]","","[2,2]","","[128,128]","",81,0,0,"{L1:2, L2:1, L3:1, L4:1, L5:1, L6:1, L7:1}","{L1:2, L2:1, L3:1, L4:1, L5:1, L6:1, L7:1}",""
2875320892635,PHASE_B,182074,16414,MERGE_DONE,0,0,0,"","505","","2","","4","","256",81,512,512,"","",""
2875320892675,PHASE_B,182082,16415,MERGE_PUBLISH,0,7,32,"","505","","2","","4","","256",81,543,533,"{L1:2, L2:1, L3:1, L4:1, L5:1, L6:1, L7:1}","{L2:2, L3:1, L4:1, L5:1, L6:1, L7:1}",""
2875320892689,PHASE_B,182082,16415,MERGE_SUBMIT,31,7,32,"","","","","","","","",0,0,0,"{L2:2, L3:1, L4:1, L5:1, L6:1, L7:1}","{L2:2, L3:1, L4:1, L5:1, L6:1, L7:1}",""
2875320892795,PHASE_B,182098,16418,MERGE_START,0,7,32,"[498,505]","","[2,2]","","[4,4]","","[256,256]","",86,0,0,"{L2:2, L3:1, L4:1, L5:1, L6:1, L7:1}","{L2:2, L3:1, L4:1, L5:1, L6:1, L7:1}",""
2875320893888,PHASE_B,182225,16444,MERGE_DONE,0,0,0,"","506","","3","","8","","512",86,1113,1112,"","",""
2875320893929,PHASE_B,182232,16445,MERGE_PUBLISH,0,6,32,"","506","","3","","8","","512",86,1145,1144,"{L2:2, L3:1, L4:1, L5:1, L6:1, L7:1}","{L3:2, L4:1, L5:1, L6:1, L7:1}",""
2875320893946,PHASE_B,182233,16445,MERGE_SUBMIT,61,6,32,"","","","","","","","",0,0,0,"{L3:2, L4:1, L5:1, L6:1, L7:1}","{L3:2, L4:1, L5:1, L6:1, L7:1}",""
2875320894079,PHASE_B,182243,16447,MERGE_START,0,6,32,"[491,506]","","[3,3]","","[8,8]","","[512,512]","",118,0,0,"{L3:2, L4:1, L5:1, L6:1, L7:1}","{L3:2, L4:1, L5:1, L6:1, L7:1}",""
2875320894119,PHASE_B,182243,16447,SEAL,0,7,32,"","507","","0","","1","","64",0,0,0,"{L3:2, L4:1, L5:1, L6:1, L7:1}","{L0:1, L3:2, L4:1, L5:1, L6:1, L7:1}",""
2875320896263,PHASE_B,182534,16504,MERGE_DONE,0,0,0,"","508","","4","","16","","1024",118,2204,2203,"","",""
2875320896314,PHASE_B,182534,16504,MERGE_PUBLISH,0,6,32,"","508","","4","","16","","1024",118,2246,2233,"{L0:1, L3:2, L4:1, L5:1, L6:1, L7:1}","{L0:1, L4:2, L5:1, L6:1, L7:1}",""
2875320896335,PHASE_B,182534,16504,MERGE_SUBMIT,57,6,32,"","","","","","","","",0,0,0,"{L0:1, L4:2, L5:1, L6:1, L7:1}","{L0:1, L4:2, L5:1, L6:1, L7:1}",""
2875320896466,PHASE_B,182534,16504,MERGE_START,0,6,32,"[477,508]","","[4,4]","","[16,16]","","[1024,1024]","",114,0,0,"{L0:1, L4:2, L5:1, L6:1, L7:1}","{L0:1, L4:2, L5:1, L6:1, L7:1}",""
2875320896668,PHASE_B,182564,16511,SEAL,0,7,32,"","509","","0","","1","","64",0,0,0,"{L0:1, L4:2, L5:1, L6:1, L7:1}","{L0:2, L4:2, L5:1, L6:1, L7:1}",""
2875320899212,PHASE_B,182879,16575,SEAL,0,8,32,"","511","","0","","1","","64",0,0,0,"{L0:2, L4:2, L5:1, L6:1, L7:1}","{L0:3, L4:2, L5:1, L6:1, L7:1}",""
2875320900964,PHASE_B,183118,16622,MERGE_DONE,0,0,0,"","510","","5","","32","","2048",114,4519,4518,"","",""
2875320900989,PHASE_B,183129,16625,MERGE_PUBLISH,0,7,32,"","510","","5","","32","","2048",114,4536,4535,"{L0:3, L4:2, L5:1, L6:1, L7:1}","{L0:3, L5:2, L6:1, L7:1}",""
2875320901014,PHASE_B,183130,16625,MERGE_SUBMIT,49,7,32,"","","","","","","","",0,0,0,"{L0:3, L5:2, L6:1, L7:1}","{L0:3, L5:2, L6:1, L7:1}",""
2875320901117,PHASE_B,183133,16626,MERGE_START,0,7,32,"[507,509]","","[0,0]","","[1,1]","","[64,64]","",95,0,0,"{L0:3, L5:2, L6:1, L7:1}","{L0:3, L5:2, L6:1, L7:1}",""
2875320901693,PHASE_B,183195,16637,SEAL,0,8,32,"","513","","0","","1","","64",0,0,0,"{L0:3, L5:2, L6:1, L7:1}","{L0:4, L5:2, L6:1, L7:1}",""
2875320901827,PHASE_B,183218,16644,MERGE_DONE,0,0,0,"","512","","1","","2","","128",95,730,706,"","",""
2875320901848,PHASE_B,183220,16644,MERGE_PUBLISH,0,7,32,"","512","","1","","2","","128",95,745,720,"{L0:4, L5:2, L6:1, L7:1}","{L0:2, L1:1, L5:2, L6:1, L7:1}",""
2875320901882,PHASE_B,183226,16645,MERGE_SUBMIT,4,7,32,"","","","","","","","",0,0,0,"{L0:2, L1:1, L5:2, L6:1, L7:1}","{L0:2, L1:1, L5:2, L6:1, L7:1}",""
2875320901939,PHASE_B,183235,16647,MERGE_START,0,7,32,"[511,513]","","[0,0]","","[1,1]","","[64,64]","",56,0,0,"{L0:2, L1:1, L5:2, L6:1, L7:1}","{L0:2, L1:1, L5:2, L6:1, L7:1}",""
2875320902217,PHASE_B,183274,16654,MERGE_DONE,0,0,0,"","514","","1","","2","","128",56,283,283,"","",""
2875320902264,PHASE_B,183277,16655,MERGE_PUBLISH,0,6,32,"","514","","1","","2","","128",56,324,306,"{L0:2, L1:1, L5:2, L6:1, L7:1}","{L1:2, L5:2, L6:1, L7:1}",""
2875320902278,PHASE_B,183277,16655,MERGE_SUBMIT,15,6,32,"","","","","","","","",0,0,0,"{L1:2, L5:2, L6:1, L7:1}","{L1:2, L5:2, L6:1, L7:1}",""
2875320902318,PHASE_B,183277,16655,MERGE_START,0,6,32,"[512,514]","","[1,1]","","[2,2]","","[128,128]","",21,0,0,"{L1:2, L5:2, L6:1, L7:1}","{L1:2, L5:2, L6:1, L7:1}",""
2875320902852,PHASE_B,183327,16664,MERGE_DONE,0,0,0,"","515","","2","","4","","256",21,554,553,"","",""
2875320902905,PHASE_B,183327,16664,MERGE_PUBLISH,0,5,32,"","515","","2","","4","","256",21,600,581,"{L1:2, L5:2, L6:1, L7:1}","{L2:1, L5:2, L6:1, L7:1}",""
2875320902946,PHASE_B,183327,16664,MERGE_SUBMIT,26,5,32,"","","","","","","","",0,0,0,"{L2:1, L5:2, L6:1, L7:1}","{L2:1, L5:2, L6:1, L7:1}",""
2875320902984,PHASE_B,183332,16667,MERGE_START,0,5,32,"[447,510]","","[5,5]","","[32,32]","","[2048,2048]","",21,0,0,"{L2:1, L5:2, L6:1, L7:1}","{L2:1, L5:2, L6:1, L7:1}",""
2875320904676,PHASE_B,183522,16703,SEAL,0,6,32,"","516","","0","","1","","64",0,0,0,"{L2:1, L5:2, L6:1, L7:1}","{L0:1, L2:1, L5:2, L6:1, L7:1}",""
2875320907263,PHASE_B,183831,16765,SEAL,0,7,32,"","518","","0","","1","","64",0,0,0,"{L0:1, L2:1, L5:2, L6:1, L7:1}","{L0:2, L2:1, L5:2, L6:1, L7:1}",""
2875320909884,PHASE_B,184150,16830,SEAL,0,8,32,"","519","","0","","1","","64",0,0,0,"{L0:2, L2:1, L5:2, L6:1, L7:1}","{L0:3, L2:1, L5:2, L6:1, L7:1}",""
2875320912509,PHASE_B,184486,16895,SEAL,0,9,32,"","520","","0","","1","","64",0,0,0,"{L0:3, L2:1, L5:2, L6:1, L7:1}","{L0:4, L2:1, L5:2, L6:1, L7:1}",""
2875320913180,PHASE_B,184574,16913,MERGE_DONE,0,0,0,"","517","","6","","64","","4096",21,10214,10214,"","",""
2875320913204,PHASE_B,184574,16913,MERGE_PUBLISH,0,8,32,"","517","","6","","64","","4096",21,10232,10231,"{L0:4, L2:1, L5:2, L6:1, L7:1}","{L0:4, L2:1, L6:2, L7:1}",""
2875320913225,PHASE_B,184574,16913,MERGE_SUBMIT,18,8,32,"","","","","","","","",0,0,0,"{L0:4, L2:1, L6:2, L7:1}","{L0:4, L2:1, L6:2, L7:1}",""
2875320913331,PHASE_B,184592,16917,MERGE_START,0,8,32,"[516,518]","","[0,0]","","[1,1]","","[64,64]","",86,0,0,"{L0:4, L2:1, L6:2, L7:1}","{L0:4, L2:1, L6:2, L7:1}",""
2875320913595,PHASE_B,184626,16925,MERGE_DONE,0,0,0,"","521","","1","","2","","128",86,285,284,"","",""
2875320913616,PHASE_B,184626,16925,MERGE_PUBLISH,0,7,32,"","521","","1","","2","","128",86,300,299,"{L0:4, L2:1, L6:2, L7:1}","{L0:2, L1:1, L2:1, L6:2, L7:1}",""
2875320913637,PHASE_B,184626,16925,MERGE_SUBMIT,29,7,32,"","","","","","","","",0,0,0,"{L0:2, L1:1, L2:1, L6:2, L7:1}","{L0:2, L1:1, L2:1, L6:2, L7:1}",""
2875320913711,PHASE_B,184647,16927,MERGE_START,0,7,32,"[519,520]","","[0,0]","","[1,1]","","[64,64]","",73,0,0,"{L0:2, L1:1, L2:1, L6:2, L7:1}","{L0:2, L1:1, L2:1, L6:2, L7:1}",""
2875320913956,PHASE_B,184676,16933,MERGE_DONE,0,0,0,"","522","","1","","2","","128",73,250,250,"","",""
2875320913969,PHASE_B,184676,16933,MERGE_PUBLISH,0,6,32,"","522","","1","","2","","128",73,259,259,"{L0:2, L1:1, L2:1, L6:2, L7:1}","{L1:2, L2:1, L6:2, L7:1}",""
2875320913981,PHASE_B,184676,16933,MERGE_SUBMIT,37,6,32,"","","","","","","","",0,0,0,"{L1:2, L2:1, L6:2, L7:1}","{L1:2, L2:1, L6:2, L7:1}",""
2875320914100,PHASE_B,184680,16934,MERGE_START,0,6,32,"[521,522]","","[1,1]","","[2,2]","","[128,128]","",94,0,0,"{L1:2, L2:1, L6:2, L7:1}","{L1:2, L2:1, L6:2, L7:1}",""
2875320914668,PHASE_B,184738,16947,MERGE_DONE,0,0,0,"","523","","2","","4","","256",94,593,592,"","",""
2875320914689,PHASE_B,184738,16947,MERGE_PUBLISH,0,5,32,"","523","","2","","4","","256",94,607,606,"{L1:2, L2:1, L6:2, L7:1}","{L2:2, L6:2, L7:1}",""
2875320914706,PHASE_B,184738,16947,MERGE_SUBMIT,51,5,32,"","","","","","","","",0,0,0,"{L2:2, L6:2, L7:1}","{L2:2, L6:2, L7:1}",""
2875320914743,PHASE_B,184738,16947,MERGE_START,0,5,32,"[515,523]","","[2,2]","","[4,4]","","[256,256]","",21,0,0,"{L2:2, L6:2, L7:1}","{L2:2, L6:2, L7:1}",""
2875320915377,PHASE_B,184789,16955,SEAL,0,6,32,"","525","","0","","1","","64",0,0,0,"{L2:2, L6:2, L7:1}","{L0:1, L2:2, L6:2, L7:1}",""
2875320915879,PHASE_B,184876,16974,MERGE_DONE,0,0,0,"","524","","3","","8","","512",21,1154,1153,"","",""
2875320915900,PHASE_B,184882,16974,MERGE_PUBLISH,0,5,32,"","524","","3","","8","","512",21,1170,1169,"{L0:1, L2:2, L6:2, L7:1}","{L0:1, L3:1, L6:2, L7:1}",""
2875320915916,PHASE_B,184884,16974,MERGE_SUBMIT,14,5,32,"","","","","","","","",0,0,0,"{L0:1, L3:1, L6:2, L7:1}","{L0:1, L3:1, L6:2, L7:1}",""
2875320916037,PHASE_B,184890,16977,MERGE_START,0,5,32,"[390,517]","","[6,6]","","[64,64]","","[4096,4096]","",89,0,0,"{L0:1, L3:1, L6:2, L7:1}","{L0:1, L3:1, L6:2, L7:1}",""
2875320917967,PHASE_B,185119,17023,SEAL,0,6,32,"","526","","0","","1","","64",0,0,0,"{L0:1, L3:1, L6:2, L7:1}","{L0:2, L3:1, L6:2, L7:1}",""
2875320920458,PHASE_B,185438,17086,SEAL,0,7,32,"","528","","0","","1","","64",0,0,0,"{L0:2, L3:1, L6:2, L7:1}","{L0:3, L3:1, L6:2, L7:1}",""
2875320922926,PHASE_B,185763,17150,SEAL,0,8,32,"","529","","0","","1","","64",0,0,0,"{L0:3, L3:1, L6:2, L7:1}","{L0:4, L3:1, L6:2, L7:1}",""
2875320925435,PHASE_B,186081,17215,SEAL,0,9,32,"","530","","0","","1","","64",0,0,0,"{L0:4, L3:1, L6:2, L7:1}","{L0:5, L3:1, L6:2, L7:1}",""
2875320927837,PHASE_B,186402,17279,SEAL,0,10,32,"","531","","0","","1","","64",0,0,0,"{L0:5, L3:1, L6:2, L7:1}","{L0:6, L3:1, L6:2, L7:1}",""
2875320930189,PHASE_B,186709,17341,SEAL,0,11,32,"","532","","0","","1","","64",0,0,0,"{L0:6, L3:1, L6:2, L7:1}","{L0:7, L3:1, L6:2, L7:1}",""
2875320932705,PHASE_B,187036,17406,SEAL,0,12,32,"","533","","0","","1","","64",0,0,0,"{L0:7, L3:1, L6:2, L7:1}","{L0:8, L3:1, L6:2, L7:1}",""
2875320935162,PHASE_B,187361,17470,SEAL,0,13,32,"","534","","0","","1","","64",0,0,0,"{L0:8, L3:1, L6:2, L7:1}","{L0:9, L3:1, L6:2, L7:1}",""
2875320935735,PHASE_B,187457,17490,MERGE_DONE,0,0,0,"","527","","7","","128","","8192",89,19733,19733,"","",""
2875320935758,PHASE_B,187459,17490,MERGE_PUBLISH,0,12,32,"","527","","7","","128","","8192",89,19751,19751,"{L0:9, L3:1, L6:2, L7:1}","{L0:9, L3:1, L7:2}",""
2875320935781,PHASE_B,187459,17490,MERGE_SUBMIT,18,12,32,"","","","","","","","",0,0,0,"{L0:9, L3:1, L7:2}","{L0:9, L3:1, L7:2}",""
2875320935896,PHASE_B,187465,17492,MERGE_START,0,12,32,"[525,526]","","[0,0]","","[1,1]","","[64,64]","",96,0,0,"{L0:9, L3:1, L7:2}","{L0:9, L3:1, L7:2}",""
2875320936946,PHASE_B,187603,17518,MERGE_DONE,0,0,0,"","535","","1","","2","","128",96,1069,1034,"","",""
2875320936970,PHASE_B,187603,17518,MERGE_PUBLISH,0,11,32,"","535","","1","","2","","128",96,1087,1051,"{L0:9, L3:1, L7:2}","{L0:7, L1:1, L3:1, L7:2}",""
2875320936991,PHASE_B,187603,17518,MERGE_SUBMIT,47,11,32,"","","","","","","","",0,0,0,"{L0:7, L1:1, L3:1, L7:2}","{L0:7, L1:1, L3:1, L7:2}",""
2875320937060,PHASE_B,187612,17520,MERGE_START,0,11,32,"[528,529]","","[0,0]","","[1,1]","","[64,64]","",66,0,0,"{L0:7, L1:1, L3:1, L7:2}","{L0:7, L1:1, L3:1, L7:2}",""
2875320937784,PHASE_B,187676,17535,SEAL,0,12,32,"","537","","0","","1","","64",0,0,0,"{L0:7, L1:1, L3:1, L7:2}","{L0:8, L1:1, L3:1, L7:2}",""
2875320937996,PHASE_B,187714,17542,MERGE_DONE,0,0,0,"","536","","1","","2","","128",66,943,881,"","",""
2875320938037,PHASE_B,187715,17542,MERGE_PUBLISH,0,11,32,"","536","","1","","2","","128",66,978,902,"{L0:8, L1:1, L3:1, L7:2}","{L0:6, L1:2, L3:1, L7:2}",""
2875320938053,PHASE_B,187718,17544,MERGE_SUBMIT,7,11,32,"","","","","","","","",0,0,0,"{L0:6, L1:2, L3:1, L7:2}","{L0:6, L1:2, L3:1, L7:2}",""
2875320938126,PHASE_B,187722,17544,MERGE_START,0,11,32,"[530,531]","","[0,0]","","[1,1]","","[64,64]","",69,0,0,"{L0:6, L1:2, L3:1, L7:2}","{L0:6, L1:2, L3:1, L7:2}",""
2875320939058,PHASE_B,187848,17568,MERGE_DONE,0,0,0,"","538","","1","","2","","128",69,937,864,"","",""
2875320939091,PHASE_B,187854,17569,MERGE_PUBLISH,0,10,32,"","538","","1","","2","","128",69,962,882,"{L0:6, L1:2, L3:1, L7:2}","{L0:4, L1:3, L3:1, L7:2}",""
2875320939108,PHASE_B,187855,17569,MERGE_SUBMIT,33,10,32,"","","","","","","","",0,0,0,"{L0:4, L1:3, L3:1, L7:2}","{L0:4, L1:3, L3:1, L7:2}",""
2875320939176,PHASE_B,187861,17571,MERGE_START,0,10,32,"[532,533]","","[0,0]","","[1,1]","","[64,64]","",66,0,0,"{L0:4, L1:3, L3:1, L7:2}","{L0:4, L1:3, L3:1, L7:2}",""
2875320939960,PHASE_B,187951,17589,MERGE_DONE,0,0,0,"","539","","1","","2","","128",66,788,753,"","",""
2875320939973,PHASE_B,187951,17589,MERGE_PUBLISH,0,9,32,"","539","","1","","2","","128",66,798,763,"{L0:4, L1:3, L3:1, L7:2}","{L0:2, L1:4, L3:1, L7:2}",""
2875320939983,PHASE_B,187951,17589,MERGE_SUBMIT,53,9,32,"","","","","","","","",0,0,0,"{L0:2, L1:4, L3:1, L7:2}","{L0:2, L1:4, L3:1, L7:2}",""
2875320940103,PHASE_B,187956,17590,MERGE_START,0,9,32,"[534,537]","","[0,0]","","[1,1]","","[64,64]","",99,0,0,"{L0:2, L1:4, L3:1, L7:2}","{L0:2, L1:4, L3:1, L7:2}",""
2875320940372,PHASE_B,187984,17596,MERGE_DONE,0,0,0,"","540","","1","","2","","128",99,286,286,"","",""
2875320940415,PHASE_B,187984,17596,MERGE_PUBLISH,0,8,32,"","540","","1","","2","","128",99,327,315,"{L0:2, L1:4, L3:1, L7:2}","{L1:5, L3:1, L7:2}",""
2875320940435,PHASE_B,187984,17596,MERGE_SUBMIT,61,8,32,"","","","","","","","",0,0,0,"{L1:5, L3:1, L7:2}","{L1:5, L3:1, L7:2}",""
2875320940521,PHASE_B,187992,17599,MERGE_START,0,8,32,"[535,536]","","[1,1]","","[2,2]","","[128,128]","",83,0,0,"{L1:5, L3:1, L7:2}","{L1:5, L3:1, L7:2}",""
2875320940609,PHASE_B,187994,17599,SEAL,0,9,32,"","541","","0","","1","","64",0,0,0,"{L1:5, L3:1, L7:2}","{L0:1, L1:5, L3:1, L7:2}",""
2875320941052,PHASE_B,188065,17611,MERGE_DONE,0,0,0,"","542","","2","","4","","256",83,538,538,"","",""
2875320941069,PHASE_B,188065,17611,MERGE_PUBLISH,0,8,32,"","542","","2","","4","","256",83,550,550,"{L0:1, L1:5, L3:1, L7:2}","{L0:1, L1:3, L2:1, L3:1, L7:2}",""
2875320941084,PHASE_B,188065,17611,MERGE_SUBMIT,11,8,32,"","","","","","","","",0,0,0,"{L0:1, L1:3, L2:1, L3:1, L7:2}","{L0:1, L1:3, L2:1, L3:1, L7:2}",""
2875320941187,PHASE_B,188068,17612,MERGE_START,0,8,32,"[538,539]","","[1,1]","","[2,2]","","[128,128]","",83,0,0,"{L0:1, L1:3, L2:1, L3:1, L7:2}","{L0:1, L1:3, L2:1, L3:1, L7:2}",""
2875320941709,PHASE_B,188139,17628,MERGE_DONE,0,0,0,"","543","","2","","4","","256",83,543,542,"","",""
2875320941793,PHASE_B,188156,17630,MERGE_PUBLISH,0,7,32,"","543","","2","","4","","256",83,619,584,"{L0:1, L1:3, L2:1, L3:1, L7:2}","{L0:1, L1:1, L2:2, L3:1, L7:2}",""
2875320941813,PHASE_B,188156,17630,MERGE_SUBMIT,30,7,32,"","","","","","","","",0,0,0,"{L0:1, L1:1, L2:2, L3:1, L7:2}","{L0:1, L1:1, L2:2, L3:1, L7:2}",""
2875320941917,PHASE_B,188173,17632,MERGE_START,0,7,32,"[542,543]","","[2,2]","","[4,4]","","[256,256]","",86,0,0,"{L0:1, L1:1, L2:2, L3:1, L7:2}","{L0:1, L1:1, L2:2, L3:1, L7:2}",""
2875320943214,PHASE_B,188321,17663,MERGE_DONE,0,0,0,"","544","","3","","8","","512",86,1317,1306,"","",""
2875320943275,PHASE_B,188321,17663,SEAL,0,8,32,"","545","","0","","1","","64",0,0,0,"{L0:1, L1:1, L2:2, L3:1, L7:2}","{L0:2, L1:1, L2:2, L3:1, L7:2}",""
2875320943328,PHASE_B,188325,17664,MERGE_PUBLISH,0,7,32,"","544","","3","","8","","512",86,1421,1336,"{L0:2, L1:1, L2:2, L3:1, L7:2}","{L0:2, L1:1, L3:2, L7:2}",""
2875320943347,PHASE_B,188325,17664,MERGE_SUBMIT,0,7,32,"","","","","","","","",0,0,0,"{L0:2, L1:1, L3:2, L7:2}","{L0:2, L1:1, L3:2, L7:2}",""
2875320943386,PHASE_B,188338,17666,MERGE_START,0,7,32,"[541,545]","","[0,0]","","[1,1]","","[64,64]","",23,0,0,"{L0:2, L1:1, L3:2, L7:2}","{L0:2, L1:1, L3:2, L7:2}",""
2875320943733,PHASE_B,188378,17674,MERGE_DONE,0,0,0,"","546","","1","","2","","128",23,366,365,"","",""
2875320943775,PHASE_B,188388,17677,MERGE_PUBLISH,0,6,32,"","546","","1","","2","","128",23,400,390,"{L0:2, L1:1, L3:2, L7:2}","{L1:2, L3:2, L7:2}",""
2875320943791,PHASE_B,188392,17678,MERGE_SUBMIT,13,6,32,"","","","","","","","",0,0,0,"{L1:2, L3:2, L7:2}","{L1:2, L3:2, L7:2}",""
2875320943909,PHASE_B,188405,17680,MERGE_START,0,6,32,"[540,546]","","[1,1]","","[2,2]","","[128,128]","",89,0,0,"{L1:2, L3:2, L7:2}","{L1:2, L3:2, L7:2}",""
2875320944471,PHASE_B,188478,17694,MERGE_DONE,0,0,0,"","547","","2","","4","","256",89,595,594,"","",""
2875320944490,PHASE_B,188479,17694,MERGE_PUBLISH,0,5,32,"","547","","2","","4","","256",89,609,608,"{L1:2, L3:2, L7:2}","{L2:1, L3:2, L7:2}",""
2875320944510,PHASE_B,188479,17694,MERGE_SUBMIT,30,5,32,"","","","","","","","",0,0,0,"{L2:1, L3:2, L7:2}","{L2:1, L3:2, L7:2}",""
2875320944534,PHASE_B,188479,17694,MERGE_START,0,5,32,"[524,544]","","[3,3]","","[8,8]","","[512,512]","",17,0,0,"{L2:1, L3:2, L7:2}","{L2:1, L3:2, L7:2}",""
2875320945975,PHASE_B,188632,17727,SEAL,0,6,32,"","549","","0","","1","","64",0,0,0,"{L2:1, L3:2, L7:2}","{L0:1, L2:1, L3:2, L7:2}",""
2875320946779,PHASE_B,188754,17751,MERGE_DONE,0,0,0,"","548","","4","","16","","1024",17,2255,2255,"","",""
2875320946797,PHASE_B,188755,17751,MERGE_PUBLISH,0,5,32,"","548","","4","","16","","1024",17,2268,2267,"{L0:1, L2:1, L3:2, L7:2}","{L0:1, L2:1, L4:1, L7:2}",""
2875320946812,PHASE_B,188755,17751,MERGE_SUBMIT,23,5,32,"","","","","","","","",0,0,0,"{L0:1, L2:1, L4:1, L7:2}","{L0:1, L2:1, L4:1, L7:2}",""
2875320946916,PHASE_B,188781,17754,MERGE_START,0,5,32,"[274,527]","","[7,7]","","[128,128]","","[8192,8192]","",86,0,0,"{L0:1, L2:1, L4:1, L7:2}","{L0:1, L2:1, L4:1, L7:2}",""
2875320948523,PHASE_B,188966,17791,SEAL,0,6,32,"","550","","0","","1","","64",0,0,0,"{L0:1, L2:1, L4:1, L7:2}","{L0:2, L2:1, L4:1, L7:2}",""
2875320951087,PHASE_B,189272,17855,SEAL,0,7,32,"","551","","0","","1","","64",0,0,0,"{L0:2, L2:1, L4:1, L7:2}","{L0:3, L2:1, L4:1, L7:2}",""
2875320953659,PHASE_B,189597,17918,SEAL,0,8,32,"","553","","0","","1","","64",0,0,0,"{L0:3, L2:1, L4:1, L7:2}","{L0:4, L2:1, L4:1, L7:2}",""
2875320956096,PHASE_B,189912,17981,SEAL,0,9,32,"","554","","0","","1","","64",0,0,0,"{L0:4, L2:1, L4:1, L7:2}","{L0:5, L2:1, L4:1, L7:2}",""
2875320958516,PHASE_B,190242,18047,SEAL,0,10,32,"","555","","0","","1","","64",0,0,0,"{L0:5, L2:1, L4:1, L7:2}","{L0:6, L2:1, L4:1, L7:2}",""
2875320960939,PHASE_B,190558,18109,SEAL,0,11,32,"","556","","0","","1","","64",0,0,0,"{L0:6, L2:1, L4:1, L7:2}","{L0:7, L2:1, L4:1, L7:2}",""
2875320963381,PHASE_B,190881,18175,SEAL,0,12,32,"","557","","0","","1","","64",0,0,0,"{L0:7, L2:1, L4:1, L7:2}","{L0:8, L2:1, L4:1, L7:2}",""
2875320965829,PHASE_B,191195,18237,SEAL,0,13,32,"","558","","0","","1","","64",0,0,0,"{L0:8, L2:1, L4:1, L7:2}","{L0:9, L2:1, L4:1, L7:2}",""
2875320968253,PHASE_B,191517,18301,SEAL,0,14,32,"","559","","0","","1","","64",0,0,0,"{L0:9, L2:1, L4:1, L7:2}","{L0:10, L2:1, L4:1, L7:2}",""
2875320970651,PHASE_B,191834,18365,SEAL,0,15,32,"","560","","0","","1","","64",0,0,0,"{L0:10, L2:1, L4:1, L7:2}","{L0:11, L2:1, L4:1, L7:2}",""
2875320973219,PHASE_B,192167,18431,SEAL,0,16,32,"","561","","0","","1","","64",0,0,0,"{L0:11, L2:1, L4:1, L7:2}","{L0:12, L2:1, L4:1, L7:2}",""
2875320975765,PHASE_B,192483,18495,SEAL,0,17,32,"","562","","0","","1","","64",0,0,0,"{L0:12, L2:1, L4:1, L7:2}","{L0:13, L2:1, L4:1, L7:2}",""
2875320978229,PHASE_B,192789,18558,SEAL,0,18,32,"","563","","0","","1","","64",0,0,0,"{L0:13, L2:1, L4:1, L7:2}","{L0:14, L2:1, L4:1, L7:2}",""
2875320980787,PHASE_B,193118,18623,SEAL,0,19,32,"","564","","0","","1","","64",0,0,0,"{L0:14, L2:1, L4:1, L7:2}","{L0:15, L2:1, L4:1, L7:2}",""
2875320983188,PHASE_B,193436,18687,SEAL,0,20,32,"","565","","0","","1","","64",0,0,0,"{L0:15, L2:1, L4:1, L7:2}","{L0:16, L2:1, L4:1, L7:2}",""
2875320985592,PHASE_B,193766,18751,SEAL,0,21,32,"","566","","0","","1","","64",0,0,0,"{L0:16, L2:1, L4:1, L7:2}","{L0:17, L2:1, L4:1, L7:2}",""
2875320988019,PHASE_B,194074,18815,SEAL,0,22,32,"","567","","0","","1","","64",0,0,0,"{L0:17, L2:1, L4:1, L7:2}","{L0:18, L2:1, L4:1, L7:2}",""
2875320989634,PHASE_B,194294,18861,MERGE_DONE,0,0,0,"","552","","8","","256","","16384",86,42736,42737,"","",""
2875320989659,PHASE_B,194307,18861,MERGE_PUBLISH,0,21,32,"","552","","8","","256","","16384",86,42756,42757,"{L0:18, L2:1, L4:1, L7:2}","{L0:18, L2:1, L4:1, L8:1}",""
2875320989677,PHASE_B,194313,18861,MERGE_SUBMIT,45,21,32,"","","","","","","","",0,0,0,"{L0:18, L2:1, L4:1, L8:1}","{L0:18, L2:1, L4:1, L8:1}",""
2875320989803,PHASE_B,194326,18864,MERGE_START,0,21,32,"[549,550]","","[0,0]","","[1,1]","","[64,64]","",102,0,0,"{L0:18, L2:1, L4:1, L8:1}","{L0:18, L2:1, L4:1, L8:1}",""
2875320990591,PHASE_B,194389,18876,SEAL,0,22,32,"","569","","0","","1","","64",0,0,0,"{L0:18, L2:1, L4:1, L8:1}","{L0:19, L2:1, L4:1, L8:1}",""
2875320991446,PHASE_B,194525,18904,MERGE_DONE,0,0,0,"","568","","1","","2","","128",102,1668,1621,"","",""
2875320991482,PHASE_B,194527,18904,MERGE_PUBLISH,0,21,32,"","568","","1","","2","","128",102,1693,1645,"{L0:19, L2:1, L4:1, L8:1}","{L0:17, L1:1, L2:1, L4:1, L8:1}",""
2875320991524,PHASE_B,194531,18905,MERGE_SUBMIT,24,21,32,"","","","","","","","",0,0,0,"{L0:17, L1:1, L2:1, L4:1, L8:1}","{L0:17, L1:1, L2:1, L4:1, L8:1}",""
2875320991593,PHASE_B,194535,18905,MERGE_START,0,21,32,"[551,553]","","[0,0]","","[1,1]","","[64,64]","",63,0,0,"{L0:17, L1:1, L2:1, L4:1, L8:1}","{L0:17, L1:1, L2:1, L4:1, L8:1}",""
2875320992704,PHASE_B,194657,18930,MERGE_DONE,0,0,0,"","570","","1","","2","","128",63,1121,1066,"","",""
2875320992723,PHASE_B,194657,18930,MERGE_PUBLISH,0,20,32,"","570","","1","","2","","128",63,1135,1079,"{L0:17, L1:1, L2:1, L4:1, L8:1}","{L0:15, L1:2, L2:1, L4:1, L8:1}",""
2875320992743,PHASE_B,194657,18930,MERGE_SUBMIT,53,20,32,"","","","","","","","",0,0,0,"{L0:15, L1:2, L2:1, L4:1, L8:1}","{L0:15, L1:2, L2:1, L4:1, L8:1}",""
2875320992856,PHASE_B,194683,18935,MERGE_START,0,20,32,"[554,555]","","[0,0]","","[1,1]","","[64,64]","",88,0,0,"{L0:15, L1:2, L2:1, L4:1, L8:1}","{L0:15, L1:2, L2:1, L4:1, L8:1}",""
2875320993316,PHASE_B,194723,18943,SEAL,0,21,32,"","571","","0","","1","","64",0,0,0,"{L0:15, L1:2, L2:1, L4:1, L8:1}","{L0:16, L1:2, L2:1, L4:1, L8:1}",""
2875320994258,PHASE_B,194856,18969,MERGE_DONE,0,0,0,"","572","","1","","2","","128",88,1428,1406,"","",""
2875320994310,PHASE_B,194856,18969,MERGE_PUBLISH,0,20,32,"","572","","1","","2","","128",88,1467,1436,"{L0:16, L1:2, L2:1, L4:1, L8:1}","{L0:14, L1:3, L2:1, L4:1, L8:1}",""
2875320994350,PHASE_B,194856,18969,MERGE_SUBMIT,28,20,32,"","","","","","","","",0,0,0,"{L0:14, L1:3, L2:1, L4:1, L8:1}","{L0:14, L1:3, L2:1, L4:1, L8:1}",""
2875320994437,PHASE_B,194872,18974,MERGE_START,0,20,32,"[556,557]","","[0,0]","","[1,1]","","[64,64]","",81,0,0,"{L0:14, L1:3, L2:1, L4:1, L8:1}","{L0:14, L1:3, L2:1, L4:1, L8:1}",""
2875320995545,PHASE_B,195004,19000,MERGE_DONE,0,0,0,"","573","","1","","2","","128",81,1118,1118,"","",""
2875320995567,PHASE_B,195004,19000,MERGE_PUBLISH,0,19,32,"","573","","1","","2","","128",81,1129,1129,"{L0:14, L1:3, L2:1, L4:1, L8:1}","{L0:12, L1:4, L2:1, L4:1, L8:1}",""
2875320995587,PHASE_B,195004,19000,MERGE_SUBMIT,56,19,32,"","","","","","","","",0,0,0,"{L0:12, L1:4, L2:1, L4:1, L8:1}","{L0:12, L1:4, L2:1, L4:1, L8:1}",""
2875320995659,PHASE_B,195006,19002,MERGE_START,0,19,32,"[558,559]","","[0,0]","","[1,1]","","[64,64]","",66,0,0,"{L0:12, L1:4, L2:1, L4:1, L8:1}","{L0:12, L1:4, L2:1, L4:1, L8:1}",""
2875320996017,PHASE_B,195038,19006,SEAL,0,20,32,"","575","","0","","1","","64",0,0,0,"{L0:12, L1:4, L2:1, L4:1, L8:1}","{L0:13, L1:4, L2:1, L4:1, L8:1}",""
2875320996060,PHASE_B,195038,19006,MERGE_DONE,0,0,0,"","574","","1","","2","","128",66,410,382,"","",""
2875320996086,PHASE_B,195038,19006,MERGE_PUBLISH,0,19,32,"","574","","1","","2","","128",66,430,403,"{L0:13, L1:4, L2:1, L4:1, L8:1}","{L0:11, L1:5, L2:1, L4:1, L8:1}",""
2875320996103,PHASE_B,195041,19009,MERGE_SUBMIT,1,19,32,"","","","","","","","",0,0,0,"{L0:11, L1:5, L2:1, L4:1, L8:1}","{L0:11, L1:5, L2:1, L4:1, L8:1}",""
2875320996177,PHASE_B,195061,19011,MERGE_START,0,19,32,"[560,561]","","[0,0]","","[1,1]","","[64,64]","",69,0,0,"{L0:11, L1:5, L2:1, L4:1, L8:1}","{L0:11, L1:5, L2:1, L4:1, L8:1}",""
2875320996404,PHASE_B,195098,19018,MERGE_DONE,0,0,0,"","576","","1","","2","","128",69,235,235,"","",""
2875320996421,PHASE_B,195098,19018,MERGE_PUBLISH,0,18,32,"","576","","1","","2","","128",69,245,245,"{L0:11, L1:5, L2:1, L4:1, L8:1}","{L0:9, L1:6, L2:1, L4:1, L8:1}",""
2875320996438,PHASE_B,195098,19018,MERGE_SUBMIT,10,18,32,"","","","","","","","",0,0,0,"{L0:9, L1:6, L2:1, L4:1, L8:1}","{L0:9, L1:6, L2:1, L4:1, L8:1}",""
2875320996485,PHASE_B,195098,19018,MERGE_START,0,18,32,"[562,563]","","[0,0]","","[1,1]","","[64,64]","",24,0,0,"{L0:9, L1:6, L2:1, L4:1, L8:1}","{L0:9, L1:6, L2:1, L4:1, L8:1}",""
2875320996758,PHASE_B,195136,19025,MERGE_DONE,0,0,0,"","577","","1","","2","","128",24,297,296,"","",""
2875320996784,PHASE_B,195136,19025,MERGE_PUBLISH,0,17,32,"","577","","1","","2","","128",24,315,314,"{L0:9, L1:6, L2:1, L4:1, L8:1}","{L0:7, L1:7, L2:1, L4:1, L8:1}",""
2875320996824,PHASE_B,195136,19025,MERGE_SUBMIT,18,17,32,"","","","","","","","",0,0,0,"{L0:7, L1:7, L2:1, L4:1, L8:1}","{L0:7, L1:7, L2:1, L4:1, L8:1}",""
2875320996858,PHASE_B,195141,19028,MERGE_START,0,17,32,"[564,565]","","[0,0]","","[1,1]","","[64,64]","",18,0,0,"{L0:7, L1:7, L2:1, L4:1, L8:1}","{L0:7, L1:7, L2:1, L4:1, L8:1}",""
2875320997122,PHASE_B,195174,19034,MERGE_DONE,0,0,0,"","578","","1","","2","","128",18,284,283,"","",""
2875320997159,PHASE_B,195174,19034,MERGE_PUBLISH,0,16,32,"","578","","1","","2","","128",18,313,308,"{L0:7, L1:7, L2:1, L4:1, L8:1}","{L0:5, L1:8, L2:1, L4:1, L8:1}",""
2875320997177,PHASE_B,195174,19034,MERGE_SUBMIT,27,16,32,"","","","","","","","",0,0,0,"{L0:5, L1:8, L2:1, L4:1, L8:1}","{L0:5, L1:8, L2:1, L4:1, L8:1}",""
2875320997220,PHASE_B,195184,19036,MERGE_START,0,16,32,"[566,567]","","[0,0]","","[1,1]","","[64,64]","",20,0,0,"{L0:5, L1:8, L2:1, L4:1, L8:1}","{L0:5, L1:8, L2:1, L4:1, L8:1}",""
2875320997614,PHASE_B,195221,19043,MERGE_DONE,0,0,0,"","579","","1","","2","","128",20,418,417,"","",""
2875320997637,PHASE_B,195221,19043,MERGE_PUBLISH,0,15,32,"","579","","1","","2","","128",20,434,433,"{L0:5, L1:8, L2:1, L4:1, L8:1}","{L0:3, L1:9, L2:1, L4:1, L8:1}",""
2875320997661,PHASE_B,195221,19043,MERGE_SUBMIT,38,15,32,"","","","","","","","",0,0,0,"{L0:3, L1:9, L2:1, L4:1, L8:1}","{L0:3, L1:9, L2:1, L4:1, L8:1}",""
2875320997762,PHASE_B,195253,19048,MERGE_START,0,15,32,"[569,571]","","[0,0]","","[1,1]","","[64,64]","",99,0,0,"{L0:3, L1:9, L2:1, L4:1, L8:1}","{L0:3, L1:9, L2:1, L4:1, L8:1}",""
2875320998038,PHASE_B,195272,19053,MERGE_DONE,0,0,0,"","580","","1","","2","","128",99,283,283,"","",""
2875320998099,PHASE_B,195281,19055,MERGE_PUBLISH,0,14,32,"","580","","1","","2","","128",99,335,317,"{L0:3, L1:9, L2:1, L4:1, L8:1}","{L0:1, L1:10, L2:1, L4:1, L8:1}",""
2875320998115,PHASE_B,195284,19056,MERGE_SUBMIT,47,14,32,"","","","","","","","",0,0,0,"{L0:1, L1:10, L2:1, L4:1, L8:1}","{L0:1, L1:10, L2:1, L4:1, L8:1}",""
2875320998235,PHASE_B,195288,19058,MERGE_START,0,14,32,"[568,570]","","[1,1]","","[2,2]","","[128,128]","",97,0,0,"{L0:1, L1:10, L2:1, L4:1, L8:1}","{L0:1, L1:10, L2:1, L4:1, L8:1}",""
2875320998768,PHASE_B,195342,19067,MERGE_DONE,0,0,0,"","581","","2","","4","","256",97,558,557,"","",""
2875320998792,PHASE_B,195342,19067,MERGE_PUBLISH,0,13,32,"","581","","2","","4","","256",97,575,574,"{L0:1, L1:10, L2:1, L4:1, L8:1}","{L0:1, L1:8, L2:2, L4:1, L8:1}",""
2875320998815,PHASE_B,195342,19067,MERGE_SUBMIT,60,13,32,"","","","","","","","",0,0,0,"{L0:1, L1:8, L2:2, L4:1, L8:1}","{L0:1, L1:8, L2:2, L4:1, L8:1}",""
2875320998929,PHASE_B,195354,19071,MERGE_START,0,13,32,"[572,573]","","[1,1]","","[2,2]","","[128,128]","",93,0,0,"{L0:1, L1:8, L2:2, L4:1, L8:1}","{L0:1, L1:8, L2:2, L4:1, L8:1}",""
2875320999025,PHASE_B,195357,19071,SEAL,0,14,32,"","582","","0","","1","","64",0,0,0,"{L0:1, L1:8, L2:2, L4:1, L8:1}","{L0:2, L1:8, L2:2, L4:1, L8:1}",""
2875320999457,PHASE_B,195421,19084,MERGE_DONE,0,0,0,"","583","","2","","4","","256",93,553,552,"","",""
2875320999505,PHASE_B,195437,19085,MERGE_PUBLISH,0,13,32,"","583","","2","","4","","256",93,592,580,"{L0:2, L1:8, L2:2, L4:1, L8:1}","{L0:2, L1:6, L2:3, L4:1, L8:1}",""
2875320999527,PHASE_B,195437,19085,MERGE_SUBMIT,13,13,32,"","","","","","","","",0,0,0,"{L0:2, L1:6, L2:3, L4:1, L8:1}","{L0:2, L1:6, L2:3, L4:1, L8:1}",""
2875320999661,PHASE_B,195440,19086,MERGE_START,0,13,32,"[575,582]","","[0,0]","","[1,1]","","[64,64]","",115,0,0,"{L0:2, L1:6, L2:3, L4:1, L8:1}","{L0:2, L1:6, L2:3, L4:1, L8:1}",""
2875320999957,PHASE_B,195497,19097,MERGE_DONE,0,0,0,"","584","","1","","2","","128",115,318,317,"","",""
2875321000015,PHASE_B,195498,19097,MERGE_PUBLISH,0,12,32,"","584","","1","","2","","128",115,356,344,"{L0:2, L1:6, L2:3, L4:1, L8:1}","{L1:7, L2:3, L4:1, L8:1}",""
2875321000038,PHASE_B,195498,19097,MERGE_SUBMIT,26,12,32,"","","","","","","","",0,0,0,"{L1:7, L2:3, L4:1, L8:1}","{L1:7, L2:3, L4:1, L8:1}",""
2875321000141,PHASE_B,195510,19101,MERGE_START,0,12,32,"[574,576]","","[1,1]","","[2,2]","","[128,128]","",84,0,0,"{L1:7, L2:3, L4:1, L8:1}","{L1:7, L2:3, L4:1, L8:1}",""
2875321000669,PHASE_B,195572,19114,MERGE_DONE,0,0,0,"","585","","2","","4","","256",84,550,550,"","",""
2875321000692,PHASE_B,195572,19114,MERGE_PUBLISH,0,11,32,"","585","","2","","4","","256",84,567,566,"{L1:7, L2:3, L4:1, L8:1}","{L1:5, L2:4, L4:1, L8:1}",""
2875321000715,PHASE_B,195577,19115,MERGE_SUBMIT,42,11,32,"","","","","","","","",0,0,0,"{L1:5, L2:4, L4:1, L8:1}","{L1:5, L2:4, L4:1, L8:1}",""
2875321000827,PHASE_B,195590,19116,MERGE_START,0,11,32,"[577,578]","","[1,1]","","[2,2]","","[128,128]","",93,0,0,"{L1:5, L2:4, L4:1, L8:1}","{L1:5, L2:4, L4:1, L8:1}",""
2875321001436,PHASE_B,195646,19126,MERGE_DONE,0,0,0,"","586","","2","","4","","256",93,631,630,"","",""
2875321001496,PHASE_B,195656,19131,MERGE_PUBLISH,0,10,32,"","586","","2","","4","","256",93,683,661,"{L1:5, L2:4, L4:1, L8:1}","{L1:3, L2:5, L4:1, L8:1}",""
2875321001517,PHASE_B,195656,19131,MERGE_SUBMIT,59,10,32,"","","","","","","","",0,0,0,"{L1:3, L2:5, L4:1, L8:1}","{L1:3, L2:5, L4:1, L8:1}",""
2875321001623,PHASE_B,195667,19134,MERGE_START,0,10,32,"[579,580]","","[1,1]","","[2,2]","","[128,128]","",86,0,0,"{L1:3, L2:5, L4:1, L8:1}","{L1:3, L2:5, L4:1, L8:1}",""
2875321001752,PHASE_B,195684,19135,SEAL,0,11,32,"","587","","0","","1","","64",0,0,0,"{L1:3, L2:5, L4:1, L8:1}","{L0:1, L1:3, L2:5, L4:1, L8:1}",""
2875321002179,PHASE_B,195746,19148,MERGE_DONE,0,0,0,"","588","","2","","4","","256",86,579,578,"","",""
2875321002203,PHASE_B,195749,19148,MERGE_PUBLISH,0,10,32,"","588","","2","","4","","256",86,595,594,"{L0:1, L1:3, L2:5, L4:1, L8:1}","{L0:1, L1:1, L2:6, L4:1, L8:1}",""
2875321002223,PHASE_B,195749,19148,MERGE_SUBMIT,12,10,32,"","","","","","","","",0,0,0,"{L0:1, L1:1, L2:6, L4:1, L8:1}","{L0:1, L1:1, L2:6, L4:1, L8:1}",""
2875321002327,PHASE_B,195762,19152,MERGE_START,0,10,32,"[547,581]","","[2,2]","","[4,4]","","[256,256]","",85,0,0,"{L0:1, L1:1, L2:6, L4:1, L8:1}","{L0:1, L1:1, L2:6, L4:1, L8:1}",""
2875321003429,PHASE_B,195904,19180,MERGE_DONE,0,0,0,"","589","","3","","8","","512",85,1124,1123,"","",""
2875321003520,PHASE_B,195904,19180,MERGE_PUBLISH,0,9,32,"","589","","3","","8","","512",85,1203,1166,"{L0:1, L1:1, L2:6, L4:1, L8:1}","{L0:1, L1:1, L2:4, L3:1, L4:1, L8:1}",""
2875321003549,PHASE_B,195904,19180,MERGE_SUBMIT,46,9,32,"","","","","","","","",0,0,0,"{L0:1, L1:1, L2:4, L3:1, L4:1, L8:1}","{L0:1, L1:1, L2:4, L3:1, L4:1, L8:1}",""
2875321003663,PHASE_B,195929,19184,MERGE_START,0,9,32,"[583,585]","","[2,2]","","[4,4]","","[256,256]","",93,0,0,"{L0:1, L1:1, L2:4, L3:1, L4:1, L8:1}","{L0:1, L1:1, L2:4, L3:1, L4:1, L8:1}",""
2875321004398,PHASE_B,196000,19198,SEAL,0,10,32,"","591","","0","","1","","64",0,0,0,"{L0:1, L1:1, L2:4, L3:1, L4:1, L8:1}","{L0:2, L1:1, L2:4, L3:1, L4:1, L8:1}",""
2875321004805,PHASE_B,196065,19212,MERGE_DONE,0,0,0,"","590","","3","","8","","512",93,1165,1134,"","",""
2875321004832,PHASE_B,196065,19212,MERGE_PUBLISH,0,9,32,"","590","","3","","8","","512",93,1184,1152,"{L0:2, L1:1, L2:4, L3:1, L4:1, L8:1}","{L0:2, L1:1, L2:2, L3:2, L4:1, L8:1}",""
2875321004853,PHASE_B,196065,19212,MERGE_SUBMIT,12,9,32,"","","","","","","","",0,0,0,"{L0:2, L1:1, L2:2, L3:2, L4:1, L8:1}","{L0:2, L1:1, L2:2, L3:2, L4:1, L8:1}",""
2875321004960,PHASE_B,196080,19216,MERGE_START,0,9,32,"[587,591]","","[0,0]","","[1,1]","","[64,64]","",88,0,0,"{L0:2, L1:1, L2:2, L3:2, L4:1, L8:1}","{L0:2, L1:1, L2:2, L3:2, L4:1, L8:1}",""
2875321005342,PHASE_B,196135,19226,MERGE_DONE,0,0,0,"","592","","1","","2","","128",88,404,403,"","",""
2875321005391,PHASE_B,196135,19226,MERGE_PUBLISH,0,8,32,"","592","","1","","2","","128",88,444,432,"{L0:2, L1:1, L2:2, L3:2, L4:1, L8:1}","{L1:2, L2:2, L3:2, L4:1, L8:1}",""
2875321005428,PHASE_B,196135,19226,MERGE_SUBMIT,27,8,32,"","","","","","","","",0,0,0,"{L1:2, L2:2, L3:2, L4:1, L8:1}","{L1:2, L2:2, L3:2, L4:1, L8:1}",""
2875321005504,PHASE_B,196152,19229,MERGE_START,0,8,32,"[584,592]","","[1,1]","","[2,2]","","[128,128]","",76,0,0,"{L1:2, L2:2, L3:2, L4:1, L8:1}","{L1:2, L2:2, L3:2, L4:1, L8:1}",""
2875321006024,PHASE_B,196214,19241,MERGE_DONE,0,0,0,"","593","","2","","4","","256",76,525,525,"","",""
2875321006057,PHASE_B,196214,19241,MERGE_PUBLISH,0,7,32,"","593","","2","","4","","256",76,552,544,"{L1:2, L2:2, L3:2, L4:1, L8:1}","{L2:3, L3:2, L4:1, L8:1}",""
2875321006071,PHASE_B,196214,19241,MERGE_SUBMIT,43,7,32,"","","","","","","","",0,0,0,"{L2:3, L3:2, L4:1, L8:1}","{L2:3, L3:2, L4:1, L8:1}",""
2875321006174,PHASE_B,196229,19245,MERGE_START,0,7,32,"[586,588]","","[2,2]","","[4,4]","","[256,256]","",83,0,0,"{L2:3, L3:2, L4:1, L8:1}","{L2:3, L3:2, L4:1, L8:1}",""
2875321007019,PHASE_B,196306,19262,SEAL,0,8,32,"","595","","0","","1","","64",0,0,0,"{L2:3, L3:2, L4:1, L8:1}","{L0:1, L2:3, L3:2, L4:1, L8:1}",""
2875321007274,PHASE_B,196355,19271,MERGE_DONE,0,0,0,"","594","","3","","8","","512",83,1121,1120,"","",""
2875321007298,PHASE_B,196360,19271,MERGE_PUBLISH,0,7,32,"","594","","3","","8","","512",83,1137,1136,"{L0:1, L2:3, L3:2, L4:1, L8:1}","{L0:1, L2:1, L3:3, L4:1, L8:1}",""
2875321007335,PHASE_B,196361,19271,MERGE_SUBMIT,7,7,32,"","","","","","","","",0,0,0,"{L0:1, L2:1, L3:3, L4:1, L8:1}","{L0:1, L2:1, L3:3, L4:1, L8:1}",""
2875321007444,PHASE_B,196376,19275,MERGE_START,0,7,32,"[589,590]","","[3,3]","","[8,8]","","[512,512]","",85,0,0,"{L0:1, L2:1, L3:3, L4:1, L8:1}","{L0:1, L2:1, L3:3, L4:1, L8:1}",""
2875321009585,PHASE_B,196628,19326,SEAL,0,8,32,"","597","","0","","1","","64",0,0,0,"{L0:1, L2:1, L3:3, L4:1, L8:1}","{L0:2, L2:1, L3:3, L4:1, L8:1}",""
2875321009638,PHASE_B,196647,19328,MERGE_DONE,0,0,0,"","596","","4","","16","","1024",85,2220,2220,"","",""
2875321009662,PHASE_B,196647,19328,MERGE_PUBLISH,0,7,32,"","596","","4","","16","","1024",85,2237,2236,"{L0:2, L2:1, L3:3, L4:1, L8:1}","{L0:2, L2:1, L3:1, L4:2, L8:1}",""
2875321009680,PHASE_B,196651,19329,MERGE_SUBMIT,0,7,32,"","","","","","","","",0,0,0,"{L0:2, L2:1, L3:1, L4:2, L8:1}","{L0:2, L2:1, L3:1, L4:2, L8:1}",""
2875321009792,PHASE_B,196664,19332,MERGE_START,0,7,32,"[595,597]","","[0,0]","","[1,1]","","[64,64]","",94,0,0,"{L0:2, L2:1, L3:1, L4:2, L8:1}","{L0:2, L2:1, L3:1, L4:2, L8:1}",""
2875321010090,PHASE_B,196697,19340,MERGE_DONE,0,0,0,"","598","","1","","2","","128",94,319,318,"","",""
2875321010132,PHASE_B,196716,19342,MERGE_PUBLISH,0,6,32,"","598","","1","","2","","128",94,350,349,"{L0:2, L2:1, L3:1, L4:2, L8:1}","{L1:1, L2:1, L3:1, L4:2, L8:1}",""
2875321010149,PHASE_B,196720,19342,MERGE_SUBMIT,14,6,32,"","","","","","","","",0,0,0,"{L1:1, L2:1, L3:1, L4:2, L8:1}","{L1:1, L2:1, L3:1, L4:2, L8:1}",""
2875321010214,PHASE_B,196724,19343,MERGE_START,0,6,32,"[548,596]","","[4,4]","","[16,16]","","[1024,1024]","",65,0,0,"{L1:1, L2:1, L3:1, L4:2, L8:1}","{L1:1, L2:1, L3:1, L4:2, L8:1}",""
2875321012170,PHASE_B,196956,19391,SEAL,0,7,32,"","600","","0","","1","","64",0,0,0,"{L1:1, L2:1, L3:1, L4:2, L8:1}","{L0:1, L1:1, L2:1, L3:1, L4:2, L8:1}",""
2875321014491,PHASE_B,197272,19453,SEAL,0,8,32,"","601","","0","","1","","64",0,0,0,"{L0:1, L1:1, L2:1, L3:1, L4:2, L8:1}","{L0:2, L1:1, L2:1, L3:1, L4:2, L8:1}",""
2875321014875,PHASE_B,197332,19465,MERGE_DONE,0,0,0,"","599","","5","","32","","2048",65,4665,4665,"","",""
2875321014924,PHASE_B,197343,19468,MERGE_PUBLISH,0,7,32,"","599","","5","","32","","2048",65,4705,4695,"{L0:2, L1:1, L2:1, L3:1, L4:2, L8:1}","{L0:2, L1:1, L2:1, L3:1, L5:1, L8:1}",""
2875321014941,PHASE_B,197343,19468,MERGE_SUBMIT,12,7,32,"","","","","","","","",0,0,0,"{L0:2, L1:1, L2:1, L3:1, L5:1, L8:1}","{L0:2, L1:1, L2:1, L3:1, L5:1, L8:1}",""
2875321015059,PHASE_B,197365,19472,MERGE_START,0,7,32,"[600,601]","","[0,0]","","[1,1]","","[64,64]","",99,0,0,"{L0:2, L1:1, L2:1, L3:1, L5:1, L8:1}","{L0:2, L1:1, L2:1, L3:1, L5:1, L8:1}",""
2875321015782,PHASE_B,197458,19492,MERGE_DONE,0,0,0,"","602","","1","","2","","128",99,744,732,"","",""
2875321015805,PHASE_B,197461,19492,MERGE_PUBLISH,0,6,32,"","602","","1","","2","","128",99,760,747,"{L0:2, L1:1, L2:1, L3:1, L5:1, L8:1}","{L1:2, L2:1, L3:1, L5:1, L8:1}",""
2875321015819,PHASE_B,197462,19492,MERGE_SUBMIT,36,6,32,"","","","","","","","",0,0,0,"{L1:2, L2:1, L3:1, L5:1, L8:1}","{L1:2, L2:1, L3:1, L5:1, L8:1}",""
2875321015908,PHASE_B,197476,19494,MERGE_START,0,6,32,"[598,602]","","[1,1]","","[2,2]","","[128,128]","",88,0,0,"{L1:2, L2:1, L3:1, L5:1, L8:1}","{L1:2, L2:1, L3:1, L5:1, L8:1}",""
2875321016401,PHASE_B,197524,19503,MERGE_DONE,0,0,0,"","603","","2","","4","","256",88,499,499,"","",""
2875321016417,PHASE_B,197524,19503,MERGE_PUBLISH,0,5,32,"","603","","2","","4","","256",88,509,508,"{L1:2, L2:1, L3:1, L5:1, L8:1}","{L2:2, L3:1, L5:1, L8:1}",""
2875321016430,PHASE_B,197524,19503,MERGE_SUBMIT,49,5,32,"","","","","","","","",0,0,0,"{L2:2, L3:1, L5:1, L8:1}","{L2:2, L3:1, L5:1, L8:1}",""
2875321016540,PHASE_B,197539,19507,MERGE_START,0,5,32,"[593,603]","","[2,2]","","[4,4]","","[256,256]","",87,0,0,"{L2:2, L3:1, L5:1, L8:1}","{L2:2, L3:1, L5:1, L8:1}",""
2875321017149,PHASE_B,197603,19518,SEAL,0,6,32,"","605","","0","","1","","64",0,0,0,"{L2:2, L3:1, L5:1, L8:1}","{L0:1, L2:2, L3:1, L5:1, L8:1}",""
2875321017710,PHASE_B,197689,19536,MERGE_DONE,0,0,0,"","604","","3","","8","","512",87,1193,1193,"","",""
2875321017742,PHASE_B,197689,19536,MERGE_PUBLISH,0,5,32,"","604","","3","","8","","512",87,1218,1217,"{L0:1, L2:2, L3:1, L5:1, L8:1}","{L0:1, L3:2, L5:1, L8:1}",""
2875321017760,PHASE_B,197693,19537,MERGE_SUBMIT,16,5,32,"","","","","","","","",0,0,0,"{L0:1, L3:2, L5:1, L8:1}","{L0:1, L3:2, L5:1, L8:1}",""
2875321017873,PHASE_B,197696,19537,MERGE_START,0,5,32,"[594,604]","","[3,3]","","[8,8]","","[512,512]","",96,0,0,"{L0:1, L3:2, L5:1, L8:1}","{L0:1, L3:2, L5:1, L8:1}",""
2875321019679,PHASE_B,197919,19583,SEAL,0,6,32,"","607","","0","","1","","64",0,0,0,"{L0:1, L3:2, L5:1, L8:1}","{L0:2, L3:2, L5:1, L8:1}",""
2875321020075,PHASE_B,197989,19595,MERGE_DONE,0,0,0,"","606","","4","","16","","1024",96,2222,2221,"","",""
2875321020097,PHASE_B,197989,19595,MERGE_PUBLISH,0,5,32,"","606","","4","","16","","1024",96,2238,2237,"{L0:2, L3:2, L5:1, L8:1}","{L0:2, L4:1, L5:1, L8:1}",""
2875321020116,PHASE_B,197992,19597,MERGE_SUBMIT,12,5,32,"","","","","","","","",0,0,0,"{L0:2, L4:1, L5:1, L8:1}","{L0:2, L4:1, L5:1, L8:1}",""
2875321020232,PHASE_B,197996,19597,MERGE_START,0,5,32,"[605,607]","","[0,0]","","[1,1]","","[64,64]","",94,0,0,"{L0:2, L4:1, L5:1, L8:1}","{L0:2, L4:1, L5:1, L8:1}",""
2875321020521,PHASE_B,198043,19607,MERGE_DONE,0,0,0,"","608","","1","","2","","128",94,313,312,"","",""
2875321020541,PHASE_B,198043,19607,MERGE_PUBLISH,0,4,32,"","608","","1","","2","","128",94,327,326,"{L0:2, L4:1, L5:1, L8:1}","{L1:1, L4:1, L5:1, L8:1}",""
2875321022253,PHASE_B,198240,19646,SEAL,0,5,32,"","609","","0","","1","","64",0,0,0,"{L1:1, L4:1, L5:1, L8:1}","{L0:1, L1:1, L4:1, L5:1, L8:1}",""
2875321024633,PHASE_B,198554,19709,SEAL,0,6,32,"","610","","0","","1","","64",0,0,0,"{L0:1, L1:1, L4:1, L5:1, L8:1}","{L0:2, L1:1, L4:1, L5:1, L8:1}",""
2875321024645,PHASE_B,198554,19709,MERGE_SUBMIT,0,6,32,"","","","","","","","",0,0,0,"{L0:2, L1:1, L4:1, L5:1, L8:1}","{L0:2, L1:1, L4:1, L5:1, L8:1}",""
2875321024756,PHASE_B,198584,19716,MERGE_START,0,6,32,"[609,610]","","[0,0]","","[1,1]","","[64,64]","",87,0,0,"{L0:2, L1:1, L4:1, L5:1, L8:1}","{L0:2, L1:1, L4:1, L5:1, L8:1}",""
2875321025132,PHASE_B,198636,19726,MERGE_DONE,0,0,0,"","611","","1","","2","","128",87,397,395,"","",""
2875321025169,PHASE_B,198636,19726,MERGE_PUBLISH,0,5,32,"","611","","1","","2","","128",87,425,424,"{L0:2, L1:1, L4:1, L5:1, L8:1}","{L1:2, L4:1, L5:1, L8:1}",""
2875321025188,PHASE_B,198636,19726,MERGE_SUBMIT,15,5,32,"","","","","","","","",0,0,0,"{L1:2, L4:1, L5:1, L8:1}","{L1:2, L4:1, L5:1, L8:1}",""
2875321025255,PHASE_B,198647,19730,MERGE_START,0,5,32,"[608,611]","","[1,1]","","[2,2]","","[128,128]","",66,0,0,"{L1:2, L4:1, L5:1, L8:1}","{L1:2, L4:1, L5:1, L8:1}",""
2875321025754,PHASE_B,198718,19741,MERGE_DONE,0,0,0,"","612","","2","","4","","256",66,504,504,"","",""
2875321025767,PHASE_B,198718,19741,MERGE_PUBLISH,0,4,32,"","612","","2","","4","","256",66,512,512,"{L1:2, L4:1, L5:1, L8:1}","{L2:1, L4:1, L5:1, L8:1}",""
2875321027232,PHASE_B,198878,19775,SEAL,0,5,32,"","613","","0","","1","","64",0,0,0,"{L2:1, L4:1, L5:1, L8:1}","{L0:1, L2:1, L4:1, L5:1, L8:1}",""
2875321029584,PHASE_B,199198,19839,SEAL,0,6,32,"","614","","0","","1","","64",0,0,0,"{L0:1, L2:1, L4:1, L5:1, L8:1}","{L0:2, L2:1, L4:1, L5:1, L8:1}",""
2875321029596,PHASE_B,199198,19839,MERGE_SUBMIT,0,6,32,"","","","","","","","",0,0,0,"{L0:2, L2:1, L4:1, L5:1, L8:1}","{L0:2, L2:1, L4:1, L5:1, L8:1}",""
2875321029704,PHASE_B,199216,19842,MERGE_START,0,6,32,"[613,614]","","[0,0]","","[1,1]","","[64,64]","",84,0,0,"{L0:2, L2:1, L4:1, L5:1, L8:1}","{L0:2, L2:1, L4:1, L5:1, L8:1}",""
2875321029981,PHASE_B,199260,19851,MERGE_DONE,0,0,0,"","615","","1","","2","","128",84,297,296,"","",""
2875321030016,PHASE_B,199260,19851,MERGE_PUBLISH,0,5,32,"","615","","1","","2","","128",84,313,311,"{L0:2, L2:1, L4:1, L5:1, L8:1}","{L1:1, L2:1, L4:1, L5:1, L8:1}",""
2875321032070,PHASE_B,199517,19902,SEAL,0,6,32,"","616","","0","","1","","64",0,0,0,"{L1:1, L2:1, L4:1, L5:1, L8:1}","{L0:1, L1:1, L2:1, L4:1, L5:1, L8:1}",""
2875321034630,PHASE_B,199828,19965,SEAL,0,7,32,"","617","","0","","1","","64",0,0,0,"{L0:1, L1:1, L2:1, L4:1, L5:1, L8:1}","{L0:2, L1:1, L2:1, L4:1, L5:1, L8:1}",""
2875321034643,PHASE_B,199828,19965,MERGE_SUBMIT,0,7,32,"","","","","","","","",0,0,0,"{L0:2, L1:1, L2:1, L4:1, L5:1, L8:1}","{L0:2, L1:1, L2:1, L4:1, L5:1, L8:1}",""
2875321034753,PHASE_B,199857,19970,MERGE_START,0,7,32,"[616,617]","","[0,0]","","[1,1]","","[64,64]","",86,0,0,"{L0:2, L1:1, L2:1, L4:1, L5:1, L8:1}","{L0:2, L1:1, L2:1, L4:1, L5:1, L8:1}",""
2875321035055,PHASE_B,199887,19979,MERGE_DONE,0,0,0,"","618","","1","","2","","128",86,322,321,"","",""
2875321035079,PHASE_B,199892,19979,MERGE_PUBLISH,0,6,32,"","618","","1","","2","","128",86,338,337,"{L0:2, L1:1, L2:1, L4:1, L5:1, L8:1}","{L1:2, L2:1, L4:1, L5:1, L8:1}",""
2875321035111,PHASE_B,199900,19979,MERGE_SUBMIT,11,6,32,"","","","","","","","",0,0,0,"{L1:2, L2:1, L4:1, L5:1, L8:1}","{L1:2, L2:1, L4:1, L5:1, L8:1}",""
2875321035172,PHASE_B,199904,19980,MERGE_START,0,6,32,"[615,618]","","[1,1]","","[2,2]","","[128,128]","",63,0,0,"{L1:2, L2:1, L4:1, L5:1, L8:1}","{L1:2, L2:1, L4:1, L5:1, L8:1}",""
2875321035722,PHASE_B,199973,19994,MERGE_DONE,0,0,0,"","619","","2","","4","","256",63,555,555,"","",""
2875321035737,PHASE_B,199973,19994,MERGE_PUBLISH,0,5,32,"","619","","2","","4","","256",63,565,565,"{L1:2, L2:1, L4:1, L5:1, L8:1}","{L2:2, L4:1, L5:1, L8:1}",""
2875321035751,PHASE_B,199973,19994,MERGE_SUBMIT,26,5,32,"","","","","","","","",0,0,0,"{L2:2, L4:1, L5:1, L8:1}","{L2:2, L4:1, L5:1, L8:1}",""
2875321035855,PHASE_B,199984,19997,MERGE_START,0,5,32,"[612,619]","","[2,2]","","[4,4]","","[256,256]","",86,0,0,"{L2:2, L4:1, L5:1, L8:1}","{L2:2, L4:1, L5:1, L8:1}",""
2875321036958,PHASE_C,200692,20000,MERGE_DONE,0,0,0,"","620","","3","","8","","512",86,1122,1121,"","",""
2875321036984,PHASE_C,200718,20000,MERGE_PUBLISH,0,4,32,"","620","","3","","8","","512",86,1142,1141,"{L2:2, L4:1, L5:1, L8:1}","{L3:1, L4:1, L5:1, L8:1}",""
