monotonic_timestamp_us,phase,foreground_ops_completed,delete_ranges_issued,event_type,open_delta_size,sealed_run_count,hard_run_limit,input_run_ids,output_run_id,input_levels,output_level,input_chunks,output_chunk_count,input_tombstones,output_tombstone_count,merge_queue_wait_us,merge_wall_time_us,merge_cpu_time_us,pre_publish_hist,post_publish_hist,fallback_details
2978250102284,PHASE_B,100322,63,SEAL,0,1,32,"","1","","0","","1","","64",0,0,0,"{}","{L0:1}",""
2978250104369,PHASE_B,100635,127,SEAL,0,2,32,"","2","","0","","1","","64",0,0,0,"{L0:1}","{L0:2}",""
2978250104384,PHASE_B,100635,127,MERGE_SUBMIT,0,2,32,"","","","","","","","",0,0,0,"{L0:2}","{L0:2}",""
2978250104465,PHASE_B,100653,129,MERGE_START,0,2,32,"[1,2]","","[0,0]","","[1,1]","","[64,64]","",75,0,0,"{L0:2}","{L0:2}",""
2978250104583,PHASE_B,100674,135,MERGE_DONE,0,0,0,"","3","","1","","2","","128",75,125,124,"","",""
2978250104591,PHASE_B,100675,135,MERGE_PUBLISH,0,1,32,"","3","","1","","2","","128",75,133,132,"{L0:2}","{L1:1}",""
2978250106653,PHASE_B,100960,191,SEAL,0,2,32,"","4","","0","","1","","64",0,0,0,"{L1:1}","{L0:1, L1:1}",""
2978250108946,PHASE_B,101281,255,SEAL,0,3,32,"","5","","0","","1","","64",0,0,0,"{L0:1, L1:1}","{L0:2, L1:1}",""
2978250108958,PHASE_B,101281,255,MERGE_SUBMIT,0,3,32,"","","","","","","","",0,0,0,"{L0:2, L1:1}","{L0:2, L1:1}",""
2978250109044,PHASE_B,101287,256,MERGE_START,0,3,32,"[4,5]","","[0,0]","","[1,1]","","[64,64]","",81,0,0,"{L0:2, L1:1}","{L0:2, L1:1}",""
2978250109161,PHASE_B,101318,262,MERGE_DONE,0,0,0,"","6","","1","","2","","128",81,124,123,"","",""
2978250109166,PHASE_B,101318,262,MERGE_PUBLISH,0,2,32,"","6","","1","","2","","128",81,128,127,"{L0:2, L1:1}","{L1:2}",""
2978250109171,PHASE_B,101318,262,MERGE_SUBMIT,7,2,32,"","","","","","","","",0,0,0,"{L1:2}","{L1:2}",""
2978250109191,PHASE_B,101324,264,MERGE_START,0,2,32,"[3,6]","","[1,1]","","[2,2]","","[128,128]","",21,0,0,"{L1:2}","{L1:2}",""
2978250109421,PHASE_B,101347,269,MERGE_DONE,0,0,0,"","7","","2","","4","","256",21,231,231,"","",""
2978250109425,PHASE_B,101347,269,MERGE_PUBLISH,0,1,32,"","7","","2","","4","","256",21,234,234,"{L1:2}","{L2:1}",""
2978250111317,PHASE_B,101600,318,SEAL,0,2,32,"","8","","0","","1","","64",0,0,0,"{L2:1}","{L0:1, L2:1}",""
2978250113578,PHASE_B,101916,382,SEAL,0,3,32,"","9","","0","","1","","64",0,0,0,"{L0:1, L2:1}","{L0:2, L2:1}",""
2978250113590,PHASE_B,101916,382,MERGE_SUBMIT,0,3,32,"","","","","","","","",0,0,0,"{L0:2, L2:1}","{L0:2, L2:1}",""
2978250113671,PHASE_B,101931,386,MERGE_START,0,3,32,"[8,9]","","[0,0]","","[1,1]","","[64,64]","",76,0,0,"{L0:2, L2:1}","{L0:2, L2:1}",""
2978250113788,PHASE_B,101952,391,MERGE_DONE,0,0,0,"","10","","1","","2","","128",76,124,123,"","",""
2978250113793,PHASE_B,101957,391,MERGE_PUBLISH,0,2,32,"","10","","1","","2","","128",76,128,128,"{L0:2, L2:1}","{L1:1, L2:1}",""
2978250115928,PHASE_B,102235,445,SEAL,0,3,32,"","11","","0","","1","","64",0,0,0,"{L1:1, L2:1}","{L0:1, L1:1, L2:1}",""
2978250118239,PHASE_B,102561,510,SEAL,0,4,32,"","12","","0","","1","","64",0,0,0,"{L0:1, L1:1, L2:1}","{L0:2, L1:1, L2:1}",""
2978250118250,PHASE_B,102561,510,MERGE_SUBMIT,0,4,32,"","","","","","","","",0,0,0,"{L0:2, L1:1, L2:1}","{L0:2, L1:1, L2:1}",""
2978250118330,PHASE_B,102563,512,MERGE_START,0,4,32,"[11,12]","","[0,0]","","[1,1]","","[64,64]","",62,0,0,"{L0:2, L1:1, L2:1}","{L0:2, L1:1, L2:1}",""
2978250118420,PHASE_B,102579,515,MERGE_DONE,0,0,0,"","13","","1","","2","","128",62,108,108,"","",""
2978250118425,PHASE_B,102579,515,MERGE_PUBLISH,0,3,32,"","13","","1","","2","","128",62,112,112,"{L0:2, L1:1, L2:1}","{L1:2, L2:1}",""
2978250118430,PHASE_B,102579,515,MERGE_SUBMIT,3,3,32,"","","","","","","","",0,0,0,"{L1:2, L2:1}","{L1:2, L2:1}",""
2978250118477,PHASE_B,102579,515,MERGE_START,0,3,32,"[10,13]","","[1,1]","","[2,2]","","[128,128]","",47,0,0,"{L1:2, L2:1}","{L1:2, L2:1}",""
2978250118981,PHASE_B,102614,523,MERGE_DONE,0,0,0,"","14","","2","","4","","256",47,500,502,"","",""
2978250118986,PHASE_B,102618,524,MERGE_DISCARD,0,3,32,"","","","","","","","",47,508,0,"{L1:2, L2:1}","{L1:2, L2:1}",""
2978250120881,PHASE_B,102889,577,SEAL,0,1,32,"","1","","0","","1","","64",0,0,0,"{}","{L0:1}",""
2978250123072,PHASE_B,103217,642,SEAL,0,2,32,"","2","","0","","1","","64",0,0,0,"{L0:1}","{L0:2}",""
2978250123083,PHASE_B,103217,642,MERGE_SUBMIT,0,2,32,"","","","","","","","",0,0,0,"{L0:2}","{L0:2}",""
2978250123187,PHASE_B,103237,646,MERGE_START,0,2,32,"[1,2]","","[0,0]","","[1,1]","","[64,64]","",86,0,0,"{L0:2}","{L0:2}",""
2978250123464,PHASE_B,103284,655,MERGE_DONE,0,0,0,"","3","","1","","2","","128",86,292,291,"","",""
2978250123478,PHASE_B,103284,655,MERGE_PUBLISH,0,1,32,"","3","","1","","2","","128",86,302,301,"{L0:2}","{L1:1}",""
2978250125319,PHASE_B,103545,706,SEAL,0,2,32,"","4","","0","","1","","64",0,0,0,"{L1:1}","{L0:1, L1:1}",""
2978250127543,PHASE_B,103846,768,SEAL,0,3,32,"","5","","0","","1","","64",0,0,0,"{L0:1, L1:1}","{L0:2, L1:1}",""
2978250127554,PHASE_B,103846,768,MERGE_SUBMIT,0,3,32,"","","","","","","","",0,0,0,"{L0:2, L1:1}","{L0:2, L1:1}",""
2978250127655,PHASE_B,103872,774,MERGE_START,0,3,32,"[4,5]","","[0,0]","","[1,1]","","[64,64]","",81,0,0,"{L0:2, L1:1}","{L0:2, L1:1}",""
2978250127996,PHASE_B,103929,784,MERGE_DONE,0,0,0,"","6","","1","","2","","128",81,358,357,"","",""
2978250128023,PHASE_B,103929,784,MERGE_PUBLISH,0,2,32,"","6","","1","","2","","128",81,383,382,"{L0:2, L1:1}","{L1:2}",""
2978250128040,PHASE_B,103933,786,MERGE_SUBMIT,14,2,32,"","","","","","","","",0,0,0,"{L1:2}","{L1:2}",""
2978250128122,PHASE_B,103940,788,MERGE_START,0,2,32,"[3,6]","","[1,1]","","[2,2]","","[128,128]","",78,0,0,"{L1:2}","{L1:2}",""
2978250128409,PHASE_B,103990,796,MERGE_DONE,0,0,0,"","7","","2","","4","","256",78,294,294,"","",""
2978250128415,PHASE_B,103990,796,MERGE_PUBLISH,0,1,32,"","7","","2","","4","","256",78,300,299,"{L1:2}","{L2:1}",""
2978250129930,PHASE_B,104179,834,SEAL,0,2,32,"","8","","0","","1","","64",0,0,0,"{L2:1}","{L0:1, L2:1}",""
2978250132162,PHASE_B,104497,898,SEAL,0,3,32,"","9","","0","","1","","64",0,0,0,"{L0:1, L2:1}","{L0:2, L2:1}",""
2978250132176,PHASE_B,104497,898,MERGE_SUBMIT,0,3,32,"","","","","","","","",0,0,0,"{L0:2, L2:1}","{L0:2, L2:1}",""
2978250132283,PHASE_B,104513,902,MERGE_START,0,3,32,"[8,9]","","[0,0]","","[1,1]","","[64,64]","",87,0,0,"{L0:2, L2:1}","{L0:2, L2:1}",""
2978250132496,PHASE_B,104538,908,MERGE_DONE,0,0,0,"","10","","1","","2","","128",87,232,231,"","",""
2978250132513,PHASE_B,104550,910,MERGE_PUBLISH,0,2,32,"","10","","1","","2","","128",87,249,242,"{L0:2, L2:1}","{L1:1, L2:1}",""
2978250134521,PHASE_B,104820,961,SEAL,0,3,32,"","11","","0","","1","","64",0,0,0,"{L1:1, L2:1}","{L0:1, L1:1, L2:1}",""
2978250136789,PHASE_B,105134,1026,SEAL,0,4,32,"","12","","0","","1","","64",0,0,0,"{L0:1, L1:1, L2:1}","{L0:2, L1:1, L2:1}",""
2978250136845,PHASE_B,105134,1026,MERGE_SUBMIT,0,4,32,"","","","","","","","",0,0,0,"{L0:2, L1:1, L2:1}","{L0:2, L1:1, L2:1}",""
2978250136895,PHASE_B,105142,1028,MERGE_START,0,4,32,"[11,12]","","[0,0]","","[1,1]","","[64,64]","",70,0,0,"{L0:2, L1:1, L2:1}","{L0:2, L1:1, L2:1}",""
2978250137119,PHASE_B,105146,1028,MERGE_DONE,0,0,0,"","13","","1","","2","","128",70,247,246,"","",""
2978250137122,PHASE_B,105146,1028,MERGE_DISCARD,0,4,32,"","","","","","","","",70,250,0,"{L0:2, L1:1, L2:1}","{L0:2, L1:1, L2:1}",""
2978250140240,PHASE_B,105460,1091,SEAL,0,1,32,"","1","","0","","1","","64",0,0,0,"{}","{L0:1}",""
2978250142734,PHASE_B,105775,1153,SEAL,0,2,32,"","2","","0","","1","","64",0,0,0,"{L0:1}","{L0:2}",""
2978250142745,PHASE_B,105775,1153,MERGE_SUBMIT,0,2,32,"","","","","","","","",0,0,0,"{L0:2}","{L0:2}",""
2978250142755,PHASE_B,105779,1156,MERGE_START,0,2,32,"[1,2]","","[0,0]","","[1,1]","","[64,64]","",7,0,0,"{L0:2}","{L0:2}",""
2978250142864,PHASE_B,105798,1159,MERGE_DONE,0,0,0,"","3","","1","","2","","128",7,113,112,"","",""
2978250142895,PHASE_B,105801,1160,MERGE_PUBLISH,0,1,32,"","3","","1","","2","","128",7,143,143,"{L0:2}","{L1:1}",""
2978250145314,PHASE_B,106100,1219,SEAL,0,2,32,"","4","","0","","1","","64",0,0,0,"{L1:1}","{L0:1, L1:1}",""
2978250147741,PHASE_B,106425,1282,SEAL,0,3,32,"","5","","0","","1","","64",0,0,0,"{L0:1, L1:1}","{L0:2, L1:1}",""
2978250147755,PHASE_B,106425,1282,MERGE_SUBMIT,0,3,32,"","","","","","","","",0,0,0,"{L0:2, L1:1}","{L0:2, L1:1}",""
2978250147764,PHASE_B,106425,1282,MERGE_START,0,3,32,"[4,5]","","[0,0]","","[1,1]","","[64,64]","",7,0,0,"{L0:2, L1:1}","{L0:2, L1:1}",""
2978250147850,PHASE_B,106429,1285,MERGE_DONE,0,0,0,"","6","","1","","2","","128",7,90,89,"","",""
2978250147853,PHASE_B,106431,1286,MERGE_PUBLISH,0,2,32,"","6","","1","","2","","128",7,92,92,"{L0:2, L1:1}","{L1:2}",""
2978250147857,PHASE_B,106433,1286,MERGE_SUBMIT,2,2,32,"","","","","","","","",0,0,0,"{L1:2}","{L1:2}",""
2978250147882,PHASE_B,106436,1286,MERGE_START,0,2,32,"[3,6]","","[1,1]","","[2,2]","","[128,128]","",25,0,0,"{L1:2}","{L1:2}",""
2978250148023,PHASE_B,106457,1291,MERGE_DONE,0,0,0,"","7","","2","","4","","256",25,142,142,"","",""
2978250148035,PHASE_B,106459,1291,MERGE_PUBLISH,0,1,32,"","7","","2","","4","","256",25,153,150,"{L1:2}","{L2:1}",""
2978250150253,PHASE_B,106730,1344,SEAL,0,2,32,"","8","","0","","1","","64",0,0,0,"{L2:1}","{L0:1, L2:1}",""
2978250152587,PHASE_B,107055,1410,SEAL,0,3,32,"","9","","0","","1","","64",0,0,0,"{L0:1, L2:1}","{L0:2, L2:1}",""
2978250152597,PHASE_B,107055,1410,MERGE_SUBMIT,0,3,32,"","","","","","","","",0,0,0,"{L0:2, L2:1}","{L0:2, L2:1}",""
2978250152705,PHASE_B,107076,1414,MERGE_START,0,3,32,"[8,9]","","[0,0]","","[1,1]","","[64,64]","",90,0,0,"{L0:2, L2:1}","{L0:2, L2:1}",""
2978250152797,PHASE_B,107085,1417,MERGE_DONE,0,0,0,"","10","","1","","2","","128",90,109,109,"","",""
2978250152801,PHASE_B,107089,1418,MERGE_PUBLISH,0,2,32,"","10","","1","","2","","128",90,113,113,"{L0:2, L2:1}","{L1:1, L2:1}",""
2978250155058,PHASE_B,107374,1474,SEAL,0,3,32,"","11","","0","","1","","64",0,0,0,"{L1:1, L2:1}","{L0:1, L1:1, L2:1}",""
2978250157436,PHASE_B,107695,1537,SEAL,0,4,32,"","12","","0","","1","","64",0,0,0,"{L0:1, L1:1, L2:1}","{L0:2, L1:1, L2:1}",""
2978250157449,PHASE_B,107695,1537,MERGE_SUBMIT,0,4,32,"","","","","","","","",0,0,0,"{L0:2, L1:1, L2:1}","{L0:2, L1:1, L2:1}",""
2978250157562,PHASE_B,107702,1541,MERGE_START,0,4,32,"[11,12]","","[0,0]","","[1,1]","","[64,64]","",92,0,0,"{L0:2, L1:1, L2:1}","{L0:2, L1:1, L2:1}",""
2978250157886,PHASE_B,107702,1541,MERGE_DONE,0,0,0,"","13","","1","","2","","128",92,341,340,"","",""
2978250157892,PHASE_B,107710,1543,MERGE_DISCARD,0,4,32,"","","","","","","","",92,348,0,"{L0:2, L1:1, L2:1}","{L0:2, L1:1, L2:1}",""
2978250160206,PHASE_B,108032,1604,SEAL,0,1,32,"","1","","0","","1","","64",0,0,0,"{}","{L0:1}",""
2978250162688,PHASE_B,108343,1668,SEAL,0,2,32,"","2","","0","","1","","64",0,0,0,"{L0:1}","{L0:2}",""
2978250162699,PHASE_B,108343,1668,MERGE_SUBMIT,0,2,32,"","","","","","","","",0,0,0,"{L0:2}","{L0:2}",""
2978250162713,PHASE_B,108343,1668,MERGE_START,0,2,32,"[1,2]","","[0,0]","","[1,1]","","[64,64]","",9,0,0,"{L0:2}","{L0:2}",""
2978250162812,PHASE_B,108362,1672,MERGE_DONE,0,0,0,"","3","","1","","2","","128",9,104,103,"","",""
2978250162816,PHASE_B,108362,1672,MERGE_PUBLISH,0,1,32,"","3","","1","","2","","128",9,107,107,"{L0:2}","{L1:1}",""
2978250165215,PHASE_B,108664,1732,SEAL,0,2,32,"","4","","0","","1","","64",0,0,0,"{L1:1}","{L0:1, L1:1}",""
2978250167853,PHASE_B,108979,1796,SEAL,0,3,32,"","5","","0","","1","","64",0,0,0,"{L0:1, L1:1}","{L0:2, L1:1}",""
2978250167867,PHASE_B,108979,1796,MERGE_SUBMIT,0,3,32,"","","","","","","","",0,0,0,"{L0:2, L1:1}","{L0:2, L1:1}",""
2978250167901,PHASE_B,108979,1796,MERGE_START,0,3,32,"[4,5]","","[0,0]","","[1,1]","","[64,64]","",22,0,0,"{L0:2, L1:1}","{L0:2, L1:1}",""
2978250168129,PHASE_B,109021,1802,MERGE_DONE,0,0,0,"","6","","1","","2","","128",22,238,238,"","",""
2978250168137,PHASE_B,109021,1802,MERGE_PUBLISH,0,2,32,"","6","","1","","2","","128",22,245,245,"{L0:2, L1:1}","{L1:2}",""
2978250168148,PHASE_B,109021,1802,MERGE_SUBMIT,6,2,32,"","","","","","","","",0,0,0,"{L1:2}","{L1:2}",""
2978250168199,PHASE_B,109030,1805,MERGE_START,0,2,32,"[3,6]","","[1,1]","","[2,2]","","[128,128]","",35,0,0,"{L1:2}","{L1:2}",""
2978250168629,PHASE_B,109078,1814,MERGE_DONE,0,0,0,"","7","","2","","4","","256",35,446,445,"","",""
2978250168638,PHASE_B,109078,1814,MERGE_PUBLISH,0,1,32,"","7","","2","","4","","256",35,454,452,"{L1:2}","{L2:1}",""
2978250170520,PHASE_B,109301,1860,SEAL,0,2,32,"","8","","0","","1","","64",0,0,0,"{L2:1}","{L0:1, L2:1}",""
2978250172998,PHASE_B,109621,1924,SEAL,0,3,32,"","9","","0","","1","","64",0,0,0,"{L0:1, L2:1}","{L0:2, L2:1}",""
2978250173014,PHASE_B,109621,1924,MERGE_SUBMIT,0,3,32,"","","","","","","","",0,0,0,"{L0:2, L2:1}","{L0:2, L2:1}",""
2978250173027,PHASE_B,109627,1925,MERGE_START,0,3,32,"[8,9]","","[0,0]","","[1,1]","","[64,64]","",8,0,0,"{L0:2, L2:1}","{L0:2, L2:1}",""
2978250173136,PHASE_B,109641,1927,MERGE_DONE,0,0,0,"","10","","1","","2","","128",8,114,114,"","",""
2978250173146,PHASE_B,109641,1927,MERGE_PUBLISH,0,2,32,"","10","","1","","2","","128",8,123,123,"{L0:2, L2:1}","{L1:1, L2:1}",""
2978250175537,PHASE_B,109948,1988,SEAL,0,3,32,"","11","","0","","1","","64",0,0,0,"{L1:1, L2:1}","{L0:1, L1:1, L2:1}",""
2978250177997,PHASE_B,110266,2052,SEAL,0,4,32,"","12","","0","","1","","64",0,0,0,"{L0:1, L1:1, L2:1}","{L0:2, L1:1, L2:1}",""
2978250178013,PHASE_B,110266,2052,MERGE_SUBMIT,0,4,32,"","","","","","","","",0,0,0,"{L0:2, L1:1, L2:1}","{L0:2, L1:1, L2:1}",""
2978250178100,PHASE_B,110275,2055,MERGE_START,0,4,32,"[11,12]","","[0,0]","","[1,1]","","[64,64]","",66,0,0,"{L0:2, L1:1, L2:1}","{L0:2, L1:1, L2:1}",""
2978250178276,PHASE_B,110275,2055,MERGE_DONE,0,0,0,"","13","","1","","2","","128",66,196,195,"","",""
2978250178280,PHASE_B,110275,2055,MERGE_DISCARD,0,4,32,"","","","","","","","",66,200,0,"{L0:2, L1:1, L2:1}","{L0:2, L1:1, L2:1}",""
2978250180793,PHASE_B,110596,2118,SEAL,0,1,32,"","1","","0","","1","","64",0,0,0,"{}","{L0:1}",""
2978250183239,PHASE_B,110910,2182,SEAL,0,2,32,"","2","","0","","1","","64",0,0,0,"{L0:1}","{L0:2}",""
2978250183255,PHASE_B,110910,2182,MERGE_SUBMIT,0,2,32,"","","","","","","","",0,0,0,"{L0:2}","{L0:2}",""
2978250183360,PHASE_B,110930,2186,MERGE_START,0,2,32,"[1,2]","","[0,0]","","[1,1]","","[64,64]","",87,0,0,"{L0:2}","{L0:2}",""
2978250183615,PHASE_B,110976,2193,MERGE_DONE,0,0,0,"","3","","1","","2","","128",87,269,269,"","",""
2978250183625,PHASE_B,110977,2193,MERGE_PUBLISH,0,1,32,"","3","","1","","2","","128",87,280,279,"{L0:2}","{L1:1}",""
2978250185805,PHASE_B,111235,2245,SEAL,0,2,32,"","4","","0","","1","","64",0,0,0,"{L1:1}","{L0:1, L1:1}",""
2978250188255,PHASE_B,111559,2310,SEAL,0,3,32,"","5","","0","","1","","64",0,0,0,"{L0:1, L1:1}","{L0:2, L1:1}",""
2978250188267,PHASE_B,111559,2310,MERGE_SUBMIT,0,3,32,"","","","","","","","",0,0,0,"{L0:2, L1:1}","{L0:2, L1:1}",""
2978250188277,PHASE_B,111559,2310,MERGE_START,0,3,32,"[4,5]","","[0,0]","","[1,1]","","[64,64]","",6,0,0,"{L0:2, L1:1}","{L0:2, L1:1}",""
2978250188359,PHASE_B,111559,2310,MERGE_DONE,0,0,0,"","6","","1","","2","","128",6,86,86,"","",""
2978250188363,PHASE_B,111559,2310,MERGE_PUBLISH,0,2,32,"","6","","1","","2","","128",6,89,89,"{L0:2, L1:1}","{L1:2}",""
2978250188367,PHASE_B,111559,2310,MERGE_SUBMIT,1,2,32,"","","","","","","","",0,0,0,"{L1:2}","{L1:2}",""
2978250188438,PHASE_B,111571,2314,MERGE_START,0,2,32,"[3,6]","","[1,1]","","[2,2]","","[128,128]","",55,0,0,"{L1:2}","{L1:2}",""
2978250188583,PHASE_B,111598,2319,MERGE_DONE,0,0,0,"","7","","2","","4","","256",55,160,148,"","",""
2978250188587,PHASE_B,111598,2319,MERGE_PUBLISH,0,1,32,"","7","","2","","4","","256",55,164,152,"{L1:2}","{L2:1}",""
2978250190879,PHASE_B,111870,2373,SEAL,0,2,32,"","8","","0","","1","","64",0,0,0,"{L2:1}","{L0:1, L2:1}",""
2978250193292,PHASE_B,112193,2437,SEAL,0,3,32,"","9","","0","","1","","64",0,0,0,"{L0:1, L2:1}","{L0:2, L2:1}",""
2978250193303,PHASE_B,112193,2437,MERGE_SUBMIT,0,3,32,"","","","","","","","",0,0,0,"{L0:2, L2:1}","{L0:2, L2:1}",""
2978250193416,PHASE_B,112214,2442,MERGE_START,0,3,32,"[8,9]","","[0,0]","","[1,1]","","[64,64]","",92,0,0,"{L0:2, L2:1}","{L0:2, L2:1}",""
2978250193747,PHASE_B,112263,2453,MERGE_DONE,0,0,0,"","10","","1","","2","","128",92,348,347,"","",""
2978250193761,PHASE_B,112264,2453,MERGE_PUBLISH,0,2,32,"","10","","1","","2","","128",92,360,359,"{L0:2, L2:1}","{L1:1, L2:1}",""
2978250195765,PHASE_B,112515,2502,SEAL,0,3,32,"","11","","0","","1","","64",0,0,0,"{L1:1, L2:1}","{L0:1, L1:1, L2:1}",""
2978250198077,PHASE_B,112843,2566,SEAL,0,4,32,"","12","","0","","1","","64",0,0,0,"{L0:1, L1:1, L2:1}","{L0:2, L1:1, L2:1}",""
2978250198089,PHASE_B,112843,2566,MERGE_SUBMIT,0,4,32,"","","","","","","","",0,0,0,"{L0:2, L1:1, L2:1}","{L0:2, L1:1, L2:1}",""
2978250198171,PHASE_B,112843,2566,MERGE_START,0,4,32,"[11,12]","","[0,0]","","[1,1]","","[64,64]","",66,0,0,"{L0:2, L1:1, L2:1}","{L0:2, L1:1, L2:1}",""
2978250198250,PHASE_B,112859,2570,MERGE_DONE,0,0,0,"","13","","1","","2","","128",66,96,95,"","",""
2978250198255,PHASE_B,112859,2570,MERGE_PUBLISH,0,3,32,"","13","","1","","2","","128",66,100,99,"{L0:2, L1:1, L2:1}","{L1:2, L2:1}",""
2978250198260,PHASE_B,112859,2570,MERGE_SUBMIT,3,3,32,"","","","","","","","",0,0,0,"{L1:2, L2:1}","{L1:2, L2:1}",""
2978250198286,PHASE_B,112859,2570,MERGE_START,0,3,32,"[10,13]","","[1,1]","","[2,2]","","[128,128]","",27,0,0,"{L1:2, L2:1}","{L1:2, L2:1}",""
2978250198691,PHASE_B,112875,2575,MERGE_DONE,0,0,0,"","14","","2","","4","","256",27,402,403,"","",""
2978250198696,PHASE_B,112875,2575,MERGE_DISCARD,0,3,32,"","","","","","","","",27,408,0,"{L1:2, L2:1}","{L1:2, L2:1}",""
2978250200925,PHASE_B,113164,2632,SEAL,0,1,32,"","1","","0","","1","","64",0,0,0,"{}","{L0:1}",""
2978250203487,PHASE_B,113493,2697,SEAL,0,2,32,"","2","","0","","1","","64",0,0,0,"{L0:1}","{L0:2}",""
2978250203498,PHASE_B,113493,2697,MERGE_SUBMIT,0,2,32,"","","","","","","","",0,0,0,"{L0:2}","{L0:2}",""
2978250203641,PHASE_B,113519,2702,MERGE_START,0,2,32,"[1,2]","","[0,0]","","[1,1]","","[64,64]","",121,0,0,"{L0:2}","{L0:2}",""
2978250203906,PHASE_B,113556,2711,MERGE_DONE,0,0,0,"","3","","1","","2","","128",121,283,283,"","",""
2978250203919,PHASE_B,113557,2711,MERGE_PUBLISH,0,1,32,"","3","","1","","2","","128",121,295,293,"{L0:2}","{L1:1}",""
2978250206410,PHASE_B,113812,2761,SEAL,0,2,32,"","4","","0","","1","","64",0,0,0,"{L1:1}","{L0:1, L1:1}",""
2978250208858,PHASE_B,114128,2824,SEAL,0,3,32,"","5","","0","","1","","64",0,0,0,"{L0:1, L1:1}","{L0:2, L1:1}",""
2978250208870,PHASE_B,114128,2824,MERGE_SUBMIT,0,3,32,"","","","","","","","",0,0,0,"{L0:2, L1:1}","{L0:2, L1:1}",""
2978250208974,PHASE_B,114141,2828,MERGE_START,0,3,32,"[4,5]","","[0,0]","","[1,1]","","[64,64]","",84,0,0,"{L0:2, L1:1}","{L0:2, L1:1}",""
2978250209309,PHASE_B,114194,2839,MERGE_DONE,0,0,0,"","6","","1","","2","","128",84,351,351,"","",""
2978250209321,PHASE_B,114195,2839,MERGE_PUBLISH,0,2,32,"","6","","1","","2","","128",84,362,361,"{L0:2, L1:1}","{L1:2}",""
2978250209338,PHASE_B,114199,2840,MERGE_SUBMIT,13,2,32,"","","","","","","","",0,0,0,"{L1:2}","{L1:2}",""
2978250209403,PHASE_B,114214,2841,MERGE_START,0,2,32,"[3,6]","","[1,1]","","[2,2]","","[128,128]","",64,0,0,"{L1:2}","{L1:2}",""
2978250209896,PHASE_B,114270,2853,MERGE_DONE,0,0,0,"","7","","2","","4","","256",64,497,497,"","",""
2978250209906,PHASE_B,114270,2853,MERGE_PUBLISH,0,1,32,"","7","","2","","4","","256",64,505,505,"{L1:2}","{L2:1}",""
2978250211481,PHASE_B,114444,2888,SEAL,0,2,32,"","8","","0","","1","","64",0,0,0,"{L2:1}","{L0:1, L2:1}",""
2978250213934,PHASE_B,114770,2953,SEAL,0,3,32,"","9","","0","","1","","64",0,0,0,"{L0:1, L2:1}","{L0:2, L2:1}",""
2978250213950,PHASE_B,114770,2953,MERGE_SUBMIT,0,3,32,"","","","","","","","",0,0,0,"{L0:2, L2:1}","{L0:2, L2:1}",""
2978250214066,PHASE_B,114787,2957,MERGE_START,0,3,32,"[8,9]","","[0,0]","","[1,1]","","[64,64]","",97,0,0,"{L0:2, L2:1}","{L0:2, L2:1}",""
2978250214370,PHASE_B,114826,2963,MERGE_DONE,0,0,0,"","10","","1","","2","","128",97,319,318,"","",""
2978250214383,PHASE_B,114826,2963,MERGE_PUBLISH,0,2,32,"","10","","1","","2","","128",97,331,330,"{L0:2, L2:1}","{L1:1, L2:1}",""
2978250216567,PHASE_B,115083,3015,SEAL,0,3,32,"","11","","0","","1","","64",0,0,0,"{L1:1, L2:1}","{L0:1, L1:1, L2:1}",""
2978250219194,PHASE_B,115402,3080,SEAL,0,4,32,"","12","","0","","1","","64",0,0,0,"{L0:1, L1:1, L2:1}","{L0:2, L1:1, L2:1}",""
2978250219206,PHASE_B,115402,3080,MERGE_SUBMIT,0,4,32,"","","","","","","","",0,0,0,"{L0:2, L1:1, L2:1}","{L0:2, L1:1, L2:1}",""
2978250219314,PHASE_B,115425,3083,MERGE_START,0,4,32,"[11,12]","","[0,0]","","[1,1]","","[64,64]","",87,0,0,"{L0:2, L1:1, L2:1}","{L0:2, L1:1, L2:1}",""
2978250219641,PHASE_B,115425,3083,MERGE_DONE,0,0,0,"","13","","1","","2","","128",87,344,344,"","",""
2978250219665,PHASE_B,115428,3086,MERGE_DISCARD,0,4,32,"","","","","","","","",87,368,0,"{L0:2, L1:1, L2:1}","{L0:2, L1:1, L2:1}",""
2978250221831,PHASE_B,115728,3145,SEAL,0,1,32,"","1","","0","","1","","64",0,0,0,"{}","{L0:1}",""
2978250224304,PHASE_B,116049,3208,SEAL,0,2,32,"","2","","0","","1","","64",0,0,0,"{L0:1}","{L0:2}",""
2978250224324,PHASE_B,116049,3208,MERGE_SUBMIT,0,2,32,"","","","","","","","",0,0,0,"{L0:2}","{L0:2}",""
2978250224343,PHASE_B,116049,3208,MERGE_START,0,2,32,"[1,2]","","[0,0]","","[1,1]","","[64,64]","",14,0,0,"{L0:2}","{L0:2}",""
2978250224445,PHASE_B,116071,3212,MERGE_DONE,0,0,0,"","3","","1","","2","","128",14,108,107,"","",""
2978250224450,PHASE_B,116075,3214,MERGE_PUBLISH,0,1,32,"","3","","1","","2","","128",14,112,112,"{L0:2}","{L1:1}",""
2978250226871,PHASE_B,116375,3274,SEAL,0,2,32,"","4","","0","","1","","64",0,0,0,"{L1:1}","{L0:1, L1:1}",""
2978250229449,PHASE_B,116699,3338,SEAL,0,3,32,"","5","","0","","1","","64",0,0,0,"{L0:1, L1:1}","{L0:2, L1:1}",""
2978250229463,PHASE_B,116699,3338,MERGE_SUBMIT,0,3,32,"","","","","","","","",0,0,0,"{L0:2, L1:1}","{L0:2, L1:1}",""
2978250229567,PHASE_B,116710,3340,MERGE_START,0,3,32,"[4,5]","","[0,0]","","[1,1]","","[64,64]","",84,0,0,"{L0:2, L1:1}","{L0:2, L1:1}",""
2978250229864,PHASE_B,116761,3351,MERGE_DONE,0,0,0,"","6","","1","","2","","128",84,313,313,"","",""
2978250229876,PHASE_B,116761,3351,MERGE_PUBLISH,0,2,32,"","6","","1","","2","","128",84,324,323,"{L0:2, L1:1}","{L1:2}",""
2978250229893,PHASE_B,116761,3351,MERGE_SUBMIT,13,2,32,"","","","","","","","",0,0,0,"{L1:2}","{L1:2}",""
2978250229931,PHASE_B,116768,3353,MERGE_START,0,2,32,"[3,6]","","[1,1]","","[2,2]","","[128,128]","",25,0,0,"{L1:2}","{L1:2}",""
2978250230495,PHASE_B,116853,3369,MERGE_DONE,0,0,0,"","7","","2","","4","","256",25,579,578,"","",""
2978250230507,PHASE_B,116853,3369,MERGE_PUBLISH,0,1,32,"","7","","2","","4","","256",25,590,589,"{L1:2}","{L2:1}",""
2978250232044,PHASE_B,117018,3402,SEAL,0,2,32,"","8","","0","","1","","64",0,0,0,"{L2:1}","{L0:1, L2:1}",""
2978250234474,PHASE_B,117331,3465,SEAL,0,3,32,"","9","","0","","1","","64",0,0,0,"{L0:1, L2:1}","{L0:2, L2:1}",""
2978250234486,PHASE_B,117331,3465,MERGE_SUBMIT,0,3,32,"","","","","","","","",0,0,0,"{L0:2, L2:1}","{L0:2, L2:1}",""
2978250234556,PHASE_B,117337,3469,MERGE_START,0,3,32,"[8,9]","","[0,0]","","[1,1]","","[64,64]","",54,0,0,"{L0:2, L2:1}","{L0:2, L2:1}",""
2978250234644,PHASE_B,117362,3471,MERGE_DONE,0,0,0,"","10","","1","","2","","128",54,104,103,"","",""
2978250234648,PHASE_B,117362,3471,MERGE_PUBLISH,0,2,32,"","10","","1","","2","","128",54,108,107,"{L0:2, L2:1}","{L1:1, L2:1}",""
2978250236985,PHASE_B,117654,3529,SEAL,0,3,32,"","11","","0","","1","","64",0,0,0,"{L1:1, L2:1}","{L0:1, L1:1, L2:1}",""
2978250239456,PHASE_B,117974,3594,SEAL,0,4,32,"","12","","0","","1","","64",0,0,0,"{L0:1, L1:1, L2:1}","{L0:2, L1:1, L2:1}",""
2978250239471,PHASE_B,117974,3594,MERGE_SUBMIT,0,4,32,"","","","","","","","",0,0,0,"{L0:2, L1:1, L2:1}","{L0:2, L1:1, L2:1}",""
2978250239588,PHASE_B,117990,3598,MERGE_START,0,4,32,"[11,12]","","[0,0]","","[1,1]","","[64,64]","",88,0,0,"{L0:2, L1:1, L2:1}","{L0:2, L1:1, L2:1}",""
2978250239869,PHASE_B,117991,3598,MERGE_DONE,0,0,0,"","13","","1","","2","","128",88,306,306,"","",""
2978250239876,PHASE_B,117991,3598,MERGE_DISCARD,0,4,32,"","","","","","","","",88,313,0,"{L0:2, L1:1, L2:1}","{L0:2, L1:1, L2:1}",""
2978250242401,PHASE_B,118304,3659,SEAL,0,1,32,"","1","","0","","1","","64",0,0,0,"{}","{L0:1}",""
2978250244933,PHASE_B,118622,3723,SEAL,0,2,32,"","2","","0","","1","","64",0,0,0,"{L0:1}","{L0:2}",""
2978250244945,PHASE_B,118622,3723,MERGE_SUBMIT,0,2,32,"","","","","","","","",0,0,0,"{L0:2}","{L0:2}",""
2978250245064,PHASE_B,118643,3728,MERGE_START,0,2,32,"[1,2]","","[0,0]","","[1,1]","","[64,64]","",100,0,0,"{L0:2}","{L0:2}",""
2978250245332,PHASE_B,118679,3734,MERGE_DONE,0,0,0,"","3","","1","","2","","128",100,283,282,"","",""
2978250245360,PHASE_B,118691,3738,MERGE_PUBLISH,0,1,32,"","3","","1","","2","","128",100,309,308,"{L0:2}","{L1:1}",""
2978250247453,PHASE_B,118942,3787,SEAL,0,2,32,"","4","","0","","1","","64",0,0,0,"{L1:1}","{L0:1, L1:1}",""
2978250250024,PHASE_B,119274,3853,SEAL,0,3,32,"","5","","0","","1","","64",0,0,0,"{L0:1, L1:1}","{L0:2, L1:1}",""
2978250250037,PHASE_B,119274,3853,MERGE_SUBMIT,0,3,32,"","","","","","","","",0,0,0,"{L0:2, L1:1}","{L0:2, L1:1}",""
2978250250142,PHASE_B,119279,3855,MERGE_START,0,3,32,"[4,5]","","[0,0]","","[1,1]","","[64,64]","",85,0,0,"{L0:2, L1:1}","{L0:2, L1:1}",""
2978250250474,PHASE_B,119338,3866,MERGE_DONE,0,0,0,"","6","","1","","2","","128",85,348,348,"","",""
2978250250489,PHASE_B,119338,3866,MERGE_PUBLISH,0,2,32,"","6","","1","","2","","128",85,363,362,"{L0:2, L1:1}","{L1:2}",""
2978250250504,PHASE_B,119338,3866,MERGE_SUBMIT,13,2,32,"","","","","","","","",0,0,0,"{L1:2}","{L1:2}",""
2978250250548,PHASE_B,119344,3869,MERGE_START,0,2,32,"[3,6]","","[1,1]","","[2,2]","","[128,128]","",32,0,0,"{L1:2}","{L1:2}",""
2978250251109,PHASE_B,119425,3884,MERGE_DONE,0,0,0,"","7","","2","","4","","256",32,576,575,"","",""
2978250251122,PHASE_B,119429,3884,MERGE_PUBLISH,0,1,32,"","7","","2","","4","","256",32,588,587,"{L1:2}","{L2:1}",""
2978250252648,PHASE_B,119597,3917,SEAL,0,2,32,"","8","","0","","1","","64",0,0,0,"{L2:1}","{L0:1, L2:1}",""
2978250255173,PHASE_B,119905,3979,SEAL,0,3,32,"","9","","0","","1","","64",0,0,0,"{L0:1, L2:1}","{L0:2, L2:1}",""
2978250255198,PHASE_B,119905,3979,MERGE_SUBMIT,0,3,32,"","","","","","","","",0,0,0,"{L0:2, L2:1}","{L0:2, L2:1}",""
2978250255315,PHASE_B,119927,3985,MERGE_START,0,3,32,"[8,9]","","[0,0]","","[1,1]","","[64,64]","",110,0,0,"{L0:2, L2:1}","{L0:2, L2:1}",""
2978250255639,PHASE_B,119984,3995,MERGE_DONE,0,0,0,"","10","","1","","2","","128",110,341,340,"","",""
2978250255676,PHASE_B,119984,3995,MERGE_PUBLISH,0,2,32,"","10","","1","","2","","128",110,375,363,"{L0:2, L2:1}","{L1:1, L2:1}",""
2978250257790,PHASE_B,120237,4045,SEAL,0,3,32,"","11","","0","","1","","64",0,0,0,"{L1:1, L2:1}","{L0:1, L1:1, L2:1}",""
2978250260229,PHASE_B,120545,4107,SEAL,0,4,32,"","12","","0","","1","","64",0,0,0,"{L0:1, L1:1, L2:1}","{L0:2, L1:1, L2:1}",""
2978250260242,PHASE_B,120545,4107,MERGE_SUBMIT,0,4,32,"","","","","","","","",0,0,0,"{L0:2, L1:1, L2:1}","{L0:2, L1:1, L2:1}",""
2978250260355,PHASE_B,120563,4111,MERGE_START,0,4,32,"[11,12]","","[0,0]","","[1,1]","","[64,64]","",92,0,0,"{L0:2, L1:1, L2:1}","{L0:2, L1:1, L2:1}",""
2978250260641,PHASE_B,120563,4111,MERGE_DONE,0,0,0,"","13","","1","","2","","128",92,304,303,"","",""
2978250260648,PHASE_B,120563,4111,MERGE_DISCARD,0,4,32,"","","","","","","","",92,311,0,"{L0:2, L1:1, L2:1}","{L0:2, L1:1, L2:1}",""
2978250262919,PHASE_B,120879,4174,SEAL,0,1,32,"","1","","0","","1","","64",0,0,0,"{}","{L0:1}",""
2978250265377,PHASE_B,121200,4238,SEAL,0,2,32,"","2","","0","","1","","64",0,0,0,"{L0:1}","{L0:2}",""
2978250265391,PHASE_B,121200,4238,MERGE_SUBMIT,0,2,32,"","","","","","","","",0,0,0,"{L0:2}","{L0:2}",""
2978250265493,PHASE_B,121213,4243,MERGE_START,0,2,32,"[1,2]","","[0,0]","","[1,1]","","[64,64]","",83,0,0,"{L0:2}","{L0:2}",""
2978250265785,PHASE_B,121259,4251,MERGE_DONE,0,0,0,"","3","","1","","2","","128",83,307,306,"","",""
2978250265799,PHASE_B,121259,4251,MERGE_PUBLISH,0,1,32,"","3","","1","","2","","128",83,320,319,"{L0:2}","{L1:1}",""
2978250267980,PHASE_B,121515,4301,SEAL,0,2,32,"","4","","0","","1","","64",0,0,0,"{L1:1}","{L0:1, L1:1}",""
2978250270282,PHASE_B,121829,4364,SEAL,0,3,32,"","5","","0","","1","","64",0,0,0,"{L0:1, L1:1}","{L0:2, L1:1}",""
2978250270295,PHASE_B,121829,4364,MERGE_SUBMIT,0,3,32,"","","","","","","","",0,0,0,"{L0:2, L1:1}","{L0:2, L1:1}",""
2978250270379,PHASE_B,121844,4368,MERGE_START,0,3,32,"[4,5]","","[0,0]","","[1,1]","","[64,64]","",77,0,0,"{L0:2, L1:1}","{L0:2, L1:1}",""
2978250270480,PHASE_B,121851,4370,MERGE_DONE,0,0,0,"","6","","1","","2","","128",77,107,107,"","",""
2978250270491,PHASE_B,121855,4373,MERGE_PUBLISH,0,2,32,"","6","","1","","2","","128",77,117,117,"{L0:2, L1:1}","{L1:2}",""
2978250270497,PHASE_B,121860,4373,MERGE_SUBMIT,6,2,32,"","","","","","","","",0,0,0,"{L1:2}","{L1:2}",""
2978250270523,PHASE_B,121874,4373,MERGE_START,0,2,32,"[3,6]","","[1,1]","","[2,2]","","[128,128]","",28,0,0,"{L1:2}","{L1:2}",""
2978250270687,PHASE_B,121892,4377,MERGE_DONE,0,0,0,"","7","","2","","4","","256",28,165,165,"","",""
2978250270702,PHASE_B,121896,4379,MERGE_PUBLISH,0,1,32,"","7","","2","","4","","256",28,180,172,"{L1:2}","{L2:1}",""
2978250272825,PHASE_B,122145,4429,SEAL,0,2,32,"","8","","0","","1","","64",0,0,0,"{L2:1}","{L0:1, L2:1}",""
2978250275224,PHASE_B,122473,4494,SEAL,0,3,32,"","9","","0","","1","","64",0,0,0,"{L0:1, L2:1}","{L0:2, L2:1}",""
2978250275236,PHASE_B,122473,4494,MERGE_SUBMIT,0,3,32,"","","","","","","","",0,0,0,"{L0:2, L2:1}","{L0:2, L2:1}",""
2978250275347,PHASE_B,122497,4497,MERGE_START,0,3,32,"[8,9]","","[0,0]","","[1,1]","","[64,64]","",92,0,0,"{L0:2, L2:1}","{L0:2, L2:1}",""
2978250275680,PHASE_B,122542,4507,MERGE_DONE,0,0,0,"","10","","1","","2","","128",92,347,347,"","",""
2978250275693,PHASE_B,122542,4507,MERGE_PUBLISH,0,2,32,"","10","","1","","2","","128",92,360,359,"{L0:2, L2:1}","{L1:1, L2:1}",""
2978250277758,PHASE_B,122802,4558,SEAL,0,3,32,"","11","","0","","1","","64",0,0,0,"{L1:1, L2:1}","{L0:1, L1:1, L2:1}",""
2978250280069,PHASE_B,123108,4622,SEAL,0,4,32,"","12","","0","","1","","64",0,0,0,"{L0:1, L1:1, L2:1}","{L0:2, L1:1, L2:1}",""
2978250280081,PHASE_B,123108,4622,MERGE_SUBMIT,0,4,32,"","","","","","","","",0,0,0,"{L0:2, L1:1, L2:1}","{L0:2, L1:1, L2:1}",""
2978250280195,PHASE_B,123113,4623,MERGE_START,0,4,32,"[11,12]","","[0,0]","","[1,1]","","[64,64]","",92,0,0,"{L0:2, L1:1, L2:1}","{L0:2, L1:1, L2:1}",""
2978250280488,PHASE_B,123126,4624,MERGE_DONE,0,0,0,"","13","","1","","2","","128",92,311,310,"","",""
2978250280494,PHASE_B,123126,4624,MERGE_DISCARD,0,4,32,"","","","","","","","",92,318,0,"{L0:2, L1:1, L2:1}","{L0:2, L1:1, L2:1}",""
2978250282901,PHASE_B,123428,4684,SEAL,0,1,32,"","1","","0","","1","","64",0,0,0,"{}","{L0:1}",""
2978250285412,PHASE_B,123753,4750,SEAL,0,2,32,"","2","","0","","1","","64",0,0,0,"{L0:1}","{L0:2}",""
2978250285427,PHASE_B,123753,4750,MERGE_SUBMIT,0,2,32,"","","","","","","","",0,0,0,"{L0:2}","{L0:2}",""
2978250285568,PHASE_B,123777,4755,MERGE_START,0,2,32,"[1,2]","","[0,0]","","[1,1]","","[64,64]","",122,0,0,"{L0:2}","{L0:2}",""
2978250285840,PHASE_B,123822,4764,MERGE_DONE,0,0,0,"","3","","1","","2","","128",122,287,286,"","",""
2978250285851,PHASE_B,123823,4764,MERGE_PUBLISH,0,1,32,"","3","","1","","2","","128",122,297,296,"{L0:2}","{L1:1}",""
2978250288296,PHASE_B,124091,4815,SEAL,0,2,32,"","4","","0","","1","","64",0,0,0,"{L1:1}","{L0:1, L1:1}",""
2978250290823,PHASE_B,124402,4879,SEAL,0,3,32,"","5","","0","","1","","64",0,0,0,"{L0:1, L1:1}","{L0:2, L1:1}",""
2978250290837,PHASE_B,124402,4879,MERGE_SUBMIT,0,3,32,"","","","","","","","",0,0,0,"{L0:2, L1:1}","{L0:2, L1:1}",""
2978250290886,PHASE_B,124413,4881,MERGE_START,0,3,32,"[4,5]","","[0,0]","","[1,1]","","[64,64]","",30,0,0,"{L0:2, L1:1}","{L0:2, L1:1}",""
2978250291194,PHASE_B,124455,4891,MERGE_DONE,0,0,0,"","6","","1","","2","","128",30,324,323,"","",""
2978250291221,PHASE_B,124455,4891,MERGE_PUBLISH,0,2,32,"","6","","1","","2","","128",30,349,348,"{L0:2, L1:1}","{L1:2}",""
2978250291238,PHASE_B,124459,4893,MERGE_SUBMIT,12,2,32,"","","","","","","","",0,0,0,"{L1:2}","{L1:2}",""
2978250291282,PHASE_B,124474,4894,MERGE_START,0,2,32,"[3,6]","","[1,1]","","[2,2]","","[128,128]","",35,0,0,"{L1:2}","{L1:2}",""
2978250291838,PHASE_B,124548,4907,MERGE_DONE,0,0,0,"","7","","2","","4","","256",35,572,571,"","",""
2978250291851,PHASE_B,124548,4907,MERGE_PUBLISH,0,1,32,"","7","","2","","4","","256",35,584,583,"{L1:2}","{L2:1}",""
2978250293508,PHASE_B,124713,4943,SEAL,0,2,32,"","8","","0","","1","","64",0,0,0,"{L2:1}","{L0:1, L2:1}",""
2978250296084,PHASE_B,125042,5006,SEAL,0,3,32,"","9","","0","","1","","64",0,0,0,"{L0:1, L2:1}","{L0:2, L2:1}",""
2978250296099,PHASE_B,125042,5006,MERGE_SUBMIT,0,3,32,"","","","","","","","",0,0,0,"{L0:2, L2:1}","{L0:2, L2:1}",""
2978250296211,PHASE_B,125047,5008,MERGE_START,0,3,32,"[8,9]","","[0,0]","","[1,1]","","[64,64]","",93,0,0,"{L0:2, L2:1}","{L0:2, L2:1}",""
2978250296500,PHASE_B,125095,5019,MERGE_DONE,0,0,0,"","10","","1","","2","","128",93,304,304,"","",""
2978250296521,PHASE_B,125095,5019,MERGE_PUBLISH,0,2,32,"","10","","1","","2","","128",93,316,315,"{L0:2, L2:1}","{L1:1, L2:1}",""
2978250298728,PHASE_B,125357,5070,SEAL,0,3,32,"","11","","0","","1","","64",0,0,0,"{L1:1, L2:1}","{L0:1, L1:1, L2:1}",""
2978250301405,PHASE_B,125677,5135,SEAL,0,4,32,"","12","","0","","1","","64",0,0,0,"{L0:1, L1:1, L2:1}","{L0:2, L1:1, L2:1}",""
2978250301420,PHASE_B,125677,5135,MERGE_SUBMIT,0,4,32,"","","","","","","","",0,0,0,"{L0:2, L1:1, L2:1}","{L0:2, L1:1, L2:1}",""
2978250301465,PHASE_B,125683,5137,MERGE_START,0,4,32,"[11,12]","","[0,0]","","[1,1]","","[64,64]","",24,0,0,"{L0:2, L1:1, L2:1}","{L0:2, L1:1, L2:1}",""
2978250301757,PHASE_B,125689,5137,MERGE_DONE,0,0,0,"","13","","1","","2","","128",24,310,309,"","",""
2978250301764,PHASE_B,125689,5137,MERGE_DISCARD,0,4,32,"","","","","","","","",24,316,0,"{L0:2, L1:1, L2:1}","{L0:2, L1:1, L2:1}",""
2978250304277,PHASE_B,126010,5199,SEAL,0,1,32,"","1","","0","","1","","64",0,0,0,"{}","{L0:1}",""
2978250306794,PHASE_B,126323,5262,SEAL,0,2,32,"","2","","0","","1","","64",0,0,0,"{L0:1}","{L0:2}",""
2978250306808,PHASE_B,126323,5262,MERGE_SUBMIT,0,2,32,"","","","","","","","",0,0,0,"{L0:2}","{L0:2}",""
2978250306913,PHASE_B,126340,5268,MERGE_START,0,2,32,"[1,2]","","[0,0]","","[1,1]","","[64,64]","",86,0,0,"{L0:2}","{L0:2}",""
2978250307199,PHASE_B,126383,5277,MERGE_DONE,0,0,0,"","3","","1","","2","","128",86,301,300,"","",""
2978250307211,PHASE_B,126392,5277,MERGE_PUBLISH,0,1,32,"","3","","1","","2","","128",86,312,311,"{L0:2}","{L1:1}",""
2978250309301,PHASE_B,126641,5327,SEAL,0,2,32,"","4","","0","","1","","64",0,0,0,"{L1:1}","{L0:1, L1:1}",""
2978250311808,PHASE_B,126963,5391,SEAL,0,3,32,"","5","","0","","1","","64",0,0,0,"{L0:1, L1:1}","{L0:2, L1:1}",""
2978250311823,PHASE_B,126963,5391,MERGE_SUBMIT,0,3,32,"","","","","","","","",0,0,0,"{L0:2, L1:1}","{L0:2, L1:1}",""
2978250311926,PHASE_B,126980,5395,MERGE_START,0,3,32,"[4,5]","","[0,0]","","[1,1]","","[64,64]","",83,0,0,"{L0:2, L1:1}","{L0:2, L1:1}",""
2978250312208,PHASE_B,127024,5404,MERGE_DONE,0,0,0,"","6","","1","","2","","128",83,298,298,"","",""
2978250312250,PHASE_B,127032,5406,MERGE_PUBLISH,0,2,32,"","6","","1","","2","","128",83,338,322,"{L0:2, L1:1}","{L1:2}",""
2978250312266,PHASE_B,127032,5406,MERGE_SUBMIT,13,2,32,"","","","","","","","",0,0,0,"{L1:2}","{L1:2}",""
2978250312335,PHASE_B,127053,5409,MERGE_START,0,2,32,"[3,6]","","[1,1]","","[2,2]","","[128,128]","",71,0,0,"{L1:2}","{L1:2}",""
2978250312835,PHASE_B,127127,5423,MERGE_DONE,0,0,0,"","7","","2","","4","","256",71,504,504,"","",""
2978250312845,PHASE_B,127127,5423,MERGE_PUBLISH,0,1,32,"","7","","2","","4","","256",71,512,512,"{L1:2}","{L2:1}",""
2978250314324,PHASE_B,127274,5454,SEAL,0,2,32,"","8","","0","","1","","64",0,0,0,"{L2:1}","{L0:1, L2:1}",""
2978250316939,PHASE_B,127596,5518,SEAL,0,3,32,"","9","","0","","1","","64",0,0,0,"{L0:1, L2:1}","{L0:2, L2:1}",""
2978250316953,PHASE_B,127596,5518,MERGE_SUBMIT,0,3,32,"","","","","","","","",0,0,0,"{L0:2, L2:1}","{L0:2, L2:1}",""
2978250317059,PHASE_B,127622,5524,MERGE_START,0,3,32,"[8,9]","","[0,0]","","[1,1]","","[64,64]","",85,0,0,"{L0:2, L2:1}","{L0:2, L2:1}",""
2978250317337,PHASE_B,127666,5533,MERGE_DONE,0,0,0,"","10","","1","","2","","128",85,295,295,"","",""
2978250317350,PHASE_B,127668,5533,MERGE_PUBLISH,0,2,32,"","10","","1","","2","","128",85,307,306,"{L0:2, L2:1}","{L1:1, L2:1}",""
2978250319537,PHASE_B,127923,5584,SEAL,0,3,32,"","11","","0","","1","","64",0,0,0,"{L1:1, L2:1}","{L0:1, L1:1, L2:1}",""
2978250322066,PHASE_B,128251,5648,SEAL,0,4,32,"","12","","0","","1","","64",0,0,0,"{L0:1, L1:1, L2:1}","{L0:2, L1:1, L2:1}",""
2978250322082,PHASE_B,128251,5648,MERGE_SUBMIT,0,4,32,"","","","","","","","",0,0,0,"{L0:2, L1:1, L2:1}","{L0:2, L1:1, L2:1}",""
2978250322186,PHASE_B,128264,5652,MERGE_START,0,4,32,"[11,12]","","[0,0]","","[1,1]","","[64,64]","",82,0,0,"{L0:2, L1:1, L2:1}","{L0:2, L1:1, L2:1}",""
2978250322469,PHASE_B,128265,5652,MERGE_DONE,0,0,0,"","13","","1","","2","","128",82,302,301,"","",""
2978250322476,PHASE_B,128265,5652,MERGE_DISCARD,0,4,32,"","","","","","","","",82,309,0,"{L0:2, L1:1, L2:1}","{L0:2, L1:1, L2:1}",""
2978250324810,PHASE_B,128575,5713,SEAL,0,1,32,"","1","","0","","1","","64",0,0,0,"{}","{L0:1}",""
2978250327271,PHASE_B,128894,5777,SEAL,0,2,32,"","2","","0","","1","","64",0,0,0,"{L0:1}","{L0:2}",""
2978250327283,PHASE_B,128894,5777,MERGE_SUBMIT,0,2,32,"","","","","","","","",0,0,0,"{L0:2}","{L0:2}",""
2978250327392,PHASE_B,128917,5781,MERGE_START,0,2,32,"[1,2]","","[0,0]","","[1,1]","","[64,64]","",86,0,0,"{L0:2}","{L0:2}",""
2978250327710,PHASE_B,128964,5791,MERGE_DONE,0,0,0,"","3","","1","","2","","128",86,337,336,"","",""
2978250327721,PHASE_B,128964,5791,MERGE_PUBLISH,0,1,32,"","3","","1","","2","","128",86,347,346,"{L0:2}","{L1:1}",""
2978250329879,PHASE_B,129210,5842,SEAL,0,2,32,"","4","","0","","1","","64",0,0,0,"{L1:1}","{L0:1, L1:1}",""
2978250332409,PHASE_B,129534,5905,SEAL,0,3,32,"","5","","0","","1","","64",0,0,0,"{L0:1, L1:1}","{L0:2, L1:1}",""
2978250332423,PHASE_B,129534,5905,MERGE_SUBMIT,0,3,32,"","","","","","","","",0,0,0,"{L0:2, L1:1}","{L0:2, L1:1}",""
2978250332532,PHASE_B,129551,5910,MERGE_START,0,3,32,"[4,5]","","[0,0]","","[1,1]","","[64,64]","",89,0,0,"{L0:2, L1:1}","{L0:2, L1:1}",""
2978250332844,PHASE_B,129614,5921,MERGE_DONE,0,0,0,"","6","","1","","2","","128",89,328,328,"","",""
2978250332856,PHASE_B,129617,5921,MERGE_PUBLISH,0,2,32,"","6","","1","","2","","128",89,339,338,"{L0:2, L1:1}","{L1:2}",""
2978250332877,PHASE_B,129617,5921,MERGE_SUBMIT,13,2,32,"","","","","","","","",0,0,0,"{L1:2}","{L1:2}",""
2978250332940,PHASE_B,129622,5922,MERGE_START,0,2,32,"[3,6]","","[1,1]","","[2,2]","","[128,128]","",67,0,0,"{L1:2}","{L1:2}",""
2978250333472,PHASE_B,129693,5938,MERGE_DONE,0,0,0,"","7","","2","","4","","256",67,535,535,"","",""
2978250333510,PHASE_B,129695,5938,MERGE_PUBLISH,0,1,32,"","7","","2","","4","","256",67,571,556,"{L1:2}","{L2:1}",""
2978250335056,PHASE_B,129865,5971,SEAL,0,2,32,"","8","","0","","1","","64",0,0,0,"{L2:1}","{L0:1, L2:1}",""
2978250337608,PHASE_B,130181,6035,SEAL,0,3,32,"","9","","0","","1","","64",0,0,0,"{L0:1, L2:1}","{L0:2, L2:1}",""
2978250337621,PHASE_B,130181,6035,MERGE_SUBMIT,0,3,32,"","","","","","","","",0,0,0,"{L0:2, L2:1}","{L0:2, L2:1}",""
2978250337634,PHASE_B,130181,6035,MERGE_START,0,3,32,"[8,9]","","[0,0]","","[1,1]","","[64,64]","",8,0,0,"{L0:2, L2:1}","{L0:2, L2:1}",""
2978250337891,PHASE_B,130227,6044,MERGE_DONE,0,0,0,"","10","","1","","2","","128",8,262,262,"","",""
2978250337904,PHASE_B,130229,6045,MERGE_PUBLISH,0,2,32,"","10","","1","","2","","128",8,275,269,"{L0:2, L2:1}","{L1:1, L2:1}",""
2978250341249,PHASE_B,130497,6098,SEAL,0,3,32,"","11","","0","","1","","64",0,0,0,"{L1:1, L2:1}","{L0:1, L1:1, L2:1}",""
2978250343663,PHASE_B,130819,6163,SEAL,0,4,32,"","12","","0","","1","","64",0,0,0,"{L0:1, L1:1, L2:1}","{L0:2, L1:1, L2:1}",""
2978250343678,PHASE_B,130819,6163,MERGE_SUBMIT,0,4,32,"","","","","","","","",0,0,0,"{L0:2, L1:1, L2:1}","{L0:2, L1:1, L2:1}",""
2978250343782,PHASE_B,130836,6165,MERGE_START,0,4,32,"[11,12]","","[0,0]","","[1,1]","","[64,64]","",83,0,0,"{L0:2, L1:1, L2:1}","{L0:2, L1:1, L2:1}",""
2978250344082,PHASE_B,130836,6165,MERGE_DONE,0,0,0,"","13","","1","","2","","128",83,317,316,"","",""
2978250344089,PHASE_B,130836,6165,MERGE_DISCARD,0,4,32,"","","","","","","","",83,324,0,"{L0:2, L1:1, L2:1}","{L0:2, L1:1, L2:1}",""
2978250346529,PHASE_B,131140,6227,SEAL,0,1,32,"","1","","0","","1","","64",0,0,0,"{}","{L0:1}",""
2978250349088,PHASE_B,131455,6291,SEAL,0,2,32,"","2","","0","","1","","64",0,0,0,"{L0:1}","{L0:2}",""
2978250349101,PHASE_B,131455,6291,MERGE_SUBMIT,0,2,32,"","","","","","","","",0,0,0,"{L0:2}","{L0:2}",""
2978250349164,PHASE_B,131475,6294,MERGE_START,0,2,32,"[1,2]","","[0,0]","","[1,1]","","[64,64]","",57,0,0,"{L0:2}","{L0:2}",""
2978250349317,PHASE_B,131486,6295,MERGE_DONE,0,0,0,"","3","","1","","2","","128",57,159,158,"","",""
2978250349322,PHASE_B,131486,6295,MERGE_PUBLISH,0,1,32,"","3","","1","","2","","128",57,163,163,"{L0:2}","{L1:1}",""
2978250352833,PHASE_B,131783,6355,SEAL,0,2,32,"","4","","0","","1","","64",0,0,0,"{L1:1}","{L0:1, L1:1}",""
2978250357465,PHASE_B,132104,6419,SEAL,0,3,32,"","5","","0","","1","","64",0,0,0,"{L0:1, L1:1}","{L0:2, L1:1}",""
2978250357477,PHASE_B,132104,6419,MERGE_SUBMIT,0,3,32,"","","","","","","","",0,0,0,"{L0:2, L1:1}","{L0:2, L1:1}",""
2978250357592,PHASE_B,132123,6424,MERGE_START,0,3,32,"[4,5]","","[0,0]","","[1,1]","","[64,64]","",94,0,0,"{L0:2, L1:1}","{L0:2, L1:1}",""
2978250357895,PHASE_B,132167,6432,MERGE_DONE,0,0,0,"","6","","1","","2","","128",94,321,320,"","",""
2978250357908,PHASE_B,132167,6432,MERGE_PUBLISH,0,2,32,"","6","","1","","2","","128",94,332,331,"{L0:2, L1:1}","{L1:2}",""
2978250357939,PHASE_B,132167,6432,MERGE_SUBMIT,12,2,32,"","","","","","","","",0,0,0,"{L1:2}","{L1:2}",""
2978250358056,PHASE_B,132185,6436,MERGE_START,0,2,32,"[3,6]","","[1,1]","","[2,2]","","[128,128]","",101,0,0,"{L1:2}","{L1:2}",""
2978250358590,PHASE_B,132259,6450,MERGE_DONE,0,0,0,"","7","","2","","4","","256",101,549,549,"","",""
2978250358603,PHASE_B,132259,6450,MERGE_PUBLISH,0,1,32,"","7","","2","","4","","256",101,562,561,"{L1:2}","{L2:1}",""
2978250361154,PHASE_B,132417,6483,SEAL,0,2,32,"","8","","0","","1","","64",0,0,0,"{L2:1}","{L0:1, L2:1}",""
2978250365812,PHASE_B,132753,6548,SEAL,0,3,32,"","9","","0","","1","","64",0,0,0,"{L0:1, L2:1}","{L0:2, L2:1}",""
2978250365825,PHASE_B,132753,6548,MERGE_SUBMIT,0,3,32,"","","","","","","","",0,0,0,"{L0:2, L2:1}","{L0:2, L2:1}",""
2978250365932,PHASE_B,132771,6552,MERGE_START,0,3,32,"[8,9]","","[0,0]","","[1,1]","","[64,64]","",81,0,0,"{L0:2, L2:1}","{L0:2, L2:1}",""
2978250366272,PHASE_B,132815,6561,MERGE_DONE,0,0,0,"","10","","1","","2","","128",81,361,361,"","",""
2978250366300,PHASE_B,132824,6564,MERGE_PUBLISH,0,2,32,"","10","","1","","2","","128",81,388,387,"{L0:2, L2:1}","{L1:1, L2:1}",""
2978250370474,PHASE_B,133059,6612,SEAL,0,3,32,"","11","","0","","1","","64",0,0,0,"{L1:1, L2:1}","{L0:1, L1:1, L2:1}",""
2978250374044,PHASE_B,133383,6676,SEAL,0,4,32,"","12","","0","","1","","64",0,0,0,"{L0:1, L1:1, L2:1}","{L0:2, L1:1, L2:1}",""
2978250374058,PHASE_B,133383,6676,MERGE_SUBMIT,0,4,32,"","","","","","","","",0,0,0,"{L0:2, L1:1, L2:1}","{L0:2, L1:1, L2:1}",""
2978250374167,PHASE_B,133389,6678,MERGE_START,0,4,32,"[11,12]","","[0,0]","","[1,1]","","[64,64]","",87,0,0,"{L0:2, L1:1, L2:1}","{L0:2, L1:1, L2:1}",""
2978250374460,PHASE_B,133389,6678,MERGE_DONE,0,0,0,"","13","","1","","2","","128",87,311,310,"","",""
2978250374466,PHASE_B,133397,6680,MERGE_DISCARD,0,4,32,"","","","","","","","",87,317,0,"{L0:2, L1:1, L2:1}","{L0:2, L1:1, L2:1}",""
2978250379025,PHASE_B,133715,6740,SEAL,0,1,32,"","1","","0","","1","","64",0,0,0,"{}","{L0:1}",""
2978250385043,PHASE_B,134026,6805,SEAL,0,2,32,"","2","","0","","1","","64",0,0,0,"{L0:1}","{L0:2}",""
2978250385057,PHASE_B,134026,6805,MERGE_SUBMIT,0,2,32,"","","","","","","","",0,0,0,"{L0:2}","{L0:2}",""
2978250385158,PHASE_B,134049,6808,MERGE_START,0,2,32,"[1,2]","","[0,0]","","[1,1]","","[64,64]","",81,0,0,"{L0:2}","{L0:2}",""
2978250385475,PHASE_B,134097,6817,MERGE_DONE,0,0,0,"","3","","1","","2","","128",81,332,331,"","",""
2978250385487,PHASE_B,134097,6817,MERGE_PUBLISH,0,1,32,"","3","","1","","2","","128",81,343,342,"{L0:2}","{L1:1}",""
2978250393128,PHASE_B,134349,6867,SEAL,0,2,32,"","4","","0","","1","","64",0,0,0,"{L1:1}","{L0:1, L1:1}",""
2978250401484,PHASE_B,134668,6933,SEAL,0,3,32,"","5","","0","","1","","64",0,0,0,"{L0:1, L1:1}","{L0:2, L1:1}",""
2978250401507,PHASE_B,134668,6933,MERGE_SUBMIT,0,3,32,"","","","","","","","",0,0,0,"{L0:2, L1:1}","{L0:2, L1:1}",""
2978250401613,PHASE_B,134691,6935,MERGE_START,0,3,32,"[4,5]","","[0,0]","","[1,1]","","[64,64]","",96,0,0,"{L0:2, L1:1}","{L0:2, L1:1}",""
2978250401928,PHASE_B,134721,6943,MERGE_DONE,0,0,0,"","6","","1","","2","","128",96,331,330,"","",""
2978250401941,PHASE_B,134721,6943,MERGE_PUBLISH,0,2,32,"","6","","1","","2","","128",96,342,341,"{L0:2, L1:1}","{L1:2}",""
2978250401958,PHASE_B,134727,6946,MERGE_SUBMIT,11,2,32,"","","","","","","","",0,0,0,"{L1:2}","{L1:2}",""
2978250401997,PHASE_B,134740,6947,MERGE_START,0,2,32,"[3,6]","","[1,1]","","[2,2]","","[128,128]","",26,0,0,"{L1:2}","{L1:2}",""
2978250402559,PHASE_B,134807,6960,MERGE_DONE,0,0,0,"","7","","2","","4","","256",26,576,575,"","",""
2978250402592,PHASE_B,134810,6961,MERGE_PUBLISH,0,1,32,"","7","","2","","4","","256",26,607,598,"{L1:2}","{L2:1}",""
2978250404302,PHASE_B,134989,6996,SEAL,0,2,32,"","8","","0","","1","","64",0,0,0,"{L2:1}","{L0:1, L2:1}",""
2978250407093,PHASE_B,135318,7061,SEAL,0,3,32,"","9","","0","","1","","64",0,0,0,"{L0:1, L2:1}","{L0:2, L2:1}",""
2978250407111,PHASE_B,135318,7061,MERGE_SUBMIT,0,3,32,"","","","","","","","",0,0,0,"{L0:2, L2:1}","{L0:2, L2:1}",""
2978250407219,PHASE_B,135327,7064,MERGE_START,0,3,32,"[8,9]","","[0,0]","","[1,1]","","[64,64]","",88,0,0,"{L0:2, L2:1}","{L0:2, L2:1}",""
2978250407512,PHASE_B,135366,7073,MERGE_DONE,0,0,0,"","10","","1","","2","","128",88,310,309,"","",""
2978250407530,PHASE_B,135368,7073,MERGE_PUBLISH,0,2,32,"","10","","1","","2","","128",88,322,320,"{L0:2, L2:1}","{L1:1, L2:1}",""
2978250409960,PHASE_B,135627,7125,SEAL,0,3,32,"","11","","0","","1","","64",0,0,0,"{L1:1, L2:1}","{L0:1, L1:1, L2:1}",""
2978250412795,PHASE_B,135943,7187,SEAL,0,4,32,"","12","","0","","1","","64",0,0,0,"{L0:1, L1:1, L2:1}","{L0:2, L1:1, L2:1}",""
2978250412813,PHASE_B,135943,7187,MERGE_SUBMIT,0,4,32,"","","","","","","","",0,0,0,"{L0:2, L1:1, L2:1}","{L0:2, L1:1, L2:1}",""
2978250412926,PHASE_B,135959,7191,MERGE_START,0,4,32,"[11,12]","","[0,0]","","[1,1]","","[64,64]","",88,0,0,"{L0:2, L1:1, L2:1}","{L0:2, L1:1, L2:1}",""
2978250413233,PHASE_B,135959,7191,MERGE_DONE,0,0,0,"","13","","1","","2","","128",88,329,329,"","",""
2978250413254,PHASE_B,135959,7191,MERGE_DISCARD,0,4,32,"","","","","","","","",88,350,0,"{L0:2, L1:1, L2:1}","{L0:2, L1:1, L2:1}",""
2978250415976,PHASE_B,136264,7253,SEAL,0,1,32,"","1","","0","","1","","64",0,0,0,"{}","{L0:1}",""
2978250418748,PHASE_B,136593,7317,SEAL,0,2,32,"","2","","0","","1","","64",0,0,0,"{L0:1}","{L0:2}",""
2978250418762,PHASE_B,136593,7317,MERGE_SUBMIT,0,2,32,"","","","","","","","",0,0,0,"{L0:2}","{L0:2}",""
2978250418865,PHASE_B,136608,7321,MERGE_START,0,2,32,"[1,2]","","[0,0]","","[1,1]","","[64,64]","",84,0,0,"{L0:2}","{L0:2}",""
2978250419150,PHASE_B,136654,7330,MERGE_DONE,0,0,0,"","3","","1","","2","","128",84,301,300,"","",""
2978250419162,PHASE_B,136655,7330,MERGE_PUBLISH,0,1,32,"","3","","1","","2","","128",84,312,311,"{L0:2}","{L1:1}",""
2978250421548,PHASE_B,136912,7381,SEAL,0,2,32,"","4","","0","","1","","64",0,0,0,"{L1:1}","{L0:1, L1:1}",""
2978250424365,PHASE_B,137233,7446,SEAL,0,3,32,"","5","","0","","1","","64",0,0,0,"{L0:1, L1:1}","{L0:2, L1:1}",""
2978250424382,PHASE_B,137233,7446,MERGE_SUBMIT,0,3,32,"","","","","","","","",0,0,0,"{L0:2, L1:1}","{L0:2, L1:1}",""
2978250424486,PHASE_B,137249,7450,MERGE_START,0,3,32,"[4,5]","","[0,0]","","[1,1]","","[64,64]","",83,0,0,"{L0:2, L1:1}","{L0:2, L1:1}",""
2978250424748,PHASE_B,137280,7454,MERGE_DONE,0,0,0,"","6","","1","","2","","128",83,280,279,"","",""
2978250424763,PHASE_B,137286,7458,MERGE_PUBLISH,0,2,32,"","6","","1","","2","","128",83,294,292,"{L0:2, L1:1}","{L1:2}",""
2978250424777,PHASE_B,137295,7458,MERGE_SUBMIT,11,2,32,"","","","","","","","",0,0,0,"{L1:2}","{L1:2}",""
2978250424891,PHASE_B,137307,7459,MERGE_START,0,2,32,"[3,6]","","[1,1]","","[2,2]","","[128,128]","",115,0,0,"{L1:2}","{L1:2}",""
2978250425530,PHASE_B,137381,7477,MERGE_DONE,0,0,0,"","7","","2","","4","","256",115,642,642,"","",""
2978250425541,PHASE_B,137381,7477,MERGE_PUBLISH,0,1,32,"","7","","2","","4","","256",115,652,651,"{L1:2}","{L2:1}",""
2978250429586,PHASE_B,137557,7510,SEAL,0,2,32,"","8","","0","","1","","64",0,0,0,"{L2:1}","{L0:1, L2:1}",""
2978250434596,PHASE_B,137873,7572,SEAL,0,3,32,"","9","","0","","1","","64",0,0,0,"{L0:1, L2:1}","{L0:2, L2:1}",""
2978250434613,PHASE_B,137873,7572,MERGE_SUBMIT,0,3,32,"","","","","","","","",0,0,0,"{L0:2, L2:1}","{L0:2, L2:1}",""
2978250434624,PHASE_B,137873,7572,MERGE_START,0,3,32,"[8,9]","","[0,0]","","[1,1]","","[64,64]","",9,0,0,"{L0:2, L2:1}","{L0:2, L2:1}",""
2978250434736,PHASE_B,137891,7578,MERGE_DONE,0,0,0,"","10","","1","","2","","128",9,115,115,"","",""
2978250434746,PHASE_B,137897,7579,MERGE_PUBLISH,0,2,32,"","10","","1","","2","","128",9,125,122,"{L0:2, L2:1}","{L1:1, L2:1}",""
2978250440869,PHASE_B,138200,7638,SEAL,0,3,32,"","11","","0","","1","","64",0,0,0,"{L1:1, L2:1}","{L0:1, L1:1, L2:1}",""
2978250447188,PHASE_B,138519,7701,SEAL,0,4,32,"","12","","0","","1","","64",0,0,0,"{L0:1, L1:1, L2:1}","{L0:2, L1:1, L2:1}",""
2978250447210,PHASE_B,138519,7701,MERGE_SUBMIT,0,4,32,"","","","","","","","",0,0,0,"{L0:2, L1:1, L2:1}","{L0:2, L1:1, L2:1}",""
2978250447323,PHASE_B,138526,7706,MERGE_START,0,4,32,"[11,12]","","[0,0]","","[1,1]","","[64,64]","",92,0,0,"{L0:2, L1:1, L2:1}","{L0:2, L1:1, L2:1}",""
2978250447632,PHASE_B,138535,7706,MERGE_DONE,0,0,0,"","13","","1","","2","","128",92,329,328,"","",""
2978250447639,PHASE_B,138535,7706,MERGE_DISCARD,0,4,32,"","","","","","","","",92,336,0,"{L0:2, L1:1, L2:1}","{L0:2, L1:1, L2:1}",""
2978250454139,PHASE_B,138853,7769,SEAL,0,1,32,"","1","","0","","1","","64",0,0,0,"{}","{L0:1}",""
2978250461777,PHASE_B,139158,7831,SEAL,0,2,32,"","2","","0","","1","","64",0,0,0,"{L0:1}","{L0:2}",""
2978250461797,PHASE_B,139158,7831,MERGE_SUBMIT,0,2,32,"","","","","","","","",0,0,0,"{L0:2}","{L0:2}",""
2978250461900,PHASE_B,139177,7835,MERGE_START,0,2,32,"[1,2]","","[0,0]","","[1,1]","","[64,64]","",84,0,0,"{L0:2}","{L0:2}",""
2978250462235,PHASE_B,139190,7836,MERGE_DONE,0,0,0,"","3","","1","","2","","128",84,350,350,"","",""
2978250462262,PHASE_B,139190,7836,MERGE_PUBLISH,0,1,32,"","3","","1","","2","","128",84,376,375,"{L0:2}","{L1:1}",""
2978250467592,PHASE_B,139487,7897,SEAL,0,2,32,"","4","","0","","1","","64",0,0,0,"{L1:1}","{L0:1, L1:1}",""
2978250471076,PHASE_B,139810,7961,SEAL,0,3,32,"","5","","0","","1","","64",0,0,0,"{L0:1, L1:1}","{L0:2, L1:1}",""
2978250471102,PHASE_B,139810,7961,MERGE_SUBMIT,0,3,32,"","","","","","","","",0,0,0,"{L0:2, L1:1}","{L0:2, L1:1}",""
2978250471207,PHASE_B,139831,7964,MERGE_START,0,3,32,"[4,5]","","[0,0]","","[1,1]","","[64,64]","",86,0,0,"{L0:2, L1:1}","{L0:2, L1:1}",""
2978250471501,PHASE_B,139847,7969,MERGE_DONE,0,0,0,"","6","","1","","2","","128",86,311,310,"","",""
2978250471513,PHASE_B,139852,7972,MERGE_PUBLISH,0,2,32,"","6","","1","","2","","128",86,321,320,"{L0:2, L1:1}","{L1:2}",""
2978250471529,PHASE_B,139857,7972,MERGE_SUBMIT,10,2,32,"","","","","","","","",0,0,0,"{L1:2}","{L1:2}",""
2978250471616,PHASE_B,139876,7973,MERGE_START,0,2,32,"[3,6]","","[1,1]","","[2,2]","","[128,128]","",79,0,0,"{L1:2}","{L1:2}",""
2978250472147,PHASE_B,139919,7983,MERGE_DONE,0,0,0,"","7","","2","","4","","256",79,538,538,"","",""
2978250472160,PHASE_B,139920,7983,MERGE_PUBLISH,0,1,32,"","7","","2","","4","","256",79,556,556,"{L1:2}","{L2:1}",""
2978250474598,PHASE_B,140123,8023,SEAL,0,2,32,"","8","","0","","1","","64",0,0,0,"{L2:1}","{L0:1, L2:1}",""
2978250478010,PHASE_B,140441,8086,SEAL,0,3,32,"","9","","0","","1","","64",0,0,0,"{L0:1, L2:1}","{L0:2, L2:1}",""
2978250478029,PHASE_B,140441,8086,MERGE_SUBMIT,0,3,32,"","","","","","","","",0,0,0,"{L0:2, L2:1}","{L0:2, L2:1}",""
2978250478133,PHASE_B,140456,8091,MERGE_START,0,3,32,"[8,9]","","[0,0]","","[1,1]","","[64,64]","",85,0,0,"{L0:2, L2:1}","{L0:2, L2:1}",""
2978250478463,PHASE_B,140496,8098,MERGE_DONE,0,0,0,"","10","","1","","2","","128",85,346,345,"","",""
2978250478498,PHASE_B,140503,8101,MERGE_PUBLISH,0,2,32,"","10","","1","","2","","128",85,380,368,"{L0:2, L2:1}","{L1:1, L2:1}",""
2978250481379,PHASE_B,140769,8153,SEAL,0,3,32,"","11","","0","","1","","64",0,0,0,"{L1:1, L2:1}","{L0:1, L1:1, L2:1}",""
2978250484735,PHASE_B,141087,8216,SEAL,0,4,32,"","12","","0","","1","","64",0,0,0,"{L0:1, L1:1, L2:1}","{L0:2, L1:1, L2:1}",""
2978250484758,PHASE_B,141087,8216,MERGE_SUBMIT,0,4,32,"","","","","","","","",0,0,0,"{L0:2, L1:1, L2:1}","{L0:2, L1:1, L2:1}",""
2978250484861,PHASE_B,141100,8219,MERGE_START,0,4,32,"[11,12]","","[0,0]","","[1,1]","","[64,64]","",83,0,0,"{L0:2, L1:1, L2:1}","{L0:2, L1:1, L2:1}",""
2978250485174,PHASE_B,141100,8219,MERGE_DONE,0,0,0,"","13","","1","","2","","128",83,331,330,"","",""
2978250485181,PHASE_B,141100,8219,MERGE_DISCARD,0,4,32,"","","","","","","","",83,338,0,"{L0:2, L1:1, L2:1}","{L0:2, L1:1, L2:1}",""
2978250488629,PHASE_B,141411,8281,SEAL,0,1,32,"","1","","0","","1","","64",0,0,0,"{}","{L0:1}",""
2978250492091,PHASE_B,141742,8346,SEAL,0,2,32,"","2","","0","","1","","64",0,0,0,"{L0:1}","{L0:2}",""
2978250492116,PHASE_B,141742,8346,MERGE_SUBMIT,0,2,32,"","","","","","","","",0,0,0,"{L0:2}","{L0:2}",""
2978250492220,PHASE_B,141746,8347,MERGE_START,0,2,32,"[1,2]","","[0,0]","","[1,1]","","[64,64]","",86,0,0,"{L0:2}","{L0:2}",""
2978250492555,PHASE_B,141786,8358,MERGE_DONE,0,0,0,"","3","","1","","2","","128",86,350,349,"","",""
2978250492566,PHASE_B,141791,8358,MERGE_PUBLISH,0,1,32,"","3","","1","","2","","128",86,360,359,"{L0:2}","{L1:1}",""
2978250495378,PHASE_B,142055,8410,SEAL,0,2,32,"","4","","0","","1","","64",0,0,0,"{L1:1}","{L0:1, L1:1}",""
2978250498668,PHASE_B,142366,8472,SEAL,0,3,32,"","5","","0","","1","","64",0,0,0,"{L0:1, L1:1}","{L0:2, L1:1}",""
2978250498688,PHASE_B,142366,8472,MERGE_SUBMIT,0,3,32,"","","","","","","","",0,0,0,"{L0:2, L1:1}","{L0:2, L1:1}",""
2978250498791,PHASE_B,142383,8476,MERGE_START,0,3,32,"[4,5]","","[0,0]","","[1,1]","","[64,64]","",84,0,0,"{L0:2, L1:1}","{L0:2, L1:1}",""
2978250499108,PHASE_B,142428,8484,MERGE_DONE,0,0,0,"","6","","1","","2","","128",84,332,332,"","",""
2978250499134,PHASE_B,142428,8484,MERGE_PUBLISH,0,2,32,"","6","","1","","2","","128",84,357,356,"{L0:2, L1:1}","{L1:2}",""
2978250499154,PHASE_B,142432,8486,MERGE_SUBMIT,10,2,32,"","","","","","","","",0,0,0,"{L1:2}","{L1:2}",""
2978250499262,PHASE_B,142442,8488,MERGE_START,0,2,32,"[3,6]","","[1,1]","","[2,2]","","[128,128]","",96,0,0,"{L1:2}","{L1:2}",""
2978250499811,PHASE_B,142503,8499,MERGE_DONE,0,0,0,"","7","","2","","4","","256",96,565,564,"","",""
2978250499824,PHASE_B,142503,8499,MERGE_PUBLISH,0,1,32,"","7","","2","","4","","256",96,577,576,"{L1:2}","{L2:1}",""
2978250502088,PHASE_B,142697,8538,SEAL,0,2,32,"","8","","0","","1","","64",0,0,0,"{L2:1}","{L0:1, L2:1}",""
2978250505389,PHASE_B,143016,8600,SEAL,0,3,32,"","9","","0","","1","","64",0,0,0,"{L0:1, L2:1}","{L0:2, L2:1}",""
2978250505409,PHASE_B,143016,8600,MERGE_SUBMIT,0,3,32,"","","","","","","","",0,0,0,"{L0:2, L2:1}","{L0:2, L2:1}",""
2978250505512,PHASE_B,143025,8604,MERGE_START,0,3,32,"[8,9]","","[0,0]","","[1,1]","","[64,64]","",84,0,0,"{L0:2, L2:1}","{L0:2, L2:1}",""
2978250505822,PHASE_B,143059,8614,MERGE_DONE,0,0,0,"","10","","1","","2","","128",84,326,325,"","",""
2978250505835,PHASE_B,143062,8614,MERGE_PUBLISH,0,2,32,"","10","","1","","2","","128",84,337,336,"{L0:2, L2:1}","{L1:1, L2:1}",""
2978250508814,PHASE_B,143333,8664,SEAL,0,3,32,"","11","","0","","1","","64",0,0,0,"{L1:1, L2:1}","{L0:1, L1:1, L2:1}",""
2978250512137,PHASE_B,143658,8730,SEAL,0,4,32,"","12","","0","","1","","64",0,0,0,"{L0:1, L1:1, L2:1}","{L0:2, L1:1, L2:1}",""
2978250512156,PHASE_B,143658,8730,MERGE_SUBMIT,0,4,32,"","","","","","","","",0,0,0,"{L0:2, L1:1, L2:1}","{L0:2, L1:1, L2:1}",""
2978250512259,PHASE_B,143662,8731,MERGE_START,0,4,32,"[11,12]","","[0,0]","","[1,1]","","[64,64]","",82,0,0,"{L0:2, L1:1, L2:1}","{L0:2, L1:1, L2:1}",""
2978250512551,PHASE_B,143669,8734,MERGE_DONE,0,0,0,"","13","","1","","2","","128",82,310,309,"","",""
2978250512557,PHASE_B,143669,8734,MERGE_DISCARD,0,4,32,"","","","","","","","",82,317,0,"{L0:2, L1:1, L2:1}","{L0:2, L1:1, L2:1}",""
2978250516044,PHASE_B,143980,8796,SEAL,0,1,32,"","1","","0","","1","","64",0,0,0,"{}","{L0:1}",""
2978250519408,PHASE_B,144299,8860,SEAL,0,2,32,"","2","","0","","1","","64",0,0,0,"{L0:1}","{L0:2}",""
2978250519427,PHASE_B,144299,8860,MERGE_SUBMIT,0,2,32,"","","","","","","","",0,0,0,"{L0:2}","{L0:2}",""
2978250519529,PHASE_B,144319,8863,MERGE_START,0,2,32,"[1,2]","","[0,0]","","[1,1]","","[64,64]","",85,0,0,"{L0:2}","{L0:2}",""
2978250519828,PHASE_B,144319,8863,MERGE_DONE,0,0,0,"","3","","1","","2","","128",85,314,314,"","",""
2978250519839,PHASE_B,144319,8863,MERGE_PUBLISH,0,1,32,"","3","","1","","2","","128",85,325,323,"{L0:2}","{L1:1}",""
2978250525973,PHASE_B,144629,8923,SEAL,0,2,32,"","4","","0","","1","","64",0,0,0,"{L1:1}","{L0:1, L1:1}",""
2978250531684,PHASE_B,144947,8988,SEAL,0,3,32,"","5","","0","","1","","64",0,0,0,"{L0:1, L1:1}","{L0:2, L1:1}",""
2978250531703,PHASE_B,144947,8988,MERGE_SUBMIT,0,3,32,"","","","","","","","",0,0,0,"{L0:2, L1:1}","{L0:2, L1:1}",""
2978250531771,PHASE_B,144947,8988,MERGE_START,0,3,32,"[4,5]","","[0,0]","","[1,1]","","[64,64]","",46,0,0,"{L0:2, L1:1}","{L0:2, L1:1}",""
2978250532323,PHASE_B,145000,9000,MERGE_DONE,0,0,0,"","6","","1","","2","","128",46,571,570,"","",""
2978250532340,PHASE_B,145000,9000,MERGE_PUBLISH,0,2,32,"","6","","1","","2","","128",46,585,584,"{L0:2, L1:1}","{L1:2}",""
2978250532359,PHASE_B,145000,9000,MERGE_SUBMIT,10,2,32,"","","","","","","","",0,0,0,"{L1:2}","{L1:2}",""
2978250532460,PHASE_B,145000,9000,MERGE_START,0,2,32,"[3,6]","","[1,1]","","[2,2]","","[128,128]","",94,0,0,"{L1:2}","{L1:2}",""
2978250533024,PHASE_B,145000,9000,MERGE_DONE,0,0,0,"","7","","2","","4","","256",94,578,577,"","",""
2978250533036,PHASE_B,145000,9000,MERGE_PUBLISH,0,1,32,"","7","","2","","4","","256",94,590,589,"{L1:2}","{L2:1}",""
2978250538659,PHASE_B,145256,9051,SEAL,0,2,32,"","8","","0","","1","","64",0,0,0,"{L2:1}","{L0:1, L2:1}",""
2978250543468,PHASE_B,145596,9117,SEAL,0,3,32,"","9","","0","","1","","64",0,0,0,"{L0:1, L2:1}","{L0:2, L2:1}",""
2978250543487,PHASE_B,145596,9117,MERGE_SUBMIT,0,3,32,"","","","","","","","",0,0,0,"{L0:2, L2:1}","{L0:2, L2:1}",""
2978250543592,PHASE_B,145602,9120,MERGE_START,0,3,32,"[8,9]","","[0,0]","","[1,1]","","[64,64]","",86,0,0,"{L0:2, L2:1}","{L0:2, L2:1}",""
2978250543885,PHASE_B,145635,9127,MERGE_DONE,0,0,0,"","10","","1","","2","","128",86,310,309,"","",""
2978250543900,PHASE_B,145636,9127,MERGE_PUBLISH,0,2,32,"","10","","1","","2","","128",86,322,320,"{L0:2, L2:1}","{L1:1, L2:1}",""
2978250547090,PHASE_B,145907,9179,SEAL,0,3,32,"","11","","0","","1","","64",0,0,0,"{L1:1, L2:1}","{L0:1, L1:1, L2:1}",""
2978250550789,PHASE_B,146236,9245,SEAL,0,4,32,"","12","","0","","1","","64",0,0,0,"{L0:1, L1:1, L2:1}","{L0:2, L1:1, L2:1}",""
2978250550811,PHASE_B,146236,9245,MERGE_SUBMIT,0,4,32,"","","","","","","","",0,0,0,"{L0:2, L1:1, L2:1}","{L0:2, L1:1, L2:1}",""
2978250550916,PHASE_B,146243,9248,MERGE_START,0,4,32,"[11,12]","","[0,0]","","[1,1]","","[64,64]","",85,0,0,"{L0:2, L1:1, L2:1}","{L0:2, L1:1, L2:1}",""
2978250551197,PHASE_B,146247,9248,MERGE_DONE,0,0,0,"","13","","1","","2","","128",85,299,299,"","",""
2978250551204,PHASE_B,146247,9248,MERGE_DISCARD,0,4,32,"","","","","","","","",85,307,0,"{L0:2, L1:1, L2:1}","{L0:2, L1:1, L2:1}",""
2978250554924,PHASE_B,146549,9310,SEAL,0,1,32,"","1","","0","","1","","64",0,0,0,"{}","{L0:1}",""
2978250558851,PHASE_B,146877,9373,SEAL,0,2,32,"","2","","0","","1","","64",0,0,0,"{L0:1}","{L0:2}",""
2978250558877,PHASE_B,146877,9373,MERGE_SUBMIT,0,2,32,"","","","","","","","",0,0,0,"{L0:2}","{L0:2}",""
2978250558979,PHASE_B,146877,9373,MERGE_START,0,2,32,"[1,2]","","[0,0]","","[1,1]","","[64,64]","",87,0,0,"{L0:2}","{L0:2}",""
2978250559263,PHASE_B,146916,9382,MERGE_DONE,0,0,0,"","3","","1","","2","","128",87,299,298,"","",""
2978250559289,PHASE_B,146916,9382,MERGE_PUBLISH,0,1,32,"","3","","1","","2","","128",87,325,323,"{L0:2}","{L1:1}",""
2978250562566,PHASE_B,147198,9439,SEAL,0,2,32,"","4","","0","","1","","64",0,0,0,"{L1:1}","{L0:1, L1:1}",""
2978250566183,PHASE_B,147516,9500,SEAL,0,3,32,"","5","","0","","1","","64",0,0,0,"{L0:1, L1:1}","{L0:2, L1:1}",""
2978250566203,PHASE_B,147516,9500,MERGE_SUBMIT,0,3,32,"","","","","","","","",0,0,0,"{L0:2, L1:1}","{L0:2, L1:1}",""
2978250566214,PHASE_B,147516,9500,MERGE_START,0,3,32,"[4,5]","","[0,0]","","[1,1]","","[64,64]","",9,0,0,"{L0:2, L1:1}","{L0:2, L1:1}",""
2978250566321,PHASE_B,147521,9504,MERGE_DONE,0,0,0,"","6","","1","","2","","128",9,111,111,"","",""
2978250566325,PHASE_B,147521,9504,MERGE_PUBLISH,0,2,32,"","6","","1","","2","","128",9,115,114,"{L0:2, L1:1}","{L1:2}",""
2978250566328,PHASE_B,147521,9504,MERGE_SUBMIT,2,2,32,"","","","","","","","",0,0,0,"{L1:2}","{L1:2}",""
2978250566367,PHASE_B,147527,9507,MERGE_START,0,2,32,"[3,6]","","[1,1]","","[2,2]","","[128,128]","",38,0,0,"{L1:2}","{L1:2}",""
2978250566515,PHASE_B,147557,9509,MERGE_DONE,0,0,0,"","7","","2","","4","","256",38,149,149,"","",""
2978250566519,PHASE_B,147558,9509,MERGE_PUBLISH,0,1,32,"","7","","2","","4","","256",38,152,152,"{L1:2}","{L2:1}",""
2978250569758,PHASE_B,147827,9564,SEAL,0,2,32,"","8","","0","","1","","64",0,0,0,"{L2:1}","{L0:1, L2:1}",""
2978250573404,PHASE_B,148158,9631,SEAL,0,3,32,"","9","","0","","1","","64",0,0,0,"{L0:1, L2:1}","{L0:2, L2:1}",""
2978250573426,PHASE_B,148158,9631,MERGE_SUBMIT,0,3,32,"","","","","","","","",0,0,0,"{L0:2, L2:1}","{L0:2, L2:1}",""
2978250573537,PHASE_B,148173,9633,MERGE_START,0,3,32,"[8,9]","","[0,0]","","[1,1]","","[64,64]","",93,0,0,"{L0:2, L2:1}","{L0:2, L2:1}",""
2978250573825,PHASE_B,148205,9639,MERGE_DONE,0,0,0,"","10","","1","","2","","128",93,304,303,"","",""
2978250573839,PHASE_B,148205,9639,MERGE_PUBLISH,0,2,32,"","10","","1","","2","","128",93,316,315,"{L0:2, L2:1}","{L1:1, L2:1}",""
2978250577064,PHASE_B,148488,9695,SEAL,0,3,32,"","11","","0","","1","","64",0,0,0,"{L1:1, L2:1}","{L0:1, L1:1, L2:1}",""
2978250580581,PHASE_B,148801,9758,SEAL,0,4,32,"","12","","0","","1","","64",0,0,0,"{L0:1, L1:1, L2:1}","{L0:2, L1:1, L2:1}",""
2978250580605,PHASE_B,148801,9758,MERGE_SUBMIT,0,4,32,"","","","","","","","",0,0,0,"{L0:2, L1:1, L2:1}","{L0:2, L1:1, L2:1}",""
2978250580709,PHASE_B,148808,9762,MERGE_START,0,4,32,"[11,12]","","[0,0]","","[1,1]","","[64,64]","",84,0,0,"{L0:2, L1:1, L2:1}","{L0:2, L1:1, L2:1}",""
2978250581067,PHASE_B,148808,9762,MERGE_DONE,0,0,0,"","13","","1","","2","","128",84,376,375,"","",""
2978250581074,PHASE_B,148808,9762,MERGE_DISCARD,0,4,32,"","","","","","","","",84,383,0,"{L0:2, L1:1, L2:1}","{L0:2, L1:1, L2:1}",""
2978250584601,PHASE_B,149129,9825,SEAL,0,1,32,"","1","","0","","1","","64",0,0,0,"{}","{L0:1}",""
2978250588185,PHASE_B,149447,9888,SEAL,0,2,32,"","2","","0","","1","","64",0,0,0,"{L0:1}","{L0:2}",""
2978250588211,PHASE_B,149447,9888,MERGE_SUBMIT,0,2,32,"","","","","","","","",0,0,0,"{L0:2}","{L0:2}",""
2978250588286,PHASE_B,149456,9890,MERGE_START,0,2,32,"[1,2]","","[0,0]","","[1,1]","","[64,64]","",60,0,0,"{L0:2}","{L0:2}",""
2978250588392,PHASE_B,149472,9894,MERGE_DONE,0,0,0,"","3","","1","","2","","128",60,121,109,"","",""
2978250588396,PHASE_B,149473,9894,MERGE_PUBLISH,0,1,32,"","3","","1","","2","","128",60,125,113,"{L0:2}","{L1:1}",""
2978250591744,PHASE_B,149771,9953,SEAL,0,2,32,"","4","","0","","1","","64",0,0,0,"{L1:1}","{L0:1, L1:1}",""
2978250595460,PHASE_B,150087,10017,SEAL,0,3,32,"","5","","0","","1","","64",0,0,0,"{L0:1, L1:1}","{L0:2, L1:1}",""
2978250595479,PHASE_B,150087,10017,MERGE_SUBMIT,0,3,32,"","","","","","","","",0,0,0,"{L0:2, L1:1}","{L0:2, L1:1}",""
2978250595582,PHASE_B,150097,10020,MERGE_START,0,3,32,"[4,5]","","[0,0]","","[1,1]","","[64,64]","",85,0,0,"{L0:2, L1:1}","{L0:2, L1:1}",""
2978250595847,PHASE_B,150134,10025,MERGE_DONE,0,0,0,"","6","","1","","2","","128",85,281,280,"","",""
2978250595876,PHASE_B,150134,10025,MERGE_PUBLISH,0,2,32,"","6","","1","","2","","128",85,308,307,"{L0:2, L1:1}","{L1:2}",""
2978250595895,PHASE_B,150134,10025,MERGE_SUBMIT,8,2,32,"","","","","","","","",0,0,0,"{L1:2}","{L1:2}",""
2978250595971,PHASE_B,150134,10025,MERGE_START,0,2,32,"[3,6]","","[1,1]","","[2,2]","","[128,128]","",77,0,0,"{L1:2}","{L1:2}",""
2978250596525,PHASE_B,150199,10039,MERGE_DONE,0,0,0,"","7","","2","","4","","256",77,557,557,"","",""
2978250596535,PHASE_B,150200,10039,MERGE_PUBLISH,0,1,32,"","7","","2","","4","","256",77,566,566,"{L1:2}","{L2:1}",""
2978250599017,PHASE_B,150406,10080,SEAL,0,2,32,"","8","","0","","1","","64",0,0,0,"{L2:1}","{L0:1, L2:1}",""
2978250602458,PHASE_B,150732,10145,SEAL,0,3,32,"","9","","0","","1","","64",0,0,0,"{L0:1, L2:1}","{L0:2, L2:1}",""
2978250602475,PHASE_B,150732,10145,MERGE_SUBMIT,0,3,32,"","","","","","","","",0,0,0,"{L0:2, L2:1}","{L0:2, L2:1}",""
2978250602551,PHASE_B,150732,10145,MERGE_START,0,3,32,"[8,9]","","[0,0]","","[1,1]","","[64,64]","",72,0,0,"{L0:2, L2:1}","{L0:2, L2:1}",""
2978250602673,PHASE_B,150754,10149,MERGE_DONE,0,0,0,"","10","","1","","2","","128",72,126,126,"","",""
2978250602677,PHASE_B,150754,10149,MERGE_PUBLISH,0,2,32,"","10","","1","","2","","128",72,130,130,"{L0:2, L2:1}","{L1:1, L2:1}",""
2978250605938,PHASE_B,151046,10207,SEAL,0,3,32,"","11","","0","","1","","64",0,0,0,"{L1:1, L2:1}","{L0:1, L1:1, L2:1}",""
2978250609342,PHASE_B,151364,10270,SEAL,0,4,32,"","12","","0","","1","","64",0,0,0,"{L0:1, L1:1, L2:1}","{L0:2, L1:1, L2:1}",""
2978250609364,PHASE_B,151364,10270,MERGE_SUBMIT,0,4,32,"","","","","","","","",0,0,0,"{L0:2, L1:1, L2:1}","{L0:2, L1:1, L2:1}",""
2978250609481,PHASE_B,151382,10277,MERGE_START,0,4,32,"[11,12]","","[0,0]","","[1,1]","","[64,64]","",97,0,0,"{L0:2, L1:1, L2:1}","{L0:2, L1:1, L2:1}",""
2978250609779,PHASE_B,151382,10277,MERGE_DONE,0,0,0,"","13","","1","","2","","128",97,316,316,"","",""
2978250609786,PHASE_B,151382,10277,MERGE_DISCARD,0,4,32,"","","","","","","","",97,323,0,"{L0:2, L1:1, L2:1}","{L0:2, L1:1, L2:1}",""
2978250613351,PHASE_B,151708,10340,SEAL,0,1,32,"","1","","0","","1","","64",0,0,0,"{}","{L0:1}",""
2978250616893,PHASE_B,152030,10404,SEAL,0,2,32,"","2","","0","","1","","64",0,0,0,"{L0:1}","{L0:2}",""
2978250616910,PHASE_B,152030,10404,MERGE_SUBMIT,0,2,32,"","","","","","","","",0,0,0,"{L0:2}","{L0:2}",""
2978250617033,PHASE_B,152042,10408,MERGE_START,0,2,32,"[1,2]","","[0,0]","","[1,1]","","[64,64]","",85,0,0,"{L0:2}","{L0:2}",""
2978250617375,PHASE_B,152077,10417,MERGE_DONE,0,0,0,"","3","","1","","2","","128",85,377,377,"","",""
2978250617387,PHASE_B,152078,10417,MERGE_PUBLISH,0,1,32,"","3","","1","","2","","128",85,388,387,"{L0:2}","{L1:1}",""
2978250620275,PHASE_B,152346,10468,SEAL,0,2,32,"","4","","0","","1","","64",0,0,0,"{L1:1}","{L0:1, L1:1}",""
2978250623603,PHASE_B,152665,10531,SEAL,0,3,32,"","5","","0","","1","","64",0,0,0,"{L0:1, L1:1}","{L0:2, L1:1}",""
2978250623622,PHASE_B,152665,10531,MERGE_SUBMIT,0,3,32,"","","","","","","","",0,0,0,"{L0:2, L1:1}","{L0:2, L1:1}",""
2978250623712,PHASE_B,152672,10533,MERGE_START,0,3,32,"[4,5]","","[0,0]","","[1,1]","","[64,64]","",81,0,0,"{L0:2, L1:1}","{L0:2, L1:1}",""
2978250623865,PHASE_B,152696,10539,MERGE_DONE,0,0,0,"","6","","1","","2","","128",81,162,162,"","",""
2978250623871,PHASE_B,152696,10539,MERGE_PUBLISH,0,2,32,"","6","","1","","2","","128",81,167,167,"{L0:2, L1:1}","{L1:2}",""
2978250623878,PHASE_B,152697,10539,MERGE_SUBMIT,6,2,32,"","","","","","","","",0,0,0,"{L1:2}","{L1:2}",""
2978250623920,PHASE_B,152703,10540,MERGE_START,0,2,32,"[3,6]","","[1,1]","","[2,2]","","[128,128]","",26,0,0,"{L1:2}","{L1:2}",""
2978250624487,PHASE_B,152758,10549,MERGE_DONE,0,0,0,"","7","","2","","4","","256",26,582,581,"","",""
2978250624502,PHASE_B,152764,10554,MERGE_PUBLISH,0,1,32,"","7","","2","","4","","256",26,595,594,"{L1:2}","{L2:1}",""
2978250626972,PHASE_B,152977,10596,SEAL,0,2,32,"","8","","0","","1","","64",0,0,0,"{L2:1}","{L0:1, L2:1}",""
2978250630215,PHASE_B,153311,10660,SEAL,0,3,32,"","9","","0","","1","","64",0,0,0,"{L0:1, L2:1}","{L0:2, L2:1}",""
2978250630231,PHASE_B,153311,10660,MERGE_SUBMIT,0,3,32,"","","","","","","","",0,0,0,"{L0:2, L2:1}","{L0:2, L2:1}",""
2978250630340,PHASE_B,153313,10661,MERGE_START,0,3,32,"[8,9]","","[0,0]","","[1,1]","","[64,64]","",89,0,0,"{L0:2, L2:1}","{L0:2, L2:1}",""
2978250630639,PHASE_B,153358,10670,MERGE_DONE,0,0,0,"","10","","1","","2","","128",89,315,315,"","",""
2978250630653,PHASE_B,153359,10670,MERGE_PUBLISH,0,2,32,"","10","","1","","2","","128",89,327,326,"{L0:2, L2:1}","{L1:1, L2:1}",""
2978250633456,PHASE_B,153621,10722,SEAL,0,3,32,"","11","","0","","1","","64",0,0,0,"{L1:1, L2:1}","{L0:1, L1:1, L2:1}",""
2978250636750,PHASE_B,153935,10785,SEAL,0,4,32,"","12","","0","","1","","64",0,0,0,"{L0:1, L1:1, L2:1}","{L0:2, L1:1, L2:1}",""
2978250636770,PHASE_B,153935,10785,MERGE_SUBMIT,0,4,32,"","","","","","","","",0,0,0,"{L0:2, L1:1, L2:1}","{L0:2, L1:1, L2:1}",""
2978250636851,PHASE_B,153952,10790,MERGE_START,0,4,32,"[11,12]","","[0,0]","","[1,1]","","[64,64]","",70,0,0,"{L0:2, L1:1, L2:1}","{L0:2, L1:1, L2:1}",""
2978250637065,PHASE_B,153954,10790,MERGE_DONE,0,0,0,"","13","","1","","2","","128",70,224,224,"","",""
2978250637070,PHASE_B,153954,10790,MERGE_DISCARD,0,4,32,"","","","","","","","",70,229,0,"{L0:2, L1:1, L2:1}","{L0:2, L1:1, L2:1}",""
2978250640643,PHASE_B,154276,10853,SEAL,0,1,32,"","1","","0","","1","","64",0,0,0,"{}","{L0:1}",""
2978250644282,PHASE_B,154588,10917,SEAL,0,2,32,"","2","","0","","1","","64",0,0,0,"{L0:1}","{L0:2}",""
2978250644304,PHASE_B,154588,10917,MERGE_SUBMIT,0,2,32,"","","","","","","","",0,0,0,"{L0:2}","{L0:2}",""
2978250644413,PHASE_B,154604,10920,MERGE_START,0,2,32,"[1,2]","","[0,0]","","[1,1]","","[64,64]","",91,0,0,"{L0:2}","{L0:2}",""
2978250644731,PHASE_B,154645,10929,MERGE_DONE,0,0,0,"","3","","1","","2","","128",91,334,334,"","",""
2978250644743,PHASE_B,154649,10929,MERGE_PUBLISH,0,1,32,"","3","","1","","2","","128",91,345,344,"{L0:2}","{L1:1}",""
2978250649704,PHASE_B,154909,10980,SEAL,0,2,32,"","4","","0","","1","","64",0,0,0,"{L1:1}","{L0:1, L1:1}",""
2978250654087,PHASE_B,155226,11045,SEAL,0,3,32,"","5","","0","","1","","64",0,0,0,"{L0:1, L1:1}","{L0:2, L1:1}",""
2978250654107,PHASE_B,155226,11045,MERGE_SUBMIT,0,3,32,"","","","","","","","",0,0,0,"{L0:2, L1:1}","{L0:2, L1:1}",""
2978250654211,PHASE_B,155246,11048,MERGE_START,0,3,32,"[4,5]","","[0,0]","","[1,1]","","[64,64]","",85,0,0,"{L0:2, L1:1}","{L0:2, L1:1}",""
2978250654512,PHASE_B,155284,11056,MERGE_DONE,0,0,0,"","6","","1","","2","","128",85,317,317,"","",""
2978250654526,PHASE_B,155286,11056,MERGE_PUBLISH,0,2,32,"","6","","1","","2","","128",85,329,328,"{L0:2, L1:1}","{L1:2}",""
2978250654541,PHASE_B,155287,11056,MERGE_SUBMIT,10,2,32,"","","","","","","","",0,0,0,"{L1:2}","{L1:2}",""
2978250654588,PHASE_B,155288,11056,MERGE_START,0,2,32,"[3,6]","","[1,1]","","[2,2]","","[128,128]","",35,0,0,"{L1:2}","{L1:2}",""
2978250655095,PHASE_B,155349,11068,MERGE_DONE,0,0,0,"","7","","2","","4","","256",35,523,522,"","",""
2978250655116,PHASE_B,155350,11068,MERGE_PUBLISH,0,1,32,"","7","","2","","4","","256",35,544,542,"{L1:2}","{L2:1}",""
2978250658661,PHASE_B,155550,11109,SEAL,0,2,32,"","8","","0","","1","","64",0,0,0,"{L2:1}","{L0:1, L2:1}",""
2978250661971,PHASE_B,155869,11173,SEAL,0,3,32,"","9","","0","","1","","64",0,0,0,"{L0:1, L2:1}","{L0:2, L2:1}",""
2978250661987,PHASE_B,155869,11173,MERGE_SUBMIT,0,3,32,"","","","","","","","",0,0,0,"{L0:2, L2:1}","{L0:2, L2:1}",""
2978250662095,PHASE_B,155878,11175,MERGE_START,0,3,32,"[8,9]","","[0,0]","","[1,1]","","[64,64]","",89,0,0,"{L0:2, L2:1}","{L0:2, L2:1}",""
2978250662392,PHASE_B,155907,11179,MERGE_DONE,0,0,0,"","10","","1","","2","","128",89,313,312,"","",""
2978250662408,PHASE_B,155907,11179,MERGE_PUBLISH,0,2,32,"","10","","1","","2","","128",89,327,325,"{L0:2, L2:1}","{L1:1, L2:1}",""
2978250665376,PHASE_B,156191,11237,SEAL,0,3,32,"","11","","0","","1","","64",0,0,0,"{L1:1, L2:1}","{L0:1, L1:1, L2:1}",""
2978250668738,PHASE_B,156517,11301,SEAL,0,4,32,"","12","","0","","1","","64",0,0,0,"{L0:1, L1:1, L2:1}","{L0:2, L1:1, L2:1}",""
2978250668756,PHASE_B,156517,11301,MERGE_SUBMIT,0,4,32,"","","","","","","","",0,0,0,"{L0:2, L1:1, L2:1}","{L0:2, L1:1, L2:1}",""
2978250668864,PHASE_B,156522,11302,MERGE_START,0,4,32,"[11,12]","","[0,0]","","[1,1]","","[64,64]","",87,0,0,"{L0:2, L1:1, L2:1}","{L0:2, L1:1, L2:1}",""
2978250669180,PHASE_B,156537,11306,MERGE_DONE,0,0,0,"","13","","1","","2","","128",87,334,334,"","",""
2978250669187,PHASE_B,156537,11306,MERGE_DISCARD,0,4,32,"","","","","","","","",87,342,0,"{L0:2, L1:1, L2:1}","{L0:2, L1:1, L2:1}",""
2978250672574,PHASE_B,156844,11368,SEAL,0,1,32,"","1","","0","","1","","64",0,0,0,"{}","{L0:1}",""
2978250675939,PHASE_B,157179,11433,SEAL,0,2,32,"","2","","0","","1","","64",0,0,0,"{L0:1}","{L0:2}",""
2978250675957,PHASE_B,157179,11433,MERGE_SUBMIT,0,2,32,"","","","","","","","",0,0,0,"{L0:2}","{L0:2}",""
2978250676055,PHASE_B,157183,11436,MERGE_START,0,2,32,"[1,2]","","[0,0]","","[1,1]","","[64,64]","",86,0,0,"{L0:2}","{L0:2}",""
2978250676266,PHASE_B,157202,11440,MERGE_DONE,0,0,0,"","3","","1","","2","","128",86,221,221,"","",""
2978250676275,PHASE_B,157202,11440,MERGE_PUBLISH,0,1,32,"","3","","1","","2","","128",86,231,230,"{L0:2}","{L1:1}",""
2978250679302,PHASE_B,157490,11497,SEAL,0,2,32,"","4","","0","","1","","64",0,0,0,"{L1:1}","{L0:1, L1:1}",""
2978250682637,PHASE_B,157809,11561,SEAL,0,3,32,"","5","","0","","1","","64",0,0,0,"{L0:1, L1:1}","{L0:2, L1:1}",""
2978250682653,PHASE_B,157809,11561,MERGE_SUBMIT,0,3,32,"","","","","","","","",0,0,0,"{L0:2, L1:1}","{L0:2, L1:1}",""
2978250682709,PHASE_B,157814,11563,MERGE_START,0,3,32,"[4,5]","","[0,0]","","[1,1]","","[64,64]","",37,0,0,"{L0:2, L1:1}","{L0:2, L1:1}",""
2978250682974,PHASE_B,157848,11569,MERGE_DONE,0,0,0,"","6","","1","","2","","128",37,281,281,"","",""
2978250682987,PHASE_B,157848,11569,MERGE_PUBLISH,0,2,32,"","6","","1","","2","","128",37,292,291,"{L0:2, L1:1}","{L1:2}",""
2978250683044,PHASE_B,157848,11569,MERGE_SUBMIT,8,2,32,"","","","","","","","",0,0,0,"{L1:2}","{L1:2}",""
2978250683055,PHASE_B,157852,11571,MERGE_START,0,2,32,"[3,6]","","[1,1]","","[2,2]","","[128,128]","",15,0,0,"{L1:2}","{L1:2}",""
2978250683283,PHASE_B,157873,11576,MERGE_DONE,0,0,0,"","7","","2","","4","","256",15,233,232,"","",""
2978250683288,PHASE_B,157873,11576,MERGE_PUBLISH,0,1,32,"","7","","2","","4","","256",15,237,236,"{L1:2}","{L2:1}",""
2978250685945,PHASE_B,158126,11623,SEAL,0,2,32,"","8","","0","","1","","64",0,0,0,"{L2:1}","{L0:1, L2:1}",""
2978250688930,PHASE_B,158452,11689,SEAL,0,3,32,"","9","","0","","1","","64",0,0,0,"{L0:1, L2:1}","{L0:2, L2:1}",""
2978250688948,PHASE_B,158452,11689,MERGE_SUBMIT,0,3,32,"","","","","","","","",0,0,0,"{L0:2, L2:1}","{L0:2, L2:1}",""
2978250689064,PHASE_B,158459,11691,MERGE_START,0,3,32,"[8,9]","","[0,0]","","[1,1]","","[64,64]","",97,0,0,"{L0:2, L2:1}","{L0:2, L2:1}",""
2978250689410,PHASE_B,158506,11701,MERGE_DONE,0,0,0,"","10","","1","","2","","128",97,363,362,"","",""
2978250689440,PHASE_B,158506,11701,MERGE_PUBLISH,0,2,32,"","10","","1","","2","","128",97,391,389,"{L0:2, L2:1}","{L1:1, L2:1}",""
2978250692085,PHASE_B,158766,11752,SEAL,0,3,32,"","11","","0","","1","","64",0,0,0,"{L1:1, L2:1}","{L0:1, L1:1, L2:1}",""
2978250695135,PHASE_B,159097,11817,SEAL,0,4,32,"","12","","0","","1","","64",0,0,0,"{L0:1, L1:1, L2:1}","{L0:2, L1:1, L2:1}",""
2978250695151,PHASE_B,159097,11817,MERGE_SUBMIT,0,4,32,"","","","","","","","",0,0,0,"{L0:2, L1:1, L2:1}","{L0:2, L1:1, L2:1}",""
2978250695261,PHASE_B,159099,11818,MERGE_START,0,4,32,"[11,12]","","[0,0]","","[1,1]","","[64,64]","",90,0,0,"{L0:2, L1:1, L2:1}","{L0:2, L1:1, L2:1}",""
2978250695579,PHASE_B,159099,11818,MERGE_DONE,0,0,0,"","13","","1","","2","","128",90,336,336,"","",""
2978250695586,PHASE_B,159099,11818,MERGE_DISCARD,0,4,32,"","","","","","","","",90,343,0,"{L0:2, L1:1, L2:1}","{L0:2, L1:1, L2:1}",""
2978250698683,PHASE_B,159413,11881,SEAL,0,1,32,"","1","","0","","1","","64",0,0,0,"{}","{L0:1}",""
2978250701765,PHASE_B,159729,11943,SEAL,0,2,32,"","2","","0","","1","","64",0,0,0,"{L0:1}","{L0:2}",""
2978250701778,PHASE_B,159729,11943,MERGE_SUBMIT,0,2,32,"","","","","","","","",0,0,0,"{L0:2}","{L0:2}",""
2978250701851,PHASE_B,159738,11947,MERGE_START,0,2,32,"[1,2]","","[0,0]","","[1,1]","","[64,64]","",67,0,0,"{L0:2}","{L0:2}",""
2978250701953,PHASE_B,159747,11949,MERGE_DONE,0,0,0,"","3","","1","","2","","128",67,108,108,"","",""
2978250701960,PHASE_B,159752,11951,MERGE_PUBLISH,0,1,32,"","3","","1","","2","","128",67,114,113,"{L0:2}","{L1:1}",""
2978250704888,PHASE_B,160052,12009,SEAL,0,2,32,"","4","","0","","1","","64",0,0,0,"{L1:1}","{L0:1, L1:1}",""
2978250707969,PHASE_B,160371,12073,SEAL,0,3,32,"","5","","0","","1","","64",0,0,0,"{L0:1, L1:1}","{L0:2, L1:1}",""
2978250707989,PHASE_B,160371,12073,MERGE_SUBMIT,0,3,32,"","","","","","","","",0,0,0,"{L0:2, L1:1}","{L0:2, L1:1}",""
2978250708093,PHASE_B,160384,12076,MERGE_START,0,3,32,"[4,5]","","[0,0]","","[1,1]","","[64,64]","",85,0,0,"{L0:2, L1:1}","{L0:2, L1:1}",""
2978250708374,PHASE_B,160427,12084,MERGE_DONE,0,0,0,"","6","","1","","2","","128",85,297,297,"","",""
2978250708386,PHASE_B,160427,12084,MERGE_PUBLISH,0,2,32,"","6","","1","","2","","128",85,308,307,"{L0:2, L1:1}","{L1:2}",""
2978250708403,PHASE_B,160428,12084,MERGE_SUBMIT,11,2,32,"","","","","","","","",0,0,0,"{L1:2}","{L1:2}",""
2978250708504,PHASE_B,160450,12088,MERGE_START,0,2,32,"[3,6]","","[1,1]","","[2,2]","","[128,128]","",86,0,0,"{L1:2}","{L1:2}",""
2978250709079,PHASE_B,160505,12101,MERGE_DONE,0,0,0,"","7","","2","","4","","256",86,590,589,"","",""
2978250709092,PHASE_B,160507,12102,MERGE_PUBLISH,0,1,32,"","7","","2","","4","","256",86,602,601,"{L1:2}","{L2:1}",""
2978250711162,PHASE_B,160687,12136,SEAL,0,2,32,"","8","","0","","1","","64",0,0,0,"{L2:1}","{L0:1, L2:1}",""
2978250714258,PHASE_B,161013,12201,SEAL,0,3,32,"","9","","0","","1","","64",0,0,0,"{L0:1, L2:1}","{L0:2, L2:1}",""
2978250714276,PHASE_B,161013,12201,MERGE_SUBMIT,0,3,32,"","","","","","","","",0,0,0,"{L0:2, L2:1}","{L0:2, L2:1}",""
2978250714380,PHASE_B,161024,12204,MERGE_START,0,3,32,"[8,9]","","[0,0]","","[1,1]","","[64,64]","",83,0,0,"{L0:2, L2:1}","{L0:2, L2:1}",""
2978250714716,PHASE_B,161073,12214,MERGE_DONE,0,0,0,"","10","","1","","2","","128",83,353,353,"","",""
2978250714729,PHASE_B,161073,12214,MERGE_PUBLISH,0,2,32,"","10","","1","","2","","128",83,366,364,"{L0:2, L2:1}","{L1:1, L2:1}",""
2978250717281,PHASE_B,161325,12265,SEAL,0,3,32,"","11","","0","","1","","64",0,0,0,"{L1:1, L2:1}","{L0:1, L1:1, L2:1}",""
2978250720356,PHASE_B,161646,12327,SEAL,0,4,32,"","12","","0","","1","","64",0,0,0,"{L0:1, L1:1, L2:1}","{L0:2, L1:1, L2:1}",""
2978250720371,PHASE_B,161646,12327,MERGE_SUBMIT,0,4,32,"","","","","","","","",0,0,0,"{L0:2, L1:1, L2:1}","{L0:2, L1:1, L2:1}",""
2978250720474,PHASE_B,161655,12331,MERGE_START,0,4,32,"[11,12]","","[0,0]","","[1,1]","","[64,64]","",82,0,0,"{L0:2, L1:1, L2:1}","{L0:2, L1:1, L2:1}",""
2978250720803,PHASE_B,161655,12331,MERGE_DONE,0,0,0,"","13","","1","","2","","128",82,347,347,"","",""
2978250720826,PHASE_B,161655,12331,MERGE_DISCARD,0,4,32,"","","","","","","","",82,370,0,"{L0:2, L1:1, L2:1}","{L0:2, L1:1, L2:1}",""
2978250723756,PHASE_B,161982,12394,SEAL,0,1,32,"","1","","0","","1","","64",0,0,0,"{}","{L0:1}",""
2978250726824,PHASE_B,162302,12458,SEAL,0,2,32,"","2","","0","","1","","64",0,0,0,"{L0:1}","{L0:2}",""
2978250726841,PHASE_B,162302,12458,MERGE_SUBMIT,0,2,32,"","","","","","","","",0,0,0,"{L0:2}","{L0:2}",""
2978250726944,PHASE_B,162310,12460,MERGE_START,0,2,32,"[1,2]","","[0,0]","","[1,1]","","[64,64]","",84,0,0,"{L0:2}","{L0:2}",""
2978250727231,PHASE_B,162347,12469,MERGE_DONE,0,0,0,"","3","","1","","2","","128",84,302,301,"","",""
2978250727242,PHASE_B,162347,12469,MERGE_PUBLISH,0,1,32,"","3","","1","","2","","128",84,313,312,"{L0:2}","{L1:1}",""
2978250730947,PHASE_B,162610,12521,SEAL,0,2,32,"","4","","0","","1","","64",0,0,0,"{L1:1}","{L0:1, L1:1}",""
2978250735080,PHASE_B,162930,12585,SEAL,0,3,32,"","5","","0","","1","","64",0,0,0,"{L0:1, L1:1}","{L0:2, L1:1}",""
2978250735098,PHASE_B,162930,12585,MERGE_SUBMIT,0,3,32,"","","","","","","","",0,0,0,"{L0:2, L1:1}","{L0:2, L1:1}",""
2978250735201,PHASE_B,162945,12589,MERGE_START,0,3,32,"[4,5]","","[0,0]","","[1,1]","","[64,64]","",84,0,0,"{L0:2, L1:1}","{L0:2, L1:1}",""
2978250735503,PHASE_B,162990,12597,MERGE_DONE,0,0,0,"","6","","1","","2","","128",84,317,317,"","",""
2978250735515,PHASE_B,162990,12597,MERGE_PUBLISH,0,2,32,"","6","","1","","2","","128",84,328,327,"{L0:2, L1:1}","{L1:2}",""
2978250735532,PHASE_B,162990,12597,MERGE_SUBMIT,10,2,32,"","","","","","","","",0,0,0,"{L1:2}","{L1:2}",""
2978250735643,PHASE_B,163009,12600,MERGE_START,0,2,32,"[3,6]","","[1,1]","","[2,2]","","[128,128]","",97,0,0,"{L1:2}","{L1:2}",""
2978250736223,PHASE_B,163076,12614,MERGE_DONE,0,0,0,"","7","","2","","4","","256",97,595,594,"","",""
2978250736236,PHASE_B,163076,12614,MERGE_PUBLISH,0,1,32,"","7","","2","","4","","256",97,607,606,"{L1:2}","{L2:1}",""
2978250738143,PHASE_B,163250,12649,SEAL,0,2,32,"","8","","0","","1","","64",0,0,0,"{L2:1}","{L0:1, L2:1}",""
2978250742301,PHASE_B,163568,12714,SEAL,0,3,32,"","9","","0","","1","","64",0,0,0,"{L0:1, L2:1}","{L0:2, L2:1}",""
2978250742321,PHASE_B,163568,12714,MERGE_SUBMIT,0,3,32,"","","","","","","","",0,0,0,"{L0:2, L2:1}","{L0:2, L2:1}",""
2978250742435,PHASE_B,163589,12716,MERGE_START,0,3,32,"[8,9]","","[0,0]","","[1,1]","","[64,64]","",89,0,0,"{L0:2, L2:1}","{L0:2, L2:1}",""
2978250742768,PHASE_B,163632,12726,MERGE_DONE,0,0,0,"","10","","1","","2","","128",89,356,355,"","",""
2978250742789,PHASE_B,163634,12726,MERGE_PUBLISH,0,2,32,"","10","","1","","2","","128",89,374,373,"{L0:2, L2:1}","{L1:1, L2:1}",""
2978250745456,PHASE_B,163883,12776,SEAL,0,3,32,"","11","","0","","1","","64",0,0,0,"{L1:1, L2:1}","{L0:1, L1:1, L2:1}",""
2978250748490,PHASE_B,164218,12842,SEAL,0,4,32,"","12","","0","","1","","64",0,0,0,"{L0:1, L1:1, L2:1}","{L0:2, L1:1, L2:1}",""
2978250748511,PHASE_B,164218,12842,MERGE_SUBMIT,0,4,32,"","","","","","","","",0,0,0,"{L0:2, L1:1, L2:1}","{L0:2, L1:1, L2:1}",""
2978250748616,PHASE_B,164228,12845,MERGE_START,0,4,32,"[11,12]","","[0,0]","","[1,1]","","[64,64]","",83,0,0,"{L0:2, L1:1, L2:1}","{L0:2, L1:1, L2:1}",""
2978250748920,PHASE_B,164231,12845,MERGE_DONE,0,0,0,"","13","","1","","2","","128",83,324,323,"","",""
2978250748927,PHASE_B,164231,12845,MERGE_DISCARD,0,4,32,"","","","","","","","",83,331,0,"{L0:2, L1:1, L2:1}","{L0:2, L1:1, L2:1}",""
2978250753050,PHASE_B,164540,12907,SEAL,0,1,32,"","1","","0","","1","","64",0,0,0,"{}","{L0:1}",""
2978250758629,PHASE_B,164853,12971,SEAL,0,2,32,"","2","","0","","1","","64",0,0,0,"{L0:1}","{L0:2}",""
2978250758645,PHASE_B,164853,12971,MERGE_SUBMIT,0,2,32,"","","","","","","","",0,0,0,"{L0:2}","{L0:2}",""
2978250758748,PHASE_B,164878,12975,MERGE_START,0,2,32,"[1,2]","","[0,0]","","[1,1]","","[64,64]","",85,0,0,"{L0:2}","{L0:2}",""
2978250759104,PHASE_B,164926,12985,MERGE_DONE,0,0,0,"","3","","1","","2","","128",85,370,370,"","",""
2978250759131,PHASE_B,164926,12985,MERGE_PUBLISH,0,1,32,"","3","","1","","2","","128",85,396,395,"{L0:2}","{L1:1}",""
2978250763910,PHASE_B,165174,13033,SEAL,0,2,32,"","4","","0","","1","","64",0,0,0,"{L1:1}","{L0:1, L1:1}",""
2978250768108,PHASE_B,165507,13100,SEAL,0,3,32,"","5","","0","","1","","64",0,0,0,"{L0:1, L1:1}","{L0:2, L1:1}",""
2978250768126,PHASE_B,165507,13100,MERGE_SUBMIT,0,3,32,"","","","","","","","",0,0,0,"{L0:2, L1:1}","{L0:2, L1:1}",""
2978250768232,PHASE_B,165517,13102,MERGE_START,0,3,32,"[4,5]","","[0,0]","","[1,1]","","[64,64]","",88,0,0,"{L0:2, L1:1}","{L0:2, L1:1}",""
2978250768534,PHASE_B,165568,13113,MERGE_DONE,0,0,0,"","6","","1","","2","","128",88,318,317,"","",""
2978250768547,PHASE_B,165568,13113,MERGE_PUBLISH,0,2,32,"","6","","1","","2","","128",88,329,328,"{L0:2, L1:1}","{L1:2}",""
2978250768562,PHASE_B,165569,13113,MERGE_SUBMIT,12,2,32,"","","","","","","","",0,0,0,"{L1:2}","{L1:2}",""
2978250768663,PHASE_B,165569,13113,MERGE_START,0,2,32,"[3,6]","","[1,1]","","[2,2]","","[128,128]","",90,0,0,"{L1:2}","{L1:2}",""
2978250769243,PHASE_B,165626,13125,MERGE_DONE,0,0,0,"","7","","2","","4","","256",90,595,595,"","",""
2978250769256,PHASE_B,165626,13125,MERGE_PUBLISH,0,1,32,"","7","","2","","4","","256",90,607,606,"{L1:2}","{L2:1}",""
2978250772417,PHASE_B,165821,13164,SEAL,0,2,32,"","8","","0","","1","","64",0,0,0,"{L2:1}","{L0:1, L2:1}",""
2978250778903,PHASE_B,166146,13228,SEAL,0,3,32,"","9","","0","","1","","64",0,0,0,"{L0:1, L2:1}","{L0:2, L2:1}",""
2978250778921,PHASE_B,166146,13228,MERGE_SUBMIT,0,3,32,"","","","","","","","",0,0,0,"{L0:2, L2:1}","{L0:2, L2:1}",""
2978250779044,PHASE_B,166155,13230,MERGE_START,0,3,32,"[8,9]","","[0,0]","","[1,1]","","[64,64]","",105,0,0,"{L0:2, L2:1}","{L0:2, L2:1}",""
2978250779355,PHASE_B,166189,13237,MERGE_DONE,0,0,0,"","10","","1","","2","","128",105,327,326,"","",""
2978250779368,PHASE_B,166189,13237,MERGE_PUBLISH,0,2,32,"","10","","1","","2","","128",105,338,337,"{L0:2, L2:1}","{L1:1, L2:1}",""
2978250782196,PHASE_B,166460,13292,SEAL,0,3,32,"","11","","0","","1","","64",0,0,0,"{L1:1, L2:1}","{L0:1, L1:1, L2:1}",""
2978250785229,PHASE_B,166778,13355,SEAL,0,4,32,"","12","","0","","1","","64",0,0,0,"{L0:1, L1:1, L2:1}","{L0:2, L1:1, L2:1}",""
2978250785251,PHASE_B,166778,13355,MERGE_SUBMIT,0,4,32,"","","","","","","","",0,0,0,"{L0:2, L1:1, L2:1}","{L0:2, L1:1, L2:1}",""
2978250785307,PHASE_B,166790,13357,MERGE_START,0,4,32,"[11,12]","","[0,0]","","[1,1]","","[64,64]","",35,0,0,"{L0:2, L1:1, L2:1}","{L0:2, L1:1, L2:1}",""
2978250785611,PHASE_B,166790,13357,MERGE_DONE,0,0,0,"","13","","1","","2","","128",35,322,322,"","",""
2978250785619,PHASE_B,166790,13357,MERGE_DISCARD,0,4,32,"","","","","","","","",35,330,0,"{L0:2, L1:1, L2:1}","{L0:2, L1:1, L2:1}",""
2978250788874,PHASE_B,167095,13418,SEAL,0,1,32,"","1","","0","","1","","64",0,0,0,"{}","{L0:1}",""
2978250791960,PHASE_B,167424,13484,SEAL,0,2,32,"","2","","0","","1","","64",0,0,0,"{L0:1}","{L0:2}",""
2978250791974,PHASE_B,167424,13484,MERGE_SUBMIT,0,2,32,"","","","","","","","",0,0,0,"{L0:2}","{L0:2}",""
2978250792082,PHASE_B,167438,13486,MERGE_START,0,2,32,"[1,2]","","[0,0]","","[1,1]","","[64,64]","",88,0,0,"{L0:2}","{L0:2}",""
2978250792351,PHASE_B,167469,13492,MERGE_DONE,0,0,0,"","3","","1","","2","","128",88,284,284,"","",""
2978250792366,PHASE_B,167474,13495,MERGE_PUBLISH,0,1,32,"","3","","1","","2","","128",88,299,298,"{L0:2}","{L1:1}",""
2978250795113,PHASE_B,167748,13548,SEAL,0,2,32,"","4","","0","","1","","64",0,0,0,"{L1:1}","{L0:1, L1:1}",""
2978250798153,PHASE_B,168059,13612,SEAL,0,3,32,"","5","","0","","1","","64",0,0,0,"{L0:1, L1:1}","{L0:2, L1:1}",""
2978250798170,PHASE_B,168059,13612,MERGE_SUBMIT,0,3,32,"","","","","","","","",0,0,0,"{L0:2, L1:1}","{L0:2, L1:1}",""
2978250798276,PHASE_B,168083,13615,MERGE_START,0,3,32,"[4,5]","","[0,0]","","[1,1]","","[64,64]","",86,0,0,"{L0:2, L1:1}","{L0:2, L1:1}",""
2978250798546,PHASE_B,168116,13623,MERGE_DONE,0,0,0,"","6","","1","","2","","128",86,287,286,"","",""
2978250798574,PHASE_B,168120,13623,MERGE_PUBLISH,0,2,32,"","6","","1","","2","","128",86,313,312,"{L0:2, L1:1}","{L1:2}",""
2978250798591,PHASE_B,168120,13623,MERGE_SUBMIT,10,2,32,"","","","","","","","",0,0,0,"{L1:2}","{L1:2}",""
2978250798630,PHASE_B,168123,13624,MERGE_START,0,2,32,"[3,6]","","[1,1]","","[2,2]","","[128,128]","",24,0,0,"{L1:2}","{L1:2}",""
2978250799193,PHASE_B,168195,13638,MERGE_DONE,0,0,0,"","7","","2","","4","","256",24,579,578,"","",""
2978250799209,PHASE_B,168200,13638,MERGE_PUBLISH,0,1,32,"","7","","2","","4","","256",24,592,591,"{L1:2}","{L2:1}",""
2978250801212,PHASE_B,168375,13675,SEAL,0,2,32,"","8","","0","","1","","64",0,0,0,"{L2:1}","{L0:1, L2:1}",""
2978250804356,PHASE_B,168704,13739,SEAL,0,3,32,"","9","","0","","1","","64",0,0,0,"{L0:1, L2:1}","{L0:2, L2:1}",""
2978250804369,PHASE_B,168704,13739,MERGE_SUBMIT,0,3,32,"","","","","","","","",0,0,0,"{L0:2, L2:1}","{L0:2, L2:1}",""
2978250804477,PHASE_B,168708,13743,MERGE_START,0,3,32,"[8,9]","","[0,0]","","[1,1]","","[64,64]","",87,0,0,"{L0:2, L2:1}","{L0:2, L2:1}",""
2978250804851,PHASE_B,168770,13753,MERGE_DONE,0,0,0,"","10","","1","","2","","128",87,390,390,"","",""
2978250804865,PHASE_B,168772,13753,MERGE_PUBLISH,0,2,32,"","10","","1","","2","","128",87,403,402,"{L0:2, L2:1}","{L1:1, L2:1}",""
2978250807418,PHASE_B,169027,13804,SEAL,0,3,32,"","11","","0","","1","","64",0,0,0,"{L1:1, L2:1}","{L0:1, L1:1, L2:1}",""
2978250810396,PHASE_B,169344,13868,SEAL,0,4,32,"","12","","0","","1","","64",0,0,0,"{L0:1, L1:1, L2:1}","{L0:2, L1:1, L2:1}",""
2978250810410,PHASE_B,169344,13868,MERGE_SUBMIT,0,4,32,"","","","","","","","",0,0,0,"{L0:2, L1:1, L2:1}","{L0:2, L1:1, L2:1}",""
2978250810523,PHASE_B,169355,13870,MERGE_START,0,4,32,"[11,12]","","[0,0]","","[1,1]","","[64,64]","",91,0,0,"{L0:2, L1:1, L2:1}","{L0:2, L1:1, L2:1}",""
2978250810858,PHASE_B,169368,13871,MERGE_DONE,0,0,0,"","13","","1","","2","","128",91,353,352,"","",""
2978250810865,PHASE_B,169369,13872,MERGE_DISCARD,0,4,32,"","","","","","","","",91,360,0,"{L0:2, L1:1, L2:1}","{L0:2, L1:1, L2:1}",""
2978250813756,PHASE_B,169670,13932,SEAL,0,1,32,"","1","","0","","1","","64",0,0,0,"{}","{L0:1}",""
2978250816716,PHASE_B,169977,13996,SEAL,0,2,32,"","2","","0","","1","","64",0,0,0,"{L0:1}","{L0:2}",""
2978250816734,PHASE_B,169977,13996,MERGE_SUBMIT,0,2,32,"","","","","","","","",0,0,0,"{L0:2}","{L0:2}",""
2978250816774,PHASE_B,169991,13998,MERGE_START,0,2,32,"[1,2]","","[0,0]","","[1,1]","","[64,64]","",23,0,0,"{L0:2}","{L0:2}",""
2978250817061,PHASE_B,170033,14005,MERGE_DONE,0,0,0,"","3","","1","","2","","128",23,301,300,"","",""
2978250817072,PHASE_B,170033,14005,MERGE_PUBLISH,0,1,32,"","3","","1","","2","","128",23,312,310,"{L0:2}","{L1:1}",""
2978250819662,PHASE_B,170310,14060,SEAL,0,2,32,"","4","","0","","1","","64",0,0,0,"{L1:1}","{L0:1, L1:1}",""
2978250822633,PHASE_B,170633,14125,SEAL,0,3,32,"","5","","0","","1","","64",0,0,0,"{L0:1, L1:1}","{L0:2, L1:1}",""
2978250822646,PHASE_B,170633,14125,MERGE_SUBMIT,0,3,32,"","","","","","","","",0,0,0,"{L0:2, L1:1}","{L0:2, L1:1}",""
2978250822748,PHASE_B,170646,14129,MERGE_START,0,3,32,"[4,5]","","[0,0]","","[1,1]","","[64,64]","",81,0,0,"{L0:2, L1:1}","{L0:2, L1:1}",""
2978250823035,PHASE_B,170688,14136,MERGE_DONE,0,0,0,"","6","","1","","2","","128",81,303,302,"","",""
2978250823073,PHASE_B,170689,14136,MERGE_PUBLISH,0,2,32,"","6","","1","","2","","128",81,340,328,"{L0:2, L1:1}","{L1:2}",""
2978250823089,PHASE_B,170689,14136,MERGE_SUBMIT,11,2,32,"","","","","","","","",0,0,0,"{L1:2}","{L1:2}",""
2978250823153,PHASE_B,170695,14139,MERGE_START,0,2,32,"[3,6]","","[1,1]","","[2,2]","","[128,128]","",63,0,0,"{L1:2}","{L1:2}",""
2978250823654,PHASE_B,170752,14149,MERGE_DONE,0,0,0,"","7","","2","","4","","256",63,504,504,"","",""
2978250823664,PHASE_B,170752,14149,MERGE_PUBLISH,0,1,32,"","7","","2","","4","","256",63,513,512,"{L1:2}","{L2:1}",""
2978250825600,PHASE_B,170944,14187,SEAL,0,2,32,"","8","","0","","1","","64",0,0,0,"{L2:1}","{L0:1, L2:1}",""
2978250828576,PHASE_B,171269,14252,SEAL,0,3,32,"","9","","0","","1","","64",0,0,0,"{L0:1, L2:1}","{L0:2, L2:1}",""
2978250828597,PHASE_B,171269,14252,MERGE_SUBMIT,0,3,32,"","","","","","","","",0,0,0,"{L0:2, L2:1}","{L0:2, L2:1}",""
2978250828701,PHASE_B,171278,14257,MERGE_START,0,3,32,"[8,9]","","[0,0]","","[1,1]","","[64,64]","",85,0,0,"{L0:2, L2:1}","{L0:2, L2:1}",""
2978250828991,PHASE_B,171309,14261,MERGE_DONE,0,0,0,"","10","","1","","2","","128",85,306,306,"","",""
2978250829020,PHASE_B,171315,14264,MERGE_PUBLISH,0,2,32,"","10","","1","","2","","128",85,318,317,"{L0:2, L2:1}","{L1:1, L2:1}",""
2978250832599,PHASE_B,171591,14317,SEAL,0,3,32,"","11","","0","","1","","64",0,0,0,"{L1:1, L2:1}","{L0:1, L1:1, L2:1}",""
2978250836567,PHASE_B,171912,14381,SEAL,0,4,32,"","12","","0","","1","","64",0,0,0,"{L0:1, L1:1, L2:1}","{L0:2, L1:1, L2:1}",""
2978250836581,PHASE_B,171912,14381,MERGE_SUBMIT,0,4,32,"","","","","","","","",0,0,0,"{L0:2, L1:1, L2:1}","{L0:2, L1:1, L2:1}",""
2978250836689,PHASE_B,171917,14383,MERGE_START,0,4,32,"[11,12]","","[0,0]","","[1,1]","","[64,64]","",85,0,0,"{L0:2, L1:1, L2:1}","{L0:2, L1:1, L2:1}",""
2978250837048,PHASE_B,171917,14383,MERGE_DONE,0,0,0,"","13","","1","","2","","128",85,378,377,"","",""
2978250837055,PHASE_B,171917,14383,MERGE_DISCARD,0,4,32,"","","","","","","","",85,385,0,"{L0:2, L1:1, L2:1}","{L0:2, L1:1, L2:1}",""
2978250842338,PHASE_B,172241,14446,SEAL,0,1,32,"","1","","0","","1","","64",0,0,0,"{}","{L0:1}",""
2978250847552,PHASE_B,172560,14510,SEAL,0,2,32,"","2","","0","","1","","64",0,0,0,"{L0:1}","{L0:2}",""
2978250847566,PHASE_B,172560,14510,MERGE_SUBMIT,0,2,32,"","","","","","","","",0,0,0,"{L0:2}","{L0:2}",""
2978250847612,PHASE_B,172562,14512,MERGE_START,0,2,32,"[1,2]","","[0,0]","","[1,1]","","[64,64]","",26,0,0,"{L0:2}","{L0:2}",""
2978250847983,PHASE_B,172609,14522,MERGE_DONE,0,0,0,"","3","","1","","2","","128",26,388,387,"","",""
2978250848029,PHASE_B,172609,14522,MERGE_PUBLISH,0,1,32,"","3","","1","","2","","128",26,431,411,"{L0:2}","{L1:1}",""
2978250852748,PHASE_B,172867,14573,SEAL,0,2,32,"","4","","0","","1","","64",0,0,0,"{L1:1}","{L0:1, L1:1}",""
2978250859107,PHASE_B,173187,14636,SEAL,0,3,32,"","5","","0","","1","","64",0,0,0,"{L0:1, L1:1}","{L0:2, L1:1}",""
2978250859130,PHASE_B,173187,14636,MERGE_SUBMIT,0,3,32,"","","","","","","","",0,0,0,"{L0:2, L1:1}","{L0:2, L1:1}",""
2978250859173,PHASE_B,173188,14637,MERGE_START,0,3,32,"[4,5]","","[0,0]","","[1,1]","","[64,64]","",24,0,0,"{L0:2, L1:1}","{L0:2, L1:1}",""
2978250859512,PHASE_B,173249,14647,MERGE_DONE,0,0,0,"","6","","1","","2","","128",24,355,354,"","",""
2978250859524,PHASE_B,173249,14647,MERGE_PUBLISH,0,2,32,"","6","","1","","2","","128",24,365,364,"{L0:2, L1:1}","{L1:2}",""
2978250859537,PHASE_B,173249,14647,MERGE_SUBMIT,10,2,32,"","","","","","","","",0,0,0,"{L1:2}","{L1:2}",""
2978250859605,PHASE_B,173249,14647,MERGE_START,0,2,32,"[3,6]","","[1,1]","","[2,2]","","[128,128]","",68,0,0,"{L1:2}","{L1:2}",""
2978250860125,PHASE_B,173288,14656,MERGE_DONE,0,0,0,"","7","","2","","4","","256",68,525,525,"","",""
2978250860150,PHASE_B,173288,14656,MERGE_PUBLISH,0,1,32,"","7","","2","","4","","256",68,548,548,"{L1:2}","{L2:1}",""
2978250864492,PHASE_B,173508,14701,SEAL,0,2,32,"","8","","0","","1","","64",0,0,0,"{L2:1}","{L0:1, L2:1}",""
2978250871106,PHASE_B,173843,14766,SEAL,0,3,32,"","9","","0","","1","","64",0,0,0,"{L0:1, L2:1}","{L0:2, L2:1}",""
2978250871123,PHASE_B,173843,14766,MERGE_SUBMIT,0,3,32,"","","","","","","","",0,0,0,"{L0:2, L2:1}","{L0:2, L2:1}",""
2978250871240,PHASE_B,173844,14767,MERGE_START,0,3,32,"[8,9]","","[0,0]","","[1,1]","","[64,64]","",98,0,0,"{L0:2, L2:1}","{L0:2, L2:1}",""
2978250871540,PHASE_B,173888,14777,MERGE_DONE,0,0,0,"","10","","1","","2","","128",98,317,316,"","",""
2978250871553,PHASE_B,173889,14777,MERGE_PUBLISH,0,2,32,"","10","","1","","2","","128",98,329,327,"{L0:2, L2:1}","{L1:1, L2:1}",""
2978250876714,PHASE_B,174143,14827,SEAL,0,3,32,"","11","","0","","1","","64",0,0,0,"{L1:1, L2:1}","{L0:1, L1:1, L2:1}",""
2978250883575,PHASE_B,174473,14893,SEAL,0,4,32,"","12","","0","","1","","64",0,0,0,"{L0:1, L1:1, L2:1}","{L0:2, L1:1, L2:1}",""
2978250883592,PHASE_B,174473,14893,MERGE_SUBMIT,0,4,32,"","","","","","","","",0,0,0,"{L0:2, L1:1, L2:1}","{L0:2, L1:1, L2:1}",""
2978250883711,PHASE_B,174481,14896,MERGE_START,0,4,32,"[11,12]","","[0,0]","","[1,1]","","[64,64]","",90,0,0,"{L0:2, L1:1, L2:1}","{L0:2, L1:1, L2:1}",""
2978250884047,PHASE_B,174483,14896,MERGE_DONE,0,0,0,"","13","","1","","2","","128",90,363,362,"","",""
2978250884054,PHASE_B,174483,14896,MERGE_DISCARD,0,4,32,"","","","","","","","",90,370,0,"{L0:2, L1:1, L2:1}","{L0:2, L1:1, L2:1}",""
2978250891051,PHASE_B,174794,14958,SEAL,0,1,32,"","1","","0","","1","","64",0,0,0,"{}","{L0:1}",""
2978250903035,PHASE_B,175118,15022,SEAL,0,2,32,"","2","","0","","1","","64",0,0,0,"{L0:1}","{L0:2}",""
2978250903058,PHASE_B,175118,15022,MERGE_SUBMIT,0,2,32,"","","","","","","","",0,0,0,"{L0:2}","{L0:2}",""
2978250903165,PHASE_B,175121,15025,MERGE_START,0,2,32,"[1,2]","","[0,0]","","[1,1]","","[64,64]","",89,0,0,"{L0:2}","{L0:2}",""
2978250903532,PHASE_B,175136,15027,MERGE_DONE,0,0,0,"","3","","1","","2","","128",89,382,382,"","",""
2978250903544,PHASE_B,175136,15027,MERGE_PUBLISH,0,1,32,"","3","","1","","2","","128",89,394,393,"{L0:2}","{L1:1}",""
2978250915012,PHASE_B,175439,15086,SEAL,0,2,32,"","4","","0","","1","","64",0,0,0,"{L1:1}","{L0:1, L1:1}",""
2978250924236,PHASE_B,175751,15148,SEAL,0,3,32,"","5","","0","","1","","64",0,0,0,"{L0:1, L1:1}","{L0:2, L1:1}",""
2978250924265,PHASE_B,175751,15148,MERGE_SUBMIT,0,3,32,"","","","","","","","",0,0,0,"{L0:2, L1:1}","{L0:2, L1:1}",""
2978250924367,PHASE_B,175760,15152,MERGE_START,0,3,32,"[4,5]","","[0,0]","","[1,1]","","[64,64]","",85,0,0,"{L0:2, L1:1}","{L0:2, L1:1}",""
2978250924667,PHASE_B,175792,15156,MERGE_DONE,0,0,0,"","6","","1","","2","","128",85,317,316,"","",""
2978250924681,PHASE_B,175792,15156,MERGE_PUBLISH,0,2,32,"","6","","1","","2","","128",85,327,326,"{L0:2, L1:1}","{L1:2}",""
2978250924714,PHASE_B,175792,15156,MERGE_SUBMIT,5,2,32,"","","","","","","","",0,0,0,"{L1:2}","{L1:2}",""
2978250924797,PHASE_B,175797,15159,MERGE_START,0,2,32,"[3,6]","","[1,1]","","[2,2]","","[128,128]","",83,0,0,"{L1:2}","{L1:2}",""
2978250925307,PHASE_B,175833,15164,MERGE_DONE,0,0,0,"","7","","2","","4","","256",83,513,514,"","",""
2978250925318,PHASE_B,175836,15165,MERGE_PUBLISH,0,1,32,"","7","","2","","4","","256",83,522,522,"{L1:2}","{L2:1}",""
2978250929390,PHASE_B,176078,15215,SEAL,0,2,32,"","8","","0","","1","","64",0,0,0,"{L2:1}","{L0:1, L2:1}",""
2978250934332,PHASE_B,176407,15279,SEAL,0,3,32,"","9","","0","","1","","64",0,0,0,"{L0:1, L2:1}","{L0:2, L2:1}",""
2978250934358,PHASE_B,176407,15279,MERGE_SUBMIT,0,3,32,"","","","","","","","",0,0,0,"{L0:2, L2:1}","{L0:2, L2:1}",""
2978250934464,PHASE_B,176411,15281,MERGE_START,0,3,32,"[8,9]","","[0,0]","","[1,1]","","[64,64]","",89,0,0,"{L0:2, L2:1}","{L0:2, L2:1}",""
2978250934763,PHASE_B,176427,15285,MERGE_DONE,0,0,0,"","10","","1","","2","","128",89,315,314,"","",""
2978250934793,PHASE_B,176430,15287,MERGE_PUBLISH,0,2,32,"","10","","1","","2","","128",89,342,341,"{L0:2, L2:1}","{L1:1, L2:1}",""
2978250939340,PHASE_B,176719,15342,SEAL,0,3,32,"","11","","0","","1","","64",0,0,0,"{L1:1, L2:1}","{L0:1, L1:1, L2:1}",""
2978250944248,PHASE_B,177043,15407,SEAL,0,4,32,"","12","","0","","1","","64",0,0,0,"{L0:1, L1:1, L2:1}","{L0:2, L1:1, L2:1}",""
2978250944270,PHASE_B,177043,15407,MERGE_SUBMIT,0,4,32,"","","","","","","","",0,0,0,"{L0:2, L1:1, L2:1}","{L0:2, L1:1, L2:1}",""
2978250944377,PHASE_B,177051,15408,MERGE_START,0,4,32,"[11,12]","","[0,0]","","[1,1]","","[64,64]","",87,0,0,"{L0:2, L1:1, L2:1}","{L0:2, L1:1, L2:1}",""
2978250944690,PHASE_B,177065,15411,MERGE_DONE,0,0,0,"","13","","1","","2","","128",87,331,330,"","",""
2978250944697,PHASE_B,177065,15411,MERGE_DISCARD,0,4,32,"","","","","","","","",87,338,0,"{L0:2, L1:1, L2:1}","{L0:2, L1:1, L2:1}",""
2978250950006,PHASE_B,177373,15473,SEAL,0,1,32,"","1","","0","","1","","64",0,0,0,"{}","{L0:1}",""
2978250954925,PHASE_B,177694,15537,SEAL,0,2,32,"","2","","0","","1","","64",0,0,0,"{L0:1}","{L0:2}",""
2978250954961,PHASE_B,177694,15537,MERGE_SUBMIT,0,2,32,"","","","","","","","",0,0,0,"{L0:2}","{L0:2}",""
2978250955064,PHASE_B,177707,15539,MERGE_START,0,2,32,"[1,2]","","[0,0]","","[1,1]","","[64,64]","",88,0,0,"{L0:2}","{L0:2}",""
2978250955366,PHASE_B,177725,15545,MERGE_DONE,0,0,0,"","3","","1","","2","","128",88,317,317,"","",""
2978250955377,PHASE_B,177727,15545,MERGE_PUBLISH,0,1,32,"","3","","1","","2","","128",88,328,327,"{L0:2}","{L1:1}",""
2978250959927,PHASE_B,178013,15601,SEAL,0,2,32,"","4","","0","","1","","64",0,0,0,"{L1:1}","{L0:1, L1:1}",""
2978250966184,PHASE_B,178338,15665,SEAL,0,3,32,"","5","","0","","1","","64",0,0,0,"{L0:1, L1:1}","{L0:2, L1:1}",""
2978250966218,PHASE_B,178338,15665,MERGE_SUBMIT,0,3,32,"","","","","","","","",0,0,0,"{L0:2, L1:1}","{L0:2, L1:1}",""
2978250966319,PHASE_B,178338,15665,MERGE_START,0,3,32,"[4,5]","","[0,0]","","[1,1]","","[64,64]","",84,0,0,"{L0:2, L1:1}","{L0:2, L1:1}",""
2978250966642,PHASE_B,178374,15673,MERGE_DONE,0,0,0,"","6","","1","","2","","128",84,339,338,"","",""
2978250966654,PHASE_B,178374,15673,MERGE_PUBLISH,0,2,32,"","6","","1","","2","","128",84,350,349,"{L0:2, L1:1}","{L1:2}",""
2978250966680,PHASE_B,178377,15673,MERGE_SUBMIT,6,2,32,"","","","","","","","",0,0,0,"{L1:2}","{L1:2}",""
2978250966781,PHASE_B,178380,15674,MERGE_START,0,2,32,"[3,6]","","[1,1]","","[2,2]","","[128,128]","",87,0,0,"{L1:2}","{L1:2}",""
2978250967373,PHASE_B,178410,15681,MERGE_DONE,0,0,0,"","7","","2","","4","","256",87,606,606,"","",""
2978250967388,PHASE_B,178413,15683,MERGE_PUBLISH,0,1,32,"","7","","2","","4","","256",87,619,618,"{L1:2}","{L2:1}",""
2978250974804,PHASE_B,178648,15728,SEAL,0,2,32,"","8","","0","","1","","64",0,0,0,"{L2:1}","{L0:1, L2:1}",""
2978250982209,PHASE_B,178974,15793,SEAL,0,3,32,"","9","","0","","1","","64",0,0,0,"{L0:1, L2:1}","{L0:2, L2:1}",""
2978250982240,PHASE_B,178974,15793,MERGE_SUBMIT,0,3,32,"","","","","","","","",0,0,0,"{L0:2, L2:1}","{L0:2, L2:1}",""
2978250982258,PHASE_B,178974,15793,MERGE_START,0,3,32,"[8,9]","","[0,0]","","[1,1]","","[64,64]","",14,0,0,"{L0:2, L2:1}","{L0:2, L2:1}",""
2978250982457,PHASE_B,178979,15796,MERGE_DONE,0,0,0,"","10","","1","","2","","128",14,206,205,"","",""
2978250982465,PHASE_B,178979,15796,MERGE_PUBLISH,0,2,32,"","10","","1","","2","","128",14,213,212,"{L0:2, L2:1}","{L1:1, L2:1}",""
2978250991249,PHASE_B,179289,15857,SEAL,0,3,32,"","11","","0","","1","","64",0,0,0,"{L1:1, L2:1}","{L0:1, L1:1, L2:1}",""
2978251000112,PHASE_B,179618,15922,SEAL,0,4,32,"","12","","0","","1","","64",0,0,0,"{L0:1, L1:1, L2:1}","{L0:2, L1:1, L2:1}",""
2978251000138,PHASE_B,179618,15922,MERGE_SUBMIT,0,4,32,"","","","","","","","",0,0,0,"{L0:2, L1:1, L2:1}","{L0:2, L1:1, L2:1}",""
2978251000184,PHASE_B,179618,15922,MERGE_START,0,4,32,"[11,12]","","[0,0]","","[1,1]","","[64,64]","",27,0,0,"{L0:2, L1:1, L2:1}","{L0:2, L1:1, L2:1}",""
2978251000488,PHASE_B,179626,15924,MERGE_DONE,0,0,0,"","13","","1","","2","","128",27,323,322,"","",""
2978251000511,PHASE_B,179626,15924,MERGE_DISCARD,0,4,32,"","","","","","","","",27,345,0,"{L0:2, L1:1, L2:1}","{L0:2, L1:1, L2:1}",""
2978251011897,PHASE_B,179934,15987,SEAL,0,1,32,"","1","","0","","1","","64",0,0,0,"{}","{L0:1}",""
2978251019083,PHASE_B,180257,16049,SEAL,0,2,32,"","2","","0","","1","","64",0,0,0,"{L0:1}","{L0:2}",""
2978251019124,PHASE_B,180257,16049,MERGE_SUBMIT,0,2,32,"","","","","","","","",0,0,0,"{L0:2}","{L0:2}",""
2978251019175,PHASE_B,180261,16052,MERGE_START,0,2,32,"[1,2]","","[0,0]","","[1,1]","","[64,64]","",37,0,0,"{L0:2}","{L0:2}",""
2978251019459,PHASE_B,180283,16056,MERGE_DONE,0,0,0,"","3","","1","","2","","128",37,300,299,"","",""
2978251019472,PHASE_B,180286,16056,MERGE_PUBLISH,0,1,32,"","3","","1","","2","","128",37,310,309,"{L0:2}","{L1:1}",""
2978251024514,PHASE_B,180572,16114,SEAL,0,2,32,"","4","","0","","1","","64",0,0,0,"{L1:1}","{L0:1, L1:1}",""
2978251029837,PHASE_B,180898,16179,SEAL,0,3,32,"","5","","0","","1","","64",0,0,0,"{L0:1, L1:1}","{L0:2, L1:1}",""
2978251029859,PHASE_B,180898,16179,MERGE_SUBMIT,0,3,32,"","","","","","","","",0,0,0,"{L0:2, L1:1}","{L0:2, L1:1}",""
2978251029937,PHASE_B,180903,16180,MERGE_START,0,3,32,"[4,5]","","[0,0]","","[1,1]","","[64,64]","",68,0,0,"{L0:2, L1:1}","{L0:2, L1:1}",""
2978251030200,PHASE_B,180926,16183,MERGE_DONE,0,0,0,"","6","","1","","2","","128",68,271,271,"","",""
2978251030212,PHASE_B,180927,16183,MERGE_PUBLISH,0,2,32,"","6","","1","","2","","128",68,282,282,"{L0:2, L1:1}","{L1:2}",""
2978251030229,PHASE_B,180929,16183,MERGE_SUBMIT,3,2,32,"","","","","","","","",0,0,0,"{L1:2}","{L1:2}",""
2978251030291,PHASE_B,180929,16183,MERGE_START,0,2,32,"[3,6]","","[1,1]","","[2,2]","","[128,128]","",59,0,0,"{L1:2}","{L1:2}",""
2978251030523,PHASE_B,180943,16188,MERGE_DONE,0,0,0,"","7","","2","","4","","256",59,238,238,"","",""
2978251030528,PHASE_B,180943,16188,MERGE_PUBLISH,0,1,32,"","7","","2","","4","","256",59,243,243,"{L1:2}","{L2:1}",""
2978251035333,PHASE_B,181219,16242,SEAL,0,2,32,"","8","","0","","1","","64",0,0,0,"{L2:1}","{L0:1, L2:1}",""
2978251040692,PHASE_B,181532,16306,SEAL,0,3,32,"","9","","0","","1","","64",0,0,0,"{L0:1, L2:1}","{L0:2, L2:1}",""
2978251040724,PHASE_B,181532,16306,MERGE_SUBMIT,0,3,32,"","","","","","","","",0,0,0,"{L0:2, L2:1}","{L0:2, L2:1}",""
2978251040795,PHASE_B,181541,16308,MERGE_START,0,3,32,"[8,9]","","[0,0]","","[1,1]","","[64,64]","",71,0,0,"{L0:2, L2:1}","{L0:2, L2:1}",""
2978251040984,PHASE_B,181559,16310,MERGE_DONE,0,0,0,"","10","","1","","2","","128",71,192,192,"","",""
2978251040990,PHASE_B,181562,16311,MERGE_PUBLISH,0,2,32,"","10","","1","","2","","128",71,198,198,"{L0:2, L2:1}","{L1:1, L2:1}",""
2978251046175,PHASE_B,181859,16371,SEAL,0,3,32,"","11","","0","","1","","64",0,0,0,"{L1:1, L2:1}","{L0:1, L1:1, L2:1}",""
2978251051721,PHASE_B,182173,16434,SEAL,0,4,32,"","12","","0","","1","","64",0,0,0,"{L0:1, L1:1, L2:1}","{L0:2, L1:1, L2:1}",""
2978251051753,PHASE_B,182173,16434,MERGE_SUBMIT,0,4,32,"","","","","","","","",0,0,0,"{L0:2, L1:1, L2:1}","{L0:2, L1:1, L2:1}",""
2978251051857,PHASE_B,182183,16436,MERGE_START,0,4,32,"[11,12]","","[0,0]","","[1,1]","","[64,64]","",87,0,0,"{L0:2, L1:1, L2:1}","{L0:2, L1:1, L2:1}",""
2978251052195,PHASE_B,182194,16438,MERGE_DONE,0,0,0,"","13","","1","","2","","128",87,355,355,"","",""
2978251052202,PHASE_B,182194,16438,MERGE_DISCARD,0,4,32,"","","","","","","","",87,363,0,"{L0:2, L1:1, L2:1}","{L0:2, L1:1, L2:1}",""
2978251057634,PHASE_B,182509,16501,SEAL,0,1,32,"","1","","0","","1","","64",0,0,0,"{}","{L0:1}",""
2978251063206,PHASE_B,182831,16565,SEAL,0,2,32,"","2","","0","","1","","64",0,0,0,"{L0:1}","{L0:2}",""
2978251063226,PHASE_B,182831,16565,MERGE_SUBMIT,0,2,32,"","","","","","","","",0,0,0,"{L0:2}","{L0:2}",""
2978251063333,PHASE_B,182831,16565,MERGE_START,0,2,32,"[1,2]","","[0,0]","","[1,1]","","[64,64]","",89,0,0,"{L0:2}","{L0:2}",""
2978251063640,PHASE_B,182859,16572,MERGE_DONE,0,0,0,"","3","","1","","2","","128",89,321,321,"","",""
2978251063670,PHASE_B,182862,16572,MERGE_PUBLISH,0,1,32,"","3","","1","","2","","128",89,348,347,"{L0:2}","{L1:1}",""
2978251068649,PHASE_B,183146,16628,SEAL,0,2,32,"","4","","0","","1","","64",0,0,0,"{L1:1}","{L0:1, L1:1}",""
2978251074374,PHASE_B,183468,16693,SEAL,0,3,32,"","5","","0","","1","","64",0,0,0,"{L0:1, L1:1}","{L0:2, L1:1}",""
2978251074413,PHASE_B,183468,16693,MERGE_SUBMIT,0,3,32,"","","","","","","","",0,0,0,"{L0:2, L1:1}","{L0:2, L1:1}",""
2978251074517,PHASE_B,183475,16694,MERGE_START,0,3,32,"[4,5]","","[0,0]","","[1,1]","","[64,64]","",89,0,0,"{L0:2, L1:1}","{L0:2, L1:1}",""
2978251074842,PHASE_B,183494,16698,MERGE_DONE,0,0,0,"","6","","1","","2","","128",89,341,340,"","",""
2978251074855,PHASE_B,183494,16698,MERGE_PUBLISH,0,2,32,"","6","","1","","2","","128",89,352,351,"{L0:2, L1:1}","{L1:2}",""
2978251074869,PHASE_B,183494,16698,MERGE_SUBMIT,6,2,32,"","","","","","","","",0,0,0,"{L1:2}","{L1:2}",""
2978251074938,PHASE_B,183504,16701,MERGE_START,0,2,32,"[3,6]","","[1,1]","","[2,2]","","[128,128]","",71,0,0,"{L1:2}","{L1:2}",""
2978251075477,PHASE_B,183543,16708,MERGE_DONE,0,0,0,"","7","","2","","4","","256",71,542,542,"","",""
2978251075488,PHASE_B,183543,16708,MERGE_PUBLISH,0,1,32,"","7","","2","","4","","256",71,551,551,"{L1:2}","{L2:1}",""
2978251079823,PHASE_B,183792,16756,SEAL,0,2,32,"","8","","0","","1","","64",0,0,0,"{L2:1}","{L0:1, L2:1}",""
2978251085268,PHASE_B,184115,16821,SEAL,0,3,32,"","9","","0","","1","","64",0,0,0,"{L0:1, L2:1}","{L0:2, L2:1}",""
2978251085301,PHASE_B,184115,16821,MERGE_SUBMIT,0,3,32,"","","","","","","","",0,0,0,"{L0:2, L2:1}","{L0:2, L2:1}",""
2978251085354,PHASE_B,184121,16822,MERGE_START,0,3,32,"[8,9]","","[0,0]","","[1,1]","","[64,64]","",37,0,0,"{L0:2, L2:1}","{L0:2, L2:1}",""
2978251085673,PHASE_B,184139,16827,MERGE_DONE,0,0,0,"","10","","1","","2","","128",37,337,336,"","",""
2978251085687,PHASE_B,184139,16827,MERGE_PUBLISH,0,2,32,"","10","","1","","2","","128",37,348,347,"{L0:2, L2:1}","{L1:1, L2:1}",""
2978251090558,PHASE_B,184423,16884,SEAL,0,3,32,"","11","","0","","1","","64",0,0,0,"{L1:1, L2:1}","{L0:1, L1:1, L2:1}",""
2978251095782,PHASE_B,184746,16949,SEAL,0,4,32,"","12","","0","","1","","64",0,0,0,"{L0:1, L1:1, L2:1}","{L0:2, L1:1, L2:1}",""
2978251095800,PHASE_B,184746,16949,MERGE_SUBMIT,0,4,32,"","","","","","","","",0,0,0,"{L0:2, L1:1, L2:1}","{L0:2, L1:1, L2:1}",""
2978251095912,PHASE_B,184751,16951,MERGE_START,0,4,32,"[11,12]","","[0,0]","","[1,1]","","[64,64]","",91,0,0,"{L0:2, L1:1, L2:1}","{L0:2, L1:1, L2:1}",""
2978251096219,PHASE_B,184751,16951,MERGE_DONE,0,0,0,"","13","","1","","2","","128",91,325,324,"","",""
2978251096226,PHASE_B,184751,16951,MERGE_DISCARD,0,4,32,"","","","","","","","",91,333,0,"{L0:2, L1:1, L2:1}","{L0:2, L1:1, L2:1}",""
2978251101945,PHASE_B,185071,17014,SEAL,0,1,32,"","1","","0","","1","","64",0,0,0,"{}","{L0:1}",""
2978251107086,PHASE_B,185392,17077,SEAL,0,2,32,"","2","","0","","1","","64",0,0,0,"{L0:1}","{L0:2}",""
2978251107114,PHASE_B,185392,17077,MERGE_SUBMIT,0,2,32,"","","","","","","","",0,0,0,"{L0:2}","{L0:2}",""
2978251107218,PHASE_B,185392,17077,MERGE_START,0,2,32,"[1,2]","","[0,0]","","[1,1]","","[64,64]","",88,0,0,"{L0:2}","{L0:2}",""
2978251107564,PHASE_B,185428,17084,MERGE_DONE,0,0,0,"","3","","1","","2","","128",88,360,360,"","",""
2978251107578,PHASE_B,185428,17084,MERGE_PUBLISH,0,1,32,"","3","","1","","2","","128",88,372,371,"{L0:2}","{L1:1}",""
2978251112500,PHASE_B,185713,17141,SEAL,0,2,32,"","4","","0","","1","","64",0,0,0,"{L1:1}","{L0:1, L1:1}",""
2978251117611,PHASE_B,186038,17206,SEAL,0,3,32,"","5","","0","","1","","64",0,0,0,"{L0:1, L1:1}","{L0:2, L1:1}",""
2978251117629,PHASE_B,186038,17206,MERGE_SUBMIT,0,3,32,"","","","","","","","",0,0,0,"{L0:2, L1:1}","{L0:2, L1:1}",""
2978251117734,PHASE_B,186044,17208,MERGE_START,0,3,32,"[4,5]","","[0,0]","","[1,1]","","[64,64]","",86,0,0,"{L0:2, L1:1}","{L0:2, L1:1}",""
2978251118068,PHASE_B,186065,17213,MERGE_DONE,0,0,0,"","6","","1","","2","","128",86,350,349,"","",""
2978251118095,PHASE_B,186065,17213,MERGE_PUBLISH,0,2,32,"","6","","1","","2","","128",86,376,375,"{L0:2, L1:1}","{L1:2}",""
2978251118109,PHASE_B,186066,17213,MERGE_SUBMIT,7,2,32,"","","","","","","","",0,0,0,"{L1:2}","{L1:2}",""
2978251118208,PHASE_B,186073,17215,MERGE_START,0,2,32,"[3,6]","","[1,1]","","[2,2]","","[128,128]","",87,0,0,"{L1:2}","{L1:2}",""
2978251118766,PHASE_B,186122,17222,MERGE_DONE,0,0,0,"","7","","2","","4","","256",87,573,572,"","",""
2978251118779,PHASE_B,186123,17222,MERGE_PUBLISH,0,1,32,"","7","","2","","4","","256",87,585,584,"{L1:2}","{L2:1}",""
2978251122869,PHASE_B,186350,17269,SEAL,0,2,32,"","8","","0","","1","","64",0,0,0,"{L2:1}","{L0:1, L2:1}",""
2978251127996,PHASE_B,186676,17334,SEAL,0,3,32,"","9","","0","","1","","64",0,0,0,"{L0:1, L2:1}","{L0:2, L2:1}",""
2978251128023,PHASE_B,186676,17334,MERGE_SUBMIT,0,3,32,"","","","","","","","",0,0,0,"{L0:2, L2:1}","{L0:2, L2:1}",""
2978251128129,PHASE_B,186682,17336,MERGE_START,0,3,32,"[8,9]","","[0,0]","","[1,1]","","[64,64]","",88,0,0,"{L0:2, L2:1}","{L0:2, L2:1}",""
2978251128459,PHASE_B,186709,17340,MERGE_DONE,0,0,0,"","10","","1","","2","","128",88,345,345,"","",""
2978251128473,PHASE_B,186709,17340,MERGE_PUBLISH,0,2,32,"","10","","1","","2","","128",88,358,357,"{L0:2, L2:1}","{L1:1, L2:1}",""
2978251133242,PHASE_B,186989,17398,SEAL,0,3,32,"","11","","0","","1","","64",0,0,0,"{L1:1, L2:1}","{L0:1, L1:1, L2:1}",""
2978251138204,PHASE_B,187316,17460,SEAL,0,4,32,"","12","","0","","1","","64",0,0,0,"{L0:1, L1:1, L2:1}","{L0:2, L1:1, L2:1}",""
2978251138240,PHASE_B,187316,17460,MERGE_SUBMIT,0,4,32,"","","","","","","","",0,0,0,"{L0:2, L1:1, L2:1}","{L0:2, L1:1, L2:1}",""
2978251138299,PHASE_B,187316,17460,MERGE_START,0,4,32,"[11,12]","","[0,0]","","[1,1]","","[64,64]","",38,0,0,"{L0:2, L1:1, L2:1}","{L0:2, L1:1, L2:1}",""
2978251138614,PHASE_B,187322,17464,MERGE_DONE,0,0,0,"","13","","1","","2","","128",38,337,337,"","",""
2978251138621,PHASE_B,187322,17464,MERGE_DISCARD,0,4,32,"","","","","","","","",38,345,0,"{L0:2, L1:1, L2:1}","{L0:2, L1:1, L2:1}",""
2978251143716,PHASE_B,187634,17527,SEAL,0,1,32,"","1","","0","","1","","64",0,0,0,"{}","{L0:1}",""
2978251148826,PHASE_B,187957,17591,SEAL,0,2,32,"","2","","0","","1","","64",0,0,0,"{L0:1}","{L0:2}",""
2978251148852,PHASE_B,187957,17591,MERGE_SUBMIT,0,2,32,"","","","","","","","",0,0,0,"{L0:2}","{L0:2}",""
2978251148955,PHASE_B,187967,17593,MERGE_START,0,2,32,"[1,2]","","[0,0]","","[1,1]","","[64,64]","",85,0,0,"{L0:2}","{L0:2}",""
2978251149247,PHASE_B,187994,17598,MERGE_DONE,0,0,0,"","3","","1","","2","","128",85,308,308,"","",""
2978251149258,PHASE_B,187995,17598,MERGE_PUBLISH,0,1,32,"","3","","1","","2","","128",85,319,318,"{L0:2}","{L1:1}",""
2978251153801,PHASE_B,188264,17652,SEAL,0,2,32,"","4","","0","","1","","64",0,0,0,"{L1:1}","{L0:1, L1:1}",""
2978251158878,PHASE_B,188599,17718,SEAL,0,3,32,"","5","","0","","1","","64",0,0,0,"{L0:1, L1:1}","{L0:2, L1:1}",""
2978251158909,PHASE_B,188599,17718,MERGE_SUBMIT,0,3,32,"","","","","","","","",0,0,0,"{L0:2, L1:1}","{L0:2, L1:1}",""
2978251159026,PHASE_B,188610,17720,MERGE_START,0,3,32,"[4,5]","","[0,0]","","[1,1]","","[64,64]","",85,0,0,"{L0:2, L1:1}","{L0:2, L1:1}",""
2978251159338,PHASE_B,188632,17726,MERGE_DONE,0,0,0,"","6","","1","","2","","128",85,344,343,"","",""
2978251159351,PHASE_B,188633,17726,MERGE_PUBLISH,0,2,32,"","6","","1","","2","","128",85,355,354,"{L0:2, L1:1}","{L1:2}",""
2978251159365,PHASE_B,188633,17726,MERGE_SUBMIT,6,2,32,"","","","","","","","",0,0,0,"{L1:2}","{L1:2}",""
2978251159403,PHASE_B,188639,17727,MERGE_START,0,2,32,"[3,6]","","[1,1]","","[2,2]","","[128,128]","",30,0,0,"{L1:2}","{L1:2}",""
2978251159951,PHASE_B,188685,17735,MERGE_DONE,0,0,0,"","7","","2","","4","","256",30,560,559,"","",""
2978251159964,PHASE_B,188685,17735,MERGE_PUBLISH,0,1,32,"","7","","2","","4","","256",30,570,570,"{L1:2}","{L2:1}",""
2978251164032,PHASE_B,188914,17781,SEAL,0,2,32,"","8","","0","","1","","64",0,0,0,"{L2:1}","{L0:1, L2:1}",""
2978251168855,PHASE_B,189241,17847,SEAL,0,3,32,"","9","","0","","1","","64",0,0,0,"{L0:1, L2:1}","{L0:2, L2:1}",""
2978251168895,PHASE_B,189241,17847,MERGE_SUBMIT,0,3,32,"","","","","","","","",0,0,0,"{L0:2, L2:1}","{L0:2, L2:1}",""
2978251168997,PHASE_B,189246,17849,MERGE_START,0,3,32,"[8,9]","","[0,0]","","[1,1]","","[64,64]","",86,0,0,"{L0:2, L2:1}","{L0:2, L2:1}",""
2978251169364,PHASE_B,189276,17855,MERGE_DONE,0,0,0,"","10","","1","","2","","128",86,383,382,"","",""
2978251169378,PHASE_B,189277,17855,MERGE_PUBLISH,0,2,32,"","10","","1","","2","","128",86,396,395,"{L0:2, L2:1}","{L1:1, L2:1}",""
2978251173728,PHASE_B,189553,17909,SEAL,0,3,32,"","11","","0","","1","","64",0,0,0,"{L1:1, L2:1}","{L0:1, L1:1, L2:1}",""
2978251178532,PHASE_B,189871,17972,SEAL,0,4,32,"","12","","0","","1","","64",0,0,0,"{L0:1, L1:1, L2:1}","{L0:2, L1:1, L2:1}",""
2978251178565,PHASE_B,189871,17972,MERGE_SUBMIT,0,4,32,"","","","","","","","",0,0,0,"{L0:2, L1:1, L2:1}","{L0:2, L1:1, L2:1}",""
2978251178668,PHASE_B,189878,17977,MERGE_START,0,4,32,"[11,12]","","[0,0]","","[1,1]","","[64,64]","",86,0,0,"{L0:2, L1:1, L2:1}","{L0:2, L1:1, L2:1}",""
2978251178998,PHASE_B,189881,17977,MERGE_DONE,0,0,0,"","13","","1","","2","","128",86,348,347,"","",""
2978251179021,PHASE_B,189881,17977,MERGE_DISCARD,0,4,32,"","","","","","","","",86,371,0,"{L0:2, L1:1, L2:1}","{L0:2, L1:1, L2:1}",""
2978251184228,PHASE_B,190199,18039,SEAL,0,1,32,"","1","","0","","1","","64",0,0,0,"{}","{L0:1}",""
2978251189010,PHASE_B,190523,18104,SEAL,0,2,32,"","2","","0","","1","","64",0,0,0,"{L0:1}","{L0:2}",""
2978251189037,PHASE_B,190523,18104,MERGE_SUBMIT,0,2,32,"","","","","","","","",0,0,0,"{L0:2}","{L0:2}",""
2978251189139,PHASE_B,190527,18106,MERGE_START,0,2,32,"[1,2]","","[0,0]","","[1,1]","","[64,64]","",86,0,0,"{L0:2}","{L0:2}",""
2978251189413,PHASE_B,190560,18109,MERGE_DONE,0,0,0,"","3","","1","","2","","128",86,290,289,"","",""
2978251189424,PHASE_B,190560,18109,MERGE_PUBLISH,0,1,32,"","3","","1","","2","","128",86,300,299,"{L0:2}","{L1:1}",""
2978251194069,PHASE_B,190853,18168,SEAL,0,2,32,"","4","","0","","1","","64",0,0,0,"{L1:1}","{L0:1, L1:1}",""
2978251198958,PHASE_B,191167,18232,SEAL,0,3,32,"","5","","0","","1","","64",0,0,0,"{L0:1, L1:1}","{L0:2, L1:1}",""
2978251198975,PHASE_B,191168,18232,MERGE_SUBMIT,0,3,32,"","","","","","","","",0,0,0,"{L0:2, L1:1}","{L0:2, L1:1}",""
2978251199079,PHASE_B,191174,18233,MERGE_START,0,3,32,"[4,5]","","[0,0]","","[1,1]","","[64,64]","",85,0,0,"{L0:2, L1:1}","{L0:2, L1:1}",""
2978251199381,PHASE_B,191200,18240,MERGE_DONE,0,0,0,"","6","","1","","2","","128",85,318,318,"","",""
2978251199393,PHASE_B,191201,18240,MERGE_PUBLISH,0,2,32,"","6","","1","","2","","128",85,330,329,"{L0:2, L1:1}","{L1:2}",""
2978251199408,PHASE_B,191202,18240,MERGE_SUBMIT,7,2,32,"","","","","","","","",0,0,0,"{L1:2}","{L1:2}",""
2978251199462,PHASE_B,191209,18241,MERGE_START,0,2,32,"[3,6]","","[1,1]","","[2,2]","","[128,128]","",44,0,0,"{L1:2}","{L1:2}",""
2978251200044,PHASE_B,191247,18249,MERGE_DONE,0,0,0,"","7","","2","","4","","256",44,596,595,"","",""
2978251200073,PHASE_B,191253,18250,MERGE_PUBLISH,0,1,32,"","7","","2","","4","","256",44,623,622,"{L1:2}","{L2:1}",""
2978251203798,PHASE_B,191489,18296,SEAL,0,2,32,"","8","","0","","1","","64",0,0,0,"{L2:1}","{L0:1, L2:1}",""
2978251208731,PHASE_B,191806,18359,SEAL,0,3,32,"","9","","0","","1","","64",0,0,0,"{L0:1, L2:1}","{L0:2, L2:1}",""
2978251208768,PHASE_B,191806,18359,MERGE_SUBMIT,0,3,32,"","","","","","","","",0,0,0,"{L0:2, L2:1}","{L0:2, L2:1}",""
2978251208870,PHASE_B,191810,18361,MERGE_START,0,3,32,"[8,9]","","[0,0]","","[1,1]","","[64,64]","",87,0,0,"{L0:2, L2:1}","{L0:2, L2:1}",""
2978251209233,PHASE_B,191847,18368,MERGE_DONE,0,0,0,"","10","","1","","2","","128",87,380,379,"","",""
2978251209247,PHASE_B,191848,18368,MERGE_PUBLISH,0,2,32,"","10","","1","","2","","128",87,392,391,"{L0:2, L2:1}","{L1:1, L2:1}",""
2978251213462,PHASE_B,192128,18424,SEAL,0,3,32,"","11","","0","","1","","64",0,0,0,"{L1:1, L2:1}","{L0:1, L1:1, L2:1}",""
2978251218318,PHASE_B,192443,18488,SEAL,0,4,32,"","12","","0","","1","","64",0,0,0,"{L0:1, L1:1, L2:1}","{L0:2, L1:1, L2:1}",""
2978251218356,PHASE_B,192443,18488,MERGE_SUBMIT,0,4,32,"","","","","","","","",0,0,0,"{L0:2, L1:1, L2:1}","{L0:2, L1:1, L2:1}",""
2978251218479,PHASE_B,192449,18490,MERGE_START,0,4,32,"[11,12]","","[0,0]","","[1,1]","","[64,64]","",105,0,0,"{L0:2, L1:1, L2:1}","{L0:2, L1:1, L2:1}",""
2978251218789,PHASE_B,192449,18490,MERGE_DONE,0,0,0,"","13","","1","","2","","128",105,328,328,"","",""
2978251218795,PHASE_B,192449,18490,MERGE_DISCARD,0,4,32,"","","","","","","","",105,336,0,"{L0:2, L1:1, L2:1}","{L0:2, L1:1, L2:1}",""
2978251223775,PHASE_B,192767,18553,SEAL,0,1,32,"","1","","0","","1","","64",0,0,0,"{}","{L0:1}",""
2978251228291,PHASE_B,193086,18616,SEAL,0,2,32,"","2","","0","","1","","64",0,0,0,"{L0:1}","{L0:2}",""
2978251228319,PHASE_B,193086,18616,MERGE_SUBMIT,0,2,32,"","","","","","","","",0,0,0,"{L0:2}","{L0:2}",""
2978251228434,PHASE_B,193098,18618,MERGE_START,0,2,32,"[1,2]","","[0,0]","","[1,1]","","[64,64]","",99,0,0,"{L0:2}","{L0:2}",""
2978251228759,PHASE_B,193128,18623,MERGE_DONE,0,0,0,"","3","","1","","2","","128",99,341,340,"","",""
2978251228771,PHASE_B,193128,18623,MERGE_PUBLISH,0,1,32,"","3","","1","","2","","128",99,352,351,"{L0:2}","{L1:1}",""
2978251233033,PHASE_B,193411,18681,SEAL,0,2,32,"","4","","0","","1","","64",0,0,0,"{L1:1}","{L0:1, L1:1}",""
2978251237670,PHASE_B,193725,18744,SEAL,0,3,32,"","5","","0","","1","","64",0,0,0,"{L0:1, L1:1}","{L0:2, L1:1}",""
2978251237690,PHASE_B,193725,18744,MERGE_SUBMIT,0,3,32,"","","","","","","","",0,0,0,"{L0:2, L1:1}","{L0:2, L1:1}",""
2978251238088,PHASE_B,193725,18744,MERGE_START,0,3,32,"[4,5]","","[0,0]","","[1,1]","","[64,64]","",89,0,0,"{L0:2, L1:1}","{L0:2, L1:1}",""
2978251238415,PHASE_B,193757,18751,MERGE_DONE,0,0,0,"","6","","1","","2","","128",89,633,355,"","",""
2978251238429,PHASE_B,193757,18751,MERGE_PUBLISH,0,2,32,"","6","","1","","2","","128",89,645,366,"{L0:2, L1:1}","{L1:2}",""
2978251238446,PHASE_B,193757,18751,MERGE_SUBMIT,5,2,32,"","","","","","","","",0,0,0,"{L1:2}","{L1:2}",""
2978251238518,PHASE_B,193760,18753,MERGE_START,0,2,32,"[3,6]","","[1,1]","","[2,2]","","[128,128]","",69,0,0,"{L1:2}","{L1:2}",""
2978251239027,PHASE_B,193806,18761,MERGE_DONE,0,0,0,"","7","","2","","4","","256",69,514,514,"","",""
2978251239037,PHASE_B,193808,18761,MERGE_PUBLISH,0,1,32,"","7","","2","","4","","256",69,523,523,"{L1:2}","{L2:1}",""
2978251242597,PHASE_B,194041,18808,SEAL,0,2,32,"","8","","0","","1","","64",0,0,0,"{L2:1}","{L0:1, L2:1}",""
2978251247012,PHASE_B,194374,18873,SEAL,0,3,32,"","9","","0","","1","","64",0,0,0,"{L0:1, L2:1}","{L0:2, L2:1}",""
2978251247037,PHASE_B,194374,18873,MERGE_SUBMIT,0,3,32,"","","","","","","","",0,0,0,"{L0:2, L2:1}","{L0:2, L2:1}",""
2978251247087,PHASE_B,194374,18873,MERGE_START,0,3,32,"[8,9]","","[0,0]","","[1,1]","","[64,64]","",33,0,0,"{L0:2, L2:1}","{L0:2, L2:1}",""
2978251247390,PHASE_B,194394,18879,MERGE_DONE,0,0,0,"","10","","1","","2","","128",33,319,319,"","",""
2978251247404,PHASE_B,194394,18879,MERGE_PUBLISH,0,2,32,"","10","","1","","2","","128",33,330,330,"{L0:2, L2:1}","{L1:1, L2:1}",""
2978251251504,PHASE_B,194687,18936,SEAL,0,3,32,"","11","","0","","1","","64",0,0,0,"{L1:1, L2:1}","{L0:1, L1:1, L2:1}",""
2978251255929,PHASE_B,194998,18999,SEAL,0,4,32,"","12","","0","","1","","64",0,0,0,"{L0:1, L1:1, L2:1}","{L0:2, L1:1, L2:1}",""
2978251255945,PHASE_B,194998,18999,MERGE_SUBMIT,0,4,32,"","","","","","","","",0,0,0,"{L0:2, L1:1, L2:1}","{L0:2, L1:1, L2:1}",""
2978251256092,PHASE_B,195009,19003,MERGE_START,0,4,32,"[11,12]","","[0,0]","","[1,1]","","[64,64]","",128,0,0,"{L0:2, L1:1, L2:1}","{L0:2, L1:1, L2:1}",""
2978251256394,PHASE_B,195009,19003,MERGE_DONE,0,0,0,"","13","","1","","2","","128",128,319,318,"","",""
2978251256413,PHASE_B,195009,19003,MERGE_DISCARD,0,4,32,"","","","","","","","",128,337,0,"{L0:2, L1:1, L2:1}","{L0:2, L1:1, L2:1}",""
2978251261051,PHASE_B,195338,19066,SEAL,0,1,32,"","1","","0","","1","","64",0,0,0,"{}","{L0:1}",""
2978251266729,PHASE_B,195654,19129,SEAL,0,2,32,"","2","","0","","1","","64",0,0,0,"{L0:1}","{L0:2}",""
2978251266753,PHASE_B,195654,19129,MERGE_SUBMIT,0,2,32,"","","","","","","","",0,0,0,"{L0:2}","{L0:2}",""
2978251266856,PHASE_B,195654,19129,MERGE_START,0,2,32,"[1,2]","","[0,0]","","[1,1]","","[64,64]","",87,0,0,"{L0:2}","{L0:2}",""
2978251267225,PHASE_B,195669,19133,MERGE_DONE,0,0,0,"","3","","1","","2","","128",87,383,383,"","",""
2978251267236,PHASE_B,195669,19133,MERGE_PUBLISH,0,1,32,"","3","","1","","2","","128",87,395,394,"{L0:2}","{L1:1}",""
2978251274584,PHASE_B,195974,19193,SEAL,0,2,32,"","4","","0","","1","","64",0,0,0,"{L1:1}","{L0:1, L1:1}",""
2978251282703,PHASE_B,196302,19258,SEAL,0,3,32,"","5","","0","","1","","64",0,0,0,"{L0:1, L1:1}","{L0:2, L1:1}",""
2978251282728,PHASE_B,196302,19258,MERGE_SUBMIT,0,3,32,"","","","","","","","",0,0,0,"{L0:2, L1:1}","{L0:2, L1:1}",""
2978251282768,PHASE_B,196302,19258,MERGE_START,0,3,32,"[4,5]","","[0,0]","","[1,1]","","[64,64]","",23,0,0,"{L0:2, L1:1}","{L0:2, L1:1}",""
2978251283091,PHASE_B,196315,19263,MERGE_DONE,0,0,0,"","6","","1","","2","","128",23,338,337,"","",""
2978251283103,PHASE_B,196318,19265,MERGE_PUBLISH,0,2,32,"","6","","1","","2","","128",23,349,348,"{L0:2, L1:1}","{L1:2}",""
2978251283118,PHASE_B,196319,19265,MERGE_SUBMIT,6,2,32,"","","","","","","","",0,0,0,"{L1:2}","{L1:2}",""
2978251283167,PHASE_B,196332,19265,MERGE_START,0,2,32,"[3,6]","","[1,1]","","[2,2]","","[128,128]","",38,0,0,"{L1:2}","{L1:2}",""
2978251283717,PHASE_B,196369,19273,MERGE_DONE,0,0,0,"","7","","2","","4","","256",38,565,565,"","",""
2978251283729,PHASE_B,196372,19274,MERGE_PUBLISH,0,1,32,"","7","","2","","4","","256",38,577,576,"{L1:2}","{L2:1}",""
2978251288717,PHASE_B,196612,19322,SEAL,0,2,32,"","8","","0","","1","","64",0,0,0,"{L2:1}","{L0:1, L2:1}",""
2978251293573,PHASE_B,196927,19385,SEAL,0,3,32,"","9","","0","","1","","64",0,0,0,"{L0:1, L2:1}","{L0:2, L2:1}",""
2978251293604,PHASE_B,196927,19385,MERGE_SUBMIT,0,3,32,"","","","","","","","",0,0,0,"{L0:2, L2:1}","{L0:2, L2:1}",""
2978251293661,PHASE_B,196933,19387,MERGE_START,0,3,32,"[8,9]","","[0,0]","","[1,1]","","[64,64]","",40,0,0,"{L0:2, L2:1}","{L0:2, L2:1}",""
2978251293969,PHASE_B,196962,19390,MERGE_DONE,0,0,0,"","10","","1","","2","","128",40,325,324,"","",""
2978251293984,PHASE_B,196962,19390,MERGE_PUBLISH,0,2,32,"","10","","1","","2","","128",40,338,337,"{L0:2, L2:1}","{L1:1, L2:1}",""
2978251298702,PHASE_B,197261,19450,SEAL,0,3,32,"","11","","0","","1","","64",0,0,0,"{L1:1, L2:1}","{L0:1, L1:1, L2:1}",""
2978251303958,PHASE_B,197575,19514,SEAL,0,4,32,"","12","","0","","1","","64",0,0,0,"{L0:1, L1:1, L2:1}","{L0:2, L1:1, L2:1}",""
2978251303990,PHASE_B,197575,19514,MERGE_SUBMIT,0,4,32,"","","","","","","","",0,0,0,"{L0:2, L1:1, L2:1}","{L0:2, L1:1, L2:1}",""
2978251304096,PHASE_B,197580,19515,MERGE_START,0,4,32,"[11,12]","","[0,0]","","[1,1]","","[64,64]","",88,0,0,"{L0:2, L1:1, L2:1}","{L0:2, L1:1, L2:1}",""
2978251304400,PHASE_B,197589,19517,MERGE_DONE,0,0,0,"","13","","1","","2","","128",88,322,321,"","",""
2978251304407,PHASE_B,197589,19517,MERGE_DISCARD,0,4,32,"","","","","","","","",88,329,0,"{L0:2, L1:1, L2:1}","{L0:2, L1:1, L2:1}",""
2978251309703,PHASE_B,197904,19579,SEAL,0,1,32,"","1","","0","","1","","64",0,0,0,"{}","{L0:1}",""
2978251314800,PHASE_B,198229,19644,SEAL,0,2,32,"","2","","0","","1","","64",0,0,0,"{L0:1}","{L0:2}",""
2978251314832,PHASE_B,198229,19644,MERGE_SUBMIT,0,2,32,"","","","","","","","",0,0,0,"{L0:2}","{L0:2}",""
2978251314903,PHASE_B,198230,19645,MERGE_START,0,2,32,"[1,2]","","[0,0]","","[1,1]","","[64,64]","",60,0,0,"{L0:2}","{L0:2}",""
2978251315192,PHASE_B,198256,19649,MERGE_DONE,0,0,0,"","3","","1","","2","","128",60,303,302,"","",""
2978251315219,PHASE_B,198256,19649,MERGE_PUBLISH,0,1,32,"","3","","1","","2","","128",60,329,327,"{L0:2}","{L1:1}",""
2978251330248,PHASE_B,198549,19708,SEAL,0,2,32,"","4","","0","","1","","64",0,0,0,"{L1:1}","{L0:1, L1:1}",""
2978251337093,PHASE_B,198864,19771,SEAL,0,3,32,"","5","","0","","1","","64",0,0,0,"{L0:1, L1:1}","{L0:2, L1:1}",""
2978251337131,PHASE_B,198864,19771,MERGE_SUBMIT,0,3,32,"","","","","","","","",0,0,0,"{L0:2, L1:1}","{L0:2, L1:1}",""
2978251337232,PHASE_B,198871,19773,MERGE_START,0,3,32,"[4,5]","","[0,0]","","[1,1]","","[64,64]","",89,0,0,"{L0:2, L1:1}","{L0:2, L1:1}",""
2978251337569,PHASE_B,198896,19777,MERGE_DONE,0,0,0,"","6","","1","","2","","128",89,353,353,"","",""
2978251337625,PHASE_B,198898,19778,MERGE_PUBLISH,0,2,32,"","6","","1","","2","","128",89,405,382,"{L0:2, L1:1}","{L1:2}",""
2978251337641,PHASE_B,198898,19778,MERGE_SUBMIT,5,2,32,"","","","","","","","",0,0,0,"{L1:2}","{L1:2}",""
2978251337716,PHASE_B,198901,19779,MERGE_START,0,2,32,"[3,6]","","[1,1]","","[2,2]","","[128,128]","",76,0,0,"{L1:2}","{L1:2}",""
2978251338255,PHASE_B,198929,19785,MERGE_DONE,0,0,0,"","7","","2","","4","","256",76,542,543,"","",""
2978251338274,PHASE_B,198929,19785,MERGE_PUBLISH,0,1,32,"","7","","2","","4","","256",76,553,553,"{L1:2}","{L2:1}",""
2978251343840,PHASE_B,199185,19836,SEAL,0,2,32,"","8","","0","","1","","64",0,0,0,"{L2:1}","{L0:1, L2:1}",""
2978251351325,PHASE_B,199500,19900,SEAL,0,3,32,"","9","","0","","1","","64",0,0,0,"{L0:1, L2:1}","{L0:2, L2:1}",""
2978251351361,PHASE_B,199500,19900,MERGE_SUBMIT,0,3,32,"","","","","","","","",0,0,0,"{L0:2, L2:1}","{L0:2, L2:1}",""
2978251351465,PHASE_B,199508,19901,MERGE_START,0,3,32,"[8,9]","","[0,0]","","[1,1]","","[64,64]","",89,0,0,"{L0:2, L2:1}","{L0:2, L2:1}",""
2978251351820,PHASE_B,199525,19904,MERGE_DONE,0,0,0,"","10","","1","","2","","128",89,371,370,"","",""
2978251351838,PHASE_B,199525,19904,MERGE_PUBLISH,0,2,32,"","10","","1","","2","","128",89,387,386,"{L0:2, L2:1}","{L1:1, L2:1}",""
2978251359261,PHASE_B,199824,19964,SEAL,0,3,32,"","11","","0","","1","","64",0,0,0,"{L1:1, L2:1}","{L0:1, L1:1, L2:1}",""
