monotonic_timestamp_us,phase,foreground_ops_completed,delete_ranges_issued,event_type,open_delta_size,sealed_run_count,hard_run_limit,input_run_ids,output_run_id,input_levels,output_level,input_chunks,output_chunk_count,input_tombstones,output_tombstone_count,merge_queue_wait_us,merge_wall_time_us,merge_cpu_time_us,pre_publish_hist,post_publish_hist,fallback_details
2978184672790,PHASE_B,100317,62,SEAL,0,1,32,"","1","","0","","1","","64",0,0,0,"{}","{L0:1}",""
2978184675195,PHASE_B,100639,127,SEAL,0,2,32,"","2","","0","","1","","64",0,0,0,"{L0:1}","{L0:2}",""
2978184675210,PHASE_B,100639,127,MERGE_SUBMIT,0,2,32,"","","","","","","","",0,0,0,"{L0:2}","{L0:2}",""
2978184675268,PHASE_B,100650,129,MERGE_START,0,2,32,"[1,2]","","[0,0]","","[1,1]","","[64,64]","",40,0,0,"{L0:2}","{L0:2}",""
2978184675616,PHASE_B,100708,141,MERGE_DONE,0,0,0,"","3","","1","","2","","128",40,364,363,"","",""
2978184675643,PHASE_B,100708,141,MERGE_PUBLISH,0,1,32,"","3","","1","","2","","128",40,394,392,"{L0:2}","{L1:1}",""
2978184677532,PHASE_B,100955,190,SEAL,0,2,32,"","4","","0","","1","","64",0,0,0,"{L1:1}","{L0:1, L1:1}",""
2978184679938,PHASE_B,101276,255,SEAL,0,3,32,"","5","","0","","1","","64",0,0,0,"{L0:1, L1:1}","{L0:2, L1:1}",""
2978184679951,PHASE_B,101276,255,MERGE_SUBMIT,0,3,32,"","","","","","","","",0,0,0,"{L0:2, L1:1}","{L0:2, L1:1}",""
2978184680038,PHASE_B,101298,258,MERGE_START,0,3,32,"[4,5]","","[0,0]","","[1,1]","","[64,64]","",81,0,0,"{L0:2, L1:1}","{L0:2, L1:1}",""
2978184680155,PHASE_B,101315,262,MERGE_DONE,0,0,0,"","6","","1","","2","","128",81,124,123,"","",""
2978184680160,PHASE_B,101317,262,MERGE_PUBLISH,0,2,32,"","6","","1","","2","","128",81,128,127,"{L0:2, L1:1}","{L1:2}",""
2978184680166,PHASE_B,101319,262,MERGE_SUBMIT,6,2,32,"","","","","","","","",0,0,0,"{L1:2}","{L1:2}",""
2978184680181,PHASE_B,101320,262,MERGE_START,0,2,32,"[3,6]","","[1,1]","","[2,2]","","[128,128]","",13,0,0,"{L1:2}","{L1:2}",""
2978184680378,PHASE_B,101333,266,MERGE_DONE,0,0,0,"","7","","2","","4","","256",13,202,201,"","",""
2978184680382,PHASE_B,101333,266,MERGE_PUBLISH,0,1,32,"","7","","2","","4","","256",13,205,204,"{L1:2}","{L2:1}",""
2978184682635,PHASE_B,101601,319,SEAL,0,2,32,"","8","","0","","1","","64",0,0,0,"{L2:1}","{L0:1, L2:1}",""
2978184685065,PHASE_B,101919,383,SEAL,0,3,32,"","9","","0","","1","","64",0,0,0,"{L0:1, L2:1}","{L0:2, L2:1}",""
2978184685076,PHASE_B,101919,383,MERGE_SUBMIT,0,3,32,"","","","","","","","",0,0,0,"{L0:2, L2:1}","{L0:2, L2:1}",""
2978184685091,PHASE_B,101926,384,MERGE_START,0,3,32,"[8,9]","","[0,0]","","[1,1]","","[64,64]","",11,0,0,"{L0:2, L2:1}","{L0:2, L2:1}",""
2978184685198,PHASE_B,101937,386,MERGE_DONE,0,0,0,"","10","","1","","2","","128",11,105,104,"","",""
2978184685202,PHASE_B,101937,386,MERGE_PUBLISH,0,2,32,"","10","","1","","2","","128",11,115,115,"{L0:2, L2:1}","{L1:1, L2:1}",""
2978184687656,PHASE_B,102239,447,SEAL,0,3,32,"","11","","0","","1","","64",0,0,0,"{L1:1, L2:1}","{L0:1, L1:1, L2:1}",""
2978184690094,PHASE_B,102559,510,SEAL,0,4,32,"","12","","0","","1","","64",0,0,0,"{L0:1, L1:1, L2:1}","{L0:2, L1:1, L2:1}",""
2978184690105,PHASE_B,102559,510,MERGE_SUBMIT,0,4,32,"","","","","","","","",0,0,0,"{L0:2, L1:1, L2:1}","{L0:2, L1:1, L2:1}",""
2978184690114,PHASE_B,102559,510,MERGE_START,0,4,32,"[11,12]","","[0,0]","","[1,1]","","[64,64]","",5,0,0,"{L0:2, L1:1, L2:1}","{L0:2, L1:1, L2:1}",""
2978184690185,PHASE_B,102569,513,MERGE_DONE,0,0,0,"","13","","1","","2","","128",5,75,74,"","",""
2978184690189,PHASE_B,102569,513,MERGE_PUBLISH,0,3,32,"","13","","1","","2","","128",5,78,78,"{L0:2, L1:1, L2:1}","{L1:2, L2:1}",""
2978184690193,PHASE_B,102569,513,MERGE_SUBMIT,1,3,32,"","","","","","","","",0,0,0,"{L1:2, L2:1}","{L1:2, L2:1}",""
2978184690214,PHASE_B,102569,513,MERGE_START,0,3,32,"[10,13]","","[1,1]","","[2,2]","","[128,128]","",16,0,0,"{L1:2, L2:1}","{L1:2, L2:1}",""
2978184690460,PHASE_B,102609,519,MERGE_DONE,0,0,0,"","14","","2","","4","","256",16,251,251,"","",""
2978184690465,PHASE_B,102609,519,MERGE_PUBLISH,0,2,32,"","14","","2","","4","","256",16,256,255,"{L1:2, L2:1}","{L2:2}",""
2978184690470,PHASE_B,102609,519,MERGE_SUBMIT,8,2,32,"","","","","","","","",0,0,0,"{L2:2}","{L2:2}",""
2978184690552,PHASE_B,102615,522,MERGE_START,0,2,32,"[7,14]","","[2,2]","","[4,4]","","[256,256]","",66,0,0,"{L2:2}","{L2:2}",""
2978184690943,PHASE_B,102675,533,MERGE_DONE,0,0,0,"","15","","3","","8","","512",66,407,406,"","",""
2978184690947,PHASE_B,102675,533,MERGE_PUBLISH,0,1,32,"","15","","3","","8","","512",66,411,411,"{L2:2}","{L3:1}",""
2978184692641,PHASE_B,102882,575,SEAL,0,2,32,"","16","","0","","1","","64",0,0,0,"{L3:1}","{L0:1, L3:1}",""
2978184695120,PHASE_B,103192,636,SEAL,0,3,32,"","17","","0","","1","","64",0,0,0,"{L0:1, L3:1}","{L0:2, L3:1}",""
2978184695135,PHASE_B,103192,636,MERGE_SUBMIT,0,3,32,"","","","","","","","",0,0,0,"{L0:2, L3:1}","{L0:2, L3:1}",""
2978184695144,PHASE_B,103194,637,MERGE_START,0,3,32,"[16,17]","","[0,0]","","[1,1]","","[64,64]","",6,0,0,"{L0:2, L3:1}","{L0:2, L3:1}",""
2978184695221,PHASE_B,103211,641,MERGE_DONE,0,0,0,"","18","","1","","2","","128",6,81,80,"","",""
2978184695224,PHASE_B,103211,641,MERGE_PUBLISH,0,2,32,"","18","","1","","2","","128",6,84,83,"{L0:2, L3:1}","{L1:1, L3:1}",""
2978184697709,PHASE_B,103522,702,SEAL,0,3,32,"","19","","0","","1","","64",0,0,0,"{L1:1, L3:1}","{L0:1, L1:1, L3:1}",""
2978184700281,PHASE_B,103840,766,SEAL,0,4,32,"","20","","0","","1","","64",0,0,0,"{L0:1, L1:1, L3:1}","{L0:2, L1:1, L3:1}",""
2978184700292,PHASE_B,103840,766,MERGE_SUBMIT,0,4,32,"","","","","","","","",0,0,0,"{L0:2, L1:1, L3:1}","{L0:2, L1:1, L3:1}",""
2978184700302,PHASE_B,103840,766,MERGE_START,0,4,32,"[19,20]","","[0,0]","","[1,1]","","[64,64]","",6,0,0,"{L0:2, L1:1, L3:1}","{L0:2, L1:1, L3:1}",""
2978184700398,PHASE_B,103858,770,MERGE_DONE,0,0,0,"","21","","1","","2","","128",6,100,100,"","",""
2978184700403,PHASE_B,103858,770,MERGE_PUBLISH,0,3,32,"","21","","1","","2","","128",6,104,103,"{L0:2, L1:1, L3:1}","{L1:2, L3:1}",""
2978184700408,PHASE_B,103858,770,MERGE_SUBMIT,2,3,32,"","","","","","","","",0,0,0,"{L1:2, L3:1}","{L1:2, L3:1}",""
2978184700437,PHASE_B,103858,770,MERGE_START,0,3,32,"[18,21]","","[1,1]","","[2,2]","","[128,128]","",29,0,0,"{L1:2, L3:1}","{L1:2, L3:1}",""
2978184700673,PHASE_B,103885,776,MERGE_DONE,0,0,0,"","22","","2","","4","","256",29,237,237,"","",""
2978184700676,PHASE_B,103885,776,MERGE_PUBLISH,0,2,32,"","22","","2","","4","","256",29,240,240,"{L1:2, L3:1}","{L2:1, L3:1}",""
2978184702943,PHASE_B,104166,830,SEAL,0,3,32,"","23","","0","","1","","64",0,0,0,"{L2:1, L3:1}","{L0:1, L2:1, L3:1}",""
2978184705402,PHASE_B,104475,895,SEAL,0,4,32,"","24","","0","","1","","64",0,0,0,"{L0:1, L2:1, L3:1}","{L0:2, L2:1, L3:1}",""
2978184705419,PHASE_B,104475,895,MERGE_SUBMIT,0,4,32,"","","","","","","","",0,0,0,"{L0:2, L2:1, L3:1}","{L0:2, L2:1, L3:1}",""
2978184705486,PHASE_B,104489,897,MERGE_START,0,4,32,"[23,24]","","[0,0]","","[1,1]","","[64,64]","",58,0,0,"{L0:2, L2:1, L3:1}","{L0:2, L2:1, L3:1}",""
2978184705617,PHASE_B,104515,901,MERGE_DONE,0,0,0,"","25","","1","","2","","128",58,139,139,"","",""
2978184705624,PHASE_B,104515,901,MERGE_PUBLISH,0,3,32,"","25","","1","","2","","128",58,145,144,"{L0:2, L2:1, L3:1}","{L1:1, L2:1, L3:1}",""
2978184707798,PHASE_B,104800,957,SEAL,0,4,32,"","26","","0","","1","","64",0,0,0,"{L1:1, L2:1, L3:1}","{L0:1, L1:1, L2:1, L3:1}",""
2978184710236,PHASE_B,105116,1021,SEAL,0,5,32,"","27","","0","","1","","64",0,0,0,"{L0:1, L1:1, L2:1, L3:1}","{L0:2, L1:1, L2:1, L3:1}",""
2978184710248,PHASE_B,105116,1021,MERGE_SUBMIT,0,5,32,"","","","","","","","",0,0,0,"{L0:2, L1:1, L2:1, L3:1}","{L0:2, L1:1, L2:1, L3:1}",""
2978184710319,PHASE_B,105129,1026,MERGE_START,0,5,32,"[26,27]","","[0,0]","","[1,1]","","[64,64]","",55,0,0,"{L0:2, L1:1, L2:1, L3:1}","{L0:2, L1:1, L2:1, L3:1}",""
2978184710395,PHASE_B,105145,1029,MERGE_DONE,0,0,0,"","28","","1","","2","","128",55,92,81,"","",""
2978184710400,PHASE_B,105145,1029,MERGE_PUBLISH,0,4,32,"","28","","1","","2","","128",55,96,84,"{L0:2, L1:1, L2:1, L3:1}","{L1:2, L2:1, L3:1}",""
2978184710406,PHASE_B,105146,1029,MERGE_SUBMIT,5,4,32,"","","","","","","","",0,0,0,"{L1:2, L2:1, L3:1}","{L1:2, L2:1, L3:1}",""
2978184710464,PHASE_B,105146,1029,MERGE_START,0,4,32,"[25,28]","","[1,1]","","[2,2]","","[128,128]","",59,0,0,"{L1:2, L2:1, L3:1}","{L1:2, L2:1, L3:1}",""
2978184710662,PHASE_B,105182,1036,MERGE_DONE,0,0,0,"","29","","2","","4","","256",59,199,199,"","",""
2978184710666,PHASE_B,105184,1036,MERGE_PUBLISH,0,3,32,"","29","","2","","4","","256",59,202,202,"{L1:2, L2:1, L3:1}","{L2:2, L3:1}",""
2978184710669,PHASE_B,105184,1036,MERGE_SUBMIT,12,3,32,"","","","","","","","",0,0,0,"{L2:2, L3:1}","{L2:2, L3:1}",""
2978184710695,PHASE_B,105187,1036,MERGE_START,0,3,32,"[22,29]","","[2,2]","","[4,4]","","[256,256]","",25,0,0,"{L2:2, L3:1}","{L2:2, L3:1}",""
2978184711066,PHASE_B,105243,1047,MERGE_DONE,0,0,0,"","30","","3","","8","","512",25,372,372,"","",""
2978184711070,PHASE_B,105243,1047,MERGE_PUBLISH,0,2,32,"","30","","3","","8","","512",25,375,375,"{L2:2, L3:1}","{L3:2}",""
2978184711072,PHASE_B,105243,1047,MERGE_SUBMIT,24,2,32,"","","","","","","","",0,0,0,"{L3:2}","{L3:2}",""
2978184711118,PHASE_B,105249,1049,MERGE_START,0,2,32,"[15,30]","","[3,3]","","[8,8]","","[512,512]","",45,0,0,"{L3:2}","{L3:2}",""
2978184712492,PHASE_B,105413,1082,MERGE_DONE,0,0,0,"","31","","4","","16","","1024",45,1373,1373,"","",""
2978184712498,PHASE_B,105413,1082,MERGE_PUBLISH,0,1,32,"","31","","4","","16","","1024",45,1379,1379,"{L3:2}","{L4:1}",""
2978184712779,PHASE_B,105439,1086,SEAL,0,2,32,"","32","","0","","1","","64",0,0,0,"{L4:1}","{L0:1, L4:1}",""
2978184715249,PHASE_B,105753,1149,SEAL,0,3,32,"","33","","0","","1","","64",0,0,0,"{L0:1, L4:1}","{L0:2, L4:1}",""
2978184715263,PHASE_B,105753,1149,MERGE_SUBMIT,0,3,32,"","","","","","","","",0,0,0,"{L0:2, L4:1}","{L0:2, L4:1}",""
2978184715313,PHASE_B,105768,1153,MERGE_START,0,3,32,"[32,33]","","[0,0]","","[1,1]","","[64,64]","",30,0,0,"{L0:2, L4:1}","{L0:2, L4:1}",""
2978184715598,PHASE_B,105814,1161,MERGE_DONE,0,0,0,"","34","","1","","2","","128",30,304,303,"","",""
2978184715604,PHASE_B,105814,1161,MERGE_PUBLISH,0,2,32,"","34","","1","","2","","128",30,310,308,"{L0:2, L4:1}","{L1:1, L4:1}",""
2978184717709,PHASE_B,106077,1213,SEAL,0,3,32,"","35","","0","","1","","64",0,0,0,"{L1:1, L4:1}","{L0:1, L1:1, L4:1}",""
2978184720089,PHASE_B,106401,1278,SEAL,0,4,32,"","36","","0","","1","","64",0,0,0,"{L0:1, L1:1, L4:1}","{L0:2, L1:1, L4:1}",""
2978184720100,PHASE_B,106401,1278,MERGE_SUBMIT,0,4,32,"","","","","","","","",0,0,0,"{L0:2, L1:1, L4:1}","{L0:2, L1:1, L4:1}",""
2978184720182,PHASE_B,106413,1281,MERGE_START,0,4,32,"[35,36]","","[0,0]","","[1,1]","","[64,64]","",63,0,0,"{L0:2, L1:1, L4:1}","{L0:2, L1:1, L4:1}",""
2978184720292,PHASE_B,106427,1284,MERGE_DONE,0,0,0,"","37","","1","","2","","128",63,128,128,"","",""
2978184720305,PHASE_B,106427,1284,MERGE_PUBLISH,0,3,32,"","37","","1","","2","","128",63,140,140,"{L0:2, L1:1, L4:1}","{L1:2, L4:1}",""
2978184720311,PHASE_B,106427,1284,MERGE_SUBMIT,6,3,32,"","","","","","","","",0,0,0,"{L1:2, L4:1}","{L1:2, L4:1}",""
2978184720333,PHASE_B,106431,1287,MERGE_START,0,3,32,"[34,37]","","[1,1]","","[2,2]","","[128,128]","",23,0,0,"{L1:2, L4:1}","{L1:2, L4:1}",""
2978184720509,PHASE_B,106463,1291,MERGE_DONE,0,0,0,"","38","","2","","4","","256",23,177,177,"","",""
2978184720513,PHASE_B,106463,1291,MERGE_PUBLISH,0,2,32,"","38","","2","","4","","256",23,180,180,"{L1:2, L4:1}","{L2:1, L4:1}",""
2978184722538,PHASE_B,106720,1343,SEAL,0,3,32,"","39","","0","","1","","64",0,0,0,"{L2:1, L4:1}","{L0:1, L2:1, L4:1}",""
2978184724834,PHASE_B,107042,1407,SEAL,0,4,32,"","40","","0","","1","","64",0,0,0,"{L0:1, L2:1, L4:1}","{L0:2, L2:1, L4:1}",""
2978184724845,PHASE_B,107042,1407,MERGE_SUBMIT,0,4,32,"","","","","","","","",0,0,0,"{L0:2, L2:1, L4:1}","{L0:2, L2:1, L4:1}",""
2978184724961,PHASE_B,107063,1410,MERGE_START,0,4,32,"[39,40]","","[0,0]","","[1,1]","","[64,64]","",94,0,0,"{L0:2, L2:1, L4:1}","{L0:2, L2:1, L4:1}",""
2978184725199,PHASE_B,107094,1419,MERGE_DONE,0,0,0,"","41","","1","","2","","128",94,257,256,"","",""
2978184725210,PHASE_B,107096,1419,MERGE_PUBLISH,0,3,32,"","41","","1","","2","","128",94,267,265,"{L0:2, L2:1, L4:1}","{L1:1, L2:1, L4:1}",""
2978184727264,PHASE_B,107352,1469,SEAL,0,4,32,"","42","","0","","1","","64",0,0,0,"{L1:1, L2:1, L4:1}","{L0:1, L1:1, L2:1, L4:1}",""
2978184729611,PHASE_B,107678,1535,SEAL,0,5,32,"","43","","0","","1","","64",0,0,0,"{L0:1, L1:1, L2:1, L4:1}","{L0:2, L1:1, L2:1, L4:1}",""
2978184729622,PHASE_B,107678,1535,MERGE_SUBMIT,0,5,32,"","","","","","","","",0,0,0,"{L0:2, L1:1, L2:1, L4:1}","{L0:2, L1:1, L2:1, L4:1}",""
2978184729687,PHASE_B,107683,1538,MERGE_START,0,5,32,"[42,43]","","[0,0]","","[1,1]","","[64,64]","",55,0,0,"{L0:2, L1:1, L2:1, L4:1}","{L0:2, L1:1, L2:1, L4:1}",""
2978184729810,PHASE_B,107703,1539,MERGE_DONE,0,0,0,"","44","","1","","2","","128",55,131,131,"","",""
2978184729818,PHASE_B,107703,1539,MERGE_PUBLISH,0,4,32,"","44","","1","","2","","128",55,138,137,"{L0:2, L1:1, L2:1, L4:1}","{L1:2, L2:1, L4:1}",""
2978184729836,PHASE_B,107703,1539,MERGE_SUBMIT,6,4,32,"","","","","","","","",0,0,0,"{L1:2, L2:1, L4:1}","{L1:2, L2:1, L4:1}",""
2978184729878,PHASE_B,107713,1543,MERGE_START,0,4,32,"[41,44]","","[1,1]","","[2,2]","","[128,128]","",28,0,0,"{L1:2, L2:1, L4:1}","{L1:2, L2:1, L4:1}",""
2978184730116,PHASE_B,107751,1550,MERGE_DONE,0,0,0,"","45","","2","","4","","256",28,254,254,"","",""
2978184730122,PHASE_B,107751,1550,MERGE_PUBLISH,0,3,32,"","45","","2","","4","","256",28,258,258,"{L1:2, L2:1, L4:1}","{L2:2, L4:1}",""
2978184730126,PHASE_B,107752,1550,MERGE_SUBMIT,14,3,32,"","","","","","","","",0,0,0,"{L2:2, L4:1}","{L2:2, L4:1}",""
2978184730165,PHASE_B,107761,1551,MERGE_START,0,3,32,"[38,45]","","[2,2]","","[4,4]","","[256,256]","",38,0,0,"{L2:2, L4:1}","{L2:2, L4:1}",""
2978184730965,PHASE_B,107866,1574,MERGE_DONE,0,0,0,"","46","","3","","8","","512",38,799,800,"","",""
2978184730973,PHASE_B,107866,1574,MERGE_PUBLISH,0,2,32,"","46","","3","","8","","512",38,807,807,"{L2:2, L4:1}","{L3:1, L4:1}",""
2978184732095,PHASE_B,107999,1599,SEAL,0,3,32,"","47","","0","","1","","64",0,0,0,"{L3:1, L4:1}","{L0:1, L3:1, L4:1}",""
2978184734576,PHASE_B,108320,1662,SEAL,0,4,32,"","48","","0","","1","","64",0,0,0,"{L0:1, L3:1, L4:1}","{L0:2, L3:1, L4:1}",""
2978184734588,PHASE_B,108320,1662,MERGE_SUBMIT,0,4,32,"","","","","","","","",0,0,0,"{L0:2, L3:1, L4:1}","{L0:2, L3:1, L4:1}",""
2978184734697,PHASE_B,108336,1667,MERGE_START,0,4,32,"[47,48]","","[0,0]","","[1,1]","","[64,64]","",89,0,0,"{L0:2, L3:1, L4:1}","{L0:2, L3:1, L4:1}",""
2978184734984,PHASE_B,108384,1675,MERGE_DONE,0,0,0,"","49","","1","","2","","128",89,305,304,"","",""
2978184735014,PHASE_B,108384,1675,MERGE_PUBLISH,0,3,32,"","49","","1","","2","","128",89,316,315,"{L0:2, L3:1, L4:1}","{L1:1, L3:1, L4:1}",""
2978184737286,PHASE_B,108636,1726,SEAL,0,4,32,"","50","","0","","1","","64",0,0,0,"{L1:1, L3:1, L4:1}","{L0:1, L1:1, L3:1, L4:1}",""
2978184739787,PHASE_B,108951,1789,SEAL,0,5,32,"","51","","0","","1","","64",0,0,0,"{L0:1, L1:1, L3:1, L4:1}","{L0:2, L1:1, L3:1, L4:1}",""
2978184739801,PHASE_B,108951,1789,MERGE_SUBMIT,0,5,32,"","","","","","","","",0,0,0,"{L0:2, L1:1, L3:1, L4:1}","{L0:2, L1:1, L3:1, L4:1}",""
2978184739909,PHASE_B,108977,1794,MERGE_START,0,5,32,"[50,51]","","[0,0]","","[1,1]","","[64,64]","",87,0,0,"{L0:2, L1:1, L3:1, L4:1}","{L0:2, L1:1, L3:1, L4:1}",""
2978184740285,PHASE_B,109035,1807,MERGE_DONE,0,0,0,"","52","","1","","2","","128",87,394,393,"","",""
2978184740304,PHASE_B,109038,1807,MERGE_PUBLISH,0,4,32,"","52","","1","","2","","128",87,407,406,"{L0:2, L1:1, L3:1, L4:1}","{L1:2, L3:1, L4:1}",""
2978184740320,PHASE_B,109044,1808,MERGE_SUBMIT,15,4,32,"","","","","","","","",0,0,0,"{L1:2, L3:1, L4:1}","{L1:2, L3:1, L4:1}",""
2978184740394,PHASE_B,109051,1809,MERGE_START,0,4,32,"[49,52]","","[1,1]","","[2,2]","","[128,128]","",76,0,0,"{L1:2, L3:1, L4:1}","{L1:2, L3:1, L4:1}",""
2978184740901,PHASE_B,109113,1822,MERGE_DONE,0,0,0,"","53","","2","","4","","256",76,512,512,"","",""
2978184740915,PHASE_B,109113,1822,MERGE_PUBLISH,0,3,32,"","53","","2","","4","","256",76,521,521,"{L1:2, L3:1, L4:1}","{L2:1, L3:1, L4:1}",""
2978184742304,PHASE_B,109281,1855,SEAL,0,4,32,"","54","","0","","1","","64",0,0,0,"{L2:1, L3:1, L4:1}","{L0:1, L2:1, L3:1, L4:1}",""
2978184744759,PHASE_B,109593,1916,SEAL,0,5,32,"","55","","0","","1","","64",0,0,0,"{L0:1, L2:1, L3:1, L4:1}","{L0:2, L2:1, L3:1, L4:1}",""
2978184744771,PHASE_B,109593,1916,MERGE_SUBMIT,0,5,32,"","","","","","","","",0,0,0,"{L0:2, L2:1, L3:1, L4:1}","{L0:2, L2:1, L3:1, L4:1}",""
2978184744867,PHASE_B,109612,1922,MERGE_START,0,5,32,"[54,55]","","[0,0]","","[1,1]","","[64,64]","",79,0,0,"{L0:2, L2:1, L3:1, L4:1}","{L0:2, L2:1, L3:1, L4:1}",""
2978184745107,PHASE_B,109655,1929,MERGE_DONE,0,0,0,"","56","","1","","2","","128",79,254,254,"","",""
2978184745121,PHASE_B,109655,1929,MERGE_PUBLISH,0,4,32,"","56","","1","","2","","128",79,265,264,"{L0:2, L2:1, L3:1, L4:1}","{L1:1, L2:1, L3:1, L4:1}",""
2978184747243,PHASE_B,109921,1983,SEAL,0,5,32,"","57","","0","","1","","64",0,0,0,"{L1:1, L2:1, L3:1, L4:1}","{L0:1, L1:1, L2:1, L3:1, L4:1}",""
2978184749604,PHASE_B,110236,2045,SEAL,0,6,32,"","58","","0","","1","","64",0,0,0,"{L0:1, L1:1, L2:1, L3:1, L4:1}","{L0:2, L1:1, L2:1, L3:1, L4:1}",""
2978184749621,PHASE_B,110236,2045,MERGE_SUBMIT,0,6,32,"","","","","","","","",0,0,0,"{L0:2, L1:1, L2:1, L3:1, L4:1}","{L0:2, L1:1, L2:1, L3:1, L4:1}",""
2978184749725,PHASE_B,110253,2049,MERGE_START,0,6,32,"[57,58]","","[0,0]","","[1,1]","","[64,64]","",84,0,0,"{L0:2, L1:1, L2:1, L3:1, L4:1}","{L0:2, L1:1, L2:1, L3:1, L4:1}",""
2978184750047,PHASE_B,110302,2060,MERGE_DONE,0,0,0,"","59","","1","","2","","128",84,338,338,"","",""
2978184750069,PHASE_B,110309,2062,MERGE_PUBLISH,0,5,32,"","59","","1","","2","","128",84,355,354,"{L0:2, L1:1, L2:1, L3:1, L4:1}","{L1:2, L2:1, L3:1, L4:1}",""
2978184750085,PHASE_B,110314,2063,MERGE_SUBMIT,14,5,32,"","","","","","","","",0,0,0,"{L1:2, L2:1, L3:1, L4:1}","{L1:2, L2:1, L3:1, L4:1}",""
2978184750185,PHASE_B,110336,2064,MERGE_START,0,5,32,"[56,59]","","[1,1]","","[2,2]","","[128,128]","",85,0,0,"{L1:2, L2:1, L3:1, L4:1}","{L1:2, L2:1, L3:1, L4:1}",""
2978184750758,PHASE_B,110401,2079,MERGE_DONE,0,0,0,"","60","","2","","4","","256",85,592,591,"","",""
2978184750799,PHASE_B,110412,2081,MERGE_PUBLISH,0,4,32,"","60","","2","","4","","256",85,627,615,"{L1:2, L2:1, L3:1, L4:1}","{L2:2, L3:1, L4:1}",""
2978184750816,PHASE_B,110416,2082,MERGE_SUBMIT,33,4,32,"","","","","","","","",0,0,0,"{L2:2, L3:1, L4:1}","{L2:2, L3:1, L4:1}",""
2978184750917,PHASE_B,110417,2082,MERGE_START,0,4,32,"[53,60]","","[2,2]","","[4,4]","","[256,256]","",86,0,0,"{L2:2, L3:1, L4:1}","{L2:2, L3:1, L4:1}",""
2978184752044,PHASE_B,110556,2109,MERGE_DONE,0,0,0,"","61","","3","","8","","512",86,1146,1145,"","",""
2978184752063,PHASE_B,110556,2109,MERGE_PUBLISH,0,3,32,"","61","","3","","8","","512",86,1161,1160,"{L2:2, L3:1, L4:1}","{L3:2, L4:1}",""
2978184752077,PHASE_B,110556,2109,MERGE_SUBMIT,63,3,32,"","","","","","","","",0,0,0,"{L3:2, L4:1}","{L3:2, L4:1}",""
2978184752125,PHASE_B,110556,2109,SEAL,0,4,32,"","62","","0","","1","","64",0,0,0,"{L3:2, L4:1}","{L0:1, L3:2, L4:1}",""
2978184752179,PHASE_B,110562,2113,MERGE_START,0,4,32,"[46,61]","","[3,3]","","[8,8]","","[512,512]","",86,0,0,"{L0:1, L3:2, L4:1}","{L0:1, L3:2, L4:1}",""
2978184754592,PHASE_B,110883,2175,SEAL,0,5,32,"","64","","0","","1","","64",0,0,0,"{L0:1, L3:2, L4:1}","{L0:2, L3:2, L4:1}",""
2978184754666,PHASE_B,110898,2177,MERGE_DONE,0,0,0,"","63","","4","","16","","1024",86,2504,2504,"","",""
2978184754689,PHASE_B,110898,2177,MERGE_PUBLISH,0,4,32,"","63","","4","","16","","1024",86,2524,2523,"{L0:2, L3:2, L4:1}","{L0:2, L4:2}",""
2978184754702,PHASE_B,110901,2179,MERGE_SUBMIT,2,4,32,"","","","","","","","",0,0,0,"{L0:2, L4:2}","{L0:2, L4:2}",""
2978184754806,PHASE_B,110911,2183,MERGE_START,0,4,32,"[62,64]","","[0,0]","","[1,1]","","[64,64]","",89,0,0,"{L0:2, L4:2}","{L0:2, L4:2}",""
2978184755114,PHASE_B,110961,2192,MERGE_DONE,0,0,0,"","65","","1","","2","","128",89,325,324,"","",""
2978184755128,PHASE_B,110961,2192,MERGE_PUBLISH,0,3,32,"","65","","1","","2","","128",89,338,336,"{L0:2, L4:2}","{L1:1, L4:2}",""
2978184755152,PHASE_B,110961,2192,MERGE_SUBMIT,16,3,32,"","","","","","","","",0,0,0,"{L1:1, L4:2}","{L1:1, L4:2}",""
2978184755217,PHASE_B,110976,2194,MERGE_START,0,3,32,"[31,63]","","[4,4]","","[16,16]","","[1024,1024]","",63,0,0,"{L1:1, L4:2}","{L1:1, L4:2}",""
2978184757068,PHASE_B,111200,2239,SEAL,0,4,32,"","67","","0","","1","","64",0,0,0,"{L1:1, L4:2}","{L0:1, L1:1, L4:2}",""
2978184759481,PHASE_B,111520,2303,SEAL,0,5,32,"","68","","0","","1","","64",0,0,0,"{L0:1, L1:1, L4:2}","{L0:2, L1:1, L4:2}",""
2978184760654,PHASE_B,111698,2338,MERGE_DONE,0,0,0,"","66","","5","","32","","2048",63,5437,5438,"","",""
2978184760675,PHASE_B,111698,2338,MERGE_PUBLISH,0,4,32,"","66","","5","","32","","2048",63,5455,5455,"{L0:2, L1:1, L4:2}","{L0:2, L1:1, L5:1}",""
2978184760693,PHASE_B,111698,2338,MERGE_SUBMIT,36,4,32,"","","","","","","","",0,0,0,"{L0:2, L1:1, L5:1}","{L0:2, L1:1, L5:1}",""
2978184760811,PHASE_B,111712,2342,MERGE_START,0,4,32,"[67,68]","","[0,0]","","[1,1]","","[64,64]","",96,0,0,"{L0:2, L1:1, L5:1}","{L0:2, L1:1, L5:1}",""
2978184761097,PHASE_B,111757,2350,MERGE_DONE,0,0,0,"","69","","1","","2","","128",96,309,308,"","",""
2978184761113,PHASE_B,111757,2350,MERGE_PUBLISH,0,3,32,"","69","","1","","2","","128",96,322,321,"{L0:2, L1:1, L5:1}","{L1:2, L5:1}",""
2978184761137,PHASE_B,111757,2350,MERGE_SUBMIT,46,3,32,"","","","","","","","",0,0,0,"{L1:2, L5:1}","{L1:2, L5:1}",""
2978184761213,PHASE_B,111766,2352,MERGE_START,0,3,32,"[65,69]","","[1,1]","","[2,2]","","[128,128]","",84,0,0,"{L1:2, L5:1}","{L1:2, L5:1}",""
2978184761726,PHASE_B,111823,2364,MERGE_DONE,0,0,0,"","70","","2","","4","","256",84,517,517,"","",""
2978184761737,PHASE_B,111823,2364,MERGE_PUBLISH,0,2,32,"","70","","2","","4","","256",84,526,525,"{L1:2, L5:1}","{L2:1, L5:1}",""
2978184761939,PHASE_B,111840,2367,SEAL,0,3,32,"","71","","0","","1","","64",0,0,0,"{L2:1, L5:1}","{L0:1, L2:1, L5:1}",""
2978184764311,PHASE_B,112158,2429,SEAL,0,4,32,"","72","","0","","1","","64",0,0,0,"{L0:1, L2:1, L5:1}","{L0:2, L2:1, L5:1}",""
2978184764322,PHASE_B,112158,2429,MERGE_SUBMIT,0,4,32,"","","","","","","","",0,0,0,"{L0:2, L2:1, L5:1}","{L0:2, L2:1, L5:1}",""
2978184764438,PHASE_B,112170,2435,MERGE_START,0,4,32,"[71,72]","","[0,0]","","[1,1]","","[64,64]","",90,0,0,"{L0:2, L2:1, L5:1}","{L0:2, L2:1, L5:1}",""
2978184764738,PHASE_B,112230,2444,MERGE_DONE,0,0,0,"","73","","1","","2","","128",90,323,322,"","",""
2978184764755,PHASE_B,112230,2444,MERGE_PUBLISH,0,3,32,"","73","","1","","2","","128",90,336,335,"{L0:2, L2:1, L5:1}","{L1:1, L2:1, L5:1}",""
2978184766889,PHASE_B,112477,2493,SEAL,0,4,32,"","74","","0","","1","","64",0,0,0,"{L1:1, L2:1, L5:1}","{L0:1, L1:1, L2:1, L5:1}",""
2978184769364,PHASE_B,112805,2559,SEAL,0,5,32,"","75","","0","","1","","64",0,0,0,"{L0:1, L1:1, L2:1, L5:1}","{L0:2, L1:1, L2:1, L5:1}",""
2978184769375,PHASE_B,112805,2559,MERGE_SUBMIT,0,5,32,"","","","","","","","",0,0,0,"{L0:2, L1:1, L2:1, L5:1}","{L0:2, L1:1, L2:1, L5:1}",""
2978184769495,PHASE_B,112818,2563,MERGE_START,0,5,32,"[74,75]","","[0,0]","","[1,1]","","[64,64]","",98,0,0,"{L0:2, L1:1, L2:1, L5:1}","{L0:2, L1:1, L2:1, L5:1}",""
2978184769761,PHASE_B,112859,2571,MERGE_DONE,0,0,0,"","76","","1","","2","","128",98,285,284,"","",""
2978184769779,PHASE_B,112859,2571,MERGE_PUBLISH,0,4,32,"","76","","1","","2","","128",98,299,297,"{L0:2, L1:1, L2:1, L5:1}","{L1:2, L2:1, L5:1}",""
2978184769799,PHASE_B,112862,2571,MERGE_SUBMIT,12,4,32,"","","","","","","","",0,0,0,"{L1:2, L2:1, L5:1}","{L1:2, L2:1, L5:1}",""
2978184769862,PHASE_B,112879,2574,MERGE_START,0,4,32,"[73,76]","","[1,1]","","[2,2]","","[128,128]","",62,0,0,"{L1:2, L2:1, L5:1}","{L1:2, L2:1, L5:1}",""
2978184770375,PHASE_B,112947,2588,MERGE_DONE,0,0,0,"","77","","2","","4","","256",62,518,518,"","",""
2978184770403,PHASE_B,112951,2588,MERGE_PUBLISH,0,3,32,"","77","","2","","4","","256",62,542,541,"{L1:2, L2:1, L5:1}","{L2:2, L5:1}",""
2978184770412,PHASE_B,112951,2588,MERGE_SUBMIT,29,3,32,"","","","","","","","",0,0,0,"{L2:2, L5:1}","{L2:2, L5:1}",""
2978184770514,PHASE_B,112959,2590,MERGE_START,0,3,32,"[70,77]","","[2,2]","","[4,4]","","[256,256]","",85,0,0,"{L2:2, L5:1}","{L2:2, L5:1}",""
2978184771611,PHASE_B,113102,2618,MERGE_DONE,0,0,0,"","78","","3","","8","","512",85,1112,1112,"","",""
2978184771626,PHASE_B,113104,2618,MERGE_PUBLISH,0,2,32,"","78","","3","","8","","512",85,1126,1125,"{L2:2, L5:1}","{L3:1, L5:1}",""
2978184771938,PHASE_B,113107,2620,SEAL,0,3,32,"","79","","0","","1","","64",0,0,0,"{L3:1, L5:1}","{L0:1, L3:1, L5:1}",""
2978184774471,PHASE_B,113449,2687,SEAL,0,4,32,"","80","","0","","1","","64",0,0,0,"{L0:1, L3:1, L5:1}","{L0:2, L3:1, L5:1}",""
2978184774482,PHASE_B,113449,2687,MERGE_SUBMIT,0,4,32,"","","","","","","","",0,0,0,"{L0:2, L3:1, L5:1}","{L0:2, L3:1, L5:1}",""
2978184774603,PHASE_B,113453,2689,MERGE_START,0,4,32,"[79,80]","","[0,0]","","[1,1]","","[64,64]","",99,0,0,"{L0:2, L3:1, L5:1}","{L0:2, L3:1, L5:1}",""
2978184774903,PHASE_B,113499,2699,MERGE_DONE,0,0,0,"","81","","1","","2","","128",99,317,317,"","",""
2978184774920,PHASE_B,113499,2699,MERGE_PUBLISH,0,3,32,"","81","","1","","2","","128",99,331,330,"{L0:2, L3:1, L5:1}","{L1:1, L3:1, L5:1}",""
2978184776950,PHASE_B,113759,2750,SEAL,0,4,32,"","82","","0","","1","","64",0,0,0,"{L1:1, L3:1, L5:1}","{L0:1, L1:1, L3:1, L5:1}",""
2978184779266,PHASE_B,114078,2815,SEAL,0,5,32,"","83","","0","","1","","64",0,0,0,"{L0:1, L1:1, L3:1, L5:1}","{L0:2, L1:1, L3:1, L5:1}",""
2978184779278,PHASE_B,114078,2815,MERGE_SUBMIT,0,5,32,"","","","","","","","",0,0,0,"{L0:2, L1:1, L3:1, L5:1}","{L0:2, L1:1, L3:1, L5:1}",""
2978184779402,PHASE_B,114101,2820,MERGE_START,0,5,32,"[82,83]","","[0,0]","","[1,1]","","[64,64]","",102,0,0,"{L0:2, L1:1, L3:1, L5:1}","{L0:2, L1:1, L3:1, L5:1}",""
2978184779704,PHASE_B,114157,2831,MERGE_DONE,0,0,0,"","84","","1","","2","","128",102,320,320,"","",""
2978184779721,PHASE_B,114158,2831,MERGE_PUBLISH,0,4,32,"","84","","1","","2","","128",102,334,332,"{L0:2, L1:1, L3:1, L5:1}","{L1:2, L3:1, L5:1}",""
2978184779755,PHASE_B,114158,2831,MERGE_SUBMIT,15,4,32,"","","","","","","","",0,0,0,"{L1:2, L3:1, L5:1}","{L1:2, L3:1, L5:1}",""
2978184779831,PHASE_B,114169,2833,MERGE_START,0,4,32,"[81,84]","","[1,1]","","[2,2]","","[128,128]","",75,0,0,"{L1:2, L3:1, L5:1}","{L1:2, L3:1, L5:1}",""
2978184780341,PHASE_B,114241,2846,MERGE_DONE,0,0,0,"","85","","2","","4","","256",75,514,514,"","",""
2978184780355,PHASE_B,114241,2846,MERGE_PUBLISH,0,3,32,"","85","","2","","4","","256",75,524,524,"{L1:2, L3:1, L5:1}","{L2:1, L3:1, L5:1}",""
2978184781656,PHASE_B,114399,2879,SEAL,0,4,32,"","86","","0","","1","","64",0,0,0,"{L2:1, L3:1, L5:1}","{L0:1, L2:1, L3:1, L5:1}",""
2978184783916,PHASE_B,114723,2943,SEAL,0,5,32,"","87","","0","","1","","64",0,0,0,"{L0:1, L2:1, L3:1, L5:1}","{L0:2, L2:1, L3:1, L5:1}",""
2978184783927,PHASE_B,114723,2943,MERGE_SUBMIT,0,5,32,"","","","","","","","",0,0,0,"{L0:2, L2:1, L3:1, L5:1}","{L0:2, L2:1, L3:1, L5:1}",""
2978184784046,PHASE_B,114740,2946,MERGE_START,0,5,32,"[86,87]","","[0,0]","","[1,1]","","[64,64]","",96,0,0,"{L0:2, L2:1, L3:1, L5:1}","{L0:2, L2:1, L3:1, L5:1}",""
2978184784347,PHASE_B,114794,2958,MERGE_DONE,0,0,0,"","88","","1","","2","","128",96,320,320,"","",""
2978184784443,PHASE_B,114805,2960,MERGE_PUBLISH,0,4,32,"","88","","1","","2","","128",96,411,373,"{L0:2, L2:1, L3:1, L5:1}","{L1:1, L2:1, L3:1, L5:1}",""
2978184786264,PHASE_B,115052,3007,SEAL,0,5,32,"","89","","0","","1","","64",0,0,0,"{L1:1, L2:1, L3:1, L5:1}","{L0:1, L1:1, L2:1, L3:1, L5:1}",""
2978184788658,PHASE_B,115356,3069,SEAL,0,6,32,"","90","","0","","1","","64",0,0,0,"{L0:1, L1:1, L2:1, L3:1, L5:1}","{L0:2, L1:1, L2:1, L3:1, L5:1}",""
2978184788669,PHASE_B,115356,3069,MERGE_SUBMIT,0,6,32,"","","","","","","","",0,0,0,"{L0:2, L1:1, L2:1, L3:1, L5:1}","{L0:2, L1:1, L2:1, L3:1, L5:1}",""
2978184788795,PHASE_B,115378,3075,MERGE_START,0,6,32,"[89,90]","","[0,0]","","[1,1]","","[64,64]","",97,0,0,"{L0:2, L1:1, L2:1, L3:1, L5:1}","{L0:2, L1:1, L2:1, L3:1, L5:1}",""
2978184789107,PHASE_B,115425,3084,MERGE_DONE,0,0,0,"","91","","1","","2","","128",97,336,335,"","",""
2978184789127,PHASE_B,115425,3084,MERGE_PUBLISH,0,5,32,"","91","","1","","2","","128",97,351,349,"{L0:2, L1:1, L2:1, L3:1, L5:1}","{L1:2, L2:1, L3:1, L5:1}",""
2978184789142,PHASE_B,115429,3086,MERGE_SUBMIT,13,5,32,"","","","","","","","",0,0,0,"{L1:2, L2:1, L3:1, L5:1}","{L1:2, L2:1, L3:1, L5:1}",""
2978184789219,PHASE_B,115442,3088,MERGE_START,0,5,32,"[88,91]","","[1,1]","","[2,2]","","[128,128]","",77,0,0,"{L1:2, L2:1, L3:1, L5:1}","{L1:2, L2:1, L3:1, L5:1}",""
2978184789713,PHASE_B,115505,3100,MERGE_DONE,0,0,0,"","92","","2","","4","","256",77,499,499,"","",""
2978184789753,PHASE_B,115505,3100,MERGE_PUBLISH,0,4,32,"","92","","2","","4","","256",77,532,522,"{L1:2, L2:1, L3:1, L5:1}","{L2:2, L3:1, L5:1}",""
2978184789765,PHASE_B,115505,3100,MERGE_SUBMIT,30,4,32,"","","","","","","","",0,0,0,"{L2:2, L3:1, L5:1}","{L2:2, L3:1, L5:1}",""
2978184789869,PHASE_B,115525,3105,MERGE_START,0,4,32,"[85,92]","","[2,2]","","[4,4]","","[256,256]","",85,0,0,"{L2:2, L3:1, L5:1}","{L2:2, L3:1, L5:1}",""
2978184790955,PHASE_B,115658,3131,MERGE_DONE,0,0,0,"","93","","3","","8","","512",85,1103,1103,"","",""
2978184791046,PHASE_B,115662,3132,MERGE_PUBLISH,0,3,32,"","93","","3","","8","","512",85,1189,1142,"{L2:2, L3:1, L5:1}","{L3:2, L5:1}",""
2978184791064,PHASE_B,115662,3132,MERGE_SUBMIT,61,3,32,"","","","","","","","",0,0,0,"{L3:2, L5:1}","{L3:2, L5:1}",""
2978184791164,PHASE_B,115684,3135,MERGE_START,0,3,32,"[78,93]","","[3,3]","","[8,8]","","[512,512]","",84,0,0,"{L3:2, L5:1}","{L3:2, L5:1}",""
2978184791214,PHASE_B,115684,3135,SEAL,0,4,32,"","94","","0","","1","","64",0,0,0,"{L3:2, L5:1}","{L0:1, L3:2, L5:1}",""
2978184793562,PHASE_B,115994,3199,SEAL,0,5,32,"","96","","0","","1","","64",0,0,0,"{L0:1, L3:2, L5:1}","{L0:2, L3:2, L5:1}",""
2978184793834,PHASE_B,116042,3209,MERGE_DONE,0,0,0,"","95","","4","","16","","1024",84,2686,2686,"","",""
2978184793853,PHASE_B,116044,3209,MERGE_PUBLISH,0,4,32,"","95","","4","","16","","1024",84,2701,2700,"{L0:2, L3:2, L5:1}","{L0:2, L4:1, L5:1}",""
2978184793869,PHASE_B,116044,3209,MERGE_SUBMIT,9,4,32,"","","","","","","","",0,0,0,"{L0:2, L4:1, L5:1}","{L0:2, L4:1, L5:1}",""
2978184793980,PHASE_B,116070,3211,MERGE_START,0,4,32,"[94,96]","","[0,0]","","[1,1]","","[64,64]","",97,0,0,"{L0:2, L4:1, L5:1}","{L0:2, L4:1, L5:1}",""
2978184794281,PHASE_B,116110,3220,MERGE_DONE,0,0,0,"","97","","1","","2","","128",97,319,318,"","",""
2978184794298,PHASE_B,116110,3220,MERGE_PUBLISH,0,3,32,"","97","","1","","2","","128",97,332,331,"{L0:2, L4:1, L5:1}","{L1:1, L4:1, L5:1}",""
2978184796027,PHASE_B,116314,3261,SEAL,0,4,32,"","98","","0","","1","","64",0,0,0,"{L1:1, L4:1, L5:1}","{L0:1, L1:1, L4:1, L5:1}",""
2978184798250,PHASE_B,116639,3326,SEAL,0,5,32,"","99","","0","","1","","64",0,0,0,"{L0:1, L1:1, L4:1, L5:1}","{L0:2, L1:1, L4:1, L5:1}",""
2978184798262,PHASE_B,116639,3326,MERGE_SUBMIT,0,5,32,"","","","","","","","",0,0,0,"{L0:2, L1:1, L4:1, L5:1}","{L0:2, L1:1, L4:1, L5:1}",""
2978184798365,PHASE_B,116656,3331,MERGE_START,0,5,32,"[98,99]","","[0,0]","","[1,1]","","[64,64]","",81,0,0,"{L0:2, L1:1, L4:1, L5:1}","{L0:2, L1:1, L4:1, L5:1}",""
2978184798686,PHASE_B,116710,3341,MERGE_DONE,0,0,0,"","100","","1","","2","","128",81,339,338,"","",""
2978184798705,PHASE_B,116710,3341,MERGE_PUBLISH,0,4,32,"","100","","1","","2","","128",81,354,353,"{L0:2, L1:1, L4:1, L5:1}","{L1:2, L4:1, L5:1}",""
2978184798724,PHASE_B,116714,3343,MERGE_SUBMIT,14,4,32,"","","","","","","","",0,0,0,"{L1:2, L4:1, L5:1}","{L1:2, L4:1, L5:1}",""
2978184798836,PHASE_B,116734,3345,MERGE_START,0,4,32,"[97,100]","","[1,1]","","[2,2]","","[128,128]","",95,0,0,"{L1:2, L4:1, L5:1}","{L1:2, L4:1, L5:1}",""
2978184799422,PHASE_B,116816,3362,MERGE_DONE,0,0,0,"","101","","2","","4","","256",95,603,603,"","",""
2978184799477,PHASE_B,116819,3363,MERGE_PUBLISH,0,3,32,"","101","","2","","4","","256",95,654,643,"{L1:2, L4:1, L5:1}","{L2:1, L4:1, L5:1}",""
2978184800716,PHASE_B,116957,3391,SEAL,0,4,32,"","102","","0","","1","","64",0,0,0,"{L2:1, L4:1, L5:1}","{L0:1, L2:1, L4:1, L5:1}",""
2978184803010,PHASE_B,117287,3455,SEAL,0,5,32,"","103","","0","","1","","64",0,0,0,"{L0:1, L2:1, L4:1, L5:1}","{L0:2, L2:1, L4:1, L5:1}",""
2978184803022,PHASE_B,117287,3455,MERGE_SUBMIT,0,5,32,"","","","","","","","",0,0,0,"{L0:2, L2:1, L4:1, L5:1}","{L0:2, L2:1, L4:1, L5:1}",""
2978184803127,PHASE_B,117296,3458,MERGE_START,0,5,32,"[102,103]","","[0,0]","","[1,1]","","[64,64]","",81,0,0,"{L0:2, L2:1, L4:1, L5:1}","{L0:2, L2:1, L4:1, L5:1}",""
2978184803398,PHASE_B,117347,3467,MERGE_DONE,0,0,0,"","104","","1","","2","","128",81,291,290,"","",""
2978184803416,PHASE_B,117347,3467,MERGE_PUBLISH,0,4,32,"","104","","1","","2","","128",81,305,303,"{L0:2, L2:1, L4:1, L5:1}","{L1:1, L2:1, L4:1, L5:1}",""
2978184805297,PHASE_B,117597,3517,SEAL,0,5,32,"","105","","0","","1","","64",0,0,0,"{L1:1, L2:1, L4:1, L5:1}","{L0:1, L1:1, L2:1, L4:1, L5:1}",""
2978184807591,PHASE_B,117924,3583,SEAL,0,6,32,"","106","","0","","1","","64",0,0,0,"{L0:1, L1:1, L2:1, L4:1, L5:1}","{L0:2, L1:1, L2:1, L4:1, L5:1}",""
2978184807603,PHASE_B,117924,3583,MERGE_SUBMIT,0,6,32,"","","","","","","","",0,0,0,"{L0:2, L1:1, L2:1, L4:1, L5:1}","{L0:2, L1:1, L2:1, L4:1, L5:1}",""
2978184807710,PHASE_B,117924,3583,MERGE_START,0,6,32,"[105,106]","","[0,0]","","[1,1]","","[64,64]","",84,0,0,"{L0:2, L1:1, L2:1, L4:1, L5:1}","{L0:2, L1:1, L2:1, L4:1, L5:1}",""
2978184807999,PHASE_B,117984,3595,MERGE_DONE,0,0,0,"","107","","1","","2","","128",84,309,308,"","",""
2978184808041,PHASE_B,117984,3595,MERGE_PUBLISH,0,5,32,"","107","","1","","2","","128",84,344,343,"{L0:2, L1:1, L2:1, L4:1, L5:1}","{L1:2, L2:1, L4:1, L5:1}",""
2978184808059,PHASE_B,117984,3595,MERGE_SUBMIT,12,5,32,"","","","","","","","",0,0,0,"{L1:2, L2:1, L4:1, L5:1}","{L1:2, L2:1, L4:1, L5:1}",""
2978184808170,PHASE_B,117992,3598,MERGE_START,0,5,32,"[104,107]","","[1,1]","","[2,2]","","[128,128]","",93,0,0,"{L1:2, L2:1, L4:1, L5:1}","{L1:2, L2:1, L4:1, L5:1}",""
2978184808715,PHASE_B,118070,3614,MERGE_DONE,0,0,0,"","108","","2","","4","","256",93,564,564,"","",""
2978184808759,PHASE_B,118083,3615,MERGE_PUBLISH,0,4,32,"","108","","2","","4","","256",93,600,590,"{L1:2, L2:1, L4:1, L5:1}","{L2:2, L4:1, L5:1}",""
2978184808776,PHASE_B,118086,3616,MERGE_SUBMIT,31,4,32,"","","","","","","","",0,0,0,"{L2:2, L4:1, L5:1}","{L2:2, L4:1, L5:1}",""
2978184808881,PHASE_B,118093,3619,MERGE_START,0,4,32,"[101,108]","","[2,2]","","[4,4]","","[256,256]","",91,0,0,"{L2:2, L4:1, L5:1}","{L2:2, L4:1, L5:1}",""
2978184809924,PHASE_B,118218,3643,MERGE_DONE,0,0,0,"","109","","3","","8","","512",91,1062,1062,"","",""
2978184809944,PHASE_B,118218,3643,MERGE_PUBLISH,0,3,32,"","109","","3","","8","","512",91,1078,1077,"{L2:2, L4:1, L5:1}","{L3:1, L4:1, L5:1}",""
2978184810158,PHASE_B,118237,3647,SEAL,0,4,32,"","110","","0","","1","","64",0,0,0,"{L3:1, L4:1, L5:1}","{L0:1, L3:1, L4:1, L5:1}",""
2978184812467,PHASE_B,118553,3709,SEAL,0,5,32,"","111","","0","","1","","64",0,0,0,"{L0:1, L3:1, L4:1, L5:1}","{L0:2, L3:1, L4:1, L5:1}",""
2978184812479,PHASE_B,118553,3709,MERGE_SUBMIT,0,5,32,"","","","","","","","",0,0,0,"{L0:2, L3:1, L4:1, L5:1}","{L0:2, L3:1, L4:1, L5:1}",""
2978184812585,PHASE_B,118576,3714,MERGE_START,0,5,32,"[110,111]","","[0,0]","","[1,1]","","[64,64]","",84,0,0,"{L0:2, L3:1, L4:1, L5:1}","{L0:2, L3:1, L4:1, L5:1}",""
2978184812876,PHASE_B,118629,3723,MERGE_DONE,0,0,0,"","112","","1","","2","","128",84,309,309,"","",""
2978184812921,PHASE_B,118629,3723,MERGE_PUBLISH,0,4,32,"","112","","1","","2","","128",84,349,337,"{L0:2, L3:1, L4:1, L5:1}","{L1:1, L3:1, L4:1, L5:1}",""
2978184814936,PHASE_B,118876,3774,SEAL,0,5,32,"","113","","0","","1","","64",0,0,0,"{L1:1, L3:1, L4:1, L5:1}","{L0:1, L1:1, L3:1, L4:1, L5:1}",""
2978184817319,PHASE_B,119204,3839,SEAL,0,6,32,"","114","","0","","1","","64",0,0,0,"{L0:1, L1:1, L3:1, L4:1, L5:1}","{L0:2, L1:1, L3:1, L4:1, L5:1}",""
2978184817331,PHASE_B,119204,3839,MERGE_SUBMIT,0,6,32,"","","","","","","","",0,0,0,"{L0:2, L1:1, L3:1, L4:1, L5:1}","{L0:2, L1:1, L3:1, L4:1, L5:1}",""
2978184817436,PHASE_B,119222,3843,MERGE_START,0,6,32,"[113,114]","","[0,0]","","[1,1]","","[64,64]","",82,0,0,"{L0:2, L1:1, L3:1, L4:1, L5:1}","{L0:2, L1:1, L3:1, L4:1, L5:1}",""
2978184817747,PHASE_B,119281,3853,MERGE_DONE,0,0,0,"","115","","1","","2","","128",82,330,329,"","",""
2978184817767,PHASE_B,119281,3853,MERGE_PUBLISH,0,5,32,"","115","","1","","2","","128",82,344,344,"{L0:2, L1:1, L3:1, L4:1, L5:1}","{L1:2, L3:1, L4:1, L5:1}",""
2978184817786,PHASE_B,119282,3854,MERGE_SUBMIT,14,5,32,"","","","","","","","",0,0,0,"{L1:2, L3:1, L4:1, L5:1}","{L1:2, L3:1, L4:1, L5:1}",""
2978184817868,PHASE_B,119287,3855,MERGE_START,0,5,32,"[112,115]","","[1,1]","","[2,2]","","[128,128]","",81,0,0,"{L1:2, L3:1, L4:1, L5:1}","{L1:2, L3:1, L4:1, L5:1}",""
2978184818379,PHASE_B,119346,3869,MERGE_DONE,0,0,0,"","116","","2","","4","","256",81,516,516,"","",""
2978184818392,PHASE_B,119351,3871,MERGE_PUBLISH,0,4,32,"","116","","2","","4","","256",81,525,525,"{L1:2, L3:1, L4:1, L5:1}","{L2:1, L3:1, L4:1, L5:1}",""
2978184819788,PHASE_B,119524,3903,SEAL,0,5,32,"","117","","0","","1","","64",0,0,0,"{L2:1, L3:1, L4:1, L5:1}","{L0:1, L2:1, L3:1, L4:1, L5:1}",""
2978184822045,PHASE_B,119840,3966,SEAL,0,6,32,"","118","","0","","1","","64",0,0,0,"{L0:1, L2:1, L3:1, L4:1, L5:1}","{L0:2, L2:1, L3:1, L4:1, L5:1}",""
2978184822060,PHASE_B,119840,3966,MERGE_SUBMIT,0,6,32,"","","","","","","","",0,0,0,"{L0:2, L2:1, L3:1, L4:1, L5:1}","{L0:2, L2:1, L3:1, L4:1, L5:1}",""
2978184822170,PHASE_B,119860,3970,MERGE_START,0,6,32,"[117,118]","","[0,0]","","[1,1]","","[64,64]","",83,0,0,"{L0:2, L2:1, L3:1, L4:1, L5:1}","{L0:2, L2:1, L3:1, L4:1, L5:1}",""
2978184822483,PHASE_B,119914,3981,MERGE_DONE,0,0,0,"","119","","1","","2","","128",83,337,337,"","",""
2978184822503,PHASE_B,119920,3981,MERGE_PUBLISH,0,5,32,"","119","","1","","2","","128",83,352,351,"{L0:2, L2:1, L3:1, L4:1, L5:1}","{L1:1, L2:1, L3:1, L4:1, L5:1}",""
2978184824512,PHASE_B,120154,4030,SEAL,0,6,32,"","120","","0","","1","","64",0,0,0,"{L1:1, L2:1, L3:1, L4:1, L5:1}","{L0:1, L1:1, L2:1, L3:1, L4:1, L5:1}",""
2978184826945,PHASE_B,120483,4094,SEAL,0,7,32,"","121","","0","","1","","64",0,0,0,"{L0:1, L1:1, L2:1, L3:1, L4:1, L5:1}","{L0:2, L1:1, L2:1, L3:1, L4:1, L5:1}",""
2978184826956,PHASE_B,120483,4094,MERGE_SUBMIT,0,7,32,"","","","","","","","",0,0,0,"{L0:2, L1:1, L2:1, L3:1, L4:1, L5:1}","{L0:2, L1:1, L2:1, L3:1, L4:1, L5:1}",""
2978184827066,PHASE_B,120494,4099,MERGE_START,0,7,32,"[120,121]","","[0,0]","","[1,1]","","[64,64]","",85,0,0,"{L0:2, L1:1, L2:1, L3:1, L4:1, L5:1}","{L0:2, L1:1, L2:1, L3:1, L4:1, L5:1}",""
2978184827354,PHASE_B,120545,4107,MERGE_DONE,0,0,0,"","122","","1","","2","","128",85,309,308,"","",""
2978184827395,PHASE_B,120554,4110,MERGE_PUBLISH,0,6,32,"","122","","1","","2","","128",85,342,341,"{L0:2, L1:1, L2:1, L3:1, L4:1, L5:1}","{L1:2, L2:1, L3:1, L4:1, L5:1}",""
2978184827415,PHASE_B,120563,4111,MERGE_SUBMIT,14,6,32,"","","","","","","","",0,0,0,"{L1:2, L2:1, L3:1, L4:1, L5:1}","{L1:2, L2:1, L3:1, L4:1, L5:1}",""
2978184827527,PHASE_B,120567,4111,MERGE_START,0,6,32,"[119,122]","","[1,1]","","[2,2]","","[128,128]","",95,0,0,"{L1:2, L2:1, L3:1, L4:1, L5:1}","{L1:2, L2:1, L3:1, L4:1, L5:1}",""
2978184828103,PHASE_B,120648,4129,MERGE_DONE,0,0,0,"","123","","2","","4","","256",95,595,594,"","",""
2978184828145,PHASE_B,120655,4130,MERGE_PUBLISH,0,5,32,"","123","","2","","4","","256",95,630,620,"{L1:2, L2:1, L3:1, L4:1, L5:1}","{L2:2, L3:1, L4:1, L5:1}",""
2978184828164,PHASE_B,120655,4130,MERGE_SUBMIT,34,5,32,"","","","","","","","",0,0,0,"{L2:2, L3:1, L4:1, L5:1}","{L2:2, L3:1, L4:1, L5:1}",""
2978184828265,PHASE_B,120665,4133,MERGE_START,0,5,32,"[116,123]","","[2,2]","","[4,4]","","[256,256]","",83,0,0,"{L2:2, L3:1, L4:1, L5:1}","{L2:2, L3:1, L4:1, L5:1}",""
2978184829353,PHASE_B,120787,4157,MERGE_DONE,0,0,0,"","124","","3","","8","","512",83,1107,1106,"","",""
2978184829396,PHASE_B,120799,4159,MERGE_PUBLISH,0,4,32,"","124","","3","","8","","512",83,1145,1134,"{L2:2, L3:1, L4:1, L5:1}","{L3:2, L4:1, L5:1}",""
2978184829430,PHASE_B,120800,4159,MERGE_SUBMIT,63,4,32,"","","","","","","","",0,0,0,"{L3:2, L4:1, L5:1}","{L3:2, L4:1, L5:1}",""
2978184829504,PHASE_B,120800,4159,SEAL,0,5,32,"","125","","0","","1","","64",0,0,0,"{L3:2, L4:1, L5:1}","{L0:1, L3:2, L4:1, L5:1}",""
2978184829569,PHASE_B,120811,4160,MERGE_START,0,5,32,"[109,124]","","[3,3]","","[8,8]","","[512,512]","",117,0,0,"{L0:1, L3:2, L4:1, L5:1}","{L0:1, L3:2, L4:1, L5:1}",""
2978184831909,PHASE_B,121126,4223,MERGE_DONE,0,0,0,"","126","","4","","16","","1024",117,2363,2363,"","",""
2978184831929,PHASE_B,121126,4223,MERGE_PUBLISH,0,4,32,"","126","","4","","16","","1024",117,2379,2378,"{L0:1, L3:2, L4:1, L5:1}","{L0:1, L4:2, L5:1}",""
2978184831946,PHASE_B,121126,4223,MERGE_SUBMIT,63,4,32,"","","","","","","","",0,0,0,"{L0:1, L4:2, L5:1}","{L0:1, L4:2, L5:1}",""
2978184831989,PHASE_B,121126,4223,SEAL,0,5,32,"","127","","0","","1","","64",0,0,0,"{L0:1, L4:2, L5:1}","{L0:2, L4:2, L5:1}",""
2978184832064,PHASE_B,121130,4224,MERGE_START,0,5,32,"[125,127]","","[0,0]","","[1,1]","","[64,64]","",101,0,0,"{L0:2, L4:2, L5:1}","{L0:2, L4:2, L5:1}",""
2978184832372,PHASE_B,121181,4234,MERGE_DONE,0,0,0,"","128","","1","","2","","128",101,327,326,"","",""
2978184832413,PHASE_B,121184,4236,MERGE_PUBLISH,0,4,32,"","128","","1","","2","","128",101,362,351,"{L0:2, L4:2, L5:1}","{L1:1, L4:2, L5:1}",""
2978184832433,PHASE_B,121184,4236,MERGE_SUBMIT,12,4,32,"","","","","","","","",0,0,0,"{L1:1, L4:2, L5:1}","{L1:1, L4:2, L5:1}",""
2978184832511,PHASE_B,121194,4239,MERGE_START,0,4,32,"[95,126]","","[4,4]","","[16,16]","","[1024,1024]","",76,0,0,"{L1:1, L4:2, L5:1}","{L1:1, L4:2, L5:1}",""
2978184834408,PHASE_B,121447,4287,SEAL,0,5,32,"","130","","0","","1","","64",0,0,0,"{L1:1, L4:2, L5:1}","{L0:1, L1:1, L4:2, L5:1}",""
2978184836692,PHASE_B,121754,4351,SEAL,0,6,32,"","131","","0","","1","","64",0,0,0,"{L0:1, L1:1, L4:2, L5:1}","{L0:2, L1:1, L4:2, L5:1}",""
2978184837915,PHASE_B,121957,4389,MERGE_DONE,0,0,0,"","129","","5","","32","","2048",76,5408,5409,"","",""
2978184837933,PHASE_B,121957,4389,MERGE_PUBLISH,0,5,32,"","129","","5","","32","","2048",76,5422,5421,"{L0:2, L1:1, L4:2, L5:1}","{L0:2, L1:1, L5:2}",""
2978184837947,PHASE_B,121957,4389,MERGE_SUBMIT,37,5,32,"","","","","","","","",0,0,0,"{L0:2, L1:1, L5:2}","{L0:2, L1:1, L5:2}",""
2978184838060,PHASE_B,121957,4389,MERGE_START,0,5,32,"[130,131]","","[0,0]","","[1,1]","","[64,64]","",94,0,0,"{L0:2, L1:1, L5:2}","{L0:2, L1:1, L5:2}",""
2978184838330,PHASE_B,122000,4397,MERGE_DONE,0,0,0,"","132","","1","","2","","128",94,289,288,"","",""
2978184838369,PHASE_B,122000,4397,MERGE_PUBLISH,0,4,32,"","132","","1","","2","","128",94,324,313,"{L0:2, L1:1, L5:2}","{L1:2, L5:2}",""
2978184838387,PHASE_B,122000,4397,MERGE_SUBMIT,47,4,32,"","","","","","","","",0,0,0,"{L1:2, L5:2}","{L1:2, L5:2}",""
2978184838454,PHASE_B,122006,4400,MERGE_START,0,4,32,"[128,132]","","[1,1]","","[2,2]","","[128,128]","",66,0,0,"{L1:2, L5:2}","{L1:2, L5:2}",""
2978184838955,PHASE_B,122065,4412,MERGE_DONE,0,0,0,"","133","","2","","4","","256",66,505,505,"","",""
2978184838968,PHASE_B,122067,4412,MERGE_PUBLISH,0,3,32,"","133","","2","","4","","256",66,514,514,"{L1:2, L5:2}","{L2:1, L5:2}",""
2978184838976,PHASE_B,122068,4412,MERGE_SUBMIT,60,3,32,"","","","","","","","",0,0,0,"{L2:1, L5:2}","{L2:1, L5:2}",""
2978184839082,PHASE_B,122082,4414,MERGE_START,0,3,32,"[66,129]","","[5,5]","","[32,32]","","[2048,2048]","",88,0,0,"{L2:1, L5:2}","{L2:1, L5:2}",""
2978184839162,PHASE_B,122082,4414,SEAL,0,4,32,"","134","","0","","1","","64",0,0,0,"{L2:1, L5:2}","{L0:1, L2:1, L5:2}",""
2978184841584,PHASE_B,122396,4478,SEAL,0,5,32,"","136","","0","","1","","64",0,0,0,"{L0:1, L2:1, L5:2}","{L0:2, L2:1, L5:2}",""
2978184843980,PHASE_B,122722,4543,SEAL,0,6,32,"","137","","0","","1","","64",0,0,0,"{L0:2, L2:1, L5:2}","{L0:3, L2:1, L5:2}",""
2978184846379,PHASE_B,123051,4607,SEAL,0,7,32,"","138","","0","","1","","64",0,0,0,"{L0:3, L2:1, L5:2}","{L0:4, L2:1, L5:2}",""
2978184848717,PHASE_B,123368,4671,SEAL,0,8,32,"","139","","0","","1","","64",0,0,0,"{L0:4, L2:1, L5:2}","{L0:5, L2:1, L5:2}",""
2978184850626,PHASE_B,123624,4724,MERGE_DONE,0,0,0,"","135","","6","","64","","4096",88,11558,11558,"","",""
2978184850678,PHASE_B,123624,4724,MERGE_PUBLISH,0,7,32,"","135","","6","","64","","4096",88,11606,11595,"{L0:5, L2:1, L5:2}","{L0:5, L2:1, L6:1}",""
2978184850698,PHASE_B,123624,4724,MERGE_SUBMIT,53,7,32,"","","","","","","","",0,0,0,"{L0:5, L2:1, L6:1}","{L0:5, L2:1, L6:1}",""
2978184850804,PHASE_B,123629,4726,MERGE_START,0,7,32,"[134,136]","","[0,0]","","[1,1]","","[64,64]","",88,0,0,"{L0:5, L2:1, L6:1}","{L0:5, L2:1, L6:1}",""
2978184851250,PHASE_B,123681,4735,SEAL,0,8,32,"","141","","0","","1","","64",0,0,0,"{L0:5, L2:1, L6:1}","{L0:6, L2:1, L6:1}",""
2978184851656,PHASE_B,123746,4748,MERGE_DONE,0,0,0,"","140","","1","","2","","128",88,870,834,"","",""
2978184851679,PHASE_B,123749,4748,MERGE_PUBLISH,0,7,32,"","140","","1","","2","","128",88,890,854,"{L0:6, L2:1, L6:1}","{L0:4, L1:1, L2:1, L6:1}",""
2978184851699,PHASE_B,123749,4748,MERGE_SUBMIT,12,7,32,"","","","","","","","",0,0,0,"{L0:4, L1:1, L2:1, L6:1}","{L0:4, L1:1, L2:1, L6:1}",""
2978184851775,PHASE_B,123749,4748,MERGE_START,0,7,32,"[137,138]","","[0,0]","","[1,1]","","[64,64]","",73,0,0,"{L0:4, L1:1, L2:1, L6:1}","{L0:4, L1:1, L2:1, L6:1}",""
2978184852096,PHASE_B,123802,4759,MERGE_DONE,0,0,0,"","142","","1","","2","","128",73,326,296,"","",""
2978184852113,PHASE_B,123805,4759,MERGE_PUBLISH,0,6,32,"","142","","1","","2","","128",73,339,308,"{L0:4, L1:1, L2:1, L6:1}","{L0:2, L1:2, L2:1, L6:1}",""
2978184852141,PHASE_B,123805,4759,MERGE_SUBMIT,23,6,32,"","","","","","","","",0,0,0,"{L0:2, L1:2, L2:1, L6:1}","{L0:2, L1:2, L2:1, L6:1}",""
2978184852207,PHASE_B,123812,4760,MERGE_START,0,6,32,"[139,141]","","[0,0]","","[1,1]","","[64,64]","",63,0,0,"{L0:2, L1:2, L2:1, L6:1}","{L0:2, L1:2, L2:1, L6:1}",""
2978184852459,PHASE_B,123835,4767,MERGE_DONE,0,0,0,"","143","","1","","2","","128",63,257,257,"","",""
2978184852496,PHASE_B,123841,4768,MERGE_PUBLISH,0,5,32,"","143","","1","","2","","128",63,289,277,"{L0:2, L1:2, L2:1, L6:1}","{L1:3, L2:1, L6:1}",""
2978184852509,PHASE_B,123841,4768,MERGE_SUBMIT,32,5,32,"","","","","","","","",0,0,0,"{L1:3, L2:1, L6:1}","{L1:3, L2:1, L6:1}",""
2978184852547,PHASE_B,123855,4769,MERGE_START,0,5,32,"[140,142]","","[1,1]","","[2,2]","","[128,128]","",20,0,0,"{L1:3, L2:1, L6:1}","{L1:3, L2:1, L6:1}",""
2978184853186,PHASE_B,123926,4783,MERGE_DONE,0,0,0,"","144","","2","","4","","256",20,657,579,"","",""
2978184853205,PHASE_B,123926,4783,MERGE_PUBLISH,0,4,32,"","144","","2","","4","","256",20,673,594,"{L1:3, L2:1, L6:1}","{L1:1, L2:2, L6:1}",""
2978184853224,PHASE_B,123926,4783,MERGE_SUBMIT,48,4,32,"","","","","","","","",0,0,0,"{L1:1, L2:2, L6:1}","{L1:1, L2:2, L6:1}",""
2978184853267,PHASE_B,123934,4785,MERGE_START,0,4,32,"[133,144]","","[2,2]","","[4,4]","","[256,256]","",26,0,0,"{L1:1, L2:2, L6:1}","{L1:1, L2:2, L6:1}",""
2978184853938,PHASE_B,123989,4797,SEAL,0,5,32,"","146","","0","","1","","64",0,0,0,"{L1:1, L2:2, L6:1}","{L0:1, L1:1, L2:2, L6:1}",""
2978184854359,PHASE_B,124062,4811,MERGE_DONE,0,0,0,"","145","","3","","8","","512",26,1110,1110,"","",""
2978184854378,PHASE_B,124062,4811,MERGE_PUBLISH,0,4,32,"","145","","3","","8","","512",26,1125,1123,"{L0:1, L1:1, L2:2, L6:1}","{L0:1, L1:1, L3:1, L6:1}",""
2978184856412,PHASE_B,124323,4863,SEAL,0,5,32,"","147","","0","","1","","64",0,0,0,"{L0:1, L1:1, L3:1, L6:1}","{L0:2, L1:1, L3:1, L6:1}",""
2978184856426,PHASE_B,124323,4863,MERGE_SUBMIT,0,5,32,"","","","","","","","",0,0,0,"{L0:2, L1:1, L3:1, L6:1}","{L0:2, L1:1, L3:1, L6:1}",""
2978184856534,PHASE_B,124337,4867,MERGE_START,0,5,32,"[146,147]","","[0,0]","","[1,1]","","[64,64]","",86,0,0,"{L0:2, L1:1, L3:1, L6:1}","{L0:2, L1:1, L3:1, L6:1}",""
2978184856862,PHASE_B,124386,4876,MERGE_DONE,0,0,0,"","148","","1","","2","","128",86,347,346,"","",""
2978184856927,PHASE_B,124394,4879,MERGE_PUBLISH,0,4,32,"","148","","1","","2","","128",86,405,394,"{L0:2, L1:1, L3:1, L6:1}","{L1:2, L3:1, L6:1}",""
2978184856945,PHASE_B,124394,4879,MERGE_SUBMIT,15,4,32,"","","","","","","","",0,0,0,"{L1:2, L3:1, L6:1}","{L1:2, L3:1, L6:1}",""
2978184857028,PHASE_B,124417,4882,MERGE_START,0,4,32,"[143,148]","","[1,1]","","[2,2]","","[128,128]","",84,0,0,"{L1:2, L3:1, L6:1}","{L1:2, L3:1, L6:1}",""
2978184857529,PHASE_B,124484,4895,MERGE_DONE,0,0,0,"","149","","2","","4","","256",84,506,506,"","",""
2978184857542,PHASE_B,124484,4895,MERGE_PUBLISH,0,3,32,"","149","","2","","4","","256",84,515,515,"{L1:2, L3:1, L6:1}","{L2:1, L3:1, L6:1}",""
2978184858982,PHASE_B,124629,4924,SEAL,0,4,32,"","150","","0","","1","","64",0,0,0,"{L2:1, L3:1, L6:1}","{L0:1, L2:1, L3:1, L6:1}",""
2978184861458,PHASE_B,124950,4989,SEAL,0,5,32,"","151","","0","","1","","64",0,0,0,"{L0:1, L2:1, L3:1, L6:1}","{L0:2, L2:1, L3:1, L6:1}",""
2978184861471,PHASE_B,124950,4989,MERGE_SUBMIT,0,5,32,"","","","","","","","",0,0,0,"{L0:2, L2:1, L3:1, L6:1}","{L0:2, L2:1, L3:1, L6:1}",""
2978184861618,PHASE_B,124984,4996,MERGE_START,0,5,32,"[150,151]","","[0,0]","","[1,1]","","[64,64]","",126,0,0,"{L0:2, L2:1, L3:1, L6:1}","{L0:2, L2:1, L3:1, L6:1}",""
2978184861954,PHASE_B,125032,5007,MERGE_DONE,0,0,0,"","152","","1","","2","","128",126,355,354,"","",""
2978184861974,PHASE_B,125043,5007,MERGE_PUBLISH,0,4,32,"","152","","1","","2","","128",126,370,369,"{L0:2, L2:1, L3:1, L6:1}","{L1:1, L2:1, L3:1, L6:1}",""
2978184863912,PHASE_B,125283,5055,SEAL,0,5,32,"","153","","0","","1","","64",0,0,0,"{L1:1, L2:1, L3:1, L6:1}","{L0:1, L1:1, L2:1, L3:1, L6:1}",""
2978184866375,PHASE_B,125596,5118,SEAL,0,6,32,"","154","","0","","1","","64",0,0,0,"{L0:1, L1:1, L2:1, L3:1, L6:1}","{L0:2, L1:1, L2:1, L3:1, L6:1}",""
2978184866388,PHASE_B,125596,5118,MERGE_SUBMIT,0,6,32,"","","","","","","","",0,0,0,"{L0:2, L1:1, L2:1, L3:1, L6:1}","{L0:2, L1:1, L2:1, L3:1, L6:1}",""
2978184866442,PHASE_B,125609,5121,MERGE_START,0,6,32,"[153,154]","","[0,0]","","[1,1]","","[64,64]","",29,0,0,"{L0:2, L1:1, L2:1, L3:1, L6:1}","{L0:2, L1:1, L2:1, L3:1, L6:1}",""
2978184866742,PHASE_B,125664,5131,MERGE_DONE,0,0,0,"","155","","1","","2","","128",29,322,321,"","",""
2978184866761,PHASE_B,125666,5131,MERGE_PUBLISH,0,5,32,"","155","","1","","2","","128",29,335,334,"{L0:2, L1:1, L2:1, L3:1, L6:1}","{L1:2, L2:1, L3:1, L6:1}",""
2978184866794,PHASE_B,125666,5131,MERGE_SUBMIT,11,5,32,"","","","","","","","",0,0,0,"{L1:2, L2:1, L3:1, L6:1}","{L1:2, L2:1, L3:1, L6:1}",""
2978184866898,PHASE_B,125671,5133,MERGE_START,0,5,32,"[152,155]","","[1,1]","","[2,2]","","[128,128]","",86,0,0,"{L1:2, L2:1, L3:1, L6:1}","{L1:2, L2:1, L3:1, L6:1}",""
2978184867436,PHASE_B,125749,5149,MERGE_DONE,0,0,0,"","156","","2","","4","","256",86,557,556,"","",""
2978184867455,PHASE_B,125749,5149,MERGE_PUBLISH,0,4,32,"","156","","2","","4","","256",86,571,569,"{L1:2, L2:1, L3:1, L6:1}","{L2:2, L3:1, L6:1}",""
2978184867473,PHASE_B,125752,5150,MERGE_SUBMIT,29,4,32,"","","","","","","","",0,0,0,"{L2:2, L3:1, L6:1}","{L2:2, L3:1, L6:1}",""
2978184867588,PHASE_B,125765,5152,MERGE_START,0,4,32,"[149,156]","","[2,2]","","[4,4]","","[256,256]","",98,0,0,"{L2:2, L3:1, L6:1}","{L2:2, L3:1, L6:1}",""
2978184868710,PHASE_B,125886,5177,MERGE_DONE,0,0,0,"","157","","3","","8","","512",98,1141,1141,"","",""
2978184868727,PHASE_B,125886,5177,MERGE_PUBLISH,0,3,32,"","157","","3","","8","","512",98,1155,1154,"{L2:2, L3:1, L6:1}","{L3:2, L6:1}",""
2978184868743,PHASE_B,125886,5177,MERGE_SUBMIT,57,3,32,"","","","","","","","",0,0,0,"{L3:2, L6:1}","{L3:2, L6:1}",""
2978184868883,PHASE_B,125907,5180,MERGE_START,0,3,32,"[145,157]","","[3,3]","","[8,8]","","[512,512]","",127,0,0,"{L3:2, L6:1}","{L3:2, L6:1}",""
2978184869104,PHASE_B,125916,5183,SEAL,0,4,32,"","158","","0","","1","","64",0,0,0,"{L3:2, L6:1}","{L0:1, L3:2, L6:1}",""
2978184871097,PHASE_B,126191,5236,MERGE_DONE,0,0,0,"","159","","4","","16","","1024",127,2231,2230,"","",""
2978184871116,PHASE_B,126192,5236,MERGE_PUBLISH,0,3,32,"","159","","4","","16","","1024",127,2245,2244,"{L0:1, L3:2, L6:1}","{L0:1, L4:1, L6:1}",""
2978184871680,PHASE_B,126241,5246,SEAL,0,4,32,"","160","","0","","1","","64",0,0,0,"{L0:1, L4:1, L6:1}","{L0:2, L4:1, L6:1}",""
2978184871693,PHASE_B,126241,5246,MERGE_SUBMIT,0,4,32,"","","","","","","","",0,0,0,"{L0:2, L4:1, L6:1}","{L0:2, L4:1, L6:1}",""
2978184871803,PHASE_B,126257,5251,MERGE_START,0,4,32,"[158,160]","","[0,0]","","[1,1]","","[64,64]","",83,0,0,"{L0:2, L4:1, L6:1}","{L0:2, L4:1, L6:1}",""
2978184872105,PHASE_B,126311,5261,MERGE_DONE,0,0,0,"","161","","1","","2","","128",83,325,324,"","",""
2978184872137,PHASE_B,126315,5261,MERGE_PUBLISH,0,3,32,"","161","","1","","2","","128",83,353,352,"{L0:2, L4:1, L6:1}","{L1:1, L4:1, L6:1}",""
2978184874233,PHASE_B,126555,5310,SEAL,0,4,32,"","162","","0","","1","","64",0,0,0,"{L1:1, L4:1, L6:1}","{L0:1, L1:1, L4:1, L6:1}",""
2978184876831,PHASE_B,126874,5374,SEAL,0,5,32,"","163","","0","","1","","64",0,0,0,"{L0:1, L1:1, L4:1, L6:1}","{L0:2, L1:1, L4:1, L6:1}",""
2978184876843,PHASE_B,126874,5374,MERGE_SUBMIT,0,5,32,"","","","","","","","",0,0,0,"{L0:2, L1:1, L4:1, L6:1}","{L0:2, L1:1, L4:1, L6:1}",""
2978184876957,PHASE_B,126899,5379,MERGE_START,0,5,32,"[162,163]","","[0,0]","","[1,1]","","[64,64]","",92,0,0,"{L0:2, L1:1, L4:1, L6:1}","{L0:2, L1:1, L4:1, L6:1}",""
2978184877262,PHASE_B,126936,5385,MERGE_DONE,0,0,0,"","164","","1","","2","","128",92,323,322,"","",""
2978184877279,PHASE_B,126936,5385,MERGE_PUBLISH,0,4,32,"","164","","1","","2","","128",92,336,335,"{L0:2, L1:1, L4:1, L6:1}","{L1:2, L4:1, L6:1}",""
2978184877297,PHASE_B,126936,5385,MERGE_SUBMIT,12,4,32,"","","","","","","","",0,0,0,"{L1:2, L4:1, L6:1}","{L1:2, L4:1, L6:1}",""
2978184877360,PHASE_B,126952,5390,MERGE_START,0,4,32,"[161,164]","","[1,1]","","[2,2]","","[128,128]","",63,0,0,"{L1:2, L4:1, L6:1}","{L1:2, L4:1, L6:1}",""
2978184877867,PHASE_B,127021,5404,MERGE_DONE,0,0,0,"","165","","2","","4","","256",63,511,512,"","",""
2978184877880,PHASE_B,127022,5404,MERGE_PUBLISH,0,3,32,"","165","","2","","4","","256",63,520,520,"{L1:2, L4:1, L6:1}","{L2:1, L4:1, L6:1}",""
2978184879392,PHASE_B,127196,5437,SEAL,0,4,32,"","166","","0","","1","","64",0,0,0,"{L2:1, L4:1, L6:1}","{L0:1, L2:1, L4:1, L6:1}",""
2978184881858,PHASE_B,127530,5503,SEAL,0,5,32,"","167","","0","","1","","64",0,0,0,"{L0:1, L2:1, L4:1, L6:1}","{L0:2, L2:1, L4:1, L6:1}",""
2978184881871,PHASE_B,127530,5503,MERGE_SUBMIT,0,5,32,"","","","","","","","",0,0,0,"{L0:2, L2:1, L4:1, L6:1}","{L0:2, L2:1, L4:1, L6:1}",""
2978184881976,PHASE_B,127537,5507,MERGE_START,0,5,32,"[166,167]","","[0,0]","","[1,1]","","[64,64]","",83,0,0,"{L0:2, L2:1, L4:1, L6:1}","{L0:2, L2:1, L4:1, L6:1}",""
2978184882250,PHASE_B,127578,5516,MERGE_DONE,0,0,0,"","168","","1","","2","","128",83,292,292,"","",""
2978184882271,PHASE_B,127581,5516,MERGE_PUBLISH,0,4,32,"","168","","1","","2","","128",83,307,306,"{L0:2, L2:1, L4:1, L6:1}","{L1:1, L2:1, L4:1, L6:1}",""
2978184884368,PHASE_B,127844,5567,SEAL,0,5,32,"","169","","0","","1","","64",0,0,0,"{L1:1, L2:1, L4:1, L6:1}","{L0:1, L1:1, L2:1, L4:1, L6:1}",""
2978184886783,PHASE_B,128157,5629,SEAL,0,6,32,"","170","","0","","1","","64",0,0,0,"{L0:1, L1:1, L2:1, L4:1, L6:1}","{L0:2, L1:1, L2:1, L4:1, L6:1}",""
2978184886795,PHASE_B,128157,5629,MERGE_SUBMIT,0,6,32,"","","","","","","","",0,0,0,"{L0:2, L1:1, L2:1, L4:1, L6:1}","{L0:2, L1:1, L2:1, L4:1, L6:1}",""
2978184886909,PHASE_B,128177,5635,MERGE_START,0,6,32,"[169,170]","","[0,0]","","[1,1]","","[64,64]","",90,0,0,"{L0:2, L1:1, L2:1, L4:1, L6:1}","{L0:2, L1:1, L2:1, L4:1, L6:1}",""
2978184887223,PHASE_B,128220,5643,MERGE_DONE,0,0,0,"","171","","1","","2","","128",90,334,333,"","",""
2978184887243,PHASE_B,128220,5643,MERGE_PUBLISH,0,5,32,"","171","","1","","2","","128",90,348,347,"{L0:2, L1:1, L2:1, L4:1, L6:1}","{L1:2, L2:1, L4:1, L6:1}",""
2978184887262,PHASE_B,128223,5645,MERGE_SUBMIT,12,5,32,"","","","","","","","",0,0,0,"{L1:2, L2:1, L4:1, L6:1}","{L1:2, L2:1, L4:1, L6:1}",""
2978184887326,PHASE_B,128225,5645,MERGE_START,0,5,32,"[168,171]","","[1,1]","","[2,2]","","[128,128]","",63,0,0,"{L1:2, L2:1, L4:1, L6:1}","{L1:2, L2:1, L4:1, L6:1}",""
2978184887824,PHASE_B,128301,5660,MERGE_DONE,0,0,0,"","172","","2","","4","","256",63,504,504,"","",""
2978184887851,PHASE_B,128306,5660,MERGE_PUBLISH,0,4,32,"","172","","2","","4","","256",63,527,527,"{L1:2, L2:1, L4:1, L6:1}","{L2:2, L4:1, L6:1}",""
2978184887863,PHASE_B,128306,5660,MERGE_SUBMIT,28,4,32,"","","","","","","","",0,0,0,"{L2:2, L4:1, L6:1}","{L2:2, L4:1, L6:1}",""
2978184887911,PHASE_B,128309,5661,MERGE_START,0,4,32,"[165,172]","","[2,2]","","[4,4]","","[256,256]","",29,0,0,"{L2:2, L4:1, L6:1}","{L2:2, L4:1, L6:1}",""
2978184889304,PHASE_B,128467,5694,MERGE_DONE,0,0,0,"","173","","3","","8","","512",29,1408,1408,"","",""
2978184889327,PHASE_B,128482,5695,MERGE_PUBLISH,0,3,32,"","173","","3","","8","","512",29,1428,1427,"{L2:2, L4:1, L6:1}","{L3:1, L4:1, L6:1}",""
2978184889403,PHASE_B,128485,5695,SEAL,0,4,32,"","174","","0","","1","","64",0,0,0,"{L3:1, L4:1, L6:1}","{L0:1, L3:1, L4:1, L6:1}",""
2978184891895,PHASE_B,128796,5758,SEAL,0,5,32,"","175","","0","","1","","64",0,0,0,"{L0:1, L3:1, L4:1, L6:1}","{L0:2, L3:1, L4:1, L6:1}",""
2978184891908,PHASE_B,128796,5758,MERGE_SUBMIT,0,5,32,"","","","","","","","",0,0,0,"{L0:2, L3:1, L4:1, L6:1}","{L0:2, L3:1, L4:1, L6:1}",""
2978184891943,PHASE_B,128796,5758,MERGE_START,0,5,32,"[174,175]","","[0,0]","","[1,1]","","[64,64]","",21,0,0,"{L0:2, L3:1, L4:1, L6:1}","{L0:2, L3:1, L4:1, L6:1}",""
2978184892225,PHASE_B,128851,5768,MERGE_DONE,0,0,0,"","176","","1","","2","","128",21,294,294,"","",""
2978184892243,PHASE_B,128854,5770,MERGE_PUBLISH,0,4,32,"","176","","1","","2","","128",21,307,306,"{L0:2, L3:1, L4:1, L6:1}","{L1:1, L3:1, L4:1, L6:1}",""
2978184894375,PHASE_B,129124,5823,SEAL,0,5,32,"","177","","0","","1","","64",0,0,0,"{L1:1, L3:1, L4:1, L6:1}","{L0:1, L1:1, L3:1, L4:1, L6:1}",""
2978184896788,PHASE_B,129435,5886,SEAL,0,6,32,"","178","","0","","1","","64",0,0,0,"{L0:1, L1:1, L3:1, L4:1, L6:1}","{L0:2, L1:1, L3:1, L4:1, L6:1}",""
2978184896801,PHASE_B,129435,5886,MERGE_SUBMIT,0,6,32,"","","","","","","","",0,0,0,"{L0:2, L1:1, L3:1, L4:1, L6:1}","{L0:2, L1:1, L3:1, L4:1, L6:1}",""
2978184896910,PHASE_B,129462,5891,MERGE_START,0,6,32,"[177,178]","","[0,0]","","[1,1]","","[64,64]","",87,0,0,"{L0:2, L1:1, L3:1, L4:1, L6:1}","{L0:2, L1:1, L3:1, L4:1, L6:1}",""
2978184897285,PHASE_B,129518,5903,MERGE_DONE,0,0,0,"","179","","1","","2","","128",87,394,394,"","",""
2978184897306,PHASE_B,129520,5903,MERGE_PUBLISH,0,5,32,"","179","","1","","2","","128",87,408,407,"{L0:2, L1:1, L3:1, L4:1, L6:1}","{L1:2, L3:1, L4:1, L6:1}",""
2978184897339,PHASE_B,129520,5903,MERGE_SUBMIT,15,5,32,"","","","","","","","",0,0,0,"{L1:2, L3:1, L4:1, L6:1}","{L1:2, L3:1, L4:1, L6:1}",""
2978184897441,PHASE_B,129537,5906,MERGE_START,0,5,32,"[176,179]","","[1,1]","","[2,2]","","[128,128]","",85,0,0,"{L1:2, L3:1, L4:1, L6:1}","{L1:2, L3:1, L4:1, L6:1}",""
2978184898053,PHASE_B,129617,5924,MERGE_DONE,0,0,0,"","180","","2","","4","","256",85,631,631,"","",""
2978184898072,PHASE_B,129618,5924,MERGE_PUBLISH,0,4,32,"","180","","2","","4","","256",85,646,645,"{L1:2, L3:1, L4:1, L6:1}","{L2:1, L3:1, L4:1, L6:1}",""
2978184899314,PHASE_B,129758,5949,SEAL,0,5,32,"","181","","0","","1","","64",0,0,0,"{L2:1, L3:1, L4:1, L6:1}","{L0:1, L2:1, L3:1, L4:1, L6:1}",""
2978184901748,PHASE_B,130073,6014,SEAL,0,6,32,"","182","","0","","1","","64",0,0,0,"{L0:1, L2:1, L3:1, L4:1, L6:1}","{L0:2, L2:1, L3:1, L4:1, L6:1}",""
2978184901760,PHASE_B,130073,6014,MERGE_SUBMIT,0,6,32,"","","","","","","","",0,0,0,"{L0:2, L2:1, L3:1, L4:1, L6:1}","{L0:2, L2:1, L3:1, L4:1, L6:1}",""
2978184901869,PHASE_B,130096,6018,MERGE_START,0,6,32,"[181,182]","","[0,0]","","[1,1]","","[64,64]","",85,0,0,"{L0:2, L2:1, L3:1, L4:1, L6:1}","{L0:2, L2:1, L3:1, L4:1, L6:1}",""
2978184902197,PHASE_B,130145,6029,MERGE_DONE,0,0,0,"","183","","1","","2","","128",85,347,346,"","",""
2978184902231,PHASE_B,130154,6029,MERGE_PUBLISH,0,5,32,"","183","","1","","2","","128",85,376,375,"{L0:2, L2:1, L3:1, L4:1, L6:1}","{L1:1, L2:1, L3:1, L4:1, L6:1}",""
2978184904352,PHASE_B,130398,6079,SEAL,0,6,32,"","184","","0","","1","","64",0,0,0,"{L1:1, L2:1, L3:1, L4:1, L6:1}","{L0:1, L1:1, L2:1, L3:1, L4:1, L6:1}",""
2978184906840,PHASE_B,130720,6142,SEAL,0,7,32,"","185","","0","","1","","64",0,0,0,"{L0:1, L1:1, L2:1, L3:1, L4:1, L6:1}","{L0:2, L1:1, L2:1, L3:1, L4:1, L6:1}",""
2978184906853,PHASE_B,130720,6142,MERGE_SUBMIT,0,7,32,"","","","","","","","",0,0,0,"{L0:2, L1:1, L2:1, L3:1, L4:1, L6:1}","{L0:2, L1:1, L2:1, L3:1, L4:1, L6:1}",""
2978184906909,PHASE_B,130730,6145,MERGE_START,0,7,32,"[184,185]","","[0,0]","","[1,1]","","[64,64]","",32,0,0,"{L0:2, L1:1, L2:1, L3:1, L4:1, L6:1}","{L0:2, L1:1, L2:1, L3:1, L4:1, L6:1}",""
2978184907202,PHASE_B,130772,6153,MERGE_DONE,0,0,0,"","186","","1","","2","","128",32,314,313,"","",""
2978184907225,PHASE_B,130772,6153,MERGE_PUBLISH,0,6,32,"","186","","1","","2","","128",32,329,328,"{L0:2, L1:1, L2:1, L3:1, L4:1, L6:1}","{L1:2, L2:1, L3:1, L4:1, L6:1}",""
2978184907244,PHASE_B,130772,6153,MERGE_SUBMIT,10,6,32,"","","","","","","","",0,0,0,"{L1:2, L2:1, L3:1, L4:1, L6:1}","{L1:2, L2:1, L3:1, L4:1, L6:1}",""
2978184907293,PHASE_B,130777,6155,MERGE_START,0,6,32,"[183,186]","","[1,1]","","[2,2]","","[128,128]","",32,0,0,"{L1:2, L2:1, L3:1, L4:1, L6:1}","{L1:2, L2:1, L3:1, L4:1, L6:1}",""
2978184907892,PHASE_B,130859,6172,MERGE_DONE,0,0,0,"","187","","2","","4","","256",32,619,619,"","",""
2978184907913,PHASE_B,130865,6172,MERGE_PUBLISH,0,5,32,"","187","","2","","4","","256",32,634,632,"{L1:2, L2:1, L3:1, L4:1, L6:1}","{L2:2, L3:1, L4:1, L6:1}",""
2978184907932,PHASE_B,130866,6172,MERGE_SUBMIT,28,5,32,"","","","","","","","",0,0,0,"{L2:2, L3:1, L4:1, L6:1}","{L2:2, L3:1, L4:1, L6:1}",""
2978184907983,PHASE_B,130876,6174,MERGE_START,0,5,32,"[180,187]","","[2,2]","","[4,4]","","[256,256]","",35,0,0,"{L2:2, L3:1, L4:1, L6:1}","{L2:2, L3:1, L4:1, L6:1}",""
2978184909198,PHASE_B,131013,6202,MERGE_DONE,0,0,0,"","188","","3","","8","","512",35,1231,1232,"","",""
2978184909226,PHASE_B,131014,6202,MERGE_PUBLISH,0,4,32,"","188","","3","","8","","512",35,1255,1254,"{L2:2, L3:1, L4:1, L6:1}","{L3:2, L4:1, L6:1}",""
2978184909244,PHASE_B,131014,6202,MERGE_SUBMIT,58,4,32,"","","","","","","","",0,0,0,"{L3:2, L4:1, L6:1}","{L3:2, L4:1, L6:1}",""
2978184909347,PHASE_B,131019,6204,MERGE_START,0,4,32,"[173,188]","","[3,3]","","[8,8]","","[512,512]","",87,0,0,"{L3:2, L4:1, L6:1}","{L3:2, L4:1, L6:1}",""
2978184909540,PHASE_B,131046,6207,SEAL,0,5,32,"","189","","0","","1","","64",0,0,0,"{L3:2, L4:1, L6:1}","{L0:1, L3:2, L4:1, L6:1}",""
2978184911937,PHASE_B,131352,6268,SEAL,0,6,32,"","191","","0","","1","","64",0,0,0,"{L0:1, L3:2, L4:1, L6:1}","{L0:2, L3:2, L4:1, L6:1}",""
2978184912028,PHASE_B,131365,6274,MERGE_DONE,0,0,0,"","190","","4","","16","","1024",87,2698,2698,"","",""
2978184912049,PHASE_B,131366,6274,MERGE_PUBLISH,0,5,32,"","190","","4","","16","","1024",87,2714,2713,"{L0:2, L3:2, L4:1, L6:1}","{L0:2, L4:2, L6:1}",""
2978184912068,PHASE_B,131372,6275,MERGE_SUBMIT,2,5,32,"","","","","","","","",0,0,0,"{L0:2, L4:2, L6:1}","{L0:2, L4:2, L6:1}",""
2978184912117,PHASE_B,131386,6275,MERGE_START,0,5,32,"[189,191]","","[0,0]","","[1,1]","","[64,64]","",32,0,0,"{L0:2, L4:2, L6:1}","{L0:2, L4:2, L6:1}",""
2978184912397,PHASE_B,131426,6285,MERGE_DONE,0,0,0,"","192","","1","","2","","128",32,300,299,"","",""
2978184912414,PHASE_B,131426,6285,MERGE_PUBLISH,0,4,32,"","192","","1","","2","","128",32,313,312,"{L0:2, L4:2, L6:1}","{L1:1, L4:2, L6:1}",""
2978184912448,PHASE_B,131426,6285,MERGE_SUBMIT,13,4,32,"","","","","","","","",0,0,0,"{L1:1, L4:2, L6:1}","{L1:1, L4:2, L6:1}",""
2978184912456,PHASE_B,131426,6285,MERGE_START,0,4,32,"[159,190]","","[4,4]","","[16,16]","","[1024,1024]","",7,0,0,"{L1:1, L4:2, L6:1}","{L1:1, L4:2, L6:1}",""
2978184914592,PHASE_B,131671,6333,SEAL,0,5,32,"","194","","0","","1","","64",0,0,0,"{L1:1, L4:2, L6:1}","{L0:1, L1:1, L4:2, L6:1}",""
2978184917146,PHASE_B,131998,6398,SEAL,0,6,32,"","195","","0","","1","","64",0,0,0,"{L0:1, L1:1, L4:2, L6:1}","{L0:2, L1:1, L4:2, L6:1}",""
2978184917818,PHASE_B,132095,6420,MERGE_DONE,0,0,0,"","193","","5","","32","","2048",7,5367,5368,"","",""
2978184917836,PHASE_B,132100,6420,MERGE_PUBLISH,0,5,32,"","193","","5","","32","","2048",7,5381,5381,"{L0:2, L1:1, L4:2, L6:1}","{L0:2, L1:1, L5:1, L6:1}",""
2978184917848,PHASE_B,132100,6420,MERGE_SUBMIT,20,5,32,"","","","","","","","",0,0,0,"{L0:2, L1:1, L5:1, L6:1}","{L0:2, L1:1, L5:1, L6:1}",""
2978184917879,PHASE_B,132115,6421,MERGE_START,0,5,32,"[194,195]","","[0,0]","","[1,1]","","[64,64]","",23,0,0,"{L0:2, L1:1, L5:1, L6:1}","{L0:2, L1:1, L5:1, L6:1}",""
2978184918198,PHASE_B,132154,6429,MERGE_DONE,0,0,0,"","196","","1","","2","","128",23,329,329,"","",""
2978184918229,PHASE_B,132156,6430,MERGE_PUBLISH,0,4,32,"","196","","1","","2","","128",23,356,356,"{L0:2, L1:1, L5:1, L6:1}","{L1:2, L5:1, L6:1}",""
2978184918240,PHASE_B,132156,6430,MERGE_SUBMIT,30,4,32,"","","","","","","","",0,0,0,"{L1:2, L5:1, L6:1}","{L1:2, L5:1, L6:1}",""
2978184918353,PHASE_B,132162,6433,MERGE_START,0,4,32,"[192,196]","","[1,1]","","[2,2]","","[128,128]","",95,0,0,"{L1:2, L5:1, L6:1}","{L1:2, L5:1, L6:1}",""
2978184918946,PHASE_B,132235,6446,MERGE_DONE,0,0,0,"","197","","2","","4","","256",95,610,610,"","",""
2978184918964,PHASE_B,132235,6446,MERGE_PUBLISH,0,3,32,"","197","","2","","4","","256",95,625,624,"{L1:2, L5:1, L6:1}","{L2:1, L5:1, L6:1}",""
2978184919765,PHASE_B,132309,6461,SEAL,0,4,32,"","198","","0","","1","","64",0,0,0,"{L2:1, L5:1, L6:1}","{L0:1, L2:1, L5:1, L6:1}",""
2978184922202,PHASE_B,132641,6527,SEAL,0,5,32,"","199","","0","","1","","64",0,0,0,"{L0:1, L2:1, L5:1, L6:1}","{L0:2, L2:1, L5:1, L6:1}",""
2978184922215,PHASE_B,132641,6527,MERGE_SUBMIT,0,5,32,"","","","","","","","",0,0,0,"{L0:2, L2:1, L5:1, L6:1}","{L0:2, L2:1, L5:1, L6:1}",""
2978184922319,PHASE_B,132659,6531,MERGE_START,0,5,32,"[198,199]","","[0,0]","","[1,1]","","[64,64]","",82,0,0,"{L0:2, L2:1, L5:1, L6:1}","{L0:2, L2:1, L5:1, L6:1}",""
2978184922606,PHASE_B,132702,6541,MERGE_DONE,0,0,0,"","200","","1","","2","","128",82,306,305,"","",""
2978184922626,PHASE_B,132707,6541,MERGE_PUBLISH,0,4,32,"","200","","1","","2","","128",82,321,320,"{L0:2, L2:1, L5:1, L6:1}","{L1:1, L2:1, L5:1, L6:1}",""
2978184924642,PHASE_B,132964,6591,SEAL,0,5,32,"","201","","0","","1","","64",0,0,0,"{L1:1, L2:1, L5:1, L6:1}","{L0:1, L1:1, L2:1, L5:1, L6:1}",""
2978184927020,PHASE_B,133267,6653,SEAL,0,6,32,"","202","","0","","1","","64",0,0,0,"{L0:1, L1:1, L2:1, L5:1, L6:1}","{L0:2, L1:1, L2:1, L5:1, L6:1}",""
2978184927035,PHASE_B,133267,6653,MERGE_SUBMIT,0,6,32,"","","","","","","","",0,0,0,"{L0:2, L1:1, L2:1, L5:1, L6:1}","{L0:2, L1:1, L2:1, L5:1, L6:1}",""
2978184927063,PHASE_B,133275,6656,MERGE_START,0,6,32,"[201,202]","","[0,0]","","[1,1]","","[64,64]","",17,0,0,"{L0:2, L1:1, L2:1, L5:1, L6:1}","{L0:2, L1:1, L2:1, L5:1, L6:1}",""
2978184927350,PHASE_B,133324,6664,MERGE_DONE,0,0,0,"","203","","1","","2","","128",17,297,297,"","",""
2978184927365,PHASE_B,133324,6664,MERGE_PUBLISH,0,5,32,"","203","","1","","2","","128",17,307,307,"{L0:2, L1:1, L2:1, L5:1, L6:1}","{L1:2, L2:1, L5:1, L6:1}",""
2978184927388,PHASE_B,133324,6664,MERGE_SUBMIT,9,5,32,"","","","","","","","",0,0,0,"{L1:2, L2:1, L5:1, L6:1}","{L1:2, L2:1, L5:1, L6:1}",""
2978184927457,PHASE_B,133335,6667,MERGE_START,0,5,32,"[200,203]","","[1,1]","","[2,2]","","[128,128]","",67,0,0,"{L1:2, L2:1, L5:1, L6:1}","{L1:2, L2:1, L5:1, L6:1}",""
2978184927958,PHASE_B,133410,6681,MERGE_DONE,0,0,0,"","204","","2","","4","","256",67,504,505,"","",""
2978184927990,PHASE_B,133410,6681,MERGE_PUBLISH,0,4,32,"","204","","2","","4","","256",67,533,524,"{L1:2, L2:1, L5:1, L6:1}","{L2:2, L5:1, L6:1}",""
2978184928018,PHASE_B,133414,6683,MERGE_SUBMIT,26,4,32,"","","","","","","","",0,0,0,"{L2:2, L5:1, L6:1}","{L2:2, L5:1, L6:1}",""
2978184928108,PHASE_B,133429,6684,MERGE_START,0,4,32,"[197,204]","","[2,2]","","[4,4]","","[256,256]","",88,0,0,"{L2:2, L5:1, L6:1}","{L2:2, L5:1, L6:1}",""
2978184929170,PHASE_B,133559,6711,MERGE_DONE,0,0,0,"","205","","3","","8","","512",88,1080,1080,"","",""
2978184929189,PHASE_B,133559,6711,MERGE_PUBLISH,0,3,32,"","205","","3","","8","","512",88,1095,1094,"{L2:2, L5:1, L6:1}","{L3:1, L5:1, L6:1}",""
2978184929598,PHASE_B,133599,6719,SEAL,0,4,32,"","206","","0","","1","","64",0,0,0,"{L3:1, L5:1, L6:1}","{L0:1, L3:1, L5:1, L6:1}",""
2978184932051,PHASE_B,133923,6783,SEAL,0,5,32,"","207","","0","","1","","64",0,0,0,"{L0:1, L3:1, L5:1, L6:1}","{L0:2, L3:1, L5:1, L6:1}",""
2978184932065,PHASE_B,133923,6783,MERGE_SUBMIT,0,5,32,"","","","","","","","",0,0,0,"{L0:2, L3:1, L5:1, L6:1}","{L0:2, L3:1, L5:1, L6:1}",""
2978184932179,PHASE_B,133937,6787,MERGE_START,0,5,32,"[206,207]","","[0,0]","","[1,1]","","[64,64]","",91,0,0,"{L0:2, L3:1, L5:1, L6:1}","{L0:2, L3:1, L5:1, L6:1}",""
2978184932482,PHASE_B,133984,6795,MERGE_DONE,0,0,0,"","208","","1","","2","","128",91,323,322,"","",""
2978184932625,PHASE_B,133991,6797,MERGE_PUBLISH,0,4,32,"","208","","1","","2","","128",91,460,459,"{L0:2, L3:1, L5:1, L6:1}","{L1:1, L3:1, L5:1, L6:1}",""
2978184934642,PHASE_B,134246,6847,SEAL,0,5,32,"","209","","0","","1","","64",0,0,0,"{L1:1, L3:1, L5:1, L6:1}","{L0:1, L1:1, L3:1, L5:1, L6:1}",""
2978184937030,PHASE_B,134563,6911,SEAL,0,6,32,"","210","","0","","1","","64",0,0,0,"{L0:1, L1:1, L3:1, L5:1, L6:1}","{L0:2, L1:1, L3:1, L5:1, L6:1}",""
2978184937041,PHASE_B,134563,6911,MERGE_SUBMIT,0,6,32,"","","","","","","","",0,0,0,"{L0:2, L1:1, L3:1, L5:1, L6:1}","{L0:2, L1:1, L3:1, L5:1, L6:1}",""
2978184937174,PHASE_B,134576,6914,MERGE_START,0,6,32,"[209,210]","","[0,0]","","[1,1]","","[64,64]","",109,0,0,"{L0:2, L1:1, L3:1, L5:1, L6:1}","{L0:2, L1:1, L3:1, L5:1, L6:1}",""
2978184937441,PHASE_B,134624,6924,MERGE_DONE,0,0,0,"","211","","1","","2","","128",109,287,286,"","",""
2978184937486,PHASE_B,134624,6924,MERGE_PUBLISH,0,5,32,"","211","","1","","2","","128",109,326,314,"{L0:2, L1:1, L3:1, L5:1, L6:1}","{L1:2, L3:1, L5:1, L6:1}",""
2978184937505,PHASE_B,134628,6926,MERGE_SUBMIT,13,5,32,"","","","","","","","",0,0,0,"{L1:2, L3:1, L5:1, L6:1}","{L1:2, L3:1, L5:1, L6:1}",""
2978184937611,PHASE_B,134641,6928,MERGE_START,0,5,32,"[208,211]","","[1,1]","","[2,2]","","[128,128]","",89,0,0,"{L1:2, L3:1, L5:1, L6:1}","{L1:2, L3:1, L5:1, L6:1}",""
2978184938212,PHASE_B,134721,6943,MERGE_DONE,0,0,0,"","212","","2","","4","","256",89,620,620,"","",""
2978184938232,PHASE_B,134721,6943,MERGE_PUBLISH,0,4,32,"","212","","2","","4","","256",89,635,634,"{L1:2, L3:1, L5:1, L6:1}","{L2:1, L3:1, L5:1, L6:1}",""
2978184939578,PHASE_B,134881,6975,SEAL,0,5,32,"","213","","0","","1","","64",0,0,0,"{L2:1, L3:1, L5:1, L6:1}","{L0:1, L2:1, L3:1, L5:1, L6:1}",""
2978184941931,PHASE_B,135194,7039,SEAL,0,6,32,"","214","","0","","1","","64",0,0,0,"{L0:1, L2:1, L3:1, L5:1, L6:1}","{L0:2, L2:1, L3:1, L5:1, L6:1}",""
2978184941945,PHASE_B,135194,7039,MERGE_SUBMIT,0,6,32,"","","","","","","","",0,0,0,"{L0:2, L2:1, L3:1, L5:1, L6:1}","{L0:2, L2:1, L3:1, L5:1, L6:1}",""
2978184942063,PHASE_B,135220,7043,MERGE_START,0,6,32,"[213,214]","","[0,0]","","[1,1]","","[64,64]","",94,0,0,"{L0:2, L2:1, L3:1, L5:1, L6:1}","{L0:2, L2:1, L3:1, L5:1, L6:1}",""
2978184942380,PHASE_B,135269,7053,MERGE_DONE,0,0,0,"","215","","1","","2","","128",94,338,337,"","",""
2978184942402,PHASE_B,135270,7053,MERGE_PUBLISH,0,5,32,"","215","","1","","2","","128",94,353,352,"{L0:2, L2:1, L3:1, L5:1, L6:1}","{L1:1, L2:1, L3:1, L5:1, L6:1}",""
2978184944355,PHASE_B,135519,7103,SEAL,0,6,32,"","216","","0","","1","","64",0,0,0,"{L1:1, L2:1, L3:1, L5:1, L6:1}","{L0:1, L1:1, L2:1, L3:1, L5:1, L6:1}",""
2978184946793,PHASE_B,135828,7164,SEAL,0,7,32,"","217","","0","","1","","64",0,0,0,"{L0:1, L1:1, L2:1, L3:1, L5:1, L6:1}","{L0:2, L1:1, L2:1, L3:1, L5:1, L6:1}",""
2978184946806,PHASE_B,135828,7164,MERGE_SUBMIT,0,7,32,"","","","","","","","",0,0,0,"{L0:2, L1:1, L2:1, L3:1, L5:1, L6:1}","{L0:2, L1:1, L2:1, L3:1, L5:1, L6:1}",""
2978184946915,PHASE_B,135861,7171,MERGE_START,0,7,32,"[216,217]","","[0,0]","","[1,1]","","[64,64]","",85,0,0,"{L0:2, L1:1, L2:1, L3:1, L5:1, L6:1}","{L0:2, L1:1, L2:1, L3:1, L5:1, L6:1}",""
2978184947237,PHASE_B,135910,7180,MERGE_DONE,0,0,0,"","218","","1","","2","","128",85,343,342,"","",""
2978184947260,PHASE_B,135910,7180,MERGE_PUBLISH,0,6,32,"","218","","1","","2","","128",85,359,358,"{L0:2, L1:1, L2:1, L3:1, L5:1, L6:1}","{L1:2, L2:1, L3:1, L5:1, L6:1}",""
2978184947279,PHASE_B,135910,7180,MERGE_SUBMIT,13,6,32,"","","","","","","","",0,0,0,"{L1:2, L2:1, L3:1, L5:1, L6:1}","{L1:2, L2:1, L3:1, L5:1, L6:1}",""
2978184947344,PHASE_B,135915,7183,MERGE_START,0,6,32,"[215,218]","","[1,1]","","[2,2]","","[128,128]","",64,0,0,"{L1:2, L2:1, L3:1, L5:1, L6:1}","{L1:2, L2:1, L3:1, L5:1, L6:1}",""
2978184947840,PHASE_B,135987,7197,MERGE_DONE,0,0,0,"","219","","2","","4","","256",64,500,500,"","",""
2978184947879,PHASE_B,135987,7197,MERGE_PUBLISH,0,5,32,"","219","","2","","4","","256",64,534,523,"{L1:2, L2:1, L3:1, L5:1, L6:1}","{L2:2, L3:1, L5:1, L6:1}",""
2978184947890,PHASE_B,135987,7197,MERGE_SUBMIT,30,5,32,"","","","","","","","",0,0,0,"{L2:2, L3:1, L5:1, L6:1}","{L2:2, L3:1, L5:1, L6:1}",""
2978184947994,PHASE_B,136009,7201,MERGE_START,0,5,32,"[212,219]","","[2,2]","","[4,4]","","[256,256]","",84,0,0,"{L2:2, L3:1, L5:1, L6:1}","{L2:2, L3:1, L5:1, L6:1}",""
2978184949067,PHASE_B,136134,7226,MERGE_DONE,0,0,0,"","220","","3","","8","","512",84,1092,1092,"","",""
2978184949088,PHASE_B,136134,7226,MERGE_PUBLISH,0,4,32,"","220","","3","","8","","512",84,1107,1106,"{L2:2, L3:1, L5:1, L6:1}","{L3:2, L5:1, L6:1}",""
2978184949108,PHASE_B,136134,7226,MERGE_SUBMIT,59,4,32,"","","","","","","","",0,0,0,"{L3:2, L5:1, L6:1}","{L3:2, L5:1, L6:1}",""
2978184949209,PHASE_B,136146,7230,MERGE_START,0,4,32,"[205,220]","","[3,3]","","[8,8]","","[512,512]","",85,0,0,"{L3:2, L5:1, L6:1}","{L3:2, L5:1, L6:1}",""
2978184949348,PHASE_B,136160,7230,SEAL,0,5,32,"","221","","0","","1","","64",0,0,0,"{L3:2, L5:1, L6:1}","{L0:1, L3:2, L5:1, L6:1}",""
2978184951416,PHASE_B,136448,7288,MERGE_DONE,0,0,0,"","222","","4","","16","","1024",85,2224,2224,"","",""
2978184951438,PHASE_B,136454,7289,MERGE_PUBLISH,0,4,32,"","222","","4","","16","","1024",85,2243,2242,"{L0:1, L3:2, L5:1, L6:1}","{L0:1, L4:1, L5:1, L6:1}",""
2978184951753,PHASE_B,136478,7295,SEAL,0,5,32,"","223","","0","","1","","64",0,0,0,"{L0:1, L4:1, L5:1, L6:1}","{L0:2, L4:1, L5:1, L6:1}",""
2978184951766,PHASE_B,136478,7295,MERGE_SUBMIT,0,5,32,"","","","","","","","",0,0,0,"{L0:2, L4:1, L5:1, L6:1}","{L0:2, L4:1, L5:1, L6:1}",""
2978184951825,PHASE_B,136487,7297,MERGE_START,0,5,32,"[221,223]","","[0,0]","","[1,1]","","[64,64]","",51,0,0,"{L0:2, L4:1, L5:1, L6:1}","{L0:2, L4:1, L5:1, L6:1}",""
2978184952156,PHASE_B,136537,7307,MERGE_DONE,0,0,0,"","224","","1","","2","","128",51,336,336,"","",""
2978184952171,PHASE_B,136537,7307,MERGE_PUBLISH,0,4,32,"","224","","1","","2","","128",51,347,347,"{L0:2, L4:1, L5:1, L6:1}","{L1:1, L4:1, L5:1, L6:1}",""
2978184954232,PHASE_B,136795,7357,SEAL,0,5,32,"","225","","0","","1","","64",0,0,0,"{L1:1, L4:1, L5:1, L6:1}","{L0:1, L1:1, L4:1, L5:1, L6:1}",""
2978184956544,PHASE_B,137126,7423,SEAL,0,6,32,"","226","","0","","1","","64",0,0,0,"{L0:1, L1:1, L4:1, L5:1, L6:1}","{L0:2, L1:1, L4:1, L5:1, L6:1}",""
2978184956558,PHASE_B,137126,7423,MERGE_SUBMIT,0,6,32,"","","","","","","","",0,0,0,"{L0:2, L1:1, L4:1, L5:1, L6:1}","{L0:2, L1:1, L4:1, L5:1, L6:1}",""
2978184956668,PHASE_B,137138,7427,MERGE_START,0,6,32,"[225,226]","","[0,0]","","[1,1]","","[64,64]","",86,0,0,"{L0:2, L1:1, L4:1, L5:1, L6:1}","{L0:2, L1:1, L4:1, L5:1, L6:1}",""
2978184957018,PHASE_B,137204,7438,MERGE_DONE,0,0,0,"","227","","1","","2","","128",86,352,352,"","",""
2978184957039,PHASE_B,137204,7438,MERGE_PUBLISH,0,5,32,"","227","","1","","2","","128",86,385,384,"{L0:2, L1:1, L4:1, L5:1, L6:1}","{L1:2, L4:1, L5:1, L6:1}",""
2978184957058,PHASE_B,137204,7438,MERGE_SUBMIT,15,5,32,"","","","","","","","",0,0,0,"{L1:2, L4:1, L5:1, L6:1}","{L1:2, L4:1, L5:1, L6:1}",""
2978184957135,PHASE_B,137207,7441,MERGE_START,0,5,32,"[224,227]","","[1,1]","","[2,2]","","[128,128]","",76,0,0,"{L1:2, L4:1, L5:1, L6:1}","{L1:2, L4:1, L5:1, L6:1}",""
2978184957635,PHASE_B,137279,7454,MERGE_DONE,0,0,0,"","228","","2","","4","","256",76,505,505,"","",""
2978184957648,PHASE_B,137279,7454,MERGE_PUBLISH,0,4,32,"","228","","2","","4","","256",76,514,514,"{L1:2, L4:1, L5:1, L6:1}","{L2:1, L4:1, L5:1, L6:1}",""
2978184959079,PHASE_B,137445,7487,SEAL,0,5,32,"","229","","0","","1","","64",0,0,0,"{L2:1, L4:1, L5:1, L6:1}","{L0:1, L2:1, L4:1, L5:1, L6:1}",""
2978184961492,PHASE_B,137761,7551,SEAL,0,6,32,"","230","","0","","1","","64",0,0,0,"{L0:1, L2:1, L4:1, L5:1, L6:1}","{L0:2, L2:1, L4:1, L5:1, L6:1}",""
2978184961505,PHASE_B,137761,7551,MERGE_SUBMIT,0,6,32,"","","","","","","","",0,0,0,"{L0:2, L2:1, L4:1, L5:1, L6:1}","{L0:2, L2:1, L4:1, L5:1, L6:1}",""
2978184961613,PHASE_B,137780,7554,MERGE_START,0,6,32,"[229,230]","","[0,0]","","[1,1]","","[64,64]","",85,0,0,"{L0:2, L2:1, L4:1, L5:1, L6:1}","{L0:2, L2:1, L4:1, L5:1, L6:1}",""
2978184961902,PHASE_B,137835,7565,MERGE_DONE,0,0,0,"","231","","1","","2","","128",85,309,308,"","",""
2978184961923,PHASE_B,137835,7565,MERGE_PUBLISH,0,5,32,"","231","","1","","2","","128",85,324,323,"{L0:2, L2:1, L4:1, L5:1, L6:1}","{L1:1, L2:1, L4:1, L5:1, L6:1}",""
2978184963843,PHASE_B,138073,7614,SEAL,0,6,32,"","232","","0","","1","","64",0,0,0,"{L1:1, L2:1, L4:1, L5:1, L6:1}","{L0:1, L1:1, L2:1, L4:1, L5:1, L6:1}",""
2978184966176,PHASE_B,138401,7679,SEAL,0,7,32,"","233","","0","","1","","64",0,0,0,"{L0:1, L1:1, L2:1, L4:1, L5:1, L6:1}","{L0:2, L1:1, L2:1, L4:1, L5:1, L6:1}",""
2978184966188,PHASE_B,138401,7679,MERGE_SUBMIT,0,7,32,"","","","","","","","",0,0,0,"{L0:2, L1:1, L2:1, L4:1, L5:1, L6:1}","{L0:2, L1:1, L2:1, L4:1, L5:1, L6:1}",""
2978184966304,PHASE_B,138410,7681,MERGE_START,0,7,32,"[232,233]","","[0,0]","","[1,1]","","[64,64]","",91,0,0,"{L0:2, L1:1, L2:1, L4:1, L5:1, L6:1}","{L0:2, L1:1, L2:1, L4:1, L5:1, L6:1}",""
2978184966594,PHASE_B,138463,7692,MERGE_DONE,0,0,0,"","234","","1","","2","","128",91,311,310,"","",""
2978184966615,PHASE_B,138464,7692,MERGE_PUBLISH,0,6,32,"","234","","1","","2","","128",91,326,325,"{L0:2, L1:1, L2:1, L4:1, L5:1, L6:1}","{L1:2, L2:1, L4:1, L5:1, L6:1}",""
2978184966635,PHASE_B,138464,7692,MERGE_SUBMIT,12,6,32,"","","","","","","","",0,0,0,"{L1:2, L2:1, L4:1, L5:1, L6:1}","{L1:2, L2:1, L4:1, L5:1, L6:1}",""
2978184966722,PHASE_B,138476,7693,MERGE_START,0,6,32,"[231,234]","","[1,1]","","[2,2]","","[128,128]","",85,0,0,"{L1:2, L2:1, L4:1, L5:1, L6:1}","{L1:2, L2:1, L4:1, L5:1, L6:1}",""
2978184967237,PHASE_B,138534,7705,MERGE_DONE,0,0,0,"","235","","2","","4","","256",85,520,520,"","",""
2978184967251,PHASE_B,138540,7708,MERGE_PUBLISH,0,5,32,"","235","","2","","4","","256",85,530,530,"{L1:2, L2:1, L4:1, L5:1, L6:1}","{L2:2, L4:1, L5:1, L6:1}",""
2978184967262,PHASE_B,138543,7708,MERGE_SUBMIT,28,5,32,"","","","","","","","",0,0,0,"{L2:2, L4:1, L5:1, L6:1}","{L2:2, L4:1, L5:1, L6:1}",""
2978184967369,PHASE_B,138558,7711,MERGE_START,0,5,32,"[228,235]","","[2,2]","","[4,4]","","[256,256]","",87,0,0,"{L2:2, L4:1, L5:1, L6:1}","{L2:2, L4:1, L5:1, L6:1}",""
2978184968470,PHASE_B,138684,7736,MERGE_DONE,0,0,0,"","236","","3","","8","","512",87,1121,1120,"","",""
2978184968491,PHASE_B,138688,7737,MERGE_PUBLISH,0,4,32,"","236","","3","","8","","512",87,1136,1135,"{L2:2, L4:1, L5:1, L6:1}","{L3:1, L4:1, L5:1, L6:1}",""
2978184968832,PHASE_B,138711,7740,SEAL,0,5,32,"","237","","0","","1","","64",0,0,0,"{L3:1, L4:1, L5:1, L6:1}","{L0:1, L3:1, L4:1, L5:1, L6:1}",""
2978184971435,PHASE_B,139040,7807,SEAL,0,6,32,"","238","","0","","1","","64",0,0,0,"{L0:1, L3:1, L4:1, L5:1, L6:1}","{L0:2, L3:1, L4:1, L5:1, L6:1}",""
2978184971448,PHASE_B,139040,7807,MERGE_SUBMIT,0,6,32,"","","","","","","","",0,0,0,"{L0:2, L3:1, L4:1, L5:1, L6:1}","{L0:2, L3:1, L4:1, L5:1, L6:1}",""
2978184971554,PHASE_B,139056,7811,MERGE_START,0,6,32,"[237,238]","","[0,0]","","[1,1]","","[64,64]","",83,0,0,"{L0:2, L3:1, L4:1, L5:1, L6:1}","{L0:2, L3:1, L4:1, L5:1, L6:1}",""
2978184971847,PHASE_B,139104,7820,MERGE_DONE,0,0,0,"","239","","1","","2","","128",83,312,312,"","",""
2978184971868,PHASE_B,139106,7820,MERGE_PUBLISH,0,5,32,"","239","","1","","2","","128",83,328,327,"{L0:2, L3:1, L4:1, L5:1, L6:1}","{L1:1, L3:1, L4:1, L5:1, L6:1}",""
2978184973988,PHASE_B,139356,7869,SEAL,0,6,32,"","240","","0","","1","","64",0,0,0,"{L1:1, L3:1, L4:1, L5:1, L6:1}","{L0:1, L1:1, L3:1, L4:1, L5:1, L6:1}",""
2978184976611,PHASE_B,139681,7935,SEAL,0,7,32,"","241","","0","","1","","64",0,0,0,"{L0:1, L1:1, L3:1, L4:1, L5:1, L6:1}","{L0:2, L1:1, L3:1, L4:1, L5:1, L6:1}",""
2978184976630,PHASE_B,139681,7935,MERGE_SUBMIT,0,7,32,"","","","","","","","",0,0,0,"{L0:2, L1:1, L3:1, L4:1, L5:1, L6:1}","{L0:2, L1:1, L3:1, L4:1, L5:1, L6:1}",""
2978184976686,PHASE_B,139685,7936,MERGE_START,0,7,32,"[240,241]","","[0,0]","","[1,1]","","[64,64]","",32,0,0,"{L0:2, L1:1, L3:1, L4:1, L5:1, L6:1}","{L0:2, L1:1, L3:1, L4:1, L5:1, L6:1}",""
2978184977018,PHASE_B,139734,7946,MERGE_DONE,0,0,0,"","242","","1","","2","","128",32,340,353,"","",""
2978184977060,PHASE_B,139749,7948,MERGE_PUBLISH,0,6,32,"","242","","1","","2","","128",32,388,379,"{L0:2, L1:1, L3:1, L4:1, L5:1, L6:1}","{L1:2, L3:1, L4:1, L5:1, L6:1}",""
2978184977080,PHASE_B,139752,7949,MERGE_SUBMIT,12,6,32,"","","","","","","","",0,0,0,"{L1:2, L3:1, L4:1, L5:1, L6:1}","{L1:2, L3:1, L4:1, L5:1, L6:1}",""
2978184977152,PHASE_B,139755,7949,MERGE_START,0,6,32,"[239,242]","","[1,1]","","[2,2]","","[128,128]","",71,0,0,"{L1:2, L3:1, L4:1, L5:1, L6:1}","{L1:2, L3:1, L4:1, L5:1, L6:1}",""
2978184977649,PHASE_B,139828,7964,MERGE_DONE,0,0,0,"","243","","2","","4","","256",71,503,503,"","",""
2978184977664,PHASE_B,139828,7964,MERGE_PUBLISH,0,5,32,"","243","","2","","4","","256",71,513,513,"{L1:2, L3:1, L4:1, L5:1, L6:1}","{L2:1, L3:1, L4:1, L5:1, L6:1}",""
2978184979149,PHASE_B,140000,7999,SEAL,0,6,32,"","244","","0","","1","","64",0,0,0,"{L2:1, L3:1, L4:1, L5:1, L6:1}","{L0:1, L2:1, L3:1, L4:1, L5:1, L6:1}",""
2978184981458,PHASE_B,140319,8063,SEAL,0,7,32,"","245","","0","","1","","64",0,0,0,"{L0:1, L2:1, L3:1, L4:1, L5:1, L6:1}","{L0:2, L2:1, L3:1, L4:1, L5:1, L6:1}",""
2978184981471,PHASE_B,140319,8063,MERGE_SUBMIT,0,7,32,"","","","","","","","",0,0,0,"{L0:2, L2:1, L3:1, L4:1, L5:1, L6:1}","{L0:2, L2:1, L3:1, L4:1, L5:1, L6:1}",""
2978184981579,PHASE_B,140336,8067,MERGE_START,0,7,32,"[244,245]","","[0,0]","","[1,1]","","[64,64]","",84,0,0,"{L0:2, L2:1, L3:1, L4:1, L5:1, L6:1}","{L0:2, L2:1, L3:1, L4:1, L5:1, L6:1}",""
2978184981888,PHASE_B,140393,8077,MERGE_DONE,0,0,0,"","246","","1","","2","","128",84,329,328,"","",""
2978184981910,PHASE_B,140393,8077,MERGE_PUBLISH,0,6,32,"","246","","1","","2","","128",84,344,343,"{L0:2, L2:1, L3:1, L4:1, L5:1, L6:1}","{L1:1, L2:1, L3:1, L4:1, L5:1, L6:1}",""
2978184983870,PHASE_B,140639,8127,SEAL,0,7,32,"","247","","0","","1","","64",0,0,0,"{L1:1, L2:1, L3:1, L4:1, L5:1, L6:1}","{L0:1, L1:1, L2:1, L3:1, L4:1, L5:1, L6:1}",""
2978184986342,PHASE_B,140953,8189,SEAL,0,8,32,"","248","","0","","1","","64",0,0,0,"{L0:1, L1:1, L2:1, L3:1, L4:1, L5:1, L6:1}","{L0:2, L1:1, L2:1, L3:1, L4:1, L5:1, L6:1}",""
2978184986355,PHASE_B,140953,8189,MERGE_SUBMIT,0,8,32,"","","","","","","","",0,0,0,"{L0:2, L1:1, L2:1, L3:1, L4:1, L5:1, L6:1}","{L0:2, L1:1, L2:1, L3:1, L4:1, L5:1, L6:1}",""
2978184986484,PHASE_B,140984,8196,MERGE_START,0,8,32,"[247,248]","","[0,0]","","[1,1]","","[64,64]","",98,0,0,"{L0:2, L1:1, L2:1, L3:1, L4:1, L5:1, L6:1}","{L0:2, L1:1, L2:1, L3:1, L4:1, L5:1, L6:1}",""
2978184986776,PHASE_B,141027,8206,MERGE_DONE,0,0,0,"","249","","1","","2","","128",98,320,319,"","",""
2978184986802,PHASE_B,141030,8206,MERGE_PUBLISH,0,7,32,"","249","","1","","2","","128",98,336,335,"{L0:2, L1:1, L2:1, L3:1, L4:1, L5:1, L6:1}","{L1:2, L2:1, L3:1, L4:1, L5:1, L6:1}",""
2978184986818,PHASE_B,141030,8206,MERGE_SUBMIT,14,7,32,"","","","","","","","",0,0,0,"{L1:2, L2:1, L3:1, L4:1, L5:1, L6:1}","{L1:2, L2:1, L3:1, L4:1, L5:1, L6:1}",""
2978184986898,PHASE_B,141053,8208,MERGE_START,0,7,32,"[246,249]","","[1,1]","","[2,2]","","[128,128]","",79,0,0,"{L1:2, L2:1, L3:1, L4:1, L5:1, L6:1}","{L1:2, L2:1, L3:1, L4:1, L5:1, L6:1}",""
2978184987417,PHASE_B,141116,8222,MERGE_DONE,0,0,0,"","250","","2","","4","","256",79,524,525,"","",""
2978184987434,PHASE_B,141116,8222,MERGE_PUBLISH,0,6,32,"","250","","2","","4","","256",79,535,535,"{L1:2, L2:1, L3:1, L4:1, L5:1, L6:1}","{L2:2, L3:1, L4:1, L5:1, L6:1}",""
2978184987446,PHASE_B,141116,8222,MERGE_SUBMIT,30,6,32,"","","","","","","","",0,0,0,"{L2:2, L3:1, L4:1, L5:1, L6:1}","{L2:2, L3:1, L4:1, L5:1, L6:1}",""
2978184987551,PHASE_B,141126,8225,MERGE_START,0,6,32,"[243,250]","","[2,2]","","[4,4]","","[256,256]","",85,0,0,"{L2:2, L3:1, L4:1, L5:1, L6:1}","{L2:2, L3:1, L4:1, L5:1, L6:1}",""
2978184988645,PHASE_B,141255,8251,MERGE_DONE,0,0,0,"","251","","3","","8","","512",85,1113,1113,"","",""
2978184988669,PHASE_B,141264,8251,MERGE_PUBLISH,0,5,32,"","251","","3","","8","","512",85,1131,1130,"{L2:2, L3:1, L4:1, L5:1, L6:1}","{L3:2, L4:1, L5:1, L6:1}",""
2978184988688,PHASE_B,141264,8251,MERGE_SUBMIT,59,5,32,"","","","","","","","",0,0,0,"{L3:2, L4:1, L5:1, L6:1}","{L3:2, L4:1, L5:1, L6:1}",""
2978184988792,PHASE_B,141271,8252,MERGE_START,0,5,32,"[236,251]","","[3,3]","","[8,8]","","[512,512]","",86,0,0,"{L3:2, L4:1, L5:1, L6:1}","{L3:2, L4:1, L5:1, L6:1}",""
2978184988908,PHASE_B,141271,8252,SEAL,0,6,32,"","252","","0","","1","","64",0,0,0,"{L3:2, L4:1, L5:1, L6:1}","{L0:1, L3:2, L4:1, L5:1, L6:1}",""
2978184990977,PHASE_B,141566,8312,MERGE_DONE,0,0,0,"","253","","4","","16","","1024",86,2204,2204,"","",""
2978184991040,PHASE_B,141573,8314,MERGE_PUBLISH,0,5,32,"","253","","4","","16","","1024",86,2261,2234,"{L0:1, L3:2, L4:1, L5:1, L6:1}","{L0:1, L4:2, L5:1, L6:1}",""
2978184991059,PHASE_B,141573,8314,MERGE_SUBMIT,58,5,32,"","","","","","","","",0,0,0,"{L0:1, L4:2, L5:1, L6:1}","{L0:1, L4:2, L5:1, L6:1}",""
2978184991170,PHASE_B,141580,8316,MERGE_START,0,5,32,"[222,253]","","[4,4]","","[16,16]","","[1024,1024]","",94,0,0,"{L0:1, L4:2, L5:1, L6:1}","{L0:1, L4:2, L5:1, L6:1}",""
2978184991359,PHASE_B,141601,8319,SEAL,0,6,32,"","254","","0","","1","","64",0,0,0,"{L0:1, L4:2, L5:1, L6:1}","{L0:2, L4:2, L5:1, L6:1}",""
2978184993829,PHASE_B,141917,8382,SEAL,0,7,32,"","256","","0","","1","","64",0,0,0,"{L0:2, L4:2, L5:1, L6:1}","{L0:3, L4:2, L5:1, L6:1}",""
2978184995665,PHASE_B,142191,8437,MERGE_DONE,0,0,0,"","255","","5","","32","","2048",94,4513,4513,"","",""
2978184995685,PHASE_B,142196,8437,MERGE_PUBLISH,0,6,32,"","255","","5","","32","","2048",94,4529,4528,"{L0:3, L4:2, L5:1, L6:1}","{L0:3, L5:2, L6:1}",""
2978184995704,PHASE_B,142199,8437,MERGE_SUBMIT,53,6,32,"","","","","","","","",0,0,0,"{L0:3, L5:2, L6:1}","{L0:3, L5:2, L6:1}",""
2978184995817,PHASE_B,142205,8440,MERGE_START,0,6,32,"[252,254]","","[0,0]","","[1,1]","","[64,64]","",98,0,0,"{L0:3, L5:2, L6:1}","{L0:3, L5:2, L6:1}",""
2978184996167,PHASE_B,142239,8447,MERGE_DONE,0,0,0,"","257","","1","","2","","128",98,369,369,"","",""
2978184996198,PHASE_B,142239,8447,SEAL,0,7,32,"","258","","0","","1","","64",0,0,0,"{L0:3, L5:2, L6:1}","{L0:4, L5:2, L6:1}",""
2978184996244,PHASE_B,142239,8447,MERGE_PUBLISH,0,6,32,"","257","","1","","2","","128",98,439,396,"{L0:4, L5:2, L6:1}","{L0:2, L1:1, L5:2, L6:1}",""
2978184996264,PHASE_B,142243,8449,MERGE_SUBMIT,0,6,32,"","","","","","","","",0,0,0,"{L0:2, L1:1, L5:2, L6:1}","{L0:2, L1:1, L5:2, L6:1}",""
2978184996313,PHASE_B,142254,8450,MERGE_START,0,6,32,"[256,258]","","[0,0]","","[1,1]","","[64,64]","",48,0,0,"{L0:2, L1:1, L5:2, L6:1}","{L0:2, L1:1, L5:2, L6:1}",""
2978184996559,PHASE_B,142292,8458,MERGE_DONE,0,0,0,"","259","","1","","2","","128",48,251,251,"","",""
2978184996606,PHASE_B,142298,8459,MERGE_PUBLISH,0,5,32,"","259","","1","","2","","128",48,293,269,"{L0:2, L1:1, L5:2, L6:1}","{L1:2, L5:2, L6:1}",""
2978184996618,PHASE_B,142298,8459,MERGE_SUBMIT,11,5,32,"","","","","","","","",0,0,0,"{L1:2, L5:2, L6:1}","{L1:2, L5:2, L6:1}",""
2978184996683,PHASE_B,142303,8460,MERGE_START,0,5,32,"[257,259]","","[1,1]","","[2,2]","","[128,128]","",61,0,0,"{L1:2, L5:2, L6:1}","{L1:2, L5:2, L6:1}",""
2978184997208,PHASE_B,142380,8475,MERGE_DONE,0,0,0,"","260","","2","","4","","256",61,532,532,"","",""
2978184997249,PHASE_B,142386,8476,MERGE_PUBLISH,0,4,32,"","260","","2","","4","","256",61,567,556,"{L1:2, L5:2, L6:1}","{L2:1, L5:2, L6:1}",""
2978184997263,PHASE_B,142386,8476,MERGE_SUBMIT,28,4,32,"","","","","","","","",0,0,0,"{L2:1, L5:2, L6:1}","{L2:1, L5:2, L6:1}",""
2978184997302,PHASE_B,142394,8477,MERGE_START,0,4,32,"[193,255]","","[5,5]","","[32,32]","","[2048,2048]","",22,0,0,"{L2:1, L5:2, L6:1}","{L2:1, L5:2, L6:1}",""
2978184998834,PHASE_B,142564,8511,SEAL,0,5,32,"","261","","0","","1","","64",0,0,0,"{L2:1, L5:2, L6:1}","{L0:1, L2:1, L5:2, L6:1}",""
2978185001216,PHASE_B,142878,8574,SEAL,0,6,32,"","263","","0","","1","","64",0,0,0,"{L0:1, L2:1, L5:2, L6:1}","{L0:2, L2:1, L5:2, L6:1}",""
2978185003687,PHASE_B,143204,8639,SEAL,0,7,32,"","264","","0","","1","","64",0,0,0,"{L0:2, L2:1, L5:2, L6:1}","{L0:3, L2:1, L5:2, L6:1}",""
2978185005985,PHASE_B,143517,8703,SEAL,0,8,32,"","265","","0","","1","","64",0,0,0,"{L0:3, L2:1, L5:2, L6:1}","{L0:4, L2:1, L5:2, L6:1}",""
2978185008190,PHASE_B,143813,8763,MERGE_DONE,0,0,0,"","262","","6","","64","","4096",22,10904,10904,"","",""
2978185008239,PHASE_B,143827,8764,MERGE_PUBLISH,0,7,32,"","262","","6","","64","","4096",22,10948,10938,"{L0:4, L2:1, L5:2, L6:1}","{L0:4, L2:1, L6:2}",""
2978185008257,PHASE_B,143827,8764,MERGE_SUBMIT,60,7,32,"","","","","","","","",0,0,0,"{L0:4, L2:1, L6:2}","{L0:4, L2:1, L6:2}",""
2978185008367,PHASE_B,143839,8767,MERGE_START,0,7,32,"[261,263]","","[0,0]","","[1,1]","","[64,64]","",94,0,0,"{L0:4, L2:1, L6:2}","{L0:4, L2:1, L6:2}",""
2978185008439,PHASE_B,143839,8767,SEAL,0,8,32,"","266","","0","","1","","64",0,0,0,"{L0:4, L2:1, L6:2}","{L0:5, L2:1, L6:2}",""
2978185009284,PHASE_B,143975,8794,MERGE_DONE,0,0,0,"","267","","1","","2","","128",94,935,909,"","",""
2978185009345,PHASE_B,143986,8794,MERGE_PUBLISH,0,7,32,"","267","","1","","2","","128",94,991,939,"{L0:5, L2:1, L6:2}","{L0:3, L1:1, L2:1, L6:2}",""
2978185009364,PHASE_B,143987,8795,MERGE_SUBMIT,26,7,32,"","","","","","","","",0,0,0,"{L0:3, L1:1, L2:1, L6:2}","{L0:3, L1:1, L2:1, L6:2}",""
2978185009469,PHASE_B,143988,8795,MERGE_START,0,7,32,"[264,265]","","[0,0]","","[1,1]","","[64,64]","",87,0,0,"{L0:3, L1:1, L2:1, L6:2}","{L0:3, L1:1, L2:1, L6:2}",""
2978185009757,PHASE_B,144025,8803,MERGE_DONE,0,0,0,"","268","","1","","2","","128",87,309,308,"","",""
2978185009781,PHASE_B,144029,8805,MERGE_PUBLISH,0,6,32,"","268","","1","","2","","128",87,327,326,"{L0:3, L1:1, L2:1, L6:2}","{L0:1, L1:2, L2:1, L6:2}",""
2978185009801,PHASE_B,144029,8805,MERGE_SUBMIT,37,6,32,"","","","","","","","",0,0,0,"{L0:1, L1:2, L2:1, L6:2}","{L0:1, L1:2, L2:1, L6:2}",""
2978185009878,PHASE_B,144044,8807,MERGE_START,0,6,32,"[267,268]","","[1,1]","","[2,2]","","[128,128]","",77,0,0,"{L0:1, L1:2, L2:1, L6:2}","{L0:1, L1:2, L2:1, L6:2}",""
2978185010401,PHASE_B,144105,8819,MERGE_DONE,0,0,0,"","269","","2","","4","","256",77,527,528,"","",""
2978185010448,PHASE_B,144106,8819,MERGE_PUBLISH,0,5,32,"","269","","2","","4","","256",77,569,551,"{L0:1, L1:2, L2:1, L6:2}","{L0:1, L2:2, L6:2}",""
2978185010462,PHASE_B,144106,8819,MERGE_SUBMIT,52,5,32,"","","","","","","","",0,0,0,"{L0:1, L2:2, L6:2}","{L0:1, L2:2, L6:2}",""
2978185010485,PHASE_B,144106,8819,MERGE_START,0,5,32,"[260,269]","","[2,2]","","[4,4]","","[256,256]","",17,0,0,"{L0:1, L2:2, L6:2}","{L0:1, L2:2, L6:2}",""
2978185011004,PHASE_B,144144,8828,SEAL,0,6,32,"","271","","0","","1","","64",0,0,0,"{L0:1, L2:2, L6:2}","{L0:2, L2:2, L6:2}",""
2978185011645,PHASE_B,144258,8850,MERGE_DONE,0,0,0,"","270","","3","","8","","512",17,1168,1168,"","",""
2978185011660,PHASE_B,144258,8850,MERGE_PUBLISH,0,5,32,"","270","","3","","8","","512",17,1179,1179,"{L0:2, L2:2, L6:2}","{L0:2, L3:1, L6:2}",""
2978185011674,PHASE_B,144258,8850,MERGE_SUBMIT,19,5,32,"","","","","","","","",0,0,0,"{L0:2, L3:1, L6:2}","{L0:2, L3:1, L6:2}",""
2978185011783,PHASE_B,144274,8854,MERGE_START,0,5,32,"[266,271]","","[0,0]","","[1,1]","","[64,64]","",90,0,0,"{L0:2, L3:1, L6:2}","{L0:2, L3:1, L6:2}",""
2978185012136,PHASE_B,144328,8865,MERGE_DONE,0,0,0,"","272","","1","","2","","128",90,371,371,"","",""
2978185012154,PHASE_B,144330,8865,MERGE_PUBLISH,0,4,32,"","272","","1","","2","","128",90,385,384,"{L0:2, L3:1, L6:2}","{L1:1, L3:1, L6:2}",""
2978185012171,PHASE_B,144330,8865,MERGE_SUBMIT,33,4,32,"","","","","","","","",0,0,0,"{L1:1, L3:1, L6:2}","{L1:1, L3:1, L6:2}",""
2978185012199,PHASE_B,144330,8865,MERGE_START,0,4,32,"[135,262]","","[6,6]","","[64,64]","","[4096,4096]","",19,0,0,"{L1:1, L3:1, L6:2}","{L1:1, L3:1, L6:2}",""
2978185013493,PHASE_B,144474,8894,SEAL,0,5,32,"","273","","0","","1","","64",0,0,0,"{L1:1, L3:1, L6:2}","{L0:1, L1:1, L3:1, L6:2}",""
2978185015862,PHASE_B,144803,8958,SEAL,0,6,32,"","274","","0","","1","","64",0,0,0,"{L0:1, L1:1, L3:1, L6:2}","{L0:2, L1:1, L3:1, L6:2}",""
2978185018291,PHASE_B,145110,9021,SEAL,0,7,32,"","276","","0","","1","","64",0,0,0,"{L0:2, L1:1, L3:1, L6:2}","{L0:3, L1:1, L3:1, L6:2}",""
2978185020674,PHASE_B,145431,9086,SEAL,0,8,32,"","277","","0","","1","","64",0,0,0,"{L0:3, L1:1, L3:1, L6:2}","{L0:4, L1:1, L3:1, L6:2}",""
2978185023060,PHASE_B,145758,9150,SEAL,0,9,32,"","278","","0","","1","","64",0,0,0,"{L0:4, L1:1, L3:1, L6:2}","{L0:5, L1:1, L3:1, L6:2}",""
2978185025490,PHASE_B,146071,9213,SEAL,0,10,32,"","279","","0","","1","","64",0,0,0,"{L0:5, L1:1, L3:1, L6:2}","{L0:6, L1:1, L3:1, L6:2}",""
2978185027859,PHASE_B,146393,9278,SEAL,0,11,32,"","280","","0","","1","","64",0,0,0,"{L0:6, L1:1, L3:1, L6:2}","{L0:7, L1:1, L3:1, L6:2}",""
2978185030156,PHASE_B,146723,9343,SEAL,0,12,32,"","281","","0","","1","","64",0,0,0,"{L0:7, L1:1, L3:1, L6:2}","{L0:8, L1:1, L3:1, L6:2}",""
2978185032481,PHASE_B,147041,9406,SEAL,0,13,32,"","282","","0","","1","","64",0,0,0,"{L0:8, L1:1, L3:1, L6:2}","{L0:9, L1:1, L3:1, L6:2}",""
2978185034848,PHASE_B,147360,9471,SEAL,0,14,32,"","283","","0","","1","","64",0,0,0,"{L0:9, L1:1, L3:1, L6:2}","{L0:10, L1:1, L3:1, L6:2}",""
2978185036444,PHASE_B,147588,9517,MERGE_DONE,0,0,0,"","275","","7","","128","","8192",19,24253,24255,"","",""
2978185036472,PHASE_B,147593,9517,MERGE_PUBLISH,0,13,32,"","275","","7","","128","","8192",19,24277,24278,"{L0:10, L1:1, L3:1, L6:2}","{L0:10, L1:1, L3:1, L7:1}",""
2978185036493,PHASE_B,147593,9517,MERGE_SUBMIT,45,13,32,"","","","","","","","",0,0,0,"{L0:10, L1:1, L3:1, L7:1}","{L0:10, L1:1, L3:1, L7:1}",""
2978185036610,PHASE_B,147606,9519,MERGE_START,0,13,32,"[273,274]","","[0,0]","","[1,1]","","[64,64]","",96,0,0,"{L0:10, L1:1, L3:1, L7:1}","{L0:10, L1:1, L3:1, L7:1}",""
2978185036950,PHASE_B,147644,9528,MERGE_DONE,0,0,0,"","284","","1","","2","","128",96,362,361,"","",""
2978185036971,PHASE_B,147645,9528,MERGE_PUBLISH,0,12,32,"","284","","1","","2","","128",96,378,377,"{L0:10, L1:1, L3:1, L7:1}","{L0:8, L1:2, L3:1, L7:1}",""
2978185036993,PHASE_B,147645,9528,MERGE_SUBMIT,56,12,32,"","","","","","","","",0,0,0,"{L0:8, L1:2, L3:1, L7:1}","{L0:8, L1:2, L3:1, L7:1}",""
2978185037098,PHASE_B,147650,9529,MERGE_START,0,12,32,"[276,277]","","[0,0]","","[1,1]","","[64,64]","",85,0,0,"{L0:8, L1:2, L3:1, L7:1}","{L0:8, L1:2, L3:1, L7:1}",""
2978185037400,PHASE_B,147686,9535,SEAL,0,13,32,"","285","","0","","1","","64",0,0,0,"{L0:8, L1:2, L3:1, L7:1}","{L0:9, L1:2, L3:1, L7:1}",""
2978185038096,PHASE_B,147782,9555,MERGE_DONE,0,0,0,"","286","","1","","2","","128",85,1018,973,"","",""
2978185038122,PHASE_B,147782,9555,MERGE_PUBLISH,0,12,32,"","286","","1","","2","","128",85,1035,989,"{L0:9, L1:2, L3:1, L7:1}","{L0:7, L1:3, L3:1, L7:1}",""
2978185038143,PHASE_B,147782,9555,MERGE_SUBMIT,21,12,32,"","","","","","","","",0,0,0,"{L0:7, L1:3, L3:1, L7:1}","{L0:7, L1:3, L3:1, L7:1}",""
2978185038224,PHASE_B,147800,9560,MERGE_START,0,12,32,"[278,279]","","[0,0]","","[1,1]","","[64,64]","",79,0,0,"{L0:7, L1:3, L3:1, L7:1}","{L0:7, L1:3, L3:1, L7:1}",""
2978185038521,PHASE_B,147844,9567,MERGE_DONE,0,0,0,"","287","","1","","2","","128",79,302,268,"","",""
2978185038565,PHASE_B,147844,9567,MERGE_PUBLISH,0,11,32,"","287","","1","","2","","128",79,339,292,"{L0:7, L1:3, L3:1, L7:1}","{L0:5, L1:4, L3:1, L7:1}",""
2978185038581,PHASE_B,147844,9567,MERGE_SUBMIT,32,11,32,"","","","","","","","",0,0,0,"{L0:5, L1:4, L3:1, L7:1}","{L0:5, L1:4, L3:1, L7:1}",""
2978185038652,PHASE_B,147858,9570,MERGE_START,0,11,32,"[280,281]","","[0,0]","","[1,1]","","[64,64]","",66,0,0,"{L0:5, L1:4, L3:1, L7:1}","{L0:5, L1:4, L3:1, L7:1}",""
2978185038907,PHASE_B,147881,9577,MERGE_DONE,0,0,0,"","288","","1","","2","","128",66,263,263,"","",""
2978185038921,PHASE_B,147883,9577,MERGE_PUBLISH,0,10,32,"","288","","1","","2","","128",66,272,273,"{L0:5, L1:4, L3:1, L7:1}","{L0:3, L1:5, L3:1, L7:1}",""
2978185038932,PHASE_B,147884,9577,MERGE_SUBMIT,41,10,32,"","","","","","","","",0,0,0,"{L0:3, L1:5, L3:1, L7:1}","{L0:3, L1:5, L3:1, L7:1}",""
2978185038975,PHASE_B,147886,9577,MERGE_START,0,10,32,"[282,283]","","[0,0]","","[1,1]","","[64,64]","",22,0,0,"{L0:3, L1:5, L3:1, L7:1}","{L0:3, L1:5, L3:1, L7:1}",""
2978185039261,PHASE_B,147923,9584,MERGE_DONE,0,0,0,"","289","","1","","2","","128",22,306,305,"","",""
2978185039313,PHASE_B,147927,9585,MERGE_PUBLISH,0,9,32,"","289","","1","","2","","128",22,351,333,"{L0:3, L1:5, L3:1, L7:1}","{L0:1, L1:6, L3:1, L7:1}",""
2978185039335,PHASE_B,147927,9585,MERGE_SUBMIT,49,9,32,"","","","","","","","",0,0,0,"{L0:1, L1:6, L3:1, L7:1}","{L0:1, L1:6, L3:1, L7:1}",""
2978185039372,PHASE_B,147927,9585,MERGE_START,0,9,32,"[272,284]","","[1,1]","","[2,2]","","[128,128]","",20,0,0,"{L0:1, L1:6, L3:1, L7:1}","{L0:1, L1:6, L3:1, L7:1}",""
2978185039891,PHASE_B,148000,9597,MERGE_DONE,0,0,0,"","290","","2","","4","","256",20,539,539,"","",""
2978185039915,PHASE_B,148000,9597,MERGE_PUBLISH,0,8,32,"","290","","2","","4","","256",20,555,554,"{L0:1, L1:6, L3:1, L7:1}","{L0:1, L1:4, L2:1, L3:1, L7:1}",""
2978185039936,PHASE_B,148000,9597,MERGE_SUBMIT,62,8,32,"","","","","","","","",0,0,0,"{L0:1, L1:4, L2:1, L3:1, L7:1}","{L0:1, L1:4, L2:1, L3:1, L7:1}",""
2978185039957,PHASE_B,148000,9597,MERGE_START,0,8,32,"[286,287]","","[1,1]","","[2,2]","","[128,128]","",16,0,0,"{L0:1, L1:4, L2:1, L3:1, L7:1}","{L0:1, L1:4, L2:1, L3:1, L7:1}",""
2978185040037,PHASE_B,148000,9597,SEAL,0,9,32,"","291","","0","","1","","64",0,0,0,"{L0:1, L1:4, L2:1, L3:1, L7:1}","{L0:2, L1:4, L2:1, L3:1, L7:1}",""
2978185040459,PHASE_B,148066,9612,MERGE_DONE,0,0,0,"","292","","2","","4","","256",16,512,512,"","",""
2978185040491,PHASE_B,148071,9614,MERGE_PUBLISH,0,8,32,"","292","","2","","4","","256",16,538,532,"{L0:2, L1:4, L2:1, L3:1, L7:1}","{L0:2, L1:2, L2:2, L3:1, L7:1}",""
2978185040504,PHASE_B,148073,9614,MERGE_SUBMIT,14,8,32,"","","","","","","","",0,0,0,"{L0:2, L1:2, L2:2, L3:1, L7:1}","{L0:2, L1:2, L2:2, L3:1, L7:1}",""
2978185040531,PHASE_B,148073,9614,MERGE_START,0,8,32,"[285,291]","","[0,0]","","[1,1]","","[64,64]","",18,0,0,"{L0:2, L1:2, L2:2, L3:1, L7:1}","{L0:2, L1:2, L2:2, L3:1, L7:1}",""
2978185040833,PHASE_B,148122,9624,MERGE_DONE,0,0,0,"","293","","1","","2","","128",18,313,313,"","",""
2978185040851,PHASE_B,148126,9624,MERGE_PUBLISH,0,7,32,"","293","","1","","2","","128",18,324,324,"{L0:2, L1:2, L2:2, L3:1, L7:1}","{L1:3, L2:2, L3:1, L7:1}",""
2978185040864,PHASE_B,148126,9624,MERGE_SUBMIT,24,7,32,"","","","","","","","",0,0,0,"{L1:3, L2:2, L3:1, L7:1}","{L1:3, L2:2, L3:1, L7:1}",""
2978185040896,PHASE_B,148126,9624,MERGE_START,0,7,32,"[288,289]","","[1,1]","","[2,2]","","[128,128]","",18,0,0,"{L1:3, L2:2, L3:1, L7:1}","{L1:3, L2:2, L3:1, L7:1}",""
2978185041433,PHASE_B,148200,9639,MERGE_DONE,0,0,0,"","294","","2","","4","","256",18,552,551,"","",""
2978185041474,PHASE_B,148207,9640,MERGE_PUBLISH,0,6,32,"","294","","2","","4","","256",18,587,573,"{L1:3, L2:2, L3:1, L7:1}","{L1:1, L2:3, L3:1, L7:1}",""
2978185041489,PHASE_B,148207,9640,MERGE_SUBMIT,40,6,32,"","","","","","","","",0,0,0,"{L1:1, L2:3, L3:1, L7:1}","{L1:1, L2:3, L3:1, L7:1}",""
2978185041597,PHASE_B,148213,9643,MERGE_START,0,6,32,"[290,292]","","[2,2]","","[4,4]","","[256,256]","",88,0,0,"{L1:1, L2:3, L3:1, L7:1}","{L1:1, L2:3, L3:1, L7:1}",""
2978185042547,PHASE_B,148316,9662,SEAL,0,7,32,"","296","","0","","1","","64",0,0,0,"{L1:1, L2:3, L3:1, L7:1}","{L0:1, L1:1, L2:3, L3:1, L7:1}",""
2978185042694,PHASE_B,148345,9667,MERGE_DONE,0,0,0,"","295","","3","","8","","512",88,1117,1117,"","",""
2978185042716,PHASE_B,148345,9667,MERGE_PUBLISH,0,6,32,"","295","","3","","8","","512",88,1133,1131,"{L0:1, L1:1, L2:3, L3:1, L7:1}","{L0:1, L1:1, L2:1, L3:2, L7:1}",""
2978185042736,PHASE_B,148345,9667,MERGE_SUBMIT,4,6,32,"","","","","","","","",0,0,0,"{L0:1, L1:1, L2:1, L3:2, L7:1}","{L0:1, L1:1, L2:1, L3:2, L7:1}",""
2978185042842,PHASE_B,148366,9672,MERGE_START,0,6,32,"[270,295]","","[3,3]","","[8,8]","","[512,512]","",89,0,0,"{L0:1, L1:1, L2:1, L3:2, L7:1}","{L0:1, L1:1, L2:1, L3:2, L7:1}",""
2978185045022,PHASE_B,148638,9727,SEAL,0,7,32,"","298","","0","","1","","64",0,0,0,"{L0:1, L1:1, L2:1, L3:2, L7:1}","{L0:2, L1:1, L2:1, L3:2, L7:1}",""
2978185045243,PHASE_B,148665,9731,MERGE_DONE,0,0,0,"","297","","4","","16","","1024",89,2419,2419,"","",""
2978185045266,PHASE_B,148665,9731,MERGE_PUBLISH,0,6,32,"","297","","4","","16","","1024",89,2436,2435,"{L0:2, L1:1, L2:1, L3:2, L7:1}","{L0:2, L1:1, L2:1, L4:1, L7:1}",""
2978185045284,PHASE_B,148670,9735,MERGE_SUBMIT,6,6,32,"","","","","","","","",0,0,0,"{L0:2, L1:1, L2:1, L4:1, L7:1}","{L0:2, L1:1, L2:1, L4:1, L7:1}",""
2978185045401,PHASE_B,148691,9737,MERGE_START,0,6,32,"[296,298]","","[0,0]","","[1,1]","","[64,64]","",96,0,0,"{L0:2, L1:1, L2:1, L4:1, L7:1}","{L0:2, L1:1, L2:1, L4:1, L7:1}",""
2978185045694,PHASE_B,148727,9746,MERGE_DONE,0,0,0,"","299","","1","","2","","128",96,317,316,"","",""
2978185045717,PHASE_B,148742,9746,MERGE_PUBLISH,0,5,32,"","299","","1","","2","","128",96,332,331,"{L0:2, L1:1, L2:1, L4:1, L7:1}","{L1:2, L2:1, L4:1, L7:1}",""
2978185045732,PHASE_B,148742,9746,MERGE_SUBMIT,18,5,32,"","","","","","","","",0,0,0,"{L1:2, L2:1, L4:1, L7:1}","{L1:2, L2:1, L4:1, L7:1}",""
2978185045840,PHASE_B,148751,9749,MERGE_START,0,5,32,"[293,299]","","[1,1]","","[2,2]","","[128,128]","",91,0,0,"{L1:2, L2:1, L4:1, L7:1}","{L1:2, L2:1, L4:1, L7:1}",""
2978185046375,PHASE_B,148822,9764,MERGE_DONE,0,0,0,"","300","","2","","4","","256",91,555,554,"","",""
2978185046456,PHASE_B,148831,9766,MERGE_PUBLISH,0,4,32,"","300","","2","","4","","256",91,628,594,"{L1:2, L2:1, L4:1, L7:1}","{L2:2, L4:1, L7:1}",""
2978185046475,PHASE_B,148832,9766,MERGE_SUBMIT,38,4,32,"","","","","","","","",0,0,0,"{L2:2, L4:1, L7:1}","{L2:2, L4:1, L7:1}",""
2978185046579,PHASE_B,148847,9769,MERGE_START,0,4,32,"[294,300]","","[2,2]","","[4,4]","","[256,256]","",85,0,0,"{L2:2, L4:1, L7:1}","{L2:2, L4:1, L7:1}",""
2978185047568,PHASE_B,148958,9791,SEAL,0,5,32,"","302","","0","","1","","64",0,0,0,"{L2:2, L4:1, L7:1}","{L0:1, L2:2, L4:1, L7:1}",""
2978185047786,PHASE_B,148994,9797,MERGE_DONE,0,0,0,"","301","","3","","8","","512",85,1228,1228,"","",""
2978185047806,PHASE_B,148994,9797,MERGE_PUBLISH,0,4,32,"","301","","3","","8","","512",85,1244,1242,"{L0:1, L2:2, L4:1, L7:1}","{L0:1, L3:1, L4:1, L7:1}",""
2978185050091,PHASE_B,149282,9855,SEAL,0,5,32,"","303","","0","","1","","64",0,0,0,"{L0:1, L3:1, L4:1, L7:1}","{L0:2, L3:1, L4:1, L7:1}",""
2978185050103,PHASE_B,149282,9855,MERGE_SUBMIT,0,5,32,"","","","","","","","",0,0,0,"{L0:2, L3:1, L4:1, L7:1}","{L0:2, L3:1, L4:1, L7:1}",""
2978185050219,PHASE_B,149300,9859,MERGE_START,0,5,32,"[302,303]","","[0,0]","","[1,1]","","[64,64]","",91,0,0,"{L0:2, L3:1, L4:1, L7:1}","{L0:2, L3:1, L4:1, L7:1}",""
2978185050496,PHASE_B,149346,9868,MERGE_DONE,0,0,0,"","304","","1","","2","","128",91,298,297,"","",""
2978185050538,PHASE_B,149353,9869,MERGE_PUBLISH,0,4,32,"","304","","1","","2","","128",91,334,322,"{L0:2, L3:1, L4:1, L7:1}","{L1:1, L3:1, L4:1, L7:1}",""
2978185052447,PHASE_B,149602,9919,SEAL,0,5,32,"","305","","0","","1","","64",0,0,0,"{L1:1, L3:1, L4:1, L7:1}","{L0:1, L1:1, L3:1, L4:1, L7:1}",""
2978185054892,PHASE_B,149918,9983,SEAL,0,6,32,"","306","","0","","1","","64",0,0,0,"{L0:1, L1:1, L3:1, L4:1, L7:1}","{L0:2, L1:1, L3:1, L4:1, L7:1}",""
2978185054906,PHASE_B,149918,9983,MERGE_SUBMIT,0,6,32,"","","","","","","","",0,0,0,"{L0:2, L1:1, L3:1, L4:1, L7:1}","{L0:2, L1:1, L3:1, L4:1, L7:1}",""
2978185055038,PHASE_B,149941,9987,MERGE_START,0,6,32,"[305,306]","","[0,0]","","[1,1]","","[64,64]","",94,0,0,"{L0:2, L1:1, L3:1, L4:1, L7:1}","{L0:2, L1:1, L3:1, L4:1, L7:1}",""
2978185055363,PHASE_B,149989,9997,MERGE_DONE,0,0,0,"","307","","1","","2","","128",94,358,344,"","",""
2978185055383,PHASE_B,149989,9997,MERGE_PUBLISH,0,5,32,"","307","","1","","2","","128",94,373,357,"{L0:2, L1:1, L3:1, L4:1, L7:1}","{L1:2, L3:1, L4:1, L7:1}",""
2978185055402,PHASE_B,149989,9997,MERGE_SUBMIT,14,5,32,"","","","","","","","",0,0,0,"{L1:2, L3:1, L4:1, L7:1}","{L1:2, L3:1, L4:1, L7:1}",""
2978185055465,PHASE_B,150009,10000,MERGE_START,0,5,32,"[304,307]","","[1,1]","","[2,2]","","[128,128]","",63,0,0,"{L1:2, L3:1, L4:1, L7:1}","{L1:2, L3:1, L4:1, L7:1}",""
2978185055968,PHASE_B,150069,10011,MERGE_DONE,0,0,0,"","308","","2","","4","","256",63,507,507,"","",""
2978185056019,PHASE_B,150069,10011,MERGE_PUBLISH,0,4,32,"","308","","2","","4","","256",63,552,541,"{L1:2, L3:1, L4:1, L7:1}","{L2:1, L3:1, L4:1, L7:1}",""
2978185057461,PHASE_B,150244,10047,SEAL,0,5,32,"","309","","0","","1","","64",0,0,0,"{L2:1, L3:1, L4:1, L7:1}","{L0:1, L2:1, L3:1, L4:1, L7:1}",""
2978185059915,PHASE_B,150556,10111,SEAL,0,6,32,"","310","","0","","1","","64",0,0,0,"{L0:1, L2:1, L3:1, L4:1, L7:1}","{L0:2, L2:1, L3:1, L4:1, L7:1}",""
2978185059927,PHASE_B,150556,10111,MERGE_SUBMIT,0,6,32,"","","","","","","","",0,0,0,"{L0:2, L2:1, L3:1, L4:1, L7:1}","{L0:2, L2:1, L3:1, L4:1, L7:1}",""
2978185059992,PHASE_B,150580,10113,MERGE_START,0,6,32,"[309,310]","","[0,0]","","[1,1]","","[64,64]","",38,0,0,"{L0:2, L2:1, L3:1, L4:1, L7:1}","{L0:2, L2:1, L3:1, L4:1, L7:1}",""
2978185060319,PHASE_B,150627,10124,MERGE_DONE,0,0,0,"","311","","1","","2","","128",38,349,349,"","",""
2978185060341,PHASE_B,150627,10124,MERGE_PUBLISH,0,5,32,"","311","","1","","2","","128",38,367,366,"{L0:2, L2:1, L3:1, L4:1, L7:1}","{L1:1, L2:1, L3:1, L4:1, L7:1}",""
2978185062404,PHASE_B,150880,10174,SEAL,0,6,32,"","312","","0","","1","","64",0,0,0,"{L1:1, L2:1, L3:1, L4:1, L7:1}","{L0:1, L1:1, L2:1, L3:1, L4:1, L7:1}",""
2978185064758,PHASE_B,151197,10238,SEAL,0,7,32,"","313","","0","","1","","64",0,0,0,"{L0:1, L1:1, L2:1, L3:1, L4:1, L7:1}","{L0:2, L1:1, L2:1, L3:1, L4:1, L7:1}",""
2978185064771,PHASE_B,151197,10238,MERGE_SUBMIT,0,7,32,"","","","","","","","",0,0,0,"{L0:2, L1:1, L2:1, L3:1, L4:1, L7:1}","{L0:2, L1:1, L2:1, L3:1, L4:1, L7:1}",""
2978185064879,PHASE_B,151219,10244,MERGE_START,0,7,32,"[312,313]","","[0,0]","","[1,1]","","[64,64]","",84,0,0,"{L0:2, L1:1, L2:1, L3:1, L4:1, L7:1}","{L0:2, L1:1, L2:1, L3:1, L4:1, L7:1}",""
2978185065195,PHASE_B,151267,10253,MERGE_DONE,0,0,0,"","314","","1","","2","","128",84,336,336,"","",""
2978185065218,PHASE_B,151267,10253,MERGE_PUBLISH,0,6,32,"","314","","1","","2","","128",84,352,351,"{L0:2, L1:1, L2:1, L3:1, L4:1, L7:1}","{L1:2, L2:1, L3:1, L4:1, L7:1}",""
2978185065237,PHASE_B,151267,10253,MERGE_SUBMIT,14,6,32,"","","","","","","","",0,0,0,"{L1:2, L2:1, L3:1, L4:1, L7:1}","{L1:2, L2:1, L3:1, L4:1, L7:1}",""
2978185065350,PHASE_B,151287,10256,MERGE_START,0,6,32,"[311,314]","","[1,1]","","[2,2]","","[128,128]","",95,0,0,"{L1:2, L2:1, L3:1, L4:1, L7:1}","{L1:2, L2:1, L3:1, L4:1, L7:1}",""
2978185065961,PHASE_B,151378,10274,MERGE_DONE,0,0,0,"","315","","2","","4","","256",95,630,630,"","",""
2978185065981,PHASE_B,151378,10274,MERGE_PUBLISH,0,5,32,"","315","","2","","4","","256",95,645,644,"{L1:2, L2:1, L3:1, L4:1, L7:1}","{L2:2, L3:1, L4:1, L7:1}",""
2978185066016,PHASE_B,151378,10274,MERGE_SUBMIT,34,5,32,"","","","","","","","",0,0,0,"{L2:2, L3:1, L4:1, L7:1}","{L2:2, L3:1, L4:1, L7:1}",""
2978185066107,PHASE_B,151378,10274,MERGE_START,0,5,32,"[308,315]","","[2,2]","","[4,4]","","[256,256]","",89,0,0,"{L2:2, L3:1, L4:1, L7:1}","{L2:2, L3:1, L4:1, L7:1}",""
2978185067214,PHASE_B,151512,10301,MERGE_DONE,0,0,0,"","316","","3","","8","","512",89,1126,1126,"","",""
2978185067235,PHASE_B,151518,10303,MERGE_PUBLISH,0,4,32,"","316","","3","","8","","512",89,1143,1142,"{L2:2, L3:1, L4:1, L7:1}","{L3:2, L4:1, L7:1}",""
2978185067252,PHASE_B,151519,10303,MERGE_SUBMIT,63,4,32,"","","","","","","","",0,0,0,"{L3:2, L4:1, L7:1}","{L3:2, L4:1, L7:1}",""
2978185067301,PHASE_B,151519,10303,SEAL,0,5,32,"","317","","0","","1","","64",0,0,0,"{L3:2, L4:1, L7:1}","{L0:1, L3:2, L4:1, L7:1}",""
2978185067355,PHASE_B,151519,10303,MERGE_START,0,5,32,"[301,316]","","[3,3]","","[8,8]","","[512,512]","",88,0,0,"{L0:1, L3:2, L4:1, L7:1}","{L0:1, L3:2, L4:1, L7:1}",""
2978185069541,PHASE_B,151830,10364,MERGE_DONE,0,0,0,"","318","","4","","16","","1024",88,2203,2203,"","",""
2978185069560,PHASE_B,151834,10364,MERGE_PUBLISH,0,4,32,"","318","","4","","16","","1024",88,2219,2218,"{L0:1, L3:2, L4:1, L7:1}","{L0:1, L4:2, L7:1}",""
2978185069579,PHASE_B,151834,10364,MERGE_SUBMIT,60,4,32,"","","","","","","","",0,0,0,"{L0:1, L4:2, L7:1}","{L0:1, L4:2, L7:1}",""
2978185069695,PHASE_B,151837,10366,MERGE_START,0,4,32,"[297,318]","","[4,4]","","[16,16]","","[1024,1024]","",98,0,0,"{L0:1, L4:2, L7:1}","{L0:1, L4:2, L7:1}",""
2978185069791,PHASE_B,151837,10366,SEAL,0,5,32,"","319","","0","","1","","64",0,0,0,"{L0:1, L4:2, L7:1}","{L0:2, L4:2, L7:1}",""
2978185072247,PHASE_B,152158,10430,SEAL,0,6,32,"","321","","0","","1","","64",0,0,0,"{L0:2, L4:2, L7:1}","{L0:3, L4:2, L7:1}",""
2978185074121,PHASE_B,152425,10482,MERGE_DONE,0,0,0,"","320","","5","","32","","2048",98,4445,4445,"","",""
2978185074173,PHASE_B,152425,10482,MERGE_PUBLISH,0,5,32,"","320","","5","","32","","2048",98,4492,4473,"{L0:3, L4:2, L7:1}","{L0:3, L5:1, L7:1}",""
2978185074193,PHASE_B,152425,10482,MERGE_SUBMIT,52,5,32,"","","","","","","","",0,0,0,"{L0:3, L5:1, L7:1}","{L0:3, L5:1, L7:1}",""
2978185074304,PHASE_B,152431,10486,MERGE_START,0,5,32,"[317,319]","","[0,0]","","[1,1]","","[64,64]","",93,0,0,"{L0:3, L5:1, L7:1}","{L0:3, L5:1, L7:1}",""
2978185074622,PHASE_B,152472,10492,MERGE_DONE,0,0,0,"","322","","1","","2","","128",93,339,338,"","",""
2978185074675,PHASE_B,152472,10492,MERGE_PUBLISH,0,4,32,"","322","","1","","2","","128",93,386,364,"{L0:3, L5:1, L7:1}","{L0:1, L1:1, L5:1, L7:1}",""
2978185074783,PHASE_B,152472,10492,SEAL,0,5,32,"","323","","0","","1","","64",0,0,0,"{L0:1, L1:1, L5:1, L7:1}","{L0:2, L1:1, L5:1, L7:1}",""
2978185074798,PHASE_B,152472,10492,MERGE_SUBMIT,0,5,32,"","","","","","","","",0,0,0,"{L0:2, L1:1, L5:1, L7:1}","{L0:2, L1:1, L5:1, L7:1}",""
2978185074917,PHASE_B,152502,10499,MERGE_START,0,5,32,"[321,323]","","[0,0]","","[1,1]","","[64,64]","",97,0,0,"{L0:2, L1:1, L5:1, L7:1}","{L0:2, L1:1, L5:1, L7:1}",""
2978185075325,PHASE_B,152556,10511,MERGE_DONE,0,0,0,"","324","","1","","2","","128",97,427,426,"","",""
2978185075343,PHASE_B,152556,10511,MERGE_PUBLISH,0,4,32,"","324","","1","","2","","128",97,441,440,"{L0:2, L1:1, L5:1, L7:1}","{L1:2, L5:1, L7:1}",""
2978185075364,PHASE_B,152556,10511,MERGE_SUBMIT,15,4,32,"","","","","","","","",0,0,0,"{L1:2, L5:1, L7:1}","{L1:2, L5:1, L7:1}",""
2978185075427,PHASE_B,152562,10513,MERGE_START,0,4,32,"[322,324]","","[1,1]","","[2,2]","","[128,128]","",65,0,0,"{L1:2, L5:1, L7:1}","{L1:2, L5:1, L7:1}",""
2978185075934,PHASE_B,152632,10526,MERGE_DONE,0,0,0,"","325","","2","","4","","256",65,510,510,"","",""
2978185075947,PHASE_B,152632,10526,MERGE_PUBLISH,0,3,32,"","325","","2","","4","","256",65,520,520,"{L1:2, L5:1, L7:1}","{L2:1, L5:1, L7:1}",""
2978185077345,PHASE_B,152801,10559,SEAL,0,4,32,"","326","","0","","1","","64",0,0,0,"{L2:1, L5:1, L7:1}","{L0:1, L2:1, L5:1, L7:1}",""
2978185079621,PHASE_B,153125,10623,SEAL,0,5,32,"","327","","0","","1","","64",0,0,0,"{L0:1, L2:1, L5:1, L7:1}","{L0:2, L2:1, L5:1, L7:1}",""
2978185079633,PHASE_B,153125,10623,MERGE_SUBMIT,0,5,32,"","","","","","","","",0,0,0,"{L0:2, L2:1, L5:1, L7:1}","{L0:2, L2:1, L5:1, L7:1}",""
2978185079750,PHASE_B,153141,10627,MERGE_START,0,5,32,"[326,327]","","[0,0]","","[1,1]","","[64,64]","",93,0,0,"{L0:2, L2:1, L5:1, L7:1}","{L0:2, L2:1, L5:1, L7:1}",""
2978185080075,PHASE_B,153184,10636,MERGE_DONE,0,0,0,"","328","","1","","2","","128",93,346,345,"","",""
2978185080094,PHASE_B,153184,10636,MERGE_PUBLISH,0,4,32,"","328","","1","","2","","128",93,360,359,"{L0:2, L2:1, L5:1, L7:1}","{L1:1, L2:1, L5:1, L7:1}",""
2978185081983,PHASE_B,153437,10686,SEAL,0,5,32,"","329","","0","","1","","64",0,0,0,"{L1:1, L2:1, L5:1, L7:1}","{L0:1, L1:1, L2:1, L5:1, L7:1}",""
2978185084381,PHASE_B,153757,10751,SEAL,0,6,32,"","330","","0","","1","","64",0,0,0,"{L0:1, L1:1, L2:1, L5:1, L7:1}","{L0:2, L1:1, L2:1, L5:1, L7:1}",""
2978185084396,PHASE_B,153757,10751,MERGE_SUBMIT,0,6,32,"","","","","","","","",0,0,0,"{L0:2, L1:1, L2:1, L5:1, L7:1}","{L0:2, L1:1, L2:1, L5:1, L7:1}",""
2978185084445,PHASE_B,153771,10753,MERGE_START,0,6,32,"[329,330]","","[0,0]","","[1,1]","","[64,64]","",27,0,0,"{L0:2, L1:1, L2:1, L5:1, L7:1}","{L0:2, L1:1, L2:1, L5:1, L7:1}",""
2978185084723,PHASE_B,153817,10762,MERGE_DONE,0,0,0,"","331","","1","","2","","128",27,298,297,"","",""
2978185084745,PHASE_B,153817,10762,MERGE_PUBLISH,0,5,32,"","331","","1","","2","","128",27,312,310,"{L0:2, L1:1, L2:1, L5:1, L7:1}","{L1:2, L2:1, L5:1, L7:1}",""
2978185084765,PHASE_B,153817,10762,MERGE_SUBMIT,11,5,32,"","","","","","","","",0,0,0,"{L1:2, L2:1, L5:1, L7:1}","{L1:2, L2:1, L5:1, L7:1}",""
2978185084824,PHASE_B,153824,10765,MERGE_START,0,5,32,"[328,331]","","[1,1]","","[2,2]","","[128,128]","",42,0,0,"{L1:2, L2:1, L5:1, L7:1}","{L1:2, L2:1, L5:1, L7:1}",""
2978185085380,PHASE_B,153899,10779,MERGE_DONE,0,0,0,"","332","","2","","4","","256",42,576,575,"","",""
2978185085420,PHASE_B,153899,10779,MERGE_PUBLISH,0,4,32,"","332","","2","","4","","256",42,611,600,"{L1:2, L2:1, L5:1, L7:1}","{L2:2, L5:1, L7:1}",""
2978185085438,PHASE_B,153899,10779,MERGE_SUBMIT,29,4,32,"","","","","","","","",0,0,0,"{L2:2, L5:1, L7:1}","{L2:2, L5:1, L7:1}",""
2978185085547,PHASE_B,153926,10783,MERGE_START,0,4,32,"[325,332]","","[2,2]","","[4,4]","","[256,256]","",93,0,0,"{L2:2, L5:1, L7:1}","{L2:2, L5:1, L7:1}",""
2978185086663,PHASE_B,154065,10811,MERGE_DONE,0,0,0,"","333","","3","","8","","512",93,1134,1134,"","",""
2978185086682,PHASE_B,154065,10811,MERGE_PUBLISH,0,3,32,"","333","","3","","8","","512",93,1149,1148,"{L2:2, L5:1, L7:1}","{L3:1, L5:1, L7:1}",""
2978185086891,PHASE_B,154073,10814,SEAL,0,4,32,"","334","","0","","1","","64",0,0,0,"{L3:1, L5:1, L7:1}","{L0:1, L3:1, L5:1, L7:1}",""
2978185089404,PHASE_B,154396,10879,SEAL,0,5,32,"","335","","0","","1","","64",0,0,0,"{L0:1, L3:1, L5:1, L7:1}","{L0:2, L3:1, L5:1, L7:1}",""
2978185089417,PHASE_B,154396,10879,MERGE_SUBMIT,0,5,32,"","","","","","","","",0,0,0,"{L0:2, L3:1, L5:1, L7:1}","{L0:2, L3:1, L5:1, L7:1}",""
2978185089469,PHASE_B,154413,10881,MERGE_START,0,5,32,"[334,335]","","[0,0]","","[1,1]","","[64,64]","",29,0,0,"{L0:2, L3:1, L5:1, L7:1}","{L0:2, L3:1, L5:1, L7:1}",""
2978185089772,PHASE_B,154462,10891,MERGE_DONE,0,0,0,"","336","","1","","2","","128",29,324,323,"","",""
2978185089793,PHASE_B,154466,10891,MERGE_PUBLISH,0,4,32,"","336","","1","","2","","128",29,337,336,"{L0:2, L3:1, L5:1, L7:1}","{L1:1, L3:1, L5:1, L7:1}",""
2978185091906,PHASE_B,154716,10942,SEAL,0,5,32,"","337","","0","","1","","64",0,0,0,"{L1:1, L3:1, L5:1, L7:1}","{L0:1, L1:1, L3:1, L5:1, L7:1}",""
2978185094401,PHASE_B,155040,11006,SEAL,0,6,32,"","338","","0","","1","","64",0,0,0,"{L0:1, L1:1, L3:1, L5:1, L7:1}","{L0:2, L1:1, L3:1, L5:1, L7:1}",""
2978185094417,PHASE_B,155040,11006,MERGE_SUBMIT,0,6,32,"","","","","","","","",0,0,0,"{L0:2, L1:1, L3:1, L5:1, L7:1}","{L0:2, L1:1, L3:1, L5:1, L7:1}",""
2978185094523,PHASE_B,155058,11011,MERGE_START,0,6,32,"[337,338]","","[0,0]","","[1,1]","","[64,64]","",83,0,0,"{L0:2, L1:1, L3:1, L5:1, L7:1}","{L0:2, L1:1, L3:1, L5:1, L7:1}",""
2978185094820,PHASE_B,155097,11018,MERGE_DONE,0,0,0,"","339","","1","","2","","128",83,317,316,"","",""
2978185094839,PHASE_B,155097,11018,MERGE_PUBLISH,0,5,32,"","339","","1","","2","","128",83,331,330,"{L0:2, L1:1, L3:1, L5:1, L7:1}","{L1:2, L3:1, L5:1, L7:1}",""
2978185094859,PHASE_B,155097,11018,MERGE_SUBMIT,13,5,32,"","","","","","","","",0,0,0,"{L1:2, L3:1, L5:1, L7:1}","{L1:2, L3:1, L5:1, L7:1}",""
2978185094963,PHASE_B,155127,11023,MERGE_START,0,5,32,"[336,339]","","[1,1]","","[2,2]","","[128,128]","",87,0,0,"{L1:2, L3:1, L5:1, L7:1}","{L1:2, L3:1, L5:1, L7:1}",""
2978185095564,PHASE_B,155211,11040,MERGE_DONE,0,0,0,"","340","","2","","4","","256",87,620,619,"","",""
2978185095583,PHASE_B,155211,11040,MERGE_PUBLISH,0,4,32,"","340","","2","","4","","256",87,634,633,"{L1:2, L3:1, L5:1, L7:1}","{L2:1, L3:1, L5:1, L7:1}",""
2978185096979,PHASE_B,155358,11070,SEAL,0,5,32,"","341","","0","","1","","64",0,0,0,"{L2:1, L3:1, L5:1, L7:1}","{L0:1, L2:1, L3:1, L5:1, L7:1}",""
2978185099400,PHASE_B,155676,11135,SEAL,0,6,32,"","342","","0","","1","","64",0,0,0,"{L0:1, L2:1, L3:1, L5:1, L7:1}","{L0:2, L2:1, L3:1, L5:1, L7:1}",""
2978185099412,PHASE_B,155676,11135,MERGE_SUBMIT,0,6,32,"","","","","","","","",0,0,0,"{L0:2, L2:1, L3:1, L5:1, L7:1}","{L0:2, L2:1, L3:1, L5:1, L7:1}",""
2978185099536,PHASE_B,155704,11139,MERGE_START,0,6,32,"[341,342]","","[0,0]","","[1,1]","","[64,64]","",94,0,0,"{L0:2, L2:1, L3:1, L5:1, L7:1}","{L0:2, L2:1, L3:1, L5:1, L7:1}",""
2978185099847,PHASE_B,155741,11148,MERGE_DONE,0,0,0,"","343","","1","","2","","128",94,337,336,"","",""
2978185099873,PHASE_B,155750,11149,MERGE_PUBLISH,0,5,32,"","343","","1","","2","","128",94,357,356,"{L0:2, L2:1, L3:1, L5:1, L7:1}","{L1:1, L2:1, L3:1, L5:1, L7:1}",""
2978185101883,PHASE_B,156005,11199,SEAL,0,6,32,"","344","","0","","1","","64",0,0,0,"{L1:1, L2:1, L3:1, L5:1, L7:1}","{L0:1, L1:1, L2:1, L3:1, L5:1, L7:1}",""
2978185104301,PHASE_B,156309,11260,SEAL,0,7,32,"","345","","0","","1","","64",0,0,0,"{L0:1, L1:1, L2:1, L3:1, L5:1, L7:1}","{L0:2, L1:1, L2:1, L3:1, L5:1, L7:1}",""
2978185104314,PHASE_B,156309,11260,MERGE_SUBMIT,0,7,32,"","","","","","","","",0,0,0,"{L0:2, L1:1, L2:1, L3:1, L5:1, L7:1}","{L0:2, L1:1, L2:1, L3:1, L5:1, L7:1}",""
2978185104369,PHASE_B,156330,11265,MERGE_START,0,7,32,"[344,345]","","[0,0]","","[1,1]","","[64,64]","",30,0,0,"{L0:2, L1:1, L2:1, L3:1, L5:1, L7:1}","{L0:2, L1:1, L2:1, L3:1, L5:1, L7:1}",""
2978185104681,PHASE_B,156388,11275,MERGE_DONE,0,0,0,"","346","","1","","2","","128",30,334,333,"","",""
2978185104703,PHASE_B,156388,11275,MERGE_PUBLISH,0,6,32,"","346","","1","","2","","128",30,348,347,"{L0:2, L1:1, L2:1, L3:1, L5:1, L7:1}","{L1:2, L2:1, L3:1, L5:1, L7:1}",""
2978185104722,PHASE_B,156388,11275,MERGE_SUBMIT,11,6,32,"","","","","","","","",0,0,0,"{L1:2, L2:1, L3:1, L5:1, L7:1}","{L1:2, L2:1, L3:1, L5:1, L7:1}",""
2978185104797,PHASE_B,156388,11275,MERGE_START,0,6,32,"[343,346]","","[1,1]","","[2,2]","","[128,128]","",74,0,0,"{L1:2, L2:1, L3:1, L5:1, L7:1}","{L1:2, L2:1, L3:1, L5:1, L7:1}",""
2978185105315,PHASE_B,156463,11291,MERGE_DONE,0,0,0,"","347","","2","","4","","256",74,523,523,"","",""
2978185105330,PHASE_B,156463,11291,MERGE_PUBLISH,0,5,32,"","347","","2","","4","","256",74,533,533,"{L1:2, L2:1, L3:1, L5:1, L7:1}","{L2:2, L3:1, L5:1, L7:1}",""
2978185105342,PHASE_B,156463,11291,MERGE_SUBMIT,28,5,32,"","","","","","","","",0,0,0,"{L2:2, L3:1, L5:1, L7:1}","{L2:2, L3:1, L5:1, L7:1}",""
2978185105447,PHASE_B,156476,11295,MERGE_START,0,5,32,"[340,347]","","[2,2]","","[4,4]","","[256,256]","",85,0,0,"{L2:2, L3:1, L5:1, L7:1}","{L2:2, L3:1, L5:1, L7:1}",""
2978185106509,PHASE_B,156600,11321,MERGE_DONE,0,0,0,"","348","","3","","8","","512",85,1080,1080,"","",""
2978185106529,PHASE_B,156616,11321,MERGE_PUBLISH,0,4,32,"","348","","3","","8","","512",85,1096,1095,"{L2:2, L3:1, L5:1, L7:1}","{L3:2, L5:1, L7:1}",""
2978185106545,PHASE_B,156618,11321,MERGE_SUBMIT,57,4,32,"","","","","","","","",0,0,0,"{L3:2, L5:1, L7:1}","{L3:2, L5:1, L7:1}",""
2978185106648,PHASE_B,156618,11321,MERGE_START,0,4,32,"[333,348]","","[3,3]","","[8,8]","","[512,512]","",89,0,0,"{L3:2, L5:1, L7:1}","{L3:2, L5:1, L7:1}",""
2978185106872,PHASE_B,156630,11326,SEAL,0,5,32,"","349","","0","","1","","64",0,0,0,"{L3:2, L5:1, L7:1}","{L0:1, L3:2, L5:1, L7:1}",""
2978185108849,PHASE_B,156912,11381,MERGE_DONE,0,0,0,"","350","","4","","16","","1024",89,2218,2218,"","",""
2978185108869,PHASE_B,156920,11384,MERGE_PUBLISH,0,4,32,"","350","","4","","16","","1024",89,2234,2233,"{L0:1, L3:2, L5:1, L7:1}","{L0:1, L4:1, L5:1, L7:1}",""
2978185109245,PHASE_B,156961,11390,SEAL,0,5,32,"","351","","0","","1","","64",0,0,0,"{L0:1, L4:1, L5:1, L7:1}","{L0:2, L4:1, L5:1, L7:1}",""
2978185109257,PHASE_B,156961,11390,MERGE_SUBMIT,0,5,32,"","","","","","","","",0,0,0,"{L0:2, L4:1, L5:1, L7:1}","{L0:2, L4:1, L5:1, L7:1}",""
2978185109371,PHASE_B,156976,11395,MERGE_START,0,5,32,"[349,351]","","[0,0]","","[1,1]","","[64,64]","",92,0,0,"{L0:2, L4:1, L5:1, L7:1}","{L0:2, L4:1, L5:1, L7:1}",""
2978185109672,PHASE_B,157024,11404,MERGE_DONE,0,0,0,"","352","","1","","2","","128",92,320,319,"","",""
2978185109693,PHASE_B,157024,11404,MERGE_PUBLISH,0,4,32,"","352","","1","","2","","128",92,336,334,"{L0:2, L4:1, L5:1, L7:1}","{L1:1, L4:1, L5:1, L7:1}",""
2978185111681,PHASE_B,157276,11454,SEAL,0,5,32,"","353","","0","","1","","64",0,0,0,"{L1:1, L4:1, L5:1, L7:1}","{L0:1, L1:1, L4:1, L5:1, L7:1}",""
2978185113961,PHASE_B,157600,11518,SEAL,0,6,32,"","354","","0","","1","","64",0,0,0,"{L0:1, L1:1, L4:1, L5:1, L7:1}","{L0:2, L1:1, L4:1, L5:1, L7:1}",""
2978185113974,PHASE_B,157600,11518,MERGE_SUBMIT,0,6,32,"","","","","","","","",0,0,0,"{L0:2, L1:1, L4:1, L5:1, L7:1}","{L0:2, L1:1, L4:1, L5:1, L7:1}",""
2978185114081,PHASE_B,157625,11523,MERGE_START,0,6,32,"[353,354]","","[0,0]","","[1,1]","","[64,64]","",82,0,0,"{L0:2, L1:1, L4:1, L5:1, L7:1}","{L0:2, L1:1, L4:1, L5:1, L7:1}",""
2978185114421,PHASE_B,157675,11534,MERGE_DONE,0,0,0,"","355","","1","","2","","128",82,361,360,"","",""
2978185114442,PHASE_B,157675,11534,MERGE_PUBLISH,0,5,32,"","355","","1","","2","","128",82,376,375,"{L0:2, L1:1, L4:1, L5:1, L7:1}","{L1:2, L4:1, L5:1, L7:1}",""
2978185114461,PHASE_B,157680,11536,MERGE_SUBMIT,15,5,32,"","","","","","","","",0,0,0,"{L1:2, L4:1, L5:1, L7:1}","{L1:2, L4:1, L5:1, L7:1}",""
2978185114539,PHASE_B,157692,11537,MERGE_START,0,5,32,"[352,355]","","[1,1]","","[2,2]","","[128,128]","",78,0,0,"{L1:2, L4:1, L5:1, L7:1}","{L1:2, L4:1, L5:1, L7:1}",""
2978185115059,PHASE_B,157752,11549,MERGE_DONE,0,0,0,"","356","","2","","4","","256",78,523,524,"","",""
2978185115096,PHASE_B,157762,11552,MERGE_PUBLISH,0,4,32,"","356","","2","","4","","256",78,556,546,"{L1:2, L4:1, L5:1, L7:1}","{L2:1, L4:1, L5:1, L7:1}",""
2978185116462,PHASE_B,157920,11583,SEAL,0,5,32,"","357","","0","","1","","64",0,0,0,"{L2:1, L4:1, L5:1, L7:1}","{L0:1, L2:1, L4:1, L5:1, L7:1}",""
2978185118699,PHASE_B,158236,11646,SEAL,0,6,32,"","358","","0","","1","","64",0,0,0,"{L0:1, L2:1, L4:1, L5:1, L7:1}","{L0:2, L2:1, L4:1, L5:1, L7:1}",""
2978185118712,PHASE_B,158236,11646,MERGE_SUBMIT,0,6,32,"","","","","","","","",0,0,0,"{L0:2, L2:1, L4:1, L5:1, L7:1}","{L0:2, L2:1, L4:1, L5:1, L7:1}",""
2978185118823,PHASE_B,158261,11652,MERGE_START,0,6,32,"[357,358]","","[0,0]","","[1,1]","","[64,64]","",88,0,0,"{L0:2, L2:1, L4:1, L5:1, L7:1}","{L0:2, L2:1, L4:1, L5:1, L7:1}",""
2978185119247,PHASE_B,158330,11664,MERGE_DONE,0,0,0,"","359","","1","","2","","128",88,443,443,"","",""
2978185119270,PHASE_B,158330,11664,MERGE_PUBLISH,0,5,32,"","359","","1","","2","","128",88,460,459,"{L0:2, L2:1, L4:1, L5:1, L7:1}","{L1:1, L2:1, L4:1, L5:1, L7:1}",""
2978185121137,PHASE_B,158555,11711,SEAL,0,6,32,"","360","","0","","1","","64",0,0,0,"{L1:1, L2:1, L4:1, L5:1, L7:1}","{L0:1, L1:1, L2:1, L4:1, L5:1, L7:1}",""
2978185123525,PHASE_B,158878,11774,SEAL,0,7,32,"","361","","0","","1","","64",0,0,0,"{L0:1, L1:1, L2:1, L4:1, L5:1, L7:1}","{L0:2, L1:1, L2:1, L4:1, L5:1, L7:1}",""
2978185123538,PHASE_B,158878,11774,MERGE_SUBMIT,0,7,32,"","","","","","","","",0,0,0,"{L0:2, L1:1, L2:1, L4:1, L5:1, L7:1}","{L0:2, L1:1, L2:1, L4:1, L5:1, L7:1}",""
2978185123647,PHASE_B,158899,11778,MERGE_START,0,7,32,"[360,361]","","[0,0]","","[1,1]","","[64,64]","",85,0,0,"{L0:2, L1:1, L2:1, L4:1, L5:1, L7:1}","{L0:2, L1:1, L2:1, L4:1, L5:1, L7:1}",""
2978185123945,PHASE_B,158948,11789,MERGE_DONE,0,0,0,"","362","","1","","2","","128",85,319,319,"","",""
2978185123967,PHASE_B,158955,11789,MERGE_PUBLISH,0,6,32,"","362","","1","","2","","128",85,334,333,"{L0:2, L1:1, L2:1, L4:1, L5:1, L7:1}","{L1:2, L2:1, L4:1, L5:1, L7:1}",""
2978185123984,PHASE_B,158958,11790,MERGE_SUBMIT,13,6,32,"","","","","","","","",0,0,0,"{L1:2, L2:1, L4:1, L5:1, L7:1}","{L1:2, L2:1, L4:1, L5:1, L7:1}",""
2978185124087,PHASE_B,158968,11793,MERGE_START,0,6,32,"[359,362]","","[1,1]","","[2,2]","","[128,128]","",88,0,0,"{L1:2, L2:1, L4:1, L5:1, L7:1}","{L1:2, L2:1, L4:1, L5:1, L7:1}",""
2978185124739,PHASE_B,159059,11810,MERGE_DONE,0,0,0,"","363","","2","","4","","256",88,671,671,"","",""
2978185124759,PHASE_B,159062,11811,MERGE_PUBLISH,0,5,32,"","363","","2","","4","","256",88,687,686,"{L1:2, L2:1, L4:1, L5:1, L7:1}","{L2:2, L4:1, L5:1, L7:1}",""
2978185124776,PHASE_B,159064,11811,MERGE_SUBMIT,35,5,32,"","","","","","","","",0,0,0,"{L2:2, L4:1, L5:1, L7:1}","{L2:2, L4:1, L5:1, L7:1}",""
2978185124877,PHASE_B,159078,11814,MERGE_START,0,5,32,"[356,363]","","[2,2]","","[4,4]","","[256,256]","",86,0,0,"{L2:2, L4:1, L5:1, L7:1}","{L2:2, L4:1, L5:1, L7:1}",""
2978185125980,PHASE_B,159197,11838,MERGE_DONE,0,0,0,"","364","","3","","8","","512",86,1122,1121,"","",""
2978185126006,PHASE_B,159197,11838,SEAL,0,6,32,"","365","","0","","1","","64",0,0,0,"{L2:2, L4:1, L5:1, L7:1}","{L0:1, L2:2, L4:1, L5:1, L7:1}",""
2978185126056,PHASE_B,159197,11838,MERGE_PUBLISH,0,5,32,"","364","","3","","8","","512",86,1189,1152,"{L0:1, L2:2, L4:1, L5:1, L7:1}","{L0:1, L3:1, L4:1, L5:1, L7:1}",""
2978185128442,PHASE_B,159529,11903,SEAL,0,6,32,"","366","","0","","1","","64",0,0,0,"{L0:1, L3:1, L4:1, L5:1, L7:1}","{L0:2, L3:1, L4:1, L5:1, L7:1}",""
2978185128454,PHASE_B,159529,11903,MERGE_SUBMIT,0,6,32,"","","","","","","","",0,0,0,"{L0:2, L3:1, L4:1, L5:1, L7:1}","{L0:2, L3:1, L4:1, L5:1, L7:1}",""
2978185128496,PHASE_B,159529,11903,MERGE_START,0,6,32,"[365,366]","","[0,0]","","[1,1]","","[64,64]","",23,0,0,"{L0:2, L3:1, L4:1, L5:1, L7:1}","{L0:2, L3:1, L4:1, L5:1, L7:1}",""
2978185128789,PHASE_B,159582,11914,MERGE_DONE,0,0,0,"","367","","1","","2","","128",23,309,309,"","",""
2978185128827,PHASE_B,159582,11914,MERGE_PUBLISH,0,5,32,"","367","","1","","2","","128",23,342,331,"{L0:2, L3:1, L4:1, L5:1, L7:1}","{L1:1, L3:1, L4:1, L5:1, L7:1}",""
2978185130857,PHASE_B,159835,11966,SEAL,0,6,32,"","368","","0","","1","","64",0,0,0,"{L1:1, L3:1, L4:1, L5:1, L7:1}","{L0:1, L1:1, L3:1, L4:1, L5:1, L7:1}",""
2978185133210,PHASE_B,160156,12030,SEAL,0,7,32,"","369","","0","","1","","64",0,0,0,"{L0:1, L1:1, L3:1, L4:1, L5:1, L7:1}","{L0:2, L1:1, L3:1, L4:1, L5:1, L7:1}",""
2978185133224,PHASE_B,160156,12030,MERGE_SUBMIT,0,7,32,"","","","","","","","",0,0,0,"{L0:2, L1:1, L3:1, L4:1, L5:1, L7:1}","{L0:2, L1:1, L3:1, L4:1, L5:1, L7:1}",""
2978185133338,PHASE_B,160176,12034,MERGE_START,0,7,32,"[368,369]","","[0,0]","","[1,1]","","[64,64]","",90,0,0,"{L0:2, L1:1, L3:1, L4:1, L5:1, L7:1}","{L0:2, L1:1, L3:1, L4:1, L5:1, L7:1}",""
2978185133640,PHASE_B,160226,12043,MERGE_DONE,0,0,0,"","370","","1","","2","","128",90,322,322,"","",""
2978185133662,PHASE_B,160226,12043,MERGE_PUBLISH,0,6,32,"","370","","1","","2","","128",90,338,337,"{L0:2, L1:1, L3:1, L4:1, L5:1, L7:1}","{L1:2, L3:1, L4:1, L5:1, L7:1}",""
2978185133682,PHASE_B,160226,12043,MERGE_SUBMIT,13,6,32,"","","","","","","","",0,0,0,"{L1:2, L3:1, L4:1, L5:1, L7:1}","{L1:2, L3:1, L4:1, L5:1, L7:1}",""
2978185133747,PHASE_B,160236,12047,MERGE_START,0,6,32,"[367,370]","","[1,1]","","[2,2]","","[128,128]","",64,0,0,"{L1:2, L3:1, L4:1, L5:1, L7:1}","{L1:2, L3:1, L4:1, L5:1, L7:1}",""
2978185134272,PHASE_B,160314,12061,MERGE_DONE,0,0,0,"","371","","2","","4","","256",64,531,531,"","",""
2978185134288,PHASE_B,160314,12061,MERGE_PUBLISH,0,5,32,"","371","","2","","4","","256",64,541,541,"{L1:2, L3:1, L4:1, L5:1, L7:1}","{L2:1, L3:1, L4:1, L5:1, L7:1}",""
2978185135758,PHASE_B,160478,12095,SEAL,0,6,32,"","372","","0","","1","","64",0,0,0,"{L2:1, L3:1, L4:1, L5:1, L7:1}","{L0:1, L2:1, L3:1, L4:1, L5:1, L7:1}",""
2978185138080,PHASE_B,160796,12158,SEAL,0,7,32,"","373","","0","","1","","64",0,0,0,"{L0:1, L2:1, L3:1, L4:1, L5:1, L7:1}","{L0:2, L2:1, L3:1, L4:1, L5:1, L7:1}",""
2978185138093,PHASE_B,160796,12158,MERGE_SUBMIT,0,7,32,"","","","","","","","",0,0,0,"{L0:2, L2:1, L3:1, L4:1, L5:1, L7:1}","{L0:2, L2:1, L3:1, L4:1, L5:1, L7:1}",""
2978185138198,PHASE_B,160810,12162,MERGE_START,0,7,32,"[372,373]","","[0,0]","","[1,1]","","[64,64]","",81,0,0,"{L0:2, L2:1, L3:1, L4:1, L5:1, L7:1}","{L0:2, L2:1, L3:1, L4:1, L5:1, L7:1}",""
2978185138512,PHASE_B,160868,12172,MERGE_DONE,0,0,0,"","374","","1","","2","","128",81,335,334,"","",""
2978185138536,PHASE_B,160870,12172,MERGE_PUBLISH,0,6,32,"","374","","1","","2","","128",81,350,349,"{L0:2, L2:1, L3:1, L4:1, L5:1, L7:1}","{L1:1, L2:1, L3:1, L4:1, L5:1, L7:1}",""
2978185140664,PHASE_B,161125,12223,SEAL,0,7,32,"","375","","0","","1","","64",0,0,0,"{L1:1, L2:1, L3:1, L4:1, L5:1, L7:1}","{L0:1, L1:1, L2:1, L3:1, L4:1, L5:1, L7:1}",""
2978185142970,PHASE_B,161435,12286,SEAL,0,8,32,"","376","","0","","1","","64",0,0,0,"{L0:1, L1:1, L2:1, L3:1, L4:1, L5:1, L7:1}","{L0:2, L1:1, L2:1, L3:1, L4:1, L5:1, L7:1}",""
2978185142982,PHASE_B,161435,12286,MERGE_SUBMIT,0,8,32,"","","","","","","","",0,0,0,"{L0:2, L1:1, L2:1, L3:1, L4:1, L5:1, L7:1}","{L0:2, L1:1, L2:1, L3:1, L4:1, L5:1, L7:1}",""
2978185143102,PHASE_B,161457,12290,MERGE_START,0,8,32,"[375,376]","","[0,0]","","[1,1]","","[64,64]","",94,0,0,"{L0:2, L1:1, L2:1, L3:1, L4:1, L5:1, L7:1}","{L0:2, L1:1, L2:1, L3:1, L4:1, L5:1, L7:1}",""
2978185143409,PHASE_B,161504,12300,MERGE_DONE,0,0,0,"","377","","1","","2","","128",94,330,329,"","",""
2978185143433,PHASE_B,161509,12301,MERGE_PUBLISH,0,7,32,"","377","","1","","2","","128",94,345,344,"{L0:2, L1:1, L2:1, L3:1, L4:1, L5:1, L7:1}","{L1:2, L2:1, L3:1, L4:1, L5:1, L7:1}",""
2978185143451,PHASE_B,161514,12302,MERGE_SUBMIT,13,7,32,"","","","","","","","",0,0,0,"{L1:2, L2:1, L3:1, L4:1, L5:1, L7:1}","{L1:2, L2:1, L3:1, L4:1, L5:1, L7:1}",""
2978185143530,PHASE_B,161520,12302,MERGE_START,0,7,32,"[374,377]","","[1,1]","","[2,2]","","[128,128]","",81,0,0,"{L1:2, L2:1, L3:1, L4:1, L5:1, L7:1}","{L1:2, L2:1, L3:1, L4:1, L5:1, L7:1}",""
2978185144049,PHASE_B,161595,12317,MERGE_DONE,0,0,0,"","378","","2","","4","","256",81,524,524,"","",""
2978185144066,PHASE_B,161595,12317,MERGE_PUBLISH,0,6,32,"","378","","2","","4","","256",81,535,534,"{L1:2, L2:1, L3:1, L4:1, L5:1, L7:1}","{L2:2, L3:1, L4:1, L5:1, L7:1}",""
2978185144079,PHASE_B,161595,12317,MERGE_SUBMIT,30,6,32,"","","","","","","","",0,0,0,"{L2:2, L3:1, L4:1, L5:1, L7:1}","{L2:2, L3:1, L4:1, L5:1, L7:1}",""
2978185144183,PHASE_B,161608,12321,MERGE_START,0,6,32,"[371,378]","","[2,2]","","[4,4]","","[256,256]","",84,0,0,"{L2:2, L3:1, L4:1, L5:1, L7:1}","{L2:2, L3:1, L4:1, L5:1, L7:1}",""
2978185145272,PHASE_B,161741,12347,MERGE_DONE,0,0,0,"","379","","3","","8","","512",84,1108,1108,"","",""
2978185145294,PHASE_B,161743,12347,MERGE_PUBLISH,0,5,32,"","379","","3","","8","","512",84,1125,1123,"{L2:2, L3:1, L4:1, L5:1, L7:1}","{L3:2, L4:1, L5:1, L7:1}",""
2978185145311,PHASE_B,161743,12347,MERGE_SUBMIT,59,5,32,"","","","","","","","",0,0,0,"{L3:2, L4:1, L5:1, L7:1}","{L3:2, L4:1, L5:1, L7:1}",""
2978185145412,PHASE_B,161761,12350,MERGE_START,0,5,32,"[364,379]","","[3,3]","","[8,8]","","[512,512]","",86,0,0,"{L3:2, L4:1, L5:1, L7:1}","{L3:2, L4:1, L5:1, L7:1}",""
2978185145526,PHASE_B,161767,12350,SEAL,0,6,32,"","380","","0","","1","","64",0,0,0,"{L3:2, L4:1, L5:1, L7:1}","{L0:1, L3:2, L4:1, L5:1, L7:1}",""
2978185147623,PHASE_B,162053,12409,MERGE_DONE,0,0,0,"","381","","4","","16","","1024",86,2231,2230,"","",""
2978185147644,PHASE_B,162053,12409,MERGE_PUBLISH,0,5,32,"","381","","4","","16","","1024",86,2246,2244,"{L0:1, L3:2, L4:1, L5:1, L7:1}","{L0:1, L4:2, L5:1, L7:1}",""
2978185147663,PHASE_B,162053,12409,MERGE_SUBMIT,57,5,32,"","","","","","","","",0,0,0,"{L0:1, L4:2, L5:1, L7:1}","{L0:1, L4:2, L5:1, L7:1}",""
2978185147778,PHASE_B,162062,12412,MERGE_START,0,5,32,"[350,381]","","[4,4]","","[16,16]","","[1024,1024]","",97,0,0,"{L0:1, L4:2, L5:1, L7:1}","{L0:1, L4:2, L5:1, L7:1}",""
2978185147999,PHASE_B,162074,12415,SEAL,0,6,32,"","382","","0","","1","","64",0,0,0,"{L0:1, L4:2, L5:1, L7:1}","{L0:2, L4:2, L5:1, L7:1}",""
2978185150482,PHASE_B,162398,12477,SEAL,0,7,32,"","384","","0","","1","","64",0,0,0,"{L0:2, L4:2, L5:1, L7:1}","{L0:3, L4:2, L5:1, L7:1}",""
2978185152441,PHASE_B,162688,12535,MERGE_DONE,0,0,0,"","383","","5","","32","","2048",97,4682,4682,"","",""
2978185152463,PHASE_B,162688,12535,MERGE_PUBLISH,0,6,32,"","383","","5","","32","","2048",97,4699,4698,"{L0:3, L4:2, L5:1, L7:1}","{L0:3, L5:2, L7:1}",""
2978185152483,PHASE_B,162688,12535,MERGE_SUBMIT,55,6,32,"","","","","","","","",0,0,0,"{L0:3, L5:2, L7:1}","{L0:3, L5:2, L7:1}",""
2978185152595,PHASE_B,162688,12535,MERGE_START,0,6,32,"[380,382]","","[0,0]","","[1,1]","","[64,64]","",94,0,0,"{L0:3, L5:2, L7:1}","{L0:3, L5:2, L7:1}",""
2978185152889,PHASE_B,162713,12543,SEAL,0,7,32,"","385","","0","","1","","64",0,0,0,"{L0:3, L5:2, L7:1}","{L0:4, L5:2, L7:1}",""
2978185153320,PHASE_B,162785,12556,MERGE_DONE,0,0,0,"","386","","1","","2","","128",94,744,732,"","",""
2978185153338,PHASE_B,162785,12556,MERGE_PUBLISH,0,6,32,"","386","","1","","2","","128",94,758,745,"{L0:4, L5:2, L7:1}","{L0:2, L1:1, L5:2, L7:1}",""
2978185153355,PHASE_B,162785,12556,MERGE_SUBMIT,13,6,32,"","","","","","","","",0,0,0,"{L0:2, L1:1, L5:2, L7:1}","{L0:2, L1:1, L5:2, L7:1}",""
2978185153404,PHASE_B,162794,12558,MERGE_START,0,6,32,"[384,385]","","[0,0]","","[1,1]","","[64,64]","",48,0,0,"{L0:2, L1:1, L5:2, L7:1}","{L0:2, L1:1, L5:2, L7:1}",""
2978185153660,PHASE_B,162832,12564,MERGE_DONE,0,0,0,"","387","","1","","2","","128",48,260,260,"","",""
2978185153698,PHASE_B,162832,12564,MERGE_PUBLISH,0,5,32,"","387","","1","","2","","128",48,292,279,"{L0:2, L1:1, L5:2, L7:1}","{L1:2, L5:2, L7:1}",""
2978185153710,PHASE_B,162832,12564,MERGE_SUBMIT,23,5,32,"","","","","","","","",0,0,0,"{L1:2, L5:2, L7:1}","{L1:2, L5:2, L7:1}",""
2978185153760,PHASE_B,162842,12568,MERGE_START,0,5,32,"[386,387]","","[1,1]","","[2,2]","","[128,128]","",40,0,0,"{L1:2, L5:2, L7:1}","{L1:2, L5:2, L7:1}",""
2978185154276,PHASE_B,162908,12582,MERGE_DONE,0,0,0,"","388","","2","","4","","256",40,527,527,"","",""
2978185154292,PHASE_B,162912,12582,MERGE_PUBLISH,0,4,32,"","388","","2","","4","","256",40,538,538,"{L1:2, L5:2, L7:1}","{L2:1, L5:2, L7:1}",""
2978185154306,PHASE_B,162914,12582,MERGE_SUBMIT,38,4,32,"","","","","","","","",0,0,0,"{L2:1, L5:2, L7:1}","{L2:1, L5:2, L7:1}",""
2978185154342,PHASE_B,162923,12583,MERGE_START,0,4,32,"[320,383]","","[5,5]","","[32,32]","","[2048,2048]","",19,0,0,"{L2:1, L5:2, L7:1}","{L2:1, L5:2, L7:1}",""
2978185155393,PHASE_B,163038,12606,SEAL,0,5,32,"","389","","0","","1","","64",0,0,0,"{L2:1, L5:2, L7:1}","{L0:1, L2:1, L5:2, L7:1}",""
2978185157725,PHASE_B,163360,12671,SEAL,0,6,32,"","391","","0","","1","","64",0,0,0,"{L0:1, L2:1, L5:2, L7:1}","{L0:2, L2:1, L5:2, L7:1}",""
2978185160023,PHASE_B,163681,12735,SEAL,0,7,32,"","392","","0","","1","","64",0,0,0,"{L0:2, L2:1, L5:2, L7:1}","{L0:3, L2:1, L5:2, L7:1}",""
2978185162524,PHASE_B,164000,12797,SEAL,0,8,32,"","393","","0","","1","","64",0,0,0,"{L0:3, L2:1, L5:2, L7:1}","{L0:4, L2:1, L5:2, L7:1}",""
2978185163621,PHASE_B,164171,12833,MERGE_DONE,0,0,0,"","390","","6","","64","","4096",19,9294,9295,"","",""
2978185163644,PHASE_B,164171,12833,MERGE_PUBLISH,0,7,32,"","390","","6","","64","","4096",19,9314,9313,"{L0:4, L2:1, L5:2, L7:1}","{L0:4, L2:1, L6:1, L7:1}",""
2978185163665,PHASE_B,164171,12833,MERGE_SUBMIT,34,7,32,"","","","","","","","",0,0,0,"{L0:4, L2:1, L6:1, L7:1}","{L0:4, L2:1, L6:1, L7:1}",""
2978185163782,PHASE_B,164185,12836,MERGE_START,0,7,32,"[389,391]","","[0,0]","","[1,1]","","[64,64]","",99,0,0,"{L0:4, L2:1, L6:1, L7:1}","{L0:4, L2:1, L6:1, L7:1}",""
2978185164133,PHASE_B,164232,12845,MERGE_DONE,0,0,0,"","394","","1","","2","","128",99,371,370,"","",""
2978185164153,PHASE_B,164232,12845,MERGE_PUBLISH,0,6,32,"","394","","1","","2","","128",99,386,385,"{L0:4, L2:1, L6:1, L7:1}","{L0:2, L1:1, L2:1, L6:1, L7:1}",""
2978185164174,PHASE_B,164232,12845,MERGE_SUBMIT,46,6,32,"","","","","","","","",0,0,0,"{L0:2, L1:1, L2:1, L6:1, L7:1}","{L0:2, L1:1, L2:1, L6:1, L7:1}",""
2978185164243,PHASE_B,164240,12847,MERGE_START,0,6,32,"[392,393]","","[0,0]","","[1,1]","","[64,64]","",68,0,0,"{L0:2, L1:1, L2:1, L6:1, L7:1}","{L0:2, L1:1, L2:1, L6:1, L7:1}",""
2978185164497,PHASE_B,164265,12852,MERGE_DONE,0,0,0,"","395","","1","","2","","128",68,259,259,"","",""
2978185164511,PHASE_B,164265,12852,MERGE_PUBLISH,0,5,32,"","395","","1","","2","","128",68,268,268,"{L0:2, L1:1, L2:1, L6:1, L7:1}","{L1:2, L2:1, L6:1, L7:1}",""
2978185164521,PHASE_B,164265,12852,MERGE_SUBMIT,54,5,32,"","","","","","","","",0,0,0,"{L1:2, L2:1, L6:1, L7:1}","{L1:2, L2:1, L6:1, L7:1}",""
2978185164627,PHASE_B,164284,12855,MERGE_START,0,5,32,"[394,395]","","[1,1]","","[2,2]","","[128,128]","",87,0,0,"{L1:2, L2:1, L6:1, L7:1}","{L1:2, L2:1, L6:1, L7:1}",""
2978185165042,PHASE_B,164319,12863,SEAL,0,6,32,"","396","","0","","1","","64",0,0,0,"{L1:2, L2:1, L6:1, L7:1}","{L0:1, L1:2, L2:1, L6:1, L7:1}",""
2978185166015,PHASE_B,164469,12893,MERGE_DONE,0,0,0,"","397","","2","","4","","256",87,1395,1348,"","",""
2978185166038,PHASE_B,164470,12893,MERGE_PUBLISH,0,5,32,"","397","","2","","4","","256",87,1422,1374,"{L0:1, L1:2, L2:1, L6:1, L7:1}","{L0:1, L2:2, L6:1, L7:1}",""
2978185166053,PHASE_B,164470,12893,MERGE_SUBMIT,29,5,32,"","","","","","","","",0,0,0,"{L0:1, L2:2, L6:1, L7:1}","{L0:1, L2:2, L6:1, L7:1}",""
2978185166163,PHASE_B,164485,12896,MERGE_START,0,5,32,"[388,397]","","[2,2]","","[4,4]","","[256,256]","",93,0,0,"{L0:1, L2:2, L6:1, L7:1}","{L0:1, L2:2, L6:1, L7:1}",""
2978185167238,PHASE_B,164615,12922,MERGE_DONE,0,0,0,"","398","","3","","8","","512",93,1094,1093,"","",""
2978185167260,PHASE_B,164616,12922,MERGE_PUBLISH,0,4,32,"","398","","3","","8","","512",93,1109,1109,"{L0:1, L2:2, L6:1, L7:1}","{L0:1, L3:1, L6:1, L7:1}",""
2978185167542,PHASE_B,164639,12925,SEAL,0,5,32,"","399","","0","","1","","64",0,0,0,"{L0:1, L3:1, L6:1, L7:1}","{L0:2, L3:1, L6:1, L7:1}",""
2978185167553,PHASE_B,164639,12925,MERGE_SUBMIT,0,5,32,"","","","","","","","",0,0,0,"{L0:2, L3:1, L6:1, L7:1}","{L0:2, L3:1, L6:1, L7:1}",""
2978185167671,PHASE_B,164650,12930,MERGE_START,0,5,32,"[396,399]","","[0,0]","","[1,1]","","[64,64]","",94,0,0,"{L0:2, L3:1, L6:1, L7:1}","{L0:2, L3:1, L6:1, L7:1}",""
2978185168017,PHASE_B,164707,12940,MERGE_DONE,0,0,0,"","400","","1","","2","","128",94,352,351,"","",""
2978185168036,PHASE_B,164707,12940,MERGE_PUBLISH,0,4,32,"","400","","1","","2","","128",94,380,379,"{L0:2, L3:1, L6:1, L7:1}","{L1:1, L3:1, L6:1, L7:1}",""
2978185170044,PHASE_B,164962,12991,SEAL,0,5,32,"","401","","0","","1","","64",0,0,0,"{L1:1, L3:1, L6:1, L7:1}","{L0:1, L1:1, L3:1, L6:1, L7:1}",""
2978185172402,PHASE_B,165281,13055,SEAL,0,6,32,"","402","","0","","1","","64",0,0,0,"{L0:1, L1:1, L3:1, L6:1, L7:1}","{L0:2, L1:1, L3:1, L6:1, L7:1}",""
2978185172415,PHASE_B,165281,13055,MERGE_SUBMIT,0,6,32,"","","","","","","","",0,0,0,"{L0:2, L1:1, L3:1, L6:1, L7:1}","{L0:2, L1:1, L3:1, L6:1, L7:1}",""
2978185172523,PHASE_B,165305,13059,MERGE_START,0,6,32,"[401,402]","","[0,0]","","[1,1]","","[64,64]","",85,0,0,"{L0:2, L1:1, L3:1, L6:1, L7:1}","{L0:2, L1:1, L3:1, L6:1, L7:1}",""
2978185172799,PHASE_B,165351,13067,MERGE_DONE,0,0,0,"","403","","1","","2","","128",85,295,295,"","",""
2978185172820,PHASE_B,165351,13067,MERGE_PUBLISH,0,5,32,"","403","","1","","2","","128",85,310,308,"{L0:2, L1:1, L3:1, L6:1, L7:1}","{L1:2, L3:1, L6:1, L7:1}",""
2978185172839,PHASE_B,165351,13067,MERGE_SUBMIT,12,5,32,"","","","","","","","",0,0,0,"{L1:2, L3:1, L6:1, L7:1}","{L1:2, L3:1, L6:1, L7:1}",""
2978185172905,PHASE_B,165355,13069,MERGE_START,0,5,32,"[400,403]","","[1,1]","","[2,2]","","[128,128]","",66,0,0,"{L1:2, L3:1, L6:1, L7:1}","{L1:2, L3:1, L6:1, L7:1}",""
2978185173422,PHASE_B,165424,13084,MERGE_DONE,0,0,0,"","404","","2","","4","","256",66,521,521,"","",""
2978185173461,PHASE_B,165424,13084,MERGE_PUBLISH,0,4,32,"","404","","2","","4","","256",66,555,546,"{L1:2, L3:1, L6:1, L7:1}","{L2:1, L3:1, L6:1, L7:1}",""
2978185174907,PHASE_B,165597,13118,SEAL,0,5,32,"","405","","0","","1","","64",0,0,0,"{L2:1, L3:1, L6:1, L7:1}","{L0:1, L2:1, L3:1, L6:1, L7:1}",""
2978185177189,PHASE_B,165924,13183,SEAL,0,6,32,"","406","","0","","1","","64",0,0,0,"{L0:1, L2:1, L3:1, L6:1, L7:1}","{L0:2, L2:1, L3:1, L6:1, L7:1}",""
2978185177201,PHASE_B,165924,13183,MERGE_SUBMIT,0,6,32,"","","","","","","","",0,0,0,"{L0:2, L2:1, L3:1, L6:1, L7:1}","{L0:2, L2:1, L3:1, L6:1, L7:1}",""
2978185177305,PHASE_B,165943,13188,MERGE_START,0,6,32,"[405,406]","","[0,0]","","[1,1]","","[64,64]","",80,0,0,"{L0:2, L2:1, L3:1, L6:1, L7:1}","{L0:2, L2:1, L3:1, L6:1, L7:1}",""
2978185177568,PHASE_B,165986,13196,MERGE_DONE,0,0,0,"","407","","1","","2","","128",80,283,282,"","",""
2978185177637,PHASE_B,165993,13198,MERGE_PUBLISH,0,5,32,"","407","","1","","2","","128",80,344,315,"{L0:2, L2:1, L3:1, L6:1, L7:1}","{L1:1, L2:1, L3:1, L6:1, L7:1}",""
2978185179659,PHASE_B,166248,13247,SEAL,0,6,32,"","408","","0","","1","","64",0,0,0,"{L1:1, L2:1, L3:1, L6:1, L7:1}","{L0:1, L1:1, L2:1, L3:1, L6:1, L7:1}",""
2978185182031,PHASE_B,166564,13310,SEAL,0,7,32,"","409","","0","","1","","64",0,0,0,"{L0:1, L1:1, L2:1, L3:1, L6:1, L7:1}","{L0:2, L1:1, L2:1, L3:1, L6:1, L7:1}",""
2978185182043,PHASE_B,166564,13310,MERGE_SUBMIT,0,7,32,"","","","","","","","",0,0,0,"{L0:2, L1:1, L2:1, L3:1, L6:1, L7:1}","{L0:2, L1:1, L2:1, L3:1, L6:1, L7:1}",""
2978185182149,PHASE_B,166567,13312,MERGE_START,0,7,32,"[408,409]","","[0,0]","","[1,1]","","[64,64]","",81,0,0,"{L0:2, L1:1, L2:1, L3:1, L6:1, L7:1}","{L0:2, L1:1, L2:1, L3:1, L6:1, L7:1}",""
2978185182457,PHASE_B,166616,13323,MERGE_DONE,0,0,0,"","410","","1","","2","","128",81,329,328,"","",""
2978185182487,PHASE_B,166636,13326,MERGE_PUBLISH,0,6,32,"","410","","1","","2","","128",81,347,346,"{L0:2, L1:1, L2:1, L3:1, L6:1, L7:1}","{L1:2, L2:1, L3:1, L6:1, L7:1}",""
2978185182505,PHASE_B,166636,13326,MERGE_SUBMIT,14,6,32,"","","","","","","","",0,0,0,"{L1:2, L2:1, L3:1, L6:1, L7:1}","{L1:2, L2:1, L3:1, L6:1, L7:1}",""
2978185182577,PHASE_B,166641,13327,MERGE_START,0,6,32,"[407,410]","","[1,1]","","[2,2]","","[128,128]","",75,0,0,"{L1:2, L2:1, L3:1, L6:1, L7:1}","{L1:2, L2:1, L3:1, L6:1, L7:1}",""
2978185183100,PHASE_B,166720,13343,MERGE_DONE,0,0,0,"","411","","2","","4","","256",75,528,528,"","",""
2978185183139,PHASE_B,166721,13343,MERGE_PUBLISH,0,5,32,"","411","","2","","4","","256",75,560,550,"{L1:2, L2:1, L3:1, L6:1, L7:1}","{L2:2, L3:1, L6:1, L7:1}",""
2978185183152,PHASE_B,166721,13343,MERGE_SUBMIT,32,5,32,"","","","","","","","",0,0,0,"{L2:2, L3:1, L6:1, L7:1}","{L2:2, L3:1, L6:1, L7:1}",""
2978185183253,PHASE_B,166726,13345,MERGE_START,0,5,32,"[404,411]","","[2,2]","","[4,4]","","[256,256]","",82,0,0,"{L2:2, L3:1, L6:1, L7:1}","{L2:2, L3:1, L6:1, L7:1}",""
2978185184333,PHASE_B,166866,13371,MERGE_DONE,0,0,0,"","412","","3","","8","","512",82,1100,1099,"","",""
2978185184397,PHASE_B,166877,13373,MERGE_PUBLISH,0,4,32,"","412","","3","","8","","512",82,1156,1132,"{L2:2, L3:1, L6:1, L7:1}","{L3:2, L6:1, L7:1}",""
2978185184417,PHASE_B,166877,13373,MERGE_SUBMIT,61,4,32,"","","","","","","","",0,0,0,"{L3:2, L6:1, L7:1}","{L3:2, L6:1, L7:1}",""
2978185185276,PHASE_B,166877,13373,MERGE_START,0,4,32,"[398,412]","","[3,3]","","[8,8]","","[512,512]","",105,0,0,"{L3:2, L6:1, L7:1}","{L3:2, L6:1, L7:1}",""
2978185185286,PHASE_B,166877,13373,SEAL,0,5,32,"","413","","0","","1","","64",0,0,0,"{L3:2, L6:1, L7:1}","{L0:1, L3:2, L6:1, L7:1}",""
2978185187452,PHASE_B,167159,13431,MERGE_DONE,0,0,0,"","414","","4","","16","","1024",105,2930,2205,"","",""
2978185187498,PHASE_B,167159,13431,MERGE_PUBLISH,0,4,32,"","414","","4","","16","","1024",105,2972,2235,"{L0:1, L3:2, L6:1, L7:1}","{L0:1, L4:1, L6:1, L7:1}",""
2978185187822,PHASE_B,167201,13439,SEAL,0,5,32,"","415","","0","","1","","64",0,0,0,"{L0:1, L4:1, L6:1, L7:1}","{L0:2, L4:1, L6:1, L7:1}",""
2978185187836,PHASE_B,167201,13439,MERGE_SUBMIT,0,5,32,"","","","","","","","",0,0,0,"{L0:2, L4:1, L6:1, L7:1}","{L0:2, L4:1, L6:1, L7:1}",""
2978185187951,PHASE_B,167223,13443,MERGE_START,0,5,32,"[413,415]","","[0,0]","","[1,1]","","[64,64]","",93,0,0,"{L0:2, L4:1, L6:1, L7:1}","{L0:2, L4:1, L6:1, L7:1}",""
2978185188256,PHASE_B,167258,13449,MERGE_DONE,0,0,0,"","416","","1","","2","","128",93,323,323,"","",""
2978185188290,PHASE_B,167258,13449,MERGE_PUBLISH,0,4,32,"","416","","1","","2","","128",93,353,352,"{L0:2, L4:1, L6:1, L7:1}","{L1:1, L4:1, L6:1, L7:1}",""
2978185190390,PHASE_B,167522,13503,SEAL,0,5,32,"","417","","0","","1","","64",0,0,0,"{L1:1, L4:1, L6:1, L7:1}","{L0:1, L1:1, L4:1, L6:1, L7:1}",""
2978185192749,PHASE_B,167835,13567,SEAL,0,6,32,"","418","","0","","1","","64",0,0,0,"{L0:1, L1:1, L4:1, L6:1, L7:1}","{L0:2, L1:1, L4:1, L6:1, L7:1}",""
2978185192762,PHASE_B,167835,13567,MERGE_SUBMIT,0,6,32,"","","","","","","","",0,0,0,"{L0:2, L1:1, L4:1, L6:1, L7:1}","{L0:2, L1:1, L4:1, L6:1, L7:1}",""
2978185192879,PHASE_B,167858,13571,MERGE_START,0,6,32,"[417,418]","","[0,0]","","[1,1]","","[64,64]","",94,0,0,"{L0:2, L1:1, L4:1, L6:1, L7:1}","{L0:2, L1:1, L4:1, L6:1, L7:1}",""
2978185193252,PHASE_B,167924,13583,MERGE_DONE,0,0,0,"","419","","1","","2","","128",94,393,392,"","",""
2978185193275,PHASE_B,167929,13583,MERGE_PUBLISH,0,5,32,"","419","","1","","2","","128",94,409,408,"{L0:2, L1:1, L4:1, L6:1, L7:1}","{L1:2, L4:1, L6:1, L7:1}",""
2978185193293,PHASE_B,167929,13583,MERGE_SUBMIT,15,5,32,"","","","","","","","",0,0,0,"{L1:2, L4:1, L6:1, L7:1}","{L1:2, L4:1, L6:1, L7:1}",""
2978185193371,PHASE_B,167932,13586,MERGE_START,0,5,32,"[416,419]","","[1,1]","","[2,2]","","[128,128]","",77,0,0,"{L1:2, L4:1, L6:1, L7:1}","{L1:2, L4:1, L6:1, L7:1}",""
2978185193893,PHASE_B,168005,13599,MERGE_DONE,0,0,0,"","420","","2","","4","","256",77,527,527,"","",""
2978185193907,PHASE_B,168005,13599,MERGE_PUBLISH,0,4,32,"","420","","2","","4","","256",77,536,536,"{L1:2, L4:1, L6:1, L7:1}","{L2:1, L4:1, L6:1, L7:1}",""
2978185195300,PHASE_B,168164,13631,SEAL,0,5,32,"","421","","0","","1","","64",0,0,0,"{L2:1, L4:1, L6:1, L7:1}","{L0:1, L2:1, L4:1, L6:1, L7:1}",""
2978185197597,PHASE_B,168469,13694,SEAL,0,6,32,"","422","","0","","1","","64",0,0,0,"{L0:1, L2:1, L4:1, L6:1, L7:1}","{L0:2, L2:1, L4:1, L6:1, L7:1}",""
2978185197609,PHASE_B,168469,13694,MERGE_SUBMIT,0,6,32,"","","","","","","","",0,0,0,"{L0:2, L2:1, L4:1, L6:1, L7:1}","{L0:2, L2:1, L4:1, L6:1, L7:1}",""
2978185197724,PHASE_B,168501,13698,MERGE_START,0,6,32,"[421,422]","","[0,0]","","[1,1]","","[64,64]","",91,0,0,"{L0:2, L2:1, L4:1, L6:1, L7:1}","{L0:2, L2:1, L4:1, L6:1, L7:1}",""
2978185198098,PHASE_B,168554,13711,MERGE_DONE,0,0,0,"","423","","1","","2","","128",91,394,393,"","",""
2978185198119,PHASE_B,168554,13711,MERGE_PUBLISH,0,5,32,"","423","","1","","2","","128",91,410,409,"{L0:2, L2:1, L4:1, L6:1, L7:1}","{L1:1, L2:1, L4:1, L6:1, L7:1}",""
2978185199963,PHASE_B,168789,13758,SEAL,0,6,32,"","424","","0","","1","","64",0,0,0,"{L1:1, L2:1, L4:1, L6:1, L7:1}","{L0:1, L1:1, L2:1, L4:1, L6:1, L7:1}",""
2978185202284,PHASE_B,169122,13822,SEAL,0,7,32,"","425","","0","","1","","64",0,0,0,"{L0:1, L1:1, L2:1, L4:1, L6:1, L7:1}","{L0:2, L1:1, L2:1, L4:1, L6:1, L7:1}",""
2978185202297,PHASE_B,169122,13822,MERGE_SUBMIT,0,7,32,"","","","","","","","",0,0,0,"{L0:2, L1:1, L2:1, L4:1, L6:1, L7:1}","{L0:2, L1:1, L2:1, L4:1, L6:1, L7:1}",""
2978185202412,PHASE_B,169137,13827,MERGE_START,0,7,32,"[424,425]","","[0,0]","","[1,1]","","[64,64]","",91,0,0,"{L0:2, L1:1, L2:1, L4:1, L6:1, L7:1}","{L0:2, L1:1, L2:1, L4:1, L6:1, L7:1}",""
2978185202718,PHASE_B,169192,13836,MERGE_DONE,0,0,0,"","426","","1","","2","","128",91,327,326,"","",""
2978185202767,PHASE_B,169199,13837,MERGE_PUBLISH,0,6,32,"","426","","1","","2","","128",91,368,353,"{L0:2, L1:1, L2:1, L4:1, L6:1, L7:1}","{L1:2, L2:1, L4:1, L6:1, L7:1}",""
2978185202786,PHASE_B,169199,13837,MERGE_SUBMIT,13,6,32,"","","","","","","","",0,0,0,"{L1:2, L2:1, L4:1, L6:1, L7:1}","{L1:2, L2:1, L4:1, L6:1, L7:1}",""
2978185202856,PHASE_B,169203,13840,MERGE_START,0,6,32,"[423,426]","","[1,1]","","[2,2]","","[128,128]","",69,0,0,"{L1:2, L2:1, L4:1, L6:1, L7:1}","{L1:2, L2:1, L4:1, L6:1, L7:1}",""
2978185203378,PHASE_B,169265,13854,MERGE_DONE,0,0,0,"","427","","2","","4","","256",69,526,526,"","",""
2978185203409,PHASE_B,169282,13855,MERGE_PUBLISH,0,5,32,"","427","","2","","4","","256",69,551,551,"{L1:2, L2:1, L4:1, L6:1, L7:1}","{L2:2, L4:1, L6:1, L7:1}",""
2978185203419,PHASE_B,169284,13855,MERGE_SUBMIT,31,5,32,"","","","","","","","",0,0,0,"{L2:2, L4:1, L6:1, L7:1}","{L2:2, L4:1, L6:1, L7:1}",""
2978185203528,PHASE_B,169291,13856,MERGE_START,0,5,32,"[420,427]","","[2,2]","","[4,4]","","[256,256]","",90,0,0,"{L2:2, L4:1, L6:1, L7:1}","{L2:2, L4:1, L6:1, L7:1}",""
2978185204621,PHASE_B,169426,13884,MERGE_DONE,0,0,0,"","428","","3","","8","","512",90,1112,1112,"","",""
2978185204670,PHASE_B,169426,13884,MERGE_PUBLISH,0,4,32,"","428","","3","","8","","512",90,1154,1140,"{L2:2, L4:1, L6:1, L7:1}","{L3:1, L4:1, L6:1, L7:1}",""
2978185204832,PHASE_B,169439,13887,SEAL,0,5,32,"","429","","0","","1","","64",0,0,0,"{L3:1, L4:1, L6:1, L7:1}","{L0:1, L3:1, L4:1, L6:1, L7:1}",""
2978185207222,PHASE_B,169754,13949,SEAL,0,6,32,"","430","","0","","1","","64",0,0,0,"{L0:1, L3:1, L4:1, L6:1, L7:1}","{L0:2, L3:1, L4:1, L6:1, L7:1}",""
2978185207234,PHASE_B,169754,13949,MERGE_SUBMIT,0,6,32,"","","","","","","","",0,0,0,"{L0:2, L3:1, L4:1, L6:1, L7:1}","{L0:2, L3:1, L4:1, L6:1, L7:1}",""
2978185207350,PHASE_B,169775,13953,MERGE_START,0,6,32,"[429,430]","","[0,0]","","[1,1]","","[64,64]","",92,0,0,"{L0:2, L3:1, L4:1, L6:1, L7:1}","{L0:2, L3:1, L4:1, L6:1, L7:1}",""
2978185207657,PHASE_B,169824,13964,MERGE_DONE,0,0,0,"","431","","1","","2","","128",92,328,327,"","",""
2978185207708,PHASE_B,169829,13965,MERGE_PUBLISH,0,5,32,"","431","","1","","2","","128",92,371,354,"{L0:2, L3:1, L4:1, L6:1, L7:1}","{L1:1, L3:1, L4:1, L6:1, L7:1}",""
2978185209665,PHASE_B,170077,14014,SEAL,0,6,32,"","432","","0","","1","","64",0,0,0,"{L1:1, L3:1, L4:1, L6:1, L7:1}","{L0:1, L1:1, L3:1, L4:1, L6:1, L7:1}",""
2978185211932,PHASE_B,170390,14076,SEAL,0,7,32,"","433","","0","","1","","64",0,0,0,"{L0:1, L1:1, L3:1, L4:1, L6:1, L7:1}","{L0:2, L1:1, L3:1, L4:1, L6:1, L7:1}",""
2978185211945,PHASE_B,170390,14076,MERGE_SUBMIT,0,7,32,"","","","","","","","",0,0,0,"{L0:2, L1:1, L3:1, L4:1, L6:1, L7:1}","{L0:2, L1:1, L3:1, L4:1, L6:1, L7:1}",""
2978185212068,PHASE_B,170422,14083,MERGE_START,0,7,32,"[432,433]","","[0,0]","","[1,1]","","[64,64]","",99,0,0,"{L0:2, L1:1, L3:1, L4:1, L6:1, L7:1}","{L0:2, L1:1, L3:1, L4:1, L6:1, L7:1}",""
2978185212452,PHASE_B,170480,14094,MERGE_DONE,0,0,0,"","434","","1","","2","","128",99,404,404,"","",""
2978185212474,PHASE_B,170480,14094,MERGE_PUBLISH,0,6,32,"","434","","1","","2","","128",99,419,419,"{L0:2, L1:1, L3:1, L4:1, L6:1, L7:1}","{L1:2, L3:1, L4:1, L6:1, L7:1}",""
2978185212510,PHASE_B,170481,14095,MERGE_SUBMIT,16,6,32,"","","","","","","","",0,0,0,"{L1:2, L3:1, L4:1, L6:1, L7:1}","{L1:2, L3:1, L4:1, L6:1, L7:1}",""
2978185212623,PHASE_B,170502,14099,MERGE_START,0,6,32,"[431,434]","","[1,1]","","[2,2]","","[128,128]","",97,0,0,"{L1:2, L3:1, L4:1, L6:1, L7:1}","{L1:2, L3:1, L4:1, L6:1, L7:1}",""
2978185213244,PHASE_B,170583,14115,MERGE_DONE,0,0,0,"","435","","2","","4","","256",97,640,639,"","",""
2978185213289,PHASE_B,170583,14115,MERGE_PUBLISH,0,5,32,"","435","","2","","4","","256",97,678,666,"{L1:2, L3:1, L4:1, L6:1, L7:1}","{L2:1, L3:1, L4:1, L6:1, L7:1}",""
2978185214442,PHASE_B,170715,14141,SEAL,0,6,32,"","436","","0","","1","","64",0,0,0,"{L2:1, L3:1, L4:1, L6:1, L7:1}","{L0:1, L2:1, L3:1, L4:1, L6:1, L7:1}",""
2978185217069,PHASE_B,171047,14207,SEAL,0,7,32,"","437","","0","","1","","64",0,0,0,"{L0:1, L2:1, L3:1, L4:1, L6:1, L7:1}","{L0:2, L2:1, L3:1, L4:1, L6:1, L7:1}",""
2978185217082,PHASE_B,171047,14207,MERGE_SUBMIT,0,7,32,"","","","","","","","",0,0,0,"{L0:2, L2:1, L3:1, L4:1, L6:1, L7:1}","{L0:2, L2:1, L3:1, L4:1, L6:1, L7:1}",""
2978185217189,PHASE_B,171058,14211,MERGE_START,0,7,32,"[436,437]","","[0,0]","","[1,1]","","[64,64]","",83,0,0,"{L0:2, L2:1, L3:1, L4:1, L6:1, L7:1}","{L0:2, L2:1, L3:1, L4:1, L6:1, L7:1}",""
2978185217522,PHASE_B,171119,14222,MERGE_DONE,0,0,0,"","438","","1","","2","","128",83,354,354,"","",""
2978185217545,PHASE_B,171119,14222,MERGE_PUBLISH,0,6,32,"","438","","1","","2","","128",83,371,369,"{L0:2, L2:1, L3:1, L4:1, L6:1, L7:1}","{L1:1, L2:1, L3:1, L4:1, L6:1, L7:1}",""
2978185219432,PHASE_B,171347,14269,SEAL,0,7,32,"","439","","0","","1","","64",0,0,0,"{L1:1, L2:1, L3:1, L4:1, L6:1, L7:1}","{L0:1, L1:1, L2:1, L3:1, L4:1, L6:1, L7:1}",""
2978185221812,PHASE_B,171690,14335,SEAL,0,8,32,"","440","","0","","1","","64",0,0,0,"{L0:1, L1:1, L2:1, L3:1, L4:1, L6:1, L7:1}","{L0:2, L1:1, L2:1, L3:1, L4:1, L6:1, L7:1}",""
2978185221824,PHASE_B,171690,14335,MERGE_SUBMIT,0,8,32,"","","","","","","","",0,0,0,"{L0:2, L1:1, L2:1, L3:1, L4:1, L6:1, L7:1}","{L0:2, L1:1, L2:1, L3:1, L4:1, L6:1, L7:1}",""
2978185221933,PHASE_B,171690,14335,MERGE_START,0,8,32,"[439,440]","","[0,0]","","[1,1]","","[64,64]","",82,0,0,"{L0:2, L1:1, L2:1, L3:1, L4:1, L6:1, L7:1}","{L0:2, L1:1, L2:1, L3:1, L4:1, L6:1, L7:1}",""
2978185222253,PHASE_B,171744,14348,MERGE_DONE,0,0,0,"","441","","1","","2","","128",82,343,342,"","",""
2978185222278,PHASE_B,171744,14348,MERGE_PUBLISH,0,7,32,"","441","","1","","2","","128",82,360,358,"{L0:2, L1:1, L2:1, L3:1, L4:1, L6:1, L7:1}","{L1:2, L2:1, L3:1, L4:1, L6:1, L7:1}",""
2978185222298,PHASE_B,171748,14350,MERGE_SUBMIT,13,7,32,"","","","","","","","",0,0,0,"{L1:2, L2:1, L3:1, L4:1, L6:1, L7:1}","{L1:2, L2:1, L3:1, L4:1, L6:1, L7:1}",""
2978185222401,PHASE_B,171767,14352,MERGE_START,0,7,32,"[438,441]","","[1,1]","","[2,2]","","[128,128]","",85,0,0,"{L1:2, L2:1, L3:1, L4:1, L6:1, L7:1}","{L1:2, L2:1, L3:1, L4:1, L6:1, L7:1}",""
2978185222953,PHASE_B,171839,14368,MERGE_DONE,0,0,0,"","442","","2","","4","","256",85,573,572,"","",""
2978185222977,PHASE_B,171839,14368,MERGE_PUBLISH,0,6,32,"","442","","2","","4","","256",85,590,588,"{L1:2, L2:1, L3:1, L4:1, L6:1, L7:1}","{L2:2, L3:1, L4:1, L6:1, L7:1}",""
2978185222997,PHASE_B,171842,14369,MERGE_SUBMIT,32,6,32,"","","","","","","","",0,0,0,"{L2:2, L3:1, L4:1, L6:1, L7:1}","{L2:2, L3:1, L4:1, L6:1, L7:1}",""
2978185223103,PHASE_B,171857,14371,MERGE_START,0,6,32,"[435,442]","","[2,2]","","[4,4]","","[256,256]","",86,0,0,"{L2:2, L3:1, L4:1, L6:1, L7:1}","{L2:2, L3:1, L4:1, L6:1, L7:1}",""
2978185224181,PHASE_B,171984,14396,MERGE_DONE,0,0,0,"","443","","3","","8","","512",86,1100,1100,"","",""
2978185224203,PHASE_B,171984,14396,MERGE_PUBLISH,0,5,32,"","443","","3","","8","","512",86,1116,1115,"{L2:2, L3:1, L4:1, L6:1, L7:1}","{L3:2, L4:1, L6:1, L7:1}",""
2978185224222,PHASE_B,171984,14396,MERGE_SUBMIT,61,5,32,"","","","","","","","",0,0,0,"{L3:2, L4:1, L6:1, L7:1}","{L3:2, L4:1, L6:1, L7:1}",""
2978185224325,PHASE_B,171998,14399,MERGE_START,0,5,32,"[428,443]","","[3,3]","","[8,8]","","[512,512]","",86,0,0,"{L3:2, L4:1, L6:1, L7:1}","{L3:2, L4:1, L6:1, L7:1}",""
2978185224364,PHASE_B,171998,14399,SEAL,0,6,32,"","444","","0","","1","","64",0,0,0,"{L3:2, L4:1, L6:1, L7:1}","{L0:1, L3:2, L4:1, L6:1, L7:1}",""
2978185226571,PHASE_B,172283,14454,MERGE_DONE,0,0,0,"","445","","4","","16","","1024",86,2264,2242,"","",""
2978185226617,PHASE_B,172305,14460,MERGE_PUBLISH,0,5,32,"","445","","4","","16","","1024",86,2302,2271,"{L0:1, L3:2, L4:1, L6:1, L7:1}","{L0:1, L4:2, L6:1, L7:1}",""
2978185226634,PHASE_B,172310,14460,MERGE_SUBMIT,60,5,32,"","","","","","","","",0,0,0,"{L0:1, L4:2, L6:1, L7:1}","{L0:1, L4:2, L6:1, L7:1}",""
2978185226735,PHASE_B,172317,14462,MERGE_START,0,5,32,"[414,445]","","[4,4]","","[16,16]","","[1024,1024]","",86,0,0,"{L0:1, L4:2, L6:1, L7:1}","{L0:1, L4:2, L6:1, L7:1}",""
2978185226838,PHASE_B,172321,14463,SEAL,0,6,32,"","446","","0","","1","","64",0,0,0,"{L0:1, L4:2, L6:1, L7:1}","{L0:2, L4:2, L6:1, L7:1}",""
2978185229361,PHASE_B,172633,14526,SEAL,0,7,32,"","448","","0","","1","","64",0,0,0,"{L0:2, L4:2, L6:1, L7:1}","{L0:3, L4:2, L6:1, L7:1}",""
2978185231220,PHASE_B,172904,14579,MERGE_DONE,0,0,0,"","447","","5","","32","","2048",86,4504,4504,"","",""
2978185231287,PHASE_B,172914,14581,MERGE_PUBLISH,0,6,32,"","447","","5","","32","","2048",86,4563,4551,"{L0:3, L4:2, L6:1, L7:1}","{L0:3, L5:1, L6:1, L7:1}",""
2978185231306,PHASE_B,172914,14581,MERGE_SUBMIT,53,6,32,"","","","","","","","",0,0,0,"{L0:3, L5:1, L6:1, L7:1}","{L0:3, L5:1, L6:1, L7:1}",""
2978185231420,PHASE_B,172925,14583,MERGE_START,0,6,32,"[444,446]","","[0,0]","","[1,1]","","[64,64]","",95,0,0,"{L0:3, L5:1, L6:1, L7:1}","{L0:3, L5:1, L6:1, L7:1}",""
2978185231735,PHASE_B,172962,14590,MERGE_DONE,0,0,0,"","449","","1","","2","","128",95,335,335,"","",""
2978185231757,PHASE_B,172963,14590,MERGE_PUBLISH,0,5,32,"","449","","1","","2","","128",95,351,350,"{L0:3, L5:1, L6:1, L7:1}","{L0:1, L1:1, L5:1, L6:1, L7:1}",""
2978185231868,PHASE_B,172963,14590,SEAL,0,6,32,"","450","","0","","1","","64",0,0,0,"{L0:1, L1:1, L5:1, L6:1, L7:1}","{L0:2, L1:1, L5:1, L6:1, L7:1}",""
2978185231880,PHASE_B,172963,14590,MERGE_SUBMIT,0,6,32,"","","","","","","","",0,0,0,"{L0:2, L1:1, L5:1, L6:1, L7:1}","{L0:2, L1:1, L5:1, L6:1, L7:1}",""
2978185231989,PHASE_B,172979,14595,MERGE_START,0,6,32,"[448,450]","","[0,0]","","[1,1]","","[64,64]","",86,0,0,"{L0:2, L1:1, L5:1, L6:1, L7:1}","{L0:2, L1:1, L5:1, L6:1, L7:1}",""
2978185232416,PHASE_B,173030,14607,MERGE_DONE,0,0,0,"","451","","1","","2","","128",86,446,445,"","",""
2978185232437,PHASE_B,173048,14607,MERGE_PUBLISH,0,5,32,"","451","","1","","2","","128",86,461,460,"{L0:2, L1:1, L5:1, L6:1, L7:1}","{L1:2, L5:1, L6:1, L7:1}",""
2978185232454,PHASE_B,173050,14607,MERGE_SUBMIT,15,5,32,"","","","","","","","",0,0,0,"{L1:2, L5:1, L6:1, L7:1}","{L1:2, L5:1, L6:1, L7:1}",""
2978185232516,PHASE_B,173051,14608,MERGE_START,0,5,32,"[449,451]","","[1,1]","","[2,2]","","[128,128]","",64,0,0,"{L1:2, L5:1, L6:1, L7:1}","{L1:2, L5:1, L6:1, L7:1}",""
2978185233042,PHASE_B,173123,14624,MERGE_DONE,0,0,0,"","452","","2","","4","","256",64,531,531,"","",""
2978185233056,PHASE_B,173125,14624,MERGE_PUBLISH,0,4,32,"","452","","2","","4","","256",64,541,541,"{L1:2, L5:1, L6:1, L7:1}","{L2:1, L5:1, L6:1, L7:1}",""
2978185234464,PHASE_B,173288,14655,SEAL,0,5,32,"","453","","0","","1","","64",0,0,0,"{L2:1, L5:1, L6:1, L7:1}","{L0:1, L2:1, L5:1, L6:1, L7:1}",""
2978185236752,PHASE_B,173602,14719,SEAL,0,6,32,"","454","","0","","1","","64",0,0,0,"{L0:1, L2:1, L5:1, L6:1, L7:1}","{L0:2, L2:1, L5:1, L6:1, L7:1}",""
2978185236764,PHASE_B,173602,14719,MERGE_SUBMIT,0,6,32,"","","","","","","","",0,0,0,"{L0:2, L2:1, L5:1, L6:1, L7:1}","{L0:2, L2:1, L5:1, L6:1, L7:1}",""
2978185236877,PHASE_B,173616,14722,MERGE_START,0,6,32,"[453,454]","","[0,0]","","[1,1]","","[64,64]","",90,0,0,"{L0:2, L2:1, L5:1, L6:1, L7:1}","{L0:2, L2:1, L5:1, L6:1, L7:1}",""
2978185237195,PHASE_B,173660,14732,MERGE_DONE,0,0,0,"","455","","1","","2","","128",90,337,337,"","",""
2978185237218,PHASE_B,173660,14732,MERGE_PUBLISH,0,5,32,"","455","","1","","2","","128",90,354,353,"{L0:2, L2:1, L5:1, L6:1, L7:1}","{L1:1, L2:1, L5:1, L6:1, L7:1}",""
2978185239310,PHASE_B,173917,14782,SEAL,0,6,32,"","456","","0","","1","","64",0,0,0,"{L1:1, L2:1, L5:1, L6:1, L7:1}","{L0:1, L1:1, L2:1, L5:1, L6:1, L7:1}",""
2978185241702,PHASE_B,174235,14845,SEAL,0,7,32,"","457","","0","","1","","64",0,0,0,"{L0:1, L1:1, L2:1, L5:1, L6:1, L7:1}","{L0:2, L1:1, L2:1, L5:1, L6:1, L7:1}",""
2978185241714,PHASE_B,174235,14845,MERGE_SUBMIT,0,7,32,"","","","","","","","",0,0,0,"{L0:2, L1:1, L2:1, L5:1, L6:1, L7:1}","{L0:2, L1:1, L2:1, L5:1, L6:1, L7:1}",""
2978185241832,PHASE_B,174252,14851,MERGE_START,0,7,32,"[456,457]","","[0,0]","","[1,1]","","[64,64]","",94,0,0,"{L0:2, L1:1, L2:1, L5:1, L6:1, L7:1}","{L0:2, L1:1, L2:1, L5:1, L6:1, L7:1}",""
2978185242122,PHASE_B,174296,14859,MERGE_DONE,0,0,0,"","458","","1","","2","","128",94,311,310,"","",""
2978185242164,PHASE_B,174296,14859,MERGE_PUBLISH,0,6,32,"","458","","1","","2","","128",94,345,344,"{L0:2, L1:1, L2:1, L5:1, L6:1, L7:1}","{L1:2, L2:1, L5:1, L6:1, L7:1}",""
2978185242183,PHASE_B,174296,14859,MERGE_SUBMIT,12,6,32,"","","","","","","","",0,0,0,"{L1:2, L2:1, L5:1, L6:1, L7:1}","{L1:2, L2:1, L5:1, L6:1, L7:1}",""
2978185242269,PHASE_B,174317,14862,MERGE_START,0,6,32,"[455,458]","","[1,1]","","[2,2]","","[128,128]","",85,0,0,"{L1:2, L2:1, L5:1, L6:1, L7:1}","{L1:2, L2:1, L5:1, L6:1, L7:1}",""
2978185242765,PHASE_B,174390,14876,MERGE_DONE,0,0,0,"","459","","2","","4","","256",85,501,501,"","",""
2978185242781,PHASE_B,174390,14876,MERGE_PUBLISH,0,5,32,"","459","","2","","4","","256",85,512,512,"{L1:2, L2:1, L5:1, L6:1, L7:1}","{L2:2, L5:1, L6:1, L7:1}",""
2978185242793,PHASE_B,174390,14876,MERGE_SUBMIT,28,5,32,"","","","","","","","",0,0,0,"{L2:2, L5:1, L6:1, L7:1}","{L2:2, L5:1, L6:1, L7:1}",""
2978185242899,PHASE_B,174398,14879,MERGE_START,0,5,32,"[452,459]","","[2,2]","","[4,4]","","[256,256]","",86,0,0,"{L2:2, L5:1, L6:1, L7:1}","{L2:2, L5:1, L6:1, L7:1}",""
2978185243989,PHASE_B,174532,14906,MERGE_DONE,0,0,0,"","460","","3","","8","","512",86,1109,1109,"","",""
2978185244020,PHASE_B,174535,14906,MERGE_PUBLISH,0,4,32,"","460","","3","","8","","512",86,1135,1134,"{L2:2, L5:1, L6:1, L7:1}","{L3:1, L5:1, L6:1, L7:1}",""
2978185244340,PHASE_B,174564,14911,SEAL,0,5,32,"","461","","0","","1","","64",0,0,0,"{L3:1, L5:1, L6:1, L7:1}","{L0:1, L3:1, L5:1, L6:1, L7:1}",""
2978185246725,PHASE_B,174890,14975,SEAL,0,6,32,"","462","","0","","1","","64",0,0,0,"{L0:1, L3:1, L5:1, L6:1, L7:1}","{L0:2, L3:1, L5:1, L6:1, L7:1}",""
2978185246737,PHASE_B,174890,14975,MERGE_SUBMIT,0,6,32,"","","","","","","","",0,0,0,"{L0:2, L3:1, L5:1, L6:1, L7:1}","{L0:2, L3:1, L5:1, L6:1, L7:1}",""
2978185246843,PHASE_B,174899,14977,MERGE_START,0,6,32,"[461,462]","","[0,0]","","[1,1]","","[64,64]","",83,0,0,"{L0:2, L3:1, L5:1, L6:1, L7:1}","{L0:2, L3:1, L5:1, L6:1, L7:1}",""
2978185247165,PHASE_B,174949,14989,MERGE_DONE,0,0,0,"","463","","1","","2","","128",83,341,340,"","",""
2978185247211,PHASE_B,174959,14991,MERGE_PUBLISH,0,5,32,"","463","","1","","2","","128",83,380,367,"{L0:2, L3:1, L5:1, L6:1, L7:1}","{L1:1, L3:1, L5:1, L6:1, L7:1}",""
2978185249036,PHASE_B,175200,15039,SEAL,0,6,32,"","464","","0","","1","","64",0,0,0,"{L1:1, L3:1, L5:1, L6:1, L7:1}","{L0:1, L1:1, L3:1, L5:1, L6:1, L7:1}",""
2978185251372,PHASE_B,175519,15103,SEAL,0,7,32,"","465","","0","","1","","64",0,0,0,"{L0:1, L1:1, L3:1, L5:1, L6:1, L7:1}","{L0:2, L1:1, L3:1, L5:1, L6:1, L7:1}",""
2978185251388,PHASE_B,175519,15103,MERGE_SUBMIT,0,7,32,"","","","","","","","",0,0,0,"{L0:2, L1:1, L3:1, L5:1, L6:1, L7:1}","{L0:2, L1:1, L3:1, L5:1, L6:1, L7:1}",""
2978185251497,PHASE_B,175544,15108,MERGE_START,0,7,32,"[464,465]","","[0,0]","","[1,1]","","[64,64]","",84,0,0,"{L0:2, L1:1, L3:1, L5:1, L6:1, L7:1}","{L0:2, L1:1, L3:1, L5:1, L6:1, L7:1}",""
2978185251784,PHASE_B,175590,15116,MERGE_DONE,0,0,0,"","466","","1","","2","","128",84,308,307,"","",""
2978185251805,PHASE_B,175590,15116,MERGE_PUBLISH,0,6,32,"","466","","1","","2","","128",84,323,322,"{L0:2, L1:1, L3:1, L5:1, L6:1, L7:1}","{L1:2, L3:1, L5:1, L6:1, L7:1}",""
2978185251826,PHASE_B,175590,15116,MERGE_SUBMIT,13,6,32,"","","","","","","","",0,0,0,"{L1:2, L3:1, L5:1, L6:1, L7:1}","{L1:2, L3:1, L5:1, L6:1, L7:1}",""
2978185251907,PHASE_B,175590,15116,MERGE_START,0,6,32,"[463,466]","","[1,1]","","[2,2]","","[128,128]","",81,0,0,"{L1:2, L3:1, L5:1, L6:1, L7:1}","{L1:2, L3:1, L5:1, L6:1, L7:1}",""
2978185252441,PHASE_B,175676,15134,MERGE_DONE,0,0,0,"","467","","2","","4","","256",81,539,539,"","",""
2978185252456,PHASE_B,175676,15134,MERGE_PUBLISH,0,5,32,"","467","","2","","4","","256",81,549,549,"{L1:2, L3:1, L5:1, L6:1, L7:1}","{L2:1, L3:1, L5:1, L6:1, L7:1}",""
2978185253870,PHASE_B,175835,15164,SEAL,0,6,32,"","468","","0","","1","","64",0,0,0,"{L2:1, L3:1, L5:1, L6:1, L7:1}","{L0:1, L2:1, L3:1, L5:1, L6:1, L7:1}",""
2978185256175,PHASE_B,176156,15231,SEAL,0,7,32,"","469","","0","","1","","64",0,0,0,"{L0:1, L2:1, L3:1, L5:1, L6:1, L7:1}","{L0:2, L2:1, L3:1, L5:1, L6:1, L7:1}",""
2978185256188,PHASE_B,176156,15231,MERGE_SUBMIT,0,7,32,"","","","","","","","",0,0,0,"{L0:2, L2:1, L3:1, L5:1, L6:1, L7:1}","{L0:2, L2:1, L3:1, L5:1, L6:1, L7:1}",""
2978185256303,PHASE_B,176184,15235,MERGE_START,0,7,32,"[468,469]","","[0,0]","","[1,1]","","[64,64]","",90,0,0,"{L0:2, L2:1, L3:1, L5:1, L6:1, L7:1}","{L0:2, L2:1, L3:1, L5:1, L6:1, L7:1}",""
2978185256622,PHASE_B,176222,15244,MERGE_DONE,0,0,0,"","470","","1","","2","","128",90,339,339,"","",""
2978185256645,PHASE_B,176222,15244,MERGE_PUBLISH,0,6,32,"","470","","1","","2","","128",90,356,355,"{L0:2, L2:1, L3:1, L5:1, L6:1, L7:1}","{L1:1, L2:1, L3:1, L5:1, L6:1, L7:1}",""
2978185258687,PHASE_B,176471,15293,SEAL,0,7,32,"","471","","0","","1","","64",0,0,0,"{L1:1, L2:1, L3:1, L5:1, L6:1, L7:1}","{L0:1, L1:1, L2:1, L3:1, L5:1, L6:1, L7:1}",""
2978185261010,PHASE_B,176798,15359,SEAL,0,8,32,"","472","","0","","1","","64",0,0,0,"{L0:1, L1:1, L2:1, L3:1, L5:1, L6:1, L7:1}","{L0:2, L1:1, L2:1, L3:1, L5:1, L6:1, L7:1}",""
2978185261023,PHASE_B,176798,15359,MERGE_SUBMIT,0,8,32,"","","","","","","","",0,0,0,"{L0:2, L1:1, L2:1, L3:1, L5:1, L6:1, L7:1}","{L0:2, L1:1, L2:1, L3:1, L5:1, L6:1, L7:1}",""
2978185261129,PHASE_B,176819,15362,MERGE_START,0,8,32,"[471,472]","","[0,0]","","[1,1]","","[64,64]","",80,0,0,"{L0:2, L1:1, L2:1, L3:1, L5:1, L6:1, L7:1}","{L0:2, L1:1, L2:1, L3:1, L5:1, L6:1, L7:1}",""
2978185261460,PHASE_B,176871,15373,MERGE_DONE,0,0,0,"","473","","1","","2","","128",80,354,353,"","",""
2978185261512,PHASE_B,176871,15373,MERGE_PUBLISH,0,7,32,"","473","","1","","2","","128",80,396,382,"{L0:2, L1:1, L2:1, L3:1, L5:1, L6:1, L7:1}","{L1:2, L2:1, L3:1, L5:1, L6:1, L7:1}",""
2978185261532,PHASE_B,176877,15375,MERGE_SUBMIT,14,7,32,"","","","","","","","",0,0,0,"{L1:2, L2:1, L3:1, L5:1, L6:1, L7:1}","{L1:2, L2:1, L3:1, L5:1, L6:1, L7:1}",""
2978185261599,PHASE_B,176879,15375,MERGE_START,0,7,32,"[470,473]","","[1,1]","","[2,2]","","[128,128]","",67,0,0,"{L1:2, L2:1, L3:1, L5:1, L6:1, L7:1}","{L1:2, L2:1, L3:1, L5:1, L6:1, L7:1}",""
2978185262120,PHASE_B,176957,15389,MERGE_DONE,0,0,0,"","474","","2","","4","","256",67,526,526,"","",""
2978185262137,PHASE_B,176957,15389,MERGE_PUBLISH,0,6,32,"","474","","2","","4","","256",67,537,537,"{L1:2, L2:1, L3:1, L5:1, L6:1, L7:1}","{L2:2, L3:1, L5:1, L6:1, L7:1}",""
2978185262150,PHASE_B,176957,15389,MERGE_SUBMIT,30,6,32,"","","","","","","","",0,0,0,"{L2:2, L3:1, L5:1, L6:1, L7:1}","{L2:2, L3:1, L5:1, L6:1, L7:1}",""
2978185262254,PHASE_B,176965,15393,MERGE_START,0,6,32,"[467,474]","","[2,2]","","[4,4]","","[256,256]","",84,0,0,"{L2:2, L3:1, L5:1, L6:1, L7:1}","{L2:2, L3:1, L5:1, L6:1, L7:1}",""
2978185263379,PHASE_B,177100,15418,MERGE_DONE,0,0,0,"","475","","3","","8","","512",84,1145,1145,"","",""
2978185263403,PHASE_B,177100,15418,MERGE_PUBLISH,0,5,32,"","475","","3","","8","","512",84,1164,1163,"{L2:2, L3:1, L5:1, L6:1, L7:1}","{L3:2, L5:1, L6:1, L7:1}",""
2978185263423,PHASE_B,177100,15418,MERGE_SUBMIT,60,5,32,"","","","","","","","",0,0,0,"{L3:2, L5:1, L6:1, L7:1}","{L3:2, L5:1, L6:1, L7:1}",""
2978185263549,PHASE_B,177117,15422,MERGE_START,0,5,32,"[460,475]","","[3,3]","","[8,8]","","[512,512]","",108,0,0,"{L3:2, L5:1, L6:1, L7:1}","{L3:2, L5:1, L6:1, L7:1}",""
2978185263651,PHASE_B,177121,15423,SEAL,0,6,32,"","476","","0","","1","","64",0,0,0,"{L3:2, L5:1, L6:1, L7:1}","{L0:1, L3:2, L5:1, L6:1, L7:1}",""
2978185265738,PHASE_B,177409,15481,MERGE_DONE,0,0,0,"","477","","4","","16","","1024",108,2208,2209,"","",""
2978185265761,PHASE_B,177413,15481,MERGE_PUBLISH,0,5,32,"","477","","4","","16","","1024",108,2225,2224,"{L0:1, L3:2, L5:1, L6:1, L7:1}","{L0:1, L4:1, L5:1, L6:1, L7:1}",""
2978185266134,PHASE_B,177435,15486,SEAL,0,6,32,"","478","","0","","1","","64",0,0,0,"{L0:1, L4:1, L5:1, L6:1, L7:1}","{L0:2, L4:1, L5:1, L6:1, L7:1}",""
2978185266147,PHASE_B,177435,15486,MERGE_SUBMIT,0,6,32,"","","","","","","","",0,0,0,"{L0:2, L4:1, L5:1, L6:1, L7:1}","{L0:2, L4:1, L5:1, L6:1, L7:1}",""
2978185266200,PHASE_B,177451,15489,MERGE_START,0,6,32,"[476,478]","","[0,0]","","[1,1]","","[64,64]","",30,0,0,"{L0:2, L4:1, L5:1, L6:1, L7:1}","{L0:2, L4:1, L5:1, L6:1, L7:1}",""
2978185266523,PHASE_B,177493,15497,MERGE_DONE,0,0,0,"","479","","1","","2","","128",30,343,342,"","",""
2978185266562,PHASE_B,177505,15500,MERGE_PUBLISH,0,5,32,"","479","","1","","2","","128",30,375,366,"{L0:2, L4:1, L5:1, L6:1, L7:1}","{L1:1, L4:1, L5:1, L6:1, L7:1}",""
2978185268588,PHASE_B,177756,15551,SEAL,0,6,32,"","480","","0","","1","","64",0,0,0,"{L1:1, L4:1, L5:1, L6:1, L7:1}","{L0:1, L1:1, L4:1, L5:1, L6:1, L7:1}",""
2978185270863,PHASE_B,178081,15614,SEAL,0,7,32,"","481","","0","","1","","64",0,0,0,"{L0:1, L1:1, L4:1, L5:1, L6:1, L7:1}","{L0:2, L1:1, L4:1, L5:1, L6:1, L7:1}",""
2978185270875,PHASE_B,178081,15614,MERGE_SUBMIT,0,7,32,"","","","","","","","",0,0,0,"{L0:2, L1:1, L4:1, L5:1, L6:1, L7:1}","{L0:2, L1:1, L4:1, L5:1, L6:1, L7:1}",""
2978185270986,PHASE_B,178103,15618,MERGE_START,0,7,32,"[480,481]","","[0,0]","","[1,1]","","[64,64]","",82,0,0,"{L0:2, L1:1, L4:1, L5:1, L6:1, L7:1}","{L0:2, L1:1, L4:1, L5:1, L6:1, L7:1}",""
2978185271338,PHASE_B,178148,15629,MERGE_DONE,0,0,0,"","482","","1","","2","","128",82,377,377,"","",""
2978185271383,PHASE_B,178148,15629,MERGE_PUBLISH,0,6,32,"","482","","1","","2","","128",82,416,415,"{L0:2, L1:1, L4:1, L5:1, L6:1, L7:1}","{L1:2, L4:1, L5:1, L6:1, L7:1}",""
2978185271402,PHASE_B,178150,15629,MERGE_SUBMIT,14,6,32,"","","","","","","","",0,0,0,"{L1:2, L4:1, L5:1, L6:1, L7:1}","{L1:2, L4:1, L5:1, L6:1, L7:1}",""
2978185271468,PHASE_B,178167,15632,MERGE_START,0,6,32,"[479,482]","","[1,1]","","[2,2]","","[128,128]","",66,0,0,"{L1:2, L4:1, L5:1, L6:1, L7:1}","{L1:2, L4:1, L5:1, L6:1, L7:1}",""
2978185271977,PHASE_B,178244,15646,MERGE_DONE,0,0,0,"","483","","2","","4","","256",66,514,514,"","",""
2978185271992,PHASE_B,178244,15646,MERGE_PUBLISH,0,5,32,"","483","","2","","4","","256",66,524,524,"{L1:2, L4:1, L5:1, L6:1, L7:1}","{L2:1, L4:1, L5:1, L6:1, L7:1}",""
2978185273457,PHASE_B,178403,15679,SEAL,0,6,32,"","484","","0","","1","","64",0,0,0,"{L2:1, L4:1, L5:1, L6:1, L7:1}","{L0:1, L2:1, L4:1, L5:1, L6:1, L7:1}",""
2978185275746,PHASE_B,178723,15743,SEAL,0,7,32,"","485","","0","","1","","64",0,0,0,"{L0:1, L2:1, L4:1, L5:1, L6:1, L7:1}","{L0:2, L2:1, L4:1, L5:1, L6:1, L7:1}",""
2978185275759,PHASE_B,178723,15743,MERGE_SUBMIT,0,7,32,"","","","","","","","",0,0,0,"{L0:2, L2:1, L4:1, L5:1, L6:1, L7:1}","{L0:2, L2:1, L4:1, L5:1, L6:1, L7:1}",""
2978185275873,PHASE_B,178748,15747,MERGE_START,0,7,32,"[484,485]","","[0,0]","","[1,1]","","[64,64]","",84,0,0,"{L0:2, L2:1, L4:1, L5:1, L6:1, L7:1}","{L0:2, L2:1, L4:1, L5:1, L6:1, L7:1}",""
2978185276262,PHASE_B,178798,15759,MERGE_DONE,0,0,0,"","486","","1","","2","","128",84,415,414,"","",""
2978185276284,PHASE_B,178798,15759,MERGE_PUBLISH,0,6,32,"","486","","1","","2","","128",84,431,429,"{L0:2, L2:1, L4:1, L5:1, L6:1, L7:1}","{L1:1, L2:1, L4:1, L5:1, L6:1, L7:1}",""
2978185278093,PHASE_B,179043,15807,SEAL,0,7,32,"","487","","0","","1","","64",0,0,0,"{L1:1, L2:1, L4:1, L5:1, L6:1, L7:1}","{L0:1, L1:1, L2:1, L4:1, L5:1, L6:1, L7:1}",""
2978185280405,PHASE_B,179355,15871,SEAL,0,8,32,"","488","","0","","1","","64",0,0,0,"{L0:1, L1:1, L2:1, L4:1, L5:1, L6:1, L7:1}","{L0:2, L1:1, L2:1, L4:1, L5:1, L6:1, L7:1}",""
2978185280419,PHASE_B,179355,15871,MERGE_SUBMIT,0,8,32,"","","","","","","","",0,0,0,"{L0:2, L1:1, L2:1, L4:1, L5:1, L6:1, L7:1}","{L0:2, L1:1, L2:1, L4:1, L5:1, L6:1, L7:1}",""
2978185280531,PHASE_B,179389,15876,MERGE_START,0,8,32,"[487,488]","","[0,0]","","[1,1]","","[64,64]","",86,0,0,"{L0:2, L1:1, L2:1, L4:1, L5:1, L6:1, L7:1}","{L0:2, L1:1, L2:1, L4:1, L5:1, L6:1, L7:1}",""
2978185280822,PHASE_B,179432,15886,MERGE_DONE,0,0,0,"","489","","1","","2","","128",86,314,314,"","",""
2978185280848,PHASE_B,179435,15886,MERGE_PUBLISH,0,7,32,"","489","","1","","2","","128",86,331,330,"{L0:2, L1:1, L2:1, L4:1, L5:1, L6:1, L7:1}","{L1:2, L2:1, L4:1, L5:1, L6:1, L7:1}",""
2978185280883,PHASE_B,179438,15887,MERGE_SUBMIT,14,7,32,"","","","","","","","",0,0,0,"{L1:2, L2:1, L4:1, L5:1, L6:1, L7:1}","{L1:2, L2:1, L4:1, L5:1, L6:1, L7:1}",""
2978185280998,PHASE_B,179454,15889,MERGE_START,0,7,32,"[486,489]","","[1,1]","","[2,2]","","[128,128]","",96,0,0,"{L1:2, L2:1, L4:1, L5:1, L6:1, L7:1}","{L1:2, L2:1, L4:1, L5:1, L6:1, L7:1}",""
2978185281676,PHASE_B,179546,15908,MERGE_DONE,0,0,0,"","490","","2","","4","","256",96,699,698,"","",""
2978185281699,PHASE_B,179547,15908,MERGE_PUBLISH,0,6,32,"","490","","2","","4","","256",96,714,713,"{L1:2, L2:1, L4:1, L5:1, L6:1, L7:1}","{L2:2, L4:1, L5:1, L6:1, L7:1}",""
2978185281717,PHASE_B,179547,15908,MERGE_SUBMIT,36,6,32,"","","","","","","","",0,0,0,"{L2:2, L4:1, L5:1, L6:1, L7:1}","{L2:2, L4:1, L5:1, L6:1, L7:1}",""
2978185281820,PHASE_B,179556,15911,MERGE_START,0,6,32,"[483,490]","","[2,2]","","[4,4]","","[256,256]","",89,0,0,"{L2:2, L4:1, L5:1, L6:1, L7:1}","{L2:2, L4:1, L5:1, L6:1, L7:1}",""
2978185282913,PHASE_B,179678,15935,MERGE_DONE,0,0,0,"","491","","3","","8","","512",89,1113,1113,"","",""
2978185282919,PHASE_B,179678,15935,SEAL,0,7,32,"","492","","0","","1","","64",0,0,0,"{L2:2, L4:1, L5:1, L6:1, L7:1}","{L0:1, L2:2, L4:1, L5:1, L6:1, L7:1}",""
2978185282973,PHASE_B,179678,15935,MERGE_PUBLISH,0,6,32,"","491","","3","","8","","512",89,1163,1141,"{L0:1, L2:2, L4:1, L5:1, L6:1, L7:1}","{L0:1, L3:1, L4:1, L5:1, L6:1, L7:1}",""
2978185285329,PHASE_B,179991,15997,SEAL,0,7,32,"","493","","0","","1","","64",0,0,0,"{L0:1, L3:1, L4:1, L5:1, L6:1, L7:1}","{L0:2, L3:1, L4:1, L5:1, L6:1, L7:1}",""
2978185285341,PHASE_B,179991,15997,MERGE_SUBMIT,0,7,32,"","","","","","","","",0,0,0,"{L0:2, L3:1, L4:1, L5:1, L6:1, L7:1}","{L0:2, L3:1, L4:1, L5:1, L6:1, L7:1}",""
2978185285457,PHASE_B,180017,16003,MERGE_START,0,7,32,"[492,493]","","[0,0]","","[1,1]","","[64,64]","",86,0,0,"{L0:2, L3:1, L4:1, L5:1, L6:1, L7:1}","{L0:2, L3:1, L4:1, L5:1, L6:1, L7:1}",""
2978185285762,PHASE_B,180061,16012,MERGE_DONE,0,0,0,"","494","","1","","2","","128",86,331,331,"","",""
2978185285785,PHASE_B,180061,16012,MERGE_PUBLISH,0,6,32,"","494","","1","","2","","128",86,347,346,"{L0:2, L3:1, L4:1, L5:1, L6:1, L7:1}","{L1:1, L3:1, L4:1, L5:1, L6:1, L7:1}",""
2978185287701,PHASE_B,180318,16062,SEAL,0,7,32,"","495","","0","","1","","64",0,0,0,"{L1:1, L3:1, L4:1, L5:1, L6:1, L7:1}","{L0:1, L1:1, L3:1, L4:1, L5:1, L6:1, L7:1}",""
2978185290052,PHASE_B,180641,16127,SEAL,0,8,32,"","496","","0","","1","","64",0,0,0,"{L0:1, L1:1, L3:1, L4:1, L5:1, L6:1, L7:1}","{L0:2, L1:1, L3:1, L4:1, L5:1, L6:1, L7:1}",""
2978185290065,PHASE_B,180641,16127,MERGE_SUBMIT,0,8,32,"","","","","","","","",0,0,0,"{L0:2, L1:1, L3:1, L4:1, L5:1, L6:1, L7:1}","{L0:2, L1:1, L3:1, L4:1, L5:1, L6:1, L7:1}",""
2978185290171,PHASE_B,180655,16130,MERGE_START,0,8,32,"[495,496]","","[0,0]","","[1,1]","","[64,64]","",81,0,0,"{L0:2, L1:1, L3:1, L4:1, L5:1, L6:1, L7:1}","{L0:2, L1:1, L3:1, L4:1, L5:1, L6:1, L7:1}",""
2978185290462,PHASE_B,180708,16141,MERGE_DONE,0,0,0,"","497","","1","","2","","128",81,314,313,"","",""
2978185290486,PHASE_B,180712,16141,MERGE_PUBLISH,0,7,32,"","497","","1","","2","","128",81,330,329,"{L0:2, L1:1, L3:1, L4:1, L5:1, L6:1, L7:1}","{L1:2, L3:1, L4:1, L5:1, L6:1, L7:1}",""
2978185290507,PHASE_B,180712,16141,MERGE_SUBMIT,13,7,32,"","","","","","","","",0,0,0,"{L1:2, L3:1, L4:1, L5:1, L6:1, L7:1}","{L1:2, L3:1, L4:1, L5:1, L6:1, L7:1}",""
2978185290620,PHASE_B,180723,16144,MERGE_START,0,7,32,"[494,497]","","[1,1]","","[2,2]","","[128,128]","",96,0,0,"{L1:2, L3:1, L4:1, L5:1, L6:1, L7:1}","{L1:2, L3:1, L4:1, L5:1, L6:1, L7:1}",""
2978185291222,PHASE_B,180811,16161,MERGE_DONE,0,0,0,"","498","","2","","4","","256",96,622,621,"","",""
2978185291245,PHASE_B,180811,16161,MERGE_PUBLISH,0,6,32,"","498","","2","","4","","256",96,638,637,"{L1:2, L3:1, L4:1, L5:1, L6:1, L7:1}","{L2:1, L3:1, L4:1, L5:1, L6:1, L7:1}",""
2978185292555,PHASE_B,180959,16191,SEAL,0,7,32,"","499","","0","","1","","64",0,0,0,"{L2:1, L3:1, L4:1, L5:1, L6:1, L7:1}","{L0:1, L2:1, L3:1, L4:1, L5:1, L6:1, L7:1}",""
2978185294867,PHASE_B,181281,16254,SEAL,0,8,32,"","500","","0","","1","","64",0,0,0,"{L0:1, L2:1, L3:1, L4:1, L5:1, L6:1, L7:1}","{L0:2, L2:1, L3:1, L4:1, L5:1, L6:1, L7:1}",""
2978185294883,PHASE_B,181281,16254,MERGE_SUBMIT,0,8,32,"","","","","","","","",0,0,0,"{L0:2, L2:1, L3:1, L4:1, L5:1, L6:1, L7:1}","{L0:2, L2:1, L3:1, L4:1, L5:1, L6:1, L7:1}",""
2978185294989,PHASE_B,181294,16258,MERGE_START,0,8,32,"[499,500]","","[0,0]","","[1,1]","","[64,64]","",81,0,0,"{L0:2, L2:1, L3:1, L4:1, L5:1, L6:1, L7:1}","{L0:2, L2:1, L3:1, L4:1, L5:1, L6:1, L7:1}",""
2978185295312,PHASE_B,181346,16270,MERGE_DONE,0,0,0,"","501","","1","","2","","128",81,345,344,"","",""
2978185295338,PHASE_B,181350,16270,MERGE_PUBLISH,0,7,32,"","501","","1","","2","","128",81,361,360,"{L0:2, L2:1, L3:1, L4:1, L5:1, L6:1, L7:1}","{L1:1, L2:1, L3:1, L4:1, L5:1, L6:1, L7:1}",""
2978185297223,PHASE_B,181586,16316,SEAL,0,8,32,"","502","","0","","1","","64",0,0,0,"{L1:1, L2:1, L3:1, L4:1, L5:1, L6:1, L7:1}","{L0:1, L1:1, L2:1, L3:1, L4:1, L5:1, L6:1, L7:1}",""
2978185299606,PHASE_B,181909,16382,SEAL,0,9,32,"","503","","0","","1","","64",0,0,0,"{L0:1, L1:1, L2:1, L3:1, L4:1, L5:1, L6:1, L7:1}","{L0:2, L1:1, L2:1, L3:1, L4:1, L5:1, L6:1, L7:1}",""
2978185299619,PHASE_B,181909,16382,MERGE_SUBMIT,0,9,32,"","","","","","","","",0,0,0,"{L0:2, L1:1, L2:1, L3:1, L4:1, L5:1, L6:1, L7:1}","{L0:2, L1:1, L2:1, L3:1, L4:1, L5:1, L6:1, L7:1}",""
2978185299735,PHASE_B,181937,16388,MERGE_START,0,9,32,"[502,503]","","[0,0]","","[1,1]","","[64,64]","",88,0,0,"{L0:2, L1:1, L2:1, L3:1, L4:1, L5:1, L6:1, L7:1}","{L0:2, L1:1, L2:1, L3:1, L4:1, L5:1, L6:1, L7:1}",""
2978185300072,PHASE_B,181991,16397,MERGE_DONE,0,0,0,"","504","","1","","2","","128",88,361,360,"","",""
2978185300122,PHASE_B,181991,16397,MERGE_PUBLISH,0,8,32,"","504","","1","","2","","128",88,400,389,"{L0:2, L1:1, L2:1, L3:1, L4:1, L5:1, L6:1, L7:1}","{L1:2, L2:1, L3:1, L4:1, L5:1, L6:1, L7:1}",""
2978185300144,PHASE_B,181991,16397,MERGE_SUBMIT,15,8,32,"","","","","","","","",0,0,0,"{L1:2, L2:1, L3:1, L4:1, L5:1, L6:1, L7:1}","{L1:2, L2:1, L3:1, L4:1, L5:1, L6:1, L7:1}",""
2978185300227,PHASE_B,182014,16401,MERGE_START,0,8,32,"[501,504]","","[1,1]","","[2,2]","","[128,128]","",83,0,0,"{L1:2, L2:1, L3:1, L4:1, L5:1, L6:1, L7:1}","{L1:2, L2:1, L3:1, L4:1, L5:1, L6:1, L7:1}",""
2978185300724,PHASE_B,182078,16415,MERGE_DONE,0,0,0,"","505","","2","","4","","256",83,504,504,"","",""
2978185300762,PHASE_B,182083,16416,MERGE_PUBLISH,0,7,32,"","505","","2","","4","","256",83,532,526,"{L1:2, L2:1, L3:1, L4:1, L5:1, L6:1, L7:1}","{L2:2, L3:1, L4:1, L5:1, L6:1, L7:1}",""
2978185300775,PHASE_B,182083,16416,MERGE_SUBMIT,32,7,32,"","","","","","","","",0,0,0,"{L2:2, L3:1, L4:1, L5:1, L6:1, L7:1}","{L2:2, L3:1, L4:1, L5:1, L6:1, L7:1}",""
2978185300884,PHASE_B,182096,16419,MERGE_START,0,7,32,"[498,505]","","[2,2]","","[4,4]","","[256,256]","",89,0,0,"{L2:2, L3:1, L4:1, L5:1, L6:1, L7:1}","{L2:2, L3:1, L4:1, L5:1, L6:1, L7:1}",""
2978185301952,PHASE_B,182215,16442,MERGE_DONE,0,0,0,"","506","","3","","8","","512",89,1089,1089,"","",""
2978185301994,PHASE_B,182224,16445,MERGE_PUBLISH,0,6,32,"","506","","3","","8","","512",89,1120,1119,"{L2:2, L3:1, L4:1, L5:1, L6:1, L7:1}","{L3:2, L4:1, L5:1, L6:1, L7:1}",""
2978185302020,PHASE_B,182230,16446,MERGE_SUBMIT,61,6,32,"","","","","","","","",0,0,0,"{L3:2, L4:1, L5:1, L6:1, L7:1}","{L3:2, L4:1, L5:1, L6:1, L7:1}",""
2978185302119,PHASE_B,182233,16447,MERGE_START,0,6,32,"[491,506]","","[3,3]","","[8,8]","","[512,512]","",85,0,0,"{L3:2, L4:1, L5:1, L6:1, L7:1}","{L3:2, L4:1, L5:1, L6:1, L7:1}",""
2978185302149,PHASE_B,182233,16447,SEAL,0,7,32,"","507","","0","","1","","64",0,0,0,"{L3:2, L4:1, L5:1, L6:1, L7:1}","{L0:1, L3:2, L4:1, L5:1, L6:1, L7:1}",""
2978185304330,PHASE_B,182542,16508,MERGE_DONE,0,0,0,"","508","","4","","16","","1024",85,2229,2229,"","",""
2978185304381,PHASE_B,182552,16509,MERGE_PUBLISH,0,6,32,"","508","","4","","16","","1024",85,2273,2258,"{L0:1, L3:2, L4:1, L5:1, L6:1, L7:1}","{L0:1, L4:2, L5:1, L6:1, L7:1}",""
2978185304401,PHASE_B,182552,16509,MERGE_SUBMIT,61,6,32,"","","","","","","","",0,0,0,"{L0:1, L4:2, L5:1, L6:1, L7:1}","{L0:1, L4:2, L5:1, L6:1, L7:1}",""
2978185304516,PHASE_B,182558,16511,MERGE_START,0,6,32,"[477,508]","","[4,4]","","[16,16]","","[1024,1024]","",97,0,0,"{L0:1, L4:2, L5:1, L6:1, L7:1}","{L0:1, L4:2, L5:1, L6:1, L7:1}",""
2978185304576,PHASE_B,182558,16511,SEAL,0,7,32,"","509","","0","","1","","64",0,0,0,"{L0:1, L4:2, L5:1, L6:1, L7:1}","{L0:2, L4:2, L5:1, L6:1, L7:1}",""
2978185307060,PHASE_B,182883,16575,SEAL,0,8,32,"","511","","0","","1","","64",0,0,0,"{L0:2, L4:2, L5:1, L6:1, L7:1}","{L0:3, L4:2, L5:1, L6:1, L7:1}",""
2978185309031,PHASE_B,183162,16632,MERGE_DONE,0,0,0,"","510","","5","","32","","2048",97,4533,4533,"","",""
2978185309057,PHASE_B,183163,16632,MERGE_PUBLISH,0,7,32,"","510","","5","","32","","2048",97,4553,4552,"{L0:3, L4:2, L5:1, L6:1, L7:1}","{L0:3, L5:2, L6:1, L7:1}",""
2978185309076,PHASE_B,183163,16632,MERGE_SUBMIT,56,7,32,"","","","","","","","",0,0,0,"{L0:3, L5:2, L6:1, L7:1}","{L0:3, L5:2, L6:1, L7:1}",""
2978185309188,PHASE_B,183170,16633,MERGE_START,0,7,32,"[507,509]","","[0,0]","","[1,1]","","[64,64]","",94,0,0,"{L0:3, L5:2, L6:1, L7:1}","{L0:3, L5:2, L6:1, L7:1}",""
2978185309440,PHASE_B,183198,16638,SEAL,0,8,32,"","512","","0","","1","","64",0,0,0,"{L0:3, L5:2, L6:1, L7:1}","{L0:4, L5:2, L6:1, L7:1}",""
2978185309923,PHASE_B,183275,16653,MERGE_DONE,0,0,0,"","513","","1","","2","","128",94,754,742,"","",""
2978185309943,PHASE_B,183275,16653,MERGE_PUBLISH,0,7,32,"","513","","1","","2","","128",94,769,756,"{L0:4, L5:2, L6:1, L7:1}","{L0:2, L1:1, L5:2, L6:1, L7:1}",""
2978185309976,PHASE_B,183275,16653,MERGE_SUBMIT,14,7,32,"","","","","","","","",0,0,0,"{L0:2, L1:1, L5:2, L6:1, L7:1}","{L0:2, L1:1, L5:2, L6:1, L7:1}",""
2978185310044,PHASE_B,183287,16656,MERGE_START,0,7,32,"[511,512]","","[0,0]","","[1,1]","","[64,64]","",66,0,0,"{L0:2, L1:1, L5:2, L6:1, L7:1}","{L0:2, L1:1, L5:2, L6:1, L7:1}",""
2978185310297,PHASE_B,183313,16662,MERGE_DONE,0,0,0,"","514","","1","","2","","128",66,260,260,"","",""
2978185310313,PHASE_B,183313,16662,MERGE_PUBLISH,0,6,32,"","514","","1","","2","","128",66,270,270,"{L0:2, L1:1, L5:2, L6:1, L7:1}","{L1:2, L5:2, L6:1, L7:1}",""
2978185310325,PHASE_B,183313,16662,MERGE_SUBMIT,23,6,32,"","","","","","","","",0,0,0,"{L1:2, L5:2, L6:1, L7:1}","{L1:2, L5:2, L6:1, L7:1}",""
2978185310345,PHASE_B,183325,16664,MERGE_START,0,6,32,"[513,514]","","[1,1]","","[2,2]","","[128,128]","",12,0,0,"{L1:2, L5:2, L6:1, L7:1}","{L1:2, L5:2, L6:1, L7:1}",""
2978185310852,PHASE_B,183391,16677,MERGE_DONE,0,0,0,"","515","","2","","4","","256",12,517,516,"","",""
2978185310872,PHASE_B,183393,16677,MERGE_PUBLISH,0,5,32,"","515","","2","","4","","256",12,532,531,"{L1:2, L5:2, L6:1, L7:1}","{L2:1, L5:2, L6:1, L7:1}",""
2978185310898,PHASE_B,183393,16677,MERGE_SUBMIT,37,5,32,"","","","","","","","",0,0,0,"{L2:1, L5:2, L6:1, L7:1}","{L2:1, L5:2, L6:1, L7:1}",""
2978185310938,PHASE_B,183393,16677,MERGE_START,0,5,32,"[447,510]","","[5,5]","","[32,32]","","[2048,2048]","",21,0,0,"{L2:1, L5:2, L6:1, L7:1}","{L2:1, L5:2, L6:1, L7:1}",""
2978185312080,PHASE_B,183520,16703,SEAL,0,6,32,"","516","","0","","1","","64",0,0,0,"{L2:1, L5:2, L6:1, L7:1}","{L0:1, L2:1, L5:2, L6:1, L7:1}",""
2978185314402,PHASE_B,183842,16767,SEAL,0,7,32,"","518","","0","","1","","64",0,0,0,"{L0:1, L2:1, L5:2, L6:1, L7:1}","{L0:2, L2:1, L5:2, L6:1, L7:1}",""
2978185316814,PHASE_B,184162,16830,SEAL,0,8,32,"","519","","0","","1","","64",0,0,0,"{L0:2, L2:1, L5:2, L6:1, L7:1}","{L0:3, L2:1, L5:2, L6:1, L7:1}",""
2978185319135,PHASE_B,184490,16895,SEAL,0,9,32,"","520","","0","","1","","64",0,0,0,"{L0:3, L2:1, L5:2, L6:1, L7:1}","{L0:4, L2:1, L5:2, L6:1, L7:1}",""
2978185320686,PHASE_B,184718,16943,MERGE_DONE,0,0,0,"","517","","6","","64","","4096",21,9766,9766,"","",""
2978185320710,PHASE_B,184721,16943,MERGE_PUBLISH,0,8,32,"","517","","6","","64","","4096",21,9784,9783,"{L0:4, L2:1, L5:2, L6:1, L7:1}","{L0:4, L2:1, L6:2, L7:1}",""
2978185320731,PHASE_B,184721,16943,MERGE_SUBMIT,47,8,32,"","","","","","","","",0,0,0,"{L0:4, L2:1, L6:2, L7:1}","{L0:4, L2:1, L6:2, L7:1}",""
2978185320845,PHASE_B,184730,16944,MERGE_START,0,8,32,"[516,518]","","[0,0]","","[1,1]","","[64,64]","",95,0,0,"{L0:4, L2:1, L6:2, L7:1}","{L0:4, L2:1, L6:2, L7:1}",""
2978185321150,PHASE_B,184759,16950,MERGE_DONE,0,0,0,"","521","","1","","2","","128",95,326,325,"","",""
2978185321172,PHASE_B,184759,16950,MERGE_PUBLISH,0,7,32,"","521","","1","","2","","128",95,342,341,"{L0:4, L2:1, L6:2, L7:1}","{L0:2, L1:1, L2:1, L6:2, L7:1}",""
2978185321193,PHASE_B,184759,16950,MERGE_SUBMIT,57,7,32,"","","","","","","","",0,0,0,"{L0:2, L1:1, L2:1, L6:2, L7:1}","{L0:2, L1:1, L2:1, L6:2, L7:1}",""
2978185321296,PHASE_B,184779,16954,MERGE_START,0,7,32,"[519,520]","","[0,0]","","[1,1]","","[64,64]","",85,0,0,"{L0:2, L1:1, L2:1, L6:2, L7:1}","{L0:2, L1:1, L2:1, L6:2, L7:1}",""
2978185321560,PHASE_B,184808,16959,SEAL,0,8,32,"","523","","0","","1","","64",0,0,0,"{L0:2, L1:1, L2:1, L6:2, L7:1}","{L0:3, L1:1, L2:1, L6:2, L7:1}",""
2978185321627,PHASE_B,184809,16960,MERGE_DONE,0,0,0,"","522","","1","","2","","128",85,352,351,"","",""
2978185321649,PHASE_B,184809,16960,MERGE_PUBLISH,0,7,32,"","522","","1","","2","","128",85,367,366,"{L0:3, L1:1, L2:1, L6:2, L7:1}","{L0:1, L1:2, L2:1, L6:2, L7:1}",""
2978185321670,PHASE_B,184809,16960,MERGE_SUBMIT,2,7,32,"","","","","","","","",0,0,0,"{L0:1, L1:2, L2:1, L6:2, L7:1}","{L0:1, L1:2, L2:1, L6:2, L7:1}",""
2978185321777,PHASE_B,184829,16965,MERGE_START,0,7,32,"[521,522]","","[1,1]","","[2,2]","","[128,128]","",89,0,0,"{L0:1, L1:2, L2:1, L6:2, L7:1}","{L0:1, L1:2, L2:1, L6:2, L7:1}",""
2978185322967,PHASE_B,184994,16998,MERGE_DONE,0,0,0,"","524","","2","","4","","256",89,1208,1132,"","",""
2978185323019,PHASE_B,185009,17000,MERGE_PUBLISH,0,6,32,"","524","","2","","4","","256",89,1244,1156,"{L0:1, L1:2, L2:1, L6:2, L7:1}","{L0:1, L2:2, L6:2, L7:1}",""
2978185323038,PHASE_B,185009,17000,MERGE_SUBMIT,40,6,32,"","","","","","","","",0,0,0,"{L0:1, L2:2, L6:2, L7:1}","{L0:1, L2:2, L6:2, L7:1}",""
2978185323139,PHASE_B,185013,17001,MERGE_START,0,6,32,"[515,524]","","[2,2]","","[4,4]","","[256,256]","",84,0,0,"{L0:1, L2:2, L6:2, L7:1}","{L0:1, L2:2, L6:2, L7:1}",""
2978185324074,PHASE_B,185116,17023,SEAL,0,7,32,"","526","","0","","1","","64",0,0,0,"{L0:1, L2:2, L6:2, L7:1}","{L0:2, L2:2, L6:2, L7:1}",""
2978185324252,PHASE_B,185152,17029,MERGE_DONE,0,0,0,"","525","","3","","8","","512",84,1132,1131,"","",""
2978185324272,PHASE_B,185152,17029,MERGE_PUBLISH,0,6,32,"","525","","3","","8","","512",84,1147,1146,"{L0:2, L2:2, L6:2, L7:1}","{L0:2, L3:1, L6:2, L7:1}",""
2978185324307,PHASE_B,185152,17029,MERGE_SUBMIT,5,6,32,"","","","","","","","",0,0,0,"{L0:2, L3:1, L6:2, L7:1}","{L0:2, L3:1, L6:2, L7:1}",""
2978185324443,PHASE_B,185167,17032,MERGE_START,0,6,32,"[523,526]","","[0,0]","","[1,1]","","[64,64]","",119,0,0,"{L0:2, L3:1, L6:2, L7:1}","{L0:2, L3:1, L6:2, L7:1}",""
2978185324756,PHASE_B,185219,17042,MERGE_DONE,0,0,0,"","527","","1","","2","","128",119,332,332,"","",""
2978185324776,PHASE_B,185221,17042,MERGE_PUBLISH,0,5,32,"","527","","1","","2","","128",119,347,346,"{L0:2, L3:1, L6:2, L7:1}","{L1:1, L3:1, L6:2, L7:1}",""
2978185324796,PHASE_B,185221,17042,MERGE_SUBMIT,18,5,32,"","","","","","","","",0,0,0,"{L1:1, L3:1, L6:2, L7:1}","{L1:1, L3:1, L6:2, L7:1}",""
2978185324898,PHASE_B,185225,17044,MERGE_START,0,5,32,"[390,517]","","[6,6]","","[64,64]","","[4096,4096]","",85,0,0,"{L1:1, L3:1, L6:2, L7:1}","{L1:1, L3:1, L6:2, L7:1}",""
2978185326684,PHASE_B,185433,17085,SEAL,0,6,32,"","528","","0","","1","","64",0,0,0,"{L1:1, L3:1, L6:2, L7:1}","{L0:1, L1:1, L3:1, L6:2, L7:1}",""
2978185328967,PHASE_B,185756,17150,SEAL,0,7,32,"","530","","0","","1","","64",0,0,0,"{L0:1, L1:1, L3:1, L6:2, L7:1}","{L0:2, L1:1, L3:1, L6:2, L7:1}",""
2978185331301,PHASE_B,186086,17215,SEAL,0,8,32,"","531","","0","","1","","64",0,0,0,"{L0:2, L1:1, L3:1, L6:2, L7:1}","{L0:3, L1:1, L3:1, L6:2, L7:1}",""
2978185333624,PHASE_B,186403,17279,SEAL,0,9,32,"","532","","0","","1","","64",0,0,0,"{L0:3, L1:1, L3:1, L6:2, L7:1}","{L0:4, L1:1, L3:1, L6:2, L7:1}",""
2978185335925,PHASE_B,186721,17343,SEAL,0,10,32,"","533","","0","","1","","64",0,0,0,"{L0:4, L1:1, L3:1, L6:2, L7:1}","{L0:5, L1:1, L3:1, L6:2, L7:1}",""
2978185338324,PHASE_B,187032,17407,SEAL,0,11,32,"","534","","0","","1","","64",0,0,0,"{L0:5, L1:1, L3:1, L6:2, L7:1}","{L0:6, L1:1, L3:1, L6:2, L7:1}",""
2978185340831,PHASE_B,187357,17469,SEAL,0,12,32,"","535","","0","","1","","64",0,0,0,"{L0:6, L1:1, L3:1, L6:2, L7:1}","{L0:7, L1:1, L3:1, L6:2, L7:1}",""
2978185343358,PHASE_B,187679,17534,SEAL,0,13,32,"","536","","0","","1","","64",0,0,0,"{L0:7, L1:1, L3:1, L6:2, L7:1}","{L0:8, L1:1, L3:1, L6:2, L7:1}",""
2978185345832,PHASE_B,187995,17598,SEAL,0,14,32,"","537","","0","","1","","64",0,0,0,"{L0:8, L1:1, L3:1, L6:2, L7:1}","{L0:9, L1:1, L3:1, L6:2, L7:1}",""
2978185348372,PHASE_B,188314,17662,SEAL,0,15,32,"","538","","0","","1","","64",0,0,0,"{L0:9, L1:1, L3:1, L6:2, L7:1}","{L0:10, L1:1, L3:1, L6:2, L7:1}",""
2978185349016,PHASE_B,188420,17683,MERGE_DONE,0,0,0,"","529","","7","","128","","8192",85,24136,24137,"","",""
2978185349050,PHASE_B,188424,17683,MERGE_PUBLISH,0,14,32,"","529","","7","","128","","8192",85,24162,24163,"{L0:10, L1:1, L3:1, L6:2, L7:1}","{L0:10, L1:1, L3:1, L7:2}",""
2978185349073,PHASE_B,188424,17683,MERGE_SUBMIT,19,14,32,"","","","","","","","",0,0,0,"{L0:10, L1:1, L3:1, L7:2}","{L0:10, L1:1, L3:1, L7:2}",""
2978185349180,PHASE_B,188430,17686,MERGE_START,0,14,32,"[528,530]","","[0,0]","","[1,1]","","[64,64]","",86,0,0,"{L0:10, L1:1, L3:1, L7:2}","{L0:10, L1:1, L3:1, L7:2}",""
2978185349550,PHASE_B,188492,17697,MERGE_DONE,0,0,0,"","539","","1","","2","","128",86,394,393,"","",""
2978185349571,PHASE_B,188495,17697,MERGE_PUBLISH,0,13,32,"","539","","1","","2","","128",86,409,408,"{L0:10, L1:1, L3:1, L7:2}","{L0:8, L1:2, L3:1, L7:2}",""
2978185349593,PHASE_B,188495,17697,MERGE_SUBMIT,33,13,32,"","","","","","","","",0,0,0,"{L0:8, L1:2, L3:1, L7:2}","{L0:8, L1:2, L3:1, L7:2}",""
2978185349669,PHASE_B,188503,17699,MERGE_START,0,13,32,"[531,532]","","[0,0]","","[1,1]","","[64,64]","",74,0,0,"{L0:8, L1:2, L3:1, L7:2}","{L0:8, L1:2, L3:1, L7:2}",""
2978185349926,PHASE_B,188529,17705,MERGE_DONE,0,0,0,"","540","","1","","2","","128",74,264,264,"","",""
2978185350021,PHASE_B,188538,17707,MERGE_PUBLISH,0,12,32,"","540","","1","","2","","128",74,335,301,"{L0:8, L1:2, L3:1, L7:2}","{L0:6, L1:3, L3:1, L7:2}",""
2978185350058,PHASE_B,188538,17707,MERGE_SUBMIT,43,12,32,"","","","","","","","",0,0,0,"{L0:6, L1:3, L3:1, L7:2}","{L0:6, L1:3, L3:1, L7:2}",""
2978185350129,PHASE_B,188548,17708,MERGE_START,0,12,32,"[533,534]","","[0,0]","","[1,1]","","[64,64]","",67,0,0,"{L0:6, L1:3, L3:1, L7:2}","{L0:6, L1:3, L3:1, L7:2}",""
2978185350379,PHASE_B,188577,17714,MERGE_DONE,0,0,0,"","541","","1","","2","","128",67,257,257,"","",""
2978185350429,PHASE_B,188577,17714,MERGE_PUBLISH,0,11,32,"","541","","1","","2","","128",67,301,279,"{L0:6, L1:3, L3:1, L7:2}","{L0:4, L1:4, L3:1, L7:2}",""
2978185350443,PHASE_B,188577,17714,MERGE_SUBMIT,51,11,32,"","","","","","","","",0,0,0,"{L0:4, L1:4, L3:1, L7:2}","{L0:4, L1:4, L3:1, L7:2}",""
2978185350484,PHASE_B,188577,17714,MERGE_START,0,11,32,"[535,536]","","[0,0]","","[1,1]","","[64,64]","",20,0,0,"{L0:4, L1:4, L3:1, L7:2}","{L0:4, L1:4, L3:1, L7:2}",""
2978185350992,PHASE_B,188639,17726,MERGE_DONE,0,0,0,"","542","","1","","2","","128",20,528,322,"","",""
2978185351032,PHASE_B,188639,17726,MERGE_PUBLISH,0,10,32,"","542","","1","","2","","128",20,563,356,"{L0:4, L1:4, L3:1, L7:2}","{L0:2, L1:5, L3:1, L7:2}",""
2978185351067,PHASE_B,188639,17726,MERGE_SUBMIT,63,10,32,"","","","","","","","",0,0,0,"{L0:2, L1:5, L3:1, L7:2}","{L0:2, L1:5, L3:1, L7:2}",""
2978185351107,PHASE_B,188639,17726,MERGE_START,0,10,32,"[537,538]","","[0,0]","","[1,1]","","[64,64]","",22,0,0,"{L0:2, L1:5, L3:1, L7:2}","{L0:2, L1:5, L3:1, L7:2}",""
2978185351147,PHASE_B,188639,17726,SEAL,0,11,32,"","543","","0","","1","","64",0,0,0,"{L0:2, L1:5, L3:1, L7:2}","{L0:3, L1:5, L3:1, L7:2}",""
2978185351381,PHASE_B,188676,17733,MERGE_DONE,0,0,0,"","544","","1","","2","","128",22,294,294,"","",""
2978185351401,PHASE_B,188676,17733,MERGE_PUBLISH,0,10,32,"","544","","1","","2","","128",22,310,308,"{L0:3, L1:5, L3:1, L7:2}","{L0:1, L1:6, L3:1, L7:2}",""
2978185351420,PHASE_B,188682,17736,MERGE_SUBMIT,7,10,32,"","","","","","","","",0,0,0,"{L0:1, L1:6, L3:1, L7:2}","{L0:1, L1:6, L3:1, L7:2}",""
2978185351443,PHASE_B,188687,17736,MERGE_START,0,10,32,"[527,539]","","[1,1]","","[2,2]","","[128,128]","",20,0,0,"{L0:1, L1:6, L3:1, L7:2}","{L0:1, L1:6, L3:1, L7:2}",""
2978185351944,PHASE_B,188752,17750,MERGE_DONE,0,0,0,"","545","","2","","4","","256",20,512,512,"","",""
2978185351961,PHASE_B,188754,17750,MERGE_PUBLISH,0,9,32,"","545","","2","","4","","256",20,522,523,"{L0:1, L1:6, L3:1, L7:2}","{L0:1, L1:4, L2:1, L3:1, L7:2}",""
2978185351984,PHASE_B,188756,17750,MERGE_SUBMIT,22,9,32,"","","","","","","","",0,0,0,"{L0:1, L1:4, L2:1, L3:1, L7:2}","{L0:1, L1:4, L2:1, L3:1, L7:2}",""
2978185352022,PHASE_B,188756,17750,MERGE_START,0,9,32,"[540,541]","","[1,1]","","[2,2]","","[128,128]","",18,0,0,"{L0:1, L1:4, L2:1, L3:1, L7:2}","{L0:1, L1:4, L2:1, L3:1, L7:2}",""
2978185352526,PHASE_B,188819,17763,MERGE_DONE,0,0,0,"","546","","2","","4","","256",18,526,526,"","",""
2978185352544,PHASE_B,188819,17763,MERGE_PUBLISH,0,8,32,"","546","","2","","4","","256",18,538,537,"{L0:1, L1:4, L2:1, L3:1, L7:2}","{L0:1, L1:2, L2:2, L3:1, L7:2}",""
2978185352559,PHASE_B,188819,17763,MERGE_SUBMIT,37,8,32,"","","","","","","","",0,0,0,"{L0:1, L1:2, L2:2, L3:1, L7:2}","{L0:1, L1:2, L2:2, L3:1, L7:2}",""
2978185352584,PHASE_B,188829,17766,MERGE_START,0,8,32,"[542,544]","","[1,1]","","[2,2]","","[128,128]","",17,0,0,"{L0:1, L1:2, L2:2, L3:1, L7:2}","{L0:1, L1:2, L2:2, L3:1, L7:2}",""
2978185353158,PHASE_B,188892,17776,MERGE_DONE,0,0,0,"","547","","2","","4","","256",17,584,584,"","",""
2978185353200,PHASE_B,188892,17776,MERGE_PUBLISH,0,7,32,"","547","","2","","4","","256",17,619,607,"{L0:1, L1:2, L2:2, L3:1, L7:2}","{L0:1, L2:3, L3:1, L7:2}",""
2978185353230,PHASE_B,188892,17776,MERGE_SUBMIT,52,7,32,"","","","","","","","",0,0,0,"{L0:1, L2:3, L3:1, L7:2}","{L0:1, L2:3, L3:1, L7:2}",""
2978185353358,PHASE_B,188920,17783,MERGE_START,0,7,32,"[545,546]","","[2,2]","","[4,4]","","[256,256]","",109,0,0,"{L0:1, L2:3, L3:1, L7:2}","{L0:1, L2:3, L3:1, L7:2}",""
2978185353812,PHASE_B,188961,17791,SEAL,0,8,32,"","549","","0","","1","","64",0,0,0,"{L0:1, L2:3, L3:1, L7:2}","{L0:2, L2:3, L3:1, L7:2}",""
2978185354525,PHASE_B,189069,17812,MERGE_DONE,0,0,0,"","548","","3","","8","","512",109,1186,1186,"","",""
2978185354545,PHASE_B,189069,17812,MERGE_PUBLISH,0,7,32,"","548","","3","","8","","512",109,1202,1201,"{L0:2, L2:3, L3:1, L7:2}","{L0:2, L2:1, L3:2, L7:2}",""
2978185354564,PHASE_B,189072,17814,MERGE_SUBMIT,21,7,32,"","","","","","","","",0,0,0,"{L0:2, L2:1, L3:2, L7:2}","{L0:2, L2:1, L3:2, L7:2}",""
2978185354668,PHASE_B,189091,17816,MERGE_START,0,7,32,"[543,549]","","[0,0]","","[1,1]","","[64,64]","",86,0,0,"{L0:2, L2:1, L3:2, L7:2}","{L0:2, L2:1, L3:2, L7:2}",""
2978185354956,PHASE_B,189127,17824,MERGE_DONE,0,0,0,"","550","","1","","2","","128",86,308,308,"","",""
2978185355000,PHASE_B,189127,17824,MERGE_PUBLISH,0,6,32,"","550","","1","","2","","128",86,346,334,"{L0:2, L2:1, L3:2, L7:2}","{L1:1, L2:1, L3:2, L7:2}",""
2978185355046,PHASE_B,189127,17824,MERGE_SUBMIT,33,6,32,"","","","","","","","",0,0,0,"{L1:1, L2:1, L3:2, L7:2}","{L1:1, L2:1, L3:2, L7:2}",""
2978185355123,PHASE_B,189135,17826,MERGE_START,0,6,32,"[525,548]","","[3,3]","","[8,8]","","[512,512]","",77,0,0,"{L1:1, L2:1, L3:2, L7:2}","{L1:1, L2:1, L3:2, L7:2}",""
2978185356366,PHASE_B,189274,17853,SEAL,0,7,32,"","552","","0","","1","","64",0,0,0,"{L1:1, L2:1, L3:2, L7:2}","{L0:1, L1:1, L2:1, L3:2, L7:2}",""
2978185357273,PHASE_B,189417,17883,MERGE_DONE,0,0,0,"","551","","4","","16","","1024",77,2154,2154,"","",""
2978185357291,PHASE_B,189417,17883,MERGE_PUBLISH,0,6,32,"","551","","4","","16","","1024",77,2167,2167,"{L0:1, L1:1, L2:1, L3:2, L7:2}","{L0:1, L1:1, L2:1, L4:1, L7:2}",""
2978185357306,PHASE_B,189417,17883,MERGE_SUBMIT,27,6,32,"","","","","","","","",0,0,0,"{L0:1, L1:1, L2:1, L4:1, L7:2}","{L0:1, L1:1, L2:1, L4:1, L7:2}",""
2978185357413,PHASE_B,189436,17886,MERGE_START,0,6,32,"[275,529]","","[7,7]","","[128,128]","","[8192,8192]","",88,0,0,"{L0:1, L1:1, L2:1, L4:1, L7:2}","{L0:1, L1:1, L2:1, L4:1, L7:2}",""
2978185358880,PHASE_B,189602,17919,SEAL,0,7,32,"","553","","0","","1","","64",0,0,0,"{L0:1, L1:1, L2:1, L4:1, L7:2}","{L0:2, L1:1, L2:1, L4:1, L7:2}",""
2978185361393,PHASE_B,189913,17981,SEAL,0,8,32,"","554","","0","","1","","64",0,0,0,"{L0:2, L1:1, L2:1, L4:1, L7:2}","{L0:3, L1:1, L2:1, L4:1, L7:2}",""
2978185363884,PHASE_B,190237,18046,SEAL,0,9,32,"","556","","0","","1","","64",0,0,0,"{L0:3, L1:1, L2:1, L4:1, L7:2}","{L0:4, L1:1, L2:1, L4:1, L7:2}",""
2978185366324,PHASE_B,190565,18111,SEAL,0,10,32,"","557","","0","","1","","64",0,0,0,"{L0:4, L1:1, L2:1, L4:1, L7:2}","{L0:5, L1:1, L2:1, L4:1, L7:2}",""
2978185368677,PHASE_B,190869,18173,SEAL,0,11,32,"","558","","0","","1","","64",0,0,0,"{L0:5, L1:1, L2:1, L4:1, L7:2}","{L0:6, L1:1, L2:1, L4:1, L7:2}",""
2978185371148,PHASE_B,191193,18236,SEAL,0,12,32,"","559","","0","","1","","64",0,0,0,"{L0:6, L1:1, L2:1, L4:1, L7:2}","{L0:7, L1:1, L2:1, L4:1, L7:2}",""
2978185373631,PHASE_B,191524,18303,SEAL,0,13,32,"","560","","0","","1","","64",0,0,0,"{L0:7, L1:1, L2:1, L4:1, L7:2}","{L0:8, L1:1, L2:1, L4:1, L7:2}",""
2978185375976,PHASE_B,191831,18364,SEAL,0,14,32,"","561","","0","","1","","64",0,0,0,"{L0:8, L1:1, L2:1, L4:1, L7:2}","{L0:9, L1:1, L2:1, L4:1, L7:2}",""
2978185378387,PHASE_B,192158,18431,SEAL,0,15,32,"","562","","0","","1","","64",0,0,0,"{L0:9, L1:1, L2:1, L4:1, L7:2}","{L0:10, L1:1, L2:1, L4:1, L7:2}",""
2978185380878,PHASE_B,192483,18494,SEAL,0,16,32,"","563","","0","","1","","64",0,0,0,"{L0:10, L1:1, L2:1, L4:1, L7:2}","{L0:11, L1:1, L2:1, L4:1, L7:2}",""
2978185383411,PHASE_B,192804,18559,SEAL,0,17,32,"","564","","0","","1","","64",0,0,0,"{L0:11, L1:1, L2:1, L4:1, L7:2}","{L0:12, L1:1, L2:1, L4:1, L7:2}",""
2978185385897,PHASE_B,193121,18622,SEAL,0,18,32,"","565","","0","","1","","64",0,0,0,"{L0:12, L1:1, L2:1, L4:1, L7:2}","{L0:13, L1:1, L2:1, L4:1, L7:2}",""
2978185388287,PHASE_B,193443,18687,SEAL,0,19,32,"","566","","0","","1","","64",0,0,0,"{L0:13, L1:1, L2:1, L4:1, L7:2}","{L0:14, L1:1, L2:1, L4:1, L7:2}",""
2978185390724,PHASE_B,193756,18750,SEAL,0,20,32,"","567","","0","","1","","64",0,0,0,"{L0:14, L1:1, L2:1, L4:1, L7:2}","{L0:15, L1:1, L2:1, L4:1, L7:2}",""
2978185393225,PHASE_B,194090,18815,SEAL,0,21,32,"","568","","0","","1","","64",0,0,0,"{L0:15, L1:1, L2:1, L4:1, L7:2}","{L0:16, L1:1, L2:1, L4:1, L7:2}",""
2978185395743,PHASE_B,194393,18878,SEAL,0,22,32,"","569","","0","","1","","64",0,0,0,"{L0:16, L1:1, L2:1, L4:1, L7:2}","{L0:17, L1:1, L2:1, L4:1, L7:2}",""
2978185398108,PHASE_B,194710,18941,SEAL,0,23,32,"","570","","0","","1","","64",0,0,0,"{L0:17, L1:1, L2:1, L4:1, L7:2}","{L0:18, L1:1, L2:1, L4:1, L7:2}",""
2978185400609,PHASE_B,195041,19006,SEAL,0,24,32,"","571","","0","","1","","64",0,0,0,"{L0:18, L1:1, L2:1, L4:1, L7:2}","{L0:19, L1:1, L2:1, L4:1, L7:2}",""
2978185403133,PHASE_B,195369,19071,SEAL,0,25,32,"","572","","0","","1","","64",0,0,0,"{L0:19, L1:1, L2:1, L4:1, L7:2}","{L0:20, L1:1, L2:1, L4:1, L7:2}",""
2978185404671,PHASE_B,195578,19115,MERGE_DONE,0,0,0,"","555","","8","","256","","16384",88,47275,47277,"","",""
2978185404700,PHASE_B,195579,19115,MERGE_PUBLISH,0,24,32,"","555","","8","","256","","16384",88,47298,47300,"{L0:20, L1:1, L2:1, L4:1, L7:2}","{L0:20, L1:1, L2:1, L4:1, L8:1}",""
2978185404723,PHASE_B,195579,19115,MERGE_SUBMIT,43,24,32,"","","","","","","","",0,0,0,"{L0:20, L1:1, L2:1, L4:1, L8:1}","{L0:20, L1:1, L2:1, L4:1, L8:1}",""
2978185404856,PHASE_B,195598,19118,MERGE_START,0,24,32,"[552,553]","","[0,0]","","[1,1]","","[64,64]","",105,0,0,"{L0:20, L1:1, L2:1, L4:1, L8:1}","{L0:20, L1:1, L2:1, L4:1, L8:1}",""
2978185405672,PHASE_B,195674,19135,SEAL,0,25,32,"","574","","0","","1","","64",0,0,0,"{L0:20, L1:1, L2:1, L4:1, L8:1}","{L0:21, L1:1, L2:1, L4:1, L8:1}",""
2978185406071,PHASE_B,195738,19146,MERGE_DONE,0,0,0,"","573","","1","","2","","128",105,1243,1230,"","",""
2978185406113,PHASE_B,195738,19146,MERGE_PUBLISH,0,24,32,"","573","","1","","2","","128",105,1269,1255,"{L0:21, L1:1, L2:1, L4:1, L8:1}","{L0:19, L1:2, L2:1, L4:1, L8:1}",""
2978185406141,PHASE_B,195738,19146,MERGE_SUBMIT,12,24,32,"","","","","","","","",0,0,0,"{L0:19, L1:2, L2:1, L4:1, L8:1}","{L0:19, L1:2, L2:1, L4:1, L8:1}",""
2978185406217,PHASE_B,195762,19150,MERGE_START,0,24,32,"[554,556]","","[0,0]","","[1,1]","","[64,64]","",69,0,0,"{L0:19, L1:2, L2:1, L4:1, L8:1}","{L0:19, L1:2, L2:1, L4:1, L8:1}",""
2978185407453,PHASE_B,195904,19180,MERGE_DONE,0,0,0,"","575","","1","","2","","128",69,1246,1246,"","",""
2978185407503,PHASE_B,195921,19183,MERGE_PUBLISH,0,23,32,"","575","","1","","2","","128",69,1285,1277,"{L0:19, L1:2, L2:1, L4:1, L8:1}","{L0:17, L1:3, L2:1, L4:1, L8:1}",""
2978185407527,PHASE_B,195922,19184,MERGE_SUBMIT,47,23,32,"","","","","","","","",0,0,0,"{L0:17, L1:3, L2:1, L4:1, L8:1}","{L0:17, L1:3, L2:1, L4:1, L8:1}",""
2978185407606,PHASE_B,195922,19184,MERGE_START,0,23,32,"[557,558]","","[0,0]","","[1,1]","","[64,64]","",71,0,0,"{L0:17, L1:3, L2:1, L4:1, L8:1}","{L0:17, L1:3, L2:1, L4:1, L8:1}",""
2978185408356,PHASE_B,195998,19197,SEAL,0,24,32,"","577","","0","","1","","64",0,0,0,"{L0:17, L1:3, L2:1, L4:1, L8:1}","{L0:18, L1:3, L2:1, L4:1, L8:1}",""
2978185408387,PHASE_B,196003,19200,MERGE_DONE,0,0,0,"","576","","1","","2","","128",71,792,762,"","",""
2978185408408,PHASE_B,196008,19200,MERGE_PUBLISH,0,23,32,"","576","","1","","2","","128",71,805,774,"{L0:18, L1:3, L2:1, L4:1, L8:1}","{L0:16, L1:4, L2:1, L4:1, L8:1}",""
2978185408444,PHASE_B,196008,19200,MERGE_SUBMIT,0,23,32,"","","","","","","","",0,0,0,"{L0:16, L1:4, L2:1, L4:1, L8:1}","{L0:16, L1:4, L2:1, L4:1, L8:1}",""
2978185408516,PHASE_B,196020,19203,MERGE_START,0,23,32,"[559,560]","","[0,0]","","[1,1]","","[64,64]","",66,0,0,"{L0:16, L1:4, L2:1, L4:1, L8:1}","{L0:16, L1:4, L2:1, L4:1, L8:1}",""
2978185408744,PHASE_B,196054,19210,MERGE_DONE,0,0,0,"","578","","1","","2","","128",66,238,238,"","",""
2978185408764,PHASE_B,196057,19210,MERGE_PUBLISH,0,22,32,"","578","","1","","2","","128",66,249,248,"{L0:16, L1:4, L2:1, L4:1, L8:1}","{L0:14, L1:5, L2:1, L4:1, L8:1}",""
2978185408781,PHASE_B,196057,19210,MERGE_SUBMIT,10,22,32,"","","","","","","","",0,0,0,"{L0:14, L1:5, L2:1, L4:1, L8:1}","{L0:14, L1:5, L2:1, L4:1, L8:1}",""
2978185408849,PHASE_B,196072,19212,MERGE_START,0,22,32,"[561,562]","","[0,0]","","[1,1]","","[64,64]","",62,0,0,"{L0:14, L1:5, L2:1, L4:1, L8:1}","{L0:14, L1:5, L2:1, L4:1, L8:1}",""
2978185409120,PHASE_B,196095,19219,MERGE_DONE,0,0,0,"","579","","1","","2","","128",62,280,280,"","",""
2978185409137,PHASE_B,196095,19219,MERGE_PUBLISH,0,21,32,"","579","","1","","2","","128",62,290,290,"{L0:14, L1:5, L2:1, L4:1, L8:1}","{L0:12, L1:6, L2:1, L4:1, L8:1}",""
2978185409154,PHASE_B,196095,19219,MERGE_SUBMIT,19,21,32,"","","","","","","","",0,0,0,"{L0:12, L1:6, L2:1, L4:1, L8:1}","{L0:12, L1:6, L2:1, L4:1, L8:1}",""
2978185409205,PHASE_B,196095,19219,MERGE_START,0,21,32,"[563,564]","","[0,0]","","[1,1]","","[64,64]","",20,0,0,"{L0:12, L1:6, L2:1, L4:1, L8:1}","{L0:12, L1:6, L2:1, L4:1, L8:1}",""
2978185409554,PHASE_B,196148,19230,MERGE_DONE,0,0,0,"","580","","1","","2","","128",20,380,380,"","",""
2978185409579,PHASE_B,196160,19230,MERGE_PUBLISH,0,20,32,"","580","","1","","2","","128",20,398,396,"{L0:12, L1:6, L2:1, L4:1, L8:1}","{L0:10, L1:7, L2:1, L4:1, L8:1}",""
2978185409599,PHASE_B,196161,19230,MERGE_SUBMIT,30,20,32,"","","","","","","","",0,0,0,"{L0:10, L1:7, L2:1, L4:1, L8:1}","{L0:10, L1:7, L2:1, L4:1, L8:1}",""
2978185409643,PHASE_B,196164,19232,MERGE_START,0,20,32,"[565,566]","","[0,0]","","[1,1]","","[64,64]","",21,0,0,"{L0:10, L1:7, L2:1, L4:1, L8:1}","{L0:10, L1:7, L2:1, L4:1, L8:1}",""
2978185410546,PHASE_B,196254,19251,MERGE_DONE,0,0,0,"","581","","1","","2","","128",21,928,828,"","",""
2978185410575,PHASE_B,196265,19253,MERGE_PUBLISH,0,19,32,"","581","","1","","2","","128",21,946,845,"{L0:10, L1:7, L2:1, L4:1, L8:1}","{L0:8, L1:8, L2:1, L4:1, L8:1}",""
2978185410597,PHASE_B,196274,19253,MERGE_SUBMIT,53,19,32,"","","","","","","","",0,0,0,"{L0:8, L1:8, L2:1, L4:1, L8:1}","{L0:8, L1:8, L2:1, L4:1, L8:1}",""
2978185410707,PHASE_B,196280,19254,MERGE_START,0,19,32,"[567,568]","","[0,0]","","[1,1]","","[64,64]","",90,0,0,"{L0:8, L1:8, L2:1, L4:1, L8:1}","{L0:8, L1:8, L2:1, L4:1, L8:1}",""
2978185410998,PHASE_B,196308,19262,MERGE_DONE,0,0,0,"","582","","1","","2","","128",90,316,315,"","",""
2978185411035,PHASE_B,196311,19262,MERGE_PUBLISH,0,18,32,"","582","","1","","2","","128",90,346,345,"{L0:8, L1:8, L2:1, L4:1, L8:1}","{L0:6, L1:9, L2:1, L4:1, L8:1}",""
2978185411059,PHASE_B,196311,19262,MERGE_SUBMIT,62,18,32,"","","","","","","","",0,0,0,"{L0:6, L1:9, L2:1, L4:1, L8:1}","{L0:6, L1:9, L2:1, L4:1, L8:1}",""
2978185411150,PHASE_B,196315,19263,SEAL,0,19,32,"","583","","0","","1","","64",0,0,0,"{L0:6, L1:9, L2:1, L4:1, L8:1}","{L0:7, L1:9, L2:1, L4:1, L8:1}",""
2978185411164,PHASE_B,196315,19263,MERGE_START,0,18,32,"[569,570]","","[0,0]","","[1,1]","","[64,64]","",83,0,0,"{L0:6, L1:9, L2:1, L4:1, L8:1}","{L0:6, L1:9, L2:1, L4:1, L8:1}",""
2978185411435,PHASE_B,196365,19272,MERGE_DONE,0,0,0,"","584","","1","","2","","128",83,295,295,"","",""
2978185411488,PHASE_B,196366,19272,MERGE_PUBLISH,0,18,32,"","584","","1","","2","","128",83,339,327,"{L0:7, L1:9, L2:1, L4:1, L8:1}","{L0:5, L1:10, L2:1, L4:1, L8:1}",""
2978185411513,PHASE_B,196366,19272,MERGE_SUBMIT,9,18,32,"","","","","","","","",0,0,0,"{L0:5, L1:10, L2:1, L4:1, L8:1}","{L0:5, L1:10, L2:1, L4:1, L8:1}",""
2978185411541,PHASE_B,196373,19274,MERGE_START,0,18,32,"[571,572]","","[0,0]","","[1,1]","","[64,64]","",19,0,0,"{L0:5, L1:10, L2:1, L4:1, L8:1}","{L0:5, L1:10, L2:1, L4:1, L8:1}",""
2978185411787,PHASE_B,196404,19280,MERGE_DONE,0,0,0,"","585","","1","","2","","128",19,261,261,"","",""
2978185411805,PHASE_B,196407,19280,MERGE_PUBLISH,0,17,32,"","585","","1","","2","","128",19,273,272,"{L0:5, L1:10, L2:1, L4:1, L8:1}","{L0:3, L1:11, L2:1, L4:1, L8:1}",""
2978185411822,PHASE_B,196407,19280,MERGE_SUBMIT,16,17,32,"","","","","","","","",0,0,0,"{L0:3, L1:11, L2:1, L4:1, L8:1}","{L0:3, L1:11, L2:1, L4:1, L8:1}",""
2978185411852,PHASE_B,196410,19281,MERGE_START,0,17,32,"[574,577]","","[0,0]","","[1,1]","","[64,64]","",20,0,0,"{L0:3, L1:11, L2:1, L4:1, L8:1}","{L0:3, L1:11, L2:1, L4:1, L8:1}",""
2978185412119,PHASE_B,196444,19286,MERGE_DONE,0,0,0,"","586","","1","","2","","128",20,279,279,"","",""
2978185412139,PHASE_B,196444,19286,MERGE_PUBLISH,0,16,32,"","586","","1","","2","","128",20,291,291,"{L0:3, L1:11, L2:1, L4:1, L8:1}","{L0:1, L1:12, L2:1, L4:1, L8:1}",""
2978185412155,PHASE_B,196444,19286,MERGE_SUBMIT,24,16,32,"","","","","","","","",0,0,0,"{L0:1, L1:12, L2:1, L4:1, L8:1}","{L0:1, L1:12, L2:1, L4:1, L8:1}",""
2978185412195,PHASE_B,196454,19289,MERGE_START,0,16,32,"[550,573]","","[1,1]","","[2,2]","","[128,128]","",18,0,0,"{L0:1, L1:12, L2:1, L4:1, L8:1}","{L0:1, L1:12, L2:1, L4:1, L8:1}",""
2978185412718,PHASE_B,196520,19303,MERGE_DONE,0,0,0,"","587","","2","","4","","256",18,547,546,"","",""
2978185412740,PHASE_B,196521,19303,MERGE_PUBLISH,0,15,32,"","587","","2","","4","","256",18,562,561,"{L0:1, L1:12, L2:1, L4:1, L8:1}","{L0:1, L1:10, L2:2, L4:1, L8:1}",""
2978185412761,PHASE_B,196521,19303,MERGE_SUBMIT,39,15,32,"","","","","","","","",0,0,0,"{L0:1, L1:10, L2:2, L4:1, L8:1}","{L0:1, L1:10, L2:2, L4:1, L8:1}",""
2978185412886,PHASE_B,196544,19306,MERGE_START,0,15,32,"[575,576]","","[1,1]","","[2,2]","","[128,128]","",103,0,0,"{L0:1, L1:10, L2:2, L4:1, L8:1}","{L0:1, L1:10, L2:2, L4:1, L8:1}",""
2978185413438,PHASE_B,196601,19319,MERGE_DONE,0,0,0,"","588","","2","","4","","256",103,576,576,"","",""
2978185413463,PHASE_B,196601,19319,MERGE_PUBLISH,0,14,32,"","588","","2","","4","","256",103,594,593,"{L0:1, L1:10, L2:2, L4:1, L8:1}","{L0:1, L1:8, L2:3, L4:1, L8:1}",""
2978185413486,PHASE_B,196601,19319,MERGE_SUBMIT,55,14,32,"","","","","","","","",0,0,0,"{L0:1, L1:8, L2:3, L4:1, L8:1}","{L0:1, L1:8, L2:3, L4:1, L8:1}",""
2978185413593,PHASE_B,196607,19322,MERGE_START,0,14,32,"[578,579]","","[1,1]","","[2,2]","","[128,128]","",85,0,0,"{L0:1, L1:8, L2:3, L4:1, L8:1}","{L0:1, L1:8, L2:3, L4:1, L8:1}",""
2978185413905,PHASE_B,196644,19326,SEAL,0,15,32,"","590","","0","","1","","64",0,0,0,"{L0:1, L1:8, L2:3, L4:1, L8:1}","{L0:2, L1:8, L2:3, L4:1, L8:1}",""
2978185414210,PHASE_B,196688,19337,MERGE_DONE,0,0,0,"","589","","2","","4","","256",85,641,640,"","",""
2978185414233,PHASE_B,196688,19337,MERGE_PUBLISH,0,14,32,"","589","","2","","4","","256",85,658,657,"{L0:2, L1:8, L2:3, L4:1, L8:1}","{L0:2, L1:6, L2:4, L4:1, L8:1}",""
2978185414256,PHASE_B,196692,19338,MERGE_SUBMIT,9,14,32,"","","","","","","","",0,0,0,"{L0:2, L1:6, L2:4, L4:1, L8:1}","{L0:2, L1:6, L2:4, L4:1, L8:1}",""
2978185414360,PHASE_B,196704,19339,MERGE_START,0,14,32,"[583,590]","","[0,0]","","[1,1]","","[64,64]","",85,0,0,"{L0:2, L1:6, L2:4, L4:1, L8:1}","{L0:2, L1:6, L2:4, L4:1, L8:1}",""
2978185414852,PHASE_B,196774,19355,MERGE_DONE,0,0,0,"","591","","1","","2","","128",85,513,513,"","",""
2978185414876,PHASE_B,196775,19355,MERGE_PUBLISH,0,13,32,"","591","","1","","2","","128",85,531,531,"{L0:2, L1:6, L2:4, L4:1, L8:1}","{L1:7, L2:4, L4:1, L8:1}",""
2978185414897,PHASE_B,196779,19356,MERGE_SUBMIT,27,13,32,"","","","","","","","",0,0,0,"{L1:7, L2:4, L4:1, L8:1}","{L1:7, L2:4, L4:1, L8:1}",""
2978185414970,PHASE_B,196793,19356,MERGE_START,0,13,32,"[580,581]","","[1,1]","","[2,2]","","[128,128]","",70,0,0,"{L1:7, L2:4, L4:1, L8:1}","{L1:7, L2:4, L4:1, L8:1}",""
2978185415521,PHASE_B,196850,19370,MERGE_DONE,0,0,0,"","592","","2","","4","","256",70,557,558,"","",""
2978185415538,PHASE_B,196850,19370,MERGE_PUBLISH,0,12,32,"","592","","2","","4","","256",70,569,569,"{L1:7, L2:4, L4:1, L8:1}","{L1:5, L2:5, L4:1, L8:1}",""
2978185415551,PHASE_B,196850,19370,MERGE_SUBMIT,43,12,32,"","","","","","","","",0,0,0,"{L1:5, L2:5, L4:1, L8:1}","{L1:5, L2:5, L4:1, L8:1}",""
2978185415661,PHASE_B,196871,19373,MERGE_START,0,12,32,"[582,584]","","[1,1]","","[2,2]","","[128,128]","",88,0,0,"{L1:5, L2:5, L4:1, L8:1}","{L1:5, L2:5, L4:1, L8:1}",""
2978185416250,PHASE_B,196924,19383,MERGE_DONE,0,0,0,"","593","","2","","4","","256",88,610,610,"","",""
2978185416272,PHASE_B,196924,19383,MERGE_PUBLISH,0,11,32,"","593","","2","","4","","256",88,627,626,"{L1:5, L2:5, L4:1, L8:1}","{L1:3, L2:6, L4:1, L8:1}",""
2978185416294,PHASE_B,196924,19383,MERGE_SUBMIT,59,11,32,"","","","","","","","",0,0,0,"{L1:3, L2:6, L4:1, L8:1}","{L1:3, L2:6, L4:1, L8:1}",""
2978185416402,PHASE_B,196948,19389,MERGE_START,0,11,32,"[585,586]","","[1,1]","","[2,2]","","[128,128]","",89,0,0,"{L1:3, L2:6, L4:1, L8:1}","{L1:3, L2:6, L4:1, L8:1}",""
2978185416550,PHASE_B,196968,19391,SEAL,0,12,32,"","594","","0","","1","","64",0,0,0,"{L1:3, L2:6, L4:1, L8:1}","{L0:1, L1:3, L2:6, L4:1, L8:1}",""
2978185416965,PHASE_B,197023,19405,MERGE_DONE,0,0,0,"","595","","2","","4","","256",89,584,583,"","",""
2978185416988,PHASE_B,197031,19405,MERGE_PUBLISH,0,11,32,"","595","","2","","4","","256",89,601,600,"{L0:1, L1:3, L2:6, L4:1, L8:1}","{L0:1, L1:1, L2:7, L4:1, L8:1}",""
2978185417022,PHASE_B,197038,19406,MERGE_SUBMIT,13,11,32,"","","","","","","","",0,0,0,"{L0:1, L1:1, L2:7, L4:1, L8:1}","{L0:1, L1:1, L2:7, L4:1, L8:1}",""
2978185417129,PHASE_B,197052,19409,MERGE_START,0,11,32,"[547,587]","","[2,2]","","[4,4]","","[256,256]","",102,0,0,"{L0:1, L1:1, L2:7, L4:1, L8:1}","{L0:1, L1:1, L2:7, L4:1, L8:1}",""
2978185418199,PHASE_B,197195,19438,MERGE_DONE,0,0,0,"","596","","3","","8","","512",102,1092,1092,"","",""
2978185418224,PHASE_B,197196,19438,MERGE_PUBLISH,0,10,32,"","596","","3","","8","","512",102,1110,1109,"{L0:1, L1:1, L2:7, L4:1, L8:1}","{L0:1, L1:1, L2:5, L3:1, L4:1, L8:1}",""
2978185418247,PHASE_B,197196,19438,MERGE_SUBMIT,46,10,32,"","","","","","","","",0,0,0,"{L0:1, L1:1, L2:5, L3:1, L4:1, L8:1}","{L0:1, L1:1, L2:5, L3:1, L4:1, L8:1}",""
2978185418352,PHASE_B,197201,19441,MERGE_START,0,10,32,"[588,589]","","[2,2]","","[4,4]","","[256,256]","",85,0,0,"{L0:1, L1:1, L2:5, L3:1, L4:1, L8:1}","{L0:1, L1:1, L2:5, L3:1, L4:1, L8:1}",""
2978185419046,PHASE_B,197275,19452,SEAL,0,11,32,"","598","","0","","1","","64",0,0,0,"{L0:1, L1:1, L2:5, L3:1, L4:1, L8:1}","{L0:2, L1:1, L2:5, L3:1, L4:1, L8:1}",""
2978185419497,PHASE_B,197340,19467,MERGE_DONE,0,0,0,"","597","","3","","8","","512",85,1167,1167,"","",""
2978185419551,PHASE_B,197359,19470,MERGE_PUBLISH,0,10,32,"","597","","3","","8","","512",85,1213,1199,"{L0:2, L1:1, L2:5, L3:1, L4:1, L8:1}","{L0:2, L1:1, L2:3, L3:2, L4:1, L8:1}",""
2978185419571,PHASE_B,197362,19470,MERGE_SUBMIT,14,10,32,"","","","","","","","",0,0,0,"{L0:2, L1:1, L2:3, L3:2, L4:1, L8:1}","{L0:2, L1:1, L2:3, L3:2, L4:1, L8:1}",""
2978185419674,PHASE_B,197373,19474,MERGE_START,0,10,32,"[594,598]","","[0,0]","","[1,1]","","[64,64]","",86,0,0,"{L0:2, L1:1, L2:3, L3:2, L4:1, L8:1}","{L0:2, L1:1, L2:3, L3:2, L4:1, L8:1}",""
2978185420035,PHASE_B,197420,19484,MERGE_DONE,0,0,0,"","599","","1","","2","","128",86,384,383,"","",""
2978185420061,PHASE_B,197428,19484,MERGE_PUBLISH,0,9,32,"","599","","1","","2","","128",86,401,400,"{L0:2, L1:1, L2:3, L3:2, L4:1, L8:1}","{L1:2, L2:3, L3:2, L4:1, L8:1}",""
2978185420081,PHASE_B,197428,19484,MERGE_SUBMIT,28,9,32,"","","","","","","","",0,0,0,"{L1:2, L2:3, L3:2, L4:1, L8:1}","{L1:2, L2:3, L3:2, L4:1, L8:1}",""
2978185420185,PHASE_B,197434,19486,MERGE_START,0,9,32,"[591,599]","","[1,1]","","[2,2]","","[128,128]","",86,0,0,"{L1:2, L2:3, L3:2, L4:1, L8:1}","{L1:2, L2:3, L3:2, L4:1, L8:1}",""
2978185420798,PHASE_B,197512,19500,MERGE_DONE,0,0,0,"","600","","2","","4","","256",86,633,632,"","",""
2978185420820,PHASE_B,197518,19502,MERGE_PUBLISH,0,8,32,"","600","","2","","4","","256",86,649,648,"{L1:2, L2:3, L3:2, L4:1, L8:1}","{L2:4, L3:2, L4:1, L8:1}",""
2978185420839,PHASE_B,197521,19502,MERGE_SUBMIT,46,8,32,"","","","","","","","",0,0,0,"{L2:4, L3:2, L4:1, L8:1}","{L2:4, L3:2, L4:1, L8:1}",""
2978185420943,PHASE_B,197530,19505,MERGE_START,0,8,32,"[592,593]","","[2,2]","","[4,4]","","[256,256]","",87,0,0,"{L2:4, L3:2, L4:1, L8:1}","{L2:4, L3:2, L4:1, L8:1}",""
2978185421648,PHASE_B,197599,19519,SEAL,0,9,32,"","602","","0","","1","","64",0,0,0,"{L2:4, L3:2, L4:1, L8:1}","{L0:1, L2:4, L3:2, L4:1, L8:1}",""
2978185422105,PHASE_B,197671,19532,MERGE_DONE,0,0,0,"","601","","3","","8","","512",87,1183,1183,"","",""
2978185422129,PHASE_B,197671,19532,MERGE_PUBLISH,0,8,32,"","601","","3","","8","","512",87,1199,1198,"{L0:1, L2:4, L3:2, L4:1, L8:1}","{L0:1, L2:2, L3:3, L4:1, L8:1}",""
2978185422151,PHASE_B,197671,19532,MERGE_SUBMIT,14,8,32,"","","","","","","","",0,0,0,"{L0:1, L2:2, L3:3, L4:1, L8:1}","{L0:1, L2:2, L3:3, L4:1, L8:1}",""
2978185422272,PHASE_B,197686,19537,MERGE_START,0,8,32,"[595,600]","","[2,2]","","[4,4]","","[256,256]","",104,0,0,"{L0:1, L2:2, L3:3, L4:1, L8:1}","{L0:1, L2:2, L3:3, L4:1, L8:1}",""
2978185423442,PHASE_B,197846,19568,MERGE_DONE,0,0,0,"","603","","3","","8","","512",104,1190,1190,"","",""
2978185423467,PHASE_B,197846,19568,MERGE_PUBLISH,0,7,32,"","603","","3","","8","","512",104,1209,1208,"{L0:1, L2:2, L3:3, L4:1, L8:1}","{L0:1, L3:4, L4:1, L8:1}",""
2978185423487,PHASE_B,197846,19568,MERGE_SUBMIT,49,7,32,"","","","","","","","",0,0,0,"{L0:1, L3:4, L4:1, L8:1}","{L0:1, L3:4, L4:1, L8:1}",""
2978185423593,PHASE_B,197859,19572,MERGE_START,0,7,32,"[596,597]","","[3,3]","","[8,8]","","[512,512]","",87,0,0,"{L0:1, L3:4, L4:1, L8:1}","{L0:1, L3:4, L4:1, L8:1}",""
2978185424157,PHASE_B,197919,19581,SEAL,0,8,32,"","605","","0","","1","","64",0,0,0,"{L0:1, L3:4, L4:1, L8:1}","{L0:2, L3:4, L4:1, L8:1}",""
2978185425860,PHASE_B,198159,19631,MERGE_DONE,0,0,0,"","604","","4","","16","","1024",87,2287,2287,"","",""
2978185425882,PHASE_B,198159,19631,MERGE_PUBLISH,0,7,32,"","604","","4","","16","","1024",87,2304,2303,"{L0:2, L3:4, L4:1, L8:1}","{L0:2, L3:2, L4:2, L8:1}",""
2978185425916,PHASE_B,198159,19631,MERGE_SUBMIT,47,7,32,"","","","","","","","",0,0,0,"{L0:2, L3:2, L4:2, L8:1}","{L0:2, L3:2, L4:2, L8:1}",""
2978185426033,PHASE_B,198164,19632,MERGE_START,0,7,32,"[602,605]","","[0,0]","","[1,1]","","[64,64]","",87,0,0,"{L0:2, L3:2, L4:2, L8:1}","{L0:2, L3:2, L4:2, L8:1}",""
2978185426390,PHASE_B,198203,19641,MERGE_DONE,0,0,0,"","606","","1","","2","","128",87,389,389,"","",""
2978185426410,PHASE_B,198213,19642,MERGE_PUBLISH,0,6,32,"","606","","1","","2","","128",87,405,404,"{L0:2, L3:2, L4:2, L8:1}","{L1:1, L3:2, L4:2, L8:1}",""
2978185426428,PHASE_B,198219,19642,MERGE_SUBMIT,58,6,32,"","","","","","","","",0,0,0,"{L1:1, L3:2, L4:2, L8:1}","{L1:1, L3:2, L4:2, L8:1}",""
2978185426498,PHASE_B,198223,19643,MERGE_START,0,6,32,"[601,603]","","[3,3]","","[8,8]","","[512,512]","",73,0,0,"{L1:1, L3:2, L4:2, L8:1}","{L1:1, L3:2, L4:2, L8:1}",""
2978185426739,PHASE_B,198239,19646,SEAL,0,7,32,"","607","","0","","1","","64",0,0,0,"{L1:1, L3:2, L4:2, L8:1}","{L0:1, L1:1, L3:2, L4:2, L8:1}",""
2978185428640,PHASE_B,198517,19701,MERGE_DONE,0,0,0,"","608","","4","","16","","1024",73,2146,2146,"","",""
2978185428686,PHASE_B,198517,19701,MERGE_PUBLISH,0,6,32,"","608","","4","","16","","1024",73,2185,2173,"{L0:1, L1:1, L3:2, L4:2, L8:1}","{L0:1, L1:1, L4:3, L8:1}",""
2978185428716,PHASE_B,198517,19701,MERGE_SUBMIT,54,6,32,"","","","","","","","",0,0,0,"{L0:1, L1:1, L4:3, L8:1}","{L0:1, L1:1, L4:3, L8:1}",""
2978185428831,PHASE_B,198522,19704,MERGE_START,0,6,32,"[551,604]","","[4,4]","","[16,16]","","[1024,1024]","",95,0,0,"{L0:1, L1:1, L4:3, L8:1}","{L0:1, L1:1, L4:3, L8:1}",""
2978185429196,PHASE_B,198565,19711,SEAL,0,7,32,"","609","","0","","1","","64",0,0,0,"{L0:1, L1:1, L4:3, L8:1}","{L0:2, L1:1, L4:3, L8:1}",""
2978185431654,PHASE_B,198875,19774,SEAL,0,8,32,"","611","","0","","1","","64",0,0,0,"{L0:2, L1:1, L4:3, L8:1}","{L0:3, L1:1, L4:3, L8:1}",""
2978185433990,PHASE_B,199191,19839,MERGE_DONE,0,0,0,"","610","","5","","32","","2048",95,5177,5146,"","",""
2978185434022,PHASE_B,199194,19839,MERGE_PUBLISH,0,7,32,"","610","","5","","32","","2048",95,5202,5170,"{L0:3, L1:1, L4:3, L8:1}","{L0:3, L1:1, L4:1, L5:1, L8:1}",""
2978185434043,PHASE_B,199194,19839,MERGE_SUBMIT,63,7,32,"","","","","","","","",0,0,0,"{L0:3, L1:1, L4:1, L5:1, L8:1}","{L0:3, L1:1, L4:1, L5:1, L8:1}",""
2978185434086,PHASE_B,199194,19839,SEAL,0,8,32,"","612","","0","","1","","64",0,0,0,"{L0:3, L1:1, L4:1, L5:1, L8:1}","{L0:4, L1:1, L4:1, L5:1, L8:1}",""
2978185434145,PHASE_B,199208,19841,MERGE_START,0,8,32,"[607,609]","","[0,0]","","[1,1]","","[64,64]","",83,0,0,"{L0:4, L1:1, L4:1, L5:1, L8:1}","{L0:4, L1:1, L4:1, L5:1, L8:1}",""
2978185434412,PHASE_B,199246,19849,MERGE_DONE,0,0,0,"","613","","1","","2","","128",83,289,288,"","",""
2978185434434,PHASE_B,199246,19849,MERGE_PUBLISH,0,7,32,"","613","","1","","2","","128",83,304,303,"{L0:4, L1:1, L4:1, L5:1, L8:1}","{L0:2, L1:2, L4:1, L5:1, L8:1}",""
2978185434454,PHASE_B,199246,19849,MERGE_SUBMIT,10,7,32,"","","","","","","","",0,0,0,"{L0:2, L1:2, L4:1, L5:1, L8:1}","{L0:2, L1:2, L4:1, L5:1, L8:1}",""
2978185434496,PHASE_B,199267,19851,MERGE_START,0,7,32,"[611,612]","","[0,0]","","[1,1]","","[64,64]","",41,0,0,"{L0:2, L1:2, L4:1, L5:1, L8:1}","{L0:2, L1:2, L4:1, L5:1, L8:1}",""
2978185435230,PHASE_B,199356,19870,MERGE_DONE,0,0,0,"","614","","1","","2","","128",41,738,717,"","",""
2978185435245,PHASE_B,199356,19870,MERGE_PUBLISH,0,6,32,"","614","","1","","2","","128",41,749,728,"{L0:2, L1:2, L4:1, L5:1, L8:1}","{L1:3, L4:1, L5:1, L8:1}",""
2978185435259,PHASE_B,199356,19870,MERGE_SUBMIT,31,6,32,"","","","","","","","",0,0,0,"{L1:3, L4:1, L5:1, L8:1}","{L1:3, L4:1, L5:1, L8:1}",""
2978185435320,PHASE_B,199363,19872,MERGE_START,0,6,32,"[606,613]","","[1,1]","","[2,2]","","[128,128]","",57,0,0,"{L1:3, L4:1, L5:1, L8:1}","{L1:3, L4:1, L5:1, L8:1}",""
2978185435851,PHASE_B,199434,19886,MERGE_DONE,0,0,0,"","615","","2","","4","","256",57,537,537,"","",""
2978185435867,PHASE_B,199435,19886,MERGE_PUBLISH,0,5,32,"","615","","2","","4","","256",57,547,547,"{L1:3, L4:1, L5:1, L8:1}","{L1:1, L2:1, L4:1, L5:1, L8:1}",""
2978185436684,PHASE_B,199524,19903,SEAL,0,6,32,"","616","","0","","1","","64",0,0,0,"{L1:1, L2:1, L4:1, L5:1, L8:1}","{L0:1, L1:1, L2:1, L4:1, L5:1, L8:1}",""
2978185439329,PHASE_B,199838,19967,SEAL,0,7,32,"","617","","0","","1","","64",0,0,0,"{L0:1, L1:1, L2:1, L4:1, L5:1, L8:1}","{L0:2, L1:1, L2:1, L4:1, L5:1, L8:1}",""
2978185439342,PHASE_B,199838,19967,MERGE_SUBMIT,0,7,32,"","","","","","","","",0,0,0,"{L0:2, L1:1, L2:1, L4:1, L5:1, L8:1}","{L0:2, L1:1, L2:1, L4:1, L5:1, L8:1}",""
2978185439457,PHASE_B,199855,19971,MERGE_START,0,7,32,"[616,617]","","[0,0]","","[1,1]","","[64,64]","",91,0,0,"{L0:2, L1:1, L2:1, L4:1, L5:1, L8:1}","{L0:2, L1:1, L2:1, L4:1, L5:1, L8:1}",""
2978185439747,PHASE_B,199900,19979,MERGE_DONE,0,0,0,"","618","","1","","2","","128",91,311,310,"","",""
2978185439769,PHASE_B,199901,19979,MERGE_PUBLISH,0,6,32,"","618","","1","","2","","128",91,326,325,"{L0:2, L1:1, L2:1, L4:1, L5:1, L8:1}","{L1:2, L2:1, L4:1, L5:1, L8:1}",""
2978185439804,PHASE_B,199903,19980,MERGE_SUBMIT,11,6,32,"","","","","","","","",0,0,0,"{L1:2, L2:1, L4:1, L5:1, L8:1}","{L1:2, L2:1, L4:1, L5:1, L8:1}",""
2978185439854,PHASE_B,199907,19981,MERGE_START,0,6,32,"[614,618]","","[1,1]","","[2,2]","","[128,128]","",33,0,0,"{L1:2, L2:1, L4:1, L5:1, L8:1}","{L1:2, L2:1, L4:1, L5:1, L8:1}",""
2978185440391,PHASE_B,199968,19994,MERGE_DONE,0,0,0,"","619","","2","","4","","256",33,557,557,"","",""
2978185440412,PHASE_B,199971,19994,MERGE_PUBLISH,0,5,32,"","619","","2","","4","","256",33,572,571,"{L1:2, L2:1, L4:1, L5:1, L8:1}","{L2:2, L4:1, L5:1, L8:1}",""
2978185440428,PHASE_B,199972,19994,MERGE_SUBMIT,26,5,32,"","","","","","","","",0,0,0,"{L2:2, L4:1, L5:1, L8:1}","{L2:2, L4:1, L5:1, L8:1}",""
2978185440533,PHASE_B,199983,19997,MERGE_START,0,5,32,"[615,619]","","[2,2]","","[4,4]","","[256,256]","",89,0,0,"{L2:2, L4:1, L5:1, L8:1}","{L2:2, L4:1, L5:1, L8:1}",""
2978185441666,PHASE_C,200726,20000,MERGE_DONE,0,0,0,"","620","","3","","8","","512",89,1152,1151,"","",""
2978185441686,PHASE_C,200743,20000,MERGE_PUBLISH,0,4,32,"","620","","3","","8","","512",89,1167,1166,"{L2:2, L4:1, L5:1, L8:1}","{L3:1, L4:1, L5:1, L8:1}",""
