monotonic_timestamp_us,phase,foreground_ops_completed,delete_ranges_issued,event_type,open_delta_size,sealed_run_count,hard_run_limit,input_run_ids,output_run_id,input_levels,output_level,input_chunks,output_chunk_count,input_tombstones,output_tombstone_count,merge_queue_wait_us,merge_wall_time_us,merge_cpu_time_us,pre_publish_hist,post_publish_hist,fallback_details
2978264710477,PHASE_B,100326,63,SEAL,0,1,32,"","1","","0","","1","","64",0,0,0,"{}","{L0:1}",""
2978264712637,PHASE_B,100642,127,SEAL,0,2,32,"","2","","0","","1","","64",0,0,0,"{L0:1}","{L0:2}",""
2978264712651,PHASE_B,100642,127,MERGE_SUBMIT,0,2,32,"","","","","","","","",0,0,0,"{L0:2}","{L0:2}",""
2978264712760,PHASE_B,100655,132,MERGE_START,0,2,32,"[1,2]","","[0,0]","","[1,1]","","[64,64]","",91,0,0,"{L0:2}","{L0:2}",""
2978264713124,PHASE_B,100716,141,MERGE_DONE,0,0,0,"","3","","1","","2","","128",91,380,379,"","",""
2978264713145,PHASE_B,100716,141,MERGE_PUBLISH,0,1,32,"","3","","1","","2","","128",91,400,399,"{L0:2}","{L1:1}",""
2978264715071,PHASE_B,100962,191,SEAL,0,2,32,"","4","","0","","1","","64",0,0,0,"{L1:1}","{L0:1, L1:1}",""
2978264717541,PHASE_B,101274,253,SEAL,0,3,32,"","5","","0","","1","","64",0,0,0,"{L0:1, L1:1}","{L0:2, L1:1}",""
2978264717555,PHASE_B,101274,253,MERGE_SUBMIT,0,3,32,"","","","","","","","",0,0,0,"{L0:2, L1:1}","{L0:2, L1:1}",""
2978264717630,PHASE_B,101291,257,MERGE_START,0,3,32,"[4,5]","","[0,0]","","[1,1]","","[64,64]","",56,0,0,"{L0:2, L1:1}","{L0:2, L1:1}",""
2978264717956,PHASE_B,101352,268,MERGE_DONE,0,0,0,"","6","","1","","2","","128",56,346,344,"","",""
2978264717961,PHASE_B,101352,268,MERGE_PUBLISH,0,2,32,"","6","","1","","2","","128",56,350,349,"{L0:2, L1:1}","{L1:2}",""
2978264717970,PHASE_B,101352,268,MERGE_SUBMIT,12,2,32,"","","","","","","","",0,0,0,"{L1:2}","{L1:2}",""
2978264717992,PHASE_B,101352,268,MERGE_START,0,2,32,"[3,6]","","[1,1]","","[2,2]","","[128,128]","",25,0,0,"{L1:2}","{L1:2}",""
2978264718221,PHASE_B,101384,274,MERGE_DONE,0,0,0,"","7","","2","","4","","256",25,229,229,"","",""
2978264718225,PHASE_B,101384,274,MERGE_PUBLISH,0,1,32,"","7","","2","","4","","256",25,233,233,"{L1:2}","{L2:1}",""
2978264719950,PHASE_B,101597,318,SEAL,0,2,32,"","8","","0","","1","","64",0,0,0,"{L2:1}","{L0:1, L2:1}",""
2978264722229,PHASE_B,101911,381,SEAL,0,3,32,"","9","","0","","1","","64",0,0,0,"{L0:1, L2:1}","{L0:2, L2:1}",""
2978264722239,PHASE_B,101911,381,MERGE_SUBMIT,0,3,32,"","","","","","","","",0,0,0,"{L0:2, L2:1}","{L0:2, L2:1}",""
2978264722253,PHASE_B,101911,381,MERGE_START,0,3,32,"[8,9]","","[0,0]","","[1,1]","","[64,64]","",10,0,0,"{L0:2, L2:1}","{L0:2, L2:1}",""
2978264722374,PHASE_B,101928,385,MERGE_DONE,0,0,0,"","10","","1","","2","","128",10,124,124,"","",""
2978264722378,PHASE_B,101928,385,MERGE_PUBLISH,0,2,32,"","10","","1","","2","","128",10,128,128,"{L0:2, L2:1}","{L1:1, L2:1}",""
2978264724750,PHASE_B,102242,446,SEAL,0,3,32,"","11","","0","","1","","64",0,0,0,"{L1:1, L2:1}","{L0:1, L1:1, L2:1}",""
2978264727250,PHASE_B,102561,511,SEAL,0,4,32,"","12","","0","","1","","64",0,0,0,"{L0:1, L1:1, L2:1}","{L0:2, L1:1, L2:1}",""
2978264727265,PHASE_B,102561,511,MERGE_SUBMIT,0,4,32,"","","","","","","","",0,0,0,"{L0:2, L1:1, L2:1}","{L0:2, L1:1, L2:1}",""
2978264727275,PHASE_B,102564,512,MERGE_START,0,4,32,"[11,12]","","[0,0]","","[1,1]","","[64,64]","",6,0,0,"{L0:2, L1:1, L2:1}","{L0:2, L1:1, L2:1}",""
2978264727352,PHASE_B,102574,514,MERGE_DONE,0,0,0,"","13","","1","","2","","128",6,82,82,"","",""
2978264727357,PHASE_B,102574,514,MERGE_PUBLISH,0,3,32,"","13","","1","","2","","128",6,86,85,"{L0:2, L1:1, L2:1}","{L1:2, L2:1}",""
2978264727361,PHASE_B,102575,514,MERGE_SUBMIT,2,3,32,"","","","","","","","",0,0,0,"{L1:2, L2:1}","{L1:2, L2:1}",""
2978264727379,PHASE_B,102579,515,MERGE_START,0,3,32,"[10,13]","","[1,1]","","[2,2]","","[128,128]","",18,0,0,"{L1:2, L2:1}","{L1:2, L2:1}",""
2978264727572,PHASE_B,102612,521,MERGE_DONE,0,0,0,"","14","","2","","4","","256",18,194,194,"","",""
2978264727575,PHASE_B,102612,521,MERGE_PUBLISH,0,2,32,"","14","","2","","4","","256",18,197,197,"{L1:2, L2:1}","{L2:2}",""
2978264727580,PHASE_B,102612,521,MERGE_SUBMIT,9,2,32,"","","","","","","","",0,0,0,"{L2:2}","{L2:2}",""
2978264727595,PHASE_B,102612,521,MERGE_START,0,2,32,"[7,14]","","[2,2]","","[4,4]","","[256,256]","",8,0,0,"{L2:2}","{L2:2}",""
2978264727996,PHASE_B,102664,532,MERGE_DONE,0,0,0,"","15","","3","","8","","512",8,408,404,"","",""
2978264728005,PHASE_B,102664,532,MERGE_PUBLISH,0,1,32,"","15","","3","","8","","512",8,413,408,"{L2:2}","{L3:1}",""
2978264729859,PHASE_B,102887,575,SEAL,0,2,32,"","16","","0","","1","","64",0,0,0,"{L3:1}","{L0:1, L3:1}",""
2978264732290,PHASE_B,103197,639,SEAL,0,3,32,"","17","","0","","1","","64",0,0,0,"{L0:1, L3:1}","{L0:2, L3:1}",""
2978264732301,PHASE_B,103197,639,MERGE_SUBMIT,0,3,32,"","","","","","","","",0,0,0,"{L0:2, L3:1}","{L0:2, L3:1}",""
2978264732416,PHASE_B,103215,641,MERGE_START,0,3,32,"[16,17]","","[0,0]","","[1,1]","","[64,64]","",95,0,0,"{L0:2, L3:1}","{L0:2, L3:1}",""
2978264732675,PHASE_B,103254,649,MERGE_DONE,0,0,0,"","18","","1","","2","","128",95,278,276,"","",""
2978264732694,PHASE_B,103260,651,MERGE_PUBLISH,0,2,32,"","18","","1","","2","","128",95,296,289,"{L0:2, L3:1}","{L1:1, L3:1}",""
2978264734855,PHASE_B,103517,703,SEAL,0,3,32,"","19","","0","","1","","64",0,0,0,"{L1:1, L3:1}","{L0:1, L1:1, L3:1}",""
2978264737289,PHASE_B,103843,767,SEAL,0,4,32,"","20","","0","","1","","64",0,0,0,"{L0:1, L1:1, L3:1}","{L0:2, L1:1, L3:1}",""
2978264737302,PHASE_B,103843,767,MERGE_SUBMIT,0,4,32,"","","","","","","","",0,0,0,"{L0:2, L1:1, L3:1}","{L0:2, L1:1, L3:1}",""
2978264737379,PHASE_B,103849,768,MERGE_START,0,4,32,"[19,20]","","[0,0]","","[1,1]","","[64,64]","",69,0,0,"{L0:2, L1:1, L3:1}","{L0:2, L1:1, L3:1}",""
2978264737532,PHASE_B,103877,774,MERGE_DONE,0,0,0,"","21","","1","","2","","128",69,161,161,"","",""
2978264737540,PHASE_B,103882,775,MERGE_PUBLISH,0,3,32,"","21","","1","","2","","128",69,168,167,"{L0:2, L1:1, L3:1}","{L1:2, L3:1}",""
2978264737546,PHASE_B,103883,775,MERGE_SUBMIT,7,3,32,"","","","","","","","",0,0,0,"{L1:2, L3:1}","{L1:2, L3:1}",""
2978264737606,PHASE_B,103888,776,MERGE_START,0,3,32,"[18,21]","","[1,1]","","[2,2]","","[128,128]","",59,0,0,"{L1:2, L3:1}","{L1:2, L3:1}",""
2978264737890,PHASE_B,103921,785,MERGE_DONE,0,0,0,"","22","","2","","4","","256",59,286,286,"","",""
2978264737898,PHASE_B,103928,785,MERGE_PUBLISH,0,2,32,"","22","","2","","4","","256",59,293,293,"{L1:2, L3:1}","{L2:1, L3:1}",""
2978264739848,PHASE_B,104165,831,SEAL,0,3,32,"","23","","0","","1","","64",0,0,0,"{L2:1, L3:1}","{L0:1, L2:1, L3:1}",""
2978264742249,PHASE_B,104479,895,SEAL,0,4,32,"","24","","0","","1","","64",0,0,0,"{L0:1, L2:1, L3:1}","{L0:2, L2:1, L3:1}",""
2978264742263,PHASE_B,104479,895,MERGE_SUBMIT,0,4,32,"","","","","","","","",0,0,0,"{L0:2, L2:1, L3:1}","{L0:2, L2:1, L3:1}",""
2978264742375,PHASE_B,104495,898,MERGE_START,0,4,32,"[23,24]","","[0,0]","","[1,1]","","[64,64]","",91,0,0,"{L0:2, L2:1, L3:1}","{L0:2, L2:1, L3:1}",""
2978264742535,PHASE_B,104520,903,MERGE_DONE,0,0,0,"","25","","1","","2","","128",91,182,180,"","",""
2978264742540,PHASE_B,104520,903,MERGE_PUBLISH,0,3,32,"","25","","1","","2","","128",91,186,184,"{L0:2, L2:1, L3:1}","{L1:1, L2:1, L3:1}",""
2978264744720,PHASE_B,104799,959,SEAL,0,4,32,"","26","","0","","1","","64",0,0,0,"{L1:1, L2:1, L3:1}","{L0:1, L1:1, L2:1, L3:1}",""
2978264747049,PHASE_B,105118,1023,SEAL,0,5,32,"","27","","0","","1","","64",0,0,0,"{L0:1, L1:1, L2:1, L3:1}","{L0:2, L1:1, L2:1, L3:1}",""
2978264747061,PHASE_B,105118,1023,MERGE_SUBMIT,0,5,32,"","","","","","","","",0,0,0,"{L0:2, L1:1, L2:1, L3:1}","{L0:2, L1:1, L2:1, L3:1}",""
2978264747134,PHASE_B,105129,1025,MERGE_START,0,5,32,"[26,27]","","[0,0]","","[1,1]","","[64,64]","",64,0,0,"{L0:2, L1:1, L2:1, L3:1}","{L0:2, L1:1, L2:1, L3:1}",""
2978264747250,PHASE_B,105151,1029,MERGE_DONE,0,0,0,"","28","","1","","2","","128",64,125,124,"","",""
2978264747258,PHASE_B,105152,1029,MERGE_PUBLISH,0,4,32,"","28","","1","","2","","128",64,130,130,"{L0:2, L1:1, L2:1, L3:1}","{L1:2, L2:1, L3:1}",""
2978264747267,PHASE_B,105153,1029,MERGE_SUBMIT,5,4,32,"","","","","","","","",0,0,0,"{L1:2, L2:1, L3:1}","{L1:2, L2:1, L3:1}",""
2978264747340,PHASE_B,105158,1032,MERGE_START,0,4,32,"[25,28]","","[1,1]","","[2,2]","","[128,128]","",71,0,0,"{L1:2, L2:1, L3:1}","{L1:2, L2:1, L3:1}",""
2978264747492,PHASE_B,105184,1035,MERGE_DONE,0,0,0,"","29","","2","","4","","256",71,157,157,"","",""
2978264747504,PHASE_B,105187,1037,MERGE_PUBLISH,0,3,32,"","29","","2","","4","","256",71,169,165,"{L1:2, L2:1, L3:1}","{L2:2, L3:1}",""
2978264747509,PHASE_B,105189,1037,MERGE_SUBMIT,13,3,32,"","","","","","","","",0,0,0,"{L2:2, L3:1}","{L2:2, L3:1}",""
2978264747541,PHASE_B,105192,1037,MERGE_START,0,3,32,"[22,29]","","[2,2]","","[4,4]","","[256,256]","",32,0,0,"{L2:2, L3:1}","{L2:2, L3:1}",""
2978264748087,PHASE_B,105262,1050,MERGE_DONE,0,0,0,"","30","","3","","8","","512",32,545,546,"","",""
2978264748094,PHASE_B,105262,1050,MERGE_PUBLISH,0,2,32,"","30","","3","","8","","512",32,552,552,"{L2:2, L3:1}","{L3:2}",""
2978264748102,PHASE_B,105262,1050,MERGE_SUBMIT,29,2,32,"","","","","","","","",0,0,0,"{L3:2}","{L3:2}",""
2978264748133,PHASE_B,105270,1054,MERGE_START,0,2,32,"[15,30]","","[3,3]","","[8,8]","","[512,512]","",22,0,0,"{L3:2}","{L3:2}",""
2978264749369,PHASE_B,105428,1084,MERGE_DONE,0,0,0,"","31","","4","","16","","1024",22,1245,1244,"","",""
2978264749376,PHASE_B,105429,1084,MERGE_PUBLISH,0,1,32,"","31","","4","","16","","1024",22,1251,1251,"{L3:2}","{L4:1}",""
2978264749553,PHASE_B,105440,1086,SEAL,0,2,32,"","32","","0","","1","","64",0,0,0,"{L4:1}","{L0:1, L4:1}",""
2978264751932,PHASE_B,105763,1151,SEAL,0,3,32,"","33","","0","","1","","64",0,0,0,"{L0:1, L4:1}","{L0:2, L4:1}",""
2978264751946,PHASE_B,105763,1151,MERGE_SUBMIT,0,3,32,"","","","","","","","",0,0,0,"{L0:2, L4:1}","{L0:2, L4:1}",""
2978264752061,PHASE_B,105768,1152,MERGE_START,0,3,32,"[32,33]","","[0,0]","","[1,1]","","[64,64]","",95,0,0,"{L0:2, L4:1}","{L0:2, L4:1}",""
2978264752351,PHASE_B,105817,1163,MERGE_DONE,0,0,0,"","34","","1","","2","","128",95,307,307,"","",""
2978264752362,PHASE_B,105819,1163,MERGE_PUBLISH,0,2,32,"","34","","1","","2","","128",95,317,316,"{L0:2, L4:1}","{L1:1, L4:1}",""
2978264754426,PHASE_B,106081,1215,SEAL,0,3,32,"","35","","0","","1","","64",0,0,0,"{L1:1, L4:1}","{L0:1, L1:1, L4:1}",""
2978264756870,PHASE_B,106403,1279,SEAL,0,4,32,"","36","","0","","1","","64",0,0,0,"{L0:1, L1:1, L4:1}","{L0:2, L1:1, L4:1}",""
2978264756882,PHASE_B,106403,1279,MERGE_SUBMIT,0,4,32,"","","","","","","","",0,0,0,"{L0:2, L1:1, L4:1}","{L0:2, L1:1, L4:1}",""
2978264756990,PHASE_B,106421,1283,MERGE_START,0,4,32,"[35,36]","","[0,0]","","[1,1]","","[64,64]","",87,0,0,"{L0:2, L1:1, L4:1}","{L0:2, L1:1, L4:1}",""
2978264757311,PHASE_B,106469,1293,MERGE_DONE,0,0,0,"","37","","1","","2","","128",87,341,339,"","",""
2978264757329,PHASE_B,106472,1293,MERGE_PUBLISH,0,3,32,"","37","","1","","2","","128",87,357,356,"{L0:2, L1:1, L4:1}","{L1:2, L4:1}",""
2978264757338,PHASE_B,106472,1293,MERGE_SUBMIT,13,3,32,"","","","","","","","",0,0,0,"{L1:2, L4:1}","{L1:2, L4:1}",""
2978264757385,PHASE_B,106481,1294,MERGE_START,0,3,32,"[34,37]","","[1,1]","","[2,2]","","[128,128]","",47,0,0,"{L1:2, L4:1}","{L1:2, L4:1}",""
2978264757650,PHASE_B,106517,1302,MERGE_DONE,0,0,0,"","38","","2","","4","","256",47,268,268,"","",""
2978264757656,PHASE_B,106517,1302,MERGE_PUBLISH,0,2,32,"","38","","2","","4","","256",47,273,272,"{L1:2, L4:1}","{L2:1, L4:1}",""
2978264759317,PHASE_B,106726,1343,SEAL,0,3,32,"","39","","0","","1","","64",0,0,0,"{L2:1, L4:1}","{L0:1, L2:1, L4:1}",""
2978264761605,PHASE_B,107043,1407,SEAL,0,4,32,"","40","","0","","1","","64",0,0,0,"{L0:1, L2:1, L4:1}","{L0:2, L2:1, L4:1}",""
2978264761616,PHASE_B,107043,1407,MERGE_SUBMIT,0,4,32,"","","","","","","","",0,0,0,"{L0:2, L2:1, L4:1}","{L0:2, L2:1, L4:1}",""
2978264761734,PHASE_B,107057,1411,MERGE_START,0,4,32,"[39,40]","","[0,0]","","[1,1]","","[64,64]","",92,0,0,"{L0:2, L2:1, L4:1}","{L0:2, L2:1, L4:1}",""
2978264761999,PHASE_B,107098,1419,MERGE_DONE,0,0,0,"","41","","1","","2","","128",92,288,287,"","",""
2978264762056,PHASE_B,107098,1419,MERGE_PUBLISH,0,3,32,"","41","","1","","2","","128",92,340,330,"{L0:2, L2:1, L4:1}","{L1:1, L2:1, L4:1}",""
2978264764110,PHASE_B,107355,1469,SEAL,0,4,32,"","42","","0","","1","","64",0,0,0,"{L1:1, L2:1, L4:1}","{L0:1, L1:1, L2:1, L4:1}",""
2978264766549,PHASE_B,107679,1535,SEAL,0,5,32,"","43","","0","","1","","64",0,0,0,"{L0:1, L1:1, L2:1, L4:1}","{L0:2, L1:1, L2:1, L4:1}",""
2978264766560,PHASE_B,107679,1535,MERGE_SUBMIT,0,5,32,"","","","","","","","",0,0,0,"{L0:2, L1:1, L2:1, L4:1}","{L0:2, L1:1, L2:1, L4:1}",""
2978264766643,PHASE_B,107688,1539,MERGE_START,0,5,32,"[42,43]","","[0,0]","","[1,1]","","[64,64]","",68,0,0,"{L0:2, L1:1, L2:1, L4:1}","{L0:2, L1:1, L2:1, L4:1}",""
2978264766857,PHASE_B,107733,1545,MERGE_DONE,0,0,0,"","44","","1","","2","","128",68,227,226,"","",""
2978264766869,PHASE_B,107733,1545,MERGE_PUBLISH,0,4,32,"","44","","1","","2","","128",68,236,235,"{L0:2, L1:1, L2:1, L4:1}","{L1:2, L2:1, L4:1}",""
2978264766887,PHASE_B,107733,1545,MERGE_SUBMIT,10,4,32,"","","","","","","","",0,0,0,"{L1:2, L2:1, L4:1}","{L1:2, L2:1, L4:1}",""
2978264766943,PHASE_B,107741,1547,MERGE_START,0,4,32,"[41,44]","","[1,1]","","[2,2]","","[128,128]","",56,0,0,"{L1:2, L2:1, L4:1}","{L1:2, L2:1, L4:1}",""
2978264767411,PHASE_B,107803,1560,MERGE_DONE,0,0,0,"","45","","2","","4","","256",56,470,470,"","",""
2978264767419,PHASE_B,107803,1560,MERGE_PUBLISH,0,3,32,"","45","","2","","4","","256",56,477,476,"{L1:2, L2:1, L4:1}","{L2:2, L4:1}",""
2978264767425,PHASE_B,107803,1560,MERGE_SUBMIT,25,3,32,"","","","","","","","",0,0,0,"{L2:2, L4:1}","{L2:2, L4:1}",""
2978264767485,PHASE_B,107822,1563,MERGE_START,0,3,32,"[38,45]","","[2,2]","","[4,4]","","[256,256]","",58,0,0,"{L2:2, L4:1}","{L2:2, L4:1}",""
2978264768359,PHASE_B,107929,1585,MERGE_DONE,0,0,0,"","46","","3","","8","","512",58,876,876,"","",""
2978264768386,PHASE_B,107934,1586,MERGE_PUBLISH,0,2,32,"","46","","3","","8","","512",58,901,891,"{L2:2, L4:1}","{L3:1, L4:1}",""
2978264768985,PHASE_B,107996,1597,SEAL,0,3,32,"","47","","0","","1","","64",0,0,0,"{L3:1, L4:1}","{L0:1, L3:1, L4:1}",""
2978264771320,PHASE_B,108320,1662,SEAL,0,4,32,"","48","","0","","1","","64",0,0,0,"{L0:1, L3:1, L4:1}","{L0:2, L3:1, L4:1}",""
2978264771331,PHASE_B,108320,1662,MERGE_SUBMIT,0,4,32,"","","","","","","","",0,0,0,"{L0:2, L3:1, L4:1}","{L0:2, L3:1, L4:1}",""
2978264771455,PHASE_B,108342,1667,MERGE_START,0,4,32,"[47,48]","","[0,0]","","[1,1]","","[64,64]","",103,0,0,"{L0:2, L3:1, L4:1}","{L0:2, L3:1, L4:1}",""
2978264771743,PHASE_B,108391,1677,MERGE_DONE,0,0,0,"","49","","1","","2","","128",103,305,305,"","",""
2978264771761,PHASE_B,108392,1677,MERGE_PUBLISH,0,3,32,"","49","","1","","2","","128",103,320,319,"{L0:2, L3:1, L4:1}","{L1:1, L3:1, L4:1}",""
2978264773749,PHASE_B,108644,1727,SEAL,0,4,32,"","50","","0","","1","","64",0,0,0,"{L1:1, L3:1, L4:1}","{L0:1, L1:1, L3:1, L4:1}",""
2978264776063,PHASE_B,108956,1789,SEAL,0,5,32,"","51","","0","","1","","64",0,0,0,"{L0:1, L1:1, L3:1, L4:1}","{L0:2, L1:1, L3:1, L4:1}",""
2978264776075,PHASE_B,108956,1789,MERGE_SUBMIT,0,5,32,"","","","","","","","",0,0,0,"{L0:2, L1:1, L3:1, L4:1}","{L0:2, L1:1, L3:1, L4:1}",""
2978264776121,PHASE_B,108956,1789,MERGE_START,0,5,32,"[50,51]","","[0,0]","","[1,1]","","[64,64]","",25,0,0,"{L0:2, L1:1, L3:1, L4:1}","{L0:2, L1:1, L3:1, L4:1}",""
2978264776470,PHASE_B,109017,1803,MERGE_DONE,0,0,0,"","52","","1","","2","","128",25,367,367,"","",""
2978264776486,PHASE_B,109017,1803,MERGE_PUBLISH,0,4,32,"","52","","1","","2","","128",25,378,377,"{L0:2, L1:1, L3:1, L4:1}","{L1:2, L3:1, L4:1}",""
2978264776502,PHASE_B,109017,1803,MERGE_SUBMIT,12,4,32,"","","","","","","","",0,0,0,"{L1:2, L3:1, L4:1}","{L1:2, L3:1, L4:1}",""
2978264776553,PHASE_B,109028,1806,MERGE_START,0,4,32,"[49,52]","","[1,1]","","[2,2]","","[128,128]","",34,0,0,"{L1:2, L3:1, L4:1}","{L1:2, L3:1, L4:1}",""
2978264777090,PHASE_B,109103,1819,MERGE_DONE,0,0,0,"","53","","2","","4","","256",34,556,555,"","",""
2978264777104,PHASE_B,109105,1821,MERGE_PUBLISH,0,3,32,"","53","","2","","4","","256",34,567,566,"{L1:2, L3:1, L4:1}","{L2:1, L3:1, L4:1}",""
2978264778536,PHASE_B,109270,1852,SEAL,0,4,32,"","54","","0","","1","","64",0,0,0,"{L2:1, L3:1, L4:1}","{L0:1, L2:1, L3:1, L4:1}",""
2978264780973,PHASE_B,109602,1918,SEAL,0,5,32,"","55","","0","","1","","64",0,0,0,"{L0:1, L2:1, L3:1, L4:1}","{L0:2, L2:1, L3:1, L4:1}",""
2978264780985,PHASE_B,109602,1918,MERGE_SUBMIT,0,5,32,"","","","","","","","",0,0,0,"{L0:2, L2:1, L3:1, L4:1}","{L0:2, L2:1, L3:1, L4:1}",""
2978264781095,PHASE_B,109612,1923,MERGE_START,0,5,32,"[54,55]","","[0,0]","","[1,1]","","[64,64]","",90,0,0,"{L0:2, L2:1, L3:1, L4:1}","{L0:2, L2:1, L3:1, L4:1}",""
2978264781367,PHASE_B,109667,1931,MERGE_DONE,0,0,0,"","56","","1","","2","","128",90,288,288,"","",""
2978264781409,PHASE_B,109669,1931,MERGE_PUBLISH,0,4,32,"","56","","1","","2","","128",90,326,311,"{L0:2, L2:1, L3:1, L4:1}","{L1:1, L2:1, L3:1, L4:1}",""
2978264783573,PHASE_B,109916,1982,SEAL,0,5,32,"","57","","0","","1","","64",0,0,0,"{L1:1, L2:1, L3:1, L4:1}","{L0:1, L1:1, L2:1, L3:1, L4:1}",""
2978264786258,PHASE_B,110245,2047,SEAL,0,6,32,"","58","","0","","1","","64",0,0,0,"{L0:1, L1:1, L2:1, L3:1, L4:1}","{L0:2, L1:1, L2:1, L3:1, L4:1}",""
2978264786271,PHASE_B,110245,2047,MERGE_SUBMIT,0,6,32,"","","","","","","","",0,0,0,"{L0:2, L1:1, L2:1, L3:1, L4:1}","{L0:2, L1:1, L2:1, L3:1, L4:1}",""
2978264786322,PHASE_B,110249,2048,MERGE_START,0,6,32,"[57,58]","","[0,0]","","[1,1]","","[64,64]","",29,0,0,"{L0:2, L1:1, L2:1, L3:1, L4:1}","{L0:2, L1:1, L2:1, L3:1, L4:1}",""
2978264786628,PHASE_B,110296,2057,MERGE_DONE,0,0,0,"","59","","1","","2","","128",29,324,324,"","",""
2978264786665,PHASE_B,110296,2057,MERGE_PUBLISH,0,5,32,"","59","","1","","2","","128",29,355,347,"{L0:2, L1:1, L2:1, L3:1, L4:1}","{L1:2, L2:1, L3:1, L4:1}",""
2978264786682,PHASE_B,110296,2057,MERGE_SUBMIT,12,5,32,"","","","","","","","",0,0,0,"{L1:2, L2:1, L3:1, L4:1}","{L1:2, L2:1, L3:1, L4:1}",""
2978264786744,PHASE_B,110314,2062,MERGE_START,0,5,32,"[56,59]","","[1,1]","","[2,2]","","[128,128]","",61,0,0,"{L1:2, L2:1, L3:1, L4:1}","{L1:2, L2:1, L3:1, L4:1}",""
2978264787264,PHASE_B,110390,2077,MERGE_DONE,0,0,0,"","60","","2","","4","","256",61,525,525,"","",""
2978264787278,PHASE_B,110391,2077,MERGE_PUBLISH,0,4,32,"","60","","2","","4","","256",61,534,534,"{L1:2, L2:1, L3:1, L4:1}","{L2:2, L3:1, L4:1}",""
2978264787288,PHASE_B,110391,2077,MERGE_SUBMIT,29,4,32,"","","","","","","","",0,0,0,"{L2:2, L3:1, L4:1}","{L2:2, L3:1, L4:1}",""
2978264787375,PHASE_B,110404,2080,MERGE_START,0,4,32,"[53,60]","","[2,2]","","[4,4]","","[256,256]","",75,0,0,"{L2:2, L3:1, L4:1}","{L2:2, L3:1, L4:1}",""
2978264788610,PHASE_B,110548,2109,MERGE_DONE,0,0,0,"","61","","3","","8","","512",75,1246,1245,"","",""
2978264788653,PHASE_B,110559,2110,MERGE_PUBLISH,0,3,32,"","61","","3","","8","","512",75,1286,1274,"{L2:2, L3:1, L4:1}","{L3:2, L4:1}",""
2978264788671,PHASE_B,110559,2110,MERGE_SUBMIT,62,3,32,"","","","","","","","",0,0,0,"{L3:2, L4:1}","{L3:2, L4:1}",""
2978264788695,PHASE_B,110559,2110,MERGE_START,0,3,32,"[46,61]","","[3,3]","","[8,8]","","[512,512]","",19,0,0,"{L3:2, L4:1}","{L3:2, L4:1}",""
2978264788779,PHASE_B,110559,2110,SEAL,0,4,32,"","62","","0","","1","","64",0,0,0,"{L3:2, L4:1}","{L0:1, L3:2, L4:1}",""
2978264791154,PHASE_B,110882,2175,SEAL,0,5,32,"","64","","0","","1","","64",0,0,0,"{L0:1, L3:2, L4:1}","{L0:2, L3:2, L4:1}",""
2978264791298,PHASE_B,110896,2177,MERGE_DONE,0,0,0,"","63","","4","","16","","1024",19,2608,2608,"","",""
2978264791315,PHASE_B,110896,2177,MERGE_PUBLISH,0,4,32,"","63","","4","","16","","1024",19,2621,2621,"{L0:2, L3:2, L4:1}","{L0:2, L4:2}",""
2978264791326,PHASE_B,110901,2182,MERGE_SUBMIT,5,4,32,"","","","","","","","",0,0,0,"{L0:2, L4:2}","{L0:2, L4:2}",""
2978264791429,PHASE_B,110930,2185,MERGE_START,0,4,32,"[62,64]","","[0,0]","","[1,1]","","[64,64]","",87,0,0,"{L0:2, L4:2}","{L0:2, L4:2}",""
2978264791719,PHASE_B,110971,2193,MERGE_DONE,0,0,0,"","65","","1","","2","","128",87,307,306,"","",""
2978264791733,PHASE_B,110972,2193,MERGE_PUBLISH,0,3,32,"","65","","1","","2","","128",87,319,317,"{L0:2, L4:2}","{L1:1, L4:2}",""
2978264791751,PHASE_B,110972,2193,MERGE_SUBMIT,17,3,32,"","","","","","","","",0,0,0,"{L1:1, L4:2}","{L1:1, L4:2}",""
2978264791772,PHASE_B,110978,2194,MERGE_START,0,3,32,"[31,63]","","[4,4]","","[16,16]","","[1024,1024]","",18,0,0,"{L1:1, L4:2}","{L1:1, L4:2}",""
2978264793637,PHASE_B,111204,2239,SEAL,0,4,32,"","67","","0","","1","","64",0,0,0,"{L1:1, L4:2}","{L0:1, L1:1, L4:2}",""
2978264796106,PHASE_B,111508,2300,SEAL,0,5,32,"","68","","0","","1","","64",0,0,0,"{L0:1, L1:1, L4:2}","{L0:2, L1:1, L4:2}",""
2978264797135,PHASE_B,111670,2334,MERGE_DONE,0,0,0,"","66","","5","","32","","2048",18,5367,5368,"","",""
2978264797161,PHASE_B,111677,2334,MERGE_PUBLISH,0,4,32,"","66","","5","","32","","2048",18,5389,5389,"{L0:2, L1:1, L4:2}","{L0:2, L1:1, L5:1}",""
2978264797175,PHASE_B,111680,2334,MERGE_SUBMIT,30,4,32,"","","","","","","","",0,0,0,"{L0:2, L1:1, L5:1}","{L0:2, L1:1, L5:1}",""
2978264797278,PHASE_B,111685,2336,MERGE_START,0,4,32,"[67,68]","","[0,0]","","[1,1]","","[64,64]","",85,0,0,"{L0:2, L1:1, L5:1}","{L0:2, L1:1, L5:1}",""
2978264797645,PHASE_B,111741,2347,MERGE_DONE,0,0,0,"","69","","1","","2","","128",85,385,385,"","",""
2978264797661,PHASE_B,111742,2347,MERGE_PUBLISH,0,3,32,"","69","","1","","2","","128",85,398,397,"{L0:2, L1:1, L5:1}","{L1:2, L5:1}",""
2978264797683,PHASE_B,111744,2348,MERGE_SUBMIT,43,3,32,"","","","","","","","",0,0,0,"{L1:2, L5:1}","{L1:2, L5:1}",""
2978264797757,PHASE_B,111746,2348,MERGE_START,0,3,32,"[65,69]","","[1,1]","","[2,2]","","[128,128]","",77,0,0,"{L1:2, L5:1}","{L1:2, L5:1}",""
2978264798275,PHASE_B,111813,2361,MERGE_DONE,0,0,0,"","70","","2","","4","","256",77,522,522,"","",""
2978264798286,PHASE_B,111816,2361,MERGE_PUBLISH,0,2,32,"","70","","2","","4","","256",77,531,530,"{L1:2, L5:1}","{L2:1, L5:1}",""
2978264798613,PHASE_B,111834,2366,SEAL,0,3,32,"","71","","0","","1","","64",0,0,0,"{L2:1, L5:1}","{L0:1, L2:1, L5:1}",""
2978264800964,PHASE_B,112158,2431,SEAL,0,4,32,"","72","","0","","1","","64",0,0,0,"{L0:1, L2:1, L5:1}","{L0:2, L2:1, L5:1}",""
2978264800976,PHASE_B,112158,2431,MERGE_SUBMIT,0,4,32,"","","","","","","","",0,0,0,"{L0:2, L2:1, L5:1}","{L0:2, L2:1, L5:1}",""
2978264801092,PHASE_B,112175,2435,MERGE_START,0,4,32,"[71,72]","","[0,0]","","[1,1]","","[64,64]","",94,0,0,"{L0:2, L2:1, L5:1}","{L0:2, L2:1, L5:1}",""
2978264801380,PHASE_B,112225,2444,MERGE_DONE,0,0,0,"","73","","1","","2","","128",94,306,306,"","",""
2978264801397,PHASE_B,112225,2444,MERGE_PUBLISH,0,3,32,"","73","","1","","2","","128",94,319,318,"{L0:2, L2:1, L5:1}","{L1:1, L2:1, L5:1}",""
2978264803456,PHASE_B,112469,2493,SEAL,0,4,32,"","74","","0","","1","","64",0,0,0,"{L1:1, L2:1, L5:1}","{L0:1, L1:1, L2:1, L5:1}",""
2978264805937,PHASE_B,112802,2558,SEAL,0,5,32,"","75","","0","","1","","64",0,0,0,"{L0:1, L1:1, L2:1, L5:1}","{L0:2, L1:1, L2:1, L5:1}",""
2978264805949,PHASE_B,112802,2558,MERGE_SUBMIT,0,5,32,"","","","","","","","",0,0,0,"{L0:2, L1:1, L2:1, L5:1}","{L0:2, L1:1, L2:1, L5:1}",""
2978264806073,PHASE_B,112814,2563,MERGE_START,0,5,32,"[74,75]","","[0,0]","","[1,1]","","[64,64]","",102,0,0,"{L0:2, L1:1, L2:1, L5:1}","{L0:2, L1:1, L2:1, L5:1}",""
2978264806340,PHASE_B,112863,2572,MERGE_DONE,0,0,0,"","76","","1","","2","","128",102,285,285,"","",""
2978264806357,PHASE_B,112864,2572,MERGE_PUBLISH,0,4,32,"","76","","1","","2","","128",102,299,298,"{L0:2, L1:1, L2:1, L5:1}","{L1:2, L2:1, L5:1}",""
2978264806375,PHASE_B,112864,2572,MERGE_SUBMIT,12,4,32,"","","","","","","","",0,0,0,"{L1:2, L2:1, L5:1}","{L1:2, L2:1, L5:1}",""
2978264806442,PHASE_B,112873,2575,MERGE_START,0,4,32,"[73,76]","","[1,1]","","[2,2]","","[128,128]","",69,0,0,"{L1:2, L2:1, L5:1}","{L1:2, L2:1, L5:1}",""
2978264806934,PHASE_B,112944,2588,MERGE_DONE,0,0,0,"","77","","2","","4","","256",69,497,497,"","",""
2978264806947,PHASE_B,112944,2588,MERGE_PUBLISH,0,3,32,"","77","","2","","4","","256",69,505,505,"{L1:2, L2:1, L5:1}","{L2:2, L5:1}",""
2978264806956,PHASE_B,112944,2588,MERGE_SUBMIT,29,3,32,"","","","","","","","",0,0,0,"{L2:2, L5:1}","{L2:2, L5:1}",""
2978264807060,PHASE_B,112967,2592,MERGE_START,0,3,32,"[70,77]","","[2,2]","","[4,4]","","[256,256]","",85,0,0,"{L2:2, L5:1}","{L2:2, L5:1}",""
2978264808147,PHASE_B,113091,2618,MERGE_DONE,0,0,0,"","78","","3","","8","","512",85,1104,1103,"","",""
2978264808194,PHASE_B,113104,2620,MERGE_PUBLISH,0,2,32,"","78","","3","","8","","512",85,1148,1129,"{L2:2, L5:1}","{L3:1, L5:1}",""
2978264808402,PHASE_B,113128,2623,SEAL,0,3,32,"","79","","0","","1","","64",0,0,0,"{L3:1, L5:1}","{L0:1, L3:1, L5:1}",""
2978264810770,PHASE_B,113429,2685,SEAL,0,4,32,"","80","","0","","1","","64",0,0,0,"{L0:1, L3:1, L5:1}","{L0:2, L3:1, L5:1}",""
2978264810782,PHASE_B,113429,2685,MERGE_SUBMIT,0,4,32,"","","","","","","","",0,0,0,"{L0:2, L3:1, L5:1}","{L0:2, L3:1, L5:1}",""
2978264810890,PHASE_B,113452,2691,MERGE_START,0,4,32,"[79,80]","","[0,0]","","[1,1]","","[64,64]","",86,0,0,"{L0:2, L3:1, L5:1}","{L0:2, L3:1, L5:1}",""
2978264811198,PHASE_B,113504,2701,MERGE_DONE,0,0,0,"","81","","1","","2","","128",86,326,325,"","",""
2978264811215,PHASE_B,113506,2701,MERGE_PUBLISH,0,3,32,"","81","","1","","2","","128",86,340,338,"{L0:2, L3:1, L5:1}","{L1:1, L3:1, L5:1}",""
2978264813374,PHASE_B,113762,2751,SEAL,0,4,32,"","82","","0","","1","","64",0,0,0,"{L1:1, L3:1, L5:1}","{L0:1, L1:1, L3:1, L5:1}",""
2978264815814,PHASE_B,114082,2814,SEAL,0,5,32,"","83","","0","","1","","64",0,0,0,"{L0:1, L1:1, L3:1, L5:1}","{L0:2, L1:1, L3:1, L5:1}",""
2978264815826,PHASE_B,114082,2814,MERGE_SUBMIT,0,5,32,"","","","","","","","",0,0,0,"{L0:2, L1:1, L3:1, L5:1}","{L0:2, L1:1, L3:1, L5:1}",""
2978264815935,PHASE_B,114097,2820,MERGE_START,0,5,32,"[82,83]","","[0,0]","","[1,1]","","[64,64]","",85,0,0,"{L0:2, L1:1, L3:1, L5:1}","{L0:2, L1:1, L3:1, L5:1}",""
2978264816221,PHASE_B,114133,2826,MERGE_DONE,0,0,0,"","84","","1","","2","","128",85,306,306,"","",""
2978264816239,PHASE_B,114133,2826,MERGE_PUBLISH,0,4,32,"","84","","1","","2","","128",85,319,318,"{L0:2, L1:1, L3:1, L5:1}","{L1:2, L3:1, L5:1}",""
2978264816258,PHASE_B,114133,2826,MERGE_SUBMIT,13,4,32,"","","","","","","","",0,0,0,"{L1:2, L3:1, L5:1}","{L1:2, L3:1, L5:1}",""
2978264816323,PHASE_B,114167,2830,MERGE_START,0,4,32,"[81,84]","","[1,1]","","[2,2]","","[128,128]","",64,0,0,"{L1:2, L3:1, L5:1}","{L1:2, L3:1, L5:1}",""
2978264816837,PHASE_B,114223,2845,MERGE_DONE,0,0,0,"","85","","2","","4","","256",64,520,520,"","",""
2978264816851,PHASE_B,114223,2845,MERGE_PUBLISH,0,3,32,"","85","","2","","4","","256",64,530,530,"{L1:2, L3:1, L5:1}","{L2:1, L3:1, L5:1}",""
2978264818289,PHASE_B,114393,2877,SEAL,0,4,32,"","86","","0","","1","","64",0,0,0,"{L2:1, L3:1, L5:1}","{L0:1, L2:1, L3:1, L5:1}",""
2978264820750,PHASE_B,114718,2942,SEAL,0,5,32,"","87","","0","","1","","64",0,0,0,"{L0:1, L2:1, L3:1, L5:1}","{L0:2, L2:1, L3:1, L5:1}",""
2978264820763,PHASE_B,114718,2942,MERGE_SUBMIT,0,5,32,"","","","","","","","",0,0,0,"{L0:2, L2:1, L3:1, L5:1}","{L0:2, L2:1, L3:1, L5:1}",""
2978264820827,PHASE_B,114728,2944,MERGE_START,0,5,32,"[86,87]","","[0,0]","","[1,1]","","[64,64]","",38,0,0,"{L0:2, L2:1, L3:1, L5:1}","{L0:2, L2:1, L3:1, L5:1}",""
2978264821185,PHASE_B,114784,2955,MERGE_DONE,0,0,0,"","88","","1","","2","","128",38,378,378,"","",""
2978264821208,PHASE_B,114784,2955,MERGE_PUBLISH,0,4,32,"","88","","1","","2","","128",38,398,397,"{L0:2, L2:1, L3:1, L5:1}","{L1:1, L2:1, L3:1, L5:1}",""
2978264823167,PHASE_B,115034,3006,SEAL,0,5,32,"","89","","0","","1","","64",0,0,0,"{L1:1, L2:1, L3:1, L5:1}","{L0:1, L1:1, L2:1, L3:1, L5:1}",""
2978264825462,PHASE_B,115367,3071,SEAL,0,6,32,"","90","","0","","1","","64",0,0,0,"{L0:1, L1:1, L2:1, L3:1, L5:1}","{L0:2, L1:1, L2:1, L3:1, L5:1}",""
2978264825474,PHASE_B,115367,3071,MERGE_SUBMIT,0,6,32,"","","","","","","","",0,0,0,"{L0:2, L1:1, L2:1, L3:1, L5:1}","{L0:2, L1:1, L2:1, L3:1, L5:1}",""
2978264825517,PHASE_B,115373,3072,MERGE_START,0,6,32,"[89,90]","","[0,0]","","[1,1]","","[64,64]","",21,0,0,"{L0:2, L1:1, L2:1, L3:1, L5:1}","{L0:2, L1:1, L2:1, L3:1, L5:1}",""
2978264825806,PHASE_B,115416,3082,MERGE_DONE,0,0,0,"","91","","1","","2","","128",21,307,306,"","",""
2978264825856,PHASE_B,115416,3082,MERGE_PUBLISH,0,5,32,"","91","","1","","2","","128",21,350,332,"{L0:2, L1:1, L2:1, L3:1, L5:1}","{L1:2, L2:1, L3:1, L5:1}",""
2978264825874,PHASE_B,115416,3082,MERGE_SUBMIT,12,5,32,"","","","","","","","",0,0,0,"{L1:2, L2:1, L3:1, L5:1}","{L1:2, L2:1, L3:1, L5:1}",""
2978264825949,PHASE_B,115421,3085,MERGE_START,0,5,32,"[88,91]","","[1,1]","","[2,2]","","[128,128]","",74,0,0,"{L1:2, L2:1, L3:1, L5:1}","{L1:2, L2:1, L3:1, L5:1}",""
2978264826459,PHASE_B,115504,3100,MERGE_DONE,0,0,0,"","92","","2","","4","","256",74,515,515,"","",""
2978264826495,PHASE_B,115507,3101,MERGE_PUBLISH,0,4,32,"","92","","2","","4","","256",74,541,547,"{L1:2, L2:1, L3:1, L5:1}","{L2:2, L3:1, L5:1}",""
2978264826506,PHASE_B,115507,3101,MERGE_SUBMIT,29,4,32,"","","","","","","","",0,0,0,"{L2:2, L3:1, L5:1}","{L2:2, L3:1, L5:1}",""
2978264826607,PHASE_B,115519,3104,MERGE_START,0,4,32,"[85,92]","","[2,2]","","[4,4]","","[256,256]","",83,0,0,"{L2:2, L3:1, L5:1}","{L2:2, L3:1, L5:1}",""
2978264827679,PHASE_B,115666,3130,MERGE_DONE,0,0,0,"","93","","3","","8","","512",83,1090,1089,"","",""
2978264827724,PHASE_B,115666,3130,MERGE_PUBLISH,0,3,32,"","93","","3","","8","","512",83,1131,1119,"{L2:2, L3:1, L5:1}","{L3:2, L5:1}",""
2978264827742,PHASE_B,115666,3130,MERGE_SUBMIT,59,3,32,"","","","","","","","",0,0,0,"{L3:2, L5:1}","{L3:2, L5:1}",""
2978264827844,PHASE_B,115674,3132,MERGE_START,0,3,32,"[78,93]","","[3,3]","","[8,8]","","[512,512]","",86,0,0,"{L3:2, L5:1}","{L3:2, L5:1}",""
2978264827959,PHASE_B,115674,3132,SEAL,0,4,32,"","94","","0","","1","","64",0,0,0,"{L3:2, L5:1}","{L0:1, L3:2, L5:1}",""
2978264830397,PHASE_B,116002,3199,SEAL,0,5,32,"","96","","0","","1","","64",0,0,0,"{L0:1, L3:2, L5:1}","{L0:2, L3:2, L5:1}",""
2978264830553,PHASE_B,116025,3204,MERGE_DONE,0,0,0,"","95","","4","","16","","1024",86,2725,2725,"","",""
2978264830572,PHASE_B,116025,3204,MERGE_PUBLISH,0,4,32,"","95","","4","","16","","1024",86,2740,2739,"{L0:2, L3:2, L5:1}","{L0:2, L4:1, L5:1}",""
2978264830591,PHASE_B,116025,3204,MERGE_SUBMIT,4,4,32,"","","","","","","","",0,0,0,"{L0:2, L4:1, L5:1}","{L0:2, L4:1, L5:1}",""
2978264830692,PHASE_B,116043,3208,MERGE_START,0,4,32,"[94,96]","","[0,0]","","[1,1]","","[64,64]","",85,0,0,"{L0:2, L4:1, L5:1}","{L0:2, L4:1, L5:1}",""
2978264831034,PHASE_B,116100,3218,MERGE_DONE,0,0,0,"","97","","1","","2","","128",85,360,360,"","",""
2978264831052,PHASE_B,116100,3218,MERGE_PUBLISH,0,3,32,"","97","","1","","2","","128",85,375,373,"{L0:2, L4:1, L5:1}","{L1:1, L4:1, L5:1}",""
2978264832862,PHASE_B,116315,3261,SEAL,0,4,32,"","98","","0","","1","","64",0,0,0,"{L1:1, L4:1, L5:1}","{L0:1, L1:1, L4:1, L5:1}",""
2978264835148,PHASE_B,116635,3326,SEAL,0,5,32,"","99","","0","","1","","64",0,0,0,"{L0:1, L1:1, L4:1, L5:1}","{L0:2, L1:1, L4:1, L5:1}",""
2978264835164,PHASE_B,116635,3326,MERGE_SUBMIT,0,5,32,"","","","","","","","",0,0,0,"{L0:2, L1:1, L4:1, L5:1}","{L0:2, L1:1, L4:1, L5:1}",""
2978264835276,PHASE_B,116654,3331,MERGE_START,0,5,32,"[98,99]","","[0,0]","","[1,1]","","[64,64]","",90,0,0,"{L0:2, L1:1, L4:1, L5:1}","{L0:2, L1:1, L4:1, L5:1}",""
2978264835563,PHASE_B,116703,3339,MERGE_DONE,0,0,0,"","100","","1","","2","","128",90,306,305,"","",""
2978264835580,PHASE_B,116703,3339,MERGE_PUBLISH,0,4,32,"","100","","1","","2","","128",90,319,317,"{L0:2, L1:1, L4:1, L5:1}","{L1:2, L4:1, L5:1}",""
2978264835597,PHASE_B,116703,3339,MERGE_SUBMIT,13,4,32,"","","","","","","","",0,0,0,"{L1:2, L4:1, L5:1}","{L1:2, L4:1, L5:1}",""
2978264835660,PHASE_B,116723,3343,MERGE_START,0,4,32,"[97,100]","","[1,1]","","[2,2]","","[128,128]","",66,0,0,"{L1:2, L4:1, L5:1}","{L1:2, L4:1, L5:1}",""
2978264836183,PHASE_B,116793,3357,MERGE_DONE,0,0,0,"","101","","2","","4","","256",66,527,528,"","",""
2978264836196,PHASE_B,116793,3357,MERGE_PUBLISH,0,3,32,"","101","","2","","4","","256",66,537,536,"{L1:2, L4:1, L5:1}","{L2:1, L4:1, L5:1}",""
2978264837577,PHASE_B,116957,3391,SEAL,0,4,32,"","102","","0","","1","","64",0,0,0,"{L2:1, L4:1, L5:1}","{L0:1, L2:1, L4:1, L5:1}",""
2978264839964,PHASE_B,117282,3455,SEAL,0,5,32,"","103","","0","","1","","64",0,0,0,"{L0:1, L2:1, L4:1, L5:1}","{L0:2, L2:1, L4:1, L5:1}",""
2978264839976,PHASE_B,117282,3455,MERGE_SUBMIT,0,5,32,"","","","","","","","",0,0,0,"{L0:2, L2:1, L4:1, L5:1}","{L0:2, L2:1, L4:1, L5:1}",""
2978264840083,PHASE_B,117298,3459,MERGE_START,0,5,32,"[102,103]","","[0,0]","","[1,1]","","[64,64]","",84,0,0,"{L0:2, L2:1, L4:1, L5:1}","{L0:2, L2:1, L4:1, L5:1}",""
2978264840356,PHASE_B,117339,3467,MERGE_DONE,0,0,0,"","104","","1","","2","","128",84,293,292,"","",""
2978264840377,PHASE_B,117345,3468,MERGE_PUBLISH,0,4,32,"","104","","1","","2","","128",84,309,308,"{L0:2, L2:1, L4:1, L5:1}","{L1:1, L2:1, L4:1, L5:1}",""
2978264842412,PHASE_B,117598,3519,SEAL,0,5,32,"","105","","0","","1","","64",0,0,0,"{L1:1, L2:1, L4:1, L5:1}","{L0:1, L1:1, L2:1, L4:1, L5:1}",""
2978264844775,PHASE_B,117914,3581,SEAL,0,6,32,"","106","","0","","1","","64",0,0,0,"{L0:1, L1:1, L2:1, L4:1, L5:1}","{L0:2, L1:1, L2:1, L4:1, L5:1}",""
2978264844788,PHASE_B,117914,3581,MERGE_SUBMIT,0,6,32,"","","","","","","","",0,0,0,"{L0:2, L1:1, L2:1, L4:1, L5:1}","{L0:2, L1:1, L2:1, L4:1, L5:1}",""
2978264844890,PHASE_B,117914,3581,MERGE_START,0,6,32,"[105,106]","","[0,0]","","[1,1]","","[64,64]","",32,0,0,"{L0:2, L1:1, L2:1, L4:1, L5:1}","{L0:2, L1:1, L2:1, L4:1, L5:1}",""
2978264845201,PHASE_B,117966,3591,MERGE_DONE,0,0,0,"","107","","1","","2","","128",32,377,340,"","",""
2978264845238,PHASE_B,117975,3595,MERGE_PUBLISH,0,5,32,"","107","","1","","2","","128",32,408,363,"{L0:2, L1:1, L2:1, L4:1, L5:1}","{L1:2, L2:1, L4:1, L5:1}",""
2978264845254,PHASE_B,117979,3596,MERGE_SUBMIT,11,5,32,"","","","","","","","",0,0,0,"{L1:2, L2:1, L4:1, L5:1}","{L1:2, L2:1, L4:1, L5:1}",""
2978264845317,PHASE_B,117988,3597,MERGE_START,0,5,32,"[104,107]","","[1,1]","","[2,2]","","[128,128]","",63,0,0,"{L1:2, L2:1, L4:1, L5:1}","{L1:2, L2:1, L4:1, L5:1}",""
2978264845842,PHASE_B,118059,3609,MERGE_DONE,0,0,0,"","108","","2","","4","","256",63,529,530,"","",""
2978264845873,PHASE_B,118068,3614,MERGE_PUBLISH,0,4,32,"","108","","2","","4","","256",63,557,557,"{L1:2, L2:1, L4:1, L5:1}","{L2:2, L4:1, L5:1}",""
2978264845884,PHASE_B,118068,3614,MERGE_SUBMIT,30,4,32,"","","","","","","","",0,0,0,"{L2:2, L4:1, L5:1}","{L2:2, L4:1, L5:1}",""
2978264845988,PHASE_B,118087,3617,MERGE_START,0,4,32,"[101,108]","","[2,2]","","[4,4]","","[256,256]","",86,0,0,"{L2:2, L4:1, L5:1}","{L2:2, L4:1, L5:1}",""
2978264847111,PHASE_B,118219,3642,MERGE_DONE,0,0,0,"","109","","3","","8","","512",86,1141,1140,"","",""
2978264847162,PHASE_B,118229,3644,MERGE_PUBLISH,0,3,32,"","109","","3","","8","","512",86,1187,1170,"{L2:2, L4:1, L5:1}","{L3:1, L4:1, L5:1}",""
2978264847366,PHASE_B,118232,3646,SEAL,0,4,32,"","110","","0","","1","","64",0,0,0,"{L3:1, L4:1, L5:1}","{L0:1, L3:1, L4:1, L5:1}",""
2978264849758,PHASE_B,118561,3710,SEAL,0,5,32,"","111","","0","","1","","64",0,0,0,"{L0:1, L3:1, L4:1, L5:1}","{L0:2, L3:1, L4:1, L5:1}",""
2978264849770,PHASE_B,118561,3710,MERGE_SUBMIT,0,5,32,"","","","","","","","",0,0,0,"{L0:2, L3:1, L4:1, L5:1}","{L0:2, L3:1, L4:1, L5:1}",""
2978264849878,PHASE_B,118572,3715,MERGE_START,0,5,32,"[110,111]","","[0,0]","","[1,1]","","[64,64]","",85,0,0,"{L0:2, L3:1, L4:1, L5:1}","{L0:2, L3:1, L4:1, L5:1}",""
2978264850196,PHASE_B,118619,3725,MERGE_DONE,0,0,0,"","112","","1","","2","","128",85,337,337,"","",""
2978264850215,PHASE_B,118619,3725,MERGE_PUBLISH,0,4,32,"","112","","1","","2","","128",85,351,350,"{L0:2, L3:1, L4:1, L5:1}","{L1:1, L3:1, L4:1, L5:1}",""
2978264852259,PHASE_B,118884,3775,SEAL,0,5,32,"","113","","0","","1","","64",0,0,0,"{L1:1, L3:1, L4:1, L5:1}","{L0:1, L1:1, L3:1, L4:1, L5:1}",""
2978264854720,PHASE_B,119197,3839,SEAL,0,6,32,"","114","","0","","1","","64",0,0,0,"{L0:1, L1:1, L3:1, L4:1, L5:1}","{L0:2, L1:1, L3:1, L4:1, L5:1}",""
2978264854735,PHASE_B,119197,3839,MERGE_SUBMIT,0,6,32,"","","","","","","","",0,0,0,"{L0:2, L1:1, L3:1, L4:1, L5:1}","{L0:2, L1:1, L3:1, L4:1, L5:1}",""
2978264854845,PHASE_B,119214,3843,MERGE_START,0,6,32,"[113,114]","","[0,0]","","[1,1]","","[64,64]","",87,0,0,"{L0:2, L1:1, L3:1, L4:1, L5:1}","{L0:2, L1:1, L3:1, L4:1, L5:1}",""
2978264855131,PHASE_B,119262,3850,MERGE_DONE,0,0,0,"","115","","1","","2","","128",87,306,305,"","",""
2978264855151,PHASE_B,119262,3850,MERGE_PUBLISH,0,5,32,"","115","","1","","2","","128",87,320,318,"{L0:2, L1:1, L3:1, L4:1, L5:1}","{L1:2, L3:1, L4:1, L5:1}",""
2978264855186,PHASE_B,119265,3853,MERGE_SUBMIT,12,5,32,"","","","","","","","",0,0,0,"{L1:2, L3:1, L4:1, L5:1}","{L1:2, L3:1, L4:1, L5:1}",""
2978264855211,PHASE_B,119268,3853,MERGE_START,0,5,32,"[112,115]","","[1,1]","","[2,2]","","[128,128]","",22,0,0,"{L1:2, L3:1, L4:1, L5:1}","{L1:2, L3:1, L4:1, L5:1}",""
2978264855770,PHASE_B,119353,3869,MERGE_DONE,0,0,0,"","116","","2","","4","","256",22,568,568,"","",""
2978264855804,PHASE_B,119353,3869,MERGE_PUBLISH,0,4,32,"","116","","2","","4","","256",22,592,585,"{L1:2, L3:1, L4:1, L5:1}","{L2:1, L3:1, L4:1, L5:1}",""
2978264857266,PHASE_B,119517,3901,SEAL,0,5,32,"","117","","0","","1","","64",0,0,0,"{L2:1, L3:1, L4:1, L5:1}","{L0:1, L2:1, L3:1, L4:1, L5:1}",""
2978264859719,PHASE_B,119830,3964,SEAL,0,6,32,"","118","","0","","1","","64",0,0,0,"{L0:1, L2:1, L3:1, L4:1, L5:1}","{L0:2, L2:1, L3:1, L4:1, L5:1}",""
2978264859732,PHASE_B,119830,3964,MERGE_SUBMIT,0,6,32,"","","","","","","","",0,0,0,"{L0:2, L2:1, L3:1, L4:1, L5:1}","{L0:2, L2:1, L3:1, L4:1, L5:1}",""
2978264859843,PHASE_B,119863,3971,MERGE_START,0,6,32,"[117,118]","","[0,0]","","[1,1]","","[64,64]","",88,0,0,"{L0:2, L2:1, L3:1, L4:1, L5:1}","{L0:2, L2:1, L3:1, L4:1, L5:1}",""
2978264860172,PHASE_B,119911,3980,MERGE_DONE,0,0,0,"","119","","1","","2","","128",88,349,349,"","",""
2978264860255,PHASE_B,119921,3982,MERGE_PUBLISH,0,5,32,"","119","","1","","2","","128",88,424,386,"{L0:2, L2:1, L3:1, L4:1, L5:1}","{L1:1, L2:1, L3:1, L4:1, L5:1}",""
2978264862168,PHASE_B,120160,4031,SEAL,0,6,32,"","120","","0","","1","","64",0,0,0,"{L1:1, L2:1, L3:1, L4:1, L5:1}","{L0:1, L1:1, L2:1, L3:1, L4:1, L5:1}",""
2978264864540,PHASE_B,120482,4095,SEAL,0,7,32,"","121","","0","","1","","64",0,0,0,"{L0:1, L1:1, L2:1, L3:1, L4:1, L5:1}","{L0:2, L1:1, L2:1, L3:1, L4:1, L5:1}",""
2978264864554,PHASE_B,120482,4095,MERGE_SUBMIT,0,7,32,"","","","","","","","",0,0,0,"{L0:2, L1:1, L2:1, L3:1, L4:1, L5:1}","{L0:2, L1:1, L2:1, L3:1, L4:1, L5:1}",""
2978264864609,PHASE_B,120490,4097,MERGE_START,0,7,32,"[120,121]","","[0,0]","","[1,1]","","[64,64]","",31,0,0,"{L0:2, L1:1, L2:1, L3:1, L4:1, L5:1}","{L0:2, L1:1, L2:1, L3:1, L4:1, L5:1}",""
2978264864897,PHASE_B,120532,4105,MERGE_DONE,0,0,0,"","122","","1","","2","","128",31,310,309,"","",""
2978264864941,PHASE_B,120532,4105,MERGE_PUBLISH,0,6,32,"","122","","1","","2","","128",31,345,336,"{L0:2, L1:1, L2:1, L3:1, L4:1, L5:1}","{L1:2, L2:1, L3:1, L4:1, L5:1}",""
2978264864960,PHASE_B,120532,4105,MERGE_SUBMIT,11,6,32,"","","","","","","","",0,0,0,"{L1:2, L2:1, L3:1, L4:1, L5:1}","{L1:2, L2:1, L3:1, L4:1, L5:1}",""
2978264865065,PHASE_B,120554,4110,MERGE_START,0,6,32,"[119,122]","","[1,1]","","[2,2]","","[128,128]","",87,0,0,"{L1:2, L2:1, L3:1, L4:1, L5:1}","{L1:2, L2:1, L3:1, L4:1, L5:1}",""
2978264865618,PHASE_B,120629,4124,MERGE_DONE,0,0,0,"","123","","2","","4","","256",87,573,572,"","",""
2978264865638,PHASE_B,120629,4124,MERGE_PUBLISH,0,5,32,"","123","","2","","4","","256",87,587,586,"{L1:2, L2:1, L3:1, L4:1, L5:1}","{L2:2, L3:1, L4:1, L5:1}",""
2978264865656,PHASE_B,120629,4124,MERGE_SUBMIT,30,5,32,"","","","","","","","",0,0,0,"{L2:2, L3:1, L4:1, L5:1}","{L2:2, L3:1, L4:1, L5:1}",""
2978264865760,PHASE_B,120654,4129,MERGE_START,0,5,32,"[116,123]","","[2,2]","","[4,4]","","[256,256]","",86,0,0,"{L2:2, L3:1, L4:1, L5:1}","{L2:2, L3:1, L4:1, L5:1}",""
2978264866811,PHASE_B,120764,4151,MERGE_DONE,0,0,0,"","124","","3","","8","","512",86,1070,1069,"","",""
2978264866864,PHASE_B,120773,4155,MERGE_PUBLISH,0,4,32,"","124","","3","","8","","512",86,1118,1096,"{L2:2, L3:1, L4:1, L5:1}","{L3:2, L4:1, L5:1}",""
2978264866882,PHASE_B,120773,4155,MERGE_SUBMIT,59,4,32,"","","","","","","","",0,0,0,"{L3:2, L4:1, L5:1}","{L3:2, L4:1, L5:1}",""
2978264866932,PHASE_B,120783,4157,MERGE_START,0,4,32,"[109,124]","","[3,3]","","[8,8]","","[512,512]","",28,0,0,"{L3:2, L4:1, L5:1}","{L3:2, L4:1, L5:1}",""
2978264867116,PHASE_B,120807,4158,SEAL,0,5,32,"","125","","0","","1","","64",0,0,0,"{L3:2, L4:1, L5:1}","{L0:1, L3:2, L4:1, L5:1}",""
2978264869570,PHASE_B,121124,4223,SEAL,0,6,32,"","127","","0","","1","","64",0,0,0,"{L0:1, L3:2, L4:1, L5:1}","{L0:2, L3:2, L4:1, L5:1}",""
2978264869613,PHASE_B,121127,4225,MERGE_DONE,0,0,0,"","126","","4","","16","","1024",28,2706,2706,"","",""
2978264869633,PHASE_B,121129,4225,MERGE_PUBLISH,0,5,32,"","126","","4","","16","","1024",28,2722,2720,"{L0:2, L3:2, L4:1, L5:1}","{L0:2, L4:2, L5:1}",""
2978264869649,PHASE_B,121129,4225,MERGE_SUBMIT,1,5,32,"","","","","","","","",0,0,0,"{L0:2, L4:2, L5:1}","{L0:2, L4:2, L5:1}",""
2978264869753,PHASE_B,121153,4230,MERGE_START,0,5,32,"[125,127]","","[0,0]","","[1,1]","","[64,64]","",89,0,0,"{L0:2, L4:2, L5:1}","{L0:2, L4:2, L5:1}",""
2978264870065,PHASE_B,121189,4238,MERGE_DONE,0,0,0,"","128","","1","","2","","128",89,330,330,"","",""
2978264870084,PHASE_B,121199,4238,MERGE_PUBLISH,0,4,32,"","128","","1","","2","","128",89,345,343,"{L0:2, L4:2, L5:1}","{L1:1, L4:2, L5:1}",""
2978264870118,PHASE_B,121201,4238,MERGE_SUBMIT,14,4,32,"","","","","","","","",0,0,0,"{L1:1, L4:2, L5:1}","{L1:1, L4:2, L5:1}",""
2978264870194,PHASE_B,121203,4240,MERGE_START,0,4,32,"[95,126]","","[4,4]","","[16,16]","","[1024,1024]","",76,0,0,"{L1:1, L4:2, L5:1}","{L1:1, L4:2, L5:1}",""
2978264872126,PHASE_B,121438,4286,SEAL,0,5,32,"","130","","0","","1","","64",0,0,0,"{L1:1, L4:2, L5:1}","{L0:1, L1:1, L4:2, L5:1}",""
2978264874584,PHASE_B,121759,4350,SEAL,0,6,32,"","131","","0","","1","","64",0,0,0,"{L0:1, L1:1, L4:2, L5:1}","{L0:2, L1:1, L4:2, L5:1}",""
2978264875787,PHASE_B,121941,4388,MERGE_DONE,0,0,0,"","129","","5","","32","","2048",76,5593,5594,"","",""
2978264875808,PHASE_B,121941,4388,MERGE_PUBLISH,0,5,32,"","129","","5","","32","","2048",76,5611,5611,"{L0:2, L1:1, L4:2, L5:1}","{L0:2, L1:1, L5:2}",""
2978264875824,PHASE_B,121941,4388,MERGE_SUBMIT,36,5,32,"","","","","","","","",0,0,0,"{L0:2, L1:1, L5:2}","{L0:2, L1:1, L5:2}",""
2978264875936,PHASE_B,121960,4391,MERGE_START,0,5,32,"[130,131]","","[0,0]","","[1,1]","","[64,64]","",93,0,0,"{L0:2, L1:1, L5:2}","{L0:2, L1:1, L5:2}",""
2978264876262,PHASE_B,121999,4398,MERGE_DONE,0,0,0,"","132","","1","","2","","128",93,345,345,"","",""
2978264876322,PHASE_B,122005,4400,MERGE_PUBLISH,0,4,32,"","132","","1","","2","","128",93,400,386,"{L0:2, L1:1, L5:2}","{L1:2, L5:2}",""
2978264876340,PHASE_B,122005,4400,MERGE_SUBMIT,48,4,32,"","","","","","","","",0,0,0,"{L1:2, L5:2}","{L1:2, L5:2}",""
2978264876411,PHASE_B,122014,4402,MERGE_START,0,4,32,"[128,132]","","[1,1]","","[2,2]","","[128,128]","",70,0,0,"{L1:2, L5:2}","{L1:2, L5:2}",""
2978264876908,PHASE_B,122062,4411,MERGE_DONE,0,0,0,"","133","","2","","4","","256",70,501,501,"","",""
2978264876949,PHASE_B,122070,4414,MERGE_PUBLISH,0,3,32,"","133","","2","","4","","256",70,538,520,"{L1:2, L5:2}","{L2:1, L5:2}",""
2978264876958,PHASE_B,122071,4414,MERGE_SUBMIT,62,3,32,"","","","","","","","",0,0,0,"{L2:1, L5:2}","{L2:1, L5:2}",""
2978264877057,PHASE_B,122071,4414,SEAL,0,4,32,"","134","","0","","1","","64",0,0,0,"{L2:1, L5:2}","{L0:1, L2:1, L5:2}",""
2978264877063,PHASE_B,122071,4414,MERGE_START,0,3,32,"[66,129]","","[5,5]","","[32,32]","","[2048,2048]","",88,0,0,"{L2:1, L5:2}","{L2:1, L5:2}",""
2978264879481,PHASE_B,122410,4479,SEAL,0,5,32,"","136","","0","","1","","64",0,0,0,"{L0:1, L2:1, L5:2}","{L0:2, L2:1, L5:2}",""
2978264881791,PHASE_B,122721,4543,SEAL,0,6,32,"","137","","0","","1","","64",0,0,0,"{L0:2, L2:1, L5:2}","{L0:3, L2:1, L5:2}",""
2978264884095,PHASE_B,123037,4606,SEAL,0,7,32,"","138","","0","","1","","64",0,0,0,"{L0:3, L2:1, L5:2}","{L0:4, L2:1, L5:2}",""
2978264886379,PHASE_B,123362,4671,SEAL,0,8,32,"","139","","0","","1","","64",0,0,0,"{L0:4, L2:1, L5:2}","{L0:5, L2:1, L5:2}",""
2978264888045,PHASE_B,123596,4719,MERGE_DONE,0,0,0,"","135","","6","","64","","4096",88,10997,10997,"","",""
2978264888068,PHASE_B,123612,4723,MERGE_PUBLISH,0,7,32,"","135","","6","","64","","4096",88,11015,11015,"{L0:5, L2:1, L5:2}","{L0:5, L2:1, L6:1}",""
2978264888086,PHASE_B,123626,4723,MERGE_SUBMIT,51,7,32,"","","","","","","","",0,0,0,"{L0:5, L2:1, L6:1}","{L0:5, L2:1, L6:1}",""
2978264888198,PHASE_B,123630,4724,MERGE_START,0,7,32,"[134,136]","","[0,0]","","[1,1]","","[64,64]","",96,0,0,"{L0:5, L2:1, L6:1}","{L0:5, L2:1, L6:1}",""
2978264888473,PHASE_B,123669,4731,MERGE_DONE,0,0,0,"","140","","1","","2","","128",96,295,295,"","",""
2978264888509,PHASE_B,123670,4732,MERGE_PUBLISH,0,6,32,"","140","","1","","2","","128",96,326,325,"{L0:5, L2:1, L6:1}","{L0:3, L1:1, L2:1, L6:1}",""
2978264888530,PHASE_B,123670,4732,MERGE_SUBMIT,60,6,32,"","","","","","","","",0,0,0,"{L0:3, L1:1, L2:1, L6:1}","{L0:3, L1:1, L2:1, L6:1}",""
2978264888633,PHASE_B,123670,4732,MERGE_START,0,6,32,"[137,138]","","[0,0]","","[1,1]","","[64,64]","",86,0,0,"{L0:3, L1:1, L2:1, L6:1}","{L0:3, L1:1, L2:1, L6:1}",""
2978264888738,PHASE_B,123670,4732,SEAL,0,7,32,"","141","","0","","1","","64",0,0,0,"{L0:3, L1:1, L2:1, L6:1}","{L0:4, L1:1, L2:1, L6:1}",""
2978264888927,PHASE_B,123711,4742,MERGE_DONE,0,0,0,"","142","","1","","2","","128",86,313,313,"","",""
2978264888949,PHASE_B,123715,4742,MERGE_PUBLISH,0,6,32,"","142","","1","","2","","128",86,329,328,"{L0:4, L1:1, L2:1, L6:1}","{L0:2, L1:2, L2:1, L6:1}",""
2978264888976,PHASE_B,123715,4742,MERGE_SUBMIT,6,6,32,"","","","","","","","",0,0,0,"{L0:2, L1:2, L2:1, L6:1}","{L0:2, L1:2, L2:1, L6:1}",""
2978264889081,PHASE_B,123725,4744,MERGE_START,0,6,32,"[139,141]","","[0,0]","","[1,1]","","[64,64]","",94,0,0,"{L0:2, L1:2, L2:1, L6:1}","{L0:2, L1:2, L2:1, L6:1}",""
2978264889391,PHASE_B,123770,4752,MERGE_DONE,0,0,0,"","143","","1","","2","","128",94,331,330,"","",""
2978264889410,PHASE_B,123770,4752,MERGE_PUBLISH,0,5,32,"","143","","1","","2","","128",94,346,345,"{L0:2, L1:2, L2:1, L6:1}","{L1:3, L2:1, L6:1}",""
2978264889430,PHASE_B,123770,4752,MERGE_SUBMIT,18,5,32,"","","","","","","","",0,0,0,"{L1:3, L2:1, L6:1}","{L1:3, L2:1, L6:1}",""
2978264889454,PHASE_B,123770,4752,MERGE_START,0,5,32,"[140,142]","","[1,1]","","[2,2]","","[128,128]","",19,0,0,"{L1:3, L2:1, L6:1}","{L1:3, L2:1, L6:1}",""
2978264889959,PHASE_B,123847,4767,MERGE_DONE,0,0,0,"","144","","2","","4","","256",19,515,515,"","",""
2978264889988,PHASE_B,123855,4769,MERGE_PUBLISH,0,4,32,"","144","","2","","4","","256",19,540,534,"{L1:3, L2:1, L6:1}","{L1:1, L2:2, L6:1}",""
2978264890013,PHASE_B,123856,4769,MERGE_SUBMIT,33,4,32,"","","","","","","","",0,0,0,"{L1:1, L2:2, L6:1}","{L1:1, L2:2, L6:1}",""
2978264890035,PHASE_B,123856,4769,MERGE_START,0,4,32,"[133,144]","","[2,2]","","[4,4]","","[256,256]","",28,0,0,"{L1:1, L2:2, L6:1}","{L1:1, L2:2, L6:1}",""
2978264891218,PHASE_B,123993,4798,MERGE_DONE,0,0,0,"","145","","3","","8","","512",28,1191,1192,"","",""
2978264891249,PHASE_B,123993,4798,MERGE_PUBLISH,0,3,32,"","145","","3","","8","","512",28,1217,1217,"{L1:1, L2:2, L6:1}","{L1:1, L3:1, L6:1}",""
2978264891320,PHASE_B,123993,4798,SEAL,0,4,32,"","146","","0","","1","","64",0,0,0,"{L1:1, L3:1, L6:1}","{L0:1, L1:1, L3:1, L6:1}",""
2978264893615,PHASE_B,124319,4863,SEAL,0,5,32,"","147","","0","","1","","64",0,0,0,"{L0:1, L1:1, L3:1, L6:1}","{L0:2, L1:1, L3:1, L6:1}",""
2978264893628,PHASE_B,124319,4863,MERGE_SUBMIT,0,5,32,"","","","","","","","",0,0,0,"{L0:2, L1:1, L3:1, L6:1}","{L0:2, L1:1, L3:1, L6:1}",""
2978264893733,PHASE_B,124340,4867,MERGE_START,0,5,32,"[146,147]","","[0,0]","","[1,1]","","[64,64]","",82,0,0,"{L0:2, L1:1, L3:1, L6:1}","{L0:2, L1:1, L3:1, L6:1}",""
2978264894059,PHASE_B,124390,4876,MERGE_DONE,0,0,0,"","148","","1","","2","","128",82,344,343,"","",""
2978264894077,PHASE_B,124390,4876,MERGE_PUBLISH,0,4,32,"","148","","1","","2","","128",82,358,357,"{L0:2, L1:1, L3:1, L6:1}","{L1:2, L3:1, L6:1}",""
2978264894096,PHASE_B,124390,4876,MERGE_SUBMIT,14,4,32,"","","","","","","","",0,0,0,"{L1:2, L3:1, L6:1}","{L1:2, L3:1, L6:1}",""
2978264894196,PHASE_B,124407,4881,MERGE_START,0,4,32,"[143,148]","","[1,1]","","[2,2]","","[128,128]","",84,0,0,"{L1:2, L3:1, L6:1}","{L1:2, L3:1, L6:1}",""
2978264894718,PHASE_B,124480,4896,MERGE_DONE,0,0,0,"","149","","2","","4","","256",84,540,539,"","",""
2978264894734,PHASE_B,124487,4896,MERGE_PUBLISH,0,3,32,"","149","","2","","4","","256",84,553,552,"{L1:2, L3:1, L6:1}","{L2:1, L3:1, L6:1}",""
2978264896071,PHASE_B,124639,4927,SEAL,0,4,32,"","150","","0","","1","","64",0,0,0,"{L2:1, L3:1, L6:1}","{L0:1, L2:1, L3:1, L6:1}",""
2978264898367,PHASE_B,124963,4991,SEAL,0,5,32,"","151","","0","","1","","64",0,0,0,"{L0:1, L2:1, L3:1, L6:1}","{L0:2, L2:1, L3:1, L6:1}",""
2978264898379,PHASE_B,124963,4991,MERGE_SUBMIT,0,5,32,"","","","","","","","",0,0,0,"{L0:2, L2:1, L3:1, L6:1}","{L0:2, L2:1, L3:1, L6:1}",""
2978264898496,PHASE_B,124969,4992,MERGE_START,0,5,32,"[150,151]","","[0,0]","","[1,1]","","[64,64]","",94,0,0,"{L0:2, L2:1, L3:1, L6:1}","{L0:2, L2:1, L3:1, L6:1}",""
2978264898828,PHASE_B,125030,5005,MERGE_DONE,0,0,0,"","152","","1","","2","","128",94,352,351,"","",""
2978264898870,PHASE_B,125036,5006,MERGE_PUBLISH,0,4,32,"","152","","1","","2","","128",94,389,377,"{L0:2, L2:1, L3:1, L6:1}","{L1:1, L2:1, L3:1, L6:1}",""
2978264900838,PHASE_B,125282,5055,SEAL,0,5,32,"","153","","0","","1","","64",0,0,0,"{L1:1, L2:1, L3:1, L6:1}","{L0:1, L1:1, L2:1, L3:1, L6:1}",""
2978264903285,PHASE_B,125598,5117,SEAL,0,6,32,"","154","","0","","1","","64",0,0,0,"{L0:1, L1:1, L2:1, L3:1, L6:1}","{L0:2, L1:1, L2:1, L3:1, L6:1}",""
2978264903297,PHASE_B,125598,5117,MERGE_SUBMIT,0,6,32,"","","","","","","","",0,0,0,"{L0:2, L1:1, L2:1, L3:1, L6:1}","{L0:2, L1:1, L2:1, L3:1, L6:1}",""
2978264903401,PHASE_B,125613,5123,MERGE_START,0,6,32,"[153,154]","","[0,0]","","[1,1]","","[64,64]","",80,0,0,"{L0:2, L1:1, L2:1, L3:1, L6:1}","{L0:2, L1:1, L2:1, L3:1, L6:1}",""
2978264903667,PHASE_B,125651,5131,MERGE_DONE,0,0,0,"","155","","1","","2","","128",80,286,285,"","",""
2978264903686,PHASE_B,125655,5131,MERGE_PUBLISH,0,5,32,"","155","","1","","2","","128",80,300,299,"{L0:2, L1:1, L2:1, L3:1, L6:1}","{L1:2, L2:1, L3:1, L6:1}",""
2978264903705,PHASE_B,125656,5131,MERGE_SUBMIT,11,5,32,"","","","","","","","",0,0,0,"{L1:2, L2:1, L3:1, L6:1}","{L1:2, L2:1, L3:1, L6:1}",""
2978264903810,PHASE_B,125674,5133,MERGE_START,0,5,32,"[152,155]","","[1,1]","","[2,2]","","[128,128]","",88,0,0,"{L1:2, L2:1, L3:1, L6:1}","{L1:2, L2:1, L3:1, L6:1}",""
2978264904411,PHASE_B,125755,5151,MERGE_DONE,0,0,0,"","156","","2","","4","","256",88,619,619,"","",""
2978264904430,PHASE_B,125758,5151,MERGE_PUBLISH,0,4,32,"","156","","2","","4","","256",88,634,632,"{L1:2, L2:1, L3:1, L6:1}","{L2:2, L3:1, L6:1}",""
2978264904447,PHASE_B,125759,5151,MERGE_SUBMIT,31,4,32,"","","","","","","","",0,0,0,"{L2:2, L3:1, L6:1}","{L2:2, L3:1, L6:1}",""
2978264904550,PHASE_B,125776,5154,MERGE_START,0,4,32,"[149,156]","","[2,2]","","[4,4]","","[256,256]","",105,0,0,"{L2:2, L3:1, L6:1}","{L2:2, L3:1, L6:1}",""
2978264905575,PHASE_B,125896,5177,MERGE_DONE,0,0,0,"","157","","3","","8","","512",105,1030,1030,"","",""
2978264905588,PHASE_B,125896,5177,MERGE_PUBLISH,0,3,32,"","157","","3","","8","","512",105,1039,1039,"{L2:2, L3:1, L6:1}","{L3:2, L6:1}",""
2978264905598,PHASE_B,125896,5177,MERGE_SUBMIT,59,3,32,"","","","","","","","",0,0,0,"{L3:2, L6:1}","{L3:2, L6:1}",""
2978264905702,PHASE_B,125917,5181,MERGE_START,0,3,32,"[145,157]","","[3,3]","","[8,8]","","[512,512]","",87,0,0,"{L3:2, L6:1}","{L3:2, L6:1}",""
2978264905840,PHASE_B,125920,5181,SEAL,0,4,32,"","158","","0","","1","","64",0,0,0,"{L3:2, L6:1}","{L0:1, L3:2, L6:1}",""
2978264907899,PHASE_B,126202,5241,MERGE_DONE,0,0,0,"","159","","4","","16","","1024",87,2213,2213,"","",""
2978264907919,PHASE_B,126202,5241,MERGE_PUBLISH,0,3,32,"","159","","4","","16","","1024",87,2229,2228,"{L0:1, L3:2, L6:1}","{L0:1, L4:1, L6:1}",""
2978264908250,PHASE_B,126236,5245,SEAL,0,4,32,"","160","","0","","1","","64",0,0,0,"{L0:1, L4:1, L6:1}","{L0:2, L4:1, L6:1}",""
2978264908261,PHASE_B,126236,5245,MERGE_SUBMIT,0,4,32,"","","","","","","","",0,0,0,"{L0:2, L4:1, L6:1}","{L0:2, L4:1, L6:1}",""
2978264908315,PHASE_B,126243,5249,MERGE_START,0,4,32,"[158,160]","","[0,0]","","[1,1]","","[64,64]","",45,0,0,"{L0:2, L4:1, L6:1}","{L0:2, L4:1, L6:1}",""
2978264908559,PHASE_B,126287,5257,MERGE_DONE,0,0,0,"","161","","1","","2","","128",45,251,251,"","",""
2978264908572,PHASE_B,126287,5257,MERGE_PUBLISH,0,3,32,"","161","","1","","2","","128",45,260,259,"{L0:2, L4:1, L6:1}","{L1:1, L4:1, L6:1}",""
2978264910698,PHASE_B,126557,5311,SEAL,0,4,32,"","162","","0","","1","","64",0,0,0,"{L1:1, L4:1, L6:1}","{L0:1, L1:1, L4:1, L6:1}",""
2978264913090,PHASE_B,126879,5375,SEAL,0,5,32,"","163","","0","","1","","64",0,0,0,"{L0:1, L1:1, L4:1, L6:1}","{L0:2, L1:1, L4:1, L6:1}",""
2978264913102,PHASE_B,126879,5375,MERGE_SUBMIT,0,5,32,"","","","","","","","",0,0,0,"{L0:2, L1:1, L4:1, L6:1}","{L0:2, L1:1, L4:1, L6:1}",""
2978264913207,PHASE_B,126903,5378,MERGE_START,0,5,32,"[162,163]","","[0,0]","","[1,1]","","[64,64]","",82,0,0,"{L0:2, L1:1, L4:1, L6:1}","{L0:2, L1:1, L4:1, L6:1}",""
2978264913525,PHASE_B,126950,5387,MERGE_DONE,0,0,0,"","164","","1","","2","","128",82,338,337,"","",""
2978264913567,PHASE_B,126950,5387,MERGE_PUBLISH,0,4,32,"","164","","1","","2","","128",82,376,362,"{L0:2, L1:1, L4:1, L6:1}","{L1:2, L4:1, L6:1}",""
2978264913586,PHASE_B,126950,5387,MERGE_SUBMIT,14,4,32,"","","","","","","","",0,0,0,"{L1:2, L4:1, L6:1}","{L1:2, L4:1, L6:1}",""
2978264913661,PHASE_B,126966,5392,MERGE_START,0,4,32,"[161,164]","","[1,1]","","[2,2]","","[128,128]","",75,0,0,"{L1:2, L4:1, L6:1}","{L1:2, L4:1, L6:1}",""
2978264914191,PHASE_B,127038,5407,MERGE_DONE,0,0,0,"","165","","2","","4","","256",75,534,534,"","",""
2978264914204,PHASE_B,127039,5407,MERGE_PUBLISH,0,3,32,"","165","","2","","4","","256",75,543,543,"{L1:2, L4:1, L6:1}","{L2:1, L4:1, L6:1}",""
2978264915542,PHASE_B,127196,5438,SEAL,0,4,32,"","166","","0","","1","","64",0,0,0,"{L2:1, L4:1, L6:1}","{L0:1, L2:1, L4:1, L6:1}",""
2978264918080,PHASE_B,127516,5502,SEAL,0,5,32,"","167","","0","","1","","64",0,0,0,"{L0:1, L2:1, L4:1, L6:1}","{L0:2, L2:1, L4:1, L6:1}",""
2978264918093,PHASE_B,127516,5502,MERGE_SUBMIT,0,5,32,"","","","","","","","",0,0,0,"{L0:2, L2:1, L4:1, L6:1}","{L0:2, L2:1, L4:1, L6:1}",""
2978264918147,PHASE_B,127523,5504,MERGE_START,0,5,32,"[166,167]","","[0,0]","","[1,1]","","[64,64]","",34,0,0,"{L0:2, L2:1, L4:1, L6:1}","{L0:2, L2:1, L4:1, L6:1}",""
2978264918575,PHASE_B,127593,5517,MERGE_DONE,0,0,0,"","168","","1","","2","","128",34,443,443,"","",""
2978264918594,PHASE_B,127593,5517,MERGE_PUBLISH,0,4,32,"","168","","1","","2","","128",34,459,458,"{L0:2, L2:1, L4:1, L6:1}","{L1:1, L2:1, L4:1, L6:1}",""
2978264920573,PHASE_B,127846,5567,SEAL,0,5,32,"","169","","0","","1","","64",0,0,0,"{L1:1, L2:1, L4:1, L6:1}","{L0:1, L1:1, L2:1, L4:1, L6:1}",""
2978264922933,PHASE_B,128164,5631,SEAL,0,6,32,"","170","","0","","1","","64",0,0,0,"{L0:1, L1:1, L2:1, L4:1, L6:1}","{L0:2, L1:1, L2:1, L4:1, L6:1}",""
2978264922950,PHASE_B,128164,5631,MERGE_SUBMIT,0,6,32,"","","","","","","","",0,0,0,"{L0:2, L1:1, L2:1, L4:1, L6:1}","{L0:2, L1:1, L2:1, L4:1, L6:1}",""
2978264923067,PHASE_B,128174,5636,MERGE_START,0,6,32,"[169,170]","","[0,0]","","[1,1]","","[64,64]","",93,0,0,"{L0:2, L1:1, L2:1, L4:1, L6:1}","{L0:2, L1:1, L2:1, L4:1, L6:1}",""
2978264923352,PHASE_B,128225,5644,MERGE_DONE,0,0,0,"","171","","1","","2","","128",93,306,305,"","",""
2978264923372,PHASE_B,128225,5644,MERGE_PUBLISH,0,5,32,"","171","","1","","2","","128",93,320,319,"{L0:2, L1:1, L2:1, L4:1, L6:1}","{L1:2, L2:1, L4:1, L6:1}",""
2978264923389,PHASE_B,128229,5646,MERGE_SUBMIT,13,5,32,"","","","","","","","",0,0,0,"{L1:2, L2:1, L4:1, L6:1}","{L1:2, L2:1, L4:1, L6:1}",""
2978264923491,PHASE_B,128248,5648,MERGE_START,0,5,32,"[168,171]","","[1,1]","","[2,2]","","[128,128]","",82,0,0,"{L1:2, L2:1, L4:1, L6:1}","{L1:2, L2:1, L4:1, L6:1}",""
2978264924088,PHASE_B,128325,5665,MERGE_DONE,0,0,0,"","172","","2","","4","","256",82,620,619,"","",""
2978264924110,PHASE_B,128332,5665,MERGE_PUBLISH,0,4,32,"","172","","2","","4","","256",82,636,634,"{L1:2, L2:1, L4:1, L6:1}","{L2:2, L4:1, L6:1}",""
2978264924126,PHASE_B,128333,5665,MERGE_SUBMIT,33,4,32,"","","","","","","","",0,0,0,"{L2:2, L4:1, L6:1}","{L2:2, L4:1, L6:1}",""
2978264924227,PHASE_B,128339,5667,MERGE_START,0,4,32,"[165,172]","","[2,2]","","[4,4]","","[256,256]","",86,0,0,"{L2:2, L4:1, L6:1}","{L2:2, L4:1, L6:1}",""
2978264925314,PHASE_B,128461,5693,MERGE_DONE,0,0,0,"","173","","3","","8","","512",86,1105,1105,"","",""
2978264925332,PHASE_B,128470,5694,MERGE_PUBLISH,0,3,32,"","173","","3","","8","","512",86,1120,1119,"{L2:2, L4:1, L6:1}","{L3:1, L4:1, L6:1}",""
2978264925448,PHASE_B,128475,5694,SEAL,0,4,32,"","174","","0","","1","","64",0,0,0,"{L3:1, L4:1, L6:1}","{L0:1, L3:1, L4:1, L6:1}",""
2978264927787,PHASE_B,128797,5758,SEAL,0,5,32,"","175","","0","","1","","64",0,0,0,"{L0:1, L3:1, L4:1, L6:1}","{L0:2, L3:1, L4:1, L6:1}",""
2978264927799,PHASE_B,128797,5758,MERGE_SUBMIT,0,5,32,"","","","","","","","",0,0,0,"{L0:2, L3:1, L4:1, L6:1}","{L0:2, L3:1, L4:1, L6:1}",""
2978264927905,PHASE_B,128817,5762,MERGE_START,0,5,32,"[174,175]","","[0,0]","","[1,1]","","[64,64]","",84,0,0,"{L0:2, L3:1, L4:1, L6:1}","{L0:2, L3:1, L4:1, L6:1}",""
2978264928221,PHASE_B,128870,5773,MERGE_DONE,0,0,0,"","176","","1","","2","","128",84,335,334,"","",""
2978264928240,PHASE_B,128870,5773,MERGE_PUBLISH,0,4,32,"","176","","1","","2","","128",84,349,348,"{L0:2, L3:1, L4:1, L6:1}","{L1:1, L3:1, L4:1, L6:1}",""
2978264930070,PHASE_B,129116,5823,SEAL,0,5,32,"","177","","0","","1","","64",0,0,0,"{L1:1, L3:1, L4:1, L6:1}","{L0:1, L1:1, L3:1, L4:1, L6:1}",""
2978264932339,PHASE_B,129441,5887,SEAL,0,6,32,"","178","","0","","1","","64",0,0,0,"{L0:1, L1:1, L3:1, L4:1, L6:1}","{L0:2, L1:1, L3:1, L4:1, L6:1}",""
2978264932351,PHASE_B,129441,5887,MERGE_SUBMIT,0,6,32,"","","","","","","","",0,0,0,"{L0:2, L1:1, L3:1, L4:1, L6:1}","{L0:2, L1:1, L3:1, L4:1, L6:1}",""
2978264932457,PHASE_B,129458,5892,MERGE_START,0,6,32,"[177,178]","","[0,0]","","[1,1]","","[64,64]","",83,0,0,"{L0:2, L1:1, L3:1, L4:1, L6:1}","{L0:2, L1:1, L3:1, L4:1, L6:1}",""
2978264932732,PHASE_B,129500,5899,MERGE_DONE,0,0,0,"","179","","1","","2","","128",83,295,294,"","",""
2978264932752,PHASE_B,129500,5899,MERGE_PUBLISH,0,5,32,"","179","","1","","2","","128",83,309,308,"{L0:2, L1:1, L3:1, L4:1, L6:1}","{L1:2, L3:1, L4:1, L6:1}",""
2978264932771,PHASE_B,129500,5899,MERGE_SUBMIT,13,5,32,"","","","","","","","",0,0,0,"{L1:2, L3:1, L4:1, L6:1}","{L1:2, L3:1, L4:1, L6:1}",""
2978264932846,PHASE_B,129518,5903,MERGE_START,0,5,32,"[176,179]","","[1,1]","","[2,2]","","[128,128]","",74,0,0,"{L1:2, L3:1, L4:1, L6:1}","{L1:2, L3:1, L4:1, L6:1}",""
2978264933375,PHASE_B,129589,5918,MERGE_DONE,0,0,0,"","180","","2","","4","","256",74,534,534,"","",""
2978264933389,PHASE_B,129589,5918,MERGE_PUBLISH,0,4,32,"","180","","2","","4","","256",74,544,543,"{L1:2, L3:1, L4:1, L6:1}","{L2:1, L3:1, L4:1, L6:1}",""
2978264934785,PHASE_B,129755,5951,SEAL,0,5,32,"","181","","0","","1","","64",0,0,0,"{L2:1, L3:1, L4:1, L6:1}","{L0:1, L2:1, L3:1, L4:1, L6:1}",""
2978264937095,PHASE_B,130077,6015,SEAL,0,6,32,"","182","","0","","1","","64",0,0,0,"{L0:1, L2:1, L3:1, L4:1, L6:1}","{L0:2, L2:1, L3:1, L4:1, L6:1}",""
2978264937106,PHASE_B,130077,6015,MERGE_SUBMIT,0,6,32,"","","","","","","","",0,0,0,"{L0:2, L2:1, L3:1, L4:1, L6:1}","{L0:2, L2:1, L3:1, L4:1, L6:1}",""
2978264937221,PHASE_B,130099,6018,MERGE_START,0,6,32,"[181,182]","","[0,0]","","[1,1]","","[64,64]","",91,0,0,"{L0:2, L2:1, L3:1, L4:1, L6:1}","{L0:2, L2:1, L3:1, L4:1, L6:1}",""
2978264937528,PHASE_B,130148,6027,MERGE_DONE,0,0,0,"","183","","1","","2","","128",91,327,326,"","",""
2978264937551,PHASE_B,130148,6027,MERGE_PUBLISH,0,5,32,"","183","","1","","2","","128",91,344,343,"{L0:2, L2:1, L3:1, L4:1, L6:1}","{L1:1, L2:1, L3:1, L4:1, L6:1}",""
2978264939537,PHASE_B,130391,6078,SEAL,0,6,32,"","184","","0","","1","","64",0,0,0,"{L1:1, L2:1, L3:1, L4:1, L6:1}","{L0:1, L1:1, L2:1, L3:1, L4:1, L6:1}",""
2978264941940,PHASE_B,130721,6143,SEAL,0,7,32,"","185","","0","","1","","64",0,0,0,"{L0:1, L1:1, L2:1, L3:1, L4:1, L6:1}","{L0:2, L1:1, L2:1, L3:1, L4:1, L6:1}",""
2978264941952,PHASE_B,130721,6143,MERGE_SUBMIT,0,7,32,"","","","","","","","",0,0,0,"{L0:2, L1:1, L2:1, L3:1, L4:1, L6:1}","{L0:2, L1:1, L2:1, L3:1, L4:1, L6:1}",""
2978264942020,PHASE_B,130734,6146,MERGE_START,0,7,32,"[184,185]","","[0,0]","","[1,1]","","[64,64]","",30,0,0,"{L0:2, L1:1, L2:1, L3:1, L4:1, L6:1}","{L0:2, L1:1, L2:1, L3:1, L4:1, L6:1}",""
2978264942312,PHASE_B,130789,6156,MERGE_DONE,0,0,0,"","186","","1","","2","","128",30,327,326,"","",""
2978264942334,PHASE_B,130790,6156,MERGE_PUBLISH,0,6,32,"","186","","1","","2","","128",30,342,341,"{L0:2, L1:1, L2:1, L3:1, L4:1, L6:1}","{L1:2, L2:1, L3:1, L4:1, L6:1}",""
2978264942352,PHASE_B,130790,6156,MERGE_SUBMIT,12,6,32,"","","","","","","","",0,0,0,"{L1:2, L2:1, L3:1, L4:1, L6:1}","{L1:2, L2:1, L3:1, L4:1, L6:1}",""
2978264942428,PHASE_B,130790,6156,MERGE_START,0,6,32,"[183,186]","","[1,1]","","[2,2]","","[128,128]","",76,0,0,"{L1:2, L2:1, L3:1, L4:1, L6:1}","{L1:2, L2:1, L3:1, L4:1, L6:1}",""
2978264942923,PHASE_B,130866,6173,MERGE_DONE,0,0,0,"","187","","2","","4","","256",76,500,500,"","",""
2978264942977,PHASE_B,130880,6174,MERGE_PUBLISH,0,5,32,"","187","","2","","4","","256",76,548,537,"{L1:2, L2:1, L3:1, L4:1, L6:1}","{L2:2, L3:1, L4:1, L6:1}",""
2978264942989,PHASE_B,130880,6174,MERGE_SUBMIT,30,5,32,"","","","","","","","",0,0,0,"{L2:2, L3:1, L4:1, L6:1}","{L2:2, L3:1, L4:1, L6:1}",""
2978264943094,PHASE_B,130885,6175,MERGE_START,0,5,32,"[180,187]","","[2,2]","","[4,4]","","[256,256]","",86,0,0,"{L2:2, L3:1, L4:1, L6:1}","{L2:2, L3:1, L4:1, L6:1}",""
2978264944328,PHASE_B,131031,6206,MERGE_DONE,0,0,0,"","188","","3","","8","","512",86,1253,1252,"","",""
2978264944348,PHASE_B,131032,6206,MERGE_PUBLISH,0,4,32,"","188","","3","","8","","512",86,1268,1267,"{L2:2, L3:1, L4:1, L6:1}","{L3:2, L4:1, L6:1}",""
2978264944368,PHASE_B,131032,6206,MERGE_SUBMIT,62,4,32,"","","","","","","","",0,0,0,"{L3:2, L4:1, L6:1}","{L3:2, L4:1, L6:1}",""
2978264944473,PHASE_B,131032,6206,MERGE_START,0,4,32,"[173,188]","","[3,3]","","[8,8]","","[512,512]","",89,0,0,"{L3:2, L4:1, L6:1}","{L3:2, L4:1, L6:1}",""
2978264944487,PHASE_B,131032,6206,SEAL,0,5,32,"","189","","0","","1","","64",0,0,0,"{L3:2, L4:1, L6:1}","{L0:1, L3:2, L4:1, L6:1}",""
2978264946657,PHASE_B,131335,6266,MERGE_DONE,0,0,0,"","190","","4","","16","","1024",89,2202,2202,"","",""
2978264946692,PHASE_B,131335,6266,MERGE_PUBLISH,0,4,32,"","190","","4","","16","","1024",89,2233,2232,"{L0:1, L3:2, L4:1, L6:1}","{L0:1, L4:2, L6:1}",""
2978264946712,PHASE_B,131335,6266,MERGE_SUBMIT,59,4,32,"","","","","","","","",0,0,0,"{L0:1, L4:2, L6:1}","{L0:1, L4:2, L6:1}",""
2978264946822,PHASE_B,131351,6269,MERGE_START,0,4,32,"[159,190]","","[4,4]","","[16,16]","","[1024,1024]","",89,0,0,"{L0:1, L4:2, L6:1}","{L0:1, L4:2, L6:1}",""
2978264946939,PHASE_B,131358,6271,SEAL,0,5,32,"","191","","0","","1","","64",0,0,0,"{L0:1, L4:2, L6:1}","{L0:2, L4:2, L6:1}",""
2978264949415,PHASE_B,131683,6335,SEAL,0,6,32,"","193","","0","","1","","64",0,0,0,"{L0:2, L4:2, L6:1}","{L0:3, L4:2, L6:1}",""
2978264951630,PHASE_B,131979,6395,MERGE_DONE,0,0,0,"","192","","5","","32","","2048",89,4831,4830,"","",""
2978264951650,PHASE_B,131979,6395,MERGE_PUBLISH,0,5,32,"","192","","5","","32","","2048",89,4847,4846,"{L0:3, L4:2, L6:1}","{L0:3, L5:1, L6:1}",""
2978264951668,PHASE_B,131979,6395,MERGE_SUBMIT,59,5,32,"","","","","","","","",0,0,0,"{L0:3, L5:1, L6:1}","{L0:3, L5:1, L6:1}",""
2978264951692,PHASE_B,131979,6395,MERGE_START,0,5,32,"[189,191]","","[0,0]","","[1,1]","","[64,64]","",18,0,0,"{L0:3, L5:1, L6:1}","{L0:3, L5:1, L6:1}",""
2978264951926,PHASE_B,131998,6398,SEAL,0,6,32,"","195","","0","","1","","64",0,0,0,"{L0:3, L5:1, L6:1}","{L0:4, L5:1, L6:1}",""
2978264952025,PHASE_B,132015,6401,MERGE_DONE,0,0,0,"","194","","1","","2","","128",18,343,343,"","",""
2978264952041,PHASE_B,132015,6401,MERGE_PUBLISH,0,5,32,"","194","","1","","2","","128",18,354,354,"{L0:4, L5:1, L6:1}","{L0:2, L1:1, L5:1, L6:1}",""
2978264952053,PHASE_B,132018,6403,MERGE_SUBMIT,2,5,32,"","","","","","","","",0,0,0,"{L0:2, L1:1, L5:1, L6:1}","{L0:2, L1:1, L5:1, L6:1}",""
2978264952108,PHASE_B,132026,6403,MERGE_START,0,5,32,"[193,195]","","[0,0]","","[1,1]","","[64,64]","",53,0,0,"{L0:2, L1:1, L5:1, L6:1}","{L0:2, L1:1, L5:1, L6:1}",""
2978264952358,PHASE_B,132058,6411,MERGE_DONE,0,0,0,"","196","","1","","2","","128",53,254,254,"","",""
2978264952369,PHASE_B,132062,6412,MERGE_PUBLISH,0,4,32,"","196","","1","","2","","128",53,261,261,"{L0:2, L1:1, L5:1, L6:1}","{L1:2, L5:1, L6:1}",""
2978264952377,PHASE_B,132062,6412,MERGE_SUBMIT,12,4,32,"","","","","","","","",0,0,0,"{L1:2, L5:1, L6:1}","{L1:2, L5:1, L6:1}",""
2978264952440,PHASE_B,132076,6414,MERGE_START,0,4,32,"[194,196]","","[1,1]","","[2,2]","","[128,128]","",61,0,0,"{L1:2, L5:1, L6:1}","{L1:2, L5:1, L6:1}",""
2978264952934,PHASE_B,132128,6423,MERGE_DONE,0,0,0,"","197","","2","","4","","256",61,498,497,"","",""
2978264952966,PHASE_B,132139,6429,MERGE_PUBLISH,0,3,32,"","197","","2","","4","","256",61,526,516,"{L1:2, L5:1, L6:1}","{L2:1, L5:1, L6:1}",""
2978264954454,PHASE_B,132318,6463,SEAL,0,4,32,"","198","","0","","1","","64",0,0,0,"{L2:1, L5:1, L6:1}","{L0:1, L2:1, L5:1, L6:1}",""
2978264956717,PHASE_B,132642,6527,SEAL,0,5,32,"","199","","0","","1","","64",0,0,0,"{L0:1, L2:1, L5:1, L6:1}","{L0:2, L2:1, L5:1, L6:1}",""
2978264956729,PHASE_B,132642,6527,MERGE_SUBMIT,0,5,32,"","","","","","","","",0,0,0,"{L0:2, L2:1, L5:1, L6:1}","{L0:2, L2:1, L5:1, L6:1}",""
2978264956855,PHASE_B,132671,6532,MERGE_START,0,5,32,"[198,199]","","[0,0]","","[1,1]","","[64,64]","",103,0,0,"{L0:2, L2:1, L5:1, L6:1}","{L0:2, L2:1, L5:1, L6:1}",""
2978264957155,PHASE_B,132706,6541,MERGE_DONE,0,0,0,"","200","","1","","2","","128",103,320,319,"","",""
2978264957190,PHASE_B,132706,6541,MERGE_PUBLISH,0,4,32,"","200","","1","","2","","128",103,349,348,"{L0:2, L2:1, L5:1, L6:1}","{L1:1, L2:1, L5:1, L6:1}",""
2978264959140,PHASE_B,132960,6591,SEAL,0,5,32,"","201","","0","","1","","64",0,0,0,"{L1:1, L2:1, L5:1, L6:1}","{L0:1, L1:1, L2:1, L5:1, L6:1}",""
2978264961400,PHASE_B,133289,6655,SEAL,0,6,32,"","202","","0","","1","","64",0,0,0,"{L0:1, L1:1, L2:1, L5:1, L6:1}","{L0:2, L1:1, L2:1, L5:1, L6:1}",""
2978264961411,PHASE_B,133289,6655,MERGE_SUBMIT,0,6,32,"","","","","","","","",0,0,0,"{L0:2, L1:1, L2:1, L5:1, L6:1}","{L0:2, L1:1, L2:1, L5:1, L6:1}",""
2978264961529,PHASE_B,133289,6655,MERGE_START,0,6,32,"[201,202]","","[0,0]","","[1,1]","","[64,64]","",94,0,0,"{L0:2, L1:1, L2:1, L5:1, L6:1}","{L0:2, L1:1, L2:1, L5:1, L6:1}",""
2978264961802,PHASE_B,133339,6667,MERGE_DONE,0,0,0,"","203","","1","","2","","128",94,293,292,"","",""
2978264961821,PHASE_B,133339,6667,MERGE_PUBLISH,0,5,32,"","203","","1","","2","","128",94,307,306,"{L0:2, L1:1, L2:1, L5:1, L6:1}","{L1:2, L2:1, L5:1, L6:1}",""
2978264961840,PHASE_B,133339,6667,MERGE_SUBMIT,12,5,32,"","","","","","","","",0,0,0,"{L1:2, L2:1, L5:1, L6:1}","{L1:2, L2:1, L5:1, L6:1}",""
2978264961906,PHASE_B,133346,6669,MERGE_START,0,5,32,"[200,203]","","[1,1]","","[2,2]","","[128,128]","",63,0,0,"{L1:2, L2:1, L5:1, L6:1}","{L1:2, L2:1, L5:1, L6:1}",""
2978264962429,PHASE_B,133426,6685,MERGE_DONE,0,0,0,"","204","","2","","4","","256",63,529,530,"","",""
2978264962442,PHASE_B,133428,6685,MERGE_PUBLISH,0,4,32,"","204","","2","","4","","256",63,538,538,"{L1:2, L2:1, L5:1, L6:1}","{L2:2, L5:1, L6:1}",""
2978264962455,PHASE_B,133428,6685,MERGE_SUBMIT,29,4,32,"","","","","","","","",0,0,0,"{L2:2, L5:1, L6:1}","{L2:2, L5:1, L6:1}",""
2978264962512,PHASE_B,133441,6687,MERGE_START,0,4,32,"[197,204]","","[2,2]","","[4,4]","","[256,256]","",38,0,0,"{L2:2, L5:1, L6:1}","{L2:2, L5:1, L6:1}",""
2978264963625,PHASE_B,133579,6715,MERGE_DONE,0,0,0,"","205","","3","","8","","512",38,1131,1131,"","",""
2978264963644,PHASE_B,133585,6715,MERGE_PUBLISH,0,3,32,"","205","","3","","8","","512",38,1146,1145,"{L2:2, L5:1, L6:1}","{L3:1, L5:1, L6:1}",""
2978264963885,PHASE_B,133589,6716,SEAL,0,4,32,"","206","","0","","1","","64",0,0,0,"{L3:1, L5:1, L6:1}","{L0:1, L3:1, L5:1, L6:1}",""
2978264966322,PHASE_B,133919,6783,SEAL,0,5,32,"","207","","0","","1","","64",0,0,0,"{L0:1, L3:1, L5:1, L6:1}","{L0:2, L3:1, L5:1, L6:1}",""
2978264966335,PHASE_B,133919,6783,MERGE_SUBMIT,0,5,32,"","","","","","","","",0,0,0,"{L0:2, L3:1, L5:1, L6:1}","{L0:2, L3:1, L5:1, L6:1}",""
2978264966441,PHASE_B,133943,6786,MERGE_START,0,5,32,"[206,207]","","[0,0]","","[1,1]","","[64,64]","",83,0,0,"{L0:2, L3:1, L5:1, L6:1}","{L0:2, L3:1, L5:1, L6:1}",""
2978264966740,PHASE_B,133982,6795,MERGE_DONE,0,0,0,"","208","","1","","2","","128",83,318,317,"","",""
2978264967160,PHASE_B,134042,6806,MERGE_PUBLISH,0,4,32,"","208","","1","","2","","128",83,731,731,"{L0:2, L3:1, L5:1, L6:1}","{L1:1, L3:1, L5:1, L6:1}",""
2978264968841,PHASE_B,134237,6846,SEAL,0,5,32,"","209","","0","","1","","64",0,0,0,"{L1:1, L3:1, L5:1, L6:1}","{L0:1, L1:1, L3:1, L5:1, L6:1}",""
2978264971245,PHASE_B,134558,6909,SEAL,0,6,32,"","210","","0","","1","","64",0,0,0,"{L0:1, L1:1, L3:1, L5:1, L6:1}","{L0:2, L1:1, L3:1, L5:1, L6:1}",""
2978264971259,PHASE_B,134558,6909,MERGE_SUBMIT,0,6,32,"","","","","","","","",0,0,0,"{L0:2, L1:1, L3:1, L5:1, L6:1}","{L0:2, L1:1, L3:1, L5:1, L6:1}",""
2978264971363,PHASE_B,134570,6915,MERGE_START,0,6,32,"[209,210]","","[0,0]","","[1,1]","","[64,64]","",81,0,0,"{L0:2, L1:1, L3:1, L5:1, L6:1}","{L0:2, L1:1, L3:1, L5:1, L6:1}",""
2978264971629,PHASE_B,134616,6924,MERGE_DONE,0,0,0,"","211","","1","","2","","128",81,286,285,"","",""
2978264971648,PHASE_B,134621,6924,MERGE_PUBLISH,0,5,32,"","211","","1","","2","","128",81,299,298,"{L0:2, L1:1, L3:1, L5:1, L6:1}","{L1:2, L3:1, L5:1, L6:1}",""
2978264971684,PHASE_B,134625,6925,MERGE_SUBMIT,12,5,32,"","","","","","","","",0,0,0,"{L1:2, L3:1, L5:1, L6:1}","{L1:2, L3:1, L5:1, L6:1}",""
2978264971749,PHASE_B,134636,6926,MERGE_START,0,5,32,"[208,211]","","[1,1]","","[2,2]","","[128,128]","",64,0,0,"{L1:2, L3:1, L5:1, L6:1}","{L1:2, L3:1, L5:1, L6:1}",""
2978264972405,PHASE_B,134729,6944,MERGE_DONE,0,0,0,"","212","","2","","4","","256",64,661,661,"","",""
2978264972445,PHASE_B,134737,6946,MERGE_PUBLISH,0,4,32,"","212","","2","","4","","256",64,695,684,"{L1:2, L3:1, L5:1, L6:1}","{L2:1, L3:1, L5:1, L6:1}",""
2978264973705,PHASE_B,134879,6975,SEAL,0,5,32,"","213","","0","","1","","64",0,0,0,"{L2:1, L3:1, L5:1, L6:1}","{L0:1, L2:1, L3:1, L5:1, L6:1}",""
2978264976128,PHASE_B,135198,7039,SEAL,0,6,32,"","214","","0","","1","","64",0,0,0,"{L0:1, L2:1, L3:1, L5:1, L6:1}","{L0:2, L2:1, L3:1, L5:1, L6:1}",""
2978264976141,PHASE_B,135198,7039,MERGE_SUBMIT,0,6,32,"","","","","","","","",0,0,0,"{L0:2, L2:1, L3:1, L5:1, L6:1}","{L0:2, L2:1, L3:1, L5:1, L6:1}",""
2978264976191,PHASE_B,135209,7041,MERGE_START,0,6,32,"[213,214]","","[0,0]","","[1,1]","","[64,64]","",27,0,0,"{L0:2, L2:1, L3:1, L5:1, L6:1}","{L0:2, L2:1, L3:1, L5:1, L6:1}",""
2978264976496,PHASE_B,135261,7052,MERGE_DONE,0,0,0,"","215","","1","","2","","128",27,325,325,"","",""
2978264976531,PHASE_B,135267,7052,MERGE_PUBLISH,0,5,32,"","215","","1","","2","","128",27,354,353,"{L0:2, L2:1, L3:1, L5:1, L6:1}","{L1:1, L2:1, L3:1, L5:1, L6:1}",""
2978264978553,PHASE_B,135514,7101,SEAL,0,6,32,"","216","","0","","1","","64",0,0,0,"{L1:1, L2:1, L3:1, L5:1, L6:1}","{L0:1, L1:1, L2:1, L3:1, L5:1, L6:1}",""
2978264980922,PHASE_B,135849,7167,SEAL,0,7,32,"","217","","0","","1","","64",0,0,0,"{L0:1, L1:1, L2:1, L3:1, L5:1, L6:1}","{L0:2, L1:1, L2:1, L3:1, L5:1, L6:1}",""
2978264980935,PHASE_B,135849,7167,MERGE_SUBMIT,0,7,32,"","","","","","","","",0,0,0,"{L0:2, L1:1, L2:1, L3:1, L5:1, L6:1}","{L0:2, L1:1, L2:1, L3:1, L5:1, L6:1}",""
2978264981064,PHASE_B,135855,7169,MERGE_START,0,7,32,"[216,217]","","[0,0]","","[1,1]","","[64,64]","",104,0,0,"{L0:2, L1:1, L2:1, L3:1, L5:1, L6:1}","{L0:2, L1:1, L2:1, L3:1, L5:1, L6:1}",""
2978264981364,PHASE_B,135901,7179,MERGE_DONE,0,0,0,"","218","","1","","2","","128",104,322,321,"","",""
2978264981414,PHASE_B,135920,7182,MERGE_PUBLISH,0,6,32,"","218","","1","","2","","128",104,364,349,"{L0:2, L1:1, L2:1, L3:1, L5:1, L6:1}","{L1:2, L2:1, L3:1, L5:1, L6:1}",""
2978264981432,PHASE_B,135920,7182,MERGE_SUBMIT,14,6,32,"","","","","","","","",0,0,0,"{L1:2, L2:1, L3:1, L5:1, L6:1}","{L1:2, L2:1, L3:1, L5:1, L6:1}",""
2978264981543,PHASE_B,135932,7185,MERGE_START,0,6,32,"[215,218]","","[1,1]","","[2,2]","","[128,128]","",96,0,0,"{L1:2, L2:1, L3:1, L5:1, L6:1}","{L1:2, L2:1, L3:1, L5:1, L6:1}",""
2978264982156,PHASE_B,136003,7202,MERGE_DONE,0,0,0,"","219","","2","","4","","256",96,626,626,"","",""
2978264982177,PHASE_B,136012,7202,MERGE_PUBLISH,0,5,32,"","219","","2","","4","","256",96,648,647,"{L1:2, L2:1, L3:1, L5:1, L6:1}","{L2:2, L3:1, L5:1, L6:1}",""
2978264982194,PHASE_B,136017,7202,MERGE_SUBMIT,34,5,32,"","","","","","","","",0,0,0,"{L2:2, L3:1, L5:1, L6:1}","{L2:2, L3:1, L5:1, L6:1}",""
2978264982307,PHASE_B,136027,7205,MERGE_START,0,5,32,"[212,219]","","[2,2]","","[4,4]","","[256,256]","",99,0,0,"{L2:2, L3:1, L5:1, L6:1}","{L2:2, L3:1, L5:1, L6:1}",""
2978264983461,PHASE_B,136159,7231,SEAL,0,6,32,"","221","","0","","1","","64",0,0,0,"{L2:2, L3:1, L5:1, L6:1}","{L0:1, L2:2, L3:1, L5:1, L6:1}",""
2978264983655,PHASE_B,136198,7238,MERGE_DONE,0,0,0,"","220","","3","","8","","512",99,1367,1366,"","",""
2978264983677,PHASE_B,136205,7238,MERGE_PUBLISH,0,5,32,"","220","","3","","8","","512",99,1382,1381,"{L0:1, L2:2, L3:1, L5:1, L6:1}","{L0:1, L3:2, L5:1, L6:1}",""
2978264983696,PHASE_B,136205,7238,MERGE_SUBMIT,6,5,32,"","","","","","","","",0,0,0,"{L0:1, L3:2, L5:1, L6:1}","{L0:1, L3:2, L5:1, L6:1}",""
2978264983800,PHASE_B,136213,7242,MERGE_START,0,5,32,"[205,220]","","[3,3]","","[8,8]","","[512,512]","",87,0,0,"{L0:1, L3:2, L5:1, L6:1}","{L0:1, L3:2, L5:1, L6:1}",""
2978264985918,PHASE_B,136474,7294,SEAL,0,6,32,"","223","","0","","1","","64",0,0,0,"{L0:1, L3:2, L5:1, L6:1}","{L0:2, L3:2, L5:1, L6:1}",""
2978264985981,PHASE_B,136487,7297,MERGE_DONE,0,0,0,"","222","","4","","16","","1024",87,2198,2198,"","",""
2978264986008,PHASE_B,136490,7297,MERGE_PUBLISH,0,5,32,"","222","","4","","16","","1024",87,2214,2213,"{L0:2, L3:2, L5:1, L6:1}","{L0:2, L4:1, L5:1, L6:1}",""
2978264986028,PHASE_B,136490,7297,MERGE_SUBMIT,1,5,32,"","","","","","","","",0,0,0,"{L0:2, L4:1, L5:1, L6:1}","{L0:2, L4:1, L5:1, L6:1}",""
2978264986144,PHASE_B,136512,7301,MERGE_START,0,5,32,"[221,223]","","[0,0]","","[1,1]","","[64,64]","",97,0,0,"{L0:2, L4:1, L5:1, L6:1}","{L0:2, L4:1, L5:1, L6:1}",""
2978264986451,PHASE_B,136561,7311,MERGE_DONE,0,0,0,"","224","","1","","2","","128",97,329,328,"","",""
2978264986469,PHASE_B,136564,7311,MERGE_PUBLISH,0,4,32,"","224","","1","","2","","128",97,343,342,"{L0:2, L4:1, L5:1, L6:1}","{L1:1, L4:1, L5:1, L6:1}",""
2978264988412,PHASE_B,136797,7359,SEAL,0,5,32,"","225","","0","","1","","64",0,0,0,"{L1:1, L4:1, L5:1, L6:1}","{L0:1, L1:1, L4:1, L5:1, L6:1}",""
2978264990691,PHASE_B,137120,7423,SEAL,0,6,32,"","226","","0","","1","","64",0,0,0,"{L0:1, L1:1, L4:1, L5:1, L6:1}","{L0:2, L1:1, L4:1, L5:1, L6:1}",""
2978264990704,PHASE_B,137120,7423,MERGE_SUBMIT,0,6,32,"","","","","","","","",0,0,0,"{L0:2, L1:1, L4:1, L5:1, L6:1}","{L0:2, L1:1, L4:1, L5:1, L6:1}",""
2978264990812,PHASE_B,137135,7426,MERGE_START,0,6,32,"[225,226]","","[0,0]","","[1,1]","","[64,64]","",85,0,0,"{L0:2, L1:1, L4:1, L5:1, L6:1}","{L0:2, L1:1, L4:1, L5:1, L6:1}",""
2978264991142,PHASE_B,137179,7433,MERGE_DONE,0,0,0,"","227","","1","","2","","128",85,350,349,"","",""
2978264991162,PHASE_B,137179,7433,MERGE_PUBLISH,0,5,32,"","227","","1","","2","","128",85,364,363,"{L0:2, L1:1, L4:1, L5:1, L6:1}","{L1:2, L4:1, L5:1, L6:1}",""
2978264991182,PHASE_B,137179,7433,MERGE_SUBMIT,14,5,32,"","","","","","","","",0,0,0,"{L1:2, L4:1, L5:1, L6:1}","{L1:2, L4:1, L5:1, L6:1}",""
2978264991246,PHASE_B,137202,7440,MERGE_START,0,5,32,"[224,227]","","[1,1]","","[2,2]","","[128,128]","",65,0,0,"{L1:2, L4:1, L5:1, L6:1}","{L1:2, L4:1, L5:1, L6:1}",""
2978264991753,PHASE_B,137279,7454,MERGE_DONE,0,0,0,"","228","","2","","4","","256",65,511,512,"","",""
2978264991782,PHASE_B,137279,7454,MERGE_PUBLISH,0,4,32,"","228","","2","","4","","256",65,536,536,"{L1:2, L4:1, L5:1, L6:1}","{L2:1, L4:1, L5:1, L6:1}",""
2978264993143,PHASE_B,137442,7487,SEAL,0,5,32,"","229","","0","","1","","64",0,0,0,"{L2:1, L4:1, L5:1, L6:1}","{L0:1, L2:1, L4:1, L5:1, L6:1}",""
2978264995376,PHASE_B,137746,7548,SEAL,0,6,32,"","230","","0","","1","","64",0,0,0,"{L0:1, L2:1, L4:1, L5:1, L6:1}","{L0:2, L2:1, L4:1, L5:1, L6:1}",""
2978264995388,PHASE_B,137746,7548,MERGE_SUBMIT,0,6,32,"","","","","","","","",0,0,0,"{L0:2, L2:1, L4:1, L5:1, L6:1}","{L0:2, L2:1, L4:1, L5:1, L6:1}",""
2978264995495,PHASE_B,137776,7553,MERGE_START,0,6,32,"[229,230]","","[0,0]","","[1,1]","","[64,64]","",84,0,0,"{L0:2, L2:1, L4:1, L5:1, L6:1}","{L0:2, L2:1, L4:1, L5:1, L6:1}",""
2978264995848,PHASE_B,137848,7567,MERGE_DONE,0,0,0,"","231","","1","","2","","128",84,372,372,"","",""
2978264995868,PHASE_B,137848,7567,MERGE_PUBLISH,0,5,32,"","231","","1","","2","","128",84,387,385,"{L0:2, L2:1, L4:1, L5:1, L6:1}","{L1:1, L2:1, L4:1, L5:1, L6:1}",""
2978264997719,PHASE_B,138078,7615,SEAL,0,6,32,"","232","","0","","1","","64",0,0,0,"{L1:1, L2:1, L4:1, L5:1, L6:1}","{L0:1, L1:1, L2:1, L4:1, L5:1, L6:1}",""
2978265000010,PHASE_B,138399,7679,SEAL,0,7,32,"","233","","0","","1","","64",0,0,0,"{L0:1, L1:1, L2:1, L4:1, L5:1, L6:1}","{L0:2, L1:1, L2:1, L4:1, L5:1, L6:1}",""
2978265000023,PHASE_B,138399,7679,MERGE_SUBMIT,0,7,32,"","","","","","","","",0,0,0,"{L0:2, L1:1, L2:1, L4:1, L5:1, L6:1}","{L0:2, L1:1, L2:1, L4:1, L5:1, L6:1}",""
2978265000134,PHASE_B,138416,7681,MERGE_START,0,7,32,"[232,233]","","[0,0]","","[1,1]","","[64,64]","",88,0,0,"{L0:2, L1:1, L2:1, L4:1, L5:1, L6:1}","{L0:2, L1:1, L2:1, L4:1, L5:1, L6:1}",""
2978265000434,PHASE_B,138471,7694,MERGE_DONE,0,0,0,"","234","","1","","2","","128",88,320,320,"","",""
2978265000456,PHASE_B,138476,7694,MERGE_PUBLISH,0,6,32,"","234","","1","","2","","128",88,335,334,"{L0:2, L1:1, L2:1, L4:1, L5:1, L6:1}","{L1:2, L2:1, L4:1, L5:1, L6:1}",""
2978265000477,PHASE_B,138477,7694,MERGE_SUBMIT,14,6,32,"","","","","","","","",0,0,0,"{L1:2, L2:1, L4:1, L5:1, L6:1}","{L1:2, L2:1, L4:1, L5:1, L6:1}",""
2978265000559,PHASE_B,138485,7695,MERGE_START,0,6,32,"[231,234]","","[1,1]","","[2,2]","","[128,128]","",81,0,0,"{L1:2, L2:1, L4:1, L5:1, L6:1}","{L1:2, L2:1, L4:1, L5:1, L6:1}",""
2978265001075,PHASE_B,138559,7710,MERGE_DONE,0,0,0,"","235","","2","","4","","256",81,521,522,"","",""
2978265001090,PHASE_B,138559,7710,MERGE_PUBLISH,0,5,32,"","235","","2","","4","","256",81,532,532,"{L1:2, L2:1, L4:1, L5:1, L6:1}","{L2:2, L4:1, L5:1, L6:1}",""
2978265001118,PHASE_B,138559,7710,MERGE_SUBMIT,31,5,32,"","","","","","","","",0,0,0,"{L2:2, L4:1, L5:1, L6:1}","{L2:2, L4:1, L5:1, L6:1}",""
2978265001221,PHASE_B,138571,7713,MERGE_START,0,5,32,"[228,235]","","[2,2]","","[4,4]","","[256,256]","",85,0,0,"{L2:2, L4:1, L5:1, L6:1}","{L2:2, L4:1, L5:1, L6:1}",""
2978265002312,PHASE_B,138705,7740,MERGE_DONE,0,0,0,"","236","","3","","8","","512",85,1109,1108,"","",""
2978265002332,PHASE_B,138706,7740,MERGE_PUBLISH,0,4,32,"","236","","3","","8","","512",85,1124,1123,"{L2:2, L4:1, L5:1, L6:1}","{L3:1, L4:1, L5:1, L6:1}",""
2978265002555,PHASE_B,138724,7742,SEAL,0,5,32,"","237","","0","","1","","64",0,0,0,"{L3:1, L4:1, L5:1, L6:1}","{L0:1, L3:1, L4:1, L5:1, L6:1}",""
2978265004851,PHASE_B,139048,7807,SEAL,0,6,32,"","238","","0","","1","","64",0,0,0,"{L0:1, L3:1, L4:1, L5:1, L6:1}","{L0:2, L3:1, L4:1, L5:1, L6:1}",""
2978265004865,PHASE_B,139048,7807,MERGE_SUBMIT,0,6,32,"","","","","","","","",0,0,0,"{L0:2, L3:1, L4:1, L5:1, L6:1}","{L0:2, L3:1, L4:1, L5:1, L6:1}",""
2978265004972,PHASE_B,139060,7811,MERGE_START,0,6,32,"[237,238]","","[0,0]","","[1,1]","","[64,64]","",83,0,0,"{L0:2, L3:1, L4:1, L5:1, L6:1}","{L0:2, L3:1, L4:1, L5:1, L6:1}",""
2978265005311,PHASE_B,139113,7823,MERGE_DONE,0,0,0,"","239","","1","","2","","128",83,358,358,"","",""
2978265005333,PHASE_B,139121,7823,MERGE_PUBLISH,0,5,32,"","239","","1","","2","","128",83,374,372,"{L0:2, L3:1, L4:1, L5:1, L6:1}","{L1:1, L3:1, L4:1, L5:1, L6:1}",""
2978265007175,PHASE_B,139353,7870,SEAL,0,6,32,"","240","","0","","1","","64",0,0,0,"{L1:1, L3:1, L4:1, L5:1, L6:1}","{L0:1, L1:1, L3:1, L4:1, L5:1, L6:1}",""
2978265009446,PHASE_B,139687,7935,SEAL,0,7,32,"","241","","0","","1","","64",0,0,0,"{L0:1, L1:1, L3:1, L4:1, L5:1, L6:1}","{L0:2, L1:1, L3:1, L4:1, L5:1, L6:1}",""
2978265009459,PHASE_B,139687,7935,MERGE_SUBMIT,0,7,32,"","","","","","","","",0,0,0,"{L0:2, L1:1, L3:1, L4:1, L5:1, L6:1}","{L0:2, L1:1, L3:1, L4:1, L5:1, L6:1}",""
2978265009567,PHASE_B,139700,7940,MERGE_START,0,7,32,"[240,241]","","[0,0]","","[1,1]","","[64,64]","",84,0,0,"{L0:2, L1:1, L3:1, L4:1, L5:1, L6:1}","{L0:2, L1:1, L3:1, L4:1, L5:1, L6:1}",""
2978265009832,PHASE_B,139744,7948,MERGE_DONE,0,0,0,"","242","","1","","2","","128",84,285,285,"","",""
2978265009856,PHASE_B,139744,7948,MERGE_PUBLISH,0,6,32,"","242","","1","","2","","128",84,302,301,"{L0:2, L1:1, L3:1, L4:1, L5:1, L6:1}","{L1:2, L3:1, L4:1, L5:1, L6:1}",""
2978265009876,PHASE_B,139744,7948,MERGE_SUBMIT,12,6,32,"","","","","","","","",0,0,0,"{L1:2, L3:1, L4:1, L5:1, L6:1}","{L1:2, L3:1, L4:1, L5:1, L6:1}",""
2978265009989,PHASE_B,139764,7951,MERGE_START,0,6,32,"[239,242]","","[1,1]","","[2,2]","","[128,128]","",96,0,0,"{L1:2, L3:1, L4:1, L5:1, L6:1}","{L1:2, L3:1, L4:1, L5:1, L6:1}",""
2978265010597,PHASE_B,139852,7968,MERGE_DONE,0,0,0,"","243","","2","","4","","256",96,627,627,"","",""
2978265010643,PHASE_B,139858,7969,MERGE_PUBLISH,0,5,32,"","243","","2","","4","","256",96,667,656,"{L1:2, L3:1, L4:1, L5:1, L6:1}","{L2:1, L3:1, L4:1, L5:1, L6:1}",""
2978265012082,PHASE_B,139995,7998,SEAL,0,6,32,"","244","","0","","1","","64",0,0,0,"{L2:1, L3:1, L4:1, L5:1, L6:1}","{L0:1, L2:1, L3:1, L4:1, L5:1, L6:1}",""
2978265014544,PHASE_B,140316,8061,SEAL,0,7,32,"","245","","0","","1","","64",0,0,0,"{L0:1, L2:1, L3:1, L4:1, L5:1, L6:1}","{L0:2, L2:1, L3:1, L4:1, L5:1, L6:1}",""
2978265014557,PHASE_B,140316,8061,MERGE_SUBMIT,0,7,32,"","","","","","","","",0,0,0,"{L0:2, L2:1, L3:1, L4:1, L5:1, L6:1}","{L0:2, L2:1, L3:1, L4:1, L5:1, L6:1}",""
2978265014677,PHASE_B,140340,8067,MERGE_START,0,7,32,"[244,245]","","[0,0]","","[1,1]","","[64,64]","",96,0,0,"{L0:2, L2:1, L3:1, L4:1, L5:1, L6:1}","{L0:2, L2:1, L3:1, L4:1, L5:1, L6:1}",""
2978265014987,PHASE_B,140386,8076,MERGE_DONE,0,0,0,"","246","","1","","2","","128",96,331,330,"","",""
2978265015024,PHASE_B,140395,8077,MERGE_PUBLISH,0,6,32,"","246","","1","","2","","128",96,347,346,"{L0:2, L2:1, L3:1, L4:1, L5:1, L6:1}","{L1:1, L2:1, L3:1, L4:1, L5:1, L6:1}",""
2978265017128,PHASE_B,140636,8127,SEAL,0,7,32,"","247","","0","","1","","64",0,0,0,"{L1:1, L2:1, L3:1, L4:1, L5:1, L6:1}","{L0:1, L1:1, L2:1, L3:1, L4:1, L5:1, L6:1}",""
2978265019406,PHASE_B,140964,8191,SEAL,0,8,32,"","248","","0","","1","","64",0,0,0,"{L0:1, L1:1, L2:1, L3:1, L4:1, L5:1, L6:1}","{L0:2, L1:1, L2:1, L3:1, L4:1, L5:1, L6:1}",""
2978265019420,PHASE_B,140964,8191,MERGE_SUBMIT,0,8,32,"","","","","","","","",0,0,0,"{L0:2, L1:1, L2:1, L3:1, L4:1, L5:1, L6:1}","{L0:2, L1:1, L2:1, L3:1, L4:1, L5:1, L6:1}",""
2978265019538,PHASE_B,140978,8195,MERGE_START,0,8,32,"[247,248]","","[0,0]","","[1,1]","","[64,64]","",92,0,0,"{L0:2, L1:1, L2:1, L3:1, L4:1, L5:1, L6:1}","{L0:2, L1:1, L2:1, L3:1, L4:1, L5:1, L6:1}",""
2978265019959,PHASE_B,141046,8208,MERGE_DONE,0,0,0,"","249","","1","","2","","128",92,442,442,"","",""
2978265019987,PHASE_B,141047,8208,MERGE_PUBLISH,0,7,32,"","249","","1","","2","","128",92,461,461,"{L0:2, L1:1, L2:1, L3:1, L4:1, L5:1, L6:1}","{L1:2, L2:1, L3:1, L4:1, L5:1, L6:1}",""
2978265020020,PHASE_B,141047,8208,MERGE_SUBMIT,16,7,32,"","","","","","","","",0,0,0,"{L1:2, L2:1, L3:1, L4:1, L5:1, L6:1}","{L1:2, L2:1, L3:1, L4:1, L5:1, L6:1}",""
2978265020096,PHASE_B,141059,8211,MERGE_START,0,7,32,"[246,249]","","[1,1]","","[2,2]","","[128,128]","",87,0,0,"{L1:2, L2:1, L3:1, L4:1, L5:1, L6:1}","{L1:2, L2:1, L3:1, L4:1, L5:1, L6:1}",""
2978265020614,PHASE_B,141126,8223,MERGE_DONE,0,0,0,"","250","","2","","4","","256",87,525,525,"","",""
2978265020631,PHASE_B,141126,8223,MERGE_PUBLISH,0,6,32,"","250","","2","","4","","256",87,536,536,"{L1:2, L2:1, L3:1, L4:1, L5:1, L6:1}","{L2:2, L3:1, L4:1, L5:1, L6:1}",""
2978265020645,PHASE_B,141126,8223,MERGE_SUBMIT,33,6,32,"","","","","","","","",0,0,0,"{L2:2, L3:1, L4:1, L5:1, L6:1}","{L2:2, L3:1, L4:1, L5:1, L6:1}",""
2978265020748,PHASE_B,141144,8228,MERGE_START,0,6,32,"[243,250]","","[2,2]","","[4,4]","","[256,256]","",83,0,0,"{L2:2, L3:1, L4:1, L5:1, L6:1}","{L2:2, L3:1, L4:1, L5:1, L6:1}",""
2978265021805,PHASE_B,141274,8253,MERGE_DONE,0,0,0,"","251","","3","","8","","512",83,1077,1077,"","",""
2978265021827,PHASE_B,141275,8253,MERGE_PUBLISH,0,5,32,"","251","","3","","8","","512",83,1093,1092,"{L2:2, L3:1, L4:1, L5:1, L6:1}","{L3:2, L4:1, L5:1, L6:1}",""
2978265021847,PHASE_B,141275,8253,MERGE_SUBMIT,61,5,32,"","","","","","","","",0,0,0,"{L3:2, L4:1, L5:1, L6:1}","{L3:2, L4:1, L5:1, L6:1}",""
2978265021951,PHASE_B,141275,8253,MERGE_START,0,5,32,"[236,251]","","[3,3]","","[8,8]","","[512,512]","",88,0,0,"{L3:2, L4:1, L5:1, L6:1}","{L3:2, L4:1, L5:1, L6:1}",""
2978265021986,PHASE_B,141275,8253,SEAL,0,6,32,"","252","","0","","1","","64",0,0,0,"{L3:2, L4:1, L5:1, L6:1}","{L0:1, L3:2, L4:1, L5:1, L6:1}",""
2978265023577,PHASE_B,141510,8300,MERGE_DONE,0,0,0,"","253","","4","","16","","1024",88,1648,1647,"","",""
2978265023583,PHASE_B,141510,8300,MERGE_PUBLISH,0,5,32,"","253","","4","","16","","1024",88,1653,1652,"{L0:1, L3:2, L4:1, L5:1, L6:1}","{L0:1, L4:2, L5:1, L6:1}",""
2978265023587,PHASE_B,141510,8300,MERGE_SUBMIT,46,5,32,"","","","","","","","",0,0,0,"{L0:1, L4:2, L5:1, L6:1}","{L0:1, L4:2, L5:1, L6:1}",""
2978265023702,PHASE_B,141522,8304,MERGE_START,0,5,32,"[222,253]","","[4,4]","","[16,16]","","[1024,1024]","",93,0,0,"{L0:1, L4:2, L5:1, L6:1}","{L0:1, L4:2, L5:1, L6:1}",""
2978265024400,PHASE_B,141596,8318,SEAL,0,6,32,"","254","","0","","1","","64",0,0,0,"{L0:1, L4:2, L5:1, L6:1}","{L0:2, L4:2, L5:1, L6:1}",""
2978265026903,PHASE_B,141923,8383,SEAL,0,7,32,"","256","","0","","1","","64",0,0,0,"{L0:2, L4:2, L5:1, L6:1}","{L0:3, L4:2, L5:1, L6:1}",""
2978265028995,PHASE_B,142210,8443,MERGE_DONE,0,0,0,"","255","","5","","32","","2048",93,5310,5310,"","",""
2978265029024,PHASE_B,142223,8443,MERGE_PUBLISH,0,6,32,"","255","","5","","32","","2048",93,5335,5334,"{L0:3, L4:2, L5:1, L6:1}","{L0:3, L5:2, L6:1}",""
2978265029050,PHASE_B,142223,8443,MERGE_SUBMIT,59,6,32,"","","","","","","","",0,0,0,"{L0:3, L5:2, L6:1}","{L0:3, L5:2, L6:1}",""
2978265029161,PHASE_B,142226,8444,MERGE_START,0,6,32,"[252,254]","","[0,0]","","[1,1]","","[64,64]","",94,0,0,"{L0:3, L5:2, L6:1}","{L0:3, L5:2, L6:1}",""
2978265029308,PHASE_B,142241,8446,SEAL,0,7,32,"","257","","0","","1","","64",0,0,0,"{L0:3, L5:2, L6:1}","{L0:4, L5:2, L6:1}",""
2978265029894,PHASE_B,142329,8465,MERGE_DONE,0,0,0,"","258","","1","","2","","128",94,752,741,"","",""
2978265029912,PHASE_B,142329,8465,MERGE_PUBLISH,0,6,32,"","258","","1","","2","","128",94,766,754,"{L0:4, L5:2, L6:1}","{L0:2, L1:1, L5:2, L6:1}",""
2978265029929,PHASE_B,142331,8466,MERGE_SUBMIT,17,6,32,"","","","","","","","",0,0,0,"{L0:2, L1:1, L5:2, L6:1}","{L0:2, L1:1, L5:2, L6:1}",""
2978265029984,PHASE_B,142347,8467,MERGE_START,0,6,32,"[256,257]","","[0,0]","","[1,1]","","[64,64]","",54,0,0,"{L0:2, L1:1, L5:2, L6:1}","{L0:2, L1:1, L5:2, L6:1}",""
2978265030242,PHASE_B,142370,8474,MERGE_DONE,0,0,0,"","259","","1","","2","","128",54,263,263,"","",""
2978265030256,PHASE_B,142381,8474,MERGE_PUBLISH,0,5,32,"","259","","1","","2","","128",54,272,272,"{L0:2, L1:1, L5:2, L6:1}","{L1:2, L5:2, L6:1}",""
2978265030283,PHASE_B,142386,8474,MERGE_SUBMIT,26,5,32,"","","","","","","","",0,0,0,"{L1:2, L5:2, L6:1}","{L1:2, L5:2, L6:1}",""
2978265030332,PHASE_B,142389,8476,MERGE_START,0,5,32,"[258,259]","","[1,1]","","[2,2]","","[128,128]","",41,0,0,"{L1:2, L5:2, L6:1}","{L1:2, L5:2, L6:1}",""
2978265030888,PHASE_B,142452,8490,MERGE_DONE,0,0,0,"","260","","2","","4","","256",41,567,566,"","",""
2978265030902,PHASE_B,142454,8490,MERGE_PUBLISH,0,4,32,"","260","","2","","4","","256",41,577,576,"{L1:2, L5:2, L6:1}","{L2:1, L5:2, L6:1}",""
2978265030918,PHASE_B,142455,8490,MERGE_SUBMIT,42,4,32,"","","","","","","","",0,0,0,"{L2:1, L5:2, L6:1}","{L2:1, L5:2, L6:1}",""
2978265030954,PHASE_B,142455,8490,MERGE_START,0,4,32,"[192,255]","","[5,5]","","[32,32]","","[2048,2048]","",21,0,0,"{L2:1, L5:2, L6:1}","{L2:1, L5:2, L6:1}",""
2978265031890,PHASE_B,142558,8511,SEAL,0,5,32,"","261","","0","","1","","64",0,0,0,"{L2:1, L5:2, L6:1}","{L0:1, L2:1, L5:2, L6:1}",""
2978265034242,PHASE_B,142881,8575,SEAL,0,6,32,"","263","","0","","1","","64",0,0,0,"{L0:1, L2:1, L5:2, L6:1}","{L0:2, L2:1, L5:2, L6:1}",""
2978265036584,PHASE_B,143205,8638,SEAL,0,7,32,"","264","","0","","1","","64",0,0,0,"{L0:2, L2:1, L5:2, L6:1}","{L0:3, L2:1, L5:2, L6:1}",""
2978265039040,PHASE_B,143516,8701,SEAL,0,8,32,"","265","","0","","1","","64",0,0,0,"{L0:3, L2:1, L5:2, L6:1}","{L0:4, L2:1, L5:2, L6:1}",""
2978265041491,PHASE_B,143829,8764,SEAL,0,9,32,"","266","","0","","1","","64",0,0,0,"{L0:4, L2:1, L5:2, L6:1}","{L0:5, L2:1, L5:2, L6:1}",""
2978265041737,PHASE_B,143880,8776,MERGE_DONE,0,0,0,"","262","","6","","64","","4096",21,10799,10800,"","",""
2978265041760,PHASE_B,143888,8776,MERGE_PUBLISH,0,8,32,"","262","","6","","64","","4096",21,10817,10816,"{L0:5, L2:1, L5:2, L6:1}","{L0:5, L2:1, L6:2}",""
2978265041780,PHASE_B,143890,8777,MERGE_SUBMIT,8,8,32,"","","","","","","","",0,0,0,"{L0:5, L2:1, L6:2}","{L0:5, L2:1, L6:2}",""
2978265041851,PHASE_B,143890,8777,MERGE_START,0,8,32,"[261,263]","","[0,0]","","[1,1]","","[64,64]","",71,0,0,"{L0:5, L2:1, L6:2}","{L0:5, L2:1, L6:2}",""
2978265041929,PHASE_B,143913,8781,MERGE_DONE,0,0,0,"","267","","1","","2","","128",71,84,84,"","",""
2978265041935,PHASE_B,143913,8781,MERGE_PUBLISH,0,7,32,"","267","","1","","2","","128",71,89,89,"{L0:5, L2:1, L6:2}","{L0:3, L1:1, L2:1, L6:2}",""
2978265041947,PHASE_B,143915,8781,MERGE_SUBMIT,13,7,32,"","","","","","","","",0,0,0,"{L0:3, L1:1, L2:1, L6:2}","{L0:3, L1:1, L2:1, L6:2}",""
2978265042032,PHASE_B,143915,8781,MERGE_START,0,7,32,"[264,265]","","[0,0]","","[1,1]","","[64,64]","",77,0,0,"{L0:3, L1:1, L2:1, L6:2}","{L0:3, L1:1, L2:1, L6:2}",""
2978265042283,PHASE_B,143946,8790,MERGE_DONE,0,0,0,"","268","","1","","2","","128",77,258,258,"","",""
2978265042296,PHASE_B,143956,8790,MERGE_PUBLISH,0,6,32,"","268","","1","","2","","128",77,267,266,"{L0:3, L1:1, L2:1, L6:2}","{L0:1, L1:2, L2:1, L6:2}",""
2978265042306,PHASE_B,143958,8790,MERGE_SUBMIT,22,6,32,"","","","","","","","",0,0,0,"{L0:1, L1:2, L2:1, L6:2}","{L0:1, L1:2, L2:1, L6:2}",""
2978265042363,PHASE_B,143963,8792,MERGE_START,0,6,32,"[267,268]","","[1,1]","","[2,2]","","[128,128]","",56,0,0,"{L0:1, L1:2, L2:1, L6:2}","{L0:1, L1:2, L2:1, L6:2}",""
2978265042859,PHASE_B,144032,8804,MERGE_DONE,0,0,0,"","269","","2","","4","","256",56,500,500,"","",""
2978265042903,PHASE_B,144032,8804,MERGE_PUBLISH,0,5,32,"","269","","2","","4","","256",56,539,524,"{L0:1, L1:2, L2:1, L6:2}","{L0:1, L2:2, L6:2}",""
2978265042926,PHASE_B,144032,8804,MERGE_SUBMIT,37,5,32,"","","","","","","","",0,0,0,"{L0:1, L2:2, L6:2}","{L0:1, L2:2, L6:2}",""
2978265042963,PHASE_B,144038,8806,MERGE_START,0,5,32,"[260,269]","","[2,2]","","[4,4]","","[256,256]","",20,0,0,"{L0:1, L2:2, L6:2}","{L0:1, L2:2, L6:2}",""
2978265044072,PHASE_B,144166,8831,SEAL,0,6,32,"","271","","0","","1","","64",0,0,0,"{L0:1, L2:2, L6:2}","{L0:2, L2:2, L6:2}",""
2978265044105,PHASE_B,144166,8831,MERGE_DONE,0,0,0,"","270","","3","","8","","512",20,1160,1160,"","",""
2978265044126,PHASE_B,144166,8831,MERGE_PUBLISH,0,5,32,"","270","","3","","8","","512",20,1177,1176,"{L0:2, L2:2, L6:2}","{L0:2, L3:1, L6:2}",""
2978265044143,PHASE_B,144170,8834,MERGE_SUBMIT,1,5,32,"","","","","","","","",0,0,0,"{L0:2, L3:1, L6:2}","{L0:2, L3:1, L6:2}",""
2978265044261,PHASE_B,144192,8836,MERGE_START,0,5,32,"[266,271]","","[0,0]","","[1,1]","","[64,64]","",96,0,0,"{L0:2, L3:1, L6:2}","{L0:2, L3:1, L6:2}",""
2978265044678,PHASE_B,144243,8846,MERGE_DONE,0,0,0,"","272","","1","","2","","128",96,439,436,"","",""
2978265044723,PHASE_B,144256,8850,MERGE_PUBLISH,0,4,32,"","272","","1","","2","","128",96,482,466,"{L0:2, L3:1, L6:2}","{L1:1, L3:1, L6:2}",""
2978265044759,PHASE_B,144257,8850,MERGE_SUBMIT,18,4,32,"","","","","","","","",0,0,0,"{L1:1, L3:1, L6:2}","{L1:1, L3:1, L6:2}",""
2978265044829,PHASE_B,144266,8852,MERGE_START,0,4,32,"[135,262]","","[6,6]","","[64,64]","","[4096,4096]","",58,0,0,"{L1:1, L3:1, L6:2}","{L1:1, L3:1, L6:2}",""
2978265046582,PHASE_B,144489,8895,SEAL,0,5,32,"","273","","0","","1","","64",0,0,0,"{L1:1, L3:1, L6:2}","{L0:1, L1:1, L3:1, L6:2}",""
2978265049009,PHASE_B,144797,8958,SEAL,0,6,32,"","275","","0","","1","","64",0,0,0,"{L0:1, L1:1, L3:1, L6:2}","{L0:2, L1:1, L3:1, L6:2}",""
2978265051403,PHASE_B,145121,9023,SEAL,0,7,32,"","276","","0","","1","","64",0,0,0,"{L0:2, L1:1, L3:1, L6:2}","{L0:3, L1:1, L3:1, L6:2}",""
2978265053754,PHASE_B,145441,9087,SEAL,0,8,32,"","277","","0","","1","","64",0,0,0,"{L0:3, L1:1, L3:1, L6:2}","{L0:4, L1:1, L3:1, L6:2}",""
2978265056175,PHASE_B,145758,9150,SEAL,0,9,32,"","278","","0","","1","","64",0,0,0,"{L0:4, L1:1, L3:1, L6:2}","{L0:5, L1:1, L3:1, L6:2}",""
2978265058658,PHASE_B,146085,9215,SEAL,0,10,32,"","279","","0","","1","","64",0,0,0,"{L0:5, L1:1, L3:1, L6:2}","{L0:6, L1:1, L3:1, L6:2}",""
2978265061135,PHASE_B,146403,9279,SEAL,0,11,32,"","280","","0","","1","","64",0,0,0,"{L0:6, L1:1, L3:1, L6:2}","{L0:7, L1:1, L3:1, L6:2}",""
2978265063594,PHASE_B,146723,9343,SEAL,0,12,32,"","281","","0","","1","","64",0,0,0,"{L0:7, L1:1, L3:1, L6:2}","{L0:8, L1:1, L3:1, L6:2}",""
2978265066012,PHASE_B,147044,9407,SEAL,0,13,32,"","282","","0","","1","","64",0,0,0,"{L0:8, L1:1, L3:1, L6:2}","{L0:9, L1:1, L3:1, L6:2}",""
2978265066887,PHASE_B,147177,9435,MERGE_DONE,0,0,0,"","274","","7","","128","","8192",58,22070,22072,"","",""
2978265066915,PHASE_B,147181,9435,MERGE_PUBLISH,0,12,32,"","274","","7","","128","","8192",58,22092,22093,"{L0:9, L1:1, L3:1, L6:2}","{L0:9, L1:1, L3:1, L7:1}",""
2978265066938,PHASE_B,147181,9435,MERGE_SUBMIT,27,12,32,"","","","","","","","",0,0,0,"{L0:9, L1:1, L3:1, L7:1}","{L0:9, L1:1, L3:1, L7:1}",""
2978265067055,PHASE_B,147201,9439,MERGE_START,0,12,32,"[273,275]","","[0,0]","","[1,1]","","[64,64]","",98,0,0,"{L0:9, L1:1, L3:1, L7:1}","{L0:9, L1:1, L3:1, L7:1}",""
2978265067315,PHASE_B,147234,9446,MERGE_DONE,0,0,0,"","283","","1","","2","","128",98,282,281,"","",""
2978265067336,PHASE_B,147236,9446,MERGE_PUBLISH,0,11,32,"","283","","1","","2","","128",98,297,296,"{L0:9, L1:1, L3:1, L7:1}","{L0:7, L1:2, L3:1, L7:1}",""
2978265067374,PHASE_B,147237,9446,MERGE_SUBMIT,38,11,32,"","","","","","","","",0,0,0,"{L0:7, L1:2, L3:1, L7:1}","{L0:7, L1:2, L3:1, L7:1}",""
2978265067419,PHASE_B,147240,9448,MERGE_START,0,11,32,"[276,277]","","[0,0]","","[1,1]","","[64,64]","",26,0,0,"{L0:7, L1:2, L3:1, L7:1}","{L0:7, L1:2, L3:1, L7:1}",""
2978265067689,PHASE_B,147272,9453,MERGE_DONE,0,0,0,"","284","","1","","2","","128",26,291,291,"","",""
2978265067726,PHASE_B,147277,9454,MERGE_PUBLISH,0,10,32,"","284","","1","","2","","128",26,323,315,"{L0:7, L1:2, L3:1, L7:1}","{L0:5, L1:3, L3:1, L7:1}",""
2978265067746,PHASE_B,147277,9454,MERGE_SUBMIT,46,10,32,"","","","","","","","",0,0,0,"{L0:5, L1:3, L3:1, L7:1}","{L0:5, L1:3, L3:1, L7:1}",""
2978265067850,PHASE_B,147285,9457,MERGE_START,0,10,32,"[278,279]","","[0,0]","","[1,1]","","[64,64]","",86,0,0,"{L0:5, L1:3, L3:1, L7:1}","{L0:5, L1:3, L3:1, L7:1}",""
2978265068139,PHASE_B,147320,9463,MERGE_DONE,0,0,0,"","285","","1","","2","","128",86,309,309,"","",""
2978265068160,PHASE_B,147322,9463,MERGE_PUBLISH,0,9,32,"","285","","1","","2","","128",86,325,324,"{L0:5, L1:3, L3:1, L7:1}","{L0:3, L1:4, L3:1, L7:1}",""
2978265068197,PHASE_B,147322,9463,MERGE_SUBMIT,55,9,32,"","","","","","","","",0,0,0,"{L0:3, L1:4, L3:1, L7:1}","{L0:3, L1:4, L3:1, L7:1}",""
2978265068224,PHASE_B,147324,9464,MERGE_START,0,9,32,"[280,281]","","[0,0]","","[1,1]","","[64,64]","",21,0,0,"{L0:3, L1:4, L3:1, L7:1}","{L0:3, L1:4, L3:1, L7:1}",""
2978265068475,PHASE_B,147355,9469,MERGE_DONE,0,0,0,"","286","","1","","2","","128",21,262,262,"","",""
2978265068490,PHASE_B,147356,9469,MERGE_PUBLISH,0,8,32,"","286","","1","","2","","128",21,272,272,"{L0:3, L1:4, L3:1, L7:1}","{L0:1, L1:5, L3:1, L7:1}",""
2978265068505,PHASE_B,147356,9469,MERGE_SUBMIT,61,8,32,"","","","","","","","",0,0,0,"{L0:1, L1:5, L3:1, L7:1}","{L0:1, L1:5, L3:1, L7:1}",""
2978265068531,PHASE_B,147356,9469,MERGE_START,0,8,32,"[272,283]","","[1,1]","","[2,2]","","[128,128]","",18,0,0,"{L0:1, L1:5, L3:1, L7:1}","{L0:1, L1:5, L3:1, L7:1}",""
2978265068666,PHASE_B,147356,9469,SEAL,0,9,32,"","288","","0","","1","","64",0,0,0,"{L0:1, L1:5, L3:1, L7:1}","{L0:2, L1:5, L3:1, L7:1}",""
2978265069053,PHASE_B,147418,9482,MERGE_DONE,0,0,0,"","287","","2","","4","","256",18,533,533,"","",""
2978265069070,PHASE_B,147418,9482,MERGE_PUBLISH,0,8,32,"","287","","2","","4","","256",18,544,544,"{L0:2, L1:5, L3:1, L7:1}","{L0:2, L1:3, L2:1, L3:1, L7:1}",""
2978265069101,PHASE_B,147424,9484,MERGE_SUBMIT,11,8,32,"","","","","","","","",0,0,0,"{L0:2, L1:3, L2:1, L3:1, L7:1}","{L0:2, L1:3, L2:1, L3:1, L7:1}",""
2978265069126,PHASE_B,147430,9484,MERGE_START,0,8,32,"[282,288]","","[0,0]","","[1,1]","","[64,64]","",19,0,0,"{L0:2, L1:3, L2:1, L3:1, L7:1}","{L0:2, L1:3, L2:1, L3:1, L7:1}",""
2978265069374,PHASE_B,147472,9492,MERGE_DONE,0,0,0,"","289","","1","","2","","128",19,257,257,"","",""
2978265069389,PHASE_B,147474,9492,MERGE_PUBLISH,0,7,32,"","289","","1","","2","","128",19,267,267,"{L0:2, L1:3, L2:1, L3:1, L7:1}","{L1:4, L2:1, L3:1, L7:1}",""
2978265069401,PHASE_B,147476,9492,MERGE_SUBMIT,20,7,32,"","","","","","","","",0,0,0,"{L1:4, L2:1, L3:1, L7:1}","{L1:4, L2:1, L3:1, L7:1}",""
2978265069425,PHASE_B,147476,9492,MERGE_START,0,7,32,"[284,285]","","[1,1]","","[2,2]","","[128,128]","",17,0,0,"{L1:4, L2:1, L3:1, L7:1}","{L1:4, L2:1, L3:1, L7:1}",""
2978265070889,PHASE_B,147654,9529,MERGE_DONE,0,0,0,"","290","","2","","4","","256",17,1473,1312,"","",""
2978265070923,PHASE_B,147662,9531,MERGE_PUBLISH,0,6,32,"","290","","2","","4","","256",17,1502,1334,"{L1:4, L2:1, L3:1, L7:1}","{L1:2, L2:2, L3:1, L7:1}",""
2978265070947,PHASE_B,147666,9531,MERGE_SUBMIT,59,6,32,"","","","","","","","",0,0,0,"{L1:2, L2:2, L3:1, L7:1}","{L1:2, L2:2, L3:1, L7:1}",""
2978265071063,PHASE_B,147680,9533,MERGE_START,0,6,32,"[286,289]","","[1,1]","","[2,2]","","[128,128]","",96,0,0,"{L1:2, L2:2, L3:1, L7:1}","{L1:2, L2:2, L3:1, L7:1}",""
2978265071186,PHASE_B,147680,9533,SEAL,0,7,32,"","291","","0","","1","","64",0,0,0,"{L1:2, L2:2, L3:1, L7:1}","{L0:1, L1:2, L2:2, L3:1, L7:1}",""
2978265071607,PHASE_B,147747,9549,MERGE_DONE,0,0,0,"","292","","2","","4","","256",96,563,563,"","",""
2978265071628,PHASE_B,147750,9549,MERGE_PUBLISH,0,6,32,"","292","","2","","4","","256",96,578,577,"{L0:1, L1:2, L2:2, L3:1, L7:1}","{L0:1, L2:3, L3:1, L7:1}",""
2978265071648,PHASE_B,147752,9550,MERGE_SUBMIT,13,6,32,"","","","","","","","",0,0,0,"{L0:1, L2:3, L3:1, L7:1}","{L0:1, L2:3, L3:1, L7:1}",""
2978265071752,PHASE_B,147760,9553,MERGE_START,0,6,32,"[287,290]","","[2,2]","","[4,4]","","[256,256]","",87,0,0,"{L0:1, L2:3, L3:1, L7:1}","{L0:1, L2:3, L3:1, L7:1}",""
2978265072965,PHASE_B,147931,9584,MERGE_DONE,0,0,0,"","293","","3","","8","","512",87,1231,1231,"","",""
2978265072989,PHASE_B,147931,9584,MERGE_PUBLISH,0,5,32,"","293","","3","","8","","512",87,1250,1249,"{L0:1, L2:3, L3:1, L7:1}","{L0:1, L2:1, L3:2, L7:1}",""
2978265073040,PHASE_B,147931,9584,MERGE_SUBMIT,50,5,32,"","","","","","","","",0,0,0,"{L0:1, L2:1, L3:2, L7:1}","{L0:1, L2:1, L3:2, L7:1}",""
2978265073129,PHASE_B,147948,9587,MERGE_START,0,5,32,"[270,293]","","[3,3]","","[8,8]","","[512,512]","",86,0,0,"{L0:1, L2:1, L3:2, L7:1}","{L0:1, L2:1, L3:2, L7:1}",""
2978265073675,PHASE_B,148001,9599,SEAL,0,6,32,"","295","","0","","1","","64",0,0,0,"{L0:1, L2:1, L3:2, L7:1}","{L0:2, L2:1, L3:2, L7:1}",""
2978265075244,PHASE_B,148230,9643,MERGE_DONE,0,0,0,"","294","","4","","16","","1024",86,2118,2119,"","",""
2978265075265,PHASE_B,148230,9643,MERGE_PUBLISH,0,5,32,"","294","","4","","16","","1024",86,2135,2135,"{L0:2, L2:1, L3:2, L7:1}","{L0:2, L2:1, L4:1, L7:1}",""
2978265075284,PHASE_B,148230,9643,MERGE_SUBMIT,44,5,32,"","","","","","","","",0,0,0,"{L0:2, L2:1, L4:1, L7:1}","{L0:2, L2:1, L4:1, L7:1}",""
2978265075386,PHASE_B,148236,9646,MERGE_START,0,5,32,"[291,295]","","[0,0]","","[1,1]","","[64,64]","",85,0,0,"{L0:2, L2:1, L4:1, L7:1}","{L0:2, L2:1, L4:1, L7:1}",""
2978265075668,PHASE_B,148275,9653,MERGE_DONE,0,0,0,"","296","","1","","2","","128",85,302,301,"","",""
2978265075712,PHASE_B,148279,9654,MERGE_PUBLISH,0,4,32,"","296","","1","","2","","128",85,341,329,"{L0:2, L2:1, L4:1, L7:1}","{L1:1, L2:1, L4:1, L7:1}",""
2978265076223,PHASE_B,148312,9661,SEAL,0,5,32,"","297","","0","","1","","64",0,0,0,"{L1:1, L2:1, L4:1, L7:1}","{L0:1, L1:1, L2:1, L4:1, L7:1}",""
2978265078554,PHASE_B,148637,9726,SEAL,0,6,32,"","298","","0","","1","","64",0,0,0,"{L0:1, L1:1, L2:1, L4:1, L7:1}","{L0:2, L1:1, L2:1, L4:1, L7:1}",""
2978265078566,PHASE_B,148637,9726,MERGE_SUBMIT,0,6,32,"","","","","","","","",0,0,0,"{L0:2, L1:1, L2:1, L4:1, L7:1}","{L0:2, L1:1, L2:1, L4:1, L7:1}",""
2978265078673,PHASE_B,148657,9731,MERGE_START,0,6,32,"[297,298]","","[0,0]","","[1,1]","","[64,64]","",83,0,0,"{L0:2, L1:1, L2:1, L4:1, L7:1}","{L0:2, L1:1, L2:1, L4:1, L7:1}",""
2978265079072,PHASE_B,148717,9743,MERGE_DONE,0,0,0,"","299","","1","","2","","128",83,419,418,"","",""
2978265079092,PHASE_B,148717,9743,MERGE_PUBLISH,0,5,32,"","299","","1","","2","","128",83,433,432,"{L0:2, L1:1, L2:1, L4:1, L7:1}","{L1:2, L2:1, L4:1, L7:1}",""
2978265079110,PHASE_B,148721,9745,MERGE_SUBMIT,16,5,32,"","","","","","","","",0,0,0,"{L1:2, L2:1, L4:1, L7:1}","{L1:2, L2:1, L4:1, L7:1}",""
2978265079231,PHASE_B,148738,9745,MERGE_START,0,5,32,"[296,299]","","[1,1]","","[2,2]","","[128,128]","",103,0,0,"{L1:2, L2:1, L4:1, L7:1}","{L1:2, L2:1, L4:1, L7:1}",""
2978265079858,PHASE_B,148826,9764,MERGE_DONE,0,0,0,"","300","","2","","4","","256",103,645,645,"","",""
2978265079901,PHASE_B,148832,9765,MERGE_PUBLISH,0,4,32,"","300","","2","","4","","256",103,684,672,"{L1:2, L2:1, L4:1, L7:1}","{L2:2, L4:1, L7:1}",""
2978265079920,PHASE_B,148832,9765,MERGE_SUBMIT,37,4,32,"","","","","","","","",0,0,0,"{L2:2, L4:1, L7:1}","{L2:2, L4:1, L7:1}",""
2978265079981,PHASE_B,148840,9767,MERGE_START,0,4,32,"[292,300]","","[2,2]","","[4,4]","","[256,256]","",58,0,0,"{L2:2, L4:1, L7:1}","{L2:2, L4:1, L7:1}",""
2978265080488,PHASE_B,148899,9779,MERGE_DONE,0,0,0,"","301","","3","","8","","512",58,510,511,"","",""
2978265080507,PHASE_B,148900,9779,MERGE_PUBLISH,0,3,32,"","301","","3","","8","","512",58,526,526,"{L2:2, L4:1, L7:1}","{L3:1, L4:1, L7:1}",""
2978265081092,PHASE_B,148960,9791,SEAL,0,4,32,"","302","","0","","1","","64",0,0,0,"{L3:1, L4:1, L7:1}","{L0:1, L3:1, L4:1, L7:1}",""
2978265083387,PHASE_B,149278,9854,SEAL,0,5,32,"","303","","0","","1","","64",0,0,0,"{L0:1, L3:1, L4:1, L7:1}","{L0:2, L3:1, L4:1, L7:1}",""
2978265083399,PHASE_B,149278,9854,MERGE_SUBMIT,0,5,32,"","","","","","","","",0,0,0,"{L0:2, L3:1, L4:1, L7:1}","{L0:2, L3:1, L4:1, L7:1}",""
2978265083505,PHASE_B,149297,9859,MERGE_START,0,5,32,"[302,303]","","[0,0]","","[1,1]","","[64,64]","",83,0,0,"{L0:2, L3:1, L4:1, L7:1}","{L0:2, L3:1, L4:1, L7:1}",""
2978265083808,PHASE_B,149357,9869,MERGE_DONE,0,0,0,"","304","","1","","2","","128",83,322,322,"","",""
2978265083827,PHASE_B,149357,9869,MERGE_PUBLISH,0,4,32,"","304","","1","","2","","128",83,337,336,"{L0:2, L3:1, L4:1, L7:1}","{L1:1, L3:1, L4:1, L7:1}",""
2978265085707,PHASE_B,149599,9918,SEAL,0,5,32,"","305","","0","","1","","64",0,0,0,"{L1:1, L3:1, L4:1, L7:1}","{L0:1, L1:1, L3:1, L4:1, L7:1}",""
2978265088011,PHASE_B,149918,9981,SEAL,0,6,32,"","306","","0","","1","","64",0,0,0,"{L0:1, L1:1, L3:1, L4:1, L7:1}","{L0:2, L1:1, L3:1, L4:1, L7:1}",""
2978265088023,PHASE_B,149918,9981,MERGE_SUBMIT,0,6,32,"","","","","","","","",0,0,0,"{L0:2, L1:1, L3:1, L4:1, L7:1}","{L0:2, L1:1, L3:1, L4:1, L7:1}",""
2978265088130,PHASE_B,149943,9987,MERGE_START,0,6,32,"[305,306]","","[0,0]","","[1,1]","","[64,64]","",83,0,0,"{L0:2, L1:1, L3:1, L4:1, L7:1}","{L0:2, L1:1, L3:1, L4:1, L7:1}",""
2978265088468,PHASE_B,149992,9998,MERGE_DONE,0,0,0,"","307","","1","","2","","128",83,358,357,"","",""
2978265088505,PHASE_B,149998,9999,MERGE_PUBLISH,0,5,32,"","307","","1","","2","","128",83,389,387,"{L0:2, L1:1, L3:1, L4:1, L7:1}","{L1:2, L3:1, L4:1, L7:1}",""
2978265088524,PHASE_B,150002,10000,MERGE_SUBMIT,15,5,32,"","","","","","","","",0,0,0,"{L1:2, L3:1, L4:1, L7:1}","{L1:2, L3:1, L4:1, L7:1}",""
2978265088637,PHASE_B,150016,10001,MERGE_START,0,5,32,"[304,307]","","[1,1]","","[2,2]","","[128,128]","",96,0,0,"{L1:2, L3:1, L4:1, L7:1}","{L1:2, L3:1, L4:1, L7:1}",""
2978265089231,PHASE_B,150098,10017,MERGE_DONE,0,0,0,"","308","","2","","4","","256",96,613,612,"","",""
2978265089250,PHASE_B,150098,10017,MERGE_PUBLISH,0,4,32,"","308","","2","","4","","256",96,628,627,"{L1:2, L3:1, L4:1, L7:1}","{L2:1, L3:1, L4:1, L7:1}",""
2978265090499,PHASE_B,150236,10046,SEAL,0,5,32,"","309","","0","","1","","64",0,0,0,"{L2:1, L3:1, L4:1, L7:1}","{L0:1, L2:1, L3:1, L4:1, L7:1}",""
2978265092796,PHASE_B,150554,10111,SEAL,0,6,32,"","310","","0","","1","","64",0,0,0,"{L0:1, L2:1, L3:1, L4:1, L7:1}","{L0:2, L2:1, L3:1, L4:1, L7:1}",""
2978265092808,PHASE_B,150554,10111,MERGE_SUBMIT,0,6,32,"","","","","","","","",0,0,0,"{L0:2, L2:1, L3:1, L4:1, L7:1}","{L0:2, L2:1, L3:1, L4:1, L7:1}",""
2978265092873,PHASE_B,150570,10114,MERGE_START,0,6,32,"[309,310]","","[0,0]","","[1,1]","","[64,64]","",57,0,0,"{L0:2, L2:1, L3:1, L4:1, L7:1}","{L0:2, L2:1, L3:1, L4:1, L7:1}",""
2978265092985,PHASE_B,150594,10118,MERGE_DONE,0,0,0,"","311","","1","","2","","128",57,120,119,"","",""
2978265092993,PHASE_B,150596,10118,MERGE_PUBLISH,0,5,32,"","311","","1","","2","","128",57,126,126,"{L0:2, L2:1, L3:1, L4:1, L7:1}","{L1:1, L2:1, L3:1, L4:1, L7:1}",""
2978265095098,PHASE_B,150880,10175,SEAL,0,6,32,"","312","","0","","1","","64",0,0,0,"{L1:1, L2:1, L3:1, L4:1, L7:1}","{L0:1, L1:1, L2:1, L3:1, L4:1, L7:1}",""
2978265097369,PHASE_B,151198,10239,SEAL,0,7,32,"","313","","0","","1","","64",0,0,0,"{L0:1, L1:1, L2:1, L3:1, L4:1, L7:1}","{L0:2, L1:1, L2:1, L3:1, L4:1, L7:1}",""
2978265097382,PHASE_B,151198,10239,MERGE_SUBMIT,0,7,32,"","","","","","","","",0,0,0,"{L0:2, L1:1, L2:1, L3:1, L4:1, L7:1}","{L0:2, L1:1, L2:1, L3:1, L4:1, L7:1}",""
2978265097492,PHASE_B,151221,10244,MERGE_START,0,7,32,"[312,313]","","[0,0]","","[1,1]","","[64,64]","",86,0,0,"{L0:2, L1:1, L2:1, L3:1, L4:1, L7:1}","{L0:2, L1:1, L2:1, L3:1, L4:1, L7:1}",""
2978265097798,PHASE_B,151279,10254,MERGE_DONE,0,0,0,"","314","","1","","2","","128",86,326,326,"","",""
2978265097821,PHASE_B,151279,10254,MERGE_PUBLISH,0,6,32,"","314","","1","","2","","128",86,342,341,"{L0:2, L1:1, L2:1, L3:1, L4:1, L7:1}","{L1:2, L2:1, L3:1, L4:1, L7:1}",""
2978265097858,PHASE_B,151279,10254,MERGE_SUBMIT,14,6,32,"","","","","","","","",0,0,0,"{L1:2, L2:1, L3:1, L4:1, L7:1}","{L1:2, L2:1, L3:1, L4:1, L7:1}",""
2978265097937,PHASE_B,151288,10256,MERGE_START,0,6,32,"[311,314]","","[1,1]","","[2,2]","","[128,128]","",79,0,0,"{L1:2, L2:1, L3:1, L4:1, L7:1}","{L1:2, L2:1, L3:1, L4:1, L7:1}",""
2978265098455,PHASE_B,151363,10270,MERGE_DONE,0,0,0,"","315","","2","","4","","256",79,523,523,"","",""
2978265098469,PHASE_B,151363,10270,MERGE_PUBLISH,0,5,32,"","315","","2","","4","","256",79,532,531,"{L1:2, L2:1, L3:1, L4:1, L7:1}","{L2:2, L3:1, L4:1, L7:1}",""
2978265098481,PHASE_B,151363,10270,MERGE_SUBMIT,31,5,32,"","","","","","","","",0,0,0,"{L2:2, L3:1, L4:1, L7:1}","{L2:2, L3:1, L4:1, L7:1}",""
2978265098588,PHASE_B,151371,10274,MERGE_START,0,5,32,"[308,315]","","[2,2]","","[4,4]","","[256,256]","",88,0,0,"{L2:2, L3:1, L4:1, L7:1}","{L2:2, L3:1, L4:1, L7:1}",""
2978265099649,PHASE_B,151488,10295,MERGE_DONE,0,0,0,"","316","","3","","8","","512",88,1080,1079,"","",""
2978265099670,PHASE_B,151488,10295,MERGE_PUBLISH,0,4,32,"","316","","3","","8","","512",88,1096,1094,"{L2:2, L3:1, L4:1, L7:1}","{L3:2, L4:1, L7:1}",""
2978265099688,PHASE_B,151488,10295,MERGE_SUBMIT,59,4,32,"","","","","","","","",0,0,0,"{L3:2, L4:1, L7:1}","{L3:2, L4:1, L7:1}",""
2978265099750,PHASE_B,151488,10295,MERGE_START,0,4,32,"[301,316]","","[3,3]","","[8,8]","","[512,512]","",59,0,0,"{L3:2, L4:1, L7:1}","{L3:2, L4:1, L7:1}",""
2978265099928,PHASE_B,151509,10302,SEAL,0,5,32,"","318","","0","","1","","64",0,0,0,"{L3:2, L4:1, L7:1}","{L0:1, L3:2, L4:1, L7:1}",""
2978265101214,PHASE_B,151706,10340,MERGE_DONE,0,0,0,"","317","","4","","16","","1024",59,1469,1469,"","",""
2978265101234,PHASE_B,151707,10340,MERGE_PUBLISH,0,4,32,"","317","","4","","16","","1024",59,1484,1484,"{L0:1, L3:2, L4:1, L7:1}","{L0:1, L4:2, L7:1}",""
2978265101253,PHASE_B,151707,10340,MERGE_SUBMIT,36,4,32,"","","","","","","","",0,0,0,"{L0:1, L4:2, L7:1}","{L0:1, L4:2, L7:1}",""
2978265101365,PHASE_B,151718,10342,MERGE_START,0,4,32,"[294,317]","","[4,4]","","[16,16]","","[1024,1024]","",95,0,0,"{L0:1, L4:2, L7:1}","{L0:1, L4:2, L7:1}",""
2978265102461,PHASE_B,151839,10367,SEAL,0,5,32,"","320","","0","","1","","64",0,0,0,"{L0:1, L4:2, L7:1}","{L0:2, L4:2, L7:1}",""
2978265104748,PHASE_B,152155,10430,SEAL,0,6,32,"","321","","0","","1","","64",0,0,0,"{L0:2, L4:2, L7:1}","{L0:3, L4:2, L7:1}",""
2978265105828,PHASE_B,152326,10465,MERGE_DONE,0,0,0,"","319","","5","","32","","2048",95,4481,4480,"","",""
2978265105848,PHASE_B,152326,10465,MERGE_PUBLISH,0,5,32,"","319","","5","","32","","2048",95,4496,4495,"{L0:3, L4:2, L7:1}","{L0:3, L5:1, L7:1}",""
2978265105868,PHASE_B,152328,10466,MERGE_SUBMIT,34,5,32,"","","","","","","","",0,0,0,"{L0:3, L5:1, L7:1}","{L0:3, L5:1, L7:1}",""
2978265105981,PHASE_B,152351,10468,MERGE_START,0,5,32,"[318,320]","","[0,0]","","[1,1]","","[64,64]","",97,0,0,"{L0:3, L5:1, L7:1}","{L0:3, L5:1, L7:1}",""
2978265106334,PHASE_B,152389,10476,MERGE_DONE,0,0,0,"","322","","1","","2","","128",97,372,371,"","",""
2978265106353,PHASE_B,152389,10476,MERGE_PUBLISH,0,4,32,"","322","","1","","2","","128",97,387,385,"{L0:3, L5:1, L7:1}","{L0:1, L1:1, L5:1, L7:1}",""
2978265107270,PHASE_B,152468,10492,SEAL,0,5,32,"","323","","0","","1","","64",0,0,0,"{L0:1, L1:1, L5:1, L7:1}","{L0:2, L1:1, L5:1, L7:1}",""
2978265107283,PHASE_B,152468,10492,MERGE_SUBMIT,0,5,32,"","","","","","","","",0,0,0,"{L0:2, L1:1, L5:1, L7:1}","{L0:2, L1:1, L5:1, L7:1}",""
2978265107390,PHASE_B,152492,10497,MERGE_START,0,5,32,"[321,323]","","[0,0]","","[1,1]","","[64,64]","",83,0,0,"{L0:2, L1:1, L5:1, L7:1}","{L0:2, L1:1, L5:1, L7:1}",""
2978265107790,PHASE_B,152556,10512,MERGE_DONE,0,0,0,"","324","","1","","2","","128",83,420,419,"","",""
2978265107811,PHASE_B,152558,10512,MERGE_PUBLISH,0,4,32,"","324","","1","","2","","128",83,434,433,"{L0:2, L1:1, L5:1, L7:1}","{L1:2, L5:1, L7:1}",""
2978265107831,PHASE_B,152558,10512,MERGE_SUBMIT,16,4,32,"","","","","","","","",0,0,0,"{L1:2, L5:1, L7:1}","{L1:2, L5:1, L7:1}",""
2978265107892,PHASE_B,152580,10514,MERGE_START,0,4,32,"[322,324]","","[1,1]","","[2,2]","","[128,128]","",60,0,0,"{L1:2, L5:1, L7:1}","{L1:2, L5:1, L7:1}",""
2978265108125,PHASE_B,152598,10518,MERGE_DONE,0,0,0,"","325","","2","","4","","256",60,240,240,"","",""
2978265108132,PHASE_B,152598,10518,MERGE_PUBLISH,0,3,32,"","325","","2","","4","","256",60,246,246,"{L1:2, L5:1, L7:1}","{L2:1, L5:1, L7:1}",""
2978265109698,PHASE_B,152801,10559,SEAL,0,4,32,"","326","","0","","1","","64",0,0,0,"{L2:1, L5:1, L7:1}","{L0:1, L2:1, L5:1, L7:1}",""
2978265111975,PHASE_B,153127,10623,SEAL,0,5,32,"","327","","0","","1","","64",0,0,0,"{L0:1, L2:1, L5:1, L7:1}","{L0:2, L2:1, L5:1, L7:1}",""
2978265111992,PHASE_B,153127,10623,MERGE_SUBMIT,0,5,32,"","","","","","","","",0,0,0,"{L0:2, L2:1, L5:1, L7:1}","{L0:2, L2:1, L5:1, L7:1}",""
2978265112101,PHASE_B,153144,10627,MERGE_START,0,5,32,"[326,327]","","[0,0]","","[1,1]","","[64,64]","",86,0,0,"{L0:2, L2:1, L5:1, L7:1}","{L0:2, L2:1, L5:1, L7:1}",""
2978265112401,PHASE_B,153184,10636,MERGE_DONE,0,0,0,"","328","","1","","2","","128",86,320,319,"","",""
2978265112421,PHASE_B,153184,10636,MERGE_PUBLISH,0,4,32,"","328","","1","","2","","128",86,334,333,"{L0:2, L2:1, L5:1, L7:1}","{L1:1, L2:1, L5:1, L7:1}",""
2978265114316,PHASE_B,153444,10687,SEAL,0,5,32,"","329","","0","","1","","64",0,0,0,"{L1:1, L2:1, L5:1, L7:1}","{L0:1, L1:1, L2:1, L5:1, L7:1}",""
2978265116715,PHASE_B,153759,10749,SEAL,0,6,32,"","330","","0","","1","","64",0,0,0,"{L0:1, L1:1, L2:1, L5:1, L7:1}","{L0:2, L1:1, L2:1, L5:1, L7:1}",""
2978265116727,PHASE_B,153759,10749,MERGE_SUBMIT,0,6,32,"","","","","","","","",0,0,0,"{L0:2, L1:1, L2:1, L5:1, L7:1}","{L0:2, L1:1, L2:1, L5:1, L7:1}",""
2978265116836,PHASE_B,153775,10755,MERGE_START,0,6,32,"[329,330]","","[0,0]","","[1,1]","","[64,64]","",85,0,0,"{L0:2, L1:1, L2:1, L5:1, L7:1}","{L0:2, L1:1, L2:1, L5:1, L7:1}",""
2978265117115,PHASE_B,153794,10758,MERGE_DONE,0,0,0,"","331","","1","","2","","128",85,299,298,"","",""
2978265117150,PHASE_B,153803,10759,MERGE_PUBLISH,0,5,32,"","331","","1","","2","","128",85,328,327,"{L0:2, L1:1, L2:1, L5:1, L7:1}","{L1:2, L2:1, L5:1, L7:1}",""
2978265117170,PHASE_B,153807,10760,MERGE_SUBMIT,7,5,32,"","","","","","","","",0,0,0,"{L1:2, L2:1, L5:1, L7:1}","{L1:2, L2:1, L5:1, L7:1}",""
2978265117249,PHASE_B,153809,10760,MERGE_START,0,5,32,"[328,331]","","[1,1]","","[2,2]","","[128,128]","",79,0,0,"{L1:2, L2:1, L5:1, L7:1}","{L1:2, L2:1, L5:1, L7:1}",""
2978265117745,PHASE_B,153872,10773,MERGE_DONE,0,0,0,"","332","","2","","4","","256",79,501,501,"","",""
2978265117758,PHASE_B,153872,10773,MERGE_PUBLISH,0,4,32,"","332","","2","","4","","256",79,509,509,"{L1:2, L2:1, L5:1, L7:1}","{L2:2, L5:1, L7:1}",""
2978265117770,PHASE_B,153872,10773,MERGE_SUBMIT,24,4,32,"","","","","","","","",0,0,0,"{L2:2, L5:1, L7:1}","{L2:2, L5:1, L7:1}",""
2978265117836,PHASE_B,153896,10778,MERGE_START,0,4,32,"[325,332]","","[2,2]","","[4,4]","","[256,256]","",61,0,0,"{L2:2, L5:1, L7:1}","{L2:2, L5:1, L7:1}",""
2978265118462,PHASE_B,153975,10793,MERGE_DONE,0,0,0,"","333","","3","","8","","512",61,631,631,"","",""
2978265118497,PHASE_B,153980,10795,MERGE_PUBLISH,0,3,32,"","333","","3","","8","","512",61,661,661,"{L2:2, L5:1, L7:1}","{L3:1, L5:1, L7:1}",""
2978265119446,PHASE_B,154084,10815,SEAL,0,4,32,"","334","","0","","1","","64",0,0,0,"{L3:1, L5:1, L7:1}","{L0:1, L3:1, L5:1, L7:1}",""
2978265121779,PHASE_B,154395,10878,SEAL,0,5,32,"","335","","0","","1","","64",0,0,0,"{L0:1, L3:1, L5:1, L7:1}","{L0:2, L3:1, L5:1, L7:1}",""
2978265121791,PHASE_B,154395,10878,MERGE_SUBMIT,0,5,32,"","","","","","","","",0,0,0,"{L0:2, L3:1, L5:1, L7:1}","{L0:2, L3:1, L5:1, L7:1}",""
2978265121902,PHASE_B,154416,10884,MERGE_START,0,5,32,"[334,335]","","[0,0]","","[1,1]","","[64,64]","",88,0,0,"{L0:2, L3:1, L5:1, L7:1}","{L0:2, L3:1, L5:1, L7:1}",""
2978265122225,PHASE_B,154477,10894,MERGE_DONE,0,0,0,"","336","","1","","2","","128",88,342,341,"","",""
2978265122244,PHASE_B,154477,10894,MERGE_PUBLISH,0,4,32,"","336","","1","","2","","128",88,356,355,"{L0:2, L3:1, L5:1, L7:1}","{L1:1, L3:1, L5:1, L7:1}",""
2978265124100,PHASE_B,154724,10943,SEAL,0,5,32,"","337","","0","","1","","64",0,0,0,"{L1:1, L3:1, L5:1, L7:1}","{L0:1, L1:1, L3:1, L5:1, L7:1}",""
2978265126372,PHASE_B,155031,11005,SEAL,0,6,32,"","338","","0","","1","","64",0,0,0,"{L0:1, L1:1, L3:1, L5:1, L7:1}","{L0:2, L1:1, L3:1, L5:1, L7:1}",""
2978265126388,PHASE_B,155031,11005,MERGE_SUBMIT,0,6,32,"","","","","","","","",0,0,0,"{L0:2, L1:1, L3:1, L5:1, L7:1}","{L0:2, L1:1, L3:1, L5:1, L7:1}",""
2978265126502,PHASE_B,155054,11010,MERGE_START,0,6,32,"[337,338]","","[0,0]","","[1,1]","","[64,64]","",91,0,0,"{L0:2, L1:1, L3:1, L5:1, L7:1}","{L0:2, L1:1, L3:1, L5:1, L7:1}",""
2978265126803,PHASE_B,155102,11020,MERGE_DONE,0,0,0,"","339","","1","","2","","128",91,321,320,"","",""
2978265126827,PHASE_B,155102,11020,MERGE_PUBLISH,0,5,32,"","339","","1","","2","","128",91,338,337,"{L0:2, L1:1, L3:1, L5:1, L7:1}","{L1:2, L3:1, L5:1, L7:1}",""
2978265126847,PHASE_B,155102,11020,MERGE_SUBMIT,13,5,32,"","","","","","","","",0,0,0,"{L1:2, L3:1, L5:1, L7:1}","{L1:2, L3:1, L5:1, L7:1}",""
2978265126913,PHASE_B,155123,11022,MERGE_START,0,5,32,"[336,339]","","[1,1]","","[2,2]","","[128,128]","",66,0,0,"{L1:2, L3:1, L5:1, L7:1}","{L1:2, L3:1, L5:1, L7:1}",""
2978265127433,PHASE_B,155191,11037,MERGE_DONE,0,0,0,"","340","","2","","4","","256",66,525,525,"","",""
2978265127448,PHASE_B,155191,11037,MERGE_PUBLISH,0,4,32,"","340","","2","","4","","256",66,534,534,"{L1:2, L3:1, L5:1, L7:1}","{L2:1, L3:1, L5:1, L7:1}",""
2978265128880,PHASE_B,155354,11070,SEAL,0,5,32,"","341","","0","","1","","64",0,0,0,"{L2:1, L3:1, L5:1, L7:1}","{L0:1, L2:1, L3:1, L5:1, L7:1}",""
2978265131200,PHASE_B,155676,11134,SEAL,0,6,32,"","342","","0","","1","","64",0,0,0,"{L0:1, L2:1, L3:1, L5:1, L7:1}","{L0:2, L2:1, L3:1, L5:1, L7:1}",""
2978265131213,PHASE_B,155676,11134,MERGE_SUBMIT,0,6,32,"","","","","","","","",0,0,0,"{L0:2, L2:1, L3:1, L5:1, L7:1}","{L0:2, L2:1, L3:1, L5:1, L7:1}",""
2978265131276,PHASE_B,155689,11137,MERGE_START,0,6,32,"[341,342]","","[0,0]","","[1,1]","","[64,64]","",55,0,0,"{L0:2, L2:1, L3:1, L5:1, L7:1}","{L0:2, L2:1, L3:1, L5:1, L7:1}",""
2978265131400,PHASE_B,155714,11141,MERGE_DONE,0,0,0,"","343","","1","","2","","128",55,132,132,"","",""
2978265131408,PHASE_B,155714,11141,MERGE_PUBLISH,0,5,32,"","343","","1","","2","","128",55,138,138,"{L0:2, L2:1, L3:1, L5:1, L7:1}","{L1:1, L2:1, L3:1, L5:1, L7:1}",""
2978265133508,PHASE_B,156002,11199,SEAL,0,6,32,"","344","","0","","1","","64",0,0,0,"{L1:1, L2:1, L3:1, L5:1, L7:1}","{L0:1, L1:1, L2:1, L3:1, L5:1, L7:1}",""
2978265135732,PHASE_B,156316,11262,SEAL,0,7,32,"","345","","0","","1","","64",0,0,0,"{L0:1, L1:1, L2:1, L3:1, L5:1, L7:1}","{L0:2, L1:1, L2:1, L3:1, L5:1, L7:1}",""
2978265135744,PHASE_B,156316,11262,MERGE_SUBMIT,0,7,32,"","","","","","","","",0,0,0,"{L0:2, L1:1, L2:1, L3:1, L5:1, L7:1}","{L0:2, L1:1, L2:1, L3:1, L5:1, L7:1}",""
2978265135855,PHASE_B,156343,11267,MERGE_START,0,7,32,"[344,345]","","[0,0]","","[1,1]","","[64,64]","",86,0,0,"{L0:2, L1:1, L2:1, L3:1, L5:1, L7:1}","{L0:2, L1:1, L2:1, L3:1, L5:1, L7:1}",""
2978265136176,PHASE_B,156392,11278,MERGE_DONE,0,0,0,"","346","","1","","2","","128",86,342,341,"","",""
2978265136199,PHASE_B,156400,11278,MERGE_PUBLISH,0,6,32,"","346","","1","","2","","128",86,358,357,"{L0:2, L1:1, L2:1, L3:1, L5:1, L7:1}","{L1:2, L2:1, L3:1, L5:1, L7:1}",""
2978265136217,PHASE_B,156401,11278,MERGE_SUBMIT,14,6,32,"","","","","","","","",0,0,0,"{L1:2, L2:1, L3:1, L5:1, L7:1}","{L1:2, L2:1, L3:1, L5:1, L7:1}",""
2978265136293,PHASE_B,156401,11278,MERGE_START,0,6,32,"[343,346]","","[1,1]","","[2,2]","","[128,128]","",78,0,0,"{L1:2, L2:1, L3:1, L5:1, L7:1}","{L1:2, L2:1, L3:1, L5:1, L7:1}",""
2978265136793,PHASE_B,156474,11295,MERGE_DONE,0,0,0,"","347","","2","","4","","256",78,505,505,"","",""
2978265136807,PHASE_B,156477,11295,MERGE_PUBLISH,0,5,32,"","347","","2","","4","","256",78,514,515,"{L1:2, L2:1, L3:1, L5:1, L7:1}","{L2:2, L3:1, L5:1, L7:1}",""
2978265136817,PHASE_B,156477,11295,MERGE_SUBMIT,31,5,32,"","","","","","","","",0,0,0,"{L2:2, L3:1, L5:1, L7:1}","{L2:2, L3:1, L5:1, L7:1}",""
2978265136923,PHASE_B,156494,11297,MERGE_START,0,5,32,"[340,347]","","[2,2]","","[4,4]","","[256,256]","",87,0,0,"{L2:2, L3:1, L5:1, L7:1}","{L2:2, L3:1, L5:1, L7:1}",""
2978265138102,PHASE_B,156636,11325,MERGE_DONE,0,0,0,"","348","","3","","8","","512",87,1196,1196,"","",""
2978265138160,PHASE_B,156644,11327,MERGE_PUBLISH,0,4,32,"","348","","3","","8","","512",87,1249,1225,"{L2:2, L3:1, L5:1, L7:1}","{L3:2, L5:1, L7:1}",""
2978265138179,PHASE_B,156644,11327,MERGE_SUBMIT,63,4,32,"","","","","","","","",0,0,0,"{L3:2, L5:1, L7:1}","{L3:2, L5:1, L7:1}",""
2978265138253,PHASE_B,156644,11327,MERGE_START,0,4,32,"[333,348]","","[3,3]","","[8,8]","","[512,512]","",72,0,0,"{L3:2, L5:1, L7:1}","{L3:2, L5:1, L7:1}",""
2978265138262,PHASE_B,156644,11327,SEAL,0,5,32,"","349","","0","","1","","64",0,0,0,"{L3:2, L5:1, L7:1}","{L0:1, L3:2, L5:1, L7:1}",""
2978265139639,PHASE_B,156843,11367,MERGE_DONE,0,0,0,"","350","","4","","16","","1024",72,1390,1390,"","",""
2978265139659,PHASE_B,156843,11367,MERGE_PUBLISH,0,4,32,"","350","","4","","16","","1024",72,1405,1405,"{L0:1, L3:2, L5:1, L7:1}","{L0:1, L4:1, L5:1, L7:1}",""
2978265140676,PHASE_B,156953,11390,SEAL,0,5,32,"","351","","0","","1","","64",0,0,0,"{L0:1, L4:1, L5:1, L7:1}","{L0:2, L4:1, L5:1, L7:1}",""
2978265140692,PHASE_B,156953,11390,MERGE_SUBMIT,0,5,32,"","","","","","","","",0,0,0,"{L0:2, L4:1, L5:1, L7:1}","{L0:2, L4:1, L5:1, L7:1}",""
2978265140818,PHASE_B,156979,11396,MERGE_START,0,5,32,"[349,351]","","[0,0]","","[1,1]","","[64,64]","",104,0,0,"{L0:2, L4:1, L5:1, L7:1}","{L0:2, L4:1, L5:1, L7:1}",""
2978265141121,PHASE_B,157022,11404,MERGE_DONE,0,0,0,"","352","","1","","2","","128",104,322,321,"","",""
2978265141143,PHASE_B,157030,11406,MERGE_PUBLISH,0,4,32,"","352","","1","","2","","128",104,339,338,"{L0:2, L4:1, L5:1, L7:1}","{L1:1, L4:1, L5:1, L7:1}",""
2978265143127,PHASE_B,157277,11454,SEAL,0,5,32,"","353","","0","","1","","64",0,0,0,"{L1:1, L4:1, L5:1, L7:1}","{L0:1, L1:1, L4:1, L5:1, L7:1}",""
2978265145498,PHASE_B,157597,11519,SEAL,0,6,32,"","354","","0","","1","","64",0,0,0,"{L0:1, L1:1, L4:1, L5:1, L7:1}","{L0:2, L1:1, L4:1, L5:1, L7:1}",""
2978265145511,PHASE_B,157597,11519,MERGE_SUBMIT,0,6,32,"","","","","","","","",0,0,0,"{L0:2, L1:1, L4:1, L5:1, L7:1}","{L0:2, L1:1, L4:1, L5:1, L7:1}",""
2978265145617,PHASE_B,157617,11523,MERGE_START,0,6,32,"[353,354]","","[0,0]","","[1,1]","","[64,64]","",82,0,0,"{L0:2, L1:1, L4:1, L5:1, L7:1}","{L0:2, L1:1, L4:1, L5:1, L7:1}",""
2978265145960,PHASE_B,157680,11533,MERGE_DONE,0,0,0,"","355","","1","","2","","128",82,362,362,"","",""
2978265145996,PHASE_B,157680,11533,MERGE_PUBLISH,0,5,32,"","355","","1","","2","","128",82,393,392,"{L0:2, L1:1, L4:1, L5:1, L7:1}","{L1:2, L4:1, L5:1, L7:1}",""
2978265146030,PHASE_B,157680,11533,MERGE_SUBMIT,14,5,32,"","","","","","","","",0,0,0,"{L1:2, L4:1, L5:1, L7:1}","{L1:2, L4:1, L5:1, L7:1}",""
2978265146081,PHASE_B,157686,11536,MERGE_START,0,5,32,"[352,355]","","[1,1]","","[2,2]","","[128,128]","",35,0,0,"{L1:2, L4:1, L5:1, L7:1}","{L1:2, L4:1, L5:1, L7:1}",""
2978265146725,PHASE_B,157779,11553,MERGE_DONE,0,0,0,"","356","","2","","4","","256",35,662,662,"","",""
2978265146744,PHASE_B,157779,11553,MERGE_PUBLISH,0,4,32,"","356","","2","","4","","256",35,676,675,"{L1:2, L4:1, L5:1, L7:1}","{L2:1, L4:1, L5:1, L7:1}",""
2978265148089,PHASE_B,157912,11582,SEAL,0,5,32,"","357","","0","","1","","64",0,0,0,"{L2:1, L4:1, L5:1, L7:1}","{L0:1, L2:1, L4:1, L5:1, L7:1}",""
2978265150377,PHASE_B,158233,11645,SEAL,0,6,32,"","358","","0","","1","","64",0,0,0,"{L0:1, L2:1, L4:1, L5:1, L7:1}","{L0:2, L2:1, L4:1, L5:1, L7:1}",""
2978265150389,PHASE_B,158233,11645,MERGE_SUBMIT,0,6,32,"","","","","","","","",0,0,0,"{L0:2, L2:1, L4:1, L5:1, L7:1}","{L0:2, L2:1, L4:1, L5:1, L7:1}",""
2978265150453,PHASE_B,158246,11650,MERGE_START,0,6,32,"[357,358]","","[0,0]","","[1,1]","","[64,64]","",56,0,0,"{L0:2, L2:1, L4:1, L5:1, L7:1}","{L0:2, L2:1, L4:1, L5:1, L7:1}",""
2978265150584,PHASE_B,158275,11652,MERGE_DONE,0,0,0,"","359","","1","","2","","128",56,139,138,"","",""
2978265150593,PHASE_B,158275,11652,MERGE_PUBLISH,0,5,32,"","359","","1","","2","","128",56,145,145,"{L0:2, L2:1, L4:1, L5:1, L7:1}","{L1:1, L2:1, L4:1, L5:1, L7:1}",""
2978265152703,PHASE_B,158560,11710,SEAL,0,6,32,"","360","","0","","1","","64",0,0,0,"{L1:1, L2:1, L4:1, L5:1, L7:1}","{L0:1, L1:1, L2:1, L4:1, L5:1, L7:1}",""
2978265154978,PHASE_B,158875,11775,SEAL,0,7,32,"","361","","0","","1","","64",0,0,0,"{L0:1, L1:1, L2:1, L4:1, L5:1, L7:1}","{L0:2, L1:1, L2:1, L4:1, L5:1, L7:1}",""
2978265154990,PHASE_B,158875,11775,MERGE_SUBMIT,0,7,32,"","","","","","","","",0,0,0,"{L0:2, L1:1, L2:1, L4:1, L5:1, L7:1}","{L0:2, L1:1, L2:1, L4:1, L5:1, L7:1}",""
2978265155101,PHASE_B,158903,11779,MERGE_START,0,7,32,"[360,361]","","[0,0]","","[1,1]","","[64,64]","",85,0,0,"{L0:2, L1:1, L2:1, L4:1, L5:1, L7:1}","{L0:2, L1:1, L2:1, L4:1, L5:1, L7:1}",""
2978265155382,PHASE_B,158949,11789,MERGE_DONE,0,0,0,"","362","","1","","2","","128",85,303,302,"","",""
2978265155403,PHASE_B,158951,11789,MERGE_PUBLISH,0,6,32,"","362","","1","","2","","128",85,318,317,"{L0:2, L1:1, L2:1, L4:1, L5:1, L7:1}","{L1:2, L2:1, L4:1, L5:1, L7:1}",""
2978265155440,PHASE_B,158953,11790,MERGE_SUBMIT,13,6,32,"","","","","","","","",0,0,0,"{L1:2, L2:1, L4:1, L5:1, L7:1}","{L1:2, L2:1, L4:1, L5:1, L7:1}",""
2978265155523,PHASE_B,158965,11791,MERGE_START,0,6,32,"[359,362]","","[1,1]","","[2,2]","","[128,128]","",82,0,0,"{L1:2, L2:1, L4:1, L5:1, L7:1}","{L1:2, L2:1, L4:1, L5:1, L7:1}",""
2978265156037,PHASE_B,159031,11805,MERGE_DONE,0,0,0,"","363","","2","","4","","256",82,520,520,"","",""
2978265156080,PHASE_B,159038,11806,MERGE_PUBLISH,0,5,32,"","363","","2","","4","","256",82,556,543,"{L1:2, L2:1, L4:1, L5:1, L7:1}","{L2:2, L4:1, L5:1, L7:1}",""
2978265156092,PHASE_B,159038,11806,MERGE_SUBMIT,30,5,32,"","","","","","","","",0,0,0,"{L2:2, L4:1, L5:1, L7:1}","{L2:2, L4:1, L5:1, L7:1}",""
2978265156198,PHASE_B,159045,11809,MERGE_START,0,5,32,"[356,363]","","[2,2]","","[4,4]","","[256,256]","",86,0,0,"{L2:2, L4:1, L5:1, L7:1}","{L2:2, L4:1, L5:1, L7:1}",""
2978265157261,PHASE_B,159180,11834,MERGE_DONE,0,0,0,"","364","","3","","8","","512",86,1082,1082,"","",""
2978265157309,PHASE_B,159185,11836,MERGE_PUBLISH,0,4,32,"","364","","3","","8","","512",86,1125,1112,"{L2:2, L4:1, L5:1, L7:1}","{L3:1, L4:1, L5:1, L7:1}",""
2978265157538,PHASE_B,159200,11839,SEAL,0,5,32,"","365","","0","","1","","64",0,0,0,"{L3:1, L4:1, L5:1, L7:1}","{L0:1, L3:1, L4:1, L5:1, L7:1}",""
2978265159847,PHASE_B,159521,11903,SEAL,0,6,32,"","366","","0","","1","","64",0,0,0,"{L0:1, L3:1, L4:1, L5:1, L7:1}","{L0:2, L3:1, L4:1, L5:1, L7:1}",""
2978265159860,PHASE_B,159521,11903,MERGE_SUBMIT,0,6,32,"","","","","","","","",0,0,0,"{L0:2, L3:1, L4:1, L5:1, L7:1}","{L0:2, L3:1, L4:1, L5:1, L7:1}",""
2978265159924,PHASE_B,159527,11905,MERGE_START,0,6,32,"[365,366]","","[0,0]","","[1,1]","","[64,64]","",55,0,0,"{L0:2, L3:1, L4:1, L5:1, L7:1}","{L0:2, L3:1, L4:1, L5:1, L7:1}",""
2978265160047,PHASE_B,159556,11908,MERGE_DONE,0,0,0,"","367","","1","","2","","128",55,131,131,"","",""
2978265160056,PHASE_B,159559,11910,MERGE_PUBLISH,0,5,32,"","367","","1","","2","","128",55,139,138,"{L0:2, L3:1, L4:1, L5:1, L7:1}","{L1:1, L3:1, L4:1, L5:1, L7:1}",""
2978265162251,PHASE_B,159845,11967,SEAL,0,6,32,"","368","","0","","1","","64",0,0,0,"{L1:1, L3:1, L4:1, L5:1, L7:1}","{L0:1, L1:1, L3:1, L4:1, L5:1, L7:1}",""
2978265164501,PHASE_B,160162,12031,SEAL,0,7,32,"","369","","0","","1","","64",0,0,0,"{L0:1, L1:1, L3:1, L4:1, L5:1, L7:1}","{L0:2, L1:1, L3:1, L4:1, L5:1, L7:1}",""
2978265164514,PHASE_B,160162,12031,MERGE_SUBMIT,0,7,32,"","","","","","","","",0,0,0,"{L0:2, L1:1, L3:1, L4:1, L5:1, L7:1}","{L0:2, L1:1, L3:1, L4:1, L5:1, L7:1}",""
2978265164635,PHASE_B,160186,12035,MERGE_START,0,7,32,"[368,369]","","[0,0]","","[1,1]","","[64,64]","",94,0,0,"{L0:2, L1:1, L3:1, L4:1, L5:1, L7:1}","{L0:2, L1:1, L3:1, L4:1, L5:1, L7:1}",""
2978265164944,PHASE_B,160230,12044,MERGE_DONE,0,0,0,"","370","","1","","2","","128",94,333,332,"","",""
2978265164966,PHASE_B,160230,12044,MERGE_PUBLISH,0,6,32,"","370","","1","","2","","128",94,349,348,"{L0:2, L1:1, L3:1, L4:1, L5:1, L7:1}","{L1:2, L3:1, L4:1, L5:1, L7:1}",""
2978265164986,PHASE_B,160230,12044,MERGE_SUBMIT,13,6,32,"","","","","","","","",0,0,0,"{L1:2, L3:1, L4:1, L5:1, L7:1}","{L1:2, L3:1, L4:1, L5:1, L7:1}",""
2978265165047,PHASE_B,160237,12046,MERGE_START,0,6,32,"[367,370]","","[1,1]","","[2,2]","","[128,128]","",43,0,0,"{L1:2, L3:1, L4:1, L5:1, L7:1}","{L1:2, L3:1, L4:1, L5:1, L7:1}",""
2978265165633,PHASE_B,160320,12062,MERGE_DONE,0,0,0,"","371","","2","","4","","256",43,605,604,"","",""
2978265165655,PHASE_B,160320,12062,MERGE_PUBLISH,0,5,32,"","371","","2","","4","","256",43,622,621,"{L1:2, L3:1, L4:1, L5:1, L7:1}","{L2:1, L3:1, L4:1, L5:1, L7:1}",""
2978265167030,PHASE_B,160476,12094,SEAL,0,6,32,"","372","","0","","1","","64",0,0,0,"{L2:1, L3:1, L4:1, L5:1, L7:1}","{L0:1, L2:1, L3:1, L4:1, L5:1, L7:1}",""
2978265169263,PHASE_B,160796,12159,SEAL,0,7,32,"","373","","0","","1","","64",0,0,0,"{L0:1, L2:1, L3:1, L4:1, L5:1, L7:1}","{L0:2, L2:1, L3:1, L4:1, L5:1, L7:1}",""
2978265169275,PHASE_B,160796,12159,MERGE_SUBMIT,0,7,32,"","","","","","","","",0,0,0,"{L0:2, L2:1, L3:1, L4:1, L5:1, L7:1}","{L0:2, L2:1, L3:1, L4:1, L5:1, L7:1}",""
2978265169383,PHASE_B,160818,12162,MERGE_START,0,7,32,"[372,373]","","[0,0]","","[1,1]","","[64,64]","",84,0,0,"{L0:2, L2:1, L3:1, L4:1, L5:1, L7:1}","{L0:2, L2:1, L3:1, L4:1, L5:1, L7:1}",""
2978265169706,PHASE_B,160877,12175,MERGE_DONE,0,0,0,"","374","","1","","2","","128",84,343,342,"","",""
2978265169729,PHASE_B,160882,12175,MERGE_PUBLISH,0,6,32,"","374","","1","","2","","128",84,360,358,"{L0:2, L2:1, L3:1, L4:1, L5:1, L7:1}","{L1:1, L2:1, L3:1, L4:1, L5:1, L7:1}",""
2978265171620,PHASE_B,161119,12222,SEAL,0,7,32,"","375","","0","","1","","64",0,0,0,"{L1:1, L2:1, L3:1, L4:1, L5:1, L7:1}","{L0:1, L1:1, L2:1, L3:1, L4:1, L5:1, L7:1}",""
2978265173968,PHASE_B,161432,12285,SEAL,0,8,32,"","376","","0","","1","","64",0,0,0,"{L0:1, L1:1, L2:1, L3:1, L4:1, L5:1, L7:1}","{L0:2, L1:1, L2:1, L3:1, L4:1, L5:1, L7:1}",""
2978265173981,PHASE_B,161432,12285,MERGE_SUBMIT,0,8,32,"","","","","","","","",0,0,0,"{L0:2, L1:1, L2:1, L3:1, L4:1, L5:1, L7:1}","{L0:2, L1:1, L2:1, L3:1, L4:1, L5:1, L7:1}",""
2978265174054,PHASE_B,161443,12288,MERGE_START,0,8,32,"[375,376]","","[0,0]","","[1,1]","","[64,64]","",64,0,0,"{L0:2, L1:1, L2:1, L3:1, L4:1, L5:1, L7:1}","{L0:2, L1:1, L2:1, L3:1, L4:1, L5:1, L7:1}",""
2978265174177,PHASE_B,161477,12293,MERGE_DONE,0,0,0,"","377","","1","","2","","128",64,132,131,"","",""
2978265174186,PHASE_B,161479,12293,MERGE_PUBLISH,0,7,32,"","377","","1","","2","","128",64,139,138,"{L0:2, L1:1, L2:1, L3:1, L4:1, L5:1, L7:1}","{L1:2, L2:1, L3:1, L4:1, L5:1, L7:1}",""
2978265174195,PHASE_B,161479,12293,MERGE_SUBMIT,5,7,32,"","","","","","","","",0,0,0,"{L1:2, L2:1, L3:1, L4:1, L5:1, L7:1}","{L1:2, L2:1, L3:1, L4:1, L5:1, L7:1}",""
2978265174224,PHASE_B,161485,12294,MERGE_START,0,7,32,"[374,377]","","[1,1]","","[2,2]","","[128,128]","",28,0,0,"{L1:2, L2:1, L3:1, L4:1, L5:1, L7:1}","{L1:2, L2:1, L3:1, L4:1, L5:1, L7:1}",""
2978265174526,PHASE_B,161513,12301,MERGE_DONE,0,0,0,"","378","","2","","4","","256",28,302,302,"","",""
2978265174543,PHASE_B,161513,12301,MERGE_PUBLISH,0,6,32,"","378","","2","","4","","256",28,312,313,"{L1:2, L2:1, L3:1, L4:1, L5:1, L7:1}","{L2:2, L3:1, L4:1, L5:1, L7:1}",""
2978265174555,PHASE_B,161513,12301,MERGE_SUBMIT,15,6,32,"","","","","","","","",0,0,0,"{L2:2, L3:1, L4:1, L5:1, L7:1}","{L2:2, L3:1, L4:1, L5:1, L7:1}",""
2978265174662,PHASE_B,161539,12306,MERGE_START,0,6,32,"[371,378]","","[2,2]","","[4,4]","","[256,256]","",86,0,0,"{L2:2, L3:1, L4:1, L5:1, L7:1}","{L2:2, L3:1, L4:1, L5:1, L7:1}",""
2978265175820,PHASE_B,161692,12336,MERGE_DONE,0,0,0,"","379","","3","","8","","512",86,1176,1176,"","",""
2978265175870,PHASE_B,161692,12336,MERGE_PUBLISH,0,5,32,"","379","","3","","8","","512",86,1221,1211,"{L2:2, L3:1, L4:1, L5:1, L7:1}","{L3:2, L4:1, L5:1, L7:1}",""
2978265175888,PHASE_B,161692,12336,MERGE_SUBMIT,49,5,32,"","","","","","","","",0,0,0,"{L3:2, L4:1, L5:1, L7:1}","{L3:2, L4:1, L5:1, L7:1}",""
2978265175991,PHASE_B,161696,12338,MERGE_START,0,5,32,"[364,379]","","[3,3]","","[8,8]","","[512,512]","",86,0,0,"{L3:2, L4:1, L5:1, L7:1}","{L3:2, L4:1, L5:1, L7:1}",""
2978265176573,PHASE_B,161765,12351,SEAL,0,6,32,"","381","","0","","1","","64",0,0,0,"{L3:2, L4:1, L5:1, L7:1}","{L0:1, L3:2, L4:1, L5:1, L7:1}",""
2978265178207,PHASE_B,161995,12399,MERGE_DONE,0,0,0,"","380","","4","","16","","1024",86,2233,2233,"","",""
2978265178230,PHASE_B,161995,12399,MERGE_PUBLISH,0,5,32,"","380","","4","","16","","1024",86,2251,2250,"{L0:1, L3:2, L4:1, L5:1, L7:1}","{L0:1, L4:2, L5:1, L7:1}",""
2978265178249,PHASE_B,161995,12399,MERGE_SUBMIT,47,5,32,"","","","","","","","",0,0,0,"{L0:1, L4:2, L5:1, L7:1}","{L0:1, L4:2, L5:1, L7:1}",""
2978265178362,PHASE_B,162015,12402,MERGE_START,0,5,32,"[350,380]","","[4,4]","","[16,16]","","[1024,1024]","",97,0,0,"{L0:1, L4:2, L5:1, L7:1}","{L0:1, L4:2, L5:1, L7:1}",""
2978265179006,PHASE_B,162079,12414,SEAL,0,6,32,"","382","","0","","1","","64",0,0,0,"{L0:1, L4:2, L5:1, L7:1}","{L0:2, L4:2, L5:1, L7:1}",""
2978265181399,PHASE_B,162405,12479,SEAL,0,7,32,"","384","","0","","1","","64",0,0,0,"{L0:2, L4:2, L5:1, L7:1}","{L0:3, L4:2, L5:1, L7:1}",""
2978265182829,PHASE_B,162611,12521,MERGE_DONE,0,0,0,"","383","","5","","32","","2048",97,4485,4485,"","",""
2978265182879,PHASE_B,162619,12524,MERGE_PUBLISH,0,6,32,"","383","","5","","32","","2048",97,4530,4515,"{L0:3, L4:2, L5:1, L7:1}","{L0:3, L5:2, L7:1}",""
2978265182899,PHASE_B,162623,12525,MERGE_SUBMIT,44,6,32,"","","","","","","","",0,0,0,"{L0:3, L5:2, L7:1}","{L0:3, L5:2, L7:1}",""
2978265182972,PHASE_B,162629,12525,MERGE_START,0,6,32,"[381,382]","","[0,0]","","[1,1]","","[64,64]","",70,0,0,"{L0:3, L5:2, L7:1}","{L0:3, L5:2, L7:1}",""
2978265183317,PHASE_B,162669,12534,MERGE_DONE,0,0,0,"","385","","1","","2","","128",70,352,336,"","",""
2978265183330,PHASE_B,162674,12534,MERGE_PUBLISH,0,5,32,"","385","","1","","2","","128",70,362,345,"{L0:3, L5:2, L7:1}","{L0:1, L1:1, L5:2, L7:1}",""
2978265183345,PHASE_B,162675,12534,MERGE_SUBMIT,54,5,32,"","","","","","","","",0,0,0,"{L0:1, L1:1, L5:2, L7:1}","{L0:1, L1:1, L5:2, L7:1}",""
2978265183369,PHASE_B,162675,12534,MERGE_START,0,5,32,"[319,383]","","[5,5]","","[32,32]","","[2048,2048]","",23,0,0,"{L0:1, L1:1, L5:2, L7:1}","{L0:1, L1:1, L5:2, L7:1}",""
2978265183804,PHASE_B,162721,12543,SEAL,0,6,32,"","386","","0","","1","","64",0,0,0,"{L0:1, L1:1, L5:2, L7:1}","{L0:2, L1:1, L5:2, L7:1}",""
2978265186283,PHASE_B,163022,12602,SEAL,0,7,32,"","388","","0","","1","","64",0,0,0,"{L0:2, L1:1, L5:2, L7:1}","{L0:3, L1:1, L5:2, L7:1}",""
2978265188587,PHASE_B,163352,12669,SEAL,0,8,32,"","389","","0","","1","","64",0,0,0,"{L0:3, L1:1, L5:2, L7:1}","{L0:4, L1:1, L5:2, L7:1}",""
2978265190923,PHASE_B,163679,12734,SEAL,0,9,32,"","390","","0","","1","","64",0,0,0,"{L0:4, L1:1, L5:2, L7:1}","{L0:5, L1:1, L5:2, L7:1}",""
2978265192552,PHASE_B,163925,12784,MERGE_DONE,0,0,0,"","387","","6","","64","","4096",23,9180,9167,"","",""
2978265192572,PHASE_B,163925,12784,MERGE_PUBLISH,0,8,32,"","387","","6","","64","","4096",23,9196,9183,"{L0:5, L1:1, L5:2, L7:1}","{L0:5, L1:1, L6:1, L7:1}",""
2978265192589,PHASE_B,163925,12784,MERGE_SUBMIT,49,8,32,"","","","","","","","",0,0,0,"{L0:5, L1:1, L6:1, L7:1}","{L0:5, L1:1, L6:1, L7:1}",""
2978265192703,PHASE_B,163940,12788,MERGE_START,0,8,32,"[384,386]","","[0,0]","","[1,1]","","[64,64]","",95,0,0,"{L0:5, L1:1, L6:1, L7:1}","{L0:5, L1:1, L6:1, L7:1}",""
2978265192986,PHASE_B,163977,12794,MERGE_DONE,0,0,0,"","391","","1","","2","","128",95,303,302,"","",""
2978265193042,PHASE_B,163989,12795,MERGE_PUBLISH,0,7,32,"","391","","1","","2","","128",95,353,330,"{L0:5, L1:1, L6:1, L7:1}","{L0:3, L1:2, L6:1, L7:1}",""
2978265193062,PHASE_B,163989,12795,MERGE_SUBMIT,59,7,32,"","","","","","","","",0,0,0,"{L0:3, L1:2, L6:1, L7:1}","{L0:3, L1:2, L6:1, L7:1}",""
2978265193124,PHASE_B,163989,12795,MERGE_START,0,7,32,"[388,389]","","[0,0]","","[1,1]","","[64,64]","",61,0,0,"{L0:3, L1:2, L6:1, L7:1}","{L0:3, L1:2, L6:1, L7:1}",""
2978265193317,PHASE_B,164000,12798,SEAL,0,8,32,"","393","","0","","1","","64",0,0,0,"{L0:3, L1:2, L6:1, L7:1}","{L0:4, L1:2, L6:1, L7:1}",""
2978265193375,PHASE_B,164007,12801,MERGE_DONE,0,0,0,"","392","","1","","2","","128",61,256,256,"","",""
2978265193388,PHASE_B,164007,12801,MERGE_PUBLISH,0,7,32,"","392","","1","","2","","128",61,266,266,"{L0:4, L1:2, L6:1, L7:1}","{L0:2, L1:3, L6:1, L7:1}",""
2978265193417,PHASE_B,164007,12801,MERGE_SUBMIT,1,7,32,"","","","","","","","",0,0,0,"{L0:2, L1:3, L6:1, L7:1}","{L0:2, L1:3, L6:1, L7:1}",""
2978265193489,PHASE_B,164020,12804,MERGE_START,0,7,32,"[390,393]","","[0,0]","","[1,1]","","[64,64]","",69,0,0,"{L0:2, L1:3, L6:1, L7:1}","{L0:2, L1:3, L6:1, L7:1}",""
2978265193733,PHASE_B,164065,12811,MERGE_DONE,0,0,0,"","394","","1","","2","","128",69,249,249,"","",""
2978265193746,PHASE_B,164070,12811,MERGE_PUBLISH,0,6,32,"","394","","1","","2","","128",69,257,257,"{L0:2, L1:3, L6:1, L7:1}","{L1:4, L6:1, L7:1}",""
2978265193756,PHASE_B,164070,12811,MERGE_SUBMIT,11,6,32,"","","","","","","","",0,0,0,"{L1:4, L6:1, L7:1}","{L1:4, L6:1, L7:1}",""
2978265193795,PHASE_B,164070,12811,MERGE_START,0,6,32,"[385,391]","","[1,1]","","[2,2]","","[128,128]","",20,0,0,"{L1:4, L6:1, L7:1}","{L1:4, L6:1, L7:1}",""
2978265194366,PHASE_B,164150,12828,MERGE_DONE,0,0,0,"","395","","2","","4","","256",20,590,590,"","",""
2978265194389,PHASE_B,164151,12828,MERGE_PUBLISH,0,5,32,"","395","","2","","4","","256",20,607,606,"{L1:4, L6:1, L7:1}","{L1:2, L2:1, L6:1, L7:1}",""
2978265194407,PHASE_B,164151,12828,MERGE_SUBMIT,29,5,32,"","","","","","","","",0,0,0,"{L1:2, L2:1, L6:1, L7:1}","{L1:2, L2:1, L6:1, L7:1}",""
2978265194445,PHASE_B,164151,12828,MERGE_START,0,5,32,"[392,394]","","[1,1]","","[2,2]","","[128,128]","",23,0,0,"{L1:2, L2:1, L6:1, L7:1}","{L1:2, L2:1, L6:1, L7:1}",""
2978265195041,PHASE_B,164219,12843,MERGE_DONE,0,0,0,"","396","","2","","4","","256",23,615,614,"","",""
2978265195060,PHASE_B,164219,12843,MERGE_PUBLISH,0,4,32,"","396","","2","","4","","256",23,630,628,"{L1:2, L2:1, L6:1, L7:1}","{L2:2, L6:1, L7:1}",""
2978265195078,PHASE_B,164219,12843,MERGE_SUBMIT,45,4,32,"","","","","","","","",0,0,0,"{L2:2, L6:1, L7:1}","{L2:2, L6:1, L7:1}",""
2978265195188,PHASE_B,164234,12847,MERGE_START,0,4,32,"[395,396]","","[2,2]","","[4,4]","","[256,256]","",94,0,0,"{L2:2, L6:1, L7:1}","{L2:2, L6:1, L7:1}",""
2978265195951,PHASE_B,164320,12862,SEAL,0,5,32,"","398","","0","","1","","64",0,0,0,"{L2:2, L6:1, L7:1}","{L0:1, L2:2, L6:1, L7:1}",""
2978265196347,PHASE_B,164378,12875,MERGE_DONE,0,0,0,"","397","","3","","8","","512",94,1177,1177,"","",""
2978265196368,PHASE_B,164384,12876,MERGE_PUBLISH,0,4,32,"","397","","3","","8","","512",94,1193,1192,"{L0:1, L2:2, L6:1, L7:1}","{L0:1, L3:1, L6:1, L7:1}",""
2978265198330,PHASE_B,164642,12927,SEAL,0,5,32,"","399","","0","","1","","64",0,0,0,"{L0:1, L3:1, L6:1, L7:1}","{L0:2, L3:1, L6:1, L7:1}",""
2978265198345,PHASE_B,164642,12927,MERGE_SUBMIT,0,5,32,"","","","","","","","",0,0,0,"{L0:2, L3:1, L6:1, L7:1}","{L0:2, L3:1, L6:1, L7:1}",""
2978265198417,PHASE_B,164653,12929,MERGE_START,0,5,32,"[398,399]","","[0,0]","","[1,1]","","[64,64]","",64,0,0,"{L0:2, L3:1, L6:1, L7:1}","{L0:2, L3:1, L6:1, L7:1}",""
2978265198526,PHASE_B,164665,12934,MERGE_DONE,0,0,0,"","400","","1","","2","","128",64,116,116,"","",""
2978265198534,PHASE_B,164675,12934,MERGE_PUBLISH,0,4,32,"","400","","1","","2","","128",64,122,122,"{L0:2, L3:1, L6:1, L7:1}","{L1:1, L3:1, L6:1, L7:1}",""
2978265200738,PHASE_B,164959,12991,SEAL,0,5,32,"","401","","0","","1","","64",0,0,0,"{L1:1, L3:1, L6:1, L7:1}","{L0:1, L1:1, L3:1, L6:1, L7:1}",""
2978265203033,PHASE_B,165270,13054,SEAL,0,6,32,"","402","","0","","1","","64",0,0,0,"{L0:1, L1:1, L3:1, L6:1, L7:1}","{L0:2, L1:1, L3:1, L6:1, L7:1}",""
2978265203045,PHASE_B,165270,13054,MERGE_SUBMIT,0,6,32,"","","","","","","","",0,0,0,"{L0:2, L1:1, L3:1, L6:1, L7:1}","{L0:2, L1:1, L3:1, L6:1, L7:1}",""
2978265203151,PHASE_B,165299,13058,MERGE_START,0,6,32,"[401,402]","","[0,0]","","[1,1]","","[64,64]","",82,0,0,"{L0:2, L1:1, L3:1, L6:1, L7:1}","{L0:2, L1:1, L3:1, L6:1, L7:1}",""
2978265203495,PHASE_B,165357,13070,MERGE_DONE,0,0,0,"","403","","1","","2","","128",82,363,363,"","",""
2978265203561,PHASE_B,165366,13072,MERGE_PUBLISH,0,5,32,"","403","","1","","2","","128",82,423,396,"{L0:2, L1:1, L3:1, L6:1, L7:1}","{L1:2, L3:1, L6:1, L7:1}",""
2978265203580,PHASE_B,165366,13072,MERGE_SUBMIT,16,5,32,"","","","","","","","",0,0,0,"{L1:2, L3:1, L6:1, L7:1}","{L1:2, L3:1, L6:1, L7:1}",""
2978265203694,PHASE_B,165376,13074,MERGE_START,0,5,32,"[400,403]","","[1,1]","","[2,2]","","[128,128]","",96,0,0,"{L1:2, L3:1, L6:1, L7:1}","{L1:2, L3:1, L6:1, L7:1}",""
2978265204302,PHASE_B,165466,13092,MERGE_DONE,0,0,0,"","404","","2","","4","","256",96,626,626,"","",""
2978265204342,PHASE_B,165467,13092,MERGE_PUBLISH,0,4,32,"","404","","2","","4","","256",96,662,651,"{L1:2, L3:1, L6:1, L7:1}","{L2:1, L3:1, L6:1, L7:1}",""
2978265205515,PHASE_B,165598,13118,SEAL,0,5,32,"","405","","0","","1","","64",0,0,0,"{L2:1, L3:1, L6:1, L7:1}","{L0:1, L2:1, L3:1, L6:1, L7:1}",""
2978265207786,PHASE_B,165922,13183,SEAL,0,6,32,"","406","","0","","1","","64",0,0,0,"{L0:1, L2:1, L3:1, L6:1, L7:1}","{L0:2, L2:1, L3:1, L6:1, L7:1}",""
2978265207797,PHASE_B,165922,13183,MERGE_SUBMIT,0,6,32,"","","","","","","","",0,0,0,"{L0:2, L2:1, L3:1, L6:1, L7:1}","{L0:2, L2:1, L3:1, L6:1, L7:1}",""
2978265207909,PHASE_B,165943,13187,MERGE_START,0,6,32,"[405,406]","","[0,0]","","[1,1]","","[64,64]","",88,0,0,"{L0:2, L2:1, L3:1, L6:1, L7:1}","{L0:2, L2:1, L3:1, L6:1, L7:1}",""
2978265208193,PHASE_B,165991,13197,MERGE_DONE,0,0,0,"","407","","1","","2","","128",88,304,303,"","",""
2978265208215,PHASE_B,165995,13197,MERGE_PUBLISH,0,5,32,"","407","","1","","2","","128",88,319,317,"{L0:2, L2:1, L3:1, L6:1, L7:1}","{L1:1, L2:1, L3:1, L6:1, L7:1}",""
2978265210100,PHASE_B,166240,13246,SEAL,0,6,32,"","408","","0","","1","","64",0,0,0,"{L1:1, L2:1, L3:1, L6:1, L7:1}","{L0:1, L1:1, L2:1, L3:1, L6:1, L7:1}",""
2978265212357,PHASE_B,166557,13311,SEAL,0,7,32,"","409","","0","","1","","64",0,0,0,"{L0:1, L1:1, L2:1, L3:1, L6:1, L7:1}","{L0:2, L1:1, L2:1, L3:1, L6:1, L7:1}",""
2978265212368,PHASE_B,166557,13311,MERGE_SUBMIT,0,7,32,"","","","","","","","",0,0,0,"{L0:2, L1:1, L2:1, L3:1, L6:1, L7:1}","{L0:2, L1:1, L2:1, L3:1, L6:1, L7:1}",""
2978265212432,PHASE_B,166573,13314,MERGE_START,0,7,32,"[408,409]","","[0,0]","","[1,1]","","[64,64]","",55,0,0,"{L0:2, L1:1, L2:1, L3:1, L6:1, L7:1}","{L0:2, L1:1, L2:1, L3:1, L6:1, L7:1}",""
2978265212541,PHASE_B,166593,13318,MERGE_DONE,0,0,0,"","410","","1","","2","","128",55,117,116,"","",""
2978265212568,PHASE_B,166597,13318,MERGE_PUBLISH,0,6,32,"","410","","1","","2","","128",55,140,135,"{L0:2, L1:1, L2:1, L3:1, L6:1, L7:1}","{L1:2, L2:1, L3:1, L6:1, L7:1}",""
2978265212575,PHASE_B,166597,13318,MERGE_SUBMIT,7,6,32,"","","","","","","","",0,0,0,"{L1:2, L2:1, L3:1, L6:1, L7:1}","{L1:2, L2:1, L3:1, L6:1, L7:1}",""
2978265212602,PHASE_B,166597,13318,MERGE_START,0,6,32,"[407,410]","","[1,1]","","[2,2]","","[128,128]","",27,0,0,"{L1:2, L2:1, L3:1, L6:1, L7:1}","{L1:2, L2:1, L3:1, L6:1, L7:1}",""
2978265213087,PHASE_B,166672,13333,MERGE_DONE,0,0,0,"","411","","2","","4","","256",27,484,485,"","",""
2978265213103,PHASE_B,166672,13333,MERGE_PUBLISH,0,5,32,"","411","","2","","4","","256",27,494,495,"{L1:2, L2:1, L3:1, L6:1, L7:1}","{L2:2, L3:1, L6:1, L7:1}",""
2978265213113,PHASE_B,166672,13333,MERGE_SUBMIT,22,5,32,"","","","","","","","",0,0,0,"{L2:2, L3:1, L6:1, L7:1}","{L2:2, L3:1, L6:1, L7:1}",""
2978265213223,PHASE_B,166687,13337,MERGE_START,0,5,32,"[404,411]","","[2,2]","","[4,4]","","[256,256]","",86,0,0,"{L2:2, L3:1, L6:1, L7:1}","{L2:2, L3:1, L6:1, L7:1}",""
2978265214275,PHASE_B,166822,13363,MERGE_DONE,0,0,0,"","412","","3","","8","","512",86,1076,1076,"","",""
2978265214320,PHASE_B,166831,13366,MERGE_PUBLISH,0,4,32,"","412","","3","","8","","512",86,1116,1105,"{L2:2, L3:1, L6:1, L7:1}","{L3:2, L6:1, L7:1}",""
2978265214337,PHASE_B,166832,13366,MERGE_SUBMIT,54,4,32,"","","","","","","","",0,0,0,"{L3:2, L6:1, L7:1}","{L3:2, L6:1, L7:1}",""
2978265215183,PHASE_B,166887,13375,MERGE_START,0,4,32,"[397,412]","","[3,3]","","[8,8]","","[512,512]","",87,0,0,"{L3:2, L6:1, L7:1}","{L3:2, L6:1, L7:1}",""
2978265215192,PHASE_B,166887,13375,SEAL,0,5,32,"","413","","0","","1","","64",0,0,0,"{L3:2, L6:1, L7:1}","{L0:1, L3:2, L6:1, L7:1}",""
2978265217357,PHASE_B,167177,13434,MERGE_DONE,0,0,0,"","414","","4","","16","","1024",87,2934,2202,"","",""
2978265217379,PHASE_B,167177,13434,MERGE_PUBLISH,0,4,32,"","414","","4","","16","","1024",87,2951,2219,"{L0:1, L3:2, L6:1, L7:1}","{L0:1, L4:1, L6:1, L7:1}",""
2978265217655,PHASE_B,167205,13439,SEAL,0,5,32,"","415","","0","","1","","64",0,0,0,"{L0:1, L4:1, L6:1, L7:1}","{L0:2, L4:1, L6:1, L7:1}",""
2978265217667,PHASE_B,167205,13439,MERGE_SUBMIT,0,5,32,"","","","","","","","",0,0,0,"{L0:2, L4:1, L6:1, L7:1}","{L0:2, L4:1, L6:1, L7:1}",""
2978265217709,PHASE_B,167212,13440,MERGE_START,0,5,32,"[413,415]","","[0,0]","","[1,1]","","[64,64]","",22,0,0,"{L0:2, L4:1, L6:1, L7:1}","{L0:2, L4:1, L6:1, L7:1}",""
2978265218054,PHASE_B,167268,13451,MERGE_DONE,0,0,0,"","416","","1","","2","","128",22,363,363,"","",""
2978265218085,PHASE_B,167268,13451,MERGE_PUBLISH,0,4,32,"","416","","1","","2","","128",22,388,388,"{L0:2, L4:1, L6:1, L7:1}","{L1:1, L4:1, L6:1, L7:1}",""
2978265220098,PHASE_B,167512,13501,SEAL,0,5,32,"","417","","0","","1","","64",0,0,0,"{L1:1, L4:1, L6:1, L7:1}","{L0:1, L1:1, L4:1, L6:1, L7:1}",""
2978265222364,PHASE_B,167835,13566,SEAL,0,6,32,"","418","","0","","1","","64",0,0,0,"{L0:1, L1:1, L4:1, L6:1, L7:1}","{L0:2, L1:1, L4:1, L6:1, L7:1}",""
2978265222375,PHASE_B,167835,13566,MERGE_SUBMIT,0,6,32,"","","","","","","","",0,0,0,"{L0:2, L1:1, L4:1, L6:1, L7:1}","{L0:2, L1:1, L4:1, L6:1, L7:1}",""
2978265222442,PHASE_B,167854,13569,MERGE_START,0,6,32,"[417,418]","","[0,0]","","[1,1]","","[64,64]","",58,0,0,"{L0:2, L1:1, L4:1, L6:1, L7:1}","{L0:2, L1:1, L4:1, L6:1, L7:1}",""
2978265222566,PHASE_B,167871,13574,MERGE_DONE,0,0,0,"","419","","1","","2","","128",58,132,132,"","",""
2978265222584,PHASE_B,167871,13574,MERGE_PUBLISH,0,5,32,"","419","","1","","2","","128",58,148,142,"{L0:2, L1:1, L4:1, L6:1, L7:1}","{L1:2, L4:1, L6:1, L7:1}",""
2978265222591,PHASE_B,167871,13574,MERGE_SUBMIT,7,5,32,"","","","","","","","",0,0,0,"{L1:2, L4:1, L6:1, L7:1}","{L1:2, L4:1, L6:1, L7:1}",""
2978265222632,PHASE_B,167885,13576,MERGE_START,0,5,32,"[416,419]","","[1,1]","","[2,2]","","[128,128]","",27,0,0,"{L1:2, L4:1, L6:1, L7:1}","{L1:2, L4:1, L6:1, L7:1}",""
2978265223179,PHASE_B,167953,13591,MERGE_DONE,0,0,0,"","420","","2","","4","","256",27,559,560,"","",""
2978265223194,PHASE_B,167953,13591,MERGE_PUBLISH,0,4,32,"","420","","2","","4","","256",27,571,572,"{L1:2, L4:1, L6:1, L7:1}","{L2:1, L4:1, L6:1, L7:1}",""
2978265224780,PHASE_B,168150,13628,SEAL,0,5,32,"","421","","0","","1","","64",0,0,0,"{L2:1, L4:1, L6:1, L7:1}","{L0:1, L2:1, L4:1, L6:1, L7:1}",""
2978265227244,PHASE_B,168475,13695,SEAL,0,6,32,"","422","","0","","1","","64",0,0,0,"{L0:1, L2:1, L4:1, L6:1, L7:1}","{L0:2, L2:1, L4:1, L6:1, L7:1}",""
2978265227259,PHASE_B,168475,13695,MERGE_SUBMIT,0,6,32,"","","","","","","","",0,0,0,"{L0:2, L2:1, L4:1, L6:1, L7:1}","{L0:2, L2:1, L4:1, L6:1, L7:1}",""
2978265227307,PHASE_B,168487,13696,MERGE_START,0,6,32,"[421,422]","","[0,0]","","[1,1]","","[64,64]","",25,0,0,"{L0:2, L2:1, L4:1, L6:1, L7:1}","{L0:2, L2:1, L4:1, L6:1, L7:1}",""
2978265227617,PHASE_B,168535,13706,MERGE_DONE,0,0,0,"","423","","1","","2","","128",25,330,329,"","",""
2978265227638,PHASE_B,168535,13706,MERGE_PUBLISH,0,5,32,"","423","","1","","2","","128",25,345,344,"{L0:2, L2:1, L4:1, L6:1, L7:1}","{L1:1, L2:1, L4:1, L6:1, L7:1}",""
2978265229701,PHASE_B,168793,13758,SEAL,0,6,32,"","424","","0","","1","","64",0,0,0,"{L1:1, L2:1, L4:1, L6:1, L7:1}","{L0:1, L1:1, L2:1, L4:1, L6:1, L7:1}",""
2978265231964,PHASE_B,169115,13820,SEAL,0,7,32,"","425","","0","","1","","64",0,0,0,"{L0:1, L1:1, L2:1, L4:1, L6:1, L7:1}","{L0:2, L1:1, L2:1, L4:1, L6:1, L7:1}",""
2978265231976,PHASE_B,169115,13820,MERGE_SUBMIT,0,7,32,"","","","","","","","",0,0,0,"{L0:2, L1:1, L2:1, L4:1, L6:1, L7:1}","{L0:2, L1:1, L2:1, L4:1, L6:1, L7:1}",""
2978265232085,PHASE_B,169130,13826,MERGE_START,0,7,32,"[424,425]","","[0,0]","","[1,1]","","[64,64]","",84,0,0,"{L0:2, L1:1, L2:1, L4:1, L6:1, L7:1}","{L0:2, L1:1, L2:1, L4:1, L6:1, L7:1}",""
2978265232393,PHASE_B,169194,13837,MERGE_DONE,0,0,0,"","426","","1","","2","","128",84,329,329,"","",""
2978265232416,PHASE_B,169194,13837,MERGE_PUBLISH,0,6,32,"","426","","1","","2","","128",84,345,344,"{L0:2, L1:1, L2:1, L4:1, L6:1, L7:1}","{L1:2, L2:1, L4:1, L6:1, L7:1}",""
2978265232436,PHASE_B,169195,13837,MERGE_SUBMIT,14,6,32,"","","","","","","","",0,0,0,"{L1:2, L2:1, L4:1, L6:1, L7:1}","{L1:2, L2:1, L4:1, L6:1, L7:1}",""
2978265232514,PHASE_B,169202,13839,MERGE_START,0,6,32,"[423,426]","","[1,1]","","[2,2]","","[128,128]","",77,0,0,"{L1:2, L2:1, L4:1, L6:1, L7:1}","{L1:2, L2:1, L4:1, L6:1, L7:1}",""
2978265233034,PHASE_B,169272,13854,MERGE_DONE,0,0,0,"","427","","2","","4","","256",77,526,526,"","",""
2978265233090,PHASE_B,169285,13855,MERGE_PUBLISH,0,5,32,"","427","","2","","4","","256",77,574,563,"{L1:2, L2:1, L4:1, L6:1, L7:1}","{L2:2, L4:1, L6:1, L7:1}",""
2978265233101,PHASE_B,169285,13855,MERGE_SUBMIT,31,5,32,"","","","","","","","",0,0,0,"{L2:2, L4:1, L6:1, L7:1}","{L2:2, L4:1, L6:1, L7:1}",""
2978265233162,PHASE_B,169285,13855,MERGE_START,0,5,32,"[420,427]","","[2,2]","","[4,4]","","[256,256]","",57,0,0,"{L2:2, L4:1, L6:1, L7:1}","{L2:2, L4:1, L6:1, L7:1}",""
2978265233891,PHASE_B,169368,13875,MERGE_DONE,0,0,0,"","428","","3","","8","","512",57,732,733,"","",""
2978265233911,PHASE_B,169376,13875,MERGE_PUBLISH,0,4,32,"","428","","3","","8","","512",57,748,748,"{L2:2, L4:1, L6:1, L7:1}","{L3:1, L4:1, L6:1, L7:1}",""
2978265234517,PHASE_B,169429,13884,SEAL,0,5,32,"","429","","0","","1","","64",0,0,0,"{L3:1, L4:1, L6:1, L7:1}","{L0:1, L3:1, L4:1, L6:1, L7:1}",""
2978265236843,PHASE_B,169752,13949,SEAL,0,6,32,"","430","","0","","1","","64",0,0,0,"{L0:1, L3:1, L4:1, L6:1, L7:1}","{L0:2, L3:1, L4:1, L6:1, L7:1}",""
2978265236855,PHASE_B,169752,13949,MERGE_SUBMIT,0,6,32,"","","","","","","","",0,0,0,"{L0:2, L3:1, L4:1, L6:1, L7:1}","{L0:2, L3:1, L4:1, L6:1, L7:1}",""
2978265236973,PHASE_B,169771,13953,MERGE_START,0,6,32,"[429,430]","","[0,0]","","[1,1]","","[64,64]","",94,0,0,"{L0:2, L3:1, L4:1, L6:1, L7:1}","{L0:2, L3:1, L4:1, L6:1, L7:1}",""
2978265237292,PHASE_B,169821,13964,MERGE_DONE,0,0,0,"","431","","1","","2","","128",94,339,338,"","",""
2978265237313,PHASE_B,169824,13964,MERGE_PUBLISH,0,5,32,"","431","","1","","2","","128",94,354,353,"{L0:2, L3:1, L4:1, L6:1, L7:1}","{L1:1, L3:1, L4:1, L6:1, L7:1}",""
2978265239416,PHASE_B,170078,14015,SEAL,0,6,32,"","432","","0","","1","","64",0,0,0,"{L1:1, L3:1, L4:1, L6:1, L7:1}","{L0:1, L1:1, L3:1, L4:1, L6:1, L7:1}",""
2978265241797,PHASE_B,170396,14078,SEAL,0,7,32,"","433","","0","","1","","64",0,0,0,"{L0:1, L1:1, L3:1, L4:1, L6:1, L7:1}","{L0:2, L1:1, L3:1, L4:1, L6:1, L7:1}",""
2978265241809,PHASE_B,170396,14078,MERGE_SUBMIT,0,7,32,"","","","","","","","",0,0,0,"{L0:2, L1:1, L3:1, L4:1, L6:1, L7:1}","{L0:2, L1:1, L3:1, L4:1, L6:1, L7:1}",""
2978265241941,PHASE_B,170425,14083,MERGE_START,0,7,32,"[432,433]","","[0,0]","","[1,1]","","[64,64]","",108,0,0,"{L0:2, L1:1, L3:1, L4:1, L6:1, L7:1}","{L0:2, L1:1, L3:1, L4:1, L6:1, L7:1}",""
2978265242355,PHASE_B,170477,14095,MERGE_DONE,0,0,0,"","434","","1","","2","","128",108,434,434,"","",""
2978265242403,PHASE_B,170487,14097,MERGE_PUBLISH,0,6,32,"","434","","1","","2","","128",108,475,463,"{L0:2, L1:1, L3:1, L4:1, L6:1, L7:1}","{L1:2, L3:1, L4:1, L6:1, L7:1}",""
2978265242438,PHASE_B,170491,14098,MERGE_SUBMIT,17,6,32,"","","","","","","","",0,0,0,"{L1:2, L3:1, L4:1, L6:1, L7:1}","{L1:2, L3:1, L4:1, L6:1, L7:1}",""
2978265242543,PHASE_B,170503,14099,MERGE_START,0,6,32,"[431,434]","","[1,1]","","[2,2]","","[128,128]","",88,0,0,"{L1:2, L3:1, L4:1, L6:1, L7:1}","{L1:2, L3:1, L4:1, L6:1, L7:1}",""
2978265243165,PHASE_B,170593,14117,MERGE_DONE,0,0,0,"","435","","2","","4","","256",88,641,640,"","",""
2978265243187,PHASE_B,170593,14117,MERGE_PUBLISH,0,5,32,"","435","","2","","4","","256",88,657,656,"{L1:2, L3:1, L4:1, L6:1, L7:1}","{L2:1, L3:1, L4:1, L6:1, L7:1}",""
2978265244296,PHASE_B,170716,14143,SEAL,0,6,32,"","436","","0","","1","","64",0,0,0,"{L2:1, L3:1, L4:1, L6:1, L7:1}","{L0:1, L2:1, L3:1, L4:1, L6:1, L7:1}",""
2978265246680,PHASE_B,171035,14205,SEAL,0,7,32,"","437","","0","","1","","64",0,0,0,"{L0:1, L2:1, L3:1, L4:1, L6:1, L7:1}","{L0:2, L2:1, L3:1, L4:1, L6:1, L7:1}",""
2978265246692,PHASE_B,171035,14205,MERGE_SUBMIT,0,7,32,"","","","","","","","",0,0,0,"{L0:2, L2:1, L3:1, L4:1, L6:1, L7:1}","{L0:2, L2:1, L3:1, L4:1, L6:1, L7:1}",""
2978265246767,PHASE_B,171048,14210,MERGE_START,0,7,32,"[436,437]","","[0,0]","","[1,1]","","[64,64]","",65,0,0,"{L0:2, L2:1, L3:1, L4:1, L6:1, L7:1}","{L0:2, L2:1, L3:1, L4:1, L6:1, L7:1}",""
2978265246894,PHASE_B,171073,14213,MERGE_DONE,0,0,0,"","438","","1","","2","","128",65,135,135,"","",""
2978265246903,PHASE_B,171073,14213,MERGE_PUBLISH,0,6,32,"","438","","1","","2","","128",65,143,142,"{L0:2, L2:1, L3:1, L4:1, L6:1, L7:1}","{L1:1, L2:1, L3:1, L4:1, L6:1, L7:1}",""
2978265249177,PHASE_B,171359,14271,SEAL,0,7,32,"","439","","0","","1","","64",0,0,0,"{L1:1, L2:1, L3:1, L4:1, L6:1, L7:1}","{L0:1, L1:1, L2:1, L3:1, L4:1, L6:1, L7:1}",""
2978265251640,PHASE_B,171680,14335,SEAL,0,8,32,"","440","","0","","1","","64",0,0,0,"{L0:1, L1:1, L2:1, L3:1, L4:1, L6:1, L7:1}","{L0:2, L1:1, L2:1, L3:1, L4:1, L6:1, L7:1}",""
2978265251654,PHASE_B,171680,14335,MERGE_SUBMIT,0,8,32,"","","","","","","","",0,0,0,"{L0:2, L1:1, L2:1, L3:1, L4:1, L6:1, L7:1}","{L0:2, L1:1, L2:1, L3:1, L4:1, L6:1, L7:1}",""
2978265251713,PHASE_B,171692,14337,MERGE_START,0,8,32,"[439,440]","","[0,0]","","[1,1]","","[64,64]","",31,0,0,"{L0:2, L1:1, L2:1, L3:1, L4:1, L6:1, L7:1}","{L0:2, L1:1, L2:1, L3:1, L4:1, L6:1, L7:1}",""
2978265252111,PHASE_B,171750,14349,MERGE_DONE,0,0,0,"","441","","1","","2","","128",31,420,420,"","",""
2978265252145,PHASE_B,171750,14349,MERGE_PUBLISH,0,7,32,"","441","","1","","2","","128",31,445,444,"{L0:2, L1:1, L2:1, L3:1, L4:1, L6:1, L7:1}","{L1:2, L2:1, L3:1, L4:1, L6:1, L7:1}",""
2978265252164,PHASE_B,171754,14351,MERGE_SUBMIT,14,7,32,"","","","","","","","",0,0,0,"{L1:2, L2:1, L3:1, L4:1, L6:1, L7:1}","{L1:2, L2:1, L3:1, L4:1, L6:1, L7:1}",""
2978265252266,PHASE_B,171772,14353,MERGE_START,0,7,32,"[438,441]","","[1,1]","","[2,2]","","[128,128]","",84,0,0,"{L1:2, L2:1, L3:1, L4:1, L6:1, L7:1}","{L1:2, L2:1, L3:1, L4:1, L6:1, L7:1}",""
2978265252825,PHASE_B,171837,14366,MERGE_DONE,0,0,0,"","442","","2","","4","","256",84,579,579,"","",""
2978265252848,PHASE_B,171837,14366,MERGE_PUBLISH,0,6,32,"","442","","2","","4","","256",84,596,594,"{L1:2, L2:1, L3:1, L4:1, L6:1, L7:1}","{L2:2, L3:1, L4:1, L6:1, L7:1}",""
2978265252868,PHASE_B,171837,14366,MERGE_SUBMIT,33,6,32,"","","","","","","","",0,0,0,"{L2:2, L3:1, L4:1, L6:1, L7:1}","{L2:2, L3:1, L4:1, L6:1, L7:1}",""
2978265252979,PHASE_B,171864,14372,MERGE_START,0,6,32,"[435,442]","","[2,2]","","[4,4]","","[256,256]","",92,0,0,"{L2:2, L3:1, L4:1, L6:1, L7:1}","{L2:2, L3:1, L4:1, L6:1, L7:1}",""
2978265254052,PHASE_B,171991,14396,MERGE_DONE,0,0,0,"","443","","3","","8","","512",92,1094,1093,"","",""
2978265254073,PHASE_B,171991,14396,MERGE_PUBLISH,0,5,32,"","443","","3","","8","","512",92,1110,1109,"{L2:2, L3:1, L4:1, L6:1, L7:1}","{L3:2, L4:1, L6:1, L7:1}",""
2978265254092,PHASE_B,171991,14396,MERGE_SUBMIT,60,5,32,"","","","","","","","",0,0,0,"{L3:2, L4:1, L6:1, L7:1}","{L3:2, L4:1, L6:1, L7:1}",""
2978265254199,PHASE_B,171997,14398,MERGE_START,0,5,32,"[428,443]","","[3,3]","","[8,8]","","[512,512]","",84,0,0,"{L3:2, L4:1, L6:1, L7:1}","{L3:2, L4:1, L6:1, L7:1}",""
2978265254283,PHASE_B,171997,14398,SEAL,0,6,32,"","444","","0","","1","","64",0,0,0,"{L3:2, L4:1, L6:1, L7:1}","{L0:1, L3:2, L4:1, L6:1, L7:1}",""
2978265256723,PHASE_B,172319,14463,SEAL,0,7,32,"","446","","0","","1","","64",0,0,0,"{L0:1, L3:2, L4:1, L6:1, L7:1}","{L0:2, L3:2, L4:1, L6:1, L7:1}",""
2978265256836,PHASE_B,172343,14467,MERGE_DONE,0,0,0,"","445","","4","","16","","1024",84,2661,2660,"","",""
2978265256858,PHASE_B,172344,14467,MERGE_PUBLISH,0,6,32,"","445","","4","","16","","1024",84,2677,2676,"{L0:2, L3:2, L4:1, L6:1, L7:1}","{L0:2, L4:2, L6:1, L7:1}",""
2978265256878,PHASE_B,172344,14467,MERGE_SUBMIT,3,6,32,"","","","","","","","",0,0,0,"{L0:2, L4:2, L6:1, L7:1}","{L0:2, L4:2, L6:1, L7:1}",""
2978265256905,PHASE_B,172344,14467,MERGE_START,0,6,32,"[444,446]","","[0,0]","","[1,1]","","[64,64]","",19,0,0,"{L0:2, L4:2, L6:1, L7:1}","{L0:2, L4:2, L6:1, L7:1}",""
2978265257220,PHASE_B,172394,14478,MERGE_DONE,0,0,0,"","447","","1","","2","","128",19,326,326,"","",""
2978265257255,PHASE_B,172394,14478,MERGE_PUBLISH,0,5,32,"","447","","1","","2","","128",19,356,349,"{L0:2, L4:2, L6:1, L7:1}","{L1:1, L4:2, L6:1, L7:1}",""
2978265257279,PHASE_B,172394,14478,MERGE_SUBMIT,15,5,32,"","","","","","","","",0,0,0,"{L1:1, L4:2, L6:1, L7:1}","{L1:1, L4:2, L6:1, L7:1}",""
2978265257339,PHASE_B,172405,14481,MERGE_START,0,5,32,"[414,445]","","[4,4]","","[16,16]","","[1024,1024]","",58,0,0,"{L1:1, L4:2, L6:1, L7:1}","{L1:1, L4:2, L6:1, L7:1}",""
2978265259256,PHASE_B,172643,14527,SEAL,0,6,32,"","449","","0","","1","","64",0,0,0,"{L1:1, L4:2, L6:1, L7:1}","{L0:1, L1:1, L4:2, L6:1, L7:1}",""
2978265261680,PHASE_B,172965,14591,SEAL,0,7,32,"","450","","0","","1","","64",0,0,0,"{L0:1, L1:1, L4:2, L6:1, L7:1}","{L0:2, L1:1, L4:2, L6:1, L7:1}",""
2978265261767,PHASE_B,172974,14594,MERGE_DONE,0,0,0,"","448","","5","","32","","2048",58,4430,4431,"","",""
2978265261790,PHASE_B,172974,14594,MERGE_PUBLISH,0,6,32,"","448","","5","","32","","2048",58,4447,4447,"{L0:2, L1:1, L4:2, L6:1, L7:1}","{L0:2, L1:1, L5:1, L6:1, L7:1}",""
2978265261804,PHASE_B,172974,14594,MERGE_SUBMIT,2,6,32,"","","","","","","","",0,0,0,"{L0:2, L1:1, L5:1, L6:1, L7:1}","{L0:2, L1:1, L5:1, L6:1, L7:1}",""
2978265261857,PHASE_B,172983,14597,MERGE_START,0,6,32,"[449,450]","","[0,0]","","[1,1]","","[64,64]","",33,0,0,"{L0:2, L1:1, L5:1, L6:1, L7:1}","{L0:2, L1:1, L5:1, L6:1, L7:1}",""
2978265262633,PHASE_B,173084,14616,MERGE_DONE,0,0,0,"","451","","1","","2","","128",33,795,753,"","",""
2978265262653,PHASE_B,173087,14616,MERGE_PUBLISH,0,5,32,"","451","","1","","2","","128",33,810,767,"{L0:2, L1:1, L5:1, L6:1, L7:1}","{L1:2, L5:1, L6:1, L7:1}",""
2978265262670,PHASE_B,173087,14616,MERGE_SUBMIT,24,5,32,"","","","","","","","",0,0,0,"{L1:2, L5:1, L6:1, L7:1}","{L1:2, L5:1, L6:1, L7:1}",""
2978265262731,PHASE_B,173094,14618,MERGE_START,0,5,32,"[447,451]","","[1,1]","","[2,2]","","[128,128]","",58,0,0,"{L1:2, L5:1, L6:1, L7:1}","{L1:2, L5:1, L6:1, L7:1}",""
2978265263473,PHASE_B,173181,14635,MERGE_DONE,0,0,0,"","452","","2","","4","","256",58,746,647,"","",""
2978265263509,PHASE_B,173193,14637,MERGE_PUBLISH,0,4,32,"","452","","2","","4","","256",58,779,670,"{L1:2, L5:1, L6:1, L7:1}","{L2:1, L5:1, L6:1, L7:1}",""
2978265264339,PHASE_B,173278,14654,SEAL,0,5,32,"","453","","0","","1","","64",0,0,0,"{L2:1, L5:1, L6:1, L7:1}","{L0:1, L2:1, L5:1, L6:1, L7:1}",""
2978265266764,PHASE_B,173598,14719,SEAL,0,6,32,"","454","","0","","1","","64",0,0,0,"{L0:1, L2:1, L5:1, L6:1, L7:1}","{L0:2, L2:1, L5:1, L6:1, L7:1}",""
2978265266776,PHASE_B,173598,14719,MERGE_SUBMIT,0,6,32,"","","","","","","","",0,0,0,"{L0:2, L2:1, L5:1, L6:1, L7:1}","{L0:2, L2:1, L5:1, L6:1, L7:1}",""
2978265266885,PHASE_B,173625,14723,MERGE_START,0,6,32,"[453,454]","","[0,0]","","[1,1]","","[64,64]","",86,0,0,"{L0:2, L2:1, L5:1, L6:1, L7:1}","{L0:2, L2:1, L5:1, L6:1, L7:1}",""
2978265267230,PHASE_B,173679,14734,MERGE_DONE,0,0,0,"","455","","1","","2","","128",86,366,365,"","",""
2978265267252,PHASE_B,173679,14734,MERGE_PUBLISH,0,5,32,"","455","","1","","2","","128",86,380,379,"{L0:2, L2:1, L5:1, L6:1, L7:1}","{L1:1, L2:1, L5:1, L6:1, L7:1}",""
2978265269269,PHASE_B,173913,14781,SEAL,0,6,32,"","456","","0","","1","","64",0,0,0,"{L1:1, L2:1, L5:1, L6:1, L7:1}","{L0:1, L1:1, L2:1, L5:1, L6:1, L7:1}",""
2978265271596,PHASE_B,174239,14846,SEAL,0,7,32,"","457","","0","","1","","64",0,0,0,"{L0:1, L1:1, L2:1, L5:1, L6:1, L7:1}","{L0:2, L1:1, L2:1, L5:1, L6:1, L7:1}",""
2978265271608,PHASE_B,174239,14846,MERGE_SUBMIT,0,7,32,"","","","","","","","",0,0,0,"{L0:2, L1:1, L2:1, L5:1, L6:1, L7:1}","{L0:2, L1:1, L2:1, L5:1, L6:1, L7:1}",""
2978265271732,PHASE_B,174261,14850,MERGE_START,0,7,32,"[456,457]","","[0,0]","","[1,1]","","[64,64]","",94,0,0,"{L0:2, L1:1, L2:1, L5:1, L6:1, L7:1}","{L0:2, L1:1, L2:1, L5:1, L6:1, L7:1}",""
2978265272070,PHASE_B,174312,14862,MERGE_DONE,0,0,0,"","458","","1","","2","","128",94,364,363,"","",""
2978265272108,PHASE_B,174317,14862,MERGE_PUBLISH,0,6,32,"","458","","1","","2","","128",94,395,393,"{L0:2, L1:1, L2:1, L5:1, L6:1, L7:1}","{L1:2, L2:1, L5:1, L6:1, L7:1}",""
2978265272126,PHASE_B,174320,14863,MERGE_SUBMIT,14,6,32,"","","","","","","","",0,0,0,"{L1:2, L2:1, L5:1, L6:1, L7:1}","{L1:2, L2:1, L5:1, L6:1, L7:1}",""
2978265272180,PHASE_B,174327,14864,MERGE_START,0,6,32,"[455,458]","","[1,1]","","[2,2]","","[128,128]","",33,0,0,"{L1:2, L2:1, L5:1, L6:1, L7:1}","{L1:2, L2:1, L5:1, L6:1, L7:1}",""
2978265272776,PHASE_B,174400,14880,MERGE_DONE,0,0,0,"","459","","2","","4","","256",33,618,618,"","",""
2978265272799,PHASE_B,174400,14880,MERGE_PUBLISH,0,5,32,"","459","","2","","4","","256",33,636,636,"{L1:2, L2:1, L5:1, L6:1, L7:1}","{L2:2, L5:1, L6:1, L7:1}",""
2978265272816,PHASE_B,174400,14880,MERGE_SUBMIT,32,5,32,"","","","","","","","",0,0,0,"{L2:2, L5:1, L6:1, L7:1}","{L2:2, L5:1, L6:1, L7:1}",""
2978265272877,PHASE_B,174417,14882,MERGE_START,0,5,32,"[452,459]","","[2,2]","","[4,4]","","[256,256]","",58,0,0,"{L2:2, L5:1, L6:1, L7:1}","{L2:2, L5:1, L6:1, L7:1}",""
2978265273287,PHASE_B,174463,14892,MERGE_DONE,0,0,0,"","460","","3","","8","","512",58,418,418,"","",""
2978265273296,PHASE_B,174463,14892,MERGE_PUBLISH,0,4,32,"","460","","3","","8","","512",58,425,425,"{L2:2, L5:1, L6:1, L7:1}","{L3:1, L5:1, L6:1, L7:1}",""
2978265274198,PHASE_B,174562,14911,SEAL,0,5,32,"","461","","0","","1","","64",0,0,0,"{L3:1, L5:1, L6:1, L7:1}","{L0:1, L3:1, L5:1, L6:1, L7:1}",""
2978265276454,PHASE_B,174877,14974,SEAL,0,6,32,"","462","","0","","1","","64",0,0,0,"{L0:1, L3:1, L5:1, L6:1, L7:1}","{L0:2, L3:1, L5:1, L6:1, L7:1}",""
2978265276466,PHASE_B,174877,14974,MERGE_SUBMIT,0,6,32,"","","","","","","","",0,0,0,"{L0:2, L3:1, L5:1, L6:1, L7:1}","{L0:2, L3:1, L5:1, L6:1, L7:1}",""
2978265276574,PHASE_B,174895,14978,MERGE_START,0,6,32,"[461,462]","","[0,0]","","[1,1]","","[64,64]","",84,0,0,"{L0:2, L3:1, L5:1, L6:1, L7:1}","{L0:2, L3:1, L5:1, L6:1, L7:1}",""
2978265276882,PHASE_B,174947,14989,MERGE_DONE,0,0,0,"","463","","1","","2","","128",84,328,327,"","",""
2978265276933,PHASE_B,174955,14990,MERGE_PUBLISH,0,5,32,"","463","","1","","2","","128",84,372,357,"{L0:2, L3:1, L5:1, L6:1, L7:1}","{L1:1, L3:1, L5:1, L6:1, L7:1}",""
2978265278792,PHASE_B,175192,15037,SEAL,0,6,32,"","464","","0","","1","","64",0,0,0,"{L1:1, L3:1, L5:1, L6:1, L7:1}","{L0:1, L1:1, L3:1, L5:1, L6:1, L7:1}",""
2978265281089,PHASE_B,175512,15102,SEAL,0,7,32,"","465","","0","","1","","64",0,0,0,"{L0:1, L1:1, L3:1, L5:1, L6:1, L7:1}","{L0:2, L1:1, L3:1, L5:1, L6:1, L7:1}",""
2978265281104,PHASE_B,175512,15102,MERGE_SUBMIT,0,7,32,"","","","","","","","",0,0,0,"{L0:2, L1:1, L3:1, L5:1, L6:1, L7:1}","{L0:2, L1:1, L3:1, L5:1, L6:1, L7:1}",""
2978265281210,PHASE_B,175537,15107,MERGE_START,0,7,32,"[464,465]","","[0,0]","","[1,1]","","[64,64]","",81,0,0,"{L0:2, L1:1, L3:1, L5:1, L6:1, L7:1}","{L0:2, L1:1, L3:1, L5:1, L6:1, L7:1}",""
2978265281521,PHASE_B,175593,15118,MERGE_DONE,0,0,0,"","466","","1","","2","","128",81,332,331,"","",""
2978265281543,PHASE_B,175595,15118,MERGE_PUBLISH,0,6,32,"","466","","1","","2","","128",81,348,346,"{L0:2, L1:1, L3:1, L5:1, L6:1, L7:1}","{L1:2, L3:1, L5:1, L6:1, L7:1}",""
2978265281564,PHASE_B,175595,15118,MERGE_SUBMIT,14,6,32,"","","","","","","","",0,0,0,"{L1:2, L3:1, L5:1, L6:1, L7:1}","{L1:2, L3:1, L5:1, L6:1, L7:1}",""
2978265281645,PHASE_B,175607,15121,MERGE_START,0,6,32,"[463,466]","","[1,1]","","[2,2]","","[128,128]","",82,0,0,"{L1:2, L3:1, L5:1, L6:1, L7:1}","{L1:2, L3:1, L5:1, L6:1, L7:1}",""
2978265282167,PHASE_B,175680,15135,MERGE_DONE,0,0,0,"","467","","2","","4","","256",82,527,527,"","",""
2978265282182,PHASE_B,175680,15135,MERGE_PUBLISH,0,5,32,"","467","","2","","4","","256",82,537,537,"{L1:2, L3:1, L5:1, L6:1, L7:1}","{L2:1, L3:1, L5:1, L6:1, L7:1}",""
2978265283537,PHASE_B,175836,15167,SEAL,0,6,32,"","468","","0","","1","","64",0,0,0,"{L2:1, L3:1, L5:1, L6:1, L7:1}","{L0:1, L2:1, L3:1, L5:1, L6:1, L7:1}",""
2978265285872,PHASE_B,176168,15231,SEAL,0,7,32,"","469","","0","","1","","64",0,0,0,"{L0:1, L2:1, L3:1, L5:1, L6:1, L7:1}","{L0:2, L2:1, L3:1, L5:1, L6:1, L7:1}",""
2978265285885,PHASE_B,176168,15231,MERGE_SUBMIT,0,7,32,"","","","","","","","",0,0,0,"{L0:2, L2:1, L3:1, L5:1, L6:1, L7:1}","{L0:2, L2:1, L3:1, L5:1, L6:1, L7:1}",""
2978265285957,PHASE_B,176172,15234,MERGE_START,0,7,32,"[468,469]","","[0,0]","","[1,1]","","[64,64]","",63,0,0,"{L0:2, L2:1, L3:1, L5:1, L6:1, L7:1}","{L0:2, L2:1, L3:1, L5:1, L6:1, L7:1}",""
2978265286089,PHASE_B,176194,15237,MERGE_DONE,0,0,0,"","470","","1","","2","","128",63,139,139,"","",""
2978265286098,PHASE_B,176194,15237,MERGE_PUBLISH,0,6,32,"","470","","1","","2","","128",63,146,146,"{L0:2, L2:1, L3:1, L5:1, L6:1, L7:1}","{L1:1, L2:1, L3:1, L5:1, L6:1, L7:1}",""
2978265288285,PHASE_B,176477,15294,SEAL,0,7,32,"","471","","0","","1","","64",0,0,0,"{L1:1, L2:1, L3:1, L5:1, L6:1, L7:1}","{L0:1, L1:1, L2:1, L3:1, L5:1, L6:1, L7:1}",""
2978265290613,PHASE_B,176799,15358,SEAL,0,8,32,"","472","","0","","1","","64",0,0,0,"{L0:1, L1:1, L2:1, L3:1, L5:1, L6:1, L7:1}","{L0:2, L1:1, L2:1, L3:1, L5:1, L6:1, L7:1}",""
2978265290626,PHASE_B,176799,15358,MERGE_SUBMIT,0,8,32,"","","","","","","","",0,0,0,"{L0:2, L1:1, L2:1, L3:1, L5:1, L6:1, L7:1}","{L0:2, L1:1, L2:1, L3:1, L5:1, L6:1, L7:1}",""
2978265290677,PHASE_B,176809,15360,MERGE_START,0,8,32,"[471,472]","","[0,0]","","[1,1]","","[64,64]","",23,0,0,"{L0:2, L1:1, L2:1, L3:1, L5:1, L6:1, L7:1}","{L0:2, L1:1, L2:1, L3:1, L5:1, L6:1, L7:1}",""
2978265291020,PHASE_B,176864,15372,MERGE_DONE,0,0,0,"","473","","1","","2","","128",23,367,367,"","",""
2978265291044,PHASE_B,176866,15372,MERGE_PUBLISH,0,7,32,"","473","","1","","2","","128",23,383,382,"{L0:2, L1:1, L2:1, L3:1, L5:1, L6:1, L7:1}","{L1:2, L2:1, L3:1, L5:1, L6:1, L7:1}",""
2978265291064,PHASE_B,176866,15372,MERGE_SUBMIT,12,7,32,"","","","","","","","",0,0,0,"{L1:2, L2:1, L3:1, L5:1, L6:1, L7:1}","{L1:2, L2:1, L3:1, L5:1, L6:1, L7:1}",""
2978265291133,PHASE_B,176875,15375,MERGE_START,0,7,32,"[470,473]","","[1,1]","","[2,2]","","[128,128]","",69,0,0,"{L1:2, L2:1, L3:1, L5:1, L6:1, L7:1}","{L1:2, L2:1, L3:1, L5:1, L6:1, L7:1}",""
2978265291636,PHASE_B,176938,15386,MERGE_DONE,0,0,0,"","474","","2","","4","","256",69,508,508,"","",""
2978265291653,PHASE_B,176938,15386,MERGE_PUBLISH,0,6,32,"","474","","2","","4","","256",69,518,518,"{L1:2, L2:1, L3:1, L5:1, L6:1, L7:1}","{L2:2, L3:1, L5:1, L6:1, L7:1}",""
2978265291664,PHASE_B,176938,15386,MERGE_SUBMIT,29,6,32,"","","","","","","","",0,0,0,"{L2:2, L3:1, L5:1, L6:1, L7:1}","{L2:2, L3:1, L5:1, L6:1, L7:1}",""
2978265291706,PHASE_B,176952,15390,MERGE_START,0,6,32,"[467,474]","","[2,2]","","[4,4]","","[256,256]","",23,0,0,"{L2:2, L3:1, L5:1, L6:1, L7:1}","{L2:2, L3:1, L5:1, L6:1, L7:1}",""
2978265292823,PHASE_B,177084,15418,MERGE_DONE,0,0,0,"","475","","3","","8","","512",23,1136,1135,"","",""
2978265292845,PHASE_B,177091,15418,MERGE_PUBLISH,0,5,32,"","475","","3","","8","","512",23,1152,1151,"{L2:2, L3:1, L5:1, L6:1, L7:1}","{L3:2, L5:1, L6:1, L7:1}",""
2978265292860,PHASE_B,177092,15418,MERGE_SUBMIT,58,5,32,"","","","","","","","",0,0,0,"{L3:2, L5:1, L6:1, L7:1}","{L3:2, L5:1, L6:1, L7:1}",""
2978265292921,PHASE_B,177104,15420,MERGE_START,0,5,32,"[460,475]","","[3,3]","","[8,8]","","[512,512]","",59,0,0,"{L3:2, L5:1, L6:1, L7:1}","{L3:2, L5:1, L6:1, L7:1}",""
2978265293142,PHASE_B,177117,15423,SEAL,0,6,32,"","477","","0","","1","","64",0,0,0,"{L3:2, L5:1, L6:1, L7:1}","{L0:1, L3:2, L5:1, L6:1, L7:1}",""
2978265294755,PHASE_B,177351,15470,MERGE_DONE,0,0,0,"","476","","4","","16","","1024",59,1838,1839,"","",""
2978265294779,PHASE_B,177351,15470,MERGE_PUBLISH,0,5,32,"","476","","4","","16","","1024",59,1856,1856,"{L0:1, L3:2, L5:1, L6:1, L7:1}","{L0:1, L4:1, L5:1, L6:1, L7:1}",""
2978265295514,PHASE_B,177446,15487,SEAL,0,6,32,"","478","","0","","1","","64",0,0,0,"{L0:1, L4:1, L5:1, L6:1, L7:1}","{L0:2, L4:1, L5:1, L6:1, L7:1}",""
2978265295527,PHASE_B,177446,15487,MERGE_SUBMIT,0,6,32,"","","","","","","","",0,0,0,"{L0:2, L4:1, L5:1, L6:1, L7:1}","{L0:2, L4:1, L5:1, L6:1, L7:1}",""
2978265295647,PHASE_B,177450,15488,MERGE_START,0,6,32,"[477,478]","","[0,0]","","[1,1]","","[64,64]","",97,0,0,"{L0:2, L4:1, L5:1, L6:1, L7:1}","{L0:2, L4:1, L5:1, L6:1, L7:1}",""
2978265295974,PHASE_B,177502,15499,MERGE_DONE,0,0,0,"","479","","1","","2","","128",97,347,346,"","",""
2978265296055,PHASE_B,177509,15502,MERGE_PUBLISH,0,5,32,"","479","","1","","2","","128",97,421,394,"{L0:2, L4:1, L5:1, L6:1, L7:1}","{L1:1, L4:1, L5:1, L6:1, L7:1}",""
2978265297936,PHASE_B,177765,15551,SEAL,0,6,32,"","480","","0","","1","","64",0,0,0,"{L1:1, L4:1, L5:1, L6:1, L7:1}","{L0:1, L1:1, L4:1, L5:1, L6:1, L7:1}",""
2978265300206,PHASE_B,178082,15615,SEAL,0,7,32,"","481","","0","","1","","64",0,0,0,"{L0:1, L1:1, L4:1, L5:1, L6:1, L7:1}","{L0:2, L1:1, L4:1, L5:1, L6:1, L7:1}",""
2978265300219,PHASE_B,178082,15615,MERGE_SUBMIT,0,7,32,"","","","","","","","",0,0,0,"{L0:2, L1:1, L4:1, L5:1, L6:1, L7:1}","{L0:2, L1:1, L4:1, L5:1, L6:1, L7:1}",""
2978265300264,PHASE_B,178093,15617,MERGE_START,0,7,32,"[480,481]","","[0,0]","","[1,1]","","[64,64]","",23,0,0,"{L0:2, L1:1, L4:1, L5:1, L6:1, L7:1}","{L0:2, L1:1, L4:1, L5:1, L6:1, L7:1}",""
2978265300608,PHASE_B,178148,15629,MERGE_DONE,0,0,0,"","482","","1","","2","","128",23,363,362,"","",""
2978265300646,PHASE_B,178149,15629,MERGE_PUBLISH,0,6,32,"","482","","1","","2","","128",23,393,392,"{L0:2, L1:1, L4:1, L5:1, L6:1, L7:1}","{L1:2, L4:1, L5:1, L6:1, L7:1}",""
2978265300665,PHASE_B,178149,15629,MERGE_SUBMIT,14,6,32,"","","","","","","","",0,0,0,"{L1:2, L4:1, L5:1, L6:1, L7:1}","{L1:2, L4:1, L5:1, L6:1, L7:1}",""
2978265300743,PHASE_B,178162,15633,MERGE_START,0,6,32,"[479,482]","","[1,1]","","[2,2]","","[128,128]","",76,0,0,"{L1:2, L4:1, L5:1, L6:1, L7:1}","{L1:2, L4:1, L5:1, L6:1, L7:1}",""
2978265301258,PHASE_B,178243,15646,MERGE_DONE,0,0,0,"","483","","2","","4","","256",76,521,521,"","",""
2978265301273,PHASE_B,178243,15646,MERGE_PUBLISH,0,5,32,"","483","","2","","4","","256",76,531,531,"{L1:2, L4:1, L5:1, L6:1, L7:1}","{L2:1, L4:1, L5:1, L6:1, L7:1}",""
2978265302608,PHASE_B,178400,15679,SEAL,0,6,32,"","484","","0","","1","","64",0,0,0,"{L2:1, L4:1, L5:1, L6:1, L7:1}","{L0:1, L2:1, L4:1, L5:1, L6:1, L7:1}",""
2978265304867,PHASE_B,178718,15741,SEAL,0,7,32,"","485","","0","","1","","64",0,0,0,"{L0:1, L2:1, L4:1, L5:1, L6:1, L7:1}","{L0:2, L2:1, L4:1, L5:1, L6:1, L7:1}",""
2978265304879,PHASE_B,178718,15741,MERGE_SUBMIT,0,7,32,"","","","","","","","",0,0,0,"{L0:2, L2:1, L4:1, L5:1, L6:1, L7:1}","{L0:2, L2:1, L4:1, L5:1, L6:1, L7:1}",""
2978265304943,PHASE_B,178730,15746,MERGE_START,0,7,32,"[484,485]","","[0,0]","","[1,1]","","[64,64]","",55,0,0,"{L0:2, L2:1, L4:1, L5:1, L6:1, L7:1}","{L0:2, L2:1, L4:1, L5:1, L6:1, L7:1}",""
2978265305089,PHASE_B,178759,15750,MERGE_DONE,0,0,0,"","486","","1","","2","","128",55,154,154,"","",""
2978265305098,PHASE_B,178759,15750,MERGE_PUBLISH,0,6,32,"","486","","1","","2","","128",55,161,160,"{L0:2, L2:1, L4:1, L5:1, L6:1, L7:1}","{L1:1, L2:1, L4:1, L5:1, L6:1, L7:1}",""
2978265307166,PHASE_B,179038,15807,SEAL,0,7,32,"","487","","0","","1","","64",0,0,0,"{L1:1, L2:1, L4:1, L5:1, L6:1, L7:1}","{L0:1, L1:1, L2:1, L4:1, L5:1, L6:1, L7:1}",""
2978265309478,PHASE_B,179361,15870,SEAL,0,8,32,"","488","","0","","1","","64",0,0,0,"{L0:1, L1:1, L2:1, L4:1, L5:1, L6:1, L7:1}","{L0:2, L1:1, L2:1, L4:1, L5:1, L6:1, L7:1}",""
2978265309490,PHASE_B,179361,15870,MERGE_SUBMIT,0,8,32,"","","","","","","","",0,0,0,"{L0:2, L1:1, L2:1, L4:1, L5:1, L6:1, L7:1}","{L0:2, L1:1, L2:1, L4:1, L5:1, L6:1, L7:1}",""
2978265309602,PHASE_B,179377,15875,MERGE_START,0,8,32,"[487,488]","","[0,0]","","[1,1]","","[64,64]","",86,0,0,"{L0:2, L1:1, L2:1, L4:1, L5:1, L6:1, L7:1}","{L0:2, L1:1, L2:1, L4:1, L5:1, L6:1, L7:1}",""
2978265309907,PHASE_B,179434,15885,MERGE_DONE,0,0,0,"","489","","1","","2","","128",86,328,327,"","",""
2978265309932,PHASE_B,179434,15885,MERGE_PUBLISH,0,7,32,"","489","","1","","2","","128",86,344,343,"{L0:2, L1:1, L2:1, L4:1, L5:1, L6:1, L7:1}","{L1:2, L2:1, L4:1, L5:1, L6:1, L7:1}",""
2978265309969,PHASE_B,179438,15887,MERGE_SUBMIT,14,7,32,"","","","","","","","",0,0,0,"{L1:2, L2:1, L4:1, L5:1, L6:1, L7:1}","{L1:2, L2:1, L4:1, L5:1, L6:1, L7:1}",""
2978265310084,PHASE_B,179453,15889,MERGE_START,0,7,32,"[486,489]","","[1,1]","","[2,2]","","[128,128]","",97,0,0,"{L1:2, L2:1, L4:1, L5:1, L6:1, L7:1}","{L1:2, L2:1, L4:1, L5:1, L6:1, L7:1}",""
2978265310742,PHASE_B,179535,15908,MERGE_DONE,0,0,0,"","490","","2","","4","","256",97,678,678,"","",""
2978265310765,PHASE_B,179537,15908,MERGE_PUBLISH,0,6,32,"","490","","2","","4","","256",97,695,693,"{L1:2, L2:1, L4:1, L5:1, L6:1, L7:1}","{L2:2, L4:1, L5:1, L6:1, L7:1}",""
2978265310785,PHASE_B,179537,15908,MERGE_SUBMIT,36,6,32,"","","","","","","","",0,0,0,"{L2:2, L4:1, L5:1, L6:1, L7:1}","{L2:2, L4:1, L5:1, L6:1, L7:1}",""
2978265310888,PHASE_B,179564,15910,MERGE_START,0,6,32,"[483,490]","","[2,2]","","[4,4]","","[256,256]","",87,0,0,"{L2:2, L4:1, L5:1, L6:1, L7:1}","{L2:2, L4:1, L5:1, L6:1, L7:1}",""
2978265311973,PHASE_B,179673,15934,SEAL,0,7,32,"","492","","0","","1","","64",0,0,0,"{L2:2, L4:1, L5:1, L6:1, L7:1}","{L0:1, L2:2, L4:1, L5:1, L6:1, L7:1}",""
2978265311987,PHASE_B,179673,15934,MERGE_DONE,0,0,0,"","491","","3","","8","","512",87,1118,1118,"","",""
2978265312021,PHASE_B,179673,15934,MERGE_PUBLISH,0,6,32,"","491","","3","","8","","512",87,1135,1134,"{L0:1, L2:2, L4:1, L5:1, L6:1, L7:1}","{L0:1, L3:1, L4:1, L5:1, L6:1, L7:1}",""
2978265314363,PHASE_B,179993,15996,SEAL,0,7,32,"","493","","0","","1","","64",0,0,0,"{L0:1, L3:1, L4:1, L5:1, L6:1, L7:1}","{L0:2, L3:1, L4:1, L5:1, L6:1, L7:1}",""
2978265314375,PHASE_B,179993,15996,MERGE_SUBMIT,0,7,32,"","","","","","","","",0,0,0,"{L0:2, L3:1, L4:1, L5:1, L6:1, L7:1}","{L0:2, L3:1, L4:1, L5:1, L6:1, L7:1}",""
2978265314441,PHASE_B,180006,16001,MERGE_START,0,7,32,"[492,493]","","[0,0]","","[1,1]","","[64,64]","",56,0,0,"{L0:2, L3:1, L4:1, L5:1, L6:1, L7:1}","{L0:2, L3:1, L4:1, L5:1, L6:1, L7:1}",""
2978265314551,PHASE_B,180033,16005,MERGE_DONE,0,0,0,"","494","","1","","2","","128",56,118,118,"","",""
2978265314560,PHASE_B,180033,16005,MERGE_PUBLISH,0,6,32,"","494","","1","","2","","128",56,125,125,"{L0:2, L3:1, L4:1, L5:1, L6:1, L7:1}","{L1:1, L3:1, L4:1, L5:1, L6:1, L7:1}",""
2978265316810,PHASE_B,180308,16060,SEAL,0,7,32,"","495","","0","","1","","64",0,0,0,"{L1:1, L3:1, L4:1, L5:1, L6:1, L7:1}","{L0:1, L1:1, L3:1, L4:1, L5:1, L6:1, L7:1}",""
2978265319070,PHASE_B,180640,16127,SEAL,0,8,32,"","496","","0","","1","","64",0,0,0,"{L0:1, L1:1, L3:1, L4:1, L5:1, L6:1, L7:1}","{L0:2, L1:1, L3:1, L4:1, L5:1, L6:1, L7:1}",""
2978265319083,PHASE_B,180640,16127,MERGE_SUBMIT,0,8,32,"","","","","","","","",0,0,0,"{L0:2, L1:1, L3:1, L4:1, L5:1, L6:1, L7:1}","{L0:2, L1:1, L3:1, L4:1, L5:1, L6:1, L7:1}",""
2978265319210,PHASE_B,180668,16132,MERGE_START,0,8,32,"[495,496]","","[0,0]","","[1,1]","","[64,64]","",100,0,0,"{L0:2, L1:1, L3:1, L4:1, L5:1, L6:1, L7:1}","{L0:2, L1:1, L3:1, L4:1, L5:1, L6:1, L7:1}",""
2978265319513,PHASE_B,180706,16142,MERGE_DONE,0,0,0,"","497","","1","","2","","128",100,327,326,"","",""
2978265319539,PHASE_B,180720,16142,MERGE_PUBLISH,0,7,32,"","497","","1","","2","","128",100,343,342,"{L0:2, L1:1, L3:1, L4:1, L5:1, L6:1, L7:1}","{L1:2, L3:1, L4:1, L5:1, L6:1, L7:1}",""
2978265319557,PHASE_B,180725,16142,MERGE_SUBMIT,14,7,32,"","","","","","","","",0,0,0,"{L1:2, L3:1, L4:1, L5:1, L6:1, L7:1}","{L1:2, L3:1, L4:1, L5:1, L6:1, L7:1}",""
2978265319638,PHASE_B,180728,16144,MERGE_START,0,7,32,"[494,497]","","[1,1]","","[2,2]","","[128,128]","",83,0,0,"{L1:2, L3:1, L4:1, L5:1, L6:1, L7:1}","{L1:2, L3:1, L4:1, L5:1, L6:1, L7:1}",""
2978265320155,PHASE_B,180795,16158,MERGE_DONE,0,0,0,"","498","","2","","4","","256",83,523,522,"","",""
2978265320199,PHASE_B,180795,16158,MERGE_PUBLISH,0,6,32,"","498","","2","","4","","256",83,559,549,"{L1:2, L3:1, L4:1, L5:1, L6:1, L7:1}","{L2:1, L3:1, L4:1, L5:1, L6:1, L7:1}",""
2978265321546,PHASE_B,180961,16191,SEAL,0,7,32,"","499","","0","","1","","64",0,0,0,"{L2:1, L3:1, L4:1, L5:1, L6:1, L7:1}","{L0:1, L2:1, L3:1, L4:1, L5:1, L6:1, L7:1}",""
2978265323832,PHASE_B,181269,16254,SEAL,0,8,32,"","500","","0","","1","","64",0,0,0,"{L0:1, L2:1, L3:1, L4:1, L5:1, L6:1, L7:1}","{L0:2, L2:1, L3:1, L4:1, L5:1, L6:1, L7:1}",""
2978265323847,PHASE_B,181269,16254,MERGE_SUBMIT,0,8,32,"","","","","","","","",0,0,0,"{L0:2, L2:1, L3:1, L4:1, L5:1, L6:1, L7:1}","{L0:2, L2:1, L3:1, L4:1, L5:1, L6:1, L7:1}",""
2978265323955,PHASE_B,181296,16257,MERGE_START,0,8,32,"[499,500]","","[0,0]","","[1,1]","","[64,64]","",82,0,0,"{L0:2, L2:1, L3:1, L4:1, L5:1, L6:1, L7:1}","{L0:2, L2:1, L3:1, L4:1, L5:1, L6:1, L7:1}",""
2978265324286,PHASE_B,181348,16268,MERGE_DONE,0,0,0,"","501","","1","","2","","128",82,353,353,"","",""
2978265324314,PHASE_B,181348,16268,MERGE_PUBLISH,0,7,32,"","501","","1","","2","","128",82,372,371,"{L0:2, L2:1, L3:1, L4:1, L5:1, L6:1, L7:1}","{L1:1, L2:1, L3:1, L4:1, L5:1, L6:1, L7:1}",""
2978265326400,PHASE_B,181603,16319,SEAL,0,8,32,"","502","","0","","1","","64",0,0,0,"{L1:1, L2:1, L3:1, L4:1, L5:1, L6:1, L7:1}","{L0:1, L1:1, L2:1, L3:1, L4:1, L5:1, L6:1, L7:1}",""
2978265328791,PHASE_B,181917,16382,SEAL,0,9,32,"","503","","0","","1","","64",0,0,0,"{L0:1, L1:1, L2:1, L3:1, L4:1, L5:1, L6:1, L7:1}","{L0:2, L1:1, L2:1, L3:1, L4:1, L5:1, L6:1, L7:1}",""
2978265328804,PHASE_B,181917,16382,MERGE_SUBMIT,0,9,32,"","","","","","","","",0,0,0,"{L0:2, L1:1, L2:1, L3:1, L4:1, L5:1, L6:1, L7:1}","{L0:2, L1:1, L2:1, L3:1, L4:1, L5:1, L6:1, L7:1}",""
2978265328922,PHASE_B,181941,16387,MERGE_START,0,9,32,"[502,503]","","[0,0]","","[1,1]","","[64,64]","",91,0,0,"{L0:2, L1:1, L2:1, L3:1, L4:1, L5:1, L6:1, L7:1}","{L0:2, L1:1, L2:1, L3:1, L4:1, L5:1, L6:1, L7:1}",""
2978265329238,PHASE_B,181981,16395,MERGE_DONE,0,0,0,"","504","","1","","2","","128",91,340,339,"","",""
2978265329266,PHASE_B,181981,16395,MERGE_PUBLISH,0,8,32,"","504","","1","","2","","128",91,358,356,"{L0:2, L1:1, L2:1, L3:1, L4:1, L5:1, L6:1, L7:1}","{L1:2, L2:1, L3:1, L4:1, L5:1, L6:1, L7:1}",""
2978265329296,PHASE_B,181981,16395,MERGE_SUBMIT,12,8,32,"","","","","","","","",0,0,0,"{L1:2, L2:1, L3:1, L4:1, L5:1, L6:1, L7:1}","{L1:2, L2:1, L3:1, L4:1, L5:1, L6:1, L7:1}",""
2978265329340,PHASE_B,181981,16395,MERGE_START,0,8,32,"[501,504]","","[1,1]","","[2,2]","","[128,128]","",33,0,0,"{L1:2, L2:1, L3:1, L4:1, L5:1, L6:1, L7:1}","{L1:2, L2:1, L3:1, L4:1, L5:1, L6:1, L7:1}",""
2978265329925,PHASE_B,182071,16414,MERGE_DONE,0,0,0,"","505","","2","","4","","256",33,609,608,"","",""
2978265329951,PHASE_B,182077,16414,MERGE_PUBLISH,0,7,32,"","505","","2","","4","","256",33,625,624,"{L1:2, L2:1, L3:1, L4:1, L5:1, L6:1, L7:1}","{L2:2, L3:1, L4:1, L5:1, L6:1, L7:1}",""
2978265329971,PHASE_B,182077,16414,MERGE_SUBMIT,30,7,32,"","","","","","","","",0,0,0,"{L2:2, L3:1, L4:1, L5:1, L6:1, L7:1}","{L2:2, L3:1, L4:1, L5:1, L6:1, L7:1}",""
2978265330103,PHASE_B,182094,16418,MERGE_START,0,7,32,"[498,505]","","[2,2]","","[4,4]","","[256,256]","",114,0,0,"{L2:2, L3:1, L4:1, L5:1, L6:1, L7:1}","{L2:2, L3:1, L4:1, L5:1, L6:1, L7:1}",""
2978265331199,PHASE_B,182215,16443,MERGE_DONE,0,0,0,"","506","","3","","8","","512",114,1117,1116,"","",""
2978265331266,PHASE_B,182215,16443,MERGE_PUBLISH,0,6,32,"","506","","3","","8","","512",114,1174,1161,"{L2:2, L3:1, L4:1, L5:1, L6:1, L7:1}","{L3:2, L4:1, L5:1, L6:1, L7:1}",""
2978265331286,PHASE_B,182215,16443,MERGE_SUBMIT,61,6,32,"","","","","","","","",0,0,0,"{L3:2, L4:1, L5:1, L6:1, L7:1}","{L3:2, L4:1, L5:1, L6:1, L7:1}",""
2978265331329,PHASE_B,182219,16446,MERGE_START,0,6,32,"[491,506]","","[3,3]","","[8,8]","","[512,512]","",27,0,0,"{L3:2, L4:1, L5:1, L6:1, L7:1}","{L3:2, L4:1, L5:1, L6:1, L7:1}",""
2978265331476,PHASE_B,182245,16447,SEAL,0,7,32,"","507","","0","","1","","64",0,0,0,"{L3:2, L4:1, L5:1, L6:1, L7:1}","{L0:1, L3:2, L4:1, L5:1, L6:1, L7:1}",""
2978265333528,PHASE_B,182518,16503,MERGE_DONE,0,0,0,"","508","","4","","16","","1024",27,2218,2218,"","",""
2978265333552,PHASE_B,182520,16503,MERGE_PUBLISH,0,6,32,"","508","","4","","16","","1024",27,2235,2234,"{L0:1, L3:2, L4:1, L5:1, L6:1, L7:1}","{L0:1, L4:2, L5:1, L6:1, L7:1}",""
2978265333571,PHASE_B,182521,16503,MERGE_SUBMIT,55,6,32,"","","","","","","","",0,0,0,"{L0:1, L4:2, L5:1, L6:1, L7:1}","{L0:1, L4:2, L5:1, L6:1, L7:1}",""
2978265333634,PHASE_B,182521,16503,MERGE_START,0,6,32,"[476,508]","","[4,4]","","[16,16]","","[1024,1024]","",61,0,0,"{L0:1, L4:2, L5:1, L6:1, L7:1}","{L0:1, L4:2, L5:1, L6:1, L7:1}",""
2978265333992,PHASE_B,182555,16511,SEAL,0,7,32,"","509","","0","","1","","64",0,0,0,"{L0:1, L4:2, L5:1, L6:1, L7:1}","{L0:2, L4:2, L5:1, L6:1, L7:1}",""
2978265336474,PHASE_B,182876,16575,SEAL,0,8,32,"","511","","0","","1","","64",0,0,0,"{L0:2, L4:2, L5:1, L6:1, L7:1}","{L0:3, L4:2, L5:1, L6:1, L7:1}",""
2978265338808,PHASE_B,183183,16635,MERGE_DONE,0,0,0,"","510","","5","","32","","2048",61,5178,5179,"","",""
2978265338834,PHASE_B,183183,16635,MERGE_PUBLISH,0,7,32,"","510","","5","","32","","2048",61,5197,5197,"{L0:3, L4:2, L5:1, L6:1, L7:1}","{L0:3, L5:2, L6:1, L7:1}",""
2978265338858,PHASE_B,183183,16635,MERGE_SUBMIT,62,7,32,"","","","","","","","",0,0,0,"{L0:3, L5:2, L6:1, L7:1}","{L0:3, L5:2, L6:1, L7:1}",""
2978265338977,PHASE_B,183199,16639,MERGE_START,0,7,32,"[507,509]","","[0,0]","","[1,1]","","[64,64]","",105,0,0,"{L0:3, L5:2, L6:1, L7:1}","{L0:3, L5:2, L6:1, L7:1}",""
2978265338984,PHASE_B,183199,16639,SEAL,0,8,32,"","512","","0","","1","","64",0,0,0,"{L0:3, L5:2, L6:1, L7:1}","{L0:4, L5:2, L6:1, L7:1}",""
2978265339328,PHASE_B,183251,16650,MERGE_DONE,0,0,0,"","513","","1","","2","","128",105,370,370,"","",""
2978265339350,PHASE_B,183251,16650,MERGE_PUBLISH,0,7,32,"","513","","1","","2","","128",105,386,385,"{L0:4, L5:2, L6:1, L7:1}","{L0:2, L1:1, L5:2, L6:1, L7:1}",""
2978265339387,PHASE_B,183254,16651,MERGE_SUBMIT,10,7,32,"","","","","","","","",0,0,0,"{L0:2, L1:1, L5:2, L6:1, L7:1}","{L0:2, L1:1, L5:2, L6:1, L7:1}",""
2978265339445,PHASE_B,183267,16652,MERGE_START,0,7,32,"[511,512]","","[0,0]","","[1,1]","","[64,64]","",38,0,0,"{L0:2, L1:1, L5:2, L6:1, L7:1}","{L0:2, L1:1, L5:2, L6:1, L7:1}",""
2978265339781,PHASE_B,183307,16660,MERGE_DONE,0,0,0,"","514","","1","","2","","128",38,359,358,"","",""
2978265339821,PHASE_B,183307,16660,MERGE_PUBLISH,0,6,32,"","514","","1","","2","","128",38,394,384,"{L0:2, L1:1, L5:2, L6:1, L7:1}","{L1:2, L5:2, L6:1, L7:1}",""
2978265339840,PHASE_B,183307,16660,MERGE_SUBMIT,21,6,32,"","","","","","","","",0,0,0,"{L1:2, L5:2, L6:1, L7:1}","{L1:2, L5:2, L6:1, L7:1}",""
2978265339930,PHASE_B,183319,16663,MERGE_START,0,6,32,"[513,514]","","[1,1]","","[2,2]","","[128,128]","",89,0,0,"{L1:2, L5:2, L6:1, L7:1}","{L1:2, L5:2, L6:1, L7:1}",""
2978265340453,PHASE_B,183376,16673,MERGE_DONE,0,0,0,"","515","","2","","4","","256",89,528,528,"","",""
2978265340468,PHASE_B,183376,16673,MERGE_PUBLISH,0,5,32,"","515","","2","","4","","256",89,539,538,"{L1:2, L5:2, L6:1, L7:1}","{L2:1, L5:2, L6:1, L7:1}",""
2978265340503,PHASE_B,183376,16673,MERGE_SUBMIT,36,5,32,"","","","","","","","",0,0,0,"{L2:1, L5:2, L6:1, L7:1}","{L2:1, L5:2, L6:1, L7:1}",""
2978265340530,PHASE_B,183376,16673,MERGE_START,0,5,32,"[448,510]","","[5,5]","","[32,32]","","[2048,2048]","",22,0,0,"{L2:1, L5:2, L6:1, L7:1}","{L2:1, L5:2, L6:1, L7:1}",""
2978265341739,PHASE_B,183520,16703,SEAL,0,6,32,"","516","","0","","1","","64",0,0,0,"{L2:1, L5:2, L6:1, L7:1}","{L0:1, L2:1, L5:2, L6:1, L7:1}",""
2978265344156,PHASE_B,183840,16767,SEAL,0,7,32,"","518","","0","","1","","64",0,0,0,"{L0:1, L2:1, L5:2, L6:1, L7:1}","{L0:2, L2:1, L5:2, L6:1, L7:1}",""
2978265346544,PHASE_B,184157,16831,SEAL,0,8,32,"","519","","0","","1","","64",0,0,0,"{L0:2, L2:1, L5:2, L6:1, L7:1}","{L0:3, L2:1, L5:2, L6:1, L7:1}",""
2978265348902,PHASE_B,184483,16895,SEAL,0,9,32,"","520","","0","","1","","64",0,0,0,"{L0:3, L2:1, L5:2, L6:1, L7:1}","{L0:4, L2:1, L5:2, L6:1, L7:1}",""
2978265350063,PHASE_B,184652,16930,MERGE_DONE,0,0,0,"","517","","6","","64","","4096",22,9538,9539,"","",""
2978265350086,PHASE_B,184654,16930,MERGE_PUBLISH,0,8,32,"","517","","6","","64","","4096",22,9555,9555,"{L0:4, L2:1, L5:2, L6:1, L7:1}","{L0:4, L2:1, L6:2, L7:1}",""
2978265350100,PHASE_B,184658,16931,MERGE_SUBMIT,34,8,32,"","","","","","","","",0,0,0,"{L0:4, L2:1, L6:2, L7:1}","{L0:4, L2:1, L6:2, L7:1}",""
2978265350162,PHASE_B,184662,16931,MERGE_START,0,8,32,"[516,518]","","[0,0]","","[1,1]","","[64,64]","",58,0,0,"{L0:4, L2:1, L6:2, L7:1}","{L0:4, L2:1, L6:2, L7:1}",""
2978265350269,PHASE_B,184681,16935,MERGE_DONE,0,0,0,"","521","","1","","2","","128",58,115,115,"","",""
2978265350279,PHASE_B,184685,16935,MERGE_PUBLISH,0,7,32,"","521","","1","","2","","128",58,123,122,"{L0:4, L2:1, L6:2, L7:1}","{L0:2, L1:1, L2:1, L6:2, L7:1}",""
2978265350287,PHASE_B,184686,16935,MERGE_SUBMIT,39,7,32,"","","","","","","","",0,0,0,"{L0:2, L1:1, L2:1, L6:2, L7:1}","{L0:2, L1:1, L2:1, L6:2, L7:1}",""
2978265350330,PHASE_B,184687,16935,MERGE_START,0,7,32,"[519,520]","","[0,0]","","[1,1]","","[64,64]","",44,0,0,"{L0:2, L1:1, L2:1, L6:2, L7:1}","{L0:2, L1:1, L2:1, L6:2, L7:1}",""
2978265350526,PHASE_B,184697,16939,MERGE_DONE,0,0,0,"","522","","1","","2","","128",44,196,197,"","",""
2978265350543,PHASE_B,184705,16941,MERGE_PUBLISH,0,6,32,"","522","","1","","2","","128",44,207,207,"{L0:2, L1:1, L2:1, L6:2, L7:1}","{L1:2, L2:1, L6:2, L7:1}",""
2978265350553,PHASE_B,184707,16941,MERGE_SUBMIT,45,6,32,"","","","","","","","",0,0,0,"{L1:2, L2:1, L6:2, L7:1}","{L1:2, L2:1, L6:2, L7:1}",""
2978265350660,PHASE_B,184711,16942,MERGE_START,0,6,32,"[521,522]","","[1,1]","","[2,2]","","[128,128]","",88,0,0,"{L1:2, L2:1, L6:2, L7:1}","{L1:2, L2:1, L6:2, L7:1}",""
2978265351421,PHASE_B,184794,16957,SEAL,0,7,32,"","524","","0","","1","","64",0,0,0,"{L1:2, L2:1, L6:2, L7:1}","{L0:1, L1:2, L2:1, L6:2, L7:1}",""
2978265351577,PHASE_B,184827,16964,MERGE_DONE,0,0,0,"","523","","2","","4","","256",88,936,874,"","",""
2978265351598,PHASE_B,184827,16964,MERGE_PUBLISH,0,6,32,"","523","","2","","4","","256",88,952,889,"{L0:1, L1:2, L2:1, L6:2, L7:1}","{L0:1, L2:2, L6:2, L7:1}",""
2978265351616,PHASE_B,184831,16966,MERGE_SUBMIT,5,6,32,"","","","","","","","",0,0,0,"{L0:1, L2:2, L6:2, L7:1}","{L0:1, L2:2, L6:2, L7:1}",""
2978265351723,PHASE_B,184851,16968,MERGE_START,0,6,32,"[515,523]","","[2,2]","","[4,4]","","[256,256]","",92,0,0,"{L0:1, L2:2, L6:2, L7:1}","{L0:1, L2:2, L6:2, L7:1}",""
2978265352812,PHASE_B,185001,17000,MERGE_DONE,0,0,0,"","525","","3","","8","","512",92,1107,1107,"","",""
2978265352833,PHASE_B,185005,17000,MERGE_PUBLISH,0,5,32,"","525","","3","","8","","512",92,1123,1122,"{L0:1, L2:2, L6:2, L7:1}","{L0:1, L3:1, L6:2, L7:1}",""
2978265352854,PHASE_B,185005,17000,MERGE_SUBMIT,40,5,32,"","","","","","","","",0,0,0,"{L0:1, L3:1, L6:2, L7:1}","{L0:1, L3:1, L6:2, L7:1}",""
2978265352923,PHASE_B,185011,17001,MERGE_START,0,5,32,"[387,517]","","[6,6]","","[64,64]","","[4096,4096]","",67,0,0,"{L0:1, L3:1, L6:2, L7:1}","{L0:1, L3:1, L6:2, L7:1}",""
2978265353894,PHASE_B,185116,17023,SEAL,0,6,32,"","526","","0","","1","","64",0,0,0,"{L0:1, L3:1, L6:2, L7:1}","{L0:2, L3:1, L6:2, L7:1}",""
2978265356312,PHASE_B,185442,17087,SEAL,0,7,32,"","528","","0","","1","","64",0,0,0,"{L0:2, L3:1, L6:2, L7:1}","{L0:3, L3:1, L6:2, L7:1}",""
2978265358624,PHASE_B,185763,17151,SEAL,0,8,32,"","529","","0","","1","","64",0,0,0,"{L0:3, L3:1, L6:2, L7:1}","{L0:4, L3:1, L6:2, L7:1}",""
2978265360945,PHASE_B,186079,17215,SEAL,0,9,32,"","530","","0","","1","","64",0,0,0,"{L0:4, L3:1, L6:2, L7:1}","{L0:5, L3:1, L6:2, L7:1}",""
2978265363430,PHASE_B,186402,17279,SEAL,0,10,32,"","531","","0","","1","","64",0,0,0,"{L0:5, L3:1, L6:2, L7:1}","{L0:6, L3:1, L6:2, L7:1}",""
2978265365827,PHASE_B,186726,17343,SEAL,0,11,32,"","532","","0","","1","","64",0,0,0,"{L0:6, L3:1, L6:2, L7:1}","{L0:7, L3:1, L6:2, L7:1}",""
2978265368231,PHASE_B,187048,17407,SEAL,0,12,32,"","533","","0","","1","","64",0,0,0,"{L0:7, L3:1, L6:2, L7:1}","{L0:8, L3:1, L6:2, L7:1}",""
2978265370497,PHASE_B,187360,17471,SEAL,0,13,32,"","534","","0","","1","","64",0,0,0,"{L0:8, L3:1, L6:2, L7:1}","{L0:9, L3:1, L6:2, L7:1}",""
2978265372953,PHASE_B,187679,17535,SEAL,0,14,32,"","535","","0","","1","","64",0,0,0,"{L0:9, L3:1, L6:2, L7:1}","{L0:10, L3:1, L6:2, L7:1}",""
2978265375320,PHASE_B,188001,17599,MERGE_DONE,0,0,0,"","527","","7","","128","","8192",67,22399,22401,"","",""
2978265375398,PHASE_B,188003,17599,SEAL,0,15,32,"","536","","0","","1","","64",0,0,0,"{L0:10, L3:1, L6:2, L7:1}","{L0:11, L3:1, L6:2, L7:1}",""
2978265375453,PHASE_B,188003,17599,MERGE_PUBLISH,0,14,32,"","527","","7","","128","","8192",67,22527,22437,"{L0:11, L3:1, L6:2, L7:1}","{L0:11, L3:1, L7:2}",""
2978265375475,PHASE_B,188008,17601,MERGE_SUBMIT,0,14,32,"","","","","","","","",0,0,0,"{L0:11, L3:1, L7:2}","{L0:11, L3:1, L7:2}",""
2978265375584,PHASE_B,188020,17603,MERGE_START,0,14,32,"[524,526]","","[0,0]","","[1,1]","","[64,64]","",90,0,0,"{L0:11, L3:1, L7:2}","{L0:11, L3:1, L7:2}",""
2978265375917,PHASE_B,188081,17615,MERGE_DONE,0,0,0,"","537","","1","","2","","128",90,356,355,"","",""
2978265375939,PHASE_B,188084,17615,MERGE_PUBLISH,0,13,32,"","537","","1","","2","","128",90,371,370,"{L0:11, L3:1, L7:2}","{L0:9, L1:1, L3:1, L7:2}",""
2978265375978,PHASE_B,188084,17615,MERGE_SUBMIT,15,13,32,"","","","","","","","",0,0,0,"{L0:9, L1:1, L3:1, L7:2}","{L0:9, L1:1, L3:1, L7:2}",""
2978265376040,PHASE_B,188084,17615,MERGE_START,0,13,32,"[528,529]","","[0,0]","","[1,1]","","[64,64]","",59,0,0,"{L0:9, L1:1, L3:1, L7:2}","{L0:9, L1:1, L3:1, L7:2}",""
2978265376298,PHASE_B,188120,17624,MERGE_DONE,0,0,0,"","538","","1","","2","","128",59,266,265,"","",""
2978265376312,PHASE_B,188120,17624,MERGE_PUBLISH,0,12,32,"","538","","1","","2","","128",59,276,275,"{L0:9, L1:1, L3:1, L7:2}","{L0:7, L1:2, L3:1, L7:2}",""
2978265376324,PHASE_B,188120,17624,MERGE_SUBMIT,25,12,32,"","","","","","","","",0,0,0,"{L0:7, L1:2, L3:1, L7:2}","{L0:7, L1:2, L3:1, L7:2}",""
2978265376384,PHASE_B,188136,17627,MERGE_START,0,12,32,"[530,531]","","[0,0]","","[1,1]","","[64,64]","",58,0,0,"{L0:7, L1:2, L3:1, L7:2}","{L0:7, L1:2, L3:1, L7:2}",""
2978265376629,PHASE_B,188169,17632,MERGE_DONE,0,0,0,"","539","","1","","2","","128",58,250,250,"","",""
2978265376671,PHASE_B,188169,17632,MERGE_PUBLISH,0,11,32,"","539","","1","","2","","128",58,287,273,"{L0:7, L1:2, L3:1, L7:2}","{L0:5, L1:3, L3:1, L7:2}",""
2978265376685,PHASE_B,188169,17632,MERGE_SUBMIT,34,11,32,"","","","","","","","",0,0,0,"{L0:5, L1:3, L3:1, L7:2}","{L0:5, L1:3, L3:1, L7:2}",""
2978265376726,PHASE_B,188174,17635,MERGE_START,0,11,32,"[532,533]","","[0,0]","","[1,1]","","[64,64]","",19,0,0,"{L0:5, L1:3, L3:1, L7:2}","{L0:5, L1:3, L3:1, L7:2}",""
2978265376992,PHASE_B,188208,17641,MERGE_DONE,0,0,0,"","540","","1","","2","","128",19,288,288,"","",""
2978265377047,PHASE_B,188212,17642,MERGE_PUBLISH,0,10,32,"","540","","1","","2","","128",19,337,314,"{L0:5, L1:3, L3:1, L7:2}","{L0:3, L1:4, L3:1, L7:2}",""
2978265377068,PHASE_B,188212,17642,MERGE_SUBMIT,42,10,32,"","","","","","","","",0,0,0,"{L0:3, L1:4, L3:1, L7:2}","{L0:3, L1:4, L3:1, L7:2}",""
2978265377108,PHASE_B,188217,17644,MERGE_START,0,10,32,"[534,535]","","[0,0]","","[1,1]","","[64,64]","",22,0,0,"{L0:3, L1:4, L3:1, L7:2}","{L0:3, L1:4, L3:1, L7:2}",""
2978265377378,PHASE_B,188252,17650,MERGE_DONE,0,0,0,"","541","","1","","2","","128",22,291,290,"","",""
2978265377400,PHASE_B,188255,17650,MERGE_PUBLISH,0,9,32,"","541","","1","","2","","128",22,308,307,"{L0:3, L1:4, L3:1, L7:2}","{L0:1, L1:5, L3:1, L7:2}",""
2978265377421,PHASE_B,188255,17650,MERGE_SUBMIT,50,9,32,"","","","","","","","",0,0,0,"{L0:1, L1:5, L3:1, L7:2}","{L0:1, L1:5, L3:1, L7:2}",""
2978265377443,PHASE_B,188255,17650,MERGE_START,0,9,32,"[537,538]","","[1,1]","","[2,2]","","[128,128]","",19,0,0,"{L0:1, L1:5, L3:1, L7:2}","{L0:1, L1:5, L3:1, L7:2}",""
2978265377939,PHASE_B,188304,17659,MERGE_DONE,0,0,0,"","542","","2","","4","","256",19,504,504,"","",""
2978265377983,PHASE_B,188311,17662,MERGE_PUBLISH,0,8,32,"","542","","2","","4","","256",19,542,525,"{L0:1, L1:5, L3:1, L7:2}","{L0:1, L1:3, L2:1, L3:1, L7:2}",""
2978265377999,PHASE_B,188311,17662,MERGE_SUBMIT,62,8,32,"","","","","","","","",0,0,0,"{L0:1, L1:3, L2:1, L3:1, L7:2}","{L0:1, L1:3, L2:1, L3:1, L7:2}",""
2978265378032,PHASE_B,188311,17662,MERGE_START,0,8,32,"[539,540]","","[1,1]","","[2,2]","","[128,128]","",26,0,0,"{L0:1, L1:3, L2:1, L3:1, L7:2}","{L0:1, L1:3, L2:1, L3:1, L7:2}",""
2978265378110,PHASE_B,188311,17662,SEAL,0,9,32,"","543","","0","","1","","64",0,0,0,"{L0:1, L1:3, L2:1, L3:1, L7:2}","{L0:2, L1:3, L2:1, L3:1, L7:2}",""
2978265379391,PHASE_B,188494,17697,MERGE_DONE,0,0,0,"","544","","2","","4","","256",26,1368,1369,"","",""
2978265379408,PHASE_B,188494,17697,MERGE_PUBLISH,0,8,32,"","544","","2","","4","","256",26,1381,1381,"{L0:2, L1:3, L2:1, L3:1, L7:2}","{L0:2, L1:1, L2:2, L3:1, L7:2}",""
2978265379423,PHASE_B,188494,17697,MERGE_SUBMIT,36,8,32,"","","","","","","","",0,0,0,"{L0:2, L1:1, L2:2, L3:1, L7:2}","{L0:2, L1:1, L2:2, L3:1, L7:2}",""
2978265379527,PHASE_B,188524,17702,MERGE_START,0,8,32,"[536,543]","","[0,0]","","[1,1]","","[64,64]","",85,0,0,"{L0:2, L1:1, L2:2, L3:1, L7:2}","{L0:2, L1:1, L2:2, L3:1, L7:2}",""
2978265379795,PHASE_B,188556,17709,MERGE_DONE,0,0,0,"","545","","1","","2","","128",85,288,288,"","",""
2978265379815,PHASE_B,188556,17709,MERGE_PUBLISH,0,7,32,"","545","","1","","2","","128",85,303,302,"{L0:2, L1:1, L2:2, L3:1, L7:2}","{L1:2, L2:2, L3:1, L7:2}",""
2978265379835,PHASE_B,188556,17709,MERGE_SUBMIT,45,7,32,"","","","","","","","",0,0,0,"{L1:2, L2:2, L3:1, L7:2}","{L1:2, L2:2, L3:1, L7:2}",""
2978265379916,PHASE_B,188559,17712,MERGE_START,0,7,32,"[541,545]","","[1,1]","","[2,2]","","[128,128]","",80,0,0,"{L1:2, L2:2, L3:1, L7:2}","{L1:2, L2:2, L3:1, L7:2}",""
2978265380437,PHASE_B,188620,17723,MERGE_DONE,0,0,0,"","546","","2","","4","","256",80,526,526,"","",""
2978265380451,PHASE_B,188620,17723,MERGE_PUBLISH,0,6,32,"","546","","2","","4","","256",80,536,536,"{L1:2, L2:2, L3:1, L7:2}","{L2:3, L3:1, L7:2}",""
2978265380461,PHASE_B,188620,17723,MERGE_SUBMIT,59,6,32,"","","","","","","","",0,0,0,"{L2:3, L3:1, L7:2}","{L2:3, L3:1, L7:2}",""
2978265380567,PHASE_B,188624,17726,MERGE_START,0,6,32,"[542,544]","","[2,2]","","[4,4]","","[256,256]","",87,0,0,"{L2:3, L3:1, L7:2}","{L2:3, L3:1, L7:2}",""
2978265380715,PHASE_B,188638,17726,SEAL,0,7,32,"","547","","0","","1","","64",0,0,0,"{L2:3, L3:1, L7:2}","{L0:1, L2:3, L3:1, L7:2}",""
2978265381641,PHASE_B,188788,17756,MERGE_DONE,0,0,0,"","548","","3","","8","","512",87,1093,1092,"","",""
2978265381662,PHASE_B,188790,17756,MERGE_PUBLISH,0,6,32,"","548","","3","","8","","512",87,1108,1107,"{L0:1, L2:3, L3:1, L7:2}","{L0:1, L2:1, L3:2, L7:2}",""
2978265381681,PHASE_B,188790,17756,MERGE_SUBMIT,28,6,32,"","","","","","","","",0,0,0,"{L0:1, L2:1, L3:2, L7:2}","{L0:1, L2:1, L3:2, L7:2}",""
2978265381787,PHASE_B,188790,17756,MERGE_START,0,6,32,"[525,548]","","[3,3]","","[8,8]","","[512,512]","",89,0,0,"{L0:1, L2:1, L3:2, L7:2}","{L0:1, L2:1, L3:2, L7:2}",""
2978265383154,PHASE_B,188955,17790,SEAL,0,7,32,"","550","","0","","1","","64",0,0,0,"{L0:1, L2:1, L3:2, L7:2}","{L0:2, L2:1, L3:2, L7:2}",""
2978265384190,PHASE_B,189117,17822,MERGE_DONE,0,0,0,"","549","","4","","16","","1024",89,2421,2421,"","",""
2978265384267,PHASE_B,189123,17824,MERGE_PUBLISH,0,6,32,"","549","","4","","16","","1024",89,2493,2460,"{L0:2, L2:1, L3:2, L7:2}","{L0:2, L2:1, L4:1, L7:2}",""
2978265384301,PHASE_B,189123,17824,MERGE_SUBMIT,32,6,32,"","","","","","","","",0,0,0,"{L0:2, L2:1, L4:1, L7:2}","{L0:2, L2:1, L4:1, L7:2}",""
2978265384407,PHASE_B,189134,17826,MERGE_START,0,6,32,"[547,550]","","[0,0]","","[1,1]","","[64,64]","",89,0,0,"{L0:2, L2:1, L4:1, L7:2}","{L0:2, L2:1, L4:1, L7:2}",""
2978265384792,PHASE_B,189185,17837,MERGE_DONE,0,0,0,"","551","","1","","2","","128",89,405,405,"","",""
2978265384815,PHASE_B,189198,17838,MERGE_PUBLISH,0,5,32,"","551","","1","","2","","128",89,422,421,"{L0:2, L2:1, L4:1, L7:2}","{L1:1, L2:1, L4:1, L7:2}",""
2978265384833,PHASE_B,189199,17838,MERGE_SUBMIT,46,5,32,"","","","","","","","",0,0,0,"{L1:1, L2:1, L4:1, L7:2}","{L1:1, L2:1, L4:1, L7:2}",""
2978265384902,PHASE_B,189205,17840,MERGE_START,0,5,32,"[274,527]","","[7,7]","","[128,128]","","[8192,8192]","",69,0,0,"{L1:1, L2:1, L4:1, L7:2}","{L1:1, L2:1, L4:1, L7:2}",""
2978265385645,PHASE_B,189282,17855,SEAL,0,6,32,"","552","","0","","1","","64",0,0,0,"{L1:1, L2:1, L4:1, L7:2}","{L0:1, L1:1, L2:1, L4:1, L7:2}",""
2978265387974,PHASE_B,189597,17918,SEAL,0,7,32,"","553","","0","","1","","64",0,0,0,"{L0:1, L1:1, L2:1, L4:1, L7:2}","{L0:2, L1:1, L2:1, L4:1, L7:2}",""
2978265390341,PHASE_B,189908,17981,SEAL,0,8,32,"","554","","0","","1","","64",0,0,0,"{L0:2, L1:1, L2:1, L4:1, L7:2}","{L0:3, L1:1, L2:1, L4:1, L7:2}",""
2978265392729,PHASE_B,190226,18046,SEAL,0,9,32,"","556","","0","","1","","64",0,0,0,"{L0:3, L1:1, L2:1, L4:1, L7:2}","{L0:4, L1:1, L2:1, L4:1, L7:2}",""
2978265395105,PHASE_B,190557,18111,SEAL,0,10,32,"","557","","0","","1","","64",0,0,0,"{L0:4, L1:1, L2:1, L4:1, L7:2}","{L0:5, L1:1, L2:1, L4:1, L7:2}",""
2978265397400,PHASE_B,190876,18175,SEAL,0,11,32,"","558","","0","","1","","64",0,0,0,"{L0:5, L1:1, L2:1, L4:1, L7:2}","{L0:6, L1:1, L2:1, L4:1, L7:2}",""
2978265399677,PHASE_B,191192,18238,SEAL,0,12,32,"","559","","0","","1","","64",0,0,0,"{L0:6, L1:1, L2:1, L4:1, L7:2}","{L0:7, L1:1, L2:1, L4:1, L7:2}",""
2978265402095,PHASE_B,191515,18301,SEAL,0,13,32,"","560","","0","","1","","64",0,0,0,"{L0:7, L1:1, L2:1, L4:1, L7:2}","{L0:8, L1:1, L2:1, L4:1, L7:2}",""
2978265404432,PHASE_B,191839,18366,SEAL,0,14,32,"","561","","0","","1","","64",0,0,0,"{L0:8, L1:1, L2:1, L4:1, L7:2}","{L0:9, L1:1, L2:1, L4:1, L7:2}",""
2978265406755,PHASE_B,192152,18431,SEAL,0,15,32,"","562","","0","","1","","64",0,0,0,"{L0:9, L1:1, L2:1, L4:1, L7:2}","{L0:10, L1:1, L2:1, L4:1, L7:2}",""
2978265409057,PHASE_B,192472,18493,SEAL,0,16,32,"","563","","0","","1","","64",0,0,0,"{L0:10, L1:1, L2:1, L4:1, L7:2}","{L0:11, L1:1, L2:1, L4:1, L7:2}",""
2978265411431,PHASE_B,192806,18559,SEAL,0,17,32,"","564","","0","","1","","64",0,0,0,"{L0:11, L1:1, L2:1, L4:1, L7:2}","{L0:12, L1:1, L2:1, L4:1, L7:2}",""
2978265413768,PHASE_B,193125,18623,SEAL,0,18,32,"","565","","0","","1","","64",0,0,0,"{L0:12, L1:1, L2:1, L4:1, L7:2}","{L0:13, L1:1, L2:1, L4:1, L7:2}",""
2978265416230,PHASE_B,193439,18687,SEAL,0,19,32,"","566","","0","","1","","64",0,0,0,"{L0:13, L1:1, L2:1, L4:1, L7:2}","{L0:14, L1:1, L2:1, L4:1, L7:2}",""
2978265418607,PHASE_B,193762,18750,SEAL,0,20,32,"","567","","0","","1","","64",0,0,0,"{L0:14, L1:1, L2:1, L4:1, L7:2}","{L0:15, L1:1, L2:1, L4:1, L7:2}",""
2978265420923,PHASE_B,194069,18814,SEAL,0,21,32,"","568","","0","","1","","64",0,0,0,"{L0:15, L1:1, L2:1, L4:1, L7:2}","{L0:16, L1:1, L2:1, L4:1, L7:2}",""
2978265423296,PHASE_B,194403,18878,SEAL,0,22,32,"","569","","0","","1","","64",0,0,0,"{L0:16, L1:1, L2:1, L4:1, L7:2}","{L0:17, L1:1, L2:1, L4:1, L7:2}",""
2978265425664,PHASE_B,194720,18943,SEAL,0,23,32,"","570","","0","","1","","64",0,0,0,"{L0:17, L1:1, L2:1, L4:1, L7:2}","{L0:18, L1:1, L2:1, L4:1, L7:2}",""
2978265428209,PHASE_B,195037,19007,SEAL,0,24,32,"","571","","0","","1","","64",0,0,0,"{L0:18, L1:1, L2:1, L4:1, L7:2}","{L0:19, L1:1, L2:1, L4:1, L7:2}",""
2978265430716,PHASE_B,195346,19068,SEAL,0,25,32,"","572","","0","","1","","64",0,0,0,"{L0:19, L1:1, L2:1, L4:1, L7:2}","{L0:20, L1:1, L2:1, L4:1, L7:2}",""
2978265431799,PHASE_B,195523,19104,MERGE_DONE,0,0,0,"","555","","8","","256","","16384",69,46900,46903,"","",""
2978265431826,PHASE_B,195523,19104,MERGE_PUBLISH,0,24,32,"","555","","8","","256","","16384",69,46921,46924,"{L0:20, L1:1, L2:1, L4:1, L7:2}","{L0:20, L1:1, L2:1, L4:1, L8:1}",""
2978265431848,PHASE_B,195528,19106,MERGE_SUBMIT,33,24,32,"","","","","","","","",0,0,0,"{L0:20, L1:1, L2:1, L4:1, L8:1}","{L0:20, L1:1, L2:1, L4:1, L8:1}",""
2978265431925,PHASE_B,195537,19107,MERGE_START,0,24,32,"[552,553]","","[0,0]","","[1,1]","","[64,64]","",68,0,0,"{L0:20, L1:1, L2:1, L4:1, L8:1}","{L0:20, L1:1, L2:1, L4:1, L8:1}",""
2978265432924,PHASE_B,195648,19130,MERGE_DONE,0,0,0,"","573","","1","","2","","128",68,1006,955,"","",""
2978265432994,PHASE_B,195659,19131,MERGE_PUBLISH,0,23,32,"","573","","1","","2","","128",68,1062,994,"{L0:20, L1:1, L2:1, L4:1, L8:1}","{L0:18, L1:2, L2:1, L4:1, L8:1}",""
2978265433031,PHASE_B,195662,19132,MERGE_SUBMIT,59,23,32,"","","","","","","","",0,0,0,"{L0:18, L1:2, L2:1, L4:1, L8:1}","{L0:18, L1:2, L2:1, L4:1, L8:1}",""
2978265433142,PHASE_B,195672,19134,MERGE_START,0,23,32,"[554,556]","","[0,0]","","[1,1]","","[64,64]","",85,0,0,"{L0:18, L1:2, L2:1, L4:1, L8:1}","{L0:18, L1:2, L2:1, L4:1, L8:1}",""
2978265433279,PHASE_B,195675,19134,SEAL,0,24,32,"","575","","0","","1","","64",0,0,0,"{L0:18, L1:2, L2:1, L4:1, L8:1}","{L0:19, L1:2, L2:1, L4:1, L8:1}",""
2978265433429,PHASE_B,195697,19140,MERGE_DONE,0,0,0,"","574","","1","","2","","128",85,316,315,"","",""
2978265433454,PHASE_B,195703,19140,MERGE_PUBLISH,0,23,32,"","574","","1","","2","","128",85,333,332,"{L0:19, L1:2, L2:1, L4:1, L8:1}","{L0:17, L1:3, L2:1, L4:1, L8:1}",""
2978265433483,PHASE_B,195711,19141,MERGE_SUBMIT,4,23,32,"","","","","","","","",0,0,0,"{L0:17, L1:3, L2:1, L4:1, L8:1}","{L0:17, L1:3, L2:1, L4:1, L8:1}",""
2978265433564,PHASE_B,195721,19142,MERGE_START,0,23,32,"[557,558]","","[0,0]","","[1,1]","","[64,64]","",75,0,0,"{L0:17, L1:3, L2:1, L4:1, L8:1}","{L0:17, L1:3, L2:1, L4:1, L8:1}",""
2978265433812,PHASE_B,195754,19150,MERGE_DONE,0,0,0,"","576","","1","","2","","128",75,258,258,"","",""
2978265433828,PHASE_B,195755,19150,MERGE_PUBLISH,0,22,32,"","576","","1","","2","","128",75,269,269,"{L0:17, L1:3, L2:1, L4:1, L8:1}","{L0:15, L1:4, L2:1, L4:1, L8:1}",""
2978265433847,PHASE_B,195755,19150,MERGE_SUBMIT,14,22,32,"","","","","","","","",0,0,0,"{L0:15, L1:4, L2:1, L4:1, L8:1}","{L0:15, L1:4, L2:1, L4:1, L8:1}",""
2978265433874,PHASE_B,195755,19150,MERGE_START,0,22,32,"[559,560]","","[0,0]","","[1,1]","","[64,64]","",14,0,0,"{L0:15, L1:4, L2:1, L4:1, L8:1}","{L0:15, L1:4, L2:1, L4:1, L8:1}",""
2978265435468,PHASE_B,195959,19191,MERGE_DONE,0,0,0,"","577","","1","","2","","128",14,1608,1439,"","",""
2978265435493,PHASE_B,195959,19191,MERGE_PUBLISH,0,21,32,"","577","","1","","2","","128",14,1623,1454,"{L0:15, L1:4, L2:1, L4:1, L8:1}","{L0:13, L1:5, L2:1, L4:1, L8:1}",""
2978265435513,PHASE_B,195959,19191,MERGE_SUBMIT,56,21,32,"","","","","","","","",0,0,0,"{L0:13, L1:5, L2:1, L4:1, L8:1}","{L0:13, L1:5, L2:1, L4:1, L8:1}",""
2978265435578,PHASE_B,195959,19191,MERGE_START,0,21,32,"[561,562]","","[0,0]","","[1,1]","","[64,64]","",59,0,0,"{L0:13, L1:5, L2:1, L4:1, L8:1}","{L0:13, L1:5, L2:1, L4:1, L8:1}",""
2978265435939,PHASE_B,195995,19198,SEAL,0,22,32,"","579","","0","","1","","64",0,0,0,"{L0:13, L1:5, L2:1, L4:1, L8:1}","{L0:14, L1:5, L2:1, L4:1, L8:1}",""
2978265436576,PHASE_B,196089,19217,MERGE_DONE,0,0,0,"","578","","1","","2","","128",59,1007,1007,"","",""
2978265436598,PHASE_B,196089,19217,MERGE_PUBLISH,0,21,32,"","578","","1","","2","","128",59,1018,1018,"{L0:14, L1:5, L2:1, L4:1, L8:1}","{L0:12, L1:6, L2:1, L4:1, L8:1}",""
2978265436618,PHASE_B,196089,19217,MERGE_SUBMIT,19,21,32,"","","","","","","","",0,0,0,"{L0:12, L1:6, L2:1, L4:1, L8:1}","{L0:12, L1:6, L2:1, L4:1, L8:1}",""
2978265436732,PHASE_B,196123,19222,MERGE_START,0,21,32,"[563,564]","","[0,0]","","[1,1]","","[64,64]","",87,0,0,"{L0:12, L1:6, L2:1, L4:1, L8:1}","{L0:12, L1:6, L2:1, L4:1, L8:1}",""
2978265436998,PHASE_B,196149,19229,MERGE_DONE,0,0,0,"","580","","1","","2","","128",87,293,293,"","",""
2978265437045,PHASE_B,196152,19229,MERGE_PUBLISH,0,20,32,"","580","","1","","2","","128",87,333,332,"{L0:12, L1:6, L2:1, L4:1, L8:1}","{L0:10, L1:7, L2:1, L4:1, L8:1}",""
2978265437070,PHASE_B,196156,19230,MERGE_SUBMIT,29,20,32,"","","","","","","","",0,0,0,"{L0:10, L1:7, L2:1, L4:1, L8:1}","{L0:10, L1:7, L2:1, L4:1, L8:1}",""
2978265437151,PHASE_B,196167,19232,MERGE_START,0,20,32,"[565,566]","","[0,0]","","[1,1]","","[64,64]","",75,0,0,"{L0:10, L1:7, L2:1, L4:1, L8:1}","{L0:10, L1:7, L2:1, L4:1, L8:1}",""
2978265437401,PHASE_B,196186,19238,MERGE_DONE,0,0,0,"","581","","1","","2","","128",75,261,261,"","",""
2978265437419,PHASE_B,196197,19238,MERGE_PUBLISH,0,19,32,"","581","","1","","2","","128",75,272,272,"{L0:10, L1:7, L2:1, L4:1, L8:1}","{L0:8, L1:8, L2:1, L4:1, L8:1}",""
2978265437434,PHASE_B,196200,19238,MERGE_SUBMIT,38,19,32,"","","","","","","","",0,0,0,"{L0:8, L1:8, L2:1, L4:1, L8:1}","{L0:8, L1:8, L2:1, L4:1, L8:1}",""
2978265437458,PHASE_B,196203,19239,MERGE_START,0,19,32,"[567,568]","","[0,0]","","[1,1]","","[64,64]","",17,0,0,"{L0:8, L1:8, L2:1, L4:1, L8:1}","{L0:8, L1:8, L2:1, L4:1, L8:1}",""
2978265438217,PHASE_B,196282,19255,MERGE_DONE,0,0,0,"","582","","1","","2","","128",17,768,754,"","",""
2978265438233,PHASE_B,196282,19255,MERGE_PUBLISH,0,18,32,"","582","","1","","2","","128",17,780,765,"{L0:8, L1:8, L2:1, L4:1, L8:1}","{L0:6, L1:9, L2:1, L4:1, L8:1}",""
2978265438249,PHASE_B,196282,19255,MERGE_SUBMIT,56,18,32,"","","","","","","","",0,0,0,"{L0:6, L1:9, L2:1, L4:1, L8:1}","{L0:6, L1:9, L2:1, L4:1, L8:1}",""
2978265438295,PHASE_B,196294,19257,MERGE_START,0,18,32,"[569,570]","","[0,0]","","[1,1]","","[64,64]","",23,0,0,"{L0:6, L1:9, L2:1, L4:1, L8:1}","{L0:6, L1:9, L2:1, L4:1, L8:1}",""
2978265438612,PHASE_B,196317,19261,SEAL,0,19,32,"","584","","0","","1","","64",0,0,0,"{L0:6, L1:9, L2:1, L4:1, L8:1}","{L0:7, L1:9, L2:1, L4:1, L8:1}",""
2978265438731,PHASE_B,196338,19265,MERGE_DONE,0,0,0,"","583","","1","","2","","128",23,460,459,"","",""
2978265438756,PHASE_B,196338,19265,MERGE_PUBLISH,0,18,32,"","583","","1","","2","","128",23,476,475,"{L0:7, L1:9, L2:1, L4:1, L8:1}","{L0:5, L1:10, L2:1, L4:1, L8:1}",""
2978265438780,PHASE_B,196338,19265,MERGE_SUBMIT,3,18,32,"","","","","","","","",0,0,0,"{L0:5, L1:10, L2:1, L4:1, L8:1}","{L0:5, L1:10, L2:1, L4:1, L8:1}",""
2978265438892,PHASE_B,196359,19272,MERGE_START,0,18,32,"[571,572]","","[0,0]","","[1,1]","","[64,64]","",89,0,0,"{L0:5, L1:10, L2:1, L4:1, L8:1}","{L0:5, L1:10, L2:1, L4:1, L8:1}",""
2978265439170,PHASE_B,196390,19279,MERGE_DONE,0,0,0,"","585","","1","","2","","128",89,304,303,"","",""
2978265439195,PHASE_B,196398,19279,MERGE_PUBLISH,0,17,32,"","585","","1","","2","","128",89,321,320,"{L0:5, L1:10, L2:1, L4:1, L8:1}","{L0:3, L1:11, L2:1, L4:1, L8:1}",""
2978265439220,PHASE_B,196400,19280,MERGE_SUBMIT,15,17,32,"","","","","","","","",0,0,0,"{L0:3, L1:11, L2:1, L4:1, L8:1}","{L0:3, L1:11, L2:1, L4:1, L8:1}",""
2978265439264,PHASE_B,196408,19281,MERGE_START,0,17,32,"[575,579]","","[0,0]","","[1,1]","","[64,64]","",23,0,0,"{L0:3, L1:11, L2:1, L4:1, L8:1}","{L0:3, L1:11, L2:1, L4:1, L8:1}",""
2978265439578,PHASE_B,196452,19289,MERGE_DONE,0,0,0,"","586","","1","","2","","128",23,337,337,"","",""
2978265439618,PHASE_B,196456,19290,MERGE_PUBLISH,0,16,32,"","586","","1","","2","","128",23,371,363,"{L0:3, L1:11, L2:1, L4:1, L8:1}","{L0:1, L1:12, L2:1, L4:1, L8:1}",""
2978265439637,PHASE_B,196456,19290,MERGE_SUBMIT,26,16,32,"","","","","","","","",0,0,0,"{L0:1, L1:12, L2:1, L4:1, L8:1}","{L0:1, L1:12, L2:1, L4:1, L8:1}",""
2978265439706,PHASE_B,196466,19292,MERGE_START,0,16,32,"[551,573]","","[1,1]","","[2,2]","","[128,128]","",64,0,0,"{L0:1, L1:12, L2:1, L4:1, L8:1}","{L0:1, L1:12, L2:1, L4:1, L8:1}",""
2978265440266,PHASE_B,196526,19305,MERGE_DONE,0,0,0,"","587","","2","","4","","256",64,566,567,"","",""
2978265440285,PHASE_B,196526,19305,MERGE_PUBLISH,0,15,32,"","587","","2","","4","","256",64,580,580,"{L0:1, L1:12, L2:1, L4:1, L8:1}","{L0:1, L1:10, L2:2, L4:1, L8:1}",""
2978265440302,PHASE_B,196526,19305,MERGE_SUBMIT,42,15,32,"","","","","","","","",0,0,0,"{L0:1, L1:10, L2:2, L4:1, L8:1}","{L0:1, L1:10, L2:2, L4:1, L8:1}",""
2978265440422,PHASE_B,196548,19309,MERGE_START,0,15,32,"[574,576]","","[1,1]","","[2,2]","","[128,128]","",96,0,0,"{L0:1, L1:10, L2:2, L4:1, L8:1}","{L0:1, L1:10, L2:2, L4:1, L8:1}",""
2978265440952,PHASE_B,196608,19321,MERGE_DONE,0,0,0,"","588","","2","","4","","256",96,555,554,"","",""
2978265440978,PHASE_B,196611,19321,MERGE_PUBLISH,0,14,32,"","588","","2","","4","","256",96,573,572,"{L0:1, L1:10, L2:2, L4:1, L8:1}","{L0:1, L1:8, L2:3, L4:1, L8:1}",""
2978265441016,PHASE_B,196614,19322,MERGE_SUBMIT,57,14,32,"","","","","","","","",0,0,0,"{L0:1, L1:8, L2:3, L4:1, L8:1}","{L0:1, L1:8, L2:3, L4:1, L8:1}",""
2978265441111,PHASE_B,196620,19322,MERGE_START,0,14,32,"[577,578]","","[1,1]","","[2,2]","","[128,128]","",90,0,0,"{L0:1, L1:8, L2:3, L4:1, L8:1}","{L0:1, L1:8, L2:3, L4:1, L8:1}",""
2978265441327,PHASE_B,196638,19327,SEAL,0,15,32,"","590","","0","","1","","64",0,0,0,"{L0:1, L1:8, L2:3, L4:1, L8:1}","{L0:2, L1:8, L2:3, L4:1, L8:1}",""
2978265441702,PHASE_B,196698,19339,MERGE_DONE,0,0,0,"","589","","2","","4","","256",90,613,613,"","",""
2978265441749,PHASE_B,196698,19339,MERGE_PUBLISH,0,14,32,"","589","","2","","4","","256",90,653,641,"{L0:2, L1:8, L2:3, L4:1, L8:1}","{L0:2, L1:6, L2:4, L4:1, L8:1}",""
2978265441773,PHASE_B,196698,19339,MERGE_SUBMIT,12,14,32,"","","","","","","","",0,0,0,"{L0:2, L1:6, L2:4, L4:1, L8:1}","{L0:2, L1:6, L2:4, L4:1, L8:1}",""
2978265441834,PHASE_B,196711,19342,MERGE_START,0,14,32,"[584,590]","","[0,0]","","[1,1]","","[64,64]","",59,0,0,"{L0:2, L1:6, L2:4, L4:1, L8:1}","{L0:2, L1:6, L2:4, L4:1, L8:1}",""
2978265442146,PHASE_B,196754,19348,MERGE_DONE,0,0,0,"","591","","1","","2","","128",59,317,317,"","",""
2978265442167,PHASE_B,196754,19348,MERGE_PUBLISH,0,13,32,"","591","","1","","2","","128",59,333,333,"{L0:2, L1:6, L2:4, L4:1, L8:1}","{L1:7, L2:4, L4:1, L8:1}",""
2978265442187,PHASE_B,196757,19351,MERGE_SUBMIT,23,13,32,"","","","","","","","",0,0,0,"{L1:7, L2:4, L4:1, L8:1}","{L1:7, L2:4, L4:1, L8:1}",""
2978265442260,PHASE_B,196769,19352,MERGE_START,0,13,32,"[580,581]","","[1,1]","","[2,2]","","[128,128]","",70,0,0,"{L1:7, L2:4, L4:1, L8:1}","{L1:7, L2:4, L4:1, L8:1}",""
2978265442797,PHASE_B,196826,19363,MERGE_DONE,0,0,0,"","592","","2","","4","","256",70,544,544,"","",""
2978265442842,PHASE_B,196837,19368,MERGE_PUBLISH,0,12,32,"","592","","2","","4","","256",70,583,571,"{L1:7, L2:4, L4:1, L8:1}","{L1:5, L2:5, L4:1, L8:1}",""
2978265442857,PHASE_B,196837,19368,MERGE_SUBMIT,40,12,32,"","","","","","","","",0,0,0,"{L1:5, L2:5, L4:1, L8:1}","{L1:5, L2:5, L4:1, L8:1}",""
2978265442973,PHASE_B,196864,19371,MERGE_START,0,12,32,"[582,583]","","[1,1]","","[2,2]","","[128,128]","",94,0,0,"{L1:5, L2:5, L4:1, L8:1}","{L1:5, L2:5, L4:1, L8:1}",""
2978265443504,PHASE_B,196917,19380,MERGE_DONE,0,0,0,"","593","","2","","4","","256",94,554,553,"","",""
2978265443526,PHASE_B,196917,19380,MERGE_PUBLISH,0,11,32,"","593","","2","","4","","256",94,571,570,"{L1:5, L2:5, L4:1, L8:1}","{L1:3, L2:6, L4:1, L8:1}",""
2978265443545,PHASE_B,196917,19380,MERGE_SUBMIT,55,11,32,"","","","","","","","",0,0,0,"{L1:3, L2:6, L4:1, L8:1}","{L1:3, L2:6, L4:1, L8:1}",""
2978265443651,PHASE_B,196931,19385,MERGE_START,0,11,32,"[585,586]","","[1,1]","","[2,2]","","[128,128]","",90,0,0,"{L1:3, L2:6, L4:1, L8:1}","{L1:3, L2:6, L4:1, L8:1}",""
2978265443959,PHASE_B,196954,19390,SEAL,0,12,32,"","595","","0","","1","","64",0,0,0,"{L1:3, L2:6, L4:1, L8:1}","{L0:1, L1:3, L2:6, L4:1, L8:1}",""
2978265444252,PHASE_B,197004,19400,MERGE_DONE,0,0,0,"","594","","2","","4","","256",90,622,622,"","",""
2978265444276,PHASE_B,197004,19400,MERGE_PUBLISH,0,11,32,"","594","","2","","4","","256",90,639,638,"{L0:1, L1:3, L2:6, L4:1, L8:1}","{L0:1, L1:1, L2:7, L4:1, L8:1}",""
2978265444299,PHASE_B,197008,19402,MERGE_SUBMIT,9,11,32,"","","","","","","","",0,0,0,"{L0:1, L1:1, L2:7, L4:1, L8:1}","{L0:1, L1:1, L2:7, L4:1, L8:1}",""
2978265444407,PHASE_B,197028,19403,MERGE_START,0,11,32,"[546,587]","","[2,2]","","[4,4]","","[256,256]","",88,0,0,"{L0:1, L1:1, L2:7, L4:1, L8:1}","{L0:1, L1:1, L2:7, L4:1, L8:1}",""
2978265445528,PHASE_B,197172,19434,MERGE_DONE,0,0,0,"","596","","3","","8","","512",88,1144,1143,"","",""
2978265445553,PHASE_B,197172,19434,MERGE_PUBLISH,0,10,32,"","596","","3","","8","","512",88,1161,1160,"{L0:1, L1:1, L2:7, L4:1, L8:1}","{L0:1, L1:1, L2:5, L3:1, L4:1, L8:1}",""
2978265445576,PHASE_B,197172,19434,MERGE_SUBMIT,44,10,32,"","","","","","","","",0,0,0,"{L0:1, L1:1, L2:5, L3:1, L4:1, L8:1}","{L0:1, L1:1, L2:5, L3:1, L4:1, L8:1}",""
2978265445654,PHASE_B,197200,19438,MERGE_START,0,10,32,"[588,589]","","[2,2]","","[4,4]","","[256,256]","",75,0,0,"{L0:1, L1:1, L2:5, L3:1, L4:1, L8:1}","{L0:1, L1:1, L2:5, L3:1, L4:1, L8:1}",""
2978265446475,PHASE_B,197281,19455,MERGE_DONE,0,0,0,"","597","","3","","8","","512",75,827,827,"","",""
2978265446485,PHASE_B,197281,19455,SEAL,0,11,32,"","598","","0","","1","","64",0,0,0,"{L0:1, L1:1, L2:5, L3:1, L4:1, L8:1}","{L0:2, L1:1, L2:5, L3:1, L4:1, L8:1}",""
2978265446539,PHASE_B,197281,19455,MERGE_PUBLISH,0,10,32,"","597","","3","","8","","512",75,883,859,"{L0:2, L1:1, L2:5, L3:1, L4:1, L8:1}","{L0:2, L1:1, L2:3, L3:2, L4:1, L8:1}",""
2978265446561,PHASE_B,197284,19457,MERGE_SUBMIT,0,10,32,"","","","","","","","",0,0,0,"{L0:2, L1:1, L2:3, L3:2, L4:1, L8:1}","{L0:2, L1:1, L2:3, L3:2, L4:1, L8:1}",""
2978265446668,PHASE_B,197310,19460,MERGE_START,0,10,32,"[595,598]","","[0,0]","","[1,1]","","[64,64]","",88,0,0,"{L0:2, L1:1, L2:3, L3:2, L4:1, L8:1}","{L0:2, L1:1, L2:3, L3:2, L4:1, L8:1}",""
2978265447094,PHASE_B,197366,19473,MERGE_DONE,0,0,0,"","599","","1","","2","","128",88,448,448,"","",""
2978265447120,PHASE_B,197366,19473,MERGE_PUBLISH,0,9,32,"","599","","1","","2","","128",88,465,464,"{L0:2, L1:1, L2:3, L3:2, L4:1, L8:1}","{L1:2, L2:3, L3:2, L4:1, L8:1}",""
2978265447140,PHASE_B,197366,19473,MERGE_SUBMIT,17,9,32,"","","","","","","","",0,0,0,"{L1:2, L2:3, L3:2, L4:1, L8:1}","{L1:2, L2:3, L3:2, L4:1, L8:1}",""
2978265447246,PHASE_B,197390,19476,MERGE_START,0,9,32,"[591,599]","","[1,1]","","[2,2]","","[128,128]","",85,0,0,"{L1:2, L2:3, L3:2, L4:1, L8:1}","{L1:2, L2:3, L3:2, L4:1, L8:1}",""
2978265447864,PHASE_B,197461,19491,MERGE_DONE,0,0,0,"","600","","2","","4","","256",85,640,640,"","",""
2978265447887,PHASE_B,197461,19491,MERGE_PUBLISH,0,8,32,"","600","","2","","4","","256",85,657,656,"{L1:2, L2:3, L3:2, L4:1, L8:1}","{L2:4, L3:2, L4:1, L8:1}",""
2978265447909,PHASE_B,197461,19491,MERGE_SUBMIT,37,8,32,"","","","","","","","",0,0,0,"{L2:4, L3:2, L4:1, L8:1}","{L2:4, L3:2, L4:1, L8:1}",""
2978265447944,PHASE_B,197478,19494,MERGE_START,0,8,32,"[592,593]","","[2,2]","","[4,4]","","[256,256]","",25,0,0,"{L2:4, L3:2, L4:1, L8:1}","{L2:4, L3:2, L4:1, L8:1}",""
2978265449029,PHASE_B,197588,19517,MERGE_DONE,0,0,0,"","601","","3","","8","","512",25,1100,1099,"","",""
2978265449047,PHASE_B,197589,19517,MERGE_PUBLISH,0,7,32,"","601","","3","","8","","512",25,1112,1112,"{L2:4, L3:2, L4:1, L8:1}","{L2:2, L3:3, L4:1, L8:1}",""
2978265449062,PHASE_B,197589,19517,MERGE_SUBMIT,61,7,32,"","","","","","","","",0,0,0,"{L2:2, L3:3, L4:1, L8:1}","{L2:2, L3:3, L4:1, L8:1}",""
2978265449175,PHASE_B,197601,19519,MERGE_START,0,7,32,"[594,600]","","[2,2]","","[4,4]","","[256,256]","",93,0,0,"{L2:2, L3:3, L4:1, L8:1}","{L2:2, L3:3, L4:1, L8:1}",""
2978265449249,PHASE_B,197603,19519,SEAL,0,8,32,"","602","","0","","1","","64",0,0,0,"{L2:2, L3:3, L4:1, L8:1}","{L0:1, L2:2, L3:3, L4:1, L8:1}",""
2978265450388,PHASE_B,197763,19553,MERGE_DONE,0,0,0,"","603","","3","","8","","512",93,1233,1233,"","",""
2978265450411,PHASE_B,197780,19554,MERGE_PUBLISH,0,7,32,"","603","","3","","8","","512",93,1249,1248,"{L0:1, L2:2, L3:3, L4:1, L8:1}","{L0:1, L3:4, L4:1, L8:1}",""
2978265450429,PHASE_B,197784,19554,MERGE_SUBMIT,34,7,32,"","","","","","","","",0,0,0,"{L0:1, L3:4, L4:1, L8:1}","{L0:1, L3:4, L4:1, L8:1}",""
2978265450471,PHASE_B,197785,19555,MERGE_START,0,7,32,"[596,597]","","[3,3]","","[8,8]","","[512,512]","",28,0,0,"{L0:1, L3:4, L4:1, L8:1}","{L0:1, L3:4, L4:1, L8:1}",""
2978265451846,PHASE_B,197923,19583,SEAL,0,8,32,"","605","","0","","1","","64",0,0,0,"{L0:1, L3:4, L4:1, L8:1}","{L0:2, L3:4, L4:1, L8:1}",""
2978265452763,PHASE_B,198059,19609,MERGE_DONE,0,0,0,"","604","","4","","16","","1024",28,2310,2310,"","",""
2978265452784,PHASE_B,198059,19609,MERGE_PUBLISH,0,7,32,"","604","","4","","16","","1024",28,2328,2327,"{L0:2, L3:4, L4:1, L8:1}","{L0:2, L3:2, L4:2, L8:1}",""
2978265452819,PHASE_B,198059,19609,MERGE_SUBMIT,26,7,32,"","","","","","","","",0,0,0,"{L0:2, L3:2, L4:2, L8:1}","{L0:2, L3:2, L4:2, L8:1}",""
2978265452870,PHASE_B,198063,19612,MERGE_START,0,7,32,"[602,605]","","[0,0]","","[1,1]","","[64,64]","",34,0,0,"{L0:2, L3:2, L4:2, L8:1}","{L0:2, L3:2, L4:2, L8:1}",""
2978265453252,PHASE_B,198107,19620,MERGE_DONE,0,0,0,"","606","","1","","2","","128",34,401,401,"","",""
2978265453301,PHASE_B,198116,19622,MERGE_PUBLISH,0,6,32,"","606","","1","","2","","128",34,443,426,"{L0:2, L3:2, L4:2, L8:1}","{L1:1, L3:2, L4:2, L8:1}",""
2978265453320,PHASE_B,198116,19622,MERGE_SUBMIT,38,6,32,"","","","","","","","",0,0,0,"{L1:1, L3:2, L4:2, L8:1}","{L1:1, L3:2, L4:2, L8:1}",""
2978265453380,PHASE_B,198120,19624,MERGE_START,0,6,32,"[601,603]","","[3,3]","","[8,8]","","[512,512]","",39,0,0,"{L1:1, L3:2, L4:2, L8:1}","{L1:1, L3:2, L4:2, L8:1}",""
2978265454533,PHASE_B,198239,19647,SEAL,0,7,32,"","608","","0","","1","","64",0,0,0,"{L1:1, L3:2, L4:2, L8:1}","{L0:1, L1:1, L3:2, L4:2, L8:1}",""
2978265456206,PHASE_B,198464,19691,MERGE_DONE,0,0,0,"","607","","4","","16","","1024",39,2846,2846,"","",""
2978265456232,PHASE_B,198464,19691,MERGE_PUBLISH,0,6,32,"","607","","4","","16","","1024",39,2868,2867,"{L0:1, L1:1, L3:2, L4:2, L8:1}","{L0:1, L1:1, L4:3, L8:1}",""
2978265456268,PHASE_B,198464,19691,MERGE_SUBMIT,44,6,32,"","","","","","","","",0,0,0,"{L0:1, L1:1, L4:3, L8:1}","{L0:1, L1:1, L4:3, L8:1}",""
2978265456328,PHASE_B,198472,19693,MERGE_START,0,6,32,"[549,604]","","[4,4]","","[16,16]","","[1024,1024]","",57,0,0,"{L0:1, L1:1, L4:3, L8:1}","{L0:1, L1:1, L4:3, L8:1}",""
2978265457203,PHASE_B,198556,19711,SEAL,0,7,32,"","609","","0","","1","","64",0,0,0,"{L0:1, L1:1, L4:3, L8:1}","{L0:2, L1:1, L4:3, L8:1}",""
2978265459700,PHASE_B,198883,19775,SEAL,0,8,32,"","611","","0","","1","","64",0,0,0,"{L0:2, L1:1, L4:3, L8:1}","{L0:3, L1:1, L4:3, L8:1}",""
2978265461247,PHASE_B,199090,19818,MERGE_DONE,0,0,0,"","610","","5","","32","","2048",57,4923,4924,"","",""
2978265461276,PHASE_B,199092,19818,MERGE_PUBLISH,0,7,32,"","610","","5","","32","","2048",57,4941,4941,"{L0:3, L1:1, L4:3, L8:1}","{L0:3, L1:1, L4:1, L5:1, L8:1}",""
2978265461296,PHASE_B,199092,19818,MERGE_SUBMIT,42,7,32,"","","","","","","","",0,0,0,"{L0:3, L1:1, L4:1, L5:1, L8:1}","{L0:3, L1:1, L4:1, L5:1, L8:1}",""
2978265461417,PHASE_B,199109,19821,MERGE_START,0,7,32,"[608,609]","","[0,0]","","[1,1]","","[64,64]","",103,0,0,"{L0:3, L1:1, L4:1, L5:1, L8:1}","{L0:3, L1:1, L4:1, L5:1, L8:1}",""
2978265461695,PHASE_B,199142,19828,MERGE_DONE,0,0,0,"","612","","1","","2","","128",103,299,299,"","",""
2978265461717,PHASE_B,199142,19828,MERGE_PUBLISH,0,6,32,"","612","","1","","2","","128",103,315,314,"{L0:3, L1:1, L4:1, L5:1, L8:1}","{L0:1, L1:2, L4:1, L5:1, L8:1}",""
2978265461737,PHASE_B,199142,19828,MERGE_SUBMIT,52,6,32,"","","","","","","","",0,0,0,"{L0:1, L1:2, L4:1, L5:1, L8:1}","{L0:1, L1:2, L4:1, L5:1, L8:1}",""
2978265461773,PHASE_B,199146,19829,MERGE_START,0,6,32,"[606,612]","","[1,1]","","[2,2]","","[128,128]","",25,0,0,"{L0:1, L1:2, L4:1, L5:1, L8:1}","{L0:1, L1:2, L4:1, L5:1, L8:1}",""
2978265462326,PHASE_B,199201,19839,SEAL,0,7,32,"","614","","0","","1","","64",0,0,0,"{L0:1, L1:2, L4:1, L5:1, L8:1}","{L0:2, L1:2, L4:1, L5:1, L8:1}",""
2978265462348,PHASE_B,199201,19839,MERGE_DONE,0,0,0,"","613","","2","","4","","256",25,590,590,"","",""
2978265462369,PHASE_B,199201,19839,MERGE_PUBLISH,0,6,32,"","613","","2","","4","","256",25,604,604,"{L0:2, L1:2, L4:1, L5:1, L8:1}","{L0:2, L2:1, L4:1, L5:1, L8:1}",""
2978265462385,PHASE_B,199203,19841,MERGE_SUBMIT,0,6,32,"","","","","","","","",0,0,0,"{L0:2, L2:1, L4:1, L5:1, L8:1}","{L0:2, L2:1, L4:1, L5:1, L8:1}",""
2978265462413,PHASE_B,199209,19841,MERGE_START,0,6,32,"[611,614]","","[0,0]","","[1,1]","","[64,64]","",20,0,0,"{L0:2, L2:1, L4:1, L5:1, L8:1}","{L0:2, L2:1, L4:1, L5:1, L8:1}",""
2978265462758,PHASE_B,199258,19849,MERGE_DONE,0,0,0,"","615","","1","","2","","128",20,357,356,"","",""
2978265462796,PHASE_B,199258,19849,MERGE_PUBLISH,0,5,32,"","615","","1","","2","","128",20,389,378,"{L0:2, L2:1, L4:1, L5:1, L8:1}","{L1:1, L2:1, L4:1, L5:1, L8:1}",""
2978265464885,PHASE_B,199518,19902,SEAL,0,6,32,"","616","","0","","1","","64",0,0,0,"{L1:1, L2:1, L4:1, L5:1, L8:1}","{L0:1, L1:1, L2:1, L4:1, L5:1, L8:1}",""
2978265467434,PHASE_B,199835,19966,SEAL,0,7,32,"","617","","0","","1","","64",0,0,0,"{L0:1, L1:1, L2:1, L4:1, L5:1, L8:1}","{L0:2, L1:1, L2:1, L4:1, L5:1, L8:1}",""
2978265467448,PHASE_B,199835,19966,MERGE_SUBMIT,0,7,32,"","","","","","","","",0,0,0,"{L0:2, L1:1, L2:1, L4:1, L5:1, L8:1}","{L0:2, L1:1, L2:1, L4:1, L5:1, L8:1}",""
2978265467556,PHASE_B,199855,19971,MERGE_START,0,7,32,"[616,617]","","[0,0]","","[1,1]","","[64,64]","",84,0,0,"{L0:2, L1:1, L2:1, L4:1, L5:1, L8:1}","{L0:2, L1:1, L2:1, L4:1, L5:1, L8:1}",""
2978265467865,PHASE_B,199901,19979,MERGE_DONE,0,0,0,"","618","","1","","2","","128",84,330,329,"","",""
2978265467888,PHASE_B,199901,19979,MERGE_PUBLISH,0,6,32,"","618","","1","","2","","128",84,345,344,"{L0:2, L1:1, L2:1, L4:1, L5:1, L8:1}","{L1:2, L2:1, L4:1, L5:1, L8:1}",""
2978265467925,PHASE_B,199904,19981,MERGE_SUBMIT,12,6,32,"","","","","","","","",0,0,0,"{L1:2, L2:1, L4:1, L5:1, L8:1}","{L1:2, L2:1, L4:1, L5:1, L8:1}",""
2978265467985,PHASE_B,199913,19982,MERGE_START,0,6,32,"[615,618]","","[1,1]","","[2,2]","","[128,128]","",58,0,0,"{L1:2, L2:1, L4:1, L5:1, L8:1}","{L1:2, L2:1, L4:1, L5:1, L8:1}",""
2978265468254,PHASE_B,199942,19987,MERGE_DONE,0,0,0,"","619","","2","","4","","256",58,273,274,"","",""
2978265468300,PHASE_B,199944,19988,MERGE_PUBLISH,0,5,32,"","619","","2","","4","","256",58,313,301,"{L1:2, L2:1, L4:1, L5:1, L8:1}","{L2:2, L4:1, L5:1, L8:1}",""
2978265468319,PHASE_B,199945,19989,MERGE_SUBMIT,20,5,32,"","","","","","","","",0,0,0,"{L2:2, L4:1, L5:1, L8:1}","{L2:2, L4:1, L5:1, L8:1}",""
2978265468347,PHASE_B,199950,19989,MERGE_START,0,5,32,"[613,619]","","[2,2]","","[4,4]","","[256,256]","",22,0,0,"{L2:2, L4:1, L5:1, L8:1}","{L2:2, L4:1, L5:1, L8:1}",""
2978265469410,PHASE_C,200421,20000,MERGE_DONE,0,0,0,"","620","","3","","8","","512",22,1073,1073,"","",""
2978265469428,PHASE_C,200438,20000,MERGE_PUBLISH,0,4,32,"","620","","3","","8","","512",22,1086,1085,"{L2:2, L4:1, L5:1, L8:1}","{L3:1, L4:1, L5:1, L8:1}",""
