monotonic_timestamp_us,phase,foreground_ops_completed,delete_ranges_issued,event_type,open_delta_size,sealed_run_count,hard_run_limit,input_run_ids,output_run_id,input_levels,output_level,input_chunks,output_chunk_count,input_tombstones,output_tombstone_count,merge_queue_wait_us,merge_wall_time_us,merge_cpu_time_us,pre_publish_hist,post_publish_hist,fallback_details
2978021123106,PHASE_B,100313,62,SEAL,0,1,32,"","1","","0","","1","","64",0,0,0,"{}","{L0:1}",""
2978021125573,PHASE_B,100645,127,SEAL,0,2,32,"","2","","0","","1","","64",0,0,0,"{L0:1}","{L0:2}",""
2978021125588,PHASE_B,100645,127,MERGE_SUBMIT,0,2,32,"","","","","","","","",0,0,0,"{L0:2}","{L0:2}",""
2978021125700,PHASE_B,100658,131,MERGE_START,0,2,32,"[1,2]","","[0,0]","","[1,1]","","[64,64]","",93,0,0,"{L0:2}","{L0:2}",""
2978021125914,PHASE_B,100690,138,MERGE_DONE,0,0,0,"","3","","1","","2","","128",93,234,233,"","",""
2978021125923,PHASE_B,100692,138,MERGE_PUBLISH,0,1,32,"","3","","1","","2","","128",93,243,241,"{L0:2}","{L1:1}",""
2978021128081,PHASE_B,100949,190,SEAL,0,2,32,"","4","","0","","1","","64",0,0,0,"{L1:1}","{L0:1, L1:1}",""
2978021130562,PHASE_B,101268,252,SEAL,0,3,32,"","5","","0","","1","","64",0,0,0,"{L0:1, L1:1}","{L0:2, L1:1}",""
2978021130574,PHASE_B,101268,252,MERGE_SUBMIT,0,3,32,"","","","","","","","",0,0,0,"{L0:2, L1:1}","{L0:2, L1:1}",""
2978021130596,PHASE_B,101276,256,MERGE_START,0,3,32,"[4,5]","","[0,0]","","[1,1]","","[64,64]","",15,0,0,"{L0:2, L1:1}","{L0:2, L1:1}",""
2978021130751,PHASE_B,101297,258,MERGE_DONE,0,0,0,"","6","","1","","2","","128",15,162,161,"","",""
2978021130758,PHASE_B,101300,261,MERGE_PUBLISH,0,2,32,"","6","","1","","2","","128",15,167,166,"{L0:2, L1:1}","{L1:2}",""
2978021130766,PHASE_B,101302,261,MERGE_SUBMIT,5,2,32,"","","","","","","","",0,0,0,"{L1:2}","{L1:2}",""
2978021130792,PHASE_B,101303,261,MERGE_START,0,2,32,"[3,6]","","[1,1]","","[2,2]","","[128,128]","",28,0,0,"{L1:2}","{L1:2}",""
2978021131098,PHASE_B,101354,269,MERGE_DONE,0,0,0,"","7","","2","","4","","256",28,308,308,"","",""
2978021131116,PHASE_B,101354,269,MERGE_PUBLISH,0,1,32,"","7","","2","","4","","256",28,312,312,"{L1:2}","{L2:1}",""
2978021133150,PHASE_B,101601,318,SEAL,0,2,32,"","8","","0","","1","","64",0,0,0,"{L2:1}","{L0:1, L2:1}",""
2978021135680,PHASE_B,101914,381,SEAL,0,3,32,"","9","","0","","1","","64",0,0,0,"{L0:1, L2:1}","{L0:2, L2:1}",""
2978021135697,PHASE_B,101914,381,MERGE_SUBMIT,0,3,32,"","","","","","","","",0,0,0,"{L0:2, L2:1}","{L0:2, L2:1}",""
2978021135712,PHASE_B,101918,383,MERGE_START,0,3,32,"[8,9]","","[0,0]","","[1,1]","","[64,64]","",11,0,0,"{L0:2, L2:1}","{L0:2, L2:1}",""
2978021135830,PHASE_B,101929,385,MERGE_DONE,0,0,0,"","10","","1","","2","","128",11,123,123,"","",""
2978021135835,PHASE_B,101929,385,MERGE_PUBLISH,0,2,32,"","10","","1","","2","","128",11,127,127,"{L0:2, L2:1}","{L1:1, L2:1}",""
2978021138254,PHASE_B,102239,447,SEAL,0,3,32,"","11","","0","","1","","64",0,0,0,"{L1:1, L2:1}","{L0:1, L1:1, L2:1}",""
2978021140778,PHASE_B,102550,508,SEAL,0,4,32,"","12","","0","","1","","64",0,0,0,"{L0:1, L1:1, L2:1}","{L0:2, L1:1, L2:1}",""
2978021140791,PHASE_B,102550,508,MERGE_SUBMIT,0,4,32,"","","","","","","","",0,0,0,"{L0:2, L1:1, L2:1}","{L0:2, L1:1, L2:1}",""
2978021140803,PHASE_B,102554,511,MERGE_START,0,4,32,"[11,12]","","[0,0]","","[1,1]","","[64,64]","",7,0,0,"{L0:2, L1:1, L2:1}","{L0:2, L1:1, L2:1}",""
2978021140919,PHASE_B,102570,513,MERGE_DONE,0,0,0,"","13","","1","","2","","128",7,121,121,"","",""
2978021140925,PHASE_B,102570,513,MERGE_PUBLISH,0,3,32,"","13","","1","","2","","128",7,126,125,"{L0:2, L1:1, L2:1}","{L1:2, L2:1}",""
2978021140930,PHASE_B,102570,513,MERGE_SUBMIT,1,3,32,"","","","","","","","",0,0,0,"{L1:2, L2:1}","{L1:2, L2:1}",""
2978021140981,PHASE_B,102570,513,MERGE_START,0,3,32,"[10,13]","","[1,1]","","[2,2]","","[128,128]","",51,0,0,"{L1:2, L2:1}","{L1:2, L2:1}",""
2978021141767,PHASE_B,102654,530,MERGE_DONE,0,0,0,"","14","","2","","4","","256",51,784,785,"","",""
2978021141773,PHASE_B,102654,530,MERGE_DISCARD,0,3,32,"","","","","","","","",51,791,0,"{L1:2, L2:1}","{L1:2, L2:1}",""
2978021143469,PHASE_B,102890,576,SEAL,0,1,32,"","1","","0","","1","","64",0,0,0,"{}","{L0:1}",""
2978021145895,PHASE_B,103211,640,SEAL,0,2,32,"","2","","0","","1","","64",0,0,0,"{L0:1}","{L0:2}",""
2978021145906,PHASE_B,103211,640,MERGE_SUBMIT,0,2,32,"","","","","","","","",0,0,0,"{L0:2}","{L0:2}",""
2978021145920,PHASE_B,103211,640,MERGE_START,0,2,32,"[1,2]","","[0,0]","","[1,1]","","[64,64]","",9,0,0,"{L0:2}","{L0:2}",""
2978021146046,PHASE_B,103211,640,MERGE_DONE,0,0,0,"","3","","1","","2","","128",9,131,130,"","",""
2978021146050,PHASE_B,103211,640,MERGE_PUBLISH,0,1,32,"","3","","1","","2","","128",9,134,134,"{L0:2}","{L1:1}",""
2978021148580,PHASE_B,103524,704,SEAL,0,2,32,"","4","","0","","1","","64",0,0,0,"{L1:1}","{L0:1, L1:1}",""
2978021151105,PHASE_B,103855,768,SEAL,0,3,32,"","5","","0","","1","","64",0,0,0,"{L0:1, L1:1}","{L0:2, L1:1}",""
2978021151117,PHASE_B,103855,768,MERGE_SUBMIT,0,3,32,"","","","","","","","",0,0,0,"{L0:2, L1:1}","{L0:2, L1:1}",""
2978021151196,PHASE_B,103855,768,MERGE_START,0,3,32,"[4,5]","","[0,0]","","[1,1]","","[64,64]","",63,0,0,"{L0:2, L1:1}","{L0:2, L1:1}",""
2978021151305,PHASE_B,103864,774,MERGE_DONE,0,0,0,"","6","","1","","2","","128",63,126,114,"","",""
2978021151310,PHASE_B,103864,774,MERGE_PUBLISH,0,2,32,"","6","","1","","2","","128",63,130,118,"{L0:2, L1:1}","{L1:2}",""
2978021151318,PHASE_B,103864,774,MERGE_SUBMIT,6,2,32,"","","","","","","","",0,0,0,"{L1:2}","{L1:2}",""
2978021151339,PHASE_B,103877,776,MERGE_START,0,2,32,"[3,6]","","[1,1]","","[2,2]","","[128,128]","",23,0,0,"{L1:2}","{L1:2}",""
2978021151567,PHASE_B,103910,781,MERGE_DONE,0,0,0,"","7","","2","","4","","256",23,228,228,"","",""
2978021151570,PHASE_B,103910,781,MERGE_PUBLISH,0,1,32,"","7","","2","","4","","256",23,231,232,"{L1:2}","{L2:1}",""
2978021153604,PHASE_B,104165,832,SEAL,0,2,32,"","8","","0","","1","","64",0,0,0,"{L2:1}","{L0:1, L2:1}",""
2978021156079,PHASE_B,104485,896,SEAL,0,3,32,"","9","","0","","1","","64",0,0,0,"{L0:1, L2:1}","{L0:2, L2:1}",""
2978021156095,PHASE_B,104485,896,MERGE_SUBMIT,0,3,32,"","","","","","","","",0,0,0,"{L0:2, L2:1}","{L0:2, L2:1}",""
2978021156104,PHASE_B,104485,896,MERGE_START,0,3,32,"[8,9]","","[0,0]","","[1,1]","","[64,64]","",8,0,0,"{L0:2, L2:1}","{L0:2, L2:1}",""
2978021156194,PHASE_B,104492,898,MERGE_DONE,0,0,0,"","10","","1","","2","","128",8,88,87,"","",""
2978021156197,PHASE_B,104492,898,MERGE_PUBLISH,0,2,32,"","10","","1","","2","","128",8,96,95,"{L0:2, L2:1}","{L1:1, L2:1}",""
2978021158548,PHASE_B,104802,959,SEAL,0,3,32,"","11","","0","","1","","64",0,0,0,"{L1:1, L2:1}","{L0:1, L1:1, L2:1}",""
2978021160962,PHASE_B,105122,1023,SEAL,0,4,32,"","12","","0","","1","","64",0,0,0,"{L0:1, L1:1, L2:1}","{L0:2, L1:1, L2:1}",""
2978021160974,PHASE_B,105122,1023,MERGE_SUBMIT,0,4,32,"","","","","","","","",0,0,0,"{L0:2, L1:1, L2:1}","{L0:2, L1:1, L2:1}",""
2978021160987,PHASE_B,105125,1025,MERGE_START,0,4,32,"[11,12]","","[0,0]","","[1,1]","","[64,64]","",8,0,0,"{L0:2, L1:1, L2:1}","{L0:2, L1:1, L2:1}",""
2978021161106,PHASE_B,105137,1026,MERGE_DONE,0,0,0,"","13","","1","","2","","128",8,124,124,"","",""
2978021161112,PHASE_B,105137,1026,MERGE_PUBLISH,0,3,32,"","13","","1","","2","","128",8,128,128,"{L0:2, L1:1, L2:1}","{L1:2, L2:1}",""
2978021161117,PHASE_B,105137,1026,MERGE_SUBMIT,1,3,32,"","","","","","","","",0,0,0,"{L1:2, L2:1}","{L1:2, L2:1}",""
2978021161167,PHASE_B,105138,1026,MERGE_START,0,3,32,"[10,13]","","[1,1]","","[2,2]","","[128,128]","",50,0,0,"{L1:2, L2:1}","{L1:2, L2:1}",""
2978021161455,PHASE_B,105138,1026,MERGE_DONE,0,0,0,"","14","","2","","4","","256",50,289,289,"","",""
2978021161457,PHASE_B,105138,1026,MERGE_DISCARD,0,3,32,"","","","","","","","",50,291,0,"{L1:2, L2:1}","{L1:2, L2:1}",""
2978021163647,PHASE_B,105443,1086,SEAL,0,1,32,"","1","","0","","1","","64",0,0,0,"{}","{L0:1}",""
2978021166801,PHASE_B,105766,1152,SEAL,0,2,32,"","2","","0","","1","","64",0,0,0,"{L0:1}","{L0:2}",""
2978021166817,PHASE_B,105766,1152,MERGE_SUBMIT,0,2,32,"","","","","","","","",0,0,0,"{L0:2}","{L0:2}",""
2978021166909,PHASE_B,105772,1155,MERGE_START,0,2,32,"[1,2]","","[0,0]","","[1,1]","","[64,64]","",78,0,0,"{L0:2}","{L0:2}",""
2978021167017,PHASE_B,105795,1159,MERGE_DONE,0,0,0,"","3","","1","","2","","128",78,125,125,"","",""
2978021167021,PHASE_B,105796,1159,MERGE_PUBLISH,0,1,32,"","3","","1","","2","","128",78,129,129,"{L0:2}","{L1:1}",""
2978021169549,PHASE_B,106086,1217,SEAL,0,2,32,"","4","","0","","1","","64",0,0,0,"{L1:1}","{L0:1, L1:1}",""
2978021172141,PHASE_B,106404,1280,SEAL,0,3,32,"","5","","0","","1","","64",0,0,0,"{L0:1, L1:1}","{L0:2, L1:1}",""
2978021172151,PHASE_B,106404,1280,MERGE_SUBMIT,0,3,32,"","","","","","","","",0,0,0,"{L0:2, L1:1}","{L0:2, L1:1}",""
2978021172203,PHASE_B,106417,1282,MERGE_START,0,3,32,"[4,5]","","[0,0]","","[1,1]","","[64,64]","",30,0,0,"{L0:2, L1:1}","{L0:2, L1:1}",""
2978021172464,PHASE_B,106460,1290,MERGE_DONE,0,0,0,"","6","","1","","2","","128",30,281,280,"","",""
2978021172471,PHASE_B,106460,1290,MERGE_PUBLISH,0,2,32,"","6","","1","","2","","128",30,287,286,"{L0:2, L1:1}","{L1:2}",""
2978021172479,PHASE_B,106460,1290,MERGE_SUBMIT,9,2,32,"","","","","","","","",0,0,0,"{L1:2}","{L1:2}",""
2978021172499,PHASE_B,106464,1292,MERGE_START,0,2,32,"[3,6]","","[1,1]","","[2,2]","","[128,128]","",15,0,0,"{L1:2}","{L1:2}",""
2978021172754,PHASE_B,106495,1299,MERGE_DONE,0,0,0,"","7","","2","","4","","256",15,260,260,"","",""
2978021172760,PHASE_B,106496,1299,MERGE_PUBLISH,0,1,32,"","7","","2","","4","","256",15,266,266,"{L1:2}","{L2:1}",""
2978021174769,PHASE_B,106732,1344,SEAL,0,2,32,"","8","","0","","1","","64",0,0,0,"{L2:1}","{L0:1, L2:1}",""
2978021177333,PHASE_B,107039,1406,SEAL,0,3,32,"","9","","0","","1","","64",0,0,0,"{L0:1, L2:1}","{L0:2, L2:1}",""
2978021177350,PHASE_B,107039,1406,MERGE_SUBMIT,0,3,32,"","","","","","","","",0,0,0,"{L0:2, L2:1}","{L0:2, L2:1}",""
2978021177464,PHASE_B,107063,1412,MERGE_START,0,3,32,"[8,9]","","[0,0]","","[1,1]","","[64,64]","",105,0,0,"{L0:2, L2:1}","{L0:2, L2:1}",""
2978021177631,PHASE_B,107087,1417,MERGE_DONE,0,0,0,"","10","","1","","2","","128",105,175,175,"","",""
2978021177649,PHASE_B,107093,1417,MERGE_PUBLISH,0,2,32,"","10","","1","","2","","128",105,193,192,"{L0:2, L2:1}","{L1:1, L2:1}",""
2978021179912,PHASE_B,107374,1473,SEAL,0,3,32,"","11","","0","","1","","64",0,0,0,"{L1:1, L2:1}","{L0:1, L1:1, L2:1}",""
2978021182441,PHASE_B,107687,1536,SEAL,0,4,32,"","12","","0","","1","","64",0,0,0,"{L0:1, L1:1, L2:1}","{L0:2, L1:1, L2:1}",""
2978021182453,PHASE_B,107687,1536,MERGE_SUBMIT,0,4,32,"","","","","","","","",0,0,0,"{L0:2, L1:1, L2:1}","{L0:2, L1:1, L2:1}",""
2978021182528,PHASE_B,107702,1538,MERGE_START,0,4,32,"[11,12]","","[0,0]","","[1,1]","","[64,64]","",63,0,0,"{L0:2, L1:1, L2:1}","{L0:2, L1:1, L2:1}",""
2978021182686,PHASE_B,107702,1538,MERGE_DONE,0,0,0,"","13","","1","","2","","128",63,168,168,"","",""
2978021182690,PHASE_B,107702,1538,MERGE_DISCARD,0,4,32,"","","","","","","","",63,173,0,"{L0:2, L1:1, L2:1}","{L0:2, L1:1, L2:1}",""
2978021185492,PHASE_B,108005,1601,SEAL,0,1,32,"","1","","0","","1","","64",0,0,0,"{}","{L0:1}",""
2978021188164,PHASE_B,108316,1664,SEAL,0,2,32,"","2","","0","","1","","64",0,0,0,"{L0:1}","{L0:2}",""
2978021188178,PHASE_B,108316,1664,MERGE_SUBMIT,0,2,32,"","","","","","","","",0,0,0,"{L0:2}","{L0:2}",""
2978021188283,PHASE_B,108345,1667,MERGE_START,0,2,32,"[1,2]","","[0,0]","","[1,1]","","[64,64]","",86,0,0,"{L0:2}","{L0:2}",""
2978021188556,PHASE_B,108385,1675,MERGE_DONE,0,0,0,"","3","","1","","2","","128",86,289,288,"","",""
2978021188567,PHASE_B,108385,1675,MERGE_PUBLISH,0,1,32,"","3","","1","","2","","128",86,299,298,"{L0:2}","{L1:1}",""
2978021190864,PHASE_B,108651,1729,SEAL,0,2,32,"","4","","0","","1","","64",0,0,0,"{L1:1}","{L0:1, L1:1}",""
2978021193390,PHASE_B,108968,1793,SEAL,0,3,32,"","5","","0","","1","","64",0,0,0,"{L0:1, L1:1}","{L0:2, L1:1}",""
2978021193401,PHASE_B,108968,1793,MERGE_SUBMIT,0,3,32,"","","","","","","","",0,0,0,"{L0:2, L1:1}","{L0:2, L1:1}",""
2978021193476,PHASE_B,108978,1796,MERGE_START,0,3,32,"[4,5]","","[0,0]","","[1,1]","","[64,64]","",65,0,0,"{L0:2, L1:1}","{L0:2, L1:1}",""
2978021193681,PHASE_B,109016,1802,MERGE_DONE,0,0,0,"","6","","1","","2","","128",65,212,212,"","",""
2978021193692,PHASE_B,109017,1802,MERGE_PUBLISH,0,2,32,"","6","","1","","2","","128",65,223,222,"{L0:2, L1:1}","{L1:2}",""
2978021193706,PHASE_B,109017,1802,MERGE_SUBMIT,8,2,32,"","","","","","","","",0,0,0,"{L1:2}","{L1:2}",""
2978021193790,PHASE_B,109022,1804,MERGE_START,0,2,32,"[3,6]","","[1,1]","","[2,2]","","[128,128]","",77,0,0,"{L1:2}","{L1:2}",""
2978021194247,PHASE_B,109092,1816,MERGE_DONE,0,0,0,"","7","","2","","4","","256",77,468,468,"","",""
2978021194257,PHASE_B,109092,1816,MERGE_PUBLISH,0,1,32,"","7","","2","","4","","256",77,477,476,"{L1:2}","{L2:1}",""
2978021196086,PHASE_B,109284,1857,SEAL,0,2,32,"","8","","0","","1","","64",0,0,0,"{L2:1}","{L0:1, L2:1}",""
2978021198747,PHASE_B,109606,1921,SEAL,0,3,32,"","9","","0","","1","","64",0,0,0,"{L0:1, L2:1}","{L0:2, L2:1}",""
2978021198758,PHASE_B,109606,1921,MERGE_SUBMIT,0,3,32,"","","","","","","","",0,0,0,"{L0:2, L2:1}","{L0:2, L2:1}",""
2978021198867,PHASE_B,109631,1925,MERGE_START,0,3,32,"[8,9]","","[0,0]","","[1,1]","","[64,64]","",87,0,0,"{L0:2, L2:1}","{L0:2, L2:1}",""
2978021199160,PHASE_B,109675,1933,MERGE_DONE,0,0,0,"","10","","1","","2","","128",87,310,309,"","",""
2978021199173,PHASE_B,109675,1933,MERGE_PUBLISH,0,2,32,"","10","","1","","2","","128",87,322,321,"{L0:2, L2:1}","{L1:1, L2:1}",""
2978021201342,PHASE_B,109918,1984,SEAL,0,3,32,"","11","","0","","1","","64",0,0,0,"{L1:1, L2:1}","{L0:1, L1:1, L2:1}",""
2978021203933,PHASE_B,110244,2048,SEAL,0,4,32,"","12","","0","","1","","64",0,0,0,"{L0:1, L1:1, L2:1}","{L0:2, L1:1, L2:1}",""
2978021203945,PHASE_B,110244,2048,MERGE_SUBMIT,0,4,32,"","","","","","","","",0,0,0,"{L0:2, L1:1, L2:1}","{L0:2, L1:1, L2:1}",""
2978021204069,PHASE_B,110265,2051,MERGE_START,0,4,32,"[11,12]","","[0,0]","","[1,1]","","[64,64]","",101,0,0,"{L0:2, L1:1, L2:1}","{L0:2, L1:1, L2:1}",""
2978021204362,PHASE_B,110265,2051,MERGE_DONE,0,0,0,"","13","","1","","2","","128",101,312,311,"","",""
2978021204384,PHASE_B,110265,2051,MERGE_DISCARD,0,4,32,"","","","","","","","",101,334,0,"{L0:2, L1:1, L2:1}","{L0:2, L1:1, L2:1}",""
2978021207323,PHASE_B,110579,2114,SEAL,0,1,32,"","1","","0","","1","","64",0,0,0,"{}","{L0:1}",""
2978021209899,PHASE_B,110889,2175,SEAL,0,2,32,"","2","","0","","1","","64",0,0,0,"{L0:1}","{L0:2}",""
2978021209910,PHASE_B,110889,2175,MERGE_SUBMIT,0,2,32,"","","","","","","","",0,0,0,"{L0:2}","{L0:2}",""
2978021210021,PHASE_B,110911,2182,MERGE_START,0,2,32,"[1,2]","","[0,0]","","[1,1]","","[64,64]","",82,0,0,"{L0:2}","{L0:2}",""
2978021210328,PHASE_B,110952,2192,MERGE_DONE,0,0,0,"","3","","1","","2","","128",82,333,333,"","",""
2978021210339,PHASE_B,110957,2192,MERGE_PUBLISH,0,1,32,"","3","","1","","2","","128",82,344,343,"{L0:2}","{L1:1}",""
2978021212567,PHASE_B,111214,2242,SEAL,0,2,32,"","4","","0","","1","","64",0,0,0,"{L1:1}","{L0:1, L1:1}",""
2978021215169,PHASE_B,111534,2304,SEAL,0,3,32,"","5","","0","","1","","64",0,0,0,"{L0:1, L1:1}","{L0:2, L1:1}",""
2978021215182,PHASE_B,111534,2304,MERGE_SUBMIT,0,3,32,"","","","","","","","",0,0,0,"{L0:2, L1:1}","{L0:2, L1:1}",""
2978021215285,PHASE_B,111543,2308,MERGE_START,0,3,32,"[4,5]","","[0,0]","","[1,1]","","[64,64]","",82,0,0,"{L0:2, L1:1}","{L0:2, L1:1}",""
2978021215582,PHASE_B,111590,2317,MERGE_DONE,0,0,0,"","6","","1","","2","","128",82,314,313,"","",""
2978021215595,PHASE_B,111590,2317,MERGE_PUBLISH,0,2,32,"","6","","1","","2","","128",82,325,324,"{L0:2, L1:1}","{L1:2}",""
2978021215615,PHASE_B,111595,2319,MERGE_SUBMIT,11,2,32,"","","","","","","","",0,0,0,"{L1:2}","{L1:2}",""
2978021215651,PHASE_B,111602,2320,MERGE_START,0,2,32,"[3,6]","","[1,1]","","[2,2]","","[128,128]","",27,0,0,"{L1:2}","{L1:2}",""
2978021216230,PHASE_B,111672,2335,MERGE_DONE,0,0,0,"","7","","2","","4","","256",27,592,592,"","",""
2978021216275,PHASE_B,111688,2336,MERGE_PUBLISH,0,1,32,"","7","","2","","4","","256",27,636,626,"{L1:2}","{L2:1}",""
2978021217822,PHASE_B,111844,2367,SEAL,0,2,32,"","8","","0","","1","","64",0,0,0,"{L2:1}","{L0:1, L2:1}",""
2978021220412,PHASE_B,112171,2433,SEAL,0,3,32,"","9","","0","","1","","64",0,0,0,"{L0:1, L2:1}","{L0:2, L2:1}",""
2978021220425,PHASE_B,112171,2433,MERGE_SUBMIT,0,3,32,"","","","","","","","",0,0,0,"{L0:2, L2:1}","{L0:2, L2:1}",""
2978021220535,PHASE_B,112194,2438,MERGE_START,0,3,32,"[8,9]","","[0,0]","","[1,1]","","[64,64]","",85,0,0,"{L0:2, L2:1}","{L0:2, L2:1}",""
2978021220859,PHASE_B,112245,2448,MERGE_DONE,0,0,0,"","10","","1","","2","","128",85,344,344,"","",""
2978021220873,PHASE_B,112246,2448,MERGE_PUBLISH,0,2,32,"","10","","1","","2","","128",85,356,355,"{L0:2, L2:1}","{L1:1, L2:1}",""
2978021222999,PHASE_B,112496,2497,SEAL,0,3,32,"","11","","0","","1","","64",0,0,0,"{L1:1, L2:1}","{L0:1, L1:1, L2:1}",""
2978021225548,PHASE_B,112803,2560,SEAL,0,4,32,"","12","","0","","1","","64",0,0,0,"{L0:1, L1:1, L2:1}","{L0:2, L1:1, L2:1}",""
2978021225563,PHASE_B,112803,2560,MERGE_SUBMIT,0,4,32,"","","","","","","","",0,0,0,"{L0:2, L1:1, L2:1}","{L0:2, L1:1, L2:1}",""
2978021225667,PHASE_B,112818,2563,MERGE_START,0,4,32,"[11,12]","","[0,0]","","[1,1]","","[64,64]","",83,0,0,"{L0:2, L1:1, L2:1}","{L0:2, L1:1, L2:1}",""
2978021225941,PHASE_B,112818,2563,MERGE_DONE,0,0,0,"","13","","1","","2","","128",83,292,292,"","",""
2978021225948,PHASE_B,112826,2565,MERGE_DISCARD,0,4,32,"","","","","","","","",83,299,0,"{L0:2, L1:1, L2:1}","{L0:2, L1:1, L2:1}",""
2978021228352,PHASE_B,113122,2625,SEAL,0,1,32,"","1","","0","","1","","64",0,0,0,"{}","{L0:1}",""
2978021230918,PHASE_B,113445,2689,SEAL,0,2,32,"","2","","0","","1","","64",0,0,0,"{L0:1}","{L0:2}",""
2978021230930,PHASE_B,113445,2689,MERGE_SUBMIT,0,2,32,"","","","","","","","",0,0,0,"{L0:2}","{L0:2}",""
2978021231045,PHASE_B,113482,2694,MERGE_START,0,2,32,"[1,2]","","[0,0]","","[1,1]","","[64,64]","",96,0,0,"{L0:2}","{L0:2}",""
2978021231343,PHASE_B,113521,2702,MERGE_DONE,0,0,0,"","3","","1","","2","","128",96,312,312,"","",""
2978021231355,PHASE_B,113521,2702,MERGE_PUBLISH,0,1,32,"","3","","1","","2","","128",96,323,323,"{L0:2}","{L1:1}",""
2978021233581,PHASE_B,113774,2752,SEAL,0,2,32,"","4","","0","","1","","64",0,0,0,"{L1:1}","{L0:1, L1:1}",""
2978021236185,PHASE_B,114107,2818,SEAL,0,3,32,"","5","","0","","1","","64",0,0,0,"{L0:1, L1:1}","{L0:2, L1:1}",""
2978021236198,PHASE_B,114107,2818,MERGE_SUBMIT,0,3,32,"","","","","","","","",0,0,0,"{L0:2, L1:1}","{L0:2, L1:1}",""
2978021236323,PHASE_B,114112,2823,MERGE_START,0,3,32,"[4,5]","","[0,0]","","[1,1]","","[64,64]","",105,0,0,"{L0:2, L1:1}","{L0:2, L1:1}",""
2978021236590,PHASE_B,114139,2826,MERGE_DONE,0,0,0,"","6","","1","","2","","128",105,284,283,"","",""
2978021236605,PHASE_B,114139,2826,MERGE_PUBLISH,0,2,32,"","6","","1","","2","","128",105,294,293,"{L0:2, L1:1}","{L1:2}",""
2978021236637,PHASE_B,114143,2828,MERGE_SUBMIT,8,2,32,"","","","","","","","",0,0,0,"{L1:2}","{L1:2}",""
2978021236707,PHASE_B,114144,2828,MERGE_START,0,2,32,"[3,6]","","[1,1]","","[2,2]","","[128,128]","",68,0,0,"{L1:2}","{L1:2}",""
2978021237331,PHASE_B,114230,2845,MERGE_DONE,0,0,0,"","7","","2","","4","","256",68,627,627,"","",""
2978021237341,PHASE_B,114231,2845,MERGE_PUBLISH,0,1,32,"","7","","2","","4","","256",68,636,636,"{L1:2}","{L2:1}",""
2978021239095,PHASE_B,114418,2882,SEAL,0,2,32,"","8","","0","","1","","64",0,0,0,"{L2:1}","{L0:1, L2:1}",""
2978021241716,PHASE_B,114738,2946,SEAL,0,3,32,"","9","","0","","1","","64",0,0,0,"{L0:1, L2:1}","{L0:2, L2:1}",""
2978021241736,PHASE_B,114738,2946,MERGE_SUBMIT,0,3,32,"","","","","","","","",0,0,0,"{L0:2, L2:1}","{L0:2, L2:1}",""
2978021241841,PHASE_B,114753,2949,MERGE_START,0,3,32,"[8,9]","","[0,0]","","[1,1]","","[64,64]","",85,0,0,"{L0:2, L2:1}","{L0:2, L2:1}",""
2978021242194,PHASE_B,114805,2961,MERGE_DONE,0,0,0,"","10","","1","","2","","128",85,370,369,"","",""
2978021242280,PHASE_B,114813,2962,MERGE_PUBLISH,0,2,32,"","10","","1","","2","","128",85,446,417,"{L0:2, L2:1}","{L1:1, L2:1}",""
2978021244377,PHASE_B,115053,3010,SEAL,0,3,32,"","11","","0","","1","","64",0,0,0,"{L1:1, L2:1}","{L0:1, L1:1, L2:1}",""
2978021247080,PHASE_B,115364,3072,SEAL,0,4,32,"","12","","0","","1","","64",0,0,0,"{L0:1, L1:1, L2:1}","{L0:2, L1:1, L2:1}",""
2978021247098,PHASE_B,115364,3072,MERGE_SUBMIT,0,4,32,"","","","","","","","",0,0,0,"{L0:2, L1:1, L2:1}","{L0:2, L1:1, L2:1}",""
2978021247204,PHASE_B,115379,3075,MERGE_START,0,4,32,"[11,12]","","[0,0]","","[1,1]","","[64,64]","",84,0,0,"{L0:2, L1:1, L2:1}","{L0:2, L1:1, L2:1}",""
2978021247482,PHASE_B,115387,3078,MERGE_DONE,0,0,0,"","13","","1","","2","","128",84,296,295,"","",""
2978021247488,PHASE_B,115387,3078,MERGE_DISCARD,0,4,32,"","","","","","","","",84,304,0,"{L0:2, L1:1, L2:1}","{L0:2, L1:1, L2:1}",""
2978021249844,PHASE_B,115689,3137,SEAL,0,1,32,"","1","","0","","1","","64",0,0,0,"{}","{L0:1}",""
2978021252403,PHASE_B,116022,3202,SEAL,0,2,32,"","2","","0","","1","","64",0,0,0,"{L0:1}","{L0:2}",""
2978021252417,PHASE_B,116022,3202,MERGE_SUBMIT,0,2,32,"","","","","","","","",0,0,0,"{L0:2}","{L0:2}",""
2978021252524,PHASE_B,116040,3206,MERGE_START,0,2,32,"[1,2]","","[0,0]","","[1,1]","","[64,64]","",89,0,0,"{L0:2}","{L0:2}",""
2978021252808,PHASE_B,116071,3213,MERGE_DONE,0,0,0,"","3","","1","","2","","128",89,300,299,"","",""
2978021252819,PHASE_B,116071,3213,MERGE_PUBLISH,0,1,32,"","3","","1","","2","","128",89,310,309,"{L0:2}","{L1:1}",""
2978021255015,PHASE_B,116329,3264,SEAL,0,2,32,"","4","","0","","1","","64",0,0,0,"{L1:1}","{L0:1, L1:1}",""
2978021257667,PHASE_B,116646,3328,SEAL,0,3,32,"","5","","0","","1","","64",0,0,0,"{L0:1, L1:1}","{L0:2, L1:1}",""
2978021257679,PHASE_B,116646,3328,MERGE_SUBMIT,0,3,32,"","","","","","","","",0,0,0,"{L0:2, L1:1}","{L0:2, L1:1}",""
2978021257793,PHASE_B,116663,3332,MERGE_START,0,3,32,"[4,5]","","[0,0]","","[1,1]","","[64,64]","",94,0,0,"{L0:2, L1:1}","{L0:2, L1:1}",""
2978021258086,PHASE_B,116714,3342,MERGE_DONE,0,0,0,"","6","","1","","2","","128",94,308,308,"","",""
2978021258098,PHASE_B,116716,3342,MERGE_PUBLISH,0,2,32,"","6","","1","","2","","128",94,319,318,"{L0:2, L1:1}","{L1:2}",""
2978021258119,PHASE_B,116718,3343,MERGE_SUBMIT,11,2,32,"","","","","","","","",0,0,0,"{L1:2}","{L1:2}",""
2978021258165,PHASE_B,116722,3343,MERGE_START,0,2,32,"[3,6]","","[1,1]","","[2,2]","","[128,128]","",34,0,0,"{L1:2}","{L1:2}",""
2978021258728,PHASE_B,116800,3359,MERGE_DONE,0,0,0,"","7","","2","","4","","256",34,579,557,"","",""
2978021258741,PHASE_B,116800,3359,MERGE_PUBLISH,0,1,32,"","7","","2","","4","","256",34,590,569,"{L1:2}","{L2:1}",""
2978021260475,PHASE_B,116969,3393,SEAL,0,2,32,"","8","","0","","1","","64",0,0,0,"{L2:1}","{L0:1, L2:1}",""
2978021263047,PHASE_B,117284,3457,SEAL,0,3,32,"","9","","0","","1","","64",0,0,0,"{L0:1, L2:1}","{L0:2, L2:1}",""
2978021263059,PHASE_B,117284,3457,MERGE_SUBMIT,0,3,32,"","","","","","","","",0,0,0,"{L0:2, L2:1}","{L0:2, L2:1}",""
2978021263162,PHASE_B,117316,3461,MERGE_START,0,3,32,"[8,9]","","[0,0]","","[1,1]","","[64,64]","",83,0,0,"{L0:2, L2:1}","{L0:2, L2:1}",""
2978021263481,PHASE_B,117361,3470,MERGE_DONE,0,0,0,"","10","","1","","2","","128",83,335,334,"","",""
2978021263496,PHASE_B,117361,3470,MERGE_PUBLISH,0,2,32,"","10","","1","","2","","128",83,349,347,"{L0:2, L2:1}","{L1:1, L2:1}",""
2978021265692,PHASE_B,117616,3521,SEAL,0,3,32,"","11","","0","","1","","64",0,0,0,"{L1:1, L2:1}","{L0:1, L1:1, L2:1}",""
2978021268337,PHASE_B,117930,3584,SEAL,0,4,32,"","12","","0","","1","","64",0,0,0,"{L0:1, L1:1, L2:1}","{L0:2, L1:1, L2:1}",""
2978021268352,PHASE_B,117930,3584,MERGE_SUBMIT,0,4,32,"","","","","","","","",0,0,0,"{L0:2, L1:1, L2:1}","{L0:2, L1:1, L2:1}",""
2978021268455,PHASE_B,117945,3589,MERGE_START,0,4,32,"[11,12]","","[0,0]","","[1,1]","","[64,64]","",81,0,0,"{L0:2, L1:1, L2:1}","{L0:2, L1:1, L2:1}",""
2978021268768,PHASE_B,117945,3589,MERGE_DONE,0,0,0,"","13","","1","","2","","128",81,332,331,"","",""
2978021268792,PHASE_B,117945,3589,MERGE_DISCARD,0,4,32,"","","","","","","","",81,356,0,"{L0:2, L1:1, L2:1}","{L0:2, L1:1, L2:1}",""
2978021271333,PHASE_B,118267,3651,SEAL,0,1,32,"","1","","0","","1","","64",0,0,0,"{}","{L0:1}",""
2978021273919,PHASE_B,118586,3716,SEAL,0,2,32,"","2","","0","","1","","64",0,0,0,"{L0:1}","{L0:2}",""
2978021273932,PHASE_B,118586,3716,MERGE_SUBMIT,0,2,32,"","","","","","","","",0,0,0,"{L0:2}","{L0:2}",""
2978021274062,PHASE_B,118602,3719,MERGE_START,0,2,32,"[1,2]","","[0,0]","","[1,1]","","[64,64]","",111,0,0,"{L0:2}","{L0:2}",""
2978021274331,PHASE_B,118638,3727,MERGE_DONE,0,0,0,"","3","","1","","2","","128",111,283,283,"","",""
2978021274342,PHASE_B,118638,3727,MERGE_PUBLISH,0,1,32,"","3","","1","","2","","128",111,295,293,"{L0:2}","{L1:1}",""
2978021276529,PHASE_B,118901,3779,SEAL,0,2,32,"","4","","0","","1","","64",0,0,0,"{L1:1}","{L0:1, L1:1}",""
2978021279149,PHASE_B,119234,3844,SEAL,0,3,32,"","5","","0","","1","","64",0,0,0,"{L0:1, L1:1}","{L0:2, L1:1}",""
2978021279164,PHASE_B,119234,3844,MERGE_SUBMIT,0,3,32,"","","","","","","","",0,0,0,"{L0:2, L1:1}","{L0:2, L1:1}",""
2978021279281,PHASE_B,119239,3846,MERGE_START,0,3,32,"[4,5]","","[0,0]","","[1,1]","","[64,64]","",96,0,0,"{L0:2, L1:1}","{L0:2, L1:1}",""
2978021279536,PHASE_B,119283,3855,MERGE_DONE,0,0,0,"","6","","1","","2","","128",96,272,272,"","",""
2978021279548,PHASE_B,119283,3855,MERGE_PUBLISH,0,2,32,"","6","","1","","2","","128",96,283,282,"{L0:2, L1:1}","{L1:2}",""
2978021279563,PHASE_B,119286,3857,MERGE_SUBMIT,11,2,32,"","","","","","","","",0,0,0,"{L1:2}","{L1:2}",""
2978021279675,PHASE_B,119297,3860,MERGE_START,0,2,32,"[3,6]","","[1,1]","","[2,2]","","[128,128]","",100,0,0,"{L1:2}","{L1:2}",""
2978021280229,PHASE_B,119366,3873,MERGE_DONE,0,0,0,"","7","","2","","4","","256",100,570,569,"","",""
2978021280269,PHASE_B,119366,3873,MERGE_PUBLISH,0,1,32,"","7","","2","","4","","256",100,608,593,"{L1:2}","{L2:1}",""
2978021281959,PHASE_B,119543,3908,SEAL,0,2,32,"","8","","0","","1","","64",0,0,0,"{L2:1}","{L0:1, L2:1}",""
2978021284571,PHASE_B,119869,3972,SEAL,0,3,32,"","9","","0","","1","","64",0,0,0,"{L0:1, L2:1}","{L0:2, L2:1}",""
2978021284584,PHASE_B,119869,3972,MERGE_SUBMIT,0,3,32,"","","","","","","","",0,0,0,"{L0:2, L2:1}","{L0:2, L2:1}",""
2978021284690,PHASE_B,119873,3974,MERGE_START,0,3,32,"[8,9]","","[0,0]","","[1,1]","","[64,64]","",85,0,0,"{L0:2, L2:1}","{L0:2, L2:1}",""
2978021285031,PHASE_B,119932,3985,MERGE_DONE,0,0,0,"","10","","1","","2","","128",85,357,357,"","",""
2978021285044,PHASE_B,119932,3985,MERGE_PUBLISH,0,2,32,"","10","","1","","2","","128",85,369,368,"{L0:2, L2:1}","{L1:1, L2:1}",""
2978021287157,PHASE_B,120189,4036,SEAL,0,3,32,"","11","","0","","1","","64",0,0,0,"{L1:1, L2:1}","{L0:1, L1:1, L2:1}",""
2978021289766,PHASE_B,120502,4098,SEAL,0,4,32,"","12","","0","","1","","64",0,0,0,"{L0:1, L1:1, L2:1}","{L0:2, L1:1, L2:1}",""
2978021289779,PHASE_B,120502,4098,MERGE_SUBMIT,0,4,32,"","","","","","","","",0,0,0,"{L0:2, L1:1, L2:1}","{L0:2, L1:1, L2:1}",""
2978021289886,PHASE_B,120508,4103,MERGE_START,0,4,32,"[11,12]","","[0,0]","","[1,1]","","[64,64]","",86,0,0,"{L0:2, L1:1, L2:1}","{L0:2, L1:1, L2:1}",""
2978021290210,PHASE_B,120524,4103,MERGE_DONE,0,0,0,"","13","","1","","2","","128",86,342,341,"","",""
2978021290216,PHASE_B,120524,4103,MERGE_DISCARD,0,4,32,"","","","","","","","",86,349,0,"{L0:2, L1:1, L2:1}","{L0:2, L1:1, L2:1}",""
2978021292603,PHASE_B,120833,4166,SEAL,0,1,32,"","1","","0","","1","","64",0,0,0,"{}","{L0:1}",""
2978021295120,PHASE_B,121156,4230,SEAL,0,2,32,"","2","","0","","1","","64",0,0,0,"{L0:1}","{L0:2}",""
2978021295133,PHASE_B,121156,4230,MERGE_SUBMIT,0,2,32,"","","","","","","","",0,0,0,"{L0:2}","{L0:2}",""
2978021295217,PHASE_B,121162,4232,MERGE_START,0,2,32,"[1,2]","","[0,0]","","[1,1]","","[64,64]","",80,0,0,"{L0:2}","{L0:2}",""
2978021295319,PHASE_B,121193,4237,MERGE_DONE,0,0,0,"","3","","1","","2","","128",80,106,106,"","",""
2978021295326,PHASE_B,121196,4237,MERGE_PUBLISH,0,1,32,"","3","","1","","2","","128",80,113,113,"{L0:2}","{L1:1}",""
2978021297697,PHASE_B,121479,4294,SEAL,0,2,32,"","4","","0","","1","","64",0,0,0,"{L1:1}","{L0:1, L1:1}",""
2978021300275,PHASE_B,121782,4355,SEAL,0,3,32,"","5","","0","","1","","64",0,0,0,"{L0:1, L1:1}","{L0:2, L1:1}",""
2978021300286,PHASE_B,121782,4355,MERGE_SUBMIT,0,3,32,"","","","","","","","",0,0,0,"{L0:2, L1:1}","{L0:2, L1:1}",""
2978021300394,PHASE_B,121817,4361,MERGE_START,0,3,32,"[4,5]","","[0,0]","","[1,1]","","[64,64]","",87,0,0,"{L0:2, L1:1}","{L0:2, L1:1}",""
2978021300663,PHASE_B,121850,4368,MERGE_DONE,0,0,0,"","6","","1","","2","","128",87,286,284,"","",""
2978021300677,PHASE_B,121852,4370,MERGE_PUBLISH,0,2,32,"","6","","1","","2","","128",87,298,296,"{L0:2, L1:1}","{L1:2}",""
2978021300692,PHASE_B,121852,4370,MERGE_SUBMIT,11,2,32,"","","","","","","","",0,0,0,"{L1:2}","{L1:2}",""
2978021300808,PHASE_B,121864,4373,MERGE_START,0,2,32,"[3,6]","","[1,1]","","[2,2]","","[128,128]","",104,0,0,"{L1:2}","{L1:2}",""
2978021301372,PHASE_B,121935,4387,MERGE_DONE,0,0,0,"","7","","2","","4","","256",104,579,579,"","",""
2978021301385,PHASE_B,121935,4387,MERGE_PUBLISH,0,1,32,"","7","","2","","4","","256",104,590,589,"{L1:2}","{L2:1}",""
2978021303055,PHASE_B,122112,4421,SEAL,0,2,32,"","8","","0","","1","","64",0,0,0,"{L2:1}","{L0:1, L2:1}",""
2978021305772,PHASE_B,122427,4484,SEAL,0,3,32,"","9","","0","","1","","64",0,0,0,"{L0:1, L2:1}","{L0:2, L2:1}",""
2978021305789,PHASE_B,122427,4484,MERGE_SUBMIT,0,3,32,"","","","","","","","",0,0,0,"{L0:2, L2:1}","{L0:2, L2:1}",""
2978021305901,PHASE_B,122449,4490,MERGE_START,0,3,32,"[8,9]","","[0,0]","","[1,1]","","[64,64]","",94,0,0,"{L0:2, L2:1}","{L0:2, L2:1}",""
2978021306270,PHASE_B,122502,4500,MERGE_DONE,0,0,0,"","10","","1","","2","","128",94,384,384,"","",""
2978021306284,PHASE_B,122502,4500,MERGE_PUBLISH,0,2,32,"","10","","1","","2","","128",94,397,396,"{L0:2, L2:1}","{L1:1, L2:1}",""
2978021308458,PHASE_B,122755,4549,SEAL,0,3,32,"","11","","0","","1","","64",0,0,0,"{L1:1, L2:1}","{L0:1, L1:1, L2:1}",""
2978021311072,PHASE_B,123076,4613,SEAL,0,4,32,"","12","","0","","1","","64",0,0,0,"{L0:1, L1:1, L2:1}","{L0:2, L1:1, L2:1}",""
2978021311089,PHASE_B,123076,4613,MERGE_SUBMIT,0,4,32,"","","","","","","","",0,0,0,"{L0:2, L1:1, L2:1}","{L0:2, L1:1, L2:1}",""
2978021311195,PHASE_B,123076,4613,MERGE_START,0,4,32,"[11,12]","","[0,0]","","[1,1]","","[64,64]","",85,0,0,"{L0:2, L1:1, L2:1}","{L0:2, L1:1, L2:1}",""
2978021311514,PHASE_B,123091,4617,MERGE_DONE,0,0,0,"","13","","1","","2","","128",85,337,336,"","",""
2978021311520,PHASE_B,123091,4617,MERGE_DISCARD,0,4,32,"","","","","","","","",85,344,0,"{L0:2, L1:1, L2:1}","{L0:2, L1:1, L2:1}",""
2978021314038,PHASE_B,123405,4680,SEAL,0,1,32,"","1","","0","","1","","64",0,0,0,"{}","{L0:1}",""
2978021316719,PHASE_B,123727,4744,SEAL,0,2,32,"","2","","0","","1","","64",0,0,0,"{L0:1}","{L0:2}",""
2978021316733,PHASE_B,123727,4744,MERGE_SUBMIT,0,2,32,"","","","","","","","",0,0,0,"{L0:2}","{L0:2}",""
2978021316839,PHASE_B,123738,4748,MERGE_START,0,2,32,"[1,2]","","[0,0]","","[1,1]","","[64,64]","",88,0,0,"{L0:2}","{L0:2}",""
2978021317132,PHASE_B,123783,4754,MERGE_DONE,0,0,0,"","3","","1","","2","","128",88,296,295,"","",""
2978021317159,PHASE_B,123783,4754,MERGE_PUBLISH,0,1,32,"","3","","1","","2","","128",88,333,332,"{L0:2}","{L1:1}",""
2978021319517,PHASE_B,124048,4808,SEAL,0,2,32,"","4","","0","","1","","64",0,0,0,"{L1:1}","{L0:1, L1:1}",""
2978021322377,PHASE_B,124365,4871,SEAL,0,3,32,"","5","","0","","1","","64",0,0,0,"{L0:1, L1:1}","{L0:2, L1:1}",""
2978021322390,PHASE_B,124365,4871,MERGE_SUBMIT,0,3,32,"","","","","","","","",0,0,0,"{L0:2, L1:1}","{L0:2, L1:1}",""
2978021322491,PHASE_B,124373,4876,MERGE_START,0,3,32,"[4,5]","","[0,0]","","[1,1]","","[64,64]","",82,0,0,"{L0:2, L1:1}","{L0:2, L1:1}",""
2978021322753,PHASE_B,124424,4883,MERGE_DONE,0,0,0,"","6","","1","","2","","128",82,278,277,"","",""
2978021322764,PHASE_B,124424,4883,MERGE_PUBLISH,0,2,32,"","6","","1","","2","","128",82,288,287,"{L0:2, L1:1}","{L1:2}",""
2978021322781,PHASE_B,124424,4883,MERGE_SUBMIT,10,2,32,"","","","","","","","",0,0,0,"{L1:2}","{L1:2}",""
2978021322832,PHASE_B,124424,4883,MERGE_START,0,2,32,"[3,6]","","[1,1]","","[2,2]","","[128,128]","",33,0,0,"{L1:2}","{L1:2}",""
2978021323414,PHASE_B,124495,4897,MERGE_DONE,0,0,0,"","7","","2","","4","","256",33,600,600,"","",""
2978021323428,PHASE_B,124495,4897,MERGE_PUBLISH,0,1,32,"","7","","2","","4","","256",33,613,612,"{L1:2}","{L2:1}",""
2978021325159,PHASE_B,124673,4933,SEAL,0,2,32,"","8","","0","","1","","64",0,0,0,"{L2:1}","{L0:1, L2:1}",""
2978021328260,PHASE_B,125011,5000,SEAL,0,3,32,"","9","","0","","1","","64",0,0,0,"{L0:1, L2:1}","{L0:2, L2:1}",""
2978021328277,PHASE_B,125011,5000,MERGE_SUBMIT,0,3,32,"","","","","","","","",0,0,0,"{L0:2, L2:1}","{L0:2, L2:1}",""
2978021328379,PHASE_B,125020,5004,MERGE_START,0,3,32,"[8,9]","","[0,0]","","[1,1]","","[64,64]","",84,0,0,"{L0:2, L2:1}","{L0:2, L2:1}",""
2978021328710,PHASE_B,125068,5013,MERGE_DONE,0,0,0,"","10","","1","","2","","128",84,347,347,"","",""
2978021328725,PHASE_B,125071,5013,MERGE_PUBLISH,0,2,32,"","10","","1","","2","","128",84,358,357,"{L0:2, L2:1}","{L1:1, L2:1}",""
2978021331101,PHASE_B,125325,5064,SEAL,0,3,32,"","11","","0","","1","","64",0,0,0,"{L1:1, L2:1}","{L0:1, L1:1, L2:1}",""
2978021333661,PHASE_B,125638,5125,SEAL,0,4,32,"","12","","0","","1","","64",0,0,0,"{L0:1, L1:1, L2:1}","{L0:2, L1:1, L2:1}",""
2978021333674,PHASE_B,125638,5125,MERGE_SUBMIT,0,4,32,"","","","","","","","",0,0,0,"{L0:2, L1:1, L2:1}","{L0:2, L1:1, L2:1}",""
2978021333782,PHASE_B,125664,5131,MERGE_START,0,4,32,"[11,12]","","[0,0]","","[1,1]","","[64,64]","",86,0,0,"{L0:2, L1:1, L2:1}","{L0:2, L1:1, L2:1}",""
2978021334124,PHASE_B,125664,5131,MERGE_DONE,0,0,0,"","13","","1","","2","","128",86,360,360,"","",""
2978021334131,PHASE_B,125664,5131,MERGE_DISCARD,0,4,32,"","","","","","","","",86,367,0,"{L0:2, L1:1, L2:1}","{L0:2, L1:1, L2:1}",""
2978021336753,PHASE_B,125976,5194,SEAL,0,1,32,"","1","","0","","1","","64",0,0,0,"{}","{L0:1}",""
2978021339550,PHASE_B,126285,5256,SEAL,0,2,32,"","2","","0","","1","","64",0,0,0,"{L0:1}","{L0:2}",""
2978021339565,PHASE_B,126285,5256,MERGE_SUBMIT,0,2,32,"","","","","","","","",0,0,0,"{L0:2}","{L0:2}",""
2978021339597,PHASE_B,126298,5259,MERGE_START,0,2,32,"[1,2]","","[0,0]","","[1,1]","","[64,64]","",18,0,0,"{L0:2}","{L0:2}",""
2978021339907,PHASE_B,126343,5267,MERGE_DONE,0,0,0,"","3","","1","","2","","128",18,320,320,"","",""
2978021339922,PHASE_B,126343,5267,MERGE_PUBLISH,0,1,32,"","3","","1","","2","","128",18,333,333,"{L0:2}","{L1:1}",""
2978021342191,PHASE_B,126604,5319,SEAL,0,2,32,"","4","","0","","1","","64",0,0,0,"{L1:1}","{L0:1, L1:1}",""
2978021344768,PHASE_B,126929,5385,SEAL,0,3,32,"","5","","0","","1","","64",0,0,0,"{L0:1, L1:1}","{L0:2, L1:1}",""
2978021344783,PHASE_B,126929,5385,MERGE_SUBMIT,0,3,32,"","","","","","","","",0,0,0,"{L0:2, L1:1}","{L0:2, L1:1}",""
2978021344824,PHASE_B,126941,5388,MERGE_START,0,3,32,"[4,5]","","[0,0]","","[1,1]","","[64,64]","",22,0,0,"{L0:2, L1:1}","{L0:2, L1:1}",""
2978021345101,PHASE_B,126986,5395,MERGE_DONE,0,0,0,"","6","","1","","2","","128",22,293,292,"","",""
2978021345127,PHASE_B,126986,5395,MERGE_PUBLISH,0,2,32,"","6","","1","","2","","128",22,318,317,"{L0:2, L1:1}","{L1:2}",""
2978021345141,PHASE_B,126990,5399,MERGE_SUBMIT,11,2,32,"","","","","","","","",0,0,0,"{L1:2}","{L1:2}",""
2978021345215,PHASE_B,127001,5400,MERGE_START,0,2,32,"[3,6]","","[1,1]","","[2,2]","","[128,128]","",75,0,0,"{L1:2}","{L1:2}",""
2978021345800,PHASE_B,127078,5414,MERGE_DONE,0,0,0,"","7","","2","","4","","256",75,588,588,"","",""
2978021345811,PHASE_B,127078,5414,MERGE_PUBLISH,0,1,32,"","7","","2","","4","","256",75,597,597,"{L1:2}","{L2:1}",""
2978021347445,PHASE_B,127249,5449,SEAL,0,2,32,"","8","","0","","1","","64",0,0,0,"{L2:1}","{L0:1, L2:1}",""
2978021350078,PHASE_B,127574,5514,SEAL,0,3,32,"","9","","0","","1","","64",0,0,0,"{L0:1, L2:1}","{L0:2, L2:1}",""
2978021350091,PHASE_B,127574,5514,MERGE_SUBMIT,0,3,32,"","","","","","","","",0,0,0,"{L0:2, L2:1}","{L0:2, L2:1}",""
2978021350131,PHASE_B,127584,5515,MERGE_START,0,3,32,"[8,9]","","[0,0]","","[1,1]","","[64,64]","",20,0,0,"{L0:2, L2:1}","{L0:2, L2:1}",""
2978021350423,PHASE_B,127632,5524,MERGE_DONE,0,0,0,"","10","","1","","2","","128",20,309,308,"","",""
2978021350435,PHASE_B,127632,5524,MERGE_PUBLISH,0,2,32,"","10","","1","","2","","128",20,319,318,"{L0:2, L2:1}","{L1:1, L2:1}",""
2978021352735,PHASE_B,127892,5577,SEAL,0,3,32,"","11","","0","","1","","64",0,0,0,"{L1:1, L2:1}","{L0:1, L1:1, L2:1}",""
2978021355342,PHASE_B,128217,5642,SEAL,0,4,32,"","12","","0","","1","","64",0,0,0,"{L0:1, L1:1, L2:1}","{L0:2, L1:1, L2:1}",""
2978021355358,PHASE_B,128217,5642,MERGE_SUBMIT,0,4,32,"","","","","","","","",0,0,0,"{L0:2, L1:1, L2:1}","{L0:2, L1:1, L2:1}",""
2978021355469,PHASE_B,128223,5644,MERGE_START,0,4,32,"[11,12]","","[0,0]","","[1,1]","","[64,64]","",90,0,0,"{L0:2, L1:1, L2:1}","{L0:2, L1:1, L2:1}",""
2978021355758,PHASE_B,128223,5644,MERGE_DONE,0,0,0,"","13","","1","","2","","128",90,307,307,"","",""
2978021355764,PHASE_B,128223,5644,MERGE_DISCARD,0,4,32,"","","","","","","","",90,314,0,"{L0:2, L1:1, L2:1}","{L0:2, L1:1, L2:1}",""
2978021358281,PHASE_B,128542,5707,SEAL,0,1,32,"","1","","0","","1","","64",0,0,0,"{}","{L0:1}",""
2978021360889,PHASE_B,128866,5771,SEAL,0,2,32,"","2","","0","","1","","64",0,0,0,"{L0:1}","{L0:2}",""
2978021360903,PHASE_B,128866,5771,MERGE_SUBMIT,0,2,32,"","","","","","","","",0,0,0,"{L0:2}","{L0:2}",""
2978021361034,PHASE_B,128872,5775,MERGE_START,0,2,32,"[1,2]","","[0,0]","","[1,1]","","[64,64]","",93,0,0,"{L0:2}","{L0:2}",""
2978021361356,PHASE_B,128924,5783,MERGE_DONE,0,0,0,"","3","","1","","2","","128",93,355,355,"","",""
2978021361390,PHASE_B,128926,5783,MERGE_PUBLISH,0,1,32,"","3","","1","","2","","128",93,388,377,"{L0:2}","{L1:1}",""
2978021363589,PHASE_B,129168,5832,SEAL,0,2,32,"","4","","0","","1","","64",0,0,0,"{L1:1}","{L0:1, L1:1}",""
2978021366212,PHASE_B,129499,5899,SEAL,0,3,32,"","5","","0","","1","","64",0,0,0,"{L0:1, L1:1}","{L0:2, L1:1}",""
2978021366228,PHASE_B,129499,5899,MERGE_SUBMIT,0,3,32,"","","","","","","","",0,0,0,"{L0:2, L1:1}","{L0:2, L1:1}",""
2978021366254,PHASE_B,129508,5900,MERGE_START,0,3,32,"[4,5]","","[0,0]","","[1,1]","","[64,64]","",14,0,0,"{L0:2, L1:1}","{L0:2, L1:1}",""
2978021366572,PHASE_B,129550,5908,MERGE_DONE,0,0,0,"","6","","1","","2","","128",14,329,328,"","",""
2978021366581,PHASE_B,129550,5908,MERGE_PUBLISH,0,2,32,"","6","","1","","2","","128",14,336,335,"{L0:2, L1:1}","{L1:2}",""
2978021366593,PHASE_B,129550,5908,MERGE_SUBMIT,10,2,32,"","","","","","","","",0,0,0,"{L1:2}","{L1:2}",""
2978021366686,PHASE_B,129571,5912,MERGE_START,0,2,32,"[3,6]","","[1,1]","","[2,2]","","[128,128]","",94,0,0,"{L1:2}","{L1:2}",""
2978021367201,PHASE_B,129642,5927,MERGE_DONE,0,0,0,"","7","","2","","4","","256",94,517,518,"","",""
2978021367211,PHASE_B,129642,5927,MERGE_PUBLISH,0,1,32,"","7","","2","","4","","256",94,525,525,"{L1:2}","{L2:1}",""
2978021368999,PHASE_B,129824,5962,SEAL,0,2,32,"","8","","0","","1","","64",0,0,0,"{L2:1}","{L0:1, L2:1}",""
2978021372823,PHASE_B,130146,6027,SEAL,0,3,32,"","9","","0","","1","","64",0,0,0,"{L0:1, L2:1}","{L0:2, L2:1}",""
2978021372840,PHASE_B,130146,6027,MERGE_SUBMIT,0,3,32,"","","","","","","","",0,0,0,"{L0:2, L2:1}","{L0:2, L2:1}",""
2978021372880,PHASE_B,130150,6029,MERGE_START,0,3,32,"[8,9]","","[0,0]","","[1,1]","","[64,64]","",20,0,0,"{L0:2, L2:1}","{L0:2, L2:1}",""
2978021373225,PHASE_B,130205,6039,MERGE_DONE,0,0,0,"","10","","1","","2","","128",20,362,362,"","",""
2978021373249,PHASE_B,130205,6039,MERGE_PUBLISH,0,2,32,"","10","","1","","2","","128",20,383,382,"{L0:2, L2:1}","{L1:1, L2:1}",""
2978021375542,PHASE_B,130460,6091,SEAL,0,3,32,"","11","","0","","1","","64",0,0,0,"{L1:1, L2:1}","{L0:1, L1:1, L2:1}",""
2978021378157,PHASE_B,130775,6154,SEAL,0,4,32,"","12","","0","","1","","64",0,0,0,"{L0:1, L1:1, L2:1}","{L0:2, L1:1, L2:1}",""
2978021378171,PHASE_B,130775,6154,MERGE_SUBMIT,0,4,32,"","","","","","","","",0,0,0,"{L0:2, L1:1, L2:1}","{L0:2, L1:1, L2:1}",""
2978021378286,PHASE_B,130786,6157,MERGE_START,0,4,32,"[11,12]","","[0,0]","","[1,1]","","[64,64]","",89,0,0,"{L0:2, L1:1, L2:1}","{L0:2, L1:1, L2:1}",""
2978021378598,PHASE_B,130801,6159,MERGE_DONE,0,0,0,"","13","","1","","2","","128",89,335,334,"","",""
2978021378606,PHASE_B,130801,6159,MERGE_DISCARD,0,4,32,"","","","","","","","",89,342,0,"{L0:2, L1:1, L2:1}","{L0:2, L1:1, L2:1}",""
2978021380873,PHASE_B,131110,6220,SEAL,0,1,32,"","1","","0","","1","","64",0,0,0,"{}","{L0:1}",""
2978021383539,PHASE_B,131429,6284,SEAL,0,2,32,"","2","","0","","1","","64",0,0,0,"{L0:1}","{L0:2}",""
2978021383551,PHASE_B,131429,6284,MERGE_SUBMIT,0,2,32,"","","","","","","","",0,0,0,"{L0:2}","{L0:2}",""
2978021383600,PHASE_B,131429,6284,MERGE_START,0,2,32,"[1,2]","","[0,0]","","[1,1]","","[64,64]","",31,0,0,"{L0:2}","{L0:2}",""
2978021383999,PHASE_B,131499,6298,MERGE_DONE,0,0,0,"","3","","1","","2","","128",31,411,411,"","",""
2978021384038,PHASE_B,131500,6298,MERGE_PUBLISH,0,1,32,"","3","","1","","2","","128",31,451,450,"{L0:2}","{L1:1}",""
2978021386317,PHASE_B,131746,6348,SEAL,0,2,32,"","4","","0","","1","","64",0,0,0,"{L1:1}","{L0:1, L1:1}",""
2978021389021,PHASE_B,132056,6410,SEAL,0,3,32,"","5","","0","","1","","64",0,0,0,"{L0:1, L1:1}","{L0:2, L1:1}",""
2978021389036,PHASE_B,132056,6410,MERGE_SUBMIT,0,3,32,"","","","","","","","",0,0,0,"{L0:2, L1:1}","{L0:2, L1:1}",""
2978021389068,PHASE_B,132067,6413,MERGE_START,0,3,32,"[4,5]","","[0,0]","","[1,1]","","[64,64]","",14,0,0,"{L0:2, L1:1}","{L0:2, L1:1}",""
2978021389320,PHASE_B,132115,6422,MERGE_DONE,0,0,0,"","6","","1","","2","","128",14,268,268,"","",""
2978021389332,PHASE_B,132118,6422,MERGE_PUBLISH,0,2,32,"","6","","1","","2","","128",14,278,277,"{L0:2, L1:1}","{L1:2}",""
2978021389343,PHASE_B,132119,6422,MERGE_SUBMIT,9,2,32,"","","","","","","","",0,0,0,"{L1:2}","{L1:2}",""
2978021389414,PHASE_B,132123,6423,MERGE_START,0,2,32,"[3,6]","","[1,1]","","[2,2]","","[128,128]","",72,0,0,"{L1:2}","{L1:2}",""
2978021389948,PHASE_B,132198,6438,MERGE_DONE,0,0,0,"","7","","2","","4","","256",72,535,536,"","",""
2978021389965,PHASE_B,132198,6438,MERGE_PUBLISH,0,1,32,"","7","","2","","4","","256",72,551,551,"{L1:2}","{L2:1}",""
2978021392698,PHASE_B,132388,6475,SEAL,0,2,32,"","8","","0","","1","","64",0,0,0,"{L2:1}","{L0:1, L2:1}",""
2978021395426,PHASE_B,132693,6538,SEAL,0,3,32,"","9","","0","","1","","64",0,0,0,"{L0:1, L2:1}","{L0:2, L2:1}",""
2978021395451,PHASE_B,132693,6538,MERGE_SUBMIT,0,3,32,"","","","","","","","",0,0,0,"{L0:2, L2:1}","{L0:2, L2:1}",""
2978021395463,PHASE_B,132694,6539,MERGE_START,0,3,32,"[8,9]","","[0,0]","","[1,1]","","[64,64]","",8,0,0,"{L0:2, L2:1}","{L0:2, L2:1}",""
2978021395590,PHASE_B,132724,6544,MERGE_DONE,0,0,0,"","10","","1","","2","","128",8,131,131,"","",""
2978021395594,PHASE_B,132724,6544,MERGE_PUBLISH,0,2,32,"","10","","1","","2","","128",8,135,134,"{L0:2, L2:1}","{L1:1, L2:1}",""
2978021399222,PHASE_B,133022,6604,SEAL,0,3,32,"","11","","0","","1","","64",0,0,0,"{L1:1, L2:1}","{L0:1, L1:1, L2:1}",""
2978021403998,PHASE_B,133348,6667,SEAL,0,4,32,"","12","","0","","1","","64",0,0,0,"{L0:1, L1:1, L2:1}","{L0:2, L1:1, L2:1}",""
2978021404018,PHASE_B,133348,6667,MERGE_SUBMIT,0,4,32,"","","","","","","","",0,0,0,"{L0:2, L1:1, L2:1}","{L0:2, L1:1, L2:1}",""
2978021404121,PHASE_B,133357,6670,MERGE_START,0,4,32,"[11,12]","","[0,0]","","[1,1]","","[64,64]","",82,0,0,"{L0:2, L1:1, L2:1}","{L0:2, L1:1, L2:1}",""
2978021404419,PHASE_B,133357,6670,MERGE_DONE,0,0,0,"","13","","1","","2","","128",82,316,316,"","",""
2978021404426,PHASE_B,133357,6670,MERGE_DISCARD,0,4,32,"","","","","","","","",82,323,0,"{L0:2, L1:1, L2:1}","{L0:2, L1:1, L2:1}",""
2978021408940,PHASE_B,133672,6733,SEAL,0,1,32,"","1","","0","","1","","64",0,0,0,"{}","{L0:1}",""
2978021413665,PHASE_B,133992,6797,SEAL,0,2,32,"","2","","0","","1","","64",0,0,0,"{L0:1}","{L0:2}",""
2978021413681,PHASE_B,133992,6797,MERGE_SUBMIT,0,2,32,"","","","","","","","",0,0,0,"{L0:2}","{L0:2}",""
2978021413720,PHASE_B,133998,6799,MERGE_START,0,2,32,"[1,2]","","[0,0]","","[1,1]","","[64,64]","",22,0,0,"{L0:2}","{L0:2}",""
2978021414062,PHASE_B,134050,6808,MERGE_DONE,0,0,0,"","3","","1","","2","","128",22,357,357,"","",""
2978021414075,PHASE_B,134050,6808,MERGE_PUBLISH,0,1,32,"","3","","1","","2","","128",22,368,367,"{L0:2}","{L1:1}",""
2978021418440,PHASE_B,134303,6858,SEAL,0,2,32,"","4","","0","","1","","64",0,0,0,"{L1:1}","{L0:1, L1:1}",""
2978021424503,PHASE_B,134626,6923,SEAL,0,3,32,"","5","","0","","1","","64",0,0,0,"{L0:1, L1:1}","{L0:2, L1:1}",""
2978021424519,PHASE_B,134626,6923,MERGE_SUBMIT,0,3,32,"","","","","","","","",0,0,0,"{L0:2, L1:1}","{L0:2, L1:1}",""
2978021424626,PHASE_B,134646,6929,MERGE_START,0,3,32,"[4,5]","","[0,0]","","[1,1]","","[64,64]","",88,0,0,"{L0:2, L1:1}","{L0:2, L1:1}",""
2978021424932,PHASE_B,134652,6929,MERGE_DONE,0,0,0,"","6","","1","","2","","128",88,322,322,"","",""
2978021424944,PHASE_B,134652,6929,MERGE_PUBLISH,0,2,32,"","6","","1","","2","","128",88,333,332,"{L0:2, L1:1}","{L1:2}",""
2978021424958,PHASE_B,134652,6929,MERGE_SUBMIT,3,2,32,"","","","","","","","",0,0,0,"{L1:2}","{L1:2}",""
2978021425059,PHASE_B,134652,6929,MERGE_START,0,2,32,"[3,6]","","[1,1]","","[2,2]","","[128,128]","",90,0,0,"{L1:2}","{L1:2}",""
2978021425616,PHASE_B,134652,6929,MERGE_DONE,0,0,0,"","7","","2","","4","","256",90,572,572,"","",""
2978021425628,PHASE_B,134652,6929,MERGE_PUBLISH,0,1,32,"","7","","2","","4","","256",90,583,582,"{L1:2}","{L2:1}",""
2978021432665,PHASE_B,134951,6989,SEAL,0,2,32,"","8","","0","","1","","64",0,0,0,"{L2:1}","{L0:1, L2:1}",""
2978021435487,PHASE_B,135274,7053,SEAL,0,3,32,"","9","","0","","1","","64",0,0,0,"{L0:1, L2:1}","{L0:2, L2:1}",""
2978021435502,PHASE_B,135274,7053,MERGE_SUBMIT,0,3,32,"","","","","","","","",0,0,0,"{L0:2, L2:1}","{L0:2, L2:1}",""
2978021435605,PHASE_B,135279,7054,MERGE_START,0,3,32,"[8,9]","","[0,0]","","[1,1]","","[64,64]","",83,0,0,"{L0:2, L2:1}","{L0:2, L2:1}",""
2978021435935,PHASE_B,135332,7066,MERGE_DONE,0,0,0,"","10","","1","","2","","128",83,346,345,"","",""
2978021435966,PHASE_B,135332,7066,MERGE_PUBLISH,0,2,32,"","10","","1","","2","","128",83,375,374,"{L0:2, L2:1}","{L1:1, L2:1}",""
2978021438263,PHASE_B,135585,7115,SEAL,0,3,32,"","11","","0","","1","","64",0,0,0,"{L1:1, L2:1}","{L0:1, L1:1, L2:1}",""
2978021441179,PHASE_B,135904,7181,SEAL,0,4,32,"","12","","0","","1","","64",0,0,0,"{L0:1, L1:1, L2:1}","{L0:2, L1:1, L2:1}",""
2978021441195,PHASE_B,135904,7181,MERGE_SUBMIT,0,4,32,"","","","","","","","",0,0,0,"{L0:2, L1:1, L2:1}","{L0:2, L1:1, L2:1}",""
2978021441299,PHASE_B,135921,7183,MERGE_START,0,4,32,"[11,12]","","[0,0]","","[1,1]","","[64,64]","",82,0,0,"{L0:2, L1:1, L2:1}","{L0:2, L1:1, L2:1}",""
2978021441599,PHASE_B,135921,7183,MERGE_DONE,0,0,0,"","13","","1","","2","","128",82,318,318,"","",""
2978021441606,PHASE_B,135921,7183,MERGE_DISCARD,0,4,32,"","","","","","","","",82,325,0,"{L0:2, L1:1, L2:1}","{L0:2, L1:1, L2:1}",""
2978021444275,PHASE_B,136236,7245,SEAL,0,1,32,"","1","","0","","1","","64",0,0,0,"{}","{L0:1}",""
2978021447102,PHASE_B,136550,7308,SEAL,0,2,32,"","2","","0","","1","","64",0,0,0,"{L0:1}","{L0:2}",""
2978021447120,PHASE_B,136550,7308,MERGE_SUBMIT,0,2,32,"","","","","","","","",0,0,0,"{L0:2}","{L0:2}",""
2978021447222,PHASE_B,136565,7313,MERGE_START,0,2,32,"[1,2]","","[0,0]","","[1,1]","","[64,64]","",84,0,0,"{L0:2}","{L0:2}",""
2978021447484,PHASE_B,136603,7319,MERGE_DONE,0,0,0,"","3","","1","","2","","128",84,277,276,"","",""
2978021447495,PHASE_B,136603,7319,MERGE_PUBLISH,0,1,32,"","3","","1","","2","","128",84,287,286,"{L0:2}","{L1:1}",""
2978021449905,PHASE_B,136876,7374,SEAL,0,2,32,"","4","","0","","1","","64",0,0,0,"{L1:1}","{L0:1, L1:1}",""
2978021452743,PHASE_B,137189,7436,SEAL,0,3,32,"","5","","0","","1","","64",0,0,0,"{L0:1, L1:1}","{L0:2, L1:1}",""
2978021452757,PHASE_B,137189,7436,MERGE_SUBMIT,0,3,32,"","","","","","","","",0,0,0,"{L0:2, L1:1}","{L0:2, L1:1}",""
2978021452812,PHASE_B,137206,7439,MERGE_START,0,3,32,"[4,5]","","[0,0]","","[1,1]","","[64,64]","",38,0,0,"{L0:2, L1:1}","{L0:2, L1:1}",""
2978021453103,PHASE_B,137241,7446,MERGE_DONE,0,0,0,"","6","","1","","2","","128",38,306,306,"","",""
2978021453116,PHASE_B,137241,7446,MERGE_PUBLISH,0,2,32,"","6","","1","","2","","128",38,317,316,"{L0:2, L1:1}","{L1:2}",""
2978021453129,PHASE_B,137241,7446,MERGE_SUBMIT,10,2,32,"","","","","","","","",0,0,0,"{L1:2}","{L1:2}",""
2978021453175,PHASE_B,137251,7450,MERGE_START,0,2,32,"[3,6]","","[1,1]","","[2,2]","","[128,128]","",33,0,0,"{L1:2}","{L1:2}",""
2978021453868,PHASE_B,137346,7468,MERGE_DONE,0,0,0,"","7","","2","","4","","256",33,704,704,"","",""
2978021453890,PHASE_B,137346,7468,MERGE_PUBLISH,0,1,32,"","7","","2","","4","","256",33,726,725,"{L1:2}","{L2:1}",""
2978021455554,PHASE_B,137505,7500,SEAL,0,2,32,"","8","","0","","1","","64",0,0,0,"{L2:1}","{L0:1, L2:1}",""
2978021460907,PHASE_B,137830,7565,SEAL,0,3,32,"","9","","0","","1","","64",0,0,0,"{L0:1, L2:1}","{L0:2, L2:1}",""
2978021460923,PHASE_B,137830,7565,MERGE_SUBMIT,0,3,32,"","","","","","","","",0,0,0,"{L0:2, L2:1}","{L0:2, L2:1}",""
2978021461040,PHASE_B,137852,7569,MERGE_START,0,3,32,"[8,9]","","[0,0]","","[1,1]","","[64,64]","",98,0,0,"{L0:2, L2:1}","{L0:2, L2:1}",""
2978021461388,PHASE_B,137903,7579,MERGE_DONE,0,0,0,"","10","","1","","2","","128",98,364,363,"","",""
2978021461401,PHASE_B,137903,7579,MERGE_PUBLISH,0,2,32,"","10","","1","","2","","128",98,375,374,"{L0:2, L2:1}","{L1:1, L2:1}",""
2978021467138,PHASE_B,138152,7630,SEAL,0,3,32,"","11","","0","","1","","64",0,0,0,"{L1:1, L2:1}","{L0:1, L1:1, L2:1}",""
2978021473451,PHASE_B,138478,7694,SEAL,0,4,32,"","12","","0","","1","","64",0,0,0,"{L0:1, L1:1, L2:1}","{L0:2, L1:1, L2:1}",""
2978021473471,PHASE_B,138478,7694,MERGE_SUBMIT,0,4,32,"","","","","","","","",0,0,0,"{L0:2, L1:1, L2:1}","{L0:2, L1:1, L2:1}",""
2978021473576,PHASE_B,138487,7696,MERGE_START,0,4,32,"[11,12]","","[0,0]","","[1,1]","","[64,64]","",85,0,0,"{L0:2, L1:1, L2:1}","{L0:2, L1:1, L2:1}",""
2978021473885,PHASE_B,138487,7696,MERGE_DONE,0,0,0,"","13","","1","","2","","128",85,327,326,"","",""
2978021473909,PHASE_B,138487,7696,MERGE_DISCARD,0,4,32,"","","","","","","","",85,351,0,"{L0:2, L1:1, L2:1}","{L0:2, L1:1, L2:1}",""
2978021481197,PHASE_B,138797,7759,SEAL,0,1,32,"","1","","0","","1","","64",0,0,0,"{}","{L0:1}",""
2978021487705,PHASE_B,139122,7823,SEAL,0,2,32,"","2","","0","","1","","64",0,0,0,"{L0:1}","{L0:2}",""
2978021487723,PHASE_B,139122,7823,MERGE_SUBMIT,0,2,32,"","","","","","","","",0,0,0,"{L0:2}","{L0:2}",""
2978021487832,PHASE_B,139132,7825,MERGE_START,0,2,32,"[1,2]","","[0,0]","","[1,1]","","[64,64]","",83,0,0,"{L0:2}","{L0:2}",""
2978021488126,PHASE_B,139176,7833,MERGE_DONE,0,0,0,"","3","","1","","2","","128",83,315,315,"","",""
2978021488137,PHASE_B,139178,7833,MERGE_PUBLISH,0,1,32,"","3","","1","","2","","128",83,326,325,"{L0:2}","{L1:1}",""
2978021494383,PHASE_B,139439,7886,SEAL,0,2,32,"","4","","0","","1","","64",0,0,0,"{L1:1}","{L0:1, L1:1}",""
2978021497897,PHASE_B,139755,7951,SEAL,0,3,32,"","5","","0","","1","","64",0,0,0,"{L0:1, L1:1}","{L0:2, L1:1}",""
2978021497940,PHASE_B,139755,7951,MERGE_SUBMIT,0,3,32,"","","","","","","","",0,0,0,"{L0:2, L1:1}","{L0:2, L1:1}",""
2978021498057,PHASE_B,139774,7952,MERGE_START,0,3,32,"[4,5]","","[0,0]","","[1,1]","","[64,64]","",99,0,0,"{L0:2, L1:1}","{L0:2, L1:1}",""
2978021498370,PHASE_B,139810,7961,MERGE_DONE,0,0,0,"","6","","1","","2","","128",99,330,329,"","",""
2978021498383,PHASE_B,139812,7961,MERGE_PUBLISH,0,2,32,"","6","","1","","2","","128",99,341,339,"{L0:2, L1:1}","{L1:2}",""
2978021498399,PHASE_B,139812,7961,MERGE_SUBMIT,9,2,32,"","","","","","","","",0,0,0,"{L1:2}","{L1:2}",""
2978021498512,PHASE_B,139817,7963,MERGE_START,0,2,32,"[3,6]","","[1,1]","","[2,2]","","[128,128]","",100,0,0,"{L1:2}","{L1:2}",""
2978021499087,PHASE_B,139883,7975,MERGE_DONE,0,0,0,"","7","","2","","4","","256",100,592,591,"","",""
2978021499126,PHASE_B,139888,7976,MERGE_PUBLISH,0,1,32,"","7","","2","","4","","256",100,629,616,"{L1:2}","{L2:1}",""
2978021501526,PHASE_B,140088,8015,SEAL,0,2,32,"","8","","0","","1","","64",0,0,0,"{L2:1}","{L0:1, L2:1}",""
2978021505009,PHASE_B,140405,8079,SEAL,0,3,32,"","9","","0","","1","","64",0,0,0,"{L0:1, L2:1}","{L0:2, L2:1}",""
2978021505026,PHASE_B,140405,8079,MERGE_SUBMIT,0,3,32,"","","","","","","","",0,0,0,"{L0:2, L2:1}","{L0:2, L2:1}",""
2978021505131,PHASE_B,140413,8082,MERGE_START,0,3,32,"[8,9]","","[0,0]","","[1,1]","","[64,64]","",86,0,0,"{L0:2, L2:1}","{L0:2, L2:1}",""
2978021505471,PHASE_B,140450,8089,MERGE_DONE,0,0,0,"","10","","1","","2","","128",86,356,356,"","",""
2978021505485,PHASE_B,140450,8089,MERGE_PUBLISH,0,2,32,"","10","","1","","2","","128",86,368,367,"{L0:2, L2:1}","{L1:1, L2:1}",""
2978021508548,PHASE_B,140725,8143,SEAL,0,3,32,"","11","","0","","1","","64",0,0,0,"{L1:1, L2:1}","{L0:1, L1:1, L2:1}",""
2978021511946,PHASE_B,141039,8206,SEAL,0,4,32,"","12","","0","","1","","64",0,0,0,"{L0:1, L1:1, L2:1}","{L0:2, L1:1, L2:1}",""
2978021511965,PHASE_B,141039,8206,MERGE_SUBMIT,0,4,32,"","","","","","","","",0,0,0,"{L0:2, L1:1, L2:1}","{L0:2, L1:1, L2:1}",""
2978021512089,PHASE_B,141051,8209,MERGE_START,0,4,32,"[11,12]","","[0,0]","","[1,1]","","[64,64]","",103,0,0,"{L0:2, L1:1, L2:1}","{L0:2, L1:1, L2:1}",""
2978021512385,PHASE_B,141051,8209,MERGE_DONE,0,0,0,"","13","","1","","2","","128",103,314,314,"","",""
2978021512392,PHASE_B,141051,8209,MERGE_DISCARD,0,4,32,"","","","","","","","",103,321,0,"{L0:2, L1:1, L2:1}","{L0:2, L1:1, L2:1}",""
2978021515770,PHASE_B,141363,8272,SEAL,0,1,32,"","1","","0","","1","","64",0,0,0,"{}","{L0:1}",""
2978021519297,PHASE_B,141675,8333,SEAL,0,2,32,"","2","","0","","1","","64",0,0,0,"{L0:1}","{L0:2}",""
2978021519323,PHASE_B,141675,8333,MERGE_SUBMIT,0,2,32,"","","","","","","","",0,0,0,"{L0:2}","{L0:2}",""
2978021519427,PHASE_B,141694,8339,MERGE_START,0,2,32,"[1,2]","","[0,0]","","[1,1]","","[64,64]","",87,0,0,"{L0:2}","{L0:2}",""
2978021519692,PHASE_B,141729,8344,MERGE_DONE,0,0,0,"","3","","1","","2","","128",87,281,280,"","",""
2978021519719,PHASE_B,141729,8344,MERGE_PUBLISH,0,1,32,"","3","","1","","2","","128",87,307,306,"{L0:2}","{L1:1}",""
2978021522780,PHASE_B,142008,8400,SEAL,0,2,32,"","4","","0","","1","","64",0,0,0,"{L1:1}","{L0:1, L1:1}",""
2978021526329,PHASE_B,142324,8464,SEAL,0,3,32,"","5","","0","","1","","64",0,0,0,"{L0:1, L1:1}","{L0:2, L1:1}",""
2978021526345,PHASE_B,142324,8464,MERGE_SUBMIT,0,3,32,"","","","","","","","",0,0,0,"{L0:2, L1:1}","{L0:2, L1:1}",""
2978021526447,PHASE_B,142341,8467,MERGE_START,0,3,32,"[4,5]","","[0,0]","","[1,1]","","[64,64]","",82,0,0,"{L0:2, L1:1}","{L0:2, L1:1}",""
2978021526709,PHASE_B,142370,8473,MERGE_DONE,0,0,0,"","6","","1","","2","","128",82,279,278,"","",""
2978021526723,PHASE_B,142370,8473,MERGE_PUBLISH,0,2,32,"","6","","1","","2","","128",82,292,291,"{L0:2, L1:1}","{L1:2}",""
2978021526741,PHASE_B,142370,8473,MERGE_SUBMIT,9,2,32,"","","","","","","","",0,0,0,"{L1:2}","{L1:2}",""
2978021526843,PHASE_B,142378,8475,MERGE_START,0,2,32,"[3,6]","","[1,1]","","[2,2]","","[128,128]","",88,0,0,"{L1:2}","{L1:2}",""
2978021527435,PHASE_B,142442,8487,MERGE_DONE,0,0,0,"","7","","2","","4","","256",88,606,606,"","",""
2978021527471,PHASE_B,142442,8487,MERGE_PUBLISH,0,1,32,"","7","","2","","4","","256",88,641,630,"{L1:2}","{L2:1}",""
2978021529738,PHASE_B,142645,8527,SEAL,0,2,32,"","8","","0","","1","","64",0,0,0,"{L2:1}","{L0:1, L2:1}",""
2978021532989,PHASE_B,142965,8592,SEAL,0,3,32,"","9","","0","","1","","64",0,0,0,"{L0:1, L2:1}","{L0:2, L2:1}",""
2978021533016,PHASE_B,142965,8592,MERGE_SUBMIT,0,3,32,"","","","","","","","",0,0,0,"{L0:2, L2:1}","{L0:2, L2:1}",""
2978021533128,PHASE_B,142980,8595,MERGE_START,0,3,32,"[8,9]","","[0,0]","","[1,1]","","[64,64]","",98,0,0,"{L0:2, L2:1}","{L0:2, L2:1}",""
2978021533473,PHASE_B,143023,8604,MERGE_DONE,0,0,0,"","10","","1","","2","","128",98,362,361,"","",""
2978021533486,PHASE_B,143023,8604,MERGE_PUBLISH,0,2,32,"","10","","1","","2","","128",98,373,372,"{L0:2, L2:1}","{L1:1, L2:1}",""
2978021536417,PHASE_B,143287,8656,SEAL,0,3,32,"","11","","0","","1","","64",0,0,0,"{L1:1, L2:1}","{L0:1, L1:1, L2:1}",""
2978021539751,PHASE_B,143603,8720,SEAL,0,4,32,"","12","","0","","1","","64",0,0,0,"{L0:1, L1:1, L2:1}","{L0:2, L1:1, L2:1}",""
2978021539778,PHASE_B,143603,8720,MERGE_SUBMIT,0,4,32,"","","","","","","","",0,0,0,"{L0:2, L1:1, L2:1}","{L0:2, L1:1, L2:1}",""
2978021539844,PHASE_B,143609,8721,MERGE_START,0,4,32,"[11,12]","","[0,0]","","[1,1]","","[64,64]","",43,0,0,"{L0:2, L1:1, L2:1}","{L0:2, L1:1, L2:1}",""
2978021540392,PHASE_B,143634,8726,MERGE_DONE,0,0,0,"","13","","1","","2","","128",43,566,567,"","",""
2978021540404,PHASE_B,143635,8726,MERGE_DISCARD,0,4,32,"","","","","","","","",43,578,0,"{L0:2, L1:1, L2:1}","{L0:2, L1:1, L2:1}",""
2978021543492,PHASE_B,143942,8786,SEAL,0,1,32,"","1","","0","","1","","64",0,0,0,"{}","{L0:1}",""
2978021546700,PHASE_B,144249,8849,SEAL,0,2,32,"","2","","0","","1","","64",0,0,0,"{L0:1}","{L0:2}",""
2978021546717,PHASE_B,144249,8849,MERGE_SUBMIT,0,2,32,"","","","","","","","",0,0,0,"{L0:2}","{L0:2}",""
2978021546824,PHASE_B,144263,8853,MERGE_START,0,2,32,"[1,2]","","[0,0]","","[1,1]","","[64,64]","",88,0,0,"{L0:2}","{L0:2}",""
2978021547133,PHASE_B,144309,8861,MERGE_DONE,0,0,0,"","3","","1","","2","","128",88,324,323,"","",""
2978021547145,PHASE_B,144310,8861,MERGE_PUBLISH,0,1,32,"","3","","1","","2","","128",88,335,334,"{L0:2}","{L1:1}",""
2978021550017,PHASE_B,144568,8911,SEAL,0,2,32,"","4","","0","","1","","64",0,0,0,"{L1:1}","{L0:1, L1:1}",""
2978021553240,PHASE_B,144892,8978,SEAL,0,3,32,"","5","","0","","1","","64",0,0,0,"{L0:1, L1:1}","{L0:2, L1:1}",""
2978021553256,PHASE_B,144892,8978,MERGE_SUBMIT,0,3,32,"","","","","","","","",0,0,0,"{L0:2, L1:1}","{L0:2, L1:1}",""
2978021553358,PHASE_B,144906,8981,MERGE_START,0,3,32,"[4,5]","","[0,0]","","[1,1]","","[64,64]","",83,0,0,"{L0:2, L1:1}","{L0:2, L1:1}",""
2978021553619,PHASE_B,144942,8988,MERGE_DONE,0,0,0,"","6","","1","","2","","128",83,279,278,"","",""
2978021553631,PHASE_B,144943,8988,MERGE_PUBLISH,0,2,32,"","6","","1","","2","","128",83,289,287,"{L0:2, L1:1}","{L1:2}",""
2978021553664,PHASE_B,144943,8988,MERGE_SUBMIT,9,2,32,"","","","","","","","",0,0,0,"{L1:2}","{L1:2}",""
2978021553746,PHASE_B,144946,8991,MERGE_START,0,2,32,"[3,6]","","[1,1]","","[2,2]","","[128,128]","",81,0,0,"{L1:2}","{L1:2}",""
2978021554265,PHASE_B,145015,9002,MERGE_DONE,0,0,0,"","7","","2","","4","","256",81,522,522,"","",""
2978021554275,PHASE_B,145017,9002,MERGE_PUBLISH,0,1,32,"","7","","2","","4","","256",81,531,531,"{L1:2}","{L2:1}",""
2978021558672,PHASE_B,145216,9042,SEAL,0,2,32,"","8","","0","","1","","64",0,0,0,"{L2:1}","{L0:1, L2:1}",""
2978021566308,PHASE_B,145533,9104,SEAL,0,3,32,"","9","","0","","1","","64",0,0,0,"{L0:1, L2:1}","{L0:2, L2:1}",""
2978021566332,PHASE_B,145533,9104,MERGE_SUBMIT,0,3,32,"","","","","","","","",0,0,0,"{L0:2, L2:1}","{L0:2, L2:1}",""
2978021566432,PHASE_B,145545,9109,MERGE_START,0,3,32,"[8,9]","","[0,0]","","[1,1]","","[64,64]","",82,0,0,"{L0:2, L2:1}","{L0:2, L2:1}",""
2978021566766,PHASE_B,145593,9116,MERGE_DONE,0,0,0,"","10","","1","","2","","128",82,350,350,"","",""
2978021566779,PHASE_B,145594,9116,MERGE_PUBLISH,0,2,32,"","10","","1","","2","","128",82,362,361,"{L0:2, L2:1}","{L1:1, L2:1}",""
2978021571975,PHASE_B,145856,9170,SEAL,0,3,32,"","11","","0","","1","","64",0,0,0,"{L1:1, L2:1}","{L0:1, L1:1, L2:1}",""
2978021577666,PHASE_B,146183,9234,SEAL,0,4,32,"","12","","0","","1","","64",0,0,0,"{L0:1, L1:1, L2:1}","{L0:2, L1:1, L2:1}",""
2978021577687,PHASE_B,146183,9234,MERGE_SUBMIT,0,4,32,"","","","","","","","",0,0,0,"{L0:2, L1:1, L2:1}","{L0:2, L1:1, L2:1}",""
2978021577792,PHASE_B,146187,9236,MERGE_START,0,4,32,"[11,12]","","[0,0]","","[1,1]","","[64,64]","",85,0,0,"{L0:2, L1:1, L2:1}","{L0:2, L1:1, L2:1}",""
2978021578105,PHASE_B,146187,9236,MERGE_DONE,0,0,0,"","13","","1","","2","","128",85,331,330,"","",""
2978021578113,PHASE_B,146187,9236,MERGE_DISCARD,0,4,32,"","","","","","","","",85,338,0,"{L0:2, L1:1, L2:1}","{L0:2, L1:1, L2:1}",""
2978021586064,PHASE_B,146498,9299,SEAL,0,1,32,"","1","","0","","1","","64",0,0,0,"{}","{L0:1}",""
2978021594755,PHASE_B,146822,9362,SEAL,0,2,32,"","2","","0","","1","","64",0,0,0,"{L0:1}","{L0:2}",""
2978021594779,PHASE_B,146822,9362,MERGE_SUBMIT,0,2,32,"","","","","","","","",0,0,0,"{L0:2}","{L0:2}",""
2978021594885,PHASE_B,146832,9365,MERGE_START,0,2,32,"[1,2]","","[0,0]","","[1,1]","","[64,64]","",88,0,0,"{L0:2}","{L0:2}",""
2978021595252,PHASE_B,146843,9368,MERGE_DONE,0,0,0,"","3","","1","","2","","128",88,382,382,"","",""
2978021595263,PHASE_B,146843,9368,MERGE_PUBLISH,0,1,32,"","3","","1","","2","","128",88,394,393,"{L0:2}","{L1:1}",""
2978021606518,PHASE_B,147139,9426,SEAL,0,2,32,"","4","","0","","1","","64",0,0,0,"{L1:1}","{L0:1, L1:1}",""
2978021612382,PHASE_B,147443,9488,SEAL,0,3,32,"","5","","0","","1","","64",0,0,0,"{L0:1, L1:1}","{L0:2, L1:1}",""
2978021612406,PHASE_B,147443,9488,MERGE_SUBMIT,0,3,32,"","","","","","","","",0,0,0,"{L0:2, L1:1}","{L0:2, L1:1}",""
2978021612516,PHASE_B,147463,9492,MERGE_START,0,3,32,"[4,5]","","[0,0]","","[1,1]","","[64,64]","",88,0,0,"{L0:2, L1:1}","{L0:2, L1:1}",""
2978021612818,PHASE_B,147485,9497,MERGE_DONE,0,0,0,"","6","","1","","2","","128",88,323,322,"","",""
2978021612833,PHASE_B,147486,9497,MERGE_PUBLISH,0,2,32,"","6","","1","","2","","128",88,336,334,"{L0:2, L1:1}","{L1:2}",""
2978021612847,PHASE_B,147486,9497,MERGE_SUBMIT,5,2,32,"","","","","","","","",0,0,0,"{L1:2}","{L1:2}",""
2978021612929,PHASE_B,147494,9499,MERGE_START,0,2,32,"[3,6]","","[1,1]","","[2,2]","","[128,128]","",84,0,0,"{L1:2}","{L1:2}",""
2978021613472,PHASE_B,147540,9507,MERGE_DONE,0,0,0,"","7","","2","","4","","256",84,546,546,"","",""
2978021613483,PHASE_B,147542,9507,MERGE_PUBLISH,0,1,32,"","7","","2","","4","","256",84,555,555,"{L1:2}","{L2:1}",""
2978021617201,PHASE_B,147778,9554,SEAL,0,2,32,"","8","","0","","1","","64",0,0,0,"{L2:1}","{L0:1, L2:1}",""
2978021621751,PHASE_B,148109,9619,SEAL,0,3,32,"","9","","0","","1","","64",0,0,0,"{L0:1, L2:1}","{L0:2, L2:1}",""
2978021621776,PHASE_B,148109,9619,MERGE_SUBMIT,0,3,32,"","","","","","","","",0,0,0,"{L0:2, L2:1}","{L0:2, L2:1}",""
2978021621881,PHASE_B,148109,9619,MERGE_START,0,3,32,"[8,9]","","[0,0]","","[1,1]","","[64,64]","",86,0,0,"{L0:2, L2:1}","{L0:2, L2:1}",""
2978021622194,PHASE_B,148128,9628,MERGE_DONE,0,0,0,"","10","","1","","2","","128",86,330,329,"","",""
2978021622217,PHASE_B,148134,9628,MERGE_PUBLISH,0,2,32,"","10","","1","","2","","128",86,352,350,"{L0:2, L2:1}","{L1:1, L2:1}",""
2978021626215,PHASE_B,148413,9681,SEAL,0,3,32,"","11","","0","","1","","64",0,0,0,"{L1:1, L2:1}","{L0:1, L1:1, L2:1}",""
2978021630780,PHASE_B,148740,9747,SEAL,0,4,32,"","12","","0","","1","","64",0,0,0,"{L0:1, L1:1, L2:1}","{L0:2, L1:1, L2:1}",""
2978021630807,PHASE_B,148740,9747,MERGE_SUBMIT,0,4,32,"","","","","","","","",0,0,0,"{L0:2, L1:1, L2:1}","{L0:2, L1:1, L2:1}",""
2978021630912,PHASE_B,148745,9749,MERGE_START,0,4,32,"[11,12]","","[0,0]","","[1,1]","","[64,64]","",86,0,0,"{L0:2, L1:1, L2:1}","{L0:2, L1:1, L2:1}",""
2978021631243,PHASE_B,148745,9749,MERGE_DONE,0,0,0,"","13","","1","","2","","128",86,349,348,"","",""
2978021631250,PHASE_B,148745,9749,MERGE_DISCARD,0,4,32,"","","","","","","","",86,356,0,"{L0:2, L1:1, L2:1}","{L0:2, L1:1, L2:1}",""
2978021635901,PHASE_B,149059,9810,SEAL,0,1,32,"","1","","0","","1","","64",0,0,0,"{}","{L0:1}",""
2978021640497,PHASE_B,149379,9875,SEAL,0,2,32,"","2","","0","","1","","64",0,0,0,"{L0:1}","{L0:2}",""
2978021640526,PHASE_B,149379,9875,MERGE_SUBMIT,0,2,32,"","","","","","","","",0,0,0,"{L0:2}","{L0:2}",""
2978021640632,PHASE_B,149392,9877,MERGE_START,0,2,32,"[1,2]","","[0,0]","","[1,1]","","[64,64]","",89,0,0,"{L0:2}","{L0:2}",""
2978021640934,PHASE_B,149410,9880,MERGE_DONE,0,0,0,"","3","","1","","2","","128",89,318,317,"","",""
2978021640946,PHASE_B,149410,9880,MERGE_PUBLISH,0,1,32,"","3","","1","","2","","128",89,328,327,"{L0:2}","{L1:1}",""
2978021645274,PHASE_B,149704,9939,SEAL,0,2,32,"","4","","0","","1","","64",0,0,0,"{L1:1}","{L0:1, L1:1}",""
2978021649995,PHASE_B,150017,10002,SEAL,0,3,32,"","5","","0","","1","","64",0,0,0,"{L0:1, L1:1}","{L0:2, L1:1}",""
2978021650036,PHASE_B,150017,10002,MERGE_SUBMIT,0,3,32,"","","","","","","","",0,0,0,"{L0:2, L1:1}","{L0:2, L1:1}",""
2978021650135,PHASE_B,150032,10006,MERGE_START,0,3,32,"[4,5]","","[0,0]","","[1,1]","","[64,64]","",84,0,0,"{L0:2, L1:1}","{L0:2, L1:1}",""
2978021650427,PHASE_B,150061,10010,MERGE_DONE,0,0,0,"","6","","1","","2","","128",84,308,308,"","",""
2978021650442,PHASE_B,150061,10010,MERGE_PUBLISH,0,2,32,"","6","","1","","2","","128",84,322,321,"{L0:2, L1:1}","{L1:2}",""
2978021650458,PHASE_B,150061,10010,MERGE_SUBMIT,7,2,32,"","","","","","","","",0,0,0,"{L1:2}","{L1:2}",""
2978021650562,PHASE_B,150069,10013,MERGE_START,0,2,32,"[3,6]","","[1,1]","","[2,2]","","[128,128]","",91,0,0,"{L1:2}","{L1:2}",""
2978021651128,PHASE_B,150106,10020,MERGE_DONE,0,0,0,"","7","","2","","4","","256",91,583,583,"","",""
2978021651156,PHASE_B,150106,10020,MERGE_PUBLISH,0,1,32,"","7","","2","","4","","256",91,610,609,"{L1:2}","{L2:1}",""
2978021654666,PHASE_B,150344,10068,SEAL,0,2,32,"","8","","0","","1","","64",0,0,0,"{L2:1}","{L0:1, L2:1}",""
2978021659159,PHASE_B,150662,10132,SEAL,0,3,32,"","9","","0","","1","","64",0,0,0,"{L0:1, L2:1}","{L0:2, L2:1}",""
2978021659182,PHASE_B,150662,10132,MERGE_SUBMIT,0,3,32,"","","","","","","","",0,0,0,"{L0:2, L2:1}","{L0:2, L2:1}",""
2978021659283,PHASE_B,150670,10133,MERGE_START,0,3,32,"[8,9]","","[0,0]","","[1,1]","","[64,64]","",82,0,0,"{L0:2, L2:1}","{L0:2, L2:1}",""
2978021659621,PHASE_B,150698,10137,MERGE_DONE,0,0,0,"","10","","1","","2","","128",82,355,354,"","",""
2978021659634,PHASE_B,150698,10137,MERGE_PUBLISH,0,2,32,"","10","","1","","2","","128",82,366,365,"{L0:2, L2:1}","{L1:1, L2:1}",""
2978021663799,PHASE_B,150983,10195,SEAL,0,3,32,"","11","","0","","1","","64",0,0,0,"{L1:1, L2:1}","{L0:1, L1:1, L2:1}",""
2978021668189,PHASE_B,151304,10259,SEAL,0,4,32,"","12","","0","","1","","64",0,0,0,"{L0:1, L1:1, L2:1}","{L0:2, L1:1, L2:1}",""
2978021668213,PHASE_B,151304,10259,MERGE_SUBMIT,0,4,32,"","","","","","","","",0,0,0,"{L0:2, L1:1, L2:1}","{L0:2, L1:1, L2:1}",""
2978021668317,PHASE_B,151312,10262,MERGE_START,0,4,32,"[11,12]","","[0,0]","","[1,1]","","[64,64]","",84,0,0,"{L0:2, L1:1, L2:1}","{L0:2, L1:1, L2:1}",""
2978021668609,PHASE_B,151313,10262,MERGE_DONE,0,0,0,"","13","","1","","2","","128",84,311,310,"","",""
2978021668616,PHASE_B,151313,10262,MERGE_DISCARD,0,4,32,"","","","","","","","",84,317,0,"{L0:2, L1:1, L2:1}","{L0:2, L1:1, L2:1}",""
2978021673234,PHASE_B,151633,10325,SEAL,0,1,32,"","1","","0","","1","","64",0,0,0,"{}","{L0:1}",""
2978021677620,PHASE_B,151942,10388,SEAL,0,2,32,"","2","","0","","1","","64",0,0,0,"{L0:1}","{L0:2}",""
2978021677646,PHASE_B,151942,10388,MERGE_SUBMIT,0,2,32,"","","","","","","","",0,0,0,"{L0:2}","{L0:2}",""
2978021677749,PHASE_B,151961,10391,MERGE_START,0,2,32,"[1,2]","","[0,0]","","[1,1]","","[64,64]","",85,0,0,"{L0:2}","{L0:2}",""
2978021678044,PHASE_B,151983,10396,MERGE_DONE,0,0,0,"","3","","1","","2","","128",85,310,309,"","",""
2978021678055,PHASE_B,151983,10396,MERGE_PUBLISH,0,1,32,"","3","","1","","2","","128",85,321,319,"{L0:2}","{L1:1}",""
2978021682150,PHASE_B,152271,10453,SEAL,0,2,32,"","4","","0","","1","","64",0,0,0,"{L1:1}","{L0:1, L1:1}",""
2978021686475,PHASE_B,152582,10516,SEAL,0,3,32,"","5","","0","","1","","64",0,0,0,"{L0:1, L1:1}","{L0:2, L1:1}",""
2978021686495,PHASE_B,152582,10516,MERGE_SUBMIT,0,3,32,"","","","","","","","",0,0,0,"{L0:2, L1:1}","{L0:2, L1:1}",""
2978021686596,PHASE_B,152601,10519,MERGE_START,0,3,32,"[4,5]","","[0,0]","","[1,1]","","[64,64]","",82,0,0,"{L0:2, L1:1}","{L0:2, L1:1}",""
2978021686863,PHASE_B,152616,10522,MERGE_DONE,0,0,0,"","6","","1","","2","","128",82,284,284,"","",""
2978021686875,PHASE_B,152616,10522,MERGE_PUBLISH,0,2,32,"","6","","1","","2","","128",82,295,294,"{L0:2, L1:1}","{L1:2}",""
2978021686911,PHASE_B,152617,10522,MERGE_SUBMIT,4,2,32,"","","","","","","","",0,0,0,"{L1:2}","{L1:2}",""
2978021686988,PHASE_B,152623,10524,MERGE_START,0,2,32,"[3,6]","","[1,1]","","[2,2]","","[128,128]","",80,0,0,"{L1:2}","{L1:2}",""
2978021687666,PHASE_B,152647,10529,MERGE_DONE,0,0,0,"","7","","2","","4","","256",80,680,680,"","",""
2978021687677,PHASE_B,152647,10529,MERGE_PUBLISH,0,1,32,"","7","","2","","4","","256",80,689,689,"{L1:2}","{L2:1}",""
2978021695496,PHASE_B,152906,10580,SEAL,0,2,32,"","8","","0","","1","","64",0,0,0,"{L2:1}","{L0:1, L2:1}",""
2978021702407,PHASE_B,153230,10644,SEAL,0,3,32,"","9","","0","","1","","64",0,0,0,"{L0:1, L2:1}","{L0:2, L2:1}",""
2978021702444,PHASE_B,153230,10644,MERGE_SUBMIT,0,3,32,"","","","","","","","",0,0,0,"{L0:2, L2:1}","{L0:2, L2:1}",""
2978021702548,PHASE_B,153234,10646,MERGE_START,0,3,32,"[8,9]","","[0,0]","","[1,1]","","[64,64]","",87,0,0,"{L0:2, L2:1}","{L0:2, L2:1}",""
2978021702889,PHASE_B,153268,10652,MERGE_DONE,0,0,0,"","10","","1","","2","","128",87,359,358,"","",""
2978021702919,PHASE_B,153268,10652,MERGE_PUBLISH,0,2,32,"","10","","1","","2","","128",87,387,385,"{L0:2, L2:1}","{L1:1, L2:1}",""
2978021709790,PHASE_B,153546,10707,SEAL,0,3,32,"","11","","0","","1","","64",0,0,0,"{L1:1, L2:1}","{L0:1, L1:1, L2:1}",""
2978021718166,PHASE_B,153867,10773,SEAL,0,4,32,"","12","","0","","1","","64",0,0,0,"{L0:1, L1:1, L2:1}","{L0:2, L1:1, L2:1}",""
2978021718194,PHASE_B,153867,10773,MERGE_SUBMIT,0,4,32,"","","","","","","","",0,0,0,"{L0:2, L1:1, L2:1}","{L0:2, L1:1, L2:1}",""
2978021718296,PHASE_B,153867,10773,MERGE_START,0,4,32,"[11,12]","","[0,0]","","[1,1]","","[64,64]","",83,0,0,"{L0:2, L1:1, L2:1}","{L0:2, L1:1, L2:1}",""
2978021718590,PHASE_B,153880,10776,MERGE_DONE,0,0,0,"","13","","1","","2","","128",83,313,312,"","",""
2978021718597,PHASE_B,153880,10776,MERGE_DISCARD,0,4,32,"","","","","","","","",83,319,0,"{L0:2, L1:1, L2:1}","{L0:2, L1:1, L2:1}",""
2978021723939,PHASE_B,154194,10836,SEAL,0,1,32,"","1","","0","","1","","64",0,0,0,"{}","{L0:1}",""
2978021729290,PHASE_B,154512,10901,SEAL,0,2,32,"","2","","0","","1","","64",0,0,0,"{L0:1}","{L0:2}",""
2978021729312,PHASE_B,154512,10901,MERGE_SUBMIT,0,2,32,"","","","","","","","",0,0,0,"{L0:2}","{L0:2}",""
2978021729415,PHASE_B,154528,10904,MERGE_START,0,2,32,"[1,2]","","[0,0]","","[1,1]","","[64,64]","",86,0,0,"{L0:2}","{L0:2}",""
2978021729683,PHASE_B,154543,10907,MERGE_DONE,0,0,0,"","3","","1","","2","","128",86,284,283,"","",""
2978021729696,PHASE_B,154543,10907,MERGE_PUBLISH,0,1,32,"","3","","1","","2","","128",86,296,295,"{L0:2}","{L1:1}",""
2978021734503,PHASE_B,154842,10967,SEAL,0,2,32,"","4","","0","","1","","64",0,0,0,"{L1:1}","{L0:1, L1:1}",""
2978021739601,PHASE_B,155166,11031,SEAL,0,3,32,"","5","","0","","1","","64",0,0,0,"{L0:1, L1:1}","{L0:2, L1:1}",""
2978021739626,PHASE_B,155166,11031,MERGE_SUBMIT,0,3,32,"","","","","","","","",0,0,0,"{L0:2, L1:1}","{L0:2, L1:1}",""
2978021739658,PHASE_B,155166,11031,MERGE_START,0,3,32,"[4,5]","","[0,0]","","[1,1]","","[64,64]","",18,0,0,"{L0:2, L1:1}","{L0:2, L1:1}",""
2978021739958,PHASE_B,155188,11037,MERGE_DONE,0,0,0,"","6","","1","","2","","128",18,314,314,"","",""
2978021739971,PHASE_B,155189,11037,MERGE_PUBLISH,0,2,32,"","6","","1","","2","","128",18,325,324,"{L0:2, L1:1}","{L1:2}",""
2978021739983,PHASE_B,155190,11037,MERGE_SUBMIT,5,2,32,"","","","","","","","",0,0,0,"{L1:2}","{L1:2}",""
2978021739994,PHASE_B,155191,11037,MERGE_START,0,2,32,"[3,6]","","[1,1]","","[2,2]","","[128,128]","",12,0,0,"{L1:2}","{L1:2}",""
2978021740182,PHASE_B,155208,11040,MERGE_DONE,0,0,0,"","7","","2","","4","","256",12,193,193,"","",""
2978021740187,PHASE_B,155208,11040,MERGE_PUBLISH,0,1,32,"","7","","2","","4","","256",12,197,196,"{L1:2}","{L2:1}",""
2978021744792,PHASE_B,155469,11092,SEAL,0,2,32,"","8","","0","","1","","64",0,0,0,"{L2:1}","{L0:1, L2:1}",""
2978021749873,PHASE_B,155798,11158,SEAL,0,3,32,"","9","","0","","1","","64",0,0,0,"{L0:1, L2:1}","{L0:2, L2:1}",""
2978021749903,PHASE_B,155798,11158,MERGE_SUBMIT,0,3,32,"","","","","","","","",0,0,0,"{L0:2, L2:1}","{L0:2, L2:1}",""
2978021749956,PHASE_B,155798,11158,MERGE_START,0,3,32,"[8,9]","","[0,0]","","[1,1]","","[64,64]","",35,0,0,"{L0:2, L2:1}","{L0:2, L2:1}",""
2978021750300,PHASE_B,155832,11164,MERGE_DONE,0,0,0,"","10","","1","","2","","128",35,359,359,"","",""
2978021750314,PHASE_B,155832,11164,MERGE_PUBLISH,0,2,32,"","10","","1","","2","","128",35,372,371,"{L0:2, L2:1}","{L1:1, L2:1}",""
2978021755132,PHASE_B,156107,11222,SEAL,0,3,32,"","11","","0","","1","","64",0,0,0,"{L1:1, L2:1}","{L0:1, L1:1, L2:1}",""
2978021760260,PHASE_B,156429,11285,SEAL,0,4,32,"","12","","0","","1","","64",0,0,0,"{L0:1, L1:1, L2:1}","{L0:2, L1:1, L2:1}",""
2978021760291,PHASE_B,156429,11285,MERGE_SUBMIT,0,4,32,"","","","","","","","",0,0,0,"{L0:2, L1:1, L2:1}","{L0:2, L1:1, L2:1}",""
2978021760394,PHASE_B,156446,11289,MERGE_START,0,4,32,"[11,12]","","[0,0]","","[1,1]","","[64,64]","",84,0,0,"{L0:2, L1:1, L2:1}","{L0:2, L1:1, L2:1}",""
2978021760692,PHASE_B,156451,11289,MERGE_DONE,0,0,0,"","13","","1","","2","","128",84,317,316,"","",""
2978021760714,PHASE_B,156451,11289,MERGE_DISCARD,0,4,32,"","","","","","","","",84,339,0,"{L0:2, L1:1, L2:1}","{L0:2, L1:1, L2:1}",""
2978021766231,PHASE_B,156768,11352,SEAL,0,1,32,"","1","","0","","1","","64",0,0,0,"{}","{L0:1}",""
2978021771375,PHASE_B,157087,11416,SEAL,0,2,32,"","2","","0","","1","","64",0,0,0,"{L0:1}","{L0:2}",""
2978021771398,PHASE_B,157087,11416,MERGE_SUBMIT,0,2,32,"","","","","","","","",0,0,0,"{L0:2}","{L0:2}",""
2978021771471,PHASE_B,157094,11417,MERGE_START,0,2,32,"[1,2]","","[0,0]","","[1,1]","","[64,64]","",59,0,0,"{L0:2}","{L0:2}",""
2978021771566,PHASE_B,157102,11419,MERGE_DONE,0,0,0,"","3","","1","","2","","128",59,111,99,"","",""
2978021771579,PHASE_B,157102,11419,MERGE_PUBLISH,0,1,32,"","3","","1","","2","","128",59,123,107,"{L0:2}","{L1:1}",""
2978021776594,PHASE_B,157408,11480,SEAL,0,2,32,"","4","","0","","1","","64",0,0,0,"{L1:1}","{L0:1, L1:1}",""
2978021781810,PHASE_B,157720,11543,SEAL,0,3,32,"","5","","0","","1","","64",0,0,0,"{L0:1, L1:1}","{L0:2, L1:1}",""
2978021781837,PHASE_B,157720,11543,MERGE_SUBMIT,0,3,32,"","","","","","","","",0,0,0,"{L0:2, L1:1}","{L0:2, L1:1}",""
2978021781949,PHASE_B,157735,11546,MERGE_START,0,3,32,"[4,5]","","[0,0]","","[1,1]","","[64,64]","",94,0,0,"{L0:2, L1:1}","{L0:2, L1:1}",""
2978021782275,PHASE_B,157761,11550,MERGE_DONE,0,0,0,"","6","","1","","2","","128",94,342,341,"","",""
2978021782287,PHASE_B,157761,11550,MERGE_PUBLISH,0,2,32,"","6","","1","","2","","128",94,354,353,"{L0:2, L1:1}","{L1:2}",""
2978021782301,PHASE_B,157761,11550,MERGE_SUBMIT,7,2,32,"","","","","","","","",0,0,0,"{L1:2}","{L1:2}",""
2978021782363,PHASE_B,157767,11553,MERGE_START,0,2,32,"[3,6]","","[1,1]","","[2,2]","","[128,128]","",64,0,0,"{L1:2}","{L1:2}",""
2978021782865,PHASE_B,157813,11560,MERGE_DONE,0,0,0,"","7","","2","","4","","256",64,505,505,"","",""
2978021782878,PHASE_B,157814,11560,MERGE_PUBLISH,0,1,32,"","7","","2","","4","","256",64,513,513,"{L1:2}","{L2:1}",""
2978021786894,PHASE_B,158044,11608,SEAL,0,2,32,"","8","","0","","1","","64",0,0,0,"{L2:1}","{L0:1, L2:1}",""
2978021792172,PHASE_B,158359,11670,SEAL,0,3,32,"","9","","0","","1","","64",0,0,0,"{L0:1, L2:1}","{L0:2, L2:1}",""
2978021792197,PHASE_B,158359,11670,MERGE_SUBMIT,0,3,32,"","","","","","","","",0,0,0,"{L0:2, L2:1}","{L0:2, L2:1}",""
2978021792267,PHASE_B,158367,11673,MERGE_START,0,3,32,"[8,9]","","[0,0]","","[1,1]","","[64,64]","",56,0,0,"{L0:2, L2:1}","{L0:2, L2:1}",""
2978021792395,PHASE_B,158380,11676,MERGE_DONE,0,0,0,"","10","","1","","2","","128",56,144,132,"","",""
2978021792399,PHASE_B,158381,11676,MERGE_PUBLISH,0,2,32,"","10","","1","","2","","128",56,148,136,"{L0:2, L2:1}","{L1:1, L2:1}",""
2978021797359,PHASE_B,158687,11736,SEAL,0,3,32,"","11","","0","","1","","64",0,0,0,"{L1:1, L2:1}","{L0:1, L1:1, L2:1}",""
2978021802476,PHASE_B,159002,11799,SEAL,0,4,32,"","12","","0","","1","","64",0,0,0,"{L0:1, L1:1, L2:1}","{L0:2, L1:1, L2:1}",""
2978021802507,PHASE_B,159002,11799,MERGE_SUBMIT,0,4,32,"","","","","","","","",0,0,0,"{L0:2, L1:1, L2:1}","{L0:2, L1:1, L2:1}",""
2978021802614,PHASE_B,159014,11802,MERGE_START,0,4,32,"[11,12]","","[0,0]","","[1,1]","","[64,64]","",90,0,0,"{L0:2, L1:1, L2:1}","{L0:2, L1:1, L2:1}",""
2978021802911,PHASE_B,159015,11802,MERGE_DONE,0,0,0,"","13","","1","","2","","128",90,316,315,"","",""
2978021802918,PHASE_B,159015,11802,MERGE_DISCARD,0,4,32,"","","","","","","","",90,322,0,"{L0:2, L1:1, L2:1}","{L0:2, L1:1, L2:1}",""
2978021808213,PHASE_B,159323,11864,SEAL,0,1,32,"","1","","0","","1","","64",0,0,0,"{}","{L0:1}",""
2978021813232,PHASE_B,159653,11929,SEAL,0,2,32,"","2","","0","","1","","64",0,0,0,"{L0:1}","{L0:2}",""
2978021813254,PHASE_B,159653,11929,MERGE_SUBMIT,0,2,32,"","","","","","","","",0,0,0,"{L0:2}","{L0:2}",""
2978021813357,PHASE_B,159660,11930,MERGE_START,0,2,32,"[1,2]","","[0,0]","","[1,1]","","[64,64]","",85,0,0,"{L0:2}","{L0:2}",""
2978021813657,PHASE_B,159683,11936,MERGE_DONE,0,0,0,"","3","","1","","2","","128",85,315,314,"","",""
2978021813685,PHASE_B,159688,11937,MERGE_PUBLISH,0,1,32,"","3","","1","","2","","128",85,342,341,"{L0:2}","{L1:1}",""
2978021818329,PHASE_B,159968,11992,SEAL,0,2,32,"","4","","0","","1","","64",0,0,0,"{L1:1}","{L0:1, L1:1}",""
2978021823509,PHASE_B,160291,12057,SEAL,0,3,32,"","5","","0","","1","","64",0,0,0,"{L0:1, L1:1}","{L0:2, L1:1}",""
2978021823537,PHASE_B,160291,12057,MERGE_SUBMIT,0,3,32,"","","","","","","","",0,0,0,"{L0:2, L1:1}","{L0:2, L1:1}",""
2978021823612,PHASE_B,160301,12058,MERGE_START,0,3,32,"[4,5]","","[0,0]","","[1,1]","","[64,64]","",62,0,0,"{L0:2, L1:1}","{L0:2, L1:1}",""
2978021823732,PHASE_B,160308,12060,MERGE_DONE,0,0,0,"","6","","1","","2","","128",62,136,124,"","",""
2978021823736,PHASE_B,160308,12060,MERGE_PUBLISH,0,2,32,"","6","","1","","2","","128",62,140,128,"{L0:2, L1:1}","{L1:2}",""
2978021823741,PHASE_B,160308,12060,MERGE_SUBMIT,3,2,32,"","","","","","","","",0,0,0,"{L1:2}","{L1:2}",""
2978021823778,PHASE_B,160310,12060,MERGE_START,0,2,32,"[3,6]","","[1,1]","","[2,2]","","[128,128]","",22,0,0,"{L1:2}","{L1:2}",""
2978021823936,PHASE_B,160318,12064,MERGE_DONE,0,0,0,"","7","","2","","4","","256",22,175,175,"","",""
2978021823940,PHASE_B,160318,12064,MERGE_PUBLISH,0,1,32,"","7","","2","","4","","256",22,178,178,"{L1:2}","{L2:1}",""
2978021828492,PHASE_B,160602,12120,SEAL,0,2,32,"","8","","0","","1","","64",0,0,0,"{L2:1}","{L0:1, L2:1}",""
2978021833404,PHASE_B,160925,12183,SEAL,0,3,32,"","9","","0","","1","","64",0,0,0,"{L0:1, L2:1}","{L0:2, L2:1}",""
2978021833427,PHASE_B,160925,12183,MERGE_SUBMIT,0,3,32,"","","","","","","","",0,0,0,"{L0:2, L2:1}","{L0:2, L2:1}",""
2978021833536,PHASE_B,160931,12187,MERGE_START,0,3,32,"[8,9]","","[0,0]","","[1,1]","","[64,64]","",91,0,0,"{L0:2, L2:1}","{L0:2, L2:1}",""
2978021833879,PHASE_B,160966,12191,MERGE_DONE,0,0,0,"","10","","1","","2","","128",91,360,359,"","",""
2978021833892,PHASE_B,160966,12191,MERGE_PUBLISH,0,2,32,"","10","","1","","2","","128",91,371,370,"{L0:2, L2:1}","{L1:1, L2:1}",""
2978021838577,PHASE_B,161245,12248,SEAL,0,3,32,"","11","","0","","1","","64",0,0,0,"{L1:1, L2:1}","{L0:1, L1:1, L2:1}",""
2978021843614,PHASE_B,161575,12312,SEAL,0,4,32,"","12","","0","","1","","64",0,0,0,"{L0:1, L1:1, L2:1}","{L0:2, L1:1, L2:1}",""
2978021843643,PHASE_B,161575,12312,MERGE_SUBMIT,0,4,32,"","","","","","","","",0,0,0,"{L0:2, L1:1, L2:1}","{L0:2, L1:1, L2:1}",""
2978021843747,PHASE_B,161580,12314,MERGE_START,0,4,32,"[11,12]","","[0,0]","","[1,1]","","[64,64]","",85,0,0,"{L0:2, L1:1, L2:1}","{L0:2, L1:1, L2:1}",""
2978021844066,PHASE_B,161595,12319,MERGE_DONE,0,0,0,"","13","","1","","2","","128",85,337,336,"","",""
2978021844081,PHASE_B,161595,12319,MERGE_PUBLISH,0,3,32,"","13","","1","","2","","128",85,350,348,"{L0:2, L1:1, L2:1}","{L1:2, L2:1}",""
2978021844096,PHASE_B,161596,12319,MERGE_SUBMIT,5,3,32,"","","","","","","","",0,0,0,"{L1:2, L2:1}","{L1:2, L2:1}",""
2978021844169,PHASE_B,161596,12319,MERGE_DISCARD,0,3,32,"","","","","","","","",65,0,0,"{L1:2, L2:1}","{L1:2, L2:1}",""
2978021849455,PHASE_B,161912,12381,SEAL,0,1,32,"","1","","0","","1","","64",0,0,0,"{}","{L0:1}",""
2978021854305,PHASE_B,162226,12443,SEAL,0,2,32,"","2","","0","","1","","64",0,0,0,"{L0:1}","{L0:2}",""
2978021854333,PHASE_B,162226,12443,MERGE_SUBMIT,0,2,32,"","","","","","","","",0,0,0,"{L0:2}","{L0:2}",""
2978021854380,PHASE_B,162231,12447,MERGE_START,0,2,32,"[1,2]","","[0,0]","","[1,1]","","[64,64]","",31,0,0,"{L0:2}","{L0:2}",""
2978021854647,PHASE_B,162261,12452,MERGE_DONE,0,0,0,"","3","","1","","2","","128",31,283,282,"","",""
2978021854658,PHASE_B,162263,12452,MERGE_PUBLISH,0,1,32,"","3","","1","","2","","128",31,292,291,"{L0:2}","{L1:1}",""
2978021859745,PHASE_B,162547,12510,SEAL,0,2,32,"","4","","0","","1","","64",0,0,0,"{L1:1}","{L0:1, L1:1}",""
2978021866092,PHASE_B,162872,12573,SEAL,0,3,32,"","5","","0","","1","","64",0,0,0,"{L0:1, L1:1}","{L0:2, L1:1}",""
2978021866117,PHASE_B,162872,12573,MERGE_SUBMIT,0,3,32,"","","","","","","","",0,0,0,"{L0:2, L1:1}","{L0:2, L1:1}",""
2978021866221,PHASE_B,162879,12575,MERGE_START,0,3,32,"[4,5]","","[0,0]","","[1,1]","","[64,64]","",87,0,0,"{L0:2, L1:1}","{L0:2, L1:1}",""
2978021866522,PHASE_B,162902,12580,MERGE_DONE,0,0,0,"","6","","1","","2","","128",87,317,317,"","",""
2978021866534,PHASE_B,162904,12580,MERGE_PUBLISH,0,2,32,"","6","","1","","2","","128",87,328,327,"{L0:2, L1:1}","{L1:2}",""
2978021866548,PHASE_B,162904,12580,MERGE_SUBMIT,5,2,32,"","","","","","","","",0,0,0,"{L1:2}","{L1:2}",""
2978021866600,PHASE_B,162908,12580,MERGE_START,0,2,32,"[3,6]","","[1,1]","","[2,2]","","[128,128]","",40,0,0,"{L1:2}","{L1:2}",""
2978021867109,PHASE_B,162956,12590,MERGE_DONE,0,0,0,"","7","","2","","4","","256",40,527,525,"","",""
2978021867115,PHASE_B,162956,12590,MERGE_PUBLISH,0,1,32,"","7","","2","","4","","256",40,533,531,"{L1:2}","{L2:1}",""
2978021871173,PHASE_B,163195,12638,SEAL,0,2,32,"","8","","0","","1","","64",0,0,0,"{L2:1}","{L0:1, L2:1}",""
2978021877394,PHASE_B,163523,12702,SEAL,0,3,32,"","9","","0","","1","","64",0,0,0,"{L0:1, L2:1}","{L0:2, L2:1}",""
2978021877423,PHASE_B,163523,12702,MERGE_SUBMIT,0,3,32,"","","","","","","","",0,0,0,"{L0:2, L2:1}","{L0:2, L2:1}",""
2978021877527,PHASE_B,163526,12704,MERGE_START,0,3,32,"[8,9]","","[0,0]","","[1,1]","","[64,64]","",86,0,0,"{L0:2, L2:1}","{L0:2, L2:1}",""
2978021877846,PHASE_B,163553,12710,MERGE_DONE,0,0,0,"","10","","1","","2","","128",86,336,335,"","",""
2978021877860,PHASE_B,163553,12710,MERGE_PUBLISH,0,2,32,"","10","","1","","2","","128",86,348,347,"{L0:2, L2:1}","{L1:1, L2:1}",""
2978021882742,PHASE_B,163835,12765,SEAL,0,3,32,"","11","","0","","1","","64",0,0,0,"{L1:1, L2:1}","{L0:1, L1:1, L2:1}",""
2978021887604,PHASE_B,164153,12828,SEAL,0,4,32,"","12","","0","","1","","64",0,0,0,"{L0:1, L1:1, L2:1}","{L0:2, L1:1, L2:1}",""
2978021887630,PHASE_B,164153,12828,MERGE_SUBMIT,0,4,32,"","","","","","","","",0,0,0,"{L0:2, L1:1, L2:1}","{L0:2, L1:1, L2:1}",""
2978021887737,PHASE_B,164163,12831,MERGE_START,0,4,32,"[11,12]","","[0,0]","","[1,1]","","[64,64]","",88,0,0,"{L0:2, L1:1, L2:1}","{L0:2, L1:1, L2:1}",""
2978021888072,PHASE_B,164166,12834,MERGE_DONE,0,0,0,"","13","","1","","2","","128",88,354,353,"","",""
2978021888079,PHASE_B,164166,12834,MERGE_DISCARD,0,4,32,"","","","","","","","",88,361,0,"{L0:2, L1:1, L2:1}","{L0:2, L1:1, L2:1}",""
2978021893363,PHASE_B,164494,12896,SEAL,0,1,32,"","1","","0","","1","","64",0,0,0,"{}","{L0:1}",""
2978021898463,PHASE_B,164808,12961,SEAL,0,2,32,"","2","","0","","1","","64",0,0,0,"{L0:1}","{L0:2}",""
2978021898484,PHASE_B,164808,12961,MERGE_SUBMIT,0,2,32,"","","","","","","","",0,0,0,"{L0:2}","{L0:2}",""
2978021898552,PHASE_B,164812,12962,MERGE_START,0,2,32,"[1,2]","","[0,0]","","[1,1]","","[64,64]","",61,0,0,"{L0:2}","{L0:2}",""
2978021898700,PHASE_B,164828,12965,MERGE_DONE,0,0,0,"","3","","1","","2","","128",61,155,155,"","",""
2978021898705,PHASE_B,164829,12965,MERGE_PUBLISH,0,1,32,"","3","","1","","2","","128",61,161,160,"{L0:2}","{L1:1}",""
2978021903428,PHASE_B,165129,13024,SEAL,0,2,32,"","4","","0","","1","","64",0,0,0,"{L1:1}","{L0:1, L1:1}",""
2978021908395,PHASE_B,165450,13089,SEAL,0,3,32,"","5","","0","","1","","64",0,0,0,"{L0:1, L1:1}","{L0:2, L1:1}",""
2978021908418,PHASE_B,165450,13089,MERGE_SUBMIT,0,3,32,"","","","","","","","",0,0,0,"{L0:2, L1:1}","{L0:2, L1:1}",""
2978021908522,PHASE_B,165453,13090,MERGE_START,0,3,32,"[4,5]","","[0,0]","","[1,1]","","[64,64]","",84,0,0,"{L0:2, L1:1}","{L0:2, L1:1}",""
2978021908832,PHASE_B,165480,13097,MERGE_DONE,0,0,0,"","6","","1","","2","","128",84,328,327,"","",""
2978021908845,PHASE_B,165480,13097,MERGE_PUBLISH,0,2,32,"","6","","1","","2","","128",84,339,337,"{L0:2, L1:1}","{L1:2}",""
2978021908859,PHASE_B,165481,13097,MERGE_SUBMIT,7,2,32,"","","","","","","","",0,0,0,"{L1:2}","{L1:2}",""
2978021908894,PHASE_B,165485,13098,MERGE_START,0,2,32,"[3,6]","","[1,1]","","[2,2]","","[128,128]","",26,0,0,"{L1:2}","{L1:2}",""
2978021909450,PHASE_B,165536,13107,MERGE_DONE,0,0,0,"","7","","2","","4","","256",26,569,569,"","",""
2978021909475,PHASE_B,165538,13107,MERGE_PUBLISH,0,1,32,"","7","","2","","4","","256",26,593,592,"{L1:2}","{L2:1}",""
2978021913203,PHASE_B,165763,13151,SEAL,0,2,32,"","8","","0","","1","","64",0,0,0,"{L2:1}","{L0:1, L2:1}",""
2978021918219,PHASE_B,166096,13217,SEAL,0,3,32,"","9","","0","","1","","64",0,0,0,"{L0:1, L2:1}","{L0:2, L2:1}",""
2978021918241,PHASE_B,166096,13217,MERGE_SUBMIT,0,3,32,"","","","","","","","",0,0,0,"{L0:2, L2:1}","{L0:2, L2:1}",""
2978021918306,PHASE_B,166101,13218,MERGE_START,0,3,32,"[8,9]","","[0,0]","","[1,1]","","[64,64]","",58,0,0,"{L0:2, L2:1}","{L0:2, L2:1}",""
2978021918483,PHASE_B,166109,13221,MERGE_DONE,0,0,0,"","10","","1","","2","","128",58,184,184,"","",""
2978021918489,PHASE_B,166109,13221,MERGE_PUBLISH,0,2,32,"","10","","1","","2","","128",58,190,189,"{L0:2, L2:1}","{L1:1, L2:1}",""
2978021923078,PHASE_B,166410,13281,SEAL,0,3,32,"","11","","0","","1","","64",0,0,0,"{L1:1, L2:1}","{L0:1, L1:1, L2:1}",""
2978021927842,PHASE_B,166731,13344,SEAL,0,4,32,"","12","","0","","1","","64",0,0,0,"{L0:1, L1:1, L2:1}","{L0:2, L1:1, L2:1}",""
2978021927880,PHASE_B,166731,13344,MERGE_SUBMIT,0,4,32,"","","","","","","","",0,0,0,"{L0:2, L1:1, L2:1}","{L0:2, L1:1, L2:1}",""
2978021927985,PHASE_B,166738,13347,MERGE_START,0,4,32,"[11,12]","","[0,0]","","[1,1]","","[64,64]","",87,0,0,"{L0:2, L1:1, L2:1}","{L0:2, L1:1, L2:1}",""
2978021928303,PHASE_B,166739,13347,MERGE_DONE,0,0,0,"","13","","1","","2","","128",87,336,335,"","",""
2978021928309,PHASE_B,166739,13347,MERGE_DISCARD,0,4,32,"","","","","","","","",87,343,0,"{L0:2, L1:1, L2:1}","{L0:2, L1:1, L2:1}",""
2978021933323,PHASE_B,167047,13408,SEAL,0,1,32,"","1","","0","","1","","64",0,0,0,"{}","{L0:1}",""
2978021938370,PHASE_B,167374,13474,SEAL,0,2,32,"","2","","0","","1","","64",0,0,0,"{L0:1}","{L0:2}",""
2978021938391,PHASE_B,167374,13474,MERGE_SUBMIT,0,2,32,"","","","","","","","",0,0,0,"{L0:2}","{L0:2}",""
2978021938493,PHASE_B,167379,13477,MERGE_START,0,2,32,"[1,2]","","[0,0]","","[1,1]","","[64,64]","",85,0,0,"{L0:2}","{L0:2}",""
2978021938778,PHASE_B,167407,13482,MERGE_DONE,0,0,0,"","3","","1","","2","","128",85,300,299,"","",""
2978021938789,PHASE_B,167407,13482,MERGE_PUBLISH,0,1,32,"","3","","1","","2","","128",85,310,309,"{L0:2}","{L1:1}",""
2978021943085,PHASE_B,167694,13538,SEAL,0,2,32,"","4","","0","","1","","64",0,0,0,"{L1:1}","{L0:1, L1:1}",""
2978021947757,PHASE_B,168012,13602,SEAL,0,3,32,"","5","","0","","1","","64",0,0,0,"{L0:1, L1:1}","{L0:2, L1:1}",""
2978021947784,PHASE_B,168012,13602,MERGE_SUBMIT,0,3,32,"","","","","","","","",0,0,0,"{L0:2, L1:1}","{L0:2, L1:1}",""
2978021947853,PHASE_B,168016,13603,MERGE_START,0,3,32,"[4,5]","","[0,0]","","[1,1]","","[64,64]","",63,0,0,"{L0:2, L1:1}","{L0:2, L1:1}",""
2978021948020,PHASE_B,168035,13606,MERGE_DONE,0,0,0,"","6","","1","","2","","128",63,176,175,"","",""
2978021948026,PHASE_B,168036,13606,MERGE_PUBLISH,0,2,32,"","6","","1","","2","","128",63,181,180,"{L0:2, L1:1}","{L1:2}",""
2978021948033,PHASE_B,168037,13606,MERGE_SUBMIT,3,2,32,"","","","","","","","",0,0,0,"{L1:2}","{L1:2}",""
2978021948086,PHASE_B,168047,13607,MERGE_START,0,2,32,"[3,6]","","[1,1]","","[2,2]","","[128,128]","",53,0,0,"{L1:2}","{L1:2}",""
2978021948312,PHASE_B,168057,13608,MERGE_DONE,0,0,0,"","7","","2","","4","","256",53,228,228,"","",""
2978021948316,PHASE_B,168057,13608,MERGE_PUBLISH,0,1,32,"","7","","2","","4","","256",53,232,232,"{L1:2}","{L2:1}",""
2978021952549,PHASE_B,168340,13665,SEAL,0,2,32,"","8","","0","","1","","64",0,0,0,"{L2:1}","{L0:1, L2:1}",""
2978021957129,PHASE_B,168648,13728,SEAL,0,3,32,"","9","","0","","1","","64",0,0,0,"{L0:1, L2:1}","{L0:2, L2:1}",""
2978021957149,PHASE_B,168648,13728,MERGE_SUBMIT,0,3,32,"","","","","","","","",0,0,0,"{L0:2, L2:1}","{L0:2, L2:1}",""
2978021957250,PHASE_B,168659,13732,MERGE_START,0,3,32,"[8,9]","","[0,0]","","[1,1]","","[64,64]","",82,0,0,"{L0:2, L2:1}","{L0:2, L2:1}",""
2978021957588,PHASE_B,168698,13738,MERGE_DONE,0,0,0,"","10","","1","","2","","128",82,354,354,"","",""
2978021957618,PHASE_B,168699,13738,MERGE_PUBLISH,0,2,32,"","10","","1","","2","","128",82,382,381,"{L0:2, L2:1}","{L1:1, L2:1}",""
2978021961799,PHASE_B,168982,13794,SEAL,0,3,32,"","11","","0","","1","","64",0,0,0,"{L1:1, L2:1}","{L0:1, L1:1, L2:1}",""
2978021966462,PHASE_B,169285,13856,SEAL,0,4,32,"","12","","0","","1","","64",0,0,0,"{L0:1, L1:1, L2:1}","{L0:2, L1:1, L2:1}",""
2978021966483,PHASE_B,169285,13856,MERGE_SUBMIT,0,4,32,"","","","","","","","",0,0,0,"{L0:2, L1:1, L2:1}","{L0:2, L1:1, L2:1}",""
2978021966590,PHASE_B,169301,13859,MERGE_START,0,4,32,"[11,12]","","[0,0]","","[1,1]","","[64,64]","",88,0,0,"{L0:2, L1:1, L2:1}","{L0:2, L1:1, L2:1}",""
2978021966905,PHASE_B,169301,13859,MERGE_DONE,0,0,0,"","13","","1","","2","","128",88,333,332,"","",""
2978021966912,PHASE_B,169301,13859,MERGE_DISCARD,0,4,32,"","","","","","","","",88,340,0,"{L0:2, L1:1, L2:1}","{L0:2, L1:1, L2:1}",""
2978021971730,PHASE_B,169618,13922,SEAL,0,1,32,"","1","","0","","1","","64",0,0,0,"{}","{L0:1}",""
2978021976364,PHASE_B,169939,13986,SEAL,0,2,32,"","2","","0","","1","","64",0,0,0,"{L0:1}","{L0:2}",""
2978021976388,PHASE_B,169939,13986,MERGE_SUBMIT,0,2,32,"","","","","","","","",0,0,0,"{L0:2}","{L0:2}",""
2978021976405,PHASE_B,169939,13986,MERGE_START,0,2,32,"[1,2]","","[0,0]","","[1,1]","","[64,64]","",11,0,0,"{L0:2}","{L0:2}",""
2978021976569,PHASE_B,169945,13988,MERGE_DONE,0,0,0,"","3","","1","","2","","128",11,171,170,"","",""
2978021976576,PHASE_B,169945,13988,MERGE_PUBLISH,0,1,32,"","3","","1","","2","","128",11,176,175,"{L0:2}","{L1:1}",""
2978021981198,PHASE_B,170253,14048,SEAL,0,2,32,"","4","","0","","1","","64",0,0,0,"{L1:1}","{L0:1, L1:1}",""
2978021986014,PHASE_B,170579,14114,SEAL,0,3,32,"","5","","0","","1","","64",0,0,0,"{L0:1, L1:1}","{L0:2, L1:1}",""
2978021986045,PHASE_B,170579,14114,MERGE_SUBMIT,0,3,32,"","","","","","","","",0,0,0,"{L0:2, L1:1}","{L0:2, L1:1}",""
2978021986146,PHASE_B,170585,14117,MERGE_START,0,3,32,"[4,5]","","[0,0]","","[1,1]","","[64,64]","",84,0,0,"{L0:2, L1:1}","{L0:2, L1:1}",""
2978021986459,PHASE_B,170612,14122,MERGE_DONE,0,0,0,"","6","","1","","2","","128",84,330,329,"","",""
2978021986488,PHASE_B,170619,14123,MERGE_PUBLISH,0,2,32,"","6","","1","","2","","128",84,357,356,"{L0:2, L1:1}","{L1:2}",""
2978021986502,PHASE_B,170620,14123,MERGE_SUBMIT,8,2,32,"","","","","","","","",0,0,0,"{L1:2}","{L1:2}",""
2978021986562,PHASE_B,170624,14124,MERGE_START,0,2,32,"[3,6]","","[1,1]","","[2,2]","","[128,128]","",62,0,0,"{L1:2}","{L1:2}",""
2978021987078,PHASE_B,170667,14132,MERGE_DONE,0,0,0,"","7","","2","","4","","256",62,519,519,"","",""
2978021987088,PHASE_B,170667,14132,MERGE_PUBLISH,0,1,32,"","7","","2","","4","","256",62,527,527,"{L1:2}","{L2:1}",""
2978021990771,PHASE_B,170887,14177,SEAL,0,2,32,"","8","","0","","1","","64",0,0,0,"{L2:1}","{L0:1, L2:1}",""
2978021995483,PHASE_B,171206,14239,SEAL,0,3,32,"","9","","0","","1","","64",0,0,0,"{L0:1, L2:1}","{L0:2, L2:1}",""
2978021995517,PHASE_B,171206,14239,MERGE_SUBMIT,0,3,32,"","","","","","","","",0,0,0,"{L0:2, L2:1}","{L0:2, L2:1}",""
2978021995621,PHASE_B,171221,14244,MERGE_START,0,3,32,"[8,9]","","[0,0]","","[1,1]","","[64,64]","",87,0,0,"{L0:2, L2:1}","{L0:2, L2:1}",""
2978021995976,PHASE_B,171256,14250,MERGE_DONE,0,0,0,"","10","","1","","2","","128",87,371,371,"","",""
2978021995989,PHASE_B,171256,14250,MERGE_PUBLISH,0,2,32,"","10","","1","","2","","128",87,384,382,"{L0:2, L2:1}","{L1:1, L2:1}",""
2978022000075,PHASE_B,171532,14304,SEAL,0,3,32,"","11","","0","","1","","64",0,0,0,"{L1:1, L2:1}","{L0:1, L1:1, L2:1}",""
2978022004678,PHASE_B,171860,14370,SEAL,0,4,32,"","12","","0","","1","","64",0,0,0,"{L0:1, L1:1, L2:1}","{L0:2, L1:1, L2:1}",""
2978022004706,PHASE_B,171860,14370,MERGE_SUBMIT,0,4,32,"","","","","","","","",0,0,0,"{L0:2, L1:1, L2:1}","{L0:2, L1:1, L2:1}",""
2978022004834,PHASE_B,171862,14371,MERGE_START,0,4,32,"[11,12]","","[0,0]","","[1,1]","","[64,64]","",109,0,0,"{L0:2, L1:1, L2:1}","{L0:2, L1:1, L2:1}",""
2978022005159,PHASE_B,171876,14373,MERGE_DONE,0,0,0,"","13","","1","","2","","128",109,344,343,"","",""
2978022005166,PHASE_B,171876,14373,MERGE_DISCARD,0,4,32,"","","","","","","","",109,351,0,"{L0:2, L1:1, L2:1}","{L0:2, L1:1, L2:1}",""
2978022009967,PHASE_B,172184,14436,SEAL,0,1,32,"","1","","0","","1","","64",0,0,0,"{}","{L0:1}",""
2978022014514,PHASE_B,172509,14500,SEAL,0,2,32,"","2","","0","","1","","64",0,0,0,"{L0:1}","{L0:2}",""
2978022014537,PHASE_B,172509,14500,MERGE_SUBMIT,0,2,32,"","","","","","","","",0,0,0,"{L0:2}","{L0:2}",""
2978022014621,PHASE_B,172518,14502,MERGE_START,0,2,32,"[1,2]","","[0,0]","","[1,1]","","[64,64]","",73,0,0,"{L0:2}","{L0:2}",""
2978022014826,PHASE_B,172532,14506,MERGE_DONE,0,0,0,"","3","","1","","2","","128",73,216,215,"","",""
2978022014833,PHASE_B,172532,14506,MERGE_PUBLISH,0,1,32,"","3","","1","","2","","128",73,223,222,"{L0:2}","{L1:1}",""
2978022019030,PHASE_B,172820,14563,SEAL,0,2,32,"","4","","0","","1","","64",0,0,0,"{L1:1}","{L0:1, L1:1}",""
2978022023716,PHASE_B,173142,14628,SEAL,0,3,32,"","5","","0","","1","","64",0,0,0,"{L0:1, L1:1}","{L0:2, L1:1}",""
2978022023742,PHASE_B,173142,14628,MERGE_SUBMIT,0,3,32,"","","","","","","","",0,0,0,"{L0:2, L1:1}","{L0:2, L1:1}",""
2978022023855,PHASE_B,173150,14630,MERGE_START,0,3,32,"[4,5]","","[0,0]","","[1,1]","","[64,64]","",87,0,0,"{L0:2, L1:1}","{L0:2, L1:1}",""
2978022024147,PHASE_B,173173,14633,MERGE_DONE,0,0,0,"","6","","1","","2","","128",87,317,317,"","",""
2978022024160,PHASE_B,173173,14633,MERGE_PUBLISH,0,2,32,"","6","","1","","2","","128",87,328,327,"{L0:2, L1:1}","{L1:2}",""
2978022024173,PHASE_B,173173,14633,MERGE_SUBMIT,4,2,32,"","","","","","","","",0,0,0,"{L1:2}","{L1:2}",""
2978022024242,PHASE_B,173173,14633,MERGE_START,0,2,32,"[3,6]","","[1,1]","","[2,2]","","[128,128]","",71,0,0,"{L1:2}","{L1:2}",""
2978022024751,PHASE_B,173207,14641,MERGE_DONE,0,0,0,"","7","","2","","4","","256",71,512,513,"","",""
2978022024761,PHASE_B,173207,14641,MERGE_PUBLISH,0,1,32,"","7","","2","","4","","256",71,520,520,"{L1:2}","{L2:1}",""
2978022028500,PHASE_B,173463,14692,SEAL,0,2,32,"","8","","0","","1","","64",0,0,0,"{L2:1}","{L0:1, L2:1}",""
2978022032776,PHASE_B,173791,14756,SEAL,0,3,32,"","9","","0","","1","","64",0,0,0,"{L0:1, L2:1}","{L0:2, L2:1}",""
2978022032802,PHASE_B,173791,14756,MERGE_SUBMIT,0,3,32,"","","","","","","","",0,0,0,"{L0:2, L2:1}","{L0:2, L2:1}",""
2978022032845,PHASE_B,173791,14756,MERGE_START,0,3,32,"[8,9]","","[0,0]","","[1,1]","","[64,64]","",26,0,0,"{L0:2, L2:1}","{L0:2, L2:1}",""
2978022033204,PHASE_B,173818,14763,MERGE_DONE,0,0,0,"","10","","1","","2","","128",26,375,375,"","",""
2978022033217,PHASE_B,173818,14763,MERGE_PUBLISH,0,2,32,"","10","","1","","2","","128",26,387,386,"{L0:2, L2:1}","{L1:1, L2:1}",""
2978022037445,PHASE_B,174094,14818,SEAL,0,3,32,"","11","","0","","1","","64",0,0,0,"{L1:1, L2:1}","{L0:1, L1:1, L2:1}",""
2978022042162,PHASE_B,174421,14884,SEAL,0,4,32,"","12","","0","","1","","64",0,0,0,"{L0:1, L1:1, L2:1}","{L0:2, L1:1, L2:1}",""
2978022042196,PHASE_B,174421,14884,MERGE_SUBMIT,0,4,32,"","","","","","","","",0,0,0,"{L0:2, L1:1, L2:1}","{L0:2, L1:1, L2:1}",""
2978022042247,PHASE_B,174424,14885,MERGE_START,0,4,32,"[11,12]","","[0,0]","","[1,1]","","[64,64]","",33,0,0,"{L0:2, L1:1, L2:1}","{L0:2, L1:1, L2:1}",""
2978022042556,PHASE_B,174434,14886,MERGE_DONE,0,0,0,"","13","","1","","2","","128",33,328,327,"","",""
2978022042563,PHASE_B,174434,14886,MERGE_DISCARD,0,4,32,"","","","","","","","",33,334,0,"{L0:2, L1:1, L2:1}","{L0:2, L1:1, L2:1}",""
2978022047211,PHASE_B,174752,14949,SEAL,0,1,32,"","1","","0","","1","","64",0,0,0,"{}","{L0:1}",""
2978022051490,PHASE_B,175065,15012,SEAL,0,2,32,"","2","","0","","1","","64",0,0,0,"{L0:1}","{L0:2}",""
2978022051522,PHASE_B,175065,15012,MERGE_SUBMIT,0,2,32,"","","","","","","","",0,0,0,"{L0:2}","{L0:2}",""
2978022051626,PHASE_B,175070,15014,MERGE_START,0,2,32,"[1,2]","","[0,0]","","[1,1]","","[64,64]","",88,0,0,"{L0:2}","{L0:2}",""
2978022051974,PHASE_B,175110,15021,MERGE_DONE,0,0,0,"","3","","1","","2","","128",88,364,363,"","",""
2978022051985,PHASE_B,175110,15021,MERGE_PUBLISH,0,1,32,"","3","","1","","2","","128",88,374,373,"{L0:2}","{L1:1}",""
2978022056052,PHASE_B,175393,15077,SEAL,0,2,32,"","4","","0","","1","","64",0,0,0,"{L1:1}","{L0:1, L1:1}",""
2978022060433,PHASE_B,175699,15137,SEAL,0,3,32,"","5","","0","","1","","64",0,0,0,"{L0:1, L1:1}","{L0:2, L1:1}",""
2978022060453,PHASE_B,175699,15137,MERGE_SUBMIT,0,3,32,"","","","","","","","",0,0,0,"{L0:2, L1:1}","{L0:2, L1:1}",""
2978022060470,PHASE_B,175699,15137,MERGE_START,0,3,32,"[4,5]","","[0,0]","","[1,1]","","[64,64]","",12,0,0,"{L0:2, L1:1}","{L0:2, L1:1}",""
2978022060588,PHASE_B,175705,15143,MERGE_DONE,0,0,0,"","6","","1","","2","","128",12,125,124,"","",""
2978022060593,PHASE_B,175707,15144,MERGE_PUBLISH,0,2,32,"","6","","1","","2","","128",12,129,128,"{L0:2, L1:1}","{L1:2}",""
2978022060598,PHASE_B,175708,15144,MERGE_SUBMIT,2,2,32,"","","","","","","","",0,0,0,"{L1:2}","{L1:2}",""
2978022060628,PHASE_B,175717,15144,MERGE_START,0,2,32,"[3,6]","","[1,1]","","[2,2]","","[128,128]","",30,0,0,"{L1:2}","{L1:2}",""
2978022060848,PHASE_B,175740,15148,MERGE_DONE,0,0,0,"","7","","2","","4","","256",30,220,220,"","",""
2978022060852,PHASE_B,175740,15148,MERGE_PUBLISH,0,1,32,"","7","","2","","4","","256",30,224,224,"{L1:2}","{L2:1}",""
2978022064775,PHASE_B,176023,15204,SEAL,0,2,32,"","8","","0","","1","","64",0,0,0,"{L2:1}","{L0:1, L2:1}",""
2978022069092,PHASE_B,176345,15268,SEAL,0,3,32,"","9","","0","","1","","64",0,0,0,"{L0:1, L2:1}","{L0:2, L2:1}",""
2978022069113,PHASE_B,176345,15268,MERGE_SUBMIT,0,3,32,"","","","","","","","",0,0,0,"{L0:2, L2:1}","{L0:2, L2:1}",""
2978022069137,PHASE_B,176349,15270,MERGE_START,0,3,32,"[8,9]","","[0,0]","","[1,1]","","[64,64]","",20,0,0,"{L0:2, L2:1}","{L0:2, L2:1}",""
2978022069275,PHASE_B,176367,15273,MERGE_DONE,0,0,0,"","10","","1","","2","","128",20,144,144,"","",""
2978022069280,PHASE_B,176367,15273,MERGE_PUBLISH,0,2,32,"","10","","1","","2","","128",20,148,148,"{L0:2, L2:1}","{L1:1, L2:1}",""
2978022073522,PHASE_B,176665,15332,SEAL,0,3,32,"","11","","0","","1","","64",0,0,0,"{L1:1, L2:1}","{L0:1, L1:1, L2:1}",""
2978022077754,PHASE_B,176990,15397,SEAL,0,4,32,"","12","","0","","1","","64",0,0,0,"{L0:1, L1:1, L2:1}","{L0:2, L1:1, L2:1}",""
2978022077778,PHASE_B,176990,15397,MERGE_SUBMIT,0,4,32,"","","","","","","","",0,0,0,"{L0:2, L1:1, L2:1}","{L0:2, L1:1, L2:1}",""
2978022077895,PHASE_B,177005,15400,MERGE_START,0,4,32,"[11,12]","","[0,0]","","[1,1]","","[64,64]","",92,0,0,"{L0:2, L1:1, L2:1}","{L0:2, L1:1, L2:1}",""
2978022078249,PHASE_B,177008,15400,MERGE_DONE,0,0,0,"","13","","1","","2","","128",92,376,375,"","",""
2978022078257,PHASE_B,177008,15400,MERGE_DISCARD,0,4,32,"","","","","","","","",92,385,0,"{L0:2, L1:1, L2:1}","{L0:2, L1:1, L2:1}",""
2978022082760,PHASE_B,177321,15462,SEAL,0,1,32,"","1","","0","","1","","64",0,0,0,"{}","{L0:1}",""
2978022087065,PHASE_B,177641,15526,SEAL,0,2,32,"","2","","0","","1","","64",0,0,0,"{L0:1}","{L0:2}",""
2978022087085,PHASE_B,177641,15526,MERGE_SUBMIT,0,2,32,"","","","","","","","",0,0,0,"{L0:2}","{L0:2}",""
2978022087095,PHASE_B,177641,15526,MERGE_START,0,2,32,"[1,2]","","[0,0]","","[1,1]","","[64,64]","",8,0,0,"{L0:2}","{L0:2}",""
2978022087204,PHASE_B,177641,15526,MERGE_DONE,0,0,0,"","3","","1","","2","","128",8,112,112,"","",""
2978022087207,PHASE_B,177642,15527,MERGE_PUBLISH,0,1,32,"","3","","1","","2","","128",8,115,115,"{L0:2}","{L1:1}",""
2978022091530,PHASE_B,177967,15591,SEAL,0,2,32,"","4","","0","","1","","64",0,0,0,"{L1:1}","{L0:1, L1:1}",""
2978022095904,PHASE_B,178286,15655,SEAL,0,3,32,"","5","","0","","1","","64",0,0,0,"{L0:1, L1:1}","{L0:2, L1:1}",""
2978022095924,PHASE_B,178286,15655,MERGE_SUBMIT,0,3,32,"","","","","","","","",0,0,0,"{L0:2, L1:1}","{L0:2, L1:1}",""
2978022095996,PHASE_B,178293,15657,MERGE_START,0,3,32,"[4,5]","","[0,0]","","[1,1]","","[64,64]","",55,0,0,"{L0:2, L1:1}","{L0:2, L1:1}",""
2978022096107,PHASE_B,178299,15659,MERGE_DONE,0,0,0,"","6","","1","","2","","128",55,128,127,"","",""
2978022096112,PHASE_B,178299,15659,MERGE_PUBLISH,0,2,32,"","6","","1","","2","","128",55,132,132,"{L0:2, L1:1}","{L1:2}",""
2978022096123,PHASE_B,178299,15659,MERGE_SUBMIT,3,2,32,"","","","","","","","",0,0,0,"{L1:2}","{L1:2}",""
2978022096147,PHASE_B,178299,15659,MERGE_START,0,2,32,"[3,6]","","[1,1]","","[2,2]","","[128,128]","",19,0,0,"{L1:2}","{L1:2}",""
2978022096370,PHASE_B,178323,15664,MERGE_DONE,0,0,0,"","7","","2","","4","","256",19,229,228,"","",""
2978022096375,PHASE_B,178323,15664,MERGE_PUBLISH,0,1,32,"","7","","2","","4","","256",19,234,233,"{L1:2}","{L2:1}",""
2978022100272,PHASE_B,178600,15718,SEAL,0,2,32,"","8","","0","","1","","64",0,0,0,"{L2:1}","{L0:1, L2:1}",""
2978022104646,PHASE_B,178923,15783,SEAL,0,3,32,"","9","","0","","1","","64",0,0,0,"{L0:1, L2:1}","{L0:2, L2:1}",""
2978022104663,PHASE_B,178923,15783,MERGE_SUBMIT,0,3,32,"","","","","","","","",0,0,0,"{L0:2, L2:1}","{L0:2, L2:1}",""
2978022104750,PHASE_B,178927,15785,MERGE_START,0,3,32,"[8,9]","","[0,0]","","[1,1]","","[64,64]","",80,0,0,"{L0:2, L2:1}","{L0:2, L2:1}",""
2978022104893,PHASE_B,178943,15788,MERGE_DONE,0,0,0,"","10","","1","","2","","128",80,151,150,"","",""
2978022104899,PHASE_B,178943,15788,MERGE_PUBLISH,0,2,32,"","10","","1","","2","","128",80,156,155,"{L0:2, L2:1}","{L1:1, L2:1}",""
2978022108829,PHASE_B,179234,15846,SEAL,0,3,32,"","11","","0","","1","","64",0,0,0,"{L1:1, L2:1}","{L0:1, L1:1, L2:1}",""
2978022112922,PHASE_B,179562,15911,SEAL,0,4,32,"","12","","0","","1","","64",0,0,0,"{L0:1, L1:1, L2:1}","{L0:2, L1:1, L2:1}",""
2978022112948,PHASE_B,179562,15911,MERGE_SUBMIT,0,4,32,"","","","","","","","",0,0,0,"{L0:2, L1:1, L2:1}","{L0:2, L1:1, L2:1}",""
2978022113068,PHASE_B,179569,15913,MERGE_START,0,4,32,"[11,12]","","[0,0]","","[1,1]","","[64,64]","",100,0,0,"{L0:2, L1:1, L2:1}","{L0:2, L1:1, L2:1}",""
2978022113398,PHASE_B,179569,15913,MERGE_DONE,0,0,0,"","13","","1","","2","","128",100,350,349,"","",""
2978022113405,PHASE_B,179569,15913,MERGE_DISCARD,0,4,32,"","","","","","","","",100,357,0,"{L0:2, L1:1, L2:1}","{L0:2, L1:1, L2:1}",""
2978022118716,PHASE_B,179885,15976,SEAL,0,1,32,"","1","","0","","1","","64",0,0,0,"{}","{L0:1}",""
2978022124098,PHASE_B,180199,16040,SEAL,0,2,32,"","2","","0","","1","","64",0,0,0,"{L0:1}","{L0:2}",""
2978022124122,PHASE_B,180199,16040,MERGE_SUBMIT,0,2,32,"","","","","","","","",0,0,0,"{L0:2}","{L0:2}",""
2978022124184,PHASE_B,180204,16041,MERGE_START,0,2,32,"[1,2]","","[0,0]","","[1,1]","","[64,64]","",57,0,0,"{L0:2}","{L0:2}",""
2978022124299,PHASE_B,180224,16043,MERGE_DONE,0,0,0,"","3","","1","","2","","128",57,122,122,"","",""
2978022124304,PHASE_B,180224,16043,MERGE_PUBLISH,0,1,32,"","3","","1","","2","","128",57,127,126,"{L0:2}","{L1:1}",""
2978022128261,PHASE_B,180527,16104,SEAL,0,2,32,"","4","","0","","1","","64",0,0,0,"{L1:1}","{L0:1, L1:1}",""
2978022133717,PHASE_B,180845,16168,SEAL,0,3,32,"","5","","0","","1","","64",0,0,0,"{L0:1, L1:1}","{L0:2, L1:1}",""
2978022133741,PHASE_B,180845,16168,MERGE_SUBMIT,0,3,32,"","","","","","","","",0,0,0,"{L0:2, L1:1}","{L0:2, L1:1}",""
2978022133761,PHASE_B,180847,16169,MERGE_START,0,3,32,"[4,5]","","[0,0]","","[1,1]","","[64,64]","",14,0,0,"{L0:2, L1:1}","{L0:2, L1:1}",""
2978022133886,PHASE_B,180858,16171,MERGE_DONE,0,0,0,"","6","","1","","2","","128",14,132,131,"","",""
2978022133891,PHASE_B,180859,16171,MERGE_PUBLISH,0,2,32,"","6","","1","","2","","128",14,137,136,"{L0:2, L1:1}","{L1:2}",""
2978022133897,PHASE_B,180859,16171,MERGE_SUBMIT,2,2,32,"","","","","","","","",0,0,0,"{L1:2}","{L1:2}",""
2978022133929,PHASE_B,180861,16171,MERGE_START,0,2,32,"[3,6]","","[1,1]","","[2,2]","","[128,128]","",32,0,0,"{L1:2}","{L1:2}",""
2978022134133,PHASE_B,180873,16175,MERGE_DONE,0,0,0,"","7","","2","","4","","256",32,206,206,"","",""
2978022134138,PHASE_B,180874,16176,MERGE_PUBLISH,0,1,32,"","7","","2","","4","","256",32,210,210,"{L1:2}","{L2:1}",""
2978022140369,PHASE_B,181166,16232,SEAL,0,2,32,"","8","","0","","1","","64",0,0,0,"{L2:1}","{L0:1, L2:1}",""
2978022146840,PHASE_B,181490,16295,SEAL,0,3,32,"","9","","0","","1","","64",0,0,0,"{L0:1, L2:1}","{L0:2, L2:1}",""
2978022146866,PHASE_B,181490,16295,MERGE_SUBMIT,0,3,32,"","","","","","","","",0,0,0,"{L0:2, L2:1}","{L0:2, L2:1}",""
2978022146973,PHASE_B,181496,16298,MERGE_START,0,3,32,"[8,9]","","[0,0]","","[1,1]","","[64,64]","",88,0,0,"{L0:2, L2:1}","{L0:2, L2:1}",""
2978022147336,PHASE_B,181525,16304,MERGE_DONE,0,0,0,"","10","","1","","2","","128",88,380,379,"","",""
2978022147373,PHASE_B,181529,16306,MERGE_PUBLISH,0,2,32,"","10","","1","","2","","128",88,415,403,"{L0:2, L2:1}","{L1:1, L2:1}",""
2978022153658,PHASE_B,181802,16359,SEAL,0,3,32,"","11","","0","","1","","64",0,0,0,"{L1:1, L2:1}","{L0:1, L1:1, L2:1}",""
2978022160312,PHASE_B,182117,16423,SEAL,0,4,32,"","12","","0","","1","","64",0,0,0,"{L0:1, L1:1, L2:1}","{L0:2, L1:1, L2:1}",""
2978022160332,PHASE_B,182117,16423,MERGE_SUBMIT,0,4,32,"","","","","","","","",0,0,0,"{L0:2, L1:1, L2:1}","{L0:2, L1:1, L2:1}",""
2978022160385,PHASE_B,182127,16425,MERGE_START,0,4,32,"[11,12]","","[0,0]","","[1,1]","","[64,64]","",32,0,0,"{L0:2, L1:1, L2:1}","{L0:2, L1:1, L2:1}",""
2978022160704,PHASE_B,182133,16425,MERGE_DONE,0,0,0,"","13","","1","","2","","128",32,339,338,"","",""
2978022160726,PHASE_B,182133,16425,MERGE_DISCARD,0,4,32,"","","","","","","","",32,361,0,"{L0:2, L1:1, L2:1}","{L0:2, L1:1, L2:1}",""
2978022168113,PHASE_B,182447,16488,SEAL,0,1,32,"","1","","0","","1","","64",0,0,0,"{}","{L0:1}",""
2978022176081,PHASE_B,182773,16552,SEAL,0,2,32,"","2","","0","","1","","64",0,0,0,"{L0:1}","{L0:2}",""
2978022176105,PHASE_B,182773,16552,MERGE_SUBMIT,0,2,32,"","","","","","","","",0,0,0,"{L0:2}","{L0:2}",""
2978022176165,PHASE_B,182773,16552,MERGE_START,0,2,32,"[1,2]","","[0,0]","","[1,1]","","[64,64]","",55,0,0,"{L0:2}","{L0:2}",""
2978022176551,PHASE_B,182806,16560,MERGE_DONE,0,0,0,"","3","","1","","2","","128",55,386,388,"","",""
2978022176569,PHASE_B,182806,16560,MERGE_PUBLISH,0,1,32,"","3","","1","","2","","128",55,403,403,"{L0:2}","{L1:1}",""
2978022186643,PHASE_B,183093,16616,SEAL,0,2,32,"","4","","0","","1","","64",0,0,0,"{L1:1}","{L0:1, L1:1}",""
2978022200958,PHASE_B,183407,16680,SEAL,0,3,32,"","5","","0","","1","","64",0,0,0,"{L0:1, L1:1}","{L0:2, L1:1}",""
2978022200983,PHASE_B,183407,16680,MERGE_SUBMIT,0,3,32,"","","","","","","","",0,0,0,"{L0:2, L1:1}","{L0:2, L1:1}",""
2978022201022,PHASE_B,183407,16680,MERGE_START,0,3,32,"[4,5]","","[0,0]","","[1,1]","","[64,64]","",16,0,0,"{L0:2, L1:1}","{L0:2, L1:1}",""
2978022201296,PHASE_B,183418,16684,MERGE_DONE,0,0,0,"","6","","1","","2","","128",16,297,296,"","",""
2978022201307,PHASE_B,183418,16684,MERGE_PUBLISH,0,2,32,"","6","","1","","2","","128",16,306,305,"{L0:2, L1:1}","{L1:2}",""
2978022201318,PHASE_B,183419,16684,MERGE_SUBMIT,3,2,32,"","","","","","","","",0,0,0,"{L1:2}","{L1:2}",""
2978022201390,PHASE_B,183426,16685,MERGE_START,0,2,32,"[3,6]","","[1,1]","","[2,2]","","[128,128]","",72,0,0,"{L1:2}","{L1:2}",""
2978022201896,PHASE_B,183445,16686,MERGE_DONE,0,0,0,"","7","","2","","4","","256",72,508,509,"","",""
2978022201906,PHASE_B,183445,16686,MERGE_PUBLISH,0,1,32,"","7","","2","","4","","256",72,516,516,"{L1:2}","{L2:1}",""
2978022215142,PHASE_B,183718,16743,SEAL,0,2,32,"","8","","0","","1","","64",0,0,0,"{L2:1}","{L0:1, L2:1}",""
2978022221766,PHASE_B,184046,16807,SEAL,0,3,32,"","9","","0","","1","","64",0,0,0,"{L0:1, L2:1}","{L0:2, L2:1}",""
2978022221805,PHASE_B,184046,16807,MERGE_SUBMIT,0,3,32,"","","","","","","","",0,0,0,"{L0:2, L2:1}","{L0:2, L2:1}",""
2978022221823,PHASE_B,184046,16807,MERGE_START,0,3,32,"[8,9]","","[0,0]","","[1,1]","","[64,64]","",16,0,0,"{L0:2, L2:1}","{L0:2, L2:1}",""
2978022221972,PHASE_B,184052,16811,MERGE_DONE,0,0,0,"","10","","1","","2","","128",16,156,156,"","",""
2978022221978,PHASE_B,184053,16811,MERGE_PUBLISH,0,2,32,"","10","","1","","2","","128",16,161,160,"{L0:2, L2:1}","{L1:1, L2:1}",""
2978022228156,PHASE_B,184367,16872,SEAL,0,3,32,"","11","","0","","1","","64",0,0,0,"{L1:1, L2:1}","{L0:1, L1:1, L2:1}",""
2978022234494,PHASE_B,184684,16936,SEAL,0,4,32,"","12","","0","","1","","64",0,0,0,"{L0:1, L1:1, L2:1}","{L0:2, L1:1, L2:1}",""
2978022234537,PHASE_B,184684,16936,MERGE_SUBMIT,0,4,32,"","","","","","","","",0,0,0,"{L0:2, L1:1, L2:1}","{L0:2, L1:1, L2:1}",""
2978022234563,PHASE_B,184684,16936,MERGE_START,0,4,32,"[11,12]","","[0,0]","","[1,1]","","[64,64]","",19,0,0,"{L0:2, L1:1, L2:1}","{L0:2, L1:1, L2:1}",""
2978022234821,PHASE_B,184695,16938,MERGE_DONE,0,0,0,"","13","","1","","2","","128",19,270,269,"","",""
2978022234833,PHASE_B,184695,16938,MERGE_PUBLISH,0,3,32,"","13","","1","","2","","128",19,279,277,"{L0:2, L1:1, L2:1}","{L1:2, L2:1}",""
2978022234843,PHASE_B,184695,16938,MERGE_SUBMIT,1,3,32,"","","","","","","","",0,0,0,"{L1:2, L2:1}","{L1:2, L2:1}",""
2978022234893,PHASE_B,184695,16938,MERGE_DISCARD,0,3,32,"","","","","","","","",53,0,0,"{L1:2, L2:1}","{L1:2, L2:1}",""
2978022241853,PHASE_B,185015,17001,SEAL,0,1,32,"","1","","0","","1","","64",0,0,0,"{}","{L0:1}",""
2978022249398,PHASE_B,185326,17064,SEAL,0,2,32,"","2","","0","","1","","64",0,0,0,"{L0:1}","{L0:2}",""
2978022249435,PHASE_B,185326,17064,MERGE_SUBMIT,0,2,32,"","","","","","","","",0,0,0,"{L0:2}","{L0:2}",""
2978022249471,PHASE_B,185329,17066,MERGE_START,0,2,32,"[1,2]","","[0,0]","","[1,1]","","[64,64]","",23,0,0,"{L0:2}","{L0:2}",""
2978022249770,PHASE_B,185358,17069,MERGE_DONE,0,0,0,"","3","","1","","2","","128",23,314,313,"","",""
2978022249782,PHASE_B,185358,17069,MERGE_PUBLISH,0,1,32,"","3","","1","","2","","128",23,324,322,"{L0:2}","{L1:1}",""
2978022258233,PHASE_B,185655,17129,SEAL,0,2,32,"","4","","0","","1","","64",0,0,0,"{L1:1}","{L0:1, L1:1}",""
2978022267081,PHASE_B,185971,17193,SEAL,0,3,32,"","5","","0","","1","","64",0,0,0,"{L0:1, L1:1}","{L0:2, L1:1}",""
2978022267112,PHASE_B,185971,17193,MERGE_SUBMIT,0,3,32,"","","","","","","","",0,0,0,"{L0:2, L1:1}","{L0:2, L1:1}",""
2978022267205,PHASE_B,185971,17193,MERGE_START,0,3,32,"[4,5]","","[0,0]","","[1,1]","","[64,64]","",80,0,0,"{L0:2, L1:1}","{L0:2, L1:1}",""
2978022267500,PHASE_B,185990,17198,MERGE_DONE,0,0,0,"","6","","1","","2","","128",80,308,307,"","",""
2978022267536,PHASE_B,185991,17198,MERGE_PUBLISH,0,2,32,"","6","","1","","2","","128",80,340,339,"{L0:2, L1:1}","{L1:2}",""
2978022267551,PHASE_B,185992,17198,MERGE_SUBMIT,4,2,32,"","","","","","","","",0,0,0,"{L1:2}","{L1:2}",""
2978022267621,PHASE_B,185996,17198,MERGE_START,0,2,32,"[3,6]","","[1,1]","","[2,2]","","[128,128]","",72,0,0,"{L1:2}","{L1:2}",""
2978022268153,PHASE_B,186025,17205,MERGE_DONE,0,0,0,"","7","","2","","4","","256",72,535,535,"","",""
2978022268163,PHASE_B,186026,17205,MERGE_PUBLISH,0,1,32,"","7","","2","","4","","256",72,544,543,"{L1:2}","{L2:1}",""
2978022275397,PHASE_B,186288,17256,SEAL,0,2,32,"","8","","0","","1","","64",0,0,0,"{L2:1}","{L0:1, L2:1}",""
2978022284679,PHASE_B,186600,17319,SEAL,0,3,32,"","9","","0","","1","","64",0,0,0,"{L0:1, L2:1}","{L0:2, L2:1}",""
2978022284713,PHASE_B,186600,17319,MERGE_SUBMIT,0,3,32,"","","","","","","","",0,0,0,"{L0:2, L2:1}","{L0:2, L2:1}",""
2978022284841,PHASE_B,186615,17322,MERGE_START,0,3,32,"[8,9]","","[0,0]","","[1,1]","","[64,64]","",111,0,0,"{L0:2, L2:1}","{L0:2, L2:1}",""
2978022285173,PHASE_B,186633,17324,MERGE_DONE,0,0,0,"","10","","1","","2","","128",111,349,348,"","",""
2978022285187,PHASE_B,186633,17324,MERGE_PUBLISH,0,2,32,"","10","","1","","2","","128",111,361,360,"{L0:2, L2:1}","{L1:1, L2:1}",""
2978022291816,PHASE_B,186932,17385,SEAL,0,3,32,"","11","","0","","1","","64",0,0,0,"{L1:1, L2:1}","{L0:1, L1:1, L2:1}",""
2978022298631,PHASE_B,187256,17449,SEAL,0,4,32,"","12","","0","","1","","64",0,0,0,"{L0:1, L1:1, L2:1}","{L0:2, L1:1, L2:1}",""
2978022298668,PHASE_B,187256,17449,MERGE_SUBMIT,0,4,32,"","","","","","","","",0,0,0,"{L0:2, L1:1, L2:1}","{L0:2, L1:1, L2:1}",""
2978022298775,PHASE_B,187256,17449,MERGE_START,0,4,32,"[11,12]","","[0,0]","","[1,1]","","[64,64]","",90,0,0,"{L0:2, L1:1, L2:1}","{L0:2, L1:1, L2:1}",""
2978022299177,PHASE_B,187267,17452,MERGE_DONE,0,0,0,"","13","","1","","2","","128",90,420,399,"","",""
2978022299184,PHASE_B,187267,17452,MERGE_DISCARD,0,4,32,"","","","","","","","",90,428,0,"{L0:2, L1:1, L2:1}","{L0:2, L1:1, L2:1}",""
2978022306857,PHASE_B,187579,17514,SEAL,0,1,32,"","1","","0","","1","","64",0,0,0,"{}","{L0:1}",""
2978022314130,PHASE_B,187902,17579,SEAL,0,2,32,"","2","","0","","1","","64",0,0,0,"{L0:1}","{L0:2}",""
2978022314167,PHASE_B,187902,17579,MERGE_SUBMIT,0,2,32,"","","","","","","","",0,0,0,"{L0:2}","{L0:2}",""
2978022314270,PHASE_B,187902,17579,MERGE_START,0,2,32,"[1,2]","","[0,0]","","[1,1]","","[64,64]","",89,0,0,"{L0:2}","{L0:2}",""
2978022314587,PHASE_B,187924,17584,MERGE_DONE,0,0,0,"","3","","1","","2","","128",89,333,332,"","",""
2978022314602,PHASE_B,187924,17584,MERGE_PUBLISH,0,1,32,"","3","","1","","2","","128",89,347,346,"{L0:2}","{L1:1}",""
2978022321375,PHASE_B,188222,17643,SEAL,0,2,32,"","4","","0","","1","","64",0,0,0,"{L1:1}","{L0:1, L1:1}",""
2978022328377,PHASE_B,188548,17707,SEAL,0,3,32,"","5","","0","","1","","64",0,0,0,"{L0:1, L1:1}","{L0:2, L1:1}",""
2978022328413,PHASE_B,188548,17707,MERGE_SUBMIT,0,3,32,"","","","","","","","",0,0,0,"{L0:2, L1:1}","{L0:2, L1:1}",""
2978022328515,PHASE_B,188548,17707,MERGE_START,0,3,32,"[4,5]","","[0,0]","","[1,1]","","[64,64]","",88,0,0,"{L0:2, L1:1}","{L0:2, L1:1}",""
2978022328830,PHASE_B,188561,17713,MERGE_DONE,0,0,0,"","6","","1","","2","","128",88,331,331,"","",""
2978022328843,PHASE_B,188561,17713,MERGE_PUBLISH,0,2,32,"","6","","1","","2","","128",88,342,341,"{L0:2, L1:1}","{L1:2}",""
2978022328857,PHASE_B,188562,17713,MERGE_SUBMIT,5,2,32,"","","","","","","","",0,0,0,"{L1:2}","{L1:2}",""
2978022328959,PHASE_B,188578,17714,MERGE_START,0,2,32,"[3,6]","","[1,1]","","[2,2]","","[128,128]","",90,0,0,"{L1:2}","{L1:2}",""
2978022329531,PHASE_B,188608,17720,MERGE_DONE,0,0,0,"","7","","2","","4","","256",90,587,587,"","",""
2978022329544,PHASE_B,188609,17720,MERGE_PUBLISH,0,1,32,"","7","","2","","4","","256",90,600,598,"{L1:2}","{L2:1}",""
2978022335438,PHASE_B,188859,17770,SEAL,0,2,32,"","8","","0","","1","","64",0,0,0,"{L2:1}","{L0:1, L2:1}",""
2978022342470,PHASE_B,189182,17834,SEAL,0,3,32,"","9","","0","","1","","64",0,0,0,"{L0:1, L2:1}","{L0:2, L2:1}",""
2978022342508,PHASE_B,189182,17834,MERGE_SUBMIT,0,3,32,"","","","","","","","",0,0,0,"{L0:2, L2:1}","{L0:2, L2:1}",""
2978022342557,PHASE_B,189182,17834,MERGE_START,0,3,32,"[8,9]","","[0,0]","","[1,1]","","[64,64]","",34,0,0,"{L0:2, L2:1}","{L0:2, L2:1}",""
2978022342868,PHASE_B,189196,17840,MERGE_DONE,0,0,0,"","10","","1","","2","","128",34,328,327,"","",""
2978022342885,PHASE_B,189196,17840,MERGE_PUBLISH,0,2,32,"","10","","1","","2","","128",34,342,341,"{L0:2, L2:1}","{L1:1, L2:1}",""
2978022349457,PHASE_B,189501,17899,SEAL,0,3,32,"","11","","0","","1","","64",0,0,0,"{L1:1, L2:1}","{L0:1, L1:1, L2:1}",""
2978022356415,PHASE_B,189810,17960,SEAL,0,4,32,"","12","","0","","1","","64",0,0,0,"{L0:1, L1:1, L2:1}","{L0:2, L1:1, L2:1}",""
2978022356447,PHASE_B,189810,17960,MERGE_SUBMIT,0,4,32,"","","","","","","","",0,0,0,"{L0:2, L1:1, L2:1}","{L0:2, L1:1, L2:1}",""
2978022356509,PHASE_B,189810,17960,MERGE_START,0,4,32,"[11,12]","","[0,0]","","[1,1]","","[64,64]","",59,0,0,"{L0:2, L1:1, L2:1}","{L0:2, L1:1, L2:1}",""
2978022356785,PHASE_B,189821,17965,MERGE_DONE,0,0,0,"","13","","1","","2","","128",59,283,283,"","",""
2978022356794,PHASE_B,189821,17965,MERGE_PUBLISH,0,3,32,"","13","","1","","2","","128",59,290,290,"{L0:2, L1:1, L2:1}","{L1:2, L2:1}",""
2978022356800,PHASE_B,189821,17965,MERGE_SUBMIT,1,3,32,"","","","","","","","",0,0,0,"{L1:2, L2:1}","{L1:2, L2:1}",""
2978022356856,PHASE_B,189821,17965,MERGE_START,0,3,32,"[10,13]","","[1,1]","","[2,2]","","[128,128]","",56,0,0,"{L1:2, L2:1}","{L1:2, L2:1}",""
2978022357069,PHASE_B,189821,17965,MERGE_DONE,0,0,0,"","14","","2","","4","","256",56,215,215,"","",""
2978022357071,PHASE_B,189821,17965,MERGE_DISCARD,0,3,32,"","","","","","","","",56,217,0,"{L1:2, L2:1}","{L1:2, L2:1}",""
2978022376134,PHASE_B,190142,18028,SEAL,0,1,32,"","1","","0","","1","","64",0,0,0,"{}","{L0:1}",""
2978022384111,PHASE_B,190466,18091,SEAL,0,2,32,"","2","","0","","1","","64",0,0,0,"{L0:1}","{L0:2}",""
2978022384161,PHASE_B,190466,18091,MERGE_SUBMIT,0,2,32,"","","","","","","","",0,0,0,"{L0:2}","{L0:2}",""
2978022384263,PHASE_B,190472,18094,MERGE_START,0,2,32,"[1,2]","","[0,0]","","[1,1]","","[64,64]","",92,0,0,"{L0:2}","{L0:2}",""
2978022384640,PHASE_B,190485,18098,MERGE_DONE,0,0,0,"","3","","1","","2","","128",92,392,392,"","",""
2978022384657,PHASE_B,190485,18098,MERGE_PUBLISH,0,1,32,"","3","","1","","2","","128",92,408,407,"{L0:2}","{L1:1}",""
2978022391871,PHASE_B,190784,18154,SEAL,0,2,32,"","4","","0","","1","","64",0,0,0,"{L1:1}","{L0:1, L1:1}",""
2978022399609,PHASE_B,191101,18219,SEAL,0,3,32,"","5","","0","","1","","64",0,0,0,"{L0:1, L1:1}","{L0:2, L1:1}",""
2978022399653,PHASE_B,191101,18219,MERGE_SUBMIT,0,3,32,"","","","","","","","",0,0,0,"{L0:2, L1:1}","{L0:2, L1:1}",""
2978022399682,PHASE_B,191103,18220,MERGE_START,0,3,32,"[4,5]","","[0,0]","","[1,1]","","[64,64]","",19,0,0,"{L0:2, L1:1}","{L0:2, L1:1}",""
2978022400015,PHASE_B,191121,18224,MERGE_DONE,0,0,0,"","6","","1","","2","","128",19,345,345,"","",""
2978022400040,PHASE_B,191121,18224,MERGE_PUBLISH,0,2,32,"","6","","1","","2","","128",19,369,368,"{L0:2, L1:1}","{L1:2}",""
2978022400052,PHASE_B,191122,18224,MERGE_SUBMIT,3,2,32,"","","","","","","","",0,0,0,"{L1:2}","{L1:2}",""
2978022400124,PHASE_B,191128,18225,MERGE_START,0,2,32,"[3,6]","","[1,1]","","[2,2]","","[128,128]","",72,0,0,"{L1:2}","{L1:2}",""
2978022400626,PHASE_B,191153,18230,MERGE_DONE,0,0,0,"","7","","2","","4","","256",72,505,505,"","",""
2978022400673,PHASE_B,191155,18230,MERGE_PUBLISH,0,1,32,"","7","","2","","4","","256",72,545,531,"{L1:2}","{L2:1}",""
2978022407216,PHASE_B,191428,18284,SEAL,0,2,32,"","8","","0","","1","","64",0,0,0,"{L2:1}","{L0:1, L2:1}",""
2978022414786,PHASE_B,191747,18348,SEAL,0,3,32,"","9","","0","","1","","64",0,0,0,"{L0:1, L2:1}","{L0:2, L2:1}",""
2978022414824,PHASE_B,191747,18348,MERGE_SUBMIT,0,3,32,"","","","","","","","",0,0,0,"{L0:2, L2:1}","{L0:2, L2:1}",""
2978022414890,PHASE_B,191748,18349,MERGE_START,0,3,32,"[8,9]","","[0,0]","","[1,1]","","[64,64]","",64,0,0,"{L0:2, L2:1}","{L0:2, L2:1}",""
2978022415070,PHASE_B,191758,18351,MERGE_DONE,0,0,0,"","10","","1","","2","","128",64,186,186,"","",""
2978022415076,PHASE_B,191758,18351,MERGE_PUBLISH,0,2,32,"","10","","1","","2","","128",64,192,191,"{L0:2, L2:1}","{L1:1, L2:1}",""
2978022422308,PHASE_B,192060,18411,SEAL,0,3,32,"","11","","0","","1","","64",0,0,0,"{L1:1, L2:1}","{L0:1, L1:1, L2:1}",""
2978022429937,PHASE_B,192389,18475,SEAL,0,4,32,"","12","","0","","1","","64",0,0,0,"{L0:1, L1:1, L2:1}","{L0:2, L1:1, L2:1}",""
2978022429989,PHASE_B,192389,18475,MERGE_SUBMIT,0,4,32,"","","","","","","","",0,0,0,"{L0:2, L1:1, L2:1}","{L0:2, L1:1, L2:1}",""
2978022430108,PHASE_B,192391,18477,MERGE_START,0,4,32,"[11,12]","","[0,0]","","[1,1]","","[64,64]","",103,0,0,"{L0:2, L1:1, L2:1}","{L0:2, L1:1, L2:1}",""
2978022430415,PHASE_B,192402,18478,MERGE_DONE,0,0,0,"","13","","1","","2","","128",103,326,325,"","",""
2978022430422,PHASE_B,192402,18478,MERGE_DISCARD,0,4,32,"","","","","","","","",103,333,0,"{L0:2, L1:1, L2:1}","{L0:2, L1:1, L2:1}",""
2978022438776,PHASE_B,192712,18541,SEAL,0,1,32,"","1","","0","","1","","64",0,0,0,"{}","{L0:1}",""
2978022447926,PHASE_B,193028,18604,SEAL,0,2,32,"","2","","0","","1","","64",0,0,0,"{L0:1}","{L0:2}",""
2978022447965,PHASE_B,193028,18604,MERGE_SUBMIT,0,2,32,"","","","","","","","",0,0,0,"{L0:2}","{L0:2}",""
2978022448011,PHASE_B,193032,18606,MERGE_START,0,2,32,"[1,2]","","[0,0]","","[1,1]","","[64,64]","",23,0,0,"{L0:2}","{L0:2}",""
2978022448353,PHASE_B,193049,18609,MERGE_DONE,0,0,0,"","3","","1","","2","","128",23,367,367,"","",""
2978022448365,PHASE_B,193050,18609,MERGE_PUBLISH,0,1,32,"","3","","1","","2","","128",23,378,377,"{L0:2}","{L1:1}",""
2978022455693,PHASE_B,193351,18668,SEAL,0,2,32,"","4","","0","","1","","64",0,0,0,"{L1:1}","{L0:1, L1:1}",""
2978022463026,PHASE_B,193673,18733,SEAL,0,3,32,"","5","","0","","1","","64",0,0,0,"{L0:1, L1:1}","{L0:2, L1:1}",""
2978022463067,PHASE_B,193673,18733,MERGE_SUBMIT,0,3,32,"","","","","","","","",0,0,0,"{L0:2, L1:1}","{L0:2, L1:1}",""
2978022463180,PHASE_B,193673,18733,MERGE_START,0,3,32,"[4,5]","","[0,0]","","[1,1]","","[64,64]","",85,0,0,"{L0:2, L1:1}","{L0:2, L1:1}",""
2978022463487,PHASE_B,193691,18738,MERGE_DONE,0,0,0,"","6","","1","","2","","128",85,336,335,"","",""
2978022463498,PHASE_B,193693,18738,MERGE_PUBLISH,0,2,32,"","6","","1","","2","","128",85,347,345,"{L0:2, L1:1}","{L1:2}",""
2978022463517,PHASE_B,193694,18738,MERGE_SUBMIT,4,2,32,"","","","","","","","",0,0,0,"{L1:2}","{L1:2}",""
2978022463588,PHASE_B,193698,18739,MERGE_START,0,2,32,"[3,6]","","[1,1]","","[2,2]","","[128,128]","",76,0,0,"{L1:2}","{L1:2}",""
2978022463787,PHASE_B,193710,18742,MERGE_DONE,0,0,0,"","7","","2","","4","","256",76,200,200,"","",""
2978022463790,PHASE_B,193710,18742,MERGE_PUBLISH,0,1,32,"","7","","2","","4","","256",76,203,203,"{L1:2}","{L2:1}",""
2978022470337,PHASE_B,193996,18797,SEAL,0,2,32,"","8","","0","","1","","64",0,0,0,"{L2:1}","{L0:1, L2:1}",""
2978022477804,PHASE_B,194311,18860,SEAL,0,3,32,"","9","","0","","1","","64",0,0,0,"{L0:1, L2:1}","{L0:2, L2:1}",""
2978022477849,PHASE_B,194311,18860,MERGE_SUBMIT,0,3,32,"","","","","","","","",0,0,0,"{L0:2, L2:1}","{L0:2, L2:1}",""
2978022477898,PHASE_B,194316,18862,MERGE_START,0,3,32,"[8,9]","","[0,0]","","[1,1]","","[64,64]","",34,0,0,"{L0:2, L2:1}","{L0:2, L2:1}",""
2978022478223,PHASE_B,194321,18864,MERGE_DONE,0,0,0,"","10","","1","","2","","128",34,343,342,"","",""
2978022478237,PHASE_B,194321,18864,MERGE_PUBLISH,0,2,32,"","10","","1","","2","","128",34,355,354,"{L0:2, L2:1}","{L1:1, L2:1}",""
2978022485196,PHASE_B,194629,18925,SEAL,0,3,32,"","11","","0","","1","","64",0,0,0,"{L1:1, L2:1}","{L0:1, L1:1, L2:1}",""
2978022492490,PHASE_B,194953,18989,SEAL,0,4,32,"","12","","0","","1","","64",0,0,0,"{L0:1, L1:1, L2:1}","{L0:2, L1:1, L2:1}",""
2978022492530,PHASE_B,194953,18989,MERGE_SUBMIT,0,4,32,"","","","","","","","",0,0,0,"{L0:2, L1:1, L2:1}","{L0:2, L1:1, L2:1}",""
2978022492643,PHASE_B,194956,18990,MERGE_START,0,4,32,"[11,12]","","[0,0]","","[1,1]","","[64,64]","",92,0,0,"{L0:2, L1:1, L2:1}","{L0:2, L1:1, L2:1}",""
2978022492972,PHASE_B,194967,18994,MERGE_DONE,0,0,0,"","13","","1","","2","","128",92,351,351,"","",""
2978022492988,PHASE_B,194968,18994,MERGE_PUBLISH,0,3,32,"","13","","1","","2","","128",92,365,364,"{L0:2, L1:1, L2:1}","{L1:2, L2:1}",""
2978022493018,PHASE_B,194968,18994,MERGE_SUBMIT,4,3,32,"","","","","","","","",0,0,0,"{L1:2, L2:1}","{L1:2, L2:1}",""
2978022493070,PHASE_B,194968,18994,MERGE_START,0,3,32,"[10,13]","","[1,1]","","[2,2]","","[128,128]","",43,0,0,"{L1:2, L2:1}","{L1:2, L2:1}",""
2978022493594,PHASE_B,194968,18994,MERGE_DONE,0,0,0,"","14","","2","","4","","256",43,554,553,"","",""
2978022493597,PHASE_B,194968,18994,MERGE_DISCARD,0,3,32,"","","","","","","","",43,558,0,"{L1:2, L2:1}","{L1:2, L2:1}",""
2978022501021,PHASE_B,195289,19057,SEAL,0,1,32,"","1","","0","","1","","64",0,0,0,"{}","{L0:1}",""
2978022508365,PHASE_B,195611,19121,SEAL,0,2,32,"","2","","0","","1","","64",0,0,0,"{L0:1}","{L0:2}",""
2978022508402,PHASE_B,195611,19121,MERGE_SUBMIT,0,2,32,"","","","","","","","",0,0,0,"{L0:2}","{L0:2}",""
2978022508505,PHASE_B,195614,19123,MERGE_START,0,2,32,"[1,2]","","[0,0]","","[1,1]","","[64,64]","",88,0,0,"{L0:2}","{L0:2}",""
2978022508822,PHASE_B,195631,19126,MERGE_DONE,0,0,0,"","3","","1","","2","","128",88,333,332,"","",""
2978022508833,PHASE_B,195631,19126,MERGE_PUBLISH,0,1,32,"","3","","1","","2","","128",88,344,343,"{L0:2}","{L1:1}",""
2978022515596,PHASE_B,195928,19184,SEAL,0,2,32,"","4","","0","","1","","64",0,0,0,"{L1:1}","{L0:1, L1:1}",""
2978022522690,PHASE_B,196246,19248,SEAL,0,3,32,"","5","","0","","1","","64",0,0,0,"{L0:1, L1:1}","{L0:2, L1:1}",""
2978022522732,PHASE_B,196246,19248,MERGE_SUBMIT,0,3,32,"","","","","","","","",0,0,0,"{L0:2, L1:1}","{L0:2, L1:1}",""
2978022522840,PHASE_B,196246,19248,MERGE_START,0,3,32,"[4,5]","","[0,0]","","[1,1]","","[64,64]","",93,0,0,"{L0:2, L1:1}","{L0:2, L1:1}",""
2978022523169,PHASE_B,196277,19253,MERGE_DONE,0,0,0,"","6","","1","","2","","128",93,345,344,"","",""
2978022523196,PHASE_B,196278,19253,MERGE_PUBLISH,0,2,32,"","6","","1","","2","","128",93,371,369,"{L0:2, L1:1}","{L1:2}",""
2978022523210,PHASE_B,196278,19253,MERGE_SUBMIT,4,2,32,"","","","","","","","",0,0,0,"{L1:2}","{L1:2}",""
2978022523282,PHASE_B,196282,19255,MERGE_START,0,2,32,"[3,6]","","[1,1]","","[2,2]","","[128,128]","",68,0,0,"{L1:2}","{L1:2}",""
2978022523654,PHASE_B,196297,19258,MERGE_DONE,0,0,0,"","7","","2","","4","","256",68,381,381,"","",""
2978022523662,PHASE_B,196297,19258,MERGE_PUBLISH,0,1,32,"","7","","2","","4","","256",68,389,388,"{L1:2}","{L2:1}",""
2978022530213,PHASE_B,196572,19313,SEAL,0,2,32,"","8","","0","","1","","64",0,0,0,"{L2:1}","{L0:1, L2:1}",""
2978022537570,PHASE_B,196895,19377,SEAL,0,3,32,"","9","","0","","1","","64",0,0,0,"{L0:1, L2:1}","{L0:2, L2:1}",""
2978022537608,PHASE_B,196895,19377,MERGE_SUBMIT,0,3,32,"","","","","","","","",0,0,0,"{L0:2, L2:1}","{L0:2, L2:1}",""
2978022537717,PHASE_B,196895,19377,MERGE_START,0,3,32,"[8,9]","","[0,0]","","[1,1]","","[64,64]","",93,0,0,"{L0:2, L2:1}","{L0:2, L2:1}",""
2978022538060,PHASE_B,196918,19383,MERGE_DONE,0,0,0,"","10","","1","","2","","128",93,360,359,"","",""
2978022538074,PHASE_B,196918,19383,MERGE_PUBLISH,0,2,32,"","10","","1","","2","","128",93,372,371,"{L0:2, L2:1}","{L1:1, L2:1}",""
2978022545224,PHASE_B,197213,19441,SEAL,0,3,32,"","11","","0","","1","","64",0,0,0,"{L1:1, L2:1}","{L0:1, L1:1, L2:1}",""
2978022552458,PHASE_B,197532,19504,SEAL,0,4,32,"","12","","0","","1","","64",0,0,0,"{L0:1, L1:1, L2:1}","{L0:2, L1:1, L2:1}",""
2978022552496,PHASE_B,197532,19504,MERGE_SUBMIT,0,4,32,"","","","","","","","",0,0,0,"{L0:2, L1:1, L2:1}","{L0:2, L1:1, L2:1}",""
2978022552548,PHASE_B,197532,19504,MERGE_START,0,4,32,"[11,12]","","[0,0]","","[1,1]","","[64,64]","",36,0,0,"{L0:2, L1:1, L2:1}","{L0:2, L1:1, L2:1}",""
2978022552867,PHASE_B,197539,19507,MERGE_DONE,0,0,0,"","13","","1","","2","","128",36,338,337,"","",""
2978022552883,PHASE_B,197539,19507,MERGE_PUBLISH,0,3,32,"","13","","1","","2","","128",36,349,348,"{L0:2, L1:1, L2:1}","{L1:2, L2:1}",""
2978022560988,PHASE_B,197851,19568,SEAL,0,1,32,"","1","","0","","1","","64",0,0,0,"{}","{L0:1}",""
2978022568402,PHASE_B,198180,19634,SEAL,0,2,32,"","2","","0","","1","","64",0,0,0,"{L0:1}","{L0:2}",""
2978022568440,PHASE_B,198180,19634,MERGE_SUBMIT,0,2,32,"","","","","","","","",0,0,0,"{L0:2}","{L0:2}",""
2978022568556,PHASE_B,198184,19635,MERGE_START,0,2,32,"[1,2]","","[0,0]","","[1,1]","","[64,64]","",94,0,0,"{L0:2}","{L0:2}",""
2978022568800,PHASE_B,198189,19639,MERGE_DONE,0,0,0,"","3","","1","","2","","128",94,269,256,"","",""
2978022568809,PHASE_B,198189,19639,MERGE_PUBLISH,0,1,32,"","3","","1","","2","","128",94,278,265,"{L0:2}","{L1:1}",""
2978022575810,PHASE_B,198497,19697,SEAL,0,2,32,"","4","","0","","1","","64",0,0,0,"{L1:1}","{L0:1, L1:1}",""
2978022583375,PHASE_B,198810,19762,SEAL,0,3,32,"","5","","0","","1","","64",0,0,0,"{L0:1, L1:1}","{L0:2, L1:1}",""
2978022583411,PHASE_B,198810,19762,MERGE_SUBMIT,0,3,32,"","","","","","","","",0,0,0,"{L0:2, L1:1}","{L0:2, L1:1}",""
2978022583517,PHASE_B,198815,19763,MERGE_START,0,3,32,"[4,5]","","[0,0]","","[1,1]","","[64,64]","",88,0,0,"{L0:2, L1:1}","{L0:2, L1:1}",""
2978022583835,PHASE_B,198836,19767,MERGE_DONE,0,0,0,"","6","","1","","2","","128",88,335,335,"","",""
2978022583847,PHASE_B,198836,19767,MERGE_PUBLISH,0,2,32,"","6","","1","","2","","128",88,347,346,"{L0:2, L1:1}","{L1:2}",""
2978022583862,PHASE_B,198836,19767,MERGE_SUBMIT,4,2,32,"","","","","","","","",0,0,0,"{L1:2}","{L1:2}",""
2978022583929,PHASE_B,198842,19768,MERGE_START,0,2,32,"[3,6]","","[1,1]","","[2,2]","","[128,128]","",70,0,0,"{L1:2}","{L1:2}",""
2978022584453,PHASE_B,198872,19773,MERGE_DONE,0,0,0,"","7","","2","","4","","256",70,527,527,"","",""
2978022584463,PHASE_B,198872,19773,MERGE_PUBLISH,0,1,32,"","7","","2","","4","","256",70,535,535,"{L1:2}","{L2:1}",""
2978022590941,PHASE_B,199130,19826,SEAL,0,2,32,"","8","","0","","1","","64",0,0,0,"{L2:1}","{L0:1, L2:1}",""
2978022599041,PHASE_B,199448,19890,SEAL,0,3,32,"","9","","0","","1","","64",0,0,0,"{L0:1, L2:1}","{L0:2, L2:1}",""
2978022599090,PHASE_B,199448,19890,MERGE_SUBMIT,0,3,32,"","","","","","","","",0,0,0,"{L0:2, L2:1}","{L0:2, L2:1}",""
2978022599206,PHASE_B,199455,19891,MERGE_START,0,3,32,"[8,9]","","[0,0]","","[1,1]","","[64,64]","",89,0,0,"{L0:2, L2:1}","{L0:2, L2:1}",""
2978022599553,PHASE_B,199469,19895,MERGE_DONE,0,0,0,"","10","","1","","2","","128",89,376,375,"","",""
2978022599567,PHASE_B,199471,19895,MERGE_PUBLISH,0,2,32,"","10","","1","","2","","128",89,387,386,"{L0:2, L2:1}","{L1:1, L2:1}",""
2978022608765,PHASE_B,199773,19954,SEAL,0,3,32,"","11","","0","","1","","64",0,0,0,"{L1:1, L2:1}","{L0:1, L1:1, L2:1}",""
