monotonic_timestamp_us,phase,foreground_ops_completed,delete_ranges_issued,event_type,open_delta_size,sealed_run_count,hard_run_limit,input_run_ids,output_run_id,input_levels,output_level,input_chunks,output_chunk_count,input_tombstones,output_tombstone_count,merge_queue_wait_us,merge_wall_time_us,merge_cpu_time_us,pre_publish_hist,post_publish_hist,fallback_details
2977883005294,PHASE_B,100323,63,SEAL,0,1,32,"","1","","0","","1","","64",0,0,0,"{}","{L0:1}",""
2977883007506,PHASE_B,100636,126,SEAL,0,2,32,"","2","","0","","1","","64",0,0,0,"{L0:1}","{L0:2}",""
2977883007518,PHASE_B,100636,126,MERGE_SUBMIT,0,2,32,"","","","","","","","",0,0,0,"{L0:2}","{L0:2}",""
2977883007587,PHASE_B,100655,129,MERGE_START,0,2,32,"[1,2]","","[0,0]","","[1,1]","","[64,64]","",61,0,0,"{L0:2}","{L0:2}",""
2977883007726,PHASE_B,100666,134,MERGE_DONE,0,0,0,"","3","","1","","2","","128",61,147,146,"","",""
2977883007736,PHASE_B,100671,135,MERGE_PUBLISH,0,1,32,"","3","","1","","2","","128",61,156,155,"{L0:2}","{L1:1}",""
2977883009842,PHASE_B,100962,191,SEAL,0,2,32,"","4","","0","","1","","64",0,0,0,"{L1:1}","{L0:1, L1:1}",""
2977883012199,PHASE_B,101285,255,SEAL,0,3,32,"","5","","0","","1","","64",0,0,0,"{L0:1, L1:1}","{L0:2, L1:1}",""
2977883012212,PHASE_B,101285,255,MERGE_SUBMIT,0,3,32,"","","","","","","","",0,0,0,"{L0:2, L1:1}","{L0:2, L1:1}",""
2977883012231,PHASE_B,101288,256,MERGE_START,0,3,32,"[4,5]","","[0,0]","","[1,1]","","[64,64]","",15,0,0,"{L0:2, L1:1}","{L0:2, L1:1}",""
2977883012330,PHASE_B,101302,260,MERGE_DONE,0,0,0,"","6","","1","","2","","128",15,105,105,"","",""
2977883012334,PHASE_B,101303,260,MERGE_PUBLISH,0,2,32,"","6","","1","","2","","128",15,108,108,"{L0:2, L1:1}","{L1:2}",""
2977883012340,PHASE_B,101304,260,MERGE_SUBMIT,4,2,32,"","","","","","","","",0,0,0,"{L1:2}","{L1:2}",""
2977883012355,PHASE_B,101306,260,MERGE_START,0,2,32,"[3,6]","","[1,1]","","[2,2]","","[128,128]","",13,0,0,"{L1:2}","{L1:2}",""
2977883012551,PHASE_B,101338,266,MERGE_DONE,0,0,0,"","7","","2","","4","","256",13,200,199,"","",""
2977883012555,PHASE_B,101338,266,MERGE_PUBLISH,0,1,32,"","7","","2","","4","","256",13,203,203,"{L1:2}","{L2:1}",""
2977883014551,PHASE_B,101599,318,SEAL,0,2,32,"","8","","0","","1","","64",0,0,0,"{L2:1}","{L0:1, L2:1}",""
2977883016896,PHASE_B,101910,382,SEAL,0,3,32,"","9","","0","","1","","64",0,0,0,"{L0:1, L2:1}","{L0:2, L2:1}",""
2977883016906,PHASE_B,101910,382,MERGE_SUBMIT,0,3,32,"","","","","","","","",0,0,0,"{L0:2, L2:1}","{L0:2, L2:1}",""
2977883017016,PHASE_B,101930,385,MERGE_START,0,3,32,"[8,9]","","[0,0]","","[1,1]","","[64,64]","",89,0,0,"{L0:2, L2:1}","{L0:2, L2:1}",""
2977883017151,PHASE_B,101959,390,MERGE_DONE,0,0,0,"","10","","1","","2","","128",89,155,155,"","",""
2977883017157,PHASE_B,101959,390,MERGE_PUBLISH,0,2,32,"","10","","1","","2","","128",89,160,160,"{L0:2, L2:1}","{L1:1, L2:1}",""
2977883019349,PHASE_B,102235,447,SEAL,0,3,32,"","11","","0","","1","","64",0,0,0,"{L1:1, L2:1}","{L0:1, L1:1, L2:1}",""
2977883021661,PHASE_B,102558,511,SEAL,0,4,32,"","12","","0","","1","","64",0,0,0,"{L0:1, L1:1, L2:1}","{L0:2, L1:1, L2:1}",""
2977883021672,PHASE_B,102558,511,MERGE_SUBMIT,0,4,32,"","","","","","","","",0,0,0,"{L0:2, L1:1, L2:1}","{L0:2, L1:1, L2:1}",""
2977883021745,PHASE_B,102572,512,MERGE_START,0,4,32,"[11,12]","","[0,0]","","[1,1]","","[64,64]","",65,0,0,"{L0:2, L1:1, L2:1}","{L0:2, L1:1, L2:1}",""
2977883021849,PHASE_B,102594,517,MERGE_DONE,0,0,0,"","13","","1","","2","","128",65,112,112,"","",""
2977883021855,PHASE_B,102594,517,MERGE_PUBLISH,0,3,32,"","13","","1","","2","","128",65,117,116,"{L0:2, L1:1, L2:1}","{L1:2, L2:1}",""
2977883021864,PHASE_B,102594,517,MERGE_SUBMIT,5,3,32,"","","","","","","","",0,0,0,"{L1:2, L2:1}","{L1:2, L2:1}",""
2977883021884,PHASE_B,102594,517,MERGE_START,0,3,32,"[10,13]","","[1,1]","","[2,2]","","[128,128]","",18,0,0,"{L1:2, L2:1}","{L1:2, L2:1}",""
2977883022058,PHASE_B,102618,522,MERGE_DONE,0,0,0,"","14","","2","","4","","256",18,180,179,"","",""
2977883022062,PHASE_B,102618,522,MERGE_PUBLISH,0,2,32,"","14","","2","","4","","256",18,183,183,"{L1:2, L2:1}","{L2:2}",""
2977883022067,PHASE_B,102618,522,MERGE_SUBMIT,12,2,32,"","","","","","","","",0,0,0,"{L2:2}","{L2:2}",""
2977883022124,PHASE_B,102631,526,MERGE_START,0,2,32,"[7,14]","","[2,2]","","[4,4]","","[256,256]","",57,0,0,"{L2:2}","{L2:2}",""
2977883022590,PHASE_B,102711,539,MERGE_DONE,0,0,0,"","15","","3","","8","","512",57,467,467,"","",""
2977883022596,PHASE_B,102711,539,MERGE_PUBLISH,0,1,32,"","15","","3","","8","","512",57,472,472,"{L2:2}","{L3:1}",""
2977883024051,PHASE_B,102874,573,SEAL,0,2,32,"","16","","0","","1","","64",0,0,0,"{L3:1}","{L0:1, L3:1}",""
2977883026325,PHASE_B,103202,639,SEAL,0,3,32,"","17","","0","","1","","64",0,0,0,"{L0:1, L3:1}","{L0:2, L3:1}",""
2977883026335,PHASE_B,103202,639,MERGE_SUBMIT,0,3,32,"","","","","","","","",0,0,0,"{L0:2, L3:1}","{L0:2, L3:1}",""
2977883026445,PHASE_B,103219,643,MERGE_START,0,3,32,"[16,17]","","[0,0]","","[1,1]","","[64,64]","",89,0,0,"{L0:2, L3:1}","{L0:2, L3:1}",""
2977883026738,PHASE_B,103268,653,MERGE_DONE,0,0,0,"","18","","1","","2","","128",89,310,309,"","",""
2977883026752,PHASE_B,103270,653,MERGE_PUBLISH,0,2,32,"","18","","1","","2","","128",89,322,321,"{L0:2, L3:1}","{L1:1, L3:1}",""
2977883028740,PHASE_B,103529,703,SEAL,0,3,32,"","19","","0","","1","","64",0,0,0,"{L1:1, L3:1}","{L0:1, L1:1, L3:1}",""
2977883031093,PHASE_B,103844,767,SEAL,0,4,32,"","20","","0","","1","","64",0,0,0,"{L0:1, L1:1, L3:1}","{L0:2, L1:1, L3:1}",""
2977883031104,PHASE_B,103844,767,MERGE_SUBMIT,0,4,32,"","","","","","","","",0,0,0,"{L0:2, L1:1, L3:1}","{L0:2, L1:1, L3:1}",""
2977883031167,PHASE_B,103851,769,MERGE_START,0,4,32,"[19,20]","","[0,0]","","[1,1]","","[64,64]","",55,0,0,"{L0:2, L1:1, L3:1}","{L0:2, L1:1, L3:1}",""
2977883031298,PHASE_B,103875,774,MERGE_DONE,0,0,0,"","21","","1","","2","","128",55,138,138,"","",""
2977883031305,PHASE_B,103875,774,MERGE_PUBLISH,0,3,32,"","21","","1","","2","","128",55,144,143,"{L0:2, L1:1, L3:1}","{L1:2, L3:1}",""
2977883031313,PHASE_B,103875,774,MERGE_SUBMIT,6,3,32,"","","","","","","","",0,0,0,"{L1:2, L3:1}","{L1:2, L3:1}",""
2977883031340,PHASE_B,103882,775,MERGE_START,0,3,32,"[18,21]","","[1,1]","","[2,2]","","[128,128]","",26,0,0,"{L1:2, L3:1}","{L1:2, L3:1}",""
2977883031622,PHASE_B,103920,782,MERGE_DONE,0,0,0,"","22","","2","","4","","256",26,283,283,"","",""
2977883031627,PHASE_B,103920,782,MERGE_PUBLISH,0,2,32,"","22","","2","","4","","256",26,288,288,"{L1:2, L3:1}","{L2:1, L3:1}",""
2977883033428,PHASE_B,104161,831,SEAL,0,3,32,"","23","","0","","1","","64",0,0,0,"{L2:1, L3:1}","{L0:1, L2:1, L3:1}",""
2977883035711,PHASE_B,104481,894,SEAL,0,4,32,"","24","","0","","1","","64",0,0,0,"{L0:1, L2:1, L3:1}","{L0:2, L2:1, L3:1}",""
2977883035724,PHASE_B,104481,894,MERGE_SUBMIT,0,4,32,"","","","","","","","",0,0,0,"{L0:2, L2:1, L3:1}","{L0:2, L2:1, L3:1}",""
2977883035800,PHASE_B,104485,898,MERGE_START,0,4,32,"[23,24]","","[0,0]","","[1,1]","","[64,64]","",57,0,0,"{L0:2, L2:1, L3:1}","{L0:2, L2:1, L3:1}",""
2977883035900,PHASE_B,104516,902,MERGE_DONE,0,0,0,"","25","","1","","2","","128",57,118,117,"","",""
2977883035906,PHASE_B,104517,902,MERGE_PUBLISH,0,3,32,"","25","","1","","2","","128",57,123,122,"{L0:2, L2:1, L3:1}","{L1:1, L2:1, L3:1}",""
2977883038036,PHASE_B,104796,957,SEAL,0,4,32,"","26","","0","","1","","64",0,0,0,"{L1:1, L2:1, L3:1}","{L0:1, L1:1, L2:1, L3:1}",""
2977883040448,PHASE_B,105112,1021,SEAL,0,5,32,"","27","","0","","1","","64",0,0,0,"{L0:1, L1:1, L2:1, L3:1}","{L0:2, L1:1, L2:1, L3:1}",""
2977883040460,PHASE_B,105112,1021,MERGE_SUBMIT,0,5,32,"","","","","","","","",0,0,0,"{L0:2, L1:1, L2:1, L3:1}","{L0:2, L1:1, L2:1, L3:1}",""
2977883040569,PHASE_B,105140,1026,MERGE_START,0,5,32,"[26,27]","","[0,0]","","[1,1]","","[64,64]","",87,0,0,"{L0:2, L1:1, L2:1, L3:1}","{L0:2, L1:1, L2:1, L3:1}",""
2977883040797,PHASE_B,105170,1032,MERGE_DONE,0,0,0,"","28","","1","","2","","128",87,249,248,"","",""
2977883040806,PHASE_B,105170,1032,MERGE_PUBLISH,0,4,32,"","28","","1","","2","","128",87,256,255,"{L0:2, L1:1, L2:1, L3:1}","{L1:2, L2:1, L3:1}",""
2977883040817,PHASE_B,105170,1032,MERGE_SUBMIT,10,4,32,"","","","","","","","",0,0,0,"{L1:2, L2:1, L3:1}","{L1:2, L2:1, L3:1}",""
2977883040869,PHASE_B,105170,1032,MERGE_START,0,4,32,"[25,28]","","[1,1]","","[2,2]","","[128,128]","",32,0,0,"{L1:2, L2:1, L3:1}","{L1:2, L2:1, L3:1}",""
2977883041335,PHASE_B,105240,1046,MERGE_DONE,0,0,0,"","29","","2","","4","","256",32,487,486,"","",""
2977883041342,PHASE_B,105240,1046,MERGE_PUBLISH,0,3,32,"","29","","2","","4","","256",32,493,492,"{L1:2, L2:1, L3:1}","{L2:2, L3:1}",""
2977883041348,PHASE_B,105240,1046,MERGE_SUBMIT,26,3,32,"","","","","","","","",0,0,0,"{L2:2, L3:1}","{L2:2, L3:1}",""
2977883041388,PHASE_B,105256,1051,MERGE_START,0,3,32,"[22,29]","","[2,2]","","[4,4]","","[256,256]","",40,0,0,"{L2:2, L3:1}","{L2:2, L3:1}",""
2977883041955,PHASE_B,105339,1066,MERGE_DONE,0,0,0,"","30","","3","","8","","512",40,568,568,"","",""
2977883041960,PHASE_B,105339,1066,MERGE_PUBLISH,0,2,32,"","30","","3","","8","","512",40,572,572,"{L2:2, L3:1}","{L3:2}",""
2977883041964,PHASE_B,105340,1066,MERGE_SUBMIT,42,2,32,"","","","","","","","",0,0,0,"{L3:2}","{L3:2}",""
2977883042036,PHASE_B,105341,1066,MERGE_START,0,2,32,"[15,30]","","[3,3]","","[8,8]","","[512,512]","",71,0,0,"{L3:2}","{L3:2}",""
2977883042895,PHASE_B,105434,1086,SEAL,0,3,32,"","32","","0","","1","","64",0,0,0,"{L3:2}","{L0:1, L3:2}",""
2977883043158,PHASE_B,105482,1095,MERGE_DONE,0,0,0,"","31","","4","","16","","1024",71,1122,1122,"","",""
2977883043165,PHASE_B,105482,1095,MERGE_PUBLISH,0,2,32,"","31","","4","","16","","1024",71,1128,1128,"{L0:1, L3:2}","{L0:1, L4:1}",""
2977883045341,PHASE_B,105768,1151,SEAL,0,3,32,"","33","","0","","1","","64",0,0,0,"{L0:1, L4:1}","{L0:2, L4:1}",""
2977883045357,PHASE_B,105768,1151,MERGE_SUBMIT,0,3,32,"","","","","","","","",0,0,0,"{L0:2, L4:1}","{L0:2, L4:1}",""
2977883045462,PHASE_B,105777,1154,MERGE_START,0,3,32,"[32,33]","","[0,0]","","[1,1]","","[64,64]","",86,0,0,"{L0:2, L4:1}","{L0:2, L4:1}",""
2977883045749,PHASE_B,105824,1165,MERGE_DONE,0,0,0,"","34","","1","","2","","128",86,303,303,"","",""
2977883045763,PHASE_B,105830,1165,MERGE_PUBLISH,0,2,32,"","34","","1","","2","","128",86,315,314,"{L0:2, L4:1}","{L1:1, L4:1}",""
2977883047679,PHASE_B,106081,1215,SEAL,0,3,32,"","35","","0","","1","","64",0,0,0,"{L1:1, L4:1}","{L0:1, L1:1, L4:1}",""
2977883050038,PHASE_B,106392,1278,SEAL,0,4,32,"","36","","0","","1","","64",0,0,0,"{L0:1, L1:1, L4:1}","{L0:2, L1:1, L4:1}",""
2977883050049,PHASE_B,106392,1278,MERGE_SUBMIT,0,4,32,"","","","","","","","",0,0,0,"{L0:2, L1:1, L4:1}","{L0:2, L1:1, L4:1}",""
2977883050154,PHASE_B,106420,1282,MERGE_START,0,4,32,"[35,36]","","[0,0]","","[1,1]","","[64,64]","",90,0,0,"{L0:2, L1:1, L4:1}","{L0:2, L1:1, L4:1}",""
2977883050388,PHASE_B,106459,1290,MERGE_DONE,0,0,0,"","37","","1","","2","","128",90,247,247,"","",""
2977883050412,PHASE_B,106461,1291,MERGE_PUBLISH,0,3,32,"","37","","1","","2","","128",90,269,268,"{L0:2, L1:1, L4:1}","{L1:2, L4:1}",""
2977883050423,PHASE_B,106461,1291,MERGE_SUBMIT,11,3,32,"","","","","","","","",0,0,0,"{L1:2, L4:1}","{L1:2, L4:1}",""
2977883050465,PHASE_B,106461,1291,MERGE_START,0,3,32,"[34,37]","","[1,1]","","[2,2]","","[128,128]","",43,0,0,"{L1:2, L4:1}","{L1:2, L4:1}",""
2977883050839,PHASE_B,106519,1304,MERGE_DONE,0,0,0,"","38","","2","","4","","256",43,377,377,"","",""
2977883050848,PHASE_B,106519,1304,MERGE_PUBLISH,0,2,32,"","38","","2","","4","","256",43,383,383,"{L1:2, L4:1}","{L2:1, L4:1}",""
2977883052465,PHASE_B,106719,1342,SEAL,0,3,32,"","39","","0","","1","","64",0,0,0,"{L2:1, L4:1}","{L0:1, L2:1, L4:1}",""
2977883054841,PHASE_B,107037,1407,SEAL,0,4,32,"","40","","0","","1","","64",0,0,0,"{L0:1, L2:1, L4:1}","{L0:2, L2:1, L4:1}",""
2977883054852,PHASE_B,107037,1407,MERGE_SUBMIT,0,4,32,"","","","","","","","",0,0,0,"{L0:2, L2:1, L4:1}","{L0:2, L2:1, L4:1}",""
2977883054865,PHASE_B,107042,1408,MERGE_START,0,4,32,"[39,40]","","[0,0]","","[1,1]","","[64,64]","",9,0,0,"{L0:2, L2:1, L4:1}","{L0:2, L2:1, L4:1}",""
2977883055006,PHASE_B,107070,1413,MERGE_DONE,0,0,0,"","41","","1","","2","","128",9,145,145,"","",""
2977883055011,PHASE_B,107071,1413,MERGE_PUBLISH,0,3,32,"","41","","1","","2","","128",9,149,148,"{L0:2, L2:1, L4:1}","{L1:1, L2:1, L4:1}",""
2977883057204,PHASE_B,107361,1470,SEAL,0,4,32,"","42","","0","","1","","64",0,0,0,"{L1:1, L2:1, L4:1}","{L0:1, L1:1, L2:1, L4:1}",""
2977883059569,PHASE_B,107676,1535,SEAL,0,5,32,"","43","","0","","1","","64",0,0,0,"{L0:1, L1:1, L2:1, L4:1}","{L0:2, L1:1, L2:1, L4:1}",""
2977883059582,PHASE_B,107676,1535,MERGE_SUBMIT,0,5,32,"","","","","","","","",0,0,0,"{L0:2, L1:1, L2:1, L4:1}","{L0:2, L1:1, L2:1, L4:1}",""
2977883059691,PHASE_B,107693,1536,MERGE_START,0,5,32,"[42,43]","","[0,0]","","[1,1]","","[64,64]","",88,0,0,"{L0:2, L1:1, L2:1, L4:1}","{L0:2, L1:1, L2:1, L4:1}",""
2977883059999,PHASE_B,107750,1549,MERGE_DONE,0,0,0,"","44","","1","","2","","128",88,326,325,"","",""
2977883060030,PHASE_B,107758,1550,MERGE_PUBLISH,0,4,32,"","44","","1","","2","","128",88,353,352,"{L0:2, L1:1, L2:1, L4:1}","{L1:2, L2:1, L4:1}",""
2977883060053,PHASE_B,107764,1551,MERGE_SUBMIT,14,4,32,"","","","","","","","",0,0,0,"{L1:2, L2:1, L4:1}","{L1:2, L2:1, L4:1}",""
2977883060090,PHASE_B,107768,1551,MERGE_START,0,4,32,"[41,44]","","[1,1]","","[2,2]","","[128,128]","",31,0,0,"{L1:2, L2:1, L4:1}","{L1:2, L2:1, L4:1}",""
2977883060433,PHASE_B,107812,1562,MERGE_DONE,0,0,0,"","45","","2","","4","","256",31,356,356,"","",""
2977883060444,PHASE_B,107812,1562,MERGE_PUBLISH,0,3,32,"","45","","2","","4","","256",31,365,364,"{L1:2, L2:1, L4:1}","{L2:2, L4:1}",""
2977883060456,PHASE_B,107812,1562,MERGE_SUBMIT,26,3,32,"","","","","","","","",0,0,0,"{L2:2, L4:1}","{L2:2, L4:1}",""
2977883060521,PHASE_B,107827,1563,MERGE_START,0,3,32,"[38,45]","","[2,2]","","[4,4]","","[256,256]","",64,0,0,"{L2:2, L4:1}","{L2:2, L4:1}",""
2977883061211,PHASE_B,107916,1582,MERGE_DONE,0,0,0,"","46","","3","","8","","512",64,693,693,"","",""
2977883061247,PHASE_B,107916,1582,MERGE_PUBLISH,0,2,32,"","46","","3","","8","","512",64,726,710,"{L2:2, L4:1}","{L3:1, L4:1}",""
2977883062019,PHASE_B,107992,1599,SEAL,0,3,32,"","47","","0","","1","","64",0,0,0,"{L3:1, L4:1}","{L0:1, L3:1, L4:1}",""
2977883064307,PHASE_B,108315,1663,SEAL,0,4,32,"","48","","0","","1","","64",0,0,0,"{L0:1, L3:1, L4:1}","{L0:2, L3:1, L4:1}",""
2977883064318,PHASE_B,108315,1663,MERGE_SUBMIT,0,4,32,"","","","","","","","",0,0,0,"{L0:2, L3:1, L4:1}","{L0:2, L3:1, L4:1}",""
2977883064376,PHASE_B,108319,1664,MERGE_START,0,4,32,"[47,48]","","[0,0]","","[1,1]","","[64,64]","",47,0,0,"{L0:2, L3:1, L4:1}","{L0:2, L3:1, L4:1}",""
2977883064578,PHASE_B,108361,1672,MERGE_DONE,0,0,0,"","49","","1","","2","","128",47,209,210,"","",""
2977883064590,PHASE_B,108365,1672,MERGE_PUBLISH,0,3,32,"","49","","1","","2","","128",47,220,219,"{L0:2, L3:1, L4:1}","{L1:1, L3:1, L4:1}",""
2977883066702,PHASE_B,108628,1726,SEAL,0,4,32,"","50","","0","","1","","64",0,0,0,"{L1:1, L3:1, L4:1}","{L0:1, L1:1, L3:1, L4:1}",""
2977883069024,PHASE_B,108957,1791,SEAL,0,5,32,"","51","","0","","1","","64",0,0,0,"{L0:1, L1:1, L3:1, L4:1}","{L0:2, L1:1, L3:1, L4:1}",""
2977883069038,PHASE_B,108957,1791,MERGE_SUBMIT,0,5,32,"","","","","","","","",0,0,0,"{L0:2, L1:1, L3:1, L4:1}","{L0:2, L1:1, L3:1, L4:1}",""
2977883069143,PHASE_B,108975,1795,MERGE_START,0,5,32,"[50,51]","","[0,0]","","[1,1]","","[64,64]","",83,0,0,"{L0:2, L1:1, L3:1, L4:1}","{L0:2, L1:1, L3:1, L4:1}",""
2977883069429,PHASE_B,109024,1803,MERGE_DONE,0,0,0,"","52","","1","","2","","128",83,305,304,"","",""
2977883069458,PHASE_B,109024,1803,MERGE_PUBLISH,0,4,32,"","52","","1","","2","","128",83,318,317,"{L0:2, L1:1, L3:1, L4:1}","{L1:2, L3:1, L4:1}",""
2977883069475,PHASE_B,109028,1805,MERGE_SUBMIT,12,4,32,"","","","","","","","",0,0,0,"{L1:2, L3:1, L4:1}","{L1:2, L3:1, L4:1}",""
2977883069532,PHASE_B,109033,1807,MERGE_START,0,4,32,"[49,52]","","[1,1]","","[2,2]","","[128,128]","",56,0,0,"{L1:2, L3:1, L4:1}","{L1:2, L3:1, L4:1}",""
2977883070169,PHASE_B,109123,1825,MERGE_DONE,0,0,0,"","53","","2","","4","","256",56,640,640,"","",""
2977883070181,PHASE_B,109127,1825,MERGE_PUBLISH,0,3,32,"","53","","2","","4","","256",56,649,649,"{L1:2, L3:1, L4:1}","{L2:1, L3:1, L4:1}",""
2977883071496,PHASE_B,109285,1855,SEAL,0,4,32,"","54","","0","","1","","64",0,0,0,"{L2:1, L3:1, L4:1}","{L0:1, L2:1, L3:1, L4:1}",""
2977883073935,PHASE_B,109599,1919,SEAL,0,5,32,"","55","","0","","1","","64",0,0,0,"{L0:1, L2:1, L3:1, L4:1}","{L0:2, L2:1, L3:1, L4:1}",""
2977883073949,PHASE_B,109599,1919,MERGE_SUBMIT,0,5,32,"","","","","","","","",0,0,0,"{L0:2, L2:1, L3:1, L4:1}","{L0:2, L2:1, L3:1, L4:1}",""
2977883074079,PHASE_B,109628,1923,MERGE_START,0,5,32,"[54,55]","","[0,0]","","[1,1]","","[64,64]","",104,0,0,"{L0:2, L2:1, L3:1, L4:1}","{L0:2, L2:1, L3:1, L4:1}",""
2977883074385,PHASE_B,109674,1934,MERGE_DONE,0,0,0,"","56","","1","","2","","128",104,329,329,"","",""
2977883074402,PHASE_B,109675,1934,MERGE_PUBLISH,0,4,32,"","56","","1","","2","","128",104,343,342,"{L0:2, L2:1, L3:1, L4:1}","{L1:1, L2:1, L3:1, L4:1}",""
2977883076409,PHASE_B,109915,1982,SEAL,0,5,32,"","57","","0","","1","","64",0,0,0,"{L1:1, L2:1, L3:1, L4:1}","{L0:1, L1:1, L2:1, L3:1, L4:1}",""
2977883079007,PHASE_B,110242,2047,SEAL,0,6,32,"","58","","0","","1","","64",0,0,0,"{L0:1, L1:1, L2:1, L3:1, L4:1}","{L0:2, L1:1, L2:1, L3:1, L4:1}",""
2977883079026,PHASE_B,110242,2047,MERGE_SUBMIT,0,6,32,"","","","","","","","",0,0,0,"{L0:2, L1:1, L2:1, L3:1, L4:1}","{L0:2, L1:1, L2:1, L3:1, L4:1}",""
2977883079072,PHASE_B,110242,2047,MERGE_START,0,6,32,"[57,58]","","[0,0]","","[1,1]","","[64,64]","",23,0,0,"{L0:2, L1:1, L2:1, L3:1, L4:1}","{L0:2, L1:1, L2:1, L3:1, L4:1}",""
2977883079360,PHASE_B,110300,2058,MERGE_DONE,0,0,0,"","59","","1","","2","","128",23,309,308,"","",""
2977883079379,PHASE_B,110300,2058,MERGE_PUBLISH,0,5,32,"","59","","1","","2","","128",23,321,320,"{L0:2, L1:1, L2:1, L3:1, L4:1}","{L1:2, L2:1, L3:1, L4:1}",""
2977883079396,PHASE_B,110300,2058,MERGE_SUBMIT,10,5,32,"","","","","","","","",0,0,0,"{L1:2, L2:1, L3:1, L4:1}","{L1:2, L2:1, L3:1, L4:1}",""
2977883079460,PHASE_B,110304,2061,MERGE_START,0,5,32,"[56,59]","","[1,1]","","[2,2]","","[128,128]","",63,0,0,"{L1:2, L2:1, L3:1, L4:1}","{L1:2, L2:1, L3:1, L4:1}",""
2977883079956,PHASE_B,110372,2074,MERGE_DONE,0,0,0,"","60","","2","","4","","256",63,501,501,"","",""
2977883079969,PHASE_B,110374,2075,MERGE_PUBLISH,0,4,32,"","60","","2","","4","","256",63,509,509,"{L1:2, L2:1, L3:1, L4:1}","{L2:2, L3:1, L4:1}",""
2977883079979,PHASE_B,110374,2075,MERGE_SUBMIT,27,4,32,"","","","","","","","",0,0,0,"{L2:2, L3:1, L4:1}","{L2:2, L3:1, L4:1}",""
2977883080081,PHASE_B,110388,2077,MERGE_START,0,4,32,"[53,60]","","[2,2]","","[4,4]","","[256,256]","",84,0,0,"{L2:2, L3:1, L4:1}","{L2:2, L3:1, L4:1}",""
2977883081315,PHASE_B,110546,2109,MERGE_DONE,0,0,0,"","61","","3","","8","","512",84,1251,1251,"","",""
2977883081333,PHASE_B,110555,2109,MERGE_PUBLISH,0,3,32,"","61","","3","","8","","512",84,1267,1267,"{L2:2, L3:1, L4:1}","{L3:2, L4:1}",""
2977883081350,PHASE_B,110556,2109,MERGE_SUBMIT,61,3,32,"","","","","","","","",0,0,0,"{L3:2, L4:1}","{L3:2, L4:1}",""
2977883081401,PHASE_B,110562,2110,MERGE_START,0,3,32,"[46,61]","","[3,3]","","[8,8]","","[512,512]","",37,0,0,"{L3:2, L4:1}","{L3:2, L4:1}",""
2977883081494,PHASE_B,110562,2110,SEAL,0,4,32,"","62","","0","","1","","64",0,0,0,"{L3:2, L4:1}","{L0:1, L3:2, L4:1}",""
2977883084065,PHASE_B,110880,2175,SEAL,0,5,32,"","64","","0","","1","","64",0,0,0,"{L0:1, L3:2, L4:1}","{L0:2, L3:2, L4:1}",""
2977883084130,PHASE_B,110886,2178,MERGE_DONE,0,0,0,"","63","","4","","16","","1024",37,2742,2723,"","",""
2977883084156,PHASE_B,110891,2178,MERGE_PUBLISH,0,4,32,"","63","","4","","16","","1024",37,2764,2744,"{L0:2, L3:2, L4:1}","{L0:2, L4:2}",""
2977883084171,PHASE_B,110892,2178,MERGE_SUBMIT,2,4,32,"","","","","","","","",0,0,0,"{L0:2, L4:2}","{L0:2, L4:2}",""
2977883084284,PHASE_B,110913,2180,MERGE_START,0,4,32,"[62,64]","","[0,0]","","[1,1]","","[64,64]","",95,0,0,"{L0:2, L4:2}","{L0:2, L4:2}",""
2977883084609,PHASE_B,110966,2192,MERGE_DONE,0,0,0,"","65","","1","","2","","128",95,345,345,"","",""
2977883084622,PHASE_B,110966,2192,MERGE_PUBLISH,0,3,32,"","65","","1","","2","","128",95,358,356,"{L0:2, L4:2}","{L1:1, L4:2}",""
2977883084639,PHASE_B,110966,2192,MERGE_SUBMIT,16,3,32,"","","","","","","","",0,0,0,"{L1:1, L4:2}","{L1:1, L4:2}",""
2977883084701,PHASE_B,110970,2194,MERGE_START,0,3,32,"[31,63]","","[4,4]","","[16,16]","","[1024,1024]","",62,0,0,"{L1:1, L4:2}","{L1:1, L4:2}",""
2977883086509,PHASE_B,111191,2238,SEAL,0,4,32,"","67","","0","","1","","64",0,0,0,"{L1:1, L4:2}","{L0:1, L1:1, L4:2}",""
2977883089017,PHASE_B,111523,2303,SEAL,0,5,32,"","68","","0","","1","","64",0,0,0,"{L0:1, L1:1, L4:2}","{L0:2, L1:1, L4:2}",""
2977883090279,PHASE_B,111698,2339,MERGE_DONE,0,0,0,"","66","","5","","32","","2048",62,5581,5581,"","",""
2977883090299,PHASE_B,111698,2339,MERGE_PUBLISH,0,4,32,"","66","","5","","32","","2048",62,5595,5596,"{L0:2, L1:1, L4:2}","{L0:2, L1:1, L5:1}",""
2977883090314,PHASE_B,111698,2339,MERGE_SUBMIT,35,4,32,"","","","","","","","",0,0,0,"{L0:2, L1:1, L5:1}","{L0:2, L1:1, L5:1}",""
2977883090361,PHASE_B,111706,2340,MERGE_START,0,4,32,"[67,68]","","[0,0]","","[1,1]","","[64,64]","",31,0,0,"{L0:2, L1:1, L5:1}","{L0:2, L1:1, L5:1}",""
2977883090740,PHASE_B,111755,2349,MERGE_DONE,0,0,0,"","69","","1","","2","","128",31,396,396,"","",""
2977883090784,PHASE_B,111761,2350,MERGE_PUBLISH,0,3,32,"","69","","1","","2","","128",31,436,418,"{L0:2, L1:1, L5:1}","{L1:2, L5:1}",""
2977883090801,PHASE_B,111763,2350,MERGE_SUBMIT,46,3,32,"","","","","","","","",0,0,0,"{L1:2, L5:1}","{L1:2, L5:1}",""
2977883090842,PHASE_B,111763,2350,MERGE_START,0,3,32,"[65,69]","","[1,1]","","[2,2]","","[128,128]","",29,0,0,"{L1:2, L5:1}","{L1:2, L5:1}",""
2977883091612,PHASE_B,111842,2367,SEAL,0,4,32,"","71","","0","","1","","64",0,0,0,"{L1:2, L5:1}","{L0:1, L1:2, L5:1}",""
2977883092068,PHASE_B,111914,2382,MERGE_DONE,0,0,0,"","70","","2","","4","","256",29,1239,1200,"","",""
2977883092084,PHASE_B,111914,2382,MERGE_PUBLISH,0,3,32,"","70","","2","","4","","256",29,1251,1211,"{L0:1, L1:2, L5:1}","{L0:1, L2:1, L5:1}",""
2977883093987,PHASE_B,112145,2427,SEAL,0,4,32,"","72","","0","","1","","64",0,0,0,"{L0:1, L2:1, L5:1}","{L0:2, L2:1, L5:1}",""
2977883093998,PHASE_B,112145,2427,MERGE_SUBMIT,0,4,32,"","","","","","","","",0,0,0,"{L0:2, L2:1, L5:1}","{L0:2, L2:1, L5:1}",""
2977883094136,PHASE_B,112181,2434,MERGE_START,0,4,32,"[71,72]","","[0,0]","","[1,1]","","[64,64]","",116,0,0,"{L0:2, L2:1, L5:1}","{L0:2, L2:1, L5:1}",""
2977883094417,PHASE_B,112219,2442,MERGE_DONE,0,0,0,"","73","","1","","2","","128",116,299,299,"","",""
2977883094433,PHASE_B,112219,2442,MERGE_PUBLISH,0,3,32,"","73","","1","","2","","128",116,312,311,"{L0:2, L2:1, L5:1}","{L1:1, L2:1, L5:1}",""
2977883096572,PHASE_B,112475,2495,SEAL,0,4,32,"","74","","0","","1","","64",0,0,0,"{L1:1, L2:1, L5:1}","{L0:1, L1:1, L2:1, L5:1}",""
2977883098905,PHASE_B,112796,2558,SEAL,0,5,32,"","75","","0","","1","","64",0,0,0,"{L0:1, L1:1, L2:1, L5:1}","{L0:2, L1:1, L2:1, L5:1}",""
2977883098916,PHASE_B,112796,2558,MERGE_SUBMIT,0,5,32,"","","","","","","","",0,0,0,"{L0:2, L1:1, L2:1, L5:1}","{L0:2, L1:1, L2:1, L5:1}",""
2977883099045,PHASE_B,112816,2562,MERGE_START,0,5,32,"[74,75]","","[0,0]","","[1,1]","","[64,64]","",107,0,0,"{L0:2, L1:1, L2:1, L5:1}","{L0:2, L1:1, L2:1, L5:1}",""
2977883099336,PHASE_B,112868,2572,MERGE_DONE,0,0,0,"","76","","1","","2","","128",107,309,308,"","",""
2977883099354,PHASE_B,112868,2572,MERGE_PUBLISH,0,4,32,"","76","","1","","2","","128",107,323,322,"{L0:2, L1:1, L2:1, L5:1}","{L1:2, L2:1, L5:1}",""
2977883099373,PHASE_B,112871,2574,MERGE_SUBMIT,13,4,32,"","","","","","","","",0,0,0,"{L1:2, L2:1, L5:1}","{L1:2, L2:1, L5:1}",""
2977883099435,PHASE_B,112872,2574,MERGE_START,0,4,32,"[73,76]","","[1,1]","","[2,2]","","[128,128]","",62,0,0,"{L1:2, L2:1, L5:1}","{L1:2, L2:1, L5:1}",""
2977883099928,PHASE_B,112951,2589,MERGE_DONE,0,0,0,"","77","","2","","4","","256",62,497,497,"","",""
2977883099956,PHASE_B,112951,2589,MERGE_PUBLISH,0,3,32,"","77","","2","","4","","256",62,520,520,"{L1:2, L2:1, L5:1}","{L2:2, L5:1}",""
2977883099966,PHASE_B,112951,2589,MERGE_SUBMIT,31,3,32,"","","","","","","","",0,0,0,"{L2:2, L5:1}","{L2:2, L5:1}",""
2977883100069,PHASE_B,112977,2593,MERGE_START,0,3,32,"[70,77]","","[2,2]","","[4,4]","","[256,256]","",85,0,0,"{L2:2, L5:1}","{L2:2, L5:1}",""
2977883101107,PHASE_B,113094,2617,MERGE_DONE,0,0,0,"","78","","3","","8","","512",85,1055,1055,"","",""
2977883101123,PHASE_B,113094,2617,MERGE_PUBLISH,0,2,32,"","78","","3","","8","","512",85,1070,1068,"{L2:2, L5:1}","{L3:1, L5:1}",""
2977883101375,PHASE_B,113121,2623,SEAL,0,3,32,"","79","","0","","1","","64",0,0,0,"{L3:1, L5:1}","{L0:1, L3:1, L5:1}",""
2977883103796,PHASE_B,113441,2687,SEAL,0,4,32,"","80","","0","","1","","64",0,0,0,"{L0:1, L3:1, L5:1}","{L0:2, L3:1, L5:1}",""
2977883103809,PHASE_B,113441,2687,MERGE_SUBMIT,0,4,32,"","","","","","","","",0,0,0,"{L0:2, L3:1, L5:1}","{L0:2, L3:1, L5:1}",""
2977883103934,PHASE_B,113462,2692,MERGE_START,0,4,32,"[79,80]","","[0,0]","","[1,1]","","[64,64]","",104,0,0,"{L0:2, L3:1, L5:1}","{L0:2, L3:1, L5:1}",""
2977883104251,PHASE_B,113512,2701,MERGE_DONE,0,0,0,"","81","","1","","2","","128",104,336,336,"","",""
2977883104270,PHASE_B,113517,2702,MERGE_PUBLISH,0,3,32,"","81","","1","","2","","128",104,352,350,"{L0:2, L3:1, L5:1}","{L1:1, L3:1, L5:1}",""
2977883106157,PHASE_B,113761,2750,SEAL,0,4,32,"","82","","0","","1","","64",0,0,0,"{L1:1, L3:1, L5:1}","{L0:1, L1:1, L3:1, L5:1}",""
2977883108430,PHASE_B,114076,2814,SEAL,0,5,32,"","83","","0","","1","","64",0,0,0,"{L0:1, L1:1, L3:1, L5:1}","{L0:2, L1:1, L3:1, L5:1}",""
2977883108441,PHASE_B,114076,2814,MERGE_SUBMIT,0,5,32,"","","","","","","","",0,0,0,"{L0:2, L1:1, L3:1, L5:1}","{L0:2, L1:1, L3:1, L5:1}",""
2977883108553,PHASE_B,114097,2817,MERGE_START,0,5,32,"[82,83]","","[0,0]","","[1,1]","","[64,64]","",85,0,0,"{L0:2, L1:1, L3:1, L5:1}","{L0:2, L1:1, L3:1, L5:1}",""
2977883108843,PHASE_B,114142,2826,MERGE_DONE,0,0,0,"","84","","1","","2","","128",85,313,313,"","",""
2977883108863,PHASE_B,114153,2830,MERGE_PUBLISH,0,4,32,"","84","","1","","2","","128",85,330,329,"{L0:2, L1:1, L3:1, L5:1}","{L1:2, L3:1, L5:1}",""
2977883108896,PHASE_B,114159,2831,MERGE_SUBMIT,14,4,32,"","","","","","","","",0,0,0,"{L1:2, L3:1, L5:1}","{L1:2, L3:1, L5:1}",""
2977883108973,PHASE_B,114166,2833,MERGE_START,0,4,32,"[81,84]","","[1,1]","","[2,2]","","[128,128]","",76,0,0,"{L1:2, L3:1, L5:1}","{L1:2, L3:1, L5:1}",""
2977883109551,PHASE_B,114254,2849,MERGE_DONE,0,0,0,"","85","","2","","4","","256",76,583,583,"","",""
2977883109566,PHASE_B,114256,2849,MERGE_PUBLISH,0,3,32,"","85","","2","","4","","256",76,593,593,"{L1:2, L3:1, L5:1}","{L2:1, L3:1, L5:1}",""
2977883110857,PHASE_B,114402,2879,SEAL,0,4,32,"","86","","0","","1","","64",0,0,0,"{L2:1, L3:1, L5:1}","{L0:1, L2:1, L3:1, L5:1}",""
2977883113113,PHASE_B,114725,2943,SEAL,0,5,32,"","87","","0","","1","","64",0,0,0,"{L0:1, L2:1, L3:1, L5:1}","{L0:2, L2:1, L3:1, L5:1}",""
2977883113124,PHASE_B,114725,2943,MERGE_SUBMIT,0,5,32,"","","","","","","","",0,0,0,"{L0:2, L2:1, L3:1, L5:1}","{L0:2, L2:1, L3:1, L5:1}",""
2977883113235,PHASE_B,114742,2947,MERGE_START,0,5,32,"[86,87]","","[0,0]","","[1,1]","","[64,64]","",83,0,0,"{L0:2, L2:1, L3:1, L5:1}","{L0:2, L2:1, L3:1, L5:1}",""
2977883113526,PHASE_B,114790,2958,MERGE_DONE,0,0,0,"","88","","1","","2","","128",83,314,314,"","",""
2977883113560,PHASE_B,114794,2958,MERGE_PUBLISH,0,4,32,"","88","","1","","2","","128",83,344,343,"{L0:2, L2:1, L3:1, L5:1}","{L1:1, L2:1, L3:1, L5:1}",""
2977883115450,PHASE_B,115042,3007,SEAL,0,5,32,"","89","","0","","1","","64",0,0,0,"{L1:1, L2:1, L3:1, L5:1}","{L0:1, L1:1, L2:1, L3:1, L5:1}",""
2977883117835,PHASE_B,115367,3071,SEAL,0,6,32,"","90","","0","","1","","64",0,0,0,"{L0:1, L1:1, L2:1, L3:1, L5:1}","{L0:2, L1:1, L2:1, L3:1, L5:1}",""
2977883117846,PHASE_B,115367,3071,MERGE_SUBMIT,0,6,32,"","","","","","","","",0,0,0,"{L0:2, L1:1, L2:1, L3:1, L5:1}","{L0:2, L1:1, L2:1, L3:1, L5:1}",""
2977883117955,PHASE_B,115382,3076,MERGE_START,0,6,32,"[89,90]","","[0,0]","","[1,1]","","[64,64]","",84,0,0,"{L0:2, L1:1, L2:1, L3:1, L5:1}","{L0:2, L1:1, L2:1, L3:1, L5:1}",""
2977883118265,PHASE_B,115440,3086,MERGE_DONE,0,0,0,"","91","","1","","2","","128",84,331,330,"","",""
2977883118285,PHASE_B,115441,3086,MERGE_PUBLISH,0,5,32,"","91","","1","","2","","128",84,345,344,"{L0:2, L1:1, L2:1, L3:1, L5:1}","{L1:2, L2:1, L3:1, L5:1}",""
2977883118304,PHASE_B,115441,3086,MERGE_SUBMIT,14,5,32,"","","","","","","","",0,0,0,"{L1:2, L2:1, L3:1, L5:1}","{L1:2, L2:1, L3:1, L5:1}",""
2977883118416,PHASE_B,115441,3086,MERGE_START,0,5,32,"[88,91]","","[1,1]","","[2,2]","","[128,128]","",96,0,0,"{L1:2, L2:1, L3:1, L5:1}","{L1:2, L2:1, L3:1, L5:1}",""
2977883118962,PHASE_B,115534,3105,MERGE_DONE,0,0,0,"","92","","2","","4","","256",96,564,564,"","",""
2977883118980,PHASE_B,115534,3105,MERGE_PUBLISH,0,4,32,"","92","","2","","4","","256",96,578,577,"{L1:2, L2:1, L3:1, L5:1}","{L2:2, L3:1, L5:1}",""
2977883118999,PHASE_B,115534,3105,MERGE_SUBMIT,33,4,32,"","","","","","","","",0,0,0,"{L2:2, L3:1, L5:1}","{L2:2, L3:1, L5:1}",""
2977883119114,PHASE_B,115543,3107,MERGE_START,0,4,32,"[85,92]","","[2,2]","","[4,4]","","[256,256]","",93,0,0,"{L2:2, L3:1, L5:1}","{L2:2, L3:1, L5:1}",""
2977883120298,PHASE_B,115680,3135,SEAL,0,5,32,"","94","","0","","1","","64",0,0,0,"{L2:2, L3:1, L5:1}","{L0:1, L2:2, L3:1, L5:1}",""
2977883120460,PHASE_B,115706,3141,MERGE_DONE,0,0,0,"","93","","3","","8","","512",93,1370,1369,"","",""
2977883120480,PHASE_B,115707,3141,MERGE_PUBLISH,0,4,32,"","93","","3","","8","","512",93,1384,1383,"{L0:1, L2:2, L3:1, L5:1}","{L0:1, L3:2, L5:1}",""
2977883120503,PHASE_B,115708,3141,MERGE_SUBMIT,5,4,32,"","","","","","","","",0,0,0,"{L0:1, L3:2, L5:1}","{L0:1, L3:2, L5:1}",""
2977883120610,PHASE_B,115727,3144,MERGE_START,0,4,32,"[78,93]","","[3,3]","","[8,8]","","[512,512]","",101,0,0,"{L0:1, L3:2, L5:1}","{L0:1, L3:2, L5:1}",""
2977883122710,PHASE_B,116000,3199,SEAL,0,5,32,"","96","","0","","1","","64",0,0,0,"{L0:1, L3:2, L5:1}","{L0:2, L3:2, L5:1}",""
2977883122766,PHASE_B,116013,3200,MERGE_DONE,0,0,0,"","95","","4","","16","","1024",101,2173,2173,"","",""
2977883122785,PHASE_B,116013,3200,MERGE_PUBLISH,0,4,32,"","95","","4","","16","","1024",101,2188,2187,"{L0:2, L3:2, L5:1}","{L0:2, L4:1, L5:1}",""
2977883122806,PHASE_B,116013,3200,MERGE_SUBMIT,1,4,32,"","","","","","","","",0,0,0,"{L0:2, L4:1, L5:1}","{L0:2, L4:1, L5:1}",""
2977883122924,PHASE_B,116022,3203,MERGE_START,0,4,32,"[94,96]","","[0,0]","","[1,1]","","[64,64]","",99,0,0,"{L0:2, L4:1, L5:1}","{L0:2, L4:1, L5:1}",""
2977883123235,PHASE_B,116076,3214,MERGE_DONE,0,0,0,"","97","","1","","2","","128",99,334,334,"","",""
2977883123255,PHASE_B,116076,3214,MERGE_PUBLISH,0,3,32,"","97","","1","","2","","128",99,350,349,"{L0:2, L4:1, L5:1}","{L1:1, L4:1, L5:1}",""
2977883125216,PHASE_B,116318,3263,SEAL,0,4,32,"","98","","0","","1","","64",0,0,0,"{L1:1, L4:1, L5:1}","{L0:1, L1:1, L4:1, L5:1}",""
2977883127488,PHASE_B,116637,3327,SEAL,0,5,32,"","99","","0","","1","","64",0,0,0,"{L0:1, L1:1, L4:1, L5:1}","{L0:2, L1:1, L4:1, L5:1}",""
2977883127499,PHASE_B,116637,3327,MERGE_SUBMIT,0,5,32,"","","","","","","","",0,0,0,"{L0:2, L1:1, L4:1, L5:1}","{L0:2, L1:1, L4:1, L5:1}",""
2977883127606,PHASE_B,116658,3331,MERGE_START,0,5,32,"[98,99]","","[0,0]","","[1,1]","","[64,64]","",85,0,0,"{L0:2, L1:1, L4:1, L5:1}","{L0:2, L1:1, L4:1, L5:1}",""
2977883127918,PHASE_B,116712,3340,MERGE_DONE,0,0,0,"","100","","1","","2","","128",85,331,330,"","",""
2977883127935,PHASE_B,116712,3340,MERGE_PUBLISH,0,4,32,"","100","","1","","2","","128",85,343,342,"{L0:2, L1:1, L4:1, L5:1}","{L1:2, L4:1, L5:1}",""
2977883127952,PHASE_B,116715,3342,MERGE_SUBMIT,13,4,32,"","","","","","","","",0,0,0,"{L1:2, L4:1, L5:1}","{L1:2, L4:1, L5:1}",""
2977883128064,PHASE_B,116729,3344,MERGE_START,0,4,32,"[97,100]","","[1,1]","","[2,2]","","[128,128]","",100,0,0,"{L1:2, L4:1, L5:1}","{L1:2, L4:1, L5:1}",""
2977883128592,PHASE_B,116801,3360,MERGE_DONE,0,0,0,"","101","","2","","4","","256",100,546,545,"","",""
2977883128653,PHASE_B,116812,3361,MERGE_PUBLISH,0,3,32,"","101","","2","","4","","256",100,600,588,"{L1:2, L4:1, L5:1}","{L2:1, L4:1, L5:1}",""
2977883129963,PHASE_B,116962,3391,SEAL,0,4,32,"","102","","0","","1","","64",0,0,0,"{L2:1, L4:1, L5:1}","{L0:1, L2:1, L4:1, L5:1}",""
2977883132285,PHASE_B,117276,3453,SEAL,0,5,32,"","103","","0","","1","","64",0,0,0,"{L0:1, L2:1, L4:1, L5:1}","{L0:2, L2:1, L4:1, L5:1}",""
2977883132297,PHASE_B,117276,3453,MERGE_SUBMIT,0,5,32,"","","","","","","","",0,0,0,"{L0:2, L2:1, L4:1, L5:1}","{L0:2, L2:1, L4:1, L5:1}",""
2977883132404,PHASE_B,117296,3459,MERGE_START,0,5,32,"[102,103]","","[0,0]","","[1,1]","","[64,64]","",84,0,0,"{L0:2, L2:1, L4:1, L5:1}","{L0:2, L2:1, L4:1, L5:1}",""
2977883132659,PHASE_B,117331,3465,MERGE_DONE,0,0,0,"","104","","1","","2","","128",84,275,274,"","",""
2977883132676,PHASE_B,117338,3469,MERGE_PUBLISH,0,4,32,"","104","","1","","2","","128",84,288,286,"{L0:2, L2:1, L4:1, L5:1}","{L1:1, L2:1, L4:1, L5:1}",""
2977883134583,PHASE_B,117601,3519,SEAL,0,5,32,"","105","","0","","1","","64",0,0,0,"{L1:1, L2:1, L4:1, L5:1}","{L0:1, L1:1, L2:1, L4:1, L5:1}",""
2977883136801,PHASE_B,117925,3583,SEAL,0,6,32,"","106","","0","","1","","64",0,0,0,"{L0:1, L1:1, L2:1, L4:1, L5:1}","{L0:2, L1:1, L2:1, L4:1, L5:1}",""
2977883136812,PHASE_B,117925,3583,MERGE_SUBMIT,0,6,32,"","","","","","","","",0,0,0,"{L0:2, L1:1, L2:1, L4:1, L5:1}","{L0:2, L1:1, L2:1, L4:1, L5:1}",""
2977883136923,PHASE_B,117930,3584,MERGE_START,0,6,32,"[105,106]","","[0,0]","","[1,1]","","[64,64]","",87,0,0,"{L0:2, L1:1, L2:1, L4:1, L5:1}","{L0:2, L1:1, L2:1, L4:1, L5:1}",""
2977883137232,PHASE_B,117981,3595,MERGE_DONE,0,0,0,"","107","","1","","2","","128",87,329,328,"","",""
2977883137252,PHASE_B,117981,3595,MERGE_PUBLISH,0,5,32,"","107","","1","","2","","128",87,343,342,"{L0:2, L1:1, L2:1, L4:1, L5:1}","{L1:2, L2:1, L4:1, L5:1}",""
2977883137270,PHASE_B,117985,3597,MERGE_SUBMIT,12,5,32,"","","","","","","","",0,0,0,"{L1:2, L2:1, L4:1, L5:1}","{L1:2, L2:1, L4:1, L5:1}",""
2977883137347,PHASE_B,117991,3598,MERGE_START,0,5,32,"[104,107]","","[1,1]","","[2,2]","","[128,128]","",75,0,0,"{L1:2, L2:1, L4:1, L5:1}","{L1:2, L2:1, L4:1, L5:1}",""
2977883137839,PHASE_B,118063,3612,MERGE_DONE,0,0,0,"","108","","2","","4","","256",75,497,497,"","",""
2977883137852,PHASE_B,118063,3612,MERGE_PUBLISH,0,4,32,"","108","","2","","4","","256",75,506,506,"{L1:2, L2:1, L4:1, L5:1}","{L2:2, L4:1, L5:1}",""
2977883137878,PHASE_B,118063,3612,MERGE_SUBMIT,29,4,32,"","","","","","","","",0,0,0,"{L2:2, L4:1, L5:1}","{L2:2, L4:1, L5:1}",""
2977883137981,PHASE_B,118084,3615,MERGE_START,0,4,32,"[101,108]","","[2,2]","","[4,4]","","[256,256]","",84,0,0,"{L2:2, L4:1, L5:1}","{L2:2, L4:1, L5:1}",""
2977883139050,PHASE_B,118219,3642,MERGE_DONE,0,0,0,"","109","","3","","8","","512",84,1087,1086,"","",""
2977883139069,PHASE_B,118219,3642,MERGE_PUBLISH,0,3,32,"","109","","3","","8","","512",84,1102,1101,"{L2:2, L4:1, L5:1}","{L3:1, L4:1, L5:1}",""
2977883139336,PHASE_B,118249,3647,SEAL,0,4,32,"","110","","0","","1","","64",0,0,0,"{L3:1, L4:1, L5:1}","{L0:1, L3:1, L4:1, L5:1}",""
2977883141738,PHASE_B,118558,3710,SEAL,0,5,32,"","111","","0","","1","","64",0,0,0,"{L0:1, L3:1, L4:1, L5:1}","{L0:2, L3:1, L4:1, L5:1}",""
2977883141749,PHASE_B,118558,3710,MERGE_SUBMIT,0,5,32,"","","","","","","","",0,0,0,"{L0:2, L3:1, L4:1, L5:1}","{L0:2, L3:1, L4:1, L5:1}",""
2977883141868,PHASE_B,118583,3715,MERGE_START,0,5,32,"[110,111]","","[0,0]","","[1,1]","","[64,64]","",94,0,0,"{L0:2, L3:1, L4:1, L5:1}","{L0:2, L3:1, L4:1, L5:1}",""
2977883142161,PHASE_B,118628,3724,MERGE_DONE,0,0,0,"","112","","1","","2","","128",94,314,313,"","",""
2977883142180,PHASE_B,118628,3724,MERGE_PUBLISH,0,4,32,"","112","","1","","2","","128",94,327,326,"{L0:2, L3:1, L4:1, L5:1}","{L1:1, L3:1, L4:1, L5:1}",""
2977883144271,PHASE_B,118876,3775,SEAL,0,5,32,"","113","","0","","1","","64",0,0,0,"{L1:1, L3:1, L4:1, L5:1}","{L0:1, L1:1, L3:1, L4:1, L5:1}",""
2977883146580,PHASE_B,119200,3839,SEAL,0,6,32,"","114","","0","","1","","64",0,0,0,"{L0:1, L1:1, L3:1, L4:1, L5:1}","{L0:2, L1:1, L3:1, L4:1, L5:1}",""
2977883146592,PHASE_B,119200,3839,MERGE_SUBMIT,0,6,32,"","","","","","","","",0,0,0,"{L0:2, L1:1, L3:1, L4:1, L5:1}","{L0:2, L1:1, L3:1, L4:1, L5:1}",""
2977883146714,PHASE_B,119222,3843,MERGE_START,0,6,32,"[113,114]","","[0,0]","","[1,1]","","[64,64]","",93,0,0,"{L0:2, L1:1, L3:1, L4:1, L5:1}","{L0:2, L1:1, L3:1, L4:1, L5:1}",""
2977883147027,PHASE_B,119266,3853,MERGE_DONE,0,0,0,"","115","","1","","2","","128",93,338,337,"","",""
2977883147048,PHASE_B,119269,3853,MERGE_PUBLISH,0,5,32,"","115","","1","","2","","128",93,353,352,"{L0:2, L1:1, L3:1, L4:1, L5:1}","{L1:2, L3:1, L4:1, L5:1}",""
2977883147064,PHASE_B,119269,3853,MERGE_SUBMIT,13,5,32,"","","","","","","","",0,0,0,"{L1:2, L3:1, L4:1, L5:1}","{L1:2, L3:1, L4:1, L5:1}",""
2977883147166,PHASE_B,119288,3855,MERGE_START,0,5,32,"[112,115]","","[1,1]","","[2,2]","","[128,128]","",85,0,0,"{L1:2, L3:1, L4:1, L5:1}","{L1:2, L3:1, L4:1, L5:1}",""
2977883147753,PHASE_B,119373,3873,MERGE_DONE,0,0,0,"","116","","2","","4","","256",85,605,605,"","",""
2977883147772,PHASE_B,119373,3873,MERGE_PUBLISH,0,4,32,"","116","","2","","4","","256",85,620,619,"{L1:2, L3:1, L4:1, L5:1}","{L2:1, L3:1, L4:1, L5:1}",""
2977883149148,PHASE_B,119516,3903,SEAL,0,5,32,"","117","","0","","1","","64",0,0,0,"{L2:1, L3:1, L4:1, L5:1}","{L0:1, L2:1, L3:1, L4:1, L5:1}",""
2977883151428,PHASE_B,119840,3967,SEAL,0,6,32,"","118","","0","","1","","64",0,0,0,"{L0:1, L2:1, L3:1, L4:1, L5:1}","{L0:2, L2:1, L3:1, L4:1, L5:1}",""
2977883151441,PHASE_B,119840,3967,MERGE_SUBMIT,0,6,32,"","","","","","","","",0,0,0,"{L0:2, L2:1, L3:1, L4:1, L5:1}","{L0:2, L2:1, L3:1, L4:1, L5:1}",""
2977883151549,PHASE_B,119860,3971,MERGE_START,0,6,32,"[117,118]","","[0,0]","","[1,1]","","[64,64]","",84,0,0,"{L0:2, L2:1, L3:1, L4:1, L5:1}","{L0:2, L2:1, L3:1, L4:1, L5:1}",""
2977883151861,PHASE_B,119914,3981,MERGE_DONE,0,0,0,"","119","","1","","2","","128",84,332,331,"","",""
2977883151898,PHASE_B,119914,3981,MERGE_PUBLISH,0,5,32,"","119","","1","","2","","128",84,362,361,"{L0:2, L2:1, L3:1, L4:1, L5:1}","{L1:1, L2:1, L3:1, L4:1, L5:1}",""
2977883153844,PHASE_B,120158,4031,SEAL,0,6,32,"","120","","0","","1","","64",0,0,0,"{L1:1, L2:1, L3:1, L4:1, L5:1}","{L0:1, L1:1, L2:1, L3:1, L4:1, L5:1}",""
2977883156130,PHASE_B,120481,4095,SEAL,0,7,32,"","121","","0","","1","","64",0,0,0,"{L0:1, L1:1, L2:1, L3:1, L4:1, L5:1}","{L0:2, L1:1, L2:1, L3:1, L4:1, L5:1}",""
2977883156142,PHASE_B,120481,4095,MERGE_SUBMIT,0,7,32,"","","","","","","","",0,0,0,"{L0:2, L1:1, L2:1, L3:1, L4:1, L5:1}","{L0:2, L1:1, L2:1, L3:1, L4:1, L5:1}",""
2977883156261,PHASE_B,120496,4098,MERGE_START,0,7,32,"[120,121]","","[0,0]","","[1,1]","","[64,64]","",90,0,0,"{L0:2, L1:1, L2:1, L3:1, L4:1, L5:1}","{L0:2, L1:1, L2:1, L3:1, L4:1, L5:1}",""
2977883156523,PHASE_B,120541,4108,MERGE_DONE,0,0,0,"","122","","1","","2","","128",90,287,287,"","",""
2977883156545,PHASE_B,120543,4108,MERGE_PUBLISH,0,6,32,"","122","","1","","2","","128",90,302,300,"{L0:2, L1:1, L2:1, L3:1, L4:1, L5:1}","{L1:2, L2:1, L3:1, L4:1, L5:1}",""
2977883156562,PHASE_B,120543,4108,MERGE_SUBMIT,12,6,32,"","","","","","","","",0,0,0,"{L1:2, L2:1, L3:1, L4:1, L5:1}","{L1:2, L2:1, L3:1, L4:1, L5:1}",""
2977883156666,PHASE_B,120552,4111,MERGE_START,0,6,32,"[119,122]","","[1,1]","","[2,2]","","[128,128]","",86,0,0,"{L1:2, L2:1, L3:1, L4:1, L5:1}","{L1:2, L2:1, L3:1, L4:1, L5:1}",""
2977883157251,PHASE_B,120645,4127,MERGE_DONE,0,0,0,"","123","","2","","4","","256",86,604,604,"","",""
2977883157270,PHASE_B,120647,4127,MERGE_PUBLISH,0,5,32,"","123","","2","","4","","256",86,619,617,"{L1:2, L2:1, L3:1, L4:1, L5:1}","{L2:2, L3:1, L4:1, L5:1}",""
2977883157289,PHASE_B,120647,4127,MERGE_SUBMIT,31,5,32,"","","","","","","","",0,0,0,"{L2:2, L3:1, L4:1, L5:1}","{L2:2, L3:1, L4:1, L5:1}",""
2977883157394,PHASE_B,120653,4128,MERGE_START,0,5,32,"[116,123]","","[2,2]","","[4,4]","","[256,256]","",86,0,0,"{L2:2, L3:1, L4:1, L5:1}","{L2:2, L3:1, L4:1, L5:1}",""
2977883158454,PHASE_B,120782,4155,MERGE_DONE,0,0,0,"","124","","3","","8","","512",86,1080,1080,"","",""
2977883158477,PHASE_B,120786,4155,MERGE_PUBLISH,0,4,32,"","124","","3","","8","","512",86,1099,1098,"{L2:2, L3:1, L4:1, L5:1}","{L3:2, L4:1, L5:1}",""
2977883158496,PHASE_B,120786,4155,MERGE_SUBMIT,59,4,32,"","","","","","","","",0,0,0,"{L3:2, L4:1, L5:1}","{L3:2, L4:1, L5:1}",""
2977883158599,PHASE_B,120795,4157,MERGE_START,0,4,32,"[109,124]","","[3,3]","","[8,8]","","[512,512]","",87,0,0,"{L3:2, L4:1, L5:1}","{L3:2, L4:1, L5:1}",""
2977883158715,PHASE_B,120795,4157,SEAL,0,5,32,"","125","","0","","1","","64",0,0,0,"{L3:2, L4:1, L5:1}","{L0:1, L3:2, L4:1, L5:1}",""
2977883161159,PHASE_B,121119,4223,SEAL,0,6,32,"","127","","0","","1","","64",0,0,0,"{L0:1, L3:2, L4:1, L5:1}","{L0:2, L3:2, L4:1, L5:1}",""
2977883161276,PHASE_B,121140,4226,MERGE_DONE,0,0,0,"","126","","4","","16","","1024",87,2695,2694,"","",""
2977883161297,PHASE_B,121140,4226,MERGE_PUBLISH,0,5,32,"","126","","4","","16","","1024",87,2710,2709,"{L0:2, L3:2, L4:1, L5:1}","{L0:2, L4:2, L5:1}",""
2977883161316,PHASE_B,121140,4226,MERGE_SUBMIT,3,5,32,"","","","","","","","",0,0,0,"{L0:2, L4:2, L5:1}","{L0:2, L4:2, L5:1}",""
2977883161422,PHASE_B,121155,4231,MERGE_START,0,5,32,"[125,127]","","[0,0]","","[1,1]","","[64,64]","",89,0,0,"{L0:2, L4:2, L5:1}","{L0:2, L4:2, L5:1}",""
2977883161681,PHASE_B,121203,4239,MERGE_DONE,0,0,0,"","128","","1","","2","","128",89,278,278,"","",""
2977883161697,PHASE_B,121204,4239,MERGE_PUBLISH,0,4,32,"","128","","1","","2","","128",89,291,289,"{L0:2, L4:2, L5:1}","{L1:1, L4:2, L5:1}",""
2977883161717,PHASE_B,121204,4239,MERGE_SUBMIT,15,4,32,"","","","","","","","",0,0,0,"{L1:1, L4:2, L5:1}","{L1:1, L4:2, L5:1}",""
2977883161821,PHASE_B,121210,4241,MERGE_START,0,4,32,"[95,126]","","[4,4]","","[16,16]","","[1024,1024]","",89,0,0,"{L1:1, L4:2, L5:1}","{L1:1, L4:2, L5:1}",""
2977883163619,PHASE_B,121437,4286,SEAL,0,5,32,"","130","","0","","1","","64",0,0,0,"{L1:1, L4:2, L5:1}","{L0:1, L1:1, L4:2, L5:1}",""
2977883166029,PHASE_B,121750,4349,SEAL,0,6,32,"","131","","0","","1","","64",0,0,0,"{L0:1, L1:1, L4:2, L5:1}","{L0:2, L1:1, L4:2, L5:1}",""
2977883167151,PHASE_B,121931,4385,MERGE_DONE,0,0,0,"","129","","5","","32","","2048",89,5347,5347,"","",""
2977883167172,PHASE_B,121931,4385,MERGE_PUBLISH,0,5,32,"","129","","5","","32","","2048",89,5363,5362,"{L0:2, L1:1, L4:2, L5:1}","{L0:2, L1:1, L5:2}",""
2977883167191,PHASE_B,121934,4387,MERGE_SUBMIT,34,5,32,"","","","","","","","",0,0,0,"{L0:2, L1:1, L5:2}","{L0:2, L1:1, L5:2}",""
2977883167302,PHASE_B,121953,4389,MERGE_START,0,5,32,"[130,131]","","[0,0]","","[1,1]","","[64,64]","",94,0,0,"{L0:2, L1:1, L5:2}","{L0:2, L1:1, L5:2}",""
2977883167614,PHASE_B,121990,4397,MERGE_DONE,0,0,0,"","132","","1","","2","","128",94,330,330,"","",""
2977883167632,PHASE_B,121993,4397,MERGE_PUBLISH,0,4,32,"","132","","1","","2","","128",94,345,344,"{L0:2, L1:1, L5:2}","{L1:2, L5:2}",""
2977883167667,PHASE_B,121993,4397,MERGE_SUBMIT,45,4,32,"","","","","","","","",0,0,0,"{L1:2, L5:2}","{L1:2, L5:2}",""
2977883167734,PHASE_B,122003,4398,MERGE_START,0,4,32,"[128,132]","","[1,1]","","[2,2]","","[128,128]","",66,0,0,"{L1:2, L5:2}","{L1:2, L5:2}",""
2977883168252,PHASE_B,122056,4409,MERGE_DONE,0,0,0,"","133","","2","","4","","256",66,522,523,"","",""
2977883168264,PHASE_B,122056,4409,MERGE_PUBLISH,0,3,32,"","133","","2","","4","","256",66,532,532,"{L1:2, L5:2}","{L2:1, L5:2}",""
2977883168272,PHASE_B,122056,4409,MERGE_SUBMIT,59,3,32,"","","","","","","","",0,0,0,"{L2:1, L5:2}","{L2:1, L5:2}",""
2977883168378,PHASE_B,122064,4413,MERGE_START,0,3,32,"[66,129]","","[5,5]","","[32,32]","","[2048,2048]","",83,0,0,"{L2:1, L5:2}","{L2:1, L5:2}",""
2977883168513,PHASE_B,122069,4414,SEAL,0,4,32,"","134","","0","","1","","64",0,0,0,"{L2:1, L5:2}","{L0:1, L2:1, L5:2}",""
2977883170976,PHASE_B,122388,4476,SEAL,0,5,32,"","136","","0","","1","","64",0,0,0,"{L0:1, L2:1, L5:2}","{L0:2, L2:1, L5:2}",""
2977883173461,PHASE_B,122726,4543,SEAL,0,6,32,"","137","","0","","1","","64",0,0,0,"{L0:2, L2:1, L5:2}","{L0:3, L2:1, L5:2}",""
2977883175803,PHASE_B,123035,4607,SEAL,0,7,32,"","138","","0","","1","","64",0,0,0,"{L0:3, L2:1, L5:2}","{L0:4, L2:1, L5:2}",""
2977883178061,PHASE_B,123349,4669,SEAL,0,8,32,"","139","","0","","1","","64",0,0,0,"{L0:4, L2:1, L5:2}","{L0:5, L2:1, L5:2}",""
2977883179157,PHASE_B,123532,4706,MERGE_DONE,0,0,0,"","135","","6","","64","","4096",83,10800,10800,"","",""
2977883179182,PHASE_B,123533,4706,MERGE_PUBLISH,0,7,32,"","135","","6","","64","","4096",83,10819,10819,"{L0:5, L2:1, L5:2}","{L0:5, L2:1, L6:1}",""
2977883179201,PHASE_B,123533,4706,MERGE_SUBMIT,34,7,32,"","","","","","","","",0,0,0,"{L0:5, L2:1, L6:1}","{L0:5, L2:1, L6:1}",""
2977883179311,PHASE_B,123547,4708,MERGE_START,0,7,32,"[134,136]","","[0,0]","","[1,1]","","[64,64]","",92,0,0,"{L0:5, L2:1, L6:1}","{L0:5, L2:1, L6:1}",""
2977883180071,PHASE_B,123642,4727,MERGE_DONE,0,0,0,"","140","","1","","2","","128",92,779,756,"","",""
2977883180094,PHASE_B,123645,4727,MERGE_PUBLISH,0,6,32,"","140","","1","","2","","128",92,794,770,"{L0:5, L2:1, L6:1}","{L0:3, L1:1, L2:1, L6:1}",""
2977883180130,PHASE_B,123645,4727,MERGE_SUBMIT,55,6,32,"","","","","","","","",0,0,0,"{L0:3, L1:1, L2:1, L6:1}","{L0:3, L1:1, L2:1, L6:1}",""
2977883180233,PHASE_B,123652,4729,MERGE_START,0,6,32,"[137,138]","","[0,0]","","[1,1]","","[64,64]","",86,0,0,"{L0:3, L1:1, L2:1, L6:1}","{L0:3, L1:1, L2:1, L6:1}",""
2977883180565,PHASE_B,123677,4735,SEAL,0,7,32,"","142","","0","","1","","64",0,0,0,"{L0:3, L1:1, L2:1, L6:1}","{L0:4, L1:1, L2:1, L6:1}",""
2977883180730,PHASE_B,123710,4740,MERGE_DONE,0,0,0,"","141","","1","","2","","128",86,516,515,"","",""
2977883180758,PHASE_B,123710,4740,MERGE_PUBLISH,0,6,32,"","141","","1","","2","","128",86,534,533,"{L0:4, L1:1, L2:1, L6:1}","{L0:2, L1:2, L2:1, L6:1}",""
2977883180776,PHASE_B,123710,4740,MERGE_SUBMIT,5,6,32,"","","","","","","","",0,0,0,"{L0:2, L1:2, L2:1, L6:1}","{L0:2, L1:2, L2:1, L6:1}",""
2977883180870,PHASE_B,123727,4744,MERGE_START,0,6,32,"[139,142]","","[0,0]","","[1,1]","","[64,64]","",79,0,0,"{L0:2, L1:2, L2:1, L6:1}","{L0:2, L1:2, L2:1, L6:1}",""
2977883181622,PHASE_B,123831,4764,MERGE_DONE,0,0,0,"","143","","1","","2","","128",79,769,716,"","",""
2977883181652,PHASE_B,123837,4764,MERGE_PUBLISH,0,5,32,"","143","","1","","2","","128",79,795,742,"{L0:2, L1:2, L2:1, L6:1}","{L1:3, L2:1, L6:1}",""
2977883181667,PHASE_B,123837,4764,MERGE_SUBMIT,28,5,32,"","","","","","","","",0,0,0,"{L1:3, L2:1, L6:1}","{L1:3, L2:1, L6:1}",""
2977883181747,PHASE_B,123839,4766,MERGE_START,0,5,32,"[140,141]","","[1,1]","","[2,2]","","[128,128]","",78,0,0,"{L1:3, L2:1, L6:1}","{L1:3, L2:1, L6:1}",""
2977883182255,PHASE_B,123886,4777,MERGE_DONE,0,0,0,"","144","","2","","4","","256",78,513,514,"","",""
2977883182268,PHASE_B,123886,4777,MERGE_PUBLISH,0,4,32,"","144","","2","","4","","256",78,522,522,"{L1:3, L2:1, L6:1}","{L1:1, L2:2, L6:1}",""
2977883182281,PHASE_B,123886,4777,MERGE_SUBMIT,42,4,32,"","","","","","","","",0,0,0,"{L1:1, L2:2, L6:1}","{L1:1, L2:2, L6:1}",""
2977883182393,PHASE_B,123901,4780,MERGE_START,0,4,32,"[133,144]","","[2,2]","","[4,4]","","[256,256]","",94,0,0,"{L1:1, L2:2, L6:1}","{L1:1, L2:2, L6:1}",""
2977883183350,PHASE_B,123994,4796,SEAL,0,5,32,"","146","","0","","1","","64",0,0,0,"{L1:1, L2:2, L6:1}","{L0:1, L1:1, L2:2, L6:1}",""
2977883183484,PHASE_B,124019,4803,MERGE_DONE,0,0,0,"","145","","3","","8","","512",94,1109,1109,"","",""
2977883183520,PHASE_B,124019,4803,MERGE_PUBLISH,0,4,32,"","145","","3","","8","","512",94,1139,1138,"{L0:1, L1:1, L2:2, L6:1}","{L0:1, L1:1, L3:1, L6:1}",""
2977883185818,PHASE_B,124316,4863,SEAL,0,5,32,"","147","","0","","1","","64",0,0,0,"{L0:1, L1:1, L3:1, L6:1}","{L0:2, L1:1, L3:1, L6:1}",""
2977883185830,PHASE_B,124316,4863,MERGE_SUBMIT,0,5,32,"","","","","","","","",0,0,0,"{L0:2, L1:1, L3:1, L6:1}","{L0:2, L1:1, L3:1, L6:1}",""
2977883185947,PHASE_B,124334,4865,MERGE_START,0,5,32,"[146,147]","","[0,0]","","[1,1]","","[64,64]","",94,0,0,"{L0:2, L1:1, L3:1, L6:1}","{L0:2, L1:1, L3:1, L6:1}",""
2977883186230,PHASE_B,124381,4876,MERGE_DONE,0,0,0,"","148","","1","","2","","128",94,303,302,"","",""
2977883186249,PHASE_B,124385,4876,MERGE_PUBLISH,0,4,32,"","148","","1","","2","","128",94,317,316,"{L0:2, L1:1, L3:1, L6:1}","{L1:2, L3:1, L6:1}",""
2977883186265,PHASE_B,124387,4876,MERGE_SUBMIT,12,4,32,"","","","","","","","",0,0,0,"{L1:2, L3:1, L6:1}","{L1:2, L3:1, L6:1}",""
2977883186338,PHASE_B,124396,4879,MERGE_START,0,4,32,"[143,148]","","[1,1]","","[2,2]","","[128,128]","",75,0,0,"{L1:2, L3:1, L6:1}","{L1:2, L3:1, L6:1}",""
2977883186850,PHASE_B,124470,4893,MERGE_DONE,0,0,0,"","149","","2","","4","","256",75,517,517,"","",""
2977883186863,PHASE_B,124471,4893,MERGE_PUBLISH,0,3,32,"","149","","2","","4","","256",75,526,526,"{L1:2, L3:1, L6:1}","{L2:1, L3:1, L6:1}",""
2977883188282,PHASE_B,124644,4926,SEAL,0,4,32,"","150","","0","","1","","64",0,0,0,"{L2:1, L3:1, L6:1}","{L0:1, L2:1, L3:1, L6:1}",""
2977883190560,PHASE_B,124965,4991,SEAL,0,5,32,"","151","","0","","1","","64",0,0,0,"{L0:1, L2:1, L3:1, L6:1}","{L0:2, L2:1, L3:1, L6:1}",""
2977883190573,PHASE_B,124965,4991,MERGE_SUBMIT,0,5,32,"","","","","","","","",0,0,0,"{L0:2, L2:1, L3:1, L6:1}","{L0:2, L2:1, L3:1, L6:1}",""
2977883190688,PHASE_B,124981,4995,MERGE_START,0,5,32,"[150,151]","","[0,0]","","[1,1]","","[64,64]","",93,0,0,"{L0:2, L2:1, L3:1, L6:1}","{L0:2, L2:1, L3:1, L6:1}",""
2977883191074,PHASE_B,125039,5007,MERGE_DONE,0,0,0,"","152","","1","","2","","128",93,405,404,"","",""
2977883191095,PHASE_B,125039,5007,MERGE_PUBLISH,0,4,32,"","152","","1","","2","","128",93,419,418,"{L0:2, L2:1, L3:1, L6:1}","{L1:1, L2:1, L3:1, L6:1}",""
2977883192993,PHASE_B,125277,5054,SEAL,0,5,32,"","153","","0","","1","","64",0,0,0,"{L1:1, L2:1, L3:1, L6:1}","{L0:1, L1:1, L2:1, L3:1, L6:1}",""
2977883195393,PHASE_B,125591,5118,SEAL,0,6,32,"","154","","0","","1","","64",0,0,0,"{L0:1, L1:1, L2:1, L3:1, L6:1}","{L0:2, L1:1, L2:1, L3:1, L6:1}",""
2977883195405,PHASE_B,125591,5118,MERGE_SUBMIT,0,6,32,"","","","","","","","",0,0,0,"{L0:2, L1:1, L2:1, L3:1, L6:1}","{L0:2, L1:1, L2:1, L3:1, L6:1}",""
2977883195513,PHASE_B,125614,5121,MERGE_START,0,6,32,"[153,154]","","[0,0]","","[1,1]","","[64,64]","",85,0,0,"{L0:2, L1:1, L2:1, L3:1, L6:1}","{L0:2, L1:1, L2:1, L3:1, L6:1}",""
2977883195815,PHASE_B,125663,5134,MERGE_DONE,0,0,0,"","155","","1","","2","","128",85,322,321,"","",""
2977883195837,PHASE_B,125673,5134,MERGE_PUBLISH,0,5,32,"","155","","1","","2","","128",85,338,337,"{L0:2, L1:1, L2:1, L3:1, L6:1}","{L1:2, L2:1, L3:1, L6:1}",""
2977883195854,PHASE_B,125674,5134,MERGE_SUBMIT,14,5,32,"","","","","","","","",0,0,0,"{L1:2, L2:1, L3:1, L6:1}","{L1:2, L2:1, L3:1, L6:1}",""
2977883195932,PHASE_B,125684,5135,MERGE_START,0,5,32,"[152,155]","","[1,1]","","[2,2]","","[128,128]","",80,0,0,"{L1:2, L2:1, L3:1, L6:1}","{L1:2, L2:1, L3:1, L6:1}",""
2977883196451,PHASE_B,125758,5151,MERGE_DONE,0,0,0,"","156","","2","","4","","256",80,524,524,"","",""
2977883196481,PHASE_B,125768,5151,MERGE_PUBLISH,0,4,32,"","156","","2","","4","","256",80,550,550,"{L1:2, L2:1, L3:1, L6:1}","{L2:2, L3:1, L6:1}",""
2977883196495,PHASE_B,125768,5151,MERGE_SUBMIT,31,4,32,"","","","","","","","",0,0,0,"{L2:2, L3:1, L6:1}","{L2:2, L3:1, L6:1}",""
2977883196603,PHASE_B,125774,5154,MERGE_START,0,4,32,"[149,156]","","[2,2]","","[4,4]","","[256,256]","",91,0,0,"{L2:2, L3:1, L6:1}","{L2:2, L3:1, L6:1}",""
2977883197866,PHASE_B,125920,5183,SEAL,0,5,32,"","158","","0","","1","","64",0,0,0,"{L2:2, L3:1, L6:1}","{L0:1, L2:2, L3:1, L6:1}",""
2977883197928,PHASE_B,125932,5185,MERGE_DONE,0,0,0,"","157","","3","","8","","512",91,1343,1342,"","",""
2977883197950,PHASE_B,125935,5186,MERGE_PUBLISH,0,4,32,"","157","","3","","8","","512",91,1360,1359,"{L0:1, L2:2, L3:1, L6:1}","{L0:1, L3:2, L6:1}",""
2977883197968,PHASE_B,125935,5186,MERGE_SUBMIT,2,4,32,"","","","","","","","",0,0,0,"{L0:1, L3:2, L6:1}","{L0:1, L3:2, L6:1}",""
2977883198079,PHASE_B,125954,5189,MERGE_START,0,4,32,"[145,157]","","[3,3]","","[8,8]","","[512,512]","",97,0,0,"{L0:1, L3:2, L6:1}","{L0:1, L3:2, L6:1}",""
2977883200232,PHASE_B,126236,5246,SEAL,0,5,32,"","160","","0","","1","","64",0,0,0,"{L0:1, L3:2, L6:1}","{L0:2, L3:2, L6:1}",""
2977883200255,PHASE_B,126240,5248,MERGE_DONE,0,0,0,"","159","","4","","16","","1024",97,2194,2194,"","",""
2977883200274,PHASE_B,126243,5248,MERGE_PUBLISH,0,4,32,"","159","","4","","16","","1024",97,2209,2208,"{L0:2, L3:2, L6:1}","{L0:2, L4:1, L6:1}",""
2977883200290,PHASE_B,126248,5249,MERGE_SUBMIT,0,4,32,"","","","","","","","",0,0,0,"{L0:2, L4:1, L6:1}","{L0:2, L4:1, L6:1}",""
2977883200400,PHASE_B,126263,5250,MERGE_START,0,4,32,"[158,160]","","[0,0]","","[1,1]","","[64,64]","",96,0,0,"{L0:2, L4:1, L6:1}","{L0:2, L4:1, L6:1}",""
2977883200714,PHASE_B,126307,5260,MERGE_DONE,0,0,0,"","161","","1","","2","","128",96,333,332,"","",""
2977883200756,PHASE_B,126320,5263,MERGE_PUBLISH,0,3,32,"","161","","1","","2","","128",96,370,358,"{L0:2, L4:1, L6:1}","{L1:1, L4:1, L6:1}",""
2977883202666,PHASE_B,126557,5309,SEAL,0,4,32,"","162","","0","","1","","64",0,0,0,"{L1:1, L4:1, L6:1}","{L0:1, L1:1, L4:1, L6:1}",""
2977883205145,PHASE_B,126886,5375,SEAL,0,5,32,"","163","","0","","1","","64",0,0,0,"{L0:1, L1:1, L4:1, L6:1}","{L0:2, L1:1, L4:1, L6:1}",""
2977883205162,PHASE_B,126886,5375,MERGE_SUBMIT,0,5,32,"","","","","","","","",0,0,0,"{L0:2, L1:1, L4:1, L6:1}","{L0:2, L1:1, L4:1, L6:1}",""
2977883205286,PHASE_B,126898,5380,MERGE_START,0,5,32,"[162,163]","","[0,0]","","[1,1]","","[64,64]","",104,0,0,"{L0:2, L1:1, L4:1, L6:1}","{L0:2, L1:1, L4:1, L6:1}",""
2977883205605,PHASE_B,126946,5388,MERGE_DONE,0,0,0,"","164","","1","","2","","128",104,337,337,"","",""
2977883205622,PHASE_B,126946,5388,MERGE_PUBLISH,0,4,32,"","164","","1","","2","","128",104,350,349,"{L0:2, L1:1, L4:1, L6:1}","{L1:2, L4:1, L6:1}",""
2977883205641,PHASE_B,126952,5391,MERGE_SUBMIT,14,4,32,"","","","","","","","",0,0,0,"{L1:2, L4:1, L6:1}","{L1:2, L4:1, L6:1}",""
2977883205684,PHASE_B,126957,5391,MERGE_START,0,4,32,"[161,164]","","[1,1]","","[2,2]","","[128,128]","",33,0,0,"{L1:2, L4:1, L6:1}","{L1:2, L4:1, L6:1}",""
2977883206343,PHASE_B,127057,5409,MERGE_DONE,0,0,0,"","165","","2","","4","","256",33,676,676,"","",""
2977883206385,PHASE_B,127057,5409,MERGE_PUBLISH,0,3,32,"","165","","2","","4","","256",33,714,698,"{L1:2, L4:1, L6:1}","{L2:1, L4:1, L6:1}",""
2977883207707,PHASE_B,127200,5438,SEAL,0,4,32,"","166","","0","","1","","64",0,0,0,"{L2:1, L4:1, L6:1}","{L0:1, L2:1, L4:1, L6:1}",""
2977883210070,PHASE_B,127522,5502,SEAL,0,5,32,"","167","","0","","1","","64",0,0,0,"{L0:1, L2:1, L4:1, L6:1}","{L0:2, L2:1, L4:1, L6:1}",""
2977883210111,PHASE_B,127522,5502,MERGE_SUBMIT,0,5,32,"","","","","","","","",0,0,0,"{L0:2, L2:1, L4:1, L6:1}","{L0:2, L2:1, L4:1, L6:1}",""
2977883210171,PHASE_B,127526,5504,MERGE_START,0,5,32,"[166,167]","","[0,0]","","[1,1]","","[64,64]","",32,0,0,"{L0:2, L2:1, L4:1, L6:1}","{L0:2, L2:1, L4:1, L6:1}",""
2977883210378,PHASE_B,127554,5509,MERGE_DONE,0,0,0,"","168","","1","","2","","128",32,235,234,"","",""
2977883210389,PHASE_B,127554,5509,MERGE_PUBLISH,0,4,32,"","168","","1","","2","","128",32,243,242,"{L0:2, L2:1, L4:1, L6:1}","{L1:1, L2:1, L4:1, L6:1}",""
2977883212717,PHASE_B,127833,5566,SEAL,0,5,32,"","169","","0","","1","","64",0,0,0,"{L1:1, L2:1, L4:1, L6:1}","{L0:1, L1:1, L2:1, L4:1, L6:1}",""
2977883215083,PHASE_B,128164,5630,SEAL,0,6,32,"","170","","0","","1","","64",0,0,0,"{L0:1, L1:1, L2:1, L4:1, L6:1}","{L0:2, L1:1, L2:1, L4:1, L6:1}",""
2977883215095,PHASE_B,128164,5630,MERGE_SUBMIT,0,6,32,"","","","","","","","",0,0,0,"{L0:2, L1:1, L2:1, L4:1, L6:1}","{L0:2, L1:1, L2:1, L4:1, L6:1}",""
2977883215207,PHASE_B,128179,5634,MERGE_START,0,6,32,"[169,170]","","[0,0]","","[1,1]","","[64,64]","",84,0,0,"{L0:2, L1:1, L2:1, L4:1, L6:1}","{L0:2, L1:1, L2:1, L4:1, L6:1}",""
2977883215529,PHASE_B,128233,5644,MERGE_DONE,0,0,0,"","171","","1","","2","","128",84,346,345,"","",""
2977883215571,PHASE_B,128241,5646,MERGE_PUBLISH,0,5,32,"","171","","1","","2","","128",84,382,373,"{L0:2, L1:1, L2:1, L4:1, L6:1}","{L1:2, L2:1, L4:1, L6:1}",""
2977883215587,PHASE_B,128241,5646,MERGE_SUBMIT,14,5,32,"","","","","","","","",0,0,0,"{L1:2, L2:1, L4:1, L6:1}","{L1:2, L2:1, L4:1, L6:1}",""
2977883215646,PHASE_B,128241,5646,MERGE_START,0,5,32,"[168,171]","","[1,1]","","[2,2]","","[128,128]","",40,0,0,"{L1:2, L2:1, L4:1, L6:1}","{L1:2, L2:1, L4:1, L6:1}",""
2977883216231,PHASE_B,128328,5664,MERGE_DONE,0,0,0,"","172","","2","","4","","256",40,606,605,"","",""
2977883216298,PHASE_B,128328,5664,MERGE_PUBLISH,0,4,32,"","172","","2","","4","","256",40,642,631,"{L1:2, L2:1, L4:1, L6:1}","{L2:2, L4:1, L6:1}",""
2977883216320,PHASE_B,128329,5665,MERGE_SUBMIT,33,4,32,"","","","","","","","",0,0,0,"{L2:2, L4:1, L6:1}","{L2:2, L4:1, L6:1}",""
2977883216423,PHASE_B,128345,5668,MERGE_START,0,4,32,"[165,172]","","[2,2]","","[4,4]","","[256,256]","",90,0,0,"{L2:2, L4:1, L6:1}","{L2:2, L4:1, L6:1}",""
2977883217490,PHASE_B,128474,5693,MERGE_DONE,0,0,0,"","173","","3","","8","","512",90,1085,1085,"","",""
2977883217510,PHASE_B,128474,5693,MERGE_PUBLISH,0,3,32,"","173","","3","","8","","512",90,1101,1099,"{L2:2, L4:1, L6:1}","{L3:1, L4:1, L6:1}",""
2977883217625,PHASE_B,128474,5693,SEAL,0,4,32,"","174","","0","","1","","64",0,0,0,"{L3:1, L4:1, L6:1}","{L0:1, L3:1, L4:1, L6:1}",""
2977883220037,PHASE_B,128799,5759,SEAL,0,5,32,"","175","","0","","1","","64",0,0,0,"{L0:1, L3:1, L4:1, L6:1}","{L0:2, L3:1, L4:1, L6:1}",""
2977883220051,PHASE_B,128799,5759,MERGE_SUBMIT,0,5,32,"","","","","","","","",0,0,0,"{L0:2, L3:1, L4:1, L6:1}","{L0:2, L3:1, L4:1, L6:1}",""
2977883220066,PHASE_B,128801,5760,MERGE_START,0,5,32,"[174,175]","","[0,0]","","[1,1]","","[64,64]","",10,0,0,"{L0:2, L3:1, L4:1, L6:1}","{L0:2, L3:1, L4:1, L6:1}",""
2977883220228,PHASE_B,128830,5765,MERGE_DONE,0,0,0,"","176","","1","","2","","128",10,167,167,"","",""
2977883220238,PHASE_B,128836,5765,MERGE_PUBLISH,0,4,32,"","176","","1","","2","","128",10,173,172,"{L0:2, L3:1, L4:1, L6:1}","{L1:1, L3:1, L4:1, L6:1}",""
2977883222458,PHASE_B,129124,5823,SEAL,0,5,32,"","177","","0","","1","","64",0,0,0,"{L1:1, L3:1, L4:1, L6:1}","{L0:1, L1:1, L3:1, L4:1, L6:1}",""
2977883224888,PHASE_B,129446,5887,SEAL,0,6,32,"","178","","0","","1","","64",0,0,0,"{L0:1, L1:1, L3:1, L4:1, L6:1}","{L0:2, L1:1, L3:1, L4:1, L6:1}",""
2977883224904,PHASE_B,129446,5887,MERGE_SUBMIT,0,6,32,"","","","","","","","",0,0,0,"{L0:2, L1:1, L3:1, L4:1, L6:1}","{L0:2, L1:1, L3:1, L4:1, L6:1}",""
2977883224965,PHASE_B,129454,5888,MERGE_START,0,6,32,"[177,178]","","[0,0]","","[1,1]","","[64,64]","",35,0,0,"{L0:2, L1:1, L3:1, L4:1, L6:1}","{L0:2, L1:1, L3:1, L4:1, L6:1}",""
2977883225319,PHASE_B,129501,5900,MERGE_DONE,0,0,0,"","179","","1","","2","","128",35,375,375,"","",""
2977883225377,PHASE_B,129504,5901,MERGE_PUBLISH,0,5,32,"","179","","1","","2","","128",35,425,415,"{L0:2, L1:1, L3:1, L4:1, L6:1}","{L1:2, L3:1, L4:1, L6:1}",""
2977883225394,PHASE_B,129504,5901,MERGE_SUBMIT,13,5,32,"","","","","","","","",0,0,0,"{L1:2, L3:1, L4:1, L6:1}","{L1:2, L3:1, L4:1, L6:1}",""
2977883225436,PHASE_B,129510,5903,MERGE_START,0,5,32,"[176,179]","","[1,1]","","[2,2]","","[128,128]","",24,0,0,"{L1:2, L3:1, L4:1, L6:1}","{L1:2, L3:1, L4:1, L6:1}",""
2977883226051,PHASE_B,129597,5919,MERGE_DONE,0,0,0,"","180","","2","","4","","256",24,634,634,"","",""
2977883226090,PHASE_B,129609,5921,MERGE_PUBLISH,0,4,32,"","180","","2","","4","","256",24,668,667,"{L1:2, L3:1, L4:1, L6:1}","{L2:1, L3:1, L4:1, L6:1}",""
2977883227431,PHASE_B,129757,5950,SEAL,0,5,32,"","181","","0","","1","","64",0,0,0,"{L2:1, L3:1, L4:1, L6:1}","{L0:1, L2:1, L3:1, L4:1, L6:1}",""
2977883229859,PHASE_B,130080,6014,SEAL,0,6,32,"","182","","0","","1","","64",0,0,0,"{L0:1, L2:1, L3:1, L4:1, L6:1}","{L0:2, L2:1, L3:1, L4:1, L6:1}",""
2977883229871,PHASE_B,130080,6014,MERGE_SUBMIT,0,6,32,"","","","","","","","",0,0,0,"{L0:2, L2:1, L3:1, L4:1, L6:1}","{L0:2, L2:1, L3:1, L4:1, L6:1}",""
2977883229978,PHASE_B,130101,6018,MERGE_START,0,6,32,"[181,182]","","[0,0]","","[1,1]","","[64,64]","",84,0,0,"{L0:2, L2:1, L3:1, L4:1, L6:1}","{L0:2, L2:1, L3:1, L4:1, L6:1}",""
2977883230304,PHASE_B,130154,6030,MERGE_DONE,0,0,0,"","183","","1","","2","","128",84,346,345,"","",""
2977883230326,PHASE_B,130156,6030,MERGE_PUBLISH,0,5,32,"","183","","1","","2","","128",84,360,359,"{L0:2, L2:1, L3:1, L4:1, L6:1}","{L1:1, L2:1, L3:1, L4:1, L6:1}",""
2977883232324,PHASE_B,130402,6078,SEAL,0,6,32,"","184","","0","","1","","64",0,0,0,"{L1:1, L2:1, L3:1, L4:1, L6:1}","{L0:1, L1:1, L2:1, L3:1, L4:1, L6:1}",""
2977883234769,PHASE_B,130720,6143,SEAL,0,7,32,"","185","","0","","1","","64",0,0,0,"{L0:1, L1:1, L2:1, L3:1, L4:1, L6:1}","{L0:2, L1:1, L2:1, L3:1, L4:1, L6:1}",""
2977883234786,PHASE_B,130720,6143,MERGE_SUBMIT,0,7,32,"","","","","","","","",0,0,0,"{L0:2, L1:1, L2:1, L3:1, L4:1, L6:1}","{L0:2, L1:1, L2:1, L3:1, L4:1, L6:1}",""
2977883234798,PHASE_B,130725,6144,MERGE_START,0,7,32,"[184,185]","","[0,0]","","[1,1]","","[64,64]","",9,0,0,"{L0:2, L1:1, L2:1, L3:1, L4:1, L6:1}","{L0:2, L1:1, L2:1, L3:1, L4:1, L6:1}",""
2977883234909,PHASE_B,130743,6148,MERGE_DONE,0,0,0,"","186","","1","","2","","128",9,115,114,"","",""
2977883234917,PHASE_B,130746,6148,MERGE_PUBLISH,0,6,32,"","186","","1","","2","","128",9,119,119,"{L0:2, L1:1, L2:1, L3:1, L4:1, L6:1}","{L1:2, L2:1, L3:1, L4:1, L6:1}",""
2977883234922,PHASE_B,130747,6148,MERGE_SUBMIT,4,6,32,"","","","","","","","",0,0,0,"{L1:2, L2:1, L3:1, L4:1, L6:1}","{L1:2, L2:1, L3:1, L4:1, L6:1}",""
2977883234957,PHASE_B,130748,6148,MERGE_START,0,6,32,"[183,186]","","[1,1]","","[2,2]","","[128,128]","",34,0,0,"{L1:2, L2:1, L3:1, L4:1, L6:1}","{L1:2, L2:1, L3:1, L4:1, L6:1}",""
2977883235178,PHASE_B,130779,6153,MERGE_DONE,0,0,0,"","187","","2","","4","","256",34,222,223,"","",""
2977883235184,PHASE_B,130779,6153,MERGE_PUBLISH,0,5,32,"","187","","2","","4","","256",34,227,226,"{L1:2, L2:1, L3:1, L4:1, L6:1}","{L2:2, L3:1, L4:1, L6:1}",""
2977883235195,PHASE_B,130779,6153,MERGE_SUBMIT,12,5,32,"","","","","","","","",0,0,0,"{L2:2, L3:1, L4:1, L6:1}","{L2:2, L3:1, L4:1, L6:1}",""
2977883235244,PHASE_B,130790,6157,MERGE_START,0,5,32,"[180,187]","","[2,2]","","[4,4]","","[256,256]","",48,0,0,"{L2:2, L3:1, L4:1, L6:1}","{L2:2, L3:1, L4:1, L6:1}",""
2977883235669,PHASE_B,130852,6170,MERGE_DONE,0,0,0,"","188","","3","","8","","512",48,426,426,"","",""
2977883235676,PHASE_B,130853,6170,MERGE_PUBLISH,0,4,32,"","188","","3","","8","","512",48,430,430,"{L2:2, L3:1, L4:1, L6:1}","{L3:2, L4:1, L6:1}",""
2977883235680,PHASE_B,130854,6170,MERGE_SUBMIT,26,4,32,"","","","","","","","",0,0,0,"{L3:2, L4:1, L6:1}","{L3:2, L4:1, L6:1}",""
2977883235786,PHASE_B,130874,6173,MERGE_START,0,4,32,"[173,188]","","[3,3]","","[8,8]","","[512,512]","",84,0,0,"{L3:2, L4:1, L6:1}","{L3:2, L4:1, L6:1}",""
2977883237249,PHASE_B,131049,6207,SEAL,0,5,32,"","190","","0","","1","","64",0,0,0,"{L3:2, L4:1, L6:1}","{L0:1, L3:2, L4:1, L6:1}",""
2977883238485,PHASE_B,131221,6243,MERGE_DONE,0,0,0,"","189","","4","","16","","1024",84,2716,2716,"","",""
2977883238533,PHASE_B,131229,6245,MERGE_PUBLISH,0,4,32,"","189","","4","","16","","1024",84,2759,2746,"{L0:1, L3:2, L4:1, L6:1}","{L0:1, L4:2, L6:1}",""
2977883238559,PHASE_B,131229,6245,MERGE_SUBMIT,37,4,32,"","","","","","","","",0,0,0,"{L0:1, L4:2, L6:1}","{L0:1, L4:2, L6:1}",""
2977883238610,PHASE_B,131235,6247,MERGE_START,0,4,32,"[159,189]","","[4,4]","","[16,16]","","[1024,1024]","",35,0,0,"{L0:1, L4:2, L6:1}","{L0:1, L4:2, L6:1}",""
2977883239677,PHASE_B,131355,6270,SEAL,0,5,32,"","192","","0","","1","","64",0,0,0,"{L0:1, L4:2, L6:1}","{L0:2, L4:2, L6:1}",""
2977883242112,PHASE_B,131679,6335,SEAL,0,6,32,"","193","","0","","1","","64",0,0,0,"{L0:2, L4:2, L6:1}","{L0:3, L4:2, L6:1}",""
2977883243222,PHASE_B,131847,6369,MERGE_DONE,0,0,0,"","191","","5","","32","","2048",35,4628,4629,"","",""
2977883243243,PHASE_B,131847,6369,MERGE_PUBLISH,0,5,32,"","191","","5","","32","","2048",35,4646,4645,"{L0:3, L4:2, L6:1}","{L0:3, L5:1, L6:1}",""
2977883243262,PHASE_B,131847,6369,MERGE_SUBMIT,33,5,32,"","","","","","","","",0,0,0,"{L0:3, L5:1, L6:1}","{L0:3, L5:1, L6:1}",""
2977883243364,PHASE_B,131865,6372,MERGE_START,0,5,32,"[190,192]","","[0,0]","","[1,1]","","[64,64]","",85,0,0,"{L0:3, L5:1, L6:1}","{L0:3, L5:1, L6:1}",""
2977883243701,PHASE_B,131908,6380,MERGE_DONE,0,0,0,"","194","","1","","2","","128",85,356,355,"","",""
2977883243802,PHASE_B,131911,6381,MERGE_PUBLISH,0,4,32,"","194","","1","","2","","128",85,450,396,"{L0:3, L5:1, L6:1}","{L0:1, L1:1, L5:1, L6:1}",""
2977883244680,PHASE_B,132000,6397,SEAL,0,5,32,"","195","","0","","1","","64",0,0,0,"{L0:1, L1:1, L5:1, L6:1}","{L0:2, L1:1, L5:1, L6:1}",""
2977883244692,PHASE_B,132000,6397,MERGE_SUBMIT,0,5,32,"","","","","","","","",0,0,0,"{L0:2, L1:1, L5:1, L6:1}","{L0:2, L1:1, L5:1, L6:1}",""
2977883244703,PHASE_B,132003,6400,MERGE_START,0,5,32,"[193,195]","","[0,0]","","[1,1]","","[64,64]","",8,0,0,"{L0:2, L1:1, L5:1, L6:1}","{L0:2, L1:1, L5:1, L6:1}",""
2977883244825,PHASE_B,132019,6403,MERGE_DONE,0,0,0,"","196","","1","","2","","128",8,125,125,"","",""
2977883244832,PHASE_B,132019,6403,MERGE_PUBLISH,0,4,32,"","196","","1","","2","","128",8,131,130,"{L0:2, L1:1, L5:1, L6:1}","{L1:2, L5:1, L6:1}",""
2977883244837,PHASE_B,132019,6403,MERGE_SUBMIT,4,4,32,"","","","","","","","",0,0,0,"{L1:2, L5:1, L6:1}","{L1:2, L5:1, L6:1}",""
2977883244875,PHASE_B,132028,6406,MERGE_START,0,4,32,"[194,196]","","[1,1]","","[2,2]","","[128,128]","",37,0,0,"{L1:2, L5:1, L6:1}","{L1:2, L5:1, L6:1}",""
2977883245109,PHASE_B,132059,6411,MERGE_DONE,0,0,0,"","197","","2","","4","","256",37,235,235,"","",""
2977883245127,PHASE_B,132067,6413,MERGE_PUBLISH,0,3,32,"","197","","2","","4","","256",37,251,243,"{L1:2, L5:1, L6:1}","{L2:1, L5:1, L6:1}",""
2977883247075,PHASE_B,132318,6461,SEAL,0,4,32,"","198","","0","","1","","64",0,0,0,"{L2:1, L5:1, L6:1}","{L0:1, L2:1, L5:1, L6:1}",""
2977883249325,PHASE_B,132633,6525,SEAL,0,5,32,"","199","","0","","1","","64",0,0,0,"{L0:1, L2:1, L5:1, L6:1}","{L0:2, L2:1, L5:1, L6:1}",""
2977883249337,PHASE_B,132633,6525,MERGE_SUBMIT,0,5,32,"","","","","","","","",0,0,0,"{L0:2, L2:1, L5:1, L6:1}","{L0:2, L2:1, L5:1, L6:1}",""
2977883249444,PHASE_B,132662,6530,MERGE_START,0,5,32,"[198,199]","","[0,0]","","[1,1]","","[64,64]","",84,0,0,"{L0:2, L2:1, L5:1, L6:1}","{L0:2, L2:1, L5:1, L6:1}",""
2977883249745,PHASE_B,132716,6541,MERGE_DONE,0,0,0,"","200","","1","","2","","128",84,321,320,"","",""
2977883249765,PHASE_B,132716,6541,MERGE_PUBLISH,0,4,32,"","200","","1","","2","","128",84,335,334,"{L0:2, L2:1, L5:1, L6:1}","{L1:1, L2:1, L5:1, L6:1}",""
2977883251766,PHASE_B,132965,6591,SEAL,0,5,32,"","201","","0","","1","","64",0,0,0,"{L1:1, L2:1, L5:1, L6:1}","{L0:1, L1:1, L2:1, L5:1, L6:1}",""
2977883254017,PHASE_B,133282,6655,SEAL,0,6,32,"","202","","0","","1","","64",0,0,0,"{L0:1, L1:1, L2:1, L5:1, L6:1}","{L0:2, L1:1, L2:1, L5:1, L6:1}",""
2977883254028,PHASE_B,133282,6655,MERGE_SUBMIT,0,6,32,"","","","","","","","",0,0,0,"{L0:2, L1:1, L2:1, L5:1, L6:1}","{L0:2, L1:1, L2:1, L5:1, L6:1}",""
2977883254132,PHASE_B,133290,6657,MERGE_START,0,6,32,"[201,202]","","[0,0]","","[1,1]","","[64,64]","",81,0,0,"{L0:2, L1:1, L2:1, L5:1, L6:1}","{L0:2, L1:1, L2:1, L5:1, L6:1}",""
2977883254399,PHASE_B,133332,6665,MERGE_DONE,0,0,0,"","203","","1","","2","","128",81,286,285,"","",""
2977883254418,PHASE_B,133332,6665,MERGE_PUBLISH,0,5,32,"","203","","1","","2","","128",81,300,299,"{L0:2, L1:1, L2:1, L5:1, L6:1}","{L1:2, L2:1, L5:1, L6:1}",""
2977883254438,PHASE_B,133332,6665,MERGE_SUBMIT,12,5,32,"","","","","","","","",0,0,0,"{L1:2, L2:1, L5:1, L6:1}","{L1:2, L2:1, L5:1, L6:1}",""
2977883254520,PHASE_B,133358,6670,MERGE_START,0,5,32,"[200,203]","","[1,1]","","[2,2]","","[128,128]","",81,0,0,"{L1:2, L2:1, L5:1, L6:1}","{L1:2, L2:1, L5:1, L6:1}",""
2977883255029,PHASE_B,133428,6684,MERGE_DONE,0,0,0,"","204","","2","","4","","256",81,514,514,"","",""
2977883255059,PHASE_B,133428,6684,MERGE_PUBLISH,0,4,32,"","204","","2","","4","","256",81,540,539,"{L1:2, L2:1, L5:1, L6:1}","{L2:2, L5:1, L6:1}",""
2977883255072,PHASE_B,133428,6684,MERGE_SUBMIT,29,4,32,"","","","","","","","",0,0,0,"{L2:2, L5:1, L6:1}","{L2:2, L5:1, L6:1}",""
2977883255081,PHASE_B,133431,6686,MERGE_START,0,4,32,"[197,204]","","[2,2]","","[4,4]","","[256,256]","",9,0,0,"{L2:2, L5:1, L6:1}","{L2:2, L5:1, L6:1}",""
2977883255506,PHASE_B,133491,6696,MERGE_DONE,0,0,0,"","205","","3","","8","","512",9,429,428,"","",""
2977883255513,PHASE_B,133491,6696,MERGE_PUBLISH,0,3,32,"","205","","3","","8","","512",9,434,433,"{L2:2, L5:1, L6:1}","{L3:1, L5:1, L6:1}",""
2977883256509,PHASE_B,133604,6719,SEAL,0,4,32,"","206","","0","","1","","64",0,0,0,"{L3:1, L5:1, L6:1}","{L0:1, L3:1, L5:1, L6:1}",""
2977883258945,PHASE_B,133920,6782,SEAL,0,5,32,"","207","","0","","1","","64",0,0,0,"{L0:1, L3:1, L5:1, L6:1}","{L0:2, L3:1, L5:1, L6:1}",""
2977883258958,PHASE_B,133920,6782,MERGE_SUBMIT,0,5,32,"","","","","","","","",0,0,0,"{L0:2, L3:1, L5:1, L6:1}","{L0:2, L3:1, L5:1, L6:1}",""
2977883259077,PHASE_B,133929,6787,MERGE_START,0,5,32,"[206,207]","","[0,0]","","[1,1]","","[64,64]","",91,0,0,"{L0:2, L3:1, L5:1, L6:1}","{L0:2, L3:1, L5:1, L6:1}",""
2977883259373,PHASE_B,133983,6796,MERGE_DONE,0,0,0,"","208","","1","","2","","128",91,320,319,"","",""
2977883259725,PHASE_B,134038,6806,MERGE_PUBLISH,0,4,32,"","208","","1","","2","","128",91,665,664,"{L0:2, L3:1, L5:1, L6:1}","{L1:1, L3:1, L5:1, L6:1}",""
2977883261421,PHASE_B,134240,6847,SEAL,0,5,32,"","209","","0","","1","","64",0,0,0,"{L1:1, L3:1, L5:1, L6:1}","{L0:1, L1:1, L3:1, L5:1, L6:1}",""
2977883263676,PHASE_B,134562,6910,SEAL,0,6,32,"","210","","0","","1","","64",0,0,0,"{L0:1, L1:1, L3:1, L5:1, L6:1}","{L0:2, L1:1, L3:1, L5:1, L6:1}",""
2977883263688,PHASE_B,134562,6910,MERGE_SUBMIT,0,6,32,"","","","","","","","",0,0,0,"{L0:2, L1:1, L3:1, L5:1, L6:1}","{L0:2, L1:1, L3:1, L5:1, L6:1}",""
2977883263802,PHASE_B,134578,6916,MERGE_START,0,6,32,"[209,210]","","[0,0]","","[1,1]","","[64,64]","",90,0,0,"{L0:2, L1:1, L3:1, L5:1, L6:1}","{L0:2, L1:1, L3:1, L5:1, L6:1}",""
2977883264087,PHASE_B,134614,6922,MERGE_DONE,0,0,0,"","211","","1","","2","","128",90,305,304,"","",""
2977883264108,PHASE_B,134626,6926,MERGE_PUBLISH,0,5,32,"","211","","1","","2","","128",90,321,320,"{L0:2, L1:1, L3:1, L5:1, L6:1}","{L1:2, L3:1, L5:1, L6:1}",""
2977883264125,PHASE_B,134634,6926,MERGE_SUBMIT,14,5,32,"","","","","","","","",0,0,0,"{L1:2, L3:1, L5:1, L6:1}","{L1:2, L3:1, L5:1, L6:1}",""
2977883264234,PHASE_B,134640,6927,MERGE_START,0,5,32,"[208,211]","","[1,1]","","[2,2]","","[128,128]","",94,0,0,"{L1:2, L3:1, L5:1, L6:1}","{L1:2, L3:1, L5:1, L6:1}",""
2977883264773,PHASE_B,134727,6945,MERGE_DONE,0,0,0,"","212","","2","","4","","256",94,558,557,"","",""
2977883264792,PHASE_B,134729,6945,MERGE_PUBLISH,0,4,32,"","212","","2","","4","","256",94,572,571,"{L1:2, L3:1, L5:1, L6:1}","{L2:1, L3:1, L5:1, L6:1}",""
2977883266132,PHASE_B,134886,6975,SEAL,0,5,32,"","213","","0","","1","","64",0,0,0,"{L2:1, L3:1, L5:1, L6:1}","{L0:1, L2:1, L3:1, L5:1, L6:1}",""
2977883268404,PHASE_B,135204,7039,SEAL,0,6,32,"","214","","0","","1","","64",0,0,0,"{L0:1, L2:1, L3:1, L5:1, L6:1}","{L0:2, L2:1, L3:1, L5:1, L6:1}",""
2977883268418,PHASE_B,135204,7039,MERGE_SUBMIT,0,6,32,"","","","","","","","",0,0,0,"{L0:2, L2:1, L3:1, L5:1, L6:1}","{L0:2, L2:1, L3:1, L5:1, L6:1}",""
2977883268428,PHASE_B,135206,7040,MERGE_START,0,6,32,"[213,214]","","[0,0]","","[1,1]","","[64,64]","",8,0,0,"{L0:2, L2:1, L3:1, L5:1, L6:1}","{L0:2, L2:1, L3:1, L5:1, L6:1}",""
2977883268529,PHASE_B,135217,7043,MERGE_DONE,0,0,0,"","215","","1","","2","","128",8,104,103,"","",""
2977883268542,PHASE_B,135217,7043,MERGE_PUBLISH,0,5,32,"","215","","1","","2","","128",8,113,113,"{L0:2, L2:1, L3:1, L5:1, L6:1}","{L1:1, L2:1, L3:1, L5:1, L6:1}",""
2977883270711,PHASE_B,135512,7101,SEAL,0,6,32,"","216","","0","","1","","64",0,0,0,"{L1:1, L2:1, L3:1, L5:1, L6:1}","{L0:1, L1:1, L2:1, L3:1, L5:1, L6:1}",""
2977883273146,PHASE_B,135833,7166,SEAL,0,7,32,"","217","","0","","1","","64",0,0,0,"{L0:1, L1:1, L2:1, L3:1, L5:1, L6:1}","{L0:2, L1:1, L2:1, L3:1, L5:1, L6:1}",""
2977883273158,PHASE_B,135833,7166,MERGE_SUBMIT,0,7,32,"","","","","","","","",0,0,0,"{L0:2, L1:1, L2:1, L3:1, L5:1, L6:1}","{L0:2, L1:1, L2:1, L3:1, L5:1, L6:1}",""
2977883273265,PHASE_B,135856,7170,MERGE_START,0,7,32,"[216,217]","","[0,0]","","[1,1]","","[64,64]","",82,0,0,"{L0:2, L1:1, L2:1, L3:1, L5:1, L6:1}","{L0:2, L1:1, L2:1, L3:1, L5:1, L6:1}",""
2977883273561,PHASE_B,135906,7180,MERGE_DONE,0,0,0,"","218","","1","","2","","128",82,318,317,"","",""
2977883273584,PHASE_B,135908,7180,MERGE_PUBLISH,0,6,32,"","218","","1","","2","","128",82,333,331,"{L0:2, L1:1, L2:1, L3:1, L5:1, L6:1}","{L1:2, L2:1, L3:1, L5:1, L6:1}",""
2977883273604,PHASE_B,135910,7181,MERGE_SUBMIT,12,6,32,"","","","","","","","",0,0,0,"{L1:2, L2:1, L3:1, L5:1, L6:1}","{L1:2, L2:1, L3:1, L5:1, L6:1}",""
2977883273668,PHASE_B,135913,7181,MERGE_START,0,6,32,"[215,218]","","[1,1]","","[2,2]","","[128,128]","",63,0,0,"{L1:2, L2:1, L3:1, L5:1, L6:1}","{L1:2, L2:1, L3:1, L5:1, L6:1}",""
2977883274199,PHASE_B,135983,7195,MERGE_DONE,0,0,0,"","219","","2","","4","","256",63,536,536,"","",""
2977883274221,PHASE_B,135983,7195,MERGE_PUBLISH,0,5,32,"","219","","2","","4","","256",63,551,551,"{L1:2, L2:1, L3:1, L5:1, L6:1}","{L2:2, L3:1, L5:1, L6:1}",""
2977883274232,PHASE_B,135983,7195,MERGE_SUBMIT,29,5,32,"","","","","","","","",0,0,0,"{L2:2, L3:1, L5:1, L6:1}","{L2:2, L3:1, L5:1, L6:1}",""
2977883274336,PHASE_B,136004,7200,MERGE_START,0,5,32,"[212,219]","","[2,2]","","[4,4]","","[256,256]","",85,0,0,"{L2:2, L3:1, L5:1, L6:1}","{L2:2, L3:1, L5:1, L6:1}",""
2977883275382,PHASE_B,136126,7225,MERGE_DONE,0,0,0,"","220","","3","","8","","512",85,1065,1065,"","",""
2977883275428,PHASE_B,136126,7225,MERGE_PUBLISH,0,4,32,"","220","","3","","8","","512",85,1105,1095,"{L2:2, L3:1, L5:1, L6:1}","{L3:2, L5:1, L6:1}",""
2977883275447,PHASE_B,136126,7225,MERGE_SUBMIT,58,4,32,"","","","","","","","",0,0,0,"{L3:2, L5:1, L6:1}","{L3:2, L5:1, L6:1}",""
2977883275456,PHASE_B,136126,7225,MERGE_START,0,4,32,"[205,220]","","[3,3]","","[8,8]","","[512,512]","",12,0,0,"{L3:2, L5:1, L6:1}","{L3:2, L5:1, L6:1}",""
2977883275737,PHASE_B,136160,7230,SEAL,0,5,32,"","222","","0","","1","","64",0,0,0,"{L3:2, L5:1, L6:1}","{L0:1, L3:2, L5:1, L6:1}",""
2977883276286,PHASE_B,136255,7249,MERGE_DONE,0,0,0,"","221","","4","","16","","1024",12,833,833,"","",""
2977883276293,PHASE_B,136256,7249,MERGE_PUBLISH,0,4,32,"","221","","4","","16","","1024",12,838,838,"{L0:1, L3:2, L5:1, L6:1}","{L0:1, L4:1, L5:1, L6:1}",""
2977883278045,PHASE_B,136486,7295,SEAL,0,5,32,"","223","","0","","1","","64",0,0,0,"{L0:1, L4:1, L5:1, L6:1}","{L0:2, L4:1, L5:1, L6:1}",""
2977883278058,PHASE_B,136486,7295,MERGE_SUBMIT,0,5,32,"","","","","","","","",0,0,0,"{L0:2, L4:1, L5:1, L6:1}","{L0:2, L4:1, L5:1, L6:1}",""
2977883278167,PHASE_B,136491,7297,MERGE_START,0,5,32,"[222,223]","","[0,0]","","[1,1]","","[64,64]","",85,0,0,"{L0:2, L4:1, L5:1, L6:1}","{L0:2, L4:1, L5:1, L6:1}",""
2977883278462,PHASE_B,136541,7309,MERGE_DONE,0,0,0,"","224","","1","","2","","128",85,315,314,"","",""
2977883278480,PHASE_B,136541,7309,MERGE_PUBLISH,0,4,32,"","224","","1","","2","","128",85,329,328,"{L0:2, L4:1, L5:1, L6:1}","{L1:1, L4:1, L5:1, L6:1}",""
2977883280534,PHASE_B,136803,7359,SEAL,0,5,32,"","225","","0","","1","","64",0,0,0,"{L1:1, L4:1, L5:1, L6:1}","{L0:1, L1:1, L4:1, L5:1, L6:1}",""
2977883282914,PHASE_B,137121,7423,SEAL,0,6,32,"","226","","0","","1","","64",0,0,0,"{L0:1, L1:1, L4:1, L5:1, L6:1}","{L0:2, L1:1, L4:1, L5:1, L6:1}",""
2977883282926,PHASE_B,137121,7423,MERGE_SUBMIT,0,6,32,"","","","","","","","",0,0,0,"{L0:2, L1:1, L4:1, L5:1, L6:1}","{L0:2, L1:1, L4:1, L5:1, L6:1}",""
2977883283052,PHASE_B,137134,7426,MERGE_START,0,6,32,"[225,226]","","[0,0]","","[1,1]","","[64,64]","",103,0,0,"{L0:2, L1:1, L4:1, L5:1, L6:1}","{L0:2, L1:1, L4:1, L5:1, L6:1}",""
2977883283385,PHASE_B,137185,7437,MERGE_DONE,0,0,0,"","227","","1","","2","","128",103,352,351,"","",""
2977883283430,PHASE_B,137204,7438,MERGE_PUBLISH,0,5,32,"","227","","1","","2","","128",103,391,380,"{L0:2, L1:1, L4:1, L5:1, L6:1}","{L1:2, L4:1, L5:1, L6:1}",""
2977883283449,PHASE_B,137204,7438,MERGE_SUBMIT,14,5,32,"","","","","","","","",0,0,0,"{L1:2, L4:1, L5:1, L6:1}","{L1:2, L4:1, L5:1, L6:1}",""
2977883283524,PHASE_B,137207,7440,MERGE_START,0,5,32,"[224,227]","","[1,1]","","[2,2]","","[128,128]","",74,0,0,"{L1:2, L4:1, L5:1, L6:1}","{L1:2, L4:1, L5:1, L6:1}",""
2977883284042,PHASE_B,137277,7455,MERGE_DONE,0,0,0,"","228","","2","","4","","256",74,523,523,"","",""
2977883284073,PHASE_B,137277,7455,MERGE_PUBLISH,0,4,32,"","228","","2","","4","","256",74,549,549,"{L1:2, L4:1, L5:1, L6:1}","{L2:1, L4:1, L5:1, L6:1}",""
2977883285389,PHASE_B,137445,7487,SEAL,0,5,32,"","229","","0","","1","","64",0,0,0,"{L2:1, L4:1, L5:1, L6:1}","{L0:1, L2:1, L4:1, L5:1, L6:1}",""
2977883287658,PHASE_B,137757,7550,SEAL,0,6,32,"","230","","0","","1","","64",0,0,0,"{L0:1, L2:1, L4:1, L5:1, L6:1}","{L0:2, L2:1, L4:1, L5:1, L6:1}",""
2977883287670,PHASE_B,137757,7550,MERGE_SUBMIT,0,6,32,"","","","","","","","",0,0,0,"{L0:2, L2:1, L4:1, L5:1, L6:1}","{L0:2, L2:1, L4:1, L5:1, L6:1}",""
2977883287681,PHASE_B,137762,7552,MERGE_START,0,6,32,"[229,230]","","[0,0]","","[1,1]","","[64,64]","",8,0,0,"{L0:2, L2:1, L4:1, L5:1, L6:1}","{L0:2, L2:1, L4:1, L5:1, L6:1}",""
2977883287801,PHASE_B,137782,7554,MERGE_DONE,0,0,0,"","231","","1","","2","","128",8,123,123,"","",""
2977883287808,PHASE_B,137782,7554,MERGE_PUBLISH,0,5,32,"","231","","1","","2","","128",8,128,128,"{L0:2, L2:1, L4:1, L5:1, L6:1}","{L1:1, L2:1, L4:1, L5:1, L6:1}",""
2977883289954,PHASE_B,138084,7615,SEAL,0,6,32,"","232","","0","","1","","64",0,0,0,"{L1:1, L2:1, L4:1, L5:1, L6:1}","{L0:1, L1:1, L2:1, L4:1, L5:1, L6:1}",""
2977883292374,PHASE_B,138390,7676,SEAL,0,7,32,"","233","","0","","1","","64",0,0,0,"{L0:1, L1:1, L2:1, L4:1, L5:1, L6:1}","{L0:2, L1:1, L2:1, L4:1, L5:1, L6:1}",""
2977883292389,PHASE_B,138390,7676,MERGE_SUBMIT,0,7,32,"","","","","","","","",0,0,0,"{L0:2, L1:1, L2:1, L4:1, L5:1, L6:1}","{L0:2, L1:1, L2:1, L4:1, L5:1, L6:1}",""
2977883292496,PHASE_B,138421,7683,MERGE_START,0,7,32,"[232,233]","","[0,0]","","[1,1]","","[64,64]","",83,0,0,"{L0:2, L1:1, L2:1, L4:1, L5:1, L6:1}","{L0:2, L1:1, L2:1, L4:1, L5:1, L6:1}",""
2977883292792,PHASE_B,138464,7692,MERGE_DONE,0,0,0,"","234","","1","","2","","128",83,317,316,"","",""
2977883292814,PHASE_B,138464,7692,MERGE_PUBLISH,0,6,32,"","234","","1","","2","","128",83,332,331,"{L0:2, L1:1, L2:1, L4:1, L5:1, L6:1}","{L1:2, L2:1, L4:1, L5:1, L6:1}",""
2977883292834,PHASE_B,138468,7695,MERGE_SUBMIT,14,6,32,"","","","","","","","",0,0,0,"{L1:2, L2:1, L4:1, L5:1, L6:1}","{L1:2, L2:1, L4:1, L5:1, L6:1}",""
2977883292912,PHASE_B,138484,7696,MERGE_START,0,6,32,"[231,234]","","[1,1]","","[2,2]","","[128,128]","",78,0,0,"{L1:2, L2:1, L4:1, L5:1, L6:1}","{L1:2, L2:1, L4:1, L5:1, L6:1}",""
2977883293428,PHASE_B,138551,7708,MERGE_DONE,0,0,0,"","235","","2","","4","","256",78,521,521,"","",""
2977883293443,PHASE_B,138551,7708,MERGE_PUBLISH,0,5,32,"","235","","2","","4","","256",78,531,531,"{L1:2, L2:1, L4:1, L5:1, L6:1}","{L2:2, L4:1, L5:1, L6:1}",""
2977883293470,PHASE_B,138551,7708,MERGE_SUBMIT,30,5,32,"","","","","","","","",0,0,0,"{L2:2, L4:1, L5:1, L6:1}","{L2:2, L4:1, L5:1, L6:1}",""
2977883293574,PHASE_B,138562,7711,MERGE_START,0,5,32,"[228,235]","","[2,2]","","[4,4]","","[256,256]","",85,0,0,"{L2:2, L4:1, L5:1, L6:1}","{L2:2, L4:1, L5:1, L6:1}",""
2977883294662,PHASE_B,138699,7739,MERGE_DONE,0,0,0,"","236","","3","","8","","512",85,1107,1107,"","",""
2977883294683,PHASE_B,138699,7739,MERGE_PUBLISH,0,4,32,"","236","","3","","8","","512",85,1123,1122,"{L2:2, L4:1, L5:1, L6:1}","{L3:1, L4:1, L5:1, L6:1}",""
2977883294912,PHASE_B,138716,7742,SEAL,0,5,32,"","237","","0","","1","","64",0,0,0,"{L3:1, L4:1, L5:1, L6:1}","{L0:1, L3:1, L4:1, L5:1, L6:1}",""
2977883297176,PHASE_B,139035,7806,SEAL,0,6,32,"","238","","0","","1","","64",0,0,0,"{L0:1, L3:1, L4:1, L5:1, L6:1}","{L0:2, L3:1, L4:1, L5:1, L6:1}",""
2977883297188,PHASE_B,139035,7806,MERGE_SUBMIT,0,6,32,"","","","","","","","",0,0,0,"{L0:2, L3:1, L4:1, L5:1, L6:1}","{L0:2, L3:1, L4:1, L5:1, L6:1}",""
2977883297197,PHASE_B,139035,7806,MERGE_START,0,6,32,"[237,238]","","[0,0]","","[1,1]","","[64,64]","",8,0,0,"{L0:2, L3:1, L4:1, L5:1, L6:1}","{L0:2, L3:1, L4:1, L5:1, L6:1}",""
2977883297304,PHASE_B,139069,7811,MERGE_DONE,0,0,0,"","239","","1","","2","","128",8,109,108,"","",""
2977883297314,PHASE_B,139069,7811,MERGE_PUBLISH,0,5,32,"","239","","1","","2","","128",8,117,117,"{L0:2, L3:1, L4:1, L5:1, L6:1}","{L1:1, L3:1, L4:1, L5:1, L6:1}",""
2977883299473,PHASE_B,139367,7870,SEAL,0,6,32,"","240","","0","","1","","64",0,0,0,"{L1:1, L3:1, L4:1, L5:1, L6:1}","{L0:1, L1:1, L3:1, L4:1, L5:1, L6:1}",""
2977883301838,PHASE_B,139682,7935,SEAL,0,7,32,"","241","","0","","1","","64",0,0,0,"{L0:1, L1:1, L3:1, L4:1, L5:1, L6:1}","{L0:2, L1:1, L3:1, L4:1, L5:1, L6:1}",""
2977883301851,PHASE_B,139682,7935,MERGE_SUBMIT,0,7,32,"","","","","","","","",0,0,0,"{L0:2, L1:1, L3:1, L4:1, L5:1, L6:1}","{L0:2, L1:1, L3:1, L4:1, L5:1, L6:1}",""
2977883301906,PHASE_B,139686,7938,MERGE_START,0,7,32,"[240,241]","","[0,0]","","[1,1]","","[64,64]","",31,0,0,"{L0:2, L1:1, L3:1, L4:1, L5:1, L6:1}","{L0:2, L1:1, L3:1, L4:1, L5:1, L6:1}",""
2977883302224,PHASE_B,139738,7948,MERGE_DONE,0,0,0,"","242","","1","","2","","128",31,339,339,"","",""
2977883302246,PHASE_B,139748,7948,MERGE_PUBLISH,0,6,32,"","242","","1","","2","","128",31,353,352,"{L0:2, L1:1, L3:1, L4:1, L5:1, L6:1}","{L1:2, L3:1, L4:1, L5:1, L6:1}",""
2977883302264,PHASE_B,139751,7949,MERGE_SUBMIT,12,6,32,"","","","","","","","",0,0,0,"{L1:2, L3:1, L4:1, L5:1, L6:1}","{L1:2, L3:1, L4:1, L5:1, L6:1}",""
2977883302373,PHASE_B,139765,7952,MERGE_START,0,6,32,"[239,242]","","[1,1]","","[2,2]","","[128,128]","",94,0,0,"{L1:2, L3:1, L4:1, L5:1, L6:1}","{L1:2, L3:1, L4:1, L5:1, L6:1}",""
2977883302961,PHASE_B,139850,7969,MERGE_DONE,0,0,0,"","243","","2","","4","","256",94,608,607,"","",""
2977883302984,PHASE_B,139853,7969,MERGE_PUBLISH,0,5,32,"","243","","2","","4","","256",94,625,624,"{L1:2, L3:1, L4:1, L5:1, L6:1}","{L2:1, L3:1, L4:1, L5:1, L6:1}",""
2977883304311,PHASE_B,139997,7999,SEAL,0,6,32,"","244","","0","","1","","64",0,0,0,"{L2:1, L3:1, L4:1, L5:1, L6:1}","{L0:1, L2:1, L3:1, L4:1, L5:1, L6:1}",""
2977883306549,PHASE_B,140316,8062,SEAL,0,7,32,"","245","","0","","1","","64",0,0,0,"{L0:1, L2:1, L3:1, L4:1, L5:1, L6:1}","{L0:2, L2:1, L3:1, L4:1, L5:1, L6:1}",""
2977883306560,PHASE_B,140316,8062,MERGE_SUBMIT,0,7,32,"","","","","","","","",0,0,0,"{L0:2, L2:1, L3:1, L4:1, L5:1, L6:1}","{L0:2, L2:1, L3:1, L4:1, L5:1, L6:1}",""
2977883306674,PHASE_B,140348,8067,MERGE_START,0,7,32,"[244,245]","","[0,0]","","[1,1]","","[64,64]","",84,0,0,"{L0:2, L2:1, L3:1, L4:1, L5:1, L6:1}","{L0:2, L2:1, L3:1, L4:1, L5:1, L6:1}",""
2977883306983,PHASE_B,140391,8076,MERGE_DONE,0,0,0,"","246","","1","","2","","128",84,334,334,"","",""
2977883307040,PHASE_B,140401,8079,MERGE_PUBLISH,0,6,32,"","246","","1","","2","","128",84,383,361,"{L0:2, L2:1, L3:1, L4:1, L5:1, L6:1}","{L1:1, L2:1, L3:1, L4:1, L5:1, L6:1}",""
2977883308857,PHASE_B,140645,8127,SEAL,0,7,32,"","247","","0","","1","","64",0,0,0,"{L1:1, L2:1, L3:1, L4:1, L5:1, L6:1}","{L0:1, L1:1, L2:1, L3:1, L4:1, L5:1, L6:1}",""
2977883311124,PHASE_B,140966,8191,SEAL,0,8,32,"","248","","0","","1","","64",0,0,0,"{L0:1, L1:1, L2:1, L3:1, L4:1, L5:1, L6:1}","{L0:2, L1:1, L2:1, L3:1, L4:1, L5:1, L6:1}",""
2977883311136,PHASE_B,140966,8191,MERGE_SUBMIT,0,8,32,"","","","","","","","",0,0,0,"{L0:2, L1:1, L2:1, L3:1, L4:1, L5:1, L6:1}","{L0:2, L1:1, L2:1, L3:1, L4:1, L5:1, L6:1}",""
2977883311147,PHASE_B,140966,8191,MERGE_START,0,8,32,"[247,248]","","[0,0]","","[1,1]","","[64,64]","",8,0,0,"{L0:2, L1:1, L2:1, L3:1, L4:1, L5:1, L6:1}","{L0:2, L1:1, L2:1, L3:1, L4:1, L5:1, L6:1}",""
2977883311253,PHASE_B,140988,8195,MERGE_DONE,0,0,0,"","249","","1","","2","","128",8,110,110,"","",""
2977883311261,PHASE_B,140988,8195,MERGE_PUBLISH,0,7,32,"","249","","1","","2","","128",8,115,115,"{L0:2, L1:1, L2:1, L3:1, L4:1, L5:1, L6:1}","{L1:2, L2:1, L3:1, L4:1, L5:1, L6:1}",""
2977883311266,PHASE_B,140988,8195,MERGE_SUBMIT,4,7,32,"","","","","","","","",0,0,0,"{L1:2, L2:1, L3:1, L4:1, L5:1, L6:1}","{L1:2, L2:1, L3:1, L4:1, L5:1, L6:1}",""
2977883311308,PHASE_B,140988,8195,MERGE_START,0,7,32,"[246,249]","","[1,1]","","[2,2]","","[128,128]","",41,0,0,"{L1:2, L2:1, L3:1, L4:1, L5:1, L6:1}","{L1:2, L2:1, L3:1, L4:1, L5:1, L6:1}",""
2977883311490,PHASE_B,141018,8201,MERGE_DONE,0,0,0,"","250","","2","","4","","256",41,183,183,"","",""
2977883311499,PHASE_B,141018,8201,MERGE_PUBLISH,0,6,32,"","250","","2","","4","","256",41,191,191,"{L1:2, L2:1, L3:1, L4:1, L5:1, L6:1}","{L2:2, L3:1, L4:1, L5:1, L6:1}",""
2977883311505,PHASE_B,141018,8201,MERGE_SUBMIT,12,6,32,"","","","","","","","",0,0,0,"{L2:2, L3:1, L4:1, L5:1, L6:1}","{L2:2, L3:1, L4:1, L5:1, L6:1}",""
2977883311568,PHASE_B,141026,8205,MERGE_START,0,6,32,"[243,250]","","[2,2]","","[4,4]","","[256,256]","",62,0,0,"{L2:2, L3:1, L4:1, L5:1, L6:1}","{L2:2, L3:1, L4:1, L5:1, L6:1}",""
2977883311995,PHASE_B,141096,8218,MERGE_DONE,0,0,0,"","251","","3","","8","","512",62,429,429,"","",""
2977883312020,PHASE_B,141097,8218,MERGE_PUBLISH,0,5,32,"","251","","3","","8","","512",62,451,437,"{L2:2, L3:1, L4:1, L5:1, L6:1}","{L3:2, L4:1, L5:1, L6:1}",""
2977883312025,PHASE_B,141097,8218,MERGE_SUBMIT,27,5,32,"","","","","","","","",0,0,0,"{L3:2, L4:1, L5:1, L6:1}","{L3:2, L4:1, L5:1, L6:1}",""
2977883312129,PHASE_B,141110,8221,MERGE_START,0,5,32,"[236,251]","","[3,3]","","[8,8]","","[512,512]","",82,0,0,"{L3:2, L4:1, L5:1, L6:1}","{L3:2, L4:1, L5:1, L6:1}",""
2977883313537,PHASE_B,141276,8254,SEAL,0,6,32,"","253","","0","","1","","64",0,0,0,"{L3:2, L4:1, L5:1, L6:1}","{L0:1, L3:2, L4:1, L5:1, L6:1}",""
2977883314523,PHASE_B,141432,8284,MERGE_DONE,0,0,0,"","252","","4","","16","","1024",82,2412,2412,"","",""
2977883314571,PHASE_B,141432,8284,MERGE_PUBLISH,0,5,32,"","252","","4","","16","","1024",82,2454,2441,"{L0:1, L3:2, L4:1, L5:1, L6:1}","{L0:1, L4:2, L5:1, L6:1}",""
2977883314591,PHASE_B,141432,8284,MERGE_SUBMIT,30,5,32,"","","","","","","","",0,0,0,"{L0:1, L4:2, L5:1, L6:1}","{L0:1, L4:2, L5:1, L6:1}",""
2977883314694,PHASE_B,141449,8289,MERGE_START,0,5,32,"[221,252]","","[4,4]","","[16,16]","","[1024,1024]","",86,0,0,"{L0:1, L4:2, L5:1, L6:1}","{L0:1, L4:2, L5:1, L6:1}",""
2977883315982,PHASE_B,141592,8318,SEAL,0,6,32,"","255","","0","","1","","64",0,0,0,"{L0:1, L4:2, L5:1, L6:1}","{L0:2, L4:2, L5:1, L6:1}",""
2977883318423,PHASE_B,141920,8383,SEAL,0,7,32,"","256","","0","","1","","64",0,0,0,"{L0:2, L4:2, L5:1, L6:1}","{L0:3, L4:2, L5:1, L6:1}",""
2977883319505,PHASE_B,142088,8418,MERGE_DONE,0,0,0,"","254","","5","","32","","2048",86,4828,4828,"","",""
2977883319529,PHASE_B,142089,8418,MERGE_PUBLISH,0,6,32,"","254","","5","","32","","2048",86,4848,4847,"{L0:3, L4:2, L5:1, L6:1}","{L0:3, L5:2, L6:1}",""
2977883319549,PHASE_B,142094,8419,MERGE_SUBMIT,34,6,32,"","","","","","","","",0,0,0,"{L0:3, L5:2, L6:1}","{L0:3, L5:2, L6:1}",""
2977883319661,PHASE_B,142113,8421,MERGE_START,0,6,32,"[253,255]","","[0,0]","","[1,1]","","[64,64]","",95,0,0,"{L0:3, L5:2, L6:1}","{L0:3, L5:2, L6:1}",""
2977883319980,PHASE_B,142146,8427,MERGE_DONE,0,0,0,"","257","","1","","2","","128",95,338,338,"","",""
2977883320040,PHASE_B,142158,8430,MERGE_PUBLISH,0,5,32,"","257","","1","","2","","128",95,394,382,"{L0:3, L5:2, L6:1}","{L0:1, L1:1, L5:2, L6:1}",""
2977883320060,PHASE_B,142158,8430,MERGE_SUBMIT,46,5,32,"","","","","","","","",0,0,0,"{L0:1, L1:1, L5:2, L6:1}","{L0:1, L1:1, L5:2, L6:1}",""
2977883320067,PHASE_B,142158,8430,MERGE_START,0,5,32,"[191,254]","","[5,5]","","[32,32]","","[2048,2048]","",10,0,0,"{L0:1, L1:1, L5:2, L6:1}","{L0:1, L1:1, L5:2, L6:1}",""
2977883320880,PHASE_B,142237,8445,SEAL,0,6,32,"","259","","0","","1","","64",0,0,0,"{L0:1, L1:1, L5:2, L6:1}","{L0:2, L1:1, L5:2, L6:1}",""
2977883323222,PHASE_B,142567,8511,SEAL,0,7,32,"","260","","0","","1","","64",0,0,0,"{L0:2, L1:1, L5:2, L6:1}","{L0:3, L1:1, L5:2, L6:1}",""
2977883324026,PHASE_B,142701,8537,MERGE_DONE,0,0,0,"","258","","6","","64","","4096",10,3962,3962,"","",""
2977883324036,PHASE_B,142701,8537,MERGE_PUBLISH,0,6,32,"","258","","6","","64","","4096",10,3970,3970,"{L0:3, L1:1, L5:2, L6:1}","{L0:3, L1:1, L6:2}",""
2977883324043,PHASE_B,142701,8537,MERGE_SUBMIT,25,6,32,"","","","","","","","",0,0,0,"{L0:3, L1:1, L6:2}","{L0:3, L1:1, L6:2}",""
2977883324153,PHASE_B,142706,8539,MERGE_START,0,6,32,"[256,259]","","[0,0]","","[1,1]","","[64,64]","",87,0,0,"{L0:3, L1:1, L6:2}","{L0:3, L1:1, L6:2}",""
2977883324433,PHASE_B,142747,8549,MERGE_DONE,0,0,0,"","261","","1","","2","","128",87,301,300,"","",""
2977883324452,PHASE_B,142750,8549,MERGE_PUBLISH,0,5,32,"","261","","1","","2","","128",87,313,312,"{L0:3, L1:1, L6:2}","{L0:1, L1:2, L6:2}",""
2977883324470,PHASE_B,142752,8550,MERGE_SUBMIT,37,5,32,"","","","","","","","",0,0,0,"{L0:1, L1:2, L6:2}","{L0:1, L1:2, L6:2}",""
2977883324535,PHASE_B,142755,8550,MERGE_START,0,5,32,"[257,261]","","[1,1]","","[2,2]","","[128,128]","",67,0,0,"{L0:1, L1:2, L6:2}","{L0:1, L1:2, L6:2}",""
2977883325055,PHASE_B,142822,8563,MERGE_DONE,0,0,0,"","262","","2","","4","","256",67,525,525,"","",""
2977883325094,PHASE_B,142827,8564,MERGE_PUBLISH,0,4,32,"","262","","2","","4","","256",67,559,545,"{L0:1, L1:2, L6:2}","{L0:1, L2:1, L6:2}",""
2977883325121,PHASE_B,142827,8564,MERGE_SUBMIT,52,4,32,"","","","","","","","",0,0,0,"{L0:1, L2:1, L6:2}","{L0:1, L2:1, L6:2}",""
2977883325222,PHASE_B,142827,8564,MERGE_START,0,4,32,"[135,258]","","[6,6]","","[64,64]","","[4096,4096]","",82,0,0,"{L0:1, L2:1, L6:2}","{L0:1, L2:1, L6:2}",""
2977883325680,PHASE_B,142881,8575,SEAL,0,5,32,"","263","","0","","1","","64",0,0,0,"{L0:1, L2:1, L6:2}","{L0:2, L2:1, L6:2}",""
2977883327999,PHASE_B,143196,8638,SEAL,0,6,32,"","264","","0","","1","","64",0,0,0,"{L0:2, L2:1, L6:2}","{L0:3, L2:1, L6:2}",""
2977883330274,PHASE_B,143512,8701,SEAL,0,7,32,"","266","","0","","1","","64",0,0,0,"{L0:3, L2:1, L6:2}","{L0:4, L2:1, L6:2}",""
2977883332703,PHASE_B,143843,8767,SEAL,0,8,32,"","267","","0","","1","","64",0,0,0,"{L0:4, L2:1, L6:2}","{L0:5, L2:1, L6:2}",""
2977883335006,PHASE_B,144161,8831,SEAL,0,9,32,"","268","","0","","1","","64",0,0,0,"{L0:5, L2:1, L6:2}","{L0:6, L2:1, L6:2}",""
2977883337296,PHASE_B,144484,8895,SEAL,0,10,32,"","269","","0","","1","","64",0,0,0,"{L0:6, L2:1, L6:2}","{L0:7, L2:1, L6:2}",""
2977883339656,PHASE_B,144804,8959,SEAL,0,11,32,"","270","","0","","1","","64",0,0,0,"{L0:7, L2:1, L6:2}","{L0:8, L2:1, L6:2}",""
2977883342089,PHASE_B,145112,9021,SEAL,0,12,32,"","271","","0","","1","","64",0,0,0,"{L0:8, L2:1, L6:2}","{L0:9, L2:1, L6:2}",""
2977883344496,PHASE_B,145444,9087,SEAL,0,13,32,"","272","","0","","1","","64",0,0,0,"{L0:9, L2:1, L6:2}","{L0:10, L2:1, L6:2}",""
2977883346825,PHASE_B,145765,9151,SEAL,0,14,32,"","273","","0","","1","","64",0,0,0,"{L0:10, L2:1, L6:2}","{L0:11, L2:1, L6:2}",""
2977883347362,PHASE_B,145843,9167,MERGE_DONE,0,0,0,"","265","","7","","128","","8192",82,22155,22156,"","",""
2977883347392,PHASE_B,145843,9167,MERGE_PUBLISH,0,13,32,"","265","","7","","128","","8192",82,22181,22181,"{L0:11, L2:1, L6:2}","{L0:11, L2:1, L7:1}",""
2977883347415,PHASE_B,145848,9170,MERGE_SUBMIT,17,13,32,"","","","","","","","",0,0,0,"{L0:11, L2:1, L7:1}","{L0:11, L2:1, L7:1}",""
2977883347529,PHASE_B,145863,9172,MERGE_START,0,13,32,"[260,263]","","[0,0]","","[1,1]","","[64,64]","",94,0,0,"{L0:11, L2:1, L7:1}","{L0:11, L2:1, L7:1}",""
2977883348636,PHASE_B,146008,9199,MERGE_DONE,0,0,0,"","274","","1","","2","","128",94,1129,1092,"","",""
2977883348677,PHASE_B,146008,9199,MERGE_PUBLISH,0,12,32,"","274","","1","","2","","128",94,1161,1123,"{L0:11, L2:1, L7:1}","{L0:9, L1:1, L2:1, L7:1}",""
2977883348698,PHASE_B,146008,9199,MERGE_SUBMIT,50,12,32,"","","","","","","","",0,0,0,"{L0:9, L1:1, L2:1, L7:1}","{L0:9, L1:1, L2:1, L7:1}",""
2977883348711,PHASE_B,146011,9202,MERGE_START,0,12,32,"[264,266]","","[0,0]","","[1,1]","","[64,64]","",11,0,0,"{L0:9, L1:1, L2:1, L7:1}","{L0:9, L1:1, L2:1, L7:1}",""
2977883348817,PHASE_B,146027,9204,MERGE_DONE,0,0,0,"","275","","1","","2","","128",11,114,114,"","",""
2977883348826,PHASE_B,146027,9204,MERGE_PUBLISH,0,11,32,"","275","","1","","2","","128",11,120,120,"{L0:9, L1:1, L2:1, L7:1}","{L0:7, L1:2, L2:1, L7:1}",""
2977883348834,PHASE_B,146027,9204,MERGE_SUBMIT,53,11,32,"","","","","","","","",0,0,0,"{L0:7, L1:2, L2:1, L7:1}","{L0:7, L1:2, L2:1, L7:1}",""
2977883348875,PHASE_B,146035,9206,MERGE_START,0,11,32,"[267,268]","","[0,0]","","[1,1]","","[64,64]","",40,0,0,"{L0:7, L1:2, L2:1, L7:1}","{L0:7, L1:2, L2:1, L7:1}",""
2977883348980,PHASE_B,146041,9208,MERGE_DONE,0,0,0,"","276","","1","","2","","128",40,107,107,"","",""
2977883349009,PHASE_B,146041,9208,MERGE_PUBLISH,0,10,32,"","276","","1","","2","","128",40,134,126,"{L0:7, L1:2, L2:1, L7:1}","{L0:5, L1:3, L2:1, L7:1}",""
2977883349014,PHASE_B,146041,9208,MERGE_SUBMIT,57,10,32,"","","","","","","","",0,0,0,"{L0:5, L1:3, L2:1, L7:1}","{L0:5, L1:3, L2:1, L7:1}",""
2977883349039,PHASE_B,146046,9210,MERGE_START,0,10,32,"[269,270]","","[0,0]","","[1,1]","","[64,64]","",15,0,0,"{L0:5, L1:3, L2:1, L7:1}","{L0:5, L1:3, L2:1, L7:1}",""
2977883349363,PHASE_B,146072,9214,SEAL,0,11,32,"","277","","0","","1","","64",0,0,0,"{L0:5, L1:3, L2:1, L7:1}","{L0:6, L1:3, L2:1, L7:1}",""
2977883349624,PHASE_B,146122,9224,MERGE_DONE,0,0,0,"","278","","1","","2","","128",15,593,555,"","",""
2977883349640,PHASE_B,146125,9224,MERGE_PUBLISH,0,10,32,"","278","","1","","2","","128",15,605,567,"{L0:6, L1:3, L2:1, L7:1}","{L0:4, L1:4, L2:1, L7:1}",""
2977883349655,PHASE_B,146125,9224,MERGE_SUBMIT,8,10,32,"","","","","","","","",0,0,0,"{L0:4, L1:4, L2:1, L7:1}","{L0:4, L1:4, L2:1, L7:1}",""
2977883349696,PHASE_B,146125,9224,MERGE_START,0,10,32,"[271,272]","","[0,0]","","[1,1]","","[64,64]","",21,0,0,"{L0:4, L1:4, L2:1, L7:1}","{L0:4, L1:4, L2:1, L7:1}",""
2977883350017,PHASE_B,146174,9234,MERGE_DONE,0,0,0,"","279","","1","","2","","128",21,328,327,"","",""
2977883350052,PHASE_B,146174,9234,MERGE_PUBLISH,0,9,32,"","279","","1","","2","","128",21,372,371,"{L0:4, L1:4, L2:1, L7:1}","{L0:2, L1:5, L2:1, L7:1}",""
2977883350073,PHASE_B,146174,9234,MERGE_SUBMIT,19,9,32,"","","","","","","","",0,0,0,"{L0:2, L1:5, L2:1, L7:1}","{L0:2, L1:5, L2:1, L7:1}",""
2977883350080,PHASE_B,146174,9234,MERGE_START,0,9,32,"[273,277]","","[0,0]","","[1,1]","","[64,64]","",11,0,0,"{L0:2, L1:5, L2:1, L7:1}","{L0:2, L1:5, L2:1, L7:1}",""
2977883350540,PHASE_B,146238,9246,MERGE_DONE,0,0,0,"","280","","1","","2","","128",11,463,370,"","",""
2977883350566,PHASE_B,146244,9248,MERGE_PUBLISH,0,8,32,"","280","","1","","2","","128",11,483,379,"{L0:2, L1:5, L2:1, L7:1}","{L1:6, L2:1, L7:1}",""
2977883350573,PHASE_B,146245,9248,MERGE_SUBMIT,32,8,32,"","","","","","","","",0,0,0,"{L1:6, L2:1, L7:1}","{L1:6, L2:1, L7:1}",""
2977883350594,PHASE_B,146250,9249,MERGE_START,0,8,32,"[274,275]","","[1,1]","","[2,2]","","[128,128]","",14,0,0,"{L1:6, L2:1, L7:1}","{L1:6, L2:1, L7:1}",""
2977883351114,PHASE_B,146305,9259,MERGE_DONE,0,0,0,"","281","","2","","4","","256",14,527,527,"","",""
2977883351166,PHASE_B,146316,9262,MERGE_PUBLISH,0,7,32,"","281","","2","","4","","256",14,571,554,"{L1:6, L2:1, L7:1}","{L1:4, L2:2, L7:1}",""
2977883351179,PHASE_B,146320,9262,MERGE_SUBMIT,46,7,32,"","","","","","","","",0,0,0,"{L1:4, L2:2, L7:1}","{L1:4, L2:2, L7:1}",""
2977883351203,PHASE_B,146320,9262,MERGE_START,0,7,32,"[276,278]","","[1,1]","","[2,2]","","[128,128]","",18,0,0,"{L1:4, L2:2, L7:1}","{L1:4, L2:2, L7:1}",""
2977883351703,PHASE_B,146374,9273,MERGE_DONE,0,0,0,"","282","","2","","4","","256",18,509,509,"","",""
2977883351750,PHASE_B,146381,9275,MERGE_PUBLISH,0,6,32,"","282","","2","","4","","256",18,550,530,"{L1:4, L2:2, L7:1}","{L1:2, L2:3, L7:1}",""
2977883351764,PHASE_B,146381,9275,MERGE_SUBMIT,59,6,32,"","","","","","","","",0,0,0,"{L1:2, L2:3, L7:1}","{L1:2, L2:3, L7:1}",""
2977883351772,PHASE_B,146381,9275,MERGE_START,0,6,32,"[279,280]","","[1,1]","","[2,2]","","[128,128]","",9,0,0,"{L1:2, L2:3, L7:1}","{L1:2, L2:3, L7:1}",""
2977883351996,PHASE_B,146402,9278,SEAL,0,7,32,"","284","","0","","1","","64",0,0,0,"{L1:2, L2:3, L7:1}","{L0:1, L1:2, L2:3, L7:1}",""
2977883352106,PHASE_B,146409,9280,MERGE_DONE,0,0,0,"","283","","2","","4","","256",9,336,327,"","",""
2977883352118,PHASE_B,146409,9280,MERGE_PUBLISH,0,6,32,"","283","","2","","4","","256",9,347,337,"{L0:1, L1:2, L2:3, L7:1}","{L0:1, L2:4, L7:1}",""
2977883352124,PHASE_B,146409,9280,MERGE_SUBMIT,3,6,32,"","","","","","","","",0,0,0,"{L0:1, L2:4, L7:1}","{L0:1, L2:4, L7:1}",""
2977883352152,PHASE_B,146420,9284,MERGE_START,0,6,32,"[262,281]","","[2,2]","","[4,4]","","[256,256]","",15,0,0,"{L0:1, L2:4, L7:1}","{L0:1, L2:4, L7:1}",""
2977883353187,PHASE_B,146573,9313,MERGE_DONE,0,0,0,"","285","","3","","8","","512",15,1048,1047,"","",""
2977883353206,PHASE_B,146573,9313,MERGE_PUBLISH,0,5,32,"","285","","3","","8","","512",15,1060,1060,"{L0:1, L2:4, L7:1}","{L0:1, L2:2, L3:1, L7:1}",""
2977883353220,PHASE_B,146573,9313,MERGE_SUBMIT,34,5,32,"","","","","","","","",0,0,0,"{L0:1, L2:2, L3:1, L7:1}","{L0:1, L2:2, L3:1, L7:1}",""
2977883353332,PHASE_B,146593,9317,MERGE_START,0,5,32,"[282,283]","","[2,2]","","[4,4]","","[256,256]","",94,0,0,"{L0:1, L2:2, L3:1, L7:1}","{L0:1, L2:2, L3:1, L7:1}",""
2977883354552,PHASE_B,146719,9343,SEAL,0,6,32,"","287","","0","","1","","64",0,0,0,"{L0:1, L2:2, L3:1, L7:1}","{L0:2, L2:2, L3:1, L7:1}",""
2977883354675,PHASE_B,146736,9346,MERGE_DONE,0,0,0,"","286","","3","","8","","512",94,1362,1361,"","",""
2977883354701,PHASE_B,146744,9348,MERGE_PUBLISH,0,5,32,"","286","","3","","8","","512",94,1379,1377,"{L0:2, L2:2, L3:1, L7:1}","{L0:2, L3:2, L7:1}",""
2977883354716,PHASE_B,146746,9348,MERGE_SUBMIT,4,5,32,"","","","","","","","",0,0,0,"{L0:2, L3:2, L7:1}","{L0:2, L3:2, L7:1}",""
2977883354824,PHASE_B,146761,9352,MERGE_START,0,5,32,"[284,287]","","[0,0]","","[1,1]","","[64,64]","",91,0,0,"{L0:2, L3:2, L7:1}","{L0:2, L3:2, L7:1}",""
2977883355229,PHASE_B,146826,9363,MERGE_DONE,0,0,0,"","288","","1","","2","","128",91,424,424,"","",""
2977883355247,PHASE_B,146826,9363,MERGE_PUBLISH,0,4,32,"","288","","1","","2","","128",91,438,437,"{L0:2, L3:2, L7:1}","{L1:1, L3:2, L7:1}",""
2977883355266,PHASE_B,146830,9366,MERGE_SUBMIT,21,4,32,"","","","","","","","",0,0,0,"{L1:1, L3:2, L7:1}","{L1:1, L3:2, L7:1}",""
2977883355275,PHASE_B,146831,9366,MERGE_START,0,4,32,"[285,286]","","[3,3]","","[8,8]","","[512,512]","",12,0,0,"{L1:1, L3:2, L7:1}","{L1:1, L3:2, L7:1}",""
2977883356203,PHASE_B,146947,9389,MERGE_DONE,0,0,0,"","289","","4","","16","","1024",12,931,931,"","",""
2977883356218,PHASE_B,146950,9390,MERGE_PUBLISH,0,3,32,"","289","","4","","16","","1024",12,944,944,"{L1:1, L3:2, L7:1}","{L1:1, L4:1, L7:1}",""
2977883356980,PHASE_B,147038,9407,SEAL,0,4,32,"","290","","0","","1","","64",0,0,0,"{L1:1, L4:1, L7:1}","{L0:1, L1:1, L4:1, L7:1}",""
2977883359254,PHASE_B,147365,9471,SEAL,0,5,32,"","291","","0","","1","","64",0,0,0,"{L0:1, L1:1, L4:1, L7:1}","{L0:2, L1:1, L4:1, L7:1}",""
2977883359267,PHASE_B,147365,9471,MERGE_SUBMIT,0,5,32,"","","","","","","","",0,0,0,"{L0:2, L1:1, L4:1, L7:1}","{L0:2, L1:1, L4:1, L7:1}",""
2977883359377,PHASE_B,147376,9476,MERGE_START,0,5,32,"[290,291]","","[0,0]","","[1,1]","","[64,64]","",82,0,0,"{L0:2, L1:1, L4:1, L7:1}","{L0:2, L1:1, L4:1, L7:1}",""
2977883359681,PHASE_B,147432,9485,MERGE_DONE,0,0,0,"","292","","1","","2","","128",82,328,327,"","",""
2977883359723,PHASE_B,147432,9485,MERGE_PUBLISH,0,4,32,"","292","","1","","2","","128",82,366,352,"{L0:2, L1:1, L4:1, L7:1}","{L1:2, L4:1, L7:1}",""
2977883359740,PHASE_B,147432,9485,MERGE_SUBMIT,14,4,32,"","","","","","","","",0,0,0,"{L1:2, L4:1, L7:1}","{L1:2, L4:1, L7:1}",""
2977883359816,PHASE_B,147446,9488,MERGE_START,0,4,32,"[288,292]","","[1,1]","","[2,2]","","[128,128]","",76,0,0,"{L1:2, L4:1, L7:1}","{L1:2, L4:1, L7:1}",""
2977883360357,PHASE_B,147522,9503,MERGE_DONE,0,0,0,"","293","","2","","4","","256",76,545,545,"","",""
2977883360370,PHASE_B,147522,9503,MERGE_PUBLISH,0,3,32,"","293","","2","","4","","256",76,554,554,"{L1:2, L4:1, L7:1}","{L2:1, L4:1, L7:1}",""
2977883361704,PHASE_B,147671,9532,SEAL,0,4,32,"","294","","0","","1","","64",0,0,0,"{L2:1, L4:1, L7:1}","{L0:1, L2:1, L4:1, L7:1}",""
2977883364020,PHASE_B,148001,9599,SEAL,0,5,32,"","295","","0","","1","","64",0,0,0,"{L0:1, L2:1, L4:1, L7:1}","{L0:2, L2:1, L4:1, L7:1}",""
2977883364031,PHASE_B,148001,9599,MERGE_SUBMIT,0,5,32,"","","","","","","","",0,0,0,"{L0:2, L2:1, L4:1, L7:1}","{L0:2, L2:1, L4:1, L7:1}",""
2977883364155,PHASE_B,148025,9603,MERGE_START,0,5,32,"[294,295]","","[0,0]","","[1,1]","","[64,64]","",100,0,0,"{L0:2, L2:1, L4:1, L7:1}","{L0:2, L2:1, L4:1, L7:1}",""
2977883364463,PHASE_B,148062,9611,MERGE_DONE,0,0,0,"","296","","1","","2","","128",100,327,327,"","",""
2977883364481,PHASE_B,148062,9611,MERGE_PUBLISH,0,4,32,"","296","","1","","2","","128",100,341,340,"{L0:2, L2:1, L4:1, L7:1}","{L1:1, L2:1, L4:1, L7:1}",""
2977883366456,PHASE_B,148318,9662,SEAL,0,5,32,"","297","","0","","1","","64",0,0,0,"{L1:1, L2:1, L4:1, L7:1}","{L0:1, L1:1, L2:1, L4:1, L7:1}",""
2977883368753,PHASE_B,148636,9725,SEAL,0,6,32,"","298","","0","","1","","64",0,0,0,"{L0:1, L1:1, L2:1, L4:1, L7:1}","{L0:2, L1:1, L2:1, L4:1, L7:1}",""
2977883368766,PHASE_B,148636,9725,MERGE_SUBMIT,0,6,32,"","","","","","","","",0,0,0,"{L0:2, L1:1, L2:1, L4:1, L7:1}","{L0:2, L1:1, L2:1, L4:1, L7:1}",""
2977883368778,PHASE_B,148636,9725,MERGE_START,0,6,32,"[297,298]","","[0,0]","","[1,1]","","[64,64]","",8,0,0,"{L0:2, L1:1, L2:1, L4:1, L7:1}","{L0:2, L1:1, L2:1, L4:1, L7:1}",""
2977883368875,PHASE_B,148661,9731,MERGE_DONE,0,0,0,"","299","","1","","2","","128",8,101,101,"","",""
2977883368881,PHASE_B,148662,9731,MERGE_PUBLISH,0,5,32,"","299","","1","","2","","128",8,106,106,"{L0:2, L1:1, L2:1, L4:1, L7:1}","{L1:2, L2:1, L4:1, L7:1}",""
2977883368886,PHASE_B,148662,9731,MERGE_SUBMIT,3,5,32,"","","","","","","","",0,0,0,"{L1:2, L2:1, L4:1, L7:1}","{L1:2, L2:1, L4:1, L7:1}",""
2977883368921,PHASE_B,148674,9733,MERGE_START,0,5,32,"[296,299]","","[1,1]","","[2,2]","","[128,128]","",35,0,0,"{L1:2, L2:1, L4:1, L7:1}","{L1:2, L2:1, L4:1, L7:1}",""
2977883369107,PHASE_B,148687,9739,MERGE_DONE,0,0,0,"","300","","2","","4","","256",35,187,187,"","",""
2977883369116,PHASE_B,148689,9739,MERGE_PUBLISH,0,4,32,"","300","","2","","4","","256",35,195,195,"{L1:2, L2:1, L4:1, L7:1}","{L2:2, L4:1, L7:1}",""
2977883369121,PHASE_B,148693,9739,MERGE_SUBMIT,11,4,32,"","","","","","","","",0,0,0,"{L2:2, L4:1, L7:1}","{L2:2, L4:1, L7:1}",""
2977883369186,PHASE_B,148702,9740,MERGE_START,0,4,32,"[293,300]","","[2,2]","","[4,4]","","[256,256]","",65,0,0,"{L2:2, L4:1, L7:1}","{L2:2, L4:1, L7:1}",""
2977883369607,PHASE_B,148762,9753,MERGE_DONE,0,0,0,"","301","","3","","8","","512",65,423,423,"","",""
2977883369612,PHASE_B,148763,9753,MERGE_PUBLISH,0,3,32,"","301","","3","","8","","512",65,426,426,"{L2:2, L4:1, L7:1}","{L3:1, L4:1, L7:1}",""
2977883371241,PHASE_B,148966,9791,SEAL,0,4,32,"","302","","0","","1","","64",0,0,0,"{L3:1, L4:1, L7:1}","{L0:1, L3:1, L4:1, L7:1}",""
2977883373744,PHASE_B,149279,9853,SEAL,0,5,32,"","303","","0","","1","","64",0,0,0,"{L0:1, L3:1, L4:1, L7:1}","{L0:2, L3:1, L4:1, L7:1}",""
2977883373756,PHASE_B,149279,9853,MERGE_SUBMIT,0,5,32,"","","","","","","","",0,0,0,"{L0:2, L3:1, L4:1, L7:1}","{L0:2, L3:1, L4:1, L7:1}",""
2977883373863,PHASE_B,149288,9860,MERGE_START,0,5,32,"[302,303]","","[0,0]","","[1,1]","","[64,64]","",83,0,0,"{L0:2, L3:1, L4:1, L7:1}","{L0:2, L3:1, L4:1, L7:1}",""
2977883374191,PHASE_B,149353,9869,MERGE_DONE,0,0,0,"","304","","1","","2","","128",83,348,347,"","",""
2977883374210,PHASE_B,149353,9869,MERGE_PUBLISH,0,4,32,"","304","","1","","2","","128",83,363,361,"{L0:2, L3:1, L4:1, L7:1}","{L1:1, L3:1, L4:1, L7:1}",""
2977883376137,PHASE_B,149601,9918,SEAL,0,5,32,"","305","","0","","1","","64",0,0,0,"{L1:1, L3:1, L4:1, L7:1}","{L0:1, L1:1, L3:1, L4:1, L7:1}",""
2977883378474,PHASE_B,149926,9983,SEAL,0,6,32,"","306","","0","","1","","64",0,0,0,"{L0:1, L1:1, L3:1, L4:1, L7:1}","{L0:2, L1:1, L3:1, L4:1, L7:1}",""
2977883378487,PHASE_B,149926,9983,MERGE_SUBMIT,0,6,32,"","","","","","","","",0,0,0,"{L0:2, L1:1, L3:1, L4:1, L7:1}","{L0:2, L1:1, L3:1, L4:1, L7:1}",""
2977883378597,PHASE_B,149941,9988,MERGE_START,0,6,32,"[305,306]","","[0,0]","","[1,1]","","[64,64]","",85,0,0,"{L0:2, L1:1, L3:1, L4:1, L7:1}","{L0:2, L1:1, L3:1, L4:1, L7:1}",""
2977883378963,PHASE_B,150003,10000,MERGE_DONE,0,0,0,"","307","","1","","2","","128",85,386,386,"","",""
2977883378983,PHASE_B,150004,10000,MERGE_PUBLISH,0,5,32,"","307","","1","","2","","128",85,402,400,"{L0:2, L1:1, L3:1, L4:1, L7:1}","{L1:2, L3:1, L4:1, L7:1}",""
2977883379032,PHASE_B,150004,10000,MERGE_SUBMIT,16,5,32,"","","","","","","","",0,0,0,"{L1:2, L3:1, L4:1, L7:1}","{L1:2, L3:1, L4:1, L7:1}",""
2977883379113,PHASE_B,150013,10001,MERGE_START,0,5,32,"[304,307]","","[1,1]","","[2,2]","","[128,128]","",80,0,0,"{L1:2, L3:1, L4:1, L7:1}","{L1:2, L3:1, L4:1, L7:1}",""
2977883379624,PHASE_B,150086,10017,MERGE_DONE,0,0,0,"","308","","2","","4","","256",80,516,516,"","",""
2977883379638,PHASE_B,150087,10017,MERGE_PUBLISH,0,4,32,"","308","","2","","4","","256",80,525,525,"{L1:2, L3:1, L4:1, L7:1}","{L2:1, L3:1, L4:1, L7:1}",""
2977883380975,PHASE_B,150249,10047,SEAL,0,5,32,"","309","","0","","1","","64",0,0,0,"{L2:1, L3:1, L4:1, L7:1}","{L0:1, L2:1, L3:1, L4:1, L7:1}",""
2977883383215,PHASE_B,150550,10111,SEAL,0,6,32,"","310","","0","","1","","64",0,0,0,"{L0:1, L2:1, L3:1, L4:1, L7:1}","{L0:2, L2:1, L3:1, L4:1, L7:1}",""
2977883383228,PHASE_B,150550,10111,MERGE_SUBMIT,0,6,32,"","","","","","","","",0,0,0,"{L0:2, L2:1, L3:1, L4:1, L7:1}","{L0:2, L2:1, L3:1, L4:1, L7:1}",""
2977883383237,PHASE_B,150554,10112,MERGE_START,0,6,32,"[309,310]","","[0,0]","","[1,1]","","[64,64]","",7,0,0,"{L0:2, L2:1, L3:1, L4:1, L7:1}","{L0:2, L2:1, L3:1, L4:1, L7:1}",""
2977883383343,PHASE_B,150582,10116,MERGE_DONE,0,0,0,"","311","","1","","2","","128",7,109,109,"","",""
2977883383350,PHASE_B,150585,10116,MERGE_PUBLISH,0,5,32,"","311","","1","","2","","128",7,113,113,"{L0:2, L2:1, L3:1, L4:1, L7:1}","{L1:1, L2:1, L3:1, L4:1, L7:1}",""
2977883385511,PHASE_B,150880,10175,SEAL,0,6,32,"","312","","0","","1","","64",0,0,0,"{L1:1, L2:1, L3:1, L4:1, L7:1}","{L0:1, L1:1, L2:1, L3:1, L4:1, L7:1}",""
2977883387859,PHASE_B,151204,10238,SEAL,0,7,32,"","313","","0","","1","","64",0,0,0,"{L0:1, L1:1, L2:1, L3:1, L4:1, L7:1}","{L0:2, L1:1, L2:1, L3:1, L4:1, L7:1}",""
2977883387872,PHASE_B,151204,10238,MERGE_SUBMIT,0,7,32,"","","","","","","","",0,0,0,"{L0:2, L1:1, L2:1, L3:1, L4:1, L7:1}","{L0:2, L1:1, L2:1, L3:1, L4:1, L7:1}",""
2977883387977,PHASE_B,151210,10241,MERGE_START,0,7,32,"[312,313]","","[0,0]","","[1,1]","","[64,64]","",81,0,0,"{L0:2, L1:1, L2:1, L3:1, L4:1, L7:1}","{L0:2, L1:1, L2:1, L3:1, L4:1, L7:1}",""
2977883388300,PHASE_B,151267,10252,MERGE_DONE,0,0,0,"","314","","1","","2","","128",81,344,343,"","",""
2977883388329,PHASE_B,151276,10254,MERGE_PUBLISH,0,6,32,"","314","","1","","2","","128",81,362,361,"{L0:2, L1:1, L2:1, L3:1, L4:1, L7:1}","{L1:2, L2:1, L3:1, L4:1, L7:1}",""
2977883388348,PHASE_B,151282,10255,MERGE_SUBMIT,14,6,32,"","","","","","","","",0,0,0,"{L1:2, L2:1, L3:1, L4:1, L7:1}","{L1:2, L2:1, L3:1, L4:1, L7:1}",""
2977883388461,PHASE_B,151293,10257,MERGE_START,0,6,32,"[311,314]","","[1,1]","","[2,2]","","[128,128]","",96,0,0,"{L1:2, L2:1, L3:1, L4:1, L7:1}","{L1:2, L2:1, L3:1, L4:1, L7:1}",""
2977883389064,PHASE_B,151378,10274,MERGE_DONE,0,0,0,"","315","","2","","4","","256",96,622,622,"","",""
2977883389085,PHASE_B,151379,10274,MERGE_PUBLISH,0,5,32,"","315","","2","","4","","256",96,638,636,"{L1:2, L2:1, L3:1, L4:1, L7:1}","{L2:2, L3:1, L4:1, L7:1}",""
2977883389104,PHASE_B,151379,10274,MERGE_SUBMIT,34,5,32,"","","","","","","","",0,0,0,"{L2:2, L3:1, L4:1, L7:1}","{L2:2, L3:1, L4:1, L7:1}",""
2977883389206,PHASE_B,151400,10277,MERGE_START,0,5,32,"[308,315]","","[2,2]","","[4,4]","","[256,256]","",84,0,0,"{L2:2, L3:1, L4:1, L7:1}","{L2:2, L3:1, L4:1, L7:1}",""
2977883390294,PHASE_B,151513,10301,MERGE_DONE,0,0,0,"","316","","3","","8","","512",84,1107,1107,"","",""
2977883390314,PHASE_B,151513,10301,MERGE_PUBLISH,0,4,32,"","316","","3","","8","","512",84,1123,1121,"{L2:2, L3:1, L4:1, L7:1}","{L3:2, L4:1, L7:1}",""
2977883390333,PHASE_B,151513,10301,MERGE_SUBMIT,63,4,32,"","","","","","","","",0,0,0,"{L3:2, L4:1, L7:1}","{L3:2, L4:1, L7:1}",""
2977883390355,PHASE_B,151513,10301,MERGE_START,0,4,32,"[301,316]","","[3,3]","","[8,8]","","[512,512]","",11,0,0,"{L3:2, L4:1, L7:1}","{L3:2, L4:1, L7:1}",""
2977883390383,PHASE_B,151513,10301,SEAL,0,5,32,"","317","","0","","1","","64",0,0,0,"{L3:2, L4:1, L7:1}","{L0:1, L3:2, L4:1, L7:1}",""
2977883391230,PHASE_B,151649,10329,MERGE_DONE,0,0,0,"","318","","4","","16","","1024",11,891,880,"","",""
2977883391236,PHASE_B,151650,10329,MERGE_PUBLISH,0,4,32,"","318","","4","","16","","1024",11,896,885,"{L0:1, L3:2, L4:1, L7:1}","{L0:1, L4:2, L7:1}",""
2977883391243,PHASE_B,151650,10329,MERGE_SUBMIT,25,4,32,"","","","","","","","",0,0,0,"{L0:1, L4:2, L7:1}","{L0:1, L4:2, L7:1}",""
2977883391286,PHASE_B,151650,10329,MERGE_START,0,4,32,"[289,318]","","[4,4]","","[16,16]","","[1024,1024]","",23,0,0,"{L0:1, L4:2, L7:1}","{L0:1, L4:2, L7:1}",""
2977883392875,PHASE_B,151838,10367,SEAL,0,5,32,"","320","","0","","1","","64",0,0,0,"{L0:1, L4:2, L7:1}","{L0:2, L4:2, L7:1}",""
2977883395323,PHASE_B,152166,10431,SEAL,0,6,32,"","321","","0","","1","","64",0,0,0,"{L0:2, L4:2, L7:1}","{L0:3, L4:2, L7:1}",""
2977883396114,PHASE_B,152284,10456,MERGE_DONE,0,0,0,"","319","","5","","32","","2048",23,4844,4844,"","",""
2977883396140,PHASE_B,152293,10458,MERGE_PUBLISH,0,5,32,"","319","","5","","32","","2048",23,4866,4865,"{L0:3, L4:2, L7:1}","{L0:3, L5:1, L7:1}",""
2977883396156,PHASE_B,152295,10458,MERGE_SUBMIT,26,5,32,"","","","","","","","",0,0,0,"{L0:3, L5:1, L7:1}","{L0:3, L5:1, L7:1}",""
2977883396265,PHASE_B,152304,10460,MERGE_START,0,5,32,"[317,320]","","[0,0]","","[1,1]","","[64,64]","",94,0,0,"{L0:3, L5:1, L7:1}","{L0:3, L5:1, L7:1}",""
2977883396568,PHASE_B,152348,10469,MERGE_DONE,0,0,0,"","322","","1","","2","","128",94,322,322,"","",""
2977883396611,PHASE_B,152356,10470,MERGE_PUBLISH,0,4,32,"","322","","1","","2","","128",94,360,348,"{L0:3, L5:1, L7:1}","{L0:1, L1:1, L5:1, L7:1}",""
2977883397770,PHASE_B,152479,10495,SEAL,0,5,32,"","323","","0","","1","","64",0,0,0,"{L0:1, L1:1, L5:1, L7:1}","{L0:2, L1:1, L5:1, L7:1}",""
2977883397782,PHASE_B,152479,10495,MERGE_SUBMIT,0,5,32,"","","","","","","","",0,0,0,"{L0:2, L1:1, L5:1, L7:1}","{L0:2, L1:1, L5:1, L7:1}",""
2977883397901,PHASE_B,152507,10500,MERGE_START,0,5,32,"[321,323]","","[0,0]","","[1,1]","","[64,64]","",95,0,0,"{L0:2, L1:1, L5:1, L7:1}","{L0:2, L1:1, L5:1, L7:1}",""
2977883398337,PHASE_B,152574,10513,MERGE_DONE,0,0,0,"","324","","1","","2","","128",95,455,455,"","",""
2977883398364,PHASE_B,152576,10513,MERGE_PUBLISH,0,4,32,"","324","","1","","2","","128",95,471,470,"{L0:2, L1:1, L5:1, L7:1}","{L1:2, L5:1, L7:1}",""
2977883398383,PHASE_B,152576,10513,MERGE_SUBMIT,17,4,32,"","","","","","","","",0,0,0,"{L1:2, L5:1, L7:1}","{L1:2, L5:1, L7:1}",""
2977883398392,PHASE_B,152576,10513,MERGE_START,0,4,32,"[322,324]","","[1,1]","","[2,2]","","[128,128]","",11,0,0,"{L1:2, L5:1, L7:1}","{L1:2, L5:1, L7:1}",""
2977883398592,PHASE_B,152611,10520,MERGE_DONE,0,0,0,"","325","","2","","4","","256",11,203,203,"","",""
2977883398598,PHASE_B,152612,10520,MERGE_PUBLISH,0,3,32,"","325","","2","","4","","256",11,208,208,"{L1:2, L5:1, L7:1}","{L2:1, L5:1, L7:1}",""
2977883400150,PHASE_B,152800,10558,SEAL,0,4,32,"","326","","0","","1","","64",0,0,0,"{L2:1, L5:1, L7:1}","{L0:1, L2:1, L5:1, L7:1}",""
2977883402454,PHASE_B,153119,10623,SEAL,0,5,32,"","327","","0","","1","","64",0,0,0,"{L0:1, L2:1, L5:1, L7:1}","{L0:2, L2:1, L5:1, L7:1}",""
2977883402465,PHASE_B,153119,10623,MERGE_SUBMIT,0,5,32,"","","","","","","","",0,0,0,"{L0:2, L2:1, L5:1, L7:1}","{L0:2, L2:1, L5:1, L7:1}",""
2977883402578,PHASE_B,153139,10625,MERGE_START,0,5,32,"[326,327]","","[0,0]","","[1,1]","","[64,64]","",90,0,0,"{L0:2, L2:1, L5:1, L7:1}","{L0:2, L2:1, L5:1, L7:1}",""
2977883402874,PHASE_B,153188,10636,MERGE_DONE,0,0,0,"","328","","1","","2","","128",90,315,315,"","",""
2977883402892,PHASE_B,153188,10636,MERGE_PUBLISH,0,4,32,"","328","","1","","2","","128",90,329,327,"{L0:2, L2:1, L5:1, L7:1}","{L1:1, L2:1, L5:1, L7:1}",""
2977883404886,PHASE_B,153447,10687,SEAL,0,5,32,"","329","","0","","1","","64",0,0,0,"{L1:1, L2:1, L5:1, L7:1}","{L0:1, L1:1, L2:1, L5:1, L7:1}",""
2977883407245,PHASE_B,153752,10750,SEAL,0,6,32,"","330","","0","","1","","64",0,0,0,"{L0:1, L1:1, L2:1, L5:1, L7:1}","{L0:2, L1:1, L2:1, L5:1, L7:1}",""
2977883407257,PHASE_B,153752,10750,MERGE_SUBMIT,0,6,32,"","","","","","","","",0,0,0,"{L0:2, L1:1, L2:1, L5:1, L7:1}","{L0:2, L1:1, L2:1, L5:1, L7:1}",""
2977883407363,PHASE_B,153777,10754,MERGE_START,0,6,32,"[329,330]","","[0,0]","","[1,1]","","[64,64]","",82,0,0,"{L0:2, L1:1, L2:1, L5:1, L7:1}","{L0:2, L1:1, L2:1, L5:1, L7:1}",""
2977883407626,PHASE_B,153822,10763,MERGE_DONE,0,0,0,"","331","","1","","2","","128",82,283,282,"","",""
2977883407665,PHASE_B,153828,10764,MERGE_PUBLISH,0,5,32,"","331","","1","","2","","128",82,316,315,"{L0:2, L1:1, L2:1, L5:1, L7:1}","{L1:2, L2:1, L5:1, L7:1}",""
2977883407683,PHASE_B,153828,10764,MERGE_SUBMIT,12,5,32,"","","","","","","","",0,0,0,"{L1:2, L2:1, L5:1, L7:1}","{L1:2, L2:1, L5:1, L7:1}",""
2977883407747,PHASE_B,153837,10767,MERGE_START,0,5,32,"[328,331]","","[1,1]","","[2,2]","","[128,128]","",66,0,0,"{L1:2, L2:1, L5:1, L7:1}","{L1:2, L2:1, L5:1, L7:1}",""
2977883408398,PHASE_B,153925,10783,MERGE_DONE,0,0,0,"","332","","2","","4","","256",66,656,656,"","",""
2977883408439,PHASE_B,153935,10786,MERGE_PUBLISH,0,4,32,"","332","","2","","4","","256",66,691,680,"{L1:2, L2:1, L5:1, L7:1}","{L2:2, L5:1, L7:1}",""
2977883408451,PHASE_B,153937,10786,MERGE_SUBMIT,34,4,32,"","","","","","","","",0,0,0,"{L2:2, L5:1, L7:1}","{L2:2, L5:1, L7:1}",""
2977883408460,PHASE_B,153937,10786,MERGE_START,0,4,32,"[325,332]","","[2,2]","","[4,4]","","[256,256]","",10,0,0,"{L2:2, L5:1, L7:1}","{L2:2, L5:1, L7:1}",""
2977883408878,PHASE_B,153992,10796,MERGE_DONE,0,0,0,"","333","","3","","8","","512",10,421,421,"","",""
2977883408885,PHASE_B,153996,10798,MERGE_PUBLISH,0,3,32,"","333","","3","","8","","512",10,426,426,"{L2:2, L5:1, L7:1}","{L3:1, L5:1, L7:1}",""
2977883409651,PHASE_B,154077,10815,SEAL,0,4,32,"","334","","0","","1","","64",0,0,0,"{L3:1, L5:1, L7:1}","{L0:1, L3:1, L5:1, L7:1}",""
2977883411963,PHASE_B,154393,10878,SEAL,0,5,32,"","335","","0","","1","","64",0,0,0,"{L0:1, L3:1, L5:1, L7:1}","{L0:2, L3:1, L5:1, L7:1}",""
2977883411976,PHASE_B,154393,10878,MERGE_SUBMIT,0,5,32,"","","","","","","","",0,0,0,"{L0:2, L3:1, L5:1, L7:1}","{L0:2, L3:1, L5:1, L7:1}",""
2977883412044,PHASE_B,154416,10881,MERGE_START,0,5,32,"[334,335]","","[0,0]","","[1,1]","","[64,64]","",46,0,0,"{L0:2, L3:1, L5:1, L7:1}","{L0:2, L3:1, L5:1, L7:1}",""
2977883412334,PHASE_B,154451,10888,MERGE_DONE,0,0,0,"","336","","1","","2","","128",46,310,309,"","",""
2977883412371,PHASE_B,154462,10891,MERGE_PUBLISH,0,4,32,"","336","","1","","2","","128",46,341,333,"{L0:2, L3:1, L5:1, L7:1}","{L1:1, L3:1, L5:1, L7:1}",""
2977883414397,PHASE_B,154714,10942,SEAL,0,5,32,"","337","","0","","1","","64",0,0,0,"{L1:1, L3:1, L5:1, L7:1}","{L0:1, L1:1, L3:1, L5:1, L7:1}",""
2977883416795,PHASE_B,155037,11007,SEAL,0,6,32,"","338","","0","","1","","64",0,0,0,"{L0:1, L1:1, L3:1, L5:1, L7:1}","{L0:2, L1:1, L3:1, L5:1, L7:1}",""
2977883416812,PHASE_B,155037,11007,MERGE_SUBMIT,0,6,32,"","","","","","","","",0,0,0,"{L0:2, L1:1, L3:1, L5:1, L7:1}","{L0:2, L1:1, L3:1, L5:1, L7:1}",""
2977883416920,PHASE_B,155062,11011,MERGE_START,0,6,32,"[337,338]","","[0,0]","","[1,1]","","[64,64]","",85,0,0,"{L0:2, L1:1, L3:1, L5:1, L7:1}","{L0:2, L1:1, L3:1, L5:1, L7:1}",""
2977883417248,PHASE_B,155103,11019,MERGE_DONE,0,0,0,"","339","","1","","2","","128",85,347,346,"","",""
2977883417268,PHASE_B,155103,11019,MERGE_PUBLISH,0,5,32,"","339","","1","","2","","128",85,362,360,"{L0:2, L1:1, L3:1, L5:1, L7:1}","{L1:2, L3:1, L5:1, L7:1}",""
2977883417286,PHASE_B,155107,11022,MERGE_SUBMIT,13,5,32,"","","","","","","","",0,0,0,"{L1:2, L3:1, L5:1, L7:1}","{L1:2, L3:1, L5:1, L7:1}",""
2977883417364,PHASE_B,155119,11022,MERGE_START,0,5,32,"[336,339]","","[1,1]","","[2,2]","","[128,128]","",77,0,0,"{L1:2, L3:1, L5:1, L7:1}","{L1:2, L3:1, L5:1, L7:1}",""
2977883417866,PHASE_B,155188,11037,MERGE_DONE,0,0,0,"","340","","2","","4","","256",77,507,507,"","",""
2977883417880,PHASE_B,155190,11037,MERGE_PUBLISH,0,4,32,"","340","","2","","4","","256",77,516,516,"{L1:2, L3:1, L5:1, L7:1}","{L2:1, L3:1, L5:1, L7:1}",""
2977883419355,PHASE_B,155360,11071,SEAL,0,5,32,"","341","","0","","1","","64",0,0,0,"{L2:1, L3:1, L5:1, L7:1}","{L0:1, L2:1, L3:1, L5:1, L7:1}",""
2977883421616,PHASE_B,155682,11134,SEAL,0,6,32,"","342","","0","","1","","64",0,0,0,"{L0:1, L2:1, L3:1, L5:1, L7:1}","{L0:2, L2:1, L3:1, L5:1, L7:1}",""
2977883421628,PHASE_B,155682,11134,MERGE_SUBMIT,0,6,32,"","","","","","","","",0,0,0,"{L0:2, L2:1, L3:1, L5:1, L7:1}","{L0:2, L2:1, L3:1, L5:1, L7:1}",""
2977883421638,PHASE_B,155682,11134,MERGE_START,0,6,32,"[341,342]","","[0,0]","","[1,1]","","[64,64]","",7,0,0,"{L0:2, L2:1, L3:1, L5:1, L7:1}","{L0:2, L2:1, L3:1, L5:1, L7:1}",""
2977883421749,PHASE_B,155699,11140,MERGE_DONE,0,0,0,"","343","","1","","2","","128",7,114,114,"","",""
2977883421755,PHASE_B,155701,11140,MERGE_PUBLISH,0,5,32,"","343","","1","","2","","128",7,118,118,"{L0:2, L2:1, L3:1, L5:1, L7:1}","{L1:1, L2:1, L3:1, L5:1, L7:1}",""
2977883424060,PHASE_B,155992,11198,SEAL,0,6,32,"","344","","0","","1","","64",0,0,0,"{L1:1, L2:1, L3:1, L5:1, L7:1}","{L0:1, L1:1, L2:1, L3:1, L5:1, L7:1}",""
2977883426416,PHASE_B,156313,11263,SEAL,0,7,32,"","345","","0","","1","","64",0,0,0,"{L0:1, L1:1, L2:1, L3:1, L5:1, L7:1}","{L0:2, L1:1, L2:1, L3:1, L5:1, L7:1}",""
2977883426428,PHASE_B,156313,11263,MERGE_SUBMIT,0,7,32,"","","","","","","","",0,0,0,"{L0:2, L1:1, L2:1, L3:1, L5:1, L7:1}","{L0:2, L1:1, L2:1, L3:1, L5:1, L7:1}",""
2977883426546,PHASE_B,156338,11266,MERGE_START,0,7,32,"[344,345]","","[0,0]","","[1,1]","","[64,64]","",93,0,0,"{L0:2, L1:1, L2:1, L3:1, L5:1, L7:1}","{L0:2, L1:1, L2:1, L3:1, L5:1, L7:1}",""
2977883426856,PHASE_B,156393,11277,MERGE_DONE,0,0,0,"","346","","1","","2","","128",93,330,329,"","",""
2977883426878,PHASE_B,156395,11277,MERGE_PUBLISH,0,6,32,"","346","","1","","2","","128",93,345,344,"{L0:2, L1:1, L2:1, L3:1, L5:1, L7:1}","{L1:2, L2:1, L3:1, L5:1, L7:1}",""
2977883426898,PHASE_B,156395,11277,MERGE_SUBMIT,13,6,32,"","","","","","","","",0,0,0,"{L1:2, L2:1, L3:1, L5:1, L7:1}","{L1:2, L2:1, L3:1, L5:1, L7:1}",""
2977883427013,PHASE_B,156395,11277,MERGE_START,0,6,32,"[343,346]","","[1,1]","","[2,2]","","[128,128]","",85,0,0,"{L1:2, L2:1, L3:1, L5:1, L7:1}","{L1:2, L2:1, L3:1, L5:1, L7:1}",""
2977883427588,PHASE_B,156489,11297,MERGE_DONE,0,0,0,"","347","","2","","4","","256",85,607,606,"","",""
2977883427609,PHASE_B,156496,11297,MERGE_PUBLISH,0,5,32,"","347","","2","","4","","256",85,622,621,"{L1:2, L2:1, L3:1, L5:1, L7:1}","{L2:2, L3:1, L5:1, L7:1}",""
2977883427628,PHASE_B,156496,11297,MERGE_SUBMIT,33,5,32,"","","","","","","","",0,0,0,"{L2:2, L3:1, L5:1, L7:1}","{L2:2, L3:1, L5:1, L7:1}",""
2977883427729,PHASE_B,156501,11299,MERGE_START,0,5,32,"[340,347]","","[2,2]","","[4,4]","","[256,256]","",85,0,0,"{L2:2, L3:1, L5:1, L7:1}","{L2:2, L3:1, L5:1, L7:1}",""
2977883428836,PHASE_B,156635,11327,MERGE_DONE,0,0,0,"","348","","3","","8","","512",85,1126,1125,"","",""
2977883428856,PHASE_B,156635,11327,MERGE_PUBLISH,0,4,32,"","348","","3","","8","","512",85,1140,1139,"{L2:2, L3:1, L5:1, L7:1}","{L3:2, L5:1, L7:1}",""
2977883428876,PHASE_B,156635,11327,MERGE_SUBMIT,63,4,32,"","","","","","","","",0,0,0,"{L3:2, L5:1, L7:1}","{L3:2, L5:1, L7:1}",""
2977883428883,PHASE_B,156635,11327,MERGE_START,0,4,32,"[333,348]","","[3,3]","","[8,8]","","[512,512]","",12,0,0,"{L3:2, L5:1, L7:1}","{L3:2, L5:1, L7:1}",""
2977883428952,PHASE_B,156635,11327,SEAL,0,5,32,"","349","","0","","1","","64",0,0,0,"{L3:2, L5:1, L7:1}","{L0:1, L3:2, L5:1, L7:1}",""
2977883429689,PHASE_B,156748,11351,MERGE_DONE,0,0,0,"","350","","4","","16","","1024",12,807,807,"","",""
2977883429695,PHASE_B,156753,11351,MERGE_PUBLISH,0,4,32,"","350","","4","","16","","1024",12,812,812,"{L0:1, L3:2, L5:1, L7:1}","{L0:1, L4:1, L5:1, L7:1}",""
2977883431280,PHASE_B,156963,11391,SEAL,0,5,32,"","351","","0","","1","","64",0,0,0,"{L0:1, L4:1, L5:1, L7:1}","{L0:2, L4:1, L5:1, L7:1}",""
2977883431292,PHASE_B,156963,11391,MERGE_SUBMIT,0,5,32,"","","","","","","","",0,0,0,"{L0:2, L4:1, L5:1, L7:1}","{L0:2, L4:1, L5:1, L7:1}",""
2977883431397,PHASE_B,156978,11395,MERGE_START,0,5,32,"[349,351]","","[0,0]","","[1,1]","","[64,64]","",83,0,0,"{L0:2, L4:1, L5:1, L7:1}","{L0:2, L4:1, L5:1, L7:1}",""
2977883431690,PHASE_B,157024,11405,MERGE_DONE,0,0,0,"","352","","1","","2","","128",83,311,311,"","",""
2977883431708,PHASE_B,157024,11405,MERGE_PUBLISH,0,4,32,"","352","","1","","2","","128",83,326,324,"{L0:2, L4:1, L5:1, L7:1}","{L1:1, L4:1, L5:1, L7:1}",""
2977883433597,PHASE_B,157282,11455,SEAL,0,5,32,"","353","","0","","1","","64",0,0,0,"{L1:1, L4:1, L5:1, L7:1}","{L0:1, L1:1, L4:1, L5:1, L7:1}",""
2977883435975,PHASE_B,157596,11518,SEAL,0,6,32,"","354","","0","","1","","64",0,0,0,"{L0:1, L1:1, L4:1, L5:1, L7:1}","{L0:2, L1:1, L4:1, L5:1, L7:1}",""
2977883435986,PHASE_B,157596,11518,MERGE_SUBMIT,0,6,32,"","","","","","","","",0,0,0,"{L0:2, L1:1, L4:1, L5:1, L7:1}","{L0:2, L1:1, L4:1, L5:1, L7:1}",""
2977883436098,PHASE_B,157617,11524,MERGE_START,0,6,32,"[353,354]","","[0,0]","","[1,1]","","[64,64]","",88,0,0,"{L0:2, L1:1, L4:1, L5:1, L7:1}","{L0:2, L1:1, L4:1, L5:1, L7:1}",""
2977883436400,PHASE_B,157671,11534,MERGE_DONE,0,0,0,"","355","","1","","2","","128",88,322,322,"","",""
2977883436437,PHASE_B,157672,11534,MERGE_PUBLISH,0,5,32,"","355","","1","","2","","128",88,353,352,"{L0:2, L1:1, L4:1, L5:1, L7:1}","{L1:2, L4:1, L5:1, L7:1}",""
2977883436456,PHASE_B,157672,11534,MERGE_SUBMIT,14,5,32,"","","","","","","","",0,0,0,"{L1:2, L4:1, L5:1, L7:1}","{L1:2, L4:1, L5:1, L7:1}",""
2977883436537,PHASE_B,157682,11535,MERGE_START,0,5,32,"[352,355]","","[1,1]","","[2,2]","","[128,128]","",79,0,0,"{L1:2, L4:1, L5:1, L7:1}","{L1:2, L4:1, L5:1, L7:1}",""
2977883437069,PHASE_B,157761,11550,MERGE_DONE,0,0,0,"","356","","2","","4","","256",79,537,538,"","",""
2977883437111,PHASE_B,157767,11552,MERGE_PUBLISH,0,4,32,"","356","","2","","4","","256",79,575,561,"{L1:2, L4:1, L5:1, L7:1}","{L2:1, L4:1, L5:1, L7:1}",""
2977883438509,PHASE_B,157913,11582,SEAL,0,5,32,"","357","","0","","1","","64",0,0,0,"{L2:1, L4:1, L5:1, L7:1}","{L0:1, L2:1, L4:1, L5:1, L7:1}",""
2977883440971,PHASE_B,158240,11647,SEAL,0,6,32,"","358","","0","","1","","64",0,0,0,"{L0:1, L2:1, L4:1, L5:1, L7:1}","{L0:2, L2:1, L4:1, L5:1, L7:1}",""
2977883440985,PHASE_B,158240,11647,MERGE_SUBMIT,0,6,32,"","","","","","","","",0,0,0,"{L0:2, L2:1, L4:1, L5:1, L7:1}","{L0:2, L2:1, L4:1, L5:1, L7:1}",""
2977883440996,PHASE_B,158240,11647,MERGE_START,0,6,32,"[357,358]","","[0,0]","","[1,1]","","[64,64]","",7,0,0,"{L0:2, L2:1, L4:1, L5:1, L7:1}","{L0:2, L2:1, L4:1, L5:1, L7:1}",""
2977883441135,PHASE_B,158260,11651,MERGE_DONE,0,0,0,"","359","","1","","2","","128",7,142,143,"","",""
2977883441142,PHASE_B,158260,11651,MERGE_PUBLISH,0,5,32,"","359","","1","","2","","128",7,147,147,"{L0:2, L2:1, L4:1, L5:1, L7:1}","{L1:1, L2:1, L4:1, L5:1, L7:1}",""
2977883443448,PHASE_B,158561,11711,SEAL,0,6,32,"","360","","0","","1","","64",0,0,0,"{L1:1, L2:1, L4:1, L5:1, L7:1}","{L0:1, L1:1, L2:1, L4:1, L5:1, L7:1}",""
2977883445874,PHASE_B,158865,11772,SEAL,0,7,32,"","361","","0","","1","","64",0,0,0,"{L0:1, L1:1, L2:1, L4:1, L5:1, L7:1}","{L0:2, L1:1, L2:1, L4:1, L5:1, L7:1}",""
2977883445888,PHASE_B,158865,11772,MERGE_SUBMIT,0,7,32,"","","","","","","","",0,0,0,"{L0:2, L1:1, L2:1, L4:1, L5:1, L7:1}","{L0:2, L1:1, L2:1, L4:1, L5:1, L7:1}",""
2977883445942,PHASE_B,158894,11776,MERGE_START,0,7,32,"[360,361]","","[0,0]","","[1,1]","","[64,64]","",31,0,0,"{L0:2, L1:1, L2:1, L4:1, L5:1, L7:1}","{L0:2, L1:1, L2:1, L4:1, L5:1, L7:1}",""
2977883446259,PHASE_B,158938,11785,MERGE_DONE,0,0,0,"","362","","1","","2","","128",31,337,336,"","",""
2977883446284,PHASE_B,158938,11785,MERGE_PUBLISH,0,6,32,"","362","","1","","2","","128",31,354,353,"{L0:2, L1:1, L2:1, L4:1, L5:1, L7:1}","{L1:2, L2:1, L4:1, L5:1, L7:1}",""
2977883446318,PHASE_B,158938,11785,MERGE_SUBMIT,11,6,32,"","","","","","","","",0,0,0,"{L1:2, L2:1, L4:1, L5:1, L7:1}","{L1:2, L2:1, L4:1, L5:1, L7:1}",""
2977883446384,PHASE_B,158947,11788,MERGE_START,0,6,32,"[359,362]","","[1,1]","","[2,2]","","[128,128]","",64,0,0,"{L1:2, L2:1, L4:1, L5:1, L7:1}","{L1:2, L2:1, L4:1, L5:1, L7:1}",""
2977883446918,PHASE_B,159025,11805,MERGE_DONE,0,0,0,"","363","","2","","4","","256",64,538,539,"","",""
2977883446943,PHASE_B,159026,11805,MERGE_PUBLISH,0,5,32,"","363","","2","","4","","256",64,553,553,"{L1:2, L2:1, L4:1, L5:1, L7:1}","{L2:2, L4:1, L5:1, L7:1}",""
2977883446960,PHASE_B,159026,11805,MERGE_SUBMIT,29,5,32,"","","","","","","","",0,0,0,"{L2:2, L4:1, L5:1, L7:1}","{L2:2, L4:1, L5:1, L7:1}",""
2977883447071,PHASE_B,159039,11807,MERGE_START,0,5,32,"[356,363]","","[2,2]","","[4,4]","","[256,256]","",94,0,0,"{L2:2, L4:1, L5:1, L7:1}","{L2:2, L4:1, L5:1, L7:1}",""
2977883448428,PHASE_B,159199,11838,MERGE_DONE,0,0,0,"","364","","3","","8","","512",94,1376,1375,"","",""
2977883448454,PHASE_B,159199,11838,SEAL,0,6,32,"","365","","0","","1","","64",0,0,0,"{L2:2, L4:1, L5:1, L7:1}","{L0:1, L2:2, L4:1, L5:1, L7:1}",""
2977883448507,PHASE_B,159211,11840,MERGE_PUBLISH,0,5,32,"","364","","3","","8","","512",94,1446,1408,"{L0:1, L2:2, L4:1, L5:1, L7:1}","{L0:1, L3:1, L4:1, L5:1, L7:1}",""
2977883450961,PHASE_B,159509,11901,SEAL,0,6,32,"","366","","0","","1","","64",0,0,0,"{L0:1, L3:1, L4:1, L5:1, L7:1}","{L0:2, L3:1, L4:1, L5:1, L7:1}",""
2977883450973,PHASE_B,159509,11901,MERGE_SUBMIT,0,6,32,"","","","","","","","",0,0,0,"{L0:2, L3:1, L4:1, L5:1, L7:1}","{L0:2, L3:1, L4:1, L5:1, L7:1}",""
2977883450985,PHASE_B,159513,11904,MERGE_START,0,6,32,"[365,366]","","[0,0]","","[1,1]","","[64,64]","",9,0,0,"{L0:2, L3:1, L4:1, L5:1, L7:1}","{L0:2, L3:1, L4:1, L5:1, L7:1}",""
2977883451112,PHASE_B,159544,11907,MERGE_DONE,0,0,0,"","367","","1","","2","","128",9,130,130,"","",""
2977883451120,PHASE_B,159545,11907,MERGE_PUBLISH,0,5,32,"","367","","1","","2","","128",9,135,135,"{L0:2, L3:1, L4:1, L5:1, L7:1}","{L1:1, L3:1, L4:1, L5:1, L7:1}",""
2977883453489,PHASE_B,159834,11965,SEAL,0,6,32,"","368","","0","","1","","64",0,0,0,"{L1:1, L3:1, L4:1, L5:1, L7:1}","{L0:1, L1:1, L3:1, L4:1, L5:1, L7:1}",""
2977883456019,PHASE_B,160167,12031,SEAL,0,7,32,"","369","","0","","1","","64",0,0,0,"{L0:1, L1:1, L3:1, L4:1, L5:1, L7:1}","{L0:2, L1:1, L3:1, L4:1, L5:1, L7:1}",""
2977883456034,PHASE_B,160167,12031,MERGE_SUBMIT,0,7,32,"","","","","","","","",0,0,0,"{L0:2, L1:1, L3:1, L4:1, L5:1, L7:1}","{L0:2, L1:1, L3:1, L4:1, L5:1, L7:1}",""
2977883456147,PHASE_B,160173,12032,MERGE_START,0,7,32,"[368,369]","","[0,0]","","[1,1]","","[64,64]","",90,0,0,"{L0:2, L1:1, L3:1, L4:1, L5:1, L7:1}","{L0:2, L1:1, L3:1, L4:1, L5:1, L7:1}",""
2977883456547,PHASE_B,160238,12045,MERGE_DONE,0,0,0,"","370","","1","","2","","128",90,420,420,"","",""
2977883456570,PHASE_B,160238,12045,MERGE_PUBLISH,0,6,32,"","370","","1","","2","","128",90,435,434,"{L0:2, L1:1, L3:1, L4:1, L5:1, L7:1}","{L1:2, L3:1, L4:1, L5:1, L7:1}",""
2977883456590,PHASE_B,160238,12045,MERGE_SUBMIT,14,6,32,"","","","","","","","",0,0,0,"{L1:2, L3:1, L4:1, L5:1, L7:1}","{L1:2, L3:1, L4:1, L5:1, L7:1}",""
2977883456642,PHASE_B,160243,12048,MERGE_START,0,6,32,"[367,370]","","[1,1]","","[2,2]","","[128,128]","",32,0,0,"{L1:2, L3:1, L4:1, L5:1, L7:1}","{L1:2, L3:1, L4:1, L5:1, L7:1}",""
2977883457245,PHASE_B,160325,12063,MERGE_DONE,0,0,0,"","371","","2","","4","","256",32,625,624,"","",""
2977883457283,PHASE_B,160328,12064,MERGE_PUBLISH,0,5,32,"","371","","2","","4","","256",32,658,650,"{L1:2, L3:1, L4:1, L5:1, L7:1}","{L2:1, L3:1, L4:1, L5:1, L7:1}",""
2977883458665,PHASE_B,160482,12095,SEAL,0,6,32,"","372","","0","","1","","64",0,0,0,"{L2:1, L3:1, L4:1, L5:1, L7:1}","{L0:1, L2:1, L3:1, L4:1, L5:1, L7:1}",""
2977883461107,PHASE_B,160789,12155,SEAL,0,7,32,"","373","","0","","1","","64",0,0,0,"{L0:1, L2:1, L3:1, L4:1, L5:1, L7:1}","{L0:2, L2:1, L3:1, L4:1, L5:1, L7:1}",""
2977883461125,PHASE_B,160789,12155,MERGE_SUBMIT,0,7,32,"","","","","","","","",0,0,0,"{L0:2, L2:1, L3:1, L4:1, L5:1, L7:1}","{L0:2, L2:1, L3:1, L4:1, L5:1, L7:1}",""
2977883461230,PHASE_B,160821,12163,MERGE_START,0,7,32,"[372,373]","","[0,0]","","[1,1]","","[64,64]","",81,0,0,"{L0:2, L2:1, L3:1, L4:1, L5:1, L7:1}","{L0:2, L2:1, L3:1, L4:1, L5:1, L7:1}",""
2977883461534,PHASE_B,160861,12170,MERGE_DONE,0,0,0,"","374","","1","","2","","128",81,324,324,"","",""
2977883461558,PHASE_B,160861,12170,MERGE_PUBLISH,0,6,32,"","374","","1","","2","","128",81,342,341,"{L0:2, L2:1, L3:1, L4:1, L5:1, L7:1}","{L1:1, L2:1, L3:1, L4:1, L5:1, L7:1}",""
2977883463707,PHASE_B,161124,12223,SEAL,0,7,32,"","375","","0","","1","","64",0,0,0,"{L1:1, L2:1, L3:1, L4:1, L5:1, L7:1}","{L0:1, L1:1, L2:1, L3:1, L4:1, L5:1, L7:1}",""
2977883466215,PHASE_B,161433,12286,SEAL,0,8,32,"","376","","0","","1","","64",0,0,0,"{L0:1, L1:1, L2:1, L3:1, L4:1, L5:1, L7:1}","{L0:2, L1:1, L2:1, L3:1, L4:1, L5:1, L7:1}",""
2977883466229,PHASE_B,161433,12286,MERGE_SUBMIT,0,8,32,"","","","","","","","",0,0,0,"{L0:2, L1:1, L2:1, L3:1, L4:1, L5:1, L7:1}","{L0:2, L1:1, L2:1, L3:1, L4:1, L5:1, L7:1}",""
2977883466242,PHASE_B,161438,12288,MERGE_START,0,8,32,"[375,376]","","[0,0]","","[1,1]","","[64,64]","",10,0,0,"{L0:2, L1:1, L2:1, L3:1, L4:1, L5:1, L7:1}","{L0:2, L1:1, L2:1, L3:1, L4:1, L5:1, L7:1}",""
2977883466374,PHASE_B,161470,12292,MERGE_DONE,0,0,0,"","377","","1","","2","","128",10,137,137,"","",""
2977883466382,PHASE_B,161472,12292,MERGE_PUBLISH,0,7,32,"","377","","1","","2","","128",10,142,142,"{L0:2, L1:1, L2:1, L3:1, L4:1, L5:1, L7:1}","{L1:2, L2:1, L3:1, L4:1, L5:1, L7:1}",""
2977883466388,PHASE_B,161474,12292,MERGE_SUBMIT,4,7,32,"","","","","","","","",0,0,0,"{L1:2, L2:1, L3:1, L4:1, L5:1, L7:1}","{L1:2, L2:1, L3:1, L4:1, L5:1, L7:1}",""
2977883466422,PHASE_B,161476,12292,MERGE_START,0,7,32,"[374,377]","","[1,1]","","[2,2]","","[128,128]","",34,0,0,"{L1:2, L2:1, L3:1, L4:1, L5:1, L7:1}","{L1:2, L2:1, L3:1, L4:1, L5:1, L7:1}",""
2977883466626,PHASE_B,161498,12299,MERGE_DONE,0,0,0,"","378","","2","","4","","256",34,205,205,"","",""
2977883466632,PHASE_B,161498,12299,MERGE_PUBLISH,0,6,32,"","378","","2","","4","","256",34,209,210,"{L1:2, L2:1, L3:1, L4:1, L5:1, L7:1}","{L2:2, L3:1, L4:1, L5:1, L7:1}",""
2977883466638,PHASE_B,161498,12299,MERGE_SUBMIT,12,6,32,"","","","","","","","",0,0,0,"{L2:2, L3:1, L4:1, L5:1, L7:1}","{L2:2, L3:1, L4:1, L5:1, L7:1}",""
2977883466668,PHASE_B,161510,12301,MERGE_START,0,6,32,"[371,378]","","[2,2]","","[4,4]","","[256,256]","",18,0,0,"{L2:2, L3:1, L4:1, L5:1, L7:1}","{L2:2, L3:1, L4:1, L5:1, L7:1}",""
2977883467705,PHASE_B,161657,12330,MERGE_DONE,0,0,0,"","379","","3","","8","","512",18,1047,1047,"","",""
2977883467738,PHASE_B,161657,12330,MERGE_PUBLISH,0,5,32,"","379","","3","","8","","512",18,1074,1074,"{L2:2, L3:1, L4:1, L5:1, L7:1}","{L3:2, L4:1, L5:1, L7:1}",""
2977883467751,PHASE_B,161657,12330,MERGE_SUBMIT,43,5,32,"","","","","","","","",0,0,0,"{L3:2, L4:1, L5:1, L7:1}","{L3:2, L4:1, L5:1, L7:1}",""
2977883467868,PHASE_B,161680,12334,MERGE_START,0,5,32,"[364,379]","","[3,3]","","[8,8]","","[512,512]","",98,0,0,"{L3:2, L4:1, L5:1, L7:1}","{L3:2, L4:1, L5:1, L7:1}",""
2977883468679,PHASE_B,161766,12351,SEAL,0,6,32,"","381","","0","","1","","64",0,0,0,"{L3:2, L4:1, L5:1, L7:1}","{L0:1, L3:2, L4:1, L5:1, L7:1}",""
2977883470532,PHASE_B,162011,12401,MERGE_DONE,0,0,0,"","380","","4","","16","","1024",98,2684,2683,"","",""
2977883470620,PHASE_B,162028,12404,MERGE_PUBLISH,0,5,32,"","380","","4","","16","","1024",98,2764,2728,"{L0:1, L3:2, L4:1, L5:1, L7:1}","{L0:1, L4:2, L5:1, L7:1}",""
2977883470638,PHASE_B,162029,12404,MERGE_SUBMIT,52,5,32,"","","","","","","","",0,0,0,"{L0:1, L4:2, L5:1, L7:1}","{L0:1, L4:2, L5:1, L7:1}",""
2977883470744,PHASE_B,162034,12405,MERGE_START,0,5,32,"[350,380]","","[4,4]","","[16,16]","","[1024,1024]","",91,0,0,"{L0:1, L4:2, L5:1, L7:1}","{L0:1, L4:2, L5:1, L7:1}",""
2977883471212,PHASE_B,162081,12415,SEAL,0,6,32,"","382","","0","","1","","64",0,0,0,"{L0:1, L4:2, L5:1, L7:1}","{L0:2, L4:2, L5:1, L7:1}",""
2977883473739,PHASE_B,162406,12479,SEAL,0,7,32,"","384","","0","","1","","64",0,0,0,"{L0:2, L4:2, L5:1, L7:1}","{L0:3, L4:2, L5:1, L7:1}",""
2977883475235,PHASE_B,162605,12519,MERGE_DONE,0,0,0,"","383","","5","","32","","2048",91,4509,4509,"","",""
2977883475257,PHASE_B,162605,12519,MERGE_PUBLISH,0,6,32,"","383","","5","","32","","2048",91,4527,4526,"{L0:3, L4:2, L5:1, L7:1}","{L0:3, L5:2, L7:1}",""
2977883475278,PHASE_B,162605,12519,MERGE_SUBMIT,41,6,32,"","","","","","","","",0,0,0,"{L0:3, L5:2, L7:1}","{L0:3, L5:2, L7:1}",""
2977883475287,PHASE_B,162605,12519,MERGE_START,0,6,32,"[381,382]","","[0,0]","","[1,1]","","[64,64]","",12,0,0,"{L0:3, L5:2, L7:1}","{L0:3, L5:2, L7:1}",""
2977883475646,PHASE_B,162656,12530,MERGE_DONE,0,0,0,"","385","","1","","2","","128",12,363,363,"","",""
2977883475685,PHASE_B,162661,12531,MERGE_PUBLISH,0,5,32,"","385","","1","","2","","128",12,394,376,"{L0:3, L5:2, L7:1}","{L0:1, L1:1, L5:2, L7:1}",""
2977883475694,PHASE_B,162661,12531,MERGE_SUBMIT,51,5,32,"","","","","","","","",0,0,0,"{L0:1, L1:1, L5:2, L7:1}","{L0:1, L1:1, L5:2, L7:1}",""
2977883475738,PHASE_B,162661,12531,MERGE_START,0,5,32,"[319,383]","","[5,5]","","[32,32]","","[2048,2048]","",25,0,0,"{L0:1, L1:1, L5:2, L7:1}","{L0:1, L1:1, L5:2, L7:1}",""
2977883476306,PHASE_B,162711,12541,SEAL,0,6,32,"","386","","0","","1","","64",0,0,0,"{L0:1, L1:1, L5:2, L7:1}","{L0:2, L1:1, L5:2, L7:1}",""
2977883478760,PHASE_B,163047,12607,SEAL,0,7,32,"","388","","0","","1","","64",0,0,0,"{L0:2, L1:1, L5:2, L7:1}","{L0:3, L1:1, L5:2, L7:1}",""
2977883481233,PHASE_B,163355,12669,SEAL,0,8,32,"","389","","0","","1","","64",0,0,0,"{L0:3, L1:1, L5:2, L7:1}","{L0:4, L1:1, L5:2, L7:1}",""
2977883483699,PHASE_B,163678,12733,SEAL,0,9,32,"","390","","0","","1","","64",0,0,0,"{L0:4, L1:1, L5:2, L7:1}","{L0:5, L1:1, L5:2, L7:1}",""
2977883486194,PHASE_B,164006,12799,SEAL,0,10,32,"","391","","0","","1","","64",0,0,0,"{L0:5, L1:1, L5:2, L7:1}","{L0:6, L1:1, L5:2, L7:1}",""
2977883486973,PHASE_B,164125,12823,MERGE_DONE,0,0,0,"","387","","6","","64","","4096",25,11249,11250,"","",""
2977883487055,PHASE_B,164126,12823,MERGE_PUBLISH,0,9,32,"","387","","6","","64","","4096",25,11325,11304,"{L0:6, L1:1, L5:2, L7:1}","{L0:6, L1:1, L6:1, L7:1}",""
2977883487083,PHASE_B,164127,12824,MERGE_SUBMIT,25,9,32,"","","","","","","","",0,0,0,"{L0:6, L1:1, L6:1, L7:1}","{L0:6, L1:1, L6:1, L7:1}",""
2977883487188,PHASE_B,164149,12828,MERGE_START,0,9,32,"[384,386]","","[0,0]","","[1,1]","","[64,64]","",86,0,0,"{L0:6, L1:1, L6:1, L7:1}","{L0:6, L1:1, L6:1, L7:1}",""
2977883488122,PHASE_B,164266,12851,MERGE_DONE,0,0,0,"","392","","1","","2","","128",86,952,933,"","",""
2977883488216,PHASE_B,164266,12851,MERGE_PUBLISH,0,8,32,"","392","","1","","2","","128",86,1040,982,"{L0:6, L1:1, L6:1, L7:1}","{L0:4, L1:2, L6:1, L7:1}",""
2977883488237,PHASE_B,164266,12851,MERGE_SUBMIT,53,8,32,"","","","","","","","",0,0,0,"{L0:4, L1:2, L6:1, L7:1}","{L0:4, L1:2, L6:1, L7:1}",""
2977883488247,PHASE_B,164266,12851,MERGE_START,0,8,32,"[388,389]","","[0,0]","","[1,1]","","[64,64]","",12,0,0,"{L0:4, L1:2, L6:1, L7:1}","{L0:4, L1:2, L6:1, L7:1}",""
2977883488360,PHASE_B,164284,12855,MERGE_DONE,0,0,0,"","393","","1","","2","","128",12,117,117,"","",""
2977883488367,PHASE_B,164284,12855,MERGE_PUBLISH,0,7,32,"","393","","1","","2","","128",12,123,123,"{L0:4, L1:2, L6:1, L7:1}","{L0:2, L1:3, L6:1, L7:1}",""
2977883488373,PHASE_B,164284,12855,MERGE_SUBMIT,56,7,32,"","","","","","","","",0,0,0,"{L0:2, L1:3, L6:1, L7:1}","{L0:2, L1:3, L6:1, L7:1}",""
2977883488420,PHASE_B,164284,12855,MERGE_START,0,7,32,"[390,391]","","[0,0]","","[1,1]","","[64,64]","",48,0,0,"{L0:2, L1:3, L6:1, L7:1}","{L0:2, L1:3, L6:1, L7:1}",""
2977883488532,PHASE_B,164299,12860,MERGE_DONE,0,0,0,"","394","","1","","2","","128",48,112,112,"","",""
2977883488538,PHASE_B,164300,12860,MERGE_PUBLISH,0,6,32,"","394","","1","","2","","128",48,117,118,"{L0:2, L1:3, L6:1, L7:1}","{L1:4, L6:1, L7:1}",""
2977883488544,PHASE_B,164300,12860,MERGE_SUBMIT,60,6,32,"","","","","","","","",0,0,0,"{L1:4, L6:1, L7:1}","{L1:4, L6:1, L7:1}",""
2977883488569,PHASE_B,164300,12860,MERGE_START,0,6,32,"[385,392]","","[1,1]","","[2,2]","","[128,128]","",15,0,0,"{L1:4, L6:1, L7:1}","{L1:4, L6:1, L7:1}",""
2977883488771,PHASE_B,164326,12863,SEAL,0,7,32,"","396","","0","","1","","64",0,0,0,"{L1:4, L6:1, L7:1}","{L0:1, L1:4, L6:1, L7:1}",""
2977883489095,PHASE_B,164363,12874,MERGE_DONE,0,0,0,"","395","","2","","4","","256",15,535,535,"","",""
2977883489116,PHASE_B,164375,12874,MERGE_PUBLISH,0,6,32,"","395","","2","","4","","256",15,549,549,"{L0:1, L1:4, L6:1, L7:1}","{L0:1, L1:2, L2:1, L6:1, L7:1}",""
2977883489129,PHASE_B,164380,12874,MERGE_SUBMIT,10,6,32,"","","","","","","","",0,0,0,"{L0:1, L1:2, L2:1, L6:1, L7:1}","{L0:1, L1:2, L2:1, L6:1, L7:1}",""
2977883489168,PHASE_B,164380,12874,MERGE_START,0,6,32,"[393,394]","","[1,1]","","[2,2]","","[128,128]","",22,0,0,"{L0:1, L1:2, L2:1, L6:1, L7:1}","{L0:1, L1:2, L2:1, L6:1, L7:1}",""
2977883489722,PHASE_B,164456,12891,MERGE_DONE,0,0,0,"","397","","2","","4","","256",22,572,572,"","",""
2977883489744,PHASE_B,164456,12891,MERGE_PUBLISH,0,5,32,"","397","","2","","4","","256",22,588,586,"{L0:1, L1:2, L2:1, L6:1, L7:1}","{L0:1, L2:2, L6:1, L7:1}",""
2977883489763,PHASE_B,164456,12891,MERGE_SUBMIT,27,5,32,"","","","","","","","",0,0,0,"{L0:1, L2:2, L6:1, L7:1}","{L0:1, L2:2, L6:1, L7:1}",""
2977883489770,PHASE_B,164456,12891,MERGE_START,0,5,32,"[395,397]","","[2,2]","","[4,4]","","[256,256]","",11,0,0,"{L0:1, L2:2, L6:1, L7:1}","{L0:1, L2:2, L6:1, L7:1}",""
2977883490468,PHASE_B,164535,12906,MERGE_DONE,0,0,0,"","398","","3","","8","","512",11,700,697,"","",""
2977883490491,PHASE_B,164541,12910,MERGE_PUBLISH,0,4,32,"","398","","3","","8","","512",11,721,705,"{L0:1, L2:2, L6:1, L7:1}","{L0:1, L3:1, L6:1, L7:1}",""
2977883491343,PHASE_B,164634,12927,SEAL,0,5,32,"","399","","0","","1","","64",0,0,0,"{L0:1, L3:1, L6:1, L7:1}","{L0:2, L3:1, L6:1, L7:1}",""
2977883491360,PHASE_B,164634,12927,MERGE_SUBMIT,0,5,32,"","","","","","","","",0,0,0,"{L0:2, L3:1, L6:1, L7:1}","{L0:2, L3:1, L6:1, L7:1}",""
2977883491391,PHASE_B,164640,12928,MERGE_START,0,5,32,"[396,399]","","[0,0]","","[1,1]","","[64,64]","",17,0,0,"{L0:2, L3:1, L6:1, L7:1}","{L0:2, L3:1, L6:1, L7:1}",""
2977883491650,PHASE_B,164697,12937,MERGE_DONE,0,0,0,"","400","","1","","2","","128",17,271,271,"","",""
2977883491666,PHASE_B,164698,12937,MERGE_PUBLISH,0,4,32,"","400","","1","","2","","128",17,283,282,"{L0:2, L3:1, L6:1, L7:1}","{L1:1, L3:1, L6:1, L7:1}",""
2977883493859,PHASE_B,164947,12989,SEAL,0,5,32,"","401","","0","","1","","64",0,0,0,"{L1:1, L3:1, L6:1, L7:1}","{L0:1, L1:1, L3:1, L6:1, L7:1}",""
2977883496345,PHASE_B,165286,13055,SEAL,0,6,32,"","402","","0","","1","","64",0,0,0,"{L0:1, L1:1, L3:1, L6:1, L7:1}","{L0:2, L1:1, L3:1, L6:1, L7:1}",""
2977883496358,PHASE_B,165286,13055,MERGE_SUBMIT,0,6,32,"","","","","","","","",0,0,0,"{L0:2, L1:1, L3:1, L6:1, L7:1}","{L0:2, L1:1, L3:1, L6:1, L7:1}",""
2977883496465,PHASE_B,165302,13059,MERGE_START,0,6,32,"[401,402]","","[0,0]","","[1,1]","","[64,64]","",84,0,0,"{L0:2, L1:1, L3:1, L6:1, L7:1}","{L0:2, L1:1, L3:1, L6:1, L7:1}",""
2977883496820,PHASE_B,165360,13070,MERGE_DONE,0,0,0,"","403","","1","","2","","128",84,374,374,"","",""
2977883496859,PHASE_B,165365,13071,MERGE_PUBLISH,0,5,32,"","403","","1","","2","","128",84,407,406,"{L0:2, L1:1, L3:1, L6:1, L7:1}","{L1:2, L3:1, L6:1, L7:1}",""
2977883496878,PHASE_B,165365,13071,MERGE_SUBMIT,15,5,32,"","","","","","","","",0,0,0,"{L1:2, L3:1, L6:1, L7:1}","{L1:2, L3:1, L6:1, L7:1}",""
2977883496949,PHASE_B,165370,13073,MERGE_START,0,5,32,"[400,403]","","[1,1]","","[2,2]","","[128,128]","",69,0,0,"{L1:2, L3:1, L6:1, L7:1}","{L1:2, L3:1, L6:1, L7:1}",""
2977883497483,PHASE_B,165432,13086,MERGE_DONE,0,0,0,"","404","","2","","4","","256",69,540,540,"","",""
2977883497497,PHASE_B,165432,13086,MERGE_PUBLISH,0,4,32,"","404","","2","","4","","256",69,549,549,"{L1:2, L3:1, L6:1, L7:1}","{L2:1, L3:1, L6:1, L7:1}",""
2977883498922,PHASE_B,165585,13115,SEAL,0,5,32,"","405","","0","","1","","64",0,0,0,"{L2:1, L3:1, L6:1, L7:1}","{L0:1, L2:1, L3:1, L6:1, L7:1}",""
2977883501173,PHASE_B,165918,13182,SEAL,0,6,32,"","406","","0","","1","","64",0,0,0,"{L0:1, L2:1, L3:1, L6:1, L7:1}","{L0:2, L2:1, L3:1, L6:1, L7:1}",""
2977883501184,PHASE_B,165918,13182,MERGE_SUBMIT,0,6,32,"","","","","","","","",0,0,0,"{L0:2, L2:1, L3:1, L6:1, L7:1}","{L0:2, L2:1, L3:1, L6:1, L7:1}",""
2977883501194,PHASE_B,165920,13184,MERGE_START,0,6,32,"[405,406]","","[0,0]","","[1,1]","","[64,64]","",7,0,0,"{L0:2, L2:1, L3:1, L6:1, L7:1}","{L0:2, L2:1, L3:1, L6:1, L7:1}",""
2977883501293,PHASE_B,165942,13188,MERGE_DONE,0,0,0,"","407","","1","","2","","128",7,102,102,"","",""
2977883501299,PHASE_B,165942,13188,MERGE_PUBLISH,0,5,32,"","407","","1","","2","","128",7,107,107,"{L0:2, L2:1, L3:1, L6:1, L7:1}","{L1:1, L2:1, L3:1, L6:1, L7:1}",""
2977883503655,PHASE_B,166227,13246,SEAL,0,6,32,"","408","","0","","1","","64",0,0,0,"{L1:1, L2:1, L3:1, L6:1, L7:1}","{L0:1, L1:1, L2:1, L3:1, L6:1, L7:1}",""
2977883506169,PHASE_B,166555,13311,SEAL,0,7,32,"","409","","0","","1","","64",0,0,0,"{L0:1, L1:1, L2:1, L3:1, L6:1, L7:1}","{L0:2, L1:1, L2:1, L3:1, L6:1, L7:1}",""
2977883506183,PHASE_B,166555,13311,MERGE_SUBMIT,0,7,32,"","","","","","","","",0,0,0,"{L0:2, L1:1, L2:1, L3:1, L6:1, L7:1}","{L0:2, L1:1, L2:1, L3:1, L6:1, L7:1}",""
2977883506233,PHASE_B,166569,13313,MERGE_START,0,7,32,"[408,409]","","[0,0]","","[1,1]","","[64,64]","",25,0,0,"{L0:2, L1:1, L2:1, L3:1, L6:1, L7:1}","{L0:2, L1:1, L2:1, L3:1, L6:1, L7:1}",""
2977883506505,PHASE_B,166605,13319,MERGE_DONE,0,0,0,"","410","","1","","2","","128",25,294,294,"","",""
2977883506528,PHASE_B,166605,13319,MERGE_PUBLISH,0,6,32,"","410","","1","","2","","128",25,310,308,"{L0:2, L1:1, L2:1, L3:1, L6:1, L7:1}","{L1:2, L2:1, L3:1, L6:1, L7:1}",""
2977883506561,PHASE_B,166605,13319,MERGE_SUBMIT,10,6,32,"","","","","","","","",0,0,0,"{L1:2, L2:1, L3:1, L6:1, L7:1}","{L1:2, L2:1, L3:1, L6:1, L7:1}",""
2977883506625,PHASE_B,166621,13323,MERGE_START,0,6,32,"[407,410]","","[1,1]","","[2,2]","","[128,128]","",63,0,0,"{L1:2, L2:1, L3:1, L6:1, L7:1}","{L1:2, L2:1, L3:1, L6:1, L7:1}",""
2977883507135,PHASE_B,166691,13338,MERGE_DONE,0,0,0,"","411","","2","","4","","256",63,515,516,"","",""
2977883507153,PHASE_B,166697,13338,MERGE_PUBLISH,0,5,32,"","411","","2","","4","","256",63,526,526,"{L1:2, L2:1, L3:1, L6:1, L7:1}","{L2:2, L3:1, L6:1, L7:1}",""
2977883507163,PHASE_B,166697,13338,MERGE_SUBMIT,26,5,32,"","","","","","","","",0,0,0,"{L2:2, L3:1, L6:1, L7:1}","{L2:2, L3:1, L6:1, L7:1}",""
2977883507214,PHASE_B,166706,13340,MERGE_START,0,5,32,"[404,411]","","[2,2]","","[4,4]","","[256,256]","",32,0,0,"{L2:2, L3:1, L6:1, L7:1}","{L2:2, L3:1, L6:1, L7:1}",""
2977883508357,PHASE_B,166846,13368,MERGE_DONE,0,0,0,"","412","","3","","8","","512",32,1161,1160,"","",""
2977883508377,PHASE_B,166849,13368,MERGE_PUBLISH,0,4,32,"","412","","3","","8","","512",32,1176,1175,"{L2:2, L3:1, L6:1, L7:1}","{L3:2, L6:1, L7:1}",""
2977883508397,PHASE_B,166849,13368,MERGE_SUBMIT,56,4,32,"","","","","","","","",0,0,0,"{L3:2, L6:1, L7:1}","{L3:2, L6:1, L7:1}",""
2977883509507,PHASE_B,166869,13374,MERGE_START,0,4,32,"[398,412]","","[3,3]","","[8,8]","","[512,512]","",12,0,0,"{L3:2, L6:1, L7:1}","{L3:2, L6:1, L7:1}",""
2977883509513,PHASE_B,166869,13374,SEAL,0,5,32,"","413","","0","","1","","64",0,0,0,"{L3:2, L6:1, L7:1}","{L0:1, L3:2, L6:1, L7:1}",""
2977883510411,PHASE_B,167003,13401,MERGE_DONE,0,0,0,"","414","","4","","16","","1024",12,2007,911,"","",""
2977883510419,PHASE_B,167004,13401,MERGE_PUBLISH,0,4,32,"","414","","4","","16","","1024",12,2013,916,"{L0:1, L3:2, L6:1, L7:1}","{L0:1, L4:1, L6:1, L7:1}",""
2977883512051,PHASE_B,167191,13438,SEAL,0,5,32,"","415","","0","","1","","64",0,0,0,"{L0:1, L4:1, L6:1, L7:1}","{L0:2, L4:1, L6:1, L7:1}",""
2977883512064,PHASE_B,167191,13438,MERGE_SUBMIT,0,5,32,"","","","","","","","",0,0,0,"{L0:2, L4:1, L6:1, L7:1}","{L0:2, L4:1, L6:1, L7:1}",""
2977883512172,PHASE_B,167219,13441,MERGE_START,0,5,32,"[413,415]","","[0,0]","","[1,1]","","[64,64]","",81,0,0,"{L0:2, L4:1, L6:1, L7:1}","{L0:2, L4:1, L6:1, L7:1}",""
2977883512498,PHASE_B,167264,13453,MERGE_DONE,0,0,0,"","416","","1","","2","","128",81,349,349,"","",""
2977883512533,PHASE_B,167266,13453,MERGE_PUBLISH,0,4,32,"","416","","1","","2","","128",81,381,379,"{L0:2, L4:1, L6:1, L7:1}","{L1:1, L4:1, L6:1, L7:1}",""
2977883514597,PHASE_B,167517,13501,SEAL,0,5,32,"","417","","0","","1","","64",0,0,0,"{L1:1, L4:1, L6:1, L7:1}","{L0:1, L1:1, L4:1, L6:1, L7:1}",""
2977883517050,PHASE_B,167842,13566,SEAL,0,6,32,"","418","","0","","1","","64",0,0,0,"{L0:1, L1:1, L4:1, L6:1, L7:1}","{L0:2, L1:1, L4:1, L6:1, L7:1}",""
2977883517063,PHASE_B,167842,13566,MERGE_SUBMIT,0,6,32,"","","","","","","","",0,0,0,"{L0:2, L1:1, L4:1, L6:1, L7:1}","{L0:2, L1:1, L4:1, L6:1, L7:1}",""
2977883517166,PHASE_B,167852,13571,MERGE_START,0,6,32,"[417,418]","","[0,0]","","[1,1]","","[64,64]","",80,0,0,"{L0:2, L1:1, L4:1, L6:1, L7:1}","{L0:2, L1:1, L4:1, L6:1, L7:1}",""
2977883517491,PHASE_B,167903,13579,MERGE_DONE,0,0,0,"","419","","1","","2","","128",80,345,344,"","",""
2977883517511,PHASE_B,167903,13579,MERGE_PUBLISH,0,5,32,"","419","","1","","2","","128",80,360,358,"{L0:2, L1:1, L4:1, L6:1, L7:1}","{L1:2, L4:1, L6:1, L7:1}",""
2977883517530,PHASE_B,167903,13579,MERGE_SUBMIT,13,5,32,"","","","","","","","",0,0,0,"{L1:2, L4:1, L6:1, L7:1}","{L1:2, L4:1, L6:1, L7:1}",""
2977883517564,PHASE_B,167903,13579,MERGE_START,0,5,32,"[416,419]","","[1,1]","","[2,2]","","[128,128]","",23,0,0,"{L1:2, L4:1, L6:1, L7:1}","{L1:2, L4:1, L6:1, L7:1}",""
2977883518230,PHASE_B,168006,13601,MERGE_DONE,0,0,0,"","420","","2","","4","","256",23,680,680,"","",""
2977883518247,PHASE_B,168016,13601,MERGE_PUBLISH,0,4,32,"","420","","2","","4","","256",23,692,691,"{L1:2, L4:1, L6:1, L7:1}","{L2:1, L4:1, L6:1, L7:1}",""
2977883519554,PHASE_B,168159,13630,SEAL,0,5,32,"","421","","0","","1","","64",0,0,0,"{L2:1, L4:1, L6:1, L7:1}","{L0:1, L2:1, L4:1, L6:1, L7:1}",""
2977883522021,PHASE_B,168479,13695,SEAL,0,6,32,"","422","","0","","1","","64",0,0,0,"{L0:1, L2:1, L4:1, L6:1, L7:1}","{L0:2, L2:1, L4:1, L6:1, L7:1}",""
2977883522035,PHASE_B,168479,13695,MERGE_SUBMIT,0,6,32,"","","","","","","","",0,0,0,"{L0:2, L2:1, L4:1, L6:1, L7:1}","{L0:2, L2:1, L4:1, L6:1, L7:1}",""
2977883522046,PHASE_B,168481,13696,MERGE_START,0,6,32,"[421,422]","","[0,0]","","[1,1]","","[64,64]","",8,0,0,"{L0:2, L2:1, L4:1, L6:1, L7:1}","{L0:2, L2:1, L4:1, L6:1, L7:1}",""
2977883522185,PHASE_B,168501,13700,MERGE_DONE,0,0,0,"","423","","1","","2","","128",8,142,142,"","",""
2977883522192,PHASE_B,168501,13700,MERGE_PUBLISH,0,5,32,"","423","","1","","2","","128",8,147,147,"{L0:2, L2:1, L4:1, L6:1, L7:1}","{L1:1, L2:1, L4:1, L6:1, L7:1}",""
2977883524531,PHASE_B,168800,13759,SEAL,0,6,32,"","424","","0","","1","","64",0,0,0,"{L1:1, L2:1, L4:1, L6:1, L7:1}","{L0:1, L1:1, L2:1, L4:1, L6:1, L7:1}",""
2977883526997,PHASE_B,169110,13821,SEAL,0,7,32,"","425","","0","","1","","64",0,0,0,"{L0:1, L1:1, L2:1, L4:1, L6:1, L7:1}","{L0:2, L1:1, L2:1, L4:1, L6:1, L7:1}",""
2977883527017,PHASE_B,169110,13821,MERGE_SUBMIT,0,7,32,"","","","","","","","",0,0,0,"{L0:2, L1:1, L2:1, L4:1, L6:1, L7:1}","{L0:2, L1:1, L2:1, L4:1, L6:1, L7:1}",""
2977883527135,PHASE_B,169135,13825,MERGE_START,0,7,32,"[424,425]","","[0,0]","","[1,1]","","[64,64]","",92,0,0,"{L0:2, L1:1, L2:1, L4:1, L6:1, L7:1}","{L0:2, L1:1, L2:1, L4:1, L6:1, L7:1}",""
2977883527437,PHASE_B,169183,13836,MERGE_DONE,0,0,0,"","426","","1","","2","","128",92,325,325,"","",""
2977883527459,PHASE_B,169184,13836,MERGE_PUBLISH,0,6,32,"","426","","1","","2","","128",92,340,339,"{L0:2, L1:1, L2:1, L4:1, L6:1, L7:1}","{L1:2, L2:1, L4:1, L6:1, L7:1}",""
2977883527480,PHASE_B,169187,13837,MERGE_SUBMIT,12,6,32,"","","","","","","","",0,0,0,"{L1:2, L2:1, L4:1, L6:1, L7:1}","{L1:2, L2:1, L4:1, L6:1, L7:1}",""
2977883527525,PHASE_B,169190,13837,MERGE_START,0,6,32,"[423,426]","","[1,1]","","[2,2]","","[128,128]","",29,0,0,"{L1:2, L2:1, L4:1, L6:1, L7:1}","{L1:2, L2:1, L4:1, L6:1, L7:1}",""
2977883528111,PHASE_B,169273,13854,MERGE_DONE,0,0,0,"","427","","2","","4","","256",29,605,605,"","",""
2977883528170,PHASE_B,169273,13854,MERGE_PUBLISH,0,5,32,"","427","","2","","4","","256",29,657,649,"{L1:2, L2:1, L4:1, L6:1, L7:1}","{L2:2, L4:1, L6:1, L7:1}",""
2977883528187,PHASE_B,169273,13854,MERGE_SUBMIT,31,5,32,"","","","","","","","",0,0,0,"{L2:2, L4:1, L6:1, L7:1}","{L2:2, L4:1, L6:1, L7:1}",""
2977883528289,PHASE_B,169299,13857,MERGE_START,0,5,32,"[420,427]","","[2,2]","","[4,4]","","[256,256]","",83,0,0,"{L2:2, L4:1, L6:1, L7:1}","{L2:2, L4:1, L6:1, L7:1}",""
2977883529342,PHASE_B,169406,13880,MERGE_DONE,0,0,0,"","428","","3","","8","","512",83,1073,1073,"","",""
2977883529391,PHASE_B,169406,13880,MERGE_PUBLISH,0,4,32,"","428","","3","","8","","512",83,1116,1102,"{L2:2, L4:1, L6:1, L7:1}","{L3:1, L4:1, L6:1, L7:1}",""
2977883529661,PHASE_B,169437,13887,SEAL,0,5,32,"","429","","0","","1","","64",0,0,0,"{L3:1, L4:1, L6:1, L7:1}","{L0:1, L3:1, L4:1, L6:1, L7:1}",""
2977883532198,PHASE_B,169755,13951,SEAL,0,6,32,"","430","","0","","1","","64",0,0,0,"{L0:1, L3:1, L4:1, L6:1, L7:1}","{L0:2, L3:1, L4:1, L6:1, L7:1}",""
2977883532211,PHASE_B,169755,13951,MERGE_SUBMIT,0,6,32,"","","","","","","","",0,0,0,"{L0:2, L3:1, L4:1, L6:1, L7:1}","{L0:2, L3:1, L4:1, L6:1, L7:1}",""
2977883532223,PHASE_B,169757,13952,MERGE_START,0,6,32,"[429,430]","","[0,0]","","[1,1]","","[64,64]","",8,0,0,"{L0:2, L3:1, L4:1, L6:1, L7:1}","{L0:2, L3:1, L4:1, L6:1, L7:1}",""
2977883532364,PHASE_B,169785,13956,MERGE_DONE,0,0,0,"","431","","1","","2","","128",8,145,145,"","",""
2977883532371,PHASE_B,169785,13956,MERGE_PUBLISH,0,5,32,"","431","","1","","2","","128",8,150,150,"{L0:2, L3:1, L4:1, L6:1, L7:1}","{L1:1, L3:1, L4:1, L6:1, L7:1}",""
2977883534741,PHASE_B,170085,14015,SEAL,0,6,32,"","432","","0","","1","","64",0,0,0,"{L1:1, L3:1, L4:1, L6:1, L7:1}","{L0:1, L1:1, L3:1, L4:1, L6:1, L7:1}",""
2977883537237,PHASE_B,170403,14078,SEAL,0,7,32,"","433","","0","","1","","64",0,0,0,"{L0:1, L1:1, L3:1, L4:1, L6:1, L7:1}","{L0:2, L1:1, L3:1, L4:1, L6:1, L7:1}",""
2977883537250,PHASE_B,170403,14078,MERGE_SUBMIT,0,7,32,"","","","","","","","",0,0,0,"{L0:2, L1:1, L3:1, L4:1, L6:1, L7:1}","{L0:2, L1:1, L3:1, L4:1, L6:1, L7:1}",""
2977883537355,PHASE_B,170410,14081,MERGE_START,0,7,32,"[432,433]","","[0,0]","","[1,1]","","[64,64]","",81,0,0,"{L0:2, L1:1, L3:1, L4:1, L6:1, L7:1}","{L0:2, L1:1, L3:1, L4:1, L6:1, L7:1}",""
2977883537662,PHASE_B,170472,14093,MERGE_DONE,0,0,0,"","434","","1","","2","","128",81,328,328,"","",""
2977883537712,PHASE_B,170472,14093,MERGE_PUBLISH,0,6,32,"","434","","1","","2","","128",81,370,354,"{L0:2, L1:1, L3:1, L4:1, L6:1, L7:1}","{L1:2, L3:1, L4:1, L6:1, L7:1}",""
2977883537747,PHASE_B,170472,14093,MERGE_SUBMIT,14,6,32,"","","","","","","","",0,0,0,"{L1:2, L3:1, L4:1, L6:1, L7:1}","{L1:2, L3:1, L4:1, L6:1, L7:1}",""
2977883537805,PHASE_B,170482,14096,MERGE_START,0,6,32,"[431,434]","","[1,1]","","[2,2]","","[128,128]","",36,0,0,"{L1:2, L3:1, L4:1, L6:1, L7:1}","{L1:2, L3:1, L4:1, L6:1, L7:1}",""
2977883538365,PHASE_B,170560,14111,MERGE_DONE,0,0,0,"","435","","2","","4","","256",36,584,584,"","",""
2977883538389,PHASE_B,170560,14111,MERGE_PUBLISH,0,5,32,"","435","","2","","4","","256",36,602,601,"{L1:2, L3:1, L4:1, L6:1, L7:1}","{L2:1, L3:1, L4:1, L6:1, L7:1}",""
2977883539741,PHASE_B,170723,14143,SEAL,0,6,32,"","436","","0","","1","","64",0,0,0,"{L2:1, L3:1, L4:1, L6:1, L7:1}","{L0:1, L2:1, L3:1, L4:1, L6:1, L7:1}",""
2977883542121,PHASE_B,171045,14207,SEAL,0,7,32,"","437","","0","","1","","64",0,0,0,"{L0:1, L2:1, L3:1, L4:1, L6:1, L7:1}","{L0:2, L2:1, L3:1, L4:1, L6:1, L7:1}",""
2977883542134,PHASE_B,171045,14207,MERGE_SUBMIT,0,7,32,"","","","","","","","",0,0,0,"{L0:2, L2:1, L3:1, L4:1, L6:1, L7:1}","{L0:2, L2:1, L3:1, L4:1, L6:1, L7:1}",""
2977883542251,PHASE_B,171052,14209,MERGE_START,0,7,32,"[436,437]","","[0,0]","","[1,1]","","[64,64]","",91,0,0,"{L0:2, L2:1, L3:1, L4:1, L6:1, L7:1}","{L0:2, L2:1, L3:1, L4:1, L6:1, L7:1}",""
2977883542595,PHASE_B,171116,14220,MERGE_DONE,0,0,0,"","438","","1","","2","","128",91,366,365,"","",""
2977883542641,PHASE_B,171119,14222,MERGE_PUBLISH,0,6,32,"","438","","1","","2","","128",91,405,393,"{L0:2, L2:1, L3:1, L4:1, L6:1, L7:1}","{L1:1, L2:1, L3:1, L4:1, L6:1, L7:1}",""
2977883544641,PHASE_B,171357,14270,SEAL,0,7,32,"","439","","0","","1","","64",0,0,0,"{L1:1, L2:1, L3:1, L4:1, L6:1, L7:1}","{L0:1, L1:1, L2:1, L3:1, L4:1, L6:1, L7:1}",""
2977883546982,PHASE_B,171671,14334,SEAL,0,8,32,"","440","","0","","1","","64",0,0,0,"{L0:1, L1:1, L2:1, L3:1, L4:1, L6:1, L7:1}","{L0:2, L1:1, L2:1, L3:1, L4:1, L6:1, L7:1}",""
2977883546995,PHASE_B,171671,14334,MERGE_SUBMIT,0,8,32,"","","","","","","","",0,0,0,"{L0:2, L1:1, L2:1, L3:1, L4:1, L6:1, L7:1}","{L0:2, L1:1, L2:1, L3:1, L4:1, L6:1, L7:1}",""
2977883547009,PHASE_B,171678,14336,MERGE_START,0,8,32,"[439,440]","","[0,0]","","[1,1]","","[64,64]","",11,0,0,"{L0:2, L1:1, L2:1, L3:1, L4:1, L6:1, L7:1}","{L0:2, L1:1, L2:1, L3:1, L4:1, L6:1, L7:1}",""
2977883547119,PHASE_B,171693,14337,MERGE_DONE,0,0,0,"","441","","1","","2","","128",11,114,114,"","",""
2977883547127,PHASE_B,171693,14337,MERGE_PUBLISH,0,7,32,"","441","","1","","2","","128",11,119,118,"{L0:2, L1:1, L2:1, L3:1, L4:1, L6:1, L7:1}","{L1:2, L2:1, L3:1, L4:1, L6:1, L7:1}",""
2977883547131,PHASE_B,171693,14337,MERGE_SUBMIT,4,7,32,"","","","","","","","",0,0,0,"{L1:2, L2:1, L3:1, L4:1, L6:1, L7:1}","{L1:2, L2:1, L3:1, L4:1, L6:1, L7:1}",""
2977883547188,PHASE_B,171711,14342,MERGE_START,0,7,32,"[438,441]","","[1,1]","","[2,2]","","[128,128]","",55,0,0,"{L1:2, L2:1, L3:1, L4:1, L6:1, L7:1}","{L1:2, L2:1, L3:1, L4:1, L6:1, L7:1}",""
2977883547400,PHASE_B,171736,14348,MERGE_DONE,0,0,0,"","442","","2","","4","","256",55,214,214,"","",""
2977883547407,PHASE_B,171737,14348,MERGE_PUBLISH,0,6,32,"","442","","2","","4","","256",55,219,219,"{L1:2, L2:1, L3:1, L4:1, L6:1, L7:1}","{L2:2, L3:1, L4:1, L6:1, L7:1}",""
2977883547413,PHASE_B,171738,14348,MERGE_SUBMIT,12,6,32,"","","","","","","","",0,0,0,"{L2:2, L3:1, L4:1, L6:1, L7:1}","{L2:2, L3:1, L4:1, L6:1, L7:1}",""
2977883547460,PHASE_B,171746,14349,MERGE_START,0,6,32,"[435,442]","","[2,2]","","[4,4]","","[256,256]","",47,0,0,"{L2:2, L3:1, L4:1, L6:1, L7:1}","{L2:2, L3:1, L4:1, L6:1, L7:1}",""
2977883547894,PHASE_B,171812,14362,MERGE_DONE,0,0,0,"","443","","3","","8","","512",47,435,435,"","",""
2977883547900,PHASE_B,171816,14362,MERGE_PUBLISH,0,5,32,"","443","","3","","8","","512",47,439,439,"{L2:2, L3:1, L4:1, L6:1, L7:1}","{L3:2, L4:1, L6:1, L7:1}",""
2977883547905,PHASE_B,171818,14362,MERGE_SUBMIT,26,5,32,"","","","","","","","",0,0,0,"{L3:2, L4:1, L6:1, L7:1}","{L3:2, L4:1, L6:1, L7:1}",""
2977883548032,PHASE_B,171826,14363,MERGE_START,0,5,32,"[428,443]","","[3,3]","","[8,8]","","[512,512]","",83,0,0,"{L3:2, L4:1, L6:1, L7:1}","{L3:2, L4:1, L6:1, L7:1}",""
2977883549478,PHASE_B,172002,14399,SEAL,0,6,32,"","445","","0","","1","","64",0,0,0,"{L3:2, L4:1, L6:1, L7:1}","{L0:1, L3:2, L4:1, L6:1, L7:1}",""
2977883550234,PHASE_B,172117,14421,MERGE_DONE,0,0,0,"","444","","4","","16","","1024",83,2243,2242,"","",""
2977883550256,PHASE_B,172117,14421,MERGE_PUBLISH,0,5,32,"","444","","4","","16","","1024",83,2259,2258,"{L0:1, L3:2, L4:1, L6:1, L7:1}","{L0:1, L4:2, L6:1, L7:1}",""
2977883550275,PHASE_B,172117,14421,MERGE_SUBMIT,22,5,32,"","","","","","","","",0,0,0,"{L0:1, L4:2, L6:1, L7:1}","{L0:1, L4:2, L6:1, L7:1}",""
2977883550382,PHASE_B,172125,14424,MERGE_START,0,5,32,"[414,444]","","[4,4]","","[16,16]","","[1024,1024]","",85,0,0,"{L0:1, L4:2, L6:1, L7:1}","{L0:1, L4:2, L6:1, L7:1}",""
2977883551996,PHASE_B,172323,14463,SEAL,0,6,32,"","447","","0","","1","","64",0,0,0,"{L0:1, L4:2, L6:1, L7:1}","{L0:2, L4:2, L6:1, L7:1}",""
2977883554441,PHASE_B,172638,14526,SEAL,0,7,32,"","448","","0","","1","","64",0,0,0,"{L0:2, L4:2, L6:1, L7:1}","{L0:3, L4:2, L6:1, L7:1}",""
2977883554822,PHASE_B,172699,14539,MERGE_DONE,0,0,0,"","446","","5","","32","","2048",85,4463,4463,"","",""
2977883554886,PHASE_B,172706,14541,MERGE_PUBLISH,0,6,32,"","446","","5","","32","","2048",85,4521,4508,"{L0:3, L4:2, L6:1, L7:1}","{L0:3, L5:1, L6:1, L7:1}",""
2977883554903,PHASE_B,172706,14541,MERGE_SUBMIT,13,6,32,"","","","","","","","",0,0,0,"{L0:3, L5:1, L6:1, L7:1}","{L0:3, L5:1, L6:1, L7:1}",""
2977883555027,PHASE_B,172727,14544,MERGE_START,0,6,32,"[445,447]","","[0,0]","","[1,1]","","[64,64]","",91,0,0,"{L0:3, L5:1, L6:1, L7:1}","{L0:3, L5:1, L6:1, L7:1}",""
2977883555319,PHASE_B,172769,14553,MERGE_DONE,0,0,0,"","449","","1","","2","","128",91,326,326,"","",""
2977883555339,PHASE_B,172771,14553,MERGE_PUBLISH,0,5,32,"","449","","1","","2","","128",91,341,340,"{L0:3, L5:1, L6:1, L7:1}","{L0:1, L1:1, L5:1, L6:1, L7:1}",""
2977883556952,PHASE_B,172962,14590,SEAL,0,6,32,"","450","","0","","1","","64",0,0,0,"{L0:1, L1:1, L5:1, L6:1, L7:1}","{L0:2, L1:1, L5:1, L6:1, L7:1}",""
2977883556963,PHASE_B,172962,14590,MERGE_SUBMIT,0,6,32,"","","","","","","","",0,0,0,"{L0:2, L1:1, L5:1, L6:1, L7:1}","{L0:2, L1:1, L5:1, L6:1, L7:1}",""
2977883556974,PHASE_B,172962,14590,MERGE_START,0,6,32,"[448,450]","","[0,0]","","[1,1]","","[64,64]","",8,0,0,"{L0:2, L1:1, L5:1, L6:1, L7:1}","{L0:2, L1:1, L5:1, L6:1, L7:1}",""
2977883557108,PHASE_B,172988,14596,MERGE_DONE,0,0,0,"","451","","1","","2","","128",8,137,137,"","",""
2977883557113,PHASE_B,172988,14596,MERGE_PUBLISH,0,5,32,"","451","","1","","2","","128",8,141,141,"{L0:2, L1:1, L5:1, L6:1, L7:1}","{L1:2, L5:1, L6:1, L7:1}",""
2977883557118,PHASE_B,172988,14596,MERGE_SUBMIT,5,5,32,"","","","","","","","",0,0,0,"{L1:2, L5:1, L6:1, L7:1}","{L1:2, L5:1, L6:1, L7:1}",""
2977883557161,PHASE_B,172988,14596,MERGE_START,0,5,32,"[449,451]","","[1,1]","","[2,2]","","[128,128]","",42,0,0,"{L1:2, L5:1, L6:1, L7:1}","{L1:2, L5:1, L6:1, L7:1}",""
2977883557342,PHASE_B,173018,14602,MERGE_DONE,0,0,0,"","452","","2","","4","","256",42,183,183,"","",""
2977883557356,PHASE_B,173023,14604,MERGE_PUBLISH,0,4,32,"","452","","2","","4","","256",42,195,189,"{L1:2, L5:1, L6:1, L7:1}","{L2:1, L5:1, L6:1, L7:1}",""
2977883559276,PHASE_B,173280,14654,SEAL,0,5,32,"","453","","0","","1","","64",0,0,0,"{L2:1, L5:1, L6:1, L7:1}","{L0:1, L2:1, L5:1, L6:1, L7:1}",""
2977883561609,PHASE_B,173591,14718,SEAL,0,6,32,"","454","","0","","1","","64",0,0,0,"{L0:1, L2:1, L5:1, L6:1, L7:1}","{L0:2, L2:1, L5:1, L6:1, L7:1}",""
2977883561623,PHASE_B,173591,14718,MERGE_SUBMIT,0,6,32,"","","","","","","","",0,0,0,"{L0:2, L2:1, L5:1, L6:1, L7:1}","{L0:2, L2:1, L5:1, L6:1, L7:1}",""
2977883561741,PHASE_B,173610,14722,MERGE_START,0,6,32,"[453,454]","","[0,0]","","[1,1]","","[64,64]","",90,0,0,"{L0:2, L2:1, L5:1, L6:1, L7:1}","{L0:2, L2:1, L5:1, L6:1, L7:1}",""
2977883562076,PHASE_B,173668,14733,MERGE_DONE,0,0,0,"","455","","1","","2","","128",90,359,359,"","",""
2977883562098,PHASE_B,173669,14733,MERGE_PUBLISH,0,5,32,"","455","","1","","2","","128",90,376,375,"{L0:2, L2:1, L5:1, L6:1, L7:1}","{L1:1, L2:1, L5:1, L6:1, L7:1}",""
2977883564137,PHASE_B,173927,14783,SEAL,0,6,32,"","456","","0","","1","","64",0,0,0,"{L1:1, L2:1, L5:1, L6:1, L7:1}","{L0:1, L1:1, L2:1, L5:1, L6:1, L7:1}",""
2977883566564,PHASE_B,174244,14846,SEAL,0,7,32,"","457","","0","","1","","64",0,0,0,"{L0:1, L1:1, L2:1, L5:1, L6:1, L7:1}","{L0:2, L1:1, L2:1, L5:1, L6:1, L7:1}",""
2977883566576,PHASE_B,174244,14846,MERGE_SUBMIT,0,7,32,"","","","","","","","",0,0,0,"{L0:2, L1:1, L2:1, L5:1, L6:1, L7:1}","{L0:2, L1:1, L2:1, L5:1, L6:1, L7:1}",""
2977883566682,PHASE_B,174254,14852,MERGE_START,0,7,32,"[456,457]","","[0,0]","","[1,1]","","[64,64]","",81,0,0,"{L0:2, L1:1, L2:1, L5:1, L6:1, L7:1}","{L0:2, L1:1, L2:1, L5:1, L6:1, L7:1}",""
2977883566947,PHASE_B,174306,14860,MERGE_DONE,0,0,0,"","458","","1","","2","","128",81,286,286,"","",""
2977883566985,PHASE_B,174307,14860,MERGE_PUBLISH,0,6,32,"","458","","1","","2","","128",81,317,316,"{L0:2, L1:1, L2:1, L5:1, L6:1, L7:1}","{L1:2, L2:1, L5:1, L6:1, L7:1}",""
2977883567020,PHASE_B,174307,14860,MERGE_SUBMIT,13,6,32,"","","","","","","","",0,0,0,"{L1:2, L2:1, L5:1, L6:1, L7:1}","{L1:2, L2:1, L5:1, L6:1, L7:1}",""
2977883567106,PHASE_B,174324,14864,MERGE_START,0,6,32,"[455,458]","","[1,1]","","[2,2]","","[128,128]","",100,0,0,"{L1:2, L2:1, L5:1, L6:1, L7:1}","{L1:2, L2:1, L5:1, L6:1, L7:1}",""
2977883567608,PHASE_B,174398,14878,MERGE_DONE,0,0,0,"","459","","2","","4","","256",100,508,508,"","",""
2977883567626,PHASE_B,174399,14878,MERGE_PUBLISH,0,5,32,"","459","","2","","4","","256",100,519,519,"{L1:2, L2:1, L5:1, L6:1, L7:1}","{L2:2, L5:1, L6:1, L7:1}",""
2977883567636,PHASE_B,174399,14878,MERGE_SUBMIT,31,5,32,"","","","","","","","",0,0,0,"{L2:2, L5:1, L6:1, L7:1}","{L2:2, L5:1, L6:1, L7:1}",""
2977883567647,PHASE_B,174402,14880,MERGE_START,0,5,32,"[452,459]","","[2,2]","","[4,4]","","[256,256]","",10,0,0,"{L2:2, L5:1, L6:1, L7:1}","{L2:2, L5:1, L6:1, L7:1}",""
2977883568092,PHASE_B,174459,14890,MERGE_DONE,0,0,0,"","460","","3","","8","","512",10,449,449,"","",""
2977883568099,PHASE_B,174459,14890,MERGE_PUBLISH,0,4,32,"","460","","3","","8","","512",10,454,454,"{L2:2, L5:1, L6:1, L7:1}","{L3:1, L5:1, L6:1, L7:1}",""
2977883569016,PHASE_B,174556,14909,SEAL,0,5,32,"","461","","0","","1","","64",0,0,0,"{L3:1, L5:1, L6:1, L7:1}","{L0:1, L3:1, L5:1, L6:1, L7:1}",""
2977883571289,PHASE_B,174874,14974,SEAL,0,6,32,"","462","","0","","1","","64",0,0,0,"{L0:1, L3:1, L5:1, L6:1, L7:1}","{L0:2, L3:1, L5:1, L6:1, L7:1}",""
2977883571301,PHASE_B,174874,14974,MERGE_SUBMIT,0,6,32,"","","","","","","","",0,0,0,"{L0:2, L3:1, L5:1, L6:1, L7:1}","{L0:2, L3:1, L5:1, L6:1, L7:1}",""
2977883571401,PHASE_B,174900,14979,MERGE_START,0,6,32,"[461,462]","","[0,0]","","[1,1]","","[64,64]","",70,0,0,"{L0:2, L3:1, L5:1, L6:1, L7:1}","{L0:2, L3:1, L5:1, L6:1, L7:1}",""
2977883571696,PHASE_B,174944,14989,MERGE_DONE,0,0,0,"","463","","1","","2","","128",70,320,320,"","",""
2977883571741,PHASE_B,174945,14989,MERGE_PUBLISH,0,5,32,"","463","","1","","2","","128",70,359,349,"{L0:2, L3:1, L5:1, L6:1, L7:1}","{L1:1, L3:1, L5:1, L6:1, L7:1}",""
2977883573727,PHASE_B,175203,15039,SEAL,0,6,32,"","464","","0","","1","","64",0,0,0,"{L1:1, L3:1, L5:1, L6:1, L7:1}","{L0:1, L1:1, L3:1, L5:1, L6:1, L7:1}",""
2977883576092,PHASE_B,175518,15103,SEAL,0,7,32,"","465","","0","","1","","64",0,0,0,"{L0:1, L1:1, L3:1, L5:1, L6:1, L7:1}","{L0:2, L1:1, L3:1, L5:1, L6:1, L7:1}",""
2977883576109,PHASE_B,175518,15103,MERGE_SUBMIT,0,7,32,"","","","","","","","",0,0,0,"{L0:2, L1:1, L3:1, L5:1, L6:1, L7:1}","{L0:2, L1:1, L3:1, L5:1, L6:1, L7:1}",""
2977883576226,PHASE_B,175536,15107,MERGE_START,0,7,32,"[464,465]","","[0,0]","","[1,1]","","[64,64]","",90,0,0,"{L0:2, L1:1, L3:1, L5:1, L6:1, L7:1}","{L0:2, L1:1, L3:1, L5:1, L6:1, L7:1}",""
2977883576515,PHASE_B,175577,15114,MERGE_DONE,0,0,0,"","466","","1","","2","","128",90,313,313,"","",""
2977883576539,PHASE_B,175597,15117,MERGE_PUBLISH,0,6,32,"","466","","1","","2","","128",90,330,328,"{L0:2, L1:1, L3:1, L5:1, L6:1, L7:1}","{L1:2, L3:1, L5:1, L6:1, L7:1}",""
2977883576557,PHASE_B,175597,15117,MERGE_SUBMIT,13,6,32,"","","","","","","","",0,0,0,"{L1:2, L3:1, L5:1, L6:1, L7:1}","{L1:2, L3:1, L5:1, L6:1, L7:1}",""
2977883576630,PHASE_B,175599,15118,MERGE_START,0,6,32,"[463,466]","","[1,1]","","[2,2]","","[128,128]","",76,0,0,"{L1:2, L3:1, L5:1, L6:1, L7:1}","{L1:2, L3:1, L5:1, L6:1, L7:1}",""
2977883577150,PHASE_B,175672,15134,MERGE_DONE,0,0,0,"","467","","2","","4","","256",76,524,525,"","",""
2977883577166,PHASE_B,175679,15134,MERGE_PUBLISH,0,5,32,"","467","","2","","4","","256",76,535,535,"{L1:2, L3:1, L5:1, L6:1, L7:1}","{L2:1, L3:1, L5:1, L6:1, L7:1}",""
2977883578585,PHASE_B,175839,15166,SEAL,0,6,32,"","468","","0","","1","","64",0,0,0,"{L2:1, L3:1, L5:1, L6:1, L7:1}","{L0:1, L2:1, L3:1, L5:1, L6:1, L7:1}",""
2977883580889,PHASE_B,176163,15231,SEAL,0,7,32,"","469","","0","","1","","64",0,0,0,"{L0:1, L2:1, L3:1, L5:1, L6:1, L7:1}","{L0:2, L2:1, L3:1, L5:1, L6:1, L7:1}",""
2977883580902,PHASE_B,176163,15231,MERGE_SUBMIT,0,7,32,"","","","","","","","",0,0,0,"{L0:2, L2:1, L3:1, L5:1, L6:1, L7:1}","{L0:2, L2:1, L3:1, L5:1, L6:1, L7:1}",""
2977883580912,PHASE_B,176166,15232,MERGE_START,0,7,32,"[468,469]","","[0,0]","","[1,1]","","[64,64]","",7,0,0,"{L0:2, L2:1, L3:1, L5:1, L6:1, L7:1}","{L0:2, L2:1, L3:1, L5:1, L6:1, L7:1}",""
2977883581021,PHASE_B,176182,15236,MERGE_DONE,0,0,0,"","470","","1","","2","","128",7,113,113,"","",""
2977883581029,PHASE_B,176186,15236,MERGE_PUBLISH,0,6,32,"","470","","1","","2","","128",7,118,118,"{L0:2, L2:1, L3:1, L5:1, L6:1, L7:1}","{L1:1, L2:1, L3:1, L5:1, L6:1, L7:1}",""
2977883583200,PHASE_B,176475,15293,SEAL,0,7,32,"","471","","0","","1","","64",0,0,0,"{L1:1, L2:1, L3:1, L5:1, L6:1, L7:1}","{L0:1, L1:1, L2:1, L3:1, L5:1, L6:1, L7:1}",""
2977883585500,PHASE_B,176805,15358,SEAL,0,8,32,"","472","","0","","1","","64",0,0,0,"{L0:1, L1:1, L2:1, L3:1, L5:1, L6:1, L7:1}","{L0:2, L1:1, L2:1, L3:1, L5:1, L6:1, L7:1}",""
2977883585513,PHASE_B,176805,15358,MERGE_SUBMIT,0,8,32,"","","","","","","","",0,0,0,"{L0:2, L1:1, L2:1, L3:1, L5:1, L6:1, L7:1}","{L0:2, L1:1, L2:1, L3:1, L5:1, L6:1, L7:1}",""
2977883585623,PHASE_B,176814,15364,MERGE_START,0,8,32,"[471,472]","","[0,0]","","[1,1]","","[64,64]","",84,0,0,"{L0:2, L1:1, L2:1, L3:1, L5:1, L6:1, L7:1}","{L0:2, L1:1, L2:1, L3:1, L5:1, L6:1, L7:1}",""
2977883585931,PHASE_B,176870,15373,MERGE_DONE,0,0,0,"","473","","1","","2","","128",84,331,331,"","",""
2977883585955,PHASE_B,176870,15373,MERGE_PUBLISH,0,7,32,"","473","","1","","2","","128",84,347,346,"{L0:2, L1:1, L2:1, L3:1, L5:1, L6:1, L7:1}","{L1:2, L2:1, L3:1, L5:1, L6:1, L7:1}",""
2977883585976,PHASE_B,176870,15373,MERGE_SUBMIT,14,7,32,"","","","","","","","",0,0,0,"{L1:2, L2:1, L3:1, L5:1, L6:1, L7:1}","{L1:2, L2:1, L3:1, L5:1, L6:1, L7:1}",""
2977883586094,PHASE_B,176883,15377,MERGE_START,0,7,32,"[470,473]","","[1,1]","","[2,2]","","[128,128]","",95,0,0,"{L1:2, L2:1, L3:1, L5:1, L6:1, L7:1}","{L1:2, L2:1, L3:1, L5:1, L6:1, L7:1}",""
2977883586633,PHASE_B,176960,15390,MERGE_DONE,0,0,0,"","474","","2","","4","","256",95,565,564,"","",""
2977883586685,PHASE_B,176960,15390,MERGE_PUBLISH,0,6,32,"","474","","2","","4","","256",95,609,593,"{L1:2, L2:1, L3:1, L5:1, L6:1, L7:1}","{L2:2, L3:1, L5:1, L6:1, L7:1}",""
2977883586702,PHASE_B,176960,15390,MERGE_SUBMIT,33,6,32,"","","","","","","","",0,0,0,"{L2:2, L3:1, L5:1, L6:1, L7:1}","{L2:2, L3:1, L5:1, L6:1, L7:1}",""
2977883586805,PHASE_B,176986,15396,MERGE_START,0,6,32,"[467,474]","","[2,2]","","[4,4]","","[256,256]","",86,0,0,"{L2:2, L3:1, L5:1, L6:1, L7:1}","{L2:2, L3:1, L5:1, L6:1, L7:1}",""
2977883587930,PHASE_B,177101,15419,MERGE_DONE,0,0,0,"","475","","3","","8","","512",86,1144,1143,"","",""
2977883587982,PHASE_B,177124,15423,MERGE_PUBLISH,0,5,32,"","475","","3","","8","","512",86,1189,1172,"{L2:2, L3:1, L5:1, L6:1, L7:1}","{L3:2, L5:1, L6:1, L7:1}",""
2977883588018,PHASE_B,177127,15423,MERGE_SUBMIT,63,5,32,"","","","","","","","",0,0,0,"{L3:2, L5:1, L6:1, L7:1}","{L3:2, L5:1, L6:1, L7:1}",""
2977883588024,PHASE_B,177127,15423,MERGE_START,0,5,32,"[460,475]","","[3,3]","","[8,8]","","[512,512]","",31,0,0,"{L3:2, L5:1, L6:1, L7:1}","{L3:2, L5:1, L6:1, L7:1}",""
2977883588068,PHASE_B,177127,15423,SEAL,0,6,32,"","476","","0","","1","","64",0,0,0,"{L3:2, L5:1, L6:1, L7:1}","{L0:1, L3:2, L5:1, L6:1, L7:1}",""
2977883588799,PHASE_B,177238,15445,MERGE_DONE,0,0,0,"","477","","4","","16","","1024",31,777,777,"","",""
2977883588807,PHASE_B,177238,15445,MERGE_PUBLISH,0,5,32,"","477","","4","","16","","1024",31,783,783,"{L0:1, L3:2, L5:1, L6:1, L7:1}","{L0:1, L4:1, L5:1, L6:1, L7:1}",""
2977883590343,PHASE_B,177432,15486,SEAL,0,6,32,"","478","","0","","1","","64",0,0,0,"{L0:1, L4:1, L5:1, L6:1, L7:1}","{L0:2, L4:1, L5:1, L6:1, L7:1}",""
2977883590355,PHASE_B,177432,15486,MERGE_SUBMIT,0,6,32,"","","","","","","","",0,0,0,"{L0:2, L4:1, L5:1, L6:1, L7:1}","{L0:2, L4:1, L5:1, L6:1, L7:1}",""
2977883590464,PHASE_B,177459,15490,MERGE_START,0,6,32,"[476,478]","","[0,0]","","[1,1]","","[64,64]","",81,0,0,"{L0:2, L4:1, L5:1, L6:1, L7:1}","{L0:2, L4:1, L5:1, L6:1, L7:1}",""
2977883590759,PHASE_B,177506,15500,MERGE_DONE,0,0,0,"","479","","1","","2","","128",81,319,319,"","",""
2977883590832,PHASE_B,177511,15501,MERGE_PUBLISH,0,5,32,"","479","","1","","2","","128",81,385,353,"{L0:2, L4:1, L5:1, L6:1, L7:1}","{L1:1, L4:1, L5:1, L6:1, L7:1}",""
2977883592739,PHASE_B,177769,15551,SEAL,0,6,32,"","480","","0","","1","","64",0,0,0,"{L1:1, L4:1, L5:1, L6:1, L7:1}","{L0:1, L1:1, L4:1, L5:1, L6:1, L7:1}",""
2977883595254,PHASE_B,178078,15614,SEAL,0,7,32,"","481","","0","","1","","64",0,0,0,"{L0:1, L1:1, L4:1, L5:1, L6:1, L7:1}","{L0:2, L1:1, L4:1, L5:1, L6:1, L7:1}",""
2977883595267,PHASE_B,178078,15614,MERGE_SUBMIT,0,7,32,"","","","","","","","",0,0,0,"{L0:2, L1:1, L4:1, L5:1, L6:1, L7:1}","{L0:2, L1:1, L4:1, L5:1, L6:1, L7:1}",""
2977883595373,PHASE_B,178102,15620,MERGE_START,0,7,32,"[480,481]","","[0,0]","","[1,1]","","[64,64]","",81,0,0,"{L0:2, L1:1, L4:1, L5:1, L6:1, L7:1}","{L0:2, L1:1, L4:1, L5:1, L6:1, L7:1}",""
2977883595675,PHASE_B,178148,15629,MERGE_DONE,0,0,0,"","482","","1","","2","","128",81,323,323,"","",""
2977883595715,PHASE_B,178154,15631,MERGE_PUBLISH,0,6,32,"","482","","1","","2","","128",81,356,355,"{L0:2, L1:1, L4:1, L5:1, L6:1, L7:1}","{L1:2, L4:1, L5:1, L6:1, L7:1}",""
2977883595732,PHASE_B,178162,15632,MERGE_SUBMIT,15,6,32,"","","","","","","","",0,0,0,"{L1:2, L4:1, L5:1, L6:1, L7:1}","{L1:2, L4:1, L5:1, L6:1, L7:1}",""
2977883595811,PHASE_B,178169,15632,MERGE_START,0,6,32,"[479,482]","","[1,1]","","[2,2]","","[128,128]","",80,0,0,"{L1:2, L4:1, L5:1, L6:1, L7:1}","{L1:2, L4:1, L5:1, L6:1, L7:1}",""
2977883596322,PHASE_B,178240,15647,MERGE_DONE,0,0,0,"","483","","2","","4","","256",80,516,516,"","",""
2977883596338,PHASE_B,178240,15647,MERGE_PUBLISH,0,5,32,"","483","","2","","4","","256",80,527,527,"{L1:2, L4:1, L5:1, L6:1, L7:1}","{L2:1, L4:1, L5:1, L6:1, L7:1}",""
2977883597690,PHASE_B,178409,15679,SEAL,0,6,32,"","484","","0","","1","","64",0,0,0,"{L2:1, L4:1, L5:1, L6:1, L7:1}","{L0:1, L2:1, L4:1, L5:1, L6:1, L7:1}",""
2977883599950,PHASE_B,178720,15743,SEAL,0,7,32,"","485","","0","","1","","64",0,0,0,"{L0:1, L2:1, L4:1, L5:1, L6:1, L7:1}","{L0:2, L2:1, L4:1, L5:1, L6:1, L7:1}",""
2977883599964,PHASE_B,178720,15743,MERGE_SUBMIT,0,7,32,"","","","","","","","",0,0,0,"{L0:2, L2:1, L4:1, L5:1, L6:1, L7:1}","{L0:2, L2:1, L4:1, L5:1, L6:1, L7:1}",""
2977883599975,PHASE_B,178720,15743,MERGE_START,0,7,32,"[484,485]","","[0,0]","","[1,1]","","[64,64]","",8,0,0,"{L0:2, L2:1, L4:1, L5:1, L6:1, L7:1}","{L0:2, L2:1, L4:1, L5:1, L6:1, L7:1}",""
2977883600107,PHASE_B,178742,15747,MERGE_DONE,0,0,0,"","486","","1","","2","","128",8,135,135,"","",""
2977883600114,PHASE_B,178742,15747,MERGE_PUBLISH,0,6,32,"","486","","1","","2","","128",8,141,141,"{L0:2, L2:1, L4:1, L5:1, L6:1, L7:1}","{L1:1, L2:1, L4:1, L5:1, L6:1, L7:1}",""
2977883602287,PHASE_B,179038,15806,SEAL,0,7,32,"","487","","0","","1","","64",0,0,0,"{L1:1, L2:1, L4:1, L5:1, L6:1, L7:1}","{L0:1, L1:1, L2:1, L4:1, L5:1, L6:1, L7:1}",""
2977883604540,PHASE_B,179352,15869,SEAL,0,8,32,"","488","","0","","1","","64",0,0,0,"{L0:1, L1:1, L2:1, L4:1, L5:1, L6:1, L7:1}","{L0:2, L1:1, L2:1, L4:1, L5:1, L6:1, L7:1}",""
2977883604553,PHASE_B,179352,15869,MERGE_SUBMIT,0,8,32,"","","","","","","","",0,0,0,"{L0:2, L1:1, L2:1, L4:1, L5:1, L6:1, L7:1}","{L0:2, L1:1, L2:1, L4:1, L5:1, L6:1, L7:1}",""
2977883604666,PHASE_B,179379,15874,MERGE_START,0,8,32,"[487,488]","","[0,0]","","[1,1]","","[64,64]","",82,0,0,"{L0:2, L1:1, L2:1, L4:1, L5:1, L6:1, L7:1}","{L0:2, L1:1, L2:1, L4:1, L5:1, L6:1, L7:1}",""
2977883604963,PHASE_B,179426,15885,MERGE_DONE,0,0,0,"","489","","1","","2","","128",82,324,324,"","",""
2977883604987,PHASE_B,179426,15885,MERGE_PUBLISH,0,7,32,"","489","","1","","2","","128",82,340,339,"{L0:2, L1:1, L2:1, L4:1, L5:1, L6:1, L7:1}","{L1:2, L2:1, L4:1, L5:1, L6:1, L7:1}",""
2977883605036,PHASE_B,179429,15886,MERGE_SUBMIT,13,7,32,"","","","","","","","",0,0,0,"{L1:2, L2:1, L4:1, L5:1, L6:1, L7:1}","{L1:2, L2:1, L4:1, L5:1, L6:1, L7:1}",""
2977883605117,PHASE_B,179445,15887,MERGE_START,0,7,32,"[486,489]","","[1,1]","","[2,2]","","[128,128]","",79,0,0,"{L1:2, L2:1, L4:1, L5:1, L6:1, L7:1}","{L1:2, L2:1, L4:1, L5:1, L6:1, L7:1}",""
2977883605612,PHASE_B,179504,15899,MERGE_DONE,0,0,0,"","490","","2","","4","","256",79,503,502,"","",""
2977883605629,PHASE_B,179504,15899,MERGE_PUBLISH,0,6,32,"","490","","2","","4","","256",79,513,512,"{L1:2, L2:1, L4:1, L5:1, L6:1, L7:1}","{L2:2, L4:1, L5:1, L6:1, L7:1}",""
2977883605641,PHASE_B,179504,15899,MERGE_SUBMIT,29,6,32,"","","","","","","","",0,0,0,"{L2:2, L4:1, L5:1, L6:1, L7:1}","{L2:2, L4:1, L5:1, L6:1, L7:1}",""
2977883605747,PHASE_B,179518,15904,MERGE_START,0,6,32,"[483,490]","","[2,2]","","[4,4]","","[256,256]","",87,0,0,"{L2:2, L4:1, L5:1, L6:1, L7:1}","{L2:2, L4:1, L5:1, L6:1, L7:1}",""
2977883606831,PHASE_B,179646,15929,MERGE_DONE,0,0,0,"","491","","3","","8","","512",87,1103,1103,"","",""
2977883606859,PHASE_B,179652,15930,MERGE_PUBLISH,0,5,32,"","491","","3","","8","","512",87,1122,1120,"{L2:2, L4:1, L5:1, L6:1, L7:1}","{L3:1, L4:1, L5:1, L6:1, L7:1}",""
2977883607150,PHASE_B,179671,15933,SEAL,0,6,32,"","492","","0","","1","","64",0,0,0,"{L3:1, L4:1, L5:1, L6:1, L7:1}","{L0:1, L3:1, L4:1, L5:1, L6:1, L7:1}",""
2977883609579,PHASE_B,180003,15999,SEAL,0,7,32,"","493","","0","","1","","64",0,0,0,"{L0:1, L3:1, L4:1, L5:1, L6:1, L7:1}","{L0:2, L3:1, L4:1, L5:1, L6:1, L7:1}",""
2977883609591,PHASE_B,180003,15999,MERGE_SUBMIT,0,7,32,"","","","","","","","",0,0,0,"{L0:2, L3:1, L4:1, L5:1, L6:1, L7:1}","{L0:2, L3:1, L4:1, L5:1, L6:1, L7:1}",""
2977883609602,PHASE_B,180007,16000,MERGE_START,0,7,32,"[492,493]","","[0,0]","","[1,1]","","[64,64]","",8,0,0,"{L0:2, L3:1, L4:1, L5:1, L6:1, L7:1}","{L0:2, L3:1, L4:1, L5:1, L6:1, L7:1}",""
2977883609715,PHASE_B,180026,16005,MERGE_DONE,0,0,0,"","494","","1","","2","","128",8,116,116,"","",""
2977883609722,PHASE_B,180028,16005,MERGE_PUBLISH,0,6,32,"","494","","1","","2","","128",8,121,121,"{L0:2, L3:1, L4:1, L5:1, L6:1, L7:1}","{L1:1, L3:1, L4:1, L5:1, L6:1, L7:1}",""
2977883611891,PHASE_B,180311,16060,SEAL,0,7,32,"","495","","0","","1","","64",0,0,0,"{L1:1, L3:1, L4:1, L5:1, L6:1, L7:1}","{L0:1, L1:1, L3:1, L4:1, L5:1, L6:1, L7:1}",""
2977883614166,PHASE_B,180645,16127,SEAL,0,8,32,"","496","","0","","1","","64",0,0,0,"{L0:1, L1:1, L3:1, L4:1, L5:1, L6:1, L7:1}","{L0:2, L1:1, L3:1, L4:1, L5:1, L6:1, L7:1}",""
2977883614180,PHASE_B,180645,16127,MERGE_SUBMIT,0,8,32,"","","","","","","","",0,0,0,"{L0:2, L1:1, L3:1, L4:1, L5:1, L6:1, L7:1}","{L0:2, L1:1, L3:1, L4:1, L5:1, L6:1, L7:1}",""
2977883614301,PHASE_B,180653,16129,MERGE_START,0,8,32,"[495,496]","","[0,0]","","[1,1]","","[64,64]","",90,0,0,"{L0:2, L1:1, L3:1, L4:1, L5:1, L6:1, L7:1}","{L0:2, L1:1, L3:1, L4:1, L5:1, L6:1, L7:1}",""
2977883614704,PHASE_B,180718,16143,MERGE_DONE,0,0,0,"","497","","1","","2","","128",90,431,431,"","",""
2977883614729,PHASE_B,180718,16143,MERGE_PUBLISH,0,7,32,"","497","","1","","2","","128",90,447,446,"{L0:2, L1:1, L3:1, L4:1, L5:1, L6:1, L7:1}","{L1:2, L3:1, L4:1, L5:1, L6:1, L7:1}",""
2977883614747,PHASE_B,180722,16144,MERGE_SUBMIT,15,7,32,"","","","","","","","",0,0,0,"{L1:2, L3:1, L4:1, L5:1, L6:1, L7:1}","{L1:2, L3:1, L4:1, L5:1, L6:1, L7:1}",""
2977883614797,PHASE_B,180726,16144,MERGE_START,0,7,32,"[494,497]","","[1,1]","","[2,2]","","[128,128]","",33,0,0,"{L1:2, L3:1, L4:1, L5:1, L6:1, L7:1}","{L1:2, L3:1, L4:1, L5:1, L6:1, L7:1}",""
2977883615443,PHASE_B,180805,16161,MERGE_DONE,0,0,0,"","498","","2","","4","","256",33,665,665,"","",""
2977883615468,PHASE_B,180805,16161,MERGE_PUBLISH,0,6,32,"","498","","2","","4","","256",33,683,682,"{L1:2, L3:1, L4:1, L5:1, L6:1, L7:1}","{L2:1, L3:1, L4:1, L5:1, L6:1, L7:1}",""
2977883616722,PHASE_B,180959,16191,SEAL,0,7,32,"","499","","0","","1","","64",0,0,0,"{L2:1, L3:1, L4:1, L5:1, L6:1, L7:1}","{L0:1, L2:1, L3:1, L4:1, L5:1, L6:1, L7:1}",""
2977883618999,PHASE_B,181263,16250,SEAL,0,8,32,"","500","","0","","1","","64",0,0,0,"{L0:1, L2:1, L3:1, L4:1, L5:1, L6:1, L7:1}","{L0:2, L2:1, L3:1, L4:1, L5:1, L6:1, L7:1}",""
2977883619020,PHASE_B,181263,16250,MERGE_SUBMIT,0,8,32,"","","","","","","","",0,0,0,"{L0:2, L2:1, L3:1, L4:1, L5:1, L6:1, L7:1}","{L0:2, L2:1, L3:1, L4:1, L5:1, L6:1, L7:1}",""
2977883619126,PHASE_B,181294,16257,MERGE_START,0,8,32,"[499,500]","","[0,0]","","[1,1]","","[64,64]","",81,0,0,"{L0:2, L2:1, L3:1, L4:1, L5:1, L6:1, L7:1}","{L0:2, L2:1, L3:1, L4:1, L5:1, L6:1, L7:1}",""
2977883619429,PHASE_B,181355,16268,MERGE_DONE,0,0,0,"","501","","1","","2","","128",81,325,324,"","",""
2977883619455,PHASE_B,181355,16268,MERGE_PUBLISH,0,7,32,"","501","","1","","2","","128",81,342,341,"{L0:2, L2:1, L3:1, L4:1, L5:1, L6:1, L7:1}","{L1:1, L2:1, L3:1, L4:1, L5:1, L6:1, L7:1}",""
2977883621387,PHASE_B,181599,16319,SEAL,0,8,32,"","502","","0","","1","","64",0,0,0,"{L1:1, L2:1, L3:1, L4:1, L5:1, L6:1, L7:1}","{L0:1, L1:1, L2:1, L3:1, L4:1, L5:1, L6:1, L7:1}",""
2977883623736,PHASE_B,181919,16383,SEAL,0,9,32,"","503","","0","","1","","64",0,0,0,"{L0:1, L1:1, L2:1, L3:1, L4:1, L5:1, L6:1, L7:1}","{L0:2, L1:1, L2:1, L3:1, L4:1, L5:1, L6:1, L7:1}",""
2977883623751,PHASE_B,181919,16383,MERGE_SUBMIT,0,9,32,"","","","","","","","",0,0,0,"{L0:2, L1:1, L2:1, L3:1, L4:1, L5:1, L6:1, L7:1}","{L0:2, L1:1, L2:1, L3:1, L4:1, L5:1, L6:1, L7:1}",""
2977883623763,PHASE_B,181924,16384,MERGE_START,0,9,32,"[502,503]","","[0,0]","","[1,1]","","[64,64]","",8,0,0,"{L0:2, L1:1, L2:1, L3:1, L4:1, L5:1, L6:1, L7:1}","{L0:2, L1:1, L2:1, L3:1, L4:1, L5:1, L6:1, L7:1}",""
2977883623889,PHASE_B,181940,16387,MERGE_DONE,0,0,0,"","504","","1","","2","","128",8,131,131,"","",""
2977883623898,PHASE_B,181940,16387,MERGE_PUBLISH,0,8,32,"","504","","1","","2","","128",8,136,136,"{L0:2, L1:1, L2:1, L3:1, L4:1, L5:1, L6:1, L7:1}","{L1:2, L2:1, L3:1, L4:1, L5:1, L6:1, L7:1}",""
2977883623904,PHASE_B,181940,16387,MERGE_SUBMIT,5,8,32,"","","","","","","","",0,0,0,"{L1:2, L2:1, L3:1, L4:1, L5:1, L6:1, L7:1}","{L1:2, L2:1, L3:1, L4:1, L5:1, L6:1, L7:1}",""
2977883623944,PHASE_B,181956,16391,MERGE_START,0,8,32,"[501,504]","","[1,1]","","[2,2]","","[128,128]","",38,0,0,"{L1:2, L2:1, L3:1, L4:1, L5:1, L6:1, L7:1}","{L1:2, L2:1, L3:1, L4:1, L5:1, L6:1, L7:1}",""
2977883624152,PHASE_B,181986,16396,MERGE_DONE,0,0,0,"","505","","2","","4","","256",38,211,211,"","",""
2977883624160,PHASE_B,181986,16396,MERGE_PUBLISH,0,7,32,"","505","","2","","4","","256",38,216,216,"{L1:2, L2:1, L3:1, L4:1, L5:1, L6:1, L7:1}","{L2:2, L3:1, L4:1, L5:1, L6:1, L7:1}",""
2977883624166,PHASE_B,181986,16396,MERGE_SUBMIT,12,7,32,"","","","","","","","",0,0,0,"{L2:2, L3:1, L4:1, L5:1, L6:1, L7:1}","{L2:2, L3:1, L4:1, L5:1, L6:1, L7:1}",""
2977883624219,PHASE_B,181986,16396,MERGE_START,0,7,32,"[498,505]","","[2,2]","","[4,4]","","[256,256]","",30,0,0,"{L2:2, L3:1, L4:1, L5:1, L6:1, L7:1}","{L2:2, L3:1, L4:1, L5:1, L6:1, L7:1}",""
2977883625546,PHASE_B,182166,16433,MERGE_DONE,0,0,0,"","506","","3","","8","","512",30,1346,1345,"","",""
2977883625578,PHASE_B,182169,16433,MERGE_PUBLISH,0,6,32,"","506","","3","","8","","512",30,1370,1370,"{L2:2, L3:1, L4:1, L5:1, L6:1, L7:1}","{L3:2, L4:1, L5:1, L6:1, L7:1}",""
2977883625596,PHASE_B,182169,16433,MERGE_SUBMIT,49,6,32,"","","","","","","","",0,0,0,"{L3:2, L4:1, L5:1, L6:1, L7:1}","{L3:2, L4:1, L5:1, L6:1, L7:1}",""
2977883625709,PHASE_B,182172,16434,MERGE_START,0,6,32,"[491,506]","","[3,3]","","[8,8]","","[512,512]","",95,0,0,"{L3:2, L4:1, L5:1, L6:1, L7:1}","{L3:2, L4:1, L5:1, L6:1, L7:1}",""
2977883626304,PHASE_B,182249,16447,SEAL,0,7,32,"","508","","0","","1","","64",0,0,0,"{L3:2, L4:1, L5:1, L6:1, L7:1}","{L0:1, L3:2, L4:1, L5:1, L6:1, L7:1}",""
2977883627885,PHASE_B,182476,16495,MERGE_DONE,0,0,0,"","507","","4","","16","","1024",95,2196,2195,"","",""
2977883627909,PHASE_B,182476,16495,MERGE_PUBLISH,0,6,32,"","507","","4","","16","","1024",95,2213,2211,"{L0:1, L3:2, L4:1, L5:1, L6:1, L7:1}","{L0:1, L4:2, L5:1, L6:1, L7:1}",""
2977883627930,PHASE_B,182476,16495,MERGE_SUBMIT,47,6,32,"","","","","","","","",0,0,0,"{L0:1, L4:2, L5:1, L6:1, L7:1}","{L0:1, L4:2, L5:1, L6:1, L7:1}",""
2977883628056,PHASE_B,182494,16498,MERGE_START,0,6,32,"[477,507]","","[4,4]","","[16,16]","","[1024,1024]","",110,0,0,"{L0:1, L4:2, L5:1, L6:1, L7:1}","{L0:1, L4:2, L5:1, L6:1, L7:1}",""
2977883628711,PHASE_B,182565,16510,SEAL,0,7,32,"","509","","0","","1","","64",0,0,0,"{L0:1, L4:2, L5:1, L6:1, L7:1}","{L0:2, L4:2, L5:1, L6:1, L7:1}",""
2977883631066,PHASE_B,182883,16575,SEAL,0,8,32,"","511","","0","","1","","64",0,0,0,"{L0:2, L4:2, L5:1, L6:1, L7:1}","{L0:3, L4:2, L5:1, L6:1, L7:1}",""
2977883632531,PHASE_B,183105,16620,MERGE_DONE,0,0,0,"","510","","5","","32","","2048",110,4494,4494,"","",""
2977883632557,PHASE_B,183116,16621,MERGE_PUBLISH,0,7,32,"","510","","5","","32","","2048",110,4514,4513,"{L0:3, L4:2, L5:1, L6:1, L7:1}","{L0:3, L5:2, L6:1, L7:1}",""
2977883632576,PHASE_B,183116,16621,MERGE_SUBMIT,45,7,32,"","","","","","","","",0,0,0,"{L0:3, L5:2, L6:1, L7:1}","{L0:3, L5:2, L6:1, L7:1}",""
2977883632583,PHASE_B,183116,16621,MERGE_START,0,7,32,"[508,509]","","[0,0]","","[1,1]","","[64,64]","",13,0,0,"{L0:3, L5:2, L6:1, L7:1}","{L0:3, L5:2, L6:1, L7:1}",""
2977883632942,PHASE_B,183164,16630,MERGE_DONE,0,0,0,"","512","","1","","2","","128",13,362,362,"","",""
2977883632977,PHASE_B,183164,16630,MERGE_PUBLISH,0,6,32,"","512","","1","","2","","128",13,390,379,"{L0:3, L5:2, L6:1, L7:1}","{L0:1, L1:1, L5:2, L6:1, L7:1}",""
2977883632986,PHASE_B,183164,16630,MERGE_SUBMIT,55,6,32,"","","","","","","","",0,0,0,"{L0:1, L1:1, L5:2, L6:1, L7:1}","{L0:1, L1:1, L5:2, L6:1, L7:1}",""
2977883633052,PHASE_B,183164,16630,MERGE_START,0,6,32,"[446,510]","","[5,5]","","[32,32]","","[2048,2048]","",67,0,0,"{L0:1, L1:1, L5:2, L6:1, L7:1}","{L0:1, L1:1, L5:2, L6:1, L7:1}",""
2977883633428,PHASE_B,183197,16638,SEAL,0,7,32,"","513","","0","","1","","64",0,0,0,"{L0:1, L1:1, L5:2, L6:1, L7:1}","{L0:2, L1:1, L5:2, L6:1, L7:1}",""
2977883635793,PHASE_B,183523,16703,SEAL,0,8,32,"","515","","0","","1","","64",0,0,0,"{L0:2, L1:1, L5:2, L6:1, L7:1}","{L0:3, L1:1, L5:2, L6:1, L7:1}",""
2977883636721,PHASE_B,183673,16732,MERGE_DONE,0,0,0,"","514","","6","","64","","4096",67,3670,3637,"","",""
2977883636730,PHASE_B,183673,16732,MERGE_PUBLISH,0,7,32,"","514","","6","","64","","4096",67,3676,3643,"{L0:3, L1:1, L5:2, L6:1, L7:1}","{L0:3, L1:1, L6:2, L7:1}",""
2977883636735,PHASE_B,183673,16732,MERGE_SUBMIT,30,7,32,"","","","","","","","",0,0,0,"{L0:3, L1:1, L6:2, L7:1}","{L0:3, L1:1, L6:2, L7:1}",""
2977883636840,PHASE_B,183681,16735,MERGE_START,0,7,32,"[511,513]","","[0,0]","","[1,1]","","[64,64]","",82,0,0,"{L0:3, L1:1, L6:2, L7:1}","{L0:3, L1:1, L6:2, L7:1}",""
2977883637552,PHASE_B,183786,16755,MERGE_DONE,0,0,0,"","516","","1","","2","","128",82,730,659,"","",""
2977883637612,PHASE_B,183786,16755,MERGE_PUBLISH,0,6,32,"","516","","1","","2","","128",82,786,707,"{L0:3, L1:1, L6:2, L7:1}","{L0:1, L1:2, L6:2, L7:1}",""
2977883637631,PHASE_B,183786,16755,MERGE_SUBMIT,53,6,32,"","","","","","","","",0,0,0,"{L0:1, L1:2, L6:2, L7:1}","{L0:1, L1:2, L6:2, L7:1}",""
2977883637689,PHASE_B,183792,16758,MERGE_START,0,6,32,"[512,516]","","[1,1]","","[2,2]","","[128,128]","",56,0,0,"{L0:1, L1:2, L6:2, L7:1}","{L0:1, L1:2, L6:2, L7:1}",""
2977883638172,PHASE_B,183843,16767,SEAL,0,7,32,"","518","","0","","1","","64",0,0,0,"{L0:1, L1:2, L6:2, L7:1}","{L0:2, L1:2, L6:2, L7:1}",""
2977883638207,PHASE_B,183846,16768,MERGE_DONE,0,0,0,"","517","","2","","4","","256",56,523,523,"","",""
2977883638222,PHASE_B,183846,16768,MERGE_PUBLISH,0,6,32,"","517","","2","","4","","256",56,534,533,"{L0:2, L1:2, L6:2, L7:1}","{L0:2, L2:1, L6:2, L7:1}",""
2977883638235,PHASE_B,183846,16768,MERGE_SUBMIT,0,6,32,"","","","","","","","",0,0,0,"{L0:2, L2:1, L6:2, L7:1}","{L0:2, L2:1, L6:2, L7:1}",""
2977883638339,PHASE_B,183865,16772,MERGE_START,0,6,32,"[515,518]","","[0,0]","","[1,1]","","[64,64]","",84,0,0,"{L0:2, L2:1, L6:2, L7:1}","{L0:2, L2:1, L6:2, L7:1}",""
2977883638635,PHASE_B,183906,16781,MERGE_DONE,0,0,0,"","519","","1","","2","","128",84,318,317,"","",""
2977883638673,PHASE_B,183906,16781,MERGE_PUBLISH,0,5,32,"","519","","1","","2","","128",84,349,348,"{L0:2, L2:1, L6:2, L7:1}","{L1:1, L2:1, L6:2, L7:1}",""
2977883638693,PHASE_B,183907,16782,MERGE_SUBMIT,14,5,32,"","","","","","","","",0,0,0,"{L1:1, L2:1, L6:2, L7:1}","{L1:1, L2:1, L6:2, L7:1}",""
2977883638704,PHASE_B,183911,16783,MERGE_START,0,5,32,"[387,514]","","[6,6]","","[64,64]","","[4096,4096]","",11,0,0,"{L1:1, L2:1, L6:2, L7:1}","{L1:1, L2:1, L6:2, L7:1}",""
2977883640683,PHASE_B,184151,16829,SEAL,0,6,32,"","520","","0","","1","","64",0,0,0,"{L1:1, L2:1, L6:2, L7:1}","{L0:1, L1:1, L2:1, L6:2, L7:1}",""
2977883643071,PHASE_B,184473,16895,SEAL,0,7,32,"","522","","0","","1","","64",0,0,0,"{L0:1, L1:1, L2:1, L6:2, L7:1}","{L0:2, L1:1, L2:1, L6:2, L7:1}",""
2977883645377,PHASE_B,184795,16959,SEAL,0,8,32,"","523","","0","","1","","64",0,0,0,"{L0:2, L1:1, L2:1, L6:2, L7:1}","{L0:3, L1:1, L2:1, L6:2, L7:1}",""
2977883647724,PHASE_B,185114,17023,SEAL,0,9,32,"","524","","0","","1","","64",0,0,0,"{L0:3, L1:1, L2:1, L6:2, L7:1}","{L0:4, L1:1, L2:1, L6:2, L7:1}",""
2977883648062,PHASE_B,185173,17034,MERGE_DONE,0,0,0,"","521","","7","","128","","8192",11,9363,9363,"","",""
2977883648072,PHASE_B,185173,17034,MERGE_PUBLISH,0,8,32,"","521","","7","","128","","8192",11,9371,9371,"{L0:4, L1:1, L2:1, L6:2, L7:1}","{L0:4, L1:1, L2:1, L7:2}",""
2977883648084,PHASE_B,185173,17034,MERGE_SUBMIT,10,8,32,"","","","","","","","",0,0,0,"{L0:4, L1:1, L2:1, L7:2}","{L0:4, L1:1, L2:1, L7:2}",""
2977883648138,PHASE_B,185177,17035,MERGE_START,0,8,32,"[520,522]","","[0,0]","","[1,1]","","[64,64]","",31,0,0,"{L0:4, L1:1, L2:1, L7:2}","{L0:4, L1:1, L2:1, L7:2}",""
2977883649353,PHASE_B,185342,17068,MERGE_DONE,0,0,0,"","525","","1","","2","","128",31,1232,1141,"","",""
2977883649374,PHASE_B,185343,17068,MERGE_PUBLISH,0,7,32,"","525","","1","","2","","128",31,1250,1158,"{L0:4, L1:1, L2:1, L7:2}","{L0:2, L1:2, L2:1, L7:2}",""
2977883649391,PHASE_B,185343,17068,MERGE_SUBMIT,44,7,32,"","","","","","","","",0,0,0,"{L0:2, L1:2, L2:1, L7:2}","{L0:2, L1:2, L2:1, L7:2}",""
2977883649455,PHASE_B,185356,17070,MERGE_START,0,7,32,"[523,524]","","[0,0]","","[1,1]","","[64,64]","",61,0,0,"{L0:2, L1:2, L2:1, L7:2}","{L0:2, L1:2, L2:1, L7:2}",""
2977883649692,PHASE_B,185366,17073,MERGE_DONE,0,0,0,"","526","","1","","2","","128",61,244,244,"","",""
2977883649728,PHASE_B,185378,17076,MERGE_PUBLISH,0,6,32,"","526","","1","","2","","128",61,273,262,"{L0:2, L1:2, L2:1, L7:2}","{L1:3, L2:1, L7:2}",""
2977883649756,PHASE_B,185394,17076,MERGE_SUBMIT,52,6,32,"","","","","","","","",0,0,0,"{L1:3, L2:1, L7:2}","{L1:3, L2:1, L7:2}",""
2977883649862,PHASE_B,185394,17076,MERGE_START,0,6,32,"[519,525]","","[1,1]","","[2,2]","","[128,128]","",88,0,0,"{L1:3, L2:1, L7:2}","{L1:3, L2:1, L7:2}",""
2977883650351,PHASE_B,185442,17087,SEAL,0,7,32,"","528","","0","","1","","64",0,0,0,"{L1:3, L2:1, L7:2}","{L0:1, L1:3, L2:1, L7:2}",""
2977883650409,PHASE_B,185450,17089,MERGE_DONE,0,0,0,"","527","","2","","4","","256",88,566,566,"","",""
2977883650429,PHASE_B,185451,17089,MERGE_PUBLISH,0,6,32,"","527","","2","","4","","256",88,582,581,"{L0:1, L1:3, L2:1, L7:2}","{L0:1, L1:1, L2:2, L7:2}",""
2977883650448,PHASE_B,185451,17089,MERGE_SUBMIT,1,6,32,"","","","","","","","",0,0,0,"{L0:1, L1:1, L2:2, L7:2}","{L0:1, L1:1, L2:2, L7:2}",""
2977883650486,PHASE_B,185458,17091,MERGE_START,0,6,32,"[517,527]","","[2,2]","","[4,4]","","[256,256]","",21,0,0,"{L0:1, L1:1, L2:2, L7:2}","{L0:1, L1:1, L2:2, L7:2}",""
2977883651578,PHASE_B,185621,17122,MERGE_DONE,0,0,0,"","529","","3","","8","","512",21,1111,1110,"","",""
2977883651598,PHASE_B,185623,17122,MERGE_PUBLISH,0,5,32,"","529","","3","","8","","512",21,1127,1125,"{L0:1, L1:1, L2:2, L7:2}","{L0:1, L1:1, L3:1, L7:2}",""
2977883651633,PHASE_B,185623,17122,MERGE_SUBMIT,34,5,32,"","","","","","","","",0,0,0,"{L0:1, L1:1, L3:1, L7:2}","{L0:1, L1:1, L3:1, L7:2}",""
2977883651739,PHASE_B,185623,17122,MERGE_START,0,5,32,"[265,521]","","[7,7]","","[128,128]","","[8192,8192]","",90,0,0,"{L0:1, L1:1, L3:1, L7:2}","{L0:1, L1:1, L3:1, L7:2}",""
2977883652895,PHASE_B,185753,17149,SEAL,0,6,32,"","530","","0","","1","","64",0,0,0,"{L0:1, L1:1, L3:1, L7:2}","{L0:2, L1:1, L3:1, L7:2}",""
2977883655216,PHASE_B,186077,17214,SEAL,0,7,32,"","531","","0","","1","","64",0,0,0,"{L0:2, L1:1, L3:1, L7:2}","{L0:3, L1:1, L3:1, L7:2}",""
2977883657561,PHASE_B,186394,17279,SEAL,0,8,32,"","532","","0","","1","","64",0,0,0,"{L0:3, L1:1, L3:1, L7:2}","{L0:4, L1:1, L3:1, L7:2}",""
2977883660065,PHASE_B,186710,17341,SEAL,0,9,32,"","534","","0","","1","","64",0,0,0,"{L0:4, L1:1, L3:1, L7:2}","{L0:5, L1:1, L3:1, L7:2}",""
2977883662386,PHASE_B,187033,17407,SEAL,0,10,32,"","535","","0","","1","","64",0,0,0,"{L0:5, L1:1, L3:1, L7:2}","{L0:6, L1:1, L3:1, L7:2}",""
2977883664694,PHASE_B,187371,17471,SEAL,0,11,32,"","536","","0","","1","","64",0,0,0,"{L0:6, L1:1, L3:1, L7:2}","{L0:7, L1:1, L3:1, L7:2}",""
2977883667136,PHASE_B,187671,17533,SEAL,0,12,32,"","537","","0","","1","","64",0,0,0,"{L0:7, L1:1, L3:1, L7:2}","{L0:8, L1:1, L3:1, L7:2}",""
2977883669476,PHASE_B,187996,17598,SEAL,0,13,32,"","538","","0","","1","","64",0,0,0,"{L0:8, L1:1, L3:1, L7:2}","{L0:9, L1:1, L3:1, L7:2}",""
2977883671765,PHASE_B,188321,17663,SEAL,0,14,32,"","539","","0","","1","","64",0,0,0,"{L0:9, L1:1, L3:1, L7:2}","{L0:10, L1:1, L3:1, L7:2}",""
2977883674266,PHASE_B,188641,17727,SEAL,0,15,32,"","540","","0","","1","","64",0,0,0,"{L0:10, L1:1, L3:1, L7:2}","{L0:11, L1:1, L3:1, L7:2}",""
2977883676754,PHASE_B,188953,17791,SEAL,0,16,32,"","541","","0","","1","","64",0,0,0,"{L0:11, L1:1, L3:1, L7:2}","{L0:12, L1:1, L3:1, L7:2}",""
2977883679043,PHASE_B,189273,17854,SEAL,0,17,32,"","542","","0","","1","","64",0,0,0,"{L0:12, L1:1, L3:1, L7:2}","{L0:13, L1:1, L3:1, L7:2}",""
2977883681402,PHASE_B,189604,17919,SEAL,0,18,32,"","543","","0","","1","","64",0,0,0,"{L0:13, L1:1, L3:1, L7:2}","{L0:14, L1:1, L3:1, L7:2}",""
2977883683850,PHASE_B,189915,17981,SEAL,0,19,32,"","544","","0","","1","","64",0,0,0,"{L0:14, L1:1, L3:1, L7:2}","{L0:15, L1:1, L3:1, L7:2}",""
2977883686268,PHASE_B,190242,18047,SEAL,0,20,32,"","545","","0","","1","","64",0,0,0,"{L0:15, L1:1, L3:1, L7:2}","{L0:16, L1:1, L3:1, L7:2}",""
2977883688707,PHASE_B,190556,18109,SEAL,0,21,32,"","546","","0","","1","","64",0,0,0,"{L0:16, L1:1, L3:1, L7:2}","{L0:17, L1:1, L3:1, L7:2}",""
2977883691252,PHASE_B,190874,18174,SEAL,0,22,32,"","547","","0","","1","","64",0,0,0,"{L0:17, L1:1, L3:1, L7:2}","{L0:18, L1:1, L3:1, L7:2}",""
2977883693743,PHASE_B,191199,18239,SEAL,0,23,32,"","548","","0","","1","","64",0,0,0,"{L0:18, L1:1, L3:1, L7:2}","{L0:19, L1:1, L3:1, L7:2}",""
2977883696162,PHASE_B,191516,18303,SEAL,0,24,32,"","549","","0","","1","","64",0,0,0,"{L0:19, L1:1, L3:1, L7:2}","{L0:20, L1:1, L3:1, L7:2}",""
2977883698258,PHASE_B,191810,18362,MERGE_DONE,0,0,0,"","533","","8","","256","","16384",90,46536,46538,"","",""
2977883698285,PHASE_B,191819,18362,MERGE_PUBLISH,0,23,32,"","533","","8","","256","","16384",90,46558,46559,"{L0:20, L1:1, L3:1, L7:2}","{L0:20, L1:1, L3:1, L8:1}",""
2977883698309,PHASE_B,191820,18362,MERGE_SUBMIT,58,23,32,"","","","","","","","",0,0,0,"{L0:20, L1:1, L3:1, L8:1}","{L0:20, L1:1, L3:1, L8:1}",""
2977883698325,PHASE_B,191824,18363,MERGE_START,0,23,32,"[528,530]","","[0,0]","","[1,1]","","[64,64]","",13,0,0,"{L0:20, L1:1, L3:1, L8:1}","{L0:20, L1:1, L3:1, L8:1}",""
2977883698439,PHASE_B,191824,18363,MERGE_DONE,0,0,0,"","550","","1","","2","","128",13,124,123,"","",""
2977883698449,PHASE_B,191824,18363,MERGE_PUBLISH,0,22,32,"","550","","1","","2","","128",13,130,130,"{L0:20, L1:1, L3:1, L8:1}","{L0:18, L1:2, L3:1, L8:1}",""
2977883698458,PHASE_B,191824,18363,MERGE_SUBMIT,62,22,32,"","","","","","","","",0,0,0,"{L0:18, L1:2, L3:1, L8:1}","{L0:18, L1:2, L3:1, L8:1}",""
2977883698508,PHASE_B,191832,18367,MERGE_START,0,22,32,"[531,532]","","[0,0]","","[1,1]","","[64,64]","",48,0,0,"{L0:18, L1:2, L3:1, L8:1}","{L0:18, L1:2, L3:1, L8:1}",""
2977883698589,PHASE_B,191839,18367,SEAL,0,23,32,"","552","","0","","1","","64",0,0,0,"{L0:18, L1:2, L3:1, L8:1}","{L0:19, L1:2, L3:1, L8:1}",""
2977883698610,PHASE_B,191842,18368,MERGE_DONE,0,0,0,"","551","","1","","2","","128",48,106,106,"","",""
2977883698618,PHASE_B,191844,18368,MERGE_PUBLISH,0,22,32,"","551","","1","","2","","128",48,112,112,"{L0:19, L1:2, L3:1, L8:1}","{L0:17, L1:3, L3:1, L8:1}",""
2977883698625,PHASE_B,191845,18368,MERGE_SUBMIT,0,22,32,"","","","","","","","",0,0,0,"{L0:17, L1:3, L3:1, L8:1}","{L0:17, L1:3, L3:1, L8:1}",""
2977883698669,PHASE_B,191852,18370,MERGE_START,0,22,32,"[534,535]","","[0,0]","","[1,1]","","[64,64]","",41,0,0,"{L0:17, L1:3, L3:1, L8:1}","{L0:17, L1:3, L3:1, L8:1}",""
2977883698780,PHASE_B,191877,18373,MERGE_DONE,0,0,0,"","553","","1","","2","","128",41,115,114,"","",""
2977883698788,PHASE_B,191877,18373,MERGE_PUBLISH,0,21,32,"","553","","1","","2","","128",41,119,119,"{L0:17, L1:3, L3:1, L8:1}","{L0:15, L1:4, L3:1, L8:1}",""
2977883698795,PHASE_B,191877,18373,MERGE_SUBMIT,6,21,32,"","","","","","","","",0,0,0,"{L0:15, L1:4, L3:1, L8:1}","{L0:15, L1:4, L3:1, L8:1}",""
2977883698845,PHASE_B,191882,18375,MERGE_START,0,21,32,"[536,537]","","[0,0]","","[1,1]","","[64,64]","",18,0,0,"{L0:15, L1:4, L3:1, L8:1}","{L0:15, L1:4, L3:1, L8:1}",""
2977883699226,PHASE_B,191926,18384,MERGE_DONE,0,0,0,"","554","","1","","2","","128",18,410,410,"","",""
2977883699250,PHASE_B,191926,18384,MERGE_PUBLISH,0,20,32,"","554","","1","","2","","128",18,429,427,"{L0:15, L1:4, L3:1, L8:1}","{L0:13, L1:5, L3:1, L8:1}",""
2977883699273,PHASE_B,191926,18384,MERGE_SUBMIT,18,20,32,"","","","","","","","",0,0,0,"{L0:13, L1:5, L3:1, L8:1}","{L0:13, L1:5, L3:1, L8:1}",""
2977883699322,PHASE_B,191926,18384,MERGE_START,0,20,32,"[538,539]","","[0,0]","","[1,1]","","[64,64]","",21,0,0,"{L0:13, L1:5, L3:1, L8:1}","{L0:13, L1:5, L3:1, L8:1}",""
2977883699679,PHASE_B,191984,18395,MERGE_DONE,0,0,0,"","555","","1","","2","","128",21,387,387,"","",""
2977883699702,PHASE_B,191984,18395,MERGE_PUBLISH,0,19,32,"","555","","1","","2","","128",21,404,403,"{L0:13, L1:5, L3:1, L8:1}","{L0:11, L1:6, L3:1, L8:1}",""
2977883699724,PHASE_B,191984,18395,MERGE_SUBMIT,29,19,32,"","","","","","","","",0,0,0,"{L0:11, L1:6, L3:1, L8:1}","{L0:11, L1:6, L3:1, L8:1}",""
2977883699735,PHASE_B,191984,18395,MERGE_START,0,19,32,"[540,541]","","[0,0]","","[1,1]","","[64,64]","",11,0,0,"{L0:11, L1:6, L3:1, L8:1}","{L0:11, L1:6, L3:1, L8:1}",""
2977883699842,PHASE_B,191995,18399,MERGE_DONE,0,0,0,"","556","","1","","2","","128",11,113,113,"","",""
2977883699852,PHASE_B,191995,18399,MERGE_PUBLISH,0,18,32,"","556","","1","","2","","128",11,119,119,"{L0:11, L1:6, L3:1, L8:1}","{L0:9, L1:7, L3:1, L8:1}",""
2977883699860,PHASE_B,191995,18399,MERGE_SUBMIT,32,18,32,"","","","","","","","",0,0,0,"{L0:9, L1:7, L3:1, L8:1}","{L0:9, L1:7, L3:1, L8:1}",""
2977883699889,PHASE_B,192003,18401,MERGE_START,0,18,32,"[542,543]","","[0,0]","","[1,1]","","[64,64]","",15,0,0,"{L0:9, L1:7, L3:1, L8:1}","{L0:9, L1:7, L3:1, L8:1}",""
2977883700159,PHASE_B,192034,18405,MERGE_DONE,0,0,0,"","557","","1","","2","","128",15,283,284,"","",""
2977883700192,PHASE_B,192034,18405,MERGE_PUBLISH,0,17,32,"","557","","1","","2","","128",15,311,311,"{L0:9, L1:7, L3:1, L8:1}","{L0:7, L1:8, L3:1, L8:1}",""
2977883700209,PHASE_B,192034,18405,MERGE_SUBMIT,39,17,32,"","","","","","","","",0,0,0,"{L0:7, L1:8, L3:1, L8:1}","{L0:7, L1:8, L3:1, L8:1}",""
2977883700233,PHASE_B,192040,18408,MERGE_START,0,17,32,"[544,545]","","[0,0]","","[1,1]","","[64,64]","",17,0,0,"{L0:7, L1:8, L3:1, L8:1}","{L0:7, L1:8, L3:1, L8:1}",""
2977883700491,PHASE_B,192076,18414,MERGE_DONE,0,0,0,"","558","","1","","2","","128",17,269,269,"","",""
2977883700508,PHASE_B,192076,18414,MERGE_PUBLISH,0,16,32,"","558","","1","","2","","128",17,280,279,"{L0:7, L1:8, L3:1, L8:1}","{L0:5, L1:9, L3:1, L8:1}",""
2977883700523,PHASE_B,192076,18414,MERGE_SUBMIT,46,16,32,"","","","","","","","",0,0,0,"{L0:5, L1:9, L3:1, L8:1}","{L0:5, L1:9, L3:1, L8:1}",""
2977883700533,PHASE_B,192076,18414,MERGE_START,0,16,32,"[546,547]","","[0,0]","","[1,1]","","[64,64]","",10,0,0,"{L0:5, L1:9, L3:1, L8:1}","{L0:5, L1:9, L3:1, L8:1}",""
2977883700639,PHASE_B,192090,18416,MERGE_DONE,0,0,0,"","559","","1","","2","","128",10,110,110,"","",""
2977883700669,PHASE_B,192090,18416,MERGE_PUBLISH,0,15,32,"","559","","1","","2","","128",10,139,124,"{L0:5, L1:9, L3:1, L8:1}","{L0:3, L1:10, L3:1, L8:1}",""
2977883700677,PHASE_B,192090,18416,MERGE_SUBMIT,50,15,32,"","","","","","","","",0,0,0,"{L0:3, L1:10, L3:1, L8:1}","{L0:3, L1:10, L3:1, L8:1}",""
2977883700700,PHASE_B,192094,18419,MERGE_START,0,15,32,"[548,549]","","[0,0]","","[1,1]","","[64,64]","",16,0,0,"{L0:3, L1:10, L3:1, L8:1}","{L0:3, L1:10, L3:1, L8:1}",""
2977883700947,PHASE_B,192124,18424,MERGE_DONE,0,0,0,"","560","","1","","2","","128",16,255,255,"","",""
2977883700965,PHASE_B,192126,18424,MERGE_PUBLISH,0,14,32,"","560","","1","","2","","128",16,265,265,"{L0:3, L1:10, L3:1, L8:1}","{L0:1, L1:11, L3:1, L8:1}",""
2977883700981,PHASE_B,192128,18424,MERGE_SUBMIT,56,14,32,"","","","","","","","",0,0,0,"{L0:1, L1:11, L3:1, L8:1}","{L0:1, L1:11, L3:1, L8:1}",""
2977883701020,PHASE_B,192136,18425,MERGE_START,0,14,32,"[526,550]","","[1,1]","","[2,2]","","[128,128]","",19,0,0,"{L0:1, L1:11, L3:1, L8:1}","{L0:1, L1:11, L3:1, L8:1}",""
2977883701389,PHASE_B,192156,18431,SEAL,0,15,32,"","562","","0","","1","","64",0,0,0,"{L0:1, L1:11, L3:1, L8:1}","{L0:2, L1:11, L3:1, L8:1}",""
2977883701521,PHASE_B,192181,18435,MERGE_DONE,0,0,0,"","561","","2","","4","","256",19,524,524,"","",""
2977883701551,PHASE_B,192181,18435,MERGE_PUBLISH,0,14,32,"","561","","2","","4","","256",19,547,547,"{L0:2, L1:11, L3:1, L8:1}","{L0:2, L1:9, L2:1, L3:1, L8:1}",""
2977883701568,PHASE_B,192181,18435,MERGE_SUBMIT,4,14,32,"","","","","","","","",0,0,0,"{L0:2, L1:9, L2:1, L3:1, L8:1}","{L0:2, L1:9, L2:1, L3:1, L8:1}",""
2977883701577,PHASE_B,192181,18435,MERGE_START,0,14,32,"[552,562]","","[0,0]","","[1,1]","","[64,64]","",12,0,0,"{L0:2, L1:9, L2:1, L3:1, L8:1}","{L0:2, L1:9, L2:1, L3:1, L8:1}",""
2977883702247,PHASE_B,192276,18455,MERGE_DONE,0,0,0,"","563","","1","","2","","128",12,673,670,"","",""
2977883702271,PHASE_B,192285,18457,MERGE_PUBLISH,0,13,32,"","563","","1","","2","","128",12,691,680,"{L0:2, L1:9, L2:1, L3:1, L8:1}","{L1:10, L2:1, L3:1, L8:1}",""
2977883702278,PHASE_B,192286,18457,MERGE_SUBMIT,25,13,32,"","","","","","","","",0,0,0,"{L1:10, L2:1, L3:1, L8:1}","{L1:10, L2:1, L3:1, L8:1}",""
2977883702318,PHASE_B,192289,18458,MERGE_START,0,13,32,"[551,553]","","[1,1]","","[2,2]","","[128,128]","",38,0,0,"{L1:10, L2:1, L3:1, L8:1}","{L1:10, L2:1, L3:1, L8:1}",""
2977883703111,PHASE_B,192399,18479,MERGE_DONE,0,0,0,"","564","","2","","4","","256",38,796,796,"","",""
2977883703131,PHASE_B,192401,18479,MERGE_PUBLISH,0,12,32,"","564","","2","","4","","256",38,807,806,"{L1:10, L2:1, L3:1, L8:1}","{L1:8, L2:2, L3:1, L8:1}",""
2977883703141,PHASE_B,192401,18479,MERGE_SUBMIT,47,12,32,"","","","","","","","",0,0,0,"{L1:8, L2:2, L3:1, L8:1}","{L1:8, L2:2, L3:1, L8:1}",""
2977883703166,PHASE_B,192406,18480,MERGE_START,0,12,32,"[554,555]","","[1,1]","","[2,2]","","[128,128]","",14,0,0,"{L1:8, L2:2, L3:1, L8:1}","{L1:8, L2:2, L3:1, L8:1}",""
2977883703670,PHASE_B,192456,18489,MERGE_DONE,0,0,0,"","565","","2","","4","","256",14,514,514,"","",""
2977883703687,PHASE_B,192456,18489,MERGE_PUBLISH,0,11,32,"","565","","2","","4","","256",14,526,526,"{L1:8, L2:2, L3:1, L8:1}","{L1:6, L2:3, L3:1, L8:1}",""
2977883703702,PHASE_B,192456,18489,MERGE_SUBMIT,59,11,32,"","","","","","","","",0,0,0,"{L1:6, L2:3, L3:1, L8:1}","{L1:6, L2:3, L3:1, L8:1}",""
2977883703787,PHASE_B,192456,18489,MERGE_START,0,11,32,"[556,557]","","[1,1]","","[2,2]","","[128,128]","",64,0,0,"{L1:6, L2:3, L3:1, L8:1}","{L1:6, L2:3, L3:1, L8:1}",""
2977883703987,PHASE_B,192482,18495,SEAL,0,12,32,"","567","","0","","1","","64",0,0,0,"{L1:6, L2:3, L3:1, L8:1}","{L0:1, L1:6, L2:3, L3:1, L8:1}",""
2977883704226,PHASE_B,192514,18502,MERGE_DONE,0,0,0,"","566","","2","","4","","256",64,462,461,"","",""
2977883704272,PHASE_B,192523,18504,MERGE_PUBLISH,0,11,32,"","566","","2","","4","","256",64,502,490,"{L0:1, L1:6, L2:3, L3:1, L8:1}","{L0:1, L1:4, L2:4, L3:1, L8:1}",""
2977883704286,PHASE_B,192523,18504,MERGE_SUBMIT,8,11,32,"","","","","","","","",0,0,0,"{L0:1, L1:4, L2:4, L3:1, L8:1}","{L0:1, L1:4, L2:4, L3:1, L8:1}",""
2977883704296,PHASE_B,192527,18505,MERGE_START,0,11,32,"[558,559]","","[1,1]","","[2,2]","","[128,128]","",10,0,0,"{L0:1, L1:4, L2:4, L3:1, L8:1}","{L0:1, L1:4, L2:4, L3:1, L8:1}",""
2977883704581,PHASE_B,192562,18513,MERGE_DONE,0,0,0,"","568","","2","","4","","256",10,288,288,"","",""
2977883704588,PHASE_B,192565,18513,MERGE_PUBLISH,0,10,32,"","568","","2","","4","","256",10,293,293,"{L0:1, L1:4, L2:4, L3:1, L8:1}","{L0:1, L1:2, L2:5, L3:1, L8:1}",""
2977883704593,PHASE_B,192565,18513,MERGE_SUBMIT,17,10,32,"","","","","","","","",0,0,0,"{L0:1, L1:2, L2:5, L3:1, L8:1}","{L0:1, L1:2, L2:5, L3:1, L8:1}",""
2977883704650,PHASE_B,192575,18514,MERGE_START,0,10,32,"[560,563]","","[1,1]","","[2,2]","","[128,128]","",33,0,0,"{L0:1, L1:2, L2:5, L3:1, L8:1}","{L0:1, L1:2, L2:5, L3:1, L8:1}",""
2977883705272,PHASE_B,192664,18532,MERGE_DONE,0,0,0,"","569","","2","","4","","256",33,643,642,"","",""
2977883705309,PHASE_B,192664,18532,MERGE_PUBLISH,0,9,32,"","569","","2","","4","","256",33,673,672,"{L0:1, L1:2, L2:5, L3:1, L8:1}","{L0:1, L2:6, L3:1, L8:1}",""
2977883705330,PHASE_B,192664,18532,MERGE_SUBMIT,37,9,32,"","","","","","","","",0,0,0,"{L0:1, L2:6, L3:1, L8:1}","{L0:1, L2:6, L3:1, L8:1}",""
2977883705436,PHASE_B,192683,18536,MERGE_START,0,9,32,"[561,564]","","[2,2]","","[4,4]","","[256,256]","",87,0,0,"{L0:1, L2:6, L3:1, L8:1}","{L0:1, L2:6, L3:1, L8:1}",""
2977883706503,PHASE_B,192798,18559,SEAL,0,10,32,"","571","","0","","1","","64",0,0,0,"{L0:1, L2:6, L3:1, L8:1}","{L0:2, L2:6, L3:1, L8:1}",""
2977883706559,PHASE_B,192811,18561,MERGE_DONE,0,0,0,"","570","","3","","8","","512",87,1144,1144,"","",""
2977883706581,PHASE_B,192812,18561,MERGE_PUBLISH,0,9,32,"","570","","3","","8","","512",87,1160,1159,"{L0:2, L2:6, L3:1, L8:1}","{L0:2, L2:4, L3:2, L8:1}",""
2977883706601,PHASE_B,192812,18561,MERGE_SUBMIT,1,9,32,"","","","","","","","",0,0,0,"{L0:2, L2:4, L3:2, L8:1}","{L0:2, L2:4, L3:2, L8:1}",""
2977883706701,PHASE_B,192832,18566,MERGE_START,0,9,32,"[567,571]","","[0,0]","","[1,1]","","[64,64]","",85,0,0,"{L0:2, L2:4, L3:2, L8:1}","{L0:2, L2:4, L3:2, L8:1}",""
2977883706938,PHASE_B,192863,18570,MERGE_DONE,0,0,0,"","572","","1","","2","","128",85,256,255,"","",""
2977883706972,PHASE_B,192870,18573,MERGE_PUBLISH,0,8,32,"","572","","1","","2","","128",85,283,282,"{L0:2, L2:4, L3:2, L8:1}","{L1:1, L2:4, L3:2, L8:1}",""
2977883706990,PHASE_B,192870,18573,MERGE_SUBMIT,13,8,32,"","","","","","","","",0,0,0,"{L1:1, L2:4, L3:2, L8:1}","{L1:1, L2:4, L3:2, L8:1}",""
2977883707004,PHASE_B,192870,18573,MERGE_START,0,8,32,"[565,566]","","[2,2]","","[4,4]","","[256,256]","",12,0,0,"{L1:1, L2:4, L3:2, L8:1}","{L1:1, L2:4, L3:2, L8:1}",""
2977883707515,PHASE_B,192933,18588,MERGE_DONE,0,0,0,"","573","","3","","8","","512",12,518,518,"","",""
2977883707527,PHASE_B,192940,18588,MERGE_PUBLISH,0,7,32,"","573","","3","","8","","512",12,524,524,"{L1:1, L2:4, L3:2, L8:1}","{L1:1, L2:2, L3:3, L8:1}",""
2977883707533,PHASE_B,192946,18588,MERGE_SUBMIT,28,7,32,"","","","","","","","",0,0,0,"{L1:1, L2:2, L3:3, L8:1}","{L1:1, L2:2, L3:3, L8:1}",""
2977883707648,PHASE_B,192959,18589,MERGE_START,0,7,32,"[568,569]","","[2,2]","","[4,4]","","[256,256]","",92,0,0,"{L1:1, L2:2, L3:3, L8:1}","{L1:1, L2:2, L3:3, L8:1}",""
2977883708726,PHASE_B,193084,18614,MERGE_DONE,0,0,0,"","574","","3","","8","","512",92,1098,1098,"","",""
2977883708775,PHASE_B,193094,18618,MERGE_PUBLISH,0,6,32,"","574","","3","","8","","512",92,1140,1124,"{L1:1, L2:2, L3:3, L8:1}","{L1:1, L3:4, L8:1}",""
2977883708810,PHASE_B,193094,18618,MERGE_SUBMIT,58,6,32,"","","","","","","","",0,0,0,"{L1:1, L3:4, L8:1}","{L1:1, L3:4, L8:1}",""
2977883708922,PHASE_B,193097,18619,MERGE_START,0,6,32,"[529,570]","","[3,3]","","[8,8]","","[512,512]","",94,0,0,"{L1:1, L3:4, L8:1}","{L1:1, L3:4, L8:1}",""
2977883709099,PHASE_B,193115,18622,SEAL,0,7,32,"","575","","0","","1","","64",0,0,0,"{L1:1, L3:4, L8:1}","{L0:1, L1:1, L3:4, L8:1}",""
2977883711189,PHASE_B,193408,18682,MERGE_DONE,0,0,0,"","576","","4","","16","","1024",94,2286,2286,"","",""
2977883711212,PHASE_B,193412,18682,MERGE_PUBLISH,0,6,32,"","576","","4","","16","","1024",94,2303,2302,"{L0:1, L1:1, L3:4, L8:1}","{L0:1, L1:1, L3:2, L4:1, L8:1}",""
2977883711233,PHASE_B,193413,18682,MERGE_SUBMIT,58,6,32,"","","","","","","","",0,0,0,"{L0:1, L1:1, L3:2, L4:1, L8:1}","{L0:1, L1:1, L3:2, L4:1, L8:1}",""
2977883711345,PHASE_B,193422,18684,MERGE_START,0,6,32,"[573,574]","","[3,3]","","[8,8]","","[512,512]","",96,0,0,"{L0:1, L1:1, L3:2, L4:1, L8:1}","{L0:1, L1:1, L3:2, L4:1, L8:1}",""
2977883711527,PHASE_B,193442,18687,SEAL,0,7,32,"","577","","0","","1","","64",0,0,0,"{L0:1, L1:1, L3:2, L4:1, L8:1}","{L0:2, L1:1, L3:2, L4:1, L8:1}",""
2977883713560,PHASE_B,193729,18745,MERGE_DONE,0,0,0,"","578","","4","","16","","1024",96,2234,2234,"","",""
2977883713586,PHASE_B,193735,18745,MERGE_PUBLISH,0,6,32,"","578","","4","","16","","1024",96,2254,2252,"{L0:2, L1:1, L3:2, L4:1, L8:1}","{L0:2, L1:1, L4:2, L8:1}",""
2977883713605,PHASE_B,193735,18745,MERGE_SUBMIT,57,6,32,"","","","","","","","",0,0,0,"{L0:2, L1:1, L4:2, L8:1}","{L0:2, L1:1, L4:2, L8:1}",""
2977883713613,PHASE_B,193735,18745,MERGE_START,0,6,32,"[575,577]","","[0,0]","","[1,1]","","[64,64]","",12,0,0,"{L0:2, L1:1, L4:2, L8:1}","{L0:2, L1:1, L4:2, L8:1}",""
2977883713830,PHASE_B,193754,18750,MERGE_DONE,0,0,0,"","579","","1","","2","","128",12,219,213,"","",""
2977883713838,PHASE_B,193754,18750,MERGE_PUBLISH,0,5,32,"","579","","1","","2","","128",12,224,217,"{L0:2, L1:1, L4:2, L8:1}","{L1:2, L4:2, L8:1}",""
2977883713843,PHASE_B,193754,18750,MERGE_SUBMIT,63,5,32,"","","","","","","","",0,0,0,"{L1:2, L4:2, L8:1}","{L1:2, L4:2, L8:1}",""
2977883713889,PHASE_B,193754,18750,MERGE_START,0,5,32,"[572,579]","","[1,1]","","[2,2]","","[128,128]","",45,0,0,"{L1:2, L4:2, L8:1}","{L1:2, L4:2, L8:1}",""
2977883713920,PHASE_B,193754,18750,SEAL,0,6,32,"","580","","0","","1","","64",0,0,0,"{L1:2, L4:2, L8:1}","{L0:1, L1:2, L4:2, L8:1}",""
2977883714173,PHASE_B,193798,18758,MERGE_DONE,0,0,0,"","581","","2","","4","","256",45,285,285,"","",""
2977883714181,PHASE_B,193798,18758,MERGE_PUBLISH,0,5,32,"","581","","2","","4","","256",45,290,290,"{L0:1, L1:2, L4:2, L8:1}","{L0:1, L2:1, L4:2, L8:1}",""
2977883714187,PHASE_B,193798,18758,MERGE_SUBMIT,7,5,32,"","","","","","","","",0,0,0,"{L0:1, L2:1, L4:2, L8:1}","{L0:1, L2:1, L4:2, L8:1}",""
2977883714247,PHASE_B,193798,18758,MERGE_START,0,5,32,"[576,578]","","[4,4]","","[16,16]","","[1024,1024]","",59,0,0,"{L0:1, L2:1, L4:2, L8:1}","{L0:1, L2:1, L4:2, L8:1}",""
2977883716019,PHASE_B,194038,18806,MERGE_DONE,0,0,0,"","582","","5","","32","","2048",59,1772,1773,"","",""
2977883716043,PHASE_B,194038,18806,MERGE_PUBLISH,0,4,32,"","582","","5","","32","","2048",59,1793,1784,"{L0:1, L2:1, L4:2, L8:1}","{L0:1, L2:1, L5:1, L8:1}",""
2977883716476,PHASE_B,194085,18815,SEAL,0,5,32,"","583","","0","","1","","64",0,0,0,"{L0:1, L2:1, L5:1, L8:1}","{L0:2, L2:1, L5:1, L8:1}",""
2977883716488,PHASE_B,194085,18815,MERGE_SUBMIT,0,5,32,"","","","","","","","",0,0,0,"{L0:2, L2:1, L5:1, L8:1}","{L0:2, L2:1, L5:1, L8:1}",""
2977883716596,PHASE_B,194099,18819,MERGE_START,0,5,32,"[580,583]","","[0,0]","","[1,1]","","[64,64]","",85,0,0,"{L0:2, L2:1, L5:1, L8:1}","{L0:2, L2:1, L5:1, L8:1}",""
2977883717000,PHASE_B,194162,18831,MERGE_DONE,0,0,0,"","584","","1","","2","","128",85,422,422,"","",""
2977883717038,PHASE_B,194169,18833,MERGE_PUBLISH,0,4,32,"","584","","1","","2","","128",85,456,454,"{L0:2, L2:1, L5:1, L8:1}","{L1:1, L2:1, L5:1, L8:1}",""
2977883718790,PHASE_B,194401,18879,SEAL,0,5,32,"","585","","0","","1","","64",0,0,0,"{L1:1, L2:1, L5:1, L8:1}","{L0:1, L1:1, L2:1, L5:1, L8:1}",""
2977883721064,PHASE_B,194717,18942,SEAL,0,6,32,"","586","","0","","1","","64",0,0,0,"{L0:1, L1:1, L2:1, L5:1, L8:1}","{L0:2, L1:1, L2:1, L5:1, L8:1}",""
2977883721076,PHASE_B,194717,18942,MERGE_SUBMIT,0,6,32,"","","","","","","","",0,0,0,"{L0:2, L1:1, L2:1, L5:1, L8:1}","{L0:2, L1:1, L2:1, L5:1, L8:1}",""
2977883721190,PHASE_B,194738,18948,MERGE_START,0,6,32,"[585,586]","","[0,0]","","[1,1]","","[64,64]","",85,0,0,"{L0:2, L1:1, L2:1, L5:1, L8:1}","{L0:2, L1:1, L2:1, L5:1, L8:1}",""
2977883721478,PHASE_B,194787,18956,MERGE_DONE,0,0,0,"","587","","1","","2","","128",85,311,311,"","",""
2977883721500,PHASE_B,194787,18956,MERGE_PUBLISH,0,5,32,"","587","","1","","2","","128",85,328,326,"{L0:2, L1:1, L2:1, L5:1, L8:1}","{L1:2, L2:1, L5:1, L8:1}",""
2977883721535,PHASE_B,194787,18956,MERGE_SUBMIT,13,5,32,"","","","","","","","",0,0,0,"{L1:2, L2:1, L5:1, L8:1}","{L1:2, L2:1, L5:1, L8:1}",""
2977883721645,PHASE_B,194801,18960,MERGE_START,0,5,32,"[584,587]","","[1,1]","","[2,2]","","[128,128]","",94,0,0,"{L1:2, L2:1, L5:1, L8:1}","{L1:2, L2:1, L5:1, L8:1}",""
2977883722209,PHASE_B,194883,18975,MERGE_DONE,0,0,0,"","588","","2","","4","","256",94,582,582,"","",""
2977883722228,PHASE_B,194883,18975,MERGE_PUBLISH,0,4,32,"","588","","2","","4","","256",94,597,596,"{L1:2, L2:1, L5:1, L8:1}","{L2:2, L5:1, L8:1}",""
2977883722248,PHASE_B,194883,18975,MERGE_SUBMIT,31,4,32,"","","","","","","","",0,0,0,"{L2:2, L5:1, L8:1}","{L2:2, L5:1, L8:1}",""
2977883722257,PHASE_B,194883,18975,MERGE_START,0,4,32,"[581,588]","","[2,2]","","[4,4]","","[256,256]","",12,0,0,"{L2:2, L5:1, L8:1}","{L2:2, L5:1, L8:1}",""
2977883722695,PHASE_B,194929,18984,MERGE_DONE,0,0,0,"","589","","3","","8","","512",12,442,438,"","",""
2977883722713,PHASE_B,194936,18988,MERGE_PUBLISH,0,3,32,"","589","","3","","8","","512",12,458,448,"{L2:2, L5:1, L8:1}","{L3:1, L5:1, L8:1}",""
2977883723735,PHASE_B,195040,19007,SEAL,0,4,32,"","590","","0","","1","","64",0,0,0,"{L3:1, L5:1, L8:1}","{L0:1, L3:1, L5:1, L8:1}",""
2977883726151,PHASE_B,195347,19068,SEAL,0,5,32,"","591","","0","","1","","64",0,0,0,"{L0:1, L3:1, L5:1, L8:1}","{L0:2, L3:1, L5:1, L8:1}",""
2977883726163,PHASE_B,195347,19068,MERGE_SUBMIT,0,5,32,"","","","","","","","",0,0,0,"{L0:2, L3:1, L5:1, L8:1}","{L0:2, L3:1, L5:1, L8:1}",""
2977883726268,PHASE_B,195381,19074,MERGE_START,0,5,32,"[590,591]","","[0,0]","","[1,1]","","[64,64]","",82,0,0,"{L0:2, L3:1, L5:1, L8:1}","{L0:2, L3:1, L5:1, L8:1}",""
2977883726578,PHASE_B,195428,19085,MERGE_DONE,0,0,0,"","592","","1","","2","","128",82,330,329,"","",""
2977883726599,PHASE_B,195428,19085,MERGE_PUBLISH,0,4,32,"","592","","1","","2","","128",82,344,343,"{L0:2, L3:1, L5:1, L8:1}","{L1:1, L3:1, L5:1, L8:1}",""
2977883728499,PHASE_B,195682,19135,SEAL,0,5,32,"","593","","0","","1","","64",0,0,0,"{L1:1, L3:1, L5:1, L8:1}","{L0:1, L1:1, L3:1, L5:1, L8:1}",""
2977883730812,PHASE_B,195992,19199,SEAL,0,6,32,"","594","","0","","1","","64",0,0,0,"{L0:1, L1:1, L3:1, L5:1, L8:1}","{L0:2, L1:1, L3:1, L5:1, L8:1}",""
2977883730825,PHASE_B,195992,19199,MERGE_SUBMIT,0,6,32,"","","","","","","","",0,0,0,"{L0:2, L1:1, L3:1, L5:1, L8:1}","{L0:2, L1:1, L3:1, L5:1, L8:1}",""
2977883730942,PHASE_B,196018,19201,MERGE_START,0,6,32,"[593,594]","","[0,0]","","[1,1]","","[64,64]","",93,0,0,"{L0:2, L1:1, L3:1, L5:1, L8:1}","{L0:2, L1:1, L3:1, L5:1, L8:1}",""
2977883731241,PHASE_B,196055,19209,MERGE_DONE,0,0,0,"","595","","1","","2","","128",93,319,319,"","",""
2977883731264,PHASE_B,196055,19209,MERGE_PUBLISH,0,5,32,"","595","","1","","2","","128",93,336,335,"{L0:2, L1:1, L3:1, L5:1, L8:1}","{L1:2, L3:1, L5:1, L8:1}",""
2977883731283,PHASE_B,196055,19209,MERGE_SUBMIT,12,5,32,"","","","","","","","",0,0,0,"{L1:2, L3:1, L5:1, L8:1}","{L1:2, L3:1, L5:1, L8:1}",""
2977883731347,PHASE_B,196071,19214,MERGE_START,0,5,32,"[592,595]","","[1,1]","","[2,2]","","[128,128]","",64,0,0,"{L1:2, L3:1, L5:1, L8:1}","{L1:2, L3:1, L5:1, L8:1}",""
2977883731862,PHASE_B,196150,19228,MERGE_DONE,0,0,0,"","596","","2","","4","","256",64,520,520,"","",""
2977883731902,PHASE_B,196150,19228,MERGE_PUBLISH,0,4,32,"","596","","2","","4","","256",64,555,545,"{L1:2, L3:1, L5:1, L8:1}","{L2:1, L3:1, L5:1, L8:1}",""
2977883733325,PHASE_B,196321,19263,SEAL,0,5,32,"","597","","0","","1","","64",0,0,0,"{L2:1, L3:1, L5:1, L8:1}","{L0:1, L2:1, L3:1, L5:1, L8:1}",""
2977883735604,PHASE_B,196640,19327,SEAL,0,6,32,"","598","","0","","1","","64",0,0,0,"{L0:1, L2:1, L3:1, L5:1, L8:1}","{L0:2, L2:1, L3:1, L5:1, L8:1}",""
2977883735617,PHASE_B,196640,19327,MERGE_SUBMIT,0,6,32,"","","","","","","","",0,0,0,"{L0:2, L2:1, L3:1, L5:1, L8:1}","{L0:2, L2:1, L3:1, L5:1, L8:1}",""
2977883735627,PHASE_B,196640,19327,MERGE_START,0,6,32,"[597,598]","","[0,0]","","[1,1]","","[64,64]","",7,0,0,"{L0:2, L2:1, L3:1, L5:1, L8:1}","{L0:2, L2:1, L3:1, L5:1, L8:1}",""
2977883735730,PHASE_B,196660,19331,MERGE_DONE,0,0,0,"","599","","1","","2","","128",7,106,106,"","",""
2977883735738,PHASE_B,196660,19331,MERGE_PUBLISH,0,5,32,"","599","","1","","2","","128",7,112,112,"{L0:2, L2:1, L3:1, L5:1, L8:1}","{L1:1, L2:1, L3:1, L5:1, L8:1}",""
2977883737889,PHASE_B,196958,19391,SEAL,0,6,32,"","600","","0","","1","","64",0,0,0,"{L1:1, L2:1, L3:1, L5:1, L8:1}","{L0:1, L1:1, L2:1, L3:1, L5:1, L8:1}",""
2977883740272,PHASE_B,197275,19455,SEAL,0,7,32,"","601","","0","","1","","64",0,0,0,"{L0:1, L1:1, L2:1, L3:1, L5:1, L8:1}","{L0:2, L1:1, L2:1, L3:1, L5:1, L8:1}",""
2977883740286,PHASE_B,197275,19455,MERGE_SUBMIT,0,7,32,"","","","","","","","",0,0,0,"{L0:2, L1:1, L2:1, L3:1, L5:1, L8:1}","{L0:2, L1:1, L2:1, L3:1, L5:1, L8:1}",""
2977883740394,PHASE_B,197302,19459,MERGE_START,0,7,32,"[600,601]","","[0,0]","","[1,1]","","[64,64]","",83,0,0,"{L0:2, L1:1, L2:1, L3:1, L5:1, L8:1}","{L0:2, L1:1, L2:1, L3:1, L5:1, L8:1}",""
2977883740719,PHASE_B,197352,19469,MERGE_DONE,0,0,0,"","602","","1","","2","","128",83,346,345,"","",""
2977883740742,PHASE_B,197352,19469,MERGE_PUBLISH,0,6,32,"","602","","1","","2","","128",83,362,360,"{L0:2, L1:1, L2:1, L3:1, L5:1, L8:1}","{L1:2, L2:1, L3:1, L5:1, L8:1}",""
2977883740762,PHASE_B,197352,19469,MERGE_SUBMIT,13,6,32,"","","","","","","","",0,0,0,"{L1:2, L2:1, L3:1, L5:1, L8:1}","{L1:2, L2:1, L3:1, L5:1, L8:1}",""
2977883740874,PHASE_B,197368,19472,MERGE_START,0,6,32,"[599,602]","","[1,1]","","[2,2]","","[128,128]","",96,0,0,"{L1:2, L2:1, L3:1, L5:1, L8:1}","{L1:2, L2:1, L3:1, L5:1, L8:1}",""
2977883741488,PHASE_B,197443,19487,MERGE_DONE,0,0,0,"","603","","2","","4","","256",96,633,632,"","",""
2977883741514,PHASE_B,197453,19490,MERGE_PUBLISH,0,5,32,"","603","","2","","4","","256",96,651,650,"{L1:2, L2:1, L3:1, L5:1, L8:1}","{L2:2, L3:1, L5:1, L8:1}",""
2977883741532,PHASE_B,197455,19490,MERGE_SUBMIT,34,5,32,"","","","","","","","",0,0,0,"{L2:2, L3:1, L5:1, L8:1}","{L2:2, L3:1, L5:1, L8:1}",""
2977883741581,PHASE_B,197461,19492,MERGE_START,0,5,32,"[596,603]","","[2,2]","","[4,4]","","[256,256]","",35,0,0,"{L2:2, L3:1, L5:1, L8:1}","{L2:2, L3:1, L5:1, L8:1}",""
2977883742680,PHASE_B,197581,19518,MERGE_DONE,0,0,0,"","604","","3","","8","","512",35,1117,1117,"","",""
2977883742700,PHASE_B,197592,19518,MERGE_PUBLISH,0,4,32,"","604","","3","","8","","512",35,1132,1132,"{L2:2, L3:1, L5:1, L8:1}","{L3:2, L5:1, L8:1}",""
2977883742715,PHASE_B,197594,19518,MERGE_SUBMIT,62,4,32,"","","","","","","","",0,0,0,"{L3:2, L5:1, L8:1}","{L3:2, L5:1, L8:1}",""
2977883742724,PHASE_B,197594,19518,MERGE_START,0,4,32,"[589,604]","","[3,3]","","[8,8]","","[512,512]","",13,0,0,"{L3:2, L5:1, L8:1}","{L3:2, L5:1, L8:1}",""
2977883742814,PHASE_B,197601,19519,SEAL,0,5,32,"","605","","0","","1","","64",0,0,0,"{L3:2, L5:1, L8:1}","{L0:1, L3:2, L5:1, L8:1}",""
2977883743577,PHASE_B,197724,19543,MERGE_DONE,0,0,0,"","606","","4","","16","","1024",13,856,856,"","",""
2977883743590,PHASE_B,197725,19544,MERGE_PUBLISH,0,4,32,"","606","","4","","16","","1024",13,867,864,"{L0:1, L3:2, L5:1, L8:1}","{L0:1, L4:1, L5:1, L8:1}",""
2977883745172,PHASE_B,197917,19582,SEAL,0,5,32,"","607","","0","","1","","64",0,0,0,"{L0:1, L4:1, L5:1, L8:1}","{L0:2, L4:1, L5:1, L8:1}",""
2977883745184,PHASE_B,197917,19582,MERGE_SUBMIT,0,5,32,"","","","","","","","",0,0,0,"{L0:2, L4:1, L5:1, L8:1}","{L0:2, L4:1, L5:1, L8:1}",""
2977883745296,PHASE_B,197935,19587,MERGE_START,0,5,32,"[605,607]","","[0,0]","","[1,1]","","[64,64]","",90,0,0,"{L0:2, L4:1, L5:1, L8:1}","{L0:2, L4:1, L5:1, L8:1}",""
2977883745607,PHASE_B,197986,19597,MERGE_DONE,0,0,0,"","608","","1","","2","","128",90,329,329,"","",""
2977883745626,PHASE_B,197987,19597,MERGE_PUBLISH,0,4,32,"","608","","1","","2","","128",90,343,342,"{L0:2, L4:1, L5:1, L8:1}","{L1:1, L4:1, L5:1, L8:1}",""
2977883747628,PHASE_B,198247,19646,SEAL,0,5,32,"","609","","0","","1","","64",0,0,0,"{L1:1, L4:1, L5:1, L8:1}","{L0:1, L1:1, L4:1, L5:1, L8:1}",""
2977883749909,PHASE_B,198562,19711,SEAL,0,6,32,"","610","","0","","1","","64",0,0,0,"{L0:1, L1:1, L4:1, L5:1, L8:1}","{L0:2, L1:1, L4:1, L5:1, L8:1}",""
2977883749922,PHASE_B,198562,19711,MERGE_SUBMIT,0,6,32,"","","","","","","","",0,0,0,"{L0:2, L1:1, L4:1, L5:1, L8:1}","{L0:2, L1:1, L4:1, L5:1, L8:1}",""
2977883750042,PHASE_B,198581,19715,MERGE_START,0,6,32,"[609,610]","","[0,0]","","[1,1]","","[64,64]","",97,0,0,"{L0:2, L1:1, L4:1, L5:1, L8:1}","{L0:2, L1:1, L4:1, L5:1, L8:1}",""
2977883750371,PHASE_B,198631,19725,MERGE_DONE,0,0,0,"","611","","1","","2","","128",97,348,347,"","",""
2977883750434,PHASE_B,198644,19728,MERGE_PUBLISH,0,5,32,"","611","","1","","2","","128",97,404,392,"{L0:2, L1:1, L4:1, L5:1, L8:1}","{L1:2, L4:1, L5:1, L8:1}",""
2977883750452,PHASE_B,198644,19728,MERGE_SUBMIT,16,5,32,"","","","","","","","",0,0,0,"{L1:2, L4:1, L5:1, L8:1}","{L1:2, L4:1, L5:1, L8:1}",""
2977883750533,PHASE_B,198646,19729,MERGE_START,0,5,32,"[608,611]","","[1,1]","","[2,2]","","[128,128]","",79,0,0,"{L1:2, L4:1, L5:1, L8:1}","{L1:2, L4:1, L5:1, L8:1}",""
2977883751049,PHASE_B,198718,19742,MERGE_DONE,0,0,0,"","612","","2","","4","","256",79,522,522,"","",""
2977883751064,PHASE_B,198718,19742,MERGE_PUBLISH,0,4,32,"","612","","2","","4","","256",79,533,533,"{L1:2, L4:1, L5:1, L8:1}","{L2:1, L4:1, L5:1, L8:1}",""
2977883752400,PHASE_B,198878,19775,SEAL,0,5,32,"","613","","0","","1","","64",0,0,0,"{L2:1, L4:1, L5:1, L8:1}","{L0:1, L2:1, L4:1, L5:1, L8:1}",""
2977883754806,PHASE_B,199189,19836,SEAL,0,6,32,"","614","","0","","1","","64",0,0,0,"{L0:1, L2:1, L4:1, L5:1, L8:1}","{L0:2, L2:1, L4:1, L5:1, L8:1}",""
2977883754818,PHASE_B,199189,19836,MERGE_SUBMIT,0,6,32,"","","","","","","","",0,0,0,"{L0:2, L2:1, L4:1, L5:1, L8:1}","{L0:2, L2:1, L4:1, L5:1, L8:1}",""
2977883754828,PHASE_B,199193,19840,MERGE_START,0,6,32,"[613,614]","","[0,0]","","[1,1]","","[64,64]","",7,0,0,"{L0:2, L2:1, L4:1, L5:1, L8:1}","{L0:2, L2:1, L4:1, L5:1, L8:1}",""
2977883754952,PHASE_B,199228,19844,MERGE_DONE,0,0,0,"","615","","1","","2","","128",7,127,127,"","",""
2977883754958,PHASE_B,199230,19844,MERGE_PUBLISH,0,5,32,"","615","","1","","2","","128",7,131,131,"{L0:2, L2:1, L4:1, L5:1, L8:1}","{L1:1, L2:1, L4:1, L5:1, L8:1}",""
2977883757189,PHASE_B,199517,19903,SEAL,0,6,32,"","616","","0","","1","","64",0,0,0,"{L1:1, L2:1, L4:1, L5:1, L8:1}","{L0:1, L1:1, L2:1, L4:1, L5:1, L8:1}",""
2977883759506,PHASE_B,199830,19964,SEAL,0,7,32,"","617","","0","","1","","64",0,0,0,"{L0:1, L1:1, L2:1, L4:1, L5:1, L8:1}","{L0:2, L1:1, L2:1, L4:1, L5:1, L8:1}",""
2977883759519,PHASE_B,199830,19964,MERGE_SUBMIT,0,7,32,"","","","","","","","",0,0,0,"{L0:2, L1:1, L2:1, L4:1, L5:1, L8:1}","{L0:2, L1:1, L2:1, L4:1, L5:1, L8:1}",""
2977883759628,PHASE_B,199853,19969,MERGE_START,0,7,32,"[616,617]","","[0,0]","","[1,1]","","[64,64]","",85,0,0,"{L0:2, L1:1, L2:1, L4:1, L5:1, L8:1}","{L0:2, L1:1, L2:1, L4:1, L5:1, L8:1}",""
2977883759941,PHASE_B,199904,19980,MERGE_DONE,0,0,0,"","618","","1","","2","","128",85,334,333,"","",""
2977883759986,PHASE_B,199910,19981,MERGE_PUBLISH,0,6,32,"","618","","1","","2","","128",85,370,359,"{L0:2, L1:1, L2:1, L4:1, L5:1, L8:1}","{L1:2, L2:1, L4:1, L5:1, L8:1}",""
2977883760037,PHASE_B,199912,19982,MERGE_SUBMIT,13,6,32,"","","","","","","","",0,0,0,"{L1:2, L2:1, L4:1, L5:1, L8:1}","{L1:2, L2:1, L4:1, L5:1, L8:1}",""
2977883760111,PHASE_B,199924,19983,MERGE_START,0,6,32,"[615,618]","","[1,1]","","[2,2]","","[128,128]","",72,0,0,"{L1:2, L2:1, L4:1, L5:1, L8:1}","{L1:2, L2:1, L4:1, L5:1, L8:1}",""
2977883760619,PHASE_B,199979,19996,MERGE_DONE,0,0,0,"","619","","2","","4","","256",72,514,514,"","",""
2977883760637,PHASE_B,199981,19996,MERGE_PUBLISH,0,5,32,"","619","","2","","4","","256",72,524,523,"{L1:2, L2:1, L4:1, L5:1, L8:1}","{L2:2, L4:1, L5:1, L8:1}",""
2977883760647,PHASE_B,199982,19996,MERGE_SUBMIT,28,5,32,"","","","","","","","",0,0,0,"{L2:2, L4:1, L5:1, L8:1}","{L2:2, L4:1, L5:1, L8:1}",""
2977883760750,PHASE_B,199993,19998,MERGE_START,0,5,32,"[612,619]","","[2,2]","","[4,4]","","[256,256]","",84,0,0,"{L2:2, L4:1, L5:1, L8:1}","{L2:2, L4:1, L5:1, L8:1}",""
2977883761866,PHASE_C,200875,20000,MERGE_DONE,0,0,0,"","620","","3","","8","","512",84,1135,1135,"","",""
2977883761888,PHASE_C,200900,20000,MERGE_PUBLISH,0,4,32,"","620","","3","","8","","512",84,1151,1150,"{L2:2, L4:1, L5:1, L8:1}","{L3:1, L4:1, L5:1, L8:1}",""
