elapsed_sec,event_type,job_id,reason,input_level,output_level,sst_path,num_range_deletions,data_size,num_entries,dropped_records
0.49,flush,2,Write Buffer Full,-1,0,/home/wam/grad/s14-range-delete-study/scratch/longcycle_formal/db_LC20-R4-CLEAN/000009.sst,0,56791644,54394,0
0.79,flush,3,Write Buffer Full,-1,0,/home/wam/grad/s14-range-delete-study/scratch/longcycle_formal/db_LC20-R4-CLEAN/000011.sst,0,61971266,59352,0
1.09,flush,4,Write Buffer Full,-1,0,/home/wam/grad/s14-range-delete-study/scratch/longcycle_formal/db_LC20-R4-CLEAN/000013.sst,0,62955238,60293,0
1.44,flush,5,Write Buffer Full,-1,0,/home/wam/grad/s14-range-delete-study/scratch/longcycle_formal/db_LC20-R4-CLEAN/000015.sst,0,63653812,60962,0
1.80,flush,7,Write Buffer Full,-1,0,/home/wam/grad/s14-range-delete-study/scratch/longcycle_formal/db_LC20-R4-CLEAN/000018.sst,0,62448304,59807,0
2.22,flush,8,Write Buffer Full,-1,0,/home/wam/grad/s14-range-delete-study/scratch/longcycle_formal/db_LC20-R4-CLEAN/000022.sst,0,63894388,61191,0
2.43,compaction,6,kCompaction,0,6,/home/wam/grad/s14-range-delete-study/scratch/longcycle_formal/db_LC20-R4-CLEAN/000016.sst,0,228867551,217497,17504
2.55,flush,9,Write Buffer Full,-1,0,/home/wam/grad/s14-range-delete-study/scratch/longcycle_formal/db_LC20-R4-CLEAN/000025.sst,0,64062732,61352,0
2.93,flush,10,Write Buffer Full,-1,0,/home/wam/grad/s14-range-delete-study/scratch/longcycle_formal/db_LC20-R4-CLEAN/000027.sst,0,64106362,61393,0
3.40,flush,12,Write Buffer Full,-1,0,/home/wam/grad/s14-range-delete-study/scratch/longcycle_formal/db_LC20-R4-CLEAN/000030.sst,0,64092481,61380,0
3.93,flush,13,Write Buffer Full,-1,0,/home/wam/grad/s14-range-delete-study/scratch/longcycle_formal/db_LC20-R4-CLEAN/000033.sst,0,63687986,60992,0
4.40,flush,14,Write Buffer Full,-1,0,/home/wam/grad/s14-range-delete-study/scratch/longcycle_formal/db_LC20-R4-CLEAN/000036.sst,0,64253210,61533,0
4.82,flush,15,Write Buffer Full,-1,0,/home/wam/grad/s14-range-delete-study/scratch/longcycle_formal/db_LC20-R4-CLEAN/000039.sst,0,63761575,61062,0
5.13,flush,17,Write Buffer Full,-1,0,/home/wam/grad/s14-range-delete-study/scratch/longcycle_formal/db_LC20-R4-CLEAN/000042.sst,0,64290854,61569,0
5.43,flush,18,Write Buffer Full,-1,0,/home/wam/grad/s14-range-delete-study/scratch/longcycle_formal/db_LC20-R4-CLEAN/000045.sst,0,64431059,61703,0
6.02,flush,19,Write Buffer Full,-1,0,/home/wam/grad/s14-range-delete-study/scratch/longcycle_formal/db_LC20-R4-CLEAN/000048.sst,0,63982006,61273,0
6.08,compaction,16,kCompaction,0,0,/home/wam/grad/s14-range-delete-study/scratch/longcycle_formal/db_LC20-R4-CLEAN/000041.sst,0,252580772,240014,4953
6.38,flush,20,Write Buffer Full,-1,0,/home/wam/grad/s14-range-delete-study/scratch/longcycle_formal/db_LC20-R4-CLEAN/000051.sst,0,64463216,61733,0
6.40,compaction,11,kCompaction,0,6,/home/wam/grad/s14-range-delete-study/scratch/longcycle_formal/db_LC20-R4-CLEAN/000028.sst,0,456013963,433348,27892
6.65,flush,24,Write Buffer Full,-1,0,/home/wam/grad/s14-range-delete-study/scratch/longcycle_formal/db_LC20-R4-CLEAN/000054.sst,0,64290663,61567,0
6.94,flush,27,Write Buffer Full,-1,0,/home/wam/grad/s14-range-delete-study/scratch/longcycle_formal/db_LC20-R4-CLEAN/000056.sst,0,64359717,61633,0
7.56,flush,30,Write Buffer Full,-1,0,/home/wam/grad/s14-range-delete-study/scratch/longcycle_formal/db_LC20-R4-CLEAN/000058.sst,0,63273486,60592,0
7.57,compaction,23,kCompaction,0,0,/home/wam/grad/s14-range-delete-study/scratch/longcycle_formal/db_LC20-R4-CLEAN/000053.sst,0,255357069,242652,3626
7.79,flush,34,Write Buffer Full,-1,0,/home/wam/grad/s14-range-delete-study/scratch/longcycle_formal/db_LC20-R4-CLEAN/000061.sst,0,63827052,61123,0
8.16,flush,35,Write Buffer Full,-1,0,/home/wam/grad/s14-range-delete-study/scratch/longcycle_formal/db_LC20-R4-CLEAN/000063.sst,0,64719974,61979,0
8.71,flush,36,Write Buffer Full,-1,0,/home/wam/grad/s14-range-delete-study/scratch/longcycle_formal/db_LC20-R4-CLEAN/000066.sst,0,63297169,60615,0
9.04,flush,37,Write Buffer Full,-1,0,/home/wam/grad/s14-range-delete-study/scratch/longcycle_formal/db_LC20-R4-CLEAN/000069.sst,0,64424372,61695,0
9.38,flush,39,Write Buffer Full,-1,0,/home/wam/grad/s14-range-delete-study/scratch/longcycle_formal/db_LC20-R4-CLEAN/000072.sst,0,62942987,60275,0
9.74,flush,40,Write Buffer Full,-1,0,/home/wam/grad/s14-range-delete-study/scratch/longcycle_formal/db_LC20-R4-CLEAN/000075.sst,0,64669239,61930,0
10.26,flush,41,Write Buffer Full,-1,0,/home/wam/grad/s14-range-delete-study/scratch/longcycle_formal/db_LC20-R4-CLEAN/000078.sst,0,64715744,61973,0
10.37,compaction,38,kCompaction,0,0,/home/wam/grad/s14-range-delete-study/scratch/longcycle_formal/db_LC20-R4-CLEAN/000070.sst,0,255500558,242780,2632
10.50,flush,42,Write Buffer Full,-1,0,/home/wam/grad/s14-range-delete-study/scratch/longcycle_formal/db_LC20-R4-CLEAN/000081.sst,0,63852269,61147,0
10.89,flush,45,Write Buffer Full,-1,0,/home/wam/grad/s14-range-delete-study/scratch/longcycle_formal/db_LC20-R4-CLEAN/000084.sst,0,64140354,61423,0
11.16,compaction,33,kCompaction,0,5,/home/wam/grad/s14-range-delete-study/scratch/longcycle_formal/db_LC20-R4-CLEAN/000060.sst,0,676891132,643242,23216
11.51,flush,48,Write Buffer Full,-1,0,/home/wam/grad/s14-range-delete-study/scratch/longcycle_formal/db_LC20-R4-CLEAN/000087.sst,0,63503648,60812,0
11.75,compaction,44,kCompaction,0,0,/home/wam/grad/s14-range-delete-study/scratch/longcycle_formal/db_LC20-R4-CLEAN/000082.sst,0,255976037,243239,2086
11.90,flush,51,Write Buffer Full,-1,0,/home/wam/grad/s14-range-delete-study/scratch/longcycle_formal/db_LC20-R4-CLEAN/000089.sst,0,63988109,61276,0
12.23,flush,54,Write Buffer Full,-1,0,/home/wam/grad/s14-range-delete-study/scratch/longcycle_formal/db_LC20-R4-CLEAN/000092.sst,0,63703217,61003,0
12.65,flush,55,Write Buffer Full,-1,0,/home/wam/grad/s14-range-delete-study/scratch/longcycle_formal/db_LC20-R4-CLEAN/000094.sst,0,64285078,61561,0
12.96,flush,56,Write Buffer Full,-1,0,/home/wam/grad/s14-range-delete-study/scratch/longcycle_formal/db_LC20-R4-CLEAN/000097.sst,0,64156346,61437,0
13.38,flush,58,Write Buffer Full,-1,0,/home/wam/grad/s14-range-delete-study/scratch/longcycle_formal/db_LC20-R4-CLEAN/000100.sst,0,64672103,61931,0
13.70,flush,59,Write Buffer Full,-1,0,/home/wam/grad/s14-range-delete-study/scratch/longcycle_formal/db_LC20-R4-CLEAN/000103.sst,0,64654667,61914,0
14.27,flush,60,Write Buffer Full,-1,0,/home/wam/grad/s14-range-delete-study/scratch/longcycle_formal/db_LC20-R4-CLEAN/000106.sst,0,64705523,61963,0
14.50,compaction,57,kCompaction,0,0,/home/wam/grad/s14-range-delete-study/scratch/longcycle_formal/db_LC20-R4-CLEAN/000098.sst,0,256364938,243604,1673
14.65,flush,61,Write Buffer Full,-1,0,/home/wam/grad/s14-range-delete-study/scratch/longcycle_formal/db_LC20-R4-CLEAN/000108.sst,0,64548313,61812,0
14.98,flush,64,Write Buffer Full,-1,0,/home/wam/grad/s14-range-delete-study/scratch/longcycle_formal/db_LC20-R4-CLEAN/000112.sst,0,64100062,61383,0
15.39,flush,67,Write Buffer Full,-1,0,/home/wam/grad/s14-range-delete-study/scratch/longcycle_formal/db_LC20-R4-CLEAN/000114.sst,0,64624306,61885,0
15.94,flush,70,Write Buffer Full,-1,0,/home/wam/grad/s14-range-delete-study/scratch/longcycle_formal/db_LC20-R4-CLEAN/000117.sst,0,63629813,60933,0
16.19,compaction,63,kCompaction,0,0,/home/wam/grad/s14-range-delete-study/scratch/longcycle_formal/db_LC20-R4-CLEAN/000110.sst,0,259006089,246110,1510
16.33,flush,73,Write Buffer Full,-1,0,/home/wam/grad/s14-range-delete-study/scratch/longcycle_formal/db_LC20-R4-CLEAN/000120.sst,0,64179985,61459,0
16.61,flush,78,Write Buffer Full,-1,0,/home/wam/grad/s14-range-delete-study/scratch/longcycle_formal/db_LC20-R4-CLEAN/000123.sst,0,64251593,61527,0
16.83,flush,81,Write Buffer Full,-1,0,/home/wam/grad/s14-range-delete-study/scratch/longcycle_formal/db_LC20-R4-CLEAN/000126.sst,0,64062759,61347,0
17.62,flush,84,Write Buffer Full,-1,0,/home/wam/grad/s14-range-delete-study/scratch/longcycle_formal/db_LC20-R4-CLEAN/000128.sst,0,63344879,60660,0
17.64,compaction,76,kCompaction,0,0,/home/wam/grad/s14-range-delete-study/scratch/longcycle_formal/db_LC20-R4-CLEAN/000122.sst,0,257099243,244304,1356
17.85,flush,87,Write Buffer Full,-1,0,/home/wam/grad/s14-range-delete-study/scratch/longcycle_formal/db_LC20-R4-CLEAN/000131.sst,0,64546470,61810,0
18.35,flush,92,Write Buffer Full,-1,0,/home/wam/grad/s14-range-delete-study/scratch/longcycle_formal/db_LC20-R4-CLEAN/000134.sst,0,64164890,61445,0
18.71,flush,95,Write Buffer Full,-1,0,/home/wam/grad/s14-range-delete-study/scratch/longcycle_formal/db_LC20-R4-CLEAN/000137.sst,0,63901768,61193,0
19.19,compaction,89,kCompaction,0,0,/home/wam/grad/s14-range-delete-study/scratch/longcycle_formal/db_LC20-R4-CLEAN/000132.sst,0,256845339,244058,1286
19.20,flush,98,Write Buffer Full,-1,0,/home/wam/grad/s14-range-delete-study/scratch/longcycle_formal/db_LC20-R4-CLEAN/000140.sst,0,64057396,61342,0
19.52,flush,101,Write Buffer Full,-1,0,/home/wam/grad/s14-range-delete-study/scratch/longcycle_formal/db_LC20-R4-CLEAN/000142.sst,0,64756229,62011,0
19.59,compaction,53,kCompaction,0,5,/home/wam/grad/s14-range-delete-study/scratch/longcycle_formal/db_LC20-R4-CLEAN/000090.sst,0,1264932923,1202051,49445
19.87,flush,106,Write Buffer Full,-1,0,/home/wam/grad/s14-range-delete-study/scratch/longcycle_formal/db_LC20-R4-CLEAN/000146.sst,0,63011815,60340,0
20.66,flush,109,Write Buffer Full,-1,0,/home/wam/grad/s14-range-delete-study/scratch/longcycle_formal/db_LC20-R4-CLEAN/000148.sst,0,64340154,61612,0
20.76,compaction,103,kCompaction,0,0,/home/wam/grad/s14-range-delete-study/scratch/longcycle_formal/db_LC20-R4-CLEAN/000144.sst,0,257697833,244863,1128
20.98,flush,113,Write Buffer Full,-1,0,/home/wam/grad/s14-range-delete-study/scratch/longcycle_formal/db_LC20-R4-CLEAN/000150.sst,0,64847371,62097,0
21.44,flush,115,Write Buffer Full,-1,0,/home/wam/grad/s14-range-delete-study/scratch/longcycle_formal/db_LC20-R4-CLEAN/000153.sst,0,63787613,61083,0
21.73,flush,116,Write Buffer Full,-1,0,/home/wam/grad/s14-range-delete-study/scratch/longcycle_formal/db_LC20-R4-CLEAN/000155.sst,0,63929360,61219,0
22.09,flush,117,Write Buffer Full,-1,0,/home/wam/grad/s14-range-delete-study/scratch/longcycle_formal/db_LC20-R4-CLEAN/000158.sst,0,64695189,61953,0
22.46,flush,119,Write Buffer Full,-1,0,/home/wam/grad/s14-range-delete-study/scratch/longcycle_formal/db_LC20-R4-CLEAN/000161.sst,0,64663148,61921,0
22.73,flush,120,Write Buffer Full,-1,0,/home/wam/grad/s14-range-delete-study/scratch/longcycle_formal/db_LC20-R4-CLEAN/000164.sst,0,63788047,61083,0
23.25,flush,121,Write Buffer Full,-1,0,/home/wam/grad/s14-range-delete-study/scratch/longcycle_formal/db_LC20-R4-CLEAN/000166.sst,0,64530456,61794,0
23.37,compaction,118,kCompaction,0,0,/home/wam/grad/s14-range-delete-study/scratch/longcycle_formal/db_LC20-R4-CLEAN/000159.sst,0,258196259,245335,1017
23.72,flush,122,Write Buffer Full,-1,0,/home/wam/grad/s14-range-delete-study/scratch/longcycle_formal/db_LC20-R4-CLEAN/000169.sst,0,64700217,61956,0
24.16,flush,125,Write Buffer Full,-1,0,/home/wam/grad/s14-range-delete-study/scratch/longcycle_formal/db_LC20-R4-CLEAN/000173.sst,0,63638802,60940,0
24.54,flush,128,Write Buffer Full,-1,0,/home/wam/grad/s14-range-delete-study/scratch/longcycle_formal/db_LC20-R4-CLEAN/000176.sst,0,64540109,61803,0
25.12,flush,131,Write Buffer Full,-1,0,/home/wam/grad/s14-range-delete-study/scratch/longcycle_formal/db_LC20-R4-CLEAN/000178.sst,0,63693440,60993,0
25.18,compaction,124,kCompaction,0,0,/home/wam/grad/s14-range-delete-study/scratch/longcycle_formal/db_LC20-R4-CLEAN/000170.sst,0,258673959,245794,960
25.41,flush,135,Write Buffer Full,-1,0,/home/wam/grad/s14-range-delete-study/scratch/longcycle_formal/db_LC20-R4-CLEAN/000181.sst,0,64772872,62026,0
25.76,flush,139,Write Buffer Full,-1,0,/home/wam/grad/s14-range-delete-study/scratch/longcycle_formal/db_LC20-R4-CLEAN/000184.sst,0,64864113,62114,0
26.16,flush,142,Write Buffer Full,-1,0,/home/wam/grad/s14-range-delete-study/scratch/longcycle_formal/db_LC20-R4-CLEAN/000188.sst,0,63514669,60822,0
26.89,compaction,136,kCompaction,0,0,/home/wam/grad/s14-range-delete-study/scratch/longcycle_formal/db_LC20-R4-CLEAN/000182.sst,0,257712072,244877,885
26.93,flush,145,Write Buffer Full,-1,0,/home/wam/grad/s14-range-delete-study/scratch/longcycle_formal/db_LC20-R4-CLEAN/000190.sst,0,64683091,61940,0
27.37,flush,149,Write Buffer Full,-1,0,/home/wam/grad/s14-range-delete-study/scratch/longcycle_formal/db_LC20-R4-CLEAN/000193.sst,0,64053927,61337,0
27.74,flush,153,Write Buffer Full,-1,0,/home/wam/grad/s14-range-delete-study/scratch/longcycle_formal/db_LC20-R4-CLEAN/000197.sst,0,63021741,60348,0
28.03,flush,156,Write Buffer Full,-1,0,/home/wam/grad/s14-range-delete-study/scratch/longcycle_formal/db_LC20-R4-CLEAN/000199.sst,0,64797017,62048,0
28.61,flush,159,Write Buffer Full,-1,0,/home/wam/grad/s14-range-delete-study/scratch/longcycle_formal/db_LC20-R4-CLEAN/000202.sst,0,64430158,61697,0
28.87,compaction,151,kCompaction,0,0,/home/wam/grad/s14-range-delete-study/scratch/longcycle_formal/db_LC20-R4-CLEAN/000196.sst,0,258247969,245383,830
28.93,flush,162,Write Buffer Full,-1,0,/home/wam/grad/s14-range-delete-study/scratch/longcycle_formal/db_LC20-R4-CLEAN/000204.sst,0,64371322,61641,0
29.16,flush,167,Write Buffer Full,-1,0,/home/wam/grad/s14-range-delete-study/scratch/longcycle_formal/db_LC20-R4-CLEAN/000208.sst,0,64217340,61493,0
29.42,flush,169,Write Buffer Full,-1,0,/home/wam/grad/s14-range-delete-study/scratch/longcycle_formal/db_LC20-R4-CLEAN/000210.sst,0,63869508,61160,0
29.97,flush,173,Write Buffer Full,-1,0,/home/wam/grad/s14-range-delete-study/scratch/longcycle_formal/db_LC20-R4-CLEAN/000213.sst,0,63404094,60715,0
30.00,compaction,165,kCompaction,0,0,/home/wam/grad/s14-range-delete-study/scratch/longcycle_formal/db_LC20-R4-CLEAN/000207.sst,0,257789854,244949,785
30.38,flush,177,Write Buffer Full,-1,0,/home/wam/grad/s14-range-delete-study/scratch/longcycle_formal/db_LC20-R4-CLEAN/000216.sst,0,63506991,60813,0
30.78,flush,181,Write Buffer Full,-1,0,/home/wam/grad/s14-range-delete-study/scratch/longcycle_formal/db_LC20-R4-CLEAN/000220.sst,0,64248829,61524,0
31.39,flush,184,Write Buffer Full,-1,0,/home/wam/grad/s14-range-delete-study/scratch/longcycle_formal/db_LC20-R4-CLEAN/000223.sst,0,64783143,62036,0
31.60,compaction,178,kCompaction,0,0,/home/wam/grad/s14-range-delete-study/scratch/longcycle_formal/db_LC20-R4-CLEAN/000218.sst,0,256212549,243451,730
31.80,flush,186,Write Buffer Full,-1,0,/home/wam/grad/s14-range-delete-study/scratch/longcycle_formal/db_LC20-R4-CLEAN/000225.sst,0,63948548,61236,0
32.22,flush,191,Write Buffer Full,-1,0,/home/wam/grad/s14-range-delete-study/scratch/longcycle_formal/db_LC20-R4-CLEAN/000228.sst,0,64725319,61980,0
32.58,flush,195,Write Buffer Full,-1,0,/home/wam/grad/s14-range-delete-study/scratch/longcycle_formal/db_LC20-R4-CLEAN/000231.sst,0,64758997,62012,0
33.24,flush,198,Write Buffer Full,-1,0,/home/wam/grad/s14-range-delete-study/scratch/longcycle_formal/db_LC20-R4-CLEAN/000234.sst,0,64413129,61681,0
33.30,compaction,192,kCompaction,0,0,/home/wam/grad/s14-range-delete-study/scratch/longcycle_formal/db_LC20-R4-CLEAN/000229.sst,0,258977555,246078,698
33.63,flush,201,Write Buffer Full,-1,0,/home/wam/grad/s14-range-delete-study/scratch/longcycle_formal/db_LC20-R4-CLEAN/000237.sst,0,64638296,61896,0
33.82,flush,205,Write Buffer Full,-1,0,/home/wam/grad/s14-range-delete-study/scratch/longcycle_formal/db_LC20-R4-CLEAN/000240.sst,0,63561645,60865,0
34.10,flush,209,Write Buffer Full,-1,0,/home/wam/grad/s14-range-delete-study/scratch/longcycle_formal/db_LC20-R4-CLEAN/000243.sst,0,63173263,60493,0
34.59,flush,212,Write Buffer Full,-1,0,/home/wam/grad/s14-range-delete-study/scratch/longcycle_formal/db_LC20-R4-CLEAN/000246.sst,0,64548215,61810,0
34.68,compaction,114,kCompaction,0,5,/home/wam/grad/s14-range-delete-study/scratch/longcycle_formal/db_LC20-R4-CLEAN/000151.sst,0,2539374124,2413115,133827
35.13,compaction,206,kCompaction,0,0,/home/wam/grad/s14-range-delete-study/scratch/longcycle_formal/db_LC20-R4-CLEAN/000241.sst,0,258665366,245783,671
35.20,flush,216,Write Buffer Full,-1,0,/home/wam/grad/s14-range-delete-study/scratch/longcycle_formal/db_LC20-R4-CLEAN/000248.sst,0,64372589,61642,0
35.62,flush,218,Write Buffer Full,-1,0,/home/wam/grad/s14-range-delete-study/scratch/longcycle_formal/db_LC20-R4-CLEAN/000251.sst,0,62985997,60315,0
35.92,flush,219,Write Buffer Full,-1,0,/home/wam/grad/s14-range-delete-study/scratch/longcycle_formal/db_LC20-R4-CLEAN/000253.sst,0,64175947,61454,0
36.20,flush,220,Write Buffer Full,-1,0,/home/wam/grad/s14-range-delete-study/scratch/longcycle_formal/db_LC20-R4-CLEAN/000256.sst,0,64681797,61938,0
36.63,flush,222,Write Buffer Full,-1,0,/home/wam/grad/s14-range-delete-study/scratch/longcycle_formal/db_LC20-R4-CLEAN/000259.sst,0,64758086,62011,0
36.90,flush,223,Write Buffer Full,-1,0,/home/wam/grad/s14-range-delete-study/scratch/longcycle_formal/db_LC20-R4-CLEAN/000262.sst,0,61906367,59280,0
37.54,compaction,221,kCompaction,0,0,/home/wam/grad/s14-range-delete-study/scratch/longcycle_formal/db_LC20-R4-CLEAN/000257.sst,0,257593293,244758,591
37.59,flush,224,Write Buffer Full,-1,0,/home/wam/grad/s14-range-delete-study/scratch/longcycle_formal/db_LC20-R4-CLEAN/000264.sst,0,64156512,61434,0
37.85,flush,227,Write Buffer Full,-1,0,/home/wam/grad/s14-range-delete-study/scratch/longcycle_formal/db_LC20-R4-CLEAN/000267.sst,0,63943843,61231,0
38.28,flush,229,Write Buffer Full,-1,0,/home/wam/grad/s14-range-delete-study/scratch/longcycle_formal/db_LC20-R4-CLEAN/000270.sst,0,64008179,61293,0
38.56,flush,231,Write Buffer Full,-1,0,/home/wam/grad/s14-range-delete-study/scratch/longcycle_formal/db_LC20-R4-CLEAN/000273.sst,0,64778515,62030,0
39.16,flush,235,Write Buffer Full,-1,0,/home/wam/grad/s14-range-delete-study/scratch/longcycle_formal/db_LC20-R4-CLEAN/000275.sst,0,64548160,61810,0
39.44,compaction,228,kCompaction,0,0,/home/wam/grad/s14-range-delete-study/scratch/longcycle_formal/db_LC20-R4-CLEAN/000268.sst,0,256140093,243375,581
39.52,flush,238,Write Buffer Full,-1,0,/home/wam/grad/s14-range-delete-study/scratch/longcycle_formal/db_LC20-R4-CLEAN/000278.sst,0,64697298,61952,0
39.85,flush,243,Write Buffer Full,-1,0,/home/wam/grad/s14-range-delete-study/scratch/longcycle_formal/db_LC20-R4-CLEAN/000281.sst,0,63508463,60814,0
40.11,flush,246,Write Buffer Full,-1,0,/home/wam/grad/s14-range-delete-study/scratch/longcycle_formal/db_LC20-R4-CLEAN/000284.sst,0,64819101,62069,0
40.84,flush,249,Write Buffer Full,-1,0,/home/wam/grad/s14-range-delete-study/scratch/longcycle_formal/db_LC20-R4-CLEAN/000286.sst,0,64636115,61893,0
40.86,compaction,241,kCompaction,0,0,/home/wam/grad/s14-range-delete-study/scratch/longcycle_formal/db_LC20-R4-CLEAN/000280.sst,0,259430700,246507,578
41.12,flush,253,Write Buffer Full,-1,0,/home/wam/grad/s14-range-delete-study/scratch/longcycle_formal/db_LC20-R4-CLEAN/000289.sst,0,64740785,61994,0
41.50,flush,257,Write Buffer Full,-1,0,/home/wam/grad/s14-range-delete-study/scratch/longcycle_formal/db_LC20-R4-CLEAN/000292.sst,0,64707021,61962,0
41.91,flush,260,Write Buffer Full,-1,0,/home/wam/grad/s14-range-delete-study/scratch/longcycle_formal/db_LC20-R4-CLEAN/000296.sst,0,64831191,62081,0
42.45,compaction,254,kCompaction,0,0,/home/wam/grad/s14-range-delete-study/scratch/longcycle_formal/db_LC20-R4-CLEAN/000290.sst,0,259128136,246222,548
42.46,flush,263,Write Buffer Full,-1,0,/home/wam/grad/s14-range-delete-study/scratch/longcycle_formal/db_LC20-R4-CLEAN/000298.sst,0,64690105,61945,0
42.80,flush,266,Write Buffer Full,-1,0,/home/wam/grad/s14-range-delete-study/scratch/longcycle_formal/db_LC20-R4-CLEAN/000301.sst,0,63871219,61161,0
43.28,flush,270,Write Buffer Full,-1,0,/home/wam/grad/s14-range-delete-study/scratch/longcycle_formal/db_LC20-R4-CLEAN/000304.sst,0,63394195,60705,0
43.78,flush,273,Write Buffer Full,-1,0,/home/wam/grad/s14-range-delete-study/scratch/longcycle_formal/db_LC20-R4-CLEAN/000307.sst,0,64411419,61678,0
44.22,compaction,268,kCompaction,0,0,/home/wam/grad/s14-range-delete-study/scratch/longcycle_formal/db_LC20-R4-CLEAN/000302.sst,0,259535276,246609,540
44.48,flush,277,Write Buffer Full,-1,0,/home/wam/grad/s14-range-delete-study/scratch/longcycle_formal/db_LC20-R4-CLEAN/000310.sst,0,63643254,60943,0
44.96,flush,280,Write Buffer Full,-1,0,/home/wam/grad/s14-range-delete-study/scratch/longcycle_formal/db_LC20-R4-CLEAN/000312.sst,0,64707300,61962,0
45.33,flush,284,Write Buffer Full,-1,0,/home/wam/grad/s14-range-delete-study/scratch/longcycle_formal/db_LC20-R4-CLEAN/000316.sst,0,63319148,60633,0
46.23,compaction,282,kCompaction,0,0,/home/wam/grad/s14-range-delete-study/scratch/longcycle_formal/db_LC20-R4-CLEAN/000314.sst,0,257606964,244773,515
46.66,flush,288,Write Buffer Full,-1,0,/home/wam/grad/s14-range-delete-study/scratch/longcycle_formal/db_LC20-R4-CLEAN/000321.sst,0,64688827,61944,0
47.16,flush,289,Write Buffer Full,-1,0,/home/wam/grad/s14-range-delete-study/scratch/longcycle_formal/db_LC20-R4-CLEAN/000323.sst,0,63574068,60876,0
47.68,flush,290,Write Buffer Full,-1,0,/home/wam/grad/s14-range-delete-study/scratch/longcycle_formal/db_LC20-R4-CLEAN/000326.sst,0,64734768,61987,0
49.23,flush,291,Write Buffer Full,-1,0,/home/wam/grad/s14-range-delete-study/scratch/longcycle_formal/db_LC20-R4-CLEAN/000331.sst,0,63993199,61278,0
50.39,compaction,292,kCompaction,0,0,/home/wam/grad/s14-range-delete-study/scratch/longcycle_formal/db_LC20-R4-CLEAN/000333.sst,0,258507831,245635,450
51.21,flush,293,Write Buffer Full,-1,0,/home/wam/grad/s14-range-delete-study/scratch/longcycle_formal/db_LC20-R4-CLEAN/000337.sst,0,64826915,62076,0
51.90,flush,295,Write Buffer Full,-1,0,/home/wam/grad/s14-range-delete-study/scratch/longcycle_formal/db_LC20-R4-CLEAN/000340.sst,0,62659412,60001,0
52.79,compaction,287,kCompaction,0,0,/home/wam/grad/s14-range-delete-study/scratch/longcycle_formal/db_LC20-R4-CLEAN/000319.sst,0,1588654793,1509297,23580
53.07,flush,299,Write Buffer Full,-1,0,/home/wam/grad/s14-range-delete-study/scratch/longcycle_formal/db_LC20-R4-CLEAN/000344.sst,0,64902484,62148,0
53.88,flush,302,Write Buffer Full,-1,0,/home/wam/grad/s14-range-delete-study/scratch/longcycle_formal/db_LC20-R4-CLEAN/000347.sst,0,64812207,62063,0
55.07,flush,306,Write Buffer Full,-1,0,/home/wam/grad/s14-range-delete-study/scratch/longcycle_formal/db_LC20-R4-CLEAN/000351.sst,0,63378517,60688,0
55.30,compaction,304,kCompaction,0,0,/home/wam/grad/s14-range-delete-study/scratch/longcycle_formal/db_LC20-R4-CLEAN/000348.sst,0,258581417,245703,585
55.65,flush,310,Write Buffer Full,-1,0,/home/wam/grad/s14-range-delete-study/scratch/longcycle_formal/db_LC20-R4-CLEAN/000354.sst,0,63519608,60811,0
56.27,flush,313,Write Buffer Full,-1,0,/home/wam/grad/s14-range-delete-study/scratch/longcycle_formal/db_LC20-R4-CLEAN/000357.sst,0,63595821,60885,0
56.91,flush,316,Write Buffer Full,-1,0,/home/wam/grad/s14-range-delete-study/scratch/longcycle_formal/db_LC20-R4-CLEAN/000360.sst,0,62592914,59924,0
57.51,flush,321,Write Buffer Full,-1,0,/home/wam/grad/s14-range-delete-study/scratch/longcycle_formal/db_LC20-R4-CLEAN/000364.sst,0,64652160,61896,0
58.26,compaction,318,kCompaction,0,0,/home/wam/grad/s14-range-delete-study/scratch/longcycle_formal/db_LC20-R4-CLEAN/000362.sst,0,253911273,241242,1066
58.27,flush,323,Write Buffer Full,-1,0,/home/wam/grad/s14-range-delete-study/scratch/longcycle_formal/db_LC20-R4-CLEAN/000367.sst,0,63957878,61230,0
58.67,flush,329,Write Buffer Full,-1,0,/home/wam/grad/s14-range-delete-study/scratch/longcycle_formal/db_LC20-R4-CLEAN/000371.sst,0,64510356,61760,0
59.18,compaction,217,kCompaction,0,5,/home/wam/grad/s14-range-delete-study/scratch/longcycle_formal/db_LC20-R4-CLEAN/000249.sst,0,4488423646,4265283,231785
59.19,compaction,333,kCompaction,5,6,/home/wam/grad/s14-range-delete-study/scratch/longcycle_formal/db_LC20-R4-CLEAN/000361.sst,0,0,0,0
59.29,flush,331,Write Buffer Full,-1,0,/home/wam/grad/s14-range-delete-study/scratch/longcycle_formal/db_LC20-R4-CLEAN/000374.sst,0,62016222,59372,0
59.86,flush,335,Write Buffer Full,-1,0,/home/wam/grad/s14-range-delete-study/scratch/longcycle_formal/db_LC20-R4-CLEAN/000378.sst,0,64870751,62104,0
60.70,flush,337,Write Buffer Full,-1,0,/home/wam/grad/s14-range-delete-study/scratch/longcycle_formal/db_LC20-R4-CLEAN/000382.sst,0,64804651,62041,0
61.58,flush,338,Write Buffer Full,-1,0,/home/wam/grad/s14-range-delete-study/scratch/longcycle_formal/db_LC20-R4-CLEAN/000386.sst,0,64479651,61731,0
61.66,compaction,325,kCompaction,0,0,/home/wam/grad/s14-range-delete-study/scratch/longcycle_formal/db_LC20-R4-CLEAN/000369.sst,0,827441424,786130,8346
61.85,compaction,336,kCompaction,0,0,/home/wam/grad/s14-range-delete-study/scratch/longcycle_formal/db_LC20-R4-CLEAN/000380.sst,0,256200576,243414,1052
61.86,flush,339,Write Buffer Full,-1,0,/home/wam/grad/s14-range-delete-study/scratch/longcycle_formal/db_LC20-R4-CLEAN/000389.sst,0,62445105,59783,0
62.51,flush,341,Write Buffer Full,-1,0,/home/wam/grad/s14-range-delete-study/scratch/longcycle_formal/db_LC20-R4-CLEAN/000393.sst,0,63881692,61158,0
63.16,compaction,334,kCompaction,5,6,/home/wam/grad/s14-range-delete-study/scratch/longcycle_formal/db_LC20-R4-CLEAN/000375.sst,0,587555038,558345,17104
63.35,flush,343,Write Buffer Full,-1,0,/home/wam/grad/s14-range-delete-study/scratch/longcycle_formal/db_LC20-R4-CLEAN/000399.sst,0,63036727,60349,0
63.71,flush,344,Write Buffer Full,-1,0,/home/wam/grad/s14-range-delete-study/scratch/longcycle_formal/db_LC20-R4-CLEAN/000402.sst,0,64659793,61903,0
64.26,flush,346,Write Buffer Full,-1,0,/home/wam/grad/s14-range-delete-study/scratch/longcycle_formal/db_LC20-R4-CLEAN/000407.sst,0,64477193,61727,0
64.74,flush,347,Write Buffer Full,-1,0,/home/wam/grad/s14-range-delete-study/scratch/longcycle_formal/db_LC20-R4-CLEAN/000414.sst,0,64718191,61958,0
65.46,flush,348,Write Buffer Full,-1,0,/home/wam/grad/s14-range-delete-study/scratch/longcycle_formal/db_LC20-R4-CLEAN/000418.sst,0,64665741,61909,0
66.24,flush,349,Write Buffer Full,-1,0,/home/wam/grad/s14-range-delete-study/scratch/longcycle_formal/db_LC20-R4-CLEAN/000423.sst,0,61639499,59011,0
66.54,compaction,342,kCompaction,5,6,/home/wam/grad/s14-range-delete-study/scratch/longcycle_formal/db_LC20-R4-CLEAN/000395.sst,0,515354283,489736,12943
66.74,flush,350,Write Buffer Full,-1,0,/home/wam/grad/s14-range-delete-study/scratch/longcycle_formal/db_LC20-R4-CLEAN/000430.sst,0,62701498,60027,0
67.40,flush,352,Write Buffer Full,-1,0,/home/wam/grad/s14-range-delete-study/scratch/longcycle_formal/db_LC20-R4-CLEAN/000435.sst,0,61931041,59289,0
67.96,flush,353,Write Buffer Full,-1,0,/home/wam/grad/s14-range-delete-study/scratch/longcycle_formal/db_LC20-R4-CLEAN/000438.sst,0,61647214,59018,0
68.00,compaction,345,kCompaction,5,6,/home/wam/grad/s14-range-delete-study/scratch/longcycle_formal/db_LC20-R4-CLEAN/000403.sst,0,632752720,601290,17366
68.80,flush,355,Write Buffer Full,-1,0,/home/wam/grad/s14-range-delete-study/scratch/longcycle_formal/db_LC20-R4-CLEAN/000443.sst,0,63744845,61026,0
69.49,compaction,351,kCompaction,0,0,/home/wam/grad/s14-range-delete-study/scratch/longcycle_formal/db_LC20-R4-CLEAN/000431.sst,0,508710871,483303,4495
69.68,flush,356,Write Buffer Full,-1,0,/home/wam/grad/s14-range-delete-study/scratch/longcycle_formal/db_LC20-R4-CLEAN/000448.sst,0,63876048,61152,0
70.07,flush,358,Write Buffer Full,-1,0,/home/wam/grad/s14-range-delete-study/scratch/longcycle_formal/db_LC20-R4-CLEAN/000453.sst,0,64610916,61855,0
70.76,flush,359,Write Buffer Full,-1,0,/home/wam/grad/s14-range-delete-study/scratch/longcycle_formal/db_LC20-R4-CLEAN/000456.sst,0,61845992,59208,0
71.06,compaction,357,kCompaction,0,0,/home/wam/grad/s14-range-delete-study/scratch/longcycle_formal/db_LC20-R4-CLEAN/000449.sst,0,250955009,238434,926
71.26,flush,360,Write Buffer Full,-1,0,/home/wam/grad/s14-range-delete-study/scratch/longcycle_formal/db_LC20-R4-CLEAN/000462.sst,0,63871305,61146,0
71.93,flush,363,Write Buffer Full,-1,0,/home/wam/grad/s14-range-delete-study/scratch/longcycle_formal/db_LC20-R4-CLEAN/000466.sst,0,64671763,61914,0
72.10,compaction,354,kCompaction,5,6,/home/wam/grad/s14-range-delete-study/scratch/longcycle_formal/db_LC20-R4-CLEAN/000441.sst,0,594388175,564833,13656
72.82,compaction,362,kCompaction,0,0,/home/wam/grad/s14-range-delete-study/scratch/longcycle_formal/db_LC20-R4-CLEAN/000463.sst,0,255141487,242404,957
72.85,flush,365,Write Buffer Full,-1,0,/home/wam/grad/s14-range-delete-study/scratch/longcycle_formal/db_LC20-R4-CLEAN/000471.sst,0,64133048,61398,0
73.39,flush,367,Write Buffer Full,-1,0,/home/wam/grad/s14-range-delete-study/scratch/longcycle_formal/db_LC20-R4-CLEAN/000476.sst,0,61012789,58411,0
73.71,flush,368,Write Buffer Full,-1,0,/home/wam/grad/s14-range-delete-study/scratch/longcycle_formal/db_LC20-R4-CLEAN/000480.sst,0,64744000,61983,0
74.48,flush,369,Write Buffer Full,-1,0,/home/wam/grad/s14-range-delete-study/scratch/longcycle_formal/db_LC20-R4-CLEAN/000485.sst,0,64395340,61649,0
75.15,flush,370,Write Buffer Full,-1,0,/home/wam/grad/s14-range-delete-study/scratch/longcycle_formal/db_LC20-R4-CLEAN/000490.sst,0,62428100,59766,0
75.81,compaction,364,kCompaction,5,6,/home/wam/grad/s14-range-delete-study/scratch/longcycle_formal/db_LC20-R4-CLEAN/000469.sst,0,473468647,449932,0
75.83,flush,371,Write Buffer Full,-1,0,/home/wam/grad/s14-range-delete-study/scratch/longcycle_formal/db_LC20-R4-CLEAN/000496.sst,0,63033976,60345,0
76.60,flush,373,Write Buffer Full,-1,0,/home/wam/grad/s14-range-delete-study/scratch/longcycle_formal/db_LC20-R4-CLEAN/000502.sst,0,64346858,61603,0
77.20,flush,374,Write Buffer Full,-1,0,/home/wam/grad/s14-range-delete-study/scratch/longcycle_formal/db_LC20-R4-CLEAN/000505.sst,0,63014449,60326,0
77.97,flush,375,Write Buffer Full,-1,0,/home/wam/grad/s14-range-delete-study/scratch/longcycle_formal/db_LC20-R4-CLEAN/000509.sst,0,62857290,60176,0
77.99,compaction,372,kCompaction,0,0,/home/wam/grad/s14-range-delete-study/scratch/longcycle_formal/db_LC20-R4-CLEAN/000499.sst,0,381875350,362802,2319
78.34,flush,377,Write Buffer Full,-1,0,/home/wam/grad/s14-range-delete-study/scratch/longcycle_formal/db_LC20-R4-CLEAN/000514.sst,0,63085888,60395,0
79.28,flush,378,Write Buffer Full,-1,0,/home/wam/grad/s14-range-delete-study/scratch/longcycle_formal/db_LC20-R4-CLEAN/000518.sst,0,64806283,62043,0
79.30,compaction,376,kCompaction,0,0,/home/wam/grad/s14-range-delete-study/scratch/longcycle_formal/db_LC20-R4-CLEAN/000512.sst,0,254217597,241529,921
79.77,flush,381,Write Buffer Full,-1,0,/home/wam/grad/s14-range-delete-study/scratch/longcycle_formal/db_LC20-R4-CLEAN/000523.sst,0,64257722,61517,0
79.94,compaction,340,kCompaction,0,4,/home/wam/grad/s14-range-delete-study/scratch/longcycle_formal/db_LC20-R4-CLEAN/000390.sst,0,2725520171,2589917,72696
80.32,flush,384,Write Buffer Full,-1,0,/home/wam/grad/s14-range-delete-study/scratch/longcycle_formal/db_LC20-R4-CLEAN/000528.sst,0,63678961,60963,0
80.95,flush,385,Write Buffer Full,-1,0,/home/wam/grad/s14-range-delete-study/scratch/longcycle_formal/db_LC20-R4-CLEAN/000532.sst,0,63092255,60401,0
81.17,compaction,366,kCompaction,5,6,/home/wam/grad/s14-range-delete-study/scratch/longcycle_formal/db_LC20-R4-CLEAN/000474.sst,0,1133466766,1077110,15595
81.55,flush,386,Write Buffer Full,-1,0,/home/wam/grad/s14-range-delete-study/scratch/longcycle_formal/db_LC20-R4-CLEAN/000536.sst,0,61692008,59060,0
82.18,flush,387,Write Buffer Full,-1,0,/home/wam/grad/s14-range-delete-study/scratch/longcycle_formal/db_LC20-R4-CLEAN/000539.sst,0,62264736,59609,0
82.61,flush,389,Write Buffer Full,-1,0,/home/wam/grad/s14-range-delete-study/scratch/longcycle_formal/db_LC20-R4-CLEAN/000543.sst,0,62675911,60003,0
83.44,flush,390,Write Buffer Full,-1,0,/home/wam/grad/s14-range-delete-study/scratch/longcycle_formal/db_LC20-R4-CLEAN/000546.sst,0,61763539,59128,0
83.45,compaction,388,kCompaction,0,0,/home/wam/grad/s14-range-delete-study/scratch/longcycle_formal/db_LC20-R4-CLEAN/000540.sst,0,251794546,239224,809
83.85,flush,393,Write Buffer Full,-1,0,/home/wam/grad/s14-range-delete-study/scratch/longcycle_formal/db_LC20-R4-CLEAN/000549.sst,0,63031270,60343,0
84.51,flush,396,Write Buffer Full,-1,0,/home/wam/grad/s14-range-delete-study/scratch/longcycle_formal/db_LC20-R4-CLEAN/000552.sst,0,64392660,61646,0
85.10,flush,398,Write Buffer Full,-1,0,/home/wam/grad/s14-range-delete-study/scratch/longcycle_formal/db_LC20-R4-CLEAN/000555.sst,0,63760423,61040,0
85.88,flush,401,Write Buffer Full,-1,0,/home/wam/grad/s14-range-delete-study/scratch/longcycle_formal/db_LC20-R4-CLEAN/000558.sst,0,62014992,59369,0
86.04,compaction,397,kCompaction,0,0,/home/wam/grad/s14-range-delete-study/scratch/longcycle_formal/db_LC20-R4-CLEAN/000553.sst,0,252893799,240271,849
86.30,flush,405,Write Buffer Full,-1,0,/home/wam/grad/s14-range-delete-study/scratch/longcycle_formal/db_LC20-R4-CLEAN/000561.sst,0,64257485,61516,0
86.86,flush,408,Write Buffer Full,-1,0,/home/wam/grad/s14-range-delete-study/scratch/longcycle_formal/db_LC20-R4-CLEAN/000564.sst,0,62228762,59574,0
87.43,flush,412,Write Buffer Full,-1,0,/home/wam/grad/s14-range-delete-study/scratch/longcycle_formal/db_LC20-R4-CLEAN/000568.sst,0,62444279,59779,0
88.27,flush,415,Write Buffer Full,-1,0,/home/wam/grad/s14-range-delete-study/scratch/longcycle_formal/db_LC20-R4-CLEAN/000571.sst,0,63693683,60977,0
88.30,compaction,409,kCompaction,0,0,/home/wam/grad/s14-range-delete-study/scratch/longcycle_formal/db_LC20-R4-CLEAN/000565.sst,0,253358704,240718,781
88.79,flush,419,Write Buffer Full,-1,0,/home/wam/grad/s14-range-delete-study/scratch/longcycle_formal/db_LC20-R4-CLEAN/000573.sst,0,64772147,62009,0
89.35,flush,422,Write Buffer Full,-1,0,/home/wam/grad/s14-range-delete-study/scratch/longcycle_formal/db_LC20-R4-CLEAN/000577.sst,0,64199136,61460,0
89.94,flush,426,Write Buffer Full,-1,0,/home/wam/grad/s14-range-delete-study/scratch/longcycle_formal/db_LC20-R4-CLEAN/000581.sst,0,64770538,62007,0
90.80,flush,429,Write Buffer Full,-1,0,/home/wam/grad/s14-range-delete-study/scratch/longcycle_formal/db_LC20-R4-CLEAN/000584.sst,0,61583838,58956,0
90.82,compaction,423,kCompaction,0,0,/home/wam/grad/s14-range-delete-study/scratch/longcycle_formal/db_LC20-R4-CLEAN/000579.sst,0,256228981,243439,786
91.24,flush,433,Write Buffer Full,-1,0,/home/wam/grad/s14-range-delete-study/scratch/longcycle_formal/db_LC20-R4-CLEAN/000587.sst,0,64864067,62096,0
91.88,flush,436,Write Buffer Full,-1,0,/home/wam/grad/s14-range-delete-study/scratch/longcycle_formal/db_LC20-R4-CLEAN/000590.sst,0,62007169,59361,0
92.41,flush,440,Write Buffer Full,-1,0,/home/wam/grad/s14-range-delete-study/scratch/longcycle_formal/db_LC20-R4-CLEAN/000594.sst,0,63124904,60432,0
93.12,flush,443,Write Buffer Full,-1,0,/home/wam/grad/s14-range-delete-study/scratch/longcycle_formal/db_LC20-R4-CLEAN/000597.sst,0,64520961,61768,0
93.21,compaction,437,kCompaction,0,0,/home/wam/grad/s14-range-delete-study/scratch/longcycle_formal/db_LC20-R4-CLEAN/000591.sst,0,254315504,241622,798
93.66,flush,447,Write Buffer Full,-1,0,/home/wam/grad/s14-range-delete-study/scratch/longcycle_formal/db_LC20-R4-CLEAN/000600.sst,0,63890426,61165,0
94.26,flush,450,Write Buffer Full,-1,0,/home/wam/grad/s14-range-delete-study/scratch/longcycle_formal/db_LC20-R4-CLEAN/000603.sst,0,64555550,61801,0
94.90,flush,454,Write Buffer Full,-1,0,/home/wam/grad/s14-range-delete-study/scratch/longcycle_formal/db_LC20-R4-CLEAN/000607.sst,0,62830262,60149,0
95.71,compaction,451,kCompaction,0,0,/home/wam/grad/s14-range-delete-study/scratch/longcycle_formal/db_LC20-R4-CLEAN/000604.sst,0,257206741,244373,793
95.72,flush,457,Write Buffer Full,-1,0,/home/wam/grad/s14-range-delete-study/scratch/longcycle_formal/db_LC20-R4-CLEAN/000610.sst,0,64285248,61542,0
96.19,flush,459,Write Buffer Full,-1,0,/home/wam/grad/s14-range-delete-study/scratch/longcycle_formal/db_LC20-R4-CLEAN/000614.sst,0,61458087,58836,0
96.98,flush,460,Write Buffer Full,-1,0,/home/wam/grad/s14-range-delete-study/scratch/longcycle_formal/db_LC20-R4-CLEAN/000617.sst,0,64572117,61818,0
97.57,flush,461,Write Buffer Full,-1,0,/home/wam/grad/s14-range-delete-study/scratch/longcycle_formal/db_LC20-R4-CLEAN/000620.sst,0,64649761,61891,0
98.35,flush,463,Write Buffer Full,-1,0,/home/wam/grad/s14-range-delete-study/scratch/longcycle_formal/db_LC20-R4-CLEAN/000625.sst,0,64909999,62140,0
98.94,compaction,462,kCompaction,0,0,/home/wam/grad/s14-range-delete-study/scratch/longcycle_formal/db_LC20-R4-CLEAN/000622.sst,0,256093693,243307,780
99.73,flush,465,Write Buffer Full,-1,0,/home/wam/grad/s14-range-delete-study/scratch/longcycle_formal/db_LC20-R4-CLEAN/000629.sst,0,64149716,61412,0
100.52,flush,469,Write Buffer Full,-1,0,/home/wam/grad/s14-range-delete-study/scratch/longcycle_formal/db_LC20-R4-CLEAN/000632.sst,0,64914020,62144,0
101.18,flush,472,Write Buffer Full,-1,0,/home/wam/grad/s14-range-delete-study/scratch/longcycle_formal/db_LC20-R4-CLEAN/000635.sst,0,61267621,58653,0
102.77,compaction,473,kCompaction,0,0,/home/wam/grad/s14-range-delete-study/scratch/longcycle_formal/db_LC20-R4-CLEAN/000636.sst,0,256378915,243577,772
103.40,flush,476,Write Buffer Full,-1,0,/home/wam/grad/s14-range-delete-study/scratch/longcycle_formal/db_LC20-R4-CLEAN/000640.sst,0,63035171,60345,0
103.51,compaction,458,kCompaction,0,0,/home/wam/grad/s14-range-delete-study/scratch/longcycle_formal/db_LC20-R4-CLEAN/000612.sst,0,1553635284,1475980,33816
103.94,compaction,383,kCompaction,0,4,/home/wam/grad/s14-range-delete-study/scratch/longcycle_formal/db_LC20-R4-CLEAN/000526.sst,0,4332917469,4117389,224955
103.96,compaction,481,kCompaction,4,5,/home/wam/grad/s14-range-delete-study/scratch/longcycle_formal/db_LC20-R4-CLEAN/000526.sst,0,0,0,0
103.98,compaction,482,kCompaction,4,5,/home/wam/grad/s14-range-delete-study/scratch/longcycle_formal/db_LC20-R4-CLEAN/000544.sst,0,0,0,0
104.00,compaction,483,kCompaction,4,5,/home/wam/grad/s14-range-delete-study/scratch/longcycle_formal/db_LC20-R4-CLEAN/000559.sst,0,0,0,0
104.02,compaction,484,kCompaction,4,5,/home/wam/grad/s14-range-delete-study/scratch/longcycle_formal/db_LC20-R4-CLEAN/000575.sst,0,0,0,0
104.04,compaction,485,kCompaction,4,5,/home/wam/grad/s14-range-delete-study/scratch/longcycle_formal/db_LC20-R4-CLEAN/000592.sst,0,0,0,0
104.10,flush,480,Write Buffer Full,-1,0,/home/wam/grad/s14-range-delete-study/scratch/longcycle_formal/db_LC20-R4-CLEAN/000643.sst,0,64737259,61975,0
105.52,flush,489,Write Buffer Full,-1,0,/home/wam/grad/s14-range-delete-study/scratch/longcycle_formal/db_LC20-R4-CLEAN/000652.sst,0,126358386,120973,0
105.88,flush,490,Write Buffer Full,-1,0,/home/wam/grad/s14-range-delete-study/scratch/longcycle_formal/db_LC20-R4-CLEAN/000657.sst,0,64596941,61840,0
106.71,flush,491,Write Buffer Full,-1,0,/home/wam/grad/s14-range-delete-study/scratch/longcycle_formal/db_LC20-R4-CLEAN/000664.sst,0,64750495,61987,0
106.92,compaction,486,kCompaction,5,6,/home/wam/grad/s14-range-delete-study/scratch/longcycle_formal/db_LC20-R4-CLEAN/000644.sst,0,429806277,408436,0
107.48,flush,493,Write Buffer Full,-1,0,/home/wam/grad/s14-range-delete-study/scratch/longcycle_formal/db_LC20-R4-CLEAN/000670.sst,0,63313652,60611,0
107.96,compaction,488,kCompaction,5,6,/home/wam/grad/s14-range-delete-study/scratch/longcycle_formal/db_LC20-R4-CLEAN/000651.sst,0,452260568,429776,0
108.01,flush,494,Write Buffer Full,-1,0,/home/wam/grad/s14-range-delete-study/scratch/longcycle_formal/db_LC20-R4-CLEAN/000675.sst,0,63622736,60908,0
108.67,compaction,492,kCompaction,0,0,/home/wam/grad/s14-range-delete-study/scratch/longcycle_formal/db_LC20-R4-CLEAN/000668.sst,0,321754175,305691,1084
108.69,flush,496,Write Buffer Full,-1,0,/home/wam/grad/s14-range-delete-study/scratch/longcycle_formal/db_LC20-R4-CLEAN/000678.sst,0,61428953,58807,0
109.33,flush,498,Write Buffer Full,-1,0,/home/wam/grad/s14-range-delete-study/scratch/longcycle_formal/db_LC20-R4-CLEAN/000683.sst,0,63894626,61167,0
109.79,flush,499,Write Buffer Full,-1,0,/home/wam/grad/s14-range-delete-study/scratch/longcycle_formal/db_LC20-R4-CLEAN/000688.sst,0,64064097,61331,0
110.25,flush,500,Write Buffer Full,-1,0,/home/wam/grad/s14-range-delete-study/scratch/longcycle_formal/db_LC20-R4-CLEAN/000693.sst,0,62785426,60106,0
110.88,flush,501,Write Buffer Full,-1,0,/home/wam/grad/s14-range-delete-study/scratch/longcycle_formal/db_LC20-R4-CLEAN/000698.sst,0,64661149,61901,0
111.45,compaction,497,kCompaction,5,6,/home/wam/grad/s14-range-delete-study/scratch/longcycle_formal/db_LC20-R4-CLEAN/000681.sst,0,338199896,321387,0
111.45,compaction,495,kCompaction,5,6,/home/wam/grad/s14-range-delete-study/scratch/longcycle_formal/db_LC20-R4-CLEAN/000676.sst,0,459089546,436264,0
111.45,flush,502,Write Buffer Full,-1,0,/home/wam/grad/s14-range-delete-study/scratch/longcycle_formal/db_LC20-R4-CLEAN/000703.sst,0,63472426,60764,0
112.12,flush,505,Write Buffer Full,-1,0,/home/wam/grad/s14-range-delete-study/scratch/longcycle_formal/db_LC20-R4-CLEAN/000708.sst,0,64790452,62025,0
112.74,compaction,504,kCompaction,5,6,/home/wam/grad/s14-range-delete-study/scratch/longcycle_formal/db_LC20-R4-CLEAN/000706.sst,0,221188355,210187,14686
112.75,flush,506,Write Buffer Full,-1,0,/home/wam/grad/s14-range-delete-study/scratch/longcycle_formal/db_LC20-R4-CLEAN/000713.sst,0,64821496,62055,0
113.76,flush,508,Write Buffer Full,-1,0,/home/wam/grad/s14-range-delete-study/scratch/longcycle_formal/db_LC20-R4-CLEAN/000718.sst,0,64859644,62092,0
114.00,compaction,503,kCompaction,0,0,/home/wam/grad/s14-range-delete-study/scratch/longcycle_formal/db_LC20-R4-CLEAN/000705.sst,0,444632027,422405,2426
114.28,flush,509,Write Buffer Full,-1,0,/home/wam/grad/s14-range-delete-study/scratch/longcycle_formal/db_LC20-R4-CLEAN/000721.sst,0,61708266,59075,0
114.88,compaction,507,kCompaction,5,6,/home/wam/grad/s14-range-delete-study/scratch/longcycle_formal/db_LC20-R4-CLEAN/000715.sst,0,245222667,233029,10395
115.15,flush,511,Write Buffer Full,-1,0,/home/wam/grad/s14-range-delete-study/scratch/longcycle_formal/db_LC20-R4-CLEAN/000727.sst,0,64548898,61794,0
115.63,flush,513,Write Buffer Full,-1,0,/home/wam/grad/s14-range-delete-study/scratch/longcycle_formal/db_LC20-R4-CLEAN/000731.sst,0,64927580,62156,0
115.74,compaction,510,kCompaction,0,0,/home/wam/grad/s14-range-delete-study/scratch/longcycle_formal/db_LC20-R4-CLEAN/000722.sst,0,259182903,246241,695
116.17,flush,515,Write Buffer Full,-1,0,/home/wam/grad/s14-range-delete-study/scratch/longcycle_formal/db_LC20-R4-CLEAN/000735.sst,0,63404465,60698,0
116.63,compaction,512,kCompaction,5,6,/home/wam/grad/s14-range-delete-study/scratch/longcycle_formal/db_LC20-R4-CLEAN/000728.sst,0,217798729,206969,6045
116.91,flush,516,Write Buffer Full,-1,0,/home/wam/grad/s14-range-delete-study/scratch/longcycle_formal/db_LC20-R4-CLEAN/000740.sst,0,64639478,61881,0
117.20,flush,518,Write Buffer Full,-1,0,/home/wam/grad/s14-range-delete-study/scratch/longcycle_formal/db_LC20-R4-CLEAN/000745.sst,0,64605853,61849,0
117.90,compaction,514,kCompaction,5,6,/home/wam/grad/s14-range-delete-study/scratch/longcycle_formal/db_LC20-R4-CLEAN/000733.sst,0,254705889,242046,15042
118.07,flush,519,Write Buffer Full,-1,0,/home/wam/grad/s14-range-delete-study/scratch/longcycle_formal/db_LC20-R4-CLEAN/000749.sst,0,64911552,62141,0
118.33,compaction,517,kCompaction,0,0,/home/wam/grad/s14-range-delete-study/scratch/longcycle_formal/db_LC20-R4-CLEAN/000742.sst,0,255855271,243079,644
118.38,flush,523,Write Buffer Full,-1,0,/home/wam/grad/s14-range-delete-study/scratch/longcycle_formal/db_LC20-R4-CLEAN/000751.sst,0,62196825,59542,0
118.94,flush,528,Write Buffer Full,-1,0,/home/wam/grad/s14-range-delete-study/scratch/longcycle_formal/db_LC20-R4-CLEAN/000755.sst,0,63539434,60827,0
119.65,compaction,525,kCompaction,0,0,/home/wam/grad/s14-range-delete-study/scratch/longcycle_formal/db_LC20-R4-CLEAN/000753.sst,0,257593552,244733,680
119.66,flush,531,Write Buffer Full,-1,0,/home/wam/grad/s14-range-delete-study/scratch/longcycle_formal/db_LC20-R4-CLEAN/000758.sst,0,63785107,61063,0
120.03,flush,536,Write Buffer Full,-1,0,/home/wam/grad/s14-range-delete-study/scratch/longcycle_formal/db_LC20-R4-CLEAN/000762.sst,0,64829414,62063,0
120.58,flush,539,Write Buffer Full,-1,0,/home/wam/grad/s14-range-delete-study/scratch/longcycle_formal/db_LC20-R4-CLEAN/000765.sst,0,63613895,60899,0
121.20,flush,542,Write Buffer Full,-1,0,/home/wam/grad/s14-range-delete-study/scratch/longcycle_formal/db_LC20-R4-CLEAN/000768.sst,0,64581222,61825,0
121.91,flush,544,Write Buffer Full,-1,0,/home/wam/grad/s14-range-delete-study/scratch/longcycle_formal/db_LC20-R4-CLEAN/000772.sst,0,64796180,62030,0
122.88,flush,545,Write Buffer Full,-1,0,/home/wam/grad/s14-range-delete-study/scratch/longcycle_formal/db_LC20-R4-CLEAN/000775.sst,0,61472309,58848,0
123.09,compaction,543,kCompaction,0,0,/home/wam/grad/s14-range-delete-study/scratch/longcycle_formal/db_LC20-R4-CLEAN/000770.sst,0,258081044,245195,655
123.42,flush,546,Write Buffer Full,-1,0,/home/wam/grad/s14-range-delete-study/scratch/longcycle_formal/db_LC20-R4-CLEAN/000777.sst,0,63358467,60654,0
123.83,flush,550,Write Buffer Full,-1,0,/home/wam/grad/s14-range-delete-study/scratch/longcycle_formal/db_LC20-R4-CLEAN/000780.sst,0,63315890,60613,0
124.40,compaction,532,kCompaction,0,0,/home/wam/grad/s14-range-delete-study/scratch/longcycle_formal/db_LC20-R4-CLEAN/000759.sst,0,829704588,788232,6648
124.45,flush,552,Write Buffer Full,-1,0,/home/wam/grad/s14-range-delete-study/scratch/longcycle_formal/db_LC20-R4-CLEAN/000783.sst,0,64170825,61432,0
125.08,flush,556,Write Buffer Full,-1,0,/home/wam/grad/s14-range-delete-study/scratch/longcycle_formal/db_LC20-R4-CLEAN/000786.sst,0,64715361,61953,0
125.25,compaction,551,kCompaction,0,0,/home/wam/grad/s14-range-delete-study/scratch/longcycle_formal/db_LC20-R4-CLEAN/000781.sst,0,254194252,241509,636
125.38,flush,559,Write Buffer Full,-1,0,/home/wam/grad/s14-range-delete-study/scratch/longcycle_formal/db_LC20-R4-CLEAN/000788.sst,0,64723942,61962,0
125.92,flush,563,Write Buffer Full,-1,0,/home/wam/grad/s14-range-delete-study/scratch/longcycle_formal/db_LC20-R4-CLEAN/000791.sst,0,63747736,61027,0
126.46,flush,567,Write Buffer Full,-1,0,/home/wam/grad/s14-range-delete-study/scratch/longcycle_formal/db_LC20-R4-CLEAN/000796.sst,0,64652423,61892,0
127.10,compaction,564,kCompaction,0,0,/home/wam/grad/s14-range-delete-study/scratch/longcycle_formal/db_LC20-R4-CLEAN/000793.sst,0,258662764,245751,623
127.24,flush,570,Write Buffer Full,-1,0,/home/wam/grad/s14-range-delete-study/scratch/longcycle_formal/db_LC20-R4-CLEAN/000799.sst,0,63420751,60713,0
127.67,flush,575,Write Buffer Full,-1,0,/home/wam/grad/s14-range-delete-study/scratch/longcycle_formal/db_LC20-R4-CLEAN/000802.sst,0,63842325,61117,0
128.27,flush,578,Write Buffer Full,-1,0,/home/wam/grad/s14-range-delete-study/scratch/longcycle_formal/db_LC20-R4-CLEAN/000805.sst,0,62492394,59825,0
128.85,flush,581,Write Buffer Full,-1,0,/home/wam/grad/s14-range-delete-study/scratch/longcycle_formal/db_LC20-R4-CLEAN/000808.sst,0,63929727,61201,0
129.88,flush,583,Write Buffer Full,-1,0,/home/wam/grad/s14-range-delete-study/scratch/longcycle_formal/db_LC20-R4-CLEAN/000812.sst,0,64796441,62030,0
130.73,compaction,487,kCompaction,0,4,/home/wam/grad/s14-range-delete-study/scratch/longcycle_formal/db_LC20-R4-CLEAN/000645.sst,0,4091159719,3887639,168394
130.74,flush,584,Write Buffer Full,-1,0,/home/wam/grad/s14-range-delete-study/scratch/longcycle_formal/db_LC20-R4-CLEAN/000815.sst,0,64801374,62035,0
130.74,compaction,582,kCompaction,0,0,/home/wam/grad/s14-range-delete-study/scratch/longcycle_formal/db_LC20-R4-CLEAN/000810.sst,0,254975373,242244,612
130.77,compaction,571,kCompaction,0,0,/home/wam/grad/s14-range-delete-study/scratch/longcycle_formal/db_LC20-R4-CLEAN/000800.sst,0,829596361,788103,6244
130.98,flush,587,Write Buffer Full,-1,0,/home/wam/grad/s14-range-delete-study/scratch/longcycle_formal/db_LC20-R4-CLEAN/000818.sst,0,62820773,60139,0
131.53,flush,588,Write Buffer Full,-1,0,/home/wam/grad/s14-range-delete-study/scratch/longcycle_formal/db_LC20-R4-CLEAN/000821.sst,0,63925684,61197,0
132.17,flush,589,Write Buffer Full,-1,0,/home/wam/grad/s14-range-delete-study/scratch/longcycle_formal/db_LC20-R4-CLEAN/000824.sst,0,64931966,62160,0
132.97,flush,590,Write Buffer Full,-1,0,/home/wam/grad/s14-range-delete-study/scratch/longcycle_formal/db_LC20-R4-CLEAN/000827.sst,0,64874644,62105,0
133.35,flush,592,Write Buffer Full,-1,0,/home/wam/grad/s14-range-delete-study/scratch/longcycle_formal/db_LC20-R4-CLEAN/000831.sst,0,60442539,57862,0
134.00,flush,593,Write Buffer Full,-1,0,/home/wam/grad/s14-range-delete-study/scratch/longcycle_formal/db_LC20-R4-CLEAN/000834.sst,0,64622690,61864,0
134.51,compaction,591,kCompaction,0,0,/home/wam/grad/s14-range-delete-study/scratch/longcycle_formal/db_LC20-R4-CLEAN/000829.sst,0,257829018,244957,644
134.61,flush,594,Write Buffer Full,-1,0,/home/wam/grad/s14-range-delete-study/scratch/longcycle_formal/db_LC20-R4-CLEAN/000836.sst,0,64449093,61698,0
135.01,flush,598,Write Buffer Full,-1,0,/home/wam/grad/s14-range-delete-study/scratch/longcycle_formal/db_LC20-R4-CLEAN/000840.sst,0,64594168,61836,0
135.57,flush,600,Write Buffer Full,-1,0,/home/wam/grad/s14-range-delete-study/scratch/longcycle_formal/db_LC20-R4-CLEAN/000844.sst,0,64833078,62066,0
136.26,compaction,599,kCompaction,0,0,/home/wam/grad/s14-range-delete-study/scratch/longcycle_formal/db_LC20-R4-CLEAN/000841.sst,0,255393376,242636,624
136.42,flush,603,Write Buffer Full,-1,0,/home/wam/grad/s14-range-delete-study/scratch/longcycle_formal/db_LC20-R4-CLEAN/000846.sst,0,62692441,60016,0
136.77,flush,607,Write Buffer Full,-1,0,/home/wam/grad/s14-range-delete-study/scratch/longcycle_formal/db_LC20-R4-CLEAN/000849.sst,0,63502916,60792,0
137.32,flush,610,Write Buffer Full,-1,0,/home/wam/grad/s14-range-delete-study/scratch/longcycle_formal/db_LC20-R4-CLEAN/000851.sst,0,64851719,62083,0
137.90,flush,614,Write Buffer Full,-1,0,/home/wam/grad/s14-range-delete-study/scratch/longcycle_formal/db_LC20-R4-CLEAN/000855.sst,0,64447363,61696,0
138.67,flush,617,Write Buffer Full,-1,0,/home/wam/grad/s14-range-delete-study/scratch/longcycle_formal/db_LC20-R4-CLEAN/000858.sst,0,64473947,61721,0
138.68,compaction,611,kCompaction,0,0,/home/wam/grad/s14-range-delete-study/scratch/longcycle_formal/db_LC20-R4-CLEAN/000853.sst,0,257214646,244367,590
139.24,flush,621,Write Buffer Full,-1,0,/home/wam/grad/s14-range-delete-study/scratch/longcycle_formal/db_LC20-R4-CLEAN/000861.sst,0,61800743,59162,0
140.04,flush,624,Write Buffer Full,-1,0,/home/wam/grad/s14-range-delete-study/scratch/longcycle_formal/db_LC20-R4-CLEAN/000864.sst,0,64623425,61864,0
140.44,flush,628,Write Buffer Full,-1,0,/home/wam/grad/s14-range-delete-study/scratch/longcycle_formal/db_LC20-R4-CLEAN/000868.sst,0,63942092,61212,0
141.25,flush,631,Write Buffer Full,-1,0,/home/wam/grad/s14-range-delete-study/scratch/longcycle_formal/db_LC20-R4-CLEAN/000871.sst,0,64946932,62174,0
141.46,compaction,625,kCompaction,0,0,/home/wam/grad/s14-range-delete-study/scratch/longcycle_formal/db_LC20-R4-CLEAN/000865.sst,0,256661257,243840,603
141.58,flush,633,Write Buffer Full,-1,0,/home/wam/grad/s14-range-delete-study/scratch/longcycle_formal/db_LC20-R4-CLEAN/000874.sst,0,63952473,61221,0
142.20,flush,638,Write Buffer Full,-1,0,/home/wam/grad/s14-range-delete-study/scratch/longcycle_formal/db_LC20-R4-CLEAN/000877.sst,0,64624438,61866,0
142.85,flush,641,Write Buffer Full,-1,0,/home/wam/grad/s14-range-delete-study/scratch/longcycle_formal/db_LC20-R4-CLEAN/000881.sst,0,64687112,61926,0
143.51,compaction,639,kCompaction,0,0,/home/wam/grad/s14-range-delete-study/scratch/longcycle_formal/db_LC20-R4-CLEAN/000879.sst,0,258836653,245910,563
143.70,flush,645,Write Buffer Full,-1,0,/home/wam/grad/s14-range-delete-study/scratch/longcycle_formal/db_LC20-R4-CLEAN/000886.sst,0,64777291,62011,0
144.37,flush,646,Write Buffer Full,-1,0,/home/wam/grad/s14-range-delete-study/scratch/longcycle_formal/db_LC20-R4-CLEAN/000889.sst,0,63954532,61224,0
145.04,flush,647,Write Buffer Full,-1,0,/home/wam/grad/s14-range-delete-study/scratch/longcycle_formal/db_LC20-R4-CLEAN/000892.sst,0,64502787,61749,0
145.77,flush,648,Write Buffer Full,-1,0,/home/wam/grad/s14-range-delete-study/scratch/longcycle_formal/db_LC20-R4-CLEAN/000895.sst,0,64168075,61428,0
146.42,flush,650,Write Buffer Full,-1,0,/home/wam/grad/s14-range-delete-study/scratch/longcycle_formal/db_LC20-R4-CLEAN/000900.sst,0,62304993,59644,0
147.01,compaction,649,kCompaction,0,0,/home/wam/grad/s14-range-delete-study/scratch/longcycle_formal/db_LC20-R4-CLEAN/000897.sst,0,258742094,245826,586
147.86,flush,652,Write Buffer Full,-1,0,/home/wam/grad/s14-range-delete-study/scratch/longcycle_formal/db_LC20-R4-CLEAN/000903.sst,0,62370550,59710,0
148.55,flush,655,Write Buffer Full,-1,0,/home/wam/grad/s14-range-delete-study/scratch/longcycle_formal/db_LC20-R4-CLEAN/000906.sst,0,60715530,58126,0
149.70,compaction,644,kCompaction,0,0,/home/wam/grad/s14-range-delete-study/scratch/longcycle_formal/db_LC20-R4-CLEAN/000884.sst,0,1333196281,1266480,17156
149.73,flush,658,Write Buffer Full,-1,0,/home/wam/grad/s14-range-delete-study/scratch/longcycle_formal/db_LC20-R4-CLEAN/000909.sst,0,64879597,62115,0
150.86,compaction,661,kCompaction,0,0,/home/wam/grad/s14-range-delete-study/scratch/longcycle_formal/db_LC20-R4-CLEAN/000911.sst,0,251500157,238940,655
151.26,flush,664,Write Buffer Full,-1,0,/home/wam/grad/s14-range-delete-study/scratch/longcycle_formal/db_LC20-R4-CLEAN/000914.sst,0,62492085,59821,0
152.07,flush,667,Write Buffer Full,-1,0,/home/wam/grad/s14-range-delete-study/scratch/longcycle_formal/db_LC20-R4-CLEAN/000918.sst,0,59301832,56759,0
152.96,flush,670,Write Buffer Full,-1,0,/home/wam/grad/s14-range-delete-study/scratch/longcycle_formal/db_LC20-R4-CLEAN/000921.sst,0,63663173,60934,0
153.80,flush,673,Write Buffer Full,-1,0,/home/wam/grad/s14-range-delete-study/scratch/longcycle_formal/db_LC20-R4-CLEAN/000925.sst,0,62608733,59924,0
155.07,flush,677,Write Buffer Full,-1,0,/home/wam/grad/s14-range-delete-study/scratch/longcycle_formal/db_LC20-R4-CLEAN/000929.sst,0,64788455,62011,0
155.22,compaction,675,kCompaction,0,0,/home/wam/grad/s14-range-delete-study/scratch/longcycle_formal/db_LC20-R4-CLEAN/000926.sst,0,249135965,236675,763
156.27,flush,682,Write Buffer Full,-1,0,/home/wam/grad/s14-range-delete-study/scratch/longcycle_formal/db_LC20-R4-CLEAN/000933.sst,0,64126543,61378,0
157.41,flush,685,Write Buffer Full,-1,0,/home/wam/grad/s14-range-delete-study/scratch/longcycle_formal/db_LC20-R4-CLEAN/000936.sst,0,64830781,62052,0
162.13,flush,688,Write Buffer Full,-1,0,/home/wam/grad/s14-range-delete-study/scratch/longcycle_formal/db_LC20-R4-CLEAN/000939.sst,0,60275039,57690,0
165.40,flush,693,Write Buffer Full,-1,0,/home/wam/grad/s14-range-delete-study/scratch/longcycle_formal/db_LC20-R4-CLEAN/000943.sst,0,123942516,118641,0
165.58,compaction,680,kCompaction,0,0,/home/wam/grad/s14-range-delete-study/scratch/longcycle_formal/db_LC20-R4-CLEAN/000931.sst,0,817035160,776163,7289
166.02,flush,697,Write Buffer Full,-1,0,/home/wam/grad/s14-range-delete-study/scratch/longcycle_formal/db_LC20-R4-CLEAN/000948.sst,0,64489320,61725,0
166.98,flush,700,Write Buffer Full,-1,0,/home/wam/grad/s14-range-delete-study/scratch/longcycle_formal/db_LC20-R4-CLEAN/000950.sst,0,64521835,61756,0
168.93,flush,703,Write Buffer Full,-1,0,/home/wam/grad/s14-range-delete-study/scratch/longcycle_formal/db_LC20-R4-CLEAN/000953.sst,0,63274931,60562,0
168.95,compaction,695,kCompaction,0,0,/home/wam/grad/s14-range-delete-study/scratch/longcycle_formal/db_LC20-R4-CLEAN/000946.sst,0,314308981,298579,1182
169.30,flush,706,Write Buffer Full,-1,0,/home/wam/grad/s14-range-delete-study/scratch/longcycle_formal/db_LC20-R4-CLEAN/000956.sst,0,61689664,59045,0
170.10,flush,711,Write Buffer Full,-1,0,/home/wam/grad/s14-range-delete-study/scratch/longcycle_formal/db_LC20-R4-CLEAN/000959.sst,0,64561889,61794,0
171.28,flush,713,Write Buffer Full,-1,0,/home/wam/grad/s14-range-delete-study/scratch/longcycle_formal/db_LC20-R4-CLEAN/000962.sst,0,62133283,59469,0
171.59,compaction,708,kCompaction,0,0,/home/wam/grad/s14-range-delete-study/scratch/longcycle_formal/db_LC20-R4-CLEAN/000957.sst,0,255056322,242304,784
172.35,flush,718,Write Buffer Full,-1,0,/home/wam/grad/s14-range-delete-study/scratch/longcycle_formal/db_LC20-R4-CLEAN/000965.sst,0,64924396,62141,0
173.35,flush,721,Write Buffer Full,-1,0,/home/wam/grad/s14-range-delete-study/scratch/longcycle_formal/db_LC20-R4-CLEAN/000968.sst,0,64773566,61996,0
174.73,flush,724,Write Buffer Full,-1,0,/home/wam/grad/s14-range-delete-study/scratch/longcycle_formal/db_LC20-R4-CLEAN/000973.sst,0,61698412,59053,0
175.29,compaction,722,kCompaction,0,0,/home/wam/grad/s14-range-delete-study/scratch/longcycle_formal/db_LC20-R4-CLEAN/000970.sst,0,257423087,244548,852
175.33,flush,728,Write Buffer Full,-1,0,/home/wam/grad/s14-range-delete-study/scratch/longcycle_formal/db_LC20-R4-CLEAN/000975.sst,0,63185860,60477,0
176.19,flush,732,Write Buffer Full,-1,0,/home/wam/grad/s14-range-delete-study/scratch/longcycle_formal/db_LC20-R4-CLEAN/000978.sst,0,64796469,62019,0
176.77,compaction,586,kCompaction,0,4,/home/wam/grad/s14-range-delete-study/scratch/longcycle_formal/db_LC20-R4-CLEAN/000817.sst,0,6517764865,6193585,364794
176.95,flush,735,Write Buffer Full,-1,0,/home/wam/grad/s14-range-delete-study/scratch/longcycle_formal/db_LC20-R4-CLEAN/000981.sst,0,56620398,54192,0
178.15,flush,737,Write Buffer Full,-1,0,/home/wam/grad/s14-range-delete-study/scratch/longcycle_formal/db_LC20-R4-CLEAN/000986.sst,0,64188589,61436,0
178.73,flush,738,Write Buffer Full,-1,0,/home/wam/grad/s14-range-delete-study/scratch/longcycle_formal/db_LC20-R4-CLEAN/000988.sst,0,61686293,59041,0
179.61,flush,739,Write Buffer Full,-1,0,/home/wam/grad/s14-range-delete-study/scratch/longcycle_formal/db_LC20-R4-CLEAN/000991.sst,0,61279739,58651,0
181.09,flush,741,Write Buffer Full,-1,0,/home/wam/grad/s14-range-delete-study/scratch/longcycle_formal/db_LC20-R4-CLEAN/000995.sst,0,62899071,60202,0
181.13,compaction,740,kCompaction,0,0,/home/wam/grad/s14-range-delete-study/scratch/longcycle_formal/db_LC20-R4-CLEAN/000993.sst,0,244840865,232591,729
181.88,flush,744,Write Buffer Full,-1,0,/home/wam/grad/s14-range-delete-study/scratch/longcycle_formal/db_LC20-R4-CLEAN/000998.sst,0,64258902,61504,0
182.83,flush,746,Write Buffer Full,-1,0,/home/wam/grad/s14-range-delete-study/scratch/longcycle_formal/db_LC20-R4-CLEAN/001001.sst,0,64653732,61882,0
183.81,flush,749,Write Buffer Full,-1,0,/home/wam/grad/s14-range-delete-study/scratch/longcycle_formal/db_LC20-R4-CLEAN/001004.sst,0,60115214,57537,0
185.50,flush,752,Write Buffer Full,-1,0,/home/wam/grad/s14-range-delete-study/scratch/longcycle_formal/db_LC20-R4-CLEAN/001009.sst,0,63505817,60783,0
185.54,compaction,751,kCompaction,0,0,/home/wam/grad/s14-range-delete-study/scratch/longcycle_formal/db_LC20-R4-CLEAN/001006.sst,0,253006485,240351,774
185.96,flush,755,Write Buffer Full,-1,0,/home/wam/grad/s14-range-delete-study/scratch/longcycle_formal/db_LC20-R4-CLEAN/001012.sst,0,64775205,61997,0
186.79,flush,758,Write Buffer Full,-1,0,/home/wam/grad/s14-range-delete-study/scratch/longcycle_formal/db_LC20-R4-CLEAN/001015.sst,0,63539061,60815,0
187.83,flush,762,Write Buffer Full,-1,0,/home/wam/grad/s14-range-delete-study/scratch/longcycle_formal/db_LC20-R4-CLEAN/001018.sst,0,57602650,55132,0
188.72,flush,766,Write Buffer Full,-1,0,/home/wam/grad/s14-range-delete-study/scratch/longcycle_formal/db_LC20-R4-CLEAN/001022.sst,0,64777513,62000,0
189.62,compaction,763,kCompaction,0,0,/home/wam/grad/s14-range-delete-study/scratch/longcycle_formal/db_LC20-R4-CLEAN/001019.sst,0,250478437,237951,776
190.07,flush,769,Write Buffer Full,-1,0,/home/wam/grad/s14-range-delete-study/scratch/longcycle_formal/db_LC20-R4-CLEAN/001027.sst,0,63138297,60431,0
190.84,flush,770,Write Buffer Full,-1,0,/home/wam/grad/s14-range-delete-study/scratch/longcycle_formal/db_LC20-R4-CLEAN/001030.sst,0,56652420,54222,0
191.62,flush,771,Write Buffer Full,-1,0,/home/wam/grad/s14-range-delete-study/scratch/longcycle_formal/db_LC20-R4-CLEAN/001033.sst,0,56108715,53702,0
193.16,flush,772,Write Buffer Full,-1,0,/home/wam/grad/s14-range-delete-study/scratch/longcycle_formal/db_LC20-R4-CLEAN/001036.sst,0,64767695,61991,0
193.42,compaction,768,kCompaction,0,0,/home/wam/grad/s14-range-delete-study/scratch/longcycle_formal/db_LC20-R4-CLEAN/001025.sst,0,805829444,765491,7402
194.01,flush,775,Write Buffer Full,-1,0,/home/wam/grad/s14-range-delete-study/scratch/longcycle_formal/db_LC20-R4-CLEAN/001040.sst,0,64296588,61540,0
194.41,compaction,773,kCompaction,0,0,/home/wam/grad/s14-range-delete-study/scratch/longcycle_formal/db_LC20-R4-CLEAN/001038.sst,0,241701630,229608,738
194.86,flush,779,Write Buffer Full,-1,0,/home/wam/grad/s14-range-delete-study/scratch/longcycle_formal/db_LC20-R4-CLEAN/001043.sst,0,59869649,57302,0
195.71,flush,782,Write Buffer Full,-1,0,/home/wam/grad/s14-range-delete-study/scratch/longcycle_formal/db_LC20-R4-CLEAN/001047.sst,0,61177559,58554,0
196.69,flush,785,Write Buffer Full,-1,0,/home/wam/grad/s14-range-delete-study/scratch/longcycle_formal/db_LC20-R4-CLEAN/001051.sst,0,63832354,61095,0
197.81,flush,790,Write Buffer Full,-1,0,/home/wam/grad/s14-range-delete-study/scratch/longcycle_formal/db_LC20-R4-CLEAN/001055.sst,0,64710787,61936,0
198.19,compaction,787,kCompaction,0,0,/home/wam/grad/s14-range-delete-study/scratch/longcycle_formal/db_LC20-R4-CLEAN/001052.sst,0,250222029,237708,783
198.48,flush,793,Write Buffer Full,-1,0,/home/wam/grad/s14-range-delete-study/scratch/longcycle_formal/db_LC20-R4-CLEAN/001058.sst,0,64162863,61412,0
199.59,flush,796,Write Buffer Full,-1,0,/home/wam/grad/s14-range-delete-study/scratch/longcycle_formal/db_LC20-R4-CLEAN/001061.sst,0,64007725,61263,0
200.37,flush,799,Write Buffer Full,-1,0,/home/wam/grad/s14-range-delete-study/scratch/longcycle_formal/db_LC20-R4-CLEAN/001064.sst,0,64689065,61915,0
201.48,flush,803,Write Buffer Full,-1,0,/home/wam/grad/s14-range-delete-study/scratch/longcycle_formal/db_LC20-R4-CLEAN/001069.sst,0,64724573,61949,0
201.85,compaction,801,kCompaction,0,0,/home/wam/grad/s14-range-delete-study/scratch/longcycle_formal/db_LC20-R4-CLEAN/001066.sst,0,258790546,245844,682
202.27,flush,808,Write Buffer Full,-1,0,/home/wam/grad/s14-range-delete-study/scratch/longcycle_formal/db_LC20-R4-CLEAN/001073.sst,0,62165715,59500,0
203.16,flush,811,Write Buffer Full,-1,0,/home/wam/grad/s14-range-delete-study/scratch/longcycle_formal/db_LC20-R4-CLEAN/001076.sst,0,62581308,59898,0
204.66,flush,814,Write Buffer Full,-1,0,/home/wam/grad/s14-range-delete-study/scratch/longcycle_formal/db_LC20-R4-CLEAN/001080.sst,0,60585419,57987,0
205.26,flush,817,Write Buffer Full,-1,0,/home/wam/grad/s14-range-delete-study/scratch/longcycle_formal/db_LC20-R4-CLEAN/001083.sst,0,64922646,62138,0
205.64,compaction,806,kCompaction,0,0,/home/wam/grad/s14-range-delete-study/scratch/longcycle_formal/db_LC20-R4-CLEAN/001071.sst,0,808515709,768032,7077
206.09,flush,821,Write Buffer Full,-1,0,/home/wam/grad/s14-range-delete-study/scratch/longcycle_formal/db_LC20-R4-CLEAN/001087.sst,0,62873073,60177,0
206.63,compaction,819,kCompaction,0,0,/home/wam/grad/s14-range-delete-study/scratch/longcycle_formal/db_LC20-R4-CLEAN/001084.sst,0,251414181,238839,684
206.98,flush,826,Write Buffer Full,-1,0,/home/wam/grad/s14-range-delete-study/scratch/longcycle_formal/db_LC20-R4-CLEAN/001090.sst,0,64861566,62080,0
208.06,flush,829,Write Buffer Full,-1,0,/home/wam/grad/s14-range-delete-study/scratch/longcycle_formal/db_LC20-R4-CLEAN/001093.sst,0,64295308,61538,0
208.87,flush,832,Write Buffer Full,-1,0,/home/wam/grad/s14-range-delete-study/scratch/longcycle_formal/db_LC20-R4-CLEAN/001096.sst,0,64803806,62025,0
209.54,flush,835,Write Buffer Full,-1,0,/home/wam/grad/s14-range-delete-study/scratch/longcycle_formal/db_LC20-R4-CLEAN/001100.sst,0,56403260,53983,0
209.75,compaction,833,kCompaction,0,0,/home/wam/grad/s14-range-delete-study/scratch/longcycle_formal/db_LC20-R4-CLEAN/001098.sst,0,257958256,245058,762
210.46,flush,839,Write Buffer Full,-1,0,/home/wam/grad/s14-range-delete-study/scratch/longcycle_formal/db_LC20-R4-CLEAN/001104.sst,0,63454539,60733,0
211.36,flush,843,Write Buffer Full,-1,0,/home/wam/grad/s14-range-delete-study/scratch/longcycle_formal/db_LC20-R4-CLEAN/001108.sst,0,64747291,61971,0
212.21,flush,846,Write Buffer Full,-1,0,/home/wam/grad/s14-range-delete-study/scratch/longcycle_formal/db_LC20-R4-CLEAN/001112.sst,0,63349654,60633,0
213.21,compaction,847,kCompaction,0,0,/home/wam/grad/s14-range-delete-study/scratch/longcycle_formal/db_LC20-R4-CLEAN/001113.sst,0,249077856,236617,703
213.22,flush,850,Write Buffer Full,-1,0,/home/wam/grad/s14-range-delete-study/scratch/longcycle_formal/db_LC20-R4-CLEAN/001116.sst,0,63484249,60761,0
214.09,flush,855,Write Buffer Full,-1,0,/home/wam/grad/s14-range-delete-study/scratch/longcycle_formal/db_LC20-R4-CLEAN/001121.sst,0,62475108,59796,0
214.98,flush,858,Write Buffer Full,-1,0,/home/wam/grad/s14-range-delete-study/scratch/longcycle_formal/db_LC20-R4-CLEAN/001124.sst,0,62817324,60123,0
216.19,flush,860,Write Buffer Full,-1,0,/home/wam/grad/s14-range-delete-study/scratch/longcycle_formal/db_LC20-R4-CLEAN/001128.sst,0,64788578,62010,0
216.51,compaction,852,kCompaction,0,0,/home/wam/grad/s14-range-delete-study/scratch/longcycle_formal/db_LC20-R4-CLEAN/001118.sst,0,815159196,774327,6948
216.87,flush,865,Write Buffer Full,-1,0,/home/wam/grad/s14-range-delete-study/scratch/longcycle_formal/db_LC20-R4-CLEAN/001131.sst,0,64761863,61984,0
218.18,flush,868,Write Buffer Full,-1,0,/home/wam/grad/s14-range-delete-study/scratch/longcycle_formal/db_LC20-R4-CLEAN/001135.sst,0,60624266,58023,0
218.20,compaction,866,kCompaction,0,0,/home/wam/grad/s14-range-delete-study/scratch/longcycle_formal/db_LC20-R4-CLEAN/001132.sst,0,256017591,243208,705
218.54,flush,873,Write Buffer Full,-1,0,/home/wam/grad/s14-range-delete-study/scratch/longcycle_formal/db_LC20-R4-CLEAN/001138.sst,0,60603908,58004,0
219.52,flush,876,Write Buffer Full,-1,0,/home/wam/grad/s14-range-delete-study/scratch/longcycle_formal/db_LC20-R4-CLEAN/001142.sst,0,64808527,62029,0
220.41,flush,879,Write Buffer Full,-1,0,/home/wam/grad/s14-range-delete-study/scratch/longcycle_formal/db_LC20-R4-CLEAN/001145.sst,0,63551961,60827,0
221.38,flush,882,Write Buffer Full,-1,0,/home/wam/grad/s14-range-delete-study/scratch/longcycle_formal/db_LC20-R4-CLEAN/001149.sst,0,59422309,56873,0
221.42,compaction,880,kCompaction,0,0,/home/wam/grad/s14-range-delete-study/scratch/longcycle_formal/db_LC20-R4-CLEAN/001146.sst,0,250755667,238215,668
222.45,flush,886,Write Buffer Full,-1,0,/home/wam/grad/s14-range-delete-study/scratch/longcycle_formal/db_LC20-R4-CLEAN/001153.sst,0,62401260,59725,0
223.34,flush,889,Write Buffer Full,-1,0,/home/wam/grad/s14-range-delete-study/scratch/longcycle_formal/db_LC20-R4-CLEAN/001157.sst,0,62424212,59747,0
224.43,flush,892,Write Buffer Full,-1,0,/home/wam/grad/s14-range-delete-study/scratch/longcycle_formal/db_LC20-R4-CLEAN/001160.sst,0,64749583,61973,0
228.73,flush,896,Write Buffer Full,-1,0,/home/wam/grad/s14-range-delete-study/scratch/longcycle_formal/db_LC20-R4-CLEAN/001164.sst,0,58357243,55853,0
228.74,compaction,894,kCompaction,0,0,/home/wam/grad/s14-range-delete-study/scratch/longcycle_formal/db_LC20-R4-CLEAN/001162.sst,0,250158281,237645,673
230.15,flush,902,Write Buffer Full,-1,0,/home/wam/grad/s14-range-delete-study/scratch/longcycle_formal/db_LC20-R4-CLEAN/001168.sst,0,64751880,61975,0
231.49,flush,905,Write Buffer Full,-1,0,/home/wam/grad/s14-range-delete-study/scratch/longcycle_formal/db_LC20-R4-CLEAN/001171.sst,0,64307446,61549,0
233.95,flush,908,Write Buffer Full,-1,0,/home/wam/grad/s14-range-delete-study/scratch/longcycle_formal/db_LC20-R4-CLEAN/001174.sst,0,63714794,60982,0
234.96,compaction,736,kCompaction,0,4,/home/wam/grad/s14-range-delete-study/scratch/longcycle_formal/db_LC20-R4-CLEAN/000982.sst,0,9040500078,8590916,612292
235.50,compaction,914,kCompaction,4,5,/home/wam/grad/s14-range-delete-study/scratch/longcycle_formal/db_LC20-R4-CLEAN/000983.sst,0,0,0,0
235.58,compaction,915,kCompaction,4,5,/home/wam/grad/s14-range-delete-study/scratch/longcycle_formal/db_LC20-R4-CLEAN/001028.sst,0,0,0,0
235.59,flush,912,Write Buffer Full,-1,0,/home/wam/grad/s14-range-delete-study/scratch/longcycle_formal/db_LC20-R4-CLEAN/001177.sst,0,120496096,115338,0
235.60,compaction,916,kCompaction,4,5,/home/wam/grad/s14-range-delete-study/scratch/longcycle_formal/db_LC20-R4-CLEAN/001041.sst,0,0,0,0
235.60,compaction,917,kCompaction,4,5,/home/wam/grad/s14-range-delete-study/scratch/longcycle_formal/db_LC20-R4-CLEAN/001048.sst,0,0,0,0
235.61,compaction,900,kCompaction,0,0,/home/wam/grad/s14-range-delete-study/scratch/longcycle_formal/db_LC20-R4-CLEAN/001167.sst,0,808768453,768263,6658
235.62,compaction,918,kCompaction,4,5,/home/wam/grad/s14-range-delete-study/scratch/longcycle_formal/db_LC20-R4-CLEAN/001059.sst,0,0,0,0
235.96,flush,919,Write Buffer Full,-1,0,/home/wam/grad/s14-range-delete-study/scratch/longcycle_formal/db_LC20-R4-CLEAN/001179.sst,0,64734902,61959,0
236.84,flush,922,Write Buffer Full,-1,0,/home/wam/grad/s14-range-delete-study/scratch/longcycle_formal/db_LC20-R4-CLEAN/001183.sst,0,62990572,60289,0
237.66,flush,924,Write Buffer Full,-1,0,/home/wam/grad/s14-range-delete-study/scratch/longcycle_formal/db_LC20-R4-CLEAN/001188.sst,0,60947684,58333,0
238.77,flush,925,Write Buffer Full,-1,0,/home/wam/grad/s14-range-delete-study/scratch/longcycle_formal/db_LC20-R4-CLEAN/001196.sst,0,64802665,62023,0
240.18,flush,926,Write Buffer Full,-1,0,/home/wam/grad/s14-range-delete-study/scratch/longcycle_formal/db_LC20-R4-CLEAN/001203.sst,0,62074546,59412,0
241.45,flush,927,Write Buffer Full,-1,0,/home/wam/grad/s14-range-delete-study/scratch/longcycle_formal/db_LC20-R4-CLEAN/001212.sst,0,62709169,60019,0
242.79,flush,928,Write Buffer Full,-1,0,/home/wam/grad/s14-range-delete-study/scratch/longcycle_formal/db_LC20-R4-CLEAN/001220.sst,0,59414115,56865,0
242.84,compaction,921,kCompaction,5,6,/home/wam/grad/s14-range-delete-study/scratch/longcycle_formal/db_LC20-R4-CLEAN/001181.sst,0,744046761,707050,0
243.54,flush,930,Write Buffer Full,-1,0,/home/wam/grad/s14-range-delete-study/scratch/longcycle_formal/db_LC20-R4-CLEAN/001226.sst,0,55604461,53218,0
244.45,flush,931,Write Buffer Full,-1,0,/home/wam/grad/s14-range-delete-study/scratch/longcycle_formal/db_LC20-R4-CLEAN/001231.sst,0,61672292,59027,0
245.58,compaction,929,kCompaction,0,0,/home/wam/grad/s14-range-delete-study/scratch/longcycle_formal/db_LC20-R4-CLEAN/001222.sst,0,438620001,416659,2241
245.60,flush,932,Write Buffer Full,-1,0,/home/wam/grad/s14-range-delete-study/scratch/longcycle_formal/db_LC20-R4-CLEAN/001236.sst,0,64233504,61479,0
245.94,compaction,923,kCompaction,5,6,/home/wam/grad/s14-range-delete-study/scratch/longcycle_formal/db_LC20-R4-CLEAN/001186.sst,0,1142855566,1086035,6670
246.43,flush,936,Write Buffer Full,-1,0,/home/wam/grad/s14-range-delete-study/scratch/longcycle_formal/db_LC20-R4-CLEAN/001241.sst,0,64868538,62086,0
247.88,flush,940,Write Buffer Full,-1,0,/home/wam/grad/s14-range-delete-study/scratch/longcycle_formal/db_LC20-R4-CLEAN/001245.sst,0,64599803,61829,0
247.92,compaction,938,kCompaction,0,0,/home/wam/grad/s14-range-delete-study/scratch/longcycle_formal/db_LC20-R4-CLEAN/001242.sst,0,247596563,235205,605
248.26,flush,944,Write Buffer Full,-1,0,/home/wam/grad/s14-range-delete-study/scratch/longcycle_formal/db_LC20-R4-CLEAN/001248.sst,0,59248408,56706,0
249.14,flush,947,Write Buffer Full,-1,0,/home/wam/grad/s14-range-delete-study/scratch/longcycle_formal/db_LC20-R4-CLEAN/001251.sst,0,64711408,61936,0
250.05,flush,950,Write Buffer Full,-1,0,/home/wam/grad/s14-range-delete-study/scratch/longcycle_formal/db_LC20-R4-CLEAN/001254.sst,0,64653177,61880,0
251.54,flush,955,Write Buffer Full,-1,0,/home/wam/grad/s14-range-delete-study/scratch/longcycle_formal/db_LC20-R4-CLEAN/001259.sst,0,64758767,61981,0
251.56,compaction,952,kCompaction,0,0,/home/wam/grad/s14-range-delete-study/scratch/longcycle_formal/db_LC20-R4-CLEAN/001256.sst,0,254392466,241667,684
252.22,flush,959,Write Buffer Full,-1,0,/home/wam/grad/s14-range-delete-study/scratch/longcycle_formal/db_LC20-R4-CLEAN/001262.sst,0,57292506,54834,0
253.16,flush,962,Write Buffer Full,-1,0,/home/wam/grad/s14-range-delete-study/scratch/longcycle_formal/db_LC20-R4-CLEAN/001266.sst,0,64770406,61992,0
254.10,flush,965,Write Buffer Full,-1,0,/home/wam/grad/s14-range-delete-study/scratch/longcycle_formal/db_LC20-R4-CLEAN/001270.sst,0,59890122,57321,0
254.91,flush,969,Write Buffer Full,-1,0,/home/wam/grad/s14-range-delete-study/scratch/longcycle_formal/db_LC20-R4-CLEAN/001275.sst,0,59071642,56537,0
255.43,compaction,966,kCompaction,0,0,/home/wam/grad/s14-range-delete-study/scratch/longcycle_formal/db_LC20-R4-CLEAN/001272.sst,0,247918872,235514,614
256.00,flush,974,Write Buffer Full,-1,0,/home/wam/grad/s14-range-delete-study/scratch/longcycle_formal/db_LC20-R4-CLEAN/001280.sst,0,64358942,61598,0
257.02,flush,977,Write Buffer Full,-1,0,/home/wam/grad/s14-range-delete-study/scratch/longcycle_formal/db_LC20-R4-CLEAN/001283.sst,0,64869131,62087,0
257.96,flush,979,Write Buffer Full,-1,0,/home/wam/grad/s14-range-delete-study/scratch/longcycle_formal/db_LC20-R4-CLEAN/001286.sst,0,64838987,62057,0
258.71,compaction,971,kCompaction,0,0,/home/wam/grad/s14-range-delete-study/scratch/longcycle_formal/db_LC20-R4-CLEAN/001277.sst,0,802898339,762698,6225
258.72,flush,982,Write Buffer Full,-1,0,/home/wam/grad/s14-range-delete-study/scratch/longcycle_formal/db_LC20-R4-CLEAN/001289.sst,0,61803190,59152,0
259.87,flush,987,Write Buffer Full,-1,0,/home/wam/grad/s14-range-delete-study/scratch/longcycle_formal/db_LC20-R4-CLEAN/001294.sst,0,63616314,60887,0
259.88,compaction,985,kCompaction,0,0,/home/wam/grad/s14-range-delete-study/scratch/longcycle_formal/db_LC20-R4-CLEAN/001291.sst,0,257126650,244260,634
260.56,flush,991,Write Buffer Full,-1,0,/home/wam/grad/s14-range-delete-study/scratch/longcycle_formal/db_LC20-R4-CLEAN/001297.sst,0,64736792,61960,0
261.53,flush,994,Write Buffer Full,-1,0,/home/wam/grad/s14-range-delete-study/scratch/longcycle_formal/db_LC20-R4-CLEAN/001300.sst,0,62391016,59714,0
262.51,flush,998,Write Buffer Full,-1,0,/home/wam/grad/s14-range-delete-study/scratch/longcycle_formal/db_LC20-R4-CLEAN/001303.sst,0,64181439,61428,0
263.28,flush,1002,Write Buffer Full,-1,0,/home/wam/grad/s14-range-delete-study/scratch/longcycle_formal/db_LC20-R4-CLEAN/001307.sst,0,57866143,55383,0
263.68,compaction,999,kCompaction,0,0,/home/wam/grad/s14-range-delete-study/scratch/longcycle_formal/db_LC20-R4-CLEAN/001305.sst,0,256200118,243383,606
264.14,flush,1006,Write Buffer Full,-1,0,/home/wam/grad/s14-range-delete-study/scratch/longcycle_formal/db_LC20-R4-CLEAN/001310.sst,0,64803678,62024,0
265.17,flush,1009,Write Buffer Full,-1,0,/home/wam/grad/s14-range-delete-study/scratch/longcycle_formal/db_LC20-R4-CLEAN/001314.sst,0,59951318,57379,0
266.07,flush,1012,Write Buffer Full,-1,0,/home/wam/grad/s14-range-delete-study/scratch/longcycle_formal/db_LC20-R4-CLEAN/001318.sst,0,61623619,58980,0
267.31,flush,1016,Write Buffer Full,-1,0,/home/wam/grad/s14-range-delete-study/scratch/longcycle_formal/db_LC20-R4-CLEAN/001322.sst,0,62840575,60144,0
267.40,compaction,1013,kCompaction,0,0,/home/wam/grad/s14-range-delete-study/scratch/longcycle_formal/db_LC20-R4-CLEAN/001319.sst,0,245471479,233187,579
268.04,flush,1021,Write Buffer Full,-1,0,/home/wam/grad/s14-range-delete-study/scratch/longcycle_formal/db_LC20-R4-CLEAN/001326.sst,0,63267950,60554,0
268.94,flush,1023,Write Buffer Full,-1,0,/home/wam/grad/s14-range-delete-study/scratch/longcycle_formal/db_LC20-R4-CLEAN/001329.sst,0,64317822,61559,0
270.37,flush,1027,Write Buffer Full,-1,0,/home/wam/grad/s14-range-delete-study/scratch/longcycle_formal/db_LC20-R4-CLEAN/001333.sst,0,62737372,60045,0
271.02,flush,1030,Write Buffer Full,-1,0,/home/wam/grad/s14-range-delete-study/scratch/longcycle_formal/db_LC20-R4-CLEAN/001336.sst,0,63995442,61250,0
271.04,compaction,1018,kCompaction,0,0,/home/wam/grad/s14-range-delete-study/scratch/longcycle_formal/db_LC20-R4-CLEAN/001324.sst,0,815522618,774671,6303
271.73,flush,1034,Write Buffer Full,-1,0,/home/wam/grad/s14-range-delete-study/scratch/longcycle_formal/db_LC20-R4-CLEAN/001340.sst,0,63484505,60761,0
272.39,compaction,1031,kCompaction,0,0,/home/wam/grad/s14-range-delete-study/scratch/longcycle_formal/db_LC20-R4-CLEAN/001338.sst,0,255591090,242804,604
272.84,flush,1037,Write Buffer Full,-1,0,/home/wam/grad/s14-range-delete-study/scratch/longcycle_formal/db_LC20-R4-CLEAN/001344.sst,0,64824414,62043,0
273.67,flush,1041,Write Buffer Full,-1,0,/home/wam/grad/s14-range-delete-study/scratch/longcycle_formal/db_LC20-R4-CLEAN/001347.sst,0,64752841,61975,0
274.58,flush,1044,Write Buffer Full,-1,0,/home/wam/grad/s14-range-delete-study/scratch/longcycle_formal/db_LC20-R4-CLEAN/001351.sst,0,60664365,58061,0
275.41,flush,1047,Write Buffer Full,-1,0,/home/wam/grad/s14-range-delete-study/scratch/longcycle_formal/db_LC20-R4-CLEAN/001355.sst,0,64617271,61845,0
276.00,compaction,1045,kCompaction,0,0,/home/wam/grad/s14-range-delete-study/scratch/longcycle_formal/db_LC20-R4-CLEAN/001353.sst,0,254971202,242216,624
276.18,flush,1051,Write Buffer Full,-1,0,/home/wam/grad/s14-range-delete-study/scratch/longcycle_formal/db_LC20-R4-CLEAN/001358.sst,0,56404717,53984,0
277.06,flush,1055,Write Buffer Full,-1,0,/home/wam/grad/s14-range-delete-study/scratch/longcycle_formal/db_LC20-R4-CLEAN/001362.sst,0,64421149,61657,0
277.91,flush,1058,Write Buffer Full,-1,0,/home/wam/grad/s14-range-delete-study/scratch/longcycle_formal/db_LC20-R4-CLEAN/001365.sst,0,61669372,59024,0
279.21,flush,1061,Write Buffer Full,-1,0,/home/wam/grad/s14-range-delete-study/scratch/longcycle_formal/db_LC20-R4-CLEAN/001370.sst,0,57553234,55083,0
279.29,compaction,1059,kCompaction,0,0,/home/wam/grad/s14-range-delete-study/scratch/longcycle_formal/db_LC20-R4-CLEAN/001367.sst,0,248384151,235954,556
280.08,flush,1067,Write Buffer Full,-1,0,/home/wam/grad/s14-range-delete-study/scratch/longcycle_formal/db_LC20-R4-CLEAN/001374.sst,0,63095057,60388,0
281.00,flush,1070,Write Buffer Full,-1,0,/home/wam/grad/s14-range-delete-study/scratch/longcycle_formal/db_LC20-R4-CLEAN/001377.sst,0,62670293,59981,0
282.36,flush,1073,Write Buffer Full,-1,0,/home/wam/grad/s14-range-delete-study/scratch/longcycle_formal/db_LC20-R4-CLEAN/001380.sst,0,63747828,61013,0
282.93,compaction,1064,kCompaction,0,0,/home/wam/grad/s14-range-delete-study/scratch/longcycle_formal/db_LC20-R4-CLEAN/001371.sst,0,810649664,770034,6023
283.08,flush,1076,Write Buffer Full,-1,0,/home/wam/grad/s14-range-delete-study/scratch/longcycle_formal/db_LC20-R4-CLEAN/001384.sst,0,62577480,59893,0
284.08,flush,1080,Write Buffer Full,-1,0,/home/wam/grad/s14-range-delete-study/scratch/longcycle_formal/db_LC20-R4-CLEAN/001388.sst,0,63806071,61068,0
284.50,compaction,1078,kCompaction,0,0,/home/wam/grad/s14-range-delete-study/scratch/longcycle_formal/db_LC20-R4-CLEAN/001385.sst,0,253384790,240708,567
284.96,flush,1085,Write Buffer Full,-1,0,/home/wam/grad/s14-range-delete-study/scratch/longcycle_formal/db_LC20-R4-CLEAN/001391.sst,0,64447475,61683,0
285.79,flush,1088,Write Buffer Full,-1,0,/home/wam/grad/s14-range-delete-study/scratch/longcycle_formal/db_LC20-R4-CLEAN/001394.sst,0,63680503,60948,0
286.58,flush,1091,Write Buffer Full,-1,0,/home/wam/grad/s14-range-delete-study/scratch/longcycle_formal/db_LC20-R4-CLEAN/001397.sst,0,58231185,55732,0
287.73,flush,1095,Write Buffer Full,-1,0,/home/wam/grad/s14-range-delete-study/scratch/longcycle_formal/db_LC20-R4-CLEAN/001402.sst,0,55966474,53564,0
287.75,compaction,1092,kCompaction,0,0,/home/wam/grad/s14-range-delete-study/scratch/longcycle_formal/db_LC20-R4-CLEAN/001399.sst,0,251437462,238854,577
288.69,flush,1099,Write Buffer Full,-1,0,/home/wam/grad/s14-range-delete-study/scratch/longcycle_formal/db_LC20-R4-CLEAN/001405.sst,0,60414433,57821,0
289.48,flush,1102,Write Buffer Full,-1,0,/home/wam/grad/s14-range-delete-study/scratch/longcycle_formal/db_LC20-R4-CLEAN/001408.sst,0,57007357,54561,0
290.69,flush,1105,Write Buffer Full,-1,0,/home/wam/grad/s14-range-delete-study/scratch/longcycle_formal/db_LC20-R4-CLEAN/001412.sst,0,64813468,62032,0
290.85,compaction,920,kCompaction,0,4,/home/wam/grad/s14-range-delete-study/scratch/longcycle_formal/db_LC20-R4-CLEAN/001180.sst,0,9826999084,9338266,811067
290.87,compaction,1108,kCompaction,4,5,/home/wam/grad/s14-range-delete-study/scratch/longcycle_formal/db_LC20-R4-CLEAN/001238.sst,0,0,0,0
290.89,compaction,1109,kCompaction,4,5,/home/wam/grad/s14-range-delete-study/scratch/longcycle_formal/db_LC20-R4-CLEAN/001264.sst,0,0,0,0
290.91,compaction,1110,kCompaction,4,5,/home/wam/grad/s14-range-delete-study/scratch/longcycle_formal/db_LC20-R4-CLEAN/001276.sst,0,0,0,0
290.93,compaction,1111,kCompaction,4,5,/home/wam/grad/s14-range-delete-study/scratch/longcycle_formal/db_LC20-R4-CLEAN/001292.sst,0,0,0,0
290.95,compaction,1112,kCompaction,4,5,/home/wam/grad/s14-range-delete-study/scratch/longcycle_formal/db_LC20-R4-CLEAN/001304.sst,0,0,0,0
290.97,compaction,1113,kCompaction,4,5,/home/wam/grad/s14-range-delete-study/scratch/longcycle_formal/db_LC20-R4-CLEAN/001315.sst,0,0,0,0
290.99,compaction,1114,kCompaction,4,5,/home/wam/grad/s14-range-delete-study/scratch/longcycle_formal/db_LC20-R4-CLEAN/001327.sst,0,0,0,0
291.00,compaction,1115,kCompaction,4,5,/home/wam/grad/s14-range-delete-study/scratch/longcycle_formal/db_LC20-R4-CLEAN/001337.sst,0,0,0,0
291.02,compaction,1116,kCompaction,4,5,/home/wam/grad/s14-range-delete-study/scratch/longcycle_formal/db_LC20-R4-CLEAN/001348.sst,0,0,0,0
294.84,flush,1118,Write Buffer Full,-1,0,/home/wam/grad/s14-range-delete-study/scratch/longcycle_formal/db_LC20-R4-CLEAN/001416.sst,0,60065855,57488,0
296.15,compaction,1106,kCompaction,0,0,/home/wam/grad/s14-range-delete-study/scratch/longcycle_formal/db_LC20-R4-CLEAN/001413.sst,0,239436758,227453,525
296.41,flush,1120,Write Buffer Full,-1,0,/home/wam/grad/s14-range-delete-study/scratch/longcycle_formal/db_LC20-R4-CLEAN/001422.sst,0,126992883,121555,0
297.28,flush,1121,Write Buffer Full,-1,0,/home/wam/grad/s14-range-delete-study/scratch/longcycle_formal/db_LC20-R4-CLEAN/001426.sst,0,64434518,61670,0
297.31,compaction,1117,kCompaction,5,6,/home/wam/grad/s14-range-delete-study/scratch/longcycle_formal/db_LC20-R4-CLEAN/001414.sst,0,195864495,186128,0
298.56,flush,1123,Write Buffer Full,-1,0,/home/wam/grad/s14-range-delete-study/scratch/longcycle_formal/db_LC20-R4-CLEAN/001430.sst,0,63297199,60581,0
299.49,flush,1125,Write Buffer Full,-1,0,/home/wam/grad/s14-range-delete-study/scratch/longcycle_formal/db_LC20-R4-CLEAN/001436.sst,0,63745377,61010,0
300.75,flush,1126,Write Buffer Full,-1,0,/home/wam/grad/s14-range-delete-study/scratch/longcycle_formal/db_LC20-R4-CLEAN/001444.sst,0,64719820,61943,0
302.33,flush,1127,Write Buffer Full,-1,0,/home/wam/grad/s14-range-delete-study/scratch/longcycle_formal/db_LC20-R4-CLEAN/001451.sst,0,62217171,59547,0
303.69,flush,1128,Write Buffer Full,-1,0,/home/wam/grad/s14-range-delete-study/scratch/longcycle_formal/db_LC20-R4-CLEAN/001458.sst,0,62261075,59589,0
304.44,flush,1129,Write Buffer Full,-1,0,/home/wam/grad/s14-range-delete-study/scratch/longcycle_formal/db_LC20-R4-CLEAN/001463.sst,0,62107425,59442,0
305.36,compaction,1119,kCompaction,5,6,/home/wam/grad/s14-range-delete-study/scratch/longcycle_formal/db_LC20-R4-CLEAN/001417.sst,0,1014600099,964152,0
305.57,flush,1130,Write Buffer Full,-1,0,/home/wam/grad/s14-range-delete-study/scratch/longcycle_formal/db_LC20-R4-CLEAN/001471.sst,0,64338331,61578,0
306.42,flush,1132,Write Buffer Full,-1,0,/home/wam/grad/s14-range-delete-study/scratch/longcycle_formal/db_LC20-R4-CLEAN/001477.sst,0,58581129,56067,0
307.61,compaction,1131,kCompaction,0,0,/home/wam/grad/s14-range-delete-study/scratch/longcycle_formal/db_LC20-R4-CLEAN/001473.sst,0,379656156,360655,1457
307.62,flush,1133,Write Buffer Full,-1,0,/home/wam/grad/s14-range-delete-study/scratch/longcycle_formal/db_LC20-R4-CLEAN/001482.sst,0,63975474,61230,0
308.67,flush,1135,Write Buffer Full,-1,0,/home/wam/grad/s14-range-delete-study/scratch/longcycle_formal/db_LC20-R4-CLEAN/001489.sst,0,59800880,57234,0
309.90,flush,1136,Write Buffer Full,-1,0,/home/wam/grad/s14-range-delete-study/scratch/longcycle_formal/db_LC20-R4-CLEAN/001497.sst,0,64643244,61869,0
310.75,compaction,1124,kCompaction,5,6,/home/wam/grad/s14-range-delete-study/scratch/longcycle_formal/db_LC20-R4-CLEAN/001434.sst,0,1420432659,1349807,0
310.87,flush,1137,Write Buffer Full,-1,0,/home/wam/grad/s14-range-delete-study/scratch/longcycle_formal/db_LC20-R4-CLEAN/001503.sst,0,62681800,59992,0
311.31,compaction,1134,kCompaction,5,6,/home/wam/grad/s14-range-delete-study/scratch/longcycle_formal/db_LC20-R4-CLEAN/001485.sst,0,470961620,447542,2390
311.97,flush,1140,Write Buffer Full,-1,0,/home/wam/grad/s14-range-delete-study/scratch/longcycle_formal/db_LC20-R4-CLEAN/001510.sst,0,64564771,61794,0
312.67,compaction,1138,kCompaction,0,0,/home/wam/grad/s14-range-delete-study/scratch/longcycle_formal/db_LC20-R4-CLEAN/001505.sst,0,312695791,297037,941
313.06,flush,1141,Write Buffer Full,-1,0,/home/wam/grad/s14-range-delete-study/scratch/longcycle_formal/db_LC20-R4-CLEAN/001515.sst,0,64645974,61872,0
313.26,compaction,1139,kCompaction,5,6,/home/wam/grad/s14-range-delete-study/scratch/longcycle_formal/db_LC20-R4-CLEAN/001508.sst,0,242752867,230682,19718
313.97,flush,1144,Write Buffer Full,-1,0,/home/wam/grad/s14-range-delete-study/scratch/longcycle_formal/db_LC20-R4-CLEAN/001522.sst,0,62550376,59866,0
314.82,flush,1145,Write Buffer Full,-1,0,/home/wam/grad/s14-range-delete-study/scratch/longcycle_formal/db_LC20-R4-CLEAN/001530.sst,0,57576114,55105,0
315.25,compaction,1142,kCompaction,5,6,/home/wam/grad/s14-range-delete-study/scratch/longcycle_formal/db_LC20-R4-CLEAN/001516.sst,0,338817098,321973,63638
315.75,flush,1147,Write Buffer Full,-1,0,/home/wam/grad/s14-range-delete-study/scratch/longcycle_formal/db_LC20-R4-CLEAN/001538.sst,0,57272036,54814,0
316.49,compaction,1143,kCompaction,5,6,/home/wam/grad/s14-range-delete-study/scratch/longcycle_formal/db_LC20-R4-CLEAN/001520.sst,0,392842852,373311,90734
316.84,compaction,1146,kCompaction,0,0,/home/wam/grad/s14-range-delete-study/scratch/longcycle_formal/db_LC20-R4-CLEAN/001534.sst,0,313358154,297673,956
316.85,flush,1148,Write Buffer Full,-1,0,/home/wam/grad/s14-range-delete-study/scratch/longcycle_formal/db_LC20-R4-CLEAN/001542.sst,0,62273501,59601,0
317.78,flush,1151,Write Buffer Full,-1,0,/home/wam/grad/s14-range-delete-study/scratch/longcycle_formal/db_LC20-R4-CLEAN/001550.sst,0,64570034,61799,0
318.80,flush,1152,Write Buffer Full,-1,0,/home/wam/grad/s14-range-delete-study/scratch/longcycle_formal/db_LC20-R4-CLEAN/001559.sst,0,59889873,57319,0
319.61,compaction,1150,kCompaction,5,6,/home/wam/grad/s14-range-delete-study/scratch/longcycle_formal/db_LC20-R4-CLEAN/001544.sst,0,406459163,386250,128541
319.64,compaction,1149,kCompaction,5,6,/home/wam/grad/s14-range-delete-study/scratch/longcycle_formal/db_LC20-R4-CLEAN/001543.sst,0,419017768,398184,103672
319.95,flush,1153,Write Buffer Full,-1,0,/home/wam/grad/s14-range-delete-study/scratch/longcycle_formal/db_LC20-R4-CLEAN/001566.sst,0,63737480,61002,0
321.05,flush,1156,Write Buffer Full,-1,0,/home/wam/grad/s14-range-delete-study/scratch/longcycle_formal/db_LC20-R4-CLEAN/001572.sst,0,64808165,62027,0
321.31,compaction,1154,kCompaction,0,0,/home/wam/grad/s14-range-delete-study/scratch/longcycle_formal/db_LC20-R4-CLEAN/001567.sst,0,245289662,233014,519
321.71,compaction,1155,kCompaction,5,6,/home/wam/grad/s14-range-delete-study/scratch/longcycle_formal/db_LC20-R4-CLEAN/001568.sst,0,269538077,256137,48761
321.76,flush,1159,Write Buffer Full,-1,0,/home/wam/grad/s14-range-delete-study/scratch/longcycle_formal/db_LC20-R4-CLEAN/001577.sst,0,63798659,61060,0
322.71,flush,1163,Write Buffer Full,-1,0,/home/wam/grad/s14-range-delete-study/scratch/longcycle_formal/db_LC20-R4-CLEAN/001581.sst,0,62776886,60082,0
323.86,flush,1166,Write Buffer Full,-1,0,/home/wam/grad/s14-range-delete-study/scratch/longcycle_formal/db_LC20-R4-CLEAN/001585.sst,0,63987403,61241,0
324.26,compaction,1164,kCompaction,0,0,/home/wam/grad/s14-range-delete-study/scratch/longcycle_formal/db_LC20-R4-CLEAN/001582.sst,0,256433468,243607,564
324.72,flush,1170,Write Buffer Full,-1,0,/home/wam/grad/s14-range-delete-study/scratch/longcycle_formal/db_LC20-R4-CLEAN/001588.sst,0,61441673,58804,0
325.62,flush,1173,Write Buffer Full,-1,0,/home/wam/grad/s14-range-delete-study/scratch/longcycle_formal/db_LC20-R4-CLEAN/001592.sst,0,64749445,61971,0
326.55,flush,1176,Write Buffer Full,-1,0,/home/wam/grad/s14-range-delete-study/scratch/longcycle_formal/db_LC20-R4-CLEAN/001596.sst,0,63062210,60356,0
327.54,flush,1181,Write Buffer Full,-1,0,/home/wam/grad/s14-range-delete-study/scratch/longcycle_formal/db_LC20-R4-CLEAN/001601.sst,0,59905801,57334,0
328.09,compaction,1178,kCompaction,0,0,/home/wam/grad/s14-range-delete-study/scratch/longcycle_formal/db_LC20-R4-CLEAN/001597.sst,0,254525482,241782,590
329.04,flush,1185,Write Buffer Full,-1,0,/home/wam/grad/s14-range-delete-study/scratch/longcycle_formal/db_LC20-R4-CLEAN/001606.sst,0,61763861,59113,0
329.95,flush,1189,Write Buffer Full,-1,0,/home/wam/grad/s14-range-delete-study/scratch/longcycle_formal/db_LC20-R4-CLEAN/001610.sst,0,60893793,58280,0
330.95,flush,1192,Write Buffer Full,-1,0,/home/wam/grad/s14-range-delete-study/scratch/longcycle_formal/db_LC20-R4-CLEAN/001613.sst,0,57355864,54893,0
331.76,compaction,1183,kCompaction,0,0,/home/wam/grad/s14-range-delete-study/scratch/longcycle_formal/db_LC20-R4-CLEAN/001603.sst,0,810811298,770178,5559
332.44,flush,1196,Write Buffer Full,-1,0,/home/wam/grad/s14-range-delete-study/scratch/longcycle_formal/db_LC20-R4-CLEAN/001619.sst,0,60010508,57435,0
333.89,flush,1199,Write Buffer Full,-1,0,/home/wam/grad/s14-range-delete-study/scratch/longcycle_formal/db_LC20-R4-CLEAN/001623.sst,0,64725911,61948,0
333.91,compaction,1197,kCompaction,0,0,/home/wam/grad/s14-range-delete-study/scratch/longcycle_formal/db_LC20-R4-CLEAN/001620.sst,0,241276603,229202,519
334.60,flush,1204,Write Buffer Full,-1,0,/home/wam/grad/s14-range-delete-study/scratch/longcycle_formal/db_LC20-R4-CLEAN/001627.sst,0,63622670,60892,0
335.43,flush,1207,Write Buffer Full,-1,0,/home/wam/grad/s14-range-delete-study/scratch/longcycle_formal/db_LC20-R4-CLEAN/001630.sst,0,57027295,54579,0
336.26,flush,1209,Write Buffer Full,-1,0,/home/wam/grad/s14-range-delete-study/scratch/longcycle_formal/db_LC20-R4-CLEAN/001633.sst,0,64030347,61282,0
337.26,compaction,1211,kCompaction,0,0,/home/wam/grad/s14-range-delete-study/scratch/longcycle_formal/db_LC20-R4-CLEAN/001635.sst,0,250755439,238204,497
337.28,flush,1213,Write Buffer Full,-1,0,/home/wam/grad/s14-range-delete-study/scratch/longcycle_formal/db_LC20-R4-CLEAN/001638.sst,0,60792065,58183,0
338.32,flush,1218,Write Buffer Full,-1,0,/home/wam/grad/s14-range-delete-study/scratch/longcycle_formal/db_LC20-R4-CLEAN/001641.sst,0,60005401,57431,0
339.53,flush,1221,Write Buffer Full,-1,0,/home/wam/grad/s14-range-delete-study/scratch/longcycle_formal/db_LC20-R4-CLEAN/001645.sst,0,64714481,61939,0
340.71,flush,1224,Write Buffer Full,-1,0,/home/wam/grad/s14-range-delete-study/scratch/longcycle_formal/db_LC20-R4-CLEAN/001649.sst,0,64710809,61936,0
341.92,compaction,1225,kCompaction,0,0,/home/wam/grad/s14-range-delete-study/scratch/longcycle_formal/db_LC20-R4-CLEAN/001650.sst,0,251491671,238903,586
343.23,flush,1229,Write Buffer Full,-1,0,/home/wam/grad/s14-range-delete-study/scratch/longcycle_formal/db_LC20-R4-CLEAN/001655.sst,0,62425885,59749,0
346.18,flush,1233,Write Buffer Full,-1,0,/home/wam/grad/s14-range-delete-study/scratch/longcycle_formal/db_LC20-R4-CLEAN/001662.sst,0,61034133,58420,0
346.71,compaction,1230,kCompaction,0,0,/home/wam/grad/s14-range-delete-study/scratch/longcycle_formal/db_LC20-R4-CLEAN/001656.sst,0,800981078,760852,5206
351.39,compaction,1122,kCompaction,0,4,/home/wam/grad/s14-range-delete-study/scratch/longcycle_formal/db_LC20-R4-CLEAN/001428.sst,0,8962558819,8516725,669710
351.40,compaction,1236,kCompaction,4,5,/home/wam/grad/s14-range-delete-study/scratch/longcycle_formal/db_LC20-R4-CLEAN/001574.sst,0,0,0,0
351.41,compaction,1237,kCompaction,4,5,/home/wam/grad/s14-range-delete-study/scratch/longcycle_formal/db_LC20-R4-CLEAN/001593.sst,0,0,0,0
351.42,compaction,1238,kCompaction,4,5,/home/wam/grad/s14-range-delete-study/scratch/longcycle_formal/db_LC20-R4-CLEAN/001604.sst,0,0,0,0
351.42,compaction,1239,kCompaction,4,5,/home/wam/grad/s14-range-delete-study/scratch/longcycle_formal/db_LC20-R4-CLEAN/001614.sst,0,0,0,0
351.43,compaction,1240,kCompaction,4,5,/home/wam/grad/s14-range-delete-study/scratch/longcycle_formal/db_LC20-R4-CLEAN/001621.sst,0,0,0,0
351.43,compaction,1241,kCompaction,4,5,/home/wam/grad/s14-range-delete-study/scratch/longcycle_formal/db_LC20-R4-CLEAN/001631.sst,0,0,0,0
351.44,compaction,1242,kCompaction,4,5,/home/wam/grad/s14-range-delete-study/scratch/longcycle_formal/db_LC20-R4-CLEAN/001642.sst,0,0,0,0
351.44,compaction,1243,kCompaction,4,5,/home/wam/grad/s14-range-delete-study/scratch/longcycle_formal/db_LC20-R4-CLEAN/001651.sst,0,0,0,0
351.45,compaction,1244,kCompaction,4,5,/home/wam/grad/s14-range-delete-study/scratch/longcycle_formal/db_LC20-R4-CLEAN/001658.sst,0,0,0,0
351.46,compaction,1245,kCompaction,4,5,/home/wam/grad/s14-range-delete-study/scratch/longcycle_formal/db_LC20-R4-CLEAN/001664.sst,0,0,0,0
351.46,compaction,1248,kCompaction,5,6,/home/wam/grad/s14-range-delete-study/scratch/longcycle_formal/db_LC20-R4-CLEAN/001657.sst,0,0,0,0
351.47,compaction,1249,kCompaction,5,6,/home/wam/grad/s14-range-delete-study/scratch/longcycle_formal/db_LC20-R4-CLEAN/001663.sst,0,0,0,0
351.47,compaction,1250,kCompaction,5,6,/home/wam/grad/s14-range-delete-study/scratch/longcycle_formal/db_LC20-R4-CLEAN/001667.sst,0,0,0,0
351.73,flush,1252,Write Buffer Full,-1,0,/home/wam/grad/s14-range-delete-study/scratch/longcycle_formal/db_LC20-R4-CLEAN/001675.sst,0,62989356,60298,0
352.96,flush,1253,Write Buffer Full,-1,0,/home/wam/grad/s14-range-delete-study/scratch/longcycle_formal/db_LC20-R4-CLEAN/001680.sst,0,62917584,60231,0
354.16,flush,1255,Write Buffer Full,-1,0,/home/wam/grad/s14-range-delete-study/scratch/longcycle_formal/db_LC20-R4-CLEAN/001690.sst,0,64187367,61446,0
355.66,flush,1256,Write Buffer Full,-1,0,/home/wam/grad/s14-range-delete-study/scratch/longcycle_formal/db_LC20-R4-CLEAN/001700.sst,0,64668778,61907,0
355.70,compaction,1254,kCompaction,5,6,/home/wam/grad/s14-range-delete-study/scratch/longcycle_formal/db_LC20-R4-CLEAN/001683.sst,0,469429311,446093,3843
356.72,compaction,1257,kCompaction,5,6,/home/wam/grad/s14-range-delete-study/scratch/longcycle_formal/db_LC20-R4-CLEAN/001703.sst,0,202914268,192826,0
357.12,flush,1258,Write Buffer Full,-1,0,/home/wam/grad/s14-range-delete-study/scratch/longcycle_formal/db_LC20-R4-CLEAN/001710.sst,0,64782605,62017,0
357.85,compaction,1259,kCompaction,5,6,/home/wam/grad/s14-range-delete-study/scratch/longcycle_formal/db_LC20-R4-CLEAN/001711.sst,0,202920067,192834,0
358.35,flush,1261,Write Buffer Full,-1,0,/home/wam/grad/s14-range-delete-study/scratch/longcycle_formal/db_LC20-R4-CLEAN/001719.sst,0,62871608,60186,0
359.46,compaction,1251,kCompaction,5,6,/home/wam/grad/s14-range-delete-study/scratch/longcycle_formal/db_LC20-R4-CLEAN/001673.sst,0,1282614907,1218841,0
359.79,flush,1262,Write Buffer Full,-1,0,/home/wam/grad/s14-range-delete-study/scratch/longcycle_formal/db_LC20-R4-CLEAN/001724.sst,0,61766033,59128,0
360.10,compaction,1260,kCompaction,0,0,/home/wam/grad/s14-range-delete-study/scratch/longcycle_formal/db_LC20-R4-CLEAN/001716.sst,0,321355281,305291,608
362.12,flush,1265,Write Buffer Full,-1,0,/home/wam/grad/s14-range-delete-study/scratch/longcycle_formal/db_LC20-R4-CLEAN/001731.sst,0,60664573,58073,0
362.14,compaction,1263,kCompaction,5,6,/home/wam/grad/s14-range-delete-study/scratch/longcycle_formal/db_LC20-R4-CLEAN/001726.sst,0,202922322,192834,0
363.27,flush,1267,Write Buffer Full,-1,0,/home/wam/grad/s14-range-delete-study/scratch/longcycle_formal/db_LC20-R4-CLEAN/001738.sst,0,63534675,60820,0
364.19,flush,1268,Write Buffer Full,-1,0,/home/wam/grad/s14-range-delete-study/scratch/longcycle_formal/db_LC20-R4-CLEAN/001743.sst,0,61126206,58515,0
364.22,compaction,1264,kCompaction,5,6,/home/wam/grad/s14-range-delete-study/scratch/longcycle_formal/db_LC20-R4-CLEAN/001728.sst,0,261263965,248274,4979
365.37,flush,1270,Write Buffer Full,-1,0,/home/wam/grad/s14-range-delete-study/scratch/longcycle_formal/db_LC20-R4-CLEAN/001748.sst,0,58893913,56377,0
366.90,flush,1271,Write Buffer Full,-1,0,/home/wam/grad/s14-range-delete-study/scratch/longcycle_formal/db_LC20-R4-CLEAN/001752.sst,0,63598628,60881,0
367.10,compaction,1269,kCompaction,0,0,/home/wam/grad/s14-range-delete-study/scratch/longcycle_formal/db_LC20-R4-CLEAN/001744.sst,0,311600916,296032,690
367.99,flush,1272,Write Buffer Full,-1,0,/home/wam/grad/s14-range-delete-study/scratch/longcycle_formal/db_LC20-R4-CLEAN/001756.sst,0,64874464,62103,0
368.38,compaction,1266,kCompaction,5,6,/home/wam/grad/s14-range-delete-study/scratch/longcycle_formal/db_LC20-R4-CLEAN/001737.sst,0,390424218,371014,14647
368.40,flush,1274,Write Buffer Full,-1,0,/home/wam/grad/s14-range-delete-study/scratch/longcycle_formal/db_LC20-R4-CLEAN/001762.sst,0,57671216,55207,0
368.68,compaction,1273,kCompaction,5,6,/home/wam/grad/s14-range-delete-study/scratch/longcycle_formal/db_LC20-R4-CLEAN/001757.sst,0,145568027,138331,5020
370.27,flush,1277,Write Buffer Full,-1,0,/home/wam/grad/s14-range-delete-study/scratch/longcycle_formal/db_LC20-R4-CLEAN/001771.sst,0,60076454,57510,0
370.96,compaction,1276,kCompaction,0,0,/home/wam/grad/s14-range-delete-study/scratch/longcycle_formal/db_LC20-R4-CLEAN/001766.sst,0,246508839,234193,375
370.97,flush,1278,Write Buffer Full,-1,0,/home/wam/grad/s14-range-delete-study/scratch/longcycle_formal/db_LC20-R4-CLEAN/001775.sst,0,62671671,59994,0
372.15,flush,1280,Write Buffer Full,-1,0,/home/wam/grad/s14-range-delete-study/scratch/longcycle_formal/db_LC20-R4-CLEAN/001783.sst,0,63491688,60780,0
372.67,compaction,1275,kCompaction,5,6,/home/wam/grad/s14-range-delete-study/scratch/longcycle_formal/db_LC20-R4-CLEAN/001764.sst,0,349217247,331856,115532
373.48,flush,1282,Write Buffer Full,-1,0,/home/wam/grad/s14-range-delete-study/scratch/longcycle_formal/db_LC20-R4-CLEAN/001790.sst,0,61130674,58519,0
374.81,flush,1283,Write Buffer Full,-1,0,/home/wam/grad/s14-range-delete-study/scratch/longcycle_formal/db_LC20-R4-CLEAN/001797.sst,0,64399696,61648,0
374.97,compaction,1279,kCompaction,5,6,/home/wam/grad/s14-range-delete-study/scratch/longcycle_formal/db_LC20-R4-CLEAN/001778.sst,0,451476064,429030,20912
375.78,flush,1285,Write Buffer Full,-1,0,/home/wam/grad/s14-range-delete-study/scratch/longcycle_formal/db_LC20-R4-CLEAN/001804.sst,0,57760760,55293,0
376.78,compaction,1281,kCompaction,5,6,/home/wam/grad/s14-range-delete-study/scratch/longcycle_formal/db_LC20-R4-CLEAN/001788.sst,0,449079498,426750,23192
376.93,flush,1286,Write Buffer Full,-1,0,/home/wam/grad/s14-range-delete-study/scratch/longcycle_formal/db_LC20-R4-CLEAN/001809.sst,0,64828007,62059,0
377.41,compaction,1284,kCompaction,0,0,/home/wam/grad/s14-range-delete-study/scratch/longcycle_formal/db_LC20-R4-CLEAN/001802.sst,0,313465306,297801,650
377.55,flush,1288,Write Buffer Full,-1,0,/home/wam/grad/s14-range-delete-study/scratch/longcycle_formal/db_LC20-R4-CLEAN/001813.sst,0,61589617,58958,0
378.62,flush,1290,Write Buffer Full,-1,0,/home/wam/grad/s14-range-delete-study/scratch/longcycle_formal/db_LC20-R4-CLEAN/001820.sst,0,60074060,57508,0
379.36,flush,1291,Write Buffer Full,-1,0,/home/wam/grad/s14-range-delete-study/scratch/longcycle_formal/db_LC20-R4-CLEAN/001825.sst,0,56748795,54324,0
380.56,flush,1292,Write Buffer Full,-1,0,/home/wam/grad/s14-range-delete-study/scratch/longcycle_formal/db_LC20-R4-CLEAN/001832.sst,0,63082498,60387,0
381.11,compaction,1287,kCompaction,5,6,/home/wam/grad/s14-range-delete-study/scratch/longcycle_formal/db_LC20-R4-CLEAN/001810.sst,0,511152793,485740,28471
381.33,compaction,1289,kCompaction,5,6,/home/wam/grad/s14-range-delete-study/scratch/longcycle_formal/db_LC20-R4-CLEAN/001815.sst,0,436295067,414603,114505
381.34,flush,1293,Write Buffer Full,-1,0,/home/wam/grad/s14-range-delete-study/scratch/longcycle_formal/db_LC20-R4-CLEAN/001839.sst,0,62083438,59431,0
383.46,flush,1296,Write Buffer Full,-1,0,/home/wam/grad/s14-range-delete-study/scratch/longcycle_formal/db_LC20-R4-CLEAN/001847.sst,0,64719540,61954,0
383.59,compaction,1294,kCompaction,0,0,/home/wam/grad/s14-range-delete-study/scratch/longcycle_formal/db_LC20-R4-CLEAN/001840.sst,0,365923168,347634,895
383.85,flush,1298,Write Buffer Full,-1,0,/home/wam/grad/s14-range-delete-study/scratch/longcycle_formal/db_LC20-R4-CLEAN/001854.sst,0,63706630,60985,0
384.76,flush,1299,Write Buffer Full,-1,0,/home/wam/grad/s14-range-delete-study/scratch/longcycle_formal/db_LC20-R4-CLEAN/001859.sst,0,64781829,62014,0
385.69,compaction,1295,kCompaction,5,6,/home/wam/grad/s14-range-delete-study/scratch/longcycle_formal/db_LC20-R4-CLEAN/001841.sst,0,536302105,509638,53776
386.24,flush,1301,Write Buffer Full,-1,0,/home/wam/grad/s14-range-delete-study/scratch/longcycle_formal/db_LC20-R4-CLEAN/001867.sst,0,57693906,55228,0
387.32,flush,1302,Write Buffer Full,-1,0,/home/wam/grad/s14-range-delete-study/scratch/longcycle_formal/db_LC20-R4-CLEAN/001872.sst,0,60160616,57590,0
387.47,compaction,1300,kCompaction,0,0,/home/wam/grad/s14-range-delete-study/scratch/longcycle_formal/db_LC20-R4-CLEAN/001865.sst,0,256793772,243971,413
387.75,compaction,1297,kCompaction,5,6,/home/wam/grad/s14-range-delete-study/scratch/longcycle_formal/db_LC20-R4-CLEAN/001853.sst,0,505207990,480085,98407
388.20,flush,1306,Write Buffer Full,-1,0,/home/wam/grad/s14-range-delete-study/scratch/longcycle_formal/db_LC20-R4-CLEAN/001878.sst,0,64403691,61653,0
389.22,flush,1309,Write Buffer Full,-1,0,/home/wam/grad/s14-range-delete-study/scratch/longcycle_formal/db_LC20-R4-CLEAN/001881.sst,0,57810983,55341,0
390.09,flush,1313,Write Buffer Full,-1,0,/home/wam/grad/s14-range-delete-study/scratch/longcycle_formal/db_LC20-R4-CLEAN/001886.sst,0,57702293,55237,0
390.55,compaction,1310,kCompaction,0,0,/home/wam/grad/s14-range-delete-study/scratch/longcycle_formal/db_LC20-R4-CLEAN/001882.sst,0,241539967,229472,340
391.18,flush,1317,Write Buffer Full,-1,0,/home/wam/grad/s14-range-delete-study/scratch/longcycle_formal/db_LC20-R4-CLEAN/001890.sst,0,64768110,62001,0
392.10,flush,1320,Write Buffer Full,-1,0,/home/wam/grad/s14-range-delete-study/scratch/longcycle_formal/db_LC20-R4-CLEAN/001894.sst,0,60861017,58261,0
392.97,flush,1323,Write Buffer Full,-1,0,/home/wam/grad/s14-range-delete-study/scratch/longcycle_formal/db_LC20-R4-CLEAN/001898.sst,0,56744925,54321,0
394.29,compaction,1324,kCompaction,0,0,/home/wam/grad/s14-range-delete-study/scratch/longcycle_formal/db_LC20-R4-CLEAN/001899.sst,0,241544806,229477,343
394.29,flush,1327,Write Buffer Full,-1,0,/home/wam/grad/s14-range-delete-study/scratch/longcycle_formal/db_LC20-R4-CLEAN/001903.sst,0,64913689,62141,0
395.51,flush,1332,Write Buffer Full,-1,0,/home/wam/grad/s14-range-delete-study/scratch/longcycle_formal/db_LC20-R4-CLEAN/001908.sst,0,64960779,62185,0
396.41,flush,1335,Write Buffer Full,-1,0,/home/wam/grad/s14-range-delete-study/scratch/longcycle_formal/db_LC20-R4-CLEAN/001912.sst,0,55757394,53374,0
397.75,flush,1337,Write Buffer Full,-1,0,/home/wam/grad/s14-range-delete-study/scratch/longcycle_formal/db_LC20-R4-CLEAN/001916.sst,0,58488125,55989,0
399.68,flush,1340,Write Buffer Full,-1,0,/home/wam/grad/s14-range-delete-study/scratch/longcycle_formal/db_LC20-R4-CLEAN/001921.sst,0,58698788,56191,0
400.16,compaction,1339,kCompaction,0,0,/home/wam/grad/s14-range-delete-study/scratch/longcycle_formal/db_LC20-R4-CLEAN/001918.sst,0,245601349,233328,361
400.98,compaction,1247,kCompaction,0,4,/home/wam/grad/s14-range-delete-study/scratch/longcycle_formal/db_LC20-R4-CLEAN/001672.sst,0,6581967791,6254435,317121
401.04,compaction,1342,kCompaction,4,5,/home/wam/grad/s14-range-delete-study/scratch/longcycle_formal/db_LC20-R4-CLEAN/001844.sst,0,0,0,0
401.09,compaction,1343,kCompaction,4,5,/home/wam/grad/s14-range-delete-study/scratch/longcycle_formal/db_LC20-R4-CLEAN/001851.sst,0,0,0,0
401.14,compaction,1344,kCompaction,4,5,/home/wam/grad/s14-range-delete-study/scratch/longcycle_formal/db_LC20-R4-CLEAN/001876.sst,0,0,0,0
401.18,compaction,1345,kCompaction,4,5,/home/wam/grad/s14-range-delete-study/scratch/longcycle_formal/db_LC20-R4-CLEAN/001887.sst,0,0,0,0
401.27,compaction,1346,kCompaction,4,5,/home/wam/grad/s14-range-delete-study/scratch/longcycle_formal/db_LC20-R4-CLEAN/001904.sst,0,0,0,0
401.37,compaction,1347,kCompaction,4,5,/home/wam/grad/s14-range-delete-study/scratch/longcycle_formal/db_LC20-R4-CLEAN/001913.sst,0,0,0,0
401.61,compaction,1348,kCompaction,4,5,/home/wam/grad/s14-range-delete-study/scratch/longcycle_formal/db_LC20-R4-CLEAN/001922.sst,0,0,0,0
401.92,compaction,1328,kCompaction,0,0,/home/wam/grad/s14-range-delete-study/scratch/longcycle_formal/db_LC20-R4-CLEAN/001905.sst,0,1646513690,1564109,18439
402.57,flush,1351,Write Buffer Full,-1,0,/home/wam/grad/s14-range-delete-study/scratch/longcycle_formal/db_LC20-R4-CLEAN/001927.sst,0,56638783,54219,0
402.87,compaction,1349,kCompaction,4,5,/home/wam/grad/s14-range-delete-study/scratch/longcycle_formal/db_LC20-R4-CLEAN/001923.sst,0,167925717,159564,16365
403.39,compaction,1353,kCompaction,5,6,/home/wam/grad/s14-range-delete-study/scratch/longcycle_formal/db_LC20-R4-CLEAN/001913.sst,0,0,0,0
403.44,compaction,1354,kCompaction,5,6,/home/wam/grad/s14-range-delete-study/scratch/longcycle_formal/db_LC20-R4-CLEAN/001922.sst,0,0,0,0
403.65,compaction,1350,kCompaction,4,5,/home/wam/grad/s14-range-delete-study/scratch/longcycle_formal/db_LC20-R4-CLEAN/001925.sst,0,286890445,272613,3258
404.86,flush,1357,Write Buffer Full,-1,0,/home/wam/grad/s14-range-delete-study/scratch/longcycle_formal/db_LC20-R4-CLEAN/001939.sst,0,63547527,60833,0
405.11,compaction,1352,kCompaction,4,5,/home/wam/grad/s14-range-delete-study/scratch/longcycle_formal/db_LC20-R4-CLEAN/001930.sst,0,289040909,274655,3699
405.13,compaction,1356,kCompaction,5,6,/home/wam/grad/s14-range-delete-study/scratch/longcycle_formal/db_LC20-R4-CLEAN/001933.sst,0,180774206,171788,7897
405.14,compaction,1355,kCompaction,5,6,/home/wam/grad/s14-range-delete-study/scratch/longcycle_formal/db_LC20-R4-CLEAN/001932.sst,0,238309234,226462,1712
406.01,compaction,1359,kCompaction,5,6,/home/wam/grad/s14-range-delete-study/scratch/longcycle_formal/db_LC20-R4-CLEAN/001944.sst,0,194882792,185191,6916
406.45,flush,1362,Write Buffer Full,-1,0,/home/wam/grad/s14-range-delete-study/scratch/longcycle_formal/db_LC20-R4-CLEAN/001952.sst,0,62984305,60293,0
406.83,compaction,1360,kCompaction,5,6,/home/wam/grad/s14-range-delete-study/scratch/longcycle_formal/db_LC20-R4-CLEAN/001945.sst,0,234705347,223041,3198
406.84,compaction,1361,kCompaction,5,6,/home/wam/grad/s14-range-delete-study/scratch/longcycle_formal/db_LC20-R4-CLEAN/001950.sst,0,135284891,128558,53267
407.68,flush,1365,Write Buffer Full,-1,0,/home/wam/grad/s14-range-delete-study/scratch/longcycle_formal/db_LC20-R4-CLEAN/001961.sst,0,57934204,55459,0
409.37,flush,1366,Write Buffer Full,-1,0,/home/wam/grad/s14-range-delete-study/scratch/longcycle_formal/db_LC20-R4-CLEAN/001971.sst,0,63340115,60634,0
409.42,compaction,1364,kCompaction,5,6,/home/wam/grad/s14-range-delete-study/scratch/longcycle_formal/db_LC20-R4-CLEAN/001957.sst,0,405853236,385674,128541
409.70,compaction,1363,kCompaction,5,6,/home/wam/grad/s14-range-delete-study/scratch/longcycle_formal/db_LC20-R4-CLEAN/001956.sst,0,439020004,417191,16502
410.91,flush,1369,Write Buffer Full,-1,0,/home/wam/grad/s14-range-delete-study/scratch/longcycle_formal/db_LC20-R4-CLEAN/001982.sst,0,62864294,60180,0
412.14,flush,1370,Write Buffer Full,-1,0,/home/wam/grad/s14-range-delete-study/scratch/longcycle_formal/db_LC20-R4-CLEAN/001990.sst,0,58260707,55771,0
412.91,compaction,1367,kCompaction,5,6,/home/wam/grad/s14-range-delete-study/scratch/longcycle_formal/db_LC20-R4-CLEAN/001975.sst,0,518627682,492843,21365
413.23,compaction,1368,kCompaction,5,6,/home/wam/grad/s14-range-delete-study/scratch/longcycle_formal/db_LC20-R4-CLEAN/001976.sst,0,571427382,543018,35470
413.55,flush,1373,Write Buffer Full,-1,0,/home/wam/grad/s14-range-delete-study/scratch/longcycle_formal/db_LC20-R4-CLEAN/002001.sst,0,61482723,58856,0
414.70,compaction,1371,kCompaction,0,0,/home/wam/grad/s14-range-delete-study/scratch/longcycle_formal/db_LC20-R4-CLEAN/001996.sst,0,307031419,291681,656
415.12,flush,1375,Write Buffer Full,-1,0,/home/wam/grad/s14-range-delete-study/scratch/longcycle_formal/db_LC20-R4-CLEAN/002008.sst,0,60253164,57680,0
416.52,flush,1376,Write Buffer Full,-1,0,/home/wam/grad/s14-range-delete-study/scratch/longcycle_formal/db_LC20-R4-CLEAN/002016.sst,0,64602252,61842,0
417.65,compaction,1372,kCompaction,5,6,/home/wam/grad/s14-range-delete-study/scratch/longcycle_formal/db_LC20-R4-CLEAN/001999.sst,0,468812711,445500,114517
418.19,flush,1377,Write Buffer Full,-1,0,/home/wam/grad/s14-range-delete-study/scratch/longcycle_formal/db_LC20-R4-CLEAN/002024.sst,0,64018303,61283,0
419.16,flush,1379,Write Buffer Full,-1,0,/home/wam/grad/s14-range-delete-study/scratch/longcycle_formal/db_LC20-R4-CLEAN/002032.sst,0,57181422,54738,0
419.92,compaction,1374,kCompaction,5,6,/home/wam/grad/s14-range-delete-study/scratch/longcycle_formal/db_LC20-R4-CLEAN/002006.sst,0,637283880,605601,22512
419.99,compaction,1378,kCompaction,5,6,/home/wam/grad/s14-range-delete-study/scratch/longcycle_formal/db_LC20-R4-CLEAN/002025.sst,0,304919251,289760,73514
420.57,flush,1382,Write Buffer Full,-1,0,/home/wam/grad/s14-range-delete-study/scratch/longcycle_formal/db_LC20-R4-CLEAN/002042.sst,0,61599836,58967,0
421.99,flush,1383,Write Buffer Full,-1,0,/home/wam/grad/s14-range-delete-study/scratch/longcycle_formal/db_LC20-R4-CLEAN/002047.sst,0,58380602,55886,0
422.01,compaction,1380,kCompaction,0,0,/home/wam/grad/s14-range-delete-study/scratch/longcycle_formal/db_LC20-R4-CLEAN/002039.sst,0,309196818,293744,655
423.24,flush,1386,Write Buffer Full,-1,0,/home/wam/grad/s14-range-delete-study/scratch/longcycle_formal/db_LC20-R4-CLEAN/002052.sst,0,64741384,61975,0
424.86,flush,1388,Write Buffer Full,-1,0,/home/wam/grad/s14-range-delete-study/scratch/longcycle_formal/db_LC20-R4-CLEAN/002058.sst,0,59930042,57369,0
425.68,flush,1391,Write Buffer Full,-1,0,/home/wam/grad/s14-range-delete-study/scratch/longcycle_formal/db_LC20-R4-CLEAN/002063.sst,0,60678308,58085,0
426.99,compaction,1381,kCompaction,5,6,/home/wam/grad/s14-range-delete-study/scratch/longcycle_formal/db_LC20-R4-CLEAN/002040.sst,0,653455520,620968,29670
427.05,flush,1392,Write Buffer Full,-1,0,/home/wam/grad/s14-range-delete-study/scratch/longcycle_formal/db_LC20-R4-CLEAN/002068.sst,0,63985540,61251,0
427.20,compaction,1390,kCompaction,0,0,/home/wam/grad/s14-range-delete-study/scratch/longcycle_formal/db_LC20-R4-CLEAN/002061.sst,0,246161894,233870,327
427.75,flush,1396,Write Buffer Full,-1,0,/home/wam/grad/s14-range-delete-study/scratch/longcycle_formal/db_LC20-R4-CLEAN/002071.sst,0,62521940,59851,0
428.59,flush,1400,Write Buffer Full,-1,0,/home/wam/grad/s14-range-delete-study/scratch/longcycle_formal/db_LC20-R4-CLEAN/002074.sst,0,59849295,57292,0
429.77,flush,1403,Write Buffer Full,-1,0,/home/wam/grad/s14-range-delete-study/scratch/longcycle_formal/db_LC20-R4-CLEAN/002078.sst,0,59155352,56627,0
430.23,compaction,1401,kCompaction,0,0,/home/wam/grad/s14-range-delete-study/scratch/longcycle_formal/db_LC20-R4-CLEAN/002075.sst,0,248543857,236123,356
431.07,flush,1408,Write Buffer Full,-1,0,/home/wam/grad/s14-range-delete-study/scratch/longcycle_formal/db_LC20-R4-CLEAN/002081.sst,0,56093738,53696,0
431.96,flush,1410,Write Buffer Full,-1,0,/home/wam/grad/s14-range-delete-study/scratch/longcycle_formal/db_LC20-R4-CLEAN/002084.sst,0,64975677,62200,0
432.81,flush,1414,Write Buffer Full,-1,0,/home/wam/grad/s14-range-delete-study/scratch/longcycle_formal/db_LC20-R4-CLEAN/002087.sst,0,61283343,58666,0
433.85,flush,1417,Write Buffer Full,-1,0,/home/wam/grad/s14-range-delete-study/scratch/longcycle_formal/db_LC20-R4-CLEAN/002092.sst,0,61160509,58548,0
434.42,compaction,1415,kCompaction,0,0,/home/wam/grad/s14-range-delete-study/scratch/longcycle_formal/db_LC20-R4-CLEAN/002089.sst,0,243013272,230869,320
434.69,flush,1420,Write Buffer Full,-1,0,/home/wam/grad/s14-range-delete-study/scratch/longcycle_formal/db_LC20-R4-CLEAN/002095.sst,0,58958198,56439,0
435.64,flush,1425,Write Buffer Full,-1,0,/home/wam/grad/s14-range-delete-study/scratch/longcycle_formal/db_LC20-R4-CLEAN/002099.sst,0,61817845,59176,0
436.95,flush,1429,Write Buffer Full,-1,0,/home/wam/grad/s14-range-delete-study/scratch/longcycle_formal/db_LC20-R4-CLEAN/002102.sst,0,62448283,59780,0
438.38,flush,1432,Write Buffer Full,-1,0,/home/wam/grad/s14-range-delete-study/scratch/longcycle_formal/db_LC20-R4-CLEAN/002105.sst,0,62662221,59985,0
438.63,compaction,1422,kCompaction,0,0,/home/wam/grad/s14-range-delete-study/scratch/longcycle_formal/db_LC20-R4-CLEAN/002096.sst,0,795964262,756138,3272
438.99,flush,1435,Write Buffer Full,-1,0,/home/wam/grad/s14-range-delete-study/scratch/longcycle_formal/db_LC20-R4-CLEAN/002110.sst,0,64241462,61497,0
439.76,compaction,1433,kCompaction,0,0,/home/wam/grad/s14-range-delete-study/scratch/longcycle_formal/db_LC20-R4-CLEAN/002107.sst,0,247404725,235043,337
439.98,flush,1438,Write Buffer Full,-1,0,/home/wam/grad/s14-range-delete-study/scratch/longcycle_formal/db_LC20-R4-CLEAN/002113.sst,0,56540662,54125,0
440.88,flush,1443,Write Buffer Full,-1,0,/home/wam/grad/s14-range-delete-study/scratch/longcycle_formal/db_LC20-R4-CLEAN/002116.sst,0,64684838,61921,0
441.72,flush,1446,Write Buffer Full,-1,0,/home/wam/grad/s14-range-delete-study/scratch/longcycle_formal/db_LC20-R4-CLEAN/002120.sst,0,63664336,60944,0
442.89,flush,1449,Write Buffer Full,-1,0,/home/wam/grad/s14-range-delete-study/scratch/longcycle_formal/db_LC20-R4-CLEAN/002125.sst,0,64900058,62127,0
443.20,compaction,1447,kCompaction,0,0,/home/wam/grad/s14-range-delete-study/scratch/longcycle_formal/db_LC20-R4-CLEAN/002121.sst,0,250686245,238168,319
443.52,flush,1453,Write Buffer Full,-1,0,/home/wam/grad/s14-range-delete-study/scratch/longcycle_formal/db_LC20-R4-CLEAN/002128.sst,0,58802303,56289,0
444.56,flush,1456,Write Buffer Full,-1,0,/home/wam/grad/s14-range-delete-study/scratch/longcycle_formal/db_LC20-R4-CLEAN/002131.sst,0,61840147,59198,0
445.36,flush,1460,Write Buffer Full,-1,0,/home/wam/grad/s14-range-delete-study/scratch/longcycle_formal/db_LC20-R4-CLEAN/002134.sst,0,64740518,61975,0
446.78,flush,1463,Write Buffer Full,-1,0,/home/wam/grad/s14-range-delete-study/scratch/longcycle_formal/db_LC20-R4-CLEAN/002139.sst,0,64365211,61615,0
446.88,compaction,1461,kCompaction,0,0,/home/wam/grad/s14-range-delete-study/scratch/longcycle_formal/db_LC20-R4-CLEAN/002136.sst,0,251834402,239253,336
447.60,flush,1469,Write Buffer Full,-1,0,/home/wam/grad/s14-range-delete-study/scratch/longcycle_formal/db_LC20-R4-CLEAN/002144.sst,0,63974931,61242,0
448.41,flush,1472,Write Buffer Full,-1,0,/home/wam/grad/s14-range-delete-study/scratch/longcycle_formal/db_LC20-R4-CLEAN/002147.sst,0,59905582,57346,0
449.24,flush,1475,Write Buffer Full,-1,0,/home/wam/grad/s14-range-delete-study/scratch/longcycle_formal/db_LC20-R4-CLEAN/002151.sst,0,57217697,54773,0
450.55,flush,1477,Write Buffer Full,-1,0,/home/wam/grad/s14-range-delete-study/scratch/longcycle_formal/db_LC20-R4-CLEAN/002154.sst,0,64836008,62066,0
450.92,compaction,1466,kCompaction,0,0,/home/wam/grad/s14-range-delete-study/scratch/longcycle_formal/db_LC20-R4-CLEAN/002142.sst,0,811224299,770620,3459
452.11,flush,1482,Write Buffer Full,-1,0,/home/wam/grad/s14-range-delete-study/scratch/longcycle_formal/db_LC20-R4-CLEAN/002160.sst,0,61345264,58725,0
452.13,compaction,1479,kCompaction,0,0,/home/wam/grad/s14-range-delete-study/scratch/longcycle_formal/db_LC20-R4-CLEAN/002156.sst,0,247470103,235107,320
453.03,flush,1485,Write Buffer Full,-1,0,/home/wam/grad/s14-range-delete-study/scratch/longcycle_formal/db_LC20-R4-CLEAN/002163.sst,0,64763212,61996,0
453.10,compaction,1358,kCompaction,0,4,/home/wam/grad/s14-range-delete-study/scratch/longcycle_formal/db_LC20-R4-CLEAN/001943.sst,0,6711732099,6377733,188695
453.12,compaction,1488,kCompaction,4,5,/home/wam/grad/s14-range-delete-study/scratch/longcycle_formal/db_LC20-R4-CLEAN/002114.sst,0,0,0,0
453.13,compaction,1489,kCompaction,4,5,/home/wam/grad/s14-range-delete-study/scratch/longcycle_formal/db_LC20-R4-CLEAN/002122.sst,0,0,0,0
453.15,compaction,1490,kCompaction,4,5,/home/wam/grad/s14-range-delete-study/scratch/longcycle_formal/db_LC20-R4-CLEAN/002132.sst,0,0,0,0
453.16,compaction,1491,kCompaction,4,5,/home/wam/grad/s14-range-delete-study/scratch/longcycle_formal/db_LC20-R4-CLEAN/002145.sst,0,0,0,0
453.17,compaction,1492,kCompaction,4,5,/home/wam/grad/s14-range-delete-study/scratch/longcycle_formal/db_LC20-R4-CLEAN/002149.sst,0,0,0,0
453.18,compaction,1493,kCompaction,4,5,/home/wam/grad/s14-range-delete-study/scratch/longcycle_formal/db_LC20-R4-CLEAN/002155.sst,0,0,0,0
453.20,compaction,1494,kCompaction,4,5,/home/wam/grad/s14-range-delete-study/scratch/longcycle_formal/db_LC20-R4-CLEAN/002158.sst,0,0,0,0
453.87,compaction,1495,kCompaction,4,5,/home/wam/grad/s14-range-delete-study/scratch/longcycle_formal/db_LC20-R4-CLEAN/002165.sst,0,90729829,86209,7359
454.13,flush,1497,Write Buffer Full,-1,0,/home/wam/grad/s14-range-delete-study/scratch/longcycle_formal/db_LC20-R4-CLEAN/002170.sst,0,61185448,58571,0
454.41,compaction,1496,kCompaction,4,5,/home/wam/grad/s14-range-delete-study/scratch/longcycle_formal/db_LC20-R4-CLEAN/002166.sst,0,164512306,156315,13609
454.48,compaction,1499,kCompaction,5,6,/home/wam/grad/s14-range-delete-study/scratch/longcycle_formal/db_LC20-R4-CLEAN/002161.sst,0,0,0,0
455.10,compaction,1498,kCompaction,4,5,/home/wam/grad/s14-range-delete-study/scratch/longcycle_formal/db_LC20-R4-CLEAN/002171.sst,0,166557095,158258,14186
455.35,flush,1502,Write Buffer Full,-1,0,/home/wam/grad/s14-range-delete-study/scratch/longcycle_formal/db_LC20-R4-CLEAN/002179.sst,0,60145481,57576,0
455.98,compaction,1500,kCompaction,5,6,/home/wam/grad/s14-range-delete-study/scratch/longcycle_formal/db_LC20-R4-CLEAN/002174.sst,0,194878090,185190,0
456.00,compaction,1501,kCompaction,5,6,/home/wam/grad/s14-range-delete-study/scratch/longcycle_formal/db_LC20-R4-CLEAN/002176.sst,0,202931346,192838,0
456.61,flush,1506,Write Buffer Full,-1,0,/home/wam/grad/s14-range-delete-study/scratch/longcycle_formal/db_LC20-R4-CLEAN/002189.sst,0,58875691,56359,0
457.61,compaction,1504,kCompaction,5,6,/home/wam/grad/s14-range-delete-study/scratch/longcycle_formal/db_LC20-R4-CLEAN/002186.sst,0,202925479,192838,0
457.62,flush,1507,Write Buffer Full,-1,0,/home/wam/grad/s14-range-delete-study/scratch/longcycle_formal/db_LC20-R4-CLEAN/002197.sst,0,63931536,61199,0
457.77,compaction,1505,kCompaction,5,6,/home/wam/grad/s14-range-delete-study/scratch/longcycle_formal/db_LC20-R4-CLEAN/002187.sst,0,224904325,213719,1686
458.88,flush,1510,Write Buffer Full,-1,0,/home/wam/grad/s14-range-delete-study/scratch/longcycle_formal/db_LC20-R4-CLEAN/002206.sst,0,61307059,58688,0
459.49,compaction,1508,kCompaction,5,6,/home/wam/grad/s14-range-delete-study/scratch/longcycle_formal/db_LC20-R4-CLEAN/002200.sst,0,223694905,212571,2221
460.29,flush,1512,Write Buffer Full,-1,0,/home/wam/grad/s14-range-delete-study/scratch/longcycle_formal/db_LC20-R4-CLEAN/002216.sst,0,56678664,54256,0
461.03,compaction,1509,kCompaction,5,6,/home/wam/grad/s14-range-delete-study/scratch/longcycle_formal/db_LC20-R4-CLEAN/002201.sst,0,429806277,408436,100222
461.46,flush,1514,Write Buffer Full,-1,0,/home/wam/grad/s14-range-delete-study/scratch/longcycle_formal/db_LC20-R4-CLEAN/002225.sst,0,63409101,60699,0
461.88,compaction,1511,kCompaction,5,6,/home/wam/grad/s14-range-delete-study/scratch/longcycle_formal/db_LC20-R4-CLEAN/002213.sst,0,202927016,192835,46884
462.82,compaction,1513,kCompaction,0,0,/home/wam/grad/s14-range-delete-study/scratch/longcycle_formal/db_LC20-R4-CLEAN/002223.sst,0,302675284,287543,535
462.96,flush,1516,Write Buffer Full,-1,0,/home/wam/grad/s14-range-delete-study/scratch/longcycle_formal/db_LC20-R4-CLEAN/002231.sst,0,64816486,62047,0
464.18,compaction,1515,kCompaction,5,6,/home/wam/grad/s14-range-delete-study/scratch/longcycle_formal/db_LC20-R4-CLEAN/002228.sst,0,270568347,257116,61310
464.20,flush,1518,Write Buffer Full,-1,0,/home/wam/grad/s14-range-delete-study/scratch/longcycle_formal/db_LC20-R4-CLEAN/002239.sst,0,61307014,58688,0
465.27,compaction,1517,kCompaction,5,6,/home/wam/grad/s14-range-delete-study/scratch/longcycle_formal/db_LC20-R4-CLEAN/002233.sst,0,270568346,257116,60779
465.46,flush,1520,Write Buffer Full,-1,0,/home/wam/grad/s14-range-delete-study/scratch/longcycle_formal/db_LC20-R4-CLEAN/002247.sst,0,56873202,54442,0
465.96,compaction,1519,kCompaction,5,6,/home/wam/grad/s14-range-delete-study/scratch/longcycle_formal/db_LC20-R4-CLEAN/002242.sst,0,167543545,159215,37001
466.72,flush,1523,Write Buffer Full,-1,0,/home/wam/grad/s14-range-delete-study/scratch/longcycle_formal/db_LC20-R4-CLEAN/002256.sst,0,63628687,60911,0
467.35,compaction,1522,kCompaction,0,0,/home/wam/grad/s14-range-delete-study/scratch/longcycle_formal/db_LC20-R4-CLEAN/002252.sst,0,247932968,235543,333
467.99,flush,1525,Write Buffer Full,-1,0,/home/wam/grad/s14-range-delete-study/scratch/longcycle_formal/db_LC20-R4-CLEAN/002263.sst,0,63171646,60473,0
469.35,flush,1526,Write Buffer Full,-1,0,/home/wam/grad/s14-range-delete-study/scratch/longcycle_formal/db_LC20-R4-CLEAN/002271.sst,0,64579837,61820,0
470.34,flush,1527,Write Buffer Full,-1,0,/home/wam/grad/s14-range-delete-study/scratch/longcycle_formal/db_LC20-R4-CLEAN/002279.sst,0,63669889,60950,0
470.69,compaction,1521,kCompaction,5,6,/home/wam/grad/s14-range-delete-study/scratch/longcycle_formal/db_LC20-R4-CLEAN/002249.sst,0,666455308,633321,73721
471.30,flush,1529,Write Buffer Full,-1,0,/home/wam/grad/s14-range-delete-study/scratch/longcycle_formal/db_LC20-R4-CLEAN/002286.sst,0,62607971,59932,0
472.12,compaction,1528,kCompaction,0,0,/home/wam/grad/s14-range-delete-study/scratch/longcycle_formal/db_LC20-R4-CLEAN/002284.sst,0,256669465,243840,314
472.34,flush,1530,Write Buffer Full,-1,0,/home/wam/grad/s14-range-delete-study/scratch/longcycle_formal/db_LC20-R4-CLEAN/002293.sst,0,64781624,62013,0
473.09,compaction,1524,kCompaction,5,6,/home/wam/grad/s14-range-delete-study/scratch/longcycle_formal/db_LC20-R4-CLEAN/002261.sst,0,710340689,675025,32021
473.65,flush,1533,Write Buffer Full,-1,0,/home/wam/grad/s14-range-delete-study/scratch/longcycle_formal/db_LC20-R4-CLEAN/002301.sst,0,61383414,58760,0
474.84,flush,1534,Write Buffer Full,-1,0,/home/wam/grad/s14-range-delete-study/scratch/longcycle_formal/db_LC20-R4-CLEAN/002308.sst,0,64119595,61379,0
474.84,compaction,1531,kCompaction,5,6,/home/wam/grad/s14-range-delete-study/scratch/longcycle_formal/db_LC20-R4-CLEAN/002294.sst,0,338209677,321397,81165
475.89,flush,1536,Write Buffer Full,-1,0,/home/wam/grad/s14-range-delete-study/scratch/longcycle_formal/db_LC20-R4-CLEAN/002314.sst,0,63405253,60696,0
476.42,compaction,1535,kCompaction,0,0,/home/wam/grad/s14-range-delete-study/scratch/longcycle_formal/db_LC20-R4-CLEAN/002311.sst,0,254472780,241753,331
476.99,flush,1538,Write Buffer Full,-1,0,/home/wam/grad/s14-range-delete-study/scratch/longcycle_formal/db_LC20-R4-CLEAN/002321.sst,0,57326106,54876,0
478.00,flush,1539,Write Buffer Full,-1,0,/home/wam/grad/s14-range-delete-study/scratch/longcycle_formal/db_LC20-R4-CLEAN/002328.sst,0,63362331,60655,0
478.37,compaction,1532,kCompaction,5,6,/home/wam/grad/s14-range-delete-study/scratch/longcycle_formal/db_LC20-R4-CLEAN/002299.sst,0,688709535,654467,75333
479.32,flush,1541,Write Buffer Full,-1,0,/home/wam/grad/s14-range-delete-study/scratch/longcycle_formal/db_LC20-R4-CLEAN/002332.sst,0,61443564,58818,0
480.36,flush,1544,Write Buffer Full,-1,0,/home/wam/grad/s14-range-delete-study/scratch/longcycle_formal/db_LC20-R4-CLEAN/002336.sst,0,61605894,58974,0
480.65,compaction,1537,kCompaction,0,0,/home/wam/grad/s14-range-delete-study/scratch/longcycle_formal/db_LC20-R4-CLEAN/002319.sst,0,819641935,778612,3220
480.96,flush,1548,Write Buffer Full,-1,0,/home/wam/grad/s14-range-delete-study/scratch/longcycle_formal/db_LC20-R4-CLEAN/002341.sst,0,57898350,55424,0
481.55,compaction,1546,kCompaction,0,0,/home/wam/grad/s14-range-delete-study/scratch/longcycle_formal/db_LC20-R4-CLEAN/002338.sst,0,245254890,232995,328
482.07,flush,1553,Write Buffer Full,-1,0,/home/wam/grad/s14-range-delete-study/scratch/longcycle_formal/db_LC20-R4-CLEAN/002345.sst,0,63729827,61006,0
482.91,flush,1556,Write Buffer Full,-1,0,/home/wam/grad/s14-range-delete-study/scratch/longcycle_formal/db_LC20-R4-CLEAN/002349.sst,0,59471751,56930,0
484.43,flush,1559,Write Buffer Full,-1,0,/home/wam/grad/s14-range-delete-study/scratch/longcycle_formal/db_LC20-R4-CLEAN/002352.sst,0,59862160,57304,0
486.62,flush,1563,Write Buffer Full,-1,0,/home/wam/grad/s14-range-delete-study/scratch/longcycle_formal/db_LC20-R4-CLEAN/002357.sst,0,62996753,60305,0
486.64,compaction,1560,kCompaction,0,0,/home/wam/grad/s14-range-delete-study/scratch/longcycle_formal/db_LC20-R4-CLEAN/002353.sst,0,242479727,230368,296
487.67,flush,1567,Write Buffer Full,-1,0,/home/wam/grad/s14-range-delete-study/scratch/longcycle_formal/db_LC20-R4-CLEAN/002360.sst,0,64652976,61890,0
489.38,flush,1569,Write Buffer Full,-1,0,/home/wam/grad/s14-range-delete-study/scratch/longcycle_formal/db_LC20-R4-CLEAN/002364.sst,0,64094043,61355,0
490.39,flush,1572,Write Buffer Full,-1,0,/home/wam/grad/s14-range-delete-study/scratch/longcycle_formal/db_LC20-R4-CLEAN/002370.sst,0,62913968,60226,0
492.14,flush,1576,Write Buffer Full,-1,0,/home/wam/grad/s14-range-delete-study/scratch/longcycle_formal/db_LC20-R4-CLEAN/002374.sst,0,63625357,60907,0
492.21,compaction,1574,kCompaction,0,0,/home/wam/grad/s14-range-delete-study/scratch/longcycle_formal/db_LC20-R4-CLEAN/002371.sst,0,256237144,243438,338
493.75,flush,1581,Write Buffer Full,-1,0,/home/wam/grad/s14-range-delete-study/scratch/longcycle_formal/db_LC20-R4-CLEAN/002380.sst,0,58304429,55813,0
496.11,flush,1585,Write Buffer Full,-1,0,/home/wam/grad/s14-range-delete-study/scratch/longcycle_formal/db_LC20-R4-CLEAN/002384.sst,0,64131705,61391,0
496.23,compaction,1579,kCompaction,0,0,/home/wam/grad/s14-range-delete-study/scratch/longcycle_formal/db_LC20-R4-CLEAN/002376.sst,0,804866487,764581,3127
497.22,flush,1589,Write Buffer Full,-1,0,/home/wam/grad/s14-range-delete-study/scratch/longcycle_formal/db_LC20-R4-CLEAN/002389.sst,0,64804053,62035,0
498.30,flush,1592,Write Buffer Full,-1,0,/home/wam/grad/s14-range-delete-study/scratch/longcycle_formal/db_LC20-R4-CLEAN/002392.sst,0,61008875,58401,0
498.46,compaction,1503,kCompaction,0,4,/home/wam/grad/s14-range-delete-study/scratch/longcycle_formal/db_LC20-R4-CLEAN/002181.sst,0,7509345749,7135678,205576
498.47,compaction,1595,kCompaction,4,5,/home/wam/grad/s14-range-delete-study/scratch/longcycle_formal/db_LC20-R4-CLEAN/002181.sst,0,0,0,0
498.48,compaction,1596,kCompaction,4,5,/home/wam/grad/s14-range-delete-study/scratch/longcycle_formal/db_LC20-R4-CLEAN/002260.sst,0,0,0,0
498.48,compaction,1597,kCompaction,4,5,/home/wam/grad/s14-range-delete-study/scratch/longcycle_formal/db_LC20-R4-CLEAN/002277.sst,0,0,0,0
498.49,compaction,1598,kCompaction,4,5,/home/wam/grad/s14-range-delete-study/scratch/longcycle_formal/db_LC20-R4-CLEAN/002297.sst,0,0,0,0
498.50,compaction,1599,kCompaction,4,5,/home/wam/grad/s14-range-delete-study/scratch/longcycle_formal/db_LC20-R4-CLEAN/002318.sst,0,0,0,0
498.50,compaction,1600,kCompaction,4,5,/home/wam/grad/s14-range-delete-study/scratch/longcycle_formal/db_LC20-R4-CLEAN/002333.sst,0,0,0,0
498.51,compaction,1601,kCompaction,4,5,/home/wam/grad/s14-range-delete-study/scratch/longcycle_formal/db_LC20-R4-CLEAN/002339.sst,0,0,0,0
498.52,compaction,1602,kCompaction,4,5,/home/wam/grad/s14-range-delete-study/scratch/longcycle_formal/db_LC20-R4-CLEAN/002347.sst,0,0,0,0
498.52,compaction,1603,kCompaction,4,5,/home/wam/grad/s14-range-delete-study/scratch/longcycle_formal/db_LC20-R4-CLEAN/002361.sst,0,0,0,0
498.53,compaction,1604,kCompaction,4,5,/home/wam/grad/s14-range-delete-study/scratch/longcycle_formal/db_LC20-R4-CLEAN/002367.sst,0,0,0,0
498.53,compaction,1605,kCompaction,4,5,/home/wam/grad/s14-range-delete-study/scratch/longcycle_formal/db_LC20-R4-CLEAN/002378.sst,0,0,0,0
498.54,compaction,1606,kCompaction,4,5,/home/wam/grad/s14-range-delete-study/scratch/longcycle_formal/db_LC20-R4-CLEAN/002387.sst,0,0,0,0
499.70,compaction,1593,kCompaction,0,0,/home/wam/grad/s14-range-delete-study/scratch/longcycle_formal/db_LC20-R4-CLEAN/002394.sst,0,249825267,237340,300
499.72,flush,1608,Write Buffer Full,-1,0,/home/wam/grad/s14-range-delete-study/scratch/longcycle_formal/db_LC20-R4-CLEAN/002397.sst,0,63366899,60659,0
500.71,compaction,1607,kCompaction,4,5,/home/wam/grad/s14-range-delete-study/scratch/longcycle_formal/db_LC20-R4-CLEAN/002395.sst,0,330805770,314349,3104
500.84,compaction,1610,kCompaction,5,6,/home/wam/grad/s14-range-delete-study/scratch/longcycle_formal/db_LC20-R4-CLEAN/002390.sst,0,0,0,0
501.51,flush,1613,Write Buffer Full,-1,0,/home/wam/grad/s14-range-delete-study/scratch/longcycle_formal/db_LC20-R4-CLEAN/002405.sst,0,62407935,59741,0
502.72,compaction,1611,kCompaction,5,6,/home/wam/grad/s14-range-delete-study/scratch/longcycle_formal/db_LC20-R4-CLEAN/002402.sst,0,194873618,185181,0
502.75,compaction,1609,kCompaction,4,5,/home/wam/grad/s14-range-delete-study/scratch/longcycle_formal/db_LC20-R4-CLEAN/002400.sst,0,153602153,145957,25593
503.27,flush,1616,Write Buffer Full,-1,0,/home/wam/grad/s14-range-delete-study/scratch/longcycle_formal/db_LC20-R4-CLEAN/002416.sst,0,57424784,54971,0
504.01,compaction,1614,kCompaction,5,6,/home/wam/grad/s14-range-delete-study/scratch/longcycle_formal/db_LC20-R4-CLEAN/002412.sst,0,177724036,168887,3047
504.81,flush,1618,Write Buffer Full,-1,0,/home/wam/grad/s14-range-delete-study/scratch/longcycle_formal/db_LC20-R4-CLEAN/002426.sst,0,64835328,62064,0
505.92,compaction,1617,kCompaction,5,6,/home/wam/grad/s14-range-delete-study/scratch/longcycle_formal/db_LC20-R4-CLEAN/002422.sst,0,214508504,203844,1665
505.93,flush,1619,Write Buffer Full,-1,0,/home/wam/grad/s14-range-delete-study/scratch/longcycle_formal/db_LC20-R4-CLEAN/002432.sst,0,64763573,61996,0
506.93,flush,1621,Write Buffer Full,-1,0,/home/wam/grad/s14-range-delete-study/scratch/longcycle_formal/db_LC20-R4-CLEAN/002443.sst,0,61270824,58652,0
507.62,compaction,1620,kCompaction,5,6,/home/wam/grad/s14-range-delete-study/scratch/longcycle_formal/db_LC20-R4-CLEAN/002436.sst,0,252262846,239721,1754
508.34,flush,1623,Write Buffer Full,-1,0,/home/wam/grad/s14-range-delete-study/scratch/longcycle_formal/db_LC20-R4-CLEAN/002450.sst,0,64547132,61788,0
509.72,flush,1624,Write Buffer Full,-1,0,/home/wam/grad/s14-range-delete-study/scratch/longcycle_formal/db_LC20-R4-CLEAN/002458.sst,0,64756351,61989,0
509.73,compaction,1622,kCompaction,5,6,/home/wam/grad/s14-range-delete-study/scratch/longcycle_formal/db_LC20-R4-CLEAN/002446.sst,0,288975056,274606,6886
510.96,flush,1626,Write Buffer Full,-1,0,/home/wam/grad/s14-range-delete-study/scratch/longcycle_formal/db_LC20-R4-CLEAN/002466.sst,0,59461991,56921,0
511.92,compaction,1625,kCompaction,0,0,/home/wam/grad/s14-range-delete-study/scratch/longcycle_formal/db_LC20-R4-CLEAN/002461.sst,0,379609737,360629,831
512.14,flush,1627,Write Buffer Full,-1,0,/home/wam/grad/s14-range-delete-study/scratch/longcycle_formal/db_LC20-R4-CLEAN/002472.sst,0,64188657,61446,0
513.61,flush,1629,Write Buffer Full,-1,0,/home/wam/grad/s14-range-delete-study/scratch/longcycle_formal/db_LC20-R4-CLEAN/002480.sst,0,60817960,58218,0
513.86,compaction,1612,kCompaction,5,6,/home/wam/grad/s14-range-delete-study/scratch/longcycle_formal/db_LC20-R4-CLEAN/002403.sst,0,1958906922,1861509,2510
514.38,compaction,1628,kCompaction,5,6,/home/wam/grad/s14-range-delete-study/scratch/longcycle_formal/db_LC20-R4-CLEAN/002473.sst,0,230199422,218752,5725
514.96,flush,1632,Write Buffer Full,-1,0,/home/wam/grad/s14-range-delete-study/scratch/longcycle_formal/db_LC20-R4-CLEAN/002490.sst,0,64817806,62048,0
516.21,flush,1633,Write Buffer Full,-1,0,/home/wam/grad/s14-range-delete-study/scratch/longcycle_formal/db_LC20-R4-CLEAN/002497.sst,0,63882581,61153,0
516.26,compaction,1630,kCompaction,5,6,/home/wam/grad/s14-range-delete-study/scratch/longcycle_formal/db_LC20-R4-CLEAN/002485.sst,0,277734094,263925,6551
516.67,compaction,1631,kCompaction,5,6,/home/wam/grad/s14-range-delete-study/scratch/longcycle_formal/db_LC20-R4-CLEAN/002486.sst,0,293193450,278617,4406
517.07,flush,1636,Write Buffer Full,-1,0,/home/wam/grad/s14-range-delete-study/scratch/longcycle_formal/db_LC20-R4-CLEAN/002506.sst,0,63830832,61103,0
518.02,compaction,1634,kCompaction,0,0,/home/wam/grad/s14-range-delete-study/scratch/longcycle_formal/db_LC20-R4-CLEAN/002501.sst,0,314990041,299238,548
518.50,flush,1638,Write Buffer Full,-1,0,/home/wam/grad/s14-range-delete-study/scratch/longcycle_formal/db_LC20-R4-CLEAN/002513.sst,0,64398620,61647,0
518.51,compaction,1635,kCompaction,5,6,/home/wam/grad/s14-range-delete-study/scratch/longcycle_formal/db_LC20-R4-CLEAN/002503.sst,0,271029543,257553,61251
519.68,flush,1640,Write Buffer Full,-1,0,/home/wam/grad/s14-range-delete-study/scratch/longcycle_formal/db_LC20-R4-CLEAN/002521.sst,0,61510884,58882,0
520.66,compaction,1637,kCompaction,5,6,/home/wam/grad/s14-range-delete-study/scratch/longcycle_formal/db_LC20-R4-CLEAN/002510.sst,0,333038451,316481,4911
520.68,flush,1641,Write Buffer Full,-1,0,/home/wam/grad/s14-range-delete-study/scratch/longcycle_formal/db_LC20-R4-CLEAN/002528.sst,0,64906171,62132,0
521.14,compaction,1639,kCompaction,5,6,/home/wam/grad/s14-range-delete-study/scratch/longcycle_formal/db_LC20-R4-CLEAN/002516.sst,0,332697554,316153,5235
521.79,flush,1644,Write Buffer Full,-1,0,/home/wam/grad/s14-range-delete-study/scratch/longcycle_formal/db_LC20-R4-CLEAN/002536.sst,0,59822911,57266,0
522.75,compaction,1643,kCompaction,0,0,/home/wam/grad/s14-range-delete-study/scratch/longcycle_formal/db_LC20-R4-CLEAN/002534.sst,0,256242348,243440,324
522.97,flush,1645,Write Buffer Full,-1,0,/home/wam/grad/s14-range-delete-study/scratch/longcycle_formal/db_LC20-R4-CLEAN/002543.sst,0,58575923,56073,0
523.19,compaction,1642,kCompaction,5,6,/home/wam/grad/s14-range-delete-study/scratch/longcycle_formal/db_LC20-R4-CLEAN/002531.sst,0,340185819,323268,4929
523.94,flush,1648,Write Buffer Full,-1,0,/home/wam/grad/s14-range-delete-study/scratch/longcycle_formal/db_LC20-R4-CLEAN/002551.sst,0,58697211,56189,0
524.25,compaction,1647,kCompaction,5,6,/home/wam/grad/s14-range-delete-study/scratch/longcycle_formal/db_LC20-R4-CLEAN/002548.sst,0,135283461,128558,48598
524.99,compaction,1646,kCompaction,5,6,/home/wam/grad/s14-range-delete-study/scratch/longcycle_formal/db_LC20-R4-CLEAN/002545.sst,0,309135119,293763,7648
525.25,compaction,1649,kCompaction,5,6,/home/wam/grad/s14-range-delete-study/scratch/longcycle_formal/db_LC20-R4-CLEAN/002556.sst,0,114052321,108379,37007
525.34,flush,1650,Write Buffer Full,-1,0,/home/wam/grad/s14-range-delete-study/scratch/longcycle_formal/db_LC20-R4-CLEAN/002561.sst,0,63674541,60955,0
526.45,flush,1653,Write Buffer Full,-1,0,/home/wam/grad/s14-range-delete-study/scratch/longcycle_formal/db_LC20-R4-CLEAN/002570.sst,0,61583549,58953,0
527.70,compaction,1652,kCompaction,5,6,/home/wam/grad/s14-range-delete-study/scratch/longcycle_formal/db_LC20-R4-CLEAN/002564.sst,0,406317159,386115,128545
527.86,flush,1654,Write Buffer Full,-1,0,/home/wam/grad/s14-range-delete-study/scratch/longcycle_formal/db_LC20-R4-CLEAN/002581.sst,0,59845291,57288,0
528.14,compaction,1651,kCompaction,5,6,/home/wam/grad/s14-range-delete-study/scratch/longcycle_formal/db_LC20-R4-CLEAN/002562.sst,0,405851809,385674,128545
528.97,compaction,1655,kCompaction,0,0,/home/wam/grad/s14-range-delete-study/scratch/longcycle_formal/db_LC20-R4-CLEAN/002584.sst,0,304123851,288926,510
529.28,flush,1657,Write Buffer Full,-1,0,/home/wam/grad/s14-range-delete-study/scratch/longcycle_formal/db_LC20-R4-CLEAN/002588.sst,0,64951908,62179,0
531.28,flush,1662,Write Buffer Full,-1,0,/home/wam/grad/s14-range-delete-study/scratch/longcycle_formal/db_LC20-R4-CLEAN/002594.sst,0,64943952,62172,0
533.93,flush,1664,Write Buffer Full,-1,0,/home/wam/grad/s14-range-delete-study/scratch/longcycle_formal/db_LC20-R4-CLEAN/002601.sst,0,64910075,62141,0
534.82,compaction,1666,kCompaction,0,0,/home/wam/grad/s14-range-delete-study/scratch/longcycle_formal/db_LC20-R4-CLEAN/002602.sst,0,256112157,243323,457
537.93,flush,1671,Write Buffer Full,-1,0,/home/wam/grad/s14-range-delete-study/scratch/longcycle_formal/db_LC20-R4-CLEAN/002613.sst,0,64892704,62126,0
538.25,compaction,1615,kCompaction,0,4,/home/wam/grad/s14-range-delete-study/scratch/longcycle_formal/db_LC20-R4-CLEAN/002414.sst,0,5254805143,4993165,105922
538.42,compaction,1673,kCompaction,4,5,/home/wam/grad/s14-range-delete-study/scratch/longcycle_formal/db_LC20-R4-CLEAN/002540.sst,0,0,0,0
538.55,compaction,1674,kCompaction,4,5,/home/wam/grad/s14-range-delete-study/scratch/longcycle_formal/db_LC20-R4-CLEAN/002563.sst,0,0,0,0
538.60,compaction,1675,kCompaction,4,5,/home/wam/grad/s14-range-delete-study/scratch/longcycle_formal/db_LC20-R4-CLEAN/002579.sst,0,0,0,0
538.62,compaction,1676,kCompaction,4,5,/home/wam/grad/s14-range-delete-study/scratch/longcycle_formal/db_LC20-R4-CLEAN/002590.sst,0,0,0,0
538.65,compaction,1677,kCompaction,4,5,/home/wam/grad/s14-range-delete-study/scratch/longcycle_formal/db_LC20-R4-CLEAN/002598.sst,0,0,0,0
538.69,compaction,1678,kCompaction,4,5,/home/wam/grad/s14-range-delete-study/scratch/longcycle_formal/db_LC20-R4-CLEAN/002610.sst,0,0,0,0
539.19,compaction,1668,kCompaction,0,0,/home/wam/grad/s14-range-delete-study/scratch/longcycle_formal/db_LC20-R4-CLEAN/002605.sst,0,1125157414,1068845,6082
539.50,compaction,1679,kCompaction,4,5,/home/wam/grad/s14-range-delete-study/scratch/longcycle_formal/db_LC20-R4-CLEAN/002614.sst,0,109707987,104229,2375
540.32,compaction,1680,kCompaction,4,5,/home/wam/grad/s14-range-delete-study/scratch/longcycle_formal/db_LC20-R4-CLEAN/002616.sst,0,155053967,147314,7037
540.73,compaction,1681,kCompaction,4,5,/home/wam/grad/s14-range-delete-study/scratch/longcycle_formal/db_LC20-R4-CLEAN/002617.sst,0,164938460,156716,12157
540.80,compaction,1682,kCompaction,4,5,/home/wam/grad/s14-range-delete-study/scratch/longcycle_formal/db_LC20-R4-CLEAN/002619.sst,0,170606702,162102,12422
541.13,compaction,1683,kCompaction,4,5,/home/wam/grad/s14-range-delete-study/scratch/longcycle_formal/db_LC20-R4-CLEAN/002622.sst,0,133061496,126428,9486
541.25,compaction,1686,kCompaction,5,6,/home/wam/grad/s14-range-delete-study/scratch/longcycle_formal/db_LC20-R4-CLEAN/002611.sst,0,0,0,0
542.41,compaction,1687,kCompaction,5,6,/home/wam/grad/s14-range-delete-study/scratch/longcycle_formal/db_LC20-R4-CLEAN/002629.sst,0,155651810,147913,3881
542.49,compaction,1684,kCompaction,4,5,/home/wam/grad/s14-range-delete-study/scratch/longcycle_formal/db_LC20-R4-CLEAN/002626.sst,0,306228345,290992,3132
543.45,compaction,1688,kCompaction,5,6,/home/wam/grad/s14-range-delete-study/scratch/longcycle_formal/db_LC20-R4-CLEAN/002637.sst,0,180609405,171630,1265
543.97,compaction,1689,kCompaction,5,6,/home/wam/grad/s14-range-delete-study/scratch/longcycle_formal/db_LC20-R4-CLEAN/002638.sst,0,202918842,192826,0
545.00,compaction,1691,kCompaction,5,6,/home/wam/grad/s14-range-delete-study/scratch/longcycle_formal/db_LC20-R4-CLEAN/002647.sst,0,182521676,173439,1343
545.06,compaction,1690,kCompaction,5,6,/home/wam/grad/s14-range-delete-study/scratch/longcycle_formal/db_LC20-R4-CLEAN/002644.sst,0,248819560,236443,1555
546.73,compaction,1692,kCompaction,5,6,/home/wam/grad/s14-range-delete-study/scratch/longcycle_formal/db_LC20-R4-CLEAN/002653.sst,0,333811922,317212,4176
546.99,compaction,1693,kCompaction,5,6,/home/wam/grad/s14-range-delete-study/scratch/longcycle_formal/db_LC20-R4-CLEAN/002654.sst,0,324929722,308772,3531
550.85,compaction,1694,kCompaction,5,6,/home/wam/grad/s14-range-delete-study/scratch/longcycle_formal/db_LC20-R4-CLEAN/002665.sst,0,310488478,295049,7660
554.29,compaction,1696,kCompaction,5,6,/home/wam/grad/s14-range-delete-study/scratch/longcycle_formal/db_LC20-R4-CLEAN/002678.sst,0,192963589,183366,60352
554.34,compaction,1695,kCompaction,5,6,/home/wam/grad/s14-range-delete-study/scratch/longcycle_formal/db_LC20-R4-CLEAN/002666.sst,0,522789606,496795,12512
558.28,compaction,1697,kCompaction,5,6,/home/wam/grad/s14-range-delete-study/scratch/longcycle_formal/db_LC20-R4-CLEAN/002686.sst,0,338211905,321393,99230
558.86,compaction,1685,kCompaction,4,5,/home/wam/grad/s14-range-delete-study/scratch/longcycle_formal/db_LC20-R4-CLEAN/002628.sst,0,2347649166,2230921,51834
560.13,compaction,1698,kCompaction,5,6,/home/wam/grad/s14-range-delete-study/scratch/longcycle_formal/db_LC20-R4-CLEAN/002688.sst,0,564264295,536208,12734
563.31,compaction,1699,kCompaction,5,6,/home/wam/grad/s14-range-delete-study/scratch/longcycle_formal/db_LC20-R4-CLEAN/002703.sst,0,597798839,568074,10426
564.95,compaction,1702,kCompaction,5,6,/home/wam/grad/s14-range-delete-study/scratch/longcycle_formal/db_LC20-R4-CLEAN/002730.sst,0,167628052,159291,30341
566.24,compaction,1703,kCompaction,5,6,/home/wam/grad/s14-range-delete-study/scratch/longcycle_formal/db_LC20-R4-CLEAN/002738.sst,0,135283461,128558,58242
567.27,compaction,1704,kCompaction,5,6,/home/wam/grad/s14-range-delete-study/scratch/longcycle_formal/db_LC20-R4-CLEAN/002744.sst,0,135283461,128558,58115
568.18,compaction,1705,kCompaction,5,6,/home/wam/grad/s14-range-delete-study/scratch/longcycle_formal/db_LC20-R4-CLEAN/002749.sst,0,135284887,128558,57854
573.17,compaction,1706,kCompaction,5,6,/home/wam/grad/s14-range-delete-study/scratch/longcycle_formal/db_LC20-R4-CLEAN/002755.sst,0,659300182,626520,16249
575.66,compaction,1700,kCompaction,0,4,/home/wam/grad/s14-range-delete-study/scratch/longcycle_formal/db_LC20-R4-CLEAN/002708.sst,0,2318299509,2202663,21578
575.85,compaction,1708,kCompaction,4,5,/home/wam/grad/s14-range-delete-study/scratch/longcycle_formal/db_LC20-R4-CLEAN/002708.sst,0,0,0,0
575.87,compaction,1709,kCompaction,4,5,/home/wam/grad/s14-range-delete-study/scratch/longcycle_formal/db_LC20-R4-CLEAN/002727.sst,0,0,0,0
575.89,compaction,1710,kCompaction,4,5,/home/wam/grad/s14-range-delete-study/scratch/longcycle_formal/db_LC20-R4-CLEAN/002736.sst,0,0,0,0
575.91,compaction,1711,kCompaction,4,5,/home/wam/grad/s14-range-delete-study/scratch/longcycle_formal/db_LC20-R4-CLEAN/002747.sst,0,0,0,0
575.94,compaction,1712,kCompaction,4,5,/home/wam/grad/s14-range-delete-study/scratch/longcycle_formal/db_LC20-R4-CLEAN/002760.sst,0,0,0,0
575.96,compaction,1713,kCompaction,4,5,/home/wam/grad/s14-range-delete-study/scratch/longcycle_formal/db_LC20-R4-CLEAN/002791.sst,0,0,0,0
576.24,compaction,1701,kCompaction,5,6,/home/wam/grad/s14-range-delete-study/scratch/longcycle_formal/db_LC20-R4-CLEAN/002712.sst,0,2075587762,1972393,0
577.64,compaction,1714,kCompaction,4,5,/home/wam/grad/s14-range-delete-study/scratch/longcycle_formal/db_LC20-R4-CLEAN/002796.sst,0,256012196,243266,586
577.68,compaction,1715,kCompaction,4,5,/home/wam/grad/s14-range-delete-study/scratch/longcycle_formal/db_LC20-R4-CLEAN/002800.sst,0,148624824,141209,0
578.15,compaction,1707,kCompaction,5,6,/home/wam/grad/s14-range-delete-study/scratch/longcycle_formal/db_LC20-R4-CLEAN/002782.sst,0,729778381,693497,15424
578.86,compaction,1717,kCompaction,4,5,/home/wam/grad/s14-range-delete-study/scratch/longcycle_formal/db_LC20-R4-CLEAN/002807.sst,0,174133251,165454,13126
579.37,compaction,1716,kCompaction,4,5,/home/wam/grad/s14-range-delete-study/scratch/longcycle_formal/db_LC20-R4-CLEAN/002806.sst,0,270234831,256798,998
580.21,compaction,1718,kCompaction,4,5,/home/wam/grad/s14-range-delete-study/scratch/longcycle_formal/db_LC20-R4-CLEAN/002813.sst,0,268245500,254895,2191
580.23,compaction,1719,kCompaction,4,5,/home/wam/grad/s14-range-delete-study/scratch/longcycle_formal/db_LC20-R4-CLEAN/002814.sst,0,146700015,139368,3614
581.14,compaction,1721,kCompaction,4,5,/home/wam/grad/s14-range-delete-study/scratch/longcycle_formal/db_LC20-R4-CLEAN/002820.sst,0,220069024,209107,13765
581.21,compaction,1722,kCompaction,4,5,/home/wam/grad/s14-range-delete-study/scratch/longcycle_formal/db_LC20-R4-CLEAN/002821.sst,0,138092218,131201,4057
581.87,compaction,1723,kCompaction,4,5,/home/wam/grad/s14-range-delete-study/scratch/longcycle_formal/db_LC20-R4-CLEAN/002828.sst,0,113917607,108228,4073
581.89,compaction,1720,kCompaction,4,5,/home/wam/grad/s14-range-delete-study/scratch/longcycle_formal/db_LC20-R4-CLEAN/002817.sst,0,301184260,286164,7908
582.62,compaction,1724,kCompaction,4,5,/home/wam/grad/s14-range-delete-study/scratch/longcycle_formal/db_LC20-R4-CLEAN/002829.sst,0,151041451,143512,8723
583.38,compaction,1726,kCompaction,5,6,/home/wam/grad/s14-range-delete-study/scratch/longcycle_formal/db_LC20-R4-CLEAN/002833.sst,0,169063714,160659,9554
583.54,compaction,1725,kCompaction,4,5,/home/wam/grad/s14-range-delete-study/scratch/longcycle_formal/db_LC20-R4-CLEAN/002832.sst,0,323053955,306953,21298
583.56,compaction,1727,kCompaction,5,6,/home/wam/grad/s14-range-delete-study/scratch/longcycle_formal/db_LC20-R4-CLEAN/002838.sst,0,114862429,109154,4610
584.26,compaction,1729,kCompaction,5,6,/home/wam/grad/s14-range-delete-study/scratch/longcycle_formal/db_LC20-R4-CLEAN/002843.sst,0,152289458,144717,1466
584.57,compaction,1728,kCompaction,5,6,/home/wam/grad/s14-range-delete-study/scratch/longcycle_formal/db_LC20-R4-CLEAN/002842.sst,0,158165146,150301,68
585.59,compaction,1730,kCompaction,5,6,/home/wam/grad/s14-range-delete-study/scratch/longcycle_formal/db_LC20-R4-CLEAN/002844.sst,0,266566927,253316,1600
585.60,compaction,1731,kCompaction,5,6,/home/wam/grad/s14-range-delete-study/scratch/longcycle_formal/db_LC20-R4-CLEAN/002850.sst,0,246503971,234249,8585
586.54,compaction,1732,kCompaction,5,6,/home/wam/grad/s14-range-delete-study/scratch/longcycle_formal/db_LC20-R4-CLEAN/002853.sst,0,270015904,256591,678
586.59,compaction,1733,kCompaction,5,6,/home/wam/grad/s14-range-delete-study/scratch/longcycle_formal/db_LC20-R4-CLEAN/002859.sst,0,135284886,128558,58504
588.56,compaction,1734,kCompaction,5,6,/home/wam/grad/s14-range-delete-study/scratch/longcycle_formal/db_LC20-R4-CLEAN/002860.sst,0,466054828,442886,7060
588.57,compaction,1736,kCompaction,5,6,/home/wam/grad/s14-range-delete-study/scratch/longcycle_formal/db_LC20-R4-CLEAN/002866.sst,0,270568344,257116,62492
588.78,compaction,1735,kCompaction,5,6,/home/wam/grad/s14-range-delete-study/scratch/longcycle_formal/db_LC20-R4-CLEAN/002865.sst,0,307998573,292683,66222
589.99,compaction,1739,kCompaction,4,5,/home/wam/grad/s14-range-delete-study/scratch/longcycle_formal/db_LC20-R4-CLEAN/002881.sst,0,178228901,169354,11806
590.36,compaction,1737,kCompaction,5,6,/home/wam/grad/s14-range-delete-study/scratch/longcycle_formal/db_LC20-R4-CLEAN/002878.sst,0,282857728,268793,58323
590.64,compaction,1738,kCompaction,5,6,/home/wam/grad/s14-range-delete-study/scratch/longcycle_formal/db_LC20-R4-CLEAN/002879.sst,0,338211906,321393,69505
590.66,compaction,1740,kCompaction,5,6,/home/wam/grad/s14-range-delete-study/scratch/longcycle_formal/db_LC20-R4-CLEAN/002888.sst,0,110601304,105098,0
592.57,compaction,1741,kCompaction,5,6,/home/wam/grad/s14-range-delete-study/scratch/longcycle_formal/db_LC20-R4-CLEAN/002891.sst,0,338211901,321393,68833
594.46,compaction,1744,kCompaction,5,6,/home/wam/grad/s14-range-delete-study/scratch/longcycle_formal/db_LC20-R4-CLEAN/002906.sst,0,351376616,333903,67919
595.25,compaction,1742,kCompaction,5,6,/home/wam/grad/s14-range-delete-study/scratch/longcycle_formal/db_LC20-R4-CLEAN/002893.sst,0,742467689,705552,11798
595.64,compaction,1743,kCompaction,5,6,/home/wam/grad/s14-range-delete-study/scratch/longcycle_formal/db_LC20-R4-CLEAN/002894.sst,0,752021385,714634,28205
597.31,compaction,1745,kCompaction,5,6,/home/wam/grad/s14-range-delete-study/scratch/longcycle_formal/db_LC20-R4-CLEAN/002926.sst,0,338211905,321393,65223
