elapsed_sec,event_type,job_id,reason,input_level,output_level,sst_path,num_range_deletions,data_size,num_entries,dropped_records
0.44,flush,2,Write Buffer Full,-1,0,/home/wam/grad/s14-range-delete-study/scratch/longcycle_formal/db_LC20-R2-CLEAN/000009.sst,0,56750421,54355,0
0.70,flush,3,Write Buffer Full,-1,0,/home/wam/grad/s14-range-delete-study/scratch/longcycle_formal/db_LC20-R2-CLEAN/000011.sst,0,61887140,59272,0
0.98,flush,4,Write Buffer Full,-1,0,/home/wam/grad/s14-range-delete-study/scratch/longcycle_formal/db_LC20-R2-CLEAN/000013.sst,0,63043013,60377,0
1.23,flush,5,Write Buffer Full,-1,0,/home/wam/grad/s14-range-delete-study/scratch/longcycle_formal/db_LC20-R2-CLEAN/000015.sst,0,63661222,60969,0
1.50,flush,7,Write Buffer Full,-1,0,/home/wam/grad/s14-range-delete-study/scratch/longcycle_formal/db_LC20-R2-CLEAN/000018.sst,0,63223771,60549,0
1.79,flush,8,Write Buffer Full,-1,0,/home/wam/grad/s14-range-delete-study/scratch/longcycle_formal/db_LC20-R2-CLEAN/000021.sst,0,63756884,61059,0
1.97,compaction,6,kCompaction,0,6,/home/wam/grad/s14-range-delete-study/scratch/longcycle_formal/db_LC20-R2-CLEAN/000016.sst,0,228869904,217496,17477
2.07,flush,9,Write Buffer Full,-1,0,/home/wam/grad/s14-range-delete-study/scratch/longcycle_formal/db_LC20-R2-CLEAN/000025.sst,0,61452048,58852,0
2.35,flush,10,Write Buffer Full,-1,0,/home/wam/grad/s14-range-delete-study/scratch/longcycle_formal/db_LC20-R2-CLEAN/000027.sst,0,64238976,61521,0
2.71,flush,12,Write Buffer Full,-1,0,/home/wam/grad/s14-range-delete-study/scratch/longcycle_formal/db_LC20-R2-CLEAN/000030.sst,0,63636339,60944,0
3.03,flush,13,Write Buffer Full,-1,0,/home/wam/grad/s14-range-delete-study/scratch/longcycle_formal/db_LC20-R2-CLEAN/000033.sst,0,64224001,61505,0
3.38,flush,14,Write Buffer Full,-1,0,/home/wam/grad/s14-range-delete-study/scratch/longcycle_formal/db_LC20-R2-CLEAN/000037.sst,0,64447427,61719,0
3.72,flush,15,Write Buffer Full,-1,0,/home/wam/grad/s14-range-delete-study/scratch/longcycle_formal/db_LC20-R2-CLEAN/000040.sst,0,63406831,60722,0
3.98,compaction,11,kCompaction,0,6,/home/wam/grad/s14-range-delete-study/scratch/longcycle_formal/db_LC20-R2-CLEAN/000028.sst,0,454348530,431761,27716
4.06,flush,17,Write Buffer Full,-1,0,/home/wam/grad/s14-range-delete-study/scratch/longcycle_formal/db_LC20-R2-CLEAN/000045.sst,0,63878835,61174,0
4.40,flush,18,Write Buffer Full,-1,0,/home/wam/grad/s14-range-delete-study/scratch/longcycle_formal/db_LC20-R2-CLEAN/000047.sst,0,63674217,60978,0
4.56,compaction,16,kCompaction,0,0,/home/wam/grad/s14-range-delete-study/scratch/longcycle_formal/db_LC20-R2-CLEAN/000042.sst,0,252385517,239828,5062
4.72,flush,20,Write Buffer Full,-1,0,/home/wam/grad/s14-range-delete-study/scratch/longcycle_formal/db_LC20-R2-CLEAN/000050.sst,0,64243377,61523,0
5.13,flush,21,Write Buffer Full,-1,0,/home/wam/grad/s14-range-delete-study/scratch/longcycle_formal/db_LC20-R2-CLEAN/000054.sst,0,64592287,61856,0
5.45,flush,22,Write Buffer Full,-1,0,/home/wam/grad/s14-range-delete-study/scratch/longcycle_formal/db_LC20-R2-CLEAN/000058.sst,0,64121878,61406,0
5.77,flush,23,Write Buffer Full,-1,0,/home/wam/grad/s14-range-delete-study/scratch/longcycle_formal/db_LC20-R2-CLEAN/000061.sst,0,63354264,60670,0
5.80,compaction,19,kCompaction,0,5,/home/wam/grad/s14-range-delete-study/scratch/longcycle_formal/db_LC20-R2-CLEAN/000048.sst,0,374513513,355878,6102
6.10,compaction,26,kCompaction,5,6,/home/wam/grad/s14-range-delete-study/scratch/longcycle_formal/db_LC20-R2-CLEAN/000065.sst,0,89204112,84770,3318
6.12,flush,27,Write Buffer Full,-1,0,/home/wam/grad/s14-range-delete-study/scratch/longcycle_formal/db_LC20-R2-CLEAN/000067.sst,0,64584866,61849,0
6.31,compaction,25,kCompaction,5,6,/home/wam/grad/s14-range-delete-study/scratch/longcycle_formal/db_LC20-R2-CLEAN/000064.sst,0,152250245,144683,4832
6.51,flush,28,Write Buffer Full,-1,0,/home/wam/grad/s14-range-delete-study/scratch/longcycle_formal/db_LC20-R2-CLEAN/000072.sst,0,64514091,61781,0
6.53,compaction,24,kCompaction,0,0,/home/wam/grad/s14-range-delete-study/scratch/longcycle_formal/db_LC20-R2-CLEAN/000063.sst,0,254899559,242219,3236
6.78,flush,30,Write Buffer Full,-1,0,/home/wam/grad/s14-range-delete-study/scratch/longcycle_formal/db_LC20-R2-CLEAN/000075.sst,0,64334142,61609,0
7.12,flush,31,Write Buffer Full,-1,0,/home/wam/grad/s14-range-delete-study/scratch/longcycle_formal/db_LC20-R2-CLEAN/000078.sst,0,63737790,61037,0
7.51,flush,32,Write Buffer Full,-1,0,/home/wam/grad/s14-range-delete-study/scratch/longcycle_formal/db_LC20-R2-CLEAN/000081.sst,0,64560893,61825,0
7.97,flush,33,Write Buffer Full,-1,0,/home/wam/grad/s14-range-delete-study/scratch/longcycle_formal/db_LC20-R2-CLEAN/000085.sst,0,62884628,60221,0
8.37,compaction,29,kCompaction,0,5,/home/wam/grad/s14-range-delete-study/scratch/longcycle_formal/db_LC20-R2-CLEAN/000073.sst,0,608903025,578618,15870
8.49,flush,35,Write Buffer Full,-1,0,/home/wam/grad/s14-range-delete-study/scratch/longcycle_formal/db_LC20-R2-CLEAN/000091.sst,0,64722471,61979,0
8.81,compaction,34,kCompaction,0,0,/home/wam/grad/s14-range-delete-study/scratch/longcycle_formal/db_LC20-R2-CLEAN/000087.sst,0,254965251,242274,2418
8.87,compaction,36,kCompaction,5,6,/home/wam/grad/s14-range-delete-study/scratch/longcycle_formal/db_LC20-R2-CLEAN/000092.sst,0,155488158,147757,7935
8.94,flush,38,Write Buffer Full,-1,0,/home/wam/grad/s14-range-delete-study/scratch/longcycle_formal/db_LC20-R2-CLEAN/000097.sst,0,64450183,61719,0
8.99,compaction,37,kCompaction,5,6,/home/wam/grad/s14-range-delete-study/scratch/longcycle_formal/db_LC20-R2-CLEAN/000093.sst,0,155041865,147330,7791
9.29,flush,42,Write Buffer Full,-1,0,/home/wam/grad/s14-range-delete-study/scratch/longcycle_formal/db_LC20-R2-CLEAN/000102.sst,0,63830796,61126,0
9.64,flush,43,Write Buffer Full,-1,0,/home/wam/grad/s14-range-delete-study/scratch/longcycle_formal/db_LC20-R2-CLEAN/000105.sst,0,64095356,61379,0
10.00,flush,44,Write Buffer Full,-1,0,/home/wam/grad/s14-range-delete-study/scratch/longcycle_formal/db_LC20-R2-CLEAN/000108.sst,0,63797587,61094,0
10.37,flush,45,Write Buffer Full,-1,0,/home/wam/grad/s14-range-delete-study/scratch/longcycle_formal/db_LC20-R2-CLEAN/000111.sst,0,64063474,61349,0
10.71,flush,47,Write Buffer Full,-1,0,/home/wam/grad/s14-range-delete-study/scratch/longcycle_formal/db_LC20-R2-CLEAN/000115.sst,0,64319534,61594,0
11.17,flush,48,Write Buffer Full,-1,0,/home/wam/grad/s14-range-delete-study/scratch/longcycle_formal/db_LC20-R2-CLEAN/000118.sst,0,64759257,62015,0
11.20,compaction,46,kCompaction,0,0,/home/wam/grad/s14-range-delete-study/scratch/longcycle_formal/db_LC20-R2-CLEAN/000112.sst,0,255782117,243057,1891
11.36,compaction,41,kCompaction,0,5,/home/wam/grad/s14-range-delete-study/scratch/longcycle_formal/db_LC20-R2-CLEAN/000100.sst,0,782939559,744003,18332
11.47,flush,51,Write Buffer Full,-1,0,/home/wam/grad/s14-range-delete-study/scratch/longcycle_formal/db_LC20-R2-CLEAN/000121.sst,0,64754388,62009,0
11.82,flush,55,Write Buffer Full,-1,0,/home/wam/grad/s14-range-delete-study/scratch/longcycle_formal/db_LC20-R2-CLEAN/000125.sst,0,64508311,61774,0
12.03,compaction,52,kCompaction,5,6,/home/wam/grad/s14-range-delete-study/scratch/longcycle_formal/db_LC20-R2-CLEAN/000122.sst,0,195943902,186202,6632
12.15,flush,59,Write Buffer Full,-1,0,/home/wam/grad/s14-range-delete-study/scratch/longcycle_formal/db_LC20-R2-CLEAN/000128.sst,0,63721857,61021,0
12.44,flush,61,Write Buffer Full,-1,0,/home/wam/grad/s14-range-delete-study/scratch/longcycle_formal/db_LC20-R2-CLEAN/000131.sst,0,64183427,61463,0
12.81,flush,62,Write Buffer Full,-1,0,/home/wam/grad/s14-range-delete-study/scratch/longcycle_formal/db_LC20-R2-CLEAN/000134.sst,0,64562965,61826,0
13.14,flush,63,Write Buffer Full,-1,0,/home/wam/grad/s14-range-delete-study/scratch/longcycle_formal/db_LC20-R2-CLEAN/000138.sst,0,63559846,60866,0
13.44,flush,65,Write Buffer Full,-1,0,/home/wam/grad/s14-range-delete-study/scratch/longcycle_formal/db_LC20-R2-CLEAN/000142.sst,0,64392311,61662,0
13.76,flush,66,Write Buffer Full,-1,0,/home/wam/grad/s14-range-delete-study/scratch/longcycle_formal/db_LC20-R2-CLEAN/000145.sst,0,64551832,61815,0
13.95,compaction,64,kCompaction,0,0,/home/wam/grad/s14-range-delete-study/scratch/longcycle_formal/db_LC20-R2-CLEAN/000140.sst,0,256507435,243736,1440
14.10,flush,68,Write Buffer Full,-1,0,/home/wam/grad/s14-range-delete-study/scratch/longcycle_formal/db_LC20-R2-CLEAN/000148.sst,0,64803793,62057,0
14.51,flush,71,Write Buffer Full,-1,0,/home/wam/grad/s14-range-delete-study/scratch/longcycle_formal/db_LC20-R2-CLEAN/000151.sst,0,64404281,61675,0
14.86,flush,74,Write Buffer Full,-1,0,/home/wam/grad/s14-range-delete-study/scratch/longcycle_formal/db_LC20-R2-CLEAN/000155.sst,0,64700720,61958,0
15.18,flush,76,Write Buffer Full,-1,0,/home/wam/grad/s14-range-delete-study/scratch/longcycle_formal/db_LC20-R2-CLEAN/000158.sst,0,64335912,61608,0
15.42,compaction,73,kCompaction,0,0,/home/wam/grad/s14-range-delete-study/scratch/longcycle_formal/db_LC20-R2-CLEAN/000152.sst,0,258715454,245841,1368
15.54,flush,80,Write Buffer Full,-1,0,/home/wam/grad/s14-range-delete-study/scratch/longcycle_formal/db_LC20-R2-CLEAN/000160.sst,0,64680133,61938,0
15.64,compaction,60,kCompaction,0,5,/home/wam/grad/s14-range-delete-study/scratch/longcycle_formal/db_LC20-R2-CLEAN/000129.sst,0,1132385682,1076064,29831
15.90,flush,84,Write Buffer Full,-1,0,/home/wam/grad/s14-range-delete-study/scratch/longcycle_formal/db_LC20-R2-CLEAN/000164.sst,0,64609507,61871,0
16.25,flush,85,Write Buffer Full,-1,0,/home/wam/grad/s14-range-delete-study/scratch/longcycle_formal/db_LC20-R2-CLEAN/000167.sst,0,64473085,61739,0
16.56,flush,86,Write Buffer Full,-1,0,/home/wam/grad/s14-range-delete-study/scratch/longcycle_formal/db_LC20-R2-CLEAN/000170.sst,0,64345138,61617,0
16.89,flush,87,Write Buffer Full,-1,0,/home/wam/grad/s14-range-delete-study/scratch/longcycle_formal/db_LC20-R2-CLEAN/000173.sst,0,64314525,61588,0
17.22,flush,89,Write Buffer Full,-1,0,/home/wam/grad/s14-range-delete-study/scratch/longcycle_formal/db_LC20-R2-CLEAN/000177.sst,0,64689790,61947,0
17.55,flush,90,Write Buffer Full,-1,0,/home/wam/grad/s14-range-delete-study/scratch/longcycle_formal/db_LC20-R2-CLEAN/000179.sst,0,63009560,60339,0
17.66,compaction,88,kCompaction,0,0,/home/wam/grad/s14-range-delete-study/scratch/longcycle_formal/db_LC20-R2-CLEAN/000174.sst,0,258548784,245682,1133
17.92,flush,93,Write Buffer Full,-1,0,/home/wam/grad/s14-range-delete-study/scratch/longcycle_formal/db_LC20-R2-CLEAN/000182.sst,0,64880877,62130,0
18.26,flush,96,Write Buffer Full,-1,0,/home/wam/grad/s14-range-delete-study/scratch/longcycle_formal/db_LC20-R2-CLEAN/000185.sst,0,64605369,61866,0
18.57,flush,98,Write Buffer Full,-1,0,/home/wam/grad/s14-range-delete-study/scratch/longcycle_formal/db_LC20-R2-CLEAN/000189.sst,0,62074660,59442,0
18.94,flush,100,Write Buffer Full,-1,0,/home/wam/grad/s14-range-delete-study/scratch/longcycle_formal/db_LC20-R2-CLEAN/000192.sst,0,64717692,61973,0
19.15,compaction,97,kCompaction,0,0,/home/wam/grad/s14-range-delete-study/scratch/longcycle_formal/db_LC20-R2-CLEAN/000186.sst,0,258100124,245247,1035
19.28,flush,105,Write Buffer Full,-1,0,/home/wam/grad/s14-range-delete-study/scratch/longcycle_formal/db_LC20-R2-CLEAN/000195.sst,0,64251950,61527,0
19.60,flush,107,Write Buffer Full,-1,0,/home/wam/grad/s14-range-delete-study/scratch/longcycle_formal/db_LC20-R2-CLEAN/000198.sst,0,63450870,60760,0
19.93,flush,111,Write Buffer Full,-1,0,/home/wam/grad/s14-range-delete-study/scratch/longcycle_formal/db_LC20-R2-CLEAN/000202.sst,0,64625321,61886,0
20.25,flush,114,Write Buffer Full,-1,0,/home/wam/grad/s14-range-delete-study/scratch/longcycle_formal/db_LC20-R2-CLEAN/000205.sst,0,64334894,61606,0
20.49,compaction,109,kCompaction,0,0,/home/wam/grad/s14-range-delete-study/scratch/longcycle_formal/db_LC20-R2-CLEAN/000199.sst,0,255486447,242768,934
20.59,flush,119,Write Buffer Full,-1,0,/home/wam/grad/s14-range-delete-study/scratch/longcycle_formal/db_LC20-R2-CLEAN/000208.sst,0,64711492,61968,0
20.92,flush,122,Write Buffer Full,-1,0,/home/wam/grad/s14-range-delete-study/scratch/longcycle_formal/db_LC20-R2-CLEAN/000211.sst,0,63871601,61163,0
21.07,compaction,83,kCompaction,0,5,/home/wam/grad/s14-range-delete-study/scratch/longcycle_formal/db_LC20-R2-CLEAN/000162.sst,0,1787493099,1698613,52532
21.07,compaction,125,kCompaction,5,6,/home/wam/grad/s14-range-delete-study/scratch/longcycle_formal/db_LC20-R2-CLEAN/000209.sst,0,0,0,0
21.26,flush,127,Write Buffer Full,-1,0,/home/wam/grad/s14-range-delete-study/scratch/longcycle_formal/db_LC20-R2-CLEAN/000215.sst,0,64355606,61626,0
21.47,compaction,128,kCompaction,5,6,/home/wam/grad/s14-range-delete-study/scratch/longcycle_formal/db_LC20-R2-CLEAN/000216.sst,0,79280188,75340,1507
21.48,compaction,126,kCompaction,5,6,/home/wam/grad/s14-range-delete-study/scratch/longcycle_formal/db_LC20-R2-CLEAN/000213.sst,0,116811199,111004,1345
21.61,flush,132,Write Buffer Full,-1,0,/home/wam/grad/s14-range-delete-study/scratch/longcycle_formal/db_LC20-R2-CLEAN/000221.sst,0,63833006,61126,0
21.85,compaction,123,kCompaction,0,0,/home/wam/grad/s14-range-delete-study/scratch/longcycle_formal/db_LC20-R2-CLEAN/000212.sst,0,258578807,245701,922
21.92,flush,135,Write Buffer Full,-1,0,/home/wam/grad/s14-range-delete-study/scratch/longcycle_formal/db_LC20-R2-CLEAN/000224.sst,0,63962551,61250,0
22.27,flush,139,Write Buffer Full,-1,0,/home/wam/grad/s14-range-delete-study/scratch/longcycle_formal/db_LC20-R2-CLEAN/000228.sst,0,64708059,61963,0
22.45,compaction,129,kCompaction,5,6,/home/wam/grad/s14-range-delete-study/scratch/longcycle_formal/db_LC20-R2-CLEAN/000219.sst,0,320214964,304297,13227
22.60,flush,144,Write Buffer Full,-1,0,/home/wam/grad/s14-range-delete-study/scratch/longcycle_formal/db_LC20-R2-CLEAN/000232.sst,0,64854613,62104,0
22.97,flush,146,Write Buffer Full,-1,0,/home/wam/grad/s14-range-delete-study/scratch/longcycle_formal/db_LC20-R2-CLEAN/000234.sst,0,64380928,61650,0
23.11,compaction,140,kCompaction,0,0,/home/wam/grad/s14-range-delete-study/scratch/longcycle_formal/db_LC20-R2-CLEAN/000229.sst,0,257958343,245114,851
23.31,flush,150,Write Buffer Full,-1,0,/home/wam/grad/s14-range-delete-study/scratch/longcycle_formal/db_LC20-R2-CLEAN/000237.sst,0,64739732,61994,0
23.68,flush,151,Write Buffer Full,-1,0,/home/wam/grad/s14-range-delete-study/scratch/longcycle_formal/db_LC20-R2-CLEAN/000240.sst,0,63730651,61028,0
24.03,flush,152,Write Buffer Full,-1,0,/home/wam/grad/s14-range-delete-study/scratch/longcycle_formal/db_LC20-R2-CLEAN/000242.sst,0,64385179,61655,0
24.39,flush,153,Write Buffer Full,-1,0,/home/wam/grad/s14-range-delete-study/scratch/longcycle_formal/db_LC20-R2-CLEAN/000245.sst,0,64779374,62032,0
24.72,flush,155,Write Buffer Full,-1,0,/home/wam/grad/s14-range-delete-study/scratch/longcycle_formal/db_LC20-R2-CLEAN/000250.sst,0,64249669,61525,0
25.07,flush,156,Write Buffer Full,-1,0,/home/wam/grad/s14-range-delete-study/scratch/longcycle_formal/db_LC20-R2-CLEAN/000252.sst,0,63341555,60655,0
25.31,compaction,154,kCompaction,0,0,/home/wam/grad/s14-range-delete-study/scratch/longcycle_formal/db_LC20-R2-CLEAN/000247.sst,0,258829891,245941,768
25.46,flush,159,Write Buffer Full,-1,0,/home/wam/grad/s14-range-delete-study/scratch/longcycle_formal/db_LC20-R2-CLEAN/000255.sst,0,64147882,61427,0
25.82,flush,162,Write Buffer Full,-1,0,/home/wam/grad/s14-range-delete-study/scratch/longcycle_formal/db_LC20-R2-CLEAN/000259.sst,0,64835000,62085,0
26.14,flush,164,Write Buffer Full,-1,0,/home/wam/grad/s14-range-delete-study/scratch/longcycle_formal/db_LC20-R2-CLEAN/000263.sst,0,64309742,61582,0
26.50,flush,167,Write Buffer Full,-1,0,/home/wam/grad/s14-range-delete-study/scratch/longcycle_formal/db_LC20-R2-CLEAN/000266.sst,0,64646705,61904,0
26.70,compaction,163,kCompaction,0,0,/home/wam/grad/s14-range-delete-study/scratch/longcycle_formal/db_LC20-R2-CLEAN/000260.sst,0,257786168,244956,736
26.90,flush,171,Write Buffer Full,-1,0,/home/wam/grad/s14-range-delete-study/scratch/longcycle_formal/db_LC20-R2-CLEAN/000268.sst,0,64821301,62072,0
27.25,flush,174,Write Buffer Full,-1,0,/home/wam/grad/s14-range-delete-study/scratch/longcycle_formal/db_LC20-R2-CLEAN/000271.sst,0,62968924,60297,0
27.65,flush,178,Write Buffer Full,-1,0,/home/wam/grad/s14-range-delete-study/scratch/longcycle_formal/db_LC20-R2-CLEAN/000275.sst,0,64341464,61612,0
28.01,flush,181,Write Buffer Full,-1,0,/home/wam/grad/s14-range-delete-study/scratch/longcycle_formal/db_LC20-R2-CLEAN/000278.sst,0,63458883,60766,0
28.21,compaction,175,kCompaction,0,0,/home/wam/grad/s14-range-delete-study/scratch/longcycle_formal/db_LC20-R2-CLEAN/000273.sst,0,258016833,245168,687
28.37,flush,185,Write Buffer Full,-1,0,/home/wam/grad/s14-range-delete-study/scratch/longcycle_formal/db_LC20-R2-CLEAN/000281.sst,0,64736232,61990,0
28.73,flush,188,Write Buffer Full,-1,0,/home/wam/grad/s14-range-delete-study/scratch/longcycle_formal/db_LC20-R2-CLEAN/000284.sst,0,64643592,61902,0
29.10,flush,192,Write Buffer Full,-1,0,/home/wam/grad/s14-range-delete-study/scratch/longcycle_formal/db_LC20-R2-CLEAN/000288.sst,0,64816432,62068,0
29.47,flush,195,Write Buffer Full,-1,0,/home/wam/grad/s14-range-delete-study/scratch/longcycle_formal/db_LC20-R2-CLEAN/000291.sst,0,64361398,61631,0
29.68,compaction,189,kCompaction,0,0,/home/wam/grad/s14-range-delete-study/scratch/longcycle_formal/db_LC20-R2-CLEAN/000285.sst,0,258461539,245590,680
29.84,flush,199,Write Buffer Full,-1,0,/home/wam/grad/s14-range-delete-study/scratch/longcycle_formal/db_LC20-R2-CLEAN/000294.sst,0,63529158,60834,0
30.20,flush,202,Write Buffer Full,-1,0,/home/wam/grad/s14-range-delete-study/scratch/longcycle_formal/db_LC20-R2-CLEAN/000296.sst,0,63984412,61269,0
30.57,flush,206,Write Buffer Full,-1,0,/home/wam/grad/s14-range-delete-study/scratch/longcycle_formal/db_LC20-R2-CLEAN/000300.sst,0,64730631,61985,0
30.94,flush,209,Write Buffer Full,-1,0,/home/wam/grad/s14-range-delete-study/scratch/longcycle_formal/db_LC20-R2-CLEAN/000303.sst,0,64861830,62110,0
31.12,compaction,203,kCompaction,0,0,/home/wam/grad/s14-range-delete-study/scratch/longcycle_formal/db_LC20-R2-CLEAN/000298.sst,0,258008060,245156,646
31.15,compaction,149,kCompaction,0,5,/home/wam/grad/s14-range-delete-study/scratch/longcycle_formal/db_LC20-R2-CLEAN/000235.sst,0,2580464214,2452143,96980
31.32,flush,213,Write Buffer Full,-1,0,/home/wam/grad/s14-range-delete-study/scratch/longcycle_formal/db_LC20-R2-CLEAN/000307.sst,0,64317502,61589,0
31.68,flush,214,Write Buffer Full,-1,0,/home/wam/grad/s14-range-delete-study/scratch/longcycle_formal/db_LC20-R2-CLEAN/000309.sst,0,64868194,62117,0
32.01,flush,215,Write Buffer Full,-1,0,/home/wam/grad/s14-range-delete-study/scratch/longcycle_formal/db_LC20-R2-CLEAN/000312.sst,0,63564375,60868,0
32.34,flush,216,Write Buffer Full,-1,0,/home/wam/grad/s14-range-delete-study/scratch/longcycle_formal/db_LC20-R2-CLEAN/000315.sst,0,64793396,62044,0
32.66,flush,218,Write Buffer Full,-1,0,/home/wam/grad/s14-range-delete-study/scratch/longcycle_formal/db_LC20-R2-CLEAN/000319.sst,0,64507199,61770,0
32.99,flush,219,Write Buffer Full,-1,0,/home/wam/grad/s14-range-delete-study/scratch/longcycle_formal/db_LC20-R2-CLEAN/000322.sst,0,64439355,61705,0
33.20,compaction,217,kCompaction,0,0,/home/wam/grad/s14-range-delete-study/scratch/longcycle_formal/db_LC20-R2-CLEAN/000316.sst,0,258946118,246055,563
33.35,flush,221,Write Buffer Full,-1,0,/home/wam/grad/s14-range-delete-study/scratch/longcycle_formal/db_LC20-R2-CLEAN/000325.sst,0,64497171,61760,0
33.68,flush,224,Write Buffer Full,-1,0,/home/wam/grad/s14-range-delete-study/scratch/longcycle_formal/db_LC20-R2-CLEAN/000329.sst,0,64725904,61980,0
34.01,flush,227,Write Buffer Full,-1,0,/home/wam/grad/s14-range-delete-study/scratch/longcycle_formal/db_LC20-R2-CLEAN/000332.sst,0,63975640,61261,0
34.33,flush,230,Write Buffer Full,-1,0,/home/wam/grad/s14-range-delete-study/scratch/longcycle_formal/db_LC20-R2-CLEAN/000335.sst,0,64451112,61717,0
34.52,compaction,226,kCompaction,0,0,/home/wam/grad/s14-range-delete-study/scratch/longcycle_formal/db_LC20-R2-CLEAN/000330.sst,0,259585034,246656,559
34.65,flush,234,Write Buffer Full,-1,0,/home/wam/grad/s14-range-delete-study/scratch/longcycle_formal/db_LC20-R2-CLEAN/000338.sst,0,64820865,62070,0
34.96,flush,237,Write Buffer Full,-1,0,/home/wam/grad/s14-range-delete-study/scratch/longcycle_formal/db_LC20-R2-CLEAN/000341.sst,0,64598542,61858,0
35.25,flush,241,Write Buffer Full,-1,0,/home/wam/grad/s14-range-delete-study/scratch/longcycle_formal/db_LC20-R2-CLEAN/000345.sst,0,63739020,61035,0
35.56,flush,244,Write Buffer Full,-1,0,/home/wam/grad/s14-range-delete-study/scratch/longcycle_formal/db_LC20-R2-CLEAN/000348.sst,0,64700635,61955,0
35.92,flush,247,Write Buffer Full,-1,0,/home/wam/grad/s14-range-delete-study/scratch/longcycle_formal/db_LC20-R2-CLEAN/000351.sst,0,64853175,62101,0
35.97,compaction,238,kCompaction,0,0,/home/wam/grad/s14-range-delete-study/scratch/longcycle_formal/db_LC20-R2-CLEAN/000342.sst,0,259297762,246380,526
36.24,flush,251,Write Buffer Full,-1,0,/home/wam/grad/s14-range-delete-study/scratch/longcycle_formal/db_LC20-R2-CLEAN/000353.sst,0,64727584,61980,0
36.58,flush,255,Write Buffer Full,-1,0,/home/wam/grad/s14-range-delete-study/scratch/longcycle_formal/db_LC20-R2-CLEAN/000357.sst,0,64883700,62131,0
36.91,flush,258,Write Buffer Full,-1,0,/home/wam/grad/s14-range-delete-study/scratch/longcycle_formal/db_LC20-R2-CLEAN/000361.sst,0,64616490,61875,0
37.01,compaction,252,kCompaction,0,0,/home/wam/grad/s14-range-delete-study/scratch/longcycle_formal/db_LC20-R2-CLEAN/000355.sst,0,259448929,246530,541
37.23,flush,262,Write Buffer Full,-1,0,/home/wam/grad/s14-range-delete-study/scratch/longcycle_formal/db_LC20-R2-CLEAN/000363.sst,0,64781003,62032,0
37.53,flush,265,Write Buffer Full,-1,0,/home/wam/grad/s14-range-delete-study/scratch/longcycle_formal/db_LC20-R2-CLEAN/000366.sst,0,62620421,59963,0
37.84,flush,269,Write Buffer Full,-1,0,/home/wam/grad/s14-range-delete-study/scratch/longcycle_formal/db_LC20-R2-CLEAN/000370.sst,0,64589395,61849,0
38.16,flush,272,Write Buffer Full,-1,0,/home/wam/grad/s14-range-delete-study/scratch/longcycle_formal/db_LC20-R2-CLEAN/000373.sst,0,64405851,61674,0
38.30,compaction,266,kCompaction,0,0,/home/wam/grad/s14-range-delete-study/scratch/longcycle_formal/db_LC20-R2-CLEAN/000368.sst,0,258373882,245504,497
38.49,flush,276,Write Buffer Full,-1,0,/home/wam/grad/s14-range-delete-study/scratch/longcycle_formal/db_LC20-R2-CLEAN/000376.sst,0,64733838,61987,0
38.80,flush,279,Write Buffer Full,-1,0,/home/wam/grad/s14-range-delete-study/scratch/longcycle_formal/db_LC20-R2-CLEAN/000379.sst,0,64733856,61987,0
39.14,flush,282,Write Buffer Full,-1,0,/home/wam/grad/s14-range-delete-study/scratch/longcycle_formal/db_LC20-R2-CLEAN/000383.sst,0,64379377,61648,0
39.50,flush,285,Write Buffer Full,-1,0,/home/wam/grad/s14-range-delete-study/scratch/longcycle_formal/db_LC20-R2-CLEAN/000385.sst,0,64659065,61915,0
39.65,compaction,280,kCompaction,0,0,/home/wam/grad/s14-range-delete-study/scratch/longcycle_formal/db_LC20-R2-CLEAN/000380.sst,0,259958339,247007,490
39.85,flush,289,Write Buffer Full,-1,0,/home/wam/grad/s14-range-delete-study/scratch/longcycle_formal/db_LC20-R2-CLEAN/000388.sst,0,64776016,62027,0
40.25,flush,292,Write Buffer Full,-1,0,/home/wam/grad/s14-range-delete-study/scratch/longcycle_formal/db_LC20-R2-CLEAN/000391.sst,0,64174400,61451,0
40.70,flush,296,Write Buffer Full,-1,0,/home/wam/grad/s14-range-delete-study/scratch/longcycle_formal/db_LC20-R2-CLEAN/000396.sst,0,64391902,61660,0
40.98,compaction,294,kCompaction,0,0,/home/wam/grad/s14-range-delete-study/scratch/longcycle_formal/db_LC20-R2-CLEAN/000393.sst,0,259473141,246554,487
41.61,flush,300,Write Buffer Full,-1,0,/home/wam/grad/s14-range-delete-study/scratch/longcycle_formal/db_LC20-R2-CLEAN/000401.sst,0,60983184,58390,0
42.20,flush,303,Write Buffer Full,-1,0,/home/wam/grad/s14-range-delete-study/scratch/longcycle_formal/db_LC20-R2-CLEAN/000405.sst,0,63447482,60742,0
42.66,compaction,212,kCompaction,0,5,/home/wam/grad/s14-range-delete-study/scratch/longcycle_formal/db_LC20-R2-CLEAN/000305.sst,0,3874678244,3682032,121017
42.66,compaction,305,kCompaction,5,6,/home/wam/grad/s14-range-delete-study/scratch/longcycle_formal/db_LC20-R2-CLEAN/000403.sst,0,0,0,0
42.79,flush,307,Write Buffer Full,-1,0,/home/wam/grad/s14-range-delete-study/scratch/longcycle_formal/db_LC20-R2-CLEAN/000409.sst,0,63628079,60916,0
43.31,flush,309,Write Buffer Full,-1,0,/home/wam/grad/s14-range-delete-study/scratch/longcycle_formal/db_LC20-R2-CLEAN/000414.sst,0,64622429,61868,0
43.72,compaction,306,kCompaction,5,6,/home/wam/grad/s14-range-delete-study/scratch/longcycle_formal/db_LC20-R2-CLEAN/000407.sst,0,259955917,247029,776
43.75,compaction,308,kCompaction,5,6,/home/wam/grad/s14-range-delete-study/scratch/longcycle_formal/db_LC20-R2-CLEAN/000410.sst,0,253479038,240875,2240
43.88,flush,311,Write Buffer Full,-1,0,/home/wam/grad/s14-range-delete-study/scratch/longcycle_formal/db_LC20-R2-CLEAN/000421.sst,0,64593819,61840,0
44.50,flush,313,Write Buffer Full,-1,0,/home/wam/grad/s14-range-delete-study/scratch/longcycle_formal/db_LC20-R2-CLEAN/000426.sst,0,64806424,62043,0
44.52,compaction,310,kCompaction,0,0,/home/wam/grad/s14-range-delete-study/scratch/longcycle_formal/db_LC20-R2-CLEAN/000419.sst,0,253512835,240865,1051
45.05,flush,315,Write Buffer Full,-1,0,/home/wam/grad/s14-range-delete-study/scratch/longcycle_formal/db_LC20-R2-CLEAN/000432.sst,0,64650498,61894,0
45.12,compaction,312,kCompaction,5,6,/home/wam/grad/s14-range-delete-study/scratch/longcycle_formal/db_LC20-R2-CLEAN/000422.sst,0,401060144,381118,7567
45.67,flush,317,Write Buffer Full,-1,0,/home/wam/grad/s14-range-delete-study/scratch/longcycle_formal/db_LC20-R2-CLEAN/000439.sst,0,63053519,60365,0
45.98,compaction,299,kCompaction,0,0,/home/wam/grad/s14-range-delete-study/scratch/longcycle_formal/db_LC20-R2-CLEAN/000397.sst,0,1597895965,1518112,22179
46.27,flush,318,Write Buffer Full,-1,0,/home/wam/grad/s14-range-delete-study/scratch/longcycle_formal/db_LC20-R2-CLEAN/000446.sst,0,64622282,61866,0
46.74,compaction,316,kCompaction,5,6,/home/wam/grad/s14-range-delete-study/scratch/longcycle_formal/db_LC20-R2-CLEAN/000435.sst,0,393477855,373916,5467
46.77,flush,319,Write Buffer Full,-1,0,/home/wam/grad/s14-range-delete-study/scratch/longcycle_formal/db_LC20-R2-CLEAN/000452.sst,0,64430920,61684,0
46.86,compaction,314,kCompaction,5,6,/home/wam/grad/s14-range-delete-study/scratch/longcycle_formal/db_LC20-R2-CLEAN/000428.sst,0,641099280,609228,17495
47.27,flush,322,Write Buffer Full,-1,0,/home/wam/grad/s14-range-delete-study/scratch/longcycle_formal/db_LC20-R2-CLEAN/000458.sst,0,62825331,60147,0
47.81,flush,324,Write Buffer Full,-1,0,/home/wam/grad/s14-range-delete-study/scratch/longcycle_formal/db_LC20-R2-CLEAN/000466.sst,0,64704145,61946,0
48.22,compaction,321,kCompaction,5,6,/home/wam/grad/s14-range-delete-study/scratch/longcycle_formal/db_LC20-R2-CLEAN/000455.sst,0,434421784,412823,6345
48.37,flush,325,Write Buffer Full,-1,0,/home/wam/grad/s14-range-delete-study/scratch/longcycle_formal/db_LC20-R2-CLEAN/000476.sst,0,64872497,62106,0
48.76,compaction,323,kCompaction,5,6,/home/wam/grad/s14-range-delete-study/scratch/longcycle_formal/db_LC20-R2-CLEAN/000460.sst,0,473472616,449936,0
48.92,compaction,326,kCompaction,5,6,/home/wam/grad/s14-range-delete-study/scratch/longcycle_formal/db_LC20-R2-CLEAN/000477.sst,0,204803121,194623,18700
48.93,flush,328,Write Buffer Full,-1,0,/home/wam/grad/s14-range-delete-study/scratch/longcycle_formal/db_LC20-R2-CLEAN/000485.sst,0,64717760,61958,0
49.53,compaction,327,kCompaction,5,6,/home/wam/grad/s14-range-delete-study/scratch/longcycle_formal/db_LC20-R2-CLEAN/000483.sst,0,209511405,199097,12513
49.56,flush,330,Write Buffer Full,-1,0,/home/wam/grad/s14-range-delete-study/scratch/longcycle_formal/db_LC20-R2-CLEAN/000494.sst,0,63536763,60827,0
49.65,compaction,329,kCompaction,5,6,/home/wam/grad/s14-range-delete-study/scratch/longcycle_formal/db_LC20-R2-CLEAN/000487.sst,0,221855983,210822,8368
50.06,flush,333,Write Buffer Full,-1,0,/home/wam/grad/s14-range-delete-study/scratch/longcycle_formal/db_LC20-R2-CLEAN/000503.sst,0,61498214,58876,0
50.85,compaction,332,kCompaction,5,6,/home/wam/grad/s14-range-delete-study/scratch/longcycle_formal/db_LC20-R2-CLEAN/000499.sst,0,252571896,240013,17086
50.87,compaction,331,kCompaction,0,0,/home/wam/grad/s14-range-delete-study/scratch/longcycle_formal/db_LC20-R2-CLEAN/000496.sst,0,322260828,306172,1669
50.98,flush,334,Write Buffer Full,-1,0,/home/wam/grad/s14-range-delete-study/scratch/longcycle_formal/db_LC20-R2-CLEAN/000508.sst,0,64306191,61564,0
51.54,flush,337,Write Buffer Full,-1,0,/home/wam/grad/s14-range-delete-study/scratch/longcycle_formal/db_LC20-R2-CLEAN/000513.sst,0,62685038,60012,0
52.30,flush,338,Write Buffer Full,-1,0,/home/wam/grad/s14-range-delete-study/scratch/longcycle_formal/db_LC20-R2-CLEAN/000517.sst,0,63269583,60571,0
52.83,flush,339,Write Buffer Full,-1,0,/home/wam/grad/s14-range-delete-study/scratch/longcycle_formal/db_LC20-R2-CLEAN/000522.sst,0,64774611,62012,0
53.10,compaction,335,kCompaction,5,6,/home/wam/grad/s14-range-delete-study/scratch/longcycle_formal/db_LC20-R2-CLEAN/000509.sst,0,261394921,248398,8713
53.38,flush,340,Write Buffer Full,-1,0,/home/wam/grad/s14-range-delete-study/scratch/longcycle_formal/db_LC20-R2-CLEAN/000526.sst,0,61411745,58792,0
53.61,compaction,336,kCompaction,5,6,/home/wam/grad/s14-range-delete-study/scratch/longcycle_formal/db_LC20-R2-CLEAN/000510.sst,0,312045363,296533,24855
53.82,flush,342,Write Buffer Full,-1,0,/home/wam/grad/s14-range-delete-study/scratch/longcycle_formal/db_LC20-R2-CLEAN/000532.sst,0,64212031,61474,0
54.43,flush,345,Write Buffer Full,-1,0,/home/wam/grad/s14-range-delete-study/scratch/longcycle_formal/db_LC20-R2-CLEAN/000534.sst,0,63479196,60772,0
54.72,compaction,341,kCompaction,0,0,/home/wam/grad/s14-range-delete-study/scratch/longcycle_formal/db_LC20-R2-CLEAN/000527.sst,0,380443870,361436,2426
54.98,flush,349,Write Buffer Full,-1,0,/home/wam/grad/s14-range-delete-study/scratch/longcycle_formal/db_LC20-R2-CLEAN/000537.sst,0,63206052,60510,0
55.55,flush,354,Write Buffer Full,-1,0,/home/wam/grad/s14-range-delete-study/scratch/longcycle_formal/db_LC20-R2-CLEAN/000541.sst,0,62495164,59830,0
56.18,compaction,351,kCompaction,0,0,/home/wam/grad/s14-range-delete-study/scratch/longcycle_formal/db_LC20-R2-CLEAN/000539.sst,0,253302064,240661,887
56.23,flush,356,Write Buffer Full,-1,0,/home/wam/grad/s14-range-delete-study/scratch/longcycle_formal/db_LC20-R2-CLEAN/000544.sst,0,62151107,59500,0
56.63,flush,361,Write Buffer Full,-1,0,/home/wam/grad/s14-range-delete-study/scratch/longcycle_formal/db_LC20-R2-CLEAN/000547.sst,0,61810144,59174,0
57.16,flush,363,Write Buffer Full,-1,0,/home/wam/grad/s14-range-delete-study/scratch/longcycle_formal/db_LC20-R2-CLEAN/000550.sst,0,64194356,61456,0
57.77,flush,367,Write Buffer Full,-1,0,/home/wam/grad/s14-range-delete-study/scratch/longcycle_formal/db_LC20-R2-CLEAN/000554.sst,0,64066251,61334,0
57.88,compaction,320,kCompaction,0,4,/home/wam/grad/s14-range-delete-study/scratch/longcycle_formal/db_LC20-R2-CLEAN/000453.sst,0,2375933896,2257712,55328
57.88,compaction,370,kCompaction,4,5,/home/wam/grad/s14-range-delete-study/scratch/longcycle_formal/db_LC20-R2-CLEAN/000453.sst,0,0,0,0
57.89,compaction,371,kCompaction,4,5,/home/wam/grad/s14-range-delete-study/scratch/longcycle_formal/db_LC20-R2-CLEAN/000469.sst,0,0,0,0
57.90,compaction,372,kCompaction,4,5,/home/wam/grad/s14-range-delete-study/scratch/longcycle_formal/db_LC20-R2-CLEAN/000489.sst,0,0,0,0
58.45,flush,374,Write Buffer Full,-1,0,/home/wam/grad/s14-range-delete-study/scratch/longcycle_formal/db_LC20-R2-CLEAN/000558.sst,0,64174798,61437,0
58.48,compaction,365,kCompaction,0,0,/home/wam/grad/s14-range-delete-study/scratch/longcycle_formal/db_LC20-R2-CLEAN/000552.sst,0,251545282,238993,967
58.98,compaction,373,kCompaction,5,6,/home/wam/grad/s14-range-delete-study/scratch/longcycle_formal/db_LC20-R2-CLEAN/000556.sst,0,185825559,176589,0
59.00,flush,376,Write Buffer Full,-1,0,/home/wam/grad/s14-range-delete-study/scratch/longcycle_formal/db_LC20-R2-CLEAN/000563.sst,0,63608227,60896,0
59.51,flush,379,Write Buffer Full,-1,0,/home/wam/grad/s14-range-delete-study/scratch/longcycle_formal/db_LC20-R2-CLEAN/000568.sst,0,63744362,61026,0
59.94,compaction,377,kCompaction,5,6,/home/wam/grad/s14-range-delete-study/scratch/longcycle_formal/db_LC20-R2-CLEAN/000564.sst,0,190553363,181076,0
60.28,compaction,378,kCompaction,5,6,/home/wam/grad/s14-range-delete-study/scratch/longcycle_formal/db_LC20-R2-CLEAN/000565.sst,0,198127217,188278,0
60.32,flush,380,Write Buffer Full,-1,0,/home/wam/grad/s14-range-delete-study/scratch/longcycle_formal/db_LC20-R2-CLEAN/000576.sst,0,61112724,58506,0
61.07,flush,383,Write Buffer Full,-1,0,/home/wam/grad/s14-range-delete-study/scratch/longcycle_formal/db_LC20-R2-CLEAN/000582.sst,0,64161905,61425,0
61.67,flush,384,Write Buffer Full,-1,0,/home/wam/grad/s14-range-delete-study/scratch/longcycle_formal/db_LC20-R2-CLEAN/000587.sst,0,62479611,59815,0
61.77,compaction,381,kCompaction,5,6,/home/wam/grad/s14-range-delete-study/scratch/longcycle_formal/db_LC20-R2-CLEAN/000577.sst,0,202914449,192830,0
62.04,flush,386,Write Buffer Full,-1,0,/home/wam/grad/s14-range-delete-study/scratch/longcycle_formal/db_LC20-R2-CLEAN/000592.sst,0,64764864,62002,0
62.58,compaction,382,kCompaction,5,6,/home/wam/grad/s14-range-delete-study/scratch/longcycle_formal/db_LC20-R2-CLEAN/000578.sst,0,315884247,300181,21188
62.63,flush,387,Write Buffer Full,-1,0,/home/wam/grad/s14-range-delete-study/scratch/longcycle_formal/db_LC20-R2-CLEAN/000597.sst,0,64848401,62082,0
63.30,flush,389,Write Buffer Full,-1,0,/home/wam/grad/s14-range-delete-study/scratch/longcycle_formal/db_LC20-R2-CLEAN/000601.sst,0,64272663,61531,0
63.32,compaction,385,kCompaction,0,0,/home/wam/grad/s14-range-delete-study/scratch/longcycle_formal/db_LC20-R2-CLEAN/000590.sst,0,316038777,300258,1410
63.77,flush,391,Write Buffer Full,-1,0,/home/wam/grad/s14-range-delete-study/scratch/longcycle_formal/db_LC20-R2-CLEAN/000607.sst,0,64570607,61816,0
64.44,compaction,388,kCompaction,5,6,/home/wam/grad/s14-range-delete-study/scratch/longcycle_formal/db_LC20-R2-CLEAN/000598.sst,0,313000438,297436,23948
64.45,flush,392,Write Buffer Full,-1,0,/home/wam/grad/s14-range-delete-study/scratch/longcycle_formal/db_LC20-R2-CLEAN/000614.sst,0,64754236,61992,0
64.99,flush,394,Write Buffer Full,-1,0,/home/wam/grad/s14-range-delete-study/scratch/longcycle_formal/db_LC20-R2-CLEAN/000620.sst,0,64712923,61953,0
65.24,compaction,390,kCompaction,5,6,/home/wam/grad/s14-range-delete-study/scratch/longcycle_formal/db_LC20-R2-CLEAN/000603.sst,0,392833887,373304,12361
65.72,compaction,393,kCompaction,0,0,/home/wam/grad/s14-range-delete-study/scratch/longcycle_formal/db_LC20-R2-CLEAN/000616.sst,0,259424484,246476,955
65.77,flush,396,Write Buffer Full,-1,0,/home/wam/grad/s14-range-delete-study/scratch/longcycle_formal/db_LC20-R2-CLEAN/000624.sst,0,63332807,60631,0
66.31,flush,400,Write Buffer Full,-1,0,/home/wam/grad/s14-range-delete-study/scratch/longcycle_formal/db_LC20-R2-CLEAN/000627.sst,0,64118005,61383,0
66.77,flush,404,Write Buffer Full,-1,0,/home/wam/grad/s14-range-delete-study/scratch/longcycle_formal/db_LC20-R2-CLEAN/000631.sst,0,62638132,59966,0
67.57,flush,407,Write Buffer Full,-1,0,/home/wam/grad/s14-range-delete-study/scratch/longcycle_formal/db_LC20-R2-CLEAN/000634.sst,0,63156130,60462,0
67.87,compaction,402,kCompaction,0,0,/home/wam/grad/s14-range-delete-study/scratch/longcycle_formal/db_LC20-R2-CLEAN/000628.sst,0,257979827,245107,852
68.03,flush,410,Write Buffer Full,-1,0,/home/wam/grad/s14-range-delete-study/scratch/longcycle_formal/db_LC20-R2-CLEAN/000637.sst,0,61013187,58410,0
68.63,flush,415,Write Buffer Full,-1,0,/home/wam/grad/s14-range-delete-study/scratch/longcycle_formal/db_LC20-R2-CLEAN/000639.sst,0,63664265,60948,0
69.20,flush,418,Write Buffer Full,-1,0,/home/wam/grad/s14-range-delete-study/scratch/longcycle_formal/db_LC20-R2-CLEAN/000643.sst,0,64873328,62106,0
69.85,compaction,416,kCompaction,0,0,/home/wam/grad/s14-range-delete-study/scratch/longcycle_formal/db_LC20-R2-CLEAN/000641.sst,0,251477820,238928,858
69.85,flush,421,Write Buffer Full,-1,0,/home/wam/grad/s14-range-delete-study/scratch/longcycle_formal/db_LC20-R2-CLEAN/000646.sst,0,62379887,59718,0
70.37,flush,427,Write Buffer Full,-1,0,/home/wam/grad/s14-range-delete-study/scratch/longcycle_formal/db_LC20-R2-CLEAN/000650.sst,0,62297902,59641,0
70.97,flush,430,Write Buffer Full,-1,0,/home/wam/grad/s14-range-delete-study/scratch/longcycle_formal/db_LC20-R2-CLEAN/000653.sst,0,64729931,61968,0
71.04,compaction,375,kCompaction,0,4,/home/wam/grad/s14-range-delete-study/scratch/longcycle_formal/db_LC20-R2-CLEAN/000560.sst,0,2621854898,2491398,94003
71.04,compaction,432,kCompaction,4,5,/home/wam/grad/s14-range-delete-study/scratch/longcycle_formal/db_LC20-R2-CLEAN/000566.sst,0,0,0,0
71.05,compaction,433,kCompaction,4,5,/home/wam/grad/s14-range-delete-study/scratch/longcycle_formal/db_LC20-R2-CLEAN/000572.sst,0,0,0,0
71.06,compaction,434,kCompaction,4,5,/home/wam/grad/s14-range-delete-study/scratch/longcycle_formal/db_LC20-R2-CLEAN/000599.sst,0,0,0,0
71.06,compaction,435,kCompaction,4,5,/home/wam/grad/s14-range-delete-study/scratch/longcycle_formal/db_LC20-R2-CLEAN/000622.sst,0,0,0,0
71.55,flush,437,Write Buffer Full,-1,0,/home/wam/grad/s14-range-delete-study/scratch/longcycle_formal/db_LC20-R2-CLEAN/000657.sst,0,64406365,61658,0
72.12,flush,439,Write Buffer Full,-1,0,/home/wam/grad/s14-range-delete-study/scratch/longcycle_formal/db_LC20-R2-CLEAN/000663.sst,0,62279337,59623,0
72.35,compaction,438,kCompaction,5,6,/home/wam/grad/s14-range-delete-study/scratch/longcycle_formal/db_LC20-R2-CLEAN/000659.sst,0,202915618,192830,0
72.89,flush,441,Write Buffer Full,-1,0,/home/wam/grad/s14-range-delete-study/scratch/longcycle_formal/db_LC20-R2-CLEAN/000668.sst,0,64680029,61921,0
73.10,compaction,436,kCompaction,5,6,/home/wam/grad/s14-range-delete-study/scratch/longcycle_formal/db_LC20-R2-CLEAN/000655.sst,0,338198980,321387,0
73.60,flush,442,Write Buffer Full,-1,0,/home/wam/grad/s14-range-delete-study/scratch/longcycle_formal/db_LC20-R2-CLEAN/000671.sst,0,61100932,58494,0
74.13,flush,444,Write Buffer Full,-1,0,/home/wam/grad/s14-range-delete-study/scratch/longcycle_formal/db_LC20-R2-CLEAN/000674.sst,0,64636445,61878,0
74.57,compaction,440,kCompaction,0,0,/home/wam/grad/s14-range-delete-study/scratch/longcycle_formal/db_LC20-R2-CLEAN/000666.sst,0,317112653,301277,1331
74.72,flush,445,Write Buffer Full,-1,0,/home/wam/grad/s14-range-delete-study/scratch/longcycle_formal/db_LC20-R2-CLEAN/000677.sst,0,64807340,62042,0
74.81,compaction,423,kCompaction,0,0,/home/wam/grad/s14-range-delete-study/scratch/longcycle_formal/db_LC20-R2-CLEAN/000648.sst,0,825532017,784260,8357
75.15,flush,447,Write Buffer Full,-1,0,/home/wam/grad/s14-range-delete-study/scratch/longcycle_formal/db_LC20-R2-CLEAN/000681.sst,0,62817531,60138,0
75.31,compaction,443,kCompaction,5,6,/home/wam/grad/s14-range-delete-study/scratch/longcycle_formal/db_LC20-R2-CLEAN/000672.sst,0,261399122,248402,8709
75.42,compaction,446,kCompaction,5,6,/home/wam/grad/s14-range-delete-study/scratch/longcycle_formal/db_LC20-R2-CLEAN/000679.sst,0,117840480,111985,355
75.73,flush,450,Write Buffer Full,-1,0,/home/wam/grad/s14-range-delete-study/scratch/longcycle_formal/db_LC20-R2-CLEAN/000687.sst,0,64709352,61948,0
76.24,flush,452,Write Buffer Full,-1,0,/home/wam/grad/s14-range-delete-study/scratch/longcycle_formal/db_LC20-R2-CLEAN/000692.sst,0,63340061,60637,0
76.90,flush,453,Write Buffer Full,-1,0,/home/wam/grad/s14-range-delete-study/scratch/longcycle_formal/db_LC20-R2-CLEAN/000699.sst,0,64948184,62177,0
77.45,compaction,449,kCompaction,5,6,/home/wam/grad/s14-range-delete-study/scratch/longcycle_formal/db_LC20-R2-CLEAN/000685.sst,0,382841903,363809,19926
77.46,flush,454,Write Buffer Full,-1,0,/home/wam/grad/s14-range-delete-study/scratch/longcycle_formal/db_LC20-R2-CLEAN/000706.sst,0,64875850,62109,0
77.95,compaction,451,kCompaction,5,6,/home/wam/grad/s14-range-delete-study/scratch/longcycle_formal/db_LC20-R2-CLEAN/000689.sst,0,495315452,470690,26952
78.07,flush,456,Write Buffer Full,-1,0,/home/wam/grad/s14-range-delete-study/scratch/longcycle_formal/db_LC20-R2-CLEAN/000712.sst,0,63134513,60441,0
78.66,flush,458,Write Buffer Full,-1,0,/home/wam/grad/s14-range-delete-study/scratch/longcycle_formal/db_LC20-R2-CLEAN/000720.sst,0,63624393,60910,0
79.45,flush,459,Write Buffer Full,-1,0,/home/wam/grad/s14-range-delete-study/scratch/longcycle_formal/db_LC20-R2-CLEAN/000726.sst,0,64662445,61903,0
79.88,flush,460,Write Buffer Full,-1,0,/home/wam/grad/s14-range-delete-study/scratch/longcycle_formal/db_LC20-R2-CLEAN/000732.sst,0,63523176,60812,0
80.48,flush,461,Write Buffer Full,-1,0,/home/wam/grad/s14-range-delete-study/scratch/longcycle_formal/db_LC20-R2-CLEAN/000737.sst,0,64193784,61455,0
81.12,compaction,457,kCompaction,5,6,/home/wam/grad/s14-range-delete-study/scratch/longcycle_formal/db_LC20-R2-CLEAN/000715.sst,0,566119773,537972,42911
81.30,flush,462,Write Buffer Full,-1,0,/home/wam/grad/s14-range-delete-study/scratch/longcycle_formal/db_LC20-R2-CLEAN/000744.sst,0,64582633,61826,0
81.40,compaction,455,kCompaction,5,6,/home/wam/grad/s14-range-delete-study/scratch/longcycle_formal/db_LC20-R2-CLEAN/000709.sst,0,582008497,553073,25427
81.70,flush,465,Write Buffer Full,-1,0,/home/wam/grad/s14-range-delete-study/scratch/longcycle_formal/db_LC20-R2-CLEAN/000750.sst,0,63878601,61153,0
82.34,flush,466,Write Buffer Full,-1,0,/home/wam/grad/s14-range-delete-study/scratch/longcycle_formal/db_LC20-R2-CLEAN/000754.sst,0,64669790,61910,0
83.39,compaction,463,kCompaction,0,0,/home/wam/grad/s14-range-delete-study/scratch/longcycle_formal/db_LC20-R2-CLEAN/000746.sst,0,576496066,547677,4715
84.13,flush,469,Write Buffer Full,-1,0,/home/wam/grad/s14-range-delete-study/scratch/longcycle_formal/db_LC20-R2-CLEAN/000763.sst,0,63550062,60839,0
84.66,compaction,464,kCompaction,5,6,/home/wam/grad/s14-range-delete-study/scratch/longcycle_formal/db_LC20-R2-CLEAN/000748.sst,0,533332375,506816,33762
84.90,flush,471,Write Buffer Full,-1,0,/home/wam/grad/s14-range-delete-study/scratch/longcycle_formal/db_LC20-R2-CLEAN/000769.sst,0,64418768,61670,0
85.47,compaction,470,kCompaction,0,0,/home/wam/grad/s14-range-delete-study/scratch/longcycle_formal/db_LC20-R2-CLEAN/000766.sst,0,257820516,244950,778
85.58,flush,475,Write Buffer Full,-1,0,/home/wam/grad/s14-range-delete-study/scratch/longcycle_formal/db_LC20-R2-CLEAN/000772.sst,0,61238696,58625,0
85.86,flush,478,Write Buffer Full,-1,0,/home/wam/grad/s14-range-delete-study/scratch/longcycle_formal/db_LC20-R2-CLEAN/000775.sst,0,60276092,57703,0
86.35,flush,482,Write Buffer Full,-1,0,/home/wam/grad/s14-range-delete-study/scratch/longcycle_formal/db_LC20-R2-CLEAN/000777.sst,0,63903111,61176,0
86.91,flush,486,Write Buffer Full,-1,0,/home/wam/grad/s14-range-delete-study/scratch/longcycle_formal/db_LC20-R2-CLEAN/000781.sst,0,64706169,61945,0
87.57,flush,489,Write Buffer Full,-1,0,/home/wam/grad/s14-range-delete-study/scratch/longcycle_formal/db_LC20-R2-CLEAN/000784.sst,0,63123262,60430,0
87.63,compaction,483,kCompaction,0,0,/home/wam/grad/s14-range-delete-study/scratch/longcycle_formal/db_LC20-R2-CLEAN/000779.sst,0,250989928,238465,709
88.01,flush,493,Write Buffer Full,-1,0,/home/wam/grad/s14-range-delete-study/scratch/longcycle_formal/db_LC20-R2-CLEAN/000787.sst,0,61796577,59160,0
88.55,flush,496,Write Buffer Full,-1,0,/home/wam/grad/s14-range-delete-study/scratch/longcycle_formal/db_LC20-R2-CLEAN/000790.sst,0,64452764,61702,0
89.10,flush,500,Write Buffer Full,-1,0,/home/wam/grad/s14-range-delete-study/scratch/longcycle_formal/db_LC20-R2-CLEAN/000794.sst,0,63722324,61004,0
89.67,compaction,497,kCompaction,0,0,/home/wam/grad/s14-range-delete-study/scratch/longcycle_formal/db_LC20-R2-CLEAN/000791.sst,0,255315706,242567,670
89.73,flush,503,Write Buffer Full,-1,0,/home/wam/grad/s14-range-delete-study/scratch/longcycle_formal/db_LC20-R2-CLEAN/000797.sst,0,64181323,61442,0
90.26,flush,507,Write Buffer Full,-1,0,/home/wam/grad/s14-range-delete-study/scratch/longcycle_formal/db_LC20-R2-CLEAN/000801.sst,0,63795469,61073,0
90.81,flush,510,Write Buffer Full,-1,0,/home/wam/grad/s14-range-delete-study/scratch/longcycle_formal/db_LC20-R2-CLEAN/000803.sst,0,63616976,60902,0
90.88,compaction,448,kCompaction,0,4,/home/wam/grad/s14-range-delete-study/scratch/longcycle_formal/db_LC20-R2-CLEAN/000684.sst,0,2854960610,2712879,104848
90.88,compaction,513,kCompaction,4,5,/home/wam/grad/s14-range-delete-study/scratch/longcycle_formal/db_LC20-R2-CLEAN/000688.sst,0,0,0,0
90.89,compaction,514,kCompaction,4,5,/home/wam/grad/s14-range-delete-study/scratch/longcycle_formal/db_LC20-R2-CLEAN/000741.sst,0,0,0,0
90.90,compaction,515,kCompaction,4,5,/home/wam/grad/s14-range-delete-study/scratch/longcycle_formal/db_LC20-R2-CLEAN/000765.sst,0,0,0,0
91.38,flush,517,Write Buffer Full,-1,0,/home/wam/grad/s14-range-delete-study/scratch/longcycle_formal/db_LC20-R2-CLEAN/000807.sst,0,62863900,60181,0
91.68,compaction,516,kCompaction,5,6,/home/wam/grad/s14-range-delete-study/scratch/longcycle_formal/db_LC20-R2-CLEAN/000805.sst,0,160257961,152289,0
91.99,flush,520,Write Buffer Full,-1,0,/home/wam/grad/s14-range-delete-study/scratch/longcycle_formal/db_LC20-R2-CLEAN/000813.sst,0,64467284,61716,0
92.67,flush,521,Write Buffer Full,-1,0,/home/wam/grad/s14-range-delete-study/scratch/longcycle_formal/db_LC20-R2-CLEAN/000816.sst,0,64736231,61974,0
93.07,compaction,518,kCompaction,0,0,/home/wam/grad/s14-range-delete-study/scratch/longcycle_formal/db_LC20-R2-CLEAN/000810.sst,0,255695768,242930,668
93.07,compaction,504,kCompaction,0,0,/home/wam/grad/s14-range-delete-study/scratch/longcycle_formal/db_LC20-R2-CLEAN/000798.sst,0,820968138,779925,7061
93.14,flush,522,Write Buffer Full,-1,0,/home/wam/grad/s14-range-delete-study/scratch/longcycle_formal/db_LC20-R2-CLEAN/000819.sst,0,64748354,61985,0
93.37,compaction,519,kCompaction,5,6,/home/wam/grad/s14-range-delete-study/scratch/longcycle_formal/db_LC20-R2-CLEAN/000811.sst,0,267619888,254315,2800
93.70,flush,524,Write Buffer Full,-1,0,/home/wam/grad/s14-range-delete-study/scratch/longcycle_formal/db_LC20-R2-CLEAN/000823.sst,0,64791691,62027,0
94.45,flush,527,Write Buffer Full,-1,0,/home/wam/grad/s14-range-delete-study/scratch/longcycle_formal/db_LC20-R2-CLEAN/000830.sst,0,61732402,59097,0
95.02,flush,528,Write Buffer Full,-1,0,/home/wam/grad/s14-range-delete-study/scratch/longcycle_formal/db_LC20-R2-CLEAN/000835.sst,0,64725121,61963,0
95.33,compaction,525,kCompaction,5,6,/home/wam/grad/s14-range-delete-study/scratch/longcycle_formal/db_LC20-R2-CLEAN/000825.sst,0,277580532,263779,13189
95.51,flush,529,Write Buffer Full,-1,0,/home/wam/grad/s14-range-delete-study/scratch/longcycle_formal/db_LC20-R2-CLEAN/000841.sst,0,64719401,61957,0
95.68,compaction,526,kCompaction,5,6,/home/wam/grad/s14-range-delete-study/scratch/longcycle_formal/db_LC20-R2-CLEAN/000826.sst,0,295641710,280938,13255
96.10,flush,532,Write Buffer Full,-1,0,/home/wam/grad/s14-range-delete-study/scratch/longcycle_formal/db_LC20-R2-CLEAN/000847.sst,0,62889130,60205,0
96.52,flush,533,Write Buffer Full,-1,0,/home/wam/grad/s14-range-delete-study/scratch/longcycle_formal/db_LC20-R2-CLEAN/000852.sst,0,64607397,61850,0
97.17,flush,534,Write Buffer Full,-1,0,/home/wam/grad/s14-range-delete-study/scratch/longcycle_formal/db_LC20-R2-CLEAN/000856.sst,0,64441052,61690,0
97.32,compaction,531,kCompaction,0,0,/home/wam/grad/s14-range-delete-study/scratch/longcycle_formal/db_LC20-R2-CLEAN/000845.sst,0,321986348,305895,1134
97.77,flush,536,Write Buffer Full,-1,0,/home/wam/grad/s14-range-delete-study/scratch/longcycle_formal/db_LC20-R2-CLEAN/000862.sst,0,64423752,61673,0
98.39,flush,537,Write Buffer Full,-1,0,/home/wam/grad/s14-range-delete-study/scratch/longcycle_formal/db_LC20-R2-CLEAN/000867.sst,0,62744295,60066,0
99.01,flush,538,Write Buffer Full,-1,0,/home/wam/grad/s14-range-delete-study/scratch/longcycle_formal/db_LC20-R2-CLEAN/000874.sst,0,62696958,60021,0
99.16,compaction,530,kCompaction,5,6,/home/wam/grad/s14-range-delete-study/scratch/longcycle_formal/db_LC20-R2-CLEAN/000843.sst,0,640880396,609014,25041
99.38,flush,539,Write Buffer Full,-1,0,/home/wam/grad/s14-range-delete-study/scratch/longcycle_formal/db_LC20-R2-CLEAN/000879.sst,0,64176990,61438,0
99.95,flush,541,Write Buffer Full,-1,0,/home/wam/grad/s14-range-delete-study/scratch/longcycle_formal/db_LC20-R2-CLEAN/000885.sst,0,64907450,62137,0
100.67,flush,542,Write Buffer Full,-1,0,/home/wam/grad/s14-range-delete-study/scratch/longcycle_formal/db_LC20-R2-CLEAN/000889.sst,0,62678821,60003,0
101.15,compaction,540,kCompaction,0,0,/home/wam/grad/s14-range-delete-study/scratch/longcycle_formal/db_LC20-R2-CLEAN/000880.sst,0,383008135,363877,1628
101.31,flush,543,Write Buffer Full,-1,0,/home/wam/grad/s14-range-delete-study/scratch/longcycle_formal/db_LC20-R2-CLEAN/000893.sst,0,62299531,59640,0
101.54,compaction,535,kCompaction,5,6,/home/wam/grad/s14-range-delete-study/scratch/longcycle_formal/db_LC20-R2-CLEAN/000860.sst,0,645811553,613703,21185
101.93,flush,545,Write Buffer Full,-1,0,/home/wam/grad/s14-range-delete-study/scratch/longcycle_formal/db_LC20-R2-CLEAN/000897.sst,0,63496819,60786,0
102.35,flush,547,Write Buffer Full,-1,0,/home/wam/grad/s14-range-delete-study/scratch/longcycle_formal/db_LC20-R2-CLEAN/000902.sst,0,62408328,59745,0
102.95,flush,548,Write Buffer Full,-1,0,/home/wam/grad/s14-range-delete-study/scratch/longcycle_formal/db_LC20-R2-CLEAN/000906.sst,0,60693612,58103,0
103.31,compaction,546,kCompaction,0,0,/home/wam/grad/s14-range-delete-study/scratch/longcycle_formal/db_LC20-R2-CLEAN/000898.sst,0,255323919,242576,642
103.41,flush,549,Write Buffer Full,-1,0,/home/wam/grad/s14-range-delete-study/scratch/longcycle_formal/db_LC20-R2-CLEAN/000910.sst,0,64171575,61433,0
103.94,flush,552,Write Buffer Full,-1,0,/home/wam/grad/s14-range-delete-study/scratch/longcycle_formal/db_LC20-R2-CLEAN/000915.sst,0,60789066,58194,0
104.66,flush,553,Write Buffer Full,-1,0,/home/wam/grad/s14-range-delete-study/scratch/longcycle_formal/db_LC20-R2-CLEAN/000920.sst,0,63194324,60497,0
104.74,compaction,551,kCompaction,0,0,/home/wam/grad/s14-range-delete-study/scratch/longcycle_formal/db_LC20-R2-CLEAN/000912.sst,0,252004700,239421,646
105.03,flush,555,Write Buffer Full,-1,0,/home/wam/grad/s14-range-delete-study/scratch/longcycle_formal/db_LC20-R2-CLEAN/000924.sst,0,64625579,61867,0
105.74,flush,558,Write Buffer Full,-1,0,/home/wam/grad/s14-range-delete-study/scratch/longcycle_formal/db_LC20-R2-CLEAN/000929.sst,0,63386812,60681,0
105.77,compaction,544,kCompaction,5,6,/home/wam/grad/s14-range-delete-study/scratch/longcycle_formal/db_LC20-R2-CLEAN/000894.sst,0,714119143,678611,28439
106.32,flush,562,Write Buffer Full,-1,0,/home/wam/grad/s14-range-delete-study/scratch/longcycle_formal/db_LC20-R2-CLEAN/000932.sst,0,64084430,61349,0
106.96,flush,565,Write Buffer Full,-1,0,/home/wam/grad/s14-range-delete-study/scratch/longcycle_formal/db_LC20-R2-CLEAN/000936.sst,0,64070909,61336,0
107.13,compaction,560,kCompaction,0,0,/home/wam/grad/s14-range-delete-study/scratch/longcycle_formal/db_LC20-R2-CLEAN/000930.sst,0,253295798,240644,595
107.42,flush,569,Write Buffer Full,-1,0,/home/wam/grad/s14-range-delete-study/scratch/longcycle_formal/db_LC20-R2-CLEAN/000938.sst,0,64051321,61317,0
107.98,flush,572,Write Buffer Full,-1,0,/home/wam/grad/s14-range-delete-study/scratch/longcycle_formal/db_LC20-R2-CLEAN/000941.sst,0,64693375,61932,0
108.48,flush,576,Write Buffer Full,-1,0,/home/wam/grad/s14-range-delete-study/scratch/longcycle_formal/db_LC20-R2-CLEAN/000945.sst,0,64718864,61956,0
109.12,flush,579,Write Buffer Full,-1,0,/home/wam/grad/s14-range-delete-study/scratch/longcycle_formal/db_LC20-R2-CLEAN/000948.sst,0,63785494,61063,0
109.23,compaction,574,kCompaction,0,0,/home/wam/grad/s14-range-delete-study/scratch/longcycle_formal/db_LC20-R2-CLEAN/000943.sst,0,258184243,245293,641
109.72,flush,584,Write Buffer Full,-1,0,/home/wam/grad/s14-range-delete-study/scratch/longcycle_formal/db_LC20-R2-CLEAN/000951.sst,0,64390825,61642,0
110.26,flush,586,Write Buffer Full,-1,0,/home/wam/grad/s14-range-delete-study/scratch/longcycle_formal/db_LC20-R2-CLEAN/000954.sst,0,63463365,60754,0
110.81,flush,590,Write Buffer Full,-1,0,/home/wam/grad/s14-range-delete-study/scratch/longcycle_formal/db_LC20-R2-CLEAN/000958.sst,0,61561282,58933,0
111.54,compaction,588,kCompaction,0,0,/home/wam/grad/s14-range-delete-study/scratch/longcycle_formal/db_LC20-R2-CLEAN/000955.sst,0,257657832,244800,615
111.72,flush,594,Write Buffer Full,-1,0,/home/wam/grad/s14-range-delete-study/scratch/longcycle_formal/db_LC20-R2-CLEAN/000961.sst,0,64570580,61814,0
112.11,flush,599,Write Buffer Full,-1,0,/home/wam/grad/s14-range-delete-study/scratch/longcycle_formal/db_LC20-R2-CLEAN/000965.sst,0,63418098,60711,0
112.61,compaction,523,kCompaction,0,4,/home/wam/grad/s14-range-delete-study/scratch/longcycle_formal/db_LC20-R2-CLEAN/000821.sst,0,3528987143,3353378,125899
112.64,compaction,603,kCompaction,4,5,/home/wam/grad/s14-range-delete-study/scratch/longcycle_formal/db_LC20-R2-CLEAN/000836.sst,0,0,0,0
112.68,compaction,604,kCompaction,4,5,/home/wam/grad/s14-range-delete-study/scratch/longcycle_formal/db_LC20-R2-CLEAN/000858.sst,0,0,0,0
112.71,compaction,605,kCompaction,4,5,/home/wam/grad/s14-range-delete-study/scratch/longcycle_formal/db_LC20-R2-CLEAN/000934.sst,0,0,0,0
112.73,compaction,606,kCompaction,4,5,/home/wam/grad/s14-range-delete-study/scratch/longcycle_formal/db_LC20-R2-CLEAN/000949.sst,0,0,0,0
112.76,compaction,607,kCompaction,5,6,/home/wam/grad/s14-range-delete-study/scratch/longcycle_formal/db_LC20-R2-CLEAN/000949.sst,0,0,0,0
112.86,flush,602,Write Buffer Full,-1,0,/home/wam/grad/s14-range-delete-study/scratch/longcycle_formal/db_LC20-R2-CLEAN/000968.sst,0,64702466,61940,0
113.36,flush,609,Write Buffer Full,-1,0,/home/wam/grad/s14-range-delete-study/scratch/longcycle_formal/db_LC20-R2-CLEAN/000971.sst,0,63786586,61064,0
113.88,flush,611,Write Buffer Full,-1,0,/home/wam/grad/s14-range-delete-study/scratch/longcycle_formal/db_LC20-R2-CLEAN/000976.sst,0,63693557,60975,0
114.04,compaction,608,kCompaction,5,6,/home/wam/grad/s14-range-delete-study/scratch/longcycle_formal/db_LC20-R2-CLEAN/000969.sst,0,294357998,279722,1115
114.36,compaction,610,kCompaction,0,0,/home/wam/grad/s14-range-delete-study/scratch/longcycle_formal/db_LC20-R2-CLEAN/000974.sst,0,257733799,244870,659
114.50,flush,613,Write Buffer Full,-1,0,/home/wam/grad/s14-range-delete-study/scratch/longcycle_formal/db_LC20-R2-CLEAN/000981.sst,0,61597737,58968,0
115.10,flush,615,Write Buffer Full,-1,0,/home/wam/grad/s14-range-delete-study/scratch/longcycle_formal/db_LC20-R2-CLEAN/000987.sst,0,64494852,61742,0
115.82,compaction,612,kCompaction,5,6,/home/wam/grad/s14-range-delete-study/scratch/longcycle_formal/db_LC20-R2-CLEAN/000979.sst,0,355678637,337994,10859
116.01,flush,616,Write Buffer Full,-1,0,/home/wam/grad/s14-range-delete-study/scratch/longcycle_formal/db_LC20-R2-CLEAN/000994.sst,0,64669636,61909,0
116.50,flush,618,Write Buffer Full,-1,0,/home/wam/grad/s14-range-delete-study/scratch/longcycle_formal/db_LC20-R2-CLEAN/000999.sst,0,63290248,60588,0
116.98,compaction,595,kCompaction,0,0,/home/wam/grad/s14-range-delete-study/scratch/longcycle_formal/db_LC20-R2-CLEAN/000962.sst,0,1319418796,1253443,18224
117.07,flush,619,Write Buffer Full,-1,0,/home/wam/grad/s14-range-delete-study/scratch/longcycle_formal/db_LC20-R2-CLEAN/001004.sst,0,64870880,62102,0
117.78,flush,620,Write Buffer Full,-1,0,/home/wam/grad/s14-range-delete-study/scratch/longcycle_formal/db_LC20-R2-CLEAN/001010.sst,0,64485205,61733,0
118.00,compaction,614,kCompaction,5,6,/home/wam/grad/s14-range-delete-study/scratch/longcycle_formal/db_LC20-R2-CLEAN/000983.sst,0,652772835,620319,115201
118.38,flush,622,Write Buffer Full,-1,0,/home/wam/grad/s14-range-delete-study/scratch/longcycle_formal/db_LC20-R2-CLEAN/001016.sst,0,61086482,58478,0
119.01,flush,623,Write Buffer Full,-1,0,/home/wam/grad/s14-range-delete-study/scratch/longcycle_formal/db_LC20-R2-CLEAN/001021.sst,0,63259244,60559,0
119.60,flush,624,Write Buffer Full,-1,0,/home/wam/grad/s14-range-delete-study/scratch/longcycle_formal/db_LC20-R2-CLEAN/001026.sst,0,61243353,58628,0
119.66,compaction,617,kCompaction,5,6,/home/wam/grad/s14-range-delete-study/scratch/longcycle_formal/db_LC20-R2-CLEAN/000996.sst,0,722064169,686161,54282
120.05,flush,626,Write Buffer Full,-1,0,/home/wam/grad/s14-range-delete-study/scratch/longcycle_formal/db_LC20-R2-CLEAN/001031.sst,0,57335751,54887,0
120.92,flush,627,Write Buffer Full,-1,0,/home/wam/grad/s14-range-delete-study/scratch/longcycle_formal/db_LC20-R2-CLEAN/001034.sst,0,64829267,62061,0
121.04,compaction,625,kCompaction,0,0,/home/wam/grad/s14-range-delete-study/scratch/longcycle_formal/db_LC20-R2-CLEAN/001028.sst,0,251374705,238829,569
121.44,flush,630,Write Buffer Full,-1,0,/home/wam/grad/s14-range-delete-study/scratch/longcycle_formal/db_LC20-R2-CLEAN/001037.sst,0,63604605,60889,0
121.91,flush,632,Write Buffer Full,-1,0,/home/wam/grad/s14-range-delete-study/scratch/longcycle_formal/db_LC20-R2-CLEAN/001040.sst,0,63964108,61233,0
122.48,flush,635,Write Buffer Full,-1,0,/home/wam/grad/s14-range-delete-study/scratch/longcycle_formal/db_LC20-R2-CLEAN/001043.sst,0,64607675,61850,0
123.09,compaction,634,kCompaction,0,0,/home/wam/grad/s14-range-delete-study/scratch/longcycle_formal/db_LC20-R2-CLEAN/001041.sst,0,251016676,238481,589
123.15,flush,637,Write Buffer Full,-1,0,/home/wam/grad/s14-range-delete-study/scratch/longcycle_formal/db_LC20-R2-CLEAN/001046.sst,0,64489469,61736,0
123.78,flush,642,Write Buffer Full,-1,0,/home/wam/grad/s14-range-delete-study/scratch/longcycle_formal/db_LC20-R2-CLEAN/001049.sst,0,64474333,61721,0
124.31,flush,645,Write Buffer Full,-1,0,/home/wam/grad/s14-range-delete-study/scratch/longcycle_formal/db_LC20-R2-CLEAN/001052.sst,0,64745907,61982,0
124.86,flush,649,Write Buffer Full,-1,0,/home/wam/grad/s14-range-delete-study/scratch/longcycle_formal/db_LC20-R2-CLEAN/001056.sst,0,61535430,58908,0
125.51,compaction,646,kCompaction,0,0,/home/wam/grad/s14-range-delete-study/scratch/longcycle_formal/db_LC20-R2-CLEAN/001054.sst,0,259704840,246738,551
125.55,flush,651,Write Buffer Full,-1,0,/home/wam/grad/s14-range-delete-study/scratch/longcycle_formal/db_LC20-R2-CLEAN/001059.sst,0,64544520,61789,0
126.19,flush,654,Write Buffer Full,-1,0,/home/wam/grad/s14-range-delete-study/scratch/longcycle_formal/db_LC20-R2-CLEAN/001063.sst,0,60390408,57811,0
126.89,flush,655,Write Buffer Full,-1,0,/home/wam/grad/s14-range-delete-study/scratch/longcycle_formal/db_LC20-R2-CLEAN/001066.sst,0,64324374,61578,0
127.52,flush,656,Write Buffer Full,-1,0,/home/wam/grad/s14-range-delete-study/scratch/longcycle_formal/db_LC20-R2-CLEAN/001069.sst,0,60596443,58009,0
128.37,flush,658,Write Buffer Full,-1,0,/home/wam/grad/s14-range-delete-study/scratch/longcycle_formal/db_LC20-R2-CLEAN/001074.sst,0,63304926,60602,0
128.81,compaction,657,kCompaction,0,0,/home/wam/grad/s14-range-delete-study/scratch/longcycle_formal/db_LC20-R2-CLEAN/001070.sst,0,251184386,238645,542
129.00,compaction,653,kCompaction,0,0,/home/wam/grad/s14-range-delete-study/scratch/longcycle_formal/db_LC20-R2-CLEAN/001061.sst,0,818454367,777524,5432
129.15,flush,661,Write Buffer Full,-1,0,/home/wam/grad/s14-range-delete-study/scratch/longcycle_formal/db_LC20-R2-CLEAN/001077.sst,0,63305809,60604,0
131.10,flush,665,Write Buffer Full,-1,0,/home/wam/grad/s14-range-delete-study/scratch/longcycle_formal/db_LC20-R2-CLEAN/001083.sst,0,63107909,60413,0
131.87,flush,667,Write Buffer Full,-1,0,/home/wam/grad/s14-range-delete-study/scratch/longcycle_formal/db_LC20-R2-CLEAN/001087.sst,0,62339451,59667,0
132.72,flush,672,Write Buffer Full,-1,0,/home/wam/grad/s14-range-delete-study/scratch/longcycle_formal/db_LC20-R2-CLEAN/001091.sst,0,57926923,55443,0
132.97,compaction,669,kCompaction,0,0,/home/wam/grad/s14-range-delete-study/scratch/longcycle_formal/db_LC20-R2-CLEAN/001088.sst,0,253172091,240517,769
133.56,flush,676,Write Buffer Full,-1,0,/home/wam/grad/s14-range-delete-study/scratch/longcycle_formal/db_LC20-R2-CLEAN/001095.sst,0,58081743,55591,0
134.46,flush,679,Write Buffer Full,-1,0,/home/wam/grad/s14-range-delete-study/scratch/longcycle_formal/db_LC20-R2-CLEAN/001098.sst,0,64607633,61838,0
135.26,flush,681,Write Buffer Full,-1,0,/home/wam/grad/s14-range-delete-study/scratch/longcycle_formal/db_LC20-R2-CLEAN/001102.sst,0,56349444,53933,0
136.43,compaction,683,kCompaction,0,0,/home/wam/grad/s14-range-delete-study/scratch/longcycle_formal/db_LC20-R2-CLEAN/001103.sst,0,238033774,226126,679
136.55,flush,686,Write Buffer Full,-1,0,/home/wam/grad/s14-range-delete-study/scratch/longcycle_formal/db_LC20-R2-CLEAN/001106.sst,0,62598827,59916,0
137.38,flush,691,Write Buffer Full,-1,0,/home/wam/grad/s14-range-delete-study/scratch/longcycle_formal/db_LC20-R2-CLEAN/001111.sst,0,64793699,62016,0
138.70,flush,694,Write Buffer Full,-1,0,/home/wam/grad/s14-range-delete-study/scratch/longcycle_formal/db_LC20-R2-CLEAN/001115.sst,0,64142002,61393,0
139.69,compaction,688,kCompaction,0,0,/home/wam/grad/s14-range-delete-study/scratch/longcycle_formal/db_LC20-R2-CLEAN/001108.sst,0,798090251,758152,7052
140.53,flush,698,Write Buffer Full,-1,0,/home/wam/grad/s14-range-delete-study/scratch/longcycle_formal/db_LC20-R2-CLEAN/001119.sst,0,56701770,54270,0
141.83,flush,701,Write Buffer Full,-1,0,/home/wam/grad/s14-range-delete-study/scratch/longcycle_formal/db_LC20-R2-CLEAN/001123.sst,0,57158734,54708,0
142.22,compaction,621,kCompaction,0,4,/home/wam/grad/s14-range-delete-study/scratch/longcycle_formal/db_LC20-R2-CLEAN/001011.sst,0,4769820753,4532482,211468
142.23,compaction,704,kCompaction,4,5,/home/wam/grad/s14-range-delete-study/scratch/longcycle_formal/db_LC20-R2-CLEAN/001085.sst,0,0,0,0
142.24,compaction,705,kCompaction,4,5,/home/wam/grad/s14-range-delete-study/scratch/longcycle_formal/db_LC20-R2-CLEAN/001096.sst,0,0,0,0
142.24,compaction,706,kCompaction,4,5,/home/wam/grad/s14-range-delete-study/scratch/longcycle_formal/db_LC20-R2-CLEAN/001107.sst,0,0,0,0
142.26,compaction,707,kCompaction,4,5,/home/wam/grad/s14-range-delete-study/scratch/longcycle_formal/db_LC20-R2-CLEAN/001112.sst,0,0,0,0
142.26,compaction,708,kCompaction,4,5,/home/wam/grad/s14-range-delete-study/scratch/longcycle_formal/db_LC20-R2-CLEAN/001120.sst,0,0,0,0
143.02,compaction,702,kCompaction,0,0,/home/wam/grad/s14-range-delete-study/scratch/longcycle_formal/db_LC20-R2-CLEAN/001124.sst,0,243848056,231653,734
143.33,flush,711,Write Buffer Full,-1,0,/home/wam/grad/s14-range-delete-study/scratch/longcycle_formal/db_LC20-R2-CLEAN/001130.sst,0,60994742,58380,0
143.82,compaction,712,kCompaction,5,6,/home/wam/grad/s14-range-delete-study/scratch/longcycle_formal/db_LC20-R2-CLEAN/001120.sst,0,0,0,0
144.83,flush,714,Write Buffer Full,-1,0,/home/wam/grad/s14-range-delete-study/scratch/longcycle_formal/db_LC20-R2-CLEAN/001139.sst,0,64600554,61832,0
145.83,compaction,710,kCompaction,4,5,/home/wam/grad/s14-range-delete-study/scratch/longcycle_formal/db_LC20-R2-CLEAN/001127.sst,0,644569068,612519,8704
145.84,compaction,709,kCompaction,4,5,/home/wam/grad/s14-range-delete-study/scratch/longcycle_formal/db_LC20-R2-CLEAN/001126.sst,0,655782686,623173,2868
146.00,compaction,713,kCompaction,5,6,/home/wam/grad/s14-range-delete-study/scratch/longcycle_formal/db_LC20-R2-CLEAN/001133.sst,0,338196911,321383,0
146.56,flush,718,Write Buffer Full,-1,0,/home/wam/grad/s14-range-delete-study/scratch/longcycle_formal/db_LC20-R2-CLEAN/001152.sst,0,61778271,59130,0
148.19,flush,719,Write Buffer Full,-1,0,/home/wam/grad/s14-range-delete-study/scratch/longcycle_formal/db_LC20-R2-CLEAN/001166.sst,0,61889797,59237,0
148.60,compaction,715,kCompaction,5,6,/home/wam/grad/s14-range-delete-study/scratch/longcycle_formal/db_LC20-R2-CLEAN/001147.sst,0,578147004,549400,2
149.04,compaction,717,kCompaction,5,6,/home/wam/grad/s14-range-delete-study/scratch/longcycle_formal/db_LC20-R2-CLEAN/001149.sst,0,674128047,640611,7981
149.91,flush,722,Write Buffer Full,-1,0,/home/wam/grad/s14-range-delete-study/scratch/longcycle_formal/db_LC20-R2-CLEAN/001177.sst,0,64716501,61944,0
150.99,compaction,721,kCompaction,5,6,/home/wam/grad/s14-range-delete-study/scratch/longcycle_formal/db_LC20-R2-CLEAN/001174.sst,0,195744320,186015,409
151.44,flush,724,Write Buffer Full,-1,0,/home/wam/grad/s14-range-delete-study/scratch/longcycle_formal/db_LC20-R2-CLEAN/001186.sst,0,64729914,61957,0
151.80,compaction,723,kCompaction,5,6,/home/wam/grad/s14-range-delete-study/scratch/longcycle_formal/db_LC20-R2-CLEAN/001184.sst,0,137802676,130951,20980
152.01,compaction,720,kCompaction,5,6,/home/wam/grad/s14-range-delete-study/scratch/longcycle_formal/db_LC20-R2-CLEAN/001172.sst,0,473468960,449932,0
152.64,flush,727,Write Buffer Full,-1,0,/home/wam/grad/s14-range-delete-study/scratch/longcycle_formal/db_LC20-R2-CLEAN/001195.sst,0,60511122,57917,0
153.96,flush,728,Write Buffer Full,-1,0,/home/wam/grad/s14-range-delete-study/scratch/longcycle_formal/db_LC20-R2-CLEAN/001204.sst,0,64779148,62003,0
154.29,compaction,726,kCompaction,5,6,/home/wam/grad/s14-range-delete-study/scratch/longcycle_formal/db_LC20-R2-CLEAN/001192.sst,0,326001290,309795,11597
154.73,compaction,725,kCompaction,5,6,/home/wam/grad/s14-range-delete-study/scratch/longcycle_formal/db_LC20-R2-CLEAN/001191.sst,0,456000079,433329,16609
155.15,flush,731,Write Buffer Full,-1,0,/home/wam/grad/s14-range-delete-study/scratch/longcycle_formal/db_LC20-R2-CLEAN/001215.sst,0,60222221,57640,0
156.04,compaction,729,kCompaction,0,0,/home/wam/grad/s14-range-delete-study/scratch/longcycle_formal/db_LC20-R2-CLEAN/001209.sst,0,378823657,359866,2322
156.29,flush,733,Write Buffer Full,-1,0,/home/wam/grad/s14-range-delete-study/scratch/longcycle_formal/db_LC20-R2-CLEAN/001223.sst,0,63886766,61148,0
157.15,compaction,730,kCompaction,5,6,/home/wam/grad/s14-range-delete-study/scratch/longcycle_formal/db_LC20-R2-CLEAN/001213.sst,0,333436448,316858,21373
157.40,flush,736,Write Buffer Full,-1,0,/home/wam/grad/s14-range-delete-study/scratch/longcycle_formal/db_LC20-R2-CLEAN/001230.sst,0,60577222,57980,0
158.39,flush,739,Write Buffer Full,-1,0,/home/wam/grad/s14-range-delete-study/scratch/longcycle_formal/db_LC20-R2-CLEAN/001238.sst,0,62565251,59883,0
159.61,flush,741,Write Buffer Full,-1,0,/home/wam/grad/s14-range-delete-study/scratch/longcycle_formal/db_LC20-R2-CLEAN/001244.sst,0,58497491,55989,0
159.62,compaction,740,kCompaction,0,0,/home/wam/grad/s14-range-delete-study/scratch/longcycle_formal/db_LC20-R2-CLEAN/001239.sst,0,248254946,235834,817
160.34,flush,744,Write Buffer Full,-1,0,/home/wam/grad/s14-range-delete-study/scratch/longcycle_formal/db_LC20-R2-CLEAN/001249.sst,0,56899067,54459,0
160.54,compaction,732,kCompaction,5,6,/home/wam/grad/s14-range-delete-study/scratch/longcycle_formal/db_LC20-R2-CLEAN/001221.sst,0,641280635,609395,33350
161.24,flush,748,Write Buffer Full,-1,0,/home/wam/grad/s14-range-delete-study/scratch/longcycle_formal/db_LC20-R2-CLEAN/001254.sst,0,60071166,57495,0
162.17,flush,751,Write Buffer Full,-1,0,/home/wam/grad/s14-range-delete-study/scratch/longcycle_formal/db_LC20-R2-CLEAN/001258.sst,0,61487920,58852,0
163.38,compaction,752,kCompaction,0,0,/home/wam/grad/s14-range-delete-study/scratch/longcycle_formal/db_LC20-R2-CLEAN/001260.sst,0,237927076,226026,769
164.06,flush,756,Write Buffer Full,-1,0,/home/wam/grad/s14-range-delete-study/scratch/longcycle_formal/db_LC20-R2-CLEAN/001264.sst,0,64571450,61803,0
165.72,flush,759,Write Buffer Full,-1,0,/home/wam/grad/s14-range-delete-study/scratch/longcycle_formal/db_LC20-R2-CLEAN/001269.sst,0,64287522,61531,0
167.11,flush,762,Write Buffer Full,-1,0,/home/wam/grad/s14-range-delete-study/scratch/longcycle_formal/db_LC20-R2-CLEAN/001274.sst,0,64913336,62130,0
167.27,compaction,716,kCompaction,0,4,/home/wam/grad/s14-range-delete-study/scratch/longcycle_formal/db_LC20-R2-CLEAN/001148.sst,0,3508728385,3334047,126472
167.28,compaction,764,kCompaction,4,5,/home/wam/grad/s14-range-delete-study/scratch/longcycle_formal/db_LC20-R2-CLEAN/001212.sst,0,0,0,0
167.28,compaction,765,kCompaction,4,5,/home/wam/grad/s14-range-delete-study/scratch/longcycle_formal/db_LC20-R2-CLEAN/001220.sst,0,0,0,0
167.29,compaction,766,kCompaction,4,5,/home/wam/grad/s14-range-delete-study/scratch/longcycle_formal/db_LC20-R2-CLEAN/001256.sst,0,0,0,0
167.30,compaction,767,kCompaction,4,5,/home/wam/grad/s14-range-delete-study/scratch/longcycle_formal/db_LC20-R2-CLEAN/001265.sst,0,0,0,0
167.30,compaction,768,kCompaction,4,5,/home/wam/grad/s14-range-delete-study/scratch/longcycle_formal/db_LC20-R2-CLEAN/001267.sst,0,0,0,0
167.31,compaction,769,kCompaction,4,5,/home/wam/grad/s14-range-delete-study/scratch/longcycle_formal/db_LC20-R2-CLEAN/001272.sst,0,0,0,0
167.32,compaction,771,kCompaction,5,6,/home/wam/grad/s14-range-delete-study/scratch/longcycle_formal/db_LC20-R2-CLEAN/001275.sst,0,0,0,0
168.07,compaction,772,kCompaction,5,6,/home/wam/grad/s14-range-delete-study/scratch/longcycle_formal/db_LC20-R2-CLEAN/001277.sst,0,133642554,126998,1723
168.35,flush,775,Write Buffer Full,-1,0,/home/wam/grad/s14-range-delete-study/scratch/longcycle_formal/db_LC20-R2-CLEAN/001283.sst,0,63185006,60476,0
168.36,compaction,773,kCompaction,5,6,/home/wam/grad/s14-range-delete-study/scratch/longcycle_formal/db_LC20-R2-CLEAN/001279.sst,0,102376093,97283,274
169.24,compaction,776,kCompaction,0,0,/home/wam/grad/s14-range-delete-study/scratch/longcycle_formal/db_LC20-R2-CLEAN/001285.sst,0,258086166,245181,759
169.39,flush,777,Write Buffer Full,-1,0,/home/wam/grad/s14-range-delete-study/scratch/longcycle_formal/db_LC20-R2-CLEAN/001290.sst,0,59376259,56830,0
169.76,compaction,774,kCompaction,5,6,/home/wam/grad/s14-range-delete-study/scratch/longcycle_formal/db_LC20-R2-CLEAN/001281.sst,0,296727822,281973,12318
169.99,compaction,778,kCompaction,4,5,/home/wam/grad/s14-range-delete-study/scratch/longcycle_formal/db_LC20-R2-CLEAN/001292.sst,0,94911883,90165,2273
170.31,flush,781,Write Buffer Full,-1,0,/home/wam/grad/s14-range-delete-study/scratch/longcycle_formal/db_LC20-R2-CLEAN/001299.sst,0,59217510,56678,0
170.72,compaction,780,kCompaction,5,6,/home/wam/grad/s14-range-delete-study/scratch/longcycle_formal/db_LC20-R2-CLEAN/001297.sst,0,203539826,193413,4475
170.85,compaction,770,kCompaction,4,5,/home/wam/grad/s14-range-delete-study/scratch/longcycle_formal/db_LC20-R2-CLEAN/001276.sst,0,705838886,670736,16678
171.42,flush,784,Write Buffer Full,-1,0,/home/wam/grad/s14-range-delete-study/scratch/longcycle_formal/db_LC20-R2-CLEAN/001312.sst,0,63659109,60930,0
172.85,flush,785,Write Buffer Full,-1,0,/home/wam/grad/s14-range-delete-study/scratch/longcycle_formal/db_LC20-R2-CLEAN/001321.sst,0,64596548,61827,0
172.95,compaction,779,kCompaction,4,5,/home/wam/grad/s14-range-delete-study/scratch/longcycle_formal/db_LC20-R2-CLEAN/001295.sst,0,336876788,320103,6734
173.11,compaction,782,kCompaction,5,6,/home/wam/grad/s14-range-delete-study/scratch/longcycle_formal/db_LC20-R2-CLEAN/001307.sst,0,430906962,409483,12964
174.09,flush,788,Write Buffer Full,-1,0,/home/wam/grad/s14-range-delete-study/scratch/longcycle_formal/db_LC20-R2-CLEAN/001332.sst,0,61464593,58830,0
174.38,compaction,787,kCompaction,5,6,/home/wam/grad/s14-range-delete-study/scratch/longcycle_formal/db_LC20-R2-CLEAN/001328.sst,0,162272079,154204,11929
174.48,compaction,783,kCompaction,5,6,/home/wam/grad/s14-range-delete-study/scratch/longcycle_formal/db_LC20-R2-CLEAN/001309.sst,0,656554728,623916,8258
174.95,flush,791,Write Buffer Full,-1,0,/home/wam/grad/s14-range-delete-study/scratch/longcycle_formal/db_LC20-R2-CLEAN/001342.sst,0,64588797,61820,0
175.48,compaction,790,kCompaction,5,6,/home/wam/grad/s14-range-delete-study/scratch/longcycle_formal/db_LC20-R2-CLEAN/001339.sst,0,202928442,192835,52926
176.00,flush,793,Write Buffer Full,-1,0,/home/wam/grad/s14-range-delete-study/scratch/longcycle_formal/db_LC20-R2-CLEAN/001351.sst,0,59044823,56513,0
176.47,compaction,789,kCompaction,5,6,/home/wam/grad/s14-range-delete-study/scratch/longcycle_formal/db_LC20-R2-CLEAN/001338.sst,0,346148083,328932,8797
176.48,compaction,792,kCompaction,5,6,/home/wam/grad/s14-range-delete-study/scratch/longcycle_formal/db_LC20-R2-CLEAN/001349.sst,0,202924793,192839,47112
177.05,flush,796,Write Buffer Full,-1,0,/home/wam/grad/s14-range-delete-study/scratch/longcycle_formal/db_LC20-R2-CLEAN/001362.sst,0,64609110,61839,0
177.36,compaction,795,kCompaction,5,6,/home/wam/grad/s14-range-delete-study/scratch/longcycle_formal/db_LC20-R2-CLEAN/001358.sst,0,202924792,192839,45821
178.23,flush,798,Write Buffer Full,-1,0,/home/wam/grad/s14-range-delete-study/scratch/longcycle_formal/db_LC20-R2-CLEAN/001372.sst,0,63438690,60718,0
179.12,flush,799,Write Buffer Full,-1,0,/home/wam/grad/s14-range-delete-study/scratch/longcycle_formal/db_LC20-R2-CLEAN/001382.sst,0,57563967,55095,0
180.03,compaction,794,kCompaction,5,6,/home/wam/grad/s14-range-delete-study/scratch/longcycle_formal/db_LC20-R2-CLEAN/001357.sst,0,677992255,644283,23347
180.22,flush,800,Write Buffer Full,-1,0,/home/wam/grad/s14-range-delete-study/scratch/longcycle_formal/db_LC20-R2-CLEAN/001394.sst,0,64632329,61861,0
180.32,compaction,797,kCompaction,5,6,/home/wam/grad/s14-range-delete-study/scratch/longcycle_formal/db_LC20-R2-CLEAN/001367.sst,0,703432915,668456,21972
181.48,flush,803,Write Buffer Full,-1,0,/home/wam/grad/s14-range-delete-study/scratch/longcycle_formal/db_LC20-R2-CLEAN/001403.sst,0,59860960,57294,0
182.07,compaction,801,kCompaction,0,0,/home/wam/grad/s14-range-delete-study/scratch/longcycle_formal/db_LC20-R2-CLEAN/001396.sst,0,371488601,352904,1911
182.28,flush,804,Write Buffer Full,-1,0,/home/wam/grad/s14-range-delete-study/scratch/longcycle_formal/db_LC20-R2-CLEAN/001407.sst,0,64706556,61932,0
183.12,flush,808,Write Buffer Full,-1,0,/home/wam/grad/s14-range-delete-study/scratch/longcycle_formal/db_LC20-R2-CLEAN/001413.sst,0,60397152,57806,0
184.07,flush,810,Write Buffer Full,-1,0,/home/wam/grad/s14-range-delete-study/scratch/longcycle_formal/db_LC20-R2-CLEAN/001419.sst,0,59525051,56972,0
184.29,compaction,809,kCompaction,0,0,/home/wam/grad/s14-range-delete-study/scratch/longcycle_formal/db_LC20-R2-CLEAN/001414.sst,0,250710588,238167,726
184.99,compaction,802,kCompaction,5,6,/home/wam/grad/s14-range-delete-study/scratch/longcycle_formal/db_LC20-R2-CLEAN/001398.sst,0,715326894,679760,27290
185.21,flush,814,Write Buffer Full,-1,0,/home/wam/grad/s14-range-delete-study/scratch/longcycle_formal/db_LC20-R2-CLEAN/001425.sst,0,57728678,55253,0
186.52,flush,817,Write Buffer Full,-1,0,/home/wam/grad/s14-range-delete-study/scratch/longcycle_formal/db_LC20-R2-CLEAN/001429.sst,0,62252519,59583,0
187.77,flush,820,Write Buffer Full,-1,0,/home/wam/grad/s14-range-delete-study/scratch/longcycle_formal/db_LC20-R2-CLEAN/001434.sst,0,62828194,60134,0
188.87,compaction,821,kCompaction,0,0,/home/wam/grad/s14-range-delete-study/scratch/longcycle_formal/db_LC20-R2-CLEAN/001435.sst,0,243434391,231262,680
189.22,flush,825,Write Buffer Full,-1,0,/home/wam/grad/s14-range-delete-study/scratch/longcycle_formal/db_LC20-R2-CLEAN/001439.sst,0,61664635,59020,0
189.56,compaction,786,kCompaction,0,4,/home/wam/grad/s14-range-delete-study/scratch/longcycle_formal/db_LC20-R2-CLEAN/001326.sst,0,2851508556,2709485,105081
189.56,compaction,828,kCompaction,4,5,/home/wam/grad/s14-range-delete-study/scratch/longcycle_formal/db_LC20-R2-CLEAN/001354.sst,0,0,0,0
189.57,compaction,827,kCompaction,4,5,/home/wam/grad/s14-range-delete-study/scratch/longcycle_formal/db_LC20-R2-CLEAN/001337.sst,0,0,0,0
189.57,compaction,829,kCompaction,4,5,/home/wam/grad/s14-range-delete-study/scratch/longcycle_formal/db_LC20-R2-CLEAN/001366.sst,0,0,0,0
189.58,compaction,830,kCompaction,4,5,/home/wam/grad/s14-range-delete-study/scratch/longcycle_formal/db_LC20-R2-CLEAN/001383.sst,0,0,0,0
189.59,compaction,831,kCompaction,4,5,/home/wam/grad/s14-range-delete-study/scratch/longcycle_formal/db_LC20-R2-CLEAN/001430.sst,0,0,0,0
189.59,compaction,832,kCompaction,4,5,/home/wam/grad/s14-range-delete-study/scratch/longcycle_formal/db_LC20-R2-CLEAN/001436.sst,0,0,0,0
190.37,compaction,834,kCompaction,4,5,/home/wam/grad/s14-range-delete-study/scratch/longcycle_formal/db_LC20-R2-CLEAN/001441.sst,0,148104698,140719,11210
190.43,flush,835,Write Buffer Full,-1,0,/home/wam/grad/s14-range-delete-study/scratch/longcycle_formal/db_LC20-R2-CLEAN/001446.sst,0,60026683,57452,0
190.49,compaction,833,kCompaction,4,5,/home/wam/grad/s14-range-delete-study/scratch/longcycle_formal/db_LC20-R2-CLEAN/001440.sst,0,174532688,165833,12405
191.35,compaction,836,kCompaction,4,5,/home/wam/grad/s14-range-delete-study/scratch/longcycle_formal/db_LC20-R2-CLEAN/001448.sst,0,193937573,184277,18851
191.47,compaction,838,kCompaction,5,6,/home/wam/grad/s14-range-delete-study/scratch/longcycle_formal/db_LC20-R2-CLEAN/001450.sst,0,104749292,99543,1694
191.59,flush,839,Write Buffer Full,-1,0,/home/wam/grad/s14-range-delete-study/scratch/longcycle_formal/db_LC20-R2-CLEAN/001458.sst,0,60598869,58000,0
191.60,compaction,837,kCompaction,4,5,/home/wam/grad/s14-range-delete-study/scratch/longcycle_formal/db_LC20-R2-CLEAN/001449.sst,0,192143848,182558,2875
192.43,compaction,840,kCompaction,5,6,/home/wam/grad/s14-range-delete-study/scratch/longcycle_formal/db_LC20-R2-CLEAN/001459.sst,0,202924793,192839,56977
192.85,flush,844,Write Buffer Full,-1,0,/home/wam/grad/s14-range-delete-study/scratch/longcycle_formal/db_LC20-R2-CLEAN/001469.sst,0,63903329,61164,0
193.64,compaction,843,kCompaction,5,6,/home/wam/grad/s14-range-delete-study/scratch/longcycle_formal/db_LC20-R2-CLEAN/001466.sst,0,202924791,192839,51773
194.02,flush,846,Write Buffer Full,-1,0,/home/wam/grad/s14-range-delete-study/scratch/longcycle_formal/db_LC20-R2-CLEAN/001478.sst,0,61329629,58700,0
194.49,compaction,841,kCompaction,5,6,/home/wam/grad/s14-range-delete-study/scratch/longcycle_formal/db_LC20-R2-CLEAN/001460.sst,0,491084229,466669,24020
194.64,compaction,845,kCompaction,5,6,/home/wam/grad/s14-range-delete-study/scratch/longcycle_formal/db_LC20-R2-CLEAN/001476.sst,0,202927018,192835,51612
195.21,flush,849,Write Buffer Full,-1,0,/home/wam/grad/s14-range-delete-study/scratch/longcycle_formal/db_LC20-R2-CLEAN/001490.sst,0,63348942,60633,0
196.04,compaction,847,kCompaction,5,6,/home/wam/grad/s14-range-delete-study/scratch/longcycle_formal/db_LC20-R2-CLEAN/001485.sst,0,314340152,298709,5831
196.29,flush,850,Write Buffer Full,-1,0,/home/wam/grad/s14-range-delete-study/scratch/longcycle_formal/db_LC20-R2-CLEAN/001500.sst,0,58223277,55726,0
196.30,compaction,848,kCompaction,5,6,/home/wam/grad/s14-range-delete-study/scratch/longcycle_formal/db_LC20-R2-CLEAN/001487.sst,0,270568349,257116,59873
197.38,flush,853,Write Buffer Full,-1,0,/home/wam/grad/s14-range-delete-study/scratch/longcycle_formal/db_LC20-R2-CLEAN/001510.sst,0,62812992,60120,0
197.74,compaction,852,kCompaction,5,6,/home/wam/grad/s14-range-delete-study/scratch/longcycle_formal/db_LC20-R2-CLEAN/001502.sst,0,270568344,257116,58476
197.91,compaction,851,kCompaction,5,6,/home/wam/grad/s14-range-delete-study/scratch/longcycle_formal/db_LC20-R2-CLEAN/001501.sst,0,429169652,407832,8155
198.46,flush,856,Write Buffer Full,-1,0,/home/wam/grad/s14-range-delete-study/scratch/longcycle_formal/db_LC20-R2-CLEAN/001520.sst,0,64219936,61466,0
199.27,compaction,854,kCompaction,0,0,/home/wam/grad/s14-range-delete-study/scratch/longcycle_formal/db_LC20-R2-CLEAN/001516.sst,0,310656774,295116,1227
199.91,flush,858,Write Buffer Full,-1,0,/home/wam/grad/s14-range-delete-study/scratch/longcycle_formal/db_LC20-R2-CLEAN/001527.sst,0,60098158,57521,0
200.73,compaction,857,kCompaction,5,6,/home/wam/grad/s14-range-delete-study/scratch/longcycle_formal/db_LC20-R2-CLEAN/001524.sst,0,195122698,185419,38323
201.30,flush,860,Write Buffer Full,-1,0,/home/wam/grad/s14-range-delete-study/scratch/longcycle_formal/db_LC20-R2-CLEAN/001538.sst,0,57985986,55499,0
202.57,compaction,855,kCompaction,5,6,/home/wam/grad/s14-range-delete-study/scratch/longcycle_formal/db_LC20-R2-CLEAN/001517.sst,0,747040605,709901,36558
203.18,flush,862,Write Buffer Full,-1,0,/home/wam/grad/s14-range-delete-study/scratch/longcycle_formal/db_LC20-R2-CLEAN/001556.sst,0,57384777,54923,0
204.21,compaction,859,kCompaction,5,6,/home/wam/grad/s14-range-delete-study/scratch/longcycle_formal/db_LC20-R2-CLEAN/001535.sst,0,721824105,685934,64479
205.16,compaction,863,kCompaction,0,0,/home/wam/grad/s14-range-delete-study/scratch/longcycle_formal/db_LC20-R2-CLEAN/001564.sst,0,240771477,228727,682
205.17,compaction,861,kCompaction,5,6,/home/wam/grad/s14-range-delete-study/scratch/longcycle_formal/db_LC20-R2-CLEAN/001551.sst,0,338208251,321397,62923
205.65,flush,866,Write Buffer Full,-1,0,/home/wam/grad/s14-range-delete-study/scratch/longcycle_formal/db_LC20-R2-CLEAN/001570.sst,0,63625947,60898,0
207.76,flush,870,Write Buffer Full,-1,0,/home/wam/grad/s14-range-delete-study/scratch/longcycle_formal/db_LC20-R2-CLEAN/001580.sst,0,62411744,59735,0
208.52,compaction,842,kCompaction,0,4,/home/wam/grad/s14-range-delete-study/scratch/longcycle_formal/db_LC20-R2-CLEAN/001461.sst,0,2541660686,2415064,61651
208.55,compaction,872,kCompaction,4,5,/home/wam/grad/s14-range-delete-study/scratch/longcycle_formal/db_LC20-R2-CLEAN/001461.sst,0,0,0,0
208.57,compaction,873,kCompaction,4,5,/home/wam/grad/s14-range-delete-study/scratch/longcycle_formal/db_LC20-R2-CLEAN/001486.sst,0,0,0,0
208.58,compaction,874,kCompaction,4,5,/home/wam/grad/s14-range-delete-study/scratch/longcycle_formal/db_LC20-R2-CLEAN/001548.sst,0,0,0,0
208.58,compaction,875,kCompaction,4,5,/home/wam/grad/s14-range-delete-study/scratch/longcycle_formal/db_LC20-R2-CLEAN/001565.sst,0,0,0,0
209.36,compaction,864,kCompaction,5,6,/home/wam/grad/s14-range-delete-study/scratch/longcycle_formal/db_LC20-R2-CLEAN/001568.sst,0,766269020,728168,63426
209.38,compaction,876,kCompaction,4,5,/home/wam/grad/s14-range-delete-study/scratch/longcycle_formal/db_LC20-R2-CLEAN/001584.sst,0,116278998,110470,1786
209.39,compaction,878,kCompaction,4,5,/home/wam/grad/s14-range-delete-study/scratch/longcycle_formal/db_LC20-R2-CLEAN/001496.sst,0,0,0,0
209.40,compaction,879,kCompaction,4,5,/home/wam/grad/s14-range-delete-study/scratch/longcycle_formal/db_LC20-R2-CLEAN/001523.sst,0,0,0,0
210.24,flush,881,Write Buffer Full,-1,0,/home/wam/grad/s14-range-delete-study/scratch/longcycle_formal/db_LC20-R2-CLEAN/001593.sst,0,64087894,61339,0
210.84,compaction,877,kCompaction,4,5,/home/wam/grad/s14-range-delete-study/scratch/longcycle_formal/db_LC20-R2-CLEAN/001588.sst,0,246958927,234666,22384
212.41,compaction,882,kCompaction,5,6,/home/wam/grad/s14-range-delete-study/scratch/longcycle_formal/db_LC20-R2-CLEAN/001594.sst,0,263883761,250764,6343
213.28,flush,885,Write Buffer Full,-1,0,/home/wam/grad/s14-range-delete-study/scratch/longcycle_formal/db_LC20-R2-CLEAN/001615.sst,0,60020226,57446,0
213.48,compaction,884,kCompaction,5,6,/home/wam/grad/s14-range-delete-study/scratch/longcycle_formal/db_LC20-R2-CLEAN/001609.sst,0,163051288,154942,2914
214.44,compaction,880,kCompaction,5,6,/home/wam/grad/s14-range-delete-study/scratch/longcycle_formal/db_LC20-R2-CLEAN/001589.sst,0,879314755,835599,0
215.13,compaction,886,kCompaction,5,6,/home/wam/grad/s14-range-delete-study/scratch/longcycle_formal/db_LC20-R2-CLEAN/001620.sst,0,190689459,181208,2173
215.13,flush,888,Write Buffer Full,-1,0,/home/wam/grad/s14-range-delete-study/scratch/longcycle_formal/db_LC20-R2-CLEAN/001630.sst,0,62316076,59644,0
215.57,compaction,887,kCompaction,5,6,/home/wam/grad/s14-range-delete-study/scratch/longcycle_formal/db_LC20-R2-CLEAN/001627.sst,0,152260888,144686,3039
217.12,flush,891,Write Buffer Full,-1,0,/home/wam/grad/s14-range-delete-study/scratch/longcycle_formal/db_LC20-R2-CLEAN/001647.sst,0,63565300,60839,0
217.75,compaction,883,kCompaction,0,4,/home/wam/grad/s14-range-delete-study/scratch/longcycle_formal/db_LC20-R2-CLEAN/001600.sst,0,1452929685,1380435,21981
218.02,compaction,892,kCompaction,4,5,/home/wam/grad/s14-range-delete-study/scratch/longcycle_formal/db_LC20-R2-CLEAN/001622.sst,0,0,0,0
218.03,compaction,893,kCompaction,4,5,/home/wam/grad/s14-range-delete-study/scratch/longcycle_formal/db_LC20-R2-CLEAN/001634.sst,0,0,0,0
218.03,compaction,894,kCompaction,4,5,/home/wam/grad/s14-range-delete-study/scratch/longcycle_formal/db_LC20-R2-CLEAN/001650.sst,0,0,0,0
218.10,compaction,889,kCompaction,5,6,/home/wam/grad/s14-range-delete-study/scratch/longcycle_formal/db_LC20-R2-CLEAN/001633.sst,0,512867204,487366,91096
218.14,compaction,896,kCompaction,4,5,/home/wam/grad/s14-range-delete-study/scratch/longcycle_formal/db_LC20-R2-CLEAN/001626.sst,0,0,0,0
218.75,flush,898,Write Buffer Full,-1,0,/home/wam/grad/s14-range-delete-study/scratch/longcycle_formal/db_LC20-R2-CLEAN/001658.sst,0,64724571,61949,0
219.31,compaction,897,kCompaction,4,5,/home/wam/grad/s14-range-delete-study/scratch/longcycle_formal/db_LC20-R2-CLEAN/001655.sst,0,191418335,181888,4898
219.50,compaction,895,kCompaction,4,5,/home/wam/grad/s14-range-delete-study/scratch/longcycle_formal/db_LC20-R2-CLEAN/001654.sst,0,250008165,237555,3928
220.15,compaction,899,kCompaction,4,5,/home/wam/grad/s14-range-delete-study/scratch/longcycle_formal/db_LC20-R2-CLEAN/001663.sst,0,109381573,103923,4713
220.18,flush,901,Write Buffer Full,-1,0,/home/wam/grad/s14-range-delete-study/scratch/longcycle_formal/db_LC20-R2-CLEAN/001669.sst,0,64243514,61488,0
220.26,compaction,900,kCompaction,4,5,/home/wam/grad/s14-range-delete-study/scratch/longcycle_formal/db_LC20-R2-CLEAN/001665.sst,0,159630571,151680,6
220.52,compaction,890,kCompaction,5,6,/home/wam/grad/s14-range-delete-study/scratch/longcycle_formal/db_LC20-R2-CLEAN/001638.sst,0,541136699,514232,128537
221.43,compaction,902,kCompaction,5,6,/home/wam/grad/s14-range-delete-study/scratch/longcycle_formal/db_LC20-R2-CLEAN/001671.sst,0,202918951,192826,0
221.79,flush,905,Write Buffer Full,-1,0,/home/wam/grad/s14-range-delete-study/scratch/longcycle_formal/db_LC20-R2-CLEAN/001678.sst,0,62531367,59849,0
221.91,compaction,906,kCompaction,5,6,/home/wam/grad/s14-range-delete-study/scratch/longcycle_formal/db_LC20-R2-CLEAN/001679.sst,0,50984691,48448,361
222.71,compaction,904,kCompaction,5,6,/home/wam/grad/s14-range-delete-study/scratch/longcycle_formal/db_LC20-R2-CLEAN/001676.sst,0,233774695,222149,22453
223.49,flush,909,Write Buffer Full,-1,0,/home/wam/grad/s14-range-delete-study/scratch/longcycle_formal/db_LC20-R2-CLEAN/001691.sst,0,64444413,61682,0
224.47,compaction,908,kCompaction,5,6,/home/wam/grad/s14-range-delete-study/scratch/longcycle_formal/db_LC20-R2-CLEAN/001687.sst,0,270568350,257116,65840
225.11,flush,911,Write Buffer Full,-1,0,/home/wam/grad/s14-range-delete-study/scratch/longcycle_formal/db_LC20-R2-CLEAN/001704.sst,0,61249694,58623,0
225.37,compaction,907,kCompaction,5,6,/home/wam/grad/s14-range-delete-study/scratch/longcycle_formal/db_LC20-R2-CLEAN/001682.sst,0,488529161,464242,11993
225.89,compaction,903,kCompaction,0,4,/home/wam/grad/s14-range-delete-study/scratch/longcycle_formal/db_LC20-R2-CLEAN/001672.sst,0,997305288,947513,7952
226.33,compaction,914,kCompaction,4,5,/home/wam/grad/s14-range-delete-study/scratch/longcycle_formal/db_LC20-R2-CLEAN/001713.sst,0,0,0,0
226.46,flush,913,Write Buffer Full,-1,0,/home/wam/grad/s14-range-delete-study/scratch/longcycle_formal/db_LC20-R2-CLEAN/001716.sst,0,64772103,61994,0
227.05,compaction,910,kCompaction,5,6,/home/wam/grad/s14-range-delete-study/scratch/longcycle_formal/db_LC20-R2-CLEAN/001701.sst,0,270568351,257116,63689
227.16,compaction,912,kCompaction,5,6,/home/wam/grad/s14-range-delete-study/scratch/longcycle_formal/db_LC20-R2-CLEAN/001709.sst,0,332144971,315628,65310
227.71,flush,918,Write Buffer Full,-1,0,/home/wam/grad/s14-range-delete-study/scratch/longcycle_formal/db_LC20-R2-CLEAN/001726.sst,0,59139672,56603,0
227.84,compaction,915,kCompaction,4,5,/home/wam/grad/s14-range-delete-study/scratch/longcycle_formal/db_LC20-R2-CLEAN/001718.sst,0,253768036,241125,4643
228.45,compaction,917,kCompaction,4,5,/home/wam/grad/s14-range-delete-study/scratch/longcycle_formal/db_LC20-R2-CLEAN/001723.sst,0,102113081,97012,3676
228.62,compaction,919,kCompaction,5,6,/home/wam/grad/s14-range-delete-study/scratch/longcycle_formal/db_LC20-R2-CLEAN/001728.sst,0,107076517,101755,3324
228.99,flush,922,Write Buffer Full,-1,0,/home/wam/grad/s14-range-delete-study/scratch/longcycle_formal/db_LC20-R2-CLEAN/001734.sst,0,64828568,62049,0
229.50,compaction,916,kCompaction,4,5,/home/wam/grad/s14-range-delete-study/scratch/longcycle_formal/db_LC20-R2-CLEAN/001722.sst,0,232824521,221230,110
230.41,compaction,920,kCompaction,5,6,/home/wam/grad/s14-range-delete-study/scratch/longcycle_formal/db_LC20-R2-CLEAN/001731.sst,0,375909290,357218,70562
230.42,flush,924,Write Buffer Full,-1,0,/home/wam/grad/s14-range-delete-study/scratch/longcycle_formal/db_LC20-R2-CLEAN/001746.sst,0,64026147,61281,0
231.36,compaction,925,kCompaction,5,6,/home/wam/grad/s14-range-delete-study/scratch/longcycle_formal/db_LC20-R2-CLEAN/001749.sst,0,142073510,135008,3088
231.51,flush,926,Write Buffer Full,-1,0,/home/wam/grad/s14-range-delete-study/scratch/longcycle_formal/db_LC20-R2-CLEAN/001757.sst,0,61191497,58567,0
232.90,flush,928,Write Buffer Full,-1,0,/home/wam/grad/s14-range-delete-study/scratch/longcycle_formal/db_LC20-R2-CLEAN/001767.sst,0,64194017,61441,0
233.80,compaction,921,kCompaction,5,6,/home/wam/grad/s14-range-delete-study/scratch/longcycle_formal/db_LC20-R2-CLEAN/001732.sst,0,756646437,719022,31172
234.08,flush,929,Write Buffer Full,-1,0,/home/wam/grad/s14-range-delete-study/scratch/longcycle_formal/db_LC20-R2-CLEAN/001776.sst,0,59596300,57041,0
235.27,flush,931,Write Buffer Full,-1,0,/home/wam/grad/s14-range-delete-study/scratch/longcycle_formal/db_LC20-R2-CLEAN/001787.sst,0,60259157,57675,0
235.73,compaction,923,kCompaction,0,4,/home/wam/grad/s14-range-delete-study/scratch/longcycle_formal/db_LC20-R2-CLEAN/001740.sst,0,1062333008,1009295,10964
235.91,compaction,932,kCompaction,4,5,/home/wam/grad/s14-range-delete-study/scratch/longcycle_formal/db_LC20-R2-CLEAN/001783.sst,0,0,0,0
235.92,compaction,930,kCompaction,5,6,/home/wam/grad/s14-range-delete-study/scratch/longcycle_formal/db_LC20-R2-CLEAN/001777.sst,0,386935602,367699,70529
236.32,flush,935,Write Buffer Full,-1,0,/home/wam/grad/s14-range-delete-study/scratch/longcycle_formal/db_LC20-R2-CLEAN/001796.sst,0,63233372,60521,0
236.60,compaction,934,kCompaction,4,5,/home/wam/grad/s14-range-delete-study/scratch/longcycle_formal/db_LC20-R2-CLEAN/001793.sst,0,141367872,134319,1219
236.61,compaction,933,kCompaction,4,5,/home/wam/grad/s14-range-delete-study/scratch/longcycle_formal/db_LC20-R2-CLEAN/001792.sst,0,126960728,120649,1232
237.32,flush,938,Write Buffer Full,-1,0,/home/wam/grad/s14-range-delete-study/scratch/longcycle_formal/db_LC20-R2-CLEAN/001805.sst,0,61104121,58483,0
238.31,compaction,936,kCompaction,0,0,/home/wam/grad/s14-range-delete-study/scratch/longcycle_formal/db_LC20-R2-CLEAN/001800.sst,0,373432480,354745,1781
238.59,compaction,927,kCompaction,5,6,/home/wam/grad/s14-range-delete-study/scratch/longcycle_formal/db_LC20-R2-CLEAN/001758.sst,0,788209785,749025,22302
238.70,flush,939,Write Buffer Full,-1,0,/home/wam/grad/s14-range-delete-study/scratch/longcycle_formal/db_LC20-R2-CLEAN/001810.sst,0,60484518,57890,0
238.85,compaction,937,kCompaction,4,5,/home/wam/grad/s14-range-delete-study/scratch/longcycle_formal/db_LC20-R2-CLEAN/001801.sst,0,315777996,300046,8771
239.24,compaction,940,kCompaction,5,6,/home/wam/grad/s14-range-delete-study/scratch/longcycle_formal/db_LC20-R2-CLEAN/001811.sst,0,128917468,122507,678
239.47,flush,942,Write Buffer Full,-1,0,/home/wam/grad/s14-range-delete-study/scratch/longcycle_formal/db_LC20-R2-CLEAN/001815.sst,0,60957579,58343,0
240.45,compaction,943,kCompaction,5,6,/home/wam/grad/s14-range-delete-study/scratch/longcycle_formal/db_LC20-R2-CLEAN/001816.sst,0,182562137,173483,0
240.63,flush,945,Write Buffer Full,-1,0,/home/wam/grad/s14-range-delete-study/scratch/longcycle_formal/db_LC20-R2-CLEAN/001825.sst,0,62621000,59935,0
241.08,compaction,944,kCompaction,5,6,/home/wam/grad/s14-range-delete-study/scratch/longcycle_formal/db_LC20-R2-CLEAN/001818.sst,0,286285795,272049,5254
241.69,flush,947,Write Buffer Full,-1,0,/home/wam/grad/s14-range-delete-study/scratch/longcycle_formal/db_LC20-R2-CLEAN/001835.sst,0,62111917,59448,0
242.56,flush,948,Write Buffer Full,-1,0,/home/wam/grad/s14-range-delete-study/scratch/longcycle_formal/db_LC20-R2-CLEAN/001842.sst,0,63314606,60599,0
243.20,compaction,946,kCompaction,5,6,/home/wam/grad/s14-range-delete-study/scratch/longcycle_formal/db_LC20-R2-CLEAN/001826.sst,0,451276091,428840,12527
243.66,compaction,949,kCompaction,0,0,/home/wam/grad/s14-range-delete-study/scratch/longcycle_formal/db_LC20-R2-CLEAN/001844.sst,0,250204468,237687,638
243.89,flush,950,Write Buffer Full,-1,0,/home/wam/grad/s14-range-delete-study/scratch/longcycle_formal/db_LC20-R2-CLEAN/001850.sst,0,61674488,59029,0
244.57,flush,952,Write Buffer Full,-1,0,/home/wam/grad/s14-range-delete-study/scratch/longcycle_formal/db_LC20-R2-CLEAN/001853.sst,0,62713108,60023,0
244.80,compaction,941,kCompaction,0,4,/home/wam/grad/s14-range-delete-study/scratch/longcycle_formal/db_LC20-R2-CLEAN/001813.sst,0,1144765674,1087608,10956
244.82,compaction,955,kCompaction,4,5,/home/wam/grad/s14-range-delete-study/scratch/longcycle_formal/db_LC20-R2-CLEAN/001817.sst,0,0,0,0
244.84,compaction,956,kCompaction,4,5,/home/wam/grad/s14-range-delete-study/scratch/longcycle_formal/db_LC20-R2-CLEAN/001833.sst,0,0,0,0
244.86,compaction,957,kCompaction,4,5,/home/wam/grad/s14-range-delete-study/scratch/longcycle_formal/db_LC20-R2-CLEAN/001845.sst,0,0,0,0
244.88,compaction,958,kCompaction,4,5,/home/wam/grad/s14-range-delete-study/scratch/longcycle_formal/db_LC20-R2-CLEAN/001848.sst,0,0,0,0
245.48,flush,962,Write Buffer Full,-1,0,/home/wam/grad/s14-range-delete-study/scratch/longcycle_formal/db_LC20-R2-CLEAN/001859.sst,0,62495072,59814,0
245.55,compaction,960,kCompaction,4,5,/home/wam/grad/s14-range-delete-study/scratch/longcycle_formal/db_LC20-R2-CLEAN/001856.sst,0,90923199,86390,8252
245.61,compaction,959,kCompaction,4,5,/home/wam/grad/s14-range-delete-study/scratch/longcycle_formal/db_LC20-R2-CLEAN/001855.sst,0,146471163,139185,2349
246.10,compaction,963,kCompaction,5,6,/home/wam/grad/s14-range-delete-study/scratch/longcycle_formal/db_LC20-R2-CLEAN/001863.sst,0,67641331,64281,16041
246.56,compaction,961,kCompaction,4,5,/home/wam/grad/s14-range-delete-study/scratch/longcycle_formal/db_LC20-R2-CLEAN/001857.sst,0,246342790,234050,2683
246.56,flush,966,Write Buffer Full,-1,0,/home/wam/grad/s14-range-delete-study/scratch/longcycle_formal/db_LC20-R2-CLEAN/001869.sst,0,64921238,62136,0
247.39,flush,968,Write Buffer Full,-1,0,/home/wam/grad/s14-range-delete-study/scratch/longcycle_formal/db_LC20-R2-CLEAN/001878.sst,0,64706670,61931,0
247.47,compaction,964,kCompaction,5,6,/home/wam/grad/s14-range-delete-study/scratch/longcycle_formal/db_LC20-R2-CLEAN/001864.sst,0,300900406,285938,6173
248.44,flush,970,Write Buffer Full,-1,0,/home/wam/grad/s14-range-delete-study/scratch/longcycle_formal/db_LC20-R2-CLEAN/001888.sst,0,64788939,62010,0
249.53,flush,971,Write Buffer Full,-1,0,/home/wam/grad/s14-range-delete-study/scratch/longcycle_formal/db_LC20-R2-CLEAN/001898.sst,0,61745181,59096,0
250.38,compaction,965,kCompaction,5,6,/home/wam/grad/s14-range-delete-study/scratch/longcycle_formal/db_LC20-R2-CLEAN/001867.sst,0,687162530,652998,54040
250.58,flush,972,Write Buffer Full,-1,0,/home/wam/grad/s14-range-delete-study/scratch/longcycle_formal/db_LC20-R2-CLEAN/001906.sst,0,62853235,60157,0
251.33,flush,974,Write Buffer Full,-1,0,/home/wam/grad/s14-range-delete-study/scratch/longcycle_formal/db_LC20-R2-CLEAN/001916.sst,0,57024802,54578,0
252.22,compaction,967,kCompaction,0,4,/home/wam/grad/s14-range-delete-study/scratch/longcycle_formal/db_LC20-R2-CLEAN/001872.sst,0,1057868414,1005033,11631
252.23,compaction,969,kCompaction,5,6,/home/wam/grad/s14-range-delete-study/scratch/longcycle_formal/db_LC20-R2-CLEAN/001882.sst,0,780805563,741986,29337
252.34,compaction,976,kCompaction,4,5,/home/wam/grad/s14-range-delete-study/scratch/longcycle_formal/db_LC20-R2-CLEAN/001872.sst,0,0,0,0
252.35,compaction,977,kCompaction,4,5,/home/wam/grad/s14-range-delete-study/scratch/longcycle_formal/db_LC20-R2-CLEAN/001876.sst,0,0,0,0
252.35,compaction,978,kCompaction,4,5,/home/wam/grad/s14-range-delete-study/scratch/longcycle_formal/db_LC20-R2-CLEAN/001914.sst,0,0,0,0
252.42,flush,975,Write Buffer Full,-1,0,/home/wam/grad/s14-range-delete-study/scratch/longcycle_formal/db_LC20-R2-CLEAN/001927.sst,0,62993475,60291,0
252.92,compaction,979,kCompaction,4,5,/home/wam/grad/s14-range-delete-study/scratch/longcycle_formal/db_LC20-R2-CLEAN/001928.sst,0,91909998,87331,473
252.94,compaction,980,kCompaction,4,5,/home/wam/grad/s14-range-delete-study/scratch/longcycle_formal/db_LC20-R2-CLEAN/001929.sst,0,98086648,93201,781
253.49,flush,983,Write Buffer Full,-1,0,/home/wam/grad/s14-range-delete-study/scratch/longcycle_formal/db_LC20-R2-CLEAN/001936.sst,0,64220800,61466,0
253.75,compaction,982,kCompaction,4,5,/home/wam/grad/s14-range-delete-study/scratch/longcycle_formal/db_LC20-R2-CLEAN/001934.sst,0,118237789,112323,2679
254.75,flush,985,Write Buffer Full,-1,0,/home/wam/grad/s14-range-delete-study/scratch/longcycle_formal/db_LC20-R2-CLEAN/001944.sst,0,64049442,61302,0
255.05,compaction,981,kCompaction,0,0,/home/wam/grad/s14-range-delete-study/scratch/longcycle_formal/db_LC20-R2-CLEAN/001933.sst,0,375239414,356451,1612
255.16,compaction,984,kCompaction,4,5,/home/wam/grad/s14-range-delete-study/scratch/longcycle_formal/db_LC20-R2-CLEAN/001940.sst,0,159277058,151333,4473
255.61,flush,988,Write Buffer Full,-1,0,/home/wam/grad/s14-range-delete-study/scratch/longcycle_formal/db_LC20-R2-CLEAN/001951.sst,0,64842188,62061,0
255.62,compaction,973,kCompaction,5,6,/home/wam/grad/s14-range-delete-study/scratch/longcycle_formal/db_LC20-R2-CLEAN/001909.sst,0,836287862,794709,29293
255.94,compaction,986,kCompaction,5,6,/home/wam/grad/s14-range-delete-study/scratch/longcycle_formal/db_LC20-R2-CLEAN/001947.sst,0,127294213,120965,899
256.37,flush,991,Write Buffer Full,-1,0,/home/wam/grad/s14-range-delete-study/scratch/longcycle_formal/db_LC20-R2-CLEAN/001958.sst,0,63933121,61190,0
257.46,flush,992,Write Buffer Full,-1,0,/home/wam/grad/s14-range-delete-study/scratch/longcycle_formal/db_LC20-R2-CLEAN/001968.sst,0,64817516,62037,0
258.04,compaction,989,kCompaction,5,6,/home/wam/grad/s14-range-delete-study/scratch/longcycle_formal/db_LC20-R2-CLEAN/001955.sst,0,347982123,330677,6701
258.27,flush,993,Write Buffer Full,-1,0,/home/wam/grad/s14-range-delete-study/scratch/longcycle_formal/db_LC20-R2-CLEAN/001974.sst,0,61012638,58395,0
258.29,compaction,990,kCompaction,5,6,/home/wam/grad/s14-range-delete-study/scratch/longcycle_formal/db_LC20-R2-CLEAN/001956.sst,0,361368800,343401,6669
259.38,flush,996,Write Buffer Full,-1,0,/home/wam/grad/s14-range-delete-study/scratch/longcycle_formal/db_LC20-R2-CLEAN/001983.sst,0,61777189,59127,0
259.86,compaction,995,kCompaction,0,0,/home/wam/grad/s14-range-delete-study/scratch/longcycle_formal/db_LC20-R2-CLEAN/001979.sst,0,255802921,243007,676
260.04,flush,997,Write Buffer Full,-1,0,/home/wam/grad/s14-range-delete-study/scratch/longcycle_formal/db_LC20-R2-CLEAN/001988.sst,0,64523377,61756,0
260.84,compaction,994,kCompaction,5,6,/home/wam/grad/s14-range-delete-study/scratch/longcycle_formal/db_LC20-R2-CLEAN/001978.sst,0,338208251,321397,60770
260.85,flush,1001,Write Buffer Full,-1,0,/home/wam/grad/s14-range-delete-study/scratch/longcycle_formal/db_LC20-R2-CLEAN/001993.sst,0,61089735,58469,0
261.29,compaction,987,kCompaction,0,4,/home/wam/grad/s14-range-delete-study/scratch/longcycle_formal/db_LC20-R2-CLEAN/001948.sst,0,1114122287,1058492,11035
261.29,compaction,1004,kCompaction,4,5,/home/wam/grad/s14-range-delete-study/scratch/longcycle_formal/db_LC20-R2-CLEAN/001969.sst,0,0,0,0
261.68,flush,1007,Write Buffer Full,-1,0,/home/wam/grad/s14-range-delete-study/scratch/longcycle_formal/db_LC20-R2-CLEAN/001999.sst,0,64140295,61388,0
262.06,compaction,1005,kCompaction,4,5,/home/wam/grad/s14-range-delete-study/scratch/longcycle_formal/db_LC20-R2-CLEAN/001996.sst,0,135546445,128807,1161
262.42,compaction,1006,kCompaction,4,5,/home/wam/grad/s14-range-delete-study/scratch/longcycle_formal/db_LC20-R2-CLEAN/001997.sst,0,185661269,176399,2576
262.43,flush,1011,Write Buffer Full,-1,0,/home/wam/grad/s14-range-delete-study/scratch/longcycle_formal/db_LC20-R2-CLEAN/002005.sst,0,60224637,57640,0
263.38,flush,1015,Write Buffer Full,-1,0,/home/wam/grad/s14-range-delete-study/scratch/longcycle_formal/db_LC20-R2-CLEAN/002014.sst,0,61448150,58812,0
264.44,flush,1016,Write Buffer Full,-1,0,/home/wam/grad/s14-range-delete-study/scratch/longcycle_formal/db_LC20-R2-CLEAN/002023.sst,0,62992221,60290,0
265.23,flush,1017,Write Buffer Full,-1,0,/home/wam/grad/s14-range-delete-study/scratch/longcycle_formal/db_LC20-R2-CLEAN/002029.sst,0,56723564,54289,0
265.44,compaction,1009,kCompaction,5,6,/home/wam/grad/s14-range-delete-study/scratch/longcycle_formal/db_LC20-R2-CLEAN/002003.sst,0,548026034,520778,15152
266.11,flush,1019,Write Buffer Full,-1,0,/home/wam/grad/s14-range-delete-study/scratch/longcycle_formal/db_LC20-R2-CLEAN/002036.sst,0,64731132,61954,0
266.13,compaction,1014,kCompaction,5,6,/home/wam/grad/s14-range-delete-study/scratch/longcycle_formal/db_LC20-R2-CLEAN/002008.sst,0,568495783,540232,11341
266.55,compaction,1018,kCompaction,0,0,/home/wam/grad/s14-range-delete-study/scratch/longcycle_formal/db_LC20-R2-CLEAN/002034.sst,0,242585729,230449,582
266.78,flush,1021,Write Buffer Full,-1,0,/home/wam/grad/s14-range-delete-study/scratch/longcycle_formal/db_LC20-R2-CLEAN/002041.sst,0,61214334,58587,0
267.58,flush,1024,Write Buffer Full,-1,0,/home/wam/grad/s14-range-delete-study/scratch/longcycle_formal/db_LC20-R2-CLEAN/002045.sst,0,64607612,61836,0
268.44,flush,1027,Write Buffer Full,-1,0,/home/wam/grad/s14-range-delete-study/scratch/longcycle_formal/db_LC20-R2-CLEAN/002048.sst,0,64797804,62018,0
269.44,flush,1030,Write Buffer Full,-1,0,/home/wam/grad/s14-range-delete-study/scratch/longcycle_formal/db_LC20-R2-CLEAN/002053.sst,0,57426056,54961,0
269.50,compaction,1029,kCompaction,0,0,/home/wam/grad/s14-range-delete-study/scratch/longcycle_formal/db_LC20-R2-CLEAN/002050.sst,0,256608805,243770,625
270.17,compaction,1013,kCompaction,0,4,/home/wam/grad/s14-range-delete-study/scratch/longcycle_formal/db_LC20-R2-CLEAN/002007.sst,0,1356495599,1288795,14988
270.33,flush,1034,Write Buffer Full,-1,0,/home/wam/grad/s14-range-delete-study/scratch/longcycle_formal/db_LC20-R2-CLEAN/002057.sst,0,63007721,60304,0
271.12,compaction,1036,kCompaction,4,5,/home/wam/grad/s14-range-delete-study/scratch/longcycle_formal/db_LC20-R2-CLEAN/002058.sst,0,157019627,149198,1955
271.24,flush,1038,Write Buffer Full,-1,0,/home/wam/grad/s14-range-delete-study/scratch/longcycle_formal/db_LC20-R2-CLEAN/002063.sst,0,63983877,61239,0
271.33,compaction,1035,kCompaction,4,5,/home/wam/grad/s14-range-delete-study/scratch/longcycle_formal/db_LC20-R2-CLEAN/002059.sst,0,146018376,138756,1695
272.17,flush,1041,Write Buffer Full,-1,0,/home/wam/grad/s14-range-delete-study/scratch/longcycle_formal/db_LC20-R2-CLEAN/002070.sst,0,64627656,61855,0
272.32,compaction,1037,kCompaction,4,5,/home/wam/grad/s14-range-delete-study/scratch/longcycle_formal/db_LC20-R2-CLEAN/002060.sst,0,247220246,234880,3987
272.41,compaction,1039,kCompaction,4,5,/home/wam/grad/s14-range-delete-study/scratch/longcycle_formal/db_LC20-R2-CLEAN/002066.sst,0,211044519,200523,5780
272.83,flush,1046,Write Buffer Full,-1,0,/home/wam/grad/s14-range-delete-study/scratch/longcycle_formal/db_LC20-R2-CLEAN/002076.sst,0,64617595,61845,0
273.34,compaction,1044,kCompaction,5,6,/home/wam/grad/s14-range-delete-study/scratch/longcycle_formal/db_LC20-R2-CLEAN/002073.sst,0,149092441,141679,21
273.43,compaction,1043,kCompaction,0,0,/home/wam/grad/s14-range-delete-study/scratch/longcycle_formal/db_LC20-R2-CLEAN/002072.sst,0,250256039,237736,623
273.72,flush,1048,Write Buffer Full,-1,0,/home/wam/grad/s14-range-delete-study/scratch/longcycle_formal/db_LC20-R2-CLEAN/002084.sst,0,62213689,59544,0
274.43,compaction,1047,kCompaction,5,6,/home/wam/grad/s14-range-delete-study/scratch/longcycle_formal/db_LC20-R2-CLEAN/002081.sst,0,203540703,193417,35430
274.55,compaction,1045,kCompaction,5,6,/home/wam/grad/s14-range-delete-study/scratch/longcycle_formal/db_LC20-R2-CLEAN/002074.sst,0,411221171,390774,8932
274.67,flush,1051,Write Buffer Full,-1,0,/home/wam/grad/s14-range-delete-study/scratch/longcycle_formal/db_LC20-R2-CLEAN/002095.sst,0,62730828,60039,0
275.79,flush,1053,Write Buffer Full,-1,0,/home/wam/grad/s14-range-delete-study/scratch/longcycle_formal/db_LC20-R2-CLEAN/002104.sst,0,63154926,60445,0
276.62,flush,1054,Write Buffer Full,-1,0,/home/wam/grad/s14-range-delete-study/scratch/longcycle_formal/db_LC20-R2-CLEAN/002112.sst,0,64727467,61950,0
276.93,compaction,1050,kCompaction,5,6,/home/wam/grad/s14-range-delete-study/scratch/longcycle_formal/db_LC20-R2-CLEAN/002092.sst,0,382204180,363203,58319
277.47,flush,1056,Write Buffer Full,-1,0,/home/wam/grad/s14-range-delete-study/scratch/longcycle_formal/db_LC20-R2-CLEAN/002118.sst,0,64514335,61746,0
278.18,compaction,1055,kCompaction,0,0,/home/wam/grad/s14-range-delete-study/scratch/longcycle_formal/db_LC20-R2-CLEAN/002116.sst,0,254111750,241391,587
278.39,flush,1057,Write Buffer Full,-1,0,/home/wam/grad/s14-range-delete-study/scratch/longcycle_formal/db_LC20-R2-CLEAN/002123.sst,0,64208786,61454,0
279.42,flush,1060,Write Buffer Full,-1,0,/home/wam/grad/s14-range-delete-study/scratch/longcycle_formal/db_LC20-R2-CLEAN/002131.sst,0,64781138,62002,0
279.88,compaction,1052,kCompaction,5,6,/home/wam/grad/s14-range-delete-study/scratch/longcycle_formal/db_LC20-R2-CLEAN/002097.sst,0,884856949,840859,31715
280.23,flush,1064,Write Buffer Full,-1,0,/home/wam/grad/s14-range-delete-study/scratch/longcycle_formal/db_LC20-R2-CLEAN/002137.sst,0,64875081,62092,0
281.40,flush,1067,Write Buffer Full,-1,0,/home/wam/grad/s14-range-delete-study/scratch/longcycle_formal/db_LC20-R2-CLEAN/002143.sst,0,64738442,61961,0
281.71,compaction,1066,kCompaction,0,0,/home/wam/grad/s14-range-delete-study/scratch/longcycle_formal/db_LC20-R2-CLEAN/002139.sst,0,259666709,246676,618
283.02,compaction,1049,kCompaction,0,4,/home/wam/grad/s14-range-delete-study/scratch/longcycle_formal/db_LC20-R2-CLEAN/002085.sst,0,1704915315,1619846,26978
283.04,flush,1070,Write Buffer Full,-1,0,/home/wam/grad/s14-range-delete-study/scratch/longcycle_formal/db_LC20-R2-CLEAN/002148.sst,0,60107904,57529,0
283.06,compaction,1072,kCompaction,4,5,/home/wam/grad/s14-range-delete-study/scratch/longcycle_formal/db_LC20-R2-CLEAN/002093.sst,0,0,0,0
283.06,compaction,1073,kCompaction,4,5,/home/wam/grad/s14-range-delete-study/scratch/longcycle_formal/db_LC20-R2-CLEAN/002109.sst,0,0,0,0
283.08,compaction,1074,kCompaction,4,5,/home/wam/grad/s14-range-delete-study/scratch/longcycle_formal/db_LC20-R2-CLEAN/002127.sst,0,0,0,0
284.04,compaction,1076,kCompaction,4,5,/home/wam/grad/s14-range-delete-study/scratch/longcycle_formal/db_LC20-R2-CLEAN/002150.sst,0,145330273,138088,9142
284.16,compaction,1075,kCompaction,4,5,/home/wam/grad/s14-range-delete-study/scratch/longcycle_formal/db_LC20-R2-CLEAN/002149.sst,0,179106547,170170,6088
285.07,flush,1080,Write Buffer Full,-1,0,/home/wam/grad/s14-range-delete-study/scratch/longcycle_formal/db_LC20-R2-CLEAN/002161.sst,0,62460572,59781,0
285.65,compaction,1077,kCompaction,4,5,/home/wam/grad/s14-range-delete-study/scratch/longcycle_formal/db_LC20-R2-CLEAN/002152.sst,0,324938543,308764,6047
286.14,compaction,1078,kCompaction,4,5,/home/wam/grad/s14-range-delete-study/scratch/longcycle_formal/db_LC20-R2-CLEAN/002156.sst,0,288321853,273952,8055
286.36,compaction,1079,kCompaction,5,6,/home/wam/grad/s14-range-delete-study/scratch/longcycle_formal/db_LC20-R2-CLEAN/002157.sst,0,260128938,247198,2316
286.52,flush,1083,Write Buffer Full,-1,0,/home/wam/grad/s14-range-delete-study/scratch/longcycle_formal/db_LC20-R2-CLEAN/002173.sst,0,57704768,55229,0
287.23,compaction,1081,kCompaction,5,6,/home/wam/grad/s14-range-delete-study/scratch/longcycle_formal/db_LC20-R2-CLEAN/002168.sst,0,252272653,239725,430
287.53,compaction,1084,kCompaction,5,6,/home/wam/grad/s14-range-delete-study/scratch/longcycle_formal/db_LC20-R2-CLEAN/002176.sst,0,160633207,152647,1518
287.79,flush,1087,Write Buffer Full,-1,0,/home/wam/grad/s14-range-delete-study/scratch/longcycle_formal/db_LC20-R2-CLEAN/002186.sst,0,63930585,61188,0
288.54,compaction,1085,kCompaction,5,6,/home/wam/grad/s14-range-delete-study/scratch/longcycle_formal/db_LC20-R2-CLEAN/002180.sst,0,270568346,257116,62980
288.84,compaction,1088,kCompaction,5,6,/home/wam/grad/s14-range-delete-study/scratch/longcycle_formal/db_LC20-R2-CLEAN/002194.sst,0,67639903,64281,12348
289.21,flush,1090,Write Buffer Full,-1,0,/home/wam/grad/s14-range-delete-study/scratch/longcycle_formal/db_LC20-R2-CLEAN/002198.sst,0,60789552,58182,0
289.84,compaction,1086,kCompaction,5,6,/home/wam/grad/s14-range-delete-study/scratch/longcycle_formal/db_LC20-R2-CLEAN/002183.sst,0,358963316,341115,44605
291.31,flush,1092,Write Buffer Full,-1,0,/home/wam/grad/s14-range-delete-study/scratch/longcycle_formal/db_LC20-R2-CLEAN/002213.sst,0,63035011,60332,0
291.76,compaction,1089,kCompaction,5,6,/home/wam/grad/s14-range-delete-study/scratch/longcycle_formal/db_LC20-R2-CLEAN/002196.sst,0,405853233,385674,72659
293.25,flush,1094,Write Buffer Full,-1,0,/home/wam/grad/s14-range-delete-study/scratch/longcycle_formal/db_LC20-R2-CLEAN/002225.sst,0,60496247,57901,0
293.28,compaction,1093,kCompaction,0,0,/home/wam/grad/s14-range-delete-study/scratch/longcycle_formal/db_LC20-R2-CLEAN/002219.sst,0,246638032,234296,635
294.75,compaction,1082,kCompaction,0,4,/home/wam/grad/s14-range-delete-study/scratch/longcycle_formal/db_LC20-R2-CLEAN/002171.sst,0,1490137186,1415755,19510
294.76,compaction,1096,kCompaction,4,5,/home/wam/grad/s14-range-delete-study/scratch/longcycle_formal/db_LC20-R2-CLEAN/002181.sst,0,0,0,0
294.77,compaction,1097,kCompaction,4,5,/home/wam/grad/s14-range-delete-study/scratch/longcycle_formal/db_LC20-R2-CLEAN/002211.sst,0,0,0,0
294.78,compaction,1098,kCompaction,4,5,/home/wam/grad/s14-range-delete-study/scratch/longcycle_formal/db_LC20-R2-CLEAN/002232.sst,0,0,0,0
295.09,flush,1099,Write Buffer Full,-1,0,/home/wam/grad/s14-range-delete-study/scratch/longcycle_formal/db_LC20-R2-CLEAN/002235.sst,0,64934788,62150,0
295.72,compaction,1091,kCompaction,5,6,/home/wam/grad/s14-range-delete-study/scratch/longcycle_formal/db_LC20-R2-CLEAN/002205.sst,0,817407634,776766,58826
296.12,compaction,1101,kCompaction,4,5,/home/wam/grad/s14-range-delete-study/scratch/longcycle_formal/db_LC20-R2-CLEAN/002238.sst,0,134483392,127764,4956
296.13,compaction,1102,kCompaction,4,5,/home/wam/grad/s14-range-delete-study/scratch/longcycle_formal/db_LC20-R2-CLEAN/002220.sst,0,0,0,0
296.14,compaction,1100,kCompaction,4,5,/home/wam/grad/s14-range-delete-study/scratch/longcycle_formal/db_LC20-R2-CLEAN/002236.sst,0,130188225,123707,13
296.58,flush,1105,Write Buffer Full,-1,0,/home/wam/grad/s14-range-delete-study/scratch/longcycle_formal/db_LC20-R2-CLEAN/002246.sst,0,57330297,54870,0
296.66,compaction,1103,kCompaction,4,5,/home/wam/grad/s14-range-delete-study/scratch/longcycle_formal/db_LC20-R2-CLEAN/002243.sst,0,81448078,77379,3264
296.72,compaction,1104,kCompaction,4,5,/home/wam/grad/s14-range-delete-study/scratch/longcycle_formal/db_LC20-R2-CLEAN/002244.sst,0,116931484,111104,10062
297.03,compaction,1106,kCompaction,4,5,/home/wam/grad/s14-range-delete-study/scratch/longcycle_formal/db_LC20-R2-CLEAN/002247.sst,0,115621113,109855,8282
297.07,compaction,1109,kCompaction,5,6,/home/wam/grad/s14-range-delete-study/scratch/longcycle_formal/db_LC20-R2-CLEAN/002232.sst,0,0,0,0
297.40,compaction,1107,kCompaction,4,5,/home/wam/grad/s14-range-delete-study/scratch/longcycle_formal/db_LC20-R2-CLEAN/002250.sst,0,116765374,110950,13424
297.41,compaction,1108,kCompaction,4,5,/home/wam/grad/s14-range-delete-study/scratch/longcycle_formal/db_LC20-R2-CLEAN/002251.sst,0,161863386,153802,1636
297.75,compaction,1112,kCompaction,5,6,/home/wam/grad/s14-range-delete-study/scratch/longcycle_formal/db_LC20-R2-CLEAN/002258.sst,0,40390064,38382,12
297.96,flush,1114,Write Buffer Full,-1,0,/home/wam/grad/s14-range-delete-study/scratch/longcycle_formal/db_LC20-R2-CLEAN/002262.sst,0,56064489,53658,0
299.30,flush,1115,Write Buffer Full,-1,0,/home/wam/grad/s14-range-delete-study/scratch/longcycle_formal/db_LC20-R2-CLEAN/002272.sst,0,58006163,55517,0
299.58,compaction,1113,kCompaction,5,6,/home/wam/grad/s14-range-delete-study/scratch/longcycle_formal/db_LC20-R2-CLEAN/002260.sst,0,321651182,305663,4729
300.61,compaction,1110,kCompaction,5,6,/home/wam/grad/s14-range-delete-study/scratch/longcycle_formal/db_LC20-R2-CLEAN/002254.sst,0,511727722,486284,4913
300.74,flush,1117,Write Buffer Full,-1,0,/home/wam/grad/s14-range-delete-study/scratch/longcycle_formal/db_LC20-R2-CLEAN/002284.sst,0,62394958,59718,0
301.05,compaction,1116,kCompaction,5,6,/home/wam/grad/s14-range-delete-study/scratch/longcycle_formal/db_LC20-R2-CLEAN/002276.sst,0,227999280,216665,51775
302.78,flush,1120,Write Buffer Full,-1,0,/home/wam/grad/s14-range-delete-study/scratch/longcycle_formal/db_LC20-R2-CLEAN/002296.sst,0,61751300,59102,0
302.86,compaction,1119,kCompaction,5,6,/home/wam/grad/s14-range-delete-study/scratch/longcycle_formal/db_LC20-R2-CLEAN/002289.sst,0,202928444,192835,43406
302.98,compaction,1118,kCompaction,5,6,/home/wam/grad/s14-range-delete-study/scratch/longcycle_formal/db_LC20-R2-CLEAN/002285.sst,0,273547178,259946,59175
303.64,compaction,1111,kCompaction,0,4,/home/wam/grad/s14-range-delete-study/scratch/longcycle_formal/db_LC20-R2-CLEAN/002257.sst,0,1067935341,1014615,8600
304.00,compaction,1123,kCompaction,4,5,/home/wam/grad/s14-range-delete-study/scratch/longcycle_formal/db_LC20-R2-CLEAN/002303.sst,0,0,0,0
304.02,compaction,1121,kCompaction,5,6,/home/wam/grad/s14-range-delete-study/scratch/longcycle_formal/db_LC20-R2-CLEAN/002299.sst,0,202924793,192839,39223
304.44,flush,1126,Write Buffer Full,-1,0,/home/wam/grad/s14-range-delete-study/scratch/longcycle_formal/db_LC20-R2-CLEAN/002309.sst,0,61516141,58878,0
304.98,compaction,1124,kCompaction,4,5,/home/wam/grad/s14-range-delete-study/scratch/longcycle_formal/db_LC20-R2-CLEAN/002306.sst,0,162210263,154131,10762
305.49,compaction,1125,kCompaction,4,5,/home/wam/grad/s14-range-delete-study/scratch/longcycle_formal/db_LC20-R2-CLEAN/002307.sst,0,262371265,249296,4271
305.79,compaction,1122,kCompaction,5,6,/home/wam/grad/s14-range-delete-study/scratch/longcycle_formal/db_LC20-R2-CLEAN/002300.sst,0,382716346,363683,67698
305.80,flush,1128,Write Buffer Full,-1,0,/home/wam/grad/s14-range-delete-study/scratch/longcycle_formal/db_LC20-R2-CLEAN/002323.sst,0,64808488,62028,0
306.31,compaction,1129,kCompaction,5,6,/home/wam/grad/s14-range-delete-study/scratch/longcycle_formal/db_LC20-R2-CLEAN/002324.sst,0,135163880,128443,491
306.51,compaction,1127,kCompaction,4,5,/home/wam/grad/s14-range-delete-study/scratch/longcycle_formal/db_LC20-R2-CLEAN/002317.sst,0,303024531,287927,6988
306.93,flush,1133,Write Buffer Full,-1,0,/home/wam/grad/s14-range-delete-study/scratch/longcycle_formal/db_LC20-R2-CLEAN/002332.sst,0,62965897,60265,0
307.47,compaction,1132,kCompaction,4,5,/home/wam/grad/s14-range-delete-study/scratch/longcycle_formal/db_LC20-R2-CLEAN/002330.sst,0,153685293,146020,1882
308.03,compaction,1131,kCompaction,4,5,/home/wam/grad/s14-range-delete-study/scratch/longcycle_formal/db_LC20-R2-CLEAN/002329.sst,0,200019374,190054,8
308.19,compaction,1130,kCompaction,0,0,/home/wam/grad/s14-range-delete-study/scratch/longcycle_formal/db_LC20-R2-CLEAN/002327.sst,0,365571258,347277,1624
308.68,flush,1137,Write Buffer Full,-1,0,/home/wam/grad/s14-range-delete-study/scratch/longcycle_formal/db_LC20-R2-CLEAN/002340.sst,0,64717609,61942,0
309.07,compaction,1135,kCompaction,5,6,/home/wam/grad/s14-range-delete-study/scratch/longcycle_formal/db_LC20-R2-CLEAN/002337.sst,0,131950144,125390,412
309.74,compaction,1138,kCompaction,5,6,/home/wam/grad/s14-range-delete-study/scratch/longcycle_formal/db_LC20-R2-CLEAN/002344.sst,0,67639905,64281,21483
309.83,compaction,1134,kCompaction,5,6,/home/wam/grad/s14-range-delete-study/scratch/longcycle_formal/db_LC20-R2-CLEAN/002336.sst,0,139588126,132652,754
310.41,flush,1141,Write Buffer Full,-1,0,/home/wam/grad/s14-range-delete-study/scratch/longcycle_formal/db_LC20-R2-CLEAN/002352.sst,0,64513539,61747,0
311.53,flush,1142,Write Buffer Full,-1,0,/home/wam/grad/s14-range-delete-study/scratch/longcycle_formal/db_LC20-R2-CLEAN/002362.sst,0,63839539,61100,0
311.93,compaction,1139,kCompaction,5,6,/home/wam/grad/s14-range-delete-study/scratch/longcycle_formal/db_LC20-R2-CLEAN/002348.sst,0,338211906,321393,72617
312.74,compaction,1143,kCompaction,5,6,/home/wam/grad/s14-range-delete-study/scratch/longcycle_formal/db_LC20-R2-CLEAN/002367.sst,0,133763308,127112,764
313.26,flush,1144,Write Buffer Full,-1,0,/home/wam/grad/s14-range-delete-study/scratch/longcycle_formal/db_LC20-R2-CLEAN/002372.sst,0,63487263,60763,0
314.42,compaction,1136,kCompaction,0,4,/home/wam/grad/s14-range-delete-study/scratch/longcycle_formal/db_LC20-R2-CLEAN/002338.sst,0,966774403,918478,7159
314.64,compaction,1147,kCompaction,4,5,/home/wam/grad/s14-range-delete-study/scratch/longcycle_formal/db_LC20-R2-CLEAN/002380.sst,0,0,0,0
314.83,flush,1146,Write Buffer Full,-1,0,/home/wam/grad/s14-range-delete-study/scratch/longcycle_formal/db_LC20-R2-CLEAN/002382.sst,0,64898370,62115,0
314.85,compaction,1140,kCompaction,5,6,/home/wam/grad/s14-range-delete-study/scratch/longcycle_formal/db_LC20-R2-CLEAN/002349.sst,0,578730676,549958,33768
315.11,compaction,1148,kCompaction,4,5,/home/wam/grad/s14-range-delete-study/scratch/longcycle_formal/db_LC20-R2-CLEAN/002385.sst,0,47956064,45574,27
315.31,compaction,1145,kCompaction,5,6,/home/wam/grad/s14-range-delete-study/scratch/longcycle_formal/db_LC20-R2-CLEAN/002373.sst,0,338211904,321393,60711
315.84,flush,1152,Write Buffer Full,-1,0,/home/wam/grad/s14-range-delete-study/scratch/longcycle_formal/db_LC20-R2-CLEAN/002391.sst,0,64344146,61585,0
316.43,compaction,1155,kCompaction,4,5,/home/wam/grad/s14-range-delete-study/scratch/longcycle_formal/db_LC20-R2-CLEAN/002392.sst,0,114066693,108384,788
316.54,compaction,1149,kCompaction,4,5,/home/wam/grad/s14-range-delete-study/scratch/longcycle_formal/db_LC20-R2-CLEAN/002387.sst,0,327059020,310759,5988
316.79,flush,1158,Write Buffer Full,-1,0,/home/wam/grad/s14-range-delete-study/scratch/longcycle_formal/db_LC20-R2-CLEAN/002399.sst,0,62179299,59511,0
317.56,compaction,1154,kCompaction,0,0,/home/wam/grad/s14-range-delete-study/scratch/longcycle_formal/db_LC20-R2-CLEAN/002393.sst,0,386851088,367487,1765
318.00,flush,1160,Write Buffer Full,-1,0,/home/wam/grad/s14-range-delete-study/scratch/longcycle_formal/db_LC20-R2-CLEAN/002406.sst,0,64685117,61910,0
318.27,compaction,1156,kCompaction,4,5,/home/wam/grad/s14-range-delete-study/scratch/longcycle_formal/db_LC20-R2-CLEAN/002396.sst,0,311838642,296284,16716
319.27,compaction,1164,kCompaction,5,6,/home/wam/grad/s14-range-delete-study/scratch/longcycle_formal/db_LC20-R2-CLEAN/002410.sst,0,85638331,81383,524
319.32,flush,1165,Write Buffer Full,-1,0,/home/wam/grad/s14-range-delete-study/scratch/longcycle_formal/db_LC20-R2-CLEAN/002415.sst,0,63505234,60780,0
319.44,compaction,1163,kCompaction,5,6,/home/wam/grad/s14-range-delete-study/scratch/longcycle_formal/db_LC20-R2-CLEAN/002409.sst,0,113833487,108172,132
319.60,compaction,1157,kCompaction,4,5,/home/wam/grad/s14-range-delete-study/scratch/longcycle_formal/db_LC20-R2-CLEAN/002397.sst,0,451642411,429121,13514
320.55,compaction,1169,kCompaction,5,6,/home/wam/grad/s14-range-delete-study/scratch/longcycle_formal/db_LC20-R2-CLEAN/002420.sst,0,140923961,133917,64
320.78,compaction,1166,kCompaction,5,6,/home/wam/grad/s14-range-delete-study/scratch/longcycle_formal/db_LC20-R2-CLEAN/002416.sst,0,188506864,179131,19258
320.82,flush,1170,Write Buffer Full,-1,0,/home/wam/grad/s14-range-delete-study/scratch/longcycle_formal/db_LC20-R2-CLEAN/002425.sst,0,62916110,60217,0
321.58,compaction,1171,kCompaction,5,6,/home/wam/grad/s14-range-delete-study/scratch/longcycle_formal/db_LC20-R2-CLEAN/002427.sst,0,143428871,136298,8935
321.80,flush,1174,Write Buffer Full,-1,0,/home/wam/grad/s14-range-delete-study/scratch/longcycle_formal/db_LC20-R2-CLEAN/002436.sst,0,59908779,57338,0
322.84,flush,1175,Write Buffer Full,-1,0,/home/wam/grad/s14-range-delete-study/scratch/longcycle_formal/db_LC20-R2-CLEAN/002445.sst,0,58904289,56376,0
323.66,compaction,1173,kCompaction,5,6,/home/wam/grad/s14-range-delete-study/scratch/longcycle_formal/db_LC20-R2-CLEAN/002434.sst,0,410820244,390391,6569
324.17,flush,1176,Write Buffer Full,-1,0,/home/wam/grad/s14-range-delete-study/scratch/longcycle_formal/db_LC20-R2-CLEAN/002455.sst,0,61765670,59115,0
324.77,compaction,1177,kCompaction,5,6,/home/wam/grad/s14-range-delete-study/scratch/longcycle_formal/db_LC20-R2-CLEAN/002457.sst,0,135284886,128558,24827
325.33,compaction,1172,kCompaction,5,6,/home/wam/grad/s14-range-delete-study/scratch/longcycle_formal/db_LC20-R2-CLEAN/002428.sst,0,655107712,622538,25649
325.46,flush,1179,Write Buffer Full,-1,0,/home/wam/grad/s14-range-delete-study/scratch/longcycle_formal/db_LC20-R2-CLEAN/002465.sst,0,64099575,61349,0
325.57,compaction,1168,kCompaction,0,4,/home/wam/grad/s14-range-delete-study/scratch/longcycle_formal/db_LC20-R2-CLEAN/002418.sst,0,916346153,870570,6389
326.35,compaction,1181,kCompaction,4,5,/home/wam/grad/s14-range-delete-study/scratch/longcycle_formal/db_LC20-R2-CLEAN/002470.sst,0,53662404,50996,211
326.40,compaction,1180,kCompaction,0,0,/home/wam/grad/s14-range-delete-study/scratch/longcycle_formal/db_LC20-R2-CLEAN/002467.sst,0,244659005,232417,629
326.95,flush,1184,Write Buffer Full,-1,0,/home/wam/grad/s14-range-delete-study/scratch/longcycle_formal/db_LC20-R2-CLEAN/002475.sst,0,61369724,58736,0
327.39,compaction,1178,kCompaction,5,6,/home/wam/grad/s14-range-delete-study/scratch/longcycle_formal/db_LC20-R2-CLEAN/002463.sst,0,338209677,321397,60241
328.01,compaction,1183,kCompaction,4,5,/home/wam/grad/s14-range-delete-study/scratch/longcycle_formal/db_LC20-R2-CLEAN/002473.sst,0,236685644,224883,3417
328.03,compaction,1182,kCompaction,4,5,/home/wam/grad/s14-range-delete-study/scratch/longcycle_formal/db_LC20-R2-CLEAN/002471.sst,0,250218498,237732,3700
328.03,flush,1185,Write Buffer Full,-1,0,/home/wam/grad/s14-range-delete-study/scratch/longcycle_formal/db_LC20-R2-CLEAN/002482.sst,0,58812351,56288,0
329.13,flush,1190,Write Buffer Full,-1,0,/home/wam/grad/s14-range-delete-study/scratch/longcycle_formal/db_LC20-R2-CLEAN/002492.sst,0,56912479,54470,0
329.13,compaction,1188,kCompaction,5,6,/home/wam/grad/s14-range-delete-study/scratch/longcycle_formal/db_LC20-R2-CLEAN/002485.sst,0,185248788,176035,2073
329.27,compaction,1186,kCompaction,4,5,/home/wam/grad/s14-range-delete-study/scratch/longcycle_formal/db_LC20-R2-CLEAN/002483.sst,0,242334787,230270,3223
330.47,flush,1194,Write Buffer Full,-1,0,/home/wam/grad/s14-range-delete-study/scratch/longcycle_formal/db_LC20-R2-CLEAN/002502.sst,0,60792264,58183,0
330.67,compaction,1193,kCompaction,5,6,/home/wam/grad/s14-range-delete-study/scratch/longcycle_formal/db_LC20-R2-CLEAN/002496.sst,0,150768458,143272,2960
331.98,flush,1196,Write Buffer Full,-1,0,/home/wam/grad/s14-range-delete-study/scratch/longcycle_formal/db_LC20-R2-CLEAN/002512.sst,0,61754296,59105,0
333.43,flush,1197,Write Buffer Full,-1,0,/home/wam/grad/s14-range-delete-study/scratch/longcycle_formal/db_LC20-R2-CLEAN/002522.sst,0,63398098,60678,0
334.38,compaction,1189,kCompaction,5,6,/home/wam/grad/s14-range-delete-study/scratch/longcycle_formal/db_LC20-R2-CLEAN/002486.sst,0,815226132,774693,60903
334.84,flush,1198,Write Buffer Full,-1,0,/home/wam/grad/s14-range-delete-study/scratch/longcycle_formal/db_LC20-R2-CLEAN/002533.sst,0,64732547,61955,0
335.13,compaction,1192,kCompaction,0,4,/home/wam/grad/s14-range-delete-study/scratch/longcycle_formal/db_LC20-R2-CLEAN/002495.sst,0,1031642158,980116,7963
335.18,compaction,1200,kCompaction,4,5,/home/wam/grad/s14-range-delete-study/scratch/longcycle_formal/db_LC20-R2-CLEAN/002498.sst,0,0,0,0
335.19,compaction,1201,kCompaction,4,5,/home/wam/grad/s14-range-delete-study/scratch/longcycle_formal/db_LC20-R2-CLEAN/002514.sst,0,0,0,0
335.19,compaction,1202,kCompaction,4,5,/home/wam/grad/s14-range-delete-study/scratch/longcycle_formal/db_LC20-R2-CLEAN/002536.sst,0,0,0,0
336.46,flush,1204,Write Buffer Full,-1,0,/home/wam/grad/s14-range-delete-study/scratch/longcycle_formal/db_LC20-R2-CLEAN/002542.sst,0,55541209,53158,0
336.50,compaction,1199,kCompaction,0,0,/home/wam/grad/s14-range-delete-study/scratch/longcycle_formal/db_LC20-R2-CLEAN/002535.sst,0,251922231,239313,608
336.50,compaction,1195,kCompaction,5,6,/home/wam/grad/s14-range-delete-study/scratch/longcycle_formal/db_LC20-R2-CLEAN/002506.sst,0,711457701,676082,30972
336.98,compaction,1203,kCompaction,4,5,/home/wam/grad/s14-range-delete-study/scratch/longcycle_formal/db_LC20-R2-CLEAN/002538.sst,0,259624589,246670,4650
338.13,flush,1210,Write Buffer Full,-1,0,/home/wam/grad/s14-range-delete-study/scratch/longcycle_formal/db_LC20-R2-CLEAN/002554.sst,0,55726756,53337,0
338.19,compaction,1207,kCompaction,5,6,/home/wam/grad/s14-range-delete-study/scratch/longcycle_formal/db_LC20-R2-CLEAN/002549.sst,0,153342512,145717,838
338.74,compaction,1205,kCompaction,4,5,/home/wam/grad/s14-range-delete-study/scratch/longcycle_formal/db_LC20-R2-CLEAN/002546.sst,0,370943245,352440,6191
339.69,flush,1216,Write Buffer Full,-1,0,/home/wam/grad/s14-range-delete-study/scratch/longcycle_formal/db_LC20-R2-CLEAN/002564.sst,0,57283119,54826,0
340.52,compaction,1214,kCompaction,5,6,/home/wam/grad/s14-range-delete-study/scratch/longcycle_formal/db_LC20-R2-CLEAN/002557.sst,0,264346621,251203,4425
341.08,flush,1218,Write Buffer Full,-1,0,/home/wam/grad/s14-range-delete-study/scratch/longcycle_formal/db_LC20-R2-CLEAN/002576.sst,0,58913376,56386,0
342.34,flush,1219,Write Buffer Full,-1,0,/home/wam/grad/s14-range-delete-study/scratch/longcycle_formal/db_LC20-R2-CLEAN/002588.sst,0,56827338,54389,0
343.46,compaction,1215,kCompaction,5,6,/home/wam/grad/s14-range-delete-study/scratch/longcycle_formal/db_LC20-R2-CLEAN/002559.sst,0,775628965,737063,20556
343.95,compaction,1213,kCompaction,0,4,/home/wam/grad/s14-range-delete-study/scratch/longcycle_formal/db_LC20-R2-CLEAN/002558.sst,0,859089008,816147,4980
343.97,compaction,1220,kCompaction,4,5,/home/wam/grad/s14-range-delete-study/scratch/longcycle_formal/db_LC20-R2-CLEAN/002583.sst,0,0,0,0
344.44,compaction,1217,kCompaction,5,6,/home/wam/grad/s14-range-delete-study/scratch/longcycle_formal/db_LC20-R2-CLEAN/002572.sst,0,405853234,385674,65308
344.46,compaction,1222,kCompaction,4,5,/home/wam/grad/s14-range-delete-study/scratch/longcycle_formal/db_LC20-R2-CLEAN/002598.sst,0,48370029,45961,175
344.59,flush,1223,Write Buffer Full,-1,0,/home/wam/grad/s14-range-delete-study/scratch/longcycle_formal/db_LC20-R2-CLEAN/002600.sst,0,61044479,58426,0
344.85,compaction,1221,kCompaction,4,5,/home/wam/grad/s14-range-delete-study/scratch/longcycle_formal/db_LC20-R2-CLEAN/002597.sst,0,126627227,120311,3637
345.57,compaction,1225,kCompaction,4,5,/home/wam/grad/s14-range-delete-study/scratch/longcycle_formal/db_LC20-R2-CLEAN/002605.sst,0,144131404,136945,8886
346.18,compaction,1224,kCompaction,4,5,/home/wam/grad/s14-range-delete-study/scratch/longcycle_formal/db_LC20-R2-CLEAN/002602.sst,0,285871636,271620,3814
346.21,flush,1228,Write Buffer Full,-1,0,/home/wam/grad/s14-range-delete-study/scratch/longcycle_formal/db_LC20-R2-CLEAN/002613.sst,0,60971428,58356,0
346.32,compaction,1226,kCompaction,4,5,/home/wam/grad/s14-range-delete-study/scratch/longcycle_formal/db_LC20-R2-CLEAN/002606.sst,0,171292198,162753,11701
346.84,compaction,1229,kCompaction,5,6,/home/wam/grad/s14-range-delete-study/scratch/longcycle_formal/db_LC20-R2-CLEAN/002615.sst,0,90793545,86281,465
347.85,compaction,1230,kCompaction,5,6,/home/wam/grad/s14-range-delete-study/scratch/longcycle_formal/db_LC20-R2-CLEAN/002616.sst,0,231009431,219521,2475
348.17,flush,1233,Write Buffer Full,-1,0,/home/wam/grad/s14-range-delete-study/scratch/longcycle_formal/db_LC20-R2-CLEAN/002626.sst,0,60915970,58305,0
348.71,compaction,1227,kCompaction,4,5,/home/wam/grad/s14-range-delete-study/scratch/longcycle_formal/db_LC20-R2-CLEAN/002610.sst,0,202113993,192035,6227
349.88,compaction,1235,kCompaction,0,0,/home/wam/grad/s14-range-delete-study/scratch/longcycle_formal/db_LC20-R2-CLEAN/002628.sst,0,356831820,338977,1711
350.08,flush,1237,Write Buffer Full,-1,0,/home/wam/grad/s14-range-delete-study/scratch/longcycle_formal/db_LC20-R2-CLEAN/002640.sst,0,60326427,57741,0
350.40,compaction,1231,kCompaction,5,6,/home/wam/grad/s14-range-delete-study/scratch/longcycle_formal/db_LC20-R2-CLEAN/002620.sst,0,626552910,595404,18822
351.08,compaction,1239,kCompaction,5,6,/home/wam/grad/s14-range-delete-study/scratch/longcycle_formal/db_LC20-R2-CLEAN/002646.sst,0,109241593,103809,525
351.16,compaction,1236,kCompaction,5,6,/home/wam/grad/s14-range-delete-study/scratch/longcycle_formal/db_LC20-R2-CLEAN/002632.sst,0,490020298,465659,30318
351.92,flush,1241,Write Buffer Full,-1,0,/home/wam/grad/s14-range-delete-study/scratch/longcycle_formal/db_LC20-R2-CLEAN/002656.sst,0,58565199,56057,0
353.09,compaction,1240,kCompaction,5,6,/home/wam/grad/s14-range-delete-study/scratch/longcycle_formal/db_LC20-R2-CLEAN/002652.sst,0,332144972,315628,72194
353.54,flush,1242,Write Buffer Full,-1,0,/home/wam/grad/s14-range-delete-study/scratch/longcycle_formal/db_LC20-R2-CLEAN/002664.sst,0,61146543,58528,0
353.91,compaction,1238,kCompaction,0,4,/home/wam/grad/s14-range-delete-study/scratch/longcycle_formal/db_LC20-R2-CLEAN/002641.sst,0,774821680,736089,3061
353.91,compaction,1243,kCompaction,4,5,/home/wam/grad/s14-range-delete-study/scratch/longcycle_formal/db_LC20-R2-CLEAN/002666.sst,0,0,0,0
354.90,compaction,1244,kCompaction,4,5,/home/wam/grad/s14-range-delete-study/scratch/longcycle_formal/db_LC20-R2-CLEAN/002667.sst,0,135299533,128560,7136
354.93,compaction,1245,kCompaction,4,5,/home/wam/grad/s14-range-delete-study/scratch/longcycle_formal/db_LC20-R2-CLEAN/002668.sst,0,189138474,179701,8597
355.67,flush,1249,Write Buffer Full,-1,0,/home/wam/grad/s14-range-delete-study/scratch/longcycle_formal/db_LC20-R2-CLEAN/002677.sst,0,64220482,61471,0
356.27,compaction,1247,kCompaction,4,5,/home/wam/grad/s14-range-delete-study/scratch/longcycle_formal/db_LC20-R2-CLEAN/002674.sst,0,174859721,166133,7338
356.98,compaction,1246,kCompaction,4,5,/home/wam/grad/s14-range-delete-study/scratch/longcycle_formal/db_LC20-R2-CLEAN/002671.sst,0,368309972,349943,6135
357.59,compaction,1250,kCompaction,4,5,/home/wam/grad/s14-range-delete-study/scratch/longcycle_formal/db_LC20-R2-CLEAN/002684.sst,0,264354333,251158,3081
357.77,compaction,1248,kCompaction,4,5,/home/wam/grad/s14-range-delete-study/scratch/longcycle_formal/db_LC20-R2-CLEAN/002675.sst,0,452766586,430204,11204
358.05,flush,1254,Write Buffer Full,-1,0,/home/wam/grad/s14-range-delete-study/scratch/longcycle_formal/db_LC20-R2-CLEAN/002693.sst,0,63049254,60350,0
358.52,compaction,1255,kCompaction,5,6,/home/wam/grad/s14-range-delete-study/scratch/longcycle_formal/db_LC20-R2-CLEAN/002694.sst,0,114075105,108408,214
358.60,compaction,1257,kCompaction,5,6,/home/wam/grad/s14-range-delete-study/scratch/longcycle_formal/db_LC20-R2-CLEAN/002696.sst,0,73971155,70295,219
359.17,compaction,1256,kCompaction,5,6,/home/wam/grad/s14-range-delete-study/scratch/longcycle_formal/db_LC20-R2-CLEAN/002695.sst,0,157552325,149718,8828
360.45,compaction,1259,kCompaction,5,6,/home/wam/grad/s14-range-delete-study/scratch/longcycle_formal/db_LC20-R2-CLEAN/002701.sst,0,270568351,257116,66144
361.31,flush,1262,Write Buffer Full,-1,0,/home/wam/grad/s14-range-delete-study/scratch/longcycle_formal/db_LC20-R2-CLEAN/002719.sst,0,64840031,62066,0
361.71,compaction,1258,kCompaction,0,4,/home/wam/grad/s14-range-delete-study/scratch/longcycle_formal/db_LC20-R2-CLEAN/002700.sst,0,557921898,530059,4318
362.33,compaction,1263,kCompaction,4,5,/home/wam/grad/s14-range-delete-study/scratch/longcycle_formal/db_LC20-R2-CLEAN/002725.sst,0,93394847,88733,1189
363.03,compaction,1260,kCompaction,5,6,/home/wam/grad/s14-range-delete-study/scratch/longcycle_formal/db_LC20-R2-CLEAN/002705.sst,0,659184447,626409,25072
363.05,compaction,1264,kCompaction,4,5,/home/wam/grad/s14-range-delete-study/scratch/longcycle_formal/db_LC20-R2-CLEAN/002731.sst,0,100772037,95754,0
364.42,compaction,1261,kCompaction,5,6,/home/wam/grad/s14-range-delete-study/scratch/longcycle_formal/db_LC20-R2-CLEAN/002712.sst,0,700500843,665673,21125
364.81,compaction,1266,kCompaction,4,5,/home/wam/grad/s14-range-delete-study/scratch/longcycle_formal/db_LC20-R2-CLEAN/002737.sst,0,212758742,202150,7640
364.84,compaction,1265,kCompaction,4,5,/home/wam/grad/s14-range-delete-study/scratch/longcycle_formal/db_LC20-R2-CLEAN/002736.sst,0,271335182,257804,3609
366.58,compaction,1267,kCompaction,5,6,/home/wam/grad/s14-range-delete-study/scratch/longcycle_formal/db_LC20-R2-CLEAN/002746.sst,0,338211902,321393,68812
367.96,compaction,1268,kCompaction,5,6,/home/wam/grad/s14-range-delete-study/scratch/longcycle_formal/db_LC20-R2-CLEAN/002751.sst,0,338211901,321393,67381
368.04,flush,1269,Write Buffer Full,-1,0,/home/wam/grad/s14-range-delete-study/scratch/longcycle_formal/db_LC20-R2-CLEAN/002757.sst,0,64713038,61949,0
369.24,compaction,1270,kCompaction,5,6,/home/wam/grad/s14-range-delete-study/scratch/longcycle_formal/db_LC20-R2-CLEAN/002758.sst,0,338209679,321397,64525
370.40,compaction,1271,kCompaction,4,5,/home/wam/grad/s14-range-delete-study/scratch/longcycle_formal/db_LC20-R2-CLEAN/002763.sst,0,330505028,314028,5553
370.87,compaction,1272,kCompaction,5,6,/home/wam/grad/s14-range-delete-study/scratch/longcycle_formal/db_LC20-R2-CLEAN/002767.sst,0,122144319,116068,528
372.10,compaction,1273,kCompaction,5,6,/home/wam/grad/s14-range-delete-study/scratch/longcycle_formal/db_LC20-R2-CLEAN/002769.sst,0,338211907,321393,61279
372.27,flush,1274,Write Buffer Full,-1,0,/home/wam/grad/s14-range-delete-study/scratch/longcycle_formal/db_LC20-R2-CLEAN/002775.sst,0,64562805,61809,0
375.97,flush,1275,Write Buffer Full,-1,0,/home/wam/grad/s14-range-delete-study/scratch/longcycle_formal/db_LC20-R2-CLEAN/002777.sst,0,64572767,61820,0
377.74,compaction,1276,kCompaction,0,4,/home/wam/grad/s14-range-delete-study/scratch/longcycle_formal/db_LC20-R2-CLEAN/002778.sst,0,399832784,379855,2783
377.75,compaction,1277,kCompaction,4,5,/home/wam/grad/s14-range-delete-study/scratch/longcycle_formal/db_LC20-R2-CLEAN/002783.sst,0,0,0,0
378.68,compaction,1278,kCompaction,4,5,/home/wam/grad/s14-range-delete-study/scratch/longcycle_formal/db_LC20-R2-CLEAN/002784.sst,0,207049781,196746,2714
378.74,compaction,1279,kCompaction,5,6,/home/wam/grad/s14-range-delete-study/scratch/longcycle_formal/db_LC20-R2-CLEAN/002785.sst,0,0,0,0
379.95,flush,1281,Write Buffer Full,-1,0,/home/wam/grad/s14-range-delete-study/scratch/longcycle_formal/db_LC20-R2-CLEAN/002787.sst,0,64604887,61849,0
383.69,flush,1282,Write Buffer Full,-1,0,/home/wam/grad/s14-range-delete-study/scratch/longcycle_formal/db_LC20-R2-CLEAN/002789.sst,0,64604903,61851,0
385.28,flush,1283,Write Buffer Full,-1,0,/home/wam/grad/s14-range-delete-study/scratch/longcycle_formal/db_LC20-R2-CLEAN/002791.sst,0,57952327,55475,0
386.05,flush,1284,Write Buffer Full,-1,0,/home/wam/grad/s14-range-delete-study/scratch/longcycle_formal/db_LC20-R2-CLEAN/002793.sst,0,64697313,61934,0
386.80,flush,1286,Write Buffer Full,-1,0,/home/wam/grad/s14-range-delete-study/scratch/longcycle_formal/db_LC20-R2-CLEAN/002797.sst,0,63444977,60735,0
387.70,flush,1287,Write Buffer Full,-1,0,/home/wam/grad/s14-range-delete-study/scratch/longcycle_formal/db_LC20-R2-CLEAN/002801.sst,0,64203248,61461,0
388.70,compaction,1285,kCompaction,0,4,/home/wam/grad/s14-range-delete-study/scratch/longcycle_formal/db_LC20-R2-CLEAN/002794.sst,0,514265638,488580,3587
388.75,flush,1288,Write Buffer Full,-1,0,/home/wam/grad/s14-range-delete-study/scratch/longcycle_formal/db_LC20-R2-CLEAN/002805.sst,0,64046253,61311,0
389.81,flush,1292,Write Buffer Full,-1,0,/home/wam/grad/s14-range-delete-study/scratch/longcycle_formal/db_LC20-R2-CLEAN/002812.sst,0,62886489,60201,0
390.03,compaction,1290,kCompaction,4,5,/home/wam/grad/s14-range-delete-study/scratch/longcycle_formal/db_LC20-R2-CLEAN/002807.sst,0,148959901,141526,6925
390.26,compaction,1289,kCompaction,4,5,/home/wam/grad/s14-range-delete-study/scratch/longcycle_formal/db_LC20-R2-CLEAN/002806.sst,0,247976687,235626,3775
390.67,flush,1295,Write Buffer Full,-1,0,/home/wam/grad/s14-range-delete-study/scratch/longcycle_formal/db_LC20-R2-CLEAN/002818.sst,0,62452420,59785,0
390.99,compaction,1291,kCompaction,4,5,/home/wam/grad/s14-range-delete-study/scratch/longcycle_formal/db_LC20-R2-CLEAN/002808.sst,0,335491119,318762,3796
391.66,flush,1301,Write Buffer Full,-1,0,/home/wam/grad/s14-range-delete-study/scratch/longcycle_formal/db_LC20-R2-CLEAN/002824.sst,0,60270640,57696,0
392.28,compaction,1299,kCompaction,5,6,/home/wam/grad/s14-range-delete-study/scratch/longcycle_formal/db_LC20-R2-CLEAN/002820.sst,0,182897046,173806,1760
392.78,flush,1302,Write Buffer Full,-1,0,/home/wam/grad/s14-range-delete-study/scratch/longcycle_formal/db_LC20-R2-CLEAN/002832.sst,0,64709888,61946,0
393.63,flush,1303,Write Buffer Full,-1,0,/home/wam/grad/s14-range-delete-study/scratch/longcycle_formal/db_LC20-R2-CLEAN/002839.sst,0,62478097,59809,0
394.32,compaction,1298,kCompaction,0,4,/home/wam/grad/s14-range-delete-study/scratch/longcycle_formal/db_LC20-R2-CLEAN/002821.sst,0,576279071,547504,2051
394.76,flush,1306,Write Buffer Full,-1,0,/home/wam/grad/s14-range-delete-study/scratch/longcycle_formal/db_LC20-R2-CLEAN/002847.sst,0,64778894,62012,0
395.23,compaction,1304,kCompaction,4,5,/home/wam/grad/s14-range-delete-study/scratch/longcycle_formal/db_LC20-R2-CLEAN/002843.sst,0,163842913,155684,1139
395.61,compaction,1300,kCompaction,5,6,/home/wam/grad/s14-range-delete-study/scratch/longcycle_formal/db_LC20-R2-CLEAN/002822.sst,0,668007562,634796,55811
395.80,compaction,1305,kCompaction,4,5,/home/wam/grad/s14-range-delete-study/scratch/longcycle_formal/db_LC20-R2-CLEAN/002844.sst,0,219086882,208149,2192
395.82,flush,1308,Write Buffer Full,-1,0,/home/wam/grad/s14-range-delete-study/scratch/longcycle_formal/db_LC20-R2-CLEAN/002855.sst,0,61454871,58829,0
396.99,flush,1311,Write Buffer Full,-1,0,/home/wam/grad/s14-range-delete-study/scratch/longcycle_formal/db_LC20-R2-CLEAN/002860.sst,0,64779499,62013,0
397.01,compaction,1307,kCompaction,4,5,/home/wam/grad/s14-range-delete-study/scratch/longcycle_formal/db_LC20-R2-CLEAN/002853.sst,0,334159690,317504,2245
397.83,flush,1314,Write Buffer Full,-1,0,/home/wam/grad/s14-range-delete-study/scratch/longcycle_formal/db_LC20-R2-CLEAN/002866.sst,0,58110414,55628,0
398.75,compaction,1312,kCompaction,0,0,/home/wam/grad/s14-range-delete-study/scratch/longcycle_formal/db_LC20-R2-CLEAN/002863.sst,0,380260315,361252,1053
399.49,flush,1317,Write Buffer Full,-1,0,/home/wam/grad/s14-range-delete-study/scratch/longcycle_formal/db_LC20-R2-CLEAN/002873.sst,0,64286985,61542,0
400.07,compaction,1313,kCompaction,4,5,/home/wam/grad/s14-range-delete-study/scratch/longcycle_formal/db_LC20-R2-CLEAN/002862.sst,0,598978818,569103,5422
400.64,compaction,1320,kCompaction,5,6,/home/wam/grad/s14-range-delete-study/scratch/longcycle_formal/db_LC20-R2-CLEAN/002875.sst,0,70152258,66667,12
401.24,flush,1323,Write Buffer Full,-1,0,/home/wam/grad/s14-range-delete-study/scratch/longcycle_formal/db_LC20-R2-CLEAN/002884.sst,0,64464384,61712,0
402.25,compaction,1321,kCompaction,5,6,/home/wam/grad/s14-range-delete-study/scratch/longcycle_formal/db_LC20-R2-CLEAN/002877.sst,0,303068734,288002,61741
402.57,flush,1324,Write Buffer Full,-1,0,/home/wam/grad/s14-range-delete-study/scratch/longcycle_formal/db_LC20-R2-CLEAN/002894.sst,0,62029005,59379,0
404.14,flush,1326,Write Buffer Full,-1,0,/home/wam/grad/s14-range-delete-study/scratch/longcycle_formal/db_LC20-R2-CLEAN/002905.sst,0,64765277,61999,0
404.18,compaction,1319,kCompaction,0,4,/home/wam/grad/s14-range-delete-study/scratch/longcycle_formal/db_LC20-R2-CLEAN/002876.sst,0,681139264,647138,2538
405.03,compaction,1322,kCompaction,5,6,/home/wam/grad/s14-range-delete-study/scratch/longcycle_formal/db_LC20-R2-CLEAN/002880.sst,0,739923981,703139,19615
405.92,compaction,1327,kCompaction,4,5,/home/wam/grad/s14-range-delete-study/scratch/longcycle_formal/db_LC20-R2-CLEAN/002909.sst,0,275211141,261479,2734
406.08,flush,1329,Write Buffer Full,-1,0,/home/wam/grad/s14-range-delete-study/scratch/longcycle_formal/db_LC20-R2-CLEAN/002919.sst,0,64802319,62035,0
407.37,compaction,1328,kCompaction,4,5,/home/wam/grad/s14-range-delete-study/scratch/longcycle_formal/db_LC20-R2-CLEAN/002914.sst,0,401905989,381883,4614
407.85,flush,1332,Write Buffer Full,-1,0,/home/wam/grad/s14-range-delete-study/scratch/longcycle_formal/db_LC20-R2-CLEAN/002929.sst,0,62962112,60274,0
408.94,compaction,1330,kCompaction,4,5,/home/wam/grad/s14-range-delete-study/scratch/longcycle_formal/db_LC20-R2-CLEAN/002920.sst,0,365823643,347579,8975
409.28,compaction,1325,kCompaction,5,6,/home/wam/grad/s14-range-delete-study/scratch/longcycle_formal/db_LC20-R2-CLEAN/002896.sst,0,759982178,722194,48637
409.38,flush,1335,Write Buffer Full,-1,0,/home/wam/grad/s14-range-delete-study/scratch/longcycle_formal/db_LC20-R2-CLEAN/002939.sst,0,64810170,62042,0
410.52,flush,1338,Write Buffer Full,-1,0,/home/wam/grad/s14-range-delete-study/scratch/longcycle_formal/db_LC20-R2-CLEAN/002947.sst,0,56771542,54346,0
411.05,compaction,1337,kCompaction,0,0,/home/wam/grad/s14-range-delete-study/scratch/longcycle_formal/db_LC20-R2-CLEAN/002942.sst,0,385498556,366225,1216
411.13,compaction,1331,kCompaction,4,5,/home/wam/grad/s14-range-delete-study/scratch/longcycle_formal/db_LC20-R2-CLEAN/002927.sst,0,648626254,616276,4463
411.13,compaction,1341,kCompaction,5,6,/home/wam/grad/s14-range-delete-study/scratch/longcycle_formal/db_LC20-R2-CLEAN/002917.sst,0,0,0,0
411.85,flush,1344,Write Buffer Full,-1,0,/home/wam/grad/s14-range-delete-study/scratch/longcycle_formal/db_LC20-R2-CLEAN/002955.sst,0,57944452,55469,0
412.10,compaction,1343,kCompaction,5,6,/home/wam/grad/s14-range-delete-study/scratch/longcycle_formal/db_LC20-R2-CLEAN/002951.sst,0,62911894,59787,680
412.80,compaction,1342,kCompaction,5,6,/home/wam/grad/s14-range-delete-study/scratch/longcycle_formal/db_LC20-R2-CLEAN/002950.sst,0,242704227,230634,1011
414.02,flush,1347,Write Buffer Full,-1,0,/home/wam/grad/s14-range-delete-study/scratch/longcycle_formal/db_LC20-R2-CLEAN/002968.sst,0,57528742,55072,0
414.63,compaction,1345,kCompaction,5,6,/home/wam/grad/s14-range-delete-study/scratch/longcycle_formal/db_LC20-R2-CLEAN/002958.sst,0,322590649,306549,59756
415.18,compaction,1340,kCompaction,0,4,/home/wam/grad/s14-range-delete-study/scratch/longcycle_formal/db_LC20-R2-CLEAN/002949.sst,0,624147009,592992,1412
415.20,compaction,1346,kCompaction,5,6,/home/wam/grad/s14-range-delete-study/scratch/longcycle_formal/db_LC20-R2-CLEAN/002962.sst,0,375910082,357218,68937
415.30,compaction,1349,kCompaction,4,5,/home/wam/grad/s14-range-delete-study/scratch/longcycle_formal/db_LC20-R2-CLEAN/002973.sst,0,0,0,0
416.12,flush,1352,Write Buffer Full,-1,0,/home/wam/grad/s14-range-delete-study/scratch/longcycle_formal/db_LC20-R2-CLEAN/002984.sst,0,58710688,56203,0
416.87,compaction,1351,kCompaction,4,5,/home/wam/grad/s14-range-delete-study/scratch/longcycle_formal/db_LC20-R2-CLEAN/002979.sst,0,293897641,279241,2195
417.29,compaction,1350,kCompaction,4,5,/home/wam/grad/s14-range-delete-study/scratch/longcycle_formal/db_LC20-R2-CLEAN/002978.sst,0,311686005,296137,3265
417.30,compaction,1348,kCompaction,5,6,/home/wam/grad/s14-range-delete-study/scratch/longcycle_formal/db_LC20-R2-CLEAN/002975.sst,0,386937030,367699,69631
417.30,flush,1354,Write Buffer Full,-1,0,/home/wam/grad/s14-range-delete-study/scratch/longcycle_formal/db_LC20-R2-CLEAN/002994.sst,0,55887996,53500,0
417.38,compaction,1353,kCompaction,5,6,/home/wam/grad/s14-range-delete-study/scratch/longcycle_formal/db_LC20-R2-CLEAN/002991.sst,0,89473128,85027,117
417.70,compaction,1355,kCompaction,5,6,/home/wam/grad/s14-range-delete-study/scratch/longcycle_formal/db_LC20-R2-CLEAN/002996.sst,0,56354253,53554,426
419.45,flush,1359,Write Buffer Full,-1,0,/home/wam/grad/s14-range-delete-study/scratch/longcycle_formal/db_LC20-R2-CLEAN/003009.sst,0,62854023,60169,0
419.47,compaction,1357,kCompaction,5,6,/home/wam/grad/s14-range-delete-study/scratch/longcycle_formal/db_LC20-R2-CLEAN/002998.sst,0,338211903,321393,59792
419.47,compaction,1356,kCompaction,5,6,/home/wam/grad/s14-range-delete-study/scratch/longcycle_formal/db_LC20-R2-CLEAN/002997.sst,0,330407586,313977,62673
421.01,compaction,1358,kCompaction,5,6,/home/wam/grad/s14-range-delete-study/scratch/longcycle_formal/db_LC20-R2-CLEAN/002999.sst,0,387846289,368563,65769
421.36,flush,1362,Write Buffer Full,-1,0,/home/wam/grad/s14-range-delete-study/scratch/longcycle_formal/db_LC20-R2-CLEAN/003022.sst,0,57575117,55116,0
422.31,compaction,1361,kCompaction,5,6,/home/wam/grad/s14-range-delete-study/scratch/longcycle_formal/db_LC20-R2-CLEAN/003014.sst,0,408363655,388060,68966
422.59,flush,1363,Write Buffer Full,-1,0,/home/wam/grad/s14-range-delete-study/scratch/longcycle_formal/db_LC20-R2-CLEAN/003031.sst,0,59757643,57205,0
422.96,compaction,1360,kCompaction,0,4,/home/wam/grad/s14-range-delete-study/scratch/longcycle_formal/db_LC20-R2-CLEAN/003013.sst,0,637618854,605779,2575
423.72,flush,1367,Write Buffer Full,-1,0,/home/wam/grad/s14-range-delete-study/scratch/longcycle_formal/db_LC20-R2-CLEAN/003041.sst,0,62191315,59535,0
424.86,compaction,1364,kCompaction,4,5,/home/wam/grad/s14-range-delete-study/scratch/longcycle_formal/db_LC20-R2-CLEAN/003033.sst,0,363757972,345635,4900
425.42,compaction,1366,kCompaction,4,5,/home/wam/grad/s14-range-delete-study/scratch/longcycle_formal/db_LC20-R2-CLEAN/003035.sst,0,353299147,335689,5954
425.44,flush,1369,Write Buffer Full,-1,0,/home/wam/grad/s14-range-delete-study/scratch/longcycle_formal/db_LC20-R2-CLEAN/003052.sst,0,64519603,61764,0
425.88,compaction,1365,kCompaction,4,5,/home/wam/grad/s14-range-delete-study/scratch/longcycle_formal/db_LC20-R2-CLEAN/003034.sst,0,454622718,431965,5368
426.87,flush,1373,Write Buffer Full,-1,0,/home/wam/grad/s14-range-delete-study/scratch/longcycle_formal/db_LC20-R2-CLEAN/003060.sst,0,59249403,56720,0
426.89,compaction,1368,kCompaction,4,5,/home/wam/grad/s14-range-delete-study/scratch/longcycle_formal/db_LC20-R2-CLEAN/003050.sst,0,337397797,320577,1581
427.39,compaction,1371,kCompaction,5,6,/home/wam/grad/s14-range-delete-study/scratch/longcycle_formal/db_LC20-R2-CLEAN/003056.sst,0,226726124,215457,1590
427.74,compaction,1377,kCompaction,5,6,/home/wam/grad/s14-range-delete-study/scratch/longcycle_formal/db_LC20-R2-CLEAN/003064.sst,0,134605813,127914,362
428.22,flush,1380,Write Buffer Full,-1,0,/home/wam/grad/s14-range-delete-study/scratch/longcycle_formal/db_LC20-R2-CLEAN/003072.sst,0,62545400,59874,0
428.25,compaction,1378,kCompaction,5,6,/home/wam/grad/s14-range-delete-study/scratch/longcycle_formal/db_LC20-R2-CLEAN/003068.sst,0,136098116,129331,703
428.92,compaction,1379,kCompaction,5,6,/home/wam/grad/s14-range-delete-study/scratch/longcycle_formal/db_LC20-R2-CLEAN/003070.sst,0,222040519,210997,1255
429.25,flush,1381,Write Buffer Full,-1,0,/home/wam/grad/s14-range-delete-study/scratch/longcycle_formal/db_LC20-R2-CLEAN/003081.sst,0,64157150,61417,0
429.46,compaction,1376,kCompaction,0,4,/home/wam/grad/s14-range-delete-study/scratch/longcycle_formal/db_LC20-R2-CLEAN/003063.sst,0,498682504,473788,1608
430.27,flush,1385,Write Buffer Full,-1,0,/home/wam/grad/s14-range-delete-study/scratch/longcycle_formal/db_LC20-R2-CLEAN/003091.sst,0,60007787,57444,0
431.49,compaction,1383,kCompaction,4,5,/home/wam/grad/s14-range-delete-study/scratch/longcycle_formal/db_LC20-R2-CLEAN/003084.sst,0,324352067,308182,2608
431.74,compaction,1382,kCompaction,4,5,/home/wam/grad/s14-range-delete-study/scratch/longcycle_formal/db_LC20-R2-CLEAN/003083.sst,0,299460319,284532,2555
431.76,flush,1386,Write Buffer Full,-1,0,/home/wam/grad/s14-range-delete-study/scratch/longcycle_formal/db_LC20-R2-CLEAN/003097.sst,0,59988304,57426,0
432.15,compaction,1384,kCompaction,4,5,/home/wam/grad/s14-range-delete-study/scratch/longcycle_formal/db_LC20-R2-CLEAN/003085.sst,0,395634902,375914,2844
432.81,compaction,1389,kCompaction,5,6,/home/wam/grad/s14-range-delete-study/scratch/longcycle_formal/db_LC20-R2-CLEAN/003100.sst,0,126201361,119928,72
433.16,compaction,1388,kCompaction,5,6,/home/wam/grad/s14-range-delete-study/scratch/longcycle_formal/db_LC20-R2-CLEAN/003099.sst,0,159890274,151941,417
433.48,flush,1392,Write Buffer Full,-1,0,/home/wam/grad/s14-range-delete-study/scratch/longcycle_formal/db_LC20-R2-CLEAN/003109.sst,0,61697108,59063,0
433.51,compaction,1390,kCompaction,5,6,/home/wam/grad/s14-range-delete-study/scratch/longcycle_formal/db_LC20-R2-CLEAN/003101.sst,0,203858631,193725,729
434.52,flush,1393,Write Buffer Full,-1,0,/home/wam/grad/s14-range-delete-study/scratch/longcycle_formal/db_LC20-R2-CLEAN/003114.sst,0,63071389,60377,0
435.24,compaction,1391,kCompaction,0,4,/home/wam/grad/s14-range-delete-study/scratch/longcycle_formal/db_LC20-R2-CLEAN/003105.sst,0,481347540,457308,1313
435.47,flush,1396,Write Buffer Full,-1,0,/home/wam/grad/s14-range-delete-study/scratch/longcycle_formal/db_LC20-R2-CLEAN/003120.sst,0,63791411,61067,0
436.50,flush,1397,Write Buffer Full,-1,0,/home/wam/grad/s14-range-delete-study/scratch/longcycle_formal/db_LC20-R2-CLEAN/003125.sst,0,58996164,56475,0
436.69,compaction,1394,kCompaction,4,5,/home/wam/grad/s14-range-delete-study/scratch/longcycle_formal/db_LC20-R2-CLEAN/003118.sst,0,276682703,262886,2345
437.46,flush,1401,Write Buffer Full,-1,0,/home/wam/grad/s14-range-delete-study/scratch/longcycle_formal/db_LC20-R2-CLEAN/003131.sst,0,60749739,58154,0
438.26,compaction,1395,kCompaction,4,5,/home/wam/grad/s14-range-delete-study/scratch/longcycle_formal/db_LC20-R2-CLEAN/003117.sst,0,578462562,549608,4413
438.50,compaction,1406,kCompaction,5,6,/home/wam/grad/s14-range-delete-study/scratch/longcycle_formal/db_LC20-R2-CLEAN/003136.sst,0,27708143,26331,81
438.52,flush,1404,Write Buffer Full,-1,0,/home/wam/grad/s14-range-delete-study/scratch/longcycle_formal/db_LC20-R2-CLEAN/003135.sst,0,63797230,61072,0
440.09,compaction,1407,kCompaction,5,6,/home/wam/grad/s14-range-delete-study/scratch/longcycle_formal/db_LC20-R2-CLEAN/003138.sst,0,219135196,208242,1790
440.98,flush,1409,Write Buffer Full,-1,0,/home/wam/grad/s14-range-delete-study/scratch/longcycle_formal/db_LC20-R2-CLEAN/003150.sst,0,63978814,61246,0
441.69,compaction,1405,kCompaction,0,4,/home/wam/grad/s14-range-delete-study/scratch/longcycle_formal/db_LC20-R2-CLEAN/003137.sst,0,551650546,524107,1699
442.41,flush,1412,Write Buffer Full,-1,0,/home/wam/grad/s14-range-delete-study/scratch/longcycle_formal/db_LC20-R2-CLEAN/003162.sst,0,60318978,57741,0
443.42,compaction,1408,kCompaction,5,6,/home/wam/grad/s14-range-delete-study/scratch/longcycle_formal/db_LC20-R2-CLEAN/003139.sst,0,581114652,552220,30225
443.43,compaction,1410,kCompaction,4,5,/home/wam/grad/s14-range-delete-study/scratch/longcycle_formal/db_LC20-R2-CLEAN/003156.sst,0,286086164,271825,2110
444.13,flush,1415,Write Buffer Full,-1,0,/home/wam/grad/s14-range-delete-study/scratch/longcycle_formal/db_LC20-R2-CLEAN/003172.sst,0,64812115,62043,0
444.39,compaction,1411,kCompaction,4,5,/home/wam/grad/s14-range-delete-study/scratch/longcycle_formal/db_LC20-R2-CLEAN/003157.sst,0,336362947,319591,2636
445.85,compaction,1414,kCompaction,4,5,/home/wam/grad/s14-range-delete-study/scratch/longcycle_formal/db_LC20-R2-CLEAN/003170.sst,0,329786910,313331,2422
445.89,compaction,1413,kCompaction,4,5,/home/wam/grad/s14-range-delete-study/scratch/longcycle_formal/db_LC20-R2-CLEAN/003169.sst,0,418622735,397755,3879
446.17,flush,1420,Write Buffer Full,-1,0,/home/wam/grad/s14-range-delete-study/scratch/longcycle_formal/db_LC20-R2-CLEAN/003187.sst,0,61775687,59138,0
446.93,compaction,1419,kCompaction,5,6,/home/wam/grad/s14-range-delete-study/scratch/longcycle_formal/db_LC20-R2-CLEAN/003185.sst,0,155184541,147468,966
447.21,compaction,1418,kCompaction,5,6,/home/wam/grad/s14-range-delete-study/scratch/longcycle_formal/db_LC20-R2-CLEAN/003184.sst,0,208101253,197757,3049
447.89,flush,1423,Write Buffer Full,-1,0,/home/wam/grad/s14-range-delete-study/scratch/longcycle_formal/db_LC20-R2-CLEAN/003199.sst,0,57826997,55356,0
449.25,flush,1424,Write Buffer Full,-1,0,/home/wam/grad/s14-range-delete-study/scratch/longcycle_formal/db_LC20-R2-CLEAN/003206.sst,0,62240143,59581,0
449.39,compaction,1422,kCompaction,0,4,/home/wam/grad/s14-range-delete-study/scratch/longcycle_formal/db_LC20-R2-CLEAN/003193.sst,0,530158933,503701,1607
449.75,compaction,1421,kCompaction,5,6,/home/wam/grad/s14-range-delete-study/scratch/longcycle_formal/db_LC20-R2-CLEAN/003188.sst,0,419174792,398332,6806
450.71,compaction,1425,kCompaction,4,5,/home/wam/grad/s14-range-delete-study/scratch/longcycle_formal/db_LC20-R2-CLEAN/003210.sst,0,197326955,187501,1242
450.72,flush,1428,Write Buffer Full,-1,0,/home/wam/grad/s14-range-delete-study/scratch/longcycle_formal/db_LC20-R2-CLEAN/003218.sst,0,61059175,58451,0
451.20,compaction,1426,kCompaction,4,5,/home/wam/grad/s14-range-delete-study/scratch/longcycle_formal/db_LC20-R2-CLEAN/003209.sst,0,360372574,342406,3252
451.95,compaction,1427,kCompaction,4,5,/home/wam/grad/s14-range-delete-study/scratch/longcycle_formal/db_LC20-R2-CLEAN/003213.sst,0,359862942,341929,2812
452.35,flush,1429,Write Buffer Full,-1,0,/home/wam/grad/s14-range-delete-study/scratch/longcycle_formal/db_LC20-R2-CLEAN/003223.sst,0,62303273,59642,0
452.95,compaction,1430,kCompaction,5,6,/home/wam/grad/s14-range-delete-study/scratch/longcycle_formal/db_LC20-R2-CLEAN/003224.sst,0,127858341,121501,325
453.97,compaction,1431,kCompaction,5,6,/home/wam/grad/s14-range-delete-study/scratch/longcycle_formal/db_LC20-R2-CLEAN/003225.sst,0,206178510,195924,774
454.41,compaction,1432,kCompaction,5,6,/home/wam/grad/s14-range-delete-study/scratch/longcycle_formal/db_LC20-R2-CLEAN/003226.sst,0,280506990,266564,1903
454.42,flush,1434,Write Buffer Full,-1,0,/home/wam/grad/s14-range-delete-study/scratch/longcycle_formal/db_LC20-R2-CLEAN/003238.sst,0,58425484,55930,0
455.61,flush,1435,Write Buffer Full,-1,0,/home/wam/grad/s14-range-delete-study/scratch/longcycle_formal/db_LC20-R2-CLEAN/003244.sst,0,62399177,59733,0
455.74,compaction,1433,kCompaction,0,4,/home/wam/grad/s14-range-delete-study/scratch/longcycle_formal/db_LC20-R2-CLEAN/003230.sst,0,501109482,476088,1348
456.88,flush,1439,Write Buffer Full,-1,0,/home/wam/grad/s14-range-delete-study/scratch/longcycle_formal/db_LC20-R2-CLEAN/003254.sst,0,57358252,54907,0
457.16,compaction,1436,kCompaction,4,5,/home/wam/grad/s14-range-delete-study/scratch/longcycle_formal/db_LC20-R2-CLEAN/003245.sst,0,231024236,219515,1891
458.07,compaction,1438,kCompaction,4,5,/home/wam/grad/s14-range-delete-study/scratch/longcycle_formal/db_LC20-R2-CLEAN/003247.sst,0,399789564,379862,3026
458.45,flush,1440,Write Buffer Full,-1,0,/home/wam/grad/s14-range-delete-study/scratch/longcycle_formal/db_LC20-R2-CLEAN/003262.sst,0,64850412,62080,0
458.50,compaction,1437,kCompaction,4,5,/home/wam/grad/s14-range-delete-study/scratch/longcycle_formal/db_LC20-R2-CLEAN/003246.sst,0,473774761,450137,1911
460.13,compaction,1442,kCompaction,5,6,/home/wam/grad/s14-range-delete-study/scratch/longcycle_formal/db_LC20-R2-CLEAN/003263.sst,0,285607861,271408,2319
460.95,compaction,1444,kCompaction,5,6,/home/wam/grad/s14-range-delete-study/scratch/longcycle_formal/db_LC20-R2-CLEAN/003265.sst,0,338211905,321393,63587
460.97,flush,1446,Write Buffer Full,-1,0,/home/wam/grad/s14-range-delete-study/scratch/longcycle_formal/db_LC20-R2-CLEAN/003279.sst,0,61190973,58576,0
462.54,compaction,1445,kCompaction,0,4,/home/wam/grad/s14-range-delete-study/scratch/longcycle_formal/db_LC20-R2-CLEAN/003275.sst,0,474831530,451110,1264
462.55,compaction,1447,kCompaction,4,5,/home/wam/grad/s14-range-delete-study/scratch/longcycle_formal/db_LC20-R2-CLEAN/003281.sst,0,0,0,0
462.56,compaction,1448,kCompaction,4,5,/home/wam/grad/s14-range-delete-study/scratch/longcycle_formal/db_LC20-R2-CLEAN/003286.sst,0,0,0,0
462.89,flush,1450,Write Buffer Full,-1,0,/home/wam/grad/s14-range-delete-study/scratch/longcycle_formal/db_LC20-R2-CLEAN/003290.sst,0,57488930,55033,0
463.78,compaction,1443,kCompaction,5,6,/home/wam/grad/s14-range-delete-study/scratch/longcycle_formal/db_LC20-R2-CLEAN/003264.sst,0,649142405,616866,18868
464.40,flush,1451,Write Buffer Full,-1,0,/home/wam/grad/s14-range-delete-study/scratch/longcycle_formal/db_LC20-R2-CLEAN/003299.sst,0,64962662,62188,0
465.40,compaction,1449,kCompaction,4,5,/home/wam/grad/s14-range-delete-study/scratch/longcycle_formal/db_LC20-R2-CLEAN/003288.sst,0,521422938,495414,8446
465.86,flush,1453,Write Buffer Full,-1,0,/home/wam/grad/s14-range-delete-study/scratch/longcycle_formal/db_LC20-R2-CLEAN/003304.sst,0,56761332,54336,0
467.80,compaction,1454,kCompaction,5,6,/home/wam/grad/s14-range-delete-study/scratch/longcycle_formal/db_LC20-R2-CLEAN/003305.sst,0,368793920,350460,3659
468.49,compaction,1452,kCompaction,5,6,/home/wam/grad/s14-range-delete-study/scratch/longcycle_formal/db_LC20-R2-CLEAN/003302.sst,0,329087924,312723,13482
468.83,compaction,1455,kCompaction,0,4,/home/wam/grad/s14-range-delete-study/scratch/longcycle_formal/db_LC20-R2-CLEAN/003306.sst,0,501785233,476720,1278
468.83,flush,1456,Write Buffer Full,-1,0,/home/wam/grad/s14-range-delete-study/scratch/longcycle_formal/db_LC20-R2-CLEAN/003322.sst,0,58799359,56287,0
470.08,flush,1460,Write Buffer Full,-1,0,/home/wam/grad/s14-range-delete-study/scratch/longcycle_formal/db_LC20-R2-CLEAN/003334.sst,0,58558750,56057,0
470.42,compaction,1458,kCompaction,4,5,/home/wam/grad/s14-range-delete-study/scratch/longcycle_formal/db_LC20-R2-CLEAN/003324.sst,0,276760943,262957,1888
470.63,compaction,1459,kCompaction,4,5,/home/wam/grad/s14-range-delete-study/scratch/longcycle_formal/db_LC20-R2-CLEAN/003325.sst,0,358636867,340746,2785
470.76,compaction,1457,kCompaction,4,5,/home/wam/grad/s14-range-delete-study/scratch/longcycle_formal/db_LC20-R2-CLEAN/003323.sst,0,289444355,275004,2557
471.46,flush,1462,Write Buffer Full,-1,0,/home/wam/grad/s14-range-delete-study/scratch/longcycle_formal/db_LC20-R2-CLEAN/003342.sst,0,64043358,61307,0
471.66,compaction,1461,kCompaction,5,6,/home/wam/grad/s14-range-delete-study/scratch/longcycle_formal/db_LC20-R2-CLEAN/003339.sst,0,195404400,185692,902
472.90,flush,1464,Write Buffer Full,-1,0,/home/wam/grad/s14-range-delete-study/scratch/longcycle_formal/db_LC20-R2-CLEAN/003349.sst,0,59334511,56800,0
473.17,compaction,1463,kCompaction,5,6,/home/wam/grad/s14-range-delete-study/scratch/longcycle_formal/db_LC20-R2-CLEAN/003344.sst,0,339295633,322422,2620
474.89,flush,1467,Write Buffer Full,-1,0,/home/wam/grad/s14-range-delete-study/scratch/longcycle_formal/db_LC20-R2-CLEAN/003361.sst,0,57252165,54806,0
475.05,compaction,1465,kCompaction,5,6,/home/wam/grad/s14-range-delete-study/scratch/longcycle_formal/db_LC20-R2-CLEAN/003351.sst,0,338208254,321397,65059
475.64,compaction,1466,kCompaction,0,4,/home/wam/grad/s14-range-delete-study/scratch/longcycle_formal/db_LC20-R2-CLEAN/003352.sst,0,482416340,458321,1199
476.56,flush,1470,Write Buffer Full,-1,0,/home/wam/grad/s14-range-delete-study/scratch/longcycle_formal/db_LC20-R2-CLEAN/003369.sst,0,63118535,60422,0
477.85,flush,1471,Write Buffer Full,-1,0,/home/wam/grad/s14-range-delete-study/scratch/longcycle_formal/db_LC20-R2-CLEAN/003377.sst,0,58333424,55841,0
478.31,compaction,1468,kCompaction,4,5,/home/wam/grad/s14-range-delete-study/scratch/longcycle_formal/db_LC20-R2-CLEAN/003364.sst,0,484666827,460495,4829
478.57,compaction,1469,kCompaction,4,5,/home/wam/grad/s14-range-delete-study/scratch/longcycle_formal/db_LC20-R2-CLEAN/003365.sst,0,545797700,518572,3465
479.11,flush,1473,Write Buffer Full,-1,0,/home/wam/grad/s14-range-delete-study/scratch/longcycle_formal/db_LC20-R2-CLEAN/003383.sst,0,64759550,61994,0
479.76,compaction,1472,kCompaction,5,6,/home/wam/grad/s14-range-delete-study/scratch/longcycle_formal/db_LC20-R2-CLEAN/003381.sst,0,162534162,154454,968
480.90,flush,1477,Write Buffer Full,-1,0,/home/wam/grad/s14-range-delete-study/scratch/longcycle_formal/db_LC20-R2-CLEAN/003396.sst,0,64769453,62003,0
481.67,compaction,1475,kCompaction,5,6,/home/wam/grad/s14-range-delete-study/scratch/longcycle_formal/db_LC20-R2-CLEAN/003385.sst,0,405853239,385674,69678
482.55,compaction,1476,kCompaction,0,4,/home/wam/grad/s14-range-delete-study/scratch/longcycle_formal/db_LC20-R2-CLEAN/003390.sst,0,480498138,456493,1106
483.09,compaction,1474,kCompaction,5,6,/home/wam/grad/s14-range-delete-study/scratch/longcycle_formal/db_LC20-R2-CLEAN/003384.sst,0,369059511,350711,64300
483.57,flush,1480,Write Buffer Full,-1,0,/home/wam/grad/s14-range-delete-study/scratch/longcycle_formal/db_LC20-R2-CLEAN/003413.sst,0,63749732,61027,0
483.88,compaction,1478,kCompaction,4,5,/home/wam/grad/s14-range-delete-study/scratch/longcycle_formal/db_LC20-R2-CLEAN/003406.sst,0,295487904,280757,2334
485.02,flush,1482,Write Buffer Full,-1,0,/home/wam/grad/s14-range-delete-study/scratch/longcycle_formal/db_LC20-R2-CLEAN/003420.sst,0,63646666,60927,0
485.55,compaction,1479,kCompaction,4,5,/home/wam/grad/s14-range-delete-study/scratch/longcycle_formal/db_LC20-R2-CLEAN/003407.sst,0,345730698,328496,3315
485.80,compaction,1481,kCompaction,4,5,/home/wam/grad/s14-range-delete-study/scratch/longcycle_formal/db_LC20-R2-CLEAN/003414.sst,0,348495657,331110,4405
486.33,flush,1484,Write Buffer Full,-1,0,/home/wam/grad/s14-range-delete-study/scratch/longcycle_formal/db_LC20-R2-CLEAN/003426.sst,0,62175604,59519,0
486.65,compaction,1483,kCompaction,5,6,/home/wam/grad/s14-range-delete-study/scratch/longcycle_formal/db_LC20-R2-CLEAN/003424.sst,0,148501142,141112,284
486.82,compaction,1485,kCompaction,5,6,/home/wam/grad/s14-range-delete-study/scratch/longcycle_formal/db_LC20-R2-CLEAN/003428.sst,0,60763353,57745,43
487.64,flush,1488,Write Buffer Full,-1,0,/home/wam/grad/s14-range-delete-study/scratch/longcycle_formal/db_LC20-R2-CLEAN/003437.sst,0,62768632,60087,0
488.32,compaction,1486,kCompaction,5,6,/home/wam/grad/s14-range-delete-study/scratch/longcycle_formal/db_LC20-R2-CLEAN/003429.sst,0,360190831,342285,11363
488.51,compaction,1487,kCompaction,0,4,/home/wam/grad/s14-range-delete-study/scratch/longcycle_formal/db_LC20-R2-CLEAN/003431.sst,0,473692614,450048,1277
488.51,compaction,1489,kCompaction,4,5,/home/wam/grad/s14-range-delete-study/scratch/longcycle_formal/db_LC20-R2-CLEAN/003439.sst,0,0,0,0
489.21,flush,1492,Write Buffer Full,-1,0,/home/wam/grad/s14-range-delete-study/scratch/longcycle_formal/db_LC20-R2-CLEAN/003447.sst,0,64962736,62188,0
489.49,compaction,1490,kCompaction,4,5,/home/wam/grad/s14-range-delete-study/scratch/longcycle_formal/db_LC20-R2-CLEAN/003444.sst,0,182524613,173436,1030
490.33,flush,1493,Write Buffer Full,-1,0,/home/wam/grad/s14-range-delete-study/scratch/longcycle_formal/db_LC20-R2-CLEAN/003452.sst,0,58704450,56196,0
491.77,compaction,1491,kCompaction,4,5,/home/wam/grad/s14-range-delete-study/scratch/longcycle_formal/db_LC20-R2-CLEAN/003445.sst,0,382631253,363550,3110
491.84,compaction,1494,kCompaction,5,6,/home/wam/grad/s14-range-delete-study/scratch/longcycle_formal/db_LC20-R2-CLEAN/003449.sst,0,0,0,0
492.03,flush,1495,Write Buffer Full,-1,0,/home/wam/grad/s14-range-delete-study/scratch/longcycle_formal/db_LC20-R2-CLEAN/003456.sst,0,63241682,60540,0
493.02,compaction,1496,kCompaction,5,6,/home/wam/grad/s14-range-delete-study/scratch/longcycle_formal/db_LC20-R2-CLEAN/003457.sst,0,217818703,206991,1388
494.47,flush,1500,Write Buffer Full,-1,0,/home/wam/grad/s14-range-delete-study/scratch/longcycle_formal/db_LC20-R2-CLEAN/003469.sst,0,61370921,58750,0
495.42,compaction,1497,kCompaction,5,6,/home/wam/grad/s14-range-delete-study/scratch/longcycle_formal/db_LC20-R2-CLEAN/003458.sst,0,259922637,247000,1512
495.73,compaction,1499,kCompaction,0,4,/home/wam/grad/s14-range-delete-study/scratch/longcycle_formal/db_LC20-R2-CLEAN/003463.sst,0,489767487,465301,1143
496.10,compaction,1498,kCompaction,5,6,/home/wam/grad/s14-range-delete-study/scratch/longcycle_formal/db_LC20-R2-CLEAN/003459.sst,0,318072803,302256,1748
496.24,flush,1503,Write Buffer Full,-1,0,/home/wam/grad/s14-range-delete-study/scratch/longcycle_formal/db_LC20-R2-CLEAN/003482.sst,0,64279115,61532,0
497.02,compaction,1501,kCompaction,4,5,/home/wam/grad/s14-range-delete-study/scratch/longcycle_formal/db_LC20-R2-CLEAN/003479.sst,0,180250465,171281,1185
497.22,compaction,1502,kCompaction,4,5,/home/wam/grad/s14-range-delete-study/scratch/longcycle_formal/db_LC20-R2-CLEAN/003480.sst,0,176495159,167696,1923
497.95,flush,1506,Write Buffer Full,-1,0,/home/wam/grad/s14-range-delete-study/scratch/longcycle_formal/db_LC20-R2-CLEAN/003492.sst,0,63019084,60327,0
499.37,compaction,1504,kCompaction,4,5,/home/wam/grad/s14-range-delete-study/scratch/longcycle_formal/db_LC20-R2-CLEAN/003483.sst,0,318286949,302411,2246
500.16,compaction,1505,kCompaction,4,5,/home/wam/grad/s14-range-delete-study/scratch/longcycle_formal/db_LC20-R2-CLEAN/003487.sst,0,620071562,589131,2891
500.22,flush,1507,Write Buffer Full,-1,0,/home/wam/grad/s14-range-delete-study/scratch/longcycle_formal/db_LC20-R2-CLEAN/003500.sst,0,63590746,60873,0
500.90,compaction,1508,kCompaction,5,6,/home/wam/grad/s14-range-delete-study/scratch/longcycle_formal/db_LC20-R2-CLEAN/003503.sst,0,76591683,72780,264
501.37,compaction,1509,kCompaction,5,6,/home/wam/grad/s14-range-delete-study/scratch/longcycle_formal/db_LC20-R2-CLEAN/003502.sst,0,112590862,106992,29
502.83,compaction,1510,kCompaction,5,6,/home/wam/grad/s14-range-delete-study/scratch/longcycle_formal/db_LC20-R2-CLEAN/003504.sst,0,405853234,385674,65724
503.02,flush,1513,Write Buffer Full,-1,0,/home/wam/grad/s14-range-delete-study/scratch/longcycle_formal/db_LC20-R2-CLEAN/003521.sst,0,60844744,58244,0
503.82,compaction,1511,kCompaction,5,6,/home/wam/grad/s14-range-delete-study/scratch/longcycle_formal/db_LC20-R2-CLEAN/003507.sst,0,405851806,385674,64175
504.14,compaction,1512,kCompaction,5,6,/home/wam/grad/s14-range-delete-study/scratch/longcycle_formal/db_LC20-R2-CLEAN/003510.sst,0,382711978,363683,58409
504.74,compaction,1514,kCompaction,0,4,/home/wam/grad/s14-range-delete-study/scratch/longcycle_formal/db_LC20-R2-CLEAN/003522.sst,0,426787182,405458,949
504.82,flush,1515,Write Buffer Full,-1,0,/home/wam/grad/s14-range-delete-study/scratch/longcycle_formal/db_LC20-R2-CLEAN/003532.sst,0,60177177,57607,0
506.23,flush,1517,Write Buffer Full,-1,0,/home/wam/grad/s14-range-delete-study/scratch/longcycle_formal/db_LC20-R2-CLEAN/003538.sst,0,64567787,61809,0
506.54,compaction,1516,kCompaction,4,5,/home/wam/grad/s14-range-delete-study/scratch/longcycle_formal/db_LC20-R2-CLEAN/003533.sst,0,345648615,328416,2776
507.00,compaction,1518,kCompaction,5,6,/home/wam/grad/s14-range-delete-study/scratch/longcycle_formal/db_LC20-R2-CLEAN/003540.sst,0,82255880,78163,230
508.06,flush,1520,Write Buffer Full,-1,0,/home/wam/grad/s14-range-delete-study/scratch/longcycle_formal/db_LC20-R2-CLEAN/003546.sst,0,64347752,61599,0
510.64,flush,1523,Write Buffer Full,-1,0,/home/wam/grad/s14-range-delete-study/scratch/longcycle_formal/db_LC20-R2-CLEAN/003560.sst,0,58289166,55799,0
512.15,compaction,1521,kCompaction,4,5,/home/wam/grad/s14-range-delete-study/scratch/longcycle_formal/db_LC20-R2-CLEAN/003547.sst,0,342565810,325490,2220
512.30,compaction,1519,kCompaction,5,6,/home/wam/grad/s14-range-delete-study/scratch/longcycle_formal/db_LC20-R2-CLEAN/003542.sst,0,794113654,754630,16702
512.50,flush,1525,Write Buffer Full,-1,0,/home/wam/grad/s14-range-delete-study/scratch/longcycle_formal/db_LC20-R2-CLEAN/003570.sst,0,61026489,58419,0
512.84,compaction,1522,kCompaction,4,5,/home/wam/grad/s14-range-delete-study/scratch/longcycle_formal/db_LC20-R2-CLEAN/003548.sst,0,604704274,574559,3690
514.11,compaction,1528,kCompaction,0,0,/home/wam/grad/s14-range-delete-study/scratch/longcycle_formal/db_LC20-R2-CLEAN/003572.sst,0,371173800,352620,857
514.30,compaction,1529,kCompaction,5,6,/home/wam/grad/s14-range-delete-study/scratch/longcycle_formal/db_LC20-R2-CLEAN/003573.sst,0,210607534,200139,1236
514.36,flush,1530,Write Buffer Full,-1,0,/home/wam/grad/s14-range-delete-study/scratch/longcycle_formal/db_LC20-R2-CLEAN/003578.sst,0,56043697,53648,0
516.72,compaction,1531,kCompaction,0,4,/home/wam/grad/s14-range-delete-study/scratch/longcycle_formal/db_LC20-R2-CLEAN/003579.sst,0,519329566,493397,964
516.95,flush,1534,Write Buffer Full,-1,0,/home/wam/grad/s14-range-delete-study/scratch/longcycle_formal/db_LC20-R2-CLEAN/003589.sst,0,62637715,59961,0
518.85,compaction,1532,kCompaction,4,5,/home/wam/grad/s14-range-delete-study/scratch/longcycle_formal/db_LC20-R2-CLEAN/003588.sst,0,200902144,190901,1258
519.03,flush,1536,Write Buffer Full,-1,0,/home/wam/grad/s14-range-delete-study/scratch/longcycle_formal/db_LC20-R2-CLEAN/003599.sst,0,57941589,55465,0
520.49,compaction,1535,kCompaction,4,5,/home/wam/grad/s14-range-delete-study/scratch/longcycle_formal/db_LC20-R2-CLEAN/003590.sst,0,473726519,450101,6557
520.72,flush,1537,Write Buffer Full,-1,0,/home/wam/grad/s14-range-delete-study/scratch/longcycle_formal/db_LC20-R2-CLEAN/003605.sst,0,64491804,61736,0
520.86,compaction,1533,kCompaction,4,5,/home/wam/grad/s14-range-delete-study/scratch/longcycle_formal/db_LC20-R2-CLEAN/003587.sst,0,428833134,407434,3517
522.19,compaction,1539,kCompaction,5,6,/home/wam/grad/s14-range-delete-study/scratch/longcycle_formal/db_LC20-R2-CLEAN/003606.sst,0,216648442,205873,6439
522.32,compaction,1540,kCompaction,5,6,/home/wam/grad/s14-range-delete-study/scratch/longcycle_formal/db_LC20-R2-CLEAN/003607.sst,0,177768433,168927,433
522.41,flush,1543,Write Buffer Full,-1,0,/home/wam/grad/s14-range-delete-study/scratch/longcycle_formal/db_LC20-R2-CLEAN/003618.sst,0,64761339,61994,0
523.57,compaction,1541,kCompaction,5,6,/home/wam/grad/s14-range-delete-study/scratch/longcycle_formal/db_LC20-R2-CLEAN/003608.sst,0,319722015,303828,3590
524.73,flush,1544,Write Buffer Full,-1,0,/home/wam/grad/s14-range-delete-study/scratch/longcycle_formal/db_LC20-R2-CLEAN/003627.sst,0,58611751,56107,0
524.78,compaction,1542,kCompaction,0,4,/home/wam/grad/s14-range-delete-study/scratch/longcycle_formal/db_LC20-R2-CLEAN/003616.sst,0,478010602,454133,1153
525.95,compaction,1545,kCompaction,4,5,/home/wam/grad/s14-range-delete-study/scratch/longcycle_formal/db_LC20-R2-CLEAN/003628.sst,0,205085452,194855,1045
526.41,flush,1547,Write Buffer Full,-1,0,/home/wam/grad/s14-range-delete-study/scratch/longcycle_formal/db_LC20-R2-CLEAN/003633.sst,0,56984283,54549,0
527.38,compaction,1546,kCompaction,4,5,/home/wam/grad/s14-range-delete-study/scratch/longcycle_formal/db_LC20-R2-CLEAN/003631.sst,0,256112938,243324,1357
527.95,flush,1549,Write Buffer Full,-1,0,/home/wam/grad/s14-range-delete-study/scratch/longcycle_formal/db_LC20-R2-CLEAN/003639.sst,0,64765612,61998,0
528.84,compaction,1548,kCompaction,5,6,/home/wam/grad/s14-range-delete-study/scratch/longcycle_formal/db_LC20-R2-CLEAN/003637.sst,0,219112504,208214,847
529.47,flush,1553,Write Buffer Full,-1,0,/home/wam/grad/s14-range-delete-study/scratch/longcycle_formal/db_LC20-R2-CLEAN/003652.sst,0,63802945,61077,0
529.70,compaction,1550,kCompaction,4,5,/home/wam/grad/s14-range-delete-study/scratch/longcycle_formal/db_LC20-R2-CLEAN/003641.sst,0,320691379,304686,3720
531.00,flush,1557,Write Buffer Full,-1,0,/home/wam/grad/s14-range-delete-study/scratch/longcycle_formal/db_LC20-R2-CLEAN/003659.sst,0,63216095,60515,0
532.87,flush,1560,Write Buffer Full,-1,0,/home/wam/grad/s14-range-delete-study/scratch/longcycle_formal/db_LC20-R2-CLEAN/003665.sst,0,60125905,57556,0
532.90,compaction,1551,kCompaction,4,5,/home/wam/grad/s14-range-delete-study/scratch/longcycle_formal/db_LC20-R2-CLEAN/003642.sst,0,809644834,769255,4973
532.96,compaction,1559,kCompaction,0,0,/home/wam/grad/s14-range-delete-study/scratch/longcycle_formal/db_LC20-R2-CLEAN/003661.sst,0,374142769,355433,807
533.75,compaction,1561,kCompaction,5,6,/home/wam/grad/s14-range-delete-study/scratch/longcycle_formal/db_LC20-R2-CLEAN/003666.sst,0,88032782,83657,73
534.15,compaction,1563,kCompaction,5,6,/home/wam/grad/s14-range-delete-study/scratch/longcycle_formal/db_LC20-R2-CLEAN/003668.sst,0,168072805,159715,2517
535.73,flush,1564,Write Buffer Full,-1,0,/home/wam/grad/s14-range-delete-study/scratch/longcycle_formal/db_LC20-R2-CLEAN/003677.sst,0,59977730,57415,0
536.04,compaction,1562,kCompaction,0,4,/home/wam/grad/s14-range-delete-study/scratch/longcycle_formal/db_LC20-R2-CLEAN/003667.sst,0,585662040,556424,1099
537.64,flush,1568,Write Buffer Full,-1,0,/home/wam/grad/s14-range-delete-study/scratch/longcycle_formal/db_LC20-R2-CLEAN/003692.sst,0,64464459,61710,0
538.06,compaction,1565,kCompaction,4,5,/home/wam/grad/s14-range-delete-study/scratch/longcycle_formal/db_LC20-R2-CLEAN/003679.sst,0,388921975,369535,3689
538.15,compaction,1567,kCompaction,4,5,/home/wam/grad/s14-range-delete-study/scratch/longcycle_formal/db_LC20-R2-CLEAN/003681.sst,0,361820469,343781,2411
538.31,compaction,1566,kCompaction,4,5,/home/wam/grad/s14-range-delete-study/scratch/longcycle_formal/db_LC20-R2-CLEAN/003680.sst,0,406200255,385946,3218
539.67,flush,1570,Write Buffer Full,-1,0,/home/wam/grad/s14-range-delete-study/scratch/longcycle_formal/db_LC20-R2-CLEAN/003702.sst,0,62738078,60057,0
540.78,compaction,1569,kCompaction,4,5,/home/wam/grad/s14-range-delete-study/scratch/longcycle_formal/db_LC20-R2-CLEAN/003696.sst,0,529669099,503244,4338
542.13,compaction,1572,kCompaction,5,6,/home/wam/grad/s14-range-delete-study/scratch/longcycle_formal/db_LC20-R2-CLEAN/003706.sst,0,87950124,83577,2812
542.19,flush,1574,Write Buffer Full,-1,0,/home/wam/grad/s14-range-delete-study/scratch/longcycle_formal/db_LC20-R2-CLEAN/003713.sst,0,63810696,61084,0
542.38,compaction,1573,kCompaction,5,6,/home/wam/grad/s14-range-delete-study/scratch/longcycle_formal/db_LC20-R2-CLEAN/003707.sst,0,237594391,225778,1989
542.56,compaction,1571,kCompaction,5,6,/home/wam/grad/s14-range-delete-study/scratch/longcycle_formal/db_LC20-R2-CLEAN/003705.sst,0,144749808,137558,335
544.68,flush,1578,Write Buffer Full,-1,0,/home/wam/grad/s14-range-delete-study/scratch/longcycle_formal/db_LC20-R2-CLEAN/003731.sst,0,57742733,55275,0
544.74,compaction,1575,kCompaction,5,6,/home/wam/grad/s14-range-delete-study/scratch/longcycle_formal/db_LC20-R2-CLEAN/003716.sst,0,411447474,390991,4330
545.18,compaction,1577,kCompaction,0,4,/home/wam/grad/s14-range-delete-study/scratch/longcycle_formal/db_LC20-R2-CLEAN/003719.sst,0,445422972,423183,906
546.09,flush,1579,Write Buffer Full,-1,0,/home/wam/grad/s14-range-delete-study/scratch/longcycle_formal/db_LC20-R2-CLEAN/003738.sst,0,59551740,57006,0
546.56,compaction,1576,kCompaction,5,6,/home/wam/grad/s14-range-delete-study/scratch/longcycle_formal/db_LC20-R2-CLEAN/003717.sst,0,529033427,502731,18169
547.41,flush,1581,Write Buffer Full,-1,0,/home/wam/grad/s14-range-delete-study/scratch/longcycle_formal/db_LC20-R2-CLEAN/003744.sst,0,56174358,53773,0
548.32,compaction,1580,kCompaction,4,5,/home/wam/grad/s14-range-delete-study/scratch/longcycle_formal/db_LC20-R2-CLEAN/003741.sst,0,342129167,325057,2363
549.42,flush,1583,Write Buffer Full,-1,0,/home/wam/grad/s14-range-delete-study/scratch/longcycle_formal/db_LC20-R2-CLEAN/003752.sst,0,61740851,59102,0
549.93,compaction,1582,kCompaction,4,5,/home/wam/grad/s14-range-delete-study/scratch/longcycle_formal/db_LC20-R2-CLEAN/003748.sst,0,293837970,279175,1872
551.02,compaction,1584,kCompaction,4,5,/home/wam/grad/s14-range-delete-study/scratch/longcycle_formal/db_LC20-R2-CLEAN/003754.sst,0,327830950,311482,2126
551.04,compaction,1587,kCompaction,5,6,/home/wam/grad/s14-range-delete-study/scratch/longcycle_formal/db_LC20-R2-CLEAN/003747.sst,0,0,0,0
551.51,flush,1590,Write Buffer Full,-1,0,/home/wam/grad/s14-range-delete-study/scratch/longcycle_formal/db_LC20-R2-CLEAN/003761.sst,0,64618013,61857,0
553.11,compaction,1589,kCompaction,0,4,/home/wam/grad/s14-range-delete-study/scratch/longcycle_formal/db_LC20-R2-CLEAN/003759.sst,0,436527067,414729,991
553.77,flush,1593,Write Buffer Full,-1,0,/home/wam/grad/s14-range-delete-study/scratch/longcycle_formal/db_LC20-R2-CLEAN/003778.sst,0,58570522,56068,0
554.16,compaction,1591,kCompaction,4,5,/home/wam/grad/s14-range-delete-study/scratch/longcycle_formal/db_LC20-R2-CLEAN/003772.sst,0,182148192,173060,776
555.68,compaction,1588,kCompaction,5,6,/home/wam/grad/s14-range-delete-study/scratch/longcycle_formal/db_LC20-R2-CLEAN/003758.sst,0,742617388,705696,14400
555.98,flush,1595,Write Buffer Full,-1,0,/home/wam/grad/s14-range-delete-study/scratch/longcycle_formal/db_LC20-R2-CLEAN/003793.sst,0,62406426,59740,0
556.95,compaction,1592,kCompaction,4,5,/home/wam/grad/s14-range-delete-study/scratch/longcycle_formal/db_LC20-R2-CLEAN/003773.sst,0,379067115,360161,2862
556.99,compaction,1594,kCompaction,4,5,/home/wam/grad/s14-range-delete-study/scratch/longcycle_formal/db_LC20-R2-CLEAN/003782.sst,0,484414793,460263,3975
558.25,compaction,1596,kCompaction,5,6,/home/wam/grad/s14-range-delete-study/scratch/longcycle_formal/db_LC20-R2-CLEAN/003796.sst,0,157596388,149760,890
558.45,flush,1597,Write Buffer Full,-1,0,/home/wam/grad/s14-range-delete-study/scratch/longcycle_formal/db_LC20-R2-CLEAN/003800.sst,0,63233648,60532,0
560.14,compaction,1599,kCompaction,0,4,/home/wam/grad/s14-range-delete-study/scratch/longcycle_formal/db_LC20-R2-CLEAN/003802.sst,0,447282699,424941,945
560.90,flush,1602,Write Buffer Full,-1,0,/home/wam/grad/s14-range-delete-study/scratch/longcycle_formal/db_LC20-R2-CLEAN/003816.sst,0,60521104,57934,0
561.24,compaction,1601,kCompaction,4,5,/home/wam/grad/s14-range-delete-study/scratch/longcycle_formal/db_LC20-R2-CLEAN/003811.sst,0,216087710,205323,1076
562.51,compaction,1600,kCompaction,4,5,/home/wam/grad/s14-range-delete-study/scratch/longcycle_formal/db_LC20-R2-CLEAN/003812.sst,0,275905460,262128,1792
562.91,flush,1604,Write Buffer Full,-1,0,/home/wam/grad/s14-range-delete-study/scratch/longcycle_formal/db_LC20-R2-CLEAN/003831.sst,0,60105525,57537,0
563.70,compaction,1598,kCompaction,5,6,/home/wam/grad/s14-range-delete-study/scratch/longcycle_formal/db_LC20-R2-CLEAN/003801.sst,0,787339936,748193,46005
565.33,flush,1605,Write Buffer Full,-1,0,/home/wam/grad/s14-range-delete-study/scratch/longcycle_formal/db_LC20-R2-CLEAN/003837.sst,0,62354340,59689,0
565.40,compaction,1603,kCompaction,4,5,/home/wam/grad/s14-range-delete-study/scratch/longcycle_formal/db_LC20-R2-CLEAN/003820.sst,0,414613729,393936,2969
566.80,flush,1607,Write Buffer Full,-1,0,/home/wam/grad/s14-range-delete-study/scratch/longcycle_formal/db_LC20-R2-CLEAN/003842.sst,0,57690494,55225,0
567.28,compaction,1608,kCompaction,5,6,/home/wam/grad/s14-range-delete-study/scratch/longcycle_formal/db_LC20-R2-CLEAN/003844.sst,0,58596370,55680,14
567.38,compaction,1606,kCompaction,5,6,/home/wam/grad/s14-range-delete-study/scratch/longcycle_formal/db_LC20-R2-CLEAN/003839.sst,0,209547062,199131,741
569.06,compaction,1610,kCompaction,5,6,/home/wam/grad/s14-range-delete-study/scratch/longcycle_formal/db_LC20-R2-CLEAN/003848.sst,0,338211900,321393,60910
569.08,compaction,1609,kCompaction,5,6,/home/wam/grad/s14-range-delete-study/scratch/longcycle_formal/db_LC20-R2-CLEAN/003845.sst,0,338211902,321393,61484
569.54,flush,1612,Write Buffer Full,-1,0,/home/wam/grad/s14-range-delete-study/scratch/longcycle_formal/db_LC20-R2-CLEAN/003863.sst,0,57290688,54842,0
569.56,compaction,1611,kCompaction,0,4,/home/wam/grad/s14-range-delete-study/scratch/longcycle_formal/db_LC20-R2-CLEAN/003849.sst,0,466388601,443090,976
571.18,flush,1614,Write Buffer Full,-1,0,/home/wam/grad/s14-range-delete-study/scratch/longcycle_formal/db_LC20-R2-CLEAN/003868.sst,0,64409828,61658,0
571.88,compaction,1613,kCompaction,4,5,/home/wam/grad/s14-range-delete-study/scratch/longcycle_formal/db_LC20-R2-CLEAN/003864.sst,0,347897002,330564,2351
572.73,flush,1616,Write Buffer Full,-1,0,/home/wam/grad/s14-range-delete-study/scratch/longcycle_formal/db_LC20-R2-CLEAN/003874.sst,0,61633237,59000,0
573.69,compaction,1615,kCompaction,4,5,/home/wam/grad/s14-range-delete-study/scratch/longcycle_formal/db_LC20-R2-CLEAN/003870.sst,0,435631325,413910,3284
574.07,compaction,1617,kCompaction,5,6,/home/wam/grad/s14-range-delete-study/scratch/longcycle_formal/db_LC20-R2-CLEAN/003878.sst,0,50932941,48402,37
574.62,compaction,1618,kCompaction,5,6,/home/wam/grad/s14-range-delete-study/scratch/longcycle_formal/db_LC20-R2-CLEAN/003879.sst,0,83307049,79162,99
574.90,flush,1620,Write Buffer Full,-1,0,/home/wam/grad/s14-range-delete-study/scratch/longcycle_formal/db_LC20-R2-CLEAN/003883.sst,0,60191417,57620,0
576.71,compaction,1619,kCompaction,4,5,/home/wam/grad/s14-range-delete-study/scratch/longcycle_formal/db_LC20-R2-CLEAN/003881.sst,0,404865762,384677,2715
576.90,flush,1624,Write Buffer Full,-1,0,/home/wam/grad/s14-range-delete-study/scratch/longcycle_formal/db_LC20-R2-CLEAN/003891.sst,0,56005340,53612,0
577.39,compaction,1622,kCompaction,5,6,/home/wam/grad/s14-range-delete-study/scratch/longcycle_formal/db_LC20-R2-CLEAN/003888.sst,0,76663786,72848,74
579.00,compaction,1623,kCompaction,0,4,/home/wam/grad/s14-range-delete-study/scratch/longcycle_formal/db_LC20-R2-CLEAN/003889.sst,0,458966262,436037,1064
579.32,flush,1628,Write Buffer Full,-1,0,/home/wam/grad/s14-range-delete-study/scratch/longcycle_formal/db_LC20-R2-CLEAN/003902.sst,0,64612679,61852,0
580.82,compaction,1626,kCompaction,4,5,/home/wam/grad/s14-range-delete-study/scratch/longcycle_formal/db_LC20-R2-CLEAN/003898.sst,0,352161441,334596,2294
581.10,compaction,1625,kCompaction,4,5,/home/wam/grad/s14-range-delete-study/scratch/longcycle_formal/db_LC20-R2-CLEAN/003899.sst,0,253786999,241126,1571
581.44,flush,1629,Write Buffer Full,-1,0,/home/wam/grad/s14-range-delete-study/scratch/longcycle_formal/db_LC20-R2-CLEAN/003916.sst,0,57411348,54958,0
583.39,flush,1630,Write Buffer Full,-1,0,/home/wam/grad/s14-range-delete-study/scratch/longcycle_formal/db_LC20-R2-CLEAN/003921.sst,0,62422085,59755,0
583.45,compaction,1627,kCompaction,4,5,/home/wam/grad/s14-range-delete-study/scratch/longcycle_formal/db_LC20-R2-CLEAN/003900.sst,0,751158217,713691,3605
584.30,compaction,1634,kCompaction,5,6,/home/wam/grad/s14-range-delete-study/scratch/longcycle_formal/db_LC20-R2-CLEAN/003924.sst,0,82447633,78345,328
585.56,compaction,1632,kCompaction,5,6,/home/wam/grad/s14-range-delete-study/scratch/longcycle_formal/db_LC20-R2-CLEAN/003922.sst,0,218793264,207918,1384
586.15,compaction,1635,kCompaction,5,6,/home/wam/grad/s14-range-delete-study/scratch/longcycle_formal/db_LC20-R2-CLEAN/003928.sst,0,338211900,321393,62310
587.07,flush,1638,Write Buffer Full,-1,0,/home/wam/grad/s14-range-delete-study/scratch/longcycle_formal/db_LC20-R2-CLEAN/003945.sst,0,61125146,58514,0
587.30,compaction,1636,kCompaction,5,6,/home/wam/grad/s14-range-delete-study/scratch/longcycle_formal/db_LC20-R2-CLEAN/003936.sst,0,366262304,348053,65580
587.76,compaction,1633,kCompaction,5,6,/home/wam/grad/s14-range-delete-study/scratch/longcycle_formal/db_LC20-R2-CLEAN/003923.sst,0,428466919,407163,16402
588.24,compaction,1637,kCompaction,0,4,/home/wam/grad/s14-range-delete-study/scratch/longcycle_formal/db_LC20-R2-CLEAN/003939.sst,0,410901076,390370,936
589.15,flush,1640,Write Buffer Full,-1,0,/home/wam/grad/s14-range-delete-study/scratch/longcycle_formal/db_LC20-R2-CLEAN/003956.sst,0,63054591,60361,0
590.83,flush,1641,Write Buffer Full,-1,0,/home/wam/grad/s14-range-delete-study/scratch/longcycle_formal/db_LC20-R2-CLEAN/003961.sst,0,62960799,60271,0
590.89,compaction,1639,kCompaction,4,5,/home/wam/grad/s14-range-delete-study/scratch/longcycle_formal/db_LC20-R2-CLEAN/003953.sst,0,422246206,401183,4108
591.75,compaction,1642,kCompaction,5,6,/home/wam/grad/s14-range-delete-study/scratch/longcycle_formal/db_LC20-R2-CLEAN/003962.sst,0,155211577,147491,206
592.95,flush,1644,Write Buffer Full,-1,0,/home/wam/grad/s14-range-delete-study/scratch/longcycle_formal/db_LC20-R2-CLEAN/003970.sst,0,55904658,53516,0
593.38,compaction,1643,kCompaction,4,5,/home/wam/grad/s14-range-delete-study/scratch/longcycle_formal/db_LC20-R2-CLEAN/003965.sst,0,333261826,316638,1899
595.25,compaction,1646,kCompaction,0,4,/home/wam/grad/s14-range-delete-study/scratch/longcycle_formal/db_LC20-R2-CLEAN/003972.sst,0,484270749,460090,1136
595.63,flush,1650,Write Buffer Full,-1,0,/home/wam/grad/s14-range-delete-study/scratch/longcycle_formal/db_LC20-R2-CLEAN/003982.sst,0,64925010,62151,0
596.34,compaction,1647,kCompaction,4,5,/home/wam/grad/s14-range-delete-study/scratch/longcycle_formal/db_LC20-R2-CLEAN/003978.sst,0,201635579,191564,1034
596.87,compaction,1649,kCompaction,4,5,/home/wam/grad/s14-range-delete-study/scratch/longcycle_formal/db_LC20-R2-CLEAN/003980.sst,0,386281378,367015,2947
597.63,flush,1651,Write Buffer Full,-1,0,/home/wam/grad/s14-range-delete-study/scratch/longcycle_formal/db_LC20-R2-CLEAN/003993.sst,0,63857976,61129,0
598.26,compaction,1648,kCompaction,4,5,/home/wam/grad/s14-range-delete-study/scratch/longcycle_formal/db_LC20-R2-CLEAN/003979.sst,0,396783221,376996,3432
598.70,compaction,1652,kCompaction,5,6,/home/wam/grad/s14-range-delete-study/scratch/longcycle_formal/db_LC20-R2-CLEAN/003996.sst,0,58971083,56041,58
599.13,compaction,1653,kCompaction,5,6,/home/wam/grad/s14-range-delete-study/scratch/longcycle_formal/db_LC20-R2-CLEAN/003997.sst,0,96361810,91571,217
599.21,flush,1654,Write Buffer Full,-1,0,/home/wam/grad/s14-range-delete-study/scratch/longcycle_formal/db_LC20-R2-CLEAN/004000.sst,0,57594509,55133,0
600.44,compaction,1655,kCompaction,5,6,/home/wam/grad/s14-range-delete-study/scratch/longcycle_formal/db_LC20-R2-CLEAN/004001.sst,0,226757340,215480,1687
600.90,flush,1657,Write Buffer Full,-1,0,/home/wam/grad/s14-range-delete-study/scratch/longcycle_formal/db_LC20-R2-CLEAN/004007.sst,0,64870561,62099,0
603.20,compaction,1656,kCompaction,5,6,/home/wam/grad/s14-range-delete-study/scratch/longcycle_formal/db_LC20-R2-CLEAN/004005.sst,0,362044120,344046,6839
603.84,compaction,1658,kCompaction,0,4,/home/wam/grad/s14-range-delete-study/scratch/longcycle_formal/db_LC20-R2-CLEAN/004009.sst,0,467897568,444535,1087
603.86,flush,1659,Write Buffer Full,-1,0,/home/wam/grad/s14-range-delete-study/scratch/longcycle_formal/db_LC20-R2-CLEAN/004020.sst,0,62468883,59800,0
605.19,compaction,1660,kCompaction,4,5,/home/wam/grad/s14-range-delete-study/scratch/longcycle_formal/db_LC20-R2-CLEAN/004021.sst,0,263547162,250383,1472
605.80,flush,1662,Write Buffer Full,-1,0,/home/wam/grad/s14-range-delete-study/scratch/longcycle_formal/db_LC20-R2-CLEAN/004027.sst,0,61384665,58761,0
607.49,flush,1663,Write Buffer Full,-1,0,/home/wam/grad/s14-range-delete-study/scratch/longcycle_formal/db_LC20-R2-CLEAN/004033.sst,0,63274760,60572,0
607.86,compaction,1661,kCompaction,4,5,/home/wam/grad/s14-range-delete-study/scratch/longcycle_formal/db_LC20-R2-CLEAN/004025.sst,0,431733119,410203,3474
608.79,flush,1665,Write Buffer Full,-1,0,/home/wam/grad/s14-range-delete-study/scratch/longcycle_formal/db_LC20-R2-CLEAN/004039.sst,0,56672760,54251,0
608.85,compaction,1664,kCompaction,5,6,/home/wam/grad/s14-range-delete-study/scratch/longcycle_formal/db_LC20-R2-CLEAN/004035.sst,0,166410530,158134,282
610.20,flush,1669,Write Buffer Full,-1,0,/home/wam/grad/s14-range-delete-study/scratch/longcycle_formal/db_LC20-R2-CLEAN/004044.sst,0,58873633,56358,0
611.65,flush,1672,Write Buffer Full,-1,0,/home/wam/grad/s14-range-delete-study/scratch/longcycle_formal/db_LC20-R2-CLEAN/004048.sst,0,58457937,55960,0
611.85,compaction,1666,kCompaction,4,5,/home/wam/grad/s14-range-delete-study/scratch/longcycle_formal/db_LC20-R2-CLEAN/004040.sst,0,494538132,469873,4103
612.77,compaction,1675,kCompaction,5,6,/home/wam/grad/s14-range-delete-study/scratch/longcycle_formal/db_LC20-R2-CLEAN/004051.sst,0,169490999,161065,679
613.22,compaction,1674,kCompaction,0,0,/home/wam/grad/s14-range-delete-study/scratch/longcycle_formal/db_LC20-R2-CLEAN/004050.sst,0,362987033,344835,867
614.20,flush,1677,Write Buffer Full,-1,0,/home/wam/grad/s14-range-delete-study/scratch/longcycle_formal/db_LC20-R2-CLEAN/004057.sst,0,56365480,53957,0
615.85,compaction,1676,kCompaction,0,4,/home/wam/grad/s14-range-delete-study/scratch/longcycle_formal/db_LC20-R2-CLEAN/004054.sst,0,542035199,514982,966
617.07,flush,1681,Write Buffer Full,-1,0,/home/wam/grad/s14-range-delete-study/scratch/longcycle_formal/db_LC20-R2-CLEAN/004069.sst,0,64914998,62142,0
617.99,compaction,1679,kCompaction,4,5,/home/wam/grad/s14-range-delete-study/scratch/longcycle_formal/db_LC20-R2-CLEAN/004063.sst,0,312055424,296500,1865
618.64,compaction,1678,kCompaction,4,5,/home/wam/grad/s14-range-delete-study/scratch/longcycle_formal/db_LC20-R2-CLEAN/004062.sst,0,391005881,371520,3767
619.15,compaction,1680,kCompaction,4,5,/home/wam/grad/s14-range-delete-study/scratch/longcycle_formal/db_LC20-R2-CLEAN/004064.sst,0,413868089,393227,3072
619.75,flush,1683,Write Buffer Full,-1,0,/home/wam/grad/s14-range-delete-study/scratch/longcycle_formal/db_LC20-R2-CLEAN/004081.sst,0,63361488,60656,0
619.91,compaction,1682,kCompaction,5,6,/home/wam/grad/s14-range-delete-study/scratch/longcycle_formal/db_LC20-R2-CLEAN/004079.sst,0,96372701,91583,253
620.94,compaction,1684,kCompaction,5,6,/home/wam/grad/s14-range-delete-study/scratch/longcycle_formal/db_LC20-R2-CLEAN/004083.sst,0,187925783,178579,1307
621.75,flush,1686,Write Buffer Full,-1,0,/home/wam/grad/s14-range-delete-study/scratch/longcycle_formal/db_LC20-R2-CLEAN/004089.sst,0,64692494,61932,0
622.51,compaction,1685,kCompaction,5,6,/home/wam/grad/s14-range-delete-study/scratch/longcycle_formal/db_LC20-R2-CLEAN/004086.sst,0,282548190,268500,5228
624.13,compaction,1687,kCompaction,0,4,/home/wam/grad/s14-range-delete-study/scratch/longcycle_formal/db_LC20-R2-CLEAN/004091.sst,0,492721155,468122,1311
625.15,flush,1691,Write Buffer Full,-1,0,/home/wam/grad/s14-range-delete-study/scratch/longcycle_formal/db_LC20-R2-CLEAN/004106.sst,0,60910999,58310,0
625.69,compaction,1689,kCompaction,4,5,/home/wam/grad/s14-range-delete-study/scratch/longcycle_formal/db_LC20-R2-CLEAN/004099.sst,0,231188176,219669,1602
625.91,compaction,1688,kCompaction,4,5,/home/wam/grad/s14-range-delete-study/scratch/longcycle_formal/db_LC20-R2-CLEAN/004100.sst,0,234383029,222698,1594
626.48,compaction,1690,kCompaction,4,5,/home/wam/grad/s14-range-delete-study/scratch/longcycle_formal/db_LC20-R2-CLEAN/004101.sst,0,362278008,344208,2785
626.89,compaction,1692,kCompaction,5,6,/home/wam/grad/s14-range-delete-study/scratch/longcycle_formal/db_LC20-R2-CLEAN/004112.sst,0,48572053,46159,0
627.73,compaction,1693,kCompaction,5,6,/home/wam/grad/s14-range-delete-study/scratch/longcycle_formal/db_LC20-R2-CLEAN/004113.sst,0,181910914,172866,1033
628.11,flush,1695,Write Buffer Full,-1,0,/home/wam/grad/s14-range-delete-study/scratch/longcycle_formal/db_LC20-R2-CLEAN/004118.sst,0,63522417,60810,0
628.17,compaction,1694,kCompaction,5,6,/home/wam/grad/s14-range-delete-study/scratch/longcycle_formal/db_LC20-R2-CLEAN/004116.sst,0,85140498,80909,42
629.33,compaction,1696,kCompaction,5,6,/home/wam/grad/s14-range-delete-study/scratch/longcycle_formal/db_LC20-R2-CLEAN/004120.sst,0,280204633,266272,6887
630.05,flush,1698,Write Buffer Full,-1,0,/home/wam/grad/s14-range-delete-study/scratch/longcycle_formal/db_LC20-R2-CLEAN/004128.sst,0,62525036,59856,0
631.23,compaction,1697,kCompaction,5,6,/home/wam/grad/s14-range-delete-study/scratch/longcycle_formal/db_LC20-R2-CLEAN/004125.sst,0,381864980,362878,11670
631.45,flush,1699,Write Buffer Full,-1,0,/home/wam/grad/s14-range-delete-study/scratch/longcycle_formal/db_LC20-R2-CLEAN/004134.sst,0,64942962,62171,0
632.76,flush,1701,Write Buffer Full,-1,0,/home/wam/grad/s14-range-delete-study/scratch/longcycle_formal/db_LC20-R2-CLEAN/004140.sst,0,62774480,60094,0
633.41,compaction,1700,kCompaction,0,4,/home/wam/grad/s14-range-delete-study/scratch/longcycle_formal/db_LC20-R2-CLEAN/004135.sst,0,446456578,424148,1086
634.05,flush,1703,Write Buffer Full,-1,0,/home/wam/grad/s14-range-delete-study/scratch/longcycle_formal/db_LC20-R2-CLEAN/004146.sst,0,62122540,59470,0
634.70,compaction,1702,kCompaction,4,5,/home/wam/grad/s14-range-delete-study/scratch/longcycle_formal/db_LC20-R2-CLEAN/004143.sst,0,286955873,272639,1954
635.44,flush,1705,Write Buffer Full,-1,0,/home/wam/grad/s14-range-delete-study/scratch/longcycle_formal/db_LC20-R2-CLEAN/004153.sst,0,64225390,61484,0
636.03,compaction,1704,kCompaction,4,5,/home/wam/grad/s14-range-delete-study/scratch/longcycle_formal/db_LC20-R2-CLEAN/004149.sst,0,325516082,309266,3557
636.93,flush,1707,Write Buffer Full,-1,0,/home/wam/grad/s14-range-delete-study/scratch/longcycle_formal/db_LC20-R2-CLEAN/004160.sst,0,58283214,55795,0
637.56,compaction,1706,kCompaction,5,6,/home/wam/grad/s14-range-delete-study/scratch/longcycle_formal/db_LC20-R2-CLEAN/004156.sst,0,285696744,271491,1748
637.97,compaction,1708,kCompaction,4,5,/home/wam/grad/s14-range-delete-study/scratch/longcycle_formal/db_LC20-R2-CLEAN/004161.sst,0,239150454,227225,878
638.60,compaction,1711,kCompaction,5,6,/home/wam/grad/s14-range-delete-study/scratch/longcycle_formal/db_LC20-R2-CLEAN/004167.sst,0,89899195,85432,147
640.25,flush,1713,Write Buffer Full,-1,0,/home/wam/grad/s14-range-delete-study/scratch/longcycle_formal/db_LC20-R2-CLEAN/004174.sst,0,64129486,61394,0
640.27,compaction,1712,kCompaction,0,4,/home/wam/grad/s14-range-delete-study/scratch/longcycle_formal/db_LC20-R2-CLEAN/004166.sst,0,495784700,471019,1372
641.17,compaction,1714,kCompaction,4,5,/home/wam/grad/s14-range-delete-study/scratch/longcycle_formal/db_LC20-R2-CLEAN/004176.sst,0,257555632,244709,1907
641.86,compaction,1716,kCompaction,4,5,/home/wam/grad/s14-range-delete-study/scratch/longcycle_formal/db_LC20-R2-CLEAN/004178.sst,0,321016660,305002,2283
642.16,flush,1717,Write Buffer Full,-1,0,/home/wam/grad/s14-range-delete-study/scratch/longcycle_formal/db_LC20-R2-CLEAN/004189.sst,0,57305423,54861,0
642.35,compaction,1715,kCompaction,4,5,/home/wam/grad/s14-range-delete-study/scratch/longcycle_formal/db_LC20-R2-CLEAN/004177.sst,0,442910027,420820,3579
643.43,compaction,1718,kCompaction,5,6,/home/wam/grad/s14-range-delete-study/scratch/longcycle_formal/db_LC20-R2-CLEAN/004190.sst,0,195579452,185857,280
643.97,flush,1720,Write Buffer Full,-1,0,/home/wam/grad/s14-range-delete-study/scratch/longcycle_formal/db_LC20-R2-CLEAN/004196.sst,0,64918659,62149,0
644.12,compaction,1719,kCompaction,5,6,/home/wam/grad/s14-range-delete-study/scratch/longcycle_formal/db_LC20-R2-CLEAN/004193.sst,0,148964469,141556,317
645.84,compaction,1721,kCompaction,5,6,/home/wam/grad/s14-range-delete-study/scratch/longcycle_formal/db_LC20-R2-CLEAN/004198.sst,0,338208253,321397,59228
646.10,flush,1723,Write Buffer Full,-1,0,/home/wam/grad/s14-range-delete-study/scratch/longcycle_formal/db_LC20-R2-CLEAN/004205.sst,0,59098745,56578,0
647.80,compaction,1724,kCompaction,0,4,/home/wam/grad/s14-range-delete-study/scratch/longcycle_formal/db_LC20-R2-CLEAN/004206.sst,0,443554733,421400,1464
648.32,compaction,1722,kCompaction,5,6,/home/wam/grad/s14-range-delete-study/scratch/longcycle_formal/db_LC20-R2-CLEAN/004203.sst,0,405853235,385674,65460
649.39,compaction,1725,kCompaction,4,5,/home/wam/grad/s14-range-delete-study/scratch/longcycle_formal/db_LC20-R2-CLEAN/004216.sst,0,325330499,309101,1728
650.28,compaction,1726,kCompaction,4,5,/home/wam/grad/s14-range-delete-study/scratch/longcycle_formal/db_LC20-R2-CLEAN/004215.sst,0,808031671,767722,6933
650.86,compaction,1727,kCompaction,5,6,/home/wam/grad/s14-range-delete-study/scratch/longcycle_formal/db_LC20-R2-CLEAN/004231.sst,0,123865815,117707,12
651.23,compaction,1728,kCompaction,5,6,/home/wam/grad/s14-range-delete-study/scratch/longcycle_formal/db_LC20-R2-CLEAN/004233.sst,0,131127098,124608,444
652.72,compaction,1729,kCompaction,5,6,/home/wam/grad/s14-range-delete-study/scratch/longcycle_formal/db_LC20-R2-CLEAN/004235.sst,0,435506518,413855,10969
