config,phase,op_name,sample_count_per_rep,total_sample_count_5reps,metric,unit,rep1_raw,rep2_raw,rep3_raw,rep4_raw,rep5_raw,mean,sample_std,median,iqr,quantile_algorithm
Native-T0,Phase A,GetLive,70000,350000,P50,us,6.088,6.233,5.948,6.019,6.628,6.183199999999999,0.2700327757884216,6.088,0.21399999999999952,nearest_rank_driver: ceil(p*N)-1 on sorted thread-local arrays
Native-T0,Phase A,GetLive,70000,350000,P95,us,17.659,16.601,16.204,17.913,17.789,17.2332,0.7764143223820644,17.659,1.1880000000000024,nearest_rank_driver: ceil(p*N)-1 on sorted thread-local arrays
Native-T0,Phase A,GetLive,70000,350000,P99,us,21.703,21.551,27.342,29.082,23.46,24.6276,3.4129052579876875,23.46,5.638999999999999,nearest_rank_driver: ceil(p*N)-1 on sorted thread-local arrays
Native-T0,Phase A,GetLive,70000,350000,P99.9,us,37.901,38.623,41.82,45.079,43.389,41.3624,3.0665625380872314,41.82,4.766000000000005,nearest_rank_driver: ceil(p*N)-1 on sorted thread-local arrays
Native-T0,Phase A,GetLive,70000,350000,Max,us,221.648,120.56,160.94,269.017,108.084,176.0498,68.28043286476733,160.94,101.088,nearest_rank_driver: ceil(p*N)-1 on sorted thread-local arrays
Native-T0,Phase A,GetLive,70000,350000,Mean,us,7.75808,7.70308,7.55911,7.95345,8.26369,7.847481999999999,0.27224133681349727,7.75808,0.2503700000000002,nearest_rank_driver: ceil(p*N)-1 on sorted thread-local arrays
Native-T0,Phase A,Scan-PlannedIntersect,5000,25000,P50,us,59.044,60.109,59.582,60.858,65.56,61.03060000000001,2.619142187816463,60.109,1.2759999999999962,nearest_rank_driver: ceil(p*N)-1 on sorted thread-local arrays
Native-T0,Phase A,Scan-PlannedIntersect,5000,25000,P95,us,129.216,118.138,119.4,141.649,126.687,127.018,9.43259309522042,126.687,9.816000000000003,nearest_rank_driver: ceil(p*N)-1 on sorted thread-local arrays
Native-T0,Phase A,Scan-PlannedIntersect,5000,25000,P99,us,149.481,149.015,199.98,210.329,158.892,173.53940000000003,29.35719302487893,158.892,50.498999999999995,nearest_rank_driver: ceil(p*N)-1 on sorted thread-local arrays
Native-T0,Phase A,Scan-PlannedIntersect,5000,25000,P99.9,us,186.445,199.659,258.98,275.026,285.138,241.0496,45.04033227341912,258.98,75.36700000000002,nearest_rank_driver: ceil(p*N)-1 on sorted thread-local arrays
Native-T0,Phase A,Scan-PlannedIntersect,5000,25000,Max,us,310.339,214.399,314.107,323.571,338.479,300.17900000000003,49.16680498059641,314.107,13.232000000000028,nearest_rank_driver: ceil(p*N)-1 on sorted thread-local arrays
Native-T0,Phase A,Scan-PlannedIntersect,5000,25000,Mean,us,68.7088,67.0713,67.3858,71.2121,73.3226,69.54012,2.6706708833175234,68.7088,3.8263000000000034,nearest_rank_driver: ceil(p*N)-1 on sorted thread-local arrays
Native-T0,Phase A,Scan-NonIntersect,5000,25000,P50,us,43.377,43.715,43.415,43.735,47.518,44.352000000000004,1.7775409981207182,43.715,0.3200000000000003,nearest_rank_driver: ceil(p*N)-1 on sorted thread-local arrays
Native-T0,Phase A,Scan-NonIntersect,5000,25000,P95,us,66.688,63.157,63.387,74.574,69.972,67.5556,4.810783855048987,66.688,6.584999999999994,nearest_rank_driver: ceil(p*N)-1 on sorted thread-local arrays
Native-T0,Phase A,Scan-NonIntersect,5000,25000,P99,us,76.824,74.411,105.923,110.665,91.802,91.92500000000001,16.44633036576853,91.802,29.099000000000004,nearest_rank_driver: ceil(p*N)-1 on sorted thread-local arrays
Native-T0,Phase A,Scan-NonIntersect,5000,25000,P99.9,us,108.5,103.783,142.358,153.887,131.023,127.9102,21.518017048510767,131.023,33.858000000000004,nearest_rank_driver: ceil(p*N)-1 on sorted thread-local arrays
Native-T0,Phase A,Scan-NonIntersect,5000,25000,Max,us,122.215,155.843,195.877,244.38,166.464,176.9558,45.979391934865774,166.464,40.03400000000002,nearest_rank_driver: ceil(p*N)-1 on sorted thread-local arrays
Native-T0,Phase A,Scan-NonIntersect,5000,25000,Mean,us,46.6423,45.8526,46.0821,47.7548,50.6249,47.39134,1.9513395739850088,46.6423,1.672700000000006,nearest_rank_driver: ceil(p*N)-1 on sorted thread-local arrays
Native-T0,Phase A,Put,20000,100000,P50,us,9.447,10.784,10.743,10.607,11.894,10.695,0.8679104216449994,10.743,0.17700000000000138,nearest_rank_driver: ceil(p*N)-1 on sorted thread-local arrays
Native-T0,Phase A,Put,20000,100000,P95,us,18.036,19.355,20.068,20.638,21.518,19.923000000000002,1.319059134383292,20.068,1.2830000000000013,nearest_rank_driver: ceil(p*N)-1 on sorted thread-local arrays
Native-T0,Phase A,Put,20000,100000,P99,us,23.994,25.242,27.069,27.854,28.628,26.5574,1.9060159495660047,27.069,2.6119999999999983,nearest_rank_driver: ceil(p*N)-1 on sorted thread-local arrays
Native-T0,Phase A,Put,20000,100000,P99.9,us,54.323,69.555,96.044,85.379,66.701,74.40040000000002,16.392343725044324,69.555,18.67800000000001,nearest_rank_driver: ceil(p*N)-1 on sorted thread-local arrays
Native-T0,Phase A,Put,20000,100000,Max,us,258.789,348.068,276.969,289.08,155.913,265.7638,69.92679944556306,276.969,30.290999999999997,nearest_rank_driver: ceil(p*N)-1 on sorted thread-local arrays
Native-T0,Phase A,Put,20000,100000,Mean,us,10.3035,11.5977,11.7089,11.6797,12.7523,11.608419999999999,0.8698519483222419,11.6797,0.11120000000000019,nearest_rank_driver: ceil(p*N)-1 on sorted thread-local arrays
Native-T0,Phase B,GetLive,40000,200000,P50,us,3850.09,3600.47,4185.54,4240.87,4250.51,4025.495999999999,288.98343703402804,4185.54,390.77999999999975,nearest_rank_driver: ceil(p*N)-1 on sorted thread-local arrays
Native-T0,Phase B,GetLive,40000,200000,P95,us,10563.4,10129.7,10673.7,10568.5,10571.2,10501.3,212.7595943782558,10568.5,7.800000000001091,nearest_rank_driver: ceil(p*N)-1 on sorted thread-local arrays
Native-T0,Phase B,GetLive,40000,200000,P99,us,11484.6,11331.1,11425.6,11339.2,11368.5,11389.8,64.66919668590289,11368.5,86.39999999999964,nearest_rank_driver: ceil(p*N)-1 on sorted thread-local arrays
Native-T0,Phase B,GetLive,40000,200000,P99.9,us,14558,13271.6,14859.7,13240.1,13361.6,13858.2,785.0925136568302,13361.6,1286.3999999999996,nearest_rank_driver: ceil(p*N)-1 on sorted thread-local arrays
Native-T0,Phase B,GetLive,40000,200000,Max,us,18740.3,16290.1,20759.9,15451.3,16192.5,17486.82,2209.9213497317055,16290.1,2547.7999999999993,nearest_rank_driver: ceil(p*N)-1 on sorted thread-local arrays
Native-T0,Phase B,GetLive,40000,200000,Mean,us,4350.84,4215.78,4564.54,4578.09,4596.69,4461.188,169.63952449237766,4564.54,227.25,nearest_rank_driver: ceil(p*N)-1 on sorted thread-local arrays
Native-T0,Phase B,Scan-Intersect,5000,25000,P50,us,3919.71,3865.4,4371.32,4474.85,4299.25,4186.106,275.8160869673849,4299.25,451.6099999999997,nearest_rank_driver: ceil(p*N)-1 on sorted thread-local arrays
Native-T0,Phase B,Scan-Intersect,5000,25000,P95,us,10721.1,10391.3,10920.1,10786.4,10836.9,10731.16,203.4310399127924,10786.4,115.79999999999927,nearest_rank_driver: ceil(p*N)-1 on sorted thread-local arrays
Native-T0,Phase B,Scan-Intersect,5000,25000,P99,us,11764.1,11542.3,11768.6,11512.5,11585.8,11634.66,123.01968541660355,11585.8,221.8000000000011,nearest_rank_driver: ceil(p*N)-1 on sorted thread-local arrays
Native-T0,Phase B,Scan-Intersect,5000,25000,P99.9,us,14586.6,14442.9,16249.9,14101.8,14293.1,14734.86,865.806666063504,14442.9,293.5,nearest_rank_driver: ceil(p*N)-1 on sorted thread-local arrays
Native-T0,Phase B,Scan-Intersect,5000,25000,Max,us,18619,15687.2,20978.8,15909.5,16546.3,17548.16,2239.871162143037,16546.3,2709.5,nearest_rank_driver: ceil(p*N)-1 on sorted thread-local arrays
Native-T0,Phase B,Scan-Intersect,5000,25000,Mean,us,4490.74,4469.73,4761.68,4775.62,4732.49,4646.052000000001,152.34869041117506,4732.49,270.9400000000005,nearest_rank_driver: ceil(p*N)-1 on sorted thread-local arrays
Native-T0,Phase B,Scan-NonIntersect,5000,25000,P50,us,4028.52,3859.89,4301.57,4380.74,4357.87,4185.718,230.19919324359063,4301.57,329.3499999999999,nearest_rank_driver: ceil(p*N)-1 on sorted thread-local arrays
Native-T0,Phase B,Scan-NonIntersect,5000,25000,P95,us,10798.9,10480.4,10897,10702,10799.7,10735.6,158.4468838443977,10798.9,97.70000000000073,nearest_rank_driver: ceil(p*N)-1 on sorted thread-local arrays
Native-T0,Phase B,Scan-NonIntersect,5000,25000,P99,us,11649.2,11668.9,11644.3,11524.4,11515.7,11600.5,74.07924810633523,11644.3,124.80000000000109,nearest_rank_driver: ceil(p*N)-1 on sorted thread-local arrays
Native-T0,Phase B,Scan-NonIntersect,5000,25000,P99.9,us,14002.9,14527.9,14988.5,14407.6,13361,14257.579999999998,612.0744538044371,14407.6,525.0,nearest_rank_driver: ceil(p*N)-1 on sorted thread-local arrays
Native-T0,Phase B,Scan-NonIntersect,5000,25000,Max,us,18105.3,15250.9,20766.1,15639.4,14980.8,16948.5,2468.789574872674,15639.4,2854.3999999999996,nearest_rank_driver: ceil(p*N)-1 on sorted thread-local arrays
Native-T0,Phase B,Scan-NonIntersect,5000,25000,Mean,us,4552.59,4482.71,4698.44,4694.95,4719.37,4629.611999999999,105.5644737589307,4694.95,145.84999999999945,nearest_rank_driver: ceil(p*N)-1 on sorted thread-local arrays
Native-T0,Phase B,Put,30000,150000,P50,us,46.703,52.158,58.644,59.171,59.299,55.19499999999999,5.609911452064104,58.644,7.012999999999998,nearest_rank_driver: ceil(p*N)-1 on sorted thread-local arrays
Native-T0,Phase B,Put,30000,150000,P95,us,167.243,177.011,198.176,203.89,200.733,189.41060000000002,16.277550285592728,198.176,23.72200000000001,nearest_rank_driver: ceil(p*N)-1 on sorted thread-local arrays
Native-T0,Phase B,Put,30000,150000,P99,us,291.816,297.69,320.673,329.678,318.892,311.7498,16.179379104279626,318.892,22.983000000000004,nearest_rank_driver: ceil(p*N)-1 on sorted thread-local arrays
Native-T0,Phase B,Put,30000,150000,P99.9,us,668.145,480.395,486.792,532.564,486.812,530.9415999999999,79.49681235936444,486.812,45.77199999999999,nearest_rank_driver: ceil(p*N)-1 on sorted thread-local arrays
Native-T0,Phase B,Put,30000,150000,Max,us,9669.32,7647.02,7430,7432.71,6802.8,7796.37,1093.6068811963464,7432.71,217.02000000000044,nearest_rank_driver: ceil(p*N)-1 on sorted thread-local arrays
Native-T0,Phase B,Put,30000,150000,Mean,us,64.1744,66.9924,76.4428,78.0194,75.8749,72.30078,6.261993059082706,75.8749,9.450400000000002,nearest_rank_driver: ceil(p*N)-1 on sorted thread-local arrays
Native-T0,Phase B,DeleteRange,20000,100000,P50,us,105.184,112.187,115.875,117.241,117.492,113.59579999999998,5.157657094068974,115.875,5.054000000000002,nearest_rank_driver: ceil(p*N)-1 on sorted thread-local arrays
Native-T0,Phase B,DeleteRange,20000,100000,P95,us,244.314,261.992,285.452,285.406,279.586,271.35,17.90800586330036,279.586,23.413999999999987,nearest_rank_driver: ceil(p*N)-1 on sorted thread-local arrays
Native-T0,Phase B,DeleteRange,20000,100000,P99,us,354.701,391.879,412.218,410.296,397.983,393.4154,23.24070074890169,397.983,18.416999999999973,nearest_rank_driver: ceil(p*N)-1 on sorted thread-local arrays
Native-T0,Phase B,DeleteRange,20000,100000,P99.9,us,2871.81,631.17,872.289,676.441,2435.73,1497.488,1070.5790317839687,872.289,1759.289,nearest_rank_driver: ceil(p*N)-1 on sorted thread-local arrays
Native-T0,Phase B,DeleteRange,20000,100000,Max,us,9417.16,7242.41,7616,7419.86,6947.88,7728.661999999999,975.338202430316,7419.86,373.59000000000015,nearest_rank_driver: ceil(p*N)-1 on sorted thread-local arrays
Native-T0,Phase B,DeleteRange,20000,100000,Mean,us,119.25,122.528,136.365,137.89,136.55,130.5166,8.884350443335741,136.365,14.022000000000006,nearest_rank_driver: ceil(p*N)-1 on sorted thread-local arrays
Native-T0,Phase C,GetLive,80000,400000,P50,us,8.668,8.991,9.111,8.647,8.604,8.8042,0.23041419227122312,8.668,0.3439999999999994,nearest_rank_driver: ceil(p*N)-1 on sorted thread-local arrays
Native-T0,Phase C,GetLive,80000,400000,P95,us,20.512,21.012,21.452,18.887,21.493,20.6712,1.073529552457686,21.012,0.9400000000000013,nearest_rank_driver: ceil(p*N)-1 on sorted thread-local arrays
Native-T0,Phase C,GetLive,80000,400000,P99,us,27.554,28.338,29.413,26.324,28.835,28.0928,1.2013399602110968,28.338,1.2810000000000024,nearest_rank_driver: ceil(p*N)-1 on sorted thread-local arrays
Native-T0,Phase C,GetLive,80000,400000,P99.9,us,42.782,44.518,45.259,41.652,44.925,43.827200000000005,1.545668043274493,44.518,2.1430000000000007,nearest_rank_driver: ceil(p*N)-1 on sorted thread-local arrays
Native-T0,Phase C,GetLive,80000,400000,Max,us,99.519,90.913,95.845,106.12,9045.15,1887.5094000000001,4001.2465798302533,99.519,10.275000000000006,nearest_rank_driver: ceil(p*N)-1 on sorted thread-local arrays
Native-T0,Phase C,GetLive,80000,400000,Mean,us,9.54809,10.0451,10.2967,9.26327,10.6971,9.970051999999999,0.5741347048994687,10.0451,0.7486099999999993,nearest_rank_driver: ceil(p*N)-1 on sorted thread-local arrays
Native-T0,Phase C,Scan-Intersect,5000,25000,P50,us,67.949,72.292,73.966,67.945,70.747,70.5798,2.659380322556366,70.747,4.3430000000000035,nearest_rank_driver: ceil(p*N)-1 on sorted thread-local arrays
Native-T0,Phase C,Scan-Intersect,5000,25000,P95,us,142.001,145.783,152.564,135.069,153.776,145.83859999999999,7.72896942030437,145.783,10.562999999999988,nearest_rank_driver: ceil(p*N)-1 on sorted thread-local arrays
Native-T0,Phase C,Scan-Intersect,5000,25000,P99,us,174.771,179.358,182.115,170.496,186.134,178.5748,6.124210700163733,179.358,7.3440000000000225,nearest_rank_driver: ceil(p*N)-1 on sorted thread-local arrays
Native-T0,Phase C,Scan-Intersect,5000,25000,P99.9,us,212.339,229.008,236.296,266.657,221.345,233.129,20.749855842872734,229.008,14.950999999999993,nearest_rank_driver: ceil(p*N)-1 on sorted thread-local arrays
Native-T0,Phase C,Scan-Intersect,5000,25000,Max,us,265.487,293.189,291.242,300.546,312.095,292.51180000000005,17.178918030539638,293.189,9.303999999999974,nearest_rank_driver: ceil(p*N)-1 on sorted thread-local arrays
Native-T0,Phase C,Scan-Intersect,5000,25000,Mean,us,77.2355,83.3212,85.5157,77.3623,82.6345,81.21384,3.7291684727295418,82.6345,5.9589,nearest_rank_driver: ceil(p*N)-1 on sorted thread-local arrays
Native-T0,Phase C,Scan-NonIntersect,5000,25000,P50,us,64.472,66.387,68.636,64.693,65.484,65.9344,1.6871601287370446,65.484,1.6940000000000026,nearest_rank_driver: ceil(p*N)-1 on sorted thread-local arrays
Native-T0,Phase C,Scan-NonIntersect,5000,25000,P95,us,147.107,144.721,150.994,126.677,151.598,144.2194,10.206181670928652,147.107,6.272999999999996,nearest_rank_driver: ceil(p*N)-1 on sorted thread-local arrays
Native-T0,Phase C,Scan-NonIntersect,5000,25000,P99,us,162.957,163.047,166.339,158.583,166.931,163.5714,3.3347840709707164,163.047,3.382000000000005,nearest_rank_driver: ceil(p*N)-1 on sorted thread-local arrays
Native-T0,Phase C,Scan-NonIntersect,5000,25000,P99.9,us,203.21,221.007,204.879,208.377,205.407,208.57599999999996,7.195027588550305,205.407,3.498000000000019,nearest_rank_driver: ceil(p*N)-1 on sorted thread-local arrays
Native-T0,Phase C,Scan-NonIntersect,5000,25000,Max,us,240.397,273.186,276.001,258.562,260.241,261.6774,14.161901154152991,260.241,14.623999999999967,nearest_rank_driver: ceil(p*N)-1 on sorted thread-local arrays
Native-T0,Phase C,Scan-NonIntersect,5000,25000,Mean,us,75.128,78.3164,82.0659,73.1389,78.5405,77.43794,3.4359464493789744,78.3164,3.4124999999999943,nearest_rank_driver: ceil(p*N)-1 on sorted thread-local arrays
Native-T0,Phase C,Put,10000,50000,P50,us,12.13,14.995,15.798,14.37,14.755,14.409600000000001,1.3772974624241485,14.755,0.625,nearest_rank_driver: ceil(p*N)-1 on sorted thread-local arrays
Native-T0,Phase C,Put,10000,50000,P95,us,29.226,34.391,37.69,31.545,36.185,33.807399999999994,3.4342332914349307,34.391,4.640000000000001,nearest_rank_driver: ceil(p*N)-1 on sorted thread-local arrays
Native-T0,Phase C,Put,10000,50000,P99,us,42.41,47.314,51.478,43.502,50.398,47.0204,4.031113593041011,47.314,6.896000000000001,nearest_rank_driver: ceil(p*N)-1 on sorted thread-local arrays
Native-T0,Phase C,Put,10000,50000,P99.9,us,62.851,69.214,74.703,64.067,68.996,67.96619999999999,4.726811790202781,68.996,5.147000000000006,nearest_rank_driver: ceil(p*N)-1 on sorted thread-local arrays
Native-T0,Phase C,Put,10000,50000,Max,us,111.578,94.627,101.669,131.739,92.71,106.46459999999999,15.947239018087117,101.669,16.951000000000008,nearest_rank_driver: ceil(p*N)-1 on sorted thread-local arrays
Native-T0,Phase C,Put,10000,50000,Mean,us,14.5675,17.5225,18.5814,16.5758,17.5502,16.959480000000003,1.5137160225749076,17.5225,0.9743999999999993,nearest_rank_driver: ceil(p*N)-1 on sorted thread-local arrays
Native-T0,Overall,GetLive,190000,950000,P50,us,10.910293841338902,10.907154683833113,10.81987255643847,10.754278148431293,11.163129551050123,10.910945756218378,0.15528242869563394,10.907154683833113,0.09042128490043133,cdf_mixture_inversion: exact sample-weighted empirical CDF inversion
Native-T0,Overall,GetLive,190000,950000,P95,us,7766.1874999999945,7409.187499999996,7970.299999999996,7931.987499999996,7941.025415926386,7803.737583185274,234.58410313021346,7931.987499999996,174.83791592639136,cdf_mixture_inversion: exact sample-weighted empirical CDF inversion
Native-T0,Overall,GetLive,190000,950000,P99,us,10620.974999999999,10204.787499999999,10720.693749999999,10616.668749999997,10621.03125,10556.83125,201.61988238429328,10620.974999999999,4.36250000000291,cdf_mixture_inversion: exact sample-weighted empirical CDF inversion
Native-T0,Overall,GetLive,190000,950000,P99.9,us,13277.416666666675,12463.058333333342,13428.825000000012,12448.058333333342,12531.141666666674,12829.700000000008,481.8232381047836,12531.141666666674,814.3583333333336,cdf_mixture_inversion: exact sample-weighted empirical CDF inversion
Native-T0,Overall,GetLive,190000,950000,Max,us,18740.3,16290.1,20759.9,15451.3,16192.5,17486.82,2209.9213497317055,16290.1,2547.7999999999993,cdf_mixture_inversion: exact sample-weighted empirical CDF inversion
Native-T0,Overall,GetLive,190000,950000,Mean,us,922.8448042105263,894.6001242105262,968.076177368421,970.6389636842105,975.2727699999999,946.2865678947368,35.808626473021285,968.076177368421,47.7941594736842,cdf_mixture_inversion: exact sample-weighted empirical CDF inversion
Native-T0,Overall,Scan-PlannedIntersect,5000,25000,P50,us,59.044,60.109,59.582,60.858,65.56,61.03060000000001,2.619142187816463,60.109,1.2759999999999962,exact_single_phase_pass_through: identical to constituent phase
Native-T0,Overall,Scan-PlannedIntersect,5000,25000,P95,us,129.216,118.138,119.4,141.649,126.687,127.018,9.43259309522042,126.687,9.816000000000003,exact_single_phase_pass_through: identical to constituent phase
Native-T0,Overall,Scan-PlannedIntersect,5000,25000,P99,us,149.481,149.015,199.98,210.329,158.892,173.53940000000003,29.35719302487893,158.892,50.498999999999995,exact_single_phase_pass_through: identical to constituent phase
Native-T0,Overall,Scan-PlannedIntersect,5000,25000,P99.9,us,186.445,199.659,258.98,275.026,285.138,241.0496,45.04033227341912,258.98,75.36700000000002,exact_single_phase_pass_through: identical to constituent phase
Native-T0,Overall,Scan-PlannedIntersect,5000,25000,Max,us,310.339,214.399,314.107,323.571,338.479,300.17900000000003,49.16680498059641,314.107,13.232000000000028,exact_single_phase_pass_through: identical to constituent phase
Native-T0,Overall,Scan-PlannedIntersect,5000,25000,Mean,us,68.7088,67.0713,67.3858,71.2121,73.3226,69.54012,2.6706708833175234,68.7088,3.8263000000000034,exact_single_phase_pass_through: identical to constituent phase
Native-T0,Overall,Scan-Intersect,10000,50000,P50,us,165.65219845195622,169.36307938869385,174.73703263278736,163.20204432215343,177.52215156604603,170.0953012723274,6.010367672787789,169.36307938869385,9.084834180831137,cdf_mixture_inversion: exact sample-weighted empirical CDF inversion
Native-T0,Overall,Scan-Intersect,10000,50000,P95,us,9965.39,9666.199999999997,10192.457777777774,10085.116666666665,10110.49444444444,10003.931777777776,205.57046428306631,10085.116666666665,145.10444444444147,cdf_mixture_inversion: exact sample-weighted empirical CDF inversion
Native-T0,Overall,Scan-Intersect,10000,50000,P99,us,11503.349999999995,11254.549999999996,11556.474999999999,11330.974999999999,11398.574999999997,11408.784999999996,123.1888293941462,11398.574999999997,172.37499999999636,cdf_mixture_inversion: exact sample-weighted empirical CDF inversion
Native-T0,Overall,Scan-Intersect,10000,50000,P99.9,us,14272.98888888887,14120.611111111091,15751.977777777749,13814.099999999984,13992.288888888874,14390.393333333315,779.595985925785,14120.611111111091,280.6999999999971,cdf_mixture_inversion: exact sample-weighted empirical CDF inversion
Native-T0,Overall,Scan-Intersect,10000,50000,Max,us,18619,15687.2,20978.8,15909.5,16546.3,17548.16,2239.871162143037,16546.3,2709.5,cdf_mixture_inversion: exact sample-weighted empirical CDF inversion
Native-T0,Overall,Scan-Intersect,10000,50000,Mean,us,2283.98775,2276.5255999999995,2423.59785,2426.49115,2407.56225,2363.63292,76.49799710580355,2407.56225,139.61010000000033,cdf_mixture_inversion: exact sample-weighted empirical CDF inversion
Native-T0,Overall,Scan-NonIntersect,15000,75000,P50,us,69.8043557830951,69.5603747030305,74.32353157436012,73.19700639036492,72.55388905644597,71.88783150145932,2.1123525166855157,72.55388905644597,3.3926506072698146,cdf_mixture_inversion: exact sample-weighted empirical CDF inversion
Native-T0,Overall,Scan-NonIntersect,15000,75000,P95,us,9294.371111111108,9009.175555555554,9431.348888888886,9297.275555555552,9368.182222222222,9280.070666666663,161.6581415193993,9297.275555555552,73.81111111111386,cdf_mixture_inversion: exact sample-weighted empirical CDF inversion
Native-T0,Overall,Scan-NonIntersect,15000,75000,P99,us,11224.05,11074.649999999998,11270.649999999998,11113.199999999997,11157.7,11168.049999999997,79.84667338092456,11157.7,110.85000000000218,cdf_mixture_inversion: exact sample-weighted empirical CDF inversion
Native-T0,Overall,Scan-NonIntersect,15000,75000,P99.9,us,13479.855555555627,13892.566666666753,14245.344444444549,13766.888888888978,12950.933333333389,13667.11777777786,485.57050273206926,13766.888888888978,412.71111111112623,cdf_mixture_inversion: exact sample-weighted empirical CDF inversion
Native-T0,Overall,Scan-NonIntersect,15000,75000,Max,us,18105.3,15250.9,20766.1,15639.4,14980.8,16948.5,2468.789574872674,15639.4,2854.3999999999996,cdf_mixture_inversion: exact sample-weighted empirical CDF inversion
Native-T0,Overall,Scan-NonIntersect,15000,75000,Mean,us,1558.1201,1535.6263333333334,1608.8626666666664,1605.2812333333334,1616.1784666666667,1584.8137599999998,35.75250560129701,1605.2812333333334,50.742566666666335,cdf_mixture_inversion: exact sample-weighted empirical CDF inversion
Native-T0,Overall,Put,60000,300000,P50,us,17.2105444066846,18.986885990942792,20.060482332660353,20.01929958647578,20.90057158644819,19.435556780642344,1.4168222834879765,20.01929958647578,1.0735963417175611,cdf_mixture_inversion: exact sample-weighted empirical CDF inversion
Native-T0,Overall,Put,60000,300000,P95,us,153.94123925144584,163.261179248585,182.78005908978514,187.9165872002444,185.01811111111112,174.5834351802343,15.067629045656114,182.78005908978514,21.75693186252613,cdf_mixture_inversion: exact sample-weighted empirical CDF inversion
Native-T0,Overall,Put,60000,300000,P99,us,260.6727500000002,268.09776511156883,290.04875000000015,298.2310000000002,289.35225000000014,281.2805030223139,16.02980556320101,289.35225000000014,21.95098488843132,cdf_mixture_inversion: exact sample-weighted empirical CDF inversion
Native-T0,Overall,Put,60000,300000,P99.9,us,626.3306666666642,460.0944444444433,468.3343333333323,510.0211111111098,468.15422222222116,506.58695555555414,69.73564630589689,468.3343333333323,41.86688888888864,cdf_mixture_inversion: exact sample-weighted empirical CDF inversion
Native-T0,Overall,Put,60000,300000,Max,us,9669.32,7647.02,7430,7432.71,6802.8,7796.37,1093.6068811963464,7432.71,217.02000000000044,cdf_mixture_inversion: exact sample-weighted empirical CDF inversion
Native-T0,Overall,Put,60000,300000,Mean,us,37.949616666666664,40.282516666666666,45.221266666666665,45.66556666666666,45.11325,42.84644333333333,3.5099247161639933,45.11325,4.938749999999999,cdf_mixture_inversion: exact sample-weighted empirical CDF inversion
Native-T0,Overall,DeleteRange,20000,100000,P50,us,105.184,112.187,115.875,117.241,117.492,113.59579999999998,5.157657094068974,115.875,5.054000000000002,exact_single_phase_pass_through: identical to constituent phase
Native-T0,Overall,DeleteRange,20000,100000,P95,us,244.314,261.992,285.452,285.406,279.586,271.35,17.90800586330036,279.586,23.413999999999987,exact_single_phase_pass_through: identical to constituent phase
Native-T0,Overall,DeleteRange,20000,100000,P99,us,354.701,391.879,412.218,410.296,397.983,393.4154,23.24070074890169,397.983,18.416999999999973,exact_single_phase_pass_through: identical to constituent phase
Native-T0,Overall,DeleteRange,20000,100000,P99.9,us,2871.81,631.17,872.289,676.441,2435.73,1497.488,1070.5790317839687,872.289,1759.289,exact_single_phase_pass_through: identical to constituent phase
Native-T0,Overall,DeleteRange,20000,100000,Max,us,9417.16,7242.41,7616,7419.86,6947.88,7728.661999999999,975.338202430316,7419.86,373.59000000000015,exact_single_phase_pass_through: identical to constituent phase
Native-T0,Overall,DeleteRange,20000,100000,Mean,us,119.25,122.528,136.365,137.89,136.55,130.5166,8.884350443335741,136.365,14.022000000000006,exact_single_phase_pass_through: identical to constituent phase
Native-T512,Phase A,GetLive,70000,350000,P50,us,6.653,6.052,5.965,6.17,6.136,6.195199999999999,0.2679639901180753,6.136,0.11800000000000033,nearest_rank_driver: ceil(p*N)-1 on sorted thread-local arrays
Native-T512,Phase A,GetLive,70000,350000,P95,us,17.815,16.663,16.606,16.985,16.316,16.877000000000002,0.5756444214964657,16.663,0.3789999999999978,nearest_rank_driver: ceil(p*N)-1 on sorted thread-local arrays
Native-T512,Phase A,GetLive,70000,350000,P99,us,22.104,22.474,28.495,25.011,21.221,23.861,2.9485960218381906,22.474,2.907,nearest_rank_driver: ceil(p*N)-1 on sorted thread-local arrays
Native-T512,Phase A,GetLive,70000,350000,P99.9,us,41.562,37.03,41.307,43.622,38.271,40.3584,2.6662269783347394,41.307,3.290999999999997,nearest_rank_driver: ceil(p*N)-1 on sorted thread-local arrays
Native-T512,Phase A,GetLive,70000,350000,Max,us,175.774,110.694,111.579,194.724,109.095,140.3732,41.51961212126144,111.579,65.08,nearest_rank_driver: ceil(p*N)-1 on sorted thread-local arrays
Native-T512,Phase A,GetLive,70000,350000,Mean,us,8.15382,7.62615,7.72405,7.77824,7.61347,7.779146,0.22038223006857857,7.72405,0.15209000000000028,nearest_rank_driver: ceil(p*N)-1 on sorted thread-local arrays
Native-T512,Phase A,Scan-PlannedIntersect,5000,25000,P50,us,62.889,58.883,59.671,60.098,60.452,60.3986,1.5101116846114404,60.098,0.7809999999999988,nearest_rank_driver: ceil(p*N)-1 on sorted thread-local arrays
Native-T512,Phase A,Scan-PlannedIntersect,5000,25000,P95,us,127.836,126.323,134.099,122.905,116.579,125.54839999999999,6.449487948666931,126.323,4.930999999999997,nearest_rank_driver: ceil(p*N)-1 on sorted thread-local arrays
Native-T512,Phase A,Scan-PlannedIntersect,5000,25000,P99,us,149.027,160.792,199.456,187.009,145.494,168.3556,23.815120140364606,160.792,37.982,nearest_rank_driver: ceil(p*N)-1 on sorted thread-local arrays
Native-T512,Phase A,Scan-PlannedIntersect,5000,25000,P99.9,us,183.659,233.462,251.503,268.517,183.3,224.0882,39.088217939681,233.462,67.844,nearest_rank_driver: ceil(p*N)-1 on sorted thread-local arrays
Native-T512,Phase A,Scan-PlannedIntersect,5000,25000,Max,us,260.054,305.583,340.691,368.789,227.26,300.4754,57.67259830543445,305.583,80.637,nearest_rank_driver: ceil(p*N)-1 on sorted thread-local arrays
Native-T512,Phase A,Scan-PlannedIntersect,5000,25000,Mean,us,70.9862,67.0748,68.6988,68.706,67.2512,68.54339999999999,1.5687914584163187,68.6988,1.4548000000000059,nearest_rank_driver: ceil(p*N)-1 on sorted thread-local arrays
Native-T512,Phase A,Scan-NonIntersect,5000,25000,P50,us,45.95,42.791,43.381,43.451,44.273,43.9692,1.2266345013898823,43.451,0.892000000000003,nearest_rank_driver: ceil(p*N)-1 on sorted thread-local arrays
Native-T512,Phase A,Scan-NonIntersect,5000,25000,P95,us,68.01,69.095,67.806,60.637,63.931,65.8958,3.5308994179953643,67.806,4.079000000000008,nearest_rank_driver: ceil(p*N)-1 on sorted thread-local arrays
Native-T512,Phase A,Scan-NonIntersect,5000,25000,P99,us,79.066,84.889,110.756,95.54,76.812,89.41260000000001,13.958652900620462,84.889,16.474000000000004,nearest_rank_driver: ceil(p*N)-1 on sorted thread-local arrays
Native-T512,Phase A,Scan-NonIntersect,5000,25000,P99.9,us,95.357,110.509,130.272,143.764,99.258,115.832,20.681922384053184,110.509,31.013999999999996,nearest_rank_driver: ceil(p*N)-1 on sorted thread-local arrays
Native-T512,Phase A,Scan-NonIntersect,5000,25000,Max,us,150.142,123.636,257.732,386.595,159.462,215.5134,108.29122777861558,159.462,107.59000000000003,nearest_rank_driver: ceil(p*N)-1 on sorted thread-local arrays
Native-T512,Phase A,Scan-NonIntersect,5000,25000,Mean,us,48.8301,45.7386,46.4031,45.8957,46.3746,46.64842,1.2539185328401534,46.3746,0.5074000000000041,nearest_rank_driver: ceil(p*N)-1 on sorted thread-local arrays
Native-T512,Phase A,Put,20000,100000,P50,us,11.39,10.604,10.45,10.663,10.981,10.8176,0.37383057659854463,10.663,0.37700000000000067,nearest_rank_driver: ceil(p*N)-1 on sorted thread-local arrays
Native-T512,Phase A,Put,20000,100000,P95,us,20.557,19.116,20.104,19.584,19.596,19.791400000000003,0.5525448398094036,19.596,0.5199999999999996,nearest_rank_driver: ceil(p*N)-1 on sorted thread-local arrays
Native-T512,Phase A,Put,20000,100000,P99,us,26.692,25.245,27.392,26.988,24.888,26.240999999999996,1.1077946560622136,26.692,1.7429999999999986,nearest_rank_driver: ceil(p*N)-1 on sorted thread-local arrays
Native-T512,Phase A,Put,20000,100000,P99.9,us,80.323,62.713,53.61,89.615,50.186,67.2894,17.094610679977475,62.713,26.712999999999994,nearest_rank_driver: ceil(p*N)-1 on sorted thread-local arrays
Native-T512,Phase A,Put,20000,100000,Max,us,210.552,373.389,371.664,280.417,255.161,298.2366,72.28606510455525,280.417,116.50299999999999,nearest_rank_driver: ceil(p*N)-1 on sorted thread-local arrays
Native-T512,Phase A,Put,20000,100000,Mean,us,12.1868,11.4141,11.5217,11.6652,11.6765,11.69286,0.2966531358337547,11.6652,0.1548000000000016,nearest_rank_driver: ceil(p*N)-1 on sorted thread-local arrays
Native-T512,Phase B,GetLive,40000,200000,P50,us,77.826,87.325,98.107,81.334,94.867,87.89180000000002,8.626268874780106,87.325,13.533000000000001,nearest_rank_driver: ceil(p*N)-1 on sorted thread-local arrays
Native-T512,Phase B,GetLive,40000,200000,P95,us,267.503,304.432,294.905,288.955,300.45,291.24899999999997,14.499579114581229,294.905,11.495000000000005,nearest_rank_driver: ceil(p*N)-1 on sorted thread-local arrays
Native-T512,Phase B,GetLive,40000,200000,P99,us,346.022,358.891,340.137,342.092,348.443,347.11699999999996,7.340902567123484,346.022,6.350999999999999,nearest_rank_driver: ceil(p*N)-1 on sorted thread-local arrays
Native-T512,Phase B,GetLive,40000,200000,P99.9,us,463.241,443.031,435.679,413.623,415.442,434.20320000000004,20.608427431514514,435.679,27.589,nearest_rank_driver: ceil(p*N)-1 on sorted thread-local arrays
Native-T512,Phase B,GetLive,40000,200000,Max,us,801.935,1185.29,1334.81,1729.69,570.235,1124.392,454.2682212718605,1185.29,532.875,nearest_rank_driver: ceil(p*N)-1 on sorted thread-local arrays
Native-T512,Phase B,GetLive,40000,200000,Mean,us,99.2061,116.826,120.978,108.591,121.997,113.51962,9.586366653847533,116.826,12.387,nearest_rank_driver: ceil(p*N)-1 on sorted thread-local arrays
Native-T512,Phase B,Scan-Intersect,5000,25000,P50,us,211.821,261.912,276.346,236.588,275.712,252.4758,27.856705928734645,261.912,39.123999999999995,nearest_rank_driver: ceil(p*N)-1 on sorted thread-local arrays
Native-T512,Phase B,Scan-Intersect,5000,25000,P95,us,528.897,575.542,549.667,548.545,562.708,553.0718,17.423201304582335,549.667,14.163000000000011,nearest_rank_driver: ceil(p*N)-1 on sorted thread-local arrays
Native-T512,Phase B,Scan-Intersect,5000,25000,P99,us,656.047,678.086,642.78,639.777,652.14,653.766,15.130214423464066,652.14,13.267000000000053,nearest_rank_driver: ceil(p*N)-1 on sorted thread-local arrays
Native-T512,Phase B,Scan-Intersect,5000,25000,P99.9,us,974.843,808.376,810.122,797.546,781.563,834.49,79.27930293273268,808.376,12.575999999999908,nearest_rank_driver: ceil(p*N)-1 on sorted thread-local arrays
Native-T512,Phase B,Scan-Intersect,5000,25000,Max,us,8434.79,927.865,1130.55,1181.88,7394,3813.817,3762.540195525491,1181.88,6263.45,nearest_rank_driver: ceil(p*N)-1 on sorted thread-local arrays
Native-T512,Phase B,Scan-Intersect,5000,25000,Mean,us,252.244,288.135,294.211,267.588,292.755,278.9866,18.37211986407665,288.135,25.166999999999973,nearest_rank_driver: ceil(p*N)-1 on sorted thread-local arrays
Native-T512,Phase B,Scan-NonIntersect,5000,25000,P50,us,213.57,280.081,274.18,241.523,285.138,258.8984,30.52586944380127,274.18,38.55800000000002,nearest_rank_driver: ceil(p*N)-1 on sorted thread-local arrays
Native-T512,Phase B,Scan-NonIntersect,5000,25000,P95,us,503.215,557.044,531.429,533.993,531.363,531.4087999999999,19.09669102750527,531.429,2.6299999999999955,nearest_rank_driver: ceil(p*N)-1 on sorted thread-local arrays
Native-T512,Phase B,Scan-NonIntersect,5000,25000,P99,us,615.709,646.222,603.424,619.305,607.279,618.3878,16.808336196661465,615.709,12.025999999999954,nearest_rank_driver: ceil(p*N)-1 on sorted thread-local arrays
Native-T512,Phase B,Scan-NonIntersect,5000,25000,P99.9,us,867.581,808.47,814.258,808.728,771.129,814.0332000000001,34.52275386900645,808.728,5.788000000000011,nearest_rank_driver: ceil(p*N)-1 on sorted thread-local arrays
Native-T512,Phase B,Scan-NonIntersect,5000,25000,Max,us,1019.01,1047.63,5582.11,7003.65,966.232,3123.7264,2936.50500336451,1047.63,4563.099999999999,nearest_rank_driver: ceil(p*N)-1 on sorted thread-local arrays
Native-T512,Phase B,Scan-NonIntersect,5000,25000,Mean,us,246.523,289.144,288.197,266.817,288.887,275.9136,18.97886987678666,288.197,22.069999999999993,nearest_rank_driver: ceil(p*N)-1 on sorted thread-local arrays
Native-T512,Phase B,Put,30000,150000,P50,us,57.476,64.812,63.865,58.714,62.173,61.407999999999994,3.198732170720144,62.173,5.151000000000003,nearest_rank_driver: ceil(p*N)-1 on sorted thread-local arrays
Native-T512,Phase B,Put,30000,150000,P95,us,1093.62,1168.33,339.647,1114.88,402.205,823.7364,414.84267225937595,1093.62,712.6750000000002,nearest_rank_driver: ceil(p*N)-1 on sorted thread-local arrays
Native-T512,Phase B,Put,30000,150000,P99,us,2035.56,2210.92,1338.94,2263.94,1314.82,1832.836,469.6192673645323,2035.56,871.98,nearest_rank_driver: ceil(p*N)-1 on sorted thread-local arrays
Native-T512,Phase B,Put,30000,150000,P99.9,us,2584.11,2616.55,2501.93,2676.32,2384.26,2552.634,113.24190889418989,2584.11,114.62000000000035,nearest_rank_driver: ceil(p*N)-1 on sorted thread-local arrays
Native-T512,Phase B,Put,30000,150000,Max,us,3880.55,4704.91,5482.26,4847.7,2866.23,4356.33,1009.6330368752797,4704.91,967.1499999999996,nearest_rank_driver: ceil(p*N)-1 on sorted thread-local arrays
Native-T512,Phase B,Put,30000,150000,Mean,us,156.772,188.913,131.531,168.779,135.598,156.3186,23.778301186165507,156.772,33.18099999999998,nearest_rank_driver: ceil(p*N)-1 on sorted thread-local arrays
Native-T512,Phase B,DeleteRange,20000,100000,P50,us,92.148,102.075,99.486,96.54,100.033,98.05640000000001,3.850600901158158,99.486,3.492999999999995,nearest_rank_driver: ceil(p*N)-1 on sorted thread-local arrays
Native-T512,Phase B,DeleteRange,20000,100000,P95,us,1169.79,1209.38,831.866,1186.99,1005.45,1080.6951999999999,160.7591805627287,1169.79,181.53999999999996,nearest_rank_driver: ceil(p*N)-1 on sorted thread-local arrays
Native-T512,Phase B,DeleteRange,20000,100000,P99,us,2266.39,2293.8,1429.45,2358.14,1377.52,1945.0600000000002,495.84850675382694,2266.39,864.3500000000001,nearest_rank_driver: ceil(p*N)-1 on sorted thread-local arrays
Native-T512,Phase B,DeleteRange,20000,100000,P99.9,us,2692.89,2693.96,2694.32,3464.21,2513.01,2811.6780000000003,373.07559618661736,2693.96,1.430000000000291,nearest_rank_driver: ceil(p*N)-1 on sorted thread-local arrays
Native-T512,Phase B,DeleteRange,20000,100000,Max,us,3935.83,4772.8,5336.4,4838.24,2939.13,4364.4800000000005,942.226842564995,4772.8,902.4099999999999,nearest_rank_driver: ceil(p*N)-1 on sorted thread-local arrays
Native-T512,Phase B,DeleteRange,20000,100000,Mean,us,209.881,241.162,185.262,226.686,189.677,210.53360000000004,23.838395128447722,209.881,37.009000000000015,nearest_rank_driver: ceil(p*N)-1 on sorted thread-local arrays
Native-T512,Phase C,GetLive,80000,400000,P50,us,9.105,9.041,9.78,9.322,9.675,9.3846,0.33197484844487823,9.322,0.5700000000000003,nearest_rank_driver: ceil(p*N)-1 on sorted thread-local arrays
Native-T512,Phase C,GetLive,80000,400000,P95,us,23.302,25.229,28.465,28.647,29.014,26.931400000000004,2.5349134699235787,28.465,3.4179999999999993,nearest_rank_driver: ceil(p*N)-1 on sorted thread-local arrays
Native-T512,Phase C,GetLive,80000,400000,P99,us,36.566,38.793,41.194,40.398,39.676,39.3254,1.7792410741661742,39.676,1.605000000000004,nearest_rank_driver: ceil(p*N)-1 on sorted thread-local arrays
Native-T512,Phase C,GetLive,80000,400000,P99.9,us,50.523,55.245,58.397,54.277,54.297,54.54780000000001,2.812368965836451,54.297,0.9679999999999964,nearest_rank_driver: ceil(p*N)-1 on sorted thread-local arrays
Native-T512,Phase C,GetLive,80000,400000,Max,us,589.428,220.569,276.203,361.932,494.397,388.50579999999997,152.56435627203362,361.932,218.19400000000002,nearest_rank_driver: ceil(p*N)-1 on sorted thread-local arrays
Native-T512,Phase C,GetLive,80000,400000,Mean,us,11.5314,11.1707,12.1181,12.0367,12.6896,11.909299999999998,0.5824591530742737,12.0367,0.5867000000000004,nearest_rank_driver: ceil(p*N)-1 on sorted thread-local arrays
Native-T512,Phase C,Scan-Intersect,5000,25000,P50,us,63.765,63.484,66.421,66.973,71.577,66.444,3.262158028054434,66.421,3.2079999999999984,nearest_rank_driver: ceil(p*N)-1 on sorted thread-local arrays
Native-T512,Phase C,Scan-Intersect,5000,25000,P95,us,172.06,181.062,200.1,189.096,187.787,186.02100000000002,10.371762434610616,187.787,8.033999999999992,nearest_rank_driver: ceil(p*N)-1 on sorted thread-local arrays
Native-T512,Phase C,Scan-Intersect,5000,25000,P99,us,262.843,284.48,298.71,285.186,263.048,278.8534,15.58996946116315,284.48,22.137999999999977,nearest_rank_driver: ceil(p*N)-1 on sorted thread-local arrays
Native-T512,Phase C,Scan-Intersect,5000,25000,P99.9,us,360.896,366.498,378.669,352.752,364.876,364.7382,9.428872742804401,364.876,5.601999999999975,nearest_rank_driver: ceil(p*N)-1 on sorted thread-local arrays
Native-T512,Phase C,Scan-Intersect,5000,25000,Max,us,450.303,642.873,2949.7,489.108,438.144,994.0255999999999,1096.3064020908114,489.108,192.57000000000005,nearest_rank_driver: ceil(p*N)-1 on sorted thread-local arrays
Native-T512,Phase C,Scan-Intersect,5000,25000,Mean,us,80.7806,80.7153,86.7824,85.0236,89.0576,84.47189999999999,3.6881284847466973,85.0236,6.001799999999989,nearest_rank_driver: ceil(p*N)-1 on sorted thread-local arrays
Native-T512,Phase C,Scan-NonIntersect,5000,25000,P50,us,76.434,77.666,80.227,79.924,82.11,79.2722,2.237456859919317,79.924,2.561000000000007,nearest_rank_driver: ceil(p*N)-1 on sorted thread-local arrays
Native-T512,Phase C,Scan-NonIntersect,5000,25000,P95,us,170.987,177.082,215.866,209.842,206.94,196.14339999999999,20.55103765750042,206.94,32.76000000000002,nearest_rank_driver: ceil(p*N)-1 on sorted thread-local arrays
Native-T512,Phase C,Scan-NonIntersect,5000,25000,P99,us,246.272,272.764,280.398,301.513,286.075,277.4044,20.347758974884673,280.398,13.310999999999979,nearest_rank_driver: ceil(p*N)-1 on sorted thread-local arrays
Native-T512,Phase C,Scan-NonIntersect,5000,25000,P99.9,us,346.459,371.525,368.804,362.058,348.671,359.5034,11.456911333339354,362.058,20.13299999999998,nearest_rank_driver: ceil(p*N)-1 on sorted thread-local arrays
Native-T512,Phase C,Scan-NonIntersect,5000,25000,Max,us,2934.31,2840.53,584.963,427.631,441.426,1445.7720000000002,1317.896939643423,584.963,2399.1040000000003,nearest_rank_driver: ceil(p*N)-1 on sorted thread-local arrays
Native-T512,Phase C,Scan-NonIntersect,5000,25000,Mean,us,91.8938,89.8203,96.4687,95.8537,100.267,94.8607,4.092918288336573,95.8537,4.5748999999999995,nearest_rank_driver: ceil(p*N)-1 on sorted thread-local arrays
Native-T512,Phase C,Put,10000,50000,P50,us,14.014,13.506,14.823,13.729,14.317,14.077800000000002,0.5160491255684873,14.014,0.588000000000001,nearest_rank_driver: ceil(p*N)-1 on sorted thread-local arrays
Native-T512,Phase C,Put,10000,50000,P95,us,30.071,33.53,37.691,33.586,32.729,33.52139999999999,2.73509456874895,33.53,0.8569999999999993,nearest_rank_driver: ceil(p*N)-1 on sorted thread-local arrays
Native-T512,Phase C,Put,10000,50000,P99,us,44.651,63.712,818.595,48.184,45.584,204.14520000000002,343.57458806887917,48.184,18.128,nearest_rank_driver: ceil(p*N)-1 on sorted thread-local arrays
Native-T512,Phase C,Put,10000,50000,P99.9,us,70.425,1129.09,1151.54,77.978,84.617,502.73,582.1085854456194,84.617,1051.1119999999999,nearest_rank_driver: ceil(p*N)-1 on sorted thread-local arrays
Native-T512,Phase C,Put,10000,50000,Max,us,93.4,1168.59,1182.34,125.385,561.895,626.322,534.3933884625632,561.895,1043.205,nearest_rank_driver: ceil(p*N)-1 on sorted thread-local arrays
Native-T512,Phase C,Put,10000,50000,Mean,us,16.2073,23.2467,30.6021,16.4835,17,20.70792,6.248803429617546,17.0,6.763200000000001,nearest_rank_driver: ceil(p*N)-1 on sorted thread-local arrays
Native-T512,Overall,GetLive,190000,950000,P50,us,11.017877926443695,10.71140841611971,11.098639515202606,11.0201625088513,11.031695180081886,10.97595670933984,0.1515381045930553,11.0201625088513,0.013817253638190863,cdf_mixture_inversion: exact sample-weighted empirical CDF inversion
Native-T512,Overall,GetLive,190000,950000,P95,us,189.09715405846123,214.0090374781434,213.1590032281876,202.92317053591285,215.36971194763458,206.91161544966795,11.115365236500942,213.1590032281876,11.085866942230552,cdf_mixture_inversion: exact sample-weighted empirical CDF inversion
Native-T512,Overall,GetLive,190000,950000,P99,us,274.7032233101987,307.83568749999984,297.73199999999986,292.87244764464356,304.4850594058098,295.52568357213033,13.012387909793851,297.73199999999986,11.61261176116625,cdf_mixture_inversion: exact sample-weighted empirical CDF inversion
Native-T512,Overall,GetLive,190000,950000,P99.9,us,422.4698853234868,407.9726666666669,395.86983333333364,383.81841666666685,391.02291494953,400.23074338793685,15.228943820439946,395.86983333333364,16.949751717136905,cdf_mixture_inversion: exact sample-weighted empirical CDF inversion
Native-T512,Overall,GetLive,190000,950000,Max,us,801.935,1185.29,1334.81,1729.69,570.235,1124.392,454.2682212718605,1185.29,532.875,cdf_mixture_inversion: exact sample-weighted empirical CDF inversion
Native-T512,Overall,GetLive,190000,950000,Mean,us,28.744860000000003,32.10803421052631,33.41711315789474,30.795014736842106,33.83153105263158,31.779310631578948,2.072365436345233,32.10803421052631,2.622098421052634,cdf_mixture_inversion: exact sample-weighted empirical CDF inversion
Native-T512,Overall,Scan-PlannedIntersect,5000,25000,P50,us,62.889,58.883,59.671,60.098,60.452,60.3986,1.5101116846114404,60.098,0.7809999999999988,exact_single_phase_pass_through: identical to constituent phase
Native-T512,Overall,Scan-PlannedIntersect,5000,25000,P95,us,127.836,126.323,134.099,122.905,116.579,125.54839999999999,6.449487948666931,126.323,4.930999999999997,exact_single_phase_pass_through: identical to constituent phase
Native-T512,Overall,Scan-PlannedIntersect,5000,25000,P99,us,149.027,160.792,199.456,187.009,145.494,168.3556,23.815120140364606,160.792,37.982,exact_single_phase_pass_through: identical to constituent phase
Native-T512,Overall,Scan-PlannedIntersect,5000,25000,P99.9,us,183.659,233.462,251.503,268.517,183.3,224.0882,39.088217939681,233.462,67.844,exact_single_phase_pass_through: identical to constituent phase
Native-T512,Overall,Scan-PlannedIntersect,5000,25000,Max,us,260.054,305.583,340.691,368.789,227.26,300.4754,57.67259830543445,305.583,80.637,exact_single_phase_pass_through: identical to constituent phase
Native-T512,Overall,Scan-PlannedIntersect,5000,25000,Mean,us,70.9862,67.0748,68.6988,68.706,67.2512,68.54339999999999,1.5687914584163187,68.6988,1.4548000000000059,exact_single_phase_pass_through: identical to constituent phase
Native-T512,Overall,Scan-Intersect,10000,50000,P50,us,117.40135412377117,129.52092790351963,139.80820866161912,128.79588206136236,136.6860332448838,130.4424811990312,8.665020739191336,129.52092790351963,7.890151183521425,cdf_mixture_inversion: exact sample-weighted empirical CDF inversion
Native-T512,Overall,Scan-Intersect,10000,50000,P95,us,493.6663333333332,540.9512459498285,519.8720222179916,513.883111111111,530.8195555555553,519.838453633564,17.935869864814386,519.8720222179916,16.936444444444305,cdf_mixture_inversion: exact sample-weighted empirical CDF inversion
Native-T512,Overall,Scan-Intersect,10000,50000,P99,us,624.2594999999994,652.4499999999996,621.6096152882019,616.9689999999996,629.7819999999997,629.0140230576401,13.895575988490426,624.2594999999994,8.172384711797804,cdf_mixture_inversion: exact sample-weighted empirical CDF inversion
Native-T512,Overall,Scan-Intersect,10000,50000,P99.9,us,939.4212222222202,793.8993333333326,807.0241589218772,780.0161111111101,767.1826666666659,817.5086984510411,69.76459475131793,793.8993333333326,27.00804781076704,cdf_mixture_inversion: exact sample-weighted empirical CDF inversion
Native-T512,Overall,Scan-Intersect,10000,50000,Max,us,8434.79,927.865,2949.7,1181.88,7394,4177.647,3518.2293111620797,2949.7,6212.12,cdf_mixture_inversion: exact sample-weighted empirical CDF inversion
Native-T512,Overall,Scan-Intersect,10000,50000,Mean,us,166.5123,184.42515,190.4967,176.3058,190.9063,181.72925,10.360063709022251,184.42515,14.1909,cdf_mixture_inversion: exact sample-weighted empirical CDF inversion
Native-T512,Overall,Scan-NonIntersect,15000,75000,P50,us,66.16189980988679,68.37770159134598,68.22428691624697,65.40125940886224,68.36947837527157,67.30692522032271,1.4194875043916195,68.22428691624697,2.207578565384779,cdf_mixture_inversion: exact sample-weighted empirical CDF inversion
Native-T512,Overall,Scan-NonIntersect,15000,75000,P95,us,439.46996612363944,496.08109066947554,474.5545470383265,468.9996666666666,476.64633333333325,471.15032076628825,20.442653826951144,474.5545470383265,7.646666666666647,cdf_mixture_inversion: exact sample-weighted empirical CDF inversion
Native-T512,Overall,Scan-NonIntersect,15000,75000,P99,us,562.040067031674,603.6528443400018,567.5713140523644,576.6489999999999,569.3209999999999,575.846845084808,16.39752447197564,569.3209999999999,9.077685947635473,cdf_mixture_inversion: exact sample-weighted empirical CDF inversion
Native-T512,Overall,Scan-NonIntersect,15000,75000,P99.9,us,834.3193575939247,787.4058708032869,767.4060000000065,766.6340000000057,734.7178888888939,778.0966234572236,36.657378858600644,767.4060000000065,20.771870803281217,cdf_mixture_inversion: exact sample-weighted empirical CDF inversion
Native-T512,Overall,Scan-NonIntersect,15000,75000,Max,us,2934.31,2840.53,5582.11,7003.65,966.232,3865.3664,2404.067827567433,2934.31,2741.5799999999995,cdf_mixture_inversion: exact sample-weighted empirical CDF inversion
Native-T512,Overall,Scan-NonIntersect,15000,75000,Mean,us,129.0823,141.56763333333333,143.6896,136.1888,145.1762,139.1409066666667,6.574474899581125,141.56763333333333,7.500800000000027,cdf_mixture_inversion: exact sample-weighted empirical CDF inversion
Native-T512,Overall,Put,60000,300000,P50,us,19.769993255524582,19.65304508761806,20.54535973708139,19.362599048833605,19.584241925658873,19.7830478109433,0.45124592624333604,19.65304508761806,0.18575132986570964,cdf_mixture_inversion: exact sample-weighted empirical CDF inversion
Native-T512,Overall,Put,60000,300000,P95,us,978.4928888888887,1047.1004743608596,316.37361550466505,997.5282222222224,364.5278239232815,740.8046049799834,366.7239344338864,978.4928888888887,633.0003982989409,cdf_mixture_inversion: exact sample-weighted empirical CDF inversion
Native-T512,Overall,Put,60000,300000,P99,us,1800.0750000000012,1950.2725000000014,1107.3838753163964,1976.6750000000015,1086.6662500000011,1584.2145250632805,449.87252766720394,1800.0750000000012,842.888624683605,cdf_mixture_inversion: exact sample-weighted empirical CDF inversion
Native-T512,Overall,Put,60000,300000,P99.9,us,2523.159999999997,2571.4799999999977,2372.708888888881,2630.4999999999973,2265.433333333327,2472.6564444444402,150.13512574254244,2523.159999999997,198.77111111111662,cdf_mixture_inversion: exact sample-weighted empirical CDF inversion
Native-T512,Overall,Put,60000,300000,Max,us,3880.55,4704.91,5482.26,4847.7,2866.23,4356.33,1009.6330368752797,4704.91,967.1499999999996,cdf_mixture_inversion: exact sample-weighted empirical CDF inversion
Native-T512,Overall,Put,60000,300000,Mean,us,85.14948333333334,102.13565,74.70641666666667,91.02515,74.52450000000002,85.50824,11.665737196103615,85.14948333333334,16.318733333333327,cdf_mixture_inversion: exact sample-weighted empirical CDF inversion
Native-T512,Overall,DeleteRange,20000,100000,P50,us,92.148,102.075,99.486,96.54,100.033,98.05640000000001,3.850600901158158,99.486,3.492999999999995,exact_single_phase_pass_through: identical to constituent phase
Native-T512,Overall,DeleteRange,20000,100000,P95,us,1169.79,1209.38,831.866,1186.99,1005.45,1080.6951999999999,160.7591805627287,1169.79,181.53999999999996,exact_single_phase_pass_through: identical to constituent phase
Native-T512,Overall,DeleteRange,20000,100000,P99,us,2266.39,2293.8,1429.45,2358.14,1377.52,1945.0600000000002,495.84850675382694,2266.39,864.3500000000001,exact_single_phase_pass_through: identical to constituent phase
Native-T512,Overall,DeleteRange,20000,100000,P99.9,us,2692.89,2693.96,2694.32,3464.21,2513.01,2811.6780000000003,373.07559618661736,2693.96,1.430000000000291,exact_single_phase_pass_through: identical to constituent phase
Native-T512,Overall,DeleteRange,20000,100000,Max,us,3935.83,4772.8,5336.4,4838.24,2939.13,4364.4800000000005,942.226842564995,4772.8,902.4099999999999,exact_single_phase_pass_through: identical to constituent phase
Native-T512,Overall,DeleteRange,20000,100000,Mean,us,209.881,241.162,185.262,226.686,189.677,210.53360000000004,23.838395128447722,209.881,37.009000000000015,exact_single_phase_pass_through: identical to constituent phase
AMTV-T0,Phase A,GetLive,70000,350000,P50,us,6.366,6.511,6.284,6.533,6.702,6.4792000000000005,0.16160352718922952,6.511,0.1670000000000007,nearest_rank_driver: ceil(p*N)-1 on sorted thread-local arrays
AMTV-T0,Phase A,GetLive,70000,350000,P95,us,18.063,18.676,16.631,17.641,18.05,17.812199999999997,0.7566608883773492,18.05,0.4220000000000006,nearest_rank_driver: ceil(p*N)-1 on sorted thread-local arrays
AMTV-T0,Phase A,GetLive,70000,350000,P99,us,23.254,27.757,21.11,22.477,22.695,23.4586,2.528865812968336,22.695,0.777000000000001,nearest_rank_driver: ceil(p*N)-1 on sorted thread-local arrays
AMTV-T0,Phase A,GetLive,70000,350000,P99.9,us,40.234,40.52,37.226,40.622,40.394,39.7992,1.445747972504199,40.394,0.28600000000000136,nearest_rank_driver: ceil(p*N)-1 on sorted thread-local arrays
AMTV-T0,Phase A,GetLive,70000,350000,Max,us,123.13,167.696,98.771,171.205,169.579,146.07620000000003,33.224855119322946,167.696,46.44900000000001,nearest_rank_driver: ceil(p*N)-1 on sorted thread-local arrays
AMTV-T0,Phase A,GetLive,70000,350000,Mean,us,7.99427,8.23138,7.79479,7.98973,8.35022,8.072078000000001,0.21935360281973948,7.99427,0.24164999999999992,nearest_rank_driver: ceil(p*N)-1 on sorted thread-local arrays
AMTV-T0,Phase A,Scan-PlannedIntersect,5000,25000,P50,us,62.896,63.452,60.082,63.224,64.353,62.8014,1.6134914936249256,63.224,0.5559999999999974,nearest_rank_driver: ceil(p*N)-1 on sorted thread-local arrays
AMTV-T0,Phase A,Scan-PlannedIntersect,5000,25000,P95,us,129.899,140.159,121.734,125.755,130.275,129.5644,6.868208485478582,129.899,4.52000000000001,nearest_rank_driver: ceil(p*N)-1 on sorted thread-local arrays
AMTV-T0,Phase A,Scan-PlannedIntersect,5000,25000,P99,us,162.794,201.34,146.978,149.483,154.2,162.959,22.287010813476087,154.2,13.311000000000007,nearest_rank_driver: ceil(p*N)-1 on sorted thread-local arrays
AMTV-T0,Phase A,Scan-PlannedIntersect,5000,25000,P99.9,us,216.905,254.033,174.83,188.176,218.591,210.50699999999998,30.70960772299118,216.905,30.41500000000002,nearest_rank_driver: ceil(p*N)-1 on sorted thread-local arrays
AMTV-T0,Phase A,Scan-PlannedIntersect,5000,25000,Max,us,281.957,312.346,195.168,245.733,269.674,260.9756,43.92543789536992,269.674,36.22399999999999,nearest_rank_driver: ceil(p*N)-1 on sorted thread-local arrays
AMTV-T0,Phase A,Scan-PlannedIntersect,5000,25000,Mean,us,71.2088,73.3412,68.3279,70.4745,72.5789,71.18625999999999,1.953237364735787,71.2088,2.1043999999999983,nearest_rank_driver: ceil(p*N)-1 on sorted thread-local arrays
AMTV-T0,Phase A,Scan-NonIntersect,5000,25000,P50,us,45.312,45.857,44.218,45.133,47.068,45.5176,1.0485801352304913,45.312,0.7239999999999966,nearest_rank_driver: ceil(p*N)-1 on sorted thread-local arrays
AMTV-T0,Phase A,Scan-NonIntersect,5000,25000,P95,us,72.94,73.878,63.852,67.166,68.498,69.2668,4.155720057944231,68.498,5.774000000000001,nearest_rank_driver: ceil(p*N)-1 on sorted thread-local arrays
AMTV-T0,Phase A,Scan-NonIntersect,5000,25000,P99,us,85.884,106.454,74.783,78.072,79.42,84.9226,12.693958121878294,79.42,7.811999999999998,nearest_rank_driver: ceil(p*N)-1 on sorted thread-local arrays
AMTV-T0,Phase A,Scan-NonIntersect,5000,25000,P99.9,us,117.343,148.389,99.642,120.45,105.78,118.3208,18.813263079540462,117.343,14.670000000000002,nearest_rank_driver: ceil(p*N)-1 on sorted thread-local arrays
AMTV-T0,Phase A,Scan-NonIntersect,5000,25000,Max,us,137.734,251.666,119.488,204.062,172.69,177.12800000000001,52.8566610750244,172.69,66.328,nearest_rank_driver: ceil(p*N)-1 on sorted thread-local arrays
AMTV-T0,Phase A,Scan-NonIntersect,5000,25000,Mean,us,48.6206,49.9343,46.5127,48.0842,49.731,48.57656,1.3856465649652505,48.6206,1.646799999999999,nearest_rank_driver: ceil(p*N)-1 on sorted thread-local arrays
AMTV-T0,Phase A,Put,20000,100000,P50,us,11.176,11.381,11.403,11.233,11.703,11.3792,0.2049882923486116,11.381,0.16999999999999993,nearest_rank_driver: ceil(p*N)-1 on sorted thread-local arrays
AMTV-T0,Phase A,Put,20000,100000,P95,us,20.903,21.161,20.179,20.26,20.91,20.6826,0.43627892454254563,20.903,0.6499999999999986,nearest_rank_driver: ceil(p*N)-1 on sorted thread-local arrays
AMTV-T0,Phase A,Put,20000,100000,P99,us,27.449,27.647,26.532,26.347,26.808,26.956599999999998,0.5685704002144322,26.808,0.9170000000000016,nearest_rank_driver: ceil(p*N)-1 on sorted thread-local arrays
AMTV-T0,Phase A,Put,20000,100000,P99.9,us,55.285,52.733,56.791,63.491,93.975,64.455,16.974913666938043,56.791,8.206000000000003,nearest_rank_driver: ceil(p*N)-1 on sorted thread-local arrays
AMTV-T0,Phase A,Put,20000,100000,Max,us,223.383,280.435,218.931,303.154,346.271,274.4348,54.1022009182621,280.435,79.77099999999999,nearest_rank_driver: ceil(p*N)-1 on sorted thread-local arrays
AMTV-T0,Phase A,Put,20000,100000,Mean,us,11.9945,12.233,12.1622,12.0529,12.5971,12.207939999999999,0.23651622143100434,12.1622,0.18010000000000126,nearest_rank_driver: ceil(p*N)-1 on sorted thread-local arrays
AMTV-T0,Phase B,GetLive,40000,200000,P50,us,9.602,9.749,9.352,9.679,9.669,9.6102,0.15345259854430623,9.669,0.07699999999999996,nearest_rank_driver: ceil(p*N)-1 on sorted thread-local arrays
AMTV-T0,Phase B,GetLive,40000,200000,P95,us,19.53,20.405,19.324,19.602,20.061,19.784399999999998,0.43920644348643134,19.602,0.5309999999999988,nearest_rank_driver: ceil(p*N)-1 on sorted thread-local arrays
AMTV-T0,Phase B,GetLive,40000,200000,P99,us,27.91,28.33,26.558,27.574,27.515,27.5774,0.6557650493888794,27.574,0.3949999999999996,nearest_rank_driver: ceil(p*N)-1 on sorted thread-local arrays
AMTV-T0,Phase B,GetLive,40000,200000,P99.9,us,49.114,55.837,53.958,54.653,53.292,53.370799999999996,2.559176566788624,53.958,1.360999999999997,nearest_rank_driver: ceil(p*N)-1 on sorted thread-local arrays
AMTV-T0,Phase B,GetLive,40000,200000,Max,us,78.765,85.97,910.118,81.681,81.942,247.69520000000003,370.31448009050365,81.942,4.2890000000000015,nearest_rank_driver: ceil(p*N)-1 on sorted thread-local arrays
AMTV-T0,Phase B,GetLive,40000,200000,Mean,us,10.7515,10.9064,10.4237,10.7467,10.7786,10.72138,0.17865345504635496,10.7515,0.03190000000000026,nearest_rank_driver: ceil(p*N)-1 on sorted thread-local arrays
AMTV-T0,Phase B,Scan-Intersect,5000,25000,P50,us,1806.46,1817.55,1761.04,1786.96,1765.87,1787.5760000000002,24.65124398483779,1786.96,40.590000000000146,nearest_rank_driver: ceil(p*N)-1 on sorted thread-local arrays
AMTV-T0,Phase B,Scan-Intersect,5000,25000,P95,us,3326.07,3437.26,3348.09,3368.89,3356.39,3367.34,42.08588480714173,3356.39,20.799999999999727,nearest_rank_driver: ceil(p*N)-1 on sorted thread-local arrays
AMTV-T0,Phase B,Scan-Intersect,5000,25000,P99,us,3973.45,3738.09,3678.47,3697.16,3546.15,3726.6639999999998,155.5734031896197,3697.16,59.620000000000346,nearest_rank_driver: ceil(p*N)-1 on sorted thread-local arrays
AMTV-T0,Phase B,Scan-Intersect,5000,25000,P99.9,us,4853.9,4773.79,4822.15,4662.42,4049.69,4632.389999999999,333.7328979138855,4773.79,159.72999999999956,nearest_rank_driver: ceil(p*N)-1 on sorted thread-local arrays
AMTV-T0,Phase B,Scan-Intersect,5000,25000,Max,us,5680.02,5202.84,5553.64,4703.06,4544.38,5136.7880000000005,503.0647768627814,5202.84,850.5799999999999,nearest_rank_driver: ceil(p*N)-1 on sorted thread-local arrays
AMTV-T0,Phase B,Scan-Intersect,5000,25000,Mean,us,1806.8,1853.35,1762.48,1801.53,1779.76,1800.7839999999997,34.3115801151739,1801.53,27.039999999999964,nearest_rank_driver: ceil(p*N)-1 on sorted thread-local arrays
AMTV-T0,Phase B,Scan-NonIntersect,5000,25000,P50,us,1792.69,1849.68,1780.64,1764.78,1798.3,1797.218,32.01948188212921,1792.69,17.659999999999854,nearest_rank_driver: ceil(p*N)-1 on sorted thread-local arrays
AMTV-T0,Phase B,Scan-NonIntersect,5000,25000,P95,us,3324.04,3436.46,3330.57,3352.27,3339.95,3356.6580000000004,45.85653901026549,3339.95,21.699999999999818,nearest_rank_driver: ceil(p*N)-1 on sorted thread-local arrays
AMTV-T0,Phase B,Scan-NonIntersect,5000,25000,P99,us,3783.81,3813.33,3631.13,3690.42,3537.17,3691.172,112.7237766400682,3690.42,152.67999999999984,nearest_rank_driver: ceil(p*N)-1 on sorted thread-local arrays
AMTV-T0,Phase B,Scan-NonIntersect,5000,25000,P99.9,us,4603.4,5116.88,4947.41,4754.92,3987.5,4682.022,433.9898087743536,4754.92,344.0100000000002,nearest_rank_driver: ceil(p*N)-1 on sorted thread-local arrays
AMTV-T0,Phase B,Scan-NonIntersect,5000,25000,Max,us,5541.96,5733.46,5380.06,6648.77,4990.15,5658.88,617.2631286979648,5541.96,353.39999999999964,nearest_rank_driver: ceil(p*N)-1 on sorted thread-local arrays
AMTV-T0,Phase B,Scan-NonIntersect,5000,25000,Mean,us,1793.13,1873,1771.25,1791.88,1781.65,1802.182,40.56356332966814,1791.88,11.480000000000018,nearest_rank_driver: ceil(p*N)-1 on sorted thread-local arrays
AMTV-T0,Phase B,Put,30000,150000,P50,us,14.159,13.49,12.714,13.037,12.787,13.2374,0.5979383747511109,13.037,0.7029999999999994,nearest_rank_driver: ceil(p*N)-1 on sorted thread-local arrays
AMTV-T0,Phase B,Put,30000,150000,P95,us,118.246,109.387,100.112,110.127,104.396,108.45360000000001,6.811919868876909,109.387,5.7309999999999945,nearest_rank_driver: ceil(p*N)-1 on sorted thread-local arrays
AMTV-T0,Phase B,Put,30000,150000,P99,us,201.381,194.42,170.85,194.579,182.358,188.7176,12.113326516692268,194.42,12.221000000000004,nearest_rank_driver: ceil(p*N)-1 on sorted thread-local arrays
AMTV-T0,Phase B,Put,30000,150000,P99.9,us,306.065,283.124,253.213,307.582,276.632,285.3232,22.567204228703208,283.124,29.432999999999993,nearest_rank_driver: ceil(p*N)-1 on sorted thread-local arrays
AMTV-T0,Phase B,Put,30000,150000,Max,us,487.588,415.252,350.46,391.228,397.336,408.3728,50.2295202764271,397.336,24.024,nearest_rank_driver: ceil(p*N)-1 on sorted thread-local arrays
AMTV-T0,Phase B,Put,30000,150000,Mean,us,31.8875,30.0657,27.9514,29.7612,28.4188,29.61692,1.5481603718607444,29.7612,1.6468999999999987,nearest_rank_driver: ceil(p*N)-1 on sorted thread-local arrays
AMTV-T0,Phase B,DeleteRange,20000,100000,P50,us,45.136,45.156,43.379,44.466,43.293,44.286,0.9111116836041574,44.466,1.757000000000005,nearest_rank_driver: ceil(p*N)-1 on sorted thread-local arrays
AMTV-T0,Phase B,DeleteRange,20000,100000,P95,us,159.806,149.92,140.265,154.604,143.945,149.708,7.879844256075128,149.92,10.65900000000002,nearest_rank_driver: ceil(p*N)-1 on sorted thread-local arrays
AMTV-T0,Phase B,DeleteRange,20000,100000,P99,us,238.611,229.823,203.931,245.625,220.389,227.67579999999998,16.30395526245088,229.823,18.22199999999998,nearest_rank_driver: ceil(p*N)-1 on sorted thread-local arrays
AMTV-T0,Phase B,DeleteRange,20000,100000,P99.9,us,360.113,340.363,280.402,343.614,307.562,326.4108,32.00991720857772,340.363,36.051999999999964,nearest_rank_driver: ceil(p*N)-1 on sorted thread-local arrays
AMTV-T0,Phase B,DeleteRange,20000,100000,Max,us,486.442,410.06,373.966,436.556,391.788,419.76239999999996,43.881111913897534,410.06,44.76799999999997,nearest_rank_driver: ceil(p*N)-1 on sorted thread-local arrays
AMTV-T0,Phase B,DeleteRange,20000,100000,Mean,us,60.965,59.1141,55.9843,59.3007,56.5521,58.38324,2.07058933108427,59.1141,2.748599999999996,nearest_rank_driver: ceil(p*N)-1 on sorted thread-local arrays
AMTV-T0,Phase C,GetLive,80000,400000,P50,us,7.535,7.546,7.805,8.406,7.552,7.768800000000001,0.3737107169991251,7.552,0.25899999999999945,nearest_rank_driver: ceil(p*N)-1 on sorted thread-local arrays
AMTV-T0,Phase C,GetLive,80000,400000,P95,us,14.518,13.055,15.112,16.619,12.903,14.441400000000002,1.539991331144432,14.518,2.0570000000000004,nearest_rank_driver: ceil(p*N)-1 on sorted thread-local arrays
AMTV-T0,Phase C,GetLive,80000,400000,P99,us,20.744,17.288,20.507,22.502,17.714,19.750999999999998,2.1989386076014035,20.507,3.030000000000001,nearest_rank_driver: ceil(p*N)-1 on sorted thread-local arrays
AMTV-T0,Phase C,GetLive,80000,400000,P99.9,us,29.927,25.201,29.95,34.127,24.856,28.8122,3.856058570613263,29.927,4.748999999999999,nearest_rank_driver: ceil(p*N)-1 on sorted thread-local arrays
AMTV-T0,Phase C,GetLive,80000,400000,Max,us,97.395,92.781,76.668,87.372,65.183,83.8798,12.99680578834661,87.372,16.113,nearest_rank_driver: ceil(p*N)-1 on sorted thread-local arrays
AMTV-T0,Phase C,GetLive,80000,400000,Mean,us,8.18339,7.61272,8.26846,8.93803,7.68488,8.137495999999999,0.5339390431781512,8.18339,0.5835799999999995,nearest_rank_driver: ceil(p*N)-1 on sorted thread-local arrays
AMTV-T0,Phase C,Scan-Intersect,5000,25000,P50,us,55.567,52.468,55.39,58.628,51.939,54.7984,2.702475957339861,55.39,3.0989999999999966,nearest_rank_driver: ceil(p*N)-1 on sorted thread-local arrays
AMTV-T0,Phase C,Scan-Intersect,5000,25000,P95,us,87.066,73.332,85.688,97.718,69.945,82.74980000000001,11.224609935316243,85.688,13.734000000000009,nearest_rank_driver: ceil(p*N)-1 on sorted thread-local arrays
AMTV-T0,Phase C,Scan-Intersect,5000,25000,P99,us,106.368,92.617,106.882,130.39,81.601,103.57159999999999,18.30789245926466,106.368,14.265,nearest_rank_driver: ceil(p*N)-1 on sorted thread-local arrays
AMTV-T0,Phase C,Scan-Intersect,5000,25000,P99.9,us,157.274,113.344,3974.52,164.03,100.917,902.017,1717.797131805441,157.274,50.68600000000001,nearest_rank_driver: ceil(p*N)-1 on sorted thread-local arrays
AMTV-T0,Phase C,Scan-Intersect,5000,25000,Max,us,271.117,124.426,4183.89,312.577,371.476,1052.6972,1752.7666426489013,312.577,100.35899999999998,nearest_rank_driver: ceil(p*N)-1 on sorted thread-local arrays
AMTV-T0,Phase C,Scan-Intersect,5000,25000,Mean,us,59.2468,54.6802,63.3796,63.35,53.8751,58.90634,4.556471152986706,59.2468,8.669800000000002,nearest_rank_driver: ceil(p*N)-1 on sorted thread-local arrays
AMTV-T0,Phase C,Scan-NonIntersect,5000,25000,P50,us,51.029,49.2,50.907,54.897,48.088,50.824200000000005,2.5865669718760413,50.907,1.8290000000000006,nearest_rank_driver: ceil(p*N)-1 on sorted thread-local arrays
AMTV-T0,Phase C,Scan-NonIntersect,5000,25000,P95,us,83.429,69.539,77.48,91.878,65.565,77.57820000000001,10.579124429743702,77.48,13.89,nearest_rank_driver: ceil(p*N)-1 on sorted thread-local arrays
AMTV-T0,Phase C,Scan-NonIntersect,5000,25000,P99,us,99.616,87.448,103.769,124,72.162,97.399,19.29400010365917,99.616,16.321000000000012,nearest_rank_driver: ceil(p*N)-1 on sorted thread-local arrays
AMTV-T0,Phase C,Scan-NonIntersect,5000,25000,P99.9,us,152.607,107.649,160.03,149.447,84.062,130.759,33.15889698859116,149.447,44.958,nearest_rank_driver: ceil(p*N)-1 on sorted thread-local arrays
AMTV-T0,Phase C,Scan-NonIntersect,5000,25000,Max,us,174.679,111.942,3867.15,220.462,91.842,893.2149999999999,1663.2623178702152,174.679,108.52,nearest_rank_driver: ceil(p*N)-1 on sorted thread-local arrays
AMTV-T0,Phase C,Scan-NonIntersect,5000,25000,Mean,us,55.5585,50.9395,55.9781,59.6292,49.6177,54.3446,4.062239599038933,55.5585,5.038599999999995,nearest_rank_driver: ceil(p*N)-1 on sorted thread-local arrays
AMTV-T0,Phase C,Put,10000,50000,P50,us,10.667,9.723,10.887,11.585,9.705,10.5134,0.8046333326428878,10.667,1.1639999999999997,nearest_rank_driver: ceil(p*N)-1 on sorted thread-local arrays
AMTV-T0,Phase C,Put,10000,50000,P95,us,21.713,18.527,21.842,24.427,18.605,21.0228,2.4905228768272734,21.713,3.2369999999999983,nearest_rank_driver: ceil(p*N)-1 on sorted thread-local arrays
AMTV-T0,Phase C,Put,10000,50000,P99,us,28.127,23.787,29.298,32.944,23.432,27.517599999999998,3.9873711013649094,28.127,5.510999999999999,nearest_rank_driver: ceil(p*N)-1 on sorted thread-local arrays
AMTV-T0,Phase C,Put,10000,50000,P99.9,us,39.477,32.521,49.923,51.283,33.368,41.3144,8.906825685955688,39.477,16.555,nearest_rank_driver: ceil(p*N)-1 on sorted thread-local arrays
AMTV-T0,Phase C,Put,10000,50000,Max,us,75.923,51.858,84.007,109.068,51.354,74.442,24.164722541341128,75.923,32.14900000000001,nearest_rank_driver: ceil(p*N)-1 on sorted thread-local arrays
AMTV-T0,Phase C,Put,10000,50000,Mean,us,11.9278,10.8447,12.1572,13.1697,10.8028,11.780439999999999,0.990592718022902,11.9278,1.3125,nearest_rank_driver: ceil(p*N)-1 on sorted thread-local arrays
AMTV-T0,Overall,GetLive,190000,950000,P50,us,7.651524631180681,7.71059116930469,7.676739692670235,8.128481303207334,7.726515760396687,7.778770511351925,0.19766032834191535,7.71059116930469,0.0497760677264516,cdf_mixture_inversion: exact sample-weighted empirical CDF inversion
AMTV-T0,Overall,GetLive,190000,950000,P95,us,18.3552505340556,18.583156787842,17.940821041284885,18.662922751054488,18.152386260383317,18.33890747492406,0.2992380714956956,18.3552505340556,0.4307705274586837,cdf_mixture_inversion: exact sample-weighted empirical CDF inversion
AMTV-T0,Overall,GetLive,190000,950000,P99,us,25.512770230422674,26.56942427495911,24.554111149422546,25.922435984417596,24.211753565338967,25.35409904091218,0.9708414731996161,25.512770230422674,1.3683248349950503,cdf_mixture_inversion: exact sample-weighted empirical CDF inversion
AMTV-T0,Overall,GetLive,190000,950000,P99.9,us,47.52260085409429,52.8213626226711,50.196415127719575,52.151105392915696,49.4476300780446,50.42782281508905,2.130339034971628,50.196415127719575,2.703475314871099,cdf_mixture_inversion: exact sample-weighted empirical CDF inversion
AMTV-T0,Overall,GetLive,190000,950000,Max,us,123.13,167.696,910.118,171.205,169.579,308.3456,337.0018038932433,169.579,3.5090000000000146,cdf_mixture_inversion: exact sample-weighted empirical CDF inversion
AMTV-T0,Overall,GetLive,190000,950000,Mean,us,8.654368947368422,8.534053684210527,8.547684736842106,8.96942894736842,8.581314736842106,8.657370210526315,0.18056298533841647,8.581314736842106,0.10668421052631594,cdf_mixture_inversion: exact sample-weighted empirical CDF inversion
AMTV-T0,Overall,Scan-PlannedIntersect,5000,25000,P50,us,62.896,63.452,60.082,63.224,64.353,62.8014,1.6134914936249256,63.224,0.5559999999999974,exact_single_phase_pass_through: identical to constituent phase
AMTV-T0,Overall,Scan-PlannedIntersect,5000,25000,P95,us,129.899,140.159,121.734,125.755,130.275,129.5644,6.868208485478582,129.899,4.52000000000001,exact_single_phase_pass_through: identical to constituent phase
AMTV-T0,Overall,Scan-PlannedIntersect,5000,25000,P99,us,162.794,201.34,146.978,149.483,154.2,162.959,22.287010813476087,154.2,13.311000000000007,exact_single_phase_pass_through: identical to constituent phase
AMTV-T0,Overall,Scan-PlannedIntersect,5000,25000,P99.9,us,216.905,254.033,174.83,188.176,218.591,210.50699999999998,30.70960772299118,216.905,30.41500000000002,exact_single_phase_pass_through: identical to constituent phase
AMTV-T0,Overall,Scan-PlannedIntersect,5000,25000,Max,us,281.957,312.346,195.168,245.733,269.674,260.9756,43.92543789536992,269.674,36.22399999999999,exact_single_phase_pass_through: identical to constituent phase
AMTV-T0,Overall,Scan-PlannedIntersect,5000,25000,Mean,us,71.2088,73.3412,68.3279,70.4745,72.5789,71.18625999999999,1.953237364735787,71.2088,2.1043999999999983,exact_single_phase_pass_through: identical to constituent phase
AMTV-T0,Overall,Scan-Intersect,10000,50000,P50,us,98.09209199920883,86.02827938113654,97.5112342612039,112.78223329203405,78.0732607490178,94.49741993652023,13.208127140431227,97.5112342612039,12.06381261807229,cdf_mixture_inversion: exact sample-weighted empirical CDF inversion
AMTV-T0,Overall,Scan-Intersect,10000,50000,P95,us,3157.224444444444,3257.2922222222214,3181.783730934193,3193.119999999999,3179.6655555555544,3193.8171906312828,37.79440339302724,3181.783730934193,13.454444444444562,cdf_mixture_inversion: exact sample-weighted empirical CDF inversion
AMTV-T0,Overall,Scan-Intersect,10000,50000,P99,us,3811.604999999997,3662.882499999999,3611.119019641049,3615.092499999999,3498.709999999999,3639.8818039282087,113.3459016268744,3615.092499999999,51.76348035894989,cdf_mixture_inversion: exact sample-weighted empirical CDF inversion
AMTV-T0,Overall,Scan-Intersect,10000,50000,P99.9,us,4756.072222222216,4658.712222222215,4695.074444444437,4555.168888888882,3993.741111111108,4531.753777777772,309.48212719650405,4658.712222222215,139.9055555555551,cdf_mixture_inversion: exact sample-weighted empirical CDF inversion
AMTV-T0,Overall,Scan-Intersect,10000,50000,Max,us,5680.02,5202.84,5553.64,4703.06,4544.38,5136.7880000000005,503.0647768627814,5202.84,850.5799999999999,cdf_mixture_inversion: exact sample-weighted empirical CDF inversion
AMTV-T0,Overall,Scan-Intersect,10000,50000,Mean,us,933.0234,954.0151,912.9298,932.44,916.81755,929.8451699999999,16.25475645748037,932.44,16.205850000000055,cdf_mixture_inversion: exact sample-weighted empirical CDF inversion
AMTV-T0,Overall,Scan-NonIntersect,15000,75000,P50,us,63.92152840291628,60.46036809730087,59.189043609347706,63.566867237463725,57.98089381789734,61.02374023298519,2.6366211999719367,60.46036809730087,4.377823628116019,cdf_mixture_inversion: exact sample-weighted empirical CDF inversion
AMTV-T0,Overall,Scan-NonIntersect,15000,75000,P95,us,2983.74,3083.8422222222216,2986.9588975421657,2999.4944444444436,2997.3611111111104,3010.2793350639886,41.661948630240225,2997.3611111111104,12.535546902277929,cdf_mixture_inversion: exact sample-weighted empirical CDF inversion
AMTV-T0,Overall,Scan-NonIntersect,15000,75000,P99,us,3553.9249999999993,3624.8949999999995,3481.6314116276326,3521.3449999999993,3438.5599999999995,3524.071282325526,71.02362485437045,3521.3449999999993,72.29358837236668,cdf_mixture_inversion: exact sample-weighted empirical CDF inversion
AMTV-T0,Overall,Scan-NonIntersect,15000,75000,P99.9,us,4421.268888888913,4827.202222222262,4654.903333333374,4518.364444444478,3887.426666666681,4461.833111111142,355.5118525644887,4518.364444444478,233.6344444444603,cdf_mixture_inversion: exact sample-weighted empirical CDF inversion
AMTV-T0,Overall,Scan-NonIntersect,15000,75000,Max,us,5541.96,5733.46,5380.06,6648.77,4990.15,5658.88,617.2631286979648,5541.96,353.39999999999964,cdf_mixture_inversion: exact sample-weighted empirical CDF inversion
AMTV-T0,Overall,Scan-NonIntersect,15000,75000,Mean,us,632.4363666666667,657.9579333333334,624.5802666666667,633.1978,626.9995666666666,635.0343866666666,13.317833041548303,632.4363666666667,6.198233333333405,cdf_mixture_inversion: exact sample-weighted empirical CDF inversion
AMTV-T0,Overall,Put,60000,300000,P50,us,12.410434237512863,11.969844401759872,11.913211201782513,12.113297124098,11.801403398871539,12.041638072804957,0.2347903967894136,11.969844401759872,0.2000859223154876,cdf_mixture_inversion: exact sample-weighted empirical CDF inversion
AMTV-T0,Overall,Put,60000,300000,P95,us,106.78773523886369,98.84507679638108,90.50366804141382,99.47340524281813,94.3527360645219,97.99252427679971,6.115689168971172,98.84507679638108,5.120669178296225,cdf_mixture_inversion: exact sample-weighted empirical CDF inversion
AMTV-T0,Overall,Put,60000,300000,P99,us,180.94703740086936,173.8252885717501,153.6402478746602,174.22320653374493,163.80721903975376,169.28859988415564,10.67435605715741,173.8252885717501,10.415987493991167,cdf_mixture_inversion: exact sample-weighted empirical CDF inversion
AMTV-T0,Overall,Put,60000,300000,P99.9,us,294.4334444444438,273.4690134970923,244.06155555555506,295.30040962775706,268.3148465889768,275.115853942765,21.177351249582365,273.4690134970923,26.118597855466987,cdf_mixture_inversion: exact sample-weighted empirical CDF inversion
AMTV-T0,Overall,Put,60000,300000,Max,us,487.588,415.252,350.46,391.228,397.336,408.3728,50.2295202764271,397.336,24.024,cdf_mixture_inversion: exact sample-weighted empirical CDF inversion
AMTV-T0,Overall,Put,60000,300000,Mean,us,21.929883333333333,20.91796666666667,20.055966666666666,21.093183333333332,20.2089,20.84118,0.7534943260311326,20.91796666666667,0.8842833333333324,cdf_mixture_inversion: exact sample-weighted empirical CDF inversion
AMTV-T0,Overall,DeleteRange,20000,100000,P50,us,45.136,45.156,43.379,44.466,43.293,44.286,0.9111116836041574,44.466,1.757000000000005,exact_single_phase_pass_through: identical to constituent phase
AMTV-T0,Overall,DeleteRange,20000,100000,P95,us,159.806,149.92,140.265,154.604,143.945,149.708,7.879844256075128,149.92,10.65900000000002,exact_single_phase_pass_through: identical to constituent phase
AMTV-T0,Overall,DeleteRange,20000,100000,P99,us,238.611,229.823,203.931,245.625,220.389,227.67579999999998,16.30395526245088,229.823,18.22199999999998,exact_single_phase_pass_through: identical to constituent phase
AMTV-T0,Overall,DeleteRange,20000,100000,P99.9,us,360.113,340.363,280.402,343.614,307.562,326.4108,32.00991720857772,340.363,36.051999999999964,exact_single_phase_pass_through: identical to constituent phase
AMTV-T0,Overall,DeleteRange,20000,100000,Max,us,486.442,410.06,373.966,436.556,391.788,419.76239999999996,43.881111913897534,410.06,44.76799999999997,exact_single_phase_pass_through: identical to constituent phase
AMTV-T0,Overall,DeleteRange,20000,100000,Mean,us,60.965,59.1141,55.9843,59.3007,56.5521,58.38324,2.07058933108427,59.1141,2.748599999999996,exact_single_phase_pass_through: identical to constituent phase
AMTV-T512,Phase A,GetLive,70000,350000,P50,us,6.491,6.233,6.547,6.144,6.155,6.314,0.1912851274929651,6.233,0.3359999999999994,nearest_rank_driver: ceil(p*N)-1 on sorted thread-local arrays
AMTV-T512,Phase A,GetLive,70000,350000,P95,us,16.854,17.578,16.675,16.482,15.912,16.700200000000002,0.6049158619180022,16.675,0.3719999999999999,nearest_rank_driver: ceil(p*N)-1 on sorted thread-local arrays
AMTV-T512,Phase A,GetLive,70000,350000,P99,us,21.962,22.055,20.595,27.17,20.228,22.401999999999997,2.7856488472167493,21.962,1.4600000000000009,nearest_rank_driver: ceil(p*N)-1 on sorted thread-local arrays
AMTV-T512,Phase A,GetLive,70000,350000,P99.9,us,38.677,37.734,37.387,38.44,36.763,37.800200000000004,0.7792661291240625,37.734,1.0529999999999973,nearest_rank_driver: ceil(p*N)-1 on sorted thread-local arrays
AMTV-T512,Phase A,GetLive,70000,350000,Max,us,98.963,102.669,175.989,117.454,108.336,120.6822,31.69341839720039,108.336,14.784999999999997,nearest_rank_driver: ceil(p*N)-1 on sorted thread-local arrays
AMTV-T512,Phase A,GetLive,70000,350000,Mean,us,7.96924,7.88576,7.96198,7.73596,7.50098,7.810784,0.19695626692238039,7.88576,0.22601999999999922,nearest_rank_driver: ceil(p*N)-1 on sorted thread-local arrays
AMTV-T512,Phase A,Scan-PlannedIntersect,5000,25000,P50,us,63.142,61.926,62.976,59.254,59.884,61.436400000000006,1.7812890837817439,61.926,3.0919999999999987,nearest_rank_driver: ceil(p*N)-1 on sorted thread-local arrays
AMTV-T512,Phase A,Scan-PlannedIntersect,5000,25000,P95,us,117.207,123.071,113.951,127.724,112.218,118.83419999999998,6.466191746306324,117.207,9.120000000000005,nearest_rank_driver: ceil(p*N)-1 on sorted thread-local arrays
AMTV-T512,Phase A,Scan-PlannedIntersect,5000,25000,P99,us,144.892,145.393,140.886,199.826,148.442,155.8878,24.708843582814634,145.393,3.5500000000000114,nearest_rank_driver: ceil(p*N)-1 on sorted thread-local arrays
AMTV-T512,Phase A,Scan-PlannedIntersect,5000,25000,P99.9,us,187.653,198.745,173.328,235.249,179.131,194.8212,24.54244452372257,187.653,19.614000000000004,nearest_rank_driver: ceil(p*N)-1 on sorted thread-local arrays
AMTV-T512,Phase A,Scan-PlannedIntersect,5000,25000,Max,us,244.095,225.964,221.706,348.694,590.478,326.18739999999997,156.56973149622502,244.095,122.73000000000002,nearest_rank_driver: ceil(p*N)-1 on sorted thread-local arrays
AMTV-T512,Phase A,Scan-PlannedIntersect,5000,25000,Mean,us,69.4636,69.3388,69.2713,67.9712,66.6156,68.53209999999999,1.2300868709160349,69.2713,1.3676000000000101,nearest_rank_driver: ceil(p*N)-1 on sorted thread-local arrays
AMTV-T512,Phase A,Scan-NonIntersect,5000,25000,P50,us,45.796,44.855,46.466,43.585,44.467,45.0338,1.1274305743592377,44.855,1.3290000000000006,nearest_rank_driver: ceil(p*N)-1 on sorted thread-local arrays
AMTV-T512,Phase A,Scan-NonIntersect,5000,25000,P95,us,62.824,64.923,60.835,63.64,59.439,62.3322,2.1952600529322264,62.824,2.8049999999999997,nearest_rank_driver: ceil(p*N)-1 on sorted thread-local arrays
AMTV-T512,Phase A,Scan-NonIntersect,5000,25000,P99,us,73.725,75.813,70.549,108.1,74.673,80.572,15.512728676799576,74.673,2.088000000000008,nearest_rank_driver: ceil(p*N)-1 on sorted thread-local arrays
AMTV-T512,Phase A,Scan-NonIntersect,5000,25000,P99.9,us,92.019,100.763,97.28,136.655,100.778,105.499,17.781143340629136,100.763,3.4980000000000047,nearest_rank_driver: ceil(p*N)-1 on sorted thread-local arrays
AMTV-T512,Phase A,Scan-NonIntersect,5000,25000,Max,us,108.732,128.904,114.823,193.545,146.434,138.4876,34.028359427101385,128.904,31.611000000000004,nearest_rank_driver: ceil(p*N)-1 on sorted thread-local arrays
AMTV-T512,Phase A,Scan-NonIntersect,5000,25000,Mean,us,47.7002,47.2192,47.9667,46.2473,46.0399,47.034659999999995,0.859531891787617,47.2192,1.4528999999999996,nearest_rank_driver: ceil(p*N)-1 on sorted thread-local arrays
AMTV-T512,Phase A,Put,20000,100000,P50,us,11.226,10.96,11.289,10.864,10.934,11.054599999999999,0.18983097745099448,10.96,0.2920000000000016,nearest_rank_driver: ceil(p*N)-1 on sorted thread-local arrays
AMTV-T512,Phase A,Put,20000,100000,P95,us,20.127,19.931,19.87,19.99,19.345,19.8526,0.2992829764620769,19.931,0.11999999999999744,nearest_rank_driver: ceil(p*N)-1 on sorted thread-local arrays
AMTV-T512,Phase A,Put,20000,100000,P99,us,25.45,25.229,25.508,26.315,24.634,25.4272,0.6049146220748846,25.45,0.2789999999999999,nearest_rank_driver: ceil(p*N)-1 on sorted thread-local arrays
AMTV-T512,Phase A,Put,20000,100000,P99.9,us,54.846,79.385,52.657,66.918,53.473,61.455799999999996,11.57718958556005,54.846,13.445000000000007,nearest_rank_driver: ceil(p*N)-1 on sorted thread-local arrays
AMTV-T512,Phase A,Put,20000,100000,Max,us,272.038,235.377,99.587,256.609,179.717,208.66560000000004,70.29276633338597,235.377,76.89199999999997,nearest_rank_driver: ceil(p*N)-1 on sorted thread-local arrays
AMTV-T512,Phase A,Put,20000,100000,Mean,us,12.0252,11.7938,12.0863,11.7255,11.6489,11.855939999999999,0.19069361027575105,11.7938,0.29969999999999963,nearest_rank_driver: ceil(p*N)-1 on sorted thread-local arrays
AMTV-T512,Phase B,GetLive,40000,200000,P50,us,24.244,14.001,22.977,26.287,23.048,22.111399999999996,4.727279587669846,23.048,1.2669999999999995,nearest_rank_driver: ceil(p*N)-1 on sorted thread-local arrays
AMTV-T512,Phase B,GetLive,40000,200000,P95,us,65.697,51.709,60.565,66.691,62.473,61.427,5.962786261472064,62.473,5.132000000000005,nearest_rank_driver: ceil(p*N)-1 on sorted thread-local arrays
AMTV-T512,Phase B,GetLive,40000,200000,P99,us,88.915,74.809,78.627,85.159,83.423,82.1866,5.539290279449169,83.423,6.532000000000011,nearest_rank_driver: ceil(p*N)-1 on sorted thread-local arrays
AMTV-T512,Phase B,GetLive,40000,200000,P99.9,us,136.722,120.179,111.09,122.665,129.121,123.95540000000001,9.63216415453973,122.665,8.942000000000007,nearest_rank_driver: ceil(p*N)-1 on sorted thread-local arrays
AMTV-T512,Phase B,GetLive,40000,200000,Max,us,504.997,1052.77,290.978,534.923,521.93,581.1196,281.987780187901,521.93,29.925999999999988,nearest_rank_driver: ceil(p*N)-1 on sorted thread-local arrays
AMTV-T512,Phase B,GetLive,40000,200000,Mean,us,28.75,20.067,26.6905,29.8744,27.1117,26.498720000000002,3.8158558446304025,27.1117,2.0595,nearest_rank_driver: ceil(p*N)-1 on sorted thread-local arrays
AMTV-T512,Phase B,Scan-Intersect,5000,25000,P50,us,242.44,172.241,231.937,258.796,224.688,226.02039999999997,32.68351468707121,231.937,17.75200000000001,nearest_rank_driver: ceil(p*N)-1 on sorted thread-local arrays
AMTV-T512,Phase B,Scan-Intersect,5000,25000,P95,us,582.321,484.196,538.283,589.099,548.83,548.5458000000001,41.92740380347918,548.83,44.03800000000001,nearest_rank_driver: ceil(p*N)-1 on sorted thread-local arrays
AMTV-T512,Phase B,Scan-Intersect,5000,25000,P99,us,687.55,620.994,663.957,707.301,651.718,666.3039999999999,33.17906881604727,663.957,35.831999999999994,nearest_rank_driver: ceil(p*N)-1 on sorted thread-local arrays
AMTV-T512,Phase B,Scan-Intersect,5000,25000,P99.9,us,906.991,696.509,782.823,896.777,923.085,841.2369999999999,98.06345471173246,896.777,124.168,nearest_rank_driver: ceil(p*N)-1 on sorted thread-local arrays
AMTV-T512,Phase B,Scan-Intersect,5000,25000,Max,us,7563.12,814.155,1306.51,7195.59,1544.01,3684.6769999999997,3385.5154790326983,1544.01,5889.08,nearest_rank_driver: ceil(p*N)-1 on sorted thread-local arrays
AMTV-T512,Phase B,Scan-Intersect,5000,25000,Mean,us,281.513,211.144,263.461,290.917,265.538,262.5146,30.88936181438521,265.538,18.051999999999964,nearest_rank_driver: ceil(p*N)-1 on sorted thread-local arrays
AMTV-T512,Phase B,Scan-NonIntersect,5000,25000,P50,us,240.404,166.272,229.365,261.812,224.884,224.54739999999998,35.56482458553677,229.365,15.52000000000001,nearest_rank_driver: ceil(p*N)-1 on sorted thread-local arrays
AMTV-T512,Phase B,Scan-NonIntersect,5000,25000,P95,us,554.381,459.263,521.831,558.127,529.567,524.6338,39.72475297846419,529.567,32.549999999999955,nearest_rank_driver: ceil(p*N)-1 on sorted thread-local arrays
AMTV-T512,Phase B,Scan-NonIntersect,5000,25000,P99,us,655.982,578.296,628.443,645.782,620.76,625.8525999999999,29.996819328055413,628.443,25.022000000000048,nearest_rank_driver: ceil(p*N)-1 on sorted thread-local arrays
AMTV-T512,Phase B,Scan-NonIntersect,5000,25000,P99.9,us,833.229,780.801,753.035,845.622,792.68,801.0734,38.104027389503074,792.68,52.428,nearest_rank_driver: ceil(p*N)-1 on sorted thread-local arrays
AMTV-T512,Phase B,Scan-NonIntersect,5000,25000,Max,us,972.593,1069.2,846.441,8604.29,1102.11,2518.9268,3403.2734200890623,1069.2,129.51699999999994,nearest_rank_driver: ceil(p*N)-1 on sorted thread-local arrays
AMTV-T512,Phase B,Scan-NonIntersect,5000,25000,Mean,us,273.093,203.551,258.97,285.8,258.705,256.0238,31.413545417542423,258.97,14.388000000000034,nearest_rank_driver: ceil(p*N)-1 on sorted thread-local arrays
AMTV-T512,Phase B,Put,30000,150000,P50,us,133.409,102.618,123.175,135.781,122.019,123.40039999999999,13.10838044153434,123.175,11.389999999999986,nearest_rank_driver: ceil(p*N)-1 on sorted thread-local arrays
AMTV-T512,Phase B,Put,30000,150000,P95,us,1135.23,518.17,637.512,1117.55,682.721,818.2366000000001,287.7234568067053,682.721,480.038,nearest_rank_driver: ceil(p*N)-1 on sorted thread-local arrays
AMTV-T512,Phase B,Put,30000,150000,P99,us,1518.87,1405.4,1508.12,1527.38,1502.67,1492.4879999999998,49.61303729867781,1508.12,16.199999999999818,nearest_rank_driver: ceil(p*N)-1 on sorted thread-local arrays
AMTV-T512,Phase B,Put,30000,150000,P99.9,us,2598.59,2540.65,2744.49,2556.27,2633.13,2614.626,81.15121859836722,2598.59,76.86000000000013,nearest_rank_driver: ceil(p*N)-1 on sorted thread-local arrays
AMTV-T512,Phase B,Put,30000,150000,Max,us,3163.45,4528.49,3917.7,2915.26,2928.13,3490.6059999999998,709.5854072837179,3163.45,989.5699999999997,nearest_rank_driver: ceil(p*N)-1 on sorted thread-local arrays
AMTV-T512,Phase B,Put,30000,150000,Mean,us,228.18,174.948,207.358,229.206,206.156,209.16960000000003,22.058639006067438,207.358,22.024,nearest_rank_driver: ceil(p*N)-1 on sorted thread-local arrays
AMTV-T512,Phase B,DeleteRange,20000,100000,P50,us,186.31,141.998,171.366,190.996,173.212,172.7764,19.135053143380613,173.212,14.943999999999988,nearest_rank_driver: ceil(p*N)-1 on sorted thread-local arrays
AMTV-T512,Phase B,DeleteRange,20000,100000,P95,us,1232.69,1080.77,1132.09,1229.47,1121.89,1159.382,68.22158837201025,1132.09,107.57999999999993,nearest_rank_driver: ceil(p*N)-1 on sorted thread-local arrays
AMTV-T512,Phase B,DeleteRange,20000,100000,P99,us,1658.88,1512.43,1608.38,1615.66,1651.63,1609.3960000000002,58.47018924204027,1615.66,43.25,nearest_rank_driver: ceil(p*N)-1 on sorted thread-local arrays
AMTV-T512,Phase B,DeleteRange,20000,100000,P99.9,us,2782.67,2690.04,2814.78,2756.45,2806.71,2770.1299999999997,50.225792676671695,2782.67,50.26000000000022,nearest_rank_driver: ceil(p*N)-1 on sorted thread-local arrays
AMTV-T512,Phase B,DeleteRange,20000,100000,Max,us,3184.17,4523.15,3729.78,3136.34,3748.08,3664.304,560.8468194881734,3729.78,563.9099999999999,nearest_rank_driver: ceil(p*N)-1 on sorted thread-local arrays
AMTV-T512,Phase B,DeleteRange,20000,100000,Mean,us,294.097,226.704,267.763,297.906,267.646,270.82319999999993,28.4653783340394,267.763,26.450999999999965,nearest_rank_driver: ceil(p*N)-1 on sorted thread-local arrays
AMTV-T512,Phase C,GetLive,80000,400000,P50,us,10.335,10.458,11.69,10.476,11.318,10.8554,0.6089423618044645,10.476,0.8599999999999994,nearest_rank_driver: ceil(p*N)-1 on sorted thread-local arrays
AMTV-T512,Phase C,GetLive,80000,400000,P95,us,22.259,38.965,21.631,20.711,21.861,25.0854,7.779730766549703,21.861,0.6280000000000001,nearest_rank_driver: ceil(p*N)-1 on sorted thread-local arrays
AMTV-T512,Phase C,GetLive,80000,400000,P99,us,31.504,51.725,28.501,28.677,30.983,34.278000000000006,9.84498400201849,30.983,2.8270000000000017,nearest_rank_driver: ceil(p*N)-1 on sorted thread-local arrays
AMTV-T512,Phase C,GetLive,80000,400000,P99.9,us,43.113,73.276,39.633,38.772,40.721,47.102999999999994,14.721433473001193,40.721,3.479999999999997,nearest_rank_driver: ceil(p*N)-1 on sorted thread-local arrays
AMTV-T512,Phase C,GetLive,80000,400000,Max,us,282.166,224.248,1057.8,282.565,210.677,411.49120000000005,362.7838186257761,282.166,58.31700000000001,nearest_rank_driver: ceil(p*N)-1 on sorted thread-local arrays
AMTV-T512,Phase C,GetLive,80000,400000,Mean,us,12.1427,15.7893,13.081,11.8232,12.4293,13.0531,1.598294204769573,12.4293,0.9382999999999999,nearest_rank_driver: ceil(p*N)-1 on sorted thread-local arrays
AMTV-T512,Phase C,Scan-Intersect,5000,25000,P50,us,64.939,69.838,85.258,68.369,76.732,73.0272,8.071660529283921,69.838,8.363,nearest_rank_driver: ceil(p*N)-1 on sorted thread-local arrays
AMTV-T512,Phase C,Scan-Intersect,5000,25000,P95,us,153.954,269.804,138.171,149.747,139.005,170.13619999999997,56.1297137325677,149.747,14.949000000000012,nearest_rank_driver: ceil(p*N)-1 on sorted thread-local arrays
AMTV-T512,Phase C,Scan-Intersect,5000,25000,P99,us,213.794,338.667,168.965,206.339,188.023,223.1576,66.8659887596078,206.339,25.771000000000015,nearest_rank_driver: ceil(p*N)-1 on sorted thread-local arrays
AMTV-T512,Phase C,Scan-Intersect,5000,25000,P99.9,us,311.987,471.77,242.264,269.229,284.404,315.93080000000003,90.69620234442012,284.404,42.75800000000004,nearest_rank_driver: ceil(p*N)-1 on sorted thread-local arrays
AMTV-T512,Phase C,Scan-Intersect,5000,25000,Max,us,596.629,637.099,290.343,377.887,360.08,452.4076,154.31571984992328,377.887,236.54900000000004,nearest_rank_driver: ceil(p*N)-1 on sorted thread-local arrays
AMTV-T512,Phase C,Scan-Intersect,5000,25000,Mean,us,77.6637,101.513,90.1689,79.8651,86.2727,87.09667999999999,9.47661097238881,86.2727,10.303799999999995,nearest_rank_driver: ceil(p*N)-1 on sorted thread-local arrays
AMTV-T512,Phase C,Scan-NonIntersect,5000,25000,P50,us,76.511,77.909,88.118,80.293,86.414,81.849,5.161844776821556,80.293,8.504999999999995,nearest_rank_driver: ceil(p*N)-1 on sorted thread-local arrays
AMTV-T512,Phase C,Scan-NonIntersect,5000,25000,P95,us,141.715,252.555,122.283,132.805,126.643,155.2002,54.9099453942544,132.805,15.072000000000003,nearest_rank_driver: ceil(p*N)-1 on sorted thread-local arrays
AMTV-T512,Phase C,Scan-NonIntersect,5000,25000,P99,us,182.441,300.621,161.846,171.174,185.401,200.29659999999998,56.86004980915862,182.441,14.227000000000004,nearest_rank_driver: ceil(p*N)-1 on sorted thread-local arrays
AMTV-T512,Phase C,Scan-NonIntersect,5000,25000,P99.9,us,240.415,446.386,208.38,256.376,246.336,279.5786,94.96205558432274,246.336,15.960999999999984,nearest_rank_driver: ceil(p*N)-1 on sorted thread-local arrays
AMTV-T512,Phase C,Scan-NonIntersect,5000,25000,Max,us,3107.85,7293.65,279.189,3047.27,323.885,2810.3688,2865.043648392586,3047.27,2783.965,nearest_rank_driver: ceil(p*N)-1 on sorted thread-local arrays
AMTV-T512,Phase C,Scan-NonIntersect,5000,25000,Mean,us,84.615,111.895,92.6384,85.5106,90.1766,92.96712,11.085094711007208,90.1766,7.127800000000008,nearest_rank_driver: ceil(p*N)-1 on sorted thread-local arrays
AMTV-T512,Phase C,Put,10000,50000,P50,us,13.84,15.845,13.522,13.684,13.06,13.990199999999998,1.0771588555083231,13.684,0.3179999999999996,nearest_rank_driver: ceil(p*N)-1 on sorted thread-local arrays
AMTV-T512,Phase C,Put,10000,50000,P95,us,27.869,521.007,26.639,26.961,25.897,125.67460000000001,220.99866302491515,26.961,1.2300000000000004,nearest_rank_driver: ceil(p*N)-1 on sorted thread-local arrays
AMTV-T512,Phase C,Put,10000,50000,P99,us,37.9,1129.45,34.672,36.587,33.543,254.43040000000002,489.15372309765775,36.587,3.2280000000000015,nearest_rank_driver: ceil(p*N)-1 on sorted thread-local arrays
AMTV-T512,Phase C,Put,10000,50000,P99.9,us,52.107,1173.82,49.977,52.866,45.112,274.7764,502.5897404676104,52.107,2.889000000000003,nearest_rank_driver: ceil(p*N)-1 on sorted thread-local arrays
AMTV-T512,Phase C,Put,10000,50000,Max,us,110.417,1204.13,114.074,265.885,80.714,355.044,480.1203551209843,114.074,155.468,nearest_rank_driver: ceil(p*N)-1 on sorted thread-local arrays
AMTV-T512,Phase C,Put,10000,50000,Mean,us,15.7246,68.1812,15.1464,15.5837,14.5496,25.8371,23.67549574644637,15.5837,0.5782000000000007,nearest_rank_driver: ceil(p*N)-1 on sorted thread-local arrays
AMTV-T512,Overall,GetLive,190000,950000,P50,us,10.3078149341926,9.627364937299173,10.856332976232903,10.322562161439677,10.467489156614246,10.31631283315572,0.4441949198548675,10.322562161439677,0.1596742224216463,cdf_mixture_inversion: exact sample-weighted empirical CDF inversion
AMTV-T512,Overall,GetLive,190000,950000,P95,us,48.73911602361741,42.60186183171865,45.20740430467299,50.16100277399606,46.34812416256908,46.611501819314846,2.9683231663878695,46.34812416256908,3.531711718944422,cdf_mixture_inversion: exact sample-weighted empirical CDF inversion
AMTV-T512,Overall,GetLive,190000,950000,P99,us,68.69479687697009,60.91823850891717,63.21899095232834,69.14756634490845,65.23081635594698,65.4420818078142,3.52713393606025,65.23081635594698,5.475805924641747,cdf_mixture_inversion: exact sample-weighted empirical CDF inversion
AMTV-T512,Overall,GetLive,190000,950000,P99.9,us,123.83865759185889,108.97312758850154,107.42023566460381,113.21801803480321,115.75206560518342,113.8404208969902,6.498381152041855,113.21801803480321,6.778938016681877,cdf_mixture_inversion: exact sample-weighted empirical CDF inversion
AMTV-T512,Overall,GetLive,190000,950000,Max,us,504.997,1052.77,1057.8,534.923,521.93,734.4839999999999,293.0474758712315,534.923,530.84,cdf_mixture_inversion: exact sample-weighted empirical CDF inversion
AMTV-T512,Overall,GetLive,190000,950000,Mean,us,14.101383157894736,13.778037894736842,14.060203157894737,14.117627368421054,13.704634736842106,13.952377263157896,0.19551684854405332,14.060203157894737,0.32334526315789347,cdf_mixture_inversion: exact sample-weighted empirical CDF inversion
AMTV-T512,Overall,Scan-PlannedIntersect,5000,25000,P50,us,63.142,61.926,62.976,59.254,59.884,61.436400000000006,1.7812890837817439,61.926,3.0919999999999987,exact_single_phase_pass_through: identical to constituent phase
AMTV-T512,Overall,Scan-PlannedIntersect,5000,25000,P95,us,117.207,123.071,113.951,127.724,112.218,118.83419999999998,6.466191746306324,117.207,9.120000000000005,exact_single_phase_pass_through: identical to constituent phase
AMTV-T512,Overall,Scan-PlannedIntersect,5000,25000,P99,us,144.892,145.393,140.886,199.826,148.442,155.8878,24.708843582814634,145.393,3.5500000000000114,exact_single_phase_pass_through: identical to constituent phase
AMTV-T512,Overall,Scan-PlannedIntersect,5000,25000,P99.9,us,187.653,198.745,173.328,235.249,179.131,194.8212,24.54244452372257,187.653,19.614000000000004,exact_single_phase_pass_through: identical to constituent phase
AMTV-T512,Overall,Scan-PlannedIntersect,5000,25000,Max,us,244.095,225.964,221.706,348.694,590.478,326.18739999999997,156.56973149622502,244.095,122.73000000000002,exact_single_phase_pass_through: identical to constituent phase
AMTV-T512,Overall,Scan-PlannedIntersect,5000,25000,Mean,us,69.4636,69.3388,69.2713,67.9712,66.6156,68.53209999999999,1.2300868709160349,69.2713,1.3676000000000101,exact_single_phase_pass_through: identical to constituent phase
AMTV-T512,Overall,Scan-Intersect,10000,50000,P50,us,116.37026878594841,127.52280199468763,114.91991116743606,117.67490047420509,111.56729566467365,117.61103561739017,5.990735288536564,116.37026878594841,2.7549893067690334,cdf_mixture_inversion: exact sample-weighted empirical CDF inversion
AMTV-T512,Overall,Scan-Intersect,10000,50000,P95,us,544.6942521236651,451.1921380044748,504.2445555555555,552.3986666666665,512.814222222222,513.0687669145169,40.16734069367564,512.814222222222,40.44969656810963,cdf_mixture_inversion: exact sample-weighted empirical CDF inversion
AMTV-T512,Overall,Scan-Intersect,10000,50000,P99,us,661.2427499999994,587.8139959718264,632.5384999999994,677.7504999999996,625.9959999999996,637.0683491943648,34.67184308001274,632.5384999999994,35.24674999999979,cdf_mixture_inversion: exact sample-weighted empirical CDF inversion
AMTV-T512,Overall,Scan-Intersect,10000,50000,P99.9,us,882.6086666666652,688.1184444444441,769.6156666666659,875.72411111111,892.9331111111094,821.7999999999989,89.80449061495209,875.72411111111,112.99299999999926,cdf_mixture_inversion: exact sample-weighted empirical CDF inversion
AMTV-T512,Overall,Scan-Intersect,10000,50000,Max,us,7563.12,814.155,1306.51,7195.59,1544.01,3684.6769999999997,3385.5154790326983,1544.01,5889.08,cdf_mixture_inversion: exact sample-weighted empirical CDF inversion
AMTV-T512,Overall,Scan-Intersect,10000,50000,Mean,us,179.58835,156.3285,176.81495,185.39104999999998,175.90535,174.80563999999998,10.97242693245209,176.81495,3.6829999999999927,cdf_mixture_inversion: exact sample-weighted empirical CDF inversion
AMTV-T512,Overall,Scan-NonIntersect,15000,75000,P50,us,63.53884112721926,62.97972963108461,66.86522645472013,67.1992690017631,66.39001331911868,65.39461590678115,1.9802689174977641,66.39001331911868,3.326385327500873,cdf_mixture_inversion: exact sample-weighted empirical CDF inversion
AMTV-T512,Overall,Scan-NonIntersect,15000,75000,P95,us,485.2464856918092,396.7984233730334,456.83855555555544,492.8818992856077,461.8596666666665,458.7250061145345,37.80994800510988,461.8596666666665,28.407930136253754,cdf_mixture_inversion: exact sample-weighted empirical CDF inversion
AMTV-T512,Overall,Scan-NonIntersect,15000,75000,P99,us,607.3964462979081,521.7225836760024,575.137,603.8730246902135,575.1634999999999,576.6585109328247,34.30727541766467,575.1634999999999,28.736024690213526,cdf_mixture_inversion: exact sample-weighted empirical CDF inversion
AMTV-T512,Overall,Scan-NonIntersect,15000,75000,P99.9,us,809.6254389344947,757.2788303514074,725.3478888888926,818.9417638380994,754.4755555555607,773.133895513691,39.72723471403918,757.2788303514074,55.149883378933964,cdf_mixture_inversion: exact sample-weighted empirical CDF inversion
AMTV-T512,Overall,Scan-NonIntersect,15000,75000,Max,us,3107.85,7293.65,846.441,8604.29,1102.11,4190.8682,3570.8575937309797,3107.85,6191.54,cdf_mixture_inversion: exact sample-weighted empirical CDF inversion
AMTV-T512,Overall,Scan-NonIntersect,15000,75000,Mean,us,135.13606666666666,120.8884,133.19170000000003,139.18596666666667,131.6405,132.00852666666668,6.82806179036189,133.19170000000003,3.4955666666666616,cdf_mixture_inversion: exact sample-weighted empirical CDF inversion
AMTV-T512,Overall,Put,60000,300000,P50,us,23.075376491167106,34.2476808969529,22.181518757523186,22.86271924979028,21.61584734761756,24.796628548610208,5.31463245625828,22.86271924979028,0.8938577336439195,cdf_mixture_inversion: exact sample-weighted empirical CDF inversion
AMTV-T512,Overall,Put,60000,300000,P95,us,1023.9165555555558,494.6229710254852,580.3634444444444,1008.4645555555558,620.4207777777779,745.5576608717638,251.25698833147845,620.4207777777779,428.1011111111113,cdf_mixture_inversion: exact sample-weighted empirical CDF inversion
AMTV-T512,Overall,Put,60000,300000,P99,us,1422.9600000000005,1187.6198550756676,1290.4680000000012,1424.9225000000006,1297.6827500000013,1324.7306210151341,100.48917873589137,1297.6827500000013,132.49199999999928,cdf_mixture_inversion: exact sample-weighted empirical CDF inversion
AMTV-T512,Overall,Put,60000,300000,P99.9,us,2478.6211111111043,2414.5111111111037,2607.115555555548,2441.9488888888827,2507.5233333333263,2489.943999999993,74.43128646818217,2478.6211111111043,65.57444444444354,cdf_mixture_inversion: exact sample-weighted empirical CDF inversion
AMTV-T512,Overall,Put,60000,300000,Max,us,3163.45,4528.49,3917.7,2915.26,2928.13,3490.6059999999998,709.5854072837179,3163.45,989.5699999999997,cdf_mixture_inversion: exact sample-weighted empirical CDF inversion
AMTV-T512,Overall,Put,60000,300000,Mean,us,120.71916666666667,102.7688,110.23216666666667,121.10878333333334,109.3859,112.84296333333334,7.915407004893122,110.23216666666667,11.33326666666666,cdf_mixture_inversion: exact sample-weighted empirical CDF inversion
AMTV-T512,Overall,DeleteRange,20000,100000,P50,us,186.31,141.998,171.366,190.996,173.212,172.7764,19.135053143380613,173.212,14.943999999999988,exact_single_phase_pass_through: identical to constituent phase
AMTV-T512,Overall,DeleteRange,20000,100000,P95,us,1232.69,1080.77,1132.09,1229.47,1121.89,1159.382,68.22158837201025,1132.09,107.57999999999993,exact_single_phase_pass_through: identical to constituent phase
AMTV-T512,Overall,DeleteRange,20000,100000,P99,us,1658.88,1512.43,1608.38,1615.66,1651.63,1609.3960000000002,58.47018924204027,1615.66,43.25,exact_single_phase_pass_through: identical to constituent phase
AMTV-T512,Overall,DeleteRange,20000,100000,P99.9,us,2782.67,2690.04,2814.78,2756.45,2806.71,2770.1299999999997,50.225792676671695,2782.67,50.26000000000022,exact_single_phase_pass_through: identical to constituent phase
AMTV-T512,Overall,DeleteRange,20000,100000,Max,us,3184.17,4523.15,3729.78,3136.34,3748.08,3664.304,560.8468194881734,3729.78,563.9099999999999,exact_single_phase_pass_through: identical to constituent phase
AMTV-T512,Overall,DeleteRange,20000,100000,Mean,us,294.097,226.704,267.763,297.906,267.646,270.82319999999993,28.4653783340394,267.763,26.450999999999965,exact_single_phase_pass_through: identical to constituent phase
