elapsed_sec,event_type,job_id,reason,input_level,output_level,sst_path,num_range_deletions,data_size,num_entries,dropped_records
0.47,flush,2,Write Buffer Full,-1,0,/home/wam/grad/s14-range-delete-study/scratch/longcycle_formal/db_LC20-R6-T64-STATIC/000009.sst,0,56677117,54285,0
0.80,flush,3,Write Buffer Full,-1,0,/home/wam/grad/s14-range-delete-study/scratch/longcycle_formal/db_LC20-R6-T64-STATIC/000011.sst,0,61303474,58713,0
1.10,flush,4,Write Buffer Full,-1,0,/home/wam/grad/s14-range-delete-study/scratch/longcycle_formal/db_LC20-R6-T64-STATIC/000013.sst,0,62047927,59425,0
1.42,flush,5,Write Buffer Full,-1,0,/home/wam/grad/s14-range-delete-study/scratch/longcycle_formal/db_LC20-R6-T64-STATIC/000015.sst,0,63422760,60740,0
1.74,flush,7,Write Buffer Full,-1,0,/home/wam/grad/s14-range-delete-study/scratch/longcycle_formal/db_LC20-R6-T64-STATIC/000018.sst,0,63971337,61265,0
2.15,flush,8,Write Buffer Full,-1,0,/home/wam/grad/s14-range-delete-study/scratch/longcycle_formal/db_LC20-R6-T64-STATIC/000022.sst,0,63878905,61177,0
2.25,compaction,6,kCompaction,0,6,/home/wam/grad/s14-range-delete-study/scratch/longcycle_formal/db_LC20-R6-T64-STATIC/000016.sst,0,227079698,215794,17369
2.41,flush,9,Write Buffer Full,-1,0,/home/wam/grad/s14-range-delete-study/scratch/longcycle_formal/db_LC20-R6-T64-STATIC/000025.sst,0,64255833,61536,0
2.77,flush,10,Write Buffer Full,-1,0,/home/wam/grad/s14-range-delete-study/scratch/longcycle_formal/db_LC20-R6-T64-STATIC/000027.sst,0,63584729,60894,0
3.19,flush,12,Write Buffer Full,-1,0,/home/wam/grad/s14-range-delete-study/scratch/longcycle_formal/db_LC20-R6-T64-STATIC/000030.sst,0,64226076,61508,0
3.87,flush,13,Write Buffer Full,-1,0,/home/wam/grad/s14-range-delete-study/scratch/longcycle_formal/db_LC20-R6-T64-STATIC/000033.sst,0,63882134,61178,0
4.52,flush,14,Write Buffer Full,-1,0,/home/wam/grad/s14-range-delete-study/scratch/longcycle_formal/db_LC20-R6-T64-STATIC/000037.sst,0,64162495,61446,0
5.13,flush,15,Write Buffer Full,-1,0,/home/wam/grad/s14-range-delete-study/scratch/longcycle_formal/db_LC20-R6-T64-STATIC/000040.sst,0,64245584,61526,0
6.93,flush,17,Write Buffer Full,-1,0,/home/wam/grad/s14-range-delete-study/scratch/longcycle_formal/db_LC20-R6-T64-STATIC/000045.sst,0,128135915,122714,0
6.98,compaction,11,kCompaction,0,6,/home/wam/grad/s14-range-delete-study/scratch/longcycle_formal/db_LC20-R6-T64-STATIC/000028.sst,0,455290920,432665,28001
7.00,compaction,16,kCompaction,0,0,/home/wam/grad/s14-range-delete-study/scratch/longcycle_formal/db_LC20-R6-T64-STATIC/000044.sst,0,253263148,240659,4999
7.60,flush,19,Write Buffer Full,-1,0,/home/wam/grad/s14-range-delete-study/scratch/longcycle_formal/db_LC20-R6-T64-STATIC/000049.sst,0,62867454,60205,0
8.07,flush,20,Write Buffer Full,-1,0,/home/wam/grad/s14-range-delete-study/scratch/longcycle_formal/db_LC20-R6-T64-STATIC/000052.sst,0,64444322,61715,0
8.43,flush,21,Write Buffer Full,-1,0,/home/wam/grad/s14-range-delete-study/scratch/longcycle_formal/db_LC20-R6-T64-STATIC/000055.sst,0,64551179,61816,0
8.81,flush,22,Write Buffer Full,-1,0,/home/wam/grad/s14-range-delete-study/scratch/longcycle_formal/db_LC20-R6-T64-STATIC/000058.sst,0,63875534,61171,0
9.25,flush,24,Write Buffer Full,-1,0,/home/wam/grad/s14-range-delete-study/scratch/longcycle_formal/db_LC20-R6-T64-STATIC/000062.sst,0,63030507,60361,0
10.51,flush,25,Write Buffer Full,-1,0,/home/wam/grad/s14-range-delete-study/scratch/longcycle_formal/db_LC20-R6-T64-STATIC/000065.sst,0,64268813,61546,0
10.53,compaction,23,kCompaction,0,0,/home/wam/grad/s14-range-delete-study/scratch/longcycle_formal/db_LC20-R6-T64-STATIC/000059.sst,0,254351211,241692,3215
10.54,compaction,18,kCompaction,0,5,/home/wam/grad/s14-range-delete-study/scratch/longcycle_formal/db_LC20-R6-T64-STATIC/000048.sst,0,376589958,357865,5508
10.81,flush,27,Write Buffer Full,-1,0,/home/wam/grad/s14-range-delete-study/scratch/longcycle_formal/db_LC20-R6-T64-STATIC/000068.sst,0,64531478,61797,0
11.17,flush,29,Write Buffer Full,-1,0,/home/wam/grad/s14-range-delete-study/scratch/longcycle_formal/db_LC20-R6-T64-STATIC/000071.sst,0,64224508,61505,0
11.57,flush,30,Write Buffer Full,-1,0,/home/wam/grad/s14-range-delete-study/scratch/longcycle_formal/db_LC20-R6-T64-STATIC/000074.sst,0,63248200,60568,0
11.81,flush,31,Write Buffer Full,-1,0,/home/wam/grad/s14-range-delete-study/scratch/longcycle_formal/db_LC20-R6-T64-STATIC/000077.sst,0,64663905,61924,0
12.16,flush,33,Write Buffer Full,-1,0,/home/wam/grad/s14-range-delete-study/scratch/longcycle_formal/db_LC20-R6-T64-STATIC/000080.sst,0,64548418,61813,0
12.71,flush,34,Write Buffer Full,-1,0,/home/wam/grad/s14-range-delete-study/scratch/longcycle_formal/db_LC20-R6-T64-STATIC/000083.sst,0,63155117,60479,0
13.41,flush,35,Write Buffer Full,-1,0,/home/wam/grad/s14-range-delete-study/scratch/longcycle_formal/db_LC20-R6-T64-STATIC/000086.sst,0,64667789,61928,0
13.44,compaction,32,kCompaction,0,0,/home/wam/grad/s14-range-delete-study/scratch/longcycle_formal/db_LC20-R6-T64-STATIC/000078.sst,0,256071329,243327,2467
13.69,flush,37,Write Buffer Full,-1,0,/home/wam/grad/s14-range-delete-study/scratch/longcycle_formal/db_LC20-R6-T64-STATIC/000089.sst,0,64129897,61412,0
14.20,flush,39,Write Buffer Full,-1,0,/home/wam/grad/s14-range-delete-study/scratch/longcycle_formal/db_LC20-R6-T64-STATIC/000092.sst,0,64150190,61432,0
15.06,flush,41,Write Buffer Full,-1,0,/home/wam/grad/s14-range-delete-study/scratch/longcycle_formal/db_LC20-R6-T64-STATIC/000095.sst,0,63806762,61104,0
15.18,compaction,38,kCompaction,0,0,/home/wam/grad/s14-range-delete-study/scratch/longcycle_formal/db_LC20-R6-T64-STATIC/000090.sst,0,256342496,243587,2045
15.22,compaction,28,kCompaction,0,5,/home/wam/grad/s14-range-delete-study/scratch/longcycle_formal/db_LC20-R6-T64-STATIC/000069.sst,0,735920568,699302,22162
15.38,flush,45,Write Buffer Full,-1,0,/home/wam/grad/s14-range-delete-study/scratch/longcycle_formal/db_LC20-R6-T64-STATIC/000098.sst,0,63426296,60738,0
15.99,flush,48,Write Buffer Full,-1,0,/home/wam/grad/s14-range-delete-study/scratch/longcycle_formal/db_LC20-R6-T64-STATIC/000101.sst,0,64101866,61385,0
16.23,flush,49,Write Buffer Full,-1,0,/home/wam/grad/s14-range-delete-study/scratch/longcycle_formal/db_LC20-R6-T64-STATIC/000104.sst,0,64376614,61647,0
16.82,flush,50,Write Buffer Full,-1,0,/home/wam/grad/s14-range-delete-study/scratch/longcycle_formal/db_LC20-R6-T64-STATIC/000106.sst,0,64623918,61885,0
17.27,flush,52,Write Buffer Full,-1,0,/home/wam/grad/s14-range-delete-study/scratch/longcycle_formal/db_LC20-R6-T64-STATIC/000110.sst,0,64247235,61524,0
17.65,flush,53,Write Buffer Full,-1,0,/home/wam/grad/s14-range-delete-study/scratch/longcycle_formal/db_LC20-R6-T64-STATIC/000113.sst,0,64471035,61738,0
18.44,flush,54,Write Buffer Full,-1,0,/home/wam/grad/s14-range-delete-study/scratch/longcycle_formal/db_LC20-R6-T64-STATIC/000115.sst,0,63717947,61017,0
18.46,compaction,51,kCompaction,0,0,/home/wam/grad/s14-range-delete-study/scratch/longcycle_formal/db_LC20-R6-T64-STATIC/000108.sst,0,256833036,244048,1607
18.85,flush,55,Write Buffer Full,-1,0,/home/wam/grad/s14-range-delete-study/scratch/longcycle_formal/db_LC20-R6-T64-STATIC/000118.sst,0,64731739,61988,0
19.24,flush,58,Write Buffer Full,-1,0,/home/wam/grad/s14-range-delete-study/scratch/longcycle_formal/db_LC20-R6-T64-STATIC/000122.sst,0,64637363,61897,0
19.87,flush,61,Write Buffer Full,-1,0,/home/wam/grad/s14-range-delete-study/scratch/longcycle_formal/db_LC20-R6-T64-STATIC/000125.sst,0,64402497,61673,0
20.17,compaction,57,kCompaction,0,0,/home/wam/grad/s14-range-delete-study/scratch/longcycle_formal/db_LC20-R6-T64-STATIC/000119.sst,0,257572027,244750,1517
20.30,flush,63,Write Buffer Full,-1,0,/home/wam/grad/s14-range-delete-study/scratch/longcycle_formal/db_LC20-R6-T64-STATIC/000127.sst,0,64375728,61647,0
20.75,flush,68,Write Buffer Full,-1,0,/home/wam/grad/s14-range-delete-study/scratch/longcycle_formal/db_LC20-R6-T64-STATIC/000130.sst,0,64596495,61858,0
21.15,flush,72,Write Buffer Full,-1,0,/home/wam/grad/s14-range-delete-study/scratch/longcycle_formal/db_LC20-R6-T64-STATIC/000133.sst,0,63494114,60802,0
22.11,flush,75,Write Buffer Full,-1,0,/home/wam/grad/s14-range-delete-study/scratch/longcycle_formal/db_LC20-R6-T64-STATIC/000136.sst,0,63607061,60910,0
22.15,compaction,69,kCompaction,0,0,/home/wam/grad/s14-range-delete-study/scratch/longcycle_formal/db_LC20-R6-T64-STATIC/000131.sst,0,258621049,245738,1337
22.42,flush,79,Write Buffer Full,-1,0,/home/wam/grad/s14-range-delete-study/scratch/longcycle_formal/db_LC20-R6-T64-STATIC/000139.sst,0,64706368,61964,0
22.83,flush,82,Write Buffer Full,-1,0,/home/wam/grad/s14-range-delete-study/scratch/longcycle_formal/db_LC20-R6-T64-STATIC/000141.sst,0,62897287,60230,0
23.39,flush,86,Write Buffer Full,-1,0,/home/wam/grad/s14-range-delete-study/scratch/longcycle_formal/db_LC20-R6-T64-STATIC/000145.sst,0,64469905,61737,0
23.65,compaction,47,kCompaction,0,5,/home/wam/grad/s14-range-delete-study/scratch/longcycle_formal/db_LC20-R6-T64-STATIC/000099.sst,0,1323789328,1257969,50783
23.66,flush,88,Write Buffer Full,-1,0,/home/wam/grad/s14-range-delete-study/scratch/longcycle_formal/db_LC20-R6-T64-STATIC/000148.sst,0,64823258,62075,0
24.35,compaction,83,kCompaction,0,0,/home/wam/grad/s14-range-delete-study/scratch/longcycle_formal/db_LC20-R6-T64-STATIC/000143.sst,0,255384049,242661,1245
24.37,flush,93,Write Buffer Full,-1,0,/home/wam/grad/s14-range-delete-study/scratch/longcycle_formal/db_LC20-R6-T64-STATIC/000150.sst,0,64892007,62140,0
24.65,flush,96,Write Buffer Full,-1,0,/home/wam/grad/s14-range-delete-study/scratch/longcycle_formal/db_LC20-R6-T64-STATIC/000153.sst,0,64584125,61846,0
25.16,flush,97,Write Buffer Full,-1,0,/home/wam/grad/s14-range-delete-study/scratch/longcycle_formal/db_LC20-R6-T64-STATIC/000155.sst,0,64507786,61772,0
25.47,flush,98,Write Buffer Full,-1,0,/home/wam/grad/s14-range-delete-study/scratch/longcycle_formal/db_LC20-R6-T64-STATIC/000158.sst,0,64640862,61900,0
25.81,flush,100,Write Buffer Full,-1,0,/home/wam/grad/s14-range-delete-study/scratch/longcycle_formal/db_LC20-R6-T64-STATIC/000161.sst,0,64576716,61839,0
26.30,flush,101,Write Buffer Full,-1,0,/home/wam/grad/s14-range-delete-study/scratch/longcycle_formal/db_LC20-R6-T64-STATIC/000164.sst,0,64247672,61522,0
26.78,flush,102,Write Buffer Full,-1,0,/home/wam/grad/s14-range-delete-study/scratch/longcycle_formal/db_LC20-R6-T64-STATIC/000166.sst,0,64445632,61713,0
26.79,compaction,99,kCompaction,0,0,/home/wam/grad/s14-range-delete-study/scratch/longcycle_formal/db_LC20-R6-T64-STATIC/000160.sst,0,259466547,246546,1112
27.00,flush,104,Write Buffer Full,-1,0,/home/wam/grad/s14-range-delete-study/scratch/longcycle_formal/db_LC20-R6-T64-STATIC/000169.sst,0,63211918,60531,0
27.32,flush,106,Write Buffer Full,-1,0,/home/wam/grad/s14-range-delete-study/scratch/longcycle_formal/db_LC20-R6-T64-STATIC/000172.sst,0,64672951,61931,0
27.75,flush,109,Write Buffer Full,-1,0,/home/wam/grad/s14-range-delete-study/scratch/longcycle_formal/db_LC20-R6-T64-STATIC/000174.sst,0,64258911,61534,0
28.55,flush,111,Write Buffer Full,-1,0,/home/wam/grad/s14-range-delete-study/scratch/longcycle_formal/db_LC20-R6-T64-STATIC/000178.sst,0,64432497,61700,0
28.58,compaction,105,kCompaction,0,0,/home/wam/grad/s14-range-delete-study/scratch/longcycle_formal/db_LC20-R6-T64-STATIC/000170.sst,0,257466243,244644,961
28.80,flush,115,Write Buffer Full,-1,0,/home/wam/grad/s14-range-delete-study/scratch/longcycle_formal/db_LC20-R6-T64-STATIC/000181.sst,0,63714061,61013,0
29.29,flush,119,Write Buffer Full,-1,0,/home/wam/grad/s14-range-delete-study/scratch/longcycle_formal/db_LC20-R6-T64-STATIC/000184.sst,0,64356369,61627,0
29.58,flush,123,Write Buffer Full,-1,0,/home/wam/grad/s14-range-delete-study/scratch/longcycle_formal/db_LC20-R6-T64-STATIC/000187.sst,0,64903113,62151,0
30.34,flush,126,Write Buffer Full,-1,0,/home/wam/grad/s14-range-delete-study/scratch/longcycle_formal/db_LC20-R6-T64-STATIC/000189.sst,0,63815698,61110,0
30.34,compaction,117,kCompaction,0,0,/home/wam/grad/s14-range-delete-study/scratch/longcycle_formal/db_LC20-R6-T64-STATIC/000182.sst,0,258088690,245241,937
30.53,flush,129,Write Buffer Full,-1,0,/home/wam/grad/s14-range-delete-study/scratch/longcycle_formal/db_LC20-R6-T64-STATIC/000192.sst,0,63187818,60508,0
30.79,flush,134,Write Buffer Full,-1,0,/home/wam/grad/s14-range-delete-study/scratch/longcycle_formal/db_LC20-R6-T64-STATIC/000195.sst,0,64099281,61380,0
31.18,flush,136,Write Buffer Full,-1,0,/home/wam/grad/s14-range-delete-study/scratch/longcycle_formal/db_LC20-R6-T64-STATIC/000197.sst,0,64549458,61812,0
31.89,flush,140,Write Buffer Full,-1,0,/home/wam/grad/s14-range-delete-study/scratch/longcycle_formal/db_LC20-R6-T64-STATIC/000201.sst,0,63911854,61201,0
31.91,compaction,131,kCompaction,0,0,/home/wam/grad/s14-range-delete-study/scratch/longcycle_formal/db_LC20-R6-T64-STATIC/000193.sst,0,257410165,244597,799
32.11,flush,143,Write Buffer Full,-1,0,/home/wam/grad/s14-range-delete-study/scratch/longcycle_formal/db_LC20-R6-T64-STATIC/000203.sst,0,63929651,61218,0
32.62,flush,148,Write Buffer Full,-1,0,/home/wam/grad/s14-range-delete-study/scratch/longcycle_formal/db_LC20-R6-T64-STATIC/000207.sst,0,64772469,62025,0
32.86,flush,151,Write Buffer Full,-1,0,/home/wam/grad/s14-range-delete-study/scratch/longcycle_formal/db_LC20-R6-T64-STATIC/000210.sst,0,64439704,61706,0
33.63,compaction,145,kCompaction,0,0,/home/wam/grad/s14-range-delete-study/scratch/longcycle_formal/db_LC20-R6-T64-STATIC/000205.sst,0,257614923,244792,819
33.65,flush,154,Write Buffer Full,-1,0,/home/wam/grad/s14-range-delete-study/scratch/longcycle_formal/db_LC20-R6-T64-STATIC/000212.sst,0,64733647,61988,0
33.92,flush,158,Write Buffer Full,-1,0,/home/wam/grad/s14-range-delete-study/scratch/longcycle_formal/db_LC20-R6-T64-STATIC/000215.sst,0,64644589,61903,0
34.40,flush,161,Write Buffer Full,-1,0,/home/wam/grad/s14-range-delete-study/scratch/longcycle_formal/db_LC20-R6-T64-STATIC/000218.sst,0,64654866,61912,0
34.97,flush,165,Write Buffer Full,-1,0,/home/wam/grad/s14-range-delete-study/scratch/longcycle_formal/db_LC20-R6-T64-STATIC/000221.sst,0,64927395,62173,0
35.46,flush,168,Write Buffer Full,-1,0,/home/wam/grad/s14-range-delete-study/scratch/longcycle_formal/db_LC20-R6-T64-STATIC/000223.sst,0,64546458,61809,0
35.47,compaction,159,kCompaction,0,0,/home/wam/grad/s14-range-delete-study/scratch/longcycle_formal/db_LC20-R6-T64-STATIC/000216.sst,0,259809630,246872,750
35.82,flush,172,Write Buffer Full,-1,0,/home/wam/grad/s14-range-delete-study/scratch/longcycle_formal/db_LC20-R6-T64-STATIC/000226.sst,0,63689921,60988,0
36.22,flush,176,Write Buffer Full,-1,0,/home/wam/grad/s14-range-delete-study/scratch/longcycle_formal/db_LC20-R6-T64-STATIC/000230.sst,0,64680667,61937,0
36.49,flush,179,Write Buffer Full,-1,0,/home/wam/grad/s14-range-delete-study/scratch/longcycle_formal/db_LC20-R6-T64-STATIC/000233.sst,0,63938554,61226,0
36.97,flush,182,Write Buffer Full,-1,0,/home/wam/grad/s14-range-delete-study/scratch/longcycle_formal/db_LC20-R6-T64-STATIC/000235.sst,0,63459339,60767,0
37.56,flush,185,Write Buffer Full,-1,0,/home/wam/grad/s14-range-delete-study/scratch/longcycle_formal/db_LC20-R6-T64-STATIC/000238.sst,0,64727799,61982,0
37.85,compaction,174,kCompaction,0,0,/home/wam/grad/s14-range-delete-study/scratch/longcycle_formal/db_LC20-R6-T64-STATIC/000229.sst,0,259055429,246155,727
37.88,flush,188,Write Buffer Full,-1,0,/home/wam/grad/s14-range-delete-study/scratch/longcycle_formal/db_LC20-R6-T64-STATIC/000241.sst,0,63659868,60959,0
37.90,compaction,95,kCompaction,0,5,/home/wam/grad/s14-range-delete-study/scratch/longcycle_formal/db_LC20-R6-T64-STATIC/000152.sst,0,2367586909,2249872,109106
38.33,flush,193,Write Buffer Full,-1,0,/home/wam/grad/s14-range-delete-study/scratch/longcycle_formal/db_LC20-R6-T64-STATIC/000244.sst,0,64875944,62123,0
38.79,compaction,187,kCompaction,0,0,/home/wam/grad/s14-range-delete-study/scratch/longcycle_formal/db_LC20-R6-T64-STATIC/000240.sst,0,258096073,245237,675
38.80,flush,196,Write Buffer Full,-1,0,/home/wam/grad/s14-range-delete-study/scratch/longcycle_formal/db_LC20-R6-T64-STATIC/000246.sst,0,64797513,62048,0
39.23,flush,198,Write Buffer Full,-1,0,/home/wam/grad/s14-range-delete-study/scratch/longcycle_formal/db_LC20-R6-T64-STATIC/000249.sst,0,64345684,61616,0
39.71,flush,199,Write Buffer Full,-1,0,/home/wam/grad/s14-range-delete-study/scratch/longcycle_formal/db_LC20-R6-T64-STATIC/000251.sst,0,64198082,61474,0
40.35,flush,200,Write Buffer Full,-1,0,/home/wam/grad/s14-range-delete-study/scratch/longcycle_formal/db_LC20-R6-T64-STATIC/000254.sst,0,64833388,62083,0
40.61,flush,202,Write Buffer Full,-1,0,/home/wam/grad/s14-range-delete-study/scratch/longcycle_formal/db_LC20-R6-T64-STATIC/000258.sst,0,64494029,61759,0
41.02,flush,203,Write Buffer Full,-1,0,/home/wam/grad/s14-range-delete-study/scratch/longcycle_formal/db_LC20-R6-T64-STATIC/000260.sst,0,64889225,62136,0
41.68,compaction,201,kCompaction,0,0,/home/wam/grad/s14-range-delete-study/scratch/longcycle_formal/db_LC20-R6-T64-STATIC/000257.sst,0,259462478,246543,678
41.69,flush,204,Write Buffer Full,-1,0,/home/wam/grad/s14-range-delete-study/scratch/longcycle_formal/db_LC20-R6-T64-STATIC/000263.sst,0,64118004,61398,0
42.00,flush,208,Write Buffer Full,-1,0,/home/wam/grad/s14-range-delete-study/scratch/longcycle_formal/db_LC20-R6-T64-STATIC/000266.sst,0,64809758,62061,0
42.43,flush,210,Write Buffer Full,-1,0,/home/wam/grad/s14-range-delete-study/scratch/longcycle_formal/db_LC20-R6-T64-STATIC/000269.sst,0,64553064,61815,0
43.34,flush,213,Write Buffer Full,-1,0,/home/wam/grad/s14-range-delete-study/scratch/longcycle_formal/db_LC20-R6-T64-STATIC/000272.sst,0,64608041,61867,0
43.40,compaction,209,kCompaction,0,0,/home/wam/grad/s14-range-delete-study/scratch/longcycle_formal/db_LC20-R6-T64-STATIC/000267.sst,0,259666472,246731,623
43.80,flush,216,Write Buffer Full,-1,0,/home/wam/grad/s14-range-delete-study/scratch/longcycle_formal/db_LC20-R6-T64-STATIC/000275.sst,0,64488070,61752,0
44.09,flush,220,Write Buffer Full,-1,0,/home/wam/grad/s14-range-delete-study/scratch/longcycle_formal/db_LC20-R6-T64-STATIC/000278.sst,0,64848898,62098,0
44.61,flush,224,Write Buffer Full,-1,0,/home/wam/grad/s14-range-delete-study/scratch/longcycle_formal/db_LC20-R6-T64-STATIC/000281.sst,0,64724277,61979,0
45.44,flush,227,Write Buffer Full,-1,0,/home/wam/grad/s14-range-delete-study/scratch/longcycle_formal/db_LC20-R6-T64-STATIC/000284.sst,0,64300143,61572,0
45.50,compaction,221,kCompaction,0,0,/home/wam/grad/s14-range-delete-study/scratch/longcycle_formal/db_LC20-R6-T64-STATIC/000279.sst,0,259890144,246944,588
45.70,flush,230,Write Buffer Full,-1,0,/home/wam/grad/s14-range-delete-study/scratch/longcycle_formal/db_LC20-R6-T64-STATIC/000286.sst,0,64605914,61865,0
46.16,flush,234,Write Buffer Full,-1,0,/home/wam/grad/s14-range-delete-study/scratch/longcycle_formal/db_LC20-R6-T64-STATIC/000289.sst,0,64766902,62019,0
46.43,flush,238,Write Buffer Full,-1,0,/home/wam/grad/s14-range-delete-study/scratch/longcycle_formal/db_LC20-R6-T64-STATIC/000293.sst,0,64777240,62028,0
46.89,flush,241,Write Buffer Full,-1,0,/home/wam/grad/s14-range-delete-study/scratch/longcycle_formal/db_LC20-R6-T64-STATIC/000295.sst,8,64100743,61389,0
47.62,flush,244,Write Buffer Full,-1,0,/home/wam/grad/s14-range-delete-study/scratch/longcycle_formal/db_LC20-R6-T64-STATIC/000298.sst,51,64444036,61761,0
47.64,compaction,235,kCompaction,0,0,/home/wam/grad/s14-range-delete-study/scratch/longcycle_formal/db_LC20-R6-T64-STATIC/000291.sst,0,259798280,246859,576
47.91,flush,248,Memtable Max Range Deletions,-1,0,/home/wam/grad/s14-range-delete-study/scratch/longcycle_formal/db_LC20-R6-T64-STATIC/000301.sst,126,89454344,85786,0
48.07,flush,253,Memtable Max Range Deletions,-1,0,/home/wam/grad/s14-range-delete-study/scratch/longcycle_formal/db_LC20-R6-T64-STATIC/000305.sst,64,36344098,34865,0
48.39,flush,256,Memtable Max Range Deletions,-1,0,/home/wam/grad/s14-range-delete-study/scratch/longcycle_formal/db_LC20-R6-T64-STATIC/000307.sst,64,36454687,34971,0
48.88,flush,258,Memtable Max Range Deletions,-1,0,/home/wam/grad/s14-range-delete-study/scratch/longcycle_formal/db_LC20-R6-T64-STATIC/000310.sst,62,37211876,35694,0
49.43,compaction,251,kCompaction,0,0,/home/wam/grad/s14-range-delete-study/scratch/longcycle_formal/db_LC20-R6-T64-STATIC/000304.sst,184,284330936,270156,623
49.85,flush,263,Memtable Max Range Deletions,-1,0,/home/wam/grad/s14-range-delete-study/scratch/longcycle_formal/db_LC20-R6-T64-STATIC/000313.sst,64,37129305,35617,0
50.09,flush,267,Memtable Max Range Deletions,-1,0,/home/wam/grad/s14-range-delete-study/scratch/longcycle_formal/db_LC20-R6-T64-STATIC/000317.sst,64,36351863,34873,0
50.52,compaction,264,kCompaction,0,0,/home/wam/grad/s14-range-delete-study/scratch/longcycle_formal/db_LC20-R6-T64-STATIC/000315.sst,248,148118570,140724,169
50.75,flush,271,Memtable Max Range Deletions,-1,0,/home/wam/grad/s14-range-delete-study/scratch/longcycle_formal/db_LC20-R6-T64-STATIC/000320.sst,64,37301724,35782,0
51.11,flush,274,Memtable Max Range Deletions,-1,0,/home/wam/grad/s14-range-delete-study/scratch/longcycle_formal/db_LC20-R6-T64-STATIC/000322.sst,64,35723452,34271,0
51.29,flush,277,Memtable Max Range Deletions,-1,0,/home/wam/grad/s14-range-delete-study/scratch/longcycle_formal/db_LC20-R6-T64-STATIC/000325.sst,63,37514799,35986,0
52.08,compaction,278,kCompaction,0,0,/home/wam/grad/s14-range-delete-study/scratch/longcycle_formal/db_LC20-R6-T64-STATIC/000326.sst,250,147857367,140482,175
52.53,flush,281,Memtable Max Range Deletions,-1,0,/home/wam/grad/s14-range-delete-study/scratch/longcycle_formal/db_LC20-R6-T64-STATIC/000330.sst,64,35695358,34244,0
52.82,flush,282,Memtable Max Range Deletions,-1,0,/home/wam/grad/s14-range-delete-study/scratch/longcycle_formal/db_LC20-R6-T64-STATIC/000333.sst,63,37426795,35901,0
53.13,flush,283,Memtable Max Range Deletions,-1,0,/home/wam/grad/s14-range-delete-study/scratch/longcycle_formal/db_LC20-R6-T64-STATIC/000335.sst,62,35402332,33961,0
53.42,flush,284,Memtable Max Range Deletions,-1,0,/home/wam/grad/s14-range-delete-study/scratch/longcycle_formal/db_LC20-R6-T64-STATIC/000338.sst,64,36970509,35465,0
54.27,compaction,285,kCompaction,0,0,/home/wam/grad/s14-range-delete-study/scratch/longcycle_formal/db_LC20-R6-T64-STATIC/000339.sst,248,146477169,139164,154
54.85,flush,286,Memtable Max Range Deletions,-1,0,/home/wam/grad/s14-range-delete-study/scratch/longcycle_formal/db_LC20-R6-T64-STATIC/000343.sst,63,36807324,35308,0
55.12,flush,287,Memtable Max Range Deletions,-1,0,/home/wam/grad/s14-range-delete-study/scratch/longcycle_formal/db_LC20-R6-T64-STATIC/000346.sst,64,37407416,35883,0
57.06,flush,290,Memtable Max Range Deletions,-1,0,/home/wam/grad/s14-range-delete-study/scratch/longcycle_formal/db_LC20-R6-T64-STATIC/000350.sst,63,36358687,34878,0
59.40,compaction,280,kCompaction,0,0,/home/wam/grad/s14-range-delete-study/scratch/longcycle_formal/db_LC20-R6-T64-STATIC/000328.sst,642,1593547129,1513933,24506
59.69,flush,294,Memtable Max Range Deletions,-1,0,/home/wam/grad/s14-range-delete-study/scratch/longcycle_formal/db_LC20-R6-T64-STATIC/000356.sst,64,36360959,34882,0
60.20,flush,298,Memtable Max Range Deletions,-1,0,/home/wam/grad/s14-range-delete-study/scratch/longcycle_formal/db_LC20-R6-T64-STATIC/000359.sst,62,36694188,35198,0
60.37,flush,301,Memtable Max Range Deletions,-1,0,/home/wam/grad/s14-range-delete-study/scratch/longcycle_formal/db_LC20-R6-T64-STATIC/000361.sst,64,36419530,34938,0
60.95,compaction,295,kCompaction,0,0,/home/wam/grad/s14-range-delete-study/scratch/longcycle_formal/db_LC20-R6-T64-STATIC/000357.sst,250,147930719,140547,150
60.97,flush,304,Memtable Max Range Deletions,-1,0,/home/wam/grad/s14-range-delete-study/scratch/longcycle_formal/db_LC20-R6-T64-STATIC/000364.sst,62,36796142,35296,0
61.20,flush,308,Memtable Max Range Deletions,-1,0,/home/wam/grad/s14-range-delete-study/scratch/longcycle_formal/db_LC20-R6-T64-STATIC/000367.sst,64,36401291,34920,0
61.60,flush,312,Memtable Max Range Deletions,-1,0,/home/wam/grad/s14-range-delete-study/scratch/longcycle_formal/db_LC20-R6-T64-STATIC/000370.sst,65,37681314,36147,0
62.05,flush,315,Memtable Max Range Deletions,-1,0,/home/wam/grad/s14-range-delete-study/scratch/longcycle_formal/db_LC20-R6-T64-STATIC/000372.sst,63,36371380,34890,0
62.07,compaction,310,kCompaction,0,0,/home/wam/grad/s14-range-delete-study/scratch/longcycle_formal/db_LC20-R6-T64-STATIC/000369.sst,247,147288795,139938,162
62.09,compaction,197,kCompaction,0,5,/home/wam/grad/s14-range-delete-study/scratch/longcycle_formal/db_LC20-R6-T64-STATIC/000247.sst,0,4321036852,4106219,230819
62.11,compaction,322,kCompaction,5,6,/home/wam/grad/s14-range-delete-study/scratch/longcycle_formal/db_LC20-R6-T64-STATIC/000354.sst,0,0,0,0
62.37,flush,319,Memtable Max Range Deletions,-1,0,/home/wam/grad/s14-range-delete-study/scratch/longcycle_formal/db_LC20-R6-T64-STATIC/000376.sst,125,72954712,69983,0
63.15,compaction,323,kCompaction,5,6,/home/wam/grad/s14-range-delete-study/scratch/longcycle_formal/db_LC20-R6-T64-STATIC/000378.sst,0,171378626,162855,12681
63.88,flush,326,Memtable Max Range Deletions,-1,0,/home/wam/grad/s14-range-delete-study/scratch/longcycle_formal/db_LC20-R6-T64-STATIC/000388.sst,190,110925849,106411,0
64.63,flush,327,Memtable Max Range Deletions,-1,0,/home/wam/grad/s14-range-delete-study/scratch/longcycle_formal/db_LC20-R6-T64-STATIC/000393.sst,63,38084852,36531,0
65.62,flush,328,Memtable Max Range Deletions,-1,0,/home/wam/grad/s14-range-delete-study/scratch/longcycle_formal/db_LC20-R6-T64-STATIC/000400.sst,64,41438094,39736,0
66.02,flush,329,Memtable Max Range Deletions,-1,0,/home/wam/grad/s14-range-delete-study/scratch/longcycle_formal/db_LC20-R6-T64-STATIC/000405.sst,64,45897298,44003,0
66.73,compaction,325,kCompaction,5,6,/home/wam/grad/s14-range-delete-study/scratch/longcycle_formal/db_LC20-R6-T64-STATIC/000386.sst,0,473476630,449940,0
66.73,flush,330,Memtable Max Range Deletions,-1,0,/home/wam/grad/s14-range-delete-study/scratch/longcycle_formal/db_LC20-R6-T64-STATIC/000411.sst,64,45376648,43505,0
67.46,flush,332,Memtable Max Range Deletions,-1,0,/home/wam/grad/s14-range-delete-study/scratch/longcycle_formal/db_LC20-R6-T64-STATIC/000416.sst,64,46239043,44330,0
67.48,compaction,324,kCompaction,5,6,/home/wam/grad/s14-range-delete-study/scratch/longcycle_formal/db_LC20-R6-T64-STATIC/000383.sst,0,594448888,564896,13593
67.79,flush,334,Memtable Max Range Deletions,-1,0,/home/wam/grad/s14-range-delete-study/scratch/longcycle_formal/db_LC20-R6-T64-STATIC/000421.sst,64,45998715,44100,0
68.37,flush,335,Memtable Max Range Deletions,-1,0,/home/wam/grad/s14-range-delete-study/scratch/longcycle_formal/db_LC20-R6-T64-STATIC/000424.sst,64,46676587,44749,0
68.93,compaction,333,kCompaction,0,0,/home/wam/grad/s14-range-delete-study/scratch/longcycle_formal/db_LC20-R6-T64-STATIC/000419.sst,318,217847873,206961,825
68.95,flush,336,Memtable Max Range Deletions,-1,0,/home/wam/grad/s14-range-delete-study/scratch/longcycle_formal/db_LC20-R6-T64-STATIC/000428.sst,64,46222931,44315,0
69.53,flush,338,Memtable Max Range Deletions,-1,0,/home/wam/grad/s14-range-delete-study/scratch/longcycle_formal/db_LC20-R6-T64-STATIC/000433.sst,64,45686845,43801,0
70.28,flush,339,Memtable Max Range Deletions,-1,0,/home/wam/grad/s14-range-delete-study/scratch/longcycle_formal/db_LC20-R6-T64-STATIC/000437.sst,64,45734486,43847,0
70.67,compaction,331,kCompaction,5,6,/home/wam/grad/s14-range-delete-study/scratch/longcycle_formal/db_LC20-R6-T64-STATIC/000413.sst,0,466378930,443195,6749
70.74,flush,340,Memtable Max Range Deletions,-1,0,/home/wam/grad/s14-range-delete-study/scratch/longcycle_formal/db_LC20-R6-T64-STATIC/000442.sst,64,45852784,43960,0
71.15,flush,342,Memtable Max Range Deletions,-1,0,/home/wam/grad/s14-range-delete-study/scratch/longcycle_formal/db_LC20-R6-T64-STATIC/000447.sst,64,46371538,44457,0
72.13,flush,343,Memtable Max Range Deletions,-1,0,/home/wam/grad/s14-range-delete-study/scratch/longcycle_formal/db_LC20-R6-T64-STATIC/000451.sst,64,46536422,44615,0
72.21,compaction,341,kCompaction,0,0,/home/wam/grad/s14-range-delete-study/scratch/longcycle_formal/db_LC20-R6-T64-STATIC/000444.sst,319,231056403,219507,985
72.61,flush,346,Memtable Max Range Deletions,-1,0,/home/wam/grad/s14-range-delete-study/scratch/longcycle_formal/db_LC20-R6-T64-STATIC/000455.sst,64,45799842,43910,0
73.17,flush,348,Memtable Max Range Deletions,-1,0,/home/wam/grad/s14-range-delete-study/scratch/longcycle_formal/db_LC20-R6-T64-STATIC/000459.sst,64,45777439,43888,0
73.93,compaction,337,kCompaction,5,6,/home/wam/grad/s14-range-delete-study/scratch/longcycle_formal/db_LC20-R6-T64-STATIC/000430.sst,0,586798467,557626,17140
73.97,compaction,347,kCompaction,0,0,/home/wam/grad/s14-range-delete-study/scratch/longcycle_formal/db_LC20-R6-T64-STATIC/000457.sst,256,185438495,176168,518
74.00,flush,349,Memtable Max Range Deletions,-1,0,/home/wam/grad/s14-range-delete-study/scratch/longcycle_formal/db_LC20-R6-T64-STATIC/000463.sst,64,46131545,44227,0
74.43,flush,352,Memtable Max Range Deletions,-1,0,/home/wam/grad/s14-range-delete-study/scratch/longcycle_formal/db_LC20-R6-T64-STATIC/000468.sst,64,46763759,44833,0
74.71,flush,353,Memtable Max Range Deletions,-1,0,/home/wam/grad/s14-range-delete-study/scratch/longcycle_formal/db_LC20-R6-T64-STATIC/000471.sst,64,44403759,42573,0
75.46,flush,354,Memtable Max Range Deletions,-1,0,/home/wam/grad/s14-range-delete-study/scratch/longcycle_formal/db_LC20-R6-T64-STATIC/000475.sst,64,46347004,44433,0
76.20,flush,355,Memtable Max Range Deletions,-1,0,/home/wam/grad/s14-range-delete-study/scratch/longcycle_formal/db_LC20-R6-T64-STATIC/000479.sst,64,46271909,44361,0
76.26,compaction,321,kCompaction,0,4,/home/wam/grad/s14-range-delete-study/scratch/longcycle_formal/db_LC20-R6-T64-STATIC/000377.sst,1333,2090522324,1986451,18040
76.71,flush,356,Memtable Max Range Deletions,-1,0,/home/wam/grad/s14-range-delete-study/scratch/longcycle_formal/db_LC20-R6-T64-STATIC/000482.sst,64,46300004,44388,0
76.90,compaction,358,kCompaction,4,5,/home/wam/grad/s14-range-delete-study/scratch/longcycle_formal/db_LC20-R6-T64-STATIC/000377.sst,330,0,0,0
77.74,flush,357,Memtable Max Range Deletions,-1,0,/home/wam/grad/s14-range-delete-study/scratch/longcycle_formal/db_LC20-R6-T64-STATIC/000486.sst,64,45128078,43266,0
78.11,compaction,350,kCompaction,5,6,/home/wam/grad/s14-range-delete-study/scratch/longcycle_formal/db_LC20-R6-T64-STATIC/000464.sst,0,455044279,432421,13697
78.34,compaction,361,kCompaction,4,5,/home/wam/grad/s14-range-delete-study/scratch/longcycle_formal/db_LC20-R6-T64-STATIC/000425.sst,53,0,0,0
78.54,compaction,362,kCompaction,4,5,/home/wam/grad/s14-range-delete-study/scratch/longcycle_formal/db_LC20-R6-T64-STATIC/000440.sst,95,0,0,0
78.58,compaction,363,kCompaction,4,5,/home/wam/grad/s14-range-delete-study/scratch/longcycle_formal/db_LC20-R6-T64-STATIC/000472.sst,161,0,0,0
78.90,flush,360,Memtable Max Range Deletions,-1,0,/home/wam/grad/s14-range-delete-study/scratch/longcycle_formal/db_LC20-R6-T64-STATIC/000489.sst,64,47225608,45275,0
79.07,compaction,364,kCompaction,5,6,/home/wam/grad/s14-range-delete-study/scratch/longcycle_formal/db_LC20-R6-T64-STATIC/000477.sst,0,0,0,0
79.07,compaction,351,kCompaction,0,0,/home/wam/grad/s14-range-delete-study/scratch/longcycle_formal/db_LC20-R6-T64-STATIC/000466.sst,1256,853408127,810718,11821
79.20,compaction,359,kCompaction,0,0,/home/wam/grad/s14-range-delete-study/scratch/longcycle_formal/db_LC20-R6-T64-STATIC/000487.sst,378,277038858,263197,1234
79.26,flush,365,Memtable Max Range Deletions,-1,0,/home/wam/grad/s14-range-delete-study/scratch/longcycle_formal/db_LC20-R6-T64-STATIC/000491.sst,64,46215747,44307,0
79.98,flush,369,Memtable Max Range Deletions,-1,0,/home/wam/grad/s14-range-delete-study/scratch/longcycle_formal/db_LC20-R6-T64-STATIC/000497.sst,64,45396851,43524,0
80.61,flush,370,Memtable Max Range Deletions,-1,0,/home/wam/grad/s14-range-delete-study/scratch/longcycle_formal/db_LC20-R6-T64-STATIC/000502.sst,64,44998404,43142,0
80.62,compaction,366,kCompaction,5,6,/home/wam/grad/s14-range-delete-study/scratch/longcycle_formal/db_LC20-R6-T64-STATIC/000492.sst,0,164122709,155966,3166
80.76,compaction,368,kCompaction,5,6,/home/wam/grad/s14-range-delete-study/scratch/longcycle_formal/db_LC20-R6-T64-STATIC/000494.sst,0,170570154,162091,2290
81.07,flush,373,Memtable Max Range Deletions,-1,0,/home/wam/grad/s14-range-delete-study/scratch/longcycle_formal/db_LC20-R6-T64-STATIC/000508.sst,64,47119544,45173,0
81.69,flush,374,Memtable Max Range Deletions,-1,0,/home/wam/grad/s14-range-delete-study/scratch/longcycle_formal/db_LC20-R6-T64-STATIC/000511.sst,64,44928972,43076,0
82.17,compaction,371,kCompaction,5,6,/home/wam/grad/s14-range-delete-study/scratch/longcycle_formal/db_LC20-R6-T64-STATIC/000505.sst,0,179160223,170255,8013
82.21,flush,375,Memtable Max Range Deletions,-1,0,/home/wam/grad/s14-range-delete-study/scratch/longcycle_formal/db_LC20-R6-T64-STATIC/000518.sst,64,47136412,45189,0
82.71,flush,377,Memtable Max Range Deletions,-1,0,/home/wam/grad/s14-range-delete-study/scratch/longcycle_formal/db_LC20-R6-T64-STATIC/000522.sst,64,44814282,42966,0
83.78,flush,378,Memtable Max Range Deletions,-1,0,/home/wam/grad/s14-range-delete-study/scratch/longcycle_formal/db_LC20-R6-T64-STATIC/000526.sst,64,46432573,44515,0
83.79,compaction,376,kCompaction,0,0,/home/wam/grad/s14-range-delete-study/scratch/longcycle_formal/db_LC20-R6-T64-STATIC/000519.sst,318,229502259,218034,868
83.97,flush,379,Memtable Max Range Deletions,-1,0,/home/wam/grad/s14-range-delete-study/scratch/longcycle_formal/db_LC20-R6-T64-STATIC/000530.sst,64,46886321,44949,0
84.51,flush,381,Memtable Max Range Deletions,-1,0,/home/wam/grad/s14-range-delete-study/scratch/longcycle_formal/db_LC20-R6-T64-STATIC/000533.sst,64,44594306,42755,0
85.39,flush,382,Memtable Max Range Deletions,-1,0,/home/wam/grad/s14-range-delete-study/scratch/longcycle_formal/db_LC20-R6-T64-STATIC/000538.sst,64,46871462,44935,0
85.81,flush,383,Memtable Max Range Deletions,-1,0,/home/wam/grad/s14-range-delete-study/scratch/longcycle_formal/db_LC20-R6-T64-STATIC/000544.sst,64,44739917,42894,0
85.83,compaction,380,kCompaction,5,6,/home/wam/grad/s14-range-delete-study/scratch/longcycle_formal/db_LC20-R6-T64-STATIC/000531.sst,0,225073881,213881,12478
86.38,flush,385,Memtable Max Range Deletions,-1,0,/home/wam/grad/s14-range-delete-study/scratch/longcycle_formal/db_LC20-R6-T64-STATIC/000549.sst,64,47031960,45089,0
86.58,flush,386,Memtable Max Range Deletions,-1,0,/home/wam/grad/s14-range-delete-study/scratch/longcycle_formal/db_LC20-R6-T64-STATIC/000553.sst,64,45333463,43462,0
86.78,flush,387,Memtable Max Range Deletions,-1,0,/home/wam/grad/s14-range-delete-study/scratch/longcycle_formal/db_LC20-R6-T64-STATIC/000555.sst,64,46439024,44521,0
87.54,flush,388,Memtable Max Range Deletions,-1,0,/home/wam/grad/s14-range-delete-study/scratch/longcycle_formal/db_LC20-R6-T64-STATIC/000558.sst,64,46511557,44590,0
88.16,flush,389,Memtable Max Range Deletions,-1,0,/home/wam/grad/s14-range-delete-study/scratch/longcycle_formal/db_LC20-R6-T64-STATIC/000562.sst,64,46376033,44461,0
88.50,compaction,384,kCompaction,0,0,/home/wam/grad/s14-range-delete-study/scratch/longcycle_formal/db_LC20-R6-T64-STATIC/000548.sst,445,322147172,306034,1721
88.54,flush,390,Memtable Max Range Deletions,-1,0,/home/wam/grad/s14-range-delete-study/scratch/longcycle_formal/db_LC20-R6-T64-STATIC/000565.sst,64,45636001,43752,0
89.01,flush,392,Memtable Max Range Deletions,-1,0,/home/wam/grad/s14-range-delete-study/scratch/longcycle_formal/db_LC20-R6-T64-STATIC/000570.sst,64,46056818,44155,0
89.51,flush,393,Memtable Max Range Deletions,-1,0,/home/wam/grad/s14-range-delete-study/scratch/longcycle_formal/db_LC20-R6-T64-STATIC/000573.sst,64,46427191,44510,0
89.93,compaction,372,kCompaction,5,6,/home/wam/grad/s14-range-delete-study/scratch/longcycle_formal/db_LC20-R6-T64-STATIC/000506.sst,0,1124436415,1068528,17154
89.94,compaction,391,kCompaction,0,0,/home/wam/grad/s14-range-delete-study/scratch/longcycle_formal/db_LC20-R6-T64-STATIC/000568.sst,320,232580325,220957,846
90.12,flush,394,Memtable Max Range Deletions,-1,0,/home/wam/grad/s14-range-delete-study/scratch/longcycle_formal/db_LC20-R6-T64-STATIC/000577.sst,64,45666474,43781,0
90.73,flush,397,Memtable Max Range Deletions,-1,0,/home/wam/grad/s14-range-delete-study/scratch/longcycle_formal/db_LC20-R6-T64-STATIC/000581.sst,64,46564040,44641,0
91.54,flush,398,Memtable Max Range Deletions,-1,0,/home/wam/grad/s14-range-delete-study/scratch/longcycle_formal/db_LC20-R6-T64-STATIC/000586.sst,64,45508023,43629,0
91.91,flush,399,Memtable Max Range Deletions,-1,0,/home/wam/grad/s14-range-delete-study/scratch/longcycle_formal/db_LC20-R6-T64-STATIC/000591.sst,63,46936463,44996,0
92.07,compaction,395,kCompaction,5,6,/home/wam/grad/s14-range-delete-study/scratch/longcycle_formal/db_LC20-R6-T64-STATIC/000578.sst,0,236891442,225112,14461
92.45,flush,400,Memtable Max Range Deletions,-1,0,/home/wam/grad/s14-range-delete-study/scratch/longcycle_formal/db_LC20-R6-T64-STATIC/000595.sst,64,45776354,43886,0
92.45,compaction,396,kCompaction,5,6,/home/wam/grad/s14-range-delete-study/scratch/longcycle_formal/db_LC20-R6-T64-STATIC/000579.sst,0,238822556,226949,7578
92.72,flush,403,Memtable Max Range Deletions,-1,0,/home/wam/grad/s14-range-delete-study/scratch/longcycle_formal/db_LC20-R6-T64-STATIC/000600.sst,63,46434752,44516,0
93.92,flush,404,Memtable Max Range Deletions,-1,0,/home/wam/grad/s14-range-delete-study/scratch/longcycle_formal/db_LC20-R6-T64-STATIC/000603.sst,64,44844704,42994,0
93.97,compaction,401,kCompaction,0,0,/home/wam/grad/s14-range-delete-study/scratch/longcycle_formal/db_LC20-R6-T64-STATIC/000596.sst,444,323543712,307368,1649
94.46,flush,405,Memtable Max Range Deletions,-1,0,/home/wam/grad/s14-range-delete-study/scratch/longcycle_formal/db_LC20-R6-T64-STATIC/000607.sst,64,45857509,43964,0
94.80,compaction,402,kCompaction,5,6,/home/wam/grad/s14-range-delete-study/scratch/longcycle_formal/db_LC20-R6-T64-STATIC/000598.sst,0,255493615,242790,14306
94.82,flush,409,Memtable Max Range Deletions,-1,0,/home/wam/grad/s14-range-delete-study/scratch/longcycle_formal/db_LC20-R6-T64-STATIC/000612.sst,64,46640927,44714,0
95.06,flush,412,Memtable Max Range Deletions,-1,0,/home/wam/grad/s14-range-delete-study/scratch/longcycle_formal/db_LC20-R6-T64-STATIC/000614.sst,64,46052429,44151,0
95.68,compaction,408,kCompaction,0,0,/home/wam/grad/s14-range-delete-study/scratch/longcycle_formal/db_LC20-R6-T64-STATIC/000610.sst,255,183873847,174683,422
95.71,flush,415,Memtable Max Range Deletions,-1,0,/home/wam/grad/s14-range-delete-study/scratch/longcycle_formal/db_LC20-R6-T64-STATIC/000616.sst,64,46177160,44270,0
95.75,compaction,367,kCompaction,0,4,/home/wam/grad/s14-range-delete-study/scratch/longcycle_formal/db_LC20-R6-T64-STATIC/000493.sst,2400,2201665338,2091974,76064
96.04,flush,419,Memtable Max Range Deletions,-1,0,/home/wam/grad/s14-range-delete-study/scratch/longcycle_formal/db_LC20-R6-T64-STATIC/000620.sst,64,46515351,44594,0
96.45,flush,420,Memtable Max Range Deletions,-1,0,/home/wam/grad/s14-range-delete-study/scratch/longcycle_formal/db_LC20-R6-T64-STATIC/000623.sst,64,44826326,42977,0
96.95,flush,421,Memtable Max Range Deletions,-1,0,/home/wam/grad/s14-range-delete-study/scratch/longcycle_formal/db_LC20-R6-T64-STATIC/000625.sst,64,45922072,44026,0
97.30,flush,422,Memtable Max Range Deletions,-1,0,/home/wam/grad/s14-range-delete-study/scratch/longcycle_formal/db_LC20-R6-T64-STATIC/000628.sst,63,47488134,45524,0
97.73,flush,424,Memtable Max Range Deletions,-1,0,/home/wam/grad/s14-range-delete-study/scratch/longcycle_formal/db_LC20-R6-T64-STATIC/000631.sst,63,46015992,44115,0
98.30,compaction,423,kCompaction,0,0,/home/wam/grad/s14-range-delete-study/scratch/longcycle_formal/db_LC20-R6-T64-STATIC/000629.sst,255,185708858,176423,443
98.31,flush,425,Memtable Max Range Deletions,-1,0,/home/wam/grad/s14-range-delete-study/scratch/longcycle_formal/db_LC20-R6-T64-STATIC/000634.sst,64,45254977,43387,0
98.68,flush,428,Memtable Max Range Deletions,-1,0,/home/wam/grad/s14-range-delete-study/scratch/longcycle_formal/db_LC20-R6-T64-STATIC/000637.sst,63,46320688,44406,0
99.12,flush,432,Memtable Max Range Deletions,-1,0,/home/wam/grad/s14-range-delete-study/scratch/longcycle_formal/db_LC20-R6-T64-STATIC/000639.sst,64,46961415,45021,0
99.51,flush,434,Memtable Max Range Deletions,-1,0,/home/wam/grad/s14-range-delete-study/scratch/longcycle_formal/db_LC20-R6-T64-STATIC/000643.sst,64,44826216,42976,0
100.14,flush,437,Memtable Max Range Deletions,-1,0,/home/wam/grad/s14-range-delete-study/scratch/longcycle_formal/db_LC20-R6-T64-STATIC/000645.sst,64,46989591,45048,0
100.14,compaction,433,kCompaction,0,0,/home/wam/grad/s14-range-delete-study/scratch/longcycle_formal/db_LC20-R6-T64-STATIC/000641.sst,254,185527946,176250,425
100.65,flush,441,Memtable Max Range Deletions,-1,0,/home/wam/grad/s14-range-delete-study/scratch/longcycle_formal/db_LC20-R6-T64-STATIC/000648.sst,64,45840696,43948,0
100.90,flush,444,Memtable Max Range Deletions,-1,0,/home/wam/grad/s14-range-delete-study/scratch/longcycle_formal/db_LC20-R6-T64-STATIC/000651.sst,64,45316953,43446,0
101.48,flush,448,Memtable Max Range Deletions,-1,0,/home/wam/grad/s14-range-delete-study/scratch/longcycle_formal/db_LC20-R6-T64-STATIC/000654.sst,64,45821471,43929,0
102.23,flush,450,Memtable Max Range Deletions,-1,0,/home/wam/grad/s14-range-delete-study/scratch/longcycle_formal/db_LC20-R6-T64-STATIC/000657.sst,64,46084811,44181,0
102.25,compaction,445,kCompaction,0,0,/home/wam/grad/s14-range-delete-study/scratch/longcycle_formal/db_LC20-R6-T64-STATIC/000652.sst,254,183901229,174707,455
102.45,flush,454,Memtable Max Range Deletions,-1,0,/home/wam/grad/s14-range-delete-study/scratch/longcycle_formal/db_LC20-R6-T64-STATIC/000660.sst,64,46673439,44745,0
103.02,flush,458,Memtable Max Range Deletions,-1,0,/home/wam/grad/s14-range-delete-study/scratch/longcycle_formal/db_LC20-R6-T64-STATIC/000662.sst,64,46721586,44791,0
103.33,flush,461,Memtable Max Range Deletions,-1,0,/home/wam/grad/s14-range-delete-study/scratch/longcycle_formal/db_LC20-R6-T64-STATIC/000666.sst,64,45197864,43332,0
104.16,flush,464,Memtable Max Range Deletions,-1,0,/home/wam/grad/s14-range-delete-study/scratch/longcycle_formal/db_LC20-R6-T64-STATIC/000668.sst,64,46269711,44358,0
104.20,compaction,459,kCompaction,0,0,/home/wam/grad/s14-range-delete-study/scratch/longcycle_formal/db_LC20-R6-T64-STATIC/000664.sst,255,186249410,176938,452
104.59,flush,469,Memtable Max Range Deletions,-1,0,/home/wam/grad/s14-range-delete-study/scratch/longcycle_formal/db_LC20-R6-T64-STATIC/000671.sst,64,46374748,44459,0
105.06,flush,471,Memtable Max Range Deletions,-1,0,/home/wam/grad/s14-range-delete-study/scratch/longcycle_formal/db_LC20-R6-T64-STATIC/000673.sst,64,45883049,43988,0
105.66,flush,476,Memtable Max Range Deletions,-1,0,/home/wam/grad/s14-range-delete-study/scratch/longcycle_formal/db_LC20-R6-T64-STATIC/000677.sst,64,45714682,43827,0
106.12,flush,479,Memtable Max Range Deletions,-1,0,/home/wam/grad/s14-range-delete-study/scratch/longcycle_formal/db_LC20-R6-T64-STATIC/000680.sst,64,48454418,46450,0
106.13,compaction,473,kCompaction,0,0,/home/wam/grad/s14-range-delete-study/scratch/longcycle_formal/db_LC20-R6-T64-STATIC/000675.sst,254,184687703,175454,427
106.48,flush,483,Memtable Max Range Deletions,-1,0,/home/wam/grad/s14-range-delete-study/scratch/longcycle_formal/db_LC20-R6-T64-STATIC/000682.sst,64,43949836,42137,0
106.96,flush,486,Memtable Max Range Deletions,-1,0,/home/wam/grad/s14-range-delete-study/scratch/longcycle_formal/db_LC20-R6-T64-STATIC/000685.sst,64,45780976,43890,0
107.40,flush,490,Memtable Max Range Deletions,-1,0,/home/wam/grad/s14-range-delete-study/scratch/longcycle_formal/db_LC20-R6-T64-STATIC/000689.sst,64,46861355,44925,0
108.07,flush,493,Memtable Max Range Deletions,-1,0,/home/wam/grad/s14-range-delete-study/scratch/longcycle_formal/db_LC20-R6-T64-STATIC/000691.sst,64,46166054,44259,0
108.28,compaction,487,kCompaction,0,0,/home/wam/grad/s14-range-delete-study/scratch/longcycle_formal/db_LC20-R6-T64-STATIC/000686.sst,253,184827685,175583,465
108.43,flush,496,Memtable Max Range Deletions,-1,0,/home/wam/grad/s14-range-delete-study/scratch/longcycle_formal/db_LC20-R6-T64-STATIC/000693.sst,64,45570626,43689,0
109.07,flush,500,Memtable Max Range Deletions,-1,0,/home/wam/grad/s14-range-delete-study/scratch/longcycle_formal/db_LC20-R6-T64-STATIC/000696.sst,64,45256213,43388,0
109.39,flush,504,Memtable Max Range Deletions,-1,0,/home/wam/grad/s14-range-delete-study/scratch/longcycle_formal/db_LC20-R6-T64-STATIC/000700.sst,64,45886028,43991,0
110.11,compaction,501,kCompaction,0,0,/home/wam/grad/s14-range-delete-study/scratch/longcycle_formal/db_LC20-R6-T64-STATIC/000697.sst,256,184798455,175555,450
110.12,flush,507,Memtable Max Range Deletions,-1,0,/home/wam/grad/s14-range-delete-study/scratch/longcycle_formal/db_LC20-R6-T64-STATIC/000702.sst,64,46814742,44880,0
110.53,flush,509,Memtable Max Range Deletions,-1,0,/home/wam/grad/s14-range-delete-study/scratch/longcycle_formal/db_LC20-R6-T64-STATIC/000706.sst,64,46193582,44285,0
111.00,flush,510,Memtable Max Range Deletions,-1,0,/home/wam/grad/s14-range-delete-study/scratch/longcycle_formal/db_LC20-R6-T64-STATIC/000708.sst,64,45876482,43981,0
111.64,flush,511,Memtable Max Range Deletions,-1,0,/home/wam/grad/s14-range-delete-study/scratch/longcycle_formal/db_LC20-R6-T64-STATIC/000711.sst,64,45406314,43532,0
112.57,compaction,512,kCompaction,0,0,/home/wam/grad/s14-range-delete-study/scratch/longcycle_formal/db_LC20-R6-T64-STATIC/000713.sst,254,185295027,176029,393
112.83,flush,513,Memtable Max Range Deletions,-1,0,/home/wam/grad/s14-range-delete-study/scratch/longcycle_formal/db_LC20-R6-T64-STATIC/000716.sst,64,45961481,44063,0
113.42,flush,515,Memtable Max Range Deletions,-1,0,/home/wam/grad/s14-range-delete-study/scratch/longcycle_formal/db_LC20-R6-T64-STATIC/000719.sst,64,46729279,44798,0
114.51,flush,519,Memtable Max Range Deletions,-1,0,/home/wam/grad/s14-range-delete-study/scratch/longcycle_formal/db_LC20-R6-T64-STATIC/000721.sst,64,45075889,43215,0
115.20,flush,522,Memtable Max Range Deletions,-1,0,/home/wam/grad/s14-range-delete-study/scratch/longcycle_formal/db_LC20-R6-T64-STATIC/000724.sst,64,46184435,44277,0
116.75,compaction,523,kCompaction,0,0,/home/wam/grad/s14-range-delete-study/scratch/longcycle_formal/db_LC20-R6-T64-STATIC/000726.sst,255,184931268,175686,411
116.77,compaction,508,kCompaction,0,0,/home/wam/grad/s14-range-delete-study/scratch/longcycle_formal/db_LC20-R6-T64-STATIC/000704.sst,1802,1315724412,1249863,24974
117.11,flush,527,Memtable Max Range Deletions,-1,0,/home/wam/grad/s14-range-delete-study/scratch/longcycle_formal/db_LC20-R6-T64-STATIC/000730.sst,64,46661849,44733,0
117.64,flush,530,Memtable Max Range Deletions,-1,0,/home/wam/grad/s14-range-delete-study/scratch/longcycle_formal/db_LC20-R6-T64-STATIC/000733.sst,64,46179234,44271,0
117.66,compaction,418,kCompaction,0,4,/home/wam/grad/s14-range-delete-study/scratch/longcycle_formal/db_LC20-R6-T64-STATIC/000618.sst,4233,3455155043,3283051,168942
117.67,compaction,532,kCompaction,4,5,/home/wam/grad/s14-range-delete-study/scratch/longcycle_formal/db_LC20-R6-T64-STATIC/000621.sst,48,0,0,0
117.67,compaction,533,kCompaction,4,5,/home/wam/grad/s14-range-delete-study/scratch/longcycle_formal/db_LC20-R6-T64-STATIC/000635.sst,629,0,0,0
117.68,compaction,534,kCompaction,4,5,/home/wam/grad/s14-range-delete-study/scratch/longcycle_formal/db_LC20-R6-T64-STATIC/000655.sst,594,0,0,0
118.37,flush,537,Memtable Max Range Deletions,-1,0,/home/wam/grad/s14-range-delete-study/scratch/longcycle_formal/db_LC20-R6-T64-STATIC/000737.sst,64,46255752,44345,0
118.83,flush,539,Memtable Max Range Deletions,-1,0,/home/wam/grad/s14-range-delete-study/scratch/longcycle_formal/db_LC20-R6-T64-STATIC/000742.sst,64,46063075,44160,0
119.10,compaction,535,kCompaction,5,6,/home/wam/grad/s14-range-delete-study/scratch/longcycle_formal/db_LC20-R6-T64-STATIC/000734.sst,0,162151572,154088,1289
119.74,flush,541,Memtable Max Range Deletions,-1,0,/home/wam/grad/s14-range-delete-study/scratch/longcycle_formal/db_LC20-R6-T64-STATIC/000748.sst,64,46160427,44253,0
119.78,compaction,538,kCompaction,5,6,/home/wam/grad/s14-range-delete-study/scratch/longcycle_formal/db_LC20-R6-T64-STATIC/000739.sst,0,202911873,192826,0
119.99,flush,542,Memtable Max Range Deletions,-1,0,/home/wam/grad/s14-range-delete-study/scratch/longcycle_formal/db_LC20-R6-T64-STATIC/000753.sst,64,45856835,43963,0
120.46,flush,544,Memtable Max Range Deletions,-1,0,/home/wam/grad/s14-range-delete-study/scratch/longcycle_formal/db_LC20-R6-T64-STATIC/000756.sst,64,45924904,44028,0
120.79,flush,545,Memtable Max Range Deletions,-1,0,/home/wam/grad/s14-range-delete-study/scratch/longcycle_formal/db_LC20-R6-T64-STATIC/000761.sst,64,45329651,43458,0
121.56,flush,546,Memtable Max Range Deletions,-1,0,/home/wam/grad/s14-range-delete-study/scratch/longcycle_formal/db_LC20-R6-T64-STATIC/000765.sst,64,46221536,44312,0
122.18,flush,547,Memtable Max Range Deletions,-1,0,/home/wam/grad/s14-range-delete-study/scratch/longcycle_formal/db_LC20-R6-T64-STATIC/000770.sst,64,46956177,45015,0
122.63,compaction,543,kCompaction,5,6,/home/wam/grad/s14-range-delete-study/scratch/longcycle_formal/db_LC20-R6-T64-STATIC/000754.sst,0,321303886,305328,16056
122.65,flush,548,Memtable Max Range Deletions,-1,0,/home/wam/grad/s14-range-delete-study/scratch/longcycle_formal/db_LC20-R6-T64-STATIC/000775.sst,64,45900500,44004,0
123.08,compaction,540,kCompaction,5,6,/home/wam/grad/s14-range-delete-study/scratch/longcycle_formal/db_LC20-R6-T64-STATIC/000746.sst,0,473473129,449932,0
123.22,flush,550,Memtable Max Range Deletions,-1,0,/home/wam/grad/s14-range-delete-study/scratch/longcycle_formal/db_LC20-R6-T64-STATIC/000779.sst,64,47374188,45415,0
123.73,flush,552,Memtable Max Range Deletions,-1,0,/home/wam/grad/s14-range-delete-study/scratch/longcycle_formal/db_LC20-R6-T64-STATIC/000783.sst,64,46200945,44292,0
124.96,flush,553,Memtable Max Range Deletions,-1,0,/home/wam/grad/s14-range-delete-study/scratch/longcycle_formal/db_LC20-R6-T64-STATIC/000788.sst,64,45928867,44031,0
124.98,compaction,549,kCompaction,0,0,/home/wam/grad/s14-range-delete-study/scratch/longcycle_formal/db_LC20-R6-T64-STATIC/000777.sst,508,369659137,351167,1855
125.21,flush,555,Memtable Max Range Deletions,-1,0,/home/wam/grad/s14-range-delete-study/scratch/longcycle_formal/db_LC20-R6-T64-STATIC/000793.sst,64,45273869,43404,0
125.62,flush,556,Memtable Max Range Deletions,-1,0,/home/wam/grad/s14-range-delete-study/scratch/longcycle_formal/db_LC20-R6-T64-STATIC/000795.sst,64,45283859,43414,0
126.17,compaction,551,kCompaction,5,6,/home/wam/grad/s14-range-delete-study/scratch/longcycle_formal/db_LC20-R6-T64-STATIC/000781.sst,0,321216530,305247,16141
126.32,compaction,554,kCompaction,0,0,/home/wam/grad/s14-range-delete-study/scratch/longcycle_formal/db_LC20-R6-T64-STATIC/000792.sst,255,186421308,177100,386
126.34,flush,557,Memtable Max Range Deletions,-1,0,/home/wam/grad/s14-range-delete-study/scratch/longcycle_formal/db_LC20-R6-T64-STATIC/000798.sst,64,46447779,44529,0
126.64,flush,560,Memtable Max Range Deletions,-1,0,/home/wam/grad/s14-range-delete-study/scratch/longcycle_formal/db_LC20-R6-T64-STATIC/000803.sst,64,46170757,44263,0
127.35,flush,561,Memtable Max Range Deletions,-1,0,/home/wam/grad/s14-range-delete-study/scratch/longcycle_formal/db_LC20-R6-T64-STATIC/000806.sst,64,45714332,43826,0
127.81,flush,562,Memtable Max Range Deletions,-1,0,/home/wam/grad/s14-range-delete-study/scratch/longcycle_formal/db_LC20-R6-T64-STATIC/000811.sst,64,46020466,44119,0
128.41,flush,563,Memtable Max Range Deletions,-1,0,/home/wam/grad/s14-range-delete-study/scratch/longcycle_formal/db_LC20-R6-T64-STATIC/000815.sst,64,46600232,44674,0
128.68,compaction,558,kCompaction,5,6,/home/wam/grad/s14-range-delete-study/scratch/longcycle_formal/db_LC20-R6-T64-STATIC/000799.sst,0,321898277,305894,15498
129.15,flush,565,Memtable Max Range Deletions,-1,0,/home/wam/grad/s14-range-delete-study/scratch/longcycle_formal/db_LC20-R6-T64-STATIC/000821.sst,64,46239560,44329,0
129.55,flush,566,Memtable Max Range Deletions,-1,0,/home/wam/grad/s14-range-delete-study/scratch/longcycle_formal/db_LC20-R6-T64-STATIC/000825.sst,64,45357083,43484,0
130.83,flush,567,Memtable Max Range Deletions,-1,0,/home/wam/grad/s14-range-delete-study/scratch/longcycle_formal/db_LC20-R6-T64-STATIC/000828.sst,64,46213613,44304,0
130.87,compaction,564,kCompaction,0,0,/home/wam/grad/s14-range-delete-study/scratch/longcycle_formal/db_LC20-R6-T64-STATIC/000819.sst,446,322609552,306480,1301
131.32,flush,568,Memtable Max Range Deletions,-1,0,/home/wam/grad/s14-range-delete-study/scratch/longcycle_formal/db_LC20-R6-T64-STATIC/000833.sst,64,45553550,43672,0
131.95,flush,570,Memtable Max Range Deletions,-1,0,/home/wam/grad/s14-range-delete-study/scratch/longcycle_formal/db_LC20-R6-T64-STATIC/000838.sst,64,45764015,43873,0
132.20,flush,571,Memtable Max Range Deletions,-1,0,/home/wam/grad/s14-range-delete-study/scratch/longcycle_formal/db_LC20-R6-T64-STATIC/000843.sst,64,45861484,43967,0
132.65,compaction,559,kCompaction,5,6,/home/wam/grad/s14-range-delete-study/scratch/longcycle_formal/db_LC20-R6-T64-STATIC/000802.sst,0,621232609,590344,137735
132.78,flush,572,Memtable Max Range Deletions,-1,0,/home/wam/grad/s14-range-delete-study/scratch/longcycle_formal/db_LC20-R6-T64-STATIC/000847.sst,64,46558422,44635,0
133.53,flush,574,Memtable Max Range Deletions,-1,0,/home/wam/grad/s14-range-delete-study/scratch/longcycle_formal/db_LC20-R6-T64-STATIC/000852.sst,64,46424577,44506,0
134.52,flush,575,Memtable Max Range Deletions,-1,0,/home/wam/grad/s14-range-delete-study/scratch/longcycle_formal/db_LC20-R6-T64-STATIC/000856.sst,64,45031543,43172,0
134.62,compaction,573,kCompaction,0,0,/home/wam/grad/s14-range-delete-study/scratch/longcycle_formal/db_LC20-R6-T64-STATIC/000849.sst,381,276150170,262349,896
134.77,flush,576,Memtable Max Range Deletions,-1,0,/home/wam/grad/s14-range-delete-study/scratch/longcycle_formal/db_LC20-R6-T64-STATIC/000860.sst,64,46382961,44466,0
135.30,flush,579,Memtable Max Range Deletions,-1,0,/home/wam/grad/s14-range-delete-study/scratch/longcycle_formal/db_LC20-R6-T64-STATIC/000864.sst,64,46194134,44285,0
136.15,flush,580,Memtable Max Range Deletions,-1,0,/home/wam/grad/s14-range-delete-study/scratch/longcycle_formal/db_LC20-R6-T64-STATIC/000868.sst,64,46047647,44145,0
136.20,compaction,578,kCompaction,0,0,/home/wam/grad/s14-range-delete-study/scratch/longcycle_formal/db_LC20-R6-T64-STATIC/000862.sst,256,185456011,176182,341
136.51,compaction,569,kCompaction,5,6,/home/wam/grad/s14-range-delete-study/scratch/longcycle_formal/db_LC20-R6-T64-STATIC/000834.sst,0,654101597,621583,135395
136.53,flush,581,Memtable Max Range Deletions,-1,0,/home/wam/grad/s14-range-delete-study/scratch/longcycle_formal/db_LC20-R6-T64-STATIC/000872.sst,64,45049127,43189,0
137.00,flush,586,Memtable Max Range Deletions,-1,0,/home/wam/grad/s14-range-delete-study/scratch/longcycle_formal/db_LC20-R6-T64-STATIC/000874.sst,64,47328376,45371,0
137.40,flush,590,Memtable Max Range Deletions,-1,0,/home/wam/grad/s14-range-delete-study/scratch/longcycle_formal/db_LC20-R6-T64-STATIC/000878.sst,64,45503888,43625,0
138.04,flush,593,Memtable Max Range Deletions,-1,0,/home/wam/grad/s14-range-delete-study/scratch/longcycle_formal/db_LC20-R6-T64-STATIC/000880.sst,64,45229599,43362,0
138.06,compaction,587,kCompaction,0,0,/home/wam/grad/s14-range-delete-study/scratch/longcycle_formal/db_LC20-R6-T64-STATIC/000875.sst,256,185686963,176401,333
138.58,flush,597,Memtable Max Range Deletions,-1,0,/home/wam/grad/s14-range-delete-study/scratch/longcycle_formal/db_LC20-R6-T64-STATIC/000883.sst,64,47214520,45262,0
139.14,flush,600,Memtable Max Range Deletions,-1,0,/home/wam/grad/s14-range-delete-study/scratch/longcycle_formal/db_LC20-R6-T64-STATIC/000886.sst,64,45887541,43992,0
139.65,flush,604,Memtable Max Range Deletions,-1,0,/home/wam/grad/s14-range-delete-study/scratch/longcycle_formal/db_LC20-R6-T64-STATIC/000890.sst,64,45198170,43332,0
140.33,compaction,601,kCompaction,0,0,/home/wam/grad/s14-range-delete-study/scratch/longcycle_formal/db_LC20-R6-T64-STATIC/000887.sst,254,184917374,175668,317
140.34,flush,607,Memtable Max Range Deletions,-1,0,/home/wam/grad/s14-range-delete-study/scratch/longcycle_formal/db_LC20-R6-T64-STATIC/000893.sst,64,46941171,45000,0
140.72,flush,611,Memtable Max Range Deletions,-1,0,/home/wam/grad/s14-range-delete-study/scratch/longcycle_formal/db_LC20-R6-T64-STATIC/000897.sst,64,45258977,43390,0
141.19,flush,614,Memtable Max Range Deletions,-1,0,/home/wam/grad/s14-range-delete-study/scratch/longcycle_formal/db_LC20-R6-T64-STATIC/000900.sst,64,46463569,44543,0
141.74,flush,618,Memtable Max Range Deletions,-1,0,/home/wam/grad/s14-range-delete-study/scratch/longcycle_formal/db_LC20-R6-T64-STATIC/000902.sst,64,45607324,43723,0
142.99,flush,620,Memtable Max Range Deletions,-1,0,/home/wam/grad/s14-range-delete-study/scratch/longcycle_formal/db_LC20-R6-T64-STATIC/000906.sst,64,46681319,44752,0
143.21,compaction,536,kCompaction,0,4,/home/wam/grad/s14-range-delete-study/scratch/longcycle_formal/db_LC20-R6-T64-STATIC/000735.sst,5156,3713666239,3528643,159972
143.71,flush,621,Memtable Max Range Deletions,-1,0,/home/wam/grad/s14-range-delete-study/scratch/longcycle_formal/db_LC20-R6-T64-STATIC/000909.sst,64,46151665,44245,0
143.78,compaction,619,kCompaction,0,0,/home/wam/grad/s14-range-delete-study/scratch/longcycle_formal/db_LC20-R6-T64-STATIC/000904.sst,256,185312590,176044,356
143.80,compaction,608,kCompaction,0,0,/home/wam/grad/s14-range-delete-study/scratch/longcycle_formal/db_LC20-R6-T64-STATIC/000894.sst,821,597954849,568023,3496
143.82,compaction,623,kCompaction,4,5,/home/wam/grad/s14-range-delete-study/scratch/longcycle_formal/db_LC20-R6-T64-STATIC/000740.sst,28,0,0,0
143.96,flush,622,Memtable Max Range Deletions,-1,0,/home/wam/grad/s14-range-delete-study/scratch/longcycle_formal/db_LC20-R6-T64-STATIC/000911.sst,64,46895909,44957,0
144.38,flush,625,Memtable Max Range Deletions,-1,0,/home/wam/grad/s14-range-delete-study/scratch/longcycle_formal/db_LC20-R6-T64-STATIC/000914.sst,64,44944569,43089,0
144.74,flush,626,Memtable Max Range Deletions,-1,0,/home/wam/grad/s14-range-delete-study/scratch/longcycle_formal/db_LC20-R6-T64-STATIC/000916.sst,63,46594862,44668,0
144.94,compaction,627,kCompaction,5,6,/home/wam/grad/s14-range-delete-study/scratch/longcycle_formal/db_LC20-R6-T64-STATIC/000917.sst,0,74691984,70974,634
145.30,flush,628,Memtable Max Range Deletions,-1,0,/home/wam/grad/s14-range-delete-study/scratch/longcycle_formal/db_LC20-R6-T64-STATIC/000921.sst,64,47037152,45092,0
146.15,flush,630,Memtable Max Range Deletions,-1,0,/home/wam/grad/s14-range-delete-study/scratch/longcycle_formal/db_LC20-R6-T64-STATIC/000925.sst,64,44622382,42781,0
146.19,compaction,629,kCompaction,0,0,/home/wam/grad/s14-range-delete-study/scratch/longcycle_formal/db_LC20-R6-T64-STATIC/000922.sst,254,186522300,177191,360
146.41,flush,631,Memtable Max Range Deletions,-1,0,/home/wam/grad/s14-range-delete-study/scratch/longcycle_formal/db_LC20-R6-T64-STATIC/000928.sst,64,46146817,44240,0
146.97,flush,634,Memtable Max Range Deletions,-1,0,/home/wam/grad/s14-range-delete-study/scratch/longcycle_formal/db_LC20-R6-T64-STATIC/000930.sst,64,46750943,44818,0
147.23,flush,637,Memtable Max Range Deletions,-1,0,/home/wam/grad/s14-range-delete-study/scratch/longcycle_formal/db_LC20-R6-T64-STATIC/000933.sst,64,44764525,42916,0
147.77,flush,640,Memtable Max Range Deletions,-1,0,/home/wam/grad/s14-range-delete-study/scratch/longcycle_formal/db_LC20-R6-T64-STATIC/000936.sst,64,46350578,44435,0
148.20,flush,643,Memtable Max Range Deletions,-1,0,/home/wam/grad/s14-range-delete-study/scratch/longcycle_formal/db_LC20-R6-T64-STATIC/000939.sst,64,45677890,43791,0
148.21,compaction,639,kCompaction,0,0,/home/wam/grad/s14-range-delete-study/scratch/longcycle_formal/db_LC20-R6-T64-STATIC/000934.sst,252,183331291,174166,333
148.54,flush,647,Memtable Max Range Deletions,-1,0,/home/wam/grad/s14-range-delete-study/scratch/longcycle_formal/db_LC20-R6-T64-STATIC/000941.sst,64,46261749,44350,0
148.95,flush,650,Memtable Max Range Deletions,-1,0,/home/wam/grad/s14-range-delete-study/scratch/longcycle_formal/db_LC20-R6-T64-STATIC/000944.sst,64,45934391,44036,0
149.38,flush,654,Memtable Max Range Deletions,-1,0,/home/wam/grad/s14-range-delete-study/scratch/longcycle_formal/db_LC20-R6-T64-STATIC/000948.sst,64,47017753,45073,0
150.22,flush,657,Memtable Max Range Deletions,-1,0,/home/wam/grad/s14-range-delete-study/scratch/longcycle_formal/db_LC20-R6-T64-STATIC/000950.sst,64,44587100,42746,0
150.24,compaction,651,kCompaction,0,0,/home/wam/grad/s14-range-delete-study/scratch/longcycle_formal/db_LC20-R6-T64-STATIC/000945.sst,256,185286829,176023,333
150.47,flush,660,Memtable Max Range Deletions,-1,0,/home/wam/grad/s14-range-delete-study/scratch/longcycle_formal/db_LC20-R6-T64-STATIC/000953.sst,64,46410965,44492,0
151.04,flush,664,Memtable Max Range Deletions,-1,0,/home/wam/grad/s14-range-delete-study/scratch/longcycle_formal/db_LC20-R6-T64-STATIC/000955.sst,64,46472500,44552,0
151.29,flush,668,Memtable Max Range Deletions,-1,0,/home/wam/grad/s14-range-delete-study/scratch/longcycle_formal/db_LC20-R6-T64-STATIC/000959.sst,64,46261790,44350,0
152.07,flush,671,Memtable Max Range Deletions,-1,0,/home/wam/grad/s14-range-delete-study/scratch/longcycle_formal/db_LC20-R6-T64-STATIC/000961.sst,64,46360070,44443,0
152.15,compaction,665,kCompaction,0,0,/home/wam/grad/s14-range-delete-study/scratch/longcycle_formal/db_LC20-R6-T64-STATIC/000957.sst,255,185527323,176249,358
152.47,flush,675,Memtable Max Range Deletions,-1,0,/home/wam/grad/s14-range-delete-study/scratch/longcycle_formal/db_LC20-R6-T64-STATIC/000964.sst,64,44686598,42842,0
152.94,flush,678,Memtable Max Range Deletions,-1,0,/home/wam/grad/s14-range-delete-study/scratch/longcycle_formal/db_LC20-R6-T64-STATIC/000966.sst,63,45913754,44016,0
153.58,flush,682,Memtable Max Range Deletions,-1,0,/home/wam/grad/s14-range-delete-study/scratch/longcycle_formal/db_LC20-R6-T64-STATIC/000970.sst,64,46036744,44134,0
154.20,compaction,679,kCompaction,0,0,/home/wam/grad/s14-range-delete-study/scratch/longcycle_formal/db_LC20-R6-T64-STATIC/000968.sst,255,184309256,175090,306
154.41,flush,685,Memtable Max Range Deletions,-1,0,/home/wam/grad/s14-range-delete-study/scratch/longcycle_formal/db_LC20-R6-T64-STATIC/000973.sst,64,46777525,44843,0
154.78,flush,687,Memtable Max Range Deletions,-1,0,/home/wam/grad/s14-range-delete-study/scratch/longcycle_formal/db_LC20-R6-T64-STATIC/000977.sst,64,45304007,43432,0
155.26,flush,688,Memtable Max Range Deletions,-1,0,/home/wam/grad/s14-range-delete-study/scratch/longcycle_formal/db_LC20-R6-T64-STATIC/000979.sst,64,45087476,43226,0
155.74,flush,689,Memtable Max Range Deletions,-1,0,/home/wam/grad/s14-range-delete-study/scratch/longcycle_formal/db_LC20-R6-T64-STATIC/000982.sst,64,47507049,45542,0
156.16,flush,691,Memtable Max Range Deletions,-1,0,/home/wam/grad/s14-range-delete-study/scratch/longcycle_formal/db_LC20-R6-T64-STATIC/000986.sst,63,45474945,43595,0
156.71,compaction,690,kCompaction,0,0,/home/wam/grad/s14-range-delete-study/scratch/longcycle_formal/db_LC20-R6-T64-STATIC/000983.sst,256,185767773,176475,312
156.80,flush,692,Memtable Max Range Deletions,-1,0,/home/wam/grad/s14-range-delete-study/scratch/longcycle_formal/db_LC20-R6-T64-STATIC/000988.sst,64,46002802,44102,0
157.20,flush,696,Memtable Max Range Deletions,-1,0,/home/wam/grad/s14-range-delete-study/scratch/longcycle_formal/db_LC20-R6-T64-STATIC/000991.sst,64,45885772,43989,0
158.18,flush,699,Memtable Max Range Deletions,-1,0,/home/wam/grad/s14-range-delete-study/scratch/longcycle_formal/db_LC20-R6-T64-STATIC/000993.sst,64,47440403,45478,0
159.05,flush,702,Memtable Max Range Deletions,-1,0,/home/wam/grad/s14-range-delete-study/scratch/longcycle_formal/db_LC20-R6-T64-STATIC/000997.sst,64,44677676,42833,0
159.79,flush,703,Memtable Max Range Deletions,-1,0,/home/wam/grad/s14-range-delete-study/scratch/longcycle_formal/db_LC20-R6-T64-STATIC/001000.sst,64,45834080,43940,0
159.89,compaction,686,kCompaction,0,0,/home/wam/grad/s14-range-delete-study/scratch/longcycle_formal/db_LC20-R6-T64-STATIC/000974.sst,1312,961278877,913150,9639
159.93,compaction,701,kCompaction,0,0,/home/wam/grad/s14-range-delete-study/scratch/longcycle_formal/db_LC20-R6-T64-STATIC/000996.sst,255,185855017,176560,349
160.32,flush,707,Memtable Max Range Deletions,-1,0,/home/wam/grad/s14-range-delete-study/scratch/longcycle_formal/db_LC20-R6-T64-STATIC/001003.sst,64,46861150,44923,0
160.81,flush,710,Memtable Max Range Deletions,-1,0,/home/wam/grad/s14-range-delete-study/scratch/longcycle_formal/db_LC20-R6-T64-STATIC/001006.sst,64,45229411,43361,0
161.36,flush,713,Memtable Max Range Deletions,-1,0,/home/wam/grad/s14-range-delete-study/scratch/longcycle_formal/db_LC20-R6-T64-STATIC/001009.sst,64,46714522,44783,0
161.63,compaction,711,kCompaction,0,0,/home/wam/grad/s14-range-delete-study/scratch/longcycle_formal/db_LC20-R6-T64-STATIC/001007.sst,255,183662770,174479,322
161.72,flush,717,Memtable Max Range Deletions,-1,0,/home/wam/grad/s14-range-delete-study/scratch/longcycle_formal/db_LC20-R6-T64-STATIC/001012.sst,64,45168118,43302,0
162.16,flush,722,Memtable Max Range Deletions,-1,0,/home/wam/grad/s14-range-delete-study/scratch/longcycle_formal/db_LC20-R6-T64-STATIC/001015.sst,63,46187043,44277,0
162.61,flush,725,Memtable Max Range Deletions,-1,0,/home/wam/grad/s14-range-delete-study/scratch/longcycle_formal/db_LC20-R6-T64-STATIC/001018.sst,64,47680863,45708,0
163.06,flush,728,Memtable Max Range Deletions,-1,0,/home/wam/grad/s14-range-delete-study/scratch/longcycle_formal/db_LC20-R6-T64-STATIC/001021.sst,64,45583647,43700,0
164.17,flush,730,Memtable Max Range Deletions,-1,0,/home/wam/grad/s14-range-delete-study/scratch/longcycle_formal/db_LC20-R6-T64-STATIC/001024.sst,64,45791782,43899,0
165.09,compaction,729,kCompaction,0,0,/home/wam/grad/s14-range-delete-study/scratch/longcycle_formal/db_LC20-R6-T64-STATIC/001022.sst,255,185688330,176401,331
165.14,flush,731,Memtable Max Range Deletions,-1,0,/home/wam/grad/s14-range-delete-study/scratch/longcycle_formal/db_LC20-R6-T64-STATIC/001027.sst,64,45350612,43477,0
165.19,compaction,718,kCompaction,0,0,/home/wam/grad/s14-range-delete-study/scratch/longcycle_formal/db_LC20-R6-T64-STATIC/001013.sst,821,598996540,569012,3221
165.38,flush,734,Memtable Max Range Deletions,-1,0,/home/wam/grad/s14-range-delete-study/scratch/longcycle_formal/db_LC20-R6-T64-STATIC/001030.sst,64,46645648,44717,0
165.94,flush,738,Memtable Max Range Deletions,-1,0,/home/wam/grad/s14-range-delete-study/scratch/longcycle_formal/db_LC20-R6-T64-STATIC/001032.sst,64,45883889,43988,0
166.77,flush,742,Memtable Max Range Deletions,-1,0,/home/wam/grad/s14-range-delete-study/scratch/longcycle_formal/db_LC20-R6-T64-STATIC/001036.sst,64,46937670,44996,0
166.98,compaction,739,kCompaction,0,0,/home/wam/grad/s14-range-delete-study/scratch/longcycle_formal/db_LC20-R6-T64-STATIC/001034.sst,255,184745121,175504,321
167.11,flush,745,Memtable Max Range Deletions,-1,0,/home/wam/grad/s14-range-delete-study/scratch/longcycle_formal/db_LC20-R6-T64-STATIC/001038.sst,63,46503729,44580,0
167.57,flush,749,Memtable Max Range Deletions,-1,0,/home/wam/grad/s14-range-delete-study/scratch/longcycle_formal/db_LC20-R6-T64-STATIC/001041.sst,64,44480690,42644,0
167.97,flush,752,Memtable Max Range Deletions,-1,0,/home/wam/grad/s14-range-delete-study/scratch/longcycle_formal/db_LC20-R6-T64-STATIC/001043.sst,64,46034564,44132,0
168.62,flush,756,Memtable Max Range Deletions,-1,0,/home/wam/grad/s14-range-delete-study/scratch/longcycle_formal/db_LC20-R6-T64-STATIC/001047.sst,64,46406631,44488,0
169.00,compaction,753,kCompaction,0,0,/home/wam/grad/s14-range-delete-study/scratch/longcycle_formal/db_LC20-R6-T64-STATIC/001045.sst,255,185047174,175792,305
169.03,flush,759,Memtable Max Range Deletions,-1,0,/home/wam/grad/s14-range-delete-study/scratch/longcycle_formal/db_LC20-R6-T64-STATIC/001050.sst,63,46540005,44615,0
169.53,flush,764,Memtable Max Range Deletions,-1,0,/home/wam/grad/s14-range-delete-study/scratch/longcycle_formal/db_LC20-R6-T64-STATIC/001053.sst,64,45914809,44017,0
169.96,flush,767,Memtable Max Range Deletions,-1,0,/home/wam/grad/s14-range-delete-study/scratch/longcycle_formal/db_LC20-R6-T64-STATIC/001056.sst,64,46697003,44766,0
170.41,flush,770,Memtable Max Range Deletions,-1,0,/home/wam/grad/s14-range-delete-study/scratch/longcycle_formal/db_LC20-R6-T64-STATIC/001058.sst,64,45371795,43497,0
171.15,flush,772,Memtable Max Range Deletions,-1,0,/home/wam/grad/s14-range-delete-study/scratch/longcycle_formal/db_LC20-R6-T64-STATIC/001062.sst,64,45798860,43906,0
172.09,compaction,771,kCompaction,0,0,/home/wam/grad/s14-range-delete-study/scratch/longcycle_formal/db_LC20-R6-T64-STATIC/001060.sst,254,185638115,176354,286
172.28,flush,773,Memtable Max Range Deletions,-1,0,/home/wam/grad/s14-range-delete-study/scratch/longcycle_formal/db_LC20-R6-T64-STATIC/001065.sst,64,46345637,44430,0
172.31,compaction,760,kCompaction,0,0,/home/wam/grad/s14-range-delete-study/scratch/longcycle_formal/db_LC20-R6-T64-STATIC/001051.sst,821,599129387,569141,2980
172.47,flush,776,Memtable Max Range Deletions,-1,0,/home/wam/grad/s14-range-delete-study/scratch/longcycle_formal/db_LC20-R6-T64-STATIC/001068.sst,64,46921303,44981,0
172.84,flush,780,Memtable Max Range Deletions,-1,0,/home/wam/grad/s14-range-delete-study/scratch/longcycle_formal/db_LC20-R6-T64-STATIC/001070.sst,64,46157262,44249,0
173.04,flush,784,Memtable Max Range Deletions,-1,0,/home/wam/grad/s14-range-delete-study/scratch/longcycle_formal/db_LC20-R6-T64-STATIC/001074.sst,64,45139563,43275,0
173.89,flush,787,Memtable Max Range Deletions,-1,0,/home/wam/grad/s14-range-delete-study/scratch/longcycle_formal/db_LC20-R6-T64-STATIC/001076.sst,64,45380873,43506,0
173.90,compaction,781,kCompaction,0,0,/home/wam/grad/s14-range-delete-study/scratch/longcycle_formal/db_LC20-R6-T64-STATIC/001071.sst,256,186342966,177022,288
174.20,flush,791,Memtable Max Range Deletions,-1,0,/home/wam/grad/s14-range-delete-study/scratch/longcycle_formal/db_LC20-R6-T64-STATIC/001079.sst,64,46185640,44277,0
174.65,flush,794,Memtable Max Range Deletions,-1,0,/home/wam/grad/s14-range-delete-study/scratch/longcycle_formal/db_LC20-R6-T64-STATIC/001081.sst,64,46686760,44756,0
175.26,flush,798,Memtable Max Range Deletions,-1,0,/home/wam/grad/s14-range-delete-study/scratch/longcycle_formal/db_LC20-R6-T64-STATIC/001085.sst,64,45762109,43871,0
175.77,compaction,795,kCompaction,0,0,/home/wam/grad/s14-range-delete-study/scratch/longcycle_formal/db_LC20-R6-T64-STATIC/001083.sst,256,184481073,175257,301
175.78,flush,801,Memtable Max Range Deletions,-1,0,/home/wam/grad/s14-range-delete-study/scratch/longcycle_formal/db_LC20-R6-T64-STATIC/001088.sst,64,46458536,44538,0
176.16,flush,806,Memtable Max Range Deletions,-1,0,/home/wam/grad/s14-range-delete-study/scratch/longcycle_formal/db_LC20-R6-T64-STATIC/001091.sst,64,46020925,44119,0
176.81,flush,809,Memtable Max Range Deletions,-1,0,/home/wam/grad/s14-range-delete-study/scratch/longcycle_formal/db_LC20-R6-T64-STATIC/001094.sst,64,46538141,44614,0
177.30,compaction,624,kCompaction,0,4,/home/wam/grad/s14-range-delete-study/scratch/longcycle_formal/db_LC20-R6-T64-STATIC/000912.sst,7391,5280788363,5017758,266294
177.35,compaction,813,kCompaction,4,5,/home/wam/grad/s14-range-delete-study/scratch/longcycle_formal/db_LC20-R6-T64-STATIC/000923.sst,0,0,0,0
177.38,compaction,814,kCompaction,4,5,/home/wam/grad/s14-range-delete-study/scratch/longcycle_formal/db_LC20-R6-T64-STATIC/000931.sst,688,0,0,0
177.41,compaction,815,kCompaction,4,5,/home/wam/grad/s14-range-delete-study/scratch/longcycle_formal/db_LC20-R6-T64-STATIC/000951.sst,588,0,0,0
177.45,compaction,816,kCompaction,4,5,/home/wam/grad/s14-range-delete-study/scratch/longcycle_formal/db_LC20-R6-T64-STATIC/000971.sst,938,0,0,0
177.47,flush,811,Memtable Max Range Deletions,-1,0,/home/wam/grad/s14-range-delete-study/scratch/longcycle_formal/db_LC20-R6-T64-STATIC/001097.sst,64,46744788,44813,0
178.54,flush,818,Memtable Max Range Deletions,-1,0,/home/wam/grad/s14-range-delete-study/scratch/longcycle_formal/db_LC20-R6-T64-STATIC/001100.sst,64,45962591,44065,0
178.67,compaction,802,kCompaction,0,0,/home/wam/grad/s14-range-delete-study/scratch/longcycle_formal/db_LC20-R6-T64-STATIC/001089.sst,821,599493456,569481,2959
179.09,flush,820,Memtable Max Range Deletions,-1,0,/home/wam/grad/s14-range-delete-study/scratch/longcycle_formal/db_LC20-R6-T64-STATIC/001104.sst,64,46085235,44183,0
179.10,compaction,819,kCompaction,0,0,/home/wam/grad/s14-range-delete-study/scratch/longcycle_formal/db_LC20-R6-T64-STATIC/001102.sst,254,186863947,177518,310
179.21,compaction,817,kCompaction,5,6,/home/wam/grad/s14-range-delete-study/scratch/longcycle_formal/db_LC20-R6-T64-STATIC/001098.sst,0,202918464,192834,0
180.10,flush,824,Memtable Max Range Deletions,-1,0,/home/wam/grad/s14-range-delete-study/scratch/longcycle_formal/db_LC20-R6-T64-STATIC/001110.sst,63,47204793,45255,0
182.01,flush,825,Write Buffer Full,-1,0,/home/wam/grad/s14-range-delete-study/scratch/longcycle_formal/db_LC20-R6-T64-STATIC/001122.sst,28,63765692,61065,0
182.21,compaction,822,kCompaction,5,6,/home/wam/grad/s14-range-delete-study/scratch/longcycle_formal/db_LC20-R6-T64-STATIC/001107.sst,0,338200447,321387,0
182.71,compaction,823,kCompaction,5,6,/home/wam/grad/s14-range-delete-study/scratch/longcycle_formal/db_LC20-R6-T64-STATIC/001108.sst,0,473482736,449944,0
182.99,flush,827,Write Buffer Full,-1,0,/home/wam/grad/s14-range-delete-study/scratch/longcycle_formal/db_LC20-R6-T64-STATIC/001129.sst,0,64774329,61998,0
183.41,compaction,826,kCompaction,5,6,/home/wam/grad/s14-range-delete-study/scratch/longcycle_formal/db_LC20-R6-T64-STATIC/001126.sst,0,163399850,155274,573
184.11,flush,830,Write Buffer Full,-1,0,/home/wam/grad/s14-range-delete-study/scratch/longcycle_formal/db_LC20-R6-T64-STATIC/001138.sst,0,61930599,59276,0
184.89,compaction,828,kCompaction,5,6,/home/wam/grad/s14-range-delete-study/scratch/longcycle_formal/db_LC20-R6-T64-STATIC/001131.sst,0,311040190,295573,25806
185.16,flush,831,Write Buffer Full,-1,0,/home/wam/grad/s14-range-delete-study/scratch/longcycle_formal/db_LC20-R6-T64-STATIC/001146.sst,0,59803168,57239,0
186.42,compaction,829,kCompaction,5,6,/home/wam/grad/s14-range-delete-study/scratch/longcycle_formal/db_LC20-R6-T64-STATIC/001135.sst,0,309366909,293986,75599
186.61,flush,833,Write Buffer Full,-1,0,/home/wam/grad/s14-range-delete-study/scratch/longcycle_formal/db_LC20-R6-T64-STATIC/001153.sst,0,61648121,59005,0
187.50,flush,835,Write Buffer Full,-1,0,/home/wam/grad/s14-range-delete-study/scratch/longcycle_formal/db_LC20-R6-T64-STATIC/001161.sst,0,60819693,58213,0
188.45,compaction,834,kCompaction,0,0,/home/wam/grad/s14-range-delete-study/scratch/longcycle_formal/db_LC20-R6-T64-STATIC/001156.sst,91,298440969,283514,1228
188.73,flush,836,Write Buffer Full,-1,0,/home/wam/grad/s14-range-delete-study/scratch/longcycle_formal/db_LC20-R6-T64-STATIC/001166.sst,0,58674809,56159,0
189.35,compaction,832,kCompaction,5,6,/home/wam/grad/s14-range-delete-study/scratch/longcycle_formal/db_LC20-R6-T64-STATIC/001147.sst,0,545079970,517981,45004
190.12,flush,839,Write Buffer Full,-1,0,/home/wam/grad/s14-range-delete-study/scratch/longcycle_formal/db_LC20-R6-T64-STATIC/001175.sst,0,64739979,61965,0
190.93,flush,840,Write Buffer Full,-1,0,/home/wam/grad/s14-range-delete-study/scratch/longcycle_formal/db_LC20-R6-T64-STATIC/001182.sst,0,64397697,61637,0
192.23,compaction,837,kCompaction,5,6,/home/wam/grad/s14-range-delete-study/scratch/longcycle_formal/db_LC20-R6-T64-STATIC/001168.sst,0,390982890,371541,149369
192.25,flush,841,Write Buffer Full,-1,0,/home/wam/grad/s14-range-delete-study/scratch/longcycle_formal/db_LC20-R6-T64-STATIC/001190.sst,0,61475376,58840,0
193.12,flush,843,Write Buffer Full,-1,0,/home/wam/grad/s14-range-delete-study/scratch/longcycle_formal/db_LC20-R6-T64-STATIC/001197.sst,0,64795964,62018,0
193.26,compaction,838,kCompaction,5,6,/home/wam/grad/s14-range-delete-study/scratch/longcycle_formal/db_LC20-R6-T64-STATIC/001173.sst,0,567273299,539071,23279
194.45,flush,845,Write Buffer Full,-1,0,/home/wam/grad/s14-range-delete-study/scratch/longcycle_formal/db_LC20-R6-T64-STATIC/001202.sst,0,59998999,57426,0
194.47,compaction,842,kCompaction,0,0,/home/wam/grad/s14-range-delete-study/scratch/longcycle_formal/db_LC20-R6-T64-STATIC/001194.sst,0,372549302,353904,1915
195.12,flush,848,Write Buffer Full,-1,0,/home/wam/grad/s14-range-delete-study/scratch/longcycle_formal/db_LC20-R6-T64-STATIC/001207.sst,0,57218817,54765,0
196.25,flush,851,Write Buffer Full,-1,0,/home/wam/grad/s14-range-delete-study/scratch/longcycle_formal/db_LC20-R6-T64-STATIC/001213.sst,0,64511874,61746,0
197.08,flush,853,Write Buffer Full,-1,0,/home/wam/grad/s14-range-delete-study/scratch/longcycle_formal/db_LC20-R6-T64-STATIC/001220.sst,0,64326647,61569,0
197.97,compaction,844,kCompaction,5,6,/home/wam/grad/s14-range-delete-study/scratch/longcycle_formal/db_LC20-R6-T64-STATIC/001200.sst,0,671730865,638332,45826
198.01,compaction,852,kCompaction,0,0,/home/wam/grad/s14-range-delete-study/scratch/longcycle_formal/db_LC20-R6-T64-STATIC/001216.sst,0,247607314,235223,732
198.24,flush,854,Write Buffer Full,-1,0,/home/wam/grad/s14-range-delete-study/scratch/longcycle_formal/db_LC20-R6-T64-STATIC/001224.sst,0,64577492,61809,0
199.05,flush,859,Write Buffer Full,-1,0,/home/wam/grad/s14-range-delete-study/scratch/longcycle_formal/db_LC20-R6-T64-STATIC/001228.sst,0,60598057,58000,0
199.90,flush,862,Write Buffer Full,-1,0,/home/wam/grad/s14-range-delete-study/scratch/longcycle_formal/db_LC20-R6-T64-STATIC/001231.sst,0,64862939,62082,0
201.27,flush,866,Write Buffer Full,-1,0,/home/wam/grad/s14-range-delete-study/scratch/longcycle_formal/db_LC20-R6-T64-STATIC/001235.sst,0,60702445,58099,0
201.28,compaction,863,kCompaction,0,0,/home/wam/grad/s14-range-delete-study/scratch/longcycle_formal/db_LC20-R6-T64-STATIC/001232.sst,0,255383274,242612,848
202.17,flush,870,Write Buffer Full,-1,0,/home/wam/grad/s14-range-delete-study/scratch/longcycle_formal/db_LC20-R6-T64-STATIC/001238.sst,0,60487291,57894,0
203.06,flush,873,Write Buffer Full,-1,0,/home/wam/grad/s14-range-delete-study/scratch/longcycle_formal/db_LC20-R6-T64-STATIC/001241.sst,0,64735840,61960,0
203.89,flush,876,Write Buffer Full,-1,0,/home/wam/grad/s14-range-delete-study/scratch/longcycle_formal/db_LC20-R6-T64-STATIC/001244.sst,0,64733474,61959,0
204.67,flush,880,Write Buffer Full,-1,0,/home/wam/grad/s14-range-delete-study/scratch/longcycle_formal/db_LC20-R6-T64-STATIC/001248.sst,0,60626399,58026,0
205.50,compaction,877,kCompaction,0,0,/home/wam/grad/s14-range-delete-study/scratch/longcycle_formal/db_LC20-R6-T64-STATIC/001246.sst,0,251727482,239138,774
205.86,flush,885,Write Buffer Full,-1,0,/home/wam/grad/s14-range-delete-study/scratch/longcycle_formal/db_LC20-R6-T64-STATIC/001253.sst,0,63462046,60741,0
206.62,flush,887,Write Buffer Full,-1,0,/home/wam/grad/s14-range-delete-study/scratch/longcycle_formal/db_LC20-R6-T64-STATIC/001255.sst,0,55903414,53505,0
207.49,flush,891,Write Buffer Full,-1,0,/home/wam/grad/s14-range-delete-study/scratch/longcycle_formal/db_LC20-R6-T64-STATIC/001259.sst,0,60250920,57667,0
208.74,flush,894,Write Buffer Full,-1,0,/home/wam/grad/s14-range-delete-study/scratch/longcycle_formal/db_LC20-R6-T64-STATIC/001262.sst,0,60238841,57656,0
210.00,flush,896,Write Buffer Full,-1,0,/home/wam/grad/s14-range-delete-study/scratch/longcycle_formal/db_LC20-R6-T64-STATIC/001266.sst,0,63529954,60806,0
210.56,compaction,882,kCompaction,0,0,/home/wam/grad/s14-range-delete-study/scratch/longcycle_formal/db_LC20-R6-T64-STATIC/001251.sst,0,807982349,767523,7476
210.57,compaction,895,kCompaction,0,0,/home/wam/grad/s14-range-delete-study/scratch/longcycle_formal/db_LC20-R6-T64-STATIC/001263.sst,0,240868021,228817,752
210.86,flush,900,Write Buffer Full,-1,0,/home/wam/grad/s14-range-delete-study/scratch/longcycle_formal/db_LC20-R6-T64-STATIC/001269.sst,0,64270884,61515,0
211.64,flush,903,Write Buffer Full,-1,0,/home/wam/grad/s14-range-delete-study/scratch/longcycle_formal/db_LC20-R6-T64-STATIC/001272.sst,0,57203635,54750,0
212.71,flush,906,Write Buffer Full,-1,0,/home/wam/grad/s14-range-delete-study/scratch/longcycle_formal/db_LC20-R6-T64-STATIC/001275.sst,0,64711994,61938,0
213.70,flush,910,Write Buffer Full,-1,0,/home/wam/grad/s14-range-delete-study/scratch/longcycle_formal/db_LC20-R6-T64-STATIC/001280.sst,0,64437968,61675,0
214.33,compaction,907,kCompaction,0,0,/home/wam/grad/s14-range-delete-study/scratch/longcycle_formal/db_LC20-R6-T64-STATIC/001277.sst,0,250821634,238273,736
214.51,flush,913,Write Buffer Full,-1,0,/home/wam/grad/s14-range-delete-study/scratch/longcycle_formal/db_LC20-R6-T64-STATIC/001283.sst,0,62190873,59524,0
215.41,flush,917,Write Buffer Full,-1,0,/home/wam/grad/s14-range-delete-study/scratch/longcycle_formal/db_LC20-R6-T64-STATIC/001286.sst,0,64716829,61942,0
216.35,flush,920,Write Buffer Full,-1,0,/home/wam/grad/s14-range-delete-study/scratch/longcycle_formal/db_LC20-R6-T64-STATIC/001289.sst,0,64910089,62127,0
217.58,flush,924,Write Buffer Full,-1,0,/home/wam/grad/s14-range-delete-study/scratch/longcycle_formal/db_LC20-R6-T64-STATIC/001294.sst,0,63629085,60900,0
217.73,compaction,921,kCompaction,0,0,/home/wam/grad/s14-range-delete-study/scratch/longcycle_formal/db_LC20-R6-T64-STATIC/001291.sst,0,257296511,244425,843
218.64,flush,929,Write Buffer Full,-1,0,/home/wam/grad/s14-range-delete-study/scratch/longcycle_formal/db_LC20-R6-T64-STATIC/001299.sst,0,64566812,61798,0
218.97,compaction,821,kCompaction,0,4,/home/wam/grad/s14-range-delete-study/scratch/longcycle_formal/db_LC20-R6-T64-STATIC/001106.sst,8424,6214876935,5905331,371448
218.98,compaction,931,kCompaction,4,5,/home/wam/grad/s14-range-delete-study/scratch/longcycle_formal/db_LC20-R6-T64-STATIC/001116.sst,0,0,0,0
218.98,compaction,932,kCompaction,4,5,/home/wam/grad/s14-range-delete-study/scratch/longcycle_formal/db_LC20-R6-T64-STATIC/001142.sst,0,0,0,0
218.99,compaction,933,kCompaction,4,5,/home/wam/grad/s14-range-delete-study/scratch/longcycle_formal/db_LC20-R6-T64-STATIC/001170.sst,651,0,0,0
218.99,compaction,934,kCompaction,4,5,/home/wam/grad/s14-range-delete-study/scratch/longcycle_formal/db_LC20-R6-T64-STATIC/001192.sst,0,0,0,0
219.00,compaction,935,kCompaction,4,5,/home/wam/grad/s14-range-delete-study/scratch/longcycle_formal/db_LC20-R6-T64-STATIC/001215.sst,1302,0,0,0
219.00,compaction,936,kCompaction,4,5,/home/wam/grad/s14-range-delete-study/scratch/longcycle_formal/db_LC20-R6-T64-STATIC/001229.sst,81,0,0,0
219.01,compaction,937,kCompaction,4,5,/home/wam/grad/s14-range-delete-study/scratch/longcycle_formal/db_LC20-R6-T64-STATIC/001242.sst,1171,0,0,0
219.01,compaction,938,kCompaction,4,5,/home/wam/grad/s14-range-delete-study/scratch/longcycle_formal/db_LC20-R6-T64-STATIC/001256.sst,326,0,0,0
219.02,compaction,939,kCompaction,4,5,/home/wam/grad/s14-range-delete-study/scratch/longcycle_formal/db_LC20-R6-T64-STATIC/001267.sst,12,0,0,0
219.56,flush,941,Write Buffer Full,-1,0,/home/wam/grad/s14-range-delete-study/scratch/longcycle_formal/db_LC20-R6-T64-STATIC/001302.sst,0,64675455,61902,0
219.79,compaction,940,kCompaction,5,6,/home/wam/grad/s14-range-delete-study/scratch/longcycle_formal/db_LC20-R6-T64-STATIC/001300.sst,0,163398640,155273,0
221.43,flush,943,Write Buffer Full,-1,0,/home/wam/grad/s14-range-delete-study/scratch/longcycle_formal/db_LC20-R6-T64-STATIC/001307.sst,0,64801335,62023,0
221.87,compaction,926,kCompaction,0,0,/home/wam/grad/s14-range-delete-study/scratch/longcycle_formal/db_LC20-R6-T64-STATIC/001295.sst,0,805509523,765190,7225
222.02,flush,945,Write Buffer Full,-1,0,/home/wam/grad/s14-range-delete-study/scratch/longcycle_formal/db_LC20-R6-T64-STATIC/001313.sst,0,64552442,61784,0
223.15,flush,946,Write Buffer Full,-1,0,/home/wam/grad/s14-range-delete-study/scratch/longcycle_formal/db_LC20-R6-T64-STATIC/001321.sst,0,62041932,59382,0
224.24,flush,948,Write Buffer Full,-1,0,/home/wam/grad/s14-range-delete-study/scratch/longcycle_formal/db_LC20-R6-T64-STATIC/001329.sst,0,62366514,59692,0
228.47,flush,949,Write Buffer Full,-1,0,/home/wam/grad/s14-range-delete-study/scratch/longcycle_formal/db_LC20-R6-T64-STATIC/001337.sst,0,64848626,62068,0
229.14,flush,950,Write Buffer Full,-1,0,/home/wam/grad/s14-range-delete-study/scratch/longcycle_formal/db_LC20-R6-T64-STATIC/001344.sst,0,122842102,117586,0
229.40,flush,951,Write Buffer Full,-1,0,/home/wam/grad/s14-range-delete-study/scratch/longcycle_formal/db_LC20-R6-T64-STATIC/001349.sst,0,64579266,61810,0
230.11,compaction,944,kCompaction,5,6,/home/wam/grad/s14-range-delete-study/scratch/longcycle_formal/db_LC20-R6-T64-STATIC/001308.sst,0,879313352,835599,0
230.39,compaction,942,kCompaction,5,6,/home/wam/grad/s14-range-delete-study/scratch/longcycle_formal/db_LC20-R6-T64-STATIC/001305.sst,0,988761951,939600,331
230.60,flush,953,Write Buffer Full,-1,0,/home/wam/grad/s14-range-delete-study/scratch/longcycle_formal/db_LC20-R6-T64-STATIC/001357.sst,0,62639259,59954,0
232.30,compaction,954,kCompaction,5,6,/home/wam/grad/s14-range-delete-study/scratch/longcycle_formal/db_LC20-R6-T64-STATIC/001359.sst,0,202911427,192826,0
232.33,flush,955,Write Buffer Full,-1,0,/home/wam/grad/s14-range-delete-study/scratch/longcycle_formal/db_LC20-R6-T64-STATIC/001364.sst,0,61897237,59242,0
232.36,compaction,952,kCompaction,0,0,/home/wam/grad/s14-range-delete-study/scratch/longcycle_formal/db_LC20-R6-T64-STATIC/001355.sst,0,377792652,358887,1651
232.95,flush,958,Write Buffer Full,-1,0,/home/wam/grad/s14-range-delete-study/scratch/longcycle_formal/db_LC20-R6-T64-STATIC/001369.sst,0,62539008,59857,0
233.83,compaction,956,kCompaction,5,6,/home/wam/grad/s14-range-delete-study/scratch/longcycle_formal/db_LC20-R6-T64-STATIC/001366.sst,0,202919737,192834,0
234.57,flush,960,Write Buffer Full,-1,0,/home/wam/grad/s14-range-delete-study/scratch/longcycle_formal/db_LC20-R6-T64-STATIC/001379.sst,0,61256281,58629,0
235.44,flush,961,Write Buffer Full,-1,0,/home/wam/grad/s14-range-delete-study/scratch/longcycle_formal/db_LC20-R6-T64-STATIC/001384.sst,0,57521308,55054,0
235.47,compaction,959,kCompaction,5,6,/home/wam/grad/s14-range-delete-study/scratch/longcycle_formal/db_LC20-R6-T64-STATIC/001377.sst,0,198510634,188644,5244
236.58,flush,963,Write Buffer Full,-1,0,/home/wam/grad/s14-range-delete-study/scratch/longcycle_formal/db_LC20-R6-T64-STATIC/001393.sst,0,60994975,58379,0
237.56,compaction,962,kCompaction,0,0,/home/wam/grad/s14-range-delete-study/scratch/longcycle_formal/db_LC20-R6-T64-STATIC/001388.sst,0,306997014,291638,1098
237.57,flush,964,Write Buffer Full,-1,0,/home/wam/grad/s14-range-delete-study/scratch/longcycle_formal/db_LC20-R6-T64-STATIC/001396.sst,0,59941128,57370,0
238.93,flush,966,Write Buffer Full,-1,0,/home/wam/grad/s14-range-delete-study/scratch/longcycle_formal/db_LC20-R6-T64-STATIC/001408.sst,0,64529728,61762,0
238.94,compaction,957,kCompaction,5,6,/home/wam/grad/s14-range-delete-study/scratch/longcycle_formal/db_LC20-R6-T64-STATIC/001367.sst,0,879314315,835599,0
239.48,compaction,965,kCompaction,5,6,/home/wam/grad/s14-range-delete-study/scratch/longcycle_formal/db_LC20-R6-T64-STATIC/001399.sst,0,228582884,217219,39862
240.35,flush,969,Write Buffer Full,-1,0,/home/wam/grad/s14-range-delete-study/scratch/longcycle_formal/db_LC20-R6-T64-STATIC/001416.sst,0,64613765,61842,0
240.37,compaction,967,kCompaction,5,6,/home/wam/grad/s14-range-delete-study/scratch/longcycle_formal/db_LC20-R6-T64-STATIC/001410.sst,0,205490781,195269,3032
241.15,flush,971,Write Buffer Full,-1,0,/home/wam/grad/s14-range-delete-study/scratch/longcycle_formal/db_LC20-R6-T64-STATIC/001424.sst,0,58271466,55771,0
242.04,compaction,968,kCompaction,5,6,/home/wam/grad/s14-range-delete-study/scratch/longcycle_formal/db_LC20-R6-T64-STATIC/001413.sst,0,271650686,258143,63241
242.09,compaction,970,kCompaction,0,0,/home/wam/grad/s14-range-delete-study/scratch/longcycle_formal/db_LC20-R6-T64-STATIC/001420.sst,0,251225803,238658,695
242.60,flush,972,Write Buffer Full,-1,0,/home/wam/grad/s14-range-delete-study/scratch/longcycle_formal/db_LC20-R6-T64-STATIC/001429.sst,0,64732936,61957,0
243.48,flush,975,Write Buffer Full,-1,0,/home/wam/grad/s14-range-delete-study/scratch/longcycle_formal/db_LC20-R6-T64-STATIC/001436.sst,0,63574380,60848,0
244.50,flush,976,Write Buffer Full,-1,0,/home/wam/grad/s14-range-delete-study/scratch/longcycle_formal/db_LC20-R6-T64-STATIC/001443.sst,0,62095876,59432,0
244.91,compaction,973,kCompaction,5,6,/home/wam/grad/s14-range-delete-study/scratch/longcycle_formal/db_LC20-R6-T64-STATIC/001430.sst,0,328056284,311749,5448
245.63,flush,978,Write Buffer Full,-1,0,/home/wam/grad/s14-range-delete-study/scratch/longcycle_formal/db_LC20-R6-T64-STATIC/001451.sst,0,58246058,55747,0
245.64,compaction,974,kCompaction,5,6,/home/wam/grad/s14-range-delete-study/scratch/longcycle_formal/db_LC20-R6-T64-STATIC/001431.sst,0,430213475,408824,258325
246.64,compaction,977,kCompaction,0,0,/home/wam/grad/s14-range-delete-study/scratch/longcycle_formal/db_LC20-R6-T64-STATIC/001447.sst,0,249795081,237299,709
246.82,flush,980,Write Buffer Full,-1,0,/home/wam/grad/s14-range-delete-study/scratch/longcycle_formal/db_LC20-R6-T64-STATIC/001457.sst,0,62135914,59470,0
247.68,flush,982,Write Buffer Full,-1,0,/home/wam/grad/s14-range-delete-study/scratch/longcycle_formal/db_LC20-R6-T64-STATIC/001465.sst,0,63848681,61110,0
249.16,flush,983,Write Buffer Full,-1,0,/home/wam/grad/s14-range-delete-study/scratch/longcycle_formal/db_LC20-R6-T64-STATIC/001472.sst,0,64700499,61926,0
249.34,compaction,979,kCompaction,5,6,/home/wam/grad/s14-range-delete-study/scratch/longcycle_formal/db_LC20-R6-T64-STATIC/001454.sst,0,420683243,399767,210972
250.49,flush,985,Write Buffer Full,-1,0,/home/wam/grad/s14-range-delete-study/scratch/longcycle_formal/db_LC20-R6-T64-STATIC/001479.sst,0,64879679,62097,0
250.51,compaction,984,kCompaction,0,0,/home/wam/grad/s14-range-delete-study/scratch/longcycle_formal/db_LC20-R6-T64-STATIC/001476.sst,0,250069852,237559,694
250.70,compaction,981,kCompaction,5,6,/home/wam/grad/s14-range-delete-study/scratch/longcycle_formal/db_LC20-R6-T64-STATIC/001459.sst,0,461381826,438445,15254
251.17,flush,988,Write Buffer Full,-1,0,/home/wam/grad/s14-range-delete-study/scratch/longcycle_formal/db_LC20-R6-T64-STATIC/001485.sst,0,59931070,57360,0
252.18,flush,989,Write Buffer Full,-1,0,/home/wam/grad/s14-range-delete-study/scratch/longcycle_formal/db_LC20-R6-T64-STATIC/001490.sst,0,62415767,59738,0
253.61,flush,990,Write Buffer Full,-1,0,/home/wam/grad/s14-range-delete-study/scratch/longcycle_formal/db_LC20-R6-T64-STATIC/001497.sst,0,64295014,61538,0
254.52,flush,991,Write Buffer Full,-1,0,/home/wam/grad/s14-range-delete-study/scratch/longcycle_formal/db_LC20-R6-T64-STATIC/001501.sst,0,60717679,58113,0
255.03,compaction,986,kCompaction,0,0,/home/wam/grad/s14-range-delete-study/scratch/longcycle_formal/db_LC20-R6-T64-STATIC/001482.sst,0,809307482,768793,6820
255.08,compaction,987,kCompaction,5,6,/home/wam/grad/s14-range-delete-study/scratch/longcycle_formal/db_LC20-R6-T64-STATIC/001483.sst,0,544897949,517804,110828
255.26,flush,992,Write Buffer Full,-1,0,/home/wam/grad/s14-range-delete-study/scratch/longcycle_formal/db_LC20-R6-T64-STATIC/001505.sst,0,64242445,61487,0
256.10,compaction,993,kCompaction,0,0,/home/wam/grad/s14-range-delete-study/scratch/longcycle_formal/db_LC20-R6-T64-STATIC/001507.sst,0,248471539,236045,704
256.14,compaction,947,kCompaction,0,4,/home/wam/grad/s14-range-delete-study/scratch/longcycle_formal/db_LC20-R6-T64-STATIC/001322.sst,4967,4195405294,3986320,220547
256.23,compaction,1000,kCompaction,4,5,/home/wam/grad/s14-range-delete-study/scratch/longcycle_formal/db_LC20-R6-T64-STATIC/001358.sst,118,0,0,0
256.24,compaction,999,kCompaction,4,5,/home/wam/grad/s14-range-delete-study/scratch/longcycle_formal/db_LC20-R6-T64-STATIC/001331.sst,77,0,0,0
256.24,compaction,1001,kCompaction,4,5,/home/wam/grad/s14-range-delete-study/scratch/longcycle_formal/db_LC20-R6-T64-STATIC/001418.sst,57,0,0,0
256.25,compaction,1002,kCompaction,4,5,/home/wam/grad/s14-range-delete-study/scratch/longcycle_formal/db_LC20-R6-T64-STATIC/001438.sst,4,0,0,0
256.25,compaction,1003,kCompaction,4,5,/home/wam/grad/s14-range-delete-study/scratch/longcycle_formal/db_LC20-R6-T64-STATIC/001458.sst,1332,0,0,0
256.25,flush,997,Write Buffer Full,-1,0,/home/wam/grad/s14-range-delete-study/scratch/longcycle_formal/db_LC20-R6-T64-STATIC/001510.sst,0,63367745,60650,0
257.08,flush,1005,Write Buffer Full,-1,0,/home/wam/grad/s14-range-delete-study/scratch/longcycle_formal/db_LC20-R6-T64-STATIC/001513.sst,0,58240611,55742,0
257.25,compaction,1006,kCompaction,5,6,/home/wam/grad/s14-range-delete-study/scratch/longcycle_formal/db_LC20-R6-T64-STATIC/001475.sst,0,0,0,0
258.11,flush,1008,Write Buffer Full,-1,0,/home/wam/grad/s14-range-delete-study/scratch/longcycle_formal/db_LC20-R6-T64-STATIC/001519.sst,0,64796927,62017,0
258.33,compaction,1007,kCompaction,5,6,/home/wam/grad/s14-range-delete-study/scratch/longcycle_formal/db_LC20-R6-T64-STATIC/001515.sst,0,175208981,166498,1426
258.89,flush,1011,Write Buffer Full,-1,0,/home/wam/grad/s14-range-delete-study/scratch/longcycle_formal/db_LC20-R6-T64-STATIC/001526.sst,0,57980537,55493,0
259.67,compaction,1009,kCompaction,5,6,/home/wam/grad/s14-range-delete-study/scratch/longcycle_formal/db_LC20-R6-T64-STATIC/001520.sst,0,243407643,231311,412
259.84,flush,1012,Write Buffer Full,-1,0,/home/wam/grad/s14-range-delete-study/scratch/longcycle_formal/db_LC20-R6-T64-STATIC/001533.sst,0,62687785,59999,0
259.90,compaction,1010,kCompaction,5,6,/home/wam/grad/s14-range-delete-study/scratch/longcycle_formal/db_LC20-R6-T64-STATIC/001524.sst,0,231230761,219739,5198
260.99,flush,1015,Write Buffer Full,-1,0,/home/wam/grad/s14-range-delete-study/scratch/longcycle_formal/db_LC20-R6-T64-STATIC/001543.sst,0,63679608,60948,0
261.64,compaction,1013,kCompaction,5,6,/home/wam/grad/s14-range-delete-study/scratch/longcycle_formal/db_LC20-R6-T64-STATIC/001535.sst,0,263831469,250710,24326
261.96,flush,1016,Write Buffer Full,-1,0,/home/wam/grad/s14-range-delete-study/scratch/longcycle_formal/db_LC20-R6-T64-STATIC/001549.sst,0,62568527,59884,0
263.10,compaction,1014,kCompaction,5,6,/home/wam/grad/s14-range-delete-study/scratch/longcycle_formal/db_LC20-R6-T64-STATIC/001537.sst,0,358663415,340828,156738
263.11,compaction,1017,kCompaction,0,0,/home/wam/grad/s14-range-delete-study/scratch/longcycle_formal/db_LC20-R6-T64-STATIC/001551.sst,0,308541278,293097,1102
263.12,flush,1018,Write Buffer Full,-1,0,/home/wam/grad/s14-range-delete-study/scratch/longcycle_formal/db_LC20-R6-T64-STATIC/001556.sst,0,63905589,61164,0
264.36,flush,1021,Write Buffer Full,-1,0,/home/wam/grad/s14-range-delete-study/scratch/longcycle_formal/db_LC20-R6-T64-STATIC/001566.sst,0,62593061,59908,0
265.95,flush,1022,Write Buffer Full,-1,0,/home/wam/grad/s14-range-delete-study/scratch/longcycle_formal/db_LC20-R6-T64-STATIC/001573.sst,0,64228914,61474,0
266.34,compaction,1020,kCompaction,5,6,/home/wam/grad/s14-range-delete-study/scratch/longcycle_formal/db_LC20-R6-T64-STATIC/001559.sst,0,441228157,419289,30641
266.41,compaction,1019,kCompaction,5,6,/home/wam/grad/s14-range-delete-study/scratch/longcycle_formal/db_LC20-R6-T64-STATIC/001557.sst,0,409455563,389097,230297
266.99,flush,1025,Write Buffer Full,-1,0,/home/wam/grad/s14-range-delete-study/scratch/longcycle_formal/db_LC20-R6-T64-STATIC/001582.sst,0,64549597,61781,0
267.90,compaction,1023,kCompaction,0,0,/home/wam/grad/s14-range-delete-study/scratch/longcycle_formal/db_LC20-R6-T64-STATIC/001579.sst,0,254477919,241749,681
268.03,flush,1026,Write Buffer Full,-1,0,/home/wam/grad/s14-range-delete-study/scratch/longcycle_formal/db_LC20-R6-T64-STATIC/001587.sst,0,64361519,61601,0
268.13,compaction,1024,kCompaction,5,6,/home/wam/grad/s14-range-delete-study/scratch/longcycle_formal/db_LC20-R6-T64-STATIC/001580.sst,0,250215228,237773,15567
269.12,flush,1029,Write Buffer Full,-1,0,/home/wam/grad/s14-range-delete-study/scratch/longcycle_formal/db_LC20-R6-T64-STATIC/001596.sst,0,55862600,53466,0
270.09,flush,1030,Write Buffer Full,-1,0,/home/wam/grad/s14-range-delete-study/scratch/longcycle_formal/db_LC20-R6-T64-STATIC/001604.sst,0,63708153,60975,0
271.04,flush,1031,Write Buffer Full,-1,0,/home/wam/grad/s14-range-delete-study/scratch/longcycle_formal/db_LC20-R6-T64-STATIC/001611.sst,0,64602369,61831,0
271.97,compaction,1027,kCompaction,5,6,/home/wam/grad/s14-range-delete-study/scratch/longcycle_formal/db_LC20-R6-T64-STATIC/001590.sst,0,580495532,551636,26852
272.03,flush,1032,Write Buffer Full,-1,0,/home/wam/grad/s14-range-delete-study/scratch/longcycle_formal/db_LC20-R6-T64-STATIC/001618.sst,0,63049946,60345,0
273.08,compaction,1028,kCompaction,5,6,/home/wam/grad/s14-range-delete-study/scratch/longcycle_formal/db_LC20-R6-T64-STATIC/001591.sst,0,696294006,661676,45374
273.10,flush,1034,Write Buffer Full,-1,0,/home/wam/grad/s14-range-delete-study/scratch/longcycle_formal/db_LC20-R6-T64-STATIC/001625.sst,0,64725839,61950,0
273.73,compaction,1033,kCompaction,0,0,/home/wam/grad/s14-range-delete-study/scratch/longcycle_formal/db_LC20-R6-T64-STATIC/001620.sst,0,314271630,298542,1112
274.16,flush,1037,Write Buffer Full,-1,0,/home/wam/grad/s14-range-delete-study/scratch/longcycle_formal/db_LC20-R6-T64-STATIC/001633.sst,0,59711962,57150,0
275.34,flush,1038,Write Buffer Full,-1,0,/home/wam/grad/s14-range-delete-study/scratch/longcycle_formal/db_LC20-R6-T64-STATIC/001640.sst,0,63726095,60992,0
276.02,flush,1039,Write Buffer Full,-1,0,/home/wam/grad/s14-range-delete-study/scratch/longcycle_formal/db_LC20-R6-T64-STATIC/001646.sst,0,64741925,61965,0
278.17,flush,1040,Write Buffer Full,-1,0,/home/wam/grad/s14-range-delete-study/scratch/longcycle_formal/db_LC20-R6-T64-STATIC/001651.sst,0,64891737,62108,0
279.62,flush,1041,Write Buffer Full,-1,0,/home/wam/grad/s14-range-delete-study/scratch/longcycle_formal/db_LC20-R6-T64-STATIC/001659.sst,0,61811157,59159,0
280.77,flush,1042,Write Buffer Full,-1,0,/home/wam/grad/s14-range-delete-study/scratch/longcycle_formal/db_LC20-R6-T64-STATIC/001664.sst,0,64889413,62106,0
281.78,flush,1043,Write Buffer Full,-1,0,/home/wam/grad/s14-range-delete-study/scratch/longcycle_formal/db_LC20-R6-T64-STATIC/001669.sst,0,58943857,56415,0
282.95,compaction,1036,kCompaction,5,6,/home/wam/grad/s14-range-delete-study/scratch/longcycle_formal/db_LC20-R6-T64-STATIC/001631.sst,0,739147498,702398,42588
282.99,flush,1044,Write Buffer Full,-1,0,/home/wam/grad/s14-range-delete-study/scratch/longcycle_formal/db_LC20-R6-T64-STATIC/001674.sst,0,61018737,58401,0
283.45,flush,1046,Write Buffer Full,-1,0,/home/wam/grad/s14-range-delete-study/scratch/longcycle_formal/db_LC20-R6-T64-STATIC/001679.sst,0,61773063,59123,0
284.00,compaction,1035,kCompaction,5,6,/home/wam/grad/s14-range-delete-study/scratch/longcycle_formal/db_LC20-R6-T64-STATIC/001628.sst,0,833408763,791970,150959
285.82,flush,1048,Write Buffer Full,-1,0,/home/wam/grad/s14-range-delete-study/scratch/longcycle_formal/db_LC20-R6-T64-STATIC/001685.sst,0,57897809,55414,0
286.59,compaction,1004,kCompaction,0,4,/home/wam/grad/s14-range-delete-study/scratch/longcycle_formal/db_LC20-R6-T64-STATIC/001511.sst,3379,3974421284,3776408,156182
286.64,compaction,1045,kCompaction,0,0,/home/wam/grad/s14-range-delete-study/scratch/longcycle_formal/db_LC20-R6-T64-STATIC/001678.sst,0,566693061,538314,3876
286.91,compaction,1049,kCompaction,4,5,/home/wam/grad/s14-range-delete-study/scratch/longcycle_formal/db_LC20-R6-T64-STATIC/001511.sst,1225,0,0,0
286.92,compaction,1050,kCompaction,4,5,/home/wam/grad/s14-range-delete-study/scratch/longcycle_formal/db_LC20-R6-T64-STATIC/001521.sst,1221,0,0,0
286.95,compaction,1051,kCompaction,4,5,/home/wam/grad/s14-range-delete-study/scratch/longcycle_formal/db_LC20-R6-T64-STATIC/001544.sst,0,0,0,0
286.97,compaction,1052,kCompaction,4,5,/home/wam/grad/s14-range-delete-study/scratch/longcycle_formal/db_LC20-R6-T64-STATIC/001558.sst,0,0,0,0
288.01,flush,1054,Write Buffer Full,-1,0,/home/wam/grad/s14-range-delete-study/scratch/longcycle_formal/db_LC20-R6-T64-STATIC/001692.sst,0,64610511,61839,0
289.53,flush,1056,Write Buffer Full,-1,0,/home/wam/grad/s14-range-delete-study/scratch/longcycle_formal/db_LC20-R6-T64-STATIC/001703.sst,0,63899813,61158,0
290.81,compaction,1047,kCompaction,5,6,/home/wam/grad/s14-range-delete-study/scratch/longcycle_formal/db_LC20-R6-T64-STATIC/001682.sst,0,662248642,629321,34062
290.85,flush,1057,Write Buffer Full,-1,0,/home/wam/grad/s14-range-delete-study/scratch/longcycle_formal/db_LC20-R6-T64-STATIC/001711.sst,0,62470226,59790,0
291.73,compaction,1055,kCompaction,5,6,/home/wam/grad/s14-range-delete-study/scratch/longcycle_formal/db_LC20-R6-T64-STATIC/001695.sst,0,473479266,449936,0
292.47,flush,1059,Write Buffer Full,-1,0,/home/wam/grad/s14-range-delete-study/scratch/longcycle_formal/db_LC20-R6-T64-STATIC/001717.sst,0,61550118,58909,0
293.49,flush,1061,Write Buffer Full,-1,0,/home/wam/grad/s14-range-delete-study/scratch/longcycle_formal/db_LC20-R6-T64-STATIC/001725.sst,0,63548612,60822,0
293.88,compaction,1060,kCompaction,5,6,/home/wam/grad/s14-range-delete-study/scratch/longcycle_formal/db_LC20-R6-T64-STATIC/001718.sst,0,264241263,251100,5999
294.36,compaction,1058,kCompaction,5,6,/home/wam/grad/s14-range-delete-study/scratch/longcycle_formal/db_LC20-R6-T64-STATIC/001715.sst,0,266444268,253197,3910
294.93,flush,1064,Write Buffer Full,-1,0,/home/wam/grad/s14-range-delete-study/scratch/longcycle_formal/db_LC20-R6-T64-STATIC/001734.sst,0,62988317,60286,0
296.54,flush,1065,Write Buffer Full,-1,0,/home/wam/grad/s14-range-delete-study/scratch/longcycle_formal/db_LC20-R6-T64-STATIC/001739.sst,0,60895806,58283,0
296.55,compaction,1062,kCompaction,0,0,/home/wam/grad/s14-range-delete-study/scratch/longcycle_formal/db_LC20-R6-T64-STATIC/001730.sst,0,317244819,301365,1153
296.73,compaction,1063,kCompaction,5,6,/home/wam/grad/s14-range-delete-study/scratch/longcycle_formal/db_LC20-R6-T64-STATIC/001732.sst,0,262997442,249921,7186
297.63,flush,1068,Write Buffer Full,-1,0,/home/wam/grad/s14-range-delete-study/scratch/longcycle_formal/db_LC20-R6-T64-STATIC/001747.sst,0,61632632,58988,0
298.24,compaction,1066,kCompaction,5,6,/home/wam/grad/s14-range-delete-study/scratch/longcycle_formal/db_LC20-R6-T64-STATIC/001742.sst,0,203487334,193372,138585
298.54,flush,1070,Write Buffer Full,-1,0,/home/wam/grad/s14-range-delete-study/scratch/longcycle_formal/db_LC20-R6-T64-STATIC/001755.sst,0,59463780,56912,0
299.55,compaction,1067,kCompaction,5,6,/home/wam/grad/s14-range-delete-study/scratch/longcycle_formal/db_LC20-R6-T64-STATIC/001743.sst,0,257330204,244536,156350
299.65,flush,1071,Write Buffer Full,-1,0,/home/wam/grad/s14-range-delete-study/scratch/longcycle_formal/db_LC20-R6-T64-STATIC/001760.sst,0,64144954,61394,0
301.42,flush,1073,Write Buffer Full,-1,0,/home/wam/grad/s14-range-delete-study/scratch/longcycle_formal/db_LC20-R6-T64-STATIC/001766.sst,0,64721998,61945,0
301.44,compaction,1072,kCompaction,0,0,/home/wam/grad/s14-range-delete-study/scratch/longcycle_formal/db_LC20-R6-T64-STATIC/001761.sst,0,246112269,233801,668
302.15,flush,1075,Write Buffer Full,-1,0,/home/wam/grad/s14-range-delete-study/scratch/longcycle_formal/db_LC20-R6-T64-STATIC/001772.sst,0,56743034,54308,0
302.46,compaction,1069,kCompaction,5,6,/home/wam/grad/s14-range-delete-study/scratch/longcycle_formal/db_LC20-R6-T64-STATIC/001753.sst,0,379207715,360355,218141
303.02,flush,1077,Write Buffer Full,-1,0,/home/wam/grad/s14-range-delete-study/scratch/longcycle_formal/db_LC20-R6-T64-STATIC/001778.sst,0,64724229,61947,0
304.70,compaction,1079,kCompaction,0,0,/home/wam/grad/s14-range-delete-study/scratch/longcycle_formal/db_LC20-R6-T64-STATIC/001780.sst,0,251565082,238979,615
304.75,flush,1080,Write Buffer Full,-1,0,/home/wam/grad/s14-range-delete-study/scratch/longcycle_formal/db_LC20-R6-T64-STATIC/001785.sst,0,62904109,60205,0
305.17,compaction,1074,kCompaction,5,6,/home/wam/grad/s14-range-delete-study/scratch/longcycle_formal/db_LC20-R6-T64-STATIC/001770.sst,0,393227744,373673,200900
305.22,flush,1084,Write Buffer Full,-1,0,/home/wam/grad/s14-range-delete-study/scratch/longcycle_formal/db_LC20-R6-T64-STATIC/001789.sst,0,63454032,60732,0
305.90,flush,1088,Write Buffer Full,-1,0,/home/wam/grad/s14-range-delete-study/scratch/longcycle_formal/db_LC20-R6-T64-STATIC/001793.sst,0,63377242,60658,0
306.68,flush,1091,Write Buffer Full,-1,0,/home/wam/grad/s14-range-delete-study/scratch/longcycle_formal/db_LC20-R6-T64-STATIC/001796.sst,0,63859130,61120,0
307.75,flush,1095,Write Buffer Full,-1,0,/home/wam/grad/s14-range-delete-study/scratch/longcycle_formal/db_LC20-R6-T64-STATIC/001800.sst,0,64253180,61496,0
308.20,compaction,1092,kCompaction,0,0,/home/wam/grad/s14-range-delete-study/scratch/longcycle_formal/db_LC20-R6-T64-STATIC/001797.sst,0,254875316,242124,591
308.56,flush,1100,Write Buffer Full,-1,0,/home/wam/grad/s14-range-delete-study/scratch/longcycle_formal/db_LC20-R6-T64-STATIC/001805.sst,0,56032025,53627,0
309.38,flush,1102,Write Buffer Full,-1,0,/home/wam/grad/s14-range-delete-study/scratch/longcycle_formal/db_LC20-R6-T64-STATIC/001808.sst,0,61845884,59192,0
310.44,flush,1106,Write Buffer Full,-1,0,/home/wam/grad/s14-range-delete-study/scratch/longcycle_formal/db_LC20-R6-T64-STATIC/001811.sst,0,61956421,59298,0
312.04,flush,1108,Write Buffer Full,-1,0,/home/wam/grad/s14-range-delete-study/scratch/longcycle_formal/db_LC20-R6-T64-STATIC/001814.sst,0,62219456,59549,0
312.10,compaction,1097,kCompaction,0,0,/home/wam/grad/s14-range-delete-study/scratch/longcycle_formal/db_LC20-R6-T64-STATIC/001803.sst,0,810819072,770203,6197
312.34,flush,1112,Write Buffer Full,-1,0,/home/wam/grad/s14-range-delete-study/scratch/longcycle_formal/db_LC20-R6-T64-STATIC/001818.sst,0,60218804,57635,0
313.57,flush,1116,Write Buffer Full,-1,0,/home/wam/grad/s14-range-delete-study/scratch/longcycle_formal/db_LC20-R6-T64-STATIC/001821.sst,0,60946330,58331,0
313.61,compaction,1111,kCompaction,0,0,/home/wam/grad/s14-range-delete-study/scratch/longcycle_formal/db_LC20-R6-T64-STATIC/001817.sst,0,243313832,231139,527
313.99,flush,1120,Write Buffer Full,-1,0,/home/wam/grad/s14-range-delete-study/scratch/longcycle_formal/db_LC20-R6-T64-STATIC/001824.sst,0,57512821,55045,0
315.06,flush,1123,Write Buffer Full,-1,0,/home/wam/grad/s14-range-delete-study/scratch/longcycle_formal/db_LC20-R6-T64-STATIC/001827.sst,0,63088603,60382,0
315.92,flush,1127,Write Buffer Full,-1,0,/home/wam/grad/s14-range-delete-study/scratch/longcycle_formal/db_LC20-R6-T64-STATIC/001831.sst,0,64525188,61757,0
316.35,compaction,1124,kCompaction,0,0,/home/wam/grad/s14-range-delete-study/scratch/longcycle_formal/db_LC20-R6-T64-STATIC/001829.sst,0,242991195,230834,559
316.61,compaction,1053,kCompaction,0,4,/home/wam/grad/s14-range-delete-study/scratch/longcycle_formal/db_LC20-R6-T64-STATIC/001690.sst,933,4197591571,3988546,145119
316.62,compaction,1132,kCompaction,4,5,/home/wam/grad/s14-range-delete-study/scratch/longcycle_formal/db_LC20-R6-T64-STATIC/001696.sst,0,0,0,0
316.73,compaction,1133,kCompaction,4,5,/home/wam/grad/s14-range-delete-study/scratch/longcycle_formal/db_LC20-R6-T64-STATIC/001707.sst,0,0,0,0
316.77,compaction,1134,kCompaction,4,5,/home/wam/grad/s14-range-delete-study/scratch/longcycle_formal/db_LC20-R6-T64-STATIC/001723.sst,533,0,0,0
316.80,compaction,1135,kCompaction,4,5,/home/wam/grad/s14-range-delete-study/scratch/longcycle_formal/db_LC20-R6-T64-STATIC/001741.sst,0,0,0,0
316.81,compaction,1136,kCompaction,4,5,/home/wam/grad/s14-range-delete-study/scratch/longcycle_formal/db_LC20-R6-T64-STATIC/001763.sst,0,0,0,0
316.81,flush,1130,Write Buffer Full,-1,0,/home/wam/grad/s14-range-delete-study/scratch/longcycle_formal/db_LC20-R6-T64-STATIC/001834.sst,0,64811646,62031,0
317.63,flush,1138,Write Buffer Full,-1,0,/home/wam/grad/s14-range-delete-study/scratch/longcycle_formal/db_LC20-R6-T64-STATIC/001838.sst,0,62091053,59427,0
318.35,flush,1141,Write Buffer Full,-1,0,/home/wam/grad/s14-range-delete-study/scratch/longcycle_formal/db_LC20-R6-T64-STATIC/001844.sst,0,61338428,58706,0
319.44,flush,1142,Write Buffer Full,-1,0,/home/wam/grad/s14-range-delete-study/scratch/longcycle_formal/db_LC20-R6-T64-STATIC/001851.sst,0,64789916,62010,0
319.94,compaction,1139,kCompaction,5,6,/home/wam/grad/s14-range-delete-study/scratch/longcycle_formal/db_LC20-R6-T64-STATIC/001839.sst,0,338197530,321387,0
320.62,compaction,1140,kCompaction,5,6,/home/wam/grad/s14-range-delete-study/scratch/longcycle_formal/db_LC20-R6-T64-STATIC/001842.sst,0,340399026,323471,62167
320.64,flush,1144,Write Buffer Full,-1,0,/home/wam/grad/s14-range-delete-study/scratch/longcycle_formal/db_LC20-R6-T64-STATIC/001859.sst,0,63047263,60342,0
321.84,flush,1146,Write Buffer Full,-1,0,/home/wam/grad/s14-range-delete-study/scratch/longcycle_formal/db_LC20-R6-T64-STATIC/001868.sst,0,58973260,56443,0
322.36,compaction,1143,kCompaction,5,6,/home/wam/grad/s14-range-delete-study/scratch/longcycle_formal/db_LC20-R6-T64-STATIC/001857.sst,0,259594687,246688,26786
323.00,flush,1148,Write Buffer Full,-1,0,/home/wam/grad/s14-range-delete-study/scratch/longcycle_formal/db_LC20-R6-T64-STATIC/001875.sst,0,63572245,60844,0
324.04,compaction,1145,kCompaction,5,6,/home/wam/grad/s14-range-delete-study/scratch/longcycle_formal/db_LC20-R6-T64-STATIC/001863.sst,0,363298852,345237,26959
324.16,compaction,1147,kCompaction,0,0,/home/wam/grad/s14-range-delete-study/scratch/longcycle_formal/db_LC20-R6-T64-STATIC/001873.sst,0,311560146,295962,966
324.20,flush,1149,Write Buffer Full,-1,0,/home/wam/grad/s14-range-delete-study/scratch/longcycle_formal/db_LC20-R6-T64-STATIC/001881.sst,0,64945415,62159,0
325.78,flush,1152,Write Buffer Full,-1,0,/home/wam/grad/s14-range-delete-study/scratch/longcycle_formal/db_LC20-R6-T64-STATIC/001891.sst,0,62837099,60141,0
326.97,flush,1153,Write Buffer Full,-1,0,/home/wam/grad/s14-range-delete-study/scratch/longcycle_formal/db_LC20-R6-T64-STATIC/001898.sst,0,64142012,61390,0
327.25,compaction,1150,kCompaction,5,6,/home/wam/grad/s14-range-delete-study/scratch/longcycle_formal/db_LC20-R6-T64-STATIC/001882.sst,0,383453790,364384,9957
327.70,flush,1155,Write Buffer Full,-1,0,/home/wam/grad/s14-range-delete-study/scratch/longcycle_formal/db_LC20-R6-T64-STATIC/001904.sst,0,64737598,61960,0
329.05,compaction,1154,kCompaction,0,0,/home/wam/grad/s14-range-delete-study/scratch/longcycle_formal/db_LC20-R6-T64-STATIC/001902.sst,0,256799841,243950,584
329.09,flush,1156,Write Buffer Full,-1,0,/home/wam/grad/s14-range-delete-study/scratch/longcycle_formal/db_LC20-R6-T64-STATIC/001910.sst,0,64509014,61741,0
329.11,compaction,1151,kCompaction,5,6,/home/wam/grad/s14-range-delete-study/scratch/longcycle_formal/db_LC20-R6-T64-STATIC/001883.sst,0,565038643,536943,162648
330.23,flush,1159,Write Buffer Full,-1,0,/home/wam/grad/s14-range-delete-study/scratch/longcycle_formal/db_LC20-R6-T64-STATIC/001916.sst,0,64744348,61966,0
331.29,flush,1160,Write Buffer Full,-1,0,/home/wam/grad/s14-range-delete-study/scratch/longcycle_formal/db_LC20-R6-T64-STATIC/001923.sst,0,64730037,61953,0
332.06,flush,1161,Write Buffer Full,-1,0,/home/wam/grad/s14-range-delete-study/scratch/longcycle_formal/db_LC20-R6-T64-STATIC/001931.sst,0,63397362,60677,0
333.44,flush,1162,Write Buffer Full,-1,0,/home/wam/grad/s14-range-delete-study/scratch/longcycle_formal/db_LC20-R6-T64-STATIC/001938.sst,0,61110938,58488,0
334.39,flush,1163,Write Buffer Full,-1,0,/home/wam/grad/s14-range-delete-study/scratch/longcycle_formal/db_LC20-R6-T64-STATIC/001945.sst,0,61711763,59063,0
334.41,compaction,1157,kCompaction,5,6,/home/wam/grad/s14-range-delete-study/scratch/longcycle_formal/db_LC20-R6-T64-STATIC/001913.sst,0,653480167,620992,21777
335.18,flush,1165,Write Buffer Full,-1,0,/home/wam/grad/s14-range-delete-study/scratch/longcycle_formal/db_LC20-R6-T64-STATIC/001951.sst,0,63483437,60759,0
336.57,flush,1166,Write Buffer Full,-1,0,/home/wam/grad/s14-range-delete-study/scratch/longcycle_formal/db_LC20-R6-T64-STATIC/001957.sst,0,64845984,62063,0
336.84,compaction,1158,kCompaction,5,6,/home/wam/grad/s14-range-delete-study/scratch/longcycle_formal/db_LC20-R6-T64-STATIC/001914.sst,0,859268210,816543,153032
336.85,compaction,1164,kCompaction,0,0,/home/wam/grad/s14-range-delete-study/scratch/longcycle_formal/db_LC20-R6-T64-STATIC/001949.sst,0,446038771,423697,2151
337.54,flush,1170,Write Buffer Full,-1,0,/home/wam/grad/s14-range-delete-study/scratch/longcycle_formal/db_LC20-R6-T64-STATIC/001961.sst,0,59497799,56944,0
338.59,flush,1173,Write Buffer Full,-1,0,/home/wam/grad/s14-range-delete-study/scratch/longcycle_formal/db_LC20-R6-T64-STATIC/001965.sst,0,62160261,59493,0
340.06,flush,1177,Write Buffer Full,-1,0,/home/wam/grad/s14-range-delete-study/scratch/longcycle_formal/db_LC20-R6-T64-STATIC/001969.sst,0,64790927,62011,0
340.18,compaction,1174,kCompaction,0,0,/home/wam/grad/s14-range-delete-study/scratch/longcycle_formal/db_LC20-R6-T64-STATIC/001966.sst,0,251291227,238716,543
340.41,flush,1180,Write Buffer Full,-1,0,/home/wam/grad/s14-range-delete-study/scratch/longcycle_formal/db_LC20-R6-T64-STATIC/001971.sst,0,58998371,56466,0
341.31,flush,1183,Write Buffer Full,-1,0,/home/wam/grad/s14-range-delete-study/scratch/longcycle_formal/db_LC20-R6-T64-STATIC/001975.sst,0,64729405,61952,0
342.31,flush,1186,Write Buffer Full,-1,0,/home/wam/grad/s14-range-delete-study/scratch/longcycle_formal/db_LC20-R6-T64-STATIC/001978.sst,0,62740590,60048,0
343.18,flush,1191,Write Buffer Full,-1,0,/home/wam/grad/s14-range-delete-study/scratch/longcycle_formal/db_LC20-R6-T64-STATIC/001982.sst,0,55722770,53331,0
343.61,compaction,1188,kCompaction,0,0,/home/wam/grad/s14-range-delete-study/scratch/longcycle_formal/db_LC20-R6-T64-STATIC/001979.sst,0,252527569,239888,589
344.01,flush,1195,Write Buffer Full,-1,0,/home/wam/grad/s14-range-delete-study/scratch/longcycle_formal/db_LC20-R6-T64-STATIC/001985.sst,0,59910373,57339,0
344.87,flush,1198,Write Buffer Full,-1,0,/home/wam/grad/s14-range-delete-study/scratch/longcycle_formal/db_LC20-R6-T64-STATIC/001988.sst,0,64263582,61506,0
345.73,flush,1201,Write Buffer Full,-1,0,/home/wam/grad/s14-range-delete-study/scratch/longcycle_formal/db_LC20-R6-T64-STATIC/001992.sst,0,64814837,62034,0
347.14,flush,1205,Write Buffer Full,-1,0,/home/wam/grad/s14-range-delete-study/scratch/longcycle_formal/db_LC20-R6-T64-STATIC/001996.sst,0,58050933,55559,0
347.19,compaction,1202,kCompaction,0,0,/home/wam/grad/s14-range-delete-study/scratch/longcycle_formal/db_LC20-R6-T64-STATIC/001993.sst,0,245993361,233679,531
347.96,flush,1210,Write Buffer Full,-1,0,/home/wam/grad/s14-range-delete-study/scratch/longcycle_formal/db_LC20-R6-T64-STATIC/002000.sst,0,62227060,59557,0
348.24,compaction,1137,kCompaction,0,4,/home/wam/grad/s14-range-delete-study/scratch/longcycle_formal/db_LC20-R6-T64-STATIC/001835.sst,400,4460928185,4238777,154438
348.26,compaction,1212,kCompaction,4,5,/home/wam/grad/s14-range-delete-study/scratch/longcycle_formal/db_LC20-R6-T64-STATIC/001835.sst,0,0,0,0
348.28,compaction,1213,kCompaction,4,5,/home/wam/grad/s14-range-delete-study/scratch/longcycle_formal/db_LC20-R6-T64-STATIC/001845.sst,0,0,0,0
348.30,compaction,1215,kCompaction,4,5,/home/wam/grad/s14-range-delete-study/scratch/longcycle_formal/db_LC20-R6-T64-STATIC/001864.sst,400,0,0,0
348.32,compaction,1216,kCompaction,4,5,/home/wam/grad/s14-range-delete-study/scratch/longcycle_formal/db_LC20-R6-T64-STATIC/001884.sst,0,0,0,0
348.33,compaction,1217,kCompaction,4,5,/home/wam/grad/s14-range-delete-study/scratch/longcycle_formal/db_LC20-R6-T64-STATIC/001894.sst,0,0,0,0
348.35,compaction,1218,kCompaction,4,5,/home/wam/grad/s14-range-delete-study/scratch/longcycle_formal/db_LC20-R6-T64-STATIC/001908.sst,0,0,0,0
348.39,compaction,1219,kCompaction,4,5,/home/wam/grad/s14-range-delete-study/scratch/longcycle_formal/db_LC20-R6-T64-STATIC/001935.sst,0,0,0,0
348.41,compaction,1220,kCompaction,4,5,/home/wam/grad/s14-range-delete-study/scratch/longcycle_formal/db_LC20-R6-T64-STATIC/001962.sst,0,0,0,0
348.51,compaction,1221,kCompaction,4,5,/home/wam/grad/s14-range-delete-study/scratch/longcycle_formal/db_LC20-R6-T64-STATIC/001973.sst,0,0,0,0
348.55,compaction,1222,kCompaction,5,6,/home/wam/grad/s14-range-delete-study/scratch/longcycle_formal/db_LC20-R6-T64-STATIC/001973.sst,0,0,0,0
348.62,flush,1214,Write Buffer Full,-1,0,/home/wam/grad/s14-range-delete-study/scratch/longcycle_formal/db_LC20-R6-T64-STATIC/002003.sst,0,58617050,56101,0
349.43,flush,1224,Write Buffer Full,-1,0,/home/wam/grad/s14-range-delete-study/scratch/longcycle_formal/db_LC20-R6-T64-STATIC/002007.sst,0,64780106,62000,0
350.35,compaction,1223,kCompaction,5,6,/home/wam/grad/s14-range-delete-study/scratch/longcycle_formal/db_LC20-R6-T64-STATIC/002004.sst,0,202926436,192834,0
351.31,flush,1226,Write Buffer Full,-1,0,/home/wam/grad/s14-range-delete-study/scratch/longcycle_formal/db_LC20-R6-T64-STATIC/002012.sst,0,63138557,60429,0
351.44,compaction,1207,kCompaction,0,0,/home/wam/grad/s14-range-delete-study/scratch/longcycle_formal/db_LC20-R6-T64-STATIC/001998.sst,0,802427381,762228,5614
351.79,flush,1228,Write Buffer Full,-1,0,/home/wam/grad/s14-range-delete-study/scratch/longcycle_formal/db_LC20-R6-T64-STATIC/002017.sst,0,61859048,59204,0
352.96,compaction,1225,kCompaction,5,6,/home/wam/grad/s14-range-delete-study/scratch/longcycle_formal/db_LC20-R6-T64-STATIC/002009.sst,0,338198710,321387,0
352.97,flush,1230,Write Buffer Full,-1,0,/home/wam/grad/s14-range-delete-study/scratch/longcycle_formal/db_LC20-R6-T64-STATIC/002024.sst,0,56001181,53597,0
353.29,compaction,1227,kCompaction,5,6,/home/wam/grad/s14-range-delete-study/scratch/longcycle_formal/db_LC20-R6-T64-STATIC/002013.sst,0,338201519,321383,0
354.12,flush,1233,Write Buffer Full,-1,0,/home/wam/grad/s14-range-delete-study/scratch/longcycle_formal/db_LC20-R6-T64-STATIC/002032.sst,0,63967872,61223,0
354.91,flush,1234,Write Buffer Full,-1,0,/home/wam/grad/s14-range-delete-study/scratch/longcycle_formal/db_LC20-R6-T64-STATIC/002037.sst,0,61570189,58927,0
355.26,compaction,1231,kCompaction,5,6,/home/wam/grad/s14-range-delete-study/scratch/longcycle_formal/db_LC20-R6-T64-STATIC/002027.sst,0,257536088,244731,12372
355.74,compaction,1232,kCompaction,5,6,/home/wam/grad/s14-range-delete-study/scratch/longcycle_formal/db_LC20-R6-T64-STATIC/002029.sst,0,265913108,252692,4414
356.19,flush,1236,Write Buffer Full,-1,0,/home/wam/grad/s14-range-delete-study/scratch/longcycle_formal/db_LC20-R6-T64-STATIC/002046.sst,0,64763263,61984,0
357.21,flush,1238,Write Buffer Full,-1,0,/home/wam/grad/s14-range-delete-study/scratch/longcycle_formal/db_LC20-R6-T64-STATIC/002052.sst,0,61542566,58901,0
357.70,compaction,1237,kCompaction,5,6,/home/wam/grad/s14-range-delete-study/scratch/longcycle_formal/db_LC20-R6-T64-STATIC/002047.sst,0,177454710,168631,9402
358.00,compaction,1235,kCompaction,5,6,/home/wam/grad/s14-range-delete-study/scratch/longcycle_formal/db_LC20-R6-T64-STATIC/002042.sst,0,324691196,308551,12833
358.54,flush,1240,Write Buffer Full,-1,0,/home/wam/grad/s14-range-delete-study/scratch/longcycle_formal/db_LC20-R6-T64-STATIC/002060.sst,0,64838765,62056,0
359.46,compaction,1239,kCompaction,0,0,/home/wam/grad/s14-range-delete-study/scratch/longcycle_formal/db_LC20-R6-T64-STATIC/002057.sst,0,309223196,293741,891
359.77,flush,1242,Write Buffer Full,-1,0,/home/wam/grad/s14-range-delete-study/scratch/longcycle_formal/db_LC20-R6-T64-STATIC/002067.sst,0,64867563,62084,0
360.89,flush,1244,Memtable Max Range Deletions,-1,0,/home/wam/grad/s14-range-delete-study/scratch/longcycle_formal/db_LC20-R6-T64-STATIC/002074.sst,64,55391627,53077,0
361.05,flush,1245,Memtable Max Range Deletions,-1,0,/home/wam/grad/s14-range-delete-study/scratch/longcycle_formal/db_LC20-R6-T64-STATIC/002079.sst,63,15310871,14714,0
361.45,flush,1246,Memtable Max Range Deletions,-1,0,/home/wam/grad/s14-range-delete-study/scratch/longcycle_formal/db_LC20-R6-T64-STATIC/002081.sst,64,14543985,13981,0
361.59,flush,1247,Memtable Max Range Deletions,-1,0,/home/wam/grad/s14-range-delete-study/scratch/longcycle_formal/db_LC20-R6-T64-STATIC/002086.sst,64,14617313,14051,0
361.91,flush,1248,Memtable Max Range Deletions,-1,0,/home/wam/grad/s14-range-delete-study/scratch/longcycle_formal/db_LC20-R6-T64-STATIC/002088.sst,64,15535728,14930,0
362.02,flush,1249,Memtable Max Range Deletions,-1,0,/home/wam/grad/s14-range-delete-study/scratch/longcycle_formal/db_LC20-R6-T64-STATIC/002090.sst,64,14812409,14238,0
362.44,flush,1250,Memtable Max Range Deletions,-1,0,/home/wam/grad/s14-range-delete-study/scratch/longcycle_formal/db_LC20-R6-T64-STATIC/002094.sst,64,14933639,14354,0
362.44,compaction,1241,kCompaction,5,6,/home/wam/grad/s14-range-delete-study/scratch/longcycle_formal/db_LC20-R6-T64-STATIC/002061.sst,0,505049874,479936,12997
362.59,flush,1252,Memtable Max Range Deletions,-1,0,/home/wam/grad/s14-range-delete-study/scratch/longcycle_formal/db_LC20-R6-T64-STATIC/002099.sst,64,13789398,13259,0
362.93,flush,1253,Memtable Max Range Deletions,-1,0,/home/wam/grad/s14-range-delete-study/scratch/longcycle_formal/db_LC20-R6-T64-STATIC/002101.sst,64,7658660,7392,0
362.94,compaction,1251,kCompaction,0,0,/home/wam/grad/s14-range-delete-study/scratch/longcycle_formal/db_LC20-R6-T64-STATIC/002097.sst,377,90332268,85786,99
363.52,flush,1255,Memtable Max Range Deletions,-1,0,/home/wam/grad/s14-range-delete-study/scratch/longcycle_formal/db_LC20-R6-T64-STATIC/002105.sst,63,7412194,7155,0
363.67,flush,1256,Memtable Max Range Deletions,-1,0,/home/wam/grad/s14-range-delete-study/scratch/longcycle_formal/db_LC20-R6-T64-STATIC/002111.sst,128,14317159,13828,0
364.02,compaction,1243,kCompaction,5,6,/home/wam/grad/s14-range-delete-study/scratch/longcycle_formal/db_LC20-R6-T64-STATIC/002068.sst,0,527604645,501373,12842
364.06,flush,1257,Memtable Max Range Deletions,-1,0,/home/wam/grad/s14-range-delete-study/scratch/longcycle_formal/db_LC20-R6-T64-STATIC/002113.sst,64,7110140,6867,0
364.18,flush,1259,Memtable Max Range Deletions,-1,0,/home/wam/grad/s14-range-delete-study/scratch/longcycle_formal/db_LC20-R6-T64-STATIC/002118.sst,64,7499906,7240,0
364.58,compaction,1258,kCompaction,0,0,/home/wam/grad/s14-range-delete-study/scratch/longcycle_formal/db_LC20-R6-T64-STATIC/002116.sst,319,43493909,41296,19
364.61,flush,1260,Memtable Max Range Deletions,-1,0,/home/wam/grad/s14-range-delete-study/scratch/longcycle_formal/db_LC20-R6-T64-STATIC/002120.sst,64,7476925,7218,0
364.77,flush,1262,Memtable Max Range Deletions,-1,0,/home/wam/grad/s14-range-delete-study/scratch/longcycle_formal/db_LC20-R6-T64-STATIC/002126.sst,128,10314131,9997,0
364.83,flush,1263,Memtable Max Range Deletions,-1,0,/home/wam/grad/s14-range-delete-study/scratch/longcycle_formal/db_LC20-R6-T64-STATIC/002128.sst,64,4203885,4086,0
365.13,flush,1264,Memtable Max Range Deletions,-1,0,/home/wam/grad/s14-range-delete-study/scratch/longcycle_formal/db_LC20-R6-T64-STATIC/002130.sst,64,3826641,3725,0
365.40,flush,1265,Memtable Max Range Deletions,-1,0,/home/wam/grad/s14-range-delete-study/scratch/longcycle_formal/db_LC20-R6-T64-STATIC/002134.sst,65,4036755,3927,0
365.73,flush,1266,Memtable Max Range Deletions,-1,0,/home/wam/grad/s14-range-delete-study/scratch/longcycle_formal/db_LC20-R6-T64-STATIC/002138.sst,64,3710743,3614,0
366.80,compaction,1261,kCompaction,5,6,/home/wam/grad/s14-range-delete-study/scratch/longcycle_formal/db_LC20-R6-T64-STATIC/002123.sst,0,234929557,223247,7214
366.85,flush,1267,Memtable Max Range Deletions,-1,0,/home/wam/grad/s14-range-delete-study/scratch/longcycle_formal/db_LC20-R6-T64-STATIC/002144.sst,64,3949739,3843,0
366.98,compaction,1268,kCompaction,0,0,/home/wam/grad/s14-range-delete-study/scratch/longcycle_formal/db_LC20-R6-T64-STATIC/002147.sst,257,15904001,15092,3
367.68,compaction,1269,kCompaction,0,0,/home/wam/grad/s14-range-delete-study/scratch/longcycle_formal/db_LC20-R6-T64-STATIC/002148.sst,635,52517484,49853,20
367.70,flush,1270,Memtable Max Range Deletions,-1,0,/home/wam/grad/s14-range-delete-study/scratch/longcycle_formal/db_LC20-R6-T64-STATIC/002151.sst,64,3804719,3704,0
367.70,compaction,1254,kCompaction,5,6,/home/wam/grad/s14-range-delete-study/scratch/longcycle_formal/db_LC20-R6-T64-STATIC/002103.sst,0,607940267,577710,159313
367.97,flush,1273,Memtable Max Range Deletions,-1,0,/home/wam/grad/s14-range-delete-study/scratch/longcycle_formal/db_LC20-R6-T64-STATIC/002156.sst,64,3930109,3824,0
368.05,flush,1274,Memtable Max Range Deletions,-1,0,/home/wam/grad/s14-range-delete-study/scratch/longcycle_formal/db_LC20-R6-T64-STATIC/002159.sst,64,3563202,3473,0
368.13,flush,1275,Memtable Max Range Deletions,-1,0,/home/wam/grad/s14-range-delete-study/scratch/longcycle_formal/db_LC20-R6-T64-STATIC/002161.sst,64,3401093,3318,0
368.27,flush,1276,Memtable Max Range Deletions,-1,0,/home/wam/grad/s14-range-delete-study/scratch/longcycle_formal/db_LC20-R6-T64-STATIC/002163.sst,64,3540262,3451,0
368.89,flush,1277,Memtable Max Range Deletions,-1,0,/home/wam/grad/s14-range-delete-study/scratch/longcycle_formal/db_LC20-R6-T64-STATIC/002169.sst,64,3781748,3682,0
370.10,compaction,1271,kCompaction,0,0,/home/wam/grad/s14-range-delete-study/scratch/longcycle_formal/db_LC20-R6-T64-STATIC/002153.sst,1361,371360001,352710,1378
370.21,flush,1279,Memtable Max Range Deletions,-1,0,/home/wam/grad/s14-range-delete-study/scratch/longcycle_formal/db_LC20-R6-T64-STATIC/002176.sst,64,3743047,3645,0
370.34,flush,1280,Memtable Max Range Deletions,-1,0,/home/wam/grad/s14-range-delete-study/scratch/longcycle_formal/db_LC20-R6-T64-STATIC/002178.sst,64,3103385,3033,0
370.77,flush,1281,Memtable Max Range Deletions,-1,0,/home/wam/grad/s14-range-delete-study/scratch/longcycle_formal/db_LC20-R6-T64-STATIC/002180.sst,64,3265402,3188,0
370.80,compaction,1278,kCompaction,0,0,/home/wam/grad/s14-range-delete-study/scratch/longcycle_formal/db_LC20-R6-T64-STATIC/002173.sst,382,22198047,21065,3
370.88,flush,1282,Memtable Max Range Deletions,-1,0,/home/wam/grad/s14-range-delete-study/scratch/longcycle_formal/db_LC20-R6-T64-STATIC/002184.sst,127,7585825,7385,0
370.96,flush,1284,Memtable Max Range Deletions,-1,0,/home/wam/grad/s14-range-delete-study/scratch/longcycle_formal/db_LC20-R6-T64-STATIC/002188.sst,64,3692857,3597,0
371.04,flush,1285,Memtable Max Range Deletions,-1,0,/home/wam/grad/s14-range-delete-study/scratch/longcycle_formal/db_LC20-R6-T64-STATIC/002190.sst,64,3330054,3250,0
371.47,flush,1286,Memtable Max Range Deletions,-1,0,/home/wam/grad/s14-range-delete-study/scratch/longcycle_formal/db_LC20-R6-T64-STATIC/002192.sst,63,3635231,3541,0
371.58,flush,1287,Memtable Max Range Deletions,-1,0,/home/wam/grad/s14-range-delete-study/scratch/longcycle_formal/db_LC20-R6-T64-STATIC/002198.sst,128,7325363,7137,0
371.66,flush,1288,Memtable Max Range Deletions,-1,0,/home/wam/grad/s14-range-delete-study/scratch/longcycle_formal/db_LC20-R6-T64-STATIC/002200.sst,64,2940372,2877,0
371.78,compaction,1272,kCompaction,5,6,/home/wam/grad/s14-range-delete-study/scratch/longcycle_formal/db_LC20-R6-T64-STATIC/002154.sst,0,444760985,422650,103370
372.08,compaction,1289,kCompaction,0,0,/home/wam/grad/s14-range-delete-study/scratch/longcycle_formal/db_LC20-R6-T64-STATIC/002201.sst,381,21092373,20015,4
372.09,flush,1290,Memtable Max Range Deletions,-1,0,/home/wam/grad/s14-range-delete-study/scratch/longcycle_formal/db_LC20-R6-T64-STATIC/002203.sst,64,3024002,2957,0
372.20,flush,1292,Memtable Max Range Deletions,-1,0,/home/wam/grad/s14-range-delete-study/scratch/longcycle_formal/db_LC20-R6-T64-STATIC/002208.sst,64,3040688,2973,0
372.27,flush,1293,Memtable Max Range Deletions,-1,0,/home/wam/grad/s14-range-delete-study/scratch/longcycle_formal/db_LC20-R6-T64-STATIC/002210.sst,64,3068873,3000,0
372.35,compaction,1291,kCompaction,0,0,/home/wam/grad/s14-range-delete-study/scratch/longcycle_formal/db_LC20-R6-T64-STATIC/002206.sst,692,38923408,36937,10
372.73,flush,1296,Memtable Max Range Deletions,-1,0,/home/wam/grad/s14-range-delete-study/scratch/longcycle_formal/db_LC20-R6-T64-STATIC/002212.sst,64,3095203,3025,0
372.87,flush,1300,Memtable Max Range Deletions,-1,0,/home/wam/grad/s14-range-delete-study/scratch/longcycle_formal/db_LC20-R6-T64-STATIC/002218.sst,127,6110245,5973,0
372.93,compaction,1299,kCompaction,0,0,/home/wam/grad/s14-range-delete-study/scratch/longcycle_formal/db_LC20-R6-T64-STATIC/002217.sst,256,12329637,11697,2
373.06,flush,1301,Memtable Max Range Deletions,-1,0,/home/wam/grad/s14-range-delete-study/scratch/longcycle_formal/db_LC20-R6-T64-STATIC/002220.sst,63,3096035,3025,0
373.27,flush,1306,Memtable Max Range Deletions,-1,0,/home/wam/grad/s14-range-delete-study/scratch/longcycle_formal/db_LC20-R6-T64-STATIC/002223.sst,128,6412020,6263,0
373.52,flush,1309,Memtable Max Range Deletions,-1,0,/home/wam/grad/s14-range-delete-study/scratch/longcycle_formal/db_LC20-R6-T64-STATIC/002225.sst,64,3271525,3194,0
373.67,flush,1313,Memtable Max Range Deletions,-1,0,/home/wam/grad/s14-range-delete-study/scratch/longcycle_formal/db_LC20-R6-T64-STATIC/002230.sst,128,6730868,6568,0
373.88,compaction,1312,kCompaction,0,0,/home/wam/grad/s14-range-delete-study/scratch/longcycle_formal/db_LC20-R6-T64-STATIC/002229.sst,381,19046927,18072,1
373.93,flush,1314,Memtable Max Range Deletions,-1,0,/home/wam/grad/s14-range-delete-study/scratch/longcycle_formal/db_LC20-R6-T64-STATIC/002233.sst,63,3248658,3171,0
374.03,flush,1317,Memtable Max Range Deletions,-1,0,/home/wam/grad/s14-range-delete-study/scratch/longcycle_formal/db_LC20-R6-T64-STATIC/002236.sst,128,6622163,6464,0
374.12,flush,1320,Memtable Max Range Deletions,-1,0,/home/wam/grad/s14-range-delete-study/scratch/longcycle_formal/db_LC20-R6-T64-STATIC/002239.sst,64,3291634,3213,0
374.50,flush,1323,Memtable Max Range Deletions,-1,0,/home/wam/grad/s14-range-delete-study/scratch/longcycle_formal/db_LC20-R6-T64-STATIC/002241.sst,64,3250837,3174,0
374.61,flush,1328,Memtable Max Range Deletions,-1,0,/home/wam/grad/s14-range-delete-study/scratch/longcycle_formal/db_LC20-R6-T64-STATIC/002247.sst,192,7389300,7262,0
374.67,flush,1330,Memtable Max Range Deletions,-1,0,/home/wam/grad/s14-range-delete-study/scratch/longcycle_formal/db_LC20-R6-T64-STATIC/002250.sst,64,2064538,2039,0
374.93,compaction,1329,kCompaction,0,0,/home/wam/grad/s14-range-delete-study/scratch/longcycle_formal/db_LC20-R6-T64-STATIC/002248.sst,510,23997823,22768,5
375.11,flush,1331,Memtable Max Range Deletions,-1,0,/home/wam/grad/s14-range-delete-study/scratch/longcycle_formal/db_LC20-R6-T64-STATIC/002252.sst,63,2144957,2115,0
375.17,flush,1336,Memtable Max Range Deletions,-1,0,/home/wam/grad/s14-range-delete-study/scratch/longcycle_formal/db_LC20-R6-T64-STATIC/002256.sst,128,4225853,4171,0
375.21,flush,1339,Memtable Max Range Deletions,-1,0,/home/wam/grad/s14-range-delete-study/scratch/longcycle_formal/db_LC20-R6-T64-STATIC/002259.sst,64,2128321,2100,0
375.40,compaction,1340,kCompaction,0,0,/home/wam/grad/s14-range-delete-study/scratch/longcycle_formal/db_LC20-R6-T64-STATIC/002260.sst,319,10656384,10105,1
375.43,flush,1341,Memtable Max Range Deletions,-1,0,/home/wam/grad/s14-range-delete-study/scratch/longcycle_formal/db_LC20-R6-T64-STATIC/002263.sst,64,2168086,2138,0
375.51,flush,1343,Memtable Max Range Deletions,-1,0,/home/wam/grad/s14-range-delete-study/scratch/longcycle_formal/db_LC20-R6-T64-STATIC/002266.sst,64,2137644,2109,0
376.00,flush,1344,Memtable Max Range Deletions,-1,0,/home/wam/grad/s14-range-delete-study/scratch/longcycle_formal/db_LC20-R6-T64-STATIC/002268.sst,64,2198298,2167,0
376.01,compaction,1342,kCompaction,0,0,/home/wam/grad/s14-range-delete-study/scratch/longcycle_formal/db_LC20-R6-T64-STATIC/002264.sst,1571,72755009,69036,46
376.04,flush,1345,Memtable Max Range Deletions,-1,0,/home/wam/grad/s14-range-delete-study/scratch/longcycle_formal/db_LC20-R6-T64-STATIC/002272.sst,64,2160613,2131,0
376.12,flush,1348,Memtable Max Range Deletions,-1,0,/home/wam/grad/s14-range-delete-study/scratch/longcycle_formal/db_LC20-R6-T64-STATIC/002275.sst,64,2096874,2070,0
376.13,compaction,1347,kCompaction,0,0,/home/wam/grad/s14-range-delete-study/scratch/longcycle_formal/db_LC20-R6-T64-STATIC/002273.sst,256,8740174,8288,1
376.17,flush,1351,Memtable Max Range Deletions,-1,0,/home/wam/grad/s14-range-delete-study/scratch/longcycle_formal/db_LC20-R6-T64-STATIC/002277.sst,64,2191909,2161,0
376.22,flush,1354,Memtable Max Range Deletions,-1,0,/home/wam/grad/s14-range-delete-study/scratch/longcycle_formal/db_LC20-R6-T64-STATIC/002279.sst,63,2073912,2047,0
376.27,flush,1357,Memtable Max Range Deletions,-1,0,/home/wam/grad/s14-range-delete-study/scratch/longcycle_formal/db_LC20-R6-T64-STATIC/002281.sst,64,2245339,2212,0
376.58,flush,1359,Memtable Max Range Deletions,-1,0,/home/wam/grad/s14-range-delete-study/scratch/longcycle_formal/db_LC20-R6-T64-STATIC/002284.sst,64,2141934,2113,0
376.59,compaction,1358,kCompaction,0,0,/home/wam/grad/s14-range-delete-study/scratch/longcycle_formal/db_LC20-R6-T64-STATIC/002282.sst,255,8684115,8235,0
376.61,compaction,1229,kCompaction,0,4,/home/wam/grad/s14-range-delete-study/scratch/longcycle_formal/db_LC20-R6-T64-STATIC/002022.sst,0,3738985349,3552722,132596
376.62,compaction,1362,kCompaction,4,5,/home/wam/grad/s14-range-delete-study/scratch/longcycle_formal/db_LC20-R6-T64-STATIC/002048.sst,0,0,0,0
376.66,compaction,1363,kCompaction,4,5,/home/wam/grad/s14-range-delete-study/scratch/longcycle_formal/db_LC20-R6-T64-STATIC/002062.sst,0,0,0,0
376.75,compaction,1364,kCompaction,4,5,/home/wam/grad/s14-range-delete-study/scratch/longcycle_formal/db_LC20-R6-T64-STATIC/002084.sst,0,0,0,0
376.76,compaction,1365,kCompaction,4,5,/home/wam/grad/s14-range-delete-study/scratch/longcycle_formal/db_LC20-R6-T64-STATIC/002140.sst,0,0,0,0
376.79,flush,1360,Memtable Max Range Deletions,-1,0,/home/wam/grad/s14-range-delete-study/scratch/longcycle_formal/db_LC20-R6-T64-STATIC/002288.sst,128,4321980,4263,0
376.82,compaction,1366,kCompaction,4,5,/home/wam/grad/s14-range-delete-study/scratch/longcycle_formal/db_LC20-R6-T64-STATIC/002157.sst,0,0,0,0
376.82,compaction,1283,kCompaction,5,6,/home/wam/grad/s14-range-delete-study/scratch/longcycle_formal/db_LC20-R6-T64-STATIC/002186.sst,0,696166682,661554,33982
376.84,compaction,1368,kCompaction,4,5,/home/wam/grad/s14-range-delete-study/scratch/longcycle_formal/db_LC20-R6-T64-STATIC/002043.sst,0,0,0,0
376.88,compaction,1369,kCompaction,4,5,/home/wam/grad/s14-range-delete-study/scratch/longcycle_formal/db_LC20-R6-T64-STATIC/002195.sst,0,0,0,0
376.93,flush,1367,Memtable Max Range Deletions,-1,0,/home/wam/grad/s14-range-delete-study/scratch/longcycle_formal/db_LC20-R6-T64-STATIC/002290.sst,64,2150201,2121,0
377.27,flush,1371,Memtable Max Range Deletions,-1,0,/home/wam/grad/s14-range-delete-study/scratch/longcycle_formal/db_LC20-R6-T64-STATIC/002296.sst,255,8762347,8639,0
377.39,compaction,1373,kCompaction,5,6,/home/wam/grad/s14-range-delete-study/scratch/longcycle_formal/db_LC20-R6-T64-STATIC/002205.sst,0,0,0,0
377.46,flush,1372,Memtable Max Range Deletions,-1,0,/home/wam/grad/s14-range-delete-study/scratch/longcycle_formal/db_LC20-R6-T64-STATIC/002299.sst,64,2317453,2281,0
377.75,flush,1375,Memtable Max Range Deletions,-1,0,/home/wam/grad/s14-range-delete-study/scratch/longcycle_formal/db_LC20-R6-T64-STATIC/002303.sst,128,4388891,4327,0
377.99,flush,1377,Memtable Max Range Deletions,-1,0,/home/wam/grad/s14-range-delete-study/scratch/longcycle_formal/db_LC20-R6-T64-STATIC/002308.sst,128,4528933,4461,0
378.08,flush,1378,Memtable Max Range Deletions,-1,0,/home/wam/grad/s14-range-delete-study/scratch/longcycle_formal/db_LC20-R6-T64-STATIC/002312.sst,128,4386841,4325,0
378.16,flush,1379,Memtable Max Range Deletions,-1,0,/home/wam/grad/s14-range-delete-study/scratch/longcycle_formal/db_LC20-R6-T64-STATIC/002315.sst,64,2283937,2249,0
378.58,flush,1380,Memtable Max Range Deletions,-1,0,/home/wam/grad/s14-range-delete-study/scratch/longcycle_formal/db_LC20-R6-T64-STATIC/002317.sst,64,2159674,2130,0
378.64,flush,1381,Memtable Max Range Deletions,-1,0,/home/wam/grad/s14-range-delete-study/scratch/longcycle_formal/db_LC20-R6-T64-STATIC/002322.sst,128,4535235,4467,0
378.68,flush,1382,Memtable Max Range Deletions,-1,0,/home/wam/grad/s14-range-delete-study/scratch/longcycle_formal/db_LC20-R6-T64-STATIC/002325.sst,64,2251581,2218,0
378.72,flush,1383,Memtable Max Range Deletions,-1,0,/home/wam/grad/s14-range-delete-study/scratch/longcycle_formal/db_LC20-R6-T64-STATIC/002327.sst,64,2213905,2182,0
378.82,flush,1384,Memtable Max Range Deletions,-1,0,/home/wam/grad/s14-range-delete-study/scratch/longcycle_formal/db_LC20-R6-T64-STATIC/002329.sst,64,2154238,2125,0
379.05,compaction,1374,kCompaction,5,6,/home/wam/grad/s14-range-delete-study/scratch/longcycle_formal/db_LC20-R6-T64-STATIC/002300.sst,0,200904401,190913,1913
379.06,flush,1385,Memtable Max Range Deletions,-1,0,/home/wam/grad/s14-range-delete-study/scratch/longcycle_formal/db_LC20-R6-T64-STATIC/002331.sst,64,2280878,2246,0
379.50,flush,1387,Memtable Max Range Deletions,-1,0,/home/wam/grad/s14-range-delete-study/scratch/longcycle_formal/db_LC20-R6-T64-STATIC/002335.sst,64,2243294,2210,0
379.51,compaction,1376,kCompaction,5,6,/home/wam/grad/s14-range-delete-study/scratch/longcycle_formal/db_LC20-R6-T64-STATIC/002305.sst,0,230085364,218645,5905
379.63,flush,1389,Memtable Max Range Deletions,-1,0,/home/wam/grad/s14-range-delete-study/scratch/longcycle_formal/db_LC20-R6-T64-STATIC/002340.sst,64,2239043,2206,0
379.64,compaction,1388,kCompaction,0,0,/home/wam/grad/s14-range-delete-study/scratch/longcycle_formal/db_LC20-R6-T64-STATIC/002338.sst,320,11239424,10659,2
379.94,compaction,1390,kCompaction,0,0,/home/wam/grad/s14-range-delete-study/scratch/longcycle_formal/db_LC20-R6-T64-STATIC/002341.sst,1075,38287051,36316,21
379.98,flush,1392,Memtable Max Range Deletions,-1,0,/home/wam/grad/s14-range-delete-study/scratch/longcycle_formal/db_LC20-R6-T64-STATIC/002345.sst,64,2265126,2231,0
380.33,flush,1393,Memtable Max Range Deletions,-1,0,/home/wam/grad/s14-range-delete-study/scratch/longcycle_formal/db_LC20-R6-T64-STATIC/002347.sst,64,2213930,2182,0
380.35,compaction,1386,kCompaction,5,6,/home/wam/grad/s14-range-delete-study/scratch/longcycle_formal/db_LC20-R6-T64-STATIC/002333.sst,0,192288708,182729,1781
380.44,flush,1394,Memtable Max Range Deletions,-1,0,/home/wam/grad/s14-range-delete-study/scratch/longcycle_formal/db_LC20-R6-T64-STATIC/002350.sst,64,2251600,2218,0
380.49,flush,1396,Memtable Max Range Deletions,-1,0,/home/wam/grad/s14-range-delete-study/scratch/longcycle_formal/db_LC20-R6-T64-STATIC/002354.sst,128,4475389,4410,0
380.53,flush,1397,Memtable Max Range Deletions,-1,0,/home/wam/grad/s14-range-delete-study/scratch/longcycle_formal/db_LC20-R6-T64-STATIC/002357.sst,64,2291205,2256,0
380.58,flush,1398,Memtable Max Range Deletions,-1,0,/home/wam/grad/s14-range-delete-study/scratch/longcycle_formal/db_LC20-R6-T64-STATIC/002359.sst,64,2240210,2207,0
380.62,flush,1399,Memtable Max Range Deletions,-1,0,/home/wam/grad/s14-range-delete-study/scratch/longcycle_formal/db_LC20-R6-T64-STATIC/002361.sst,64,1993503,1971,0
380.73,flush,1400,Memtable Max Range Deletions,-1,0,/home/wam/grad/s14-range-delete-study/scratch/longcycle_formal/db_LC20-R6-T64-STATIC/002363.sst,64,1904682,1886,0
380.78,flush,1401,Memtable Max Range Deletions,-1,0,/home/wam/grad/s14-range-delete-study/scratch/longcycle_formal/db_LC20-R6-T64-STATIC/002365.sst,64,1950568,1930,0
381.08,flush,1402,Memtable Max Range Deletions,-1,0,/home/wam/grad/s14-range-delete-study/scratch/longcycle_formal/db_LC20-R6-T64-STATIC/002368.sst,64,1988207,1966,0
381.23,compaction,1391,kCompaction,5,6,/home/wam/grad/s14-range-delete-study/scratch/longcycle_formal/db_LC20-R6-T64-STATIC/002343.sst,0,150989320,143483,3269
381.35,compaction,1403,kCompaction,0,0,/home/wam/grad/s14-range-delete-study/scratch/longcycle_formal/db_LC20-R6-T64-STATIC/002372.sst,382,12473370,11828,4
381.39,flush,1405,Memtable Max Range Deletions,-1,0,/home/wam/grad/s14-range-delete-study/scratch/longcycle_formal/db_LC20-R6-T64-STATIC/002375.sst,64,2014378,1991,0
381.73,flush,1406,Memtable Max Range Deletions,-1,0,/home/wam/grad/s14-range-delete-study/scratch/longcycle_formal/db_LC20-R6-T64-STATIC/002377.sst,64,1877315,1860,0
381.75,compaction,1404,kCompaction,0,0,/home/wam/grad/s14-range-delete-study/scratch/longcycle_formal/db_LC20-R6-T64-STATIC/002373.sst,701,23769309,22543,6
381.79,flush,1407,Memtable Max Range Deletions,-1,0,/home/wam/grad/s14-range-delete-study/scratch/longcycle_formal/db_LC20-R6-T64-STATIC/002381.sst,128,4043015,3996,0
381.84,flush,1409,Memtable Max Range Deletions,-1,0,/home/wam/grad/s14-range-delete-study/scratch/longcycle_formal/db_LC20-R6-T64-STATIC/002385.sst,64,1956835,1936,0
381.89,flush,1410,Memtable Max Range Deletions,-1,0,/home/wam/grad/s14-range-delete-study/scratch/longcycle_formal/db_LC20-R6-T64-STATIC/002387.sst,64,1958845,1938,0
381.94,flush,1411,Memtable Max Range Deletions,-1,0,/home/wam/grad/s14-range-delete-study/scratch/longcycle_formal/db_LC20-R6-T64-STATIC/002389.sst,64,1950698,1930,0
381.99,flush,1412,Memtable Max Range Deletions,-1,0,/home/wam/grad/s14-range-delete-study/scratch/longcycle_formal/db_LC20-R6-T64-STATIC/002391.sst,64,2002836,1980,0
382.27,flush,1413,Memtable Max Range Deletions,-1,0,/home/wam/grad/s14-range-delete-study/scratch/longcycle_formal/db_LC20-R6-T64-STATIC/002393.sst,64,1886790,1869,0
382.31,flush,1414,Memtable Max Range Deletions,-1,0,/home/wam/grad/s14-range-delete-study/scratch/longcycle_formal/db_LC20-R6-T64-STATIC/002398.sst,64,1957891,1937,0
382.79,flush,1415,Memtable Max Range Deletions,-1,0,/home/wam/grad/s14-range-delete-study/scratch/longcycle_formal/db_LC20-R6-T64-STATIC/002400.sst,64,2025785,2002,0
383.24,flush,1416,Memtable Max Range Deletions,-1,0,/home/wam/grad/s14-range-delete-study/scratch/longcycle_formal/db_LC20-R6-T64-STATIC/002405.sst,64,1981912,1960,0
384.55,flush,1417,Memtable Max Range Deletions,-1,0,/home/wam/grad/s14-range-delete-study/scratch/longcycle_formal/db_LC20-R6-T64-STATIC/002412.sst,64,1947363,1927,0
384.58,compaction,1395,kCompaction,5,6,/home/wam/grad/s14-range-delete-study/scratch/longcycle_formal/db_LC20-R6-T64-STATIC/002352.sst,0,606660344,576495,20765
384.81,compaction,1418,kCompaction,0,0,/home/wam/grad/s14-range-delete-study/scratch/longcycle_formal/db_LC20-R6-T64-STATIC/002416.sst,576,17823514,16901,2
385.03,compaction,1419,kCompaction,0,0,/home/wam/grad/s14-range-delete-study/scratch/longcycle_formal/db_LC20-R6-T64-STATIC/002418.sst,832,25821497,24487,5
385.05,flush,1420,Memtable Max Range Deletions,-1,0,/home/wam/grad/s14-range-delete-study/scratch/longcycle_formal/db_LC20-R6-T64-STATIC/002420.sst,64,1906642,1888,0
385.15,flush,1422,Memtable Max Range Deletions,-1,0,/home/wam/grad/s14-range-delete-study/scratch/longcycle_formal/db_LC20-R6-T64-STATIC/002425.sst,128,3988542,3944,0
385.64,flush,1423,Memtable Max Range Deletions,-1,0,/home/wam/grad/s14-range-delete-study/scratch/longcycle_formal/db_LC20-R6-T64-STATIC/002427.sst,64,1998584,1976,0
385.72,compaction,1408,kCompaction,5,6,/home/wam/grad/s14-range-delete-study/scratch/longcycle_formal/db_LC20-R6-T64-STATIC/002383.sst,0,525996139,499850,14377
385.73,compaction,1421,kCompaction,0,0,/home/wam/grad/s14-range-delete-study/scratch/longcycle_formal/db_LC20-R6-T64-STATIC/002424.sst,2887,98781683,93700,87
385.74,flush,1424,Memtable Max Range Deletions,-1,0,/home/wam/grad/s14-range-delete-study/scratch/longcycle_formal/db_LC20-R6-T64-STATIC/002433.sst,192,5924205,5860,0
385.82,flush,1427,Memtable Max Range Deletions,-1,0,/home/wam/grad/s14-range-delete-study/scratch/longcycle_formal/db_LC20-R6-T64-STATIC/002437.sst,64,1955778,1935,0
385.88,flush,1428,Memtable Max Range Deletions,-1,0,/home/wam/grad/s14-range-delete-study/scratch/longcycle_formal/db_LC20-R6-T64-STATIC/002439.sst,64,1977788,1956,0
385.93,flush,1429,Memtable Max Range Deletions,-1,0,/home/wam/grad/s14-range-delete-study/scratch/longcycle_formal/db_LC20-R6-T64-STATIC/002441.sst,64,1954720,1934,0
385.97,flush,1430,Memtable Max Range Deletions,-1,0,/home/wam/grad/s14-range-delete-study/scratch/longcycle_formal/db_LC20-R6-T64-STATIC/002443.sst,64,1960086,1939,0
386.20,flush,1431,Memtable Max Range Deletions,-1,0,/home/wam/grad/s14-range-delete-study/scratch/longcycle_formal/db_LC20-R6-T64-STATIC/002445.sst,64,1975718,1954,0
386.41,flush,1432,Memtable Max Range Deletions,-1,0,/home/wam/grad/s14-range-delete-study/scratch/longcycle_formal/db_LC20-R6-T64-STATIC/002449.sst,127,3950000,3906,0
386.45,flush,1433,Memtable Max Range Deletions,-1,0,/home/wam/grad/s14-range-delete-study/scratch/longcycle_formal/db_LC20-R6-T64-STATIC/002452.sst,64,1988238,1966,0
386.49,flush,1434,Memtable Max Range Deletions,-1,0,/home/wam/grad/s14-range-delete-study/scratch/longcycle_formal/db_LC20-R6-T64-STATIC/002455.sst,64,1991317,1969,0
386.74,flush,1435,Memtable Max Range Deletions,-1,0,/home/wam/grad/s14-range-delete-study/scratch/longcycle_formal/db_LC20-R6-T64-STATIC/002458.sst,64,1900448,1882,0
387.44,flush,1436,Memtable Max Range Deletions,-1,0,/home/wam/grad/s14-range-delete-study/scratch/longcycle_formal/db_LC20-R6-T64-STATIC/002461.sst,64,1934925,1915,0
387.86,flush,1437,Memtable Max Range Deletions,-1,0,/home/wam/grad/s14-range-delete-study/scratch/longcycle_formal/db_LC20-R6-T64-STATIC/002467.sst,64,1970498,1949,0
388.88,flush,1438,Memtable Max Range Deletions,-1,0,/home/wam/grad/s14-range-delete-study/scratch/longcycle_formal/db_LC20-R6-T64-STATIC/002474.sst,64,1921335,1902,0
390.84,compaction,1425,kCompaction,5,6,/home/wam/grad/s14-range-delete-study/scratch/longcycle_formal/db_LC20-R6-T64-STATIC/002434.sst,0,650752417,618398,24351
390.85,flush,1439,Memtable Max Range Deletions,-1,0,/home/wam/grad/s14-range-delete-study/scratch/longcycle_formal/db_LC20-R6-T64-STATIC/002486.sst,64,1970577,1949,0
391.04,compaction,1440,kCompaction,0,0,/home/wam/grad/s14-range-delete-study/scratch/longcycle_formal/db_LC20-R6-T64-STATIC/002489.sst,384,11811156,11199,0
391.06,compaction,1426,kCompaction,5,6,/home/wam/grad/s14-range-delete-study/scratch/longcycle_formal/db_LC20-R6-T64-STATIC/002435.sst,0,699010917,664257,33149
391.52,compaction,1441,kCompaction,0,0,/home/wam/grad/s14-range-delete-study/scratch/longcycle_formal/db_LC20-R6-T64-STATIC/002490.sst,893,27684300,26252,9
391.63,flush,1444,Memtable Max Range Deletions,-1,0,/home/wam/grad/s14-range-delete-study/scratch/longcycle_formal/db_LC20-R6-T64-STATIC/002496.sst,64,1949546,1929,0
391.71,flush,1445,Memtable Max Range Deletions,-1,0,/home/wam/grad/s14-range-delete-study/scratch/longcycle_formal/db_LC20-R6-T64-STATIC/002498.sst,64,2045600,2021,0
391.95,flush,1446,Memtable Max Range Deletions,-1,0,/home/wam/grad/s14-range-delete-study/scratch/longcycle_formal/db_LC20-R6-T64-STATIC/002501.sst,128,3931306,3889,0
392.00,compaction,1443,kCompaction,0,0,/home/wam/grad/s14-range-delete-study/scratch/longcycle_formal/db_LC20-R6-T64-STATIC/002493.sst,1338,41610134,39461,11
392.17,flush,1447,Memtable Max Range Deletions,-1,0,/home/wam/grad/s14-range-delete-study/scratch/longcycle_formal/db_LC20-R6-T64-STATIC/002503.sst,64,1981882,1960,0
392.37,flush,1452,Memtable Max Range Deletions,-1,0,/home/wam/grad/s14-range-delete-study/scratch/longcycle_formal/db_LC20-R6-T64-STATIC/002507.sst,128,3939511,3897,0
392.64,compaction,1451,kCompaction,0,0,/home/wam/grad/s14-range-delete-study/scratch/longcycle_formal/db_LC20-R6-T64-STATIC/002506.sst,319,9997242,9479,0
392.78,flush,1453,Memtable Max Range Deletions,-1,0,/home/wam/grad/s14-range-delete-study/scratch/longcycle_formal/db_LC20-R6-T64-STATIC/002510.sst,64,1892073,1874,0
392.87,flush,1456,Memtable Max Range Deletions,-1,0,/home/wam/grad/s14-range-delete-study/scratch/longcycle_formal/db_LC20-R6-T64-STATIC/002515.sst,128,3966566,3923,0
392.94,flush,1459,Memtable Max Range Deletions,-1,0,/home/wam/grad/s14-range-delete-study/scratch/longcycle_formal/db_LC20-R6-T64-STATIC/002517.sst,64,1981923,1960,0
393.02,flush,1462,Memtable Max Range Deletions,-1,0,/home/wam/grad/s14-range-delete-study/scratch/longcycle_formal/db_LC20-R6-T64-STATIC/002519.sst,64,1938178,1918,0
393.28,flush,1465,Memtable Max Range Deletions,-1,0,/home/wam/grad/s14-range-delete-study/scratch/longcycle_formal/db_LC20-R6-T64-STATIC/002521.sst,64,2049933,2025,0
393.39,flush,1470,Memtable Max Range Deletions,-1,0,/home/wam/grad/s14-range-delete-study/scratch/longcycle_formal/db_LC20-R6-T64-STATIC/002525.sst,192,5802586,5744,0
393.45,flush,1472,Memtable Max Range Deletions,-1,0,/home/wam/grad/s14-range-delete-study/scratch/longcycle_formal/db_LC20-R6-T64-STATIC/002530.sst,64,1986150,1964,0
393.51,compaction,1471,kCompaction,0,0,/home/wam/grad/s14-range-delete-study/scratch/longcycle_formal/db_LC20-R6-T64-STATIC/002528.sst,383,11878346,11263,0
393.53,flush,1473,Memtable Max Range Deletions,-1,0,/home/wam/grad/s14-range-delete-study/scratch/longcycle_formal/db_LC20-R6-T64-STATIC/002532.sst,64,1985066,1963,0
393.74,flush,1475,Memtable Max Range Deletions,-1,0,/home/wam/grad/s14-range-delete-study/scratch/longcycle_formal/db_LC20-R6-T64-STATIC/002535.sst,64,1921253,1902,0
393.74,compaction,1474,kCompaction,0,0,/home/wam/grad/s14-range-delete-study/scratch/longcycle_formal/db_LC20-R6-T64-STATIC/002533.sst,765,23762938,22534,3
393.77,flush,1476,Memtable Max Range Deletions,-1,0,/home/wam/grad/s14-range-delete-study/scratch/longcycle_formal/db_LC20-R6-T64-STATIC/002538.sst,64,1920298,1901,0
393.99,flush,1480,Memtable Max Range Deletions,-1,0,/home/wam/grad/s14-range-delete-study/scratch/longcycle_formal/db_LC20-R6-T64-STATIC/002540.sst,64,1974575,1953,0
394.08,flush,1485,Memtable Max Range Deletions,-1,0,/home/wam/grad/s14-range-delete-study/scratch/longcycle_formal/db_LC20-R6-T64-STATIC/002546.sst,192,5937544,5873,0
394.09,compaction,1484,kCompaction,0,0,/home/wam/grad/s14-range-delete-study/scratch/longcycle_formal/db_LC20-R6-T64-STATIC/002545.sst,256,7871432,7463,0
394.24,flush,1487,Memtable Max Range Deletions,-1,0,/home/wam/grad/s14-range-delete-study/scratch/longcycle_formal/db_LC20-R6-T64-STATIC/002548.sst,64,1984007,1962,0
394.35,flush,1492,Memtable Max Range Deletions,-1,0,/home/wam/grad/s14-range-delete-study/scratch/longcycle_formal/db_LC20-R6-T64-STATIC/002551.sst,128,3837104,3799,0
394.46,flush,1495,Memtable Max Range Deletions,-1,0,/home/wam/grad/s14-range-delete-study/scratch/longcycle_formal/db_LC20-R6-T64-STATIC/002554.sst,64,1989321,1967,0
394.88,flush,1499,Memtable Max Range Deletions,-1,0,/home/wam/grad/s14-range-delete-study/scratch/longcycle_formal/db_LC20-R6-T64-STATIC/002557.sst,128,3868518,3829,0
395.01,flush,1503,Memtable Max Range Deletions,-1,0,/home/wam/grad/s14-range-delete-study/scratch/longcycle_formal/db_LC20-R6-T64-STATIC/002563.sst,128,3903841,3863,0
395.11,compaction,1502,kCompaction,0,0,/home/wam/grad/s14-range-delete-study/scratch/longcycle_formal/db_LC20-R6-T64-STATIC/002562.sst,383,11783894,11173,0
395.15,flush,1504,Memtable Max Range Deletions,-1,0,/home/wam/grad/s14-range-delete-study/scratch/longcycle_formal/db_LC20-R6-T64-STATIC/002565.sst,64,2009158,1986,0
395.27,flush,1506,Memtable Max Range Deletions,-1,0,/home/wam/grad/s14-range-delete-study/scratch/longcycle_formal/db_LC20-R6-T64-STATIC/002568.sst,64,1873202,1856,0
395.51,flush,1507,Memtable Max Range Deletions,-1,0,/home/wam/grad/s14-range-delete-study/scratch/longcycle_formal/db_LC20-R6-T64-STATIC/002571.sst,128,3979127,3935,0
395.79,compaction,1505,kCompaction,0,0,/home/wam/grad/s14-range-delete-study/scratch/longcycle_formal/db_LC20-R6-T64-STATIC/002567.sst,954,29575996,28047,5
395.82,flush,1508,Memtable Max Range Deletions,-1,0,/home/wam/grad/s14-range-delete-study/scratch/longcycle_formal/db_LC20-R6-T64-STATIC/002574.sst,129,3980284,3937,0
395.91,flush,1512,Memtable Max Range Deletions,-1,0,/home/wam/grad/s14-range-delete-study/scratch/longcycle_formal/db_LC20-R6-T64-STATIC/002580.sst,128,3833828,3796,0
396.13,compaction,1511,kCompaction,0,0,/home/wam/grad/s14-range-delete-study/scratch/longcycle_formal/db_LC20-R6-T64-STATIC/002579.sst,384,11946990,11328,1
396.15,flush,1513,Memtable Max Range Deletions,-1,0,/home/wam/grad/s14-range-delete-study/scratch/longcycle_formal/db_LC20-R6-T64-STATIC/002582.sst,64,1995547,1973,0
396.21,flush,1516,Memtable Max Range Deletions,-1,0,/home/wam/grad/s14-range-delete-study/scratch/longcycle_formal/db_LC20-R6-T64-STATIC/002586.sst,128,3954160,3911,0
396.25,flush,1519,Memtable Max Range Deletions,-1,0,/home/wam/grad/s14-range-delete-study/scratch/longcycle_formal/db_LC20-R6-T64-STATIC/002588.sst,64,1946378,1926,0
396.29,flush,1521,Memtable Max Range Deletions,-1,0,/home/wam/grad/s14-range-delete-study/scratch/longcycle_formal/db_LC20-R6-T64-STATIC/002591.sst,64,1961011,1940,0
396.38,compaction,1520,kCompaction,0,0,/home/wam/grad/s14-range-delete-study/scratch/longcycle_formal/db_LC20-R6-T64-STATIC/002589.sst,384,11832289,11219,3
396.38,flush,1522,Memtable Max Range Deletions,-1,0,/home/wam/grad/s14-range-delete-study/scratch/longcycle_formal/db_LC20-R6-T64-STATIC/002593.sst,64,1933919,1914,0
396.72,flush,1526,Memtable Max Range Deletions,-1,0,/home/wam/grad/s14-range-delete-study/scratch/longcycle_formal/db_LC20-R6-T64-STATIC/002595.sst,64,1973479,1952,0
396.79,flush,1531,Memtable Max Range Deletions,-1,0,/home/wam/grad/s14-range-delete-study/scratch/longcycle_formal/db_LC20-R6-T64-STATIC/002599.sst,191,5818518,5758,0
396.90,compaction,1532,kCompaction,0,0,/home/wam/grad/s14-range-delete-study/scratch/longcycle_formal/db_LC20-R6-T64-STATIC/002602.sst,383,11789189,11178,3
396.91,flush,1533,Memtable Max Range Deletions,-1,0,/home/wam/grad/s14-range-delete-study/scratch/longcycle_formal/db_LC20-R6-T64-STATIC/002604.sst,64,1992398,1970,0
397.04,compaction,1442,kCompaction,5,6,/home/wam/grad/s14-range-delete-study/scratch/longcycle_formal/db_LC20-R6-T64-STATIC/002491.sst,0,712225311,676816,67630
397.05,flush,1536,Memtable Max Range Deletions,-1,0,/home/wam/grad/s14-range-delete-study/scratch/longcycle_formal/db_LC20-R6-T64-STATIC/002607.sst,64,2008095,1985,0
397.09,flush,1539,Memtable Max Range Deletions,-1,0,/home/wam/grad/s14-range-delete-study/scratch/longcycle_formal/db_LC20-R6-T64-STATIC/002609.sst,64,1975684,1954,0
397.36,compaction,1535,kCompaction,0,0,/home/wam/grad/s14-range-delete-study/scratch/longcycle_formal/db_LC20-R6-T64-STATIC/002605.sst,1206,37564626,35624,7
397.37,flush,1542,Memtable Max Range Deletions,-1,0,/home/wam/grad/s14-range-delete-study/scratch/longcycle_formal/db_LC20-R6-T64-STATIC/002611.sst,64,1920282,1901,0
397.42,flush,1547,Memtable Max Range Deletions,-1,0,/home/wam/grad/s14-range-delete-study/scratch/longcycle_formal/db_LC20-R6-T64-STATIC/002615.sst,128,3926912,3885,0
397.46,flush,1551,Memtable Max Range Deletions,-1,0,/home/wam/grad/s14-range-delete-study/scratch/longcycle_formal/db_LC20-R6-T64-STATIC/002618.sst,64,1987009,1965,0
397.53,compaction,1370,kCompaction,0,4,/home/wam/grad/s14-range-delete-study/scratch/longcycle_formal/db_LC20-R6-T64-STATIC/002293.sst,4340,2994376506,2844962,79005
397.54,flush,1553,Memtable Max Range Deletions,-1,0,/home/wam/grad/s14-range-delete-study/scratch/longcycle_formal/db_LC20-R6-T64-STATIC/002620.sst,64,1915069,1896,0
397.55,compaction,1555,kCompaction,4,5,/home/wam/grad/s14-range-delete-study/scratch/longcycle_formal/db_LC20-R6-T64-STATIC/002307.sst,77,0,0,0
397.55,compaction,1549,kCompaction,0,0,/home/wam/grad/s14-range-delete-study/scratch/longcycle_formal/db_LC20-R6-T64-STATIC/002617.sst,319,9919098,9405,0
397.55,compaction,1556,kCompaction,4,5,/home/wam/grad/s14-range-delete-study/scratch/longcycle_formal/db_LC20-R6-T64-STATIC/002469.sst,0,0,0,0
397.56,compaction,1557,kCompaction,4,5,/home/wam/grad/s14-range-delete-study/scratch/longcycle_formal/db_LC20-R6-T64-STATIC/002482.sst,0,0,0,0
397.57,compaction,1558,kCompaction,4,5,/home/wam/grad/s14-range-delete-study/scratch/longcycle_formal/db_LC20-R6-T64-STATIC/002578.sst,0,0,0,0
397.60,flush,1560,Memtable Max Range Deletions,-1,0,/home/wam/grad/s14-range-delete-study/scratch/longcycle_formal/db_LC20-R6-T64-STATIC/002623.sst,64,1965191,1944,0
397.65,flush,1561,Memtable Max Range Deletions,-1,0,/home/wam/grad/s14-range-delete-study/scratch/longcycle_formal/db_LC20-R6-T64-STATIC/002625.sst,63,1950449,1929,0
397.69,flush,1562,Memtable Max Range Deletions,-1,0,/home/wam/grad/s14-range-delete-study/scratch/longcycle_formal/db_LC20-R6-T64-STATIC/002627.sst,64,1907757,1889,0
397.74,flush,1563,Memtable Max Range Deletions,-1,0,/home/wam/grad/s14-range-delete-study/scratch/longcycle_formal/db_LC20-R6-T64-STATIC/002629.sst,64,1943299,1923,0
397.77,flush,1564,Memtable Max Range Deletions,-1,0,/home/wam/grad/s14-range-delete-study/scratch/longcycle_formal/db_LC20-R6-T64-STATIC/002631.sst,64,1974739,1953,0
397.81,flush,1565,Memtable Max Range Deletions,-1,0,/home/wam/grad/s14-range-delete-study/scratch/longcycle_formal/db_LC20-R6-T64-STATIC/002633.sst,64,1946422,1926,0
397.84,flush,1566,Memtable Max Range Deletions,-1,0,/home/wam/grad/s14-range-delete-study/scratch/longcycle_formal/db_LC20-R6-T64-STATIC/002635.sst,64,1978810,1957,0
397.88,flush,1567,Memtable Max Range Deletions,-1,0,/home/wam/grad/s14-range-delete-study/scratch/longcycle_formal/db_LC20-R6-T64-STATIC/002637.sst,64,1977713,1956,0
397.92,flush,1568,Memtable Max Range Deletions,-1,0,/home/wam/grad/s14-range-delete-study/scratch/longcycle_formal/db_LC20-R6-T64-STATIC/002639.sst,64,1993583,1971,0
397.96,flush,1569,Memtable Max Range Deletions,-1,0,/home/wam/grad/s14-range-delete-study/scratch/longcycle_formal/db_LC20-R6-T64-STATIC/002641.sst,64,1935979,1916,0
397.99,flush,1570,Memtable Max Range Deletions,-1,0,/home/wam/grad/s14-range-delete-study/scratch/longcycle_formal/db_LC20-R6-T64-STATIC/002643.sst,64,1985052,1963,0
398.03,flush,1571,Memtable Max Range Deletions,-1,0,/home/wam/grad/s14-range-delete-study/scratch/longcycle_formal/db_LC20-R6-T64-STATIC/002645.sst,64,1930771,1911,0
398.29,flush,1572,Memtable Max Range Deletions,-1,0,/home/wam/grad/s14-range-delete-study/scratch/longcycle_formal/db_LC20-R6-T64-STATIC/002647.sst,64,2013330,1990,0
398.33,flush,1573,Memtable Max Range Deletions,-1,0,/home/wam/grad/s14-range-delete-study/scratch/longcycle_formal/db_LC20-R6-T64-STATIC/002650.sst,63,1913993,1894,0
398.60,compaction,1574,kCompaction,0,0,/home/wam/grad/s14-range-delete-study/scratch/longcycle_formal/db_LC20-R6-T64-STATIC/002651.sst,1018,31584531,29952,9
398.84,flush,1577,Memtable Max Range Deletions,-1,0,/home/wam/grad/s14-range-delete-study/scratch/longcycle_formal/db_LC20-R6-T64-STATIC/002655.sst,64,1940129,1920,0
399.35,flush,1578,Memtable Max Range Deletions,-1,0,/home/wam/grad/s14-range-delete-study/scratch/longcycle_formal/db_LC20-R6-T64-STATIC/002659.sst,128,3849450,3811,0
399.58,compaction,1559,kCompaction,4,5,/home/wam/grad/s14-range-delete-study/scratch/longcycle_formal/db_LC20-R6-T64-STATIC/002621.sst,59,314523123,298857,1694
399.60,flush,1579,Memtable Max Range Deletions,-1,0,/home/wam/grad/s14-range-delete-study/scratch/longcycle_formal/db_LC20-R6-T64-STATIC/002664.sst,128,3988602,3944,0
399.62,compaction,1575,kCompaction,4,5,/home/wam/grad/s14-range-delete-study/scratch/longcycle_formal/db_LC20-R6-T64-STATIC/002652.sst,88,153252245,145611,10758
399.69,flush,1581,Memtable Max Range Deletions,-1,0,/home/wam/grad/s14-range-delete-study/scratch/longcycle_formal/db_LC20-R6-T64-STATIC/002668.sst,64,1962085,1941,0
399.79,flush,1583,Memtable Max Range Deletions,-1,0,/home/wam/grad/s14-range-delete-study/scratch/longcycle_formal/db_LC20-R6-T64-STATIC/002672.sst,128,3886263,3846,0
399.97,flush,1584,Memtable Max Range Deletions,-1,0,/home/wam/grad/s14-range-delete-study/scratch/longcycle_formal/db_LC20-R6-T64-STATIC/002674.sst,64,1952709,1932,0
400.10,flush,1585,Memtable Max Range Deletions,-1,0,/home/wam/grad/s14-range-delete-study/scratch/longcycle_formal/db_LC20-R6-T64-STATIC/002678.sst,128,3951962,3909,0
400.12,compaction,1576,kCompaction,4,5,/home/wam/grad/s14-range-delete-study/scratch/longcycle_formal/db_LC20-R6-T64-STATIC/002653.sst,5,156933343,149112,10790
400.37,flush,1586,Memtable Max Range Deletions,-1,0,/home/wam/grad/s14-range-delete-study/scratch/longcycle_formal/db_LC20-R6-T64-STATIC/002680.sst,64,1969422,1948,0
400.69,flush,1588,Memtable Max Range Deletions,-1,0,/home/wam/grad/s14-range-delete-study/scratch/longcycle_formal/db_LC20-R6-T64-STATIC/002685.sst,192,5964869,5899,0
400.69,compaction,1587,kCompaction,0,0,/home/wam/grad/s14-range-delete-study/scratch/longcycle_formal/db_LC20-R6-T64-STATIC/002684.sst,383,11857471,11243,1
400.70,compaction,1590,kCompaction,5,6,/home/wam/grad/s14-range-delete-study/scratch/longcycle_formal/db_LC20-R6-T64-STATIC/002578.sst,0,0,0,0
400.73,flush,1589,Memtable Max Range Deletions,-1,0,/home/wam/grad/s14-range-delete-study/scratch/longcycle_formal/db_LC20-R6-T64-STATIC/002689.sst,64,1934931,1915,0
400.79,flush,1592,Memtable Max Range Deletions,-1,0,/home/wam/grad/s14-range-delete-study/scratch/longcycle_formal/db_LC20-R6-T64-STATIC/002692.sst,65,1995532,1974,0
400.84,flush,1593,Memtable Max Range Deletions,-1,0,/home/wam/grad/s14-range-delete-study/scratch/longcycle_formal/db_LC20-R6-T64-STATIC/002694.sst,64,2028936,2005,0
400.89,flush,1594,Memtable Max Range Deletions,-1,0,/home/wam/grad/s14-range-delete-study/scratch/longcycle_formal/db_LC20-R6-T64-STATIC/002696.sst,64,1923427,1904,0
400.92,flush,1595,Memtable Max Range Deletions,-1,0,/home/wam/grad/s14-range-delete-study/scratch/longcycle_formal/db_LC20-R6-T64-STATIC/002698.sst,64,1914023,1895,0
400.96,flush,1596,Memtable Max Range Deletions,-1,0,/home/wam/grad/s14-range-delete-study/scratch/longcycle_formal/db_LC20-R6-T64-STATIC/002700.sst,64,1964234,1943,0
401.30,flush,1597,Memtable Max Range Deletions,-1,0,/home/wam/grad/s14-range-delete-study/scratch/longcycle_formal/db_LC20-R6-T64-STATIC/002702.sst,64,1913987,1895,0
401.38,flush,1598,Memtable Max Range Deletions,-1,0,/home/wam/grad/s14-range-delete-study/scratch/longcycle_formal/db_LC20-R6-T64-STATIC/002704.sst,64,1962031,1941,0
401.42,flush,1599,Memtable Max Range Deletions,-1,0,/home/wam/grad/s14-range-delete-study/scratch/longcycle_formal/db_LC20-R6-T64-STATIC/002709.sst,64,1944348,1924,0
401.94,flush,1600,Memtable Max Range Deletions,-1,0,/home/wam/grad/s14-range-delete-study/scratch/longcycle_formal/db_LC20-R6-T64-STATIC/002711.sst,64,1963185,1942,0
402.07,compaction,1580,kCompaction,4,5,/home/wam/grad/s14-range-delete-study/scratch/longcycle_formal/db_LC20-R6-T64-STATIC/002667.sst,158,325300800,309100,6439
402.32,compaction,1591,kCompaction,5,6,/home/wam/grad/s14-range-delete-study/scratch/longcycle_formal/db_LC20-R6-T64-STATIC/002690.sst,0,170463234,161986,6818
402.44,compaction,1601,kCompaction,0,0,/home/wam/grad/s14-range-delete-study/scratch/longcycle_formal/db_LC20-R6-T64-STATIC/002715.sst,639,19714232,18694,3
402.46,flush,1602,Memtable Max Range Deletions,-1,0,/home/wam/grad/s14-range-delete-study/scratch/longcycle_formal/db_LC20-R6-T64-STATIC/002717.sst,64,1940050,1920,0
402.57,flush,1605,Memtable Max Range Deletions,-1,0,/home/wam/grad/s14-range-delete-study/scratch/longcycle_formal/db_LC20-R6-T64-STATIC/002722.sst,64,1877378,1860,0
402.68,flush,1606,Memtable Max Range Deletions,-1,0,/home/wam/grad/s14-range-delete-study/scratch/longcycle_formal/db_LC20-R6-T64-STATIC/002724.sst,64,1989170,1967,0
403.00,flush,1607,Memtable Max Range Deletions,-1,0,/home/wam/grad/s14-range-delete-study/scratch/longcycle_formal/db_LC20-R6-T64-STATIC/002727.sst,126,3931086,3887,0
403.13,compaction,1604,kCompaction,0,0,/home/wam/grad/s14-range-delete-study/scratch/longcycle_formal/db_LC20-R6-T64-STATIC/002720.sst,1582,49408425,46858,25
403.15,flush,1608,Memtable Max Range Deletions,-1,0,/home/wam/grad/s14-range-delete-study/scratch/longcycle_formal/db_LC20-R6-T64-STATIC/002729.sst,64,1912890,1894,0
403.30,flush,1610,Memtable Max Range Deletions,-1,0,/home/wam/grad/s14-range-delete-study/scratch/longcycle_formal/db_LC20-R6-T64-STATIC/002735.sst,128,3932263,3890,0
403.32,compaction,1609,kCompaction,0,0,/home/wam/grad/s14-range-delete-study/scratch/longcycle_formal/db_LC20-R6-T64-STATIC/002734.sst,317,9825416,9316,0
403.50,flush,1611,Memtable Max Range Deletions,-1,0,/home/wam/grad/s14-range-delete-study/scratch/longcycle_formal/db_LC20-R6-T64-STATIC/002738.sst,128,3966657,3923,0
403.78,flush,1613,Memtable Max Range Deletions,-1,0,/home/wam/grad/s14-range-delete-study/scratch/longcycle_formal/db_LC20-R6-T64-STATIC/002741.sst,64,1908838,1890,0
403.80,compaction,1582,kCompaction,4,5,/home/wam/grad/s14-range-delete-study/scratch/longcycle_formal/db_LC20-R6-T64-STATIC/002670.sst,1310,527433394,501114,13010
404.07,flush,1614,Memtable Max Range Deletions,-1,0,/home/wam/grad/s14-range-delete-study/scratch/longcycle_formal/db_LC20-R6-T64-STATIC/002745.sst,128,3962431,3919,0
404.11,compaction,1603,kCompaction,5,6,/home/wam/grad/s14-range-delete-study/scratch/longcycle_formal/db_LC20-R6-T64-STATIC/002718.sst,0,169871005,161430,1414
404.14,flush,1615,Memtable Max Range Deletions,-1,0,/home/wam/grad/s14-range-delete-study/scratch/longcycle_formal/db_LC20-R6-T64-STATIC/002749.sst,128,3901720,3861,0
404.19,flush,1617,Memtable Max Range Deletions,-1,0,/home/wam/grad/s14-range-delete-study/scratch/longcycle_formal/db_LC20-R6-T64-STATIC/002752.sst,64,1990340,1968,0
404.23,flush,1619,Memtable Max Range Deletions,-1,0,/home/wam/grad/s14-range-delete-study/scratch/longcycle_formal/db_LC20-R6-T64-STATIC/002755.sst,64,1922290,1903,0
404.34,flush,1620,Memtable Max Range Deletions,-1,0,/home/wam/grad/s14-range-delete-study/scratch/longcycle_formal/db_LC20-R6-T64-STATIC/002757.sst,64,1969432,1948,0
404.49,flush,1621,Memtable Max Range Deletions,-1,0,/home/wam/grad/s14-range-delete-study/scratch/longcycle_formal/db_LC20-R6-T64-STATIC/002761.sst,127,3933175,3890,0
404.53,flush,1622,Memtable Max Range Deletions,-1,0,/home/wam/grad/s14-range-delete-study/scratch/longcycle_formal/db_LC20-R6-T64-STATIC/002763.sst,64,2009155,1986,0
404.67,flush,1623,Memtable Max Range Deletions,-1,0,/home/wam/grad/s14-range-delete-study/scratch/longcycle_formal/db_LC20-R6-T64-STATIC/002766.sst,64,1997583,1975,0
404.90,flush,1624,Memtable Max Range Deletions,-1,0,/home/wam/grad/s14-range-delete-study/scratch/longcycle_formal/db_LC20-R6-T64-STATIC/002769.sst,64,1964200,1943,0
405.20,flush,1625,Memtable Max Range Deletions,-1,0,/home/wam/grad/s14-range-delete-study/scratch/longcycle_formal/db_LC20-R6-T64-STATIC/002773.sst,64,1954771,1934,0
405.34,compaction,1612,kCompaction,5,6,/home/wam/grad/s14-range-delete-study/scratch/longcycle_formal/db_LC20-R6-T64-STATIC/002739.sst,0,215150108,204455,1651
405.63,compaction,1626,kCompaction,0,0,/home/wam/grad/s14-range-delete-study/scratch/longcycle_formal/db_LC20-R6-T64-STATIC/002776.sst,256,7995782,7581,1
405.77,compaction,1627,kCompaction,0,0,/home/wam/grad/s14-range-delete-study/scratch/longcycle_formal/db_LC20-R6-T64-STATIC/002777.sst,698,21827674,20699,5
405.78,flush,1628,Memtable Max Range Deletions,-1,0,/home/wam/grad/s14-range-delete-study/scratch/longcycle_formal/db_LC20-R6-T64-STATIC/002780.sst,64,1905621,1887,0
406.18,flush,1630,Memtable Max Range Deletions,-1,0,/home/wam/grad/s14-range-delete-study/scratch/longcycle_formal/db_LC20-R6-T64-STATIC/002783.sst,64,1983027,1961,0
406.42,flush,1631,Memtable Max Range Deletions,-1,0,/home/wam/grad/s14-range-delete-study/scratch/longcycle_formal/db_LC20-R6-T64-STATIC/002787.sst,127,3917441,3875,0
406.49,compaction,1618,kCompaction,5,6,/home/wam/grad/s14-range-delete-study/scratch/longcycle_formal/db_LC20-R6-T64-STATIC/002753.sst,0,274166740,260532,6724
406.53,flush,1632,Memtable Max Range Deletions,-1,0,/home/wam/grad/s14-range-delete-study/scratch/longcycle_formal/db_LC20-R6-T64-STATIC/002791.sst,64,1930686,1911,0
406.64,flush,1634,Memtable Max Range Deletions,-1,0,/home/wam/grad/s14-range-delete-study/scratch/longcycle_formal/db_LC20-R6-T64-STATIC/002795.sst,128,3946884,3904,0
407.14,flush,1635,Memtable Max Range Deletions,-1,0,/home/wam/grad/s14-range-delete-study/scratch/longcycle_formal/db_LC20-R6-T64-STATIC/002797.sst,64,1883714,1866,0
407.26,flush,1636,Memtable Max Range Deletions,-1,0,/home/wam/grad/s14-range-delete-study/scratch/longcycle_formal/db_LC20-R6-T64-STATIC/002802.sst,64,2000788,1978,0
408.18,flush,1637,Memtable Max Range Deletions,-1,0,/home/wam/grad/s14-range-delete-study/scratch/longcycle_formal/db_LC20-R6-T64-STATIC/002807.sst,64,1899376,1881,0
408.55,compaction,1629,kCompaction,5,6,/home/wam/grad/s14-range-delete-study/scratch/longcycle_formal/db_LC20-R6-T64-STATIC/002781.sst,0,326886261,310634,10758
408.99,compaction,1638,kCompaction,5,6,/home/wam/grad/s14-range-delete-study/scratch/longcycle_formal/db_LC20-R6-T64-STATIC/002811.sst,0,59423925,56473,21636
409.02,flush,1639,Memtable Max Range Deletions,-1,0,/home/wam/grad/s14-range-delete-study/scratch/longcycle_formal/db_LC20-R6-T64-STATIC/002816.sst,64,2001702,1979,0
410.07,compaction,1633,kCompaction,5,6,/home/wam/grad/s14-range-delete-study/scratch/longcycle_formal/db_LC20-R6-T64-STATIC/002793.sst,0,470371421,446988,52758
410.50,flush,1642,Memtable Max Range Deletions,-1,0,/home/wam/grad/s14-range-delete-study/scratch/longcycle_formal/db_LC20-R6-T64-STATIC/002824.sst,64,1993558,1971,0
410.55,compaction,1641,kCompaction,0,0,/home/wam/grad/s14-range-delete-study/scratch/longcycle_formal/db_LC20-R6-T64-STATIC/002822.sst,256,7855585,7448,0
410.60,compaction,1640,kCompaction,5,6,/home/wam/grad/s14-range-delete-study/scratch/longcycle_formal/db_LC20-R6-T64-STATIC/002817.sst,0,199292195,189379,61125
410.76,compaction,1643,kCompaction,0,0,/home/wam/grad/s14-range-delete-study/scratch/longcycle_formal/db_LC20-R6-T64-STATIC/002826.sst,760,23663646,22440,6
411.01,flush,1646,Memtable Max Range Deletions,-1,0,/home/wam/grad/s14-range-delete-study/scratch/longcycle_formal/db_LC20-R6-T64-STATIC/002830.sst,64,1989272,1967,0
411.44,flush,1647,Memtable Max Range Deletions,-1,0,/home/wam/grad/s14-range-delete-study/scratch/longcycle_formal/db_LC20-R6-T64-STATIC/002834.sst,128,3865250,3826,0
411.51,flush,1648,Memtable Max Range Deletions,-1,0,/home/wam/grad/s14-range-delete-study/scratch/longcycle_formal/db_LC20-R6-T64-STATIC/002836.sst,64,2018536,1995,0
411.54,flush,1649,Memtable Max Range Deletions,-1,0,/home/wam/grad/s14-range-delete-study/scratch/longcycle_formal/db_LC20-R6-T64-STATIC/002841.sst,64,1922341,1903,0
412.02,flush,1650,Memtable Max Range Deletions,-1,0,/home/wam/grad/s14-range-delete-study/scratch/longcycle_formal/db_LC20-R6-T64-STATIC/002843.sst,64,1949432,1929,0
412.20,compaction,1644,kCompaction,5,6,/home/wam/grad/s14-range-delete-study/scratch/longcycle_formal/db_LC20-R6-T64-STATIC/002827.sst,0,227018941,215733,67041
412.37,flush,1652,Memtable Max Range Deletions,-1,0,/home/wam/grad/s14-range-delete-study/scratch/longcycle_formal/db_LC20-R6-T64-STATIC/002849.sst,65,1994445,1973,0
413.35,compaction,1645,kCompaction,5,6,/home/wam/grad/s14-range-delete-study/scratch/longcycle_formal/db_LC20-R6-T64-STATIC/002828.sst,0,302574444,287528,74114
413.40,flush,1653,Memtable Max Range Deletions,-1,0,/home/wam/grad/s14-range-delete-study/scratch/longcycle_formal/db_LC20-R6-T64-STATIC/002855.sst,64,1921396,1902,0
413.49,compaction,1654,kCompaction,0,0,/home/wam/grad/s14-range-delete-study/scratch/longcycle_formal/db_LC20-R6-T64-STATIC/002858.sst,256,7954853,7542,1
413.78,compaction,1655,kCompaction,0,0,/home/wam/grad/s14-range-delete-study/scratch/longcycle_formal/db_LC20-R6-T64-STATIC/002859.sst,511,15798252,14980,1
414.08,flush,1657,Memtable Max Range Deletions,-1,0,/home/wam/grad/s14-range-delete-study/scratch/longcycle_formal/db_LC20-R6-T64-STATIC/002863.sst,64,1950663,1930,0
414.40,flush,1658,Memtable Max Range Deletions,-1,0,/home/wam/grad/s14-range-delete-study/scratch/longcycle_formal/db_LC20-R6-T64-STATIC/002867.sst,128,3796256,3760,0
414.41,compaction,1651,kCompaction,5,6,/home/wam/grad/s14-range-delete-study/scratch/longcycle_formal/db_LC20-R6-T64-STATIC/002847.sst,0,270403736,256959,66268
414.46,flush,1659,Memtable Max Range Deletions,-1,0,/home/wam/grad/s14-range-delete-study/scratch/longcycle_formal/db_LC20-R6-T64-STATIC/002870.sst,64,1928652,1909,0
414.93,flush,1661,Memtable Max Range Deletions,-1,0,/home/wam/grad/s14-range-delete-study/scratch/longcycle_formal/db_LC20-R6-T64-STATIC/002874.sst,64,2009088,1986,0
415.43,compaction,1616,kCompaction,0,4,/home/wam/grad/s14-range-delete-study/scratch/longcycle_formal/db_LC20-R6-T64-STATIC/002750.sst,12665,1614271552,1533146,14684
415.46,flush,1662,Memtable Max Range Deletions,-1,0,/home/wam/grad/s14-range-delete-study/scratch/longcycle_formal/db_LC20-R6-T64-STATIC/002881.sst,64,1953698,1933,0
415.54,flush,1663,Memtable Max Range Deletions,-1,0,/home/wam/grad/s14-range-delete-study/scratch/longcycle_formal/db_LC20-R6-T64-STATIC/002883.sst,64,2009064,1986,0
415.59,flush,1664,Memtable Max Range Deletions,-1,0,/home/wam/grad/s14-range-delete-study/scratch/longcycle_formal/db_LC20-R6-T64-STATIC/002885.sst,64,1919202,1900,0
415.64,flush,1665,Memtable Max Range Deletions,-1,0,/home/wam/grad/s14-range-delete-study/scratch/longcycle_formal/db_LC20-R6-T64-STATIC/002887.sst,64,1958987,1938,0
415.69,flush,1666,Memtable Max Range Deletions,-1,0,/home/wam/grad/s14-range-delete-study/scratch/longcycle_formal/db_LC20-R6-T64-STATIC/002889.sst,64,1979836,1958,0
415.72,flush,1667,Memtable Max Range Deletions,-1,0,/home/wam/grad/s14-range-delete-study/scratch/longcycle_formal/db_LC20-R6-T64-STATIC/002891.sst,64,1909769,1891,0
415.76,flush,1668,Memtable Max Range Deletions,-1,0,/home/wam/grad/s14-range-delete-study/scratch/longcycle_formal/db_LC20-R6-T64-STATIC/002893.sst,64,1917140,1898,0
415.79,flush,1669,Memtable Max Range Deletions,-1,0,/home/wam/grad/s14-range-delete-study/scratch/longcycle_formal/db_LC20-R6-T64-STATIC/002895.sst,65,2010257,1988,0
416.03,flush,1670,Memtable Max Range Deletions,-1,0,/home/wam/grad/s14-range-delete-study/scratch/longcycle_formal/db_LC20-R6-T64-STATIC/002897.sst,64,1973566,1952,0
416.08,flush,1671,Memtable Max Range Deletions,-1,0,/home/wam/grad/s14-range-delete-study/scratch/longcycle_formal/db_LC20-R6-T64-STATIC/002902.sst,128,3927029,3885,0
416.09,compaction,1672,kCompaction,4,5,/home/wam/grad/s14-range-delete-study/scratch/longcycle_formal/db_LC20-R6-T64-STATIC/002873.sst,408,0,0,0
416.12,flush,1674,Memtable Max Range Deletions,-1,0,/home/wam/grad/s14-range-delete-study/scratch/longcycle_formal/db_LC20-R6-T64-STATIC/002905.sst,64,1961047,1940,0
416.18,flush,1675,Memtable Max Range Deletions,-1,0,/home/wam/grad/s14-range-delete-study/scratch/longcycle_formal/db_LC20-R6-T64-STATIC/002907.sst,64,1893086,1875,0
416.22,flush,1676,Memtable Max Range Deletions,-1,0,/home/wam/grad/s14-range-delete-study/scratch/longcycle_formal/db_LC20-R6-T64-STATIC/002909.sst,64,1939154,1919,0
416.67,flush,1677,Memtable Max Range Deletions,-1,0,/home/wam/grad/s14-range-delete-study/scratch/longcycle_formal/db_LC20-R6-T64-STATIC/002911.sst,64,1915037,1896,0
416.71,compaction,1660,kCompaction,5,6,/home/wam/grad/s14-range-delete-study/scratch/longcycle_formal/db_LC20-R6-T64-STATIC/002871.sst,0,270569014,257116,63118
416.85,compaction,1673,kCompaction,4,5,/home/wam/grad/s14-range-delete-study/scratch/longcycle_formal/db_LC20-R6-T64-STATIC/002904.sst,850,103992654,98768,7237
417.34,flush,1680,Memtable Max Range Deletions,-1,0,/home/wam/grad/s14-range-delete-study/scratch/longcycle_formal/db_LC20-R6-T64-STATIC/002917.sst,65,1938060,1919,0
417.76,compaction,1678,kCompaction,4,5,/home/wam/grad/s14-range-delete-study/scratch/longcycle_formal/db_LC20-R6-T64-STATIC/002914.sst,1884,98681003,93668,1026
417.81,flush,1681,Memtable Max Range Deletions,-1,0,/home/wam/grad/s14-range-delete-study/scratch/longcycle_formal/db_LC20-R6-T64-STATIC/002924.sst,64,1966223,1945,0
418.40,compaction,1679,kCompaction,4,5,/home/wam/grad/s14-range-delete-study/scratch/longcycle_formal/db_LC20-R6-T64-STATIC/002915.sst,796,245114121,232855,14575
418.88,flush,1684,Memtable Max Range Deletions,-1,0,/home/wam/grad/s14-range-delete-study/scratch/longcycle_formal/db_LC20-R6-T64-STATIC/002932.sst,64,1936985,1917,0
418.89,compaction,1656,kCompaction,5,6,/home/wam/grad/s14-range-delete-study/scratch/longcycle_formal/db_LC20-R6-T64-STATIC/002860.sst,0,662601089,629657,34575
418.99,compaction,1682,kCompaction,4,5,/home/wam/grad/s14-range-delete-study/scratch/longcycle_formal/db_LC20-R6-T64-STATIC/002925.sst,818,155245570,147479,20653
419.16,compaction,1685,kCompaction,0,0,/home/wam/grad/s14-range-delete-study/scratch/longcycle_formal/db_LC20-R6-T64-STATIC/002935.sst,449,13670595,12962,0
419.23,flush,1687,Memtable Max Range Deletions,-1,0,/home/wam/grad/s14-range-delete-study/scratch/longcycle_formal/db_LC20-R6-T64-STATIC/002939.sst,64,1942241,1922,0
419.39,flush,1688,Memtable Max Range Deletions,-1,0,/home/wam/grad/s14-range-delete-study/scratch/longcycle_formal/db_LC20-R6-T64-STATIC/002941.sst,64,1993377,1971,0
419.43,flush,1689,Memtable Max Range Deletions,-1,0,/home/wam/grad/s14-range-delete-study/scratch/longcycle_formal/db_LC20-R6-T64-STATIC/002944.sst,64,1944305,1924,0
420.36,flush,1691,Memtable Max Range Deletions,-1,0,/home/wam/grad/s14-range-delete-study/scratch/longcycle_formal/db_LC20-R6-T64-STATIC/002950.sst,65,1967254,1947,0
420.40,compaction,1683,kCompaction,4,5,/home/wam/grad/s14-range-delete-study/scratch/longcycle_formal/db_LC20-R6-T64-STATIC/002929.sst,2079,365985149,347661,37918
420.42,compaction,1686,kCompaction,4,5,/home/wam/grad/s14-range-delete-study/scratch/longcycle_formal/db_LC20-R6-T64-STATIC/002937.sst,1458,163086046,154891,1693
420.67,compaction,1690,kCompaction,5,6,/home/wam/grad/s14-range-delete-study/scratch/longcycle_formal/db_LC20-R6-T64-STATIC/002945.sst,0,153895607,146243,107155
421.15,flush,1694,Memtable Max Range Deletions,-1,0,/home/wam/grad/s14-range-delete-study/scratch/longcycle_formal/db_LC20-R6-T64-STATIC/002957.sst,64,2017520,1994,0
422.00,flush,1696,Memtable Max Range Deletions,-1,0,/home/wam/grad/s14-range-delete-study/scratch/longcycle_formal/db_LC20-R6-T64-STATIC/002964.sst,64,1944356,1924,0
422.04,compaction,1693,kCompaction,5,6,/home/wam/grad/s14-range-delete-study/scratch/longcycle_formal/db_LC20-R6-T64-STATIC/002954.sst,0,188075639,178721,18504
423.22,flush,1698,Memtable Max Range Deletions,-1,0,/home/wam/grad/s14-range-delete-study/scratch/longcycle_formal/db_LC20-R6-T64-STATIC/002973.sst,64,1996561,1974,0
423.25,compaction,1695,kCompaction,5,6,/home/wam/grad/s14-range-delete-study/scratch/longcycle_formal/db_LC20-R6-T64-STATIC/002958.sst,0,221138836,210140,107320
423.92,compaction,1697,kCompaction,5,6,/home/wam/grad/s14-range-delete-study/scratch/longcycle_formal/db_LC20-R6-T64-STATIC/002966.sst,0,223428526,212316,105207
424.34,compaction,1699,kCompaction,5,6,/home/wam/grad/s14-range-delete-study/scratch/longcycle_formal/db_LC20-R6-T64-STATIC/002976.sst,0,116694517,110894,47449
424.40,flush,1701,Memtable Max Range Deletions,-1,0,/home/wam/grad/s14-range-delete-study/scratch/longcycle_formal/db_LC20-R6-T64-STATIC/002983.sst,64,1953792,1933,0
424.92,compaction,1692,kCompaction,0,4,/home/wam/grad/s14-range-delete-study/scratch/longcycle_formal/db_LC20-R6-T64-STATIC/002953.sst,8640,953205399,905247,2456
425.03,flush,1703,Memtable Max Range Deletions,-1,0,/home/wam/grad/s14-range-delete-study/scratch/longcycle_formal/db_LC20-R6-T64-STATIC/002990.sst,64,1904629,1886,0
425.09,flush,1704,Memtable Max Range Deletions,-1,0,/home/wam/grad/s14-range-delete-study/scratch/longcycle_formal/db_LC20-R6-T64-STATIC/002992.sst,64,1993444,1971,0
425.12,flush,1706,Memtable Max Range Deletions,-1,0,/home/wam/grad/s14-range-delete-study/scratch/longcycle_formal/db_LC20-R6-T64-STATIC/002995.sst,64,1927581,1908,0
425.15,flush,1707,Memtable Max Range Deletions,-1,0,/home/wam/grad/s14-range-delete-study/scratch/longcycle_formal/db_LC20-R6-T64-STATIC/002997.sst,64,1908762,1890,0
425.19,flush,1708,Memtable Max Range Deletions,-1,0,/home/wam/grad/s14-range-delete-study/scratch/longcycle_formal/db_LC20-R6-T64-STATIC/002999.sst,65,1977734,1957,0
425.22,flush,1709,Memtable Max Range Deletions,-1,0,/home/wam/grad/s14-range-delete-study/scratch/longcycle_formal/db_LC20-R6-T64-STATIC/003001.sst,64,1983990,1962,0
425.25,flush,1710,Memtable Max Range Deletions,-1,0,/home/wam/grad/s14-range-delete-study/scratch/longcycle_formal/db_LC20-R6-T64-STATIC/003003.sst,64,1985078,1963,0
425.59,flush,1711,Memtable Max Range Deletions,-1,0,/home/wam/grad/s14-range-delete-study/scratch/longcycle_formal/db_LC20-R6-T64-STATIC/003005.sst,64,1916216,1897,0
425.64,flush,1712,Memtable Max Range Deletions,-1,0,/home/wam/grad/s14-range-delete-study/scratch/longcycle_formal/db_LC20-R6-T64-STATIC/003010.sst,128,3983333,3939,0
425.67,flush,1713,Memtable Max Range Deletions,-1,0,/home/wam/grad/s14-range-delete-study/scratch/longcycle_formal/db_LC20-R6-T64-STATIC/003013.sst,64,1962147,1941,0
425.73,flush,1714,Memtable Max Range Deletions,-1,0,/home/wam/grad/s14-range-delete-study/scratch/longcycle_formal/db_LC20-R6-T64-STATIC/003015.sst,64,1945337,1925,0
425.77,flush,1715,Memtable Max Range Deletions,-1,0,/home/wam/grad/s14-range-delete-study/scratch/longcycle_formal/db_LC20-R6-T64-STATIC/003017.sst,63,1973583,1951,0
425.81,flush,1716,Memtable Max Range Deletions,-1,0,/home/wam/grad/s14-range-delete-study/scratch/longcycle_formal/db_LC20-R6-T64-STATIC/003019.sst,64,1886782,1869,0
425.85,flush,1717,Memtable Max Range Deletions,-1,0,/home/wam/grad/s14-range-delete-study/scratch/longcycle_formal/db_LC20-R6-T64-STATIC/003021.sst,64,2009156,1986,0
425.88,flush,1718,Memtable Max Range Deletions,-1,0,/home/wam/grad/s14-range-delete-study/scratch/longcycle_formal/db_LC20-R6-T64-STATIC/003023.sst,64,1968264,1947,0
426.35,flush,1719,Memtable Max Range Deletions,-1,0,/home/wam/grad/s14-range-delete-study/scratch/longcycle_formal/db_LC20-R6-T64-STATIC/003025.sst,64,1955816,1935,0
426.41,flush,1720,Memtable Max Range Deletions,-1,0,/home/wam/grad/s14-range-delete-study/scratch/longcycle_formal/db_LC20-R6-T64-STATIC/003031.sst,128,3865310,3826,0
426.79,compaction,1700,kCompaction,5,6,/home/wam/grad/s14-range-delete-study/scratch/longcycle_formal/db_LC20-R6-T64-STATIC/002980.sst,0,307326547,292048,122365
426.81,flush,1721,Memtable Max Range Deletions,-1,0,/home/wam/grad/s14-range-delete-study/scratch/longcycle_formal/db_LC20-R6-T64-STATIC/003033.sst,64,1926536,1907,0
426.81,compaction,1702,kCompaction,5,6,/home/wam/grad/s14-range-delete-study/scratch/longcycle_formal/db_LC20-R6-T64-STATIC/002984.sst,0,240667769,228703,91174
426.94,compaction,1705,kCompaction,4,5,/home/wam/grad/s14-range-delete-study/scratch/longcycle_formal/db_LC20-R6-T64-STATIC/002994.sst,1180,300568012,285534,5035
427.29,compaction,1723,kCompaction,0,0,/home/wam/grad/s14-range-delete-study/scratch/longcycle_formal/db_LC20-R6-T64-STATIC/003036.sst,638,19659439,18642,6
427.35,flush,1725,Memtable Max Range Deletions,-1,0,/home/wam/grad/s14-range-delete-study/scratch/longcycle_formal/db_LC20-R6-T64-STATIC/003040.sst,63,1967319,1945,0
427.75,flush,1727,Memtable Max Range Deletions,-1,0,/home/wam/grad/s14-range-delete-study/scratch/longcycle_formal/db_LC20-R6-T64-STATIC/003043.sst,64,1924477,1905,0
427.82,flush,1728,Memtable Max Range Deletions,-1,0,/home/wam/grad/s14-range-delete-study/scratch/longcycle_formal/db_LC20-R6-T64-STATIC/003049.sst,129,3978079,3935,0
427.88,flush,1729,Memtable Max Range Deletions,-1,0,/home/wam/grad/s14-range-delete-study/scratch/longcycle_formal/db_LC20-R6-T64-STATIC/003051.sst,64,2003888,1981,0
427.94,flush,1730,Memtable Max Range Deletions,-1,0,/home/wam/grad/s14-range-delete-study/scratch/longcycle_formal/db_LC20-R6-T64-STATIC/003053.sst,64,1918206,1899,0
428.00,flush,1731,Memtable Max Range Deletions,-1,0,/home/wam/grad/s14-range-delete-study/scratch/longcycle_formal/db_LC20-R6-T64-STATIC/003055.sst,64,1956983,1936,0
428.27,flush,1732,Memtable Max Range Deletions,-1,0,/home/wam/grad/s14-range-delete-study/scratch/longcycle_formal/db_LC20-R6-T64-STATIC/003057.sst,64,1948546,1928,0
428.50,flush,1733,Memtable Max Range Deletions,-1,0,/home/wam/grad/s14-range-delete-study/scratch/longcycle_formal/db_LC20-R6-T64-STATIC/003060.sst,64,1940110,1920,0
428.51,compaction,1726,kCompaction,4,5,/home/wam/grad/s14-range-delete-study/scratch/longcycle_formal/db_LC20-R6-T64-STATIC/003041.sst,516,194807281,185075,29430
428.53,flush,1734,Memtable Max Range Deletions,-1,0,/home/wam/grad/s14-range-delete-study/scratch/longcycle_formal/db_LC20-R6-T64-STATIC/003063.sst,65,1964178,1944,0
428.61,compaction,1735,kCompaction,0,0,/home/wam/grad/s14-range-delete-study/scratch/longcycle_formal/db_LC20-R6-T64-STATIC/003064.sst,320,9855084,9344,0
428.68,flush,1737,Memtable Max Range Deletions,-1,0,/home/wam/grad/s14-range-delete-study/scratch/longcycle_formal/db_LC20-R6-T64-STATIC/003067.sst,64,1977769,1956,0
428.83,compaction,1736,kCompaction,0,0,/home/wam/grad/s14-range-delete-study/scratch/longcycle_formal/db_LC20-R6-T64-STATIC/003065.sst,640,19771181,18748,4
428.84,compaction,1722,kCompaction,4,5,/home/wam/grad/s14-range-delete-study/scratch/longcycle_formal/db_LC20-R6-T64-STATIC/003035.sst,1307,270001992,256480,13686
428.88,flush,1739,Memtable Max Range Deletions,-1,0,/home/wam/grad/s14-range-delete-study/scratch/longcycle_formal/db_LC20-R6-T64-STATIC/003071.sst,64,1993382,1971,0
428.94,flush,1740,Memtable Max Range Deletions,-1,0,/home/wam/grad/s14-range-delete-study/scratch/longcycle_formal/db_LC20-R6-T64-STATIC/003073.sst,64,1869038,1852,0
428.99,flush,1742,Memtable Max Range Deletions,-1,0,/home/wam/grad/s14-range-delete-study/scratch/longcycle_formal/db_LC20-R6-T64-STATIC/003076.sst,64,2025878,2002,0
429.03,flush,1743,Memtable Max Range Deletions,-1,0,/home/wam/grad/s14-range-delete-study/scratch/longcycle_formal/db_LC20-R6-T64-STATIC/003078.sst,64,1914002,1895,0
429.44,flush,1744,Memtable Max Range Deletions,-1,0,/home/wam/grad/s14-range-delete-study/scratch/longcycle_formal/db_LC20-R6-T64-STATIC/003080.sst,65,2004906,1983,0
429.45,compaction,1738,kCompaction,0,0,/home/wam/grad/s14-range-delete-study/scratch/longcycle_formal/db_LC20-R6-T64-STATIC/003069.sst,2221,69101166,65535,48
429.51,flush,1746,Memtable Max Range Deletions,-1,0,/home/wam/grad/s14-range-delete-study/scratch/longcycle_formal/db_LC20-R6-T64-STATIC/003085.sst,64,1929643,1910,0
429.57,compaction,1724,kCompaction,4,5,/home/wam/grad/s14-range-delete-study/scratch/longcycle_formal/db_LC20-R6-T64-STATIC/003037.sst,983,271048379,257502,18797
429.58,flush,1747,Memtable Max Range Deletions,-1,0,/home/wam/grad/s14-range-delete-study/scratch/longcycle_formal/db_LC20-R6-T64-STATIC/003087.sst,64,1947501,1927,0
429.62,flush,1748,Memtable Max Range Deletions,-1,0,/home/wam/grad/s14-range-delete-study/scratch/longcycle_formal/db_LC20-R6-T64-STATIC/003089.sst,64,1993458,1971,0
429.70,compaction,1741,kCompaction,4,5,/home/wam/grad/s14-range-delete-study/scratch/longcycle_formal/db_LC20-R6-T64-STATIC/003074.sst,0,99128510,94181,5237
429.70,flush,1749,Memtable Max Range Deletions,-1,0,/home/wam/grad/s14-range-delete-study/scratch/longcycle_formal/db_LC20-R6-T64-STATIC/003091.sst,64,1949469,1929,0
429.73,flush,1750,Memtable Max Range Deletions,-1,0,/home/wam/grad/s14-range-delete-study/scratch/longcycle_formal/db_LC20-R6-T64-STATIC/003093.sst,64,1910907,1892,0
429.77,flush,1752,Memtable Max Range Deletions,-1,0,/home/wam/grad/s14-range-delete-study/scratch/longcycle_formal/db_LC20-R6-T64-STATIC/003096.sst,64,1956744,1936,0
429.82,flush,1753,Memtable Max Range Deletions,-1,0,/home/wam/grad/s14-range-delete-study/scratch/longcycle_formal/db_LC20-R6-T64-STATIC/003098.sst,64,1916190,1897,0
429.97,compaction,1751,kCompaction,0,0,/home/wam/grad/s14-range-delete-study/scratch/longcycle_formal/db_LC20-R6-T64-STATIC/003095.sst,638,19707771,18688,3
429.97,flush,1755,Memtable Max Range Deletions,-1,0,/home/wam/grad/s14-range-delete-study/scratch/longcycle_formal/db_LC20-R6-T64-STATIC/003102.sst,128,3901955,3861,0
430.03,flush,1757,Memtable Max Range Deletions,-1,0,/home/wam/grad/s14-range-delete-study/scratch/longcycle_formal/db_LC20-R6-T64-STATIC/003106.sst,64,2038546,2014,0
430.21,flush,1758,Memtable Max Range Deletions,-1,0,/home/wam/grad/s14-range-delete-study/scratch/longcycle_formal/db_LC20-R6-T64-STATIC/003108.sst,64,1980918,1959,0
430.52,flush,1759,Memtable Max Range Deletions,-1,0,/home/wam/grad/s14-range-delete-study/scratch/longcycle_formal/db_LC20-R6-T64-STATIC/003111.sst,128,4005491,3960,0
430.81,flush,1760,Memtable Max Range Deletions,-1,0,/home/wam/grad/s14-range-delete-study/scratch/longcycle_formal/db_LC20-R6-T64-STATIC/003117.sst,129,3850539,3813,0
431.02,flush,1761,Memtable Max Range Deletions,-1,0,/home/wam/grad/s14-range-delete-study/scratch/longcycle_formal/db_LC20-R6-T64-STATIC/003120.sst,128,3992758,3948,0
431.11,flush,1762,Memtable Max Range Deletions,-1,0,/home/wam/grad/s14-range-delete-study/scratch/longcycle_formal/db_LC20-R6-T64-STATIC/003125.sst,64,1967349,1946,0
431.31,flush,1763,Memtable Max Range Deletions,-1,0,/home/wam/grad/s14-range-delete-study/scratch/longcycle_formal/db_LC20-R6-T64-STATIC/003128.sst,128,3957263,3914,0
431.48,flush,1764,Memtable Max Range Deletions,-1,0,/home/wam/grad/s14-range-delete-study/scratch/longcycle_formal/db_LC20-R6-T64-STATIC/003131.sst,64,1985055,1963,0
431.57,flush,1765,Memtable Max Range Deletions,-1,0,/home/wam/grad/s14-range-delete-study/scratch/longcycle_formal/db_LC20-R6-T64-STATIC/003134.sst,127,3875626,3835,0
431.65,flush,1766,Memtable Max Range Deletions,-1,0,/home/wam/grad/s14-range-delete-study/scratch/longcycle_formal/db_LC20-R6-T64-STATIC/003137.sst,64,1948444,1928,0
432.03,flush,1767,Memtable Max Range Deletions,-1,0,/home/wam/grad/s14-range-delete-study/scratch/longcycle_formal/db_LC20-R6-T64-STATIC/003139.sst,64,1880506,1863,0
432.22,flush,1768,Memtable Max Range Deletions,-1,0,/home/wam/grad/s14-range-delete-study/scratch/longcycle_formal/db_LC20-R6-T64-STATIC/003144.sst,191,5891454,5828,0
432.25,compaction,1754,kCompaction,4,5,/home/wam/grad/s14-range-delete-study/scratch/longcycle_formal/db_LC20-R6-T64-STATIC/003100.sst,1689,292587786,277917,32527
432.27,flush,1769,Memtable Max Range Deletions,-1,0,/home/wam/grad/s14-range-delete-study/scratch/longcycle_formal/db_LC20-R6-T64-STATIC/003147.sst,64,1976679,1955,0
432.35,flush,1771,Memtable Max Range Deletions,-1,0,/home/wam/grad/s14-range-delete-study/scratch/longcycle_formal/db_LC20-R6-T64-STATIC/003150.sst,64,1933651,1914,0
432.50,compaction,1770,kCompaction,0,0,/home/wam/grad/s14-range-delete-study/scratch/longcycle_formal/db_LC20-R6-T64-STATIC/003148.sst,507,15714686,14901,6
432.63,flush,1772,Memtable Max Range Deletions,-1,0,/home/wam/grad/s14-range-delete-study/scratch/longcycle_formal/db_LC20-R6-T64-STATIC/003152.sst,64,1938918,1919,0
432.66,flush,1774,Memtable Max Range Deletions,-1,0,/home/wam/grad/s14-range-delete-study/scratch/longcycle_formal/db_LC20-R6-T64-STATIC/003156.sst,64,1927585,1908,0
432.70,flush,1775,Memtable Max Range Deletions,-1,0,/home/wam/grad/s14-range-delete-study/scratch/longcycle_formal/db_LC20-R6-T64-STATIC/003159.sst,64,1952599,1932,0
432.81,flush,1776,Memtable Max Range Deletions,-1,0,/home/wam/grad/s14-range-delete-study/scratch/longcycle_formal/db_LC20-R6-T64-STATIC/003161.sst,64,1950585,1930,0
432.83,compaction,1745,kCompaction,4,5,/home/wam/grad/s14-range-delete-study/scratch/longcycle_formal/db_LC20-R6-T64-STATIC/003083.sst,2805,405817084,385464,17927
432.86,flush,1777,Memtable Max Range Deletions,-1,0,/home/wam/grad/s14-range-delete-study/scratch/longcycle_formal/db_LC20-R6-T64-STATIC/003163.sst,64,1938999,1919,0
432.89,flush,1778,Memtable Max Range Deletions,-1,0,/home/wam/grad/s14-range-delete-study/scratch/longcycle_formal/db_LC20-R6-T64-STATIC/003165.sst,64,1967227,1946,0
433.20,flush,1779,Memtable Max Range Deletions,-1,0,/home/wam/grad/s14-range-delete-study/scratch/longcycle_formal/db_LC20-R6-T64-STATIC/003167.sst,64,1983951,1962,0
433.22,compaction,1780,kCompaction,0,0,/home/wam/grad/s14-range-delete-study/scratch/longcycle_formal/db_LC20-R6-T64-STATIC/003168.sst,511,15720810,14907,4
433.23,flush,1781,Memtable Max Range Deletions,-1,0,/home/wam/grad/s14-range-delete-study/scratch/longcycle_formal/db_LC20-R6-T64-STATIC/003172.sst,64,1945286,1925,0
433.29,flush,1783,Memtable Max Range Deletions,-1,0,/home/wam/grad/s14-range-delete-study/scratch/longcycle_formal/db_LC20-R6-T64-STATIC/003175.sst,64,1940012,1920,0
433.35,flush,1784,Memtable Max Range Deletions,-1,0,/home/wam/grad/s14-range-delete-study/scratch/longcycle_formal/db_LC20-R6-T64-STATIC/003177.sst,64,1941187,1921,0
433.41,flush,1785,Memtable Max Range Deletions,-1,0,/home/wam/grad/s14-range-delete-study/scratch/longcycle_formal/db_LC20-R6-T64-STATIC/003179.sst,64,1913942,1895,0
433.46,flush,1786,Memtable Max Range Deletions,-1,0,/home/wam/grad/s14-range-delete-study/scratch/longcycle_formal/db_LC20-R6-T64-STATIC/003181.sst,64,1958892,1938,0
433.88,flush,1787,Memtable Max Range Deletions,-1,0,/home/wam/grad/s14-range-delete-study/scratch/longcycle_formal/db_LC20-R6-T64-STATIC/003183.sst,64,1968177,1947,0
433.90,compaction,1782,kCompaction,0,0,/home/wam/grad/s14-range-delete-study/scratch/longcycle_formal/db_LC20-R6-T64-STATIC/003173.sst,2018,63210179,59948,45
434.03,flush,1788,Memtable Max Range Deletions,-1,0,/home/wam/grad/s14-range-delete-study/scratch/longcycle_formal/db_LC20-R6-T64-STATIC/003187.sst,64,1966202,1945,0
434.22,compaction,1773,kCompaction,5,6,/home/wam/grad/s14-range-delete-study/scratch/longcycle_formal/db_LC20-R6-T64-STATIC/003153.sst,0,157802902,149956,5683
434.24,flush,1790,Memtable Max Range Deletions,-1,0,/home/wam/grad/s14-range-delete-study/scratch/longcycle_formal/db_LC20-R6-T64-STATIC/003191.sst,128,3892244,3852,0
434.24,compaction,1756,kCompaction,4,5,/home/wam/grad/s14-range-delete-study/scratch/longcycle_formal/db_LC20-R6-T64-STATIC/003105.sst,2098,528738845,502289,10189
434.24,compaction,1789,kCompaction,0,0,/home/wam/grad/s14-range-delete-study/scratch/longcycle_formal/db_LC20-R6-T64-STATIC/003188.sst,383,11771814,11162,0
434.32,flush,1792,Memtable Max Range Deletions,-1,0,/home/wam/grad/s14-range-delete-study/scratch/longcycle_formal/db_LC20-R6-T64-STATIC/003194.sst,64,2015119,1992,0
434.39,flush,1794,Memtable Max Range Deletions,-1,0,/home/wam/grad/s14-range-delete-study/scratch/longcycle_formal/db_LC20-R6-T64-STATIC/003197.sst,64,1984961,1963,0
434.46,flush,1795,Memtable Max Range Deletions,-1,0,/home/wam/grad/s14-range-delete-study/scratch/longcycle_formal/db_LC20-R6-T64-STATIC/003199.sst,64,1954675,1934,0
434.57,flush,1797,Memtable Max Range Deletions,-1,0,/home/wam/grad/s14-range-delete-study/scratch/longcycle_formal/db_LC20-R6-T64-STATIC/003203.sst,127,3914132,3872,0
434.93,flush,1798,Memtable Max Range Deletions,-1,0,/home/wam/grad/s14-range-delete-study/scratch/longcycle_formal/db_LC20-R6-T64-STATIC/003205.sst,64,1932703,1913,0
435.00,flush,1799,Memtable Max Range Deletions,-1,0,/home/wam/grad/s14-range-delete-study/scratch/longcycle_formal/db_LC20-R6-T64-STATIC/003212.sst,192,5812992,5754,0
435.09,flush,1800,Memtable Max Range Deletions,-1,0,/home/wam/grad/s14-range-delete-study/scratch/longcycle_formal/db_LC20-R6-T64-STATIC/003214.sst,63,1976498,1954,0
435.17,flush,1801,Memtable Max Range Deletions,-1,0,/home/wam/grad/s14-range-delete-study/scratch/longcycle_formal/db_LC20-R6-T64-STATIC/003216.sst,64,1891911,1874,0
435.24,flush,1802,Memtable Max Range Deletions,-1,0,/home/wam/grad/s14-range-delete-study/scratch/longcycle_formal/db_LC20-R6-T64-STATIC/003218.sst,64,1984943,1963,0
435.64,flush,1803,Memtable Max Range Deletions,-1,0,/home/wam/grad/s14-range-delete-study/scratch/longcycle_formal/db_LC20-R6-T64-STATIC/003220.sst,64,1947297,1927,0
435.65,compaction,1791,kCompaction,5,6,/home/wam/grad/s14-range-delete-study/scratch/longcycle_formal/db_LC20-R6-T64-STATIC/003193.sst,0,121839046,115781,13808
435.68,flush,1804,Memtable Max Range Deletions,-1,0,/home/wam/grad/s14-range-delete-study/scratch/longcycle_formal/db_LC20-R6-T64-STATIC/003226.sst,192,5838979,5779,0
435.78,flush,1805,Memtable Max Range Deletions,-1,0,/home/wam/grad/s14-range-delete-study/scratch/longcycle_formal/db_LC20-R6-T64-STATIC/003228.sst,64,1974550,1953,0
435.85,flush,1806,Memtable Max Range Deletions,-1,0,/home/wam/grad/s14-range-delete-study/scratch/longcycle_formal/db_LC20-R6-T64-STATIC/003230.sst,64,1947384,1927,0
435.96,flush,1807,Memtable Max Range Deletions,-1,0,/home/wam/grad/s14-range-delete-study/scratch/longcycle_formal/db_LC20-R6-T64-STATIC/003232.sst,64,1994325,1972,0
436.10,flush,1809,Memtable Max Range Deletions,-1,0,/home/wam/grad/s14-range-delete-study/scratch/longcycle_formal/db_LC20-R6-T64-STATIC/003236.sst,64,1943111,1923,0
436.13,flush,1810,Memtable Max Range Deletions,-1,0,/home/wam/grad/s14-range-delete-study/scratch/longcycle_formal/db_LC20-R6-T64-STATIC/003238.sst,64,1955708,1935,0
436.42,flush,1811,Memtable Max Range Deletions,-1,0,/home/wam/grad/s14-range-delete-study/scratch/longcycle_formal/db_LC20-R6-T64-STATIC/003241.sst,64,1967193,1946,0
436.45,compaction,1793,kCompaction,0,4,/home/wam/grad/s14-range-delete-study/scratch/longcycle_formal/db_LC20-R6-T64-STATIC/003196.sst,6258,273529778,259572,672
436.46,compaction,1796,kCompaction,5,6,/home/wam/grad/s14-range-delete-study/scratch/longcycle_formal/db_LC20-R6-T64-STATIC/003202.sst,0,249756934,237340,5493
436.50,flush,1813,Memtable Max Range Deletions,-1,0,/home/wam/grad/s14-range-delete-study/scratch/longcycle_formal/db_LC20-R6-T64-STATIC/003245.sst,63,1907704,1888,0
436.59,flush,1815,Memtable Max Range Deletions,-1,0,/home/wam/grad/s14-range-delete-study/scratch/longcycle_formal/db_LC20-R6-T64-STATIC/003248.sst,64,1993271,1971,0
436.65,flush,1816,Memtable Max Range Deletions,-1,0,/home/wam/grad/s14-range-delete-study/scratch/longcycle_formal/db_LC20-R6-T64-STATIC/003250.sst,64,1942088,1922,0
437.04,flush,1817,Memtable Max Range Deletions,-1,0,/home/wam/grad/s14-range-delete-study/scratch/longcycle_formal/db_LC20-R6-T64-STATIC/003252.sst,64,1953592,1933,0
437.05,compaction,1808,kCompaction,5,6,/home/wam/grad/s14-range-delete-study/scratch/longcycle_formal/db_LC20-R6-T64-STATIC/003233.sst,0,123642067,117489,424
437.15,flush,1818,Memtable Max Range Deletions,-1,0,/home/wam/grad/s14-range-delete-study/scratch/longcycle_formal/db_LC20-R6-T64-STATIC/003256.sst,64,2008983,1986,0
437.81,flush,1820,Memtable Max Range Deletions,-1,0,/home/wam/grad/s14-range-delete-study/scratch/longcycle_formal/db_LC20-R6-T64-STATIC/003260.sst,64,1967152,1946,0
438.70,flush,1821,Memtable Max Range Deletions,-1,0,/home/wam/grad/s14-range-delete-study/scratch/longcycle_formal/db_LC20-R6-T64-STATIC/003267.sst,64,1914940,1896,0
438.74,compaction,1812,kCompaction,0,4,/home/wam/grad/s14-range-delete-study/scratch/longcycle_formal/db_LC20-R6-T64-STATIC/003243.sst,6747,291317371,276454,268
438.76,compaction,1819,kCompaction,5,6,/home/wam/grad/s14-range-delete-study/scratch/longcycle_formal/db_LC20-R6-T64-STATIC/003257.sst,0,158882597,150983,95545
438.91,compaction,1814,kCompaction,5,6,/home/wam/grad/s14-range-delete-study/scratch/longcycle_formal/db_LC20-R6-T64-STATIC/003246.sst,0,296100924,281377,94985
438.93,flush,1823,Memtable Max Range Deletions,-1,0,/home/wam/grad/s14-range-delete-study/scratch/longcycle_formal/db_LC20-R6-T64-STATIC/003271.sst,64,1944152,1924,0
439.00,flush,1825,Memtable Max Range Deletions,-1,0,/home/wam/grad/s14-range-delete-study/scratch/longcycle_formal/db_LC20-R6-T64-STATIC/003275.sst,128,3927719,3886,0
439.08,flush,1826,Memtable Max Range Deletions,-1,0,/home/wam/grad/s14-range-delete-study/scratch/longcycle_formal/db_LC20-R6-T64-STATIC/003277.sst,64,2009988,1987,0
439.35,flush,1827,Memtable Max Range Deletions,-1,0,/home/wam/grad/s14-range-delete-study/scratch/longcycle_formal/db_LC20-R6-T64-STATIC/003279.sst,64,1892914,1875,0
439.42,flush,1829,Memtable Max Range Deletions,-1,0,/home/wam/grad/s14-range-delete-study/scratch/longcycle_formal/db_LC20-R6-T64-STATIC/003285.sst,128,4009209,3964,0
439.54,flush,1830,Memtable Max Range Deletions,-1,0,/home/wam/grad/s14-range-delete-study/scratch/longcycle_formal/db_LC20-R6-T64-STATIC/003287.sst,64,1929566,1910,0
439.66,flush,1831,Memtable Max Range Deletions,-1,0,/home/wam/grad/s14-range-delete-study/scratch/longcycle_formal/db_LC20-R6-T64-STATIC/003289.sst,64,1974545,1953,0
439.69,flush,1832,Memtable Max Range Deletions,-1,0,/home/wam/grad/s14-range-delete-study/scratch/longcycle_formal/db_LC20-R6-T64-STATIC/003293.sst,128,3966481,3923,0
439.92,compaction,1822,kCompaction,4,5,/home/wam/grad/s14-range-delete-study/scratch/longcycle_formal/db_LC20-R6-T64-STATIC/003269.sst,2424,123185657,116928,765
439.93,flush,1833,Memtable Max Range Deletions,-1,0,/home/wam/grad/s14-range-delete-study/scratch/longcycle_formal/db_LC20-R6-T64-STATIC/003295.sst,64,1941061,1921,0
440.04,flush,1835,Memtable Max Range Deletions,-1,0,/home/wam/grad/s14-range-delete-study/scratch/longcycle_formal/db_LC20-R6-T64-STATIC/003300.sst,126,3929784,3886,0
440.07,flush,1836,Memtable Max Range Deletions,-1,0,/home/wam/grad/s14-range-delete-study/scratch/longcycle_formal/db_LC20-R6-T64-STATIC/003303.sst,64,1946228,1926,0
440.14,flush,1837,Memtable Max Range Deletions,-1,0,/home/wam/grad/s14-range-delete-study/scratch/longcycle_formal/db_LC20-R6-T64-STATIC/003305.sst,64,1906538,1888,0
440.22,flush,1838,Memtable Max Range Deletions,-1,0,/home/wam/grad/s14-range-delete-study/scratch/longcycle_formal/db_LC20-R6-T64-STATIC/003307.sst,64,2017393,1994,0
440.58,flush,1839,Memtable Max Range Deletions,-1,0,/home/wam/grad/s14-range-delete-study/scratch/longcycle_formal/db_LC20-R6-T64-STATIC/003309.sst,64,1930592,1911,0
440.61,flush,1840,Memtable Max Range Deletions,-1,0,/home/wam/grad/s14-range-delete-study/scratch/longcycle_formal/db_LC20-R6-T64-STATIC/003312.sst,64,1957645,1937,0
440.72,flush,1841,Memtable Max Range Deletions,-1,0,/home/wam/grad/s14-range-delete-study/scratch/longcycle_formal/db_LC20-R6-T64-STATIC/003316.sst,64,1997527,1975,0
441.12,compaction,1828,kCompaction,4,5,/home/wam/grad/s14-range-delete-study/scratch/longcycle_formal/db_LC20-R6-T64-STATIC/003280.sst,2223,283484562,269255,1851
441.14,flush,1842,Memtable Max Range Deletions,-1,0,/home/wam/grad/s14-range-delete-study/scratch/longcycle_formal/db_LC20-R6-T64-STATIC/003321.sst,64,1957746,1937,0
441.50,compaction,1843,kCompaction,0,0,/home/wam/grad/s14-range-delete-study/scratch/longcycle_formal/db_LC20-R6-T64-STATIC/003322.sst,382,11861073,11247,0
441.58,compaction,1834,kCompaction,5,6,/home/wam/grad/s14-range-delete-study/scratch/longcycle_formal/db_LC20-R6-T64-STATIC/003299.sst,0,226348570,215096,93473
441.65,flush,1845,Memtable Max Range Deletions,-1,0,/home/wam/grad/s14-range-delete-study/scratch/longcycle_formal/db_LC20-R6-T64-STATIC/003327.sst,64,2030809,2007,0
441.84,flush,1847,Memtable Max Range Deletions,-1,0,/home/wam/grad/s14-range-delete-study/scratch/longcycle_formal/db_LC20-R6-T64-STATIC/003330.sst,64,2003668,1981,0
442.18,compaction,1844,kCompaction,0,0,/home/wam/grad/s14-range-delete-study/scratch/longcycle_formal/db_LC20-R6-T64-STATIC/003324.sst,1755,55345948,52493,57
442.29,flush,1849,Memtable Max Range Deletions,-1,0,/home/wam/grad/s14-range-delete-study/scratch/longcycle_formal/db_LC20-R6-T64-STATIC/003335.sst,63,1913714,1894,0
442.39,flush,1850,Memtable Max Range Deletions,-1,0,/home/wam/grad/s14-range-delete-study/scratch/longcycle_formal/db_LC20-R6-T64-STATIC/003337.sst,64,1939830,1920,0
442.86,flush,1851,Memtable Max Range Deletions,-1,0,/home/wam/grad/s14-range-delete-study/scratch/longcycle_formal/db_LC20-R6-T64-STATIC/003339.sst,64,1970125,1949,0
442.94,flush,1852,Memtable Max Range Deletions,-1,0,/home/wam/grad/s14-range-delete-study/scratch/longcycle_formal/db_LC20-R6-T64-STATIC/003345.sst,128,3869977,3831,0
443.21,flush,1853,Memtable Max Range Deletions,-1,0,/home/wam/grad/s14-range-delete-study/scratch/longcycle_formal/db_LC20-R6-T64-STATIC/003347.sst,64,2019334,1996,0
443.36,flush,1854,Memtable Max Range Deletions,-1,0,/home/wam/grad/s14-range-delete-study/scratch/longcycle_formal/db_LC20-R6-T64-STATIC/003350.sst,64,1993209,1971,0
443.38,compaction,1824,kCompaction,4,5,/home/wam/grad/s14-range-delete-study/scratch/longcycle_formal/db_LC20-R6-T64-STATIC/003272.sst,4652,550820774,523141,4943
443.55,flush,1855,Memtable Max Range Deletions,-1,0,/home/wam/grad/s14-range-delete-study/scratch/longcycle_formal/db_LC20-R6-T64-STATIC/003354.sst,64,1968063,1947,0
443.80,flush,1856,Memtable Max Range Deletions,-1,0,/home/wam/grad/s14-range-delete-study/scratch/longcycle_formal/db_LC20-R6-T64-STATIC/003357.sst,128,3947321,3905,0
443.82,compaction,1848,kCompaction,5,6,/home/wam/grad/s14-range-delete-study/scratch/longcycle_formal/db_LC20-R6-T64-STATIC/003333.sst,0,204160603,194012,124312
443.94,flush,1858,Memtable Max Range Deletions,-1,0,/home/wam/grad/s14-range-delete-study/scratch/longcycle_formal/db_LC20-R6-T64-STATIC/003362.sst,64,1966103,1945,0
444.01,compaction,1859,kCompaction,0,0,/home/wam/grad/s14-range-delete-study/scratch/longcycle_formal/db_LC20-R6-T64-STATIC/003363.sst,314,10013998,9496,3
444.23,flush,1860,Memtable Max Range Deletions,-1,0,/home/wam/grad/s14-range-delete-study/scratch/longcycle_formal/db_LC20-R6-T64-STATIC/003366.sst,127,3881205,3841,0
444.26,compaction,1861,kCompaction,0,0,/home/wam/grad/s14-range-delete-study/scratch/longcycle_formal/db_LC20-R6-T64-STATIC/003367.sst,820,25827356,24494,18
444.48,flush,1862,Memtable Max Range Deletions,-1,0,/home/wam/grad/s14-range-delete-study/scratch/longcycle_formal/db_LC20-R6-T64-STATIC/003370.sst,64,1993093,1971,0
444.55,flush,1864,Memtable Max Range Deletions,-1,0,/home/wam/grad/s14-range-delete-study/scratch/longcycle_formal/db_LC20-R6-T64-STATIC/003373.sst,64,1941722,1922,0
444.98,flush,1865,Memtable Max Range Deletions,-1,0,/home/wam/grad/s14-range-delete-study/scratch/longcycle_formal/db_LC20-R6-T64-STATIC/003376.sst,64,1926032,1907,0
445.03,compaction,1846,kCompaction,4,5,/home/wam/grad/s14-range-delete-study/scratch/longcycle_formal/db_LC20-R6-T64-STATIC/003328.sst,2117,445498620,423206,6992
445.07,flush,1866,Memtable Max Range Deletions,-1,0,/home/wam/grad/s14-range-delete-study/scratch/longcycle_formal/db_LC20-R6-T64-STATIC/003381.sst,127,4034587,3988,0
445.26,flush,1867,Memtable Max Range Deletions,-1,0,/home/wam/grad/s14-range-delete-study/scratch/longcycle_formal/db_LC20-R6-T64-STATIC/003383.sst,64,1956282,1936,0
445.41,flush,1869,Memtable Max Range Deletions,-1,0,/home/wam/grad/s14-range-delete-study/scratch/longcycle_formal/db_LC20-R6-T64-STATIC/003387.sst,63,1982404,1960,0
445.98,flush,1870,Memtable Max Range Deletions,-1,0,/home/wam/grad/s14-range-delete-study/scratch/longcycle_formal/db_LC20-R6-T64-STATIC/003390.sst,64,9731722,9378,0
446.95,compaction,1857,kCompaction,5,6,/home/wam/grad/s14-range-delete-study/scratch/longcycle_formal/db_LC20-R6-T64-STATIC/003360.sst,0,320334951,304405,98278
446.98,flush,1871,Memtable Max Range Deletions,-1,0,/home/wam/grad/s14-range-delete-study/scratch/longcycle_formal/db_LC20-R6-T64-STATIC/003394.sst,64,23864410,22907,0
447.13,compaction,1863,kCompaction,5,6,/home/wam/grad/s14-range-delete-study/scratch/longcycle_formal/db_LC20-R6-T64-STATIC/003371.sst,0,217963131,207123,139850
447.53,flush,1873,Memtable Max Range Deletions,-1,0,/home/wam/grad/s14-range-delete-study/scratch/longcycle_formal/db_LC20-R6-T64-STATIC/003399.sst,64,23364906,22429,0
448.08,compaction,1868,kCompaction,5,6,/home/wam/grad/s14-range-delete-study/scratch/longcycle_formal/db_LC20-R6-T64-STATIC/003385.sst,0,229468255,218060,4895
448.35,flush,1875,Memtable Max Range Deletions,-1,0,/home/wam/grad/s14-range-delete-study/scratch/longcycle_formal/db_LC20-R6-T64-STATIC/003403.sst,64,23163343,22236,0
448.85,flush,1877,Memtable Max Range Deletions,-1,0,/home/wam/grad/s14-range-delete-study/scratch/longcycle_formal/db_LC20-R6-T64-STATIC/003408.sst,64,23780677,22827,0
449.87,flush,1878,Memtable Max Range Deletions,-1,0,/home/wam/grad/s14-range-delete-study/scratch/longcycle_formal/db_LC20-R6-T64-STATIC/003411.sst,64,23446176,22507,0
449.92,compaction,1872,kCompaction,0,4,/home/wam/grad/s14-range-delete-study/scratch/longcycle_formal/db_LC20-R6-T64-STATIC/003397.sst,5497,210832586,200038,1185
450.01,flush,1879,Memtable Max Range Deletions,-1,0,/home/wam/grad/s14-range-delete-study/scratch/longcycle_formal/db_LC20-R6-T64-STATIC/003416.sst,64,24325965,23349,0
450.29,flush,1880,Memtable Max Range Deletions,-1,0,/home/wam/grad/s14-range-delete-study/scratch/longcycle_formal/db_LC20-R6-T64-STATIC/003419.sst,63,23066426,22142,0
450.31,compaction,1876,kCompaction,5,6,/home/wam/grad/s14-range-delete-study/scratch/longcycle_formal/db_LC20-R6-T64-STATIC/003406.sst,0,185084788,175885,1807
451.60,flush,1883,Memtable Max Range Deletions,-1,0,/home/wam/grad/s14-range-delete-study/scratch/longcycle_formal/db_LC20-R6-T64-STATIC/003423.sst,64,23117557,22192,0
451.66,compaction,1882,kCompaction,0,0,/home/wam/grad/s14-range-delete-study/scratch/longcycle_formal/db_LC20-R6-T64-STATIC/003421.sst,379,142097629,134974,133
451.71,compaction,1874,kCompaction,5,6,/home/wam/grad/s14-range-delete-study/scratch/longcycle_formal/db_LC20-R6-T64-STATIC/003400.sst,0,273289678,259701,123259
452.09,flush,1884,Memtable Max Range Deletions,-1,0,/home/wam/grad/s14-range-delete-study/scratch/longcycle_formal/db_LC20-R6-T64-STATIC/003428.sst,64,24266500,23292,0
452.51,flush,1885,Memtable Max Range Deletions,-1,0,/home/wam/grad/s14-range-delete-study/scratch/longcycle_formal/db_LC20-R6-T64-STATIC/003431.sst,64,23259137,22328,0
453.46,flush,1888,Memtable Max Range Deletions,-1,0,/home/wam/grad/s14-range-delete-study/scratch/longcycle_formal/db_LC20-R6-T64-STATIC/003436.sst,64,23519588,22577,0
454.02,flush,1889,Memtable Max Range Deletions,-1,0,/home/wam/grad/s14-range-delete-study/scratch/longcycle_formal/db_LC20-R6-T64-STATIC/003441.sst,64,23583211,22638,0
454.58,compaction,1887,kCompaction,5,6,/home/wam/grad/s14-range-delete-study/scratch/longcycle_formal/db_LC20-R6-T64-STATIC/003433.sst,0,179160801,170255,55032
454.59,flush,1890,Memtable Max Range Deletions,-1,0,/home/wam/grad/s14-range-delete-study/scratch/longcycle_formal/db_LC20-R6-T64-STATIC/003445.sst,64,23905369,22946,0
454.71,flush,1892,Memtable Max Range Deletions,-1,0,/home/wam/grad/s14-range-delete-study/scratch/longcycle_formal/db_LC20-R6-T64-STATIC/003450.sst,64,22918838,22002,0
454.84,flush,1893,Memtable Max Range Deletions,-1,0,/home/wam/grad/s14-range-delete-study/scratch/longcycle_formal/db_LC20-R6-T64-STATIC/003452.sst,63,23837418,22880,0
455.66,flush,1894,Memtable Max Range Deletions,-1,0,/home/wam/grad/s14-range-delete-study/scratch/longcycle_formal/db_LC20-R6-T64-STATIC/003454.sst,64,23606613,22660,0
455.68,compaction,1891,kCompaction,0,0,/home/wam/grad/s14-range-delete-study/scratch/longcycle_formal/db_LC20-R6-T64-STATIC/003449.sst,318,118557438,112615,92
456.00,flush,1895,Memtable Max Range Deletions,-1,0,/home/wam/grad/s14-range-delete-study/scratch/longcycle_formal/db_LC20-R6-T64-STATIC/003458.sst,64,23039784,22118,0
456.02,compaction,1886,kCompaction,5,6,/home/wam/grad/s14-range-delete-study/scratch/longcycle_formal/db_LC20-R6-T64-STATIC/003434.sst,0,249897220,237471,79489
456.82,compaction,1896,kCompaction,0,0,/home/wam/grad/s14-range-delete-study/scratch/longcycle_formal/db_LC20-R6-T64-STATIC/003459.sst,252,94930509,90170,63
456.84,flush,1897,Memtable Max Range Deletions,-1,0,/home/wam/grad/s14-range-delete-study/scratch/longcycle_formal/db_LC20-R6-T64-STATIC/003461.sst,64,23635115,22688,0
457.29,flush,1900,Memtable Max Range Deletions,-1,0,/home/wam/grad/s14-range-delete-study/scratch/longcycle_formal/db_LC20-R6-T64-STATIC/003467.sst,64,23481197,22540,0
457.30,compaction,1881,kCompaction,4,5,/home/wam/grad/s14-range-delete-study/scratch/longcycle_formal/db_LC20-R6-T64-STATIC/003420.sst,5398,654407455,621542,4432
457.73,flush,1901,Memtable Max Range Deletions,-1,0,/home/wam/grad/s14-range-delete-study/scratch/longcycle_formal/db_LC20-R6-T64-STATIC/003470.sst,64,23583365,22638,0
457.90,flush,1902,Memtable Max Range Deletions,-1,0,/home/wam/grad/s14-range-delete-study/scratch/longcycle_formal/db_LC20-R6-T64-STATIC/003474.sst,64,22718455,21810,0
458.69,flush,1904,Memtable Max Range Deletions,-1,0,/home/wam/grad/s14-range-delete-study/scratch/longcycle_formal/db_LC20-R6-T64-STATIC/003479.sst,64,24027359,23063,0
459.23,flush,1905,Memtable Max Range Deletions,-1,0,/home/wam/grad/s14-range-delete-study/scratch/longcycle_formal/db_LC20-R6-T64-STATIC/003483.sst,63,23896545,22937,0
459.94,compaction,1899,kCompaction,5,6,/home/wam/grad/s14-range-delete-study/scratch/longcycle_formal/db_LC20-R6-T64-STATIC/003466.sst,0,409229948,388883,144303
459.96,flush,1906,Memtable Max Range Deletions,-1,0,/home/wam/grad/s14-range-delete-study/scratch/longcycle_formal/db_LC20-R6-T64-STATIC/003488.sst,64,23330716,22396,0
460.79,flush,1908,Memtable Max Range Deletions,-1,0,/home/wam/grad/s14-range-delete-study/scratch/longcycle_formal/db_LC20-R6-T64-STATIC/003493.sst,64,23826675,22871,0
461.04,flush,1909,Memtable Max Range Deletions,-1,0,/home/wam/grad/s14-range-delete-study/scratch/longcycle_formal/db_LC20-R6-T64-STATIC/003499.sst,64,23476009,22535,0
461.08,compaction,1907,kCompaction,5,6,/home/wam/grad/s14-range-delete-study/scratch/longcycle_formal/db_LC20-R6-T64-STATIC/003491.sst,0,88429337,84030,711
461.50,flush,1911,Memtable Max Range Deletions,-1,0,/home/wam/grad/s14-range-delete-study/scratch/longcycle_formal/db_LC20-R6-T64-STATIC/003502.sst,64,23450969,22511,0
462.26,flush,1912,Memtable Max Range Deletions,-1,0,/home/wam/grad/s14-range-delete-study/scratch/longcycle_formal/db_LC20-R6-T64-STATIC/003506.sst,64,23500133,22558,0
462.28,compaction,1910,kCompaction,0,0,/home/wam/grad/s14-range-delete-study/scratch/longcycle_formal/db_LC20-R6-T64-STATIC/003500.sst,379,142221002,135090,139
462.53,compaction,1903,kCompaction,0,4,/home/wam/grad/s14-range-delete-study/scratch/longcycle_formal/db_LC20-R6-T64-STATIC/003475.sst,4585,578166472,549087,7069
462.54,compaction,1898,kCompaction,5,6,/home/wam/grad/s14-range-delete-study/scratch/longcycle_formal/db_LC20-R6-T64-STATIC/003462.sst,0,501622046,476678,188903
462.61,flush,1914,Memtable Max Range Deletions,-1,0,/home/wam/grad/s14-range-delete-study/scratch/longcycle_formal/db_LC20-R6-T64-STATIC/003511.sst,64,23197000,22268,0
463.08,flush,1916,Memtable Max Range Deletions,-1,0,/home/wam/grad/s14-range-delete-study/scratch/longcycle_formal/db_LC20-R6-T64-STATIC/003514.sst,64,23778644,22825,0
463.86,flush,1918,Memtable Max Range Deletions,-1,0,/home/wam/grad/s14-range-delete-study/scratch/longcycle_formal/db_LC20-R6-T64-STATIC/003519.sst,64,23048724,22126,0
464.23,compaction,1915,kCompaction,4,5,/home/wam/grad/s14-range-delete-study/scratch/longcycle_formal/db_LC20-R6-T64-STATIC/003512.sst,1508,210020762,199480,4140
464.26,flush,1919,Memtable Max Range Deletions,-1,0,/home/wam/grad/s14-range-delete-study/scratch/longcycle_formal/db_LC20-R6-T64-STATIC/003523.sst,64,23795241,22841,0
464.77,compaction,1913,kCompaction,5,6,/home/wam/grad/s14-range-delete-study/scratch/longcycle_formal/db_LC20-R6-T64-STATIC/003509.sst,0,247965194,235637,146031
464.81,flush,1921,Memtable Max Range Deletions,-1,0,/home/wam/grad/s14-range-delete-study/scratch/longcycle_formal/db_LC20-R6-T64-STATIC/003528.sst,64,24102568,23135,0
465.29,compaction,1920,kCompaction,0,0,/home/wam/grad/s14-range-delete-study/scratch/longcycle_formal/db_LC20-R6-T64-STATIC/003526.sst,320,117802107,111898,70
465.30,flush,1922,Memtable Max Range Deletions,-1,0,/home/wam/grad/s14-range-delete-study/scratch/longcycle_formal/db_LC20-R6-T64-STATIC/003531.sst,64,22686839,21780,0
465.76,flush,1925,Memtable Max Range Deletions,-1,0,/home/wam/grad/s14-range-delete-study/scratch/longcycle_formal/db_LC20-R6-T64-STATIC/003536.sst,64,23629061,22682,0
465.86,compaction,1917,kCompaction,4,5,/home/wam/grad/s14-range-delete-study/scratch/longcycle_formal/db_LC20-R6-T64-STATIC/003517.sst,3125,288151570,273633,3041
465.88,flush,1926,Memtable Max Range Deletions,-1,0,/home/wam/grad/s14-range-delete-study/scratch/longcycle_formal/db_LC20-R6-T64-STATIC/003539.sst,64,23332486,22398,0
466.16,flush,1927,Memtable Max Range Deletions,-1,0,/home/wam/grad/s14-range-delete-study/scratch/longcycle_formal/db_LC20-R6-T64-STATIC/003543.sst,64,24145308,23176,0
466.75,flush,1929,Memtable Max Range Deletions,-1,0,/home/wam/grad/s14-range-delete-study/scratch/longcycle_formal/db_LC20-R6-T64-STATIC/003547.sst,64,23433321,22494,0
467.07,flush,1930,Memtable Max Range Deletions,-1,0,/home/wam/grad/s14-range-delete-study/scratch/longcycle_formal/db_LC20-R6-T64-STATIC/003551.sst,63,23298876,22365,0
467.69,flush,1931,Memtable Max Range Deletions,-1,0,/home/wam/grad/s14-range-delete-study/scratch/longcycle_formal/db_LC20-R6-T64-STATIC/003554.sst,63,23511151,22568,0
467.71,compaction,1923,kCompaction,5,6,/home/wam/grad/s14-range-delete-study/scratch/longcycle_formal/db_LC20-R6-T64-STATIC/003532.sst,0,248098502,235761,145047
468.43,flush,1933,Memtable Max Range Deletions,-1,0,/home/wam/grad/s14-range-delete-study/scratch/longcycle_formal/db_LC20-R6-T64-STATIC/003559.sst,64,24473313,23490,0
468.58,flush,1934,Memtable Max Range Deletions,-1,0,/home/wam/grad/s14-range-delete-study/scratch/longcycle_formal/db_LC20-R6-T64-STATIC/003563.sst,64,22708293,21800,0
469.17,flush,1935,Memtable Max Range Deletions,-1,0,/home/wam/grad/s14-range-delete-study/scratch/longcycle_formal/db_LC20-R6-T64-STATIC/003566.sst,64,23993675,23031,0
469.24,compaction,1924,kCompaction,5,6,/home/wam/grad/s14-range-delete-study/scratch/longcycle_formal/db_LC20-R6-T64-STATIC/003534.sst,0,341739851,324744,183990
469.40,flush,1936,Memtable Max Range Deletions,-1,0,/home/wam/grad/s14-range-delete-study/scratch/longcycle_formal/db_LC20-R6-T64-STATIC/003571.sst,64,23206025,22277,0
469.91,flush,1938,Memtable Max Range Deletions,-1,0,/home/wam/grad/s14-range-delete-study/scratch/longcycle_formal/db_LC20-R6-T64-STATIC/003576.sst,64,24015947,23052,0
470.59,compaction,1937,kCompaction,0,0,/home/wam/grad/s14-range-delete-study/scratch/longcycle_formal/db_LC20-R6-T64-STATIC/003572.sst,440,166619682,158269,209
470.60,flush,1939,Memtable Max Range Deletions,-1,0,/home/wam/grad/s14-range-delete-study/scratch/longcycle_formal/db_LC20-R6-T64-STATIC/003578.sst,64,23389875,22453,0
470.74,flush,1941,Memtable Max Range Deletions,-1,0,/home/wam/grad/s14-range-delete-study/scratch/longcycle_formal/db_LC20-R6-T64-STATIC/003583.sst,64,23311718,22378,0
471.48,flush,1942,Memtable Max Range Deletions,-1,0,/home/wam/grad/s14-range-delete-study/scratch/longcycle_formal/db_LC20-R6-T64-STATIC/003585.sst,64,23819449,22864,0
471.67,flush,1943,Memtable Max Range Deletions,-1,0,/home/wam/grad/s14-range-delete-study/scratch/longcycle_formal/db_LC20-R6-T64-STATIC/003590.sst,63,23461103,22520,0
472.15,flush,1944,Memtable Max Range Deletions,-1,0,/home/wam/grad/s14-range-delete-study/scratch/longcycle_formal/db_LC20-R6-T64-STATIC/003592.sst,64,23744002,22792,0
472.70,compaction,1928,kCompaction,0,4,/home/wam/grad/s14-range-delete-study/scratch/longcycle_formal/db_LC20-R6-T64-STATIC/003544.sst,3477,771743281,733067,5033
472.71,flush,1945,Memtable Max Range Deletions,-1,0,/home/wam/grad/s14-range-delete-study/scratch/longcycle_formal/db_LC20-R6-T64-STATIC/003596.sst,64,23460023,22520,0
472.97,flush,1946,Memtable Max Range Deletions,-1,0,/home/wam/grad/s14-range-delete-study/scratch/longcycle_formal/db_LC20-R6-T64-STATIC/003600.sst,63,23914540,22954,0
473.39,flush,1948,Memtable Max Range Deletions,-1,0,/home/wam/grad/s14-range-delete-study/scratch/longcycle_formal/db_LC20-R6-T64-STATIC/003605.sst,64,23316179,22382,0
473.70,compaction,1932,kCompaction,5,6,/home/wam/grad/s14-range-delete-study/scratch/longcycle_formal/db_LC20-R6-T64-STATIC/003557.sst,0,599216169,569425,184349
473.99,flush,1949,Memtable Max Range Deletions,-1,0,/home/wam/grad/s14-range-delete-study/scratch/longcycle_formal/db_LC20-R6-T64-STATIC/003607.sst,64,23868571,22911,0
474.18,flush,1951,Memtable Max Range Deletions,-1,0,/home/wam/grad/s14-range-delete-study/scratch/longcycle_formal/db_LC20-R6-T64-STATIC/003612.sst,64,23113536,22188,0
474.86,flush,1952,Memtable Max Range Deletions,-1,0,/home/wam/grad/s14-range-delete-study/scratch/longcycle_formal/db_LC20-R6-T64-STATIC/003616.sst,64,23587739,22642,0
475.36,flush,1953,Memtable Max Range Deletions,-1,0,/home/wam/grad/s14-range-delete-study/scratch/longcycle_formal/db_LC20-R6-T64-STATIC/003621.sst,64,23233518,22303,0
475.97,compaction,1940,kCompaction,5,6,/home/wam/grad/s14-range-delete-study/scratch/longcycle_formal/db_LC20-R6-T64-STATIC/003582.sst,0,571898549,543461,256623
475.98,flush,1954,Memtable Max Range Deletions,-1,0,/home/wam/grad/s14-range-delete-study/scratch/longcycle_formal/db_LC20-R6-T64-STATIC/003625.sst,63,23642877,22694,0
476.33,flush,1955,Memtable Max Range Deletions,-1,0,/home/wam/grad/s14-range-delete-study/scratch/longcycle_formal/db_LC20-R6-T64-STATIC/003629.sst,64,23818266,22863,0
477.15,flush,1957,Memtable Max Range Deletions,-1,0,/home/wam/grad/s14-range-delete-study/scratch/longcycle_formal/db_LC20-R6-T64-STATIC/003633.sst,64,23725405,22774,0
477.17,compaction,1956,kCompaction,0,0,/home/wam/grad/s14-range-delete-study/scratch/longcycle_formal/db_LC20-R6-T64-STATIC/003630.sst,440,165736578,157434,194
477.34,flush,1958,Memtable Max Range Deletions,-1,0,/home/wam/grad/s14-range-delete-study/scratch/longcycle_formal/db_LC20-R6-T64-STATIC/003637.sst,63,23249232,22317,0
477.59,flush,1960,Memtable Max Range Deletions,-1,0,/home/wam/grad/s14-range-delete-study/scratch/longcycle_formal/db_LC20-R6-T64-STATIC/003641.sst,64,23823642,22868,0
478.36,flush,1961,Memtable Max Range Deletions,-1,0,/home/wam/grad/s14-range-delete-study/scratch/longcycle_formal/db_LC20-R6-T64-STATIC/003644.sst,64,23330495,22396,0
478.52,flush,1962,Memtable Max Range Deletions,-1,0,/home/wam/grad/s14-range-delete-study/scratch/longcycle_formal/db_LC20-R6-T64-STATIC/003649.sst,64,23642576,22695,0
479.07,flush,1963,Memtable Max Range Deletions,-1,0,/home/wam/grad/s14-range-delete-study/scratch/longcycle_formal/db_LC20-R6-T64-STATIC/003651.sst,63,23526161,22582,0
479.09,compaction,1950,kCompaction,5,6,/home/wam/grad/s14-range-delete-study/scratch/longcycle_formal/db_LC20-R6-T64-STATIC/003609.sst,0,537519498,510794,81138
479.20,flush,1964,Memtable Max Range Deletions,-1,0,/home/wam/grad/s14-range-delete-study/scratch/longcycle_formal/db_LC20-R6-T64-STATIC/003655.sst,64,23348313,22413,0
479.35,flush,1966,Memtable Max Range Deletions,-1,0,/home/wam/grad/s14-range-delete-study/scratch/longcycle_formal/db_LC20-R6-T64-STATIC/003658.sst,62,23689098,22737,0
480.25,flush,1967,Memtable Max Range Deletions,-1,0,/home/wam/grad/s14-range-delete-study/scratch/longcycle_formal/db_LC20-R6-T64-STATIC/003661.sst,64,24115486,23147,0
480.26,compaction,1965,kCompaction,0,0,/home/wam/grad/s14-range-delete-study/scratch/longcycle_formal/db_LC20-R6-T64-STATIC/003656.sst,437,166167608,157842,207
480.41,flush,1969,Memtable Max Range Deletions,-1,0,/home/wam/grad/s14-range-delete-study/scratch/longcycle_formal/db_LC20-R6-T64-STATIC/003666.sst,63,22876159,21960,0
480.95,flush,1970,Memtable Max Range Deletions,-1,0,/home/wam/grad/s14-range-delete-study/scratch/longcycle_formal/db_LC20-R6-T64-STATIC/003668.sst,64,23713867,22763,0
481.79,flush,1971,Memtable Max Range Deletions,-1,0,/home/wam/grad/s14-range-delete-study/scratch/longcycle_formal/db_LC20-R6-T64-STATIC/003673.sst,64,22989097,22069,0
481.85,compaction,1947,kCompaction,0,4,/home/wam/grad/s14-range-delete-study/scratch/longcycle_formal/db_LC20-R6-T64-STATIC/003601.sst,4245,1121654737,1065523,6158
481.98,flush,1972,Memtable Max Range Deletions,-1,0,/home/wam/grad/s14-range-delete-study/scratch/longcycle_formal/db_LC20-R6-T64-STATIC/003677.sst,64,23378451,22442,0
482.41,flush,1973,Memtable Max Range Deletions,-1,0,/home/wam/grad/s14-range-delete-study/scratch/longcycle_formal/db_LC20-R6-T64-STATIC/003679.sst,64,23672377,22723,0
482.62,flush,1975,Memtable Max Range Deletions,-1,0,/home/wam/grad/s14-range-delete-study/scratch/longcycle_formal/db_LC20-R6-T64-STATIC/003684.sst,63,23027597,22105,0
483.24,flush,1976,Memtable Max Range Deletions,-1,0,/home/wam/grad/s14-range-delete-study/scratch/longcycle_formal/db_LC20-R6-T64-STATIC/003686.sst,64,24586183,23598,0
483.63,flush,1977,Memtable Max Range Deletions,-1,0,/home/wam/grad/s14-range-delete-study/scratch/longcycle_formal/db_LC20-R6-T64-STATIC/003691.sst,64,28180029,27038,0
484.58,flush,1978,Memtable Max Range Deletions,-1,0,/home/wam/grad/s14-range-delete-study/scratch/longcycle_formal/db_LC20-R6-T64-STATIC/003697.sst,63,40524993,38855,0
484.68,compaction,1959,kCompaction,5,6,/home/wam/grad/s14-range-delete-study/scratch/longcycle_formal/db_LC20-R6-T64-STATIC/003638.sst,0,760159796,722360,206900
485.10,compaction,1968,kCompaction,5,6,/home/wam/grad/s14-range-delete-study/scratch/longcycle_formal/db_LC20-R6-T64-STATIC/003665.sst,0,462493508,439501,84878
486.05,compaction,1979,kCompaction,0,0,/home/wam/grad/s14-range-delete-study/scratch/longcycle_formal/db_LC20-R6-T64-STATIC/003701.sst,316,140949827,133890,111
486.07,flush,1980,Write Buffer Full,-1,0,/home/wam/grad/s14-range-delete-study/scratch/longcycle_formal/db_LC20-R6-T64-STATIC/003704.sst,43,63797632,61116,0
486.47,flush,1983,Write Buffer Full,-1,0,/home/wam/grad/s14-range-delete-study/scratch/longcycle_formal/db_LC20-R6-T64-STATIC/003710.sst,0,57511688,55054,0
487.59,flush,1984,Write Buffer Full,-1,0,/home/wam/grad/s14-range-delete-study/scratch/longcycle_formal/db_LC20-R6-T64-STATIC/003715.sst,0,62181218,59525,0
488.43,flush,1985,Write Buffer Full,-1,0,/home/wam/grad/s14-range-delete-study/scratch/longcycle_formal/db_LC20-R6-T64-STATIC/003721.sst,0,56980045,54545,0
489.71,flush,1986,Write Buffer Full,-1,0,/home/wam/grad/s14-range-delete-study/scratch/longcycle_formal/db_LC20-R6-T64-STATIC/003728.sst,0,58332811,55841,0
490.60,compaction,1981,kCompaction,5,6,/home/wam/grad/s14-range-delete-study/scratch/longcycle_formal/db_LC20-R6-T64-STATIC/003705.sst,0,510307023,484933,90087
490.72,flush,1987,Write Buffer Full,-1,0,/home/wam/grad/s14-range-delete-study/scratch/longcycle_formal/db_LC20-R6-T64-STATIC/003736.sst,0,64144799,61405,0
492.35,flush,1989,Write Buffer Full,-1,0,/home/wam/grad/s14-range-delete-study/scratch/longcycle_formal/db_LC20-R6-T64-STATIC/003742.sst,0,60272402,57697,0
492.39,compaction,1982,kCompaction,5,6,/home/wam/grad/s14-range-delete-study/scratch/longcycle_formal/db_LC20-R6-T64-STATIC/003708.sst,0,585306211,556207,172726
492.42,compaction,1988,kCompaction,0,0,/home/wam/grad/s14-range-delete-study/scratch/longcycle_formal/db_LC20-R6-T64-STATIC/003737.sst,43,300428908,285414,624
493.19,flush,1992,Write Buffer Full,-1,0,/home/wam/grad/s14-range-delete-study/scratch/longcycle_formal/db_LC20-R6-T64-STATIC/003748.sst,0,56864493,54434,0
493.84,compaction,1974,kCompaction,0,4,/home/wam/grad/s14-range-delete-study/scratch/longcycle_formal/db_LC20-R6-T64-STATIC/003680.sst,5208,1606494509,1526172,11713
494.32,flush,1993,Write Buffer Full,-1,0,/home/wam/grad/s14-range-delete-study/scratch/longcycle_formal/db_LC20-R6-T64-STATIC/003755.sst,0,64066655,61330,0
494.58,compaction,1994,kCompaction,4,5,/home/wam/grad/s14-range-delete-study/scratch/longcycle_formal/db_LC20-R6-T64-STATIC/003689.sst,0,0,0,0
494.59,compaction,1995,kCompaction,4,5,/home/wam/grad/s14-range-delete-study/scratch/longcycle_formal/db_LC20-R6-T64-STATIC/003698.sst,0,0,0,0
494.60,compaction,1996,kCompaction,4,5,/home/wam/grad/s14-range-delete-study/scratch/longcycle_formal/db_LC20-R6-T64-STATIC/003726.sst,0,0,0,0
494.60,compaction,1997,kCompaction,4,5,/home/wam/grad/s14-range-delete-study/scratch/longcycle_formal/db_LC20-R6-T64-STATIC/003739.sst,0,0,0,0
494.61,compaction,1998,kCompaction,4,5,/home/wam/grad/s14-range-delete-study/scratch/longcycle_formal/db_LC20-R6-T64-STATIC/003746.sst,0,0,0,0
494.85,compaction,1990,kCompaction,5,6,/home/wam/grad/s14-range-delete-study/scratch/longcycle_formal/db_LC20-R6-T64-STATIC/003744.sst,0,272163323,258630,66683
495.25,flush,2000,Write Buffer Full,-1,0,/home/wam/grad/s14-range-delete-study/scratch/longcycle_formal/db_LC20-R6-T64-STATIC/003762.sst,0,64756167,61989,0
496.28,compaction,1999,kCompaction,4,5,/home/wam/grad/s14-range-delete-study/scratch/longcycle_formal/db_LC20-R6-T64-STATIC/003758.sst,1163,197350716,187443,2408
496.32,flush,2002,Write Buffer Full,-1,0,/home/wam/grad/s14-range-delete-study/scratch/longcycle_formal/db_LC20-R6-T64-STATIC/003767.sst,0,64837709,62068,0
496.73,compaction,1991,kCompaction,5,6,/home/wam/grad/s14-range-delete-study/scratch/longcycle_formal/db_LC20-R6-T64-STATIC/003745.sst,0,450712722,428301,117011
497.21,compaction,2001,kCompaction,4,5,/home/wam/grad/s14-range-delete-study/scratch/longcycle_formal/db_LC20-R6-T64-STATIC/003763.sst,1306,280686218,266635,6141
497.22,flush,2004,Write Buffer Full,-1,0,/home/wam/grad/s14-range-delete-study/scratch/longcycle_formal/db_LC20-R6-T64-STATIC/003773.sst,0,63971816,61239,0
497.40,compaction,2006,kCompaction,5,6,/home/wam/grad/s14-range-delete-study/scratch/longcycle_formal/db_LC20-R6-T64-STATIC/003746.sst,0,0,0,0
498.10,compaction,2003,kCompaction,0,0,/home/wam/grad/s14-range-delete-study/scratch/longcycle_formal/db_LC20-R6-T64-STATIC/003770.sst,0,311831252,296244,611
498.11,flush,2008,Write Buffer Full,-1,0,/home/wam/grad/s14-range-delete-study/scratch/longcycle_formal/db_LC20-R6-T64-STATIC/003777.sst,0,64242089,61497,0
498.30,compaction,2007,kCompaction,5,6,/home/wam/grad/s14-range-delete-study/scratch/longcycle_formal/db_LC20-R6-T64-STATIC/003775.sst,0,86177168,81895,120
498.32,compaction,2005,kCompaction,4,5,/home/wam/grad/s14-range-delete-study/scratch/longcycle_formal/db_LC20-R6-T64-STATIC/003774.sst,1127,137989450,131044,52
499.23,flush,2012,Write Buffer Full,-1,0,/home/wam/grad/s14-range-delete-study/scratch/longcycle_formal/db_LC20-R6-T64-STATIC/003784.sst,0,63647827,60929,0
499.87,compaction,2011,kCompaction,5,6,/home/wam/grad/s14-range-delete-study/scratch/longcycle_formal/db_LC20-R6-T64-STATIC/003782.sst,0,132276495,125699,437
499.95,compaction,2009,kCompaction,5,6,/home/wam/grad/s14-range-delete-study/scratch/longcycle_formal/db_LC20-R6-T64-STATIC/003780.sst,0,138978063,132069,709
500.33,flush,2014,Write Buffer Full,-1,0,/home/wam/grad/s14-range-delete-study/scratch/longcycle_formal/db_LC20-R6-T64-STATIC/003792.sst,0,62033874,59383,0
501.12,compaction,2013,kCompaction,5,6,/home/wam/grad/s14-range-delete-study/scratch/longcycle_formal/db_LC20-R6-T64-STATIC/003789.sst,0,157775309,149925,466
501.52,compaction,2015,kCompaction,5,6,/home/wam/grad/s14-range-delete-study/scratch/longcycle_formal/db_LC20-R6-T64-STATIC/003793.sst,0,181879912,172837,642
501.52,flush,2017,Write Buffer Full,-1,0,/home/wam/grad/s14-range-delete-study/scratch/longcycle_formal/db_LC20-R6-T64-STATIC/003801.sst,0,62718742,60039,0
502.58,flush,2019,Write Buffer Full,-1,0,/home/wam/grad/s14-range-delete-study/scratch/longcycle_formal/db_LC20-R6-T64-STATIC/003807.sst,0,64033450,61298,0
503.81,flush,2020,Write Buffer Full,-1,0,/home/wam/grad/s14-range-delete-study/scratch/longcycle_formal/db_LC20-R6-T64-STATIC/003815.sst,0,64939006,62165,0
505.10,flush,2021,Write Buffer Full,-1,0,/home/wam/grad/s14-range-delete-study/scratch/longcycle_formal/db_LC20-R6-T64-STATIC/003823.sst,0,56527325,54112,0
505.44,compaction,2016,kCompaction,5,6,/home/wam/grad/s14-range-delete-study/scratch/longcycle_formal/db_LC20-R6-T64-STATIC/003799.sst,0,466750799,443547,79085
506.01,flush,2023,Write Buffer Full,-1,0,/home/wam/grad/s14-range-delete-study/scratch/longcycle_formal/db_LC20-R6-T64-STATIC/003831.sst,0,64658001,61896,0
507.59,flush,2024,Write Buffer Full,-1,0,/home/wam/grad/s14-range-delete-study/scratch/longcycle_formal/db_LC20-R6-T64-STATIC/003835.sst,0,62253729,59594,0
507.60,compaction,2018,kCompaction,5,6,/home/wam/grad/s14-range-delete-study/scratch/longcycle_formal/db_LC20-R6-T64-STATIC/003803.sst,0,651626755,619226,175008
507.61,compaction,2022,kCompaction,0,0,/home/wam/grad/s14-range-delete-study/scratch/longcycle_formal/db_LC20-R6-T64-STATIC/003827.sst,0,375799750,357015,911
507.86,flush,2025,Write Buffer Full,-1,0,/home/wam/grad/s14-range-delete-study/scratch/longcycle_formal/db_LC20-R6-T64-STATIC/003839.sst,0,63748581,61025,0
509.18,flush,2028,Write Buffer Full,-1,0,/home/wam/grad/s14-range-delete-study/scratch/longcycle_formal/db_LC20-R6-T64-STATIC/003846.sst,0,62063972,59413,0
509.80,compaction,2010,kCompaction,0,4,/home/wam/grad/s14-range-delete-study/scratch/longcycle_formal/db_LC20-R6-T64-STATIC/003781.sst,2581,1581329485,1502356,14900
510.06,flush,2029,Write Buffer Full,-1,0,/home/wam/grad/s14-range-delete-study/scratch/longcycle_formal/db_LC20-R6-T64-STATIC/003853.sst,0,64453105,61700,0
510.37,compaction,2030,kCompaction,4,5,/home/wam/grad/s14-range-delete-study/scratch/longcycle_formal/db_LC20-R6-T64-STATIC/003787.sst,0,0,0,0
510.37,compaction,2031,kCompaction,4,5,/home/wam/grad/s14-range-delete-study/scratch/longcycle_formal/db_LC20-R6-T64-STATIC/003796.sst,0,0,0,0
510.38,compaction,2032,kCompaction,4,5,/home/wam/grad/s14-range-delete-study/scratch/longcycle_formal/db_LC20-R6-T64-STATIC/003811.sst,0,0,0,0
511.08,flush,2034,Write Buffer Full,-1,0,/home/wam/grad/s14-range-delete-study/scratch/longcycle_formal/db_LC20-R6-T64-STATIC/003858.sst,0,58690529,56183,0
511.96,flush,2035,Write Buffer Full,-1,0,/home/wam/grad/s14-range-delete-study/scratch/longcycle_formal/db_LC20-R6-T64-STATIC/003863.sst,0,64668513,61906,0
512.03,compaction,2026,kCompaction,5,6,/home/wam/grad/s14-range-delete-study/scratch/longcycle_formal/db_LC20-R6-T64-STATIC/003840.sst,0,431605576,410147,105881
512.94,compaction,2033,kCompaction,4,5,/home/wam/grad/s14-range-delete-study/scratch/longcycle_formal/db_LC20-R6-T64-STATIC/003856.sst,894,342709888,325593,0
512.96,compaction,2038,kCompaction,4,5,/home/wam/grad/s14-range-delete-study/scratch/longcycle_formal/db_LC20-R6-T64-STATIC/003849.sst,0,0,0,0
512.98,flush,2037,Write Buffer Full,-1,0,/home/wam/grad/s14-range-delete-study/scratch/longcycle_formal/db_LC20-R6-T64-STATIC/003871.sst,0,64175105,61434,0
514.85,flush,2040,Write Buffer Full,-1,0,/home/wam/grad/s14-range-delete-study/scratch/longcycle_formal/db_LC20-R6-T64-STATIC/003877.sst,0,64665467,61903,0
514.86,compaction,2039,kCompaction,5,6,/home/wam/grad/s14-range-delete-study/scratch/longcycle_formal/db_LC20-R6-T64-STATIC/003873.sst,0,200105932,190156,1062
514.87,compaction,2036,kCompaction,0,0,/home/wam/grad/s14-range-delete-study/scratch/longcycle_formal/db_LC20-R6-T64-STATIC/003867.sst,0,442588193,420455,1262
515.53,flush,2042,Write Buffer Full,-1,0,/home/wam/grad/s14-range-delete-study/scratch/longcycle_formal/db_LC20-R6-T64-STATIC/003882.sst,0,63420558,60710,0
516.43,compaction,2041,kCompaction,5,6,/home/wam/grad/s14-range-delete-study/scratch/longcycle_formal/db_LC20-R6-T64-STATIC/003881.sst,0,155145061,147430,1462
516.45,flush,2044,Write Buffer Full,-1,0,/home/wam/grad/s14-range-delete-study/scratch/longcycle_formal/db_LC20-R6-T64-STATIC/003888.sst,0,64003029,61268,0
517.23,flush,2046,Write Buffer Full,-1,0,/home/wam/grad/s14-range-delete-study/scratch/longcycle_formal/db_LC20-R6-T64-STATIC/003895.sst,0,63757760,61033,0
518.52,compaction,2027,kCompaction,5,6,/home/wam/grad/s14-range-delete-study/scratch/longcycle_formal/db_LC20-R6-T64-STATIC/003841.sst,0,1080456845,1026736,239426
518.57,flush,2047,Write Buffer Full,-1,0,/home/wam/grad/s14-range-delete-study/scratch/longcycle_formal/db_LC20-R6-T64-STATIC/003903.sst,0,63908339,61178,0
519.21,flush,2048,Write Buffer Full,-1,0,/home/wam/grad/s14-range-delete-study/scratch/longcycle_formal/db_LC20-R6-T64-STATIC/003907.sst,0,63124310,60427,0
519.28,compaction,2045,kCompaction,5,6,/home/wam/grad/s14-range-delete-study/scratch/longcycle_formal/db_LC20-R6-T64-STATIC/003892.sst,0,275809763,262095,1408
520.46,flush,2051,Write Buffer Full,-1,0,/home/wam/grad/s14-range-delete-study/scratch/longcycle_formal/db_LC20-R6-T64-STATIC/003915.sst,0,61955765,59309,0
521.17,compaction,2049,kCompaction,0,0,/home/wam/grad/s14-range-delete-study/scratch/longcycle_formal/db_LC20-R6-T64-STATIC/003910.sst,0,320036571,304043,573
521.18,compaction,2050,kCompaction,5,6,/home/wam/grad/s14-range-delete-study/scratch/longcycle_formal/db_LC20-R6-T64-STATIC/003911.sst,0,217038366,206242,1554
521.18,flush,2052,Write Buffer Full,-1,0,/home/wam/grad/s14-range-delete-study/scratch/longcycle_formal/db_LC20-R6-T64-STATIC/003919.sst,0,64817869,62048,0
521.99,flush,2055,Write Buffer Full,-1,0,/home/wam/grad/s14-range-delete-study/scratch/longcycle_formal/db_LC20-R6-T64-STATIC/003925.sst,0,62300731,59639,0
523.13,flush,2056,Write Buffer Full,-1,0,/home/wam/grad/s14-range-delete-study/scratch/longcycle_formal/db_LC20-R6-T64-STATIC/003933.sst,0,63389444,60682,0
523.16,compaction,2053,kCompaction,5,6,/home/wam/grad/s14-range-delete-study/scratch/longcycle_formal/db_LC20-R6-T64-STATIC/003922.sst,0,245036966,232855,2348
523.85,flush,2058,Write Buffer Full,-1,0,/home/wam/grad/s14-range-delete-study/scratch/longcycle_formal/db_LC20-R6-T64-STATIC/003939.sst,0,64615322,61854,0
524.58,compaction,2054,kCompaction,5,6,/home/wam/grad/s14-range-delete-study/scratch/longcycle_formal/db_LC20-R6-T64-STATIC/003923.sst,0,349024122,331673,52118
524.62,compaction,2057,kCompaction,0,0,/home/wam/grad/s14-range-delete-study/scratch/longcycle_formal/db_LC20-R6-T64-STATIC/003937.sst,0,254039458,241348,330
525.25,flush,2062,Write Buffer Full,-1,0,/home/wam/grad/s14-range-delete-study/scratch/longcycle_formal/db_LC20-R6-T64-STATIC/003946.sst,0,64874950,62104,0
526.00,flush,2065,Write Buffer Full,-1,0,/home/wam/grad/s14-range-delete-study/scratch/longcycle_formal/db_LC20-R6-T64-STATIC/003950.sst,0,64769352,62002,0
526.80,flush,2068,Write Buffer Full,-1,0,/home/wam/grad/s14-range-delete-study/scratch/longcycle_formal/db_LC20-R6-T64-STATIC/003955.sst,0,64489902,61735,0
527.70,flush,2070,Write Buffer Full,-1,0,/home/wam/grad/s14-range-delete-study/scratch/longcycle_formal/db_LC20-R6-T64-STATIC/003963.sst,0,63512845,60800,0
528.69,compaction,2069,kCompaction,0,0,/home/wam/grad/s14-range-delete-study/scratch/longcycle_formal/db_LC20-R6-T64-STATIC/003958.sst,0,260349778,247341,354
528.71,compaction,2043,kCompaction,0,4,/home/wam/grad/s14-range-delete-study/scratch/longcycle_formal/db_LC20-R6-T64-STATIC/003883.sst,1687,1760111192,1672228,16120
528.71,flush,2071,Write Buffer Full,-1,0,/home/wam/grad/s14-range-delete-study/scratch/longcycle_formal/db_LC20-R6-T64-STATIC/003967.sst,0,64705455,61941,0
528.73,compaction,2073,kCompaction,4,5,/home/wam/grad/s14-range-delete-study/scratch/longcycle_formal/db_LC20-R6-T64-STATIC/003886.sst,497,0,0,0
528.75,compaction,2074,kCompaction,4,5,/home/wam/grad/s14-range-delete-study/scratch/longcycle_formal/db_LC20-R6-T64-STATIC/003899.sst,494,0,0,0
529.24,compaction,2059,kCompaction,5,6,/home/wam/grad/s14-range-delete-study/scratch/longcycle_formal/db_LC20-R6-T64-STATIC/003944.sst,0,554499215,526928,83526
529.42,flush,2076,Write Buffer Full,-1,0,/home/wam/grad/s14-range-delete-study/scratch/longcycle_formal/db_LC20-R6-T64-STATIC/003972.sst,0,60800973,58202,0
530.38,compaction,2077,kCompaction,5,6,/home/wam/grad/s14-range-delete-study/scratch/longcycle_formal/db_LC20-R6-T64-STATIC/003974.sst,0,122056883,115988,62
530.38,flush,2079,Write Buffer Full,-1,0,/home/wam/grad/s14-range-delete-study/scratch/longcycle_formal/db_LC20-R6-T64-STATIC/003979.sst,0,64470821,61717,0
531.23,flush,2081,Write Buffer Full,-1,0,/home/wam/grad/s14-range-delete-study/scratch/longcycle_formal/db_LC20-R6-T64-STATIC/003985.sst,0,60484116,57899,0
532.07,flush,2082,Write Buffer Full,-1,0,/home/wam/grad/s14-range-delete-study/scratch/longcycle_formal/db_LC20-R6-T64-STATIC/003991.sst,0,62836032,60151,0
532.73,compaction,2078,kCompaction,5,6,/home/wam/grad/s14-range-delete-study/scratch/longcycle_formal/db_LC20-R6-T64-STATIC/003975.sst,0,359764282,341874,2985
533.19,flush,2084,Write Buffer Full,-1,0,/home/wam/grad/s14-range-delete-study/scratch/longcycle_formal/db_LC20-R6-T64-STATIC/003999.sst,0,64718582,61953,0
534.06,flush,2085,Write Buffer Full,-1,0,/home/wam/grad/s14-range-delete-study/scratch/longcycle_formal/db_LC20-R6-T64-STATIC/004004.sst,0,64894876,62121,0
535.17,flush,2086,Write Buffer Full,-1,0,/home/wam/grad/s14-range-delete-study/scratch/longcycle_formal/db_LC20-R6-T64-STATIC/004012.sst,0,64064144,61327,0
536.42,flush,2087,Write Buffer Full,-1,0,/home/wam/grad/s14-range-delete-study/scratch/longcycle_formal/db_LC20-R6-T64-STATIC/004019.sst,0,64933378,62160,0
537.10,flush,2088,Write Buffer Full,-1,0,/home/wam/grad/s14-range-delete-study/scratch/longcycle_formal/db_LC20-R6-T64-STATIC/004025.sst,0,55686537,53306,0
537.72,compaction,2080,kCompaction,5,6,/home/wam/grad/s14-range-delete-study/scratch/longcycle_formal/db_LC20-R6-T64-STATIC/003981.sst,0,818638164,777934,205092
538.34,flush,2090,Write Buffer Full,-1,0,/home/wam/grad/s14-range-delete-study/scratch/longcycle_formal/db_LC20-R6-T64-STATIC/004034.sst,0,62713063,60033,0
538.64,compaction,2083,kCompaction,5,6,/home/wam/grad/s14-range-delete-study/scratch/longcycle_formal/db_LC20-R6-T64-STATIC/003997.sst,0,635349569,603760,144918
539.26,flush,2091,Write Buffer Full,-1,0,/home/wam/grad/s14-range-delete-study/scratch/longcycle_formal/db_LC20-R6-T64-STATIC/004040.sst,0,60606837,58016,0
540.69,flush,2092,Write Buffer Full,-1,0,/home/wam/grad/s14-range-delete-study/scratch/longcycle_formal/db_LC20-R6-T64-STATIC/004043.sst,0,61015532,58408,0
540.70,compaction,2089,kCompaction,0,0,/home/wam/grad/s14-range-delete-study/scratch/longcycle_formal/db_LC20-R6-T64-STATIC/004032.sst,0,565068578,536785,2051
541.17,flush,2095,Write Buffer Full,-1,0,/home/wam/grad/s14-range-delete-study/scratch/longcycle_formal/db_LC20-R6-T64-STATIC/004046.sst,0,59863362,57305,0
542.40,flush,2099,Write Buffer Full,-1,0,/home/wam/grad/s14-range-delete-study/scratch/longcycle_formal/db_LC20-R6-T64-STATIC/004050.sst,0,63861295,61132,0
542.67,compaction,2096,kCompaction,0,0,/home/wam/grad/s14-range-delete-study/scratch/longcycle_formal/db_LC20-R6-T64-STATIC/004048.sst,0,245732086,233453,309
543.12,flush,2103,Write Buffer Full,-1,0,/home/wam/grad/s14-range-delete-study/scratch/longcycle_formal/db_LC20-R6-T64-STATIC/004054.sst,0,64707994,61943,0
543.81,flush,2106,Write Buffer Full,-1,0,/home/wam/grad/s14-range-delete-study/scratch/longcycle_formal/db_LC20-R6-T64-STATIC/004057.sst,0,61089349,58479,0
544.56,flush,2109,Write Buffer Full,-1,0,/home/wam/grad/s14-range-delete-study/scratch/longcycle_formal/db_LC20-R6-T64-STATIC/004060.sst,0,61849754,59207,0
544.59,compaction,2075,kCompaction,0,4,/home/wam/grad/s14-range-delete-study/scratch/longcycle_formal/db_LC20-R6-T64-STATIC/003969.sst,696,2312113837,2196808,24255
544.59,compaction,2112,kCompaction,4,5,/home/wam/grad/s14-range-delete-study/scratch/longcycle_formal/db_LC20-R6-T64-STATIC/003993.sst,0,0,0,0
544.60,compaction,2113,kCompaction,4,5,/home/wam/grad/s14-range-delete-study/scratch/longcycle_formal/db_LC20-R6-T64-STATIC/004013.sst,0,0,0,0
544.61,compaction,2114,kCompaction,4,5,/home/wam/grad/s14-range-delete-study/scratch/longcycle_formal/db_LC20-R6-T64-STATIC/004027.sst,0,0,0,0
544.61,compaction,2115,kCompaction,4,5,/home/wam/grad/s14-range-delete-study/scratch/longcycle_formal/db_LC20-R6-T64-STATIC/004037.sst,0,0,0,0
544.62,compaction,2116,kCompaction,4,5,/home/wam/grad/s14-range-delete-study/scratch/longcycle_formal/db_LC20-R6-T64-STATIC/004047.sst,39,0,0,0
544.62,compaction,2117,kCompaction,4,5,/home/wam/grad/s14-range-delete-study/scratch/longcycle_formal/db_LC20-R6-T64-STATIC/004055.sst,500,0,0,0
544.63,compaction,2118,kCompaction,5,6,/home/wam/grad/s14-range-delete-study/scratch/longcycle_formal/db_LC20-R6-T64-STATIC/004058.sst,0,0,0,0
545.17,flush,2120,Write Buffer Full,-1,0,/home/wam/grad/s14-range-delete-study/scratch/longcycle_formal/db_LC20-R6-T64-STATIC/004064.sst,0,63762322,61038,0
546.18,compaction,2110,kCompaction,0,0,/home/wam/grad/s14-range-delete-study/scratch/longcycle_formal/db_LC20-R6-T64-STATIC/004061.sst,0,253058538,240412,349
546.20,flush,2122,Write Buffer Full,-1,0,/home/wam/grad/s14-range-delete-study/scratch/longcycle_formal/db_LC20-R6-T64-STATIC/004068.sst,0,64865369,62094,0
547.33,compaction,2121,kCompaction,5,6,/home/wam/grad/s14-range-delete-study/scratch/longcycle_formal/db_LC20-R6-T64-STATIC/004066.sst,0,202926487,192834,0
547.35,flush,2124,Write Buffer Full,-1,0,/home/wam/grad/s14-range-delete-study/scratch/longcycle_formal/db_LC20-R6-T64-STATIC/004075.sst,0,63951695,61220,0
548.02,compaction,2119,kCompaction,5,6,/home/wam/grad/s14-range-delete-study/scratch/longcycle_formal/db_LC20-R6-T64-STATIC/004062.sst,0,334581546,317949,0
548.19,flush,2126,Write Buffer Full,-1,0,/home/wam/grad/s14-range-delete-study/scratch/longcycle_formal/db_LC20-R6-T64-STATIC/004080.sst,0,64765833,61999,0
548.97,compaction,2127,kCompaction,5,6,/home/wam/grad/s14-range-delete-study/scratch/longcycle_formal/db_LC20-R6-T64-STATIC/004083.sst,0,143512343,136377,1068
549.63,flush,2129,Write Buffer Full,-1,0,/home/wam/grad/s14-range-delete-study/scratch/longcycle_formal/db_LC20-R6-T64-STATIC/004091.sst,0,62764342,60083,0
550.42,compaction,2125,kCompaction,5,6,/home/wam/grad/s14-range-delete-study/scratch/longcycle_formal/db_LC20-R6-T64-STATIC/004078.sst,0,333299458,316725,4663
550.45,flush,2130,Write Buffer Full,-1,0,/home/wam/grad/s14-range-delete-study/scratch/longcycle_formal/db_LC20-R6-T64-STATIC/004096.sst,0,62146278,59490,0
551.35,flush,2132,Write Buffer Full,-1,0,/home/wam/grad/s14-range-delete-study/scratch/longcycle_formal/db_LC20-R6-T64-STATIC/004104.sst,0,64043733,61307,0
551.70,compaction,2131,kCompaction,5,6,/home/wam/grad/s14-range-delete-study/scratch/longcycle_formal/db_LC20-R6-T64-STATIC/004099.sst,0,183773090,174635,420
552.22,flush,2134,Write Buffer Full,-1,0,/home/wam/grad/s14-range-delete-study/scratch/longcycle_formal/db_LC20-R6-T64-STATIC/004111.sst,0,58668438,56162,0
553.70,flush,2135,Write Buffer Full,-1,0,/home/wam/grad/s14-range-delete-study/scratch/longcycle_formal/db_LC20-R6-T64-STATIC/004116.sst,0,64297698,61550,0
553.80,compaction,2128,kCompaction,5,6,/home/wam/grad/s14-range-delete-study/scratch/longcycle_formal/db_LC20-R6-T64-STATIC/004088.sst,0,643748051,611743,24618
553.83,compaction,2133,kCompaction,0,0,/home/wam/grad/s14-range-delete-study/scratch/longcycle_formal/db_LC20-R6-T64-STATIC/004109.sst,0,319487465,303514,585
554.05,flush,2136,Write Buffer Full,-1,0,/home/wam/grad/s14-range-delete-study/scratch/longcycle_formal/db_LC20-R6-T64-STATIC/004121.sst,0,64678973,61916,0
555.58,flush,2139,Write Buffer Full,-1,0,/home/wam/grad/s14-range-delete-study/scratch/longcycle_formal/db_LC20-R6-T64-STATIC/004128.sst,0,64650448,61888,0
556.28,flush,2140,Write Buffer Full,-1,0,/home/wam/grad/s14-range-delete-study/scratch/longcycle_formal/db_LC20-R6-T64-STATIC/004136.sst,0,64770250,62003,0
556.71,compaction,2137,kCompaction,5,6,/home/wam/grad/s14-range-delete-study/scratch/longcycle_formal/db_LC20-R6-T64-STATIC/004122.sst,0,338208734,321397,64289
557.24,flush,2142,Write Buffer Full,-1,0,/home/wam/grad/s14-range-delete-study/scratch/longcycle_formal/db_LC20-R6-T64-STATIC/004143.sst,0,64706960,61943,0
558.72,flush,2143,Write Buffer Full,-1,0,/home/wam/grad/s14-range-delete-study/scratch/longcycle_formal/db_LC20-R6-T64-STATIC/004149.sst,0,59877776,57318,0
559.16,compaction,2141,kCompaction,0,0,/home/wam/grad/s14-range-delete-study/scratch/longcycle_formal/db_LC20-R6-T64-STATIC/004141.sst,0,318927266,302979,540
559.38,flush,2144,Write Buffer Full,-1,0,/home/wam/grad/s14-range-delete-study/scratch/longcycle_formal/db_LC20-R6-T64-STATIC/004153.sst,0,64744811,61978,0
560.89,flush,2146,Write Buffer Full,-1,0,/home/wam/grad/s14-range-delete-study/scratch/longcycle_formal/db_LC20-R6-T64-STATIC/004162.sst,0,61588595,58956,0
560.91,compaction,2138,kCompaction,5,6,/home/wam/grad/s14-range-delete-study/scratch/longcycle_formal/db_LC20-R6-T64-STATIC/004123.sst,0,812446321,772050,18559
561.80,flush,2148,Write Buffer Full,-1,0,/home/wam/grad/s14-range-delete-study/scratch/longcycle_formal/db_LC20-R6-T64-STATIC/004170.sst,0,63758896,61034,0
562.72,compaction,2147,kCompaction,0,0,/home/wam/grad/s14-range-delete-study/scratch/longcycle_formal/db_LC20-R6-T64-STATIC/004166.sst,0,252510363,239897,298
562.74,flush,2149,Write Buffer Full,-1,0,/home/wam/grad/s14-range-delete-study/scratch/longcycle_formal/db_LC20-R6-T64-STATIC/004173.sst,0,64852233,62081,0
563.62,flush,2152,Write Buffer Full,-1,0,/home/wam/grad/s14-range-delete-study/scratch/longcycle_formal/db_LC20-R6-T64-STATIC/004179.sst,0,62644964,59969,0
564.21,compaction,2123,kCompaction,0,4,/home/wam/grad/s14-range-delete-study/scratch/longcycle_formal/db_LC20-R6-T64-STATIC/004073.sst,157,2266630386,2153586,24575
564.22,compaction,2155,kCompaction,4,5,/home/wam/grad/s14-range-delete-study/scratch/longcycle_formal/db_LC20-R6-T64-STATIC/004082.sst,0,0,0,0
564.22,compaction,2156,kCompaction,4,5,/home/wam/grad/s14-range-delete-study/scratch/longcycle_formal/db_LC20-R6-T64-STATIC/004098.sst,0,0,0,0
564.23,compaction,2157,kCompaction,4,5,/home/wam/grad/s14-range-delete-study/scratch/longcycle_formal/db_LC20-R6-T64-STATIC/004112.sst,0,0,0,0
564.44,flush,2159,Write Buffer Full,-1,0,/home/wam/grad/s14-range-delete-study/scratch/longcycle_formal/db_LC20-R6-T64-STATIC/004186.sst,0,62750203,60069,0
565.43,flush,2161,Write Buffer Full,-1,0,/home/wam/grad/s14-range-delete-study/scratch/longcycle_formal/db_LC20-R6-T64-STATIC/004192.sst,0,63667171,60946,0
565.83,compaction,2160,kCompaction,5,6,/home/wam/grad/s14-range-delete-study/scratch/longcycle_formal/db_LC20-R6-T64-STATIC/004189.sst,0,150058795,142598,138
566.55,flush,2163,Write Buffer Full,-1,0,/home/wam/grad/s14-range-delete-study/scratch/longcycle_formal/db_LC20-R6-T64-STATIC/004200.sst,0,64558343,61799,0
567.60,flush,2164,Write Buffer Full,-1,0,/home/wam/grad/s14-range-delete-study/scratch/longcycle_formal/db_LC20-R6-T64-STATIC/004207.sst,0,63372234,60665,0
568.45,compaction,2145,kCompaction,5,6,/home/wam/grad/s14-range-delete-study/scratch/longcycle_formal/db_LC20-R6-T64-STATIC/004155.sst,0,1289089126,1224991,153067
568.52,flush,2166,Write Buffer Full,-1,0,/home/wam/grad/s14-range-delete-study/scratch/longcycle_formal/db_LC20-R6-T64-STATIC/004214.sst,0,63756677,61032,0
569.10,compaction,2165,kCompaction,0,0,/home/wam/grad/s14-range-delete-study/scratch/longcycle_formal/db_LC20-R6-T64-STATIC/004210.sst,0,255931749,243141,338
569.43,flush,2168,Write Buffer Full,-1,0,/home/wam/grad/s14-range-delete-study/scratch/longcycle_formal/db_LC20-R6-T64-STATIC/004218.sst,0,63671315,60950,0
570.35,flush,2171,Write Buffer Full,-1,0,/home/wam/grad/s14-range-delete-study/scratch/longcycle_formal/db_LC20-R6-T64-STATIC/004221.sst,0,64893565,62121,0
570.97,flush,2174,Write Buffer Full,-1,0,/home/wam/grad/s14-range-delete-study/scratch/longcycle_formal/db_LC20-R6-T64-STATIC/004225.sst,0,64611699,61850,0
572.30,flush,2177,Write Buffer Full,-1,0,/home/wam/grad/s14-range-delete-study/scratch/longcycle_formal/db_LC20-R6-T64-STATIC/004229.sst,0,64666589,61904,0
572.50,compaction,2176,kCompaction,0,0,/home/wam/grad/s14-range-delete-study/scratch/longcycle_formal/db_LC20-R6-T64-STATIC/004226.sst,0,258568284,245653,300
573.25,flush,2180,Write Buffer Full,-1,0,/home/wam/grad/s14-range-delete-study/scratch/longcycle_formal/db_LC20-R6-T64-STATIC/004233.sst,0,62060987,59408,0
574.08,flush,2183,Write Buffer Full,-1,0,/home/wam/grad/s14-range-delete-study/scratch/longcycle_formal/db_LC20-R6-T64-STATIC/004236.sst,0,64994089,62217,0
574.99,flush,2187,Write Buffer Full,-1,0,/home/wam/grad/s14-range-delete-study/scratch/longcycle_formal/db_LC20-R6-T64-STATIC/004240.sst,0,64860364,62089,0
576.36,flush,2191,Write Buffer Full,-1,0,/home/wam/grad/s14-range-delete-study/scratch/longcycle_formal/db_LC20-R6-T64-STATIC/004245.sst,0,62955419,60265,0
576.53,compaction,2188,kCompaction,0,0,/home/wam/grad/s14-range-delete-study/scratch/longcycle_formal/db_LC20-R6-T64-STATIC/004242.sst,0,258204755,245303,315
576.92,flush,2194,Write Buffer Full,-1,0,/home/wam/grad/s14-range-delete-study/scratch/longcycle_formal/db_LC20-R6-T64-STATIC/004249.sst,0,62678799,60001,0
577.66,flush,2195,Write Buffer Full,-1,0,/home/wam/grad/s14-range-delete-study/scratch/longcycle_formal/db_LC20-R6-T64-STATIC/004252.sst,0,56335577,53928,0
578.51,flush,2196,Write Buffer Full,-1,0,/home/wam/grad/s14-range-delete-study/scratch/longcycle_formal/db_LC20-R6-T64-STATIC/004255.sst,0,61382728,58759,0
580.14,flush,2197,Write Buffer Full,-1,0,/home/wam/grad/s14-range-delete-study/scratch/longcycle_formal/db_LC20-R6-T64-STATIC/004258.sst,0,64226514,61482,0
580.63,compaction,2193,kCompaction,0,0,/home/wam/grad/s14-range-delete-study/scratch/longcycle_formal/db_LC20-R6-T64-STATIC/004247.sst,0,832883466,791197,3165
580.65,flush,2199,Write Buffer Full,-1,0,/home/wam/grad/s14-range-delete-study/scratch/longcycle_formal/db_LC20-R6-T64-STATIC/004262.sst,0,64539400,61781,0
581.87,flush,2202,Write Buffer Full,-1,0,/home/wam/grad/s14-range-delete-study/scratch/longcycle_formal/db_LC20-R6-T64-STATIC/004266.sst,0,61473963,58847,0
581.88,compaction,2198,kCompaction,0,0,/home/wam/grad/s14-range-delete-study/scratch/longcycle_formal/db_LC20-R6-T64-STATIC/004260.sst,0,246176361,233876,294
582.37,flush,2206,Write Buffer Full,-1,0,/home/wam/grad/s14-range-delete-study/scratch/longcycle_formal/db_LC20-R6-T64-STATIC/004270.sst,0,63953609,61220,0
583.06,flush,2210,Write Buffer Full,-1,0,/home/wam/grad/s14-range-delete-study/scratch/longcycle_formal/db_LC20-R6-T64-STATIC/004273.sst,0,56583644,54166,0
583.27,compaction,2158,kCompaction,0,4,/home/wam/grad/s14-range-delete-study/scratch/longcycle_formal/db_LC20-R6-T64-STATIC/004184.sst,157,2996006834,2846624,33643
583.27,compaction,2213,kCompaction,4,5,/home/wam/grad/s14-range-delete-study/scratch/longcycle_formal/db_LC20-R6-T64-STATIC/004194.sst,0,0,0,0
583.28,compaction,2214,kCompaction,4,5,/home/wam/grad/s14-range-delete-study/scratch/longcycle_formal/db_LC20-R6-T64-STATIC/004203.sst,0,0,0,0
583.29,compaction,2215,kCompaction,4,5,/home/wam/grad/s14-range-delete-study/scratch/longcycle_formal/db_LC20-R6-T64-STATIC/004209.sst,0,0,0,0
583.29,compaction,2216,kCompaction,4,5,/home/wam/grad/s14-range-delete-study/scratch/longcycle_formal/db_LC20-R6-T64-STATIC/004223.sst,44,0,0,0
583.83,flush,2218,Write Buffer Full,-1,0,/home/wam/grad/s14-range-delete-study/scratch/longcycle_formal/db_LC20-R6-T64-STATIC/004277.sst,0,63097670,60401,0
584.09,compaction,2219,kCompaction,4,5,/home/wam/grad/s14-range-delete-study/scratch/longcycle_formal/db_LC20-R6-T64-STATIC/004259.sst,0,0,0,0
584.41,compaction,2220,kCompaction,4,5,/home/wam/grad/s14-range-delete-study/scratch/longcycle_formal/db_LC20-R6-T64-STATIC/004268.sst,0,0,0,0
584.44,compaction,2221,kCompaction,5,6,/home/wam/grad/s14-range-delete-study/scratch/longcycle_formal/db_LC20-R6-T64-STATIC/004271.sst,0,0,0,0
584.45,compaction,2211,kCompaction,0,0,/home/wam/grad/s14-range-delete-study/scratch/longcycle_formal/db_LC20-R6-T64-STATIC/004274.sst,0,248105770,235709,305
584.83,flush,2223,Write Buffer Full,-1,0,/home/wam/grad/s14-range-delete-study/scratch/longcycle_formal/db_LC20-R6-T64-STATIC/004282.sst,0,63508879,60794,0
585.20,compaction,2217,kCompaction,4,5,/home/wam/grad/s14-range-delete-study/scratch/longcycle_formal/db_LC20-R6-T64-STATIC/004275.sst,0,319759774,303824,0
585.46,compaction,2222,kCompaction,5,6,/home/wam/grad/s14-range-delete-study/scratch/longcycle_formal/db_LC20-R6-T64-STATIC/004279.sst,0,152201963,144631,506
585.73,flush,2226,Write Buffer Full,-1,0,/home/wam/grad/s14-range-delete-study/scratch/longcycle_formal/db_LC20-R6-T64-STATIC/004289.sst,0,62817218,60132,0
586.83,compaction,2224,kCompaction,5,6,/home/wam/grad/s14-range-delete-study/scratch/longcycle_formal/db_LC20-R6-T64-STATIC/004285.sst,0,185421029,176205,1870
586.84,flush,2228,Write Buffer Full,-1,0,/home/wam/grad/s14-range-delete-study/scratch/longcycle_formal/db_LC20-R6-T64-STATIC/004297.sst,0,64715350,61950,0
587.21,compaction,2227,kCompaction,5,6,/home/wam/grad/s14-range-delete-study/scratch/longcycle_formal/db_LC20-R6-T64-STATIC/004292.sst,0,187071645,177767,946
587.62,flush,2230,Write Buffer Full,-1,0,/home/wam/grad/s14-range-delete-study/scratch/longcycle_formal/db_LC20-R6-T64-STATIC/004302.sst,0,58709189,56200,0
588.19,compaction,2229,kCompaction,5,6,/home/wam/grad/s14-range-delete-study/scratch/longcycle_formal/db_LC20-R6-T64-STATIC/004300.sst,0,150572452,143087,479
588.50,flush,2233,Write Buffer Full,-1,0,/home/wam/grad/s14-range-delete-study/scratch/longcycle_formal/db_LC20-R6-T64-STATIC/004311.sst,0,64709368,61944,0
589.55,compaction,2231,kCompaction,5,6,/home/wam/grad/s14-range-delete-study/scratch/longcycle_formal/db_LC20-R6-T64-STATIC/004303.sst,0,260917221,247944,4081
589.62,flush,2234,Write Buffer Full,-1,0,/home/wam/grad/s14-range-delete-study/scratch/longcycle_formal/db_LC20-R6-T64-STATIC/004319.sst,0,62270477,59609,0
590.14,compaction,2232,kCompaction,5,6,/home/wam/grad/s14-range-delete-study/scratch/longcycle_formal/db_LC20-R6-T64-STATIC/004309.sst,0,233023663,221436,2523
590.74,flush,2237,Write Buffer Full,-1,0,/home/wam/grad/s14-range-delete-study/scratch/longcycle_formal/db_LC20-R6-T64-STATIC/004326.sst,0,64166201,61424,0
591.88,compaction,2236,kCompaction,0,0,/home/wam/grad/s14-range-delete-study/scratch/longcycle_formal/db_LC20-R6-T64-STATIC/004324.sst,0,315164239,299412,423
591.89,flush,2238,Write Buffer Full,-1,0,/home/wam/grad/s14-range-delete-study/scratch/longcycle_formal/db_LC20-R6-T64-STATIC/004331.sst,0,64714870,61950,0
592.45,flush,2240,Write Buffer Full,-1,0,/home/wam/grad/s14-range-delete-study/scratch/longcycle_formal/db_LC20-R6-T64-STATIC/004336.sst,0,64710487,61946,0
593.37,compaction,2235,kCompaction,5,6,/home/wam/grad/s14-range-delete-study/scratch/longcycle_formal/db_LC20-R6-T64-STATIC/004320.sst,0,456080494,433407,5082
593.61,flush,2241,Write Buffer Full,-1,0,/home/wam/grad/s14-range-delete-study/scratch/longcycle_formal/db_LC20-R6-T64-STATIC/004343.sst,0,64778724,62010,0
593.62,compaction,2239,kCompaction,5,6,/home/wam/grad/s14-range-delete-study/scratch/longcycle_formal/db_LC20-R6-T64-STATIC/004334.sst,0,211820291,201291,1510
595.20,flush,2244,Write Buffer Full,-1,0,/home/wam/grad/s14-range-delete-study/scratch/longcycle_formal/db_LC20-R6-T64-STATIC/004352.sst,0,64729449,61963,0
595.22,compaction,2243,kCompaction,0,0,/home/wam/grad/s14-range-delete-study/scratch/longcycle_formal/db_LC20-R6-T64-STATIC/004347.sst,0,259976830,246988,342
595.62,flush,2245,Write Buffer Full,-1,0,/home/wam/grad/s14-range-delete-study/scratch/longcycle_formal/db_LC20-R6-T64-STATIC/004356.sst,0,62560007,59886,0
596.48,flush,2247,Write Buffer Full,-1,0,/home/wam/grad/s14-range-delete-study/scratch/longcycle_formal/db_LC20-R6-T64-STATIC/004362.sst,0,63173976,60474,0
597.49,flush,2248,Write Buffer Full,-1,0,/home/wam/grad/s14-range-delete-study/scratch/longcycle_formal/db_LC20-R6-T64-STATIC/004370.sst,0,63851266,61123,0
598.00,compaction,2242,kCompaction,5,6,/home/wam/grad/s14-range-delete-study/scratch/longcycle_formal/db_LC20-R6-T64-STATIC/004345.sst,0,534121421,507565,10338
599.27,flush,2250,Write Buffer Full,-1,0,/home/wam/grad/s14-range-delete-study/scratch/longcycle_formal/db_LC20-R6-T64-STATIC/004378.sst,0,59434889,56896,0
599.34,compaction,2246,kCompaction,5,6,/home/wam/grad/s14-range-delete-study/scratch/longcycle_formal/db_LC20-R6-T64-STATIC/004357.sst,0,501704027,476757,12041
599.54,compaction,2249,kCompaction,0,0,/home/wam/grad/s14-range-delete-study/scratch/longcycle_formal/db_LC20-R6-T64-STATIC/004375.sst,0,255949601,243160,286
603.80,compaction,2251,kCompaction,5,6,/home/wam/grad/s14-range-delete-study/scratch/longcycle_formal/db_LC20-R6-T64-STATIC/004381.sst,0,591440989,562031,107859
604.64,compaction,2225,kCompaction,0,4,/home/wam/grad/s14-range-delete-study/scratch/longcycle_formal/db_LC20-R6-T64-STATIC/004286.sst,113,2949074650,2802012,35958
604.65,compaction,2254,kCompaction,4,5,/home/wam/grad/s14-range-delete-study/scratch/longcycle_formal/db_LC20-R6-T64-STATIC/004286.sst,0,0,0,0
604.67,compaction,2255,kCompaction,4,5,/home/wam/grad/s14-range-delete-study/scratch/longcycle_formal/db_LC20-R6-T64-STATIC/004298.sst,0,0,0,0
604.69,compaction,2256,kCompaction,4,5,/home/wam/grad/s14-range-delete-study/scratch/longcycle_formal/db_LC20-R6-T64-STATIC/004316.sst,0,0,0,0
604.71,compaction,2257,kCompaction,4,5,/home/wam/grad/s14-range-delete-study/scratch/longcycle_formal/db_LC20-R6-T64-STATIC/004332.sst,0,0,0,0
604.73,compaction,2258,kCompaction,4,5,/home/wam/grad/s14-range-delete-study/scratch/longcycle_formal/db_LC20-R6-T64-STATIC/004365.sst,0,0,0,0
604.75,compaction,2259,kCompaction,4,5,/home/wam/grad/s14-range-delete-study/scratch/longcycle_formal/db_LC20-R6-T64-STATIC/004408.sst,0,0,0,0
605.82,compaction,2260,kCompaction,4,5,/home/wam/grad/s14-range-delete-study/scratch/longcycle_formal/db_LC20-R6-T64-STATIC/004411.sst,0,182376921,173257,4388
606.60,compaction,2262,kCompaction,4,5,/home/wam/grad/s14-range-delete-study/scratch/longcycle_formal/db_LC20-R6-T64-STATIC/004419.sst,53,111553820,105982,3918
606.71,compaction,2252,kCompaction,5,6,/home/wam/grad/s14-range-delete-study/scratch/longcycle_formal/db_LC20-R6-T64-STATIC/004383.sst,0,1160935046,1103214,112852
607.72,compaction,2263,kCompaction,4,5,/home/wam/grad/s14-range-delete-study/scratch/longcycle_formal/db_LC20-R6-T64-STATIC/004424.sst,735,165063197,156796,6975
608.24,compaction,2264,kCompaction,5,6,/home/wam/grad/s14-range-delete-study/scratch/longcycle_formal/db_LC20-R6-T64-STATIC/004427.sst,0,158008411,150150,354
608.88,compaction,2266,kCompaction,5,6,/home/wam/grad/s14-range-delete-study/scratch/longcycle_formal/db_LC20-R6-T64-STATIC/004435.sst,0,95131843,90403,536
608.93,compaction,2265,kCompaction,5,6,/home/wam/grad/s14-range-delete-study/scratch/longcycle_formal/db_LC20-R6-T64-STATIC/004431.sst,0,175563305,166836,534
608.95,compaction,2261,kCompaction,4,5,/home/wam/grad/s14-range-delete-study/scratch/longcycle_formal/db_LC20-R6-T64-STATIC/004415.sst,574,687436857,653184,4467
609.80,compaction,2267,kCompaction,5,6,/home/wam/grad/s14-range-delete-study/scratch/longcycle_formal/db_LC20-R6-T64-STATIC/004439.sst,0,106290891,101008,49089
611.92,compaction,2268,kCompaction,5,6,/home/wam/grad/s14-range-delete-study/scratch/longcycle_formal/db_LC20-R6-T64-STATIC/004440.sst,0,468242280,444958,6020
613.77,compaction,2270,kCompaction,5,6,/home/wam/grad/s14-range-delete-study/scratch/longcycle_formal/db_LC20-R6-T64-STATIC/004445.sst,0,568808429,540532,2383
615.21,compaction,2271,kCompaction,5,6,/home/wam/grad/s14-range-delete-study/scratch/longcycle_formal/db_LC20-R6-T64-STATIC/004459.sst,0,297821452,283014,129132
619.94,compaction,2272,kCompaction,5,6,/home/wam/grad/s14-range-delete-study/scratch/longcycle_formal/db_LC20-R6-T64-STATIC/004470.sst,0,486463287,462274,6589
622.67,compaction,2273,kCompaction,5,6,/home/wam/grad/s14-range-delete-study/scratch/longcycle_formal/db_LC20-R6-T64-STATIC/004474.sst,0,595612295,566001,12499
624.72,compaction,2269,kCompaction,0,4,/home/wam/grad/s14-range-delete-study/scratch/longcycle_formal/db_LC20-R6-T64-STATIC/004443.sst,60,1964145497,1866145,15058
625.22,compaction,2276,kCompaction,4,5,/home/wam/grad/s14-range-delete-study/scratch/longcycle_formal/db_LC20-R6-T64-STATIC/004456.sst,0,0,0,0
625.23,compaction,2277,kCompaction,4,5,/home/wam/grad/s14-range-delete-study/scratch/longcycle_formal/db_LC20-R6-T64-STATIC/004473.sst,0,0,0,0
625.23,compaction,2278,kCompaction,4,5,/home/wam/grad/s14-range-delete-study/scratch/longcycle_formal/db_LC20-R6-T64-STATIC/004482.sst,0,0,0,0
625.24,compaction,2279,kCompaction,4,5,/home/wam/grad/s14-range-delete-study/scratch/longcycle_formal/db_LC20-R6-T64-STATIC/004490.sst,0,0,0,0
625.24,compaction,2280,kCompaction,4,5,/home/wam/grad/s14-range-delete-study/scratch/longcycle_formal/db_LC20-R6-T64-STATIC/004506.sst,0,0,0,0
625.64,compaction,2275,kCompaction,5,6,/home/wam/grad/s14-range-delete-study/scratch/longcycle_formal/db_LC20-R6-T64-STATIC/004502.sst,0,297731540,282926,63652
626.46,compaction,2281,kCompaction,4,5,/home/wam/grad/s14-range-delete-study/scratch/longcycle_formal/db_LC20-R6-T64-STATIC/004513.sst,0,159740374,151748,1762
626.47,compaction,2274,kCompaction,5,6,/home/wam/grad/s14-range-delete-study/scratch/longcycle_formal/db_LC20-R6-T64-STATIC/004491.sst,0,693841174,659342,10245
626.91,compaction,2282,kCompaction,4,5,/home/wam/grad/s14-range-delete-study/scratch/longcycle_formal/db_LC20-R6-T64-STATIC/004516.sst,0,185448492,176208,684
626.98,compaction,2284,kCompaction,4,5,/home/wam/grad/s14-range-delete-study/scratch/longcycle_formal/db_LC20-R6-T64-STATIC/004446.sst,0,0,0,0
627.52,compaction,2283,kCompaction,4,5,/home/wam/grad/s14-range-delete-study/scratch/longcycle_formal/db_LC20-R6-T64-STATIC/004520.sst,326,138619900,131689,5893
628.45,compaction,2287,kCompaction,4,5,/home/wam/grad/s14-range-delete-study/scratch/longcycle_formal/db_LC20-R6-T64-STATIC/004526.sst,0,117585239,111719,6799
629.08,compaction,2286,kCompaction,4,5,/home/wam/grad/s14-range-delete-study/scratch/longcycle_formal/db_LC20-R6-T64-STATIC/004523.sst,97,269878291,256390,3361
629.65,compaction,2288,kCompaction,4,5,/home/wam/grad/s14-range-delete-study/scratch/longcycle_formal/db_LC20-R6-T64-STATIC/004531.sst,0,110073248,104586,8194
629.68,compaction,2285,kCompaction,4,5,/home/wam/grad/s14-range-delete-study/scratch/longcycle_formal/db_LC20-R6-T64-STATIC/004522.sst,1205,349458686,331987,12392
630.77,compaction,2289,kCompaction,4,5,/home/wam/grad/s14-range-delete-study/scratch/longcycle_formal/db_LC20-R6-T64-STATIC/004534.sst,500,210970374,200412,7763
631.21,compaction,2291,kCompaction,5,6,/home/wam/grad/s14-range-delete-study/scratch/longcycle_formal/db_LC20-R6-T64-STATIC/004537.sst,0,175797238,167053,1165
632.52,compaction,2292,kCompaction,5,6,/home/wam/grad/s14-range-delete-study/scratch/longcycle_formal/db_LC20-R6-T64-STATIC/004543.sst,0,202928034,192838,0
632.60,compaction,2290,kCompaction,4,5,/home/wam/grad/s14-range-delete-study/scratch/longcycle_formal/db_LC20-R6-T64-STATIC/004536.sst,574,447905846,425542,6054
633.67,compaction,2293,kCompaction,5,6,/home/wam/grad/s14-range-delete-study/scratch/longcycle_formal/db_LC20-R6-T64-STATIC/004545.sst,0,334160321,317543,3845
634.87,compaction,2295,kCompaction,5,6,/home/wam/grad/s14-range-delete-study/scratch/longcycle_formal/db_LC20-R6-T64-STATIC/004554.sst,0,312870291,297317,3178
634.89,compaction,2294,kCompaction,5,6,/home/wam/grad/s14-range-delete-study/scratch/longcycle_formal/db_LC20-R6-T64-STATIC/004552.sst,0,319727771,303834,2421
636.12,compaction,2298,kCompaction,5,6,/home/wam/grad/s14-range-delete-study/scratch/longcycle_formal/db_LC20-R6-T64-STATIC/004569.sst,0,122657173,116557,35726
637.28,compaction,2297,kCompaction,5,6,/home/wam/grad/s14-range-delete-study/scratch/longcycle_formal/db_LC20-R6-T64-STATIC/004567.sst,0,345264100,328094,43386
637.46,compaction,2296,kCompaction,5,6,/home/wam/grad/s14-range-delete-study/scratch/longcycle_formal/db_LC20-R6-T64-STATIC/004560.sst,0,503296520,478274,92763
638.62,compaction,2299,kCompaction,5,6,/home/wam/grad/s14-range-delete-study/scratch/longcycle_formal/db_LC20-R6-T64-STATIC/004576.sst,0,333623906,317039,7377
640.00,compaction,2301,kCompaction,5,6,/home/wam/grad/s14-range-delete-study/scratch/longcycle_formal/db_LC20-R6-T64-STATIC/004586.sst,0,304827583,289673,68860
640.30,compaction,2300,kCompaction,5,6,/home/wam/grad/s14-range-delete-study/scratch/longcycle_formal/db_LC20-R6-T64-STATIC/004583.sst,0,395951944,376266,101198
641.96,compaction,2302,kCompaction,5,6,/home/wam/grad/s14-range-delete-study/scratch/longcycle_formal/db_LC20-R6-T64-STATIC/004592.sst,0,536988422,510289,131727
643.87,compaction,2303,kCompaction,5,6,/home/wam/grad/s14-range-delete-study/scratch/longcycle_formal/db_LC20-R6-T64-STATIC/004604.sst,0,338212899,321393,70060
644.93,compaction,2304,kCompaction,5,6,/home/wam/grad/s14-range-delete-study/scratch/longcycle_formal/db_LC20-R6-T64-STATIC/004609.sst,0,202925125,192839,41659
647.56,compaction,2305,kCompaction,5,6,/home/wam/grad/s14-range-delete-study/scratch/longcycle_formal/db_LC20-R6-T64-STATIC/004612.sst,0,491302801,466872,108646
650.08,compaction,2306,kCompaction,5,6,/home/wam/grad/s14-range-delete-study/scratch/longcycle_formal/db_LC20-R6-T64-STATIC/004620.sst,0,497466899,472735,4305
