exp_id,group_name,second_idx,phase,get_ctrl_ops,get_ctrl_p50_us,get_ctrl_p95_us,get_ctrl_p99_us,get_aff_ops,get_aff_p50_us,get_aff_p95_us,get_aff_p99_us,scan_ops,scan_p50_us,scan_p95_us,scan_p99_us,scan_avg_keys,scan_us_per_key,put_ops,put_p50_us,put_p95_us,put_p99_us,del_range_ops,del_range_p99_us,total_ops,overall_iops,active_memtable_mb,immutable_memtable_count,memtable_flush_pending,l0_files,pending_compaction_mb,running_flushes,running_compactions,total_sst_mb,compaction_read_mb_delta,compaction_write_mb_delta,flush_write_mb_delta,write_stall_micros_delta,block_cache_hits,block_cache_misses,block_cache_hit_rate,tombstones_dropped_delta,db_dir_mb
p6_d0_clean_rep1,D0,1,warmup,98902,11.839,19.059,27.41,49558,11.787,19.035,27.214,39684,132.397,270.342,430.322,60.2013,2.34888,10014,18.126,33.135,51.782,0,0,198158,198158,11.002,0,0,0,0,0,0,602.135,0,0,0,0,197119,624444,23.9932,0,612.4
p6_d0_clean_rep1,D0,2,warmup,117891,10.664,14.9,19.091,58679,10.588,14.738,18.963,47373,117.515,213.496,246.109,59.9719,1.98832,11697,16.202,28.738,37.531,0,0,235640,235640,23.0021,0,0,0,0,0,0,602.135,0,0,0,0,239385,735062,24.5662,0,624.257
p6_d0_clean_rep1,D0,3,warmup,116383,10.89,14.874,20.192,58385,10.819,14.855,20.066,46837,118.889,216.508,239.666,60.0974,2.00697,11579,16.529,28.915,37.739,0,0,233184,233184,35.0022,0,0,0,0,0,0,602.135,0,0,0,0,235879,726127,24.5195,0,635.997
p6_d0_clean_rep1,D0,4,warmup,114710,10.944,16.037,19.75,57318,10.862,15.976,19.799,45974,119.788,229.01,270.564,59.9549,2.04993,11354,17.256,30.418,38.224,0,0,229356,229356,47.0023,0,0,0,0,0,0,602.135,0,0,0,0,231890,707653,24.6811,0,647.505
p6_d0_clean_rep1,D0,5,warmup,113979,10.984,16.033,19.895,57234,10.879,15.965,19.809,46072,119.839,229.932,266.764,59.649,2.06059,11422,17.066,30.119,37.327,0,0,228707,228707,58.0024,0,0,0,0,0,0,602.135,0,0,0,0,229368,704692,24.556,0,659.084
p6_d0_clean_rep1,D0,6,warmup,109858,10.992,16.633,20.627,55403,10.91,16.565,20.448,43589,127.637,243.765,278.75,59.8296,2.18324,10900,16.829,29.476,37.917,0,0,219750,219750,6.002,0,0,0,0,0,0,661.45,0,0,59.3158,0,221102,703307,23.9182,0,666.395
p6_d0_clean_rep1,D0,7,warmup,103716,10.845,16.353,20.533,51474,10.756,16.268,20.342,41129,138.747,260.403,305.741,60.0599,2.35443,10295,15.688,27.1,34.024,0,0,206614,206614,18.0021,0,0,0,0,0,0,661.45,0,0,0,0,223330,734470,23.317,0,676.829
p6_d0_clean_rep1,D0,8,warmup,102739,11.05,16.459,20.455,51420,10.952,16.334,20.42,41292,138.537,255.738,302.668,60.1283,2.34576,10318,15.825,26.97,33.587,0,0,205769,205769,31.0022,0,0,0,0,0,0,661.45,0,0,0,0,224509,733873,23.4258,0,687.287
p6_d0_clean_rep1,D0,9,warmup,101064,11.271,16.815,21.593,50516,11.173,16.817,21.402,40679,140.785,265.829,306.028,60.0906,2.3868,10266,16.243,27.733,34.655,0,0,202525,202525,43.0023,0,0,0,0,0,0,661.45,0,0,0,0,216922,723349,23.0702,0,697.697
p6_d0_clean_rep1,D0,10,warmup,99524,11.518,17.254,21.585,49727,11.414,17.231,21.785,39695,143.842,276.187,311.598,60.1662,2.43645,10142,17.054,29.706,36.969,0,0,199088,199088,55.0024,0,0,0,0,0,0,661.45,0,0,0,0,214185,703717,23.3342,0,707.981
p6_d0_clean_rep1,D0,11,main,98571,11.509,17.724,23.799,49290,11.39,17.588,23.392,39763,142.583,271.335,317.237,59.9625,2.42994,9850,17.06,30.069,38.502,0,0,197474,197474,3.00198,0,0,0,0,0,0,713.412,0,0,51.9619,0,213035,702104,23.279,0,715.088
p6_d0_clean_rep1,D0,12,main,95272,11.089,15.676,20.64,47436,10.997,15.57,20.55,38124,155.192,271.177,297.82,60.1313,2.60082,9427,15.341,25.318,31.438,0,0,190259,190259,14.0021,0,0,0,0,0,0,713.412,0,0,0,0,217050,763776,22.1293,0,724.641
p6_d0_clean_rep1,D0,13,main,93006,11.428,16.315,21.234,46870,11.383,16.103,21.181,37707,156.994,271.721,298.526,59.9936,2.636,9246,15.748,26.163,34.083,0,0,186829,186829,25.0021,0,0,0,0,0,0,713.412,0,0,0,0,212575,752511,22.0265,0,734.02
p6_d0_clean_rep1,D0,14,main,93723,11.563,16.65,21.474,46551,11.511,16.447,21.205,37557,156.185,273.321,306.114,59.9916,2.63156,9340,15.996,27.039,34.444,0,0,187171,187171,36.0022,0,0,0,0,0,0,713.412,0,0,0,0,213292,746226,22.2291,0,743.488
p6_d0_clean_rep1,D0,15,main,91528,11.773,17.159,22.035,46133,11.696,17.095,21.712,37036,157.5,279.112,328.397,59.6298,2.67875,9122,16.441,28.062,35.106,0,0,183819,183819,47.0023,0,0,0,0,0,0,713.412,0,0,0,0,208733,731471,22.2008,0,752.734
p6_d0_clean_rep1,D0,16,main,92469,11.786,17.216,22.063,46519,11.738,17.15,22.106,36805,158.433,277.019,324.559,59.9143,2.6657,9251,16.897,28.774,36.541,0,0,185044,185044,57.0024,0,0,0,0,0,0,713.412,0,0,0,0,206958,730890,22.0673,0,762.113
p6_d0_clean_rep1,D0,17,main,93403,11.642,16.745,22.067,46554,11.569,16.619,21.616,36766,159.961,280.233,310.193,59.8066,2.70209,9201,16.216,27.412,34.697,0,0,185924,185924,5.00199,0,0,0,0,0,0,765.002,0,0,51.5895,0,206230,751116,21.5418,0,768.554
p6_d0_clean_rep1,D0,18,main,86566,11.42,16.333,21.771,43286,11.381,16.087,22.081,34667,173.729,298.597,327.276,60.0921,2.89088,8670,15.785,25.648,31.818,0,0,173189,173189,15.0021,0,0,0,0,0,0,765.002,0,0,0,0,206797,768484,21.2038,0,777.343
p6_d0_clean_rep1,D0,19,main,85692,11.66,16.967,22.315,42800,11.63,17.013,22.398,34521,174.381,301.006,337.578,60.1369,2.91795,8679,15.976,26.282,32.98,0,0,171692,171692,25.0021,0,0,0,0,0,0,765.002,0,0,0,0,203136,765445,20.9725,0,786.144
p6_d0_clean_rep1,D0,20,main,86005,11.82,16.87,22.311,42808,11.747,16.739,22.518,34528,174.091,299.918,327.711,60.0782,2.9139,8722,16.234,26.467,33.146,0,0,172063,172063,36.0022,0,0,0,0,0,0,765.002,0,0,0,0,201589,765087,20.8538,0,794.985
p6_d0_clean_rep1,D0,21,main,86334,11.922,16.75,22.288,43248,11.88,16.594,22.245,34540,174.131,299.605,326.513,60.2326,2.90519,8768,16.225,26.001,32.816,0,0,172890,172890,46.0023,0,0,0,0,0,0,765.002,0,0,0,0,202139,765256,20.8952,0,803.872
p6_d0_clean_rep1,D0,22,main,81696,12.137,19.137,26.47,40877,12.074,18.946,26.361,32877,179.623,326.167,387.683,60.0538,3.04191,8117,18.113,31.182,41.305,0,0,163567,163567,56.0024,0,0,0,0,0,0,765.002,0,0,0,0,192331,724752,20.972,0,812.108
p6_d0_clean_rep1,D0,23,main,81490,12.34,19.011,24.817,40277,12.234,18.816,24.59,32720,181.425,339.301,386.963,60.0784,3.07585,8096,18.293,30.73,37.986,0,0,162583,162583,2.00197,0,0,0,253.692,0,1,816.214,1.78924,0,51.213,0,189647,723513,20.7682,0,819.504
p6_d0_clean_rep1,D0,24,main,75686,12.178,19.139,25.798,38224,12.09,18.847,25.308,30594,193.035,365.223,428.986,59.9956,3.31653,7545,16.744,28.838,35.896,0,0,152049,152049,11.002,0,0,0,0,0,0,688.419,200.453,125.896,0,0,182982,771173,19.1774,0,697.367
p6_d0_clean_rep1,D0,25,main,99253,11.129,16.619,20.861,49609,11.016,16.485,20.638,39750,143.377,269.636,316.353,60.0235,2.43539,9823,15.984,26.97,33.78,0,0,198435,198435,22.0021,0,0,0,0,0,0,688.419,0,0,0,0,171589,738364,18.8569,0,707.323
p6_d0_clean_rep1,D0,26,main,99421,11.271,16.74,20.961,49734,11.155,16.586,20.732,40296,141.559,271.328,317.266,59.7012,2.4344,9948,16.426,27.615,34.286,0,0,199399,199399,32.0022,0,0,0,0,0,0,688.419,0,0,0,0,173619,740583,18.9913,0,717.408
p6_d0_clean_rep1,D0,27,main,100694,11.327,16.885,21.063,50783,11.22,16.617,20.659,40140,141.868,267.407,317.024,59.7827,2.42799,10037,16.298,28.071,34.639,0,0,201654,201654,42.0023,0,0,0,0,0,0,688.419,0,0,0,0,172693,739732,18.9268,0,727.585
p6_d0_clean_rep1,D0,28,main,100755,11.373,16.925,20.869,50334,11.306,16.963,20.765,39810,143.794,269.292,318.814,59.8663,2.44363,9897,16.514,28.477,36.024,0,0,200796,200796,52.0023,0,0,0,0,0,0,688.419,0,0,0,0,169225,735201,18.7108,0,737.615
p6_d0_clean_rep1,D0,29,main,98999,11.463,17.096,21.274,49590,11.327,16.892,20.992,39572,144.004,271.692,319.367,60.0403,2.44646,9976,17.132,29.472,38.036,0,0,198137,198137,62.0024,0,0,0,0,0,0,688.419,0,0,0,0,170394,726455,18.9992,0,747.732
p6_d0_clean_rep1,D0,30,main,93543,11.311,16.984,21.71,46677,11.245,16.847,21.463,37690,156.112,284.313,328.798,60.1808,2.63253,9475,15.759,27.07,35.205,0,0,187385,187385,10.002,0,0,0,0,0,0,746.018,0,0,57.5989,0,167460,755278,18.1482,0,753.793
p6_d0_clean_rep1,D0,31,main,92882,11.345,15.69,21.249,46157,11.275,15.376,20.956,37246,160.482,282.666,307.797,60.0687,2.68471,9459,15.561,25.175,31.655,0,0,185744,185744,22.0021,0,0,0,0,0,0,746.018,0,0,0,0,170333,778299,17.9556,0,763.381
p6_d0_clean_rep1,D0,32,main,91110,11.621,16.494,21.613,45687,11.549,16.383,21.527,36567,163.192,287.741,322.7,60.2427,2.72391,9189,15.926,26.39,32.621,0,0,182553,182553,32.0022,0,0,0,0,0,0,746.018,0,0,0,0,167434,764097,17.9741,0,772.697
p6_d0_clean_rep1,D0,33,main,92596,11.646,16.023,21.683,46375,11.562,15.806,21.492,37225,159.65,283.484,307.271,59.8174,2.69074,9253,15.919,26.102,32.716,0,0,185449,185449,44.0023,0,0,0,0,0,0,746.018,0,0,0,0,170764,770614,18.1398,0,782.078
p6_d0_clean_rep1,D0,34,main,91389,11.796,16.606,21.858,45405,11.7,16.542,21.801,36543,162.489,287.551,319.816,60.2788,2.72594,9041,16.274,26.965,33.495,0,0,182378,182378,55.0024,0,0,0,0,0,0,746.018,0,0,0,0,167245,760357,18.0298,0,791.249
p6_d0_clean_rep1,D0,35,main,89427,11.893,17.126,22.225,45081,11.81,16.932,22.193,36255,162.886,290.622,330.945,59.9319,2.75,8879,16.727,28.558,37.634,0,0,179642,179642,64.0024,0,0,0,0,0,0,746.018,0,0,0,0,163870,748884,17.9534,0,800.244
p6_d0_clean_rep1,D0,36,main,84763,11.593,17.34,22.76,42085,11.54,17.199,22.577,33953,177.452,315.881,355.404,59.9888,2.99351,8429,15.722,25.767,33.342,0,0,169230,169230,10.002,0,0,0,0,0,0,797.411,0,0,51.3936,0,162538,770365,17.4228,0,805.977
p6_d0_clean_rep1,D0,37,main,83285,11.822,16.9,22.762,41938,11.764,16.645,22.296,33778,180.065,314.619,343.989,59.7352,3.0319,8293,16.081,25.981,32.285,0,0,167294,167294,19.0021,0,0,0,0,0,0,797.411,0,0,0,0,162795,773689,17.3836,0,814.383
p6_d0_clean_rep1,D0,38,main,82180,12.168,17.115,22.673,41351,12.108,16.813,22.612,32633,182.593,316.932,340.56,59.7438,3.06928,8204,16.209,26.2,31.786,0,0,164368,164368,27.0022,0,0,0,0,0,0,797.411,0,0,0,0,156777,749923,17.2909,0,822.709
p6_d0_clean_rep1,D0,39,main,84010,12.224,17.246,22.885,42037,12.166,17.001,23.009,33207,182.74,316.328,343.245,59.8736,3.06062,8246,16.404,26.818,33.534,0,0,167500,167500,36.0022,0,0,0,0,0,0,797.411,0,0,0,0,158275,764351,17.1548,0,831.065
p6_d0_clean_rep1,D0,40,main,83761,12.278,17.371,23.14,41688,12.224,17.092,22.788,33374,182.033,315.297,340.351,60.0551,3.04455,8401,16.339,26.752,33.189,0,0,167224,167224,44.0023,0,0,0,0,0,0,797.411,0,0,0,0,160367,765781,17.3155,0,839.582
p6_d0_clean_rep1,D0,41,main,82388,12.366,17.428,23.459,41166,12.298,17.358,23.156,33066,183.416,317.581,344.238,60.1125,3.0569,8289,16.526,26.959,34.207,0,0,164909,164909,53.0024,0,0,0,0,0,0,797.411,0,0,0,0,159703,756124,17.4381,0,847.985
p6_d0_clean_rep1,D0,42,main,82655,12.37,17.542,23.368,41435,12.3,17.236,23.016,33292,183.169,317.313,344.745,60.0713,3.06223,8352,16.662,27.331,33.872,0,0,165734,165734,61.0024,0,0,0,0,0,0,797.411,0,0,0,0,156274,762649,17.0062,0,856.448
p6_d0_clean_rep1,D0,43,main,78941,12.123,18.408,24.064,39344,12.078,18.026,23.513,31878,191.415,336.642,399.718,60.2277,3.212,8140,16.318,27.374,34.592,0,0,158303,158303,6.002,0,0,0,0,0,0,856.109,0,0,58.6975,0,154940,766816,16.8092,0,861.127
p6_d0_clean_rep1,D0,44,main,76671,11.991,17.798,23.603,38359,11.945,17.609,23.491,30694,201.809,346.808,383.937,60.062,3.37318,7710,16.238,26.193,33.373,0,0,153434,153434,15.0021,0,0,0,0,0,0,856.109,0,0,0,0,152465,784042,16.2802,0,868.947
p6_d0_clean_rep1,D0,45,main,76119,12.316,18.257,24.114,38035,12.249,17.942,23.65,30537,201.341,345.46,374.757,59.8581,3.376,7546,16.249,26.499,33.233,0,0,152237,152237,24.0021,0,0,0,0,0,0,856.109,0,0,0,0,152863,775090,16.4731,0,876.598
p6_d0_clean_rep1,D0,46,main,75262,12.475,18.724,24.928,37329,12.434,18.528,24.832,30061,204.731,353.978,402.974,60.1952,3.43045,7432,17.033,28.322,35.644,0,0,150084,150084,33.0022,0,0,0,0,0,0,856.109,0,0,0,0,148018,767591,16.1661,0,884.132
p6_d0_clean_rep1,D0,47,main,74620,12.558,18.638,24.783,37596,12.532,18.562,24.389,30220,204.016,354.626,400.736,60.0986,3.42003,7475,17.342,28.672,36.065,0,0,149911,149911,43.0023,0,0,0,0,0,0,856.109,0,0,0,0,147810,769327,16.1165,0,891.705
p6_d0_clean_rep1,D0,48,main,76238,12.459,18.58,24.309,38178,12.418,18.159,24.213,30477,200.731,347.614,383.215,60.0653,3.3669,7493,16.889,27.56,35.2,0,0,152386,152386,51.0023,0,0,0,0,0,0,856.109,0,0,0,0,150811,772485,16.334,0,899.306
p6_d0_clean_rep1,D0,49,main,75471,12.611,18.759,25.107,37534,12.572,18.633,24.401,30464,201.457,351.845,388.523,59.8933,3.40339,7658,17.548,28.908,36.078,0,0,151127,151127,60.0024,0,0,0,0,0,0,856.109,0,0,0,0,150478,768860,16.3681,0,907.067
p6_d0_clean_rep1,D0,50,main,72352,12.718,18.975,25.401,36499,12.659,18.879,24.976,29206,212.174,368.045,403.669,59.4084,3.60189,7127,17.037,28.528,36.058,0,0,145184,145184,5.00199,0,0,0,579.284,0,1,907.575,116.142,42,51.4668,0,150195,794338,15.9015,0,959.436
p6_d0_clean_rep1,D0,51,main,83504,11.855,17.388,23.708,42122,11.812,17.26,23.318,33296,174.522,366.524,413.454,59.9604,3.03398,8346,15.64,25.789,32.107,0,0,167268,167268,16.0021,0,0,0,0,0,0,688.419,170.114,83.8965,0,0,156510,794700,16.4538,0,700.75
p6_d0_clean_rep1,D0,52,main,102194,11.503,15.387,20.713,50955,11.416,15.284,20.785,40242,144.295,257.57,288.057,59.9422,2.42782,10138,15.263,25.967,33.237,0,0,203529,203529,28.0022,0,0,0,0,0,0,688.419,0,0,0,0,173849,748039,18.8579,0,711.029
p6_d0_clean_rep1,D0,53,main,103937,11.423,14.742,20.271,52053,11.342,14.561,19.947,41723,139.981,248.93,268.528,59.9878,2.34742,10347,14.942,25.154,31.424,0,0,208060,208060,40.0023,0,0,0,0,0,0,688.419,0,0,0,0,180830,770064,19.0168,0,721.515
p6_d0_clean_rep1,D0,54,main,99910,11.592,15.752,20.862,49810,11.54,15.637,20.702,40210,145.08,258.265,282.873,60.1668,2.42997,10140,15.865,26.699,33.327,0,0,200070,200070,52.0023,0,0,0,0,0,0,688.419,0,0,0,0,171337,743801,18.7225,0,731.795
p6_d0_clean_rep1,D0,55,main,99600,11.646,15.631,20.891,49754,11.58,15.517,20.482,40183,145.132,259.196,280.218,60.2684,2.43055,10214,16.296,27.333,34.275,0,0,199751,199751,64.0024,0,0,0,0,0,0,688.419,0,0,0,0,172584,740893,18.8931,0,742.152
p6_d0_clean_rep1,D0,56,main,93638,11.539,15.799,21.214,46776,11.481,15.709,21.08,37404,159.035,280.15,305.068,59.9108,2.67369,9225,15.125,25.179,31.583,0,0,187043,187043,12.002,0,0,0,0,0,0,739.618,0,0,51.199,0,170565,762121,18.2875,0,748.75
p6_d0_clean_rep1,D0,57,main,87742,11.804,17.938,23.584,43590,11.744,17.888,23.691,35277,166.156,307.306,365.318,60.0992,2.83006,8830,16.494,28.88,35.779,0,0,175439,175439,23.0021,0,0,0,0,0,0,739.618,0,0,0,0,162722,729936,18.2289,0,757.695
p6_d0_clean_rep1,D0,58,main,89209,11.687,17.749,22.521,44827,11.594,17.558,22.411,35886,163.375,304.861,357.467,60.0509,2.772,8860,17.242,29.42,37.807,0,0,178782,178782,32.0022,0,0,0,0,0,0,739.618,0,0,0,0,165874,740249,18.3059,0,766.678
p6_d0_clean_rep1,D0,59,main,89837,11.777,17.726,22.159,45034,11.709,17.588,22.028,35963,163.127,303.179,353.731,60.0764,2.76237,8846,17.192,29.325,37.04,0,0,179680,179680,41.0023,0,0,0,0,0,0,739.618,0,0,0,0,166334,740344,18.3454,0,775.643
p6_d0_clean_rep1,D0,60,main,88873,11.892,17.928,22.586,44268,11.812,17.754,22.107,35988,162.234,307.491,358.405,59.8464,2.77636,8991,17.353,29.182,36.516,0,0,178120,178120,50.0023,0,0,0,0,0,0,739.618,0,0,0,0,166308,734602,18.46,0,784.762
p6_d0_clean_rep1,D0,61,main,89316,11.966,17.823,22.485,45033,11.878,17.697,22.635,35792,162.281,298.854,354.867,59.6005,2.78243,8860,17.199,29.696,37.331,0,0,179001,179001,60.0024,0,0,0,0,0,0,739.618,0,0,0,0,162829,730368,18.2299,0,793.741
p6_d0_clean_rep1,D0,62,main,86699,11.995,18.319,23.771,43515,11.879,18.386,23.704,34303,170.584,325.787,374.475,59.7131,2.92562,8571,17.559,30.145,38.253,0,0,173088,173088,5.00199,0,0,0,0,0,0,795.197,0,0,55.5792,0,157750,728260,17.8045,0,799.097
p6_d0_clean_rep1,D0,63,main,82468,11.727,17.97,23.526,41095,11.649,17.825,23.46,32706,183.034,339.002,393.719,60.116,3.0997,8236,16.287,27.598,33.74,0,0,164505,164505,14.0021,0,0,0,0,0,0,795.197,0,0,0,0,159675,753496,17.4858,0,807.444
p6_d0_clean_rep1,D0,64,main,81579,11.905,18.143,23.545,40890,11.804,18.031,23.315,32794,183.392,337.051,388.723,60.0481,3.09782,8116,16.545,27.746,33.717,0,0,163379,163379,24.0021,0,0,0,0,0,0,795.197,0,0,0,0,159285,752657,17.4666,0,815.671
p6_d0_clean_rep1,D0,65,main,82246,11.99,18.162,23.3,41093,11.935,17.99,23.249,33026,181.457,328.896,388.02,60.0884,3.06915,8349,16.73,28.082,35.129,0,0,164714,164714,33.0022,0,0,0,0,0,0,795.197,0,0,0,0,159773,756867,17.4303,0,824.139
p6_d0_clean_rep1,D0,66,main,77516,12.212,18.407,23.684,38497,12.13,18.186,23.674,31160,183.924,332.868,389.926,60.1411,3.10368,7896,16.742,28.474,34.945,0,0,155069,155069,43.0023,0,0,0,0,0,0,795.197,0,0,0,0,148739,714856,17.2232,0,832.143
p6_d0_clean_rep1,D0,67,main,79483,12.441,18.785,24.424,39886,12.392,18.889,24.242,31715,187.095,348.728,399.9,60.2179,3.16718,8071,17.308,29.303,36.657,0,0,159155,159155,52.0023,0,0,0,0,0,0,795.197,0,0,0,0,152149,726958,17.3072,0,840.323
p6_d0_clean_rep1,D0,68,main,81458,12.296,18.506,23.821,40696,12.206,18.421,23.802,32815,183.085,334.354,389.932,60.0623,3.09298,8087,17.406,29.12,36.334,0,0,163056,163056,62.0024,0,0,0,0,0,0,795.197,0,0,0,0,157260,749137,17.35,0,848.522
p6_d0_clean_rep1,D0,69,main,78529,12.013,18.547,24.341,38895,11.95,18.307,23.989,31636,192.586,343.401,395.691,60.0714,3.24698,7839,16.271,26.686,32.137,0,0,156899,156899,8.00201,0,0,0,0,0,0,847.618,0,0,52.4213,0,153853,769410,16.664,0,853.542
p6_d0_clean_rep1,D0,70,main,77163,11.941,17.863,23.363,38998,11.92,17.638,23.608,31055,199.037,342.71,380.346,60.0268,3.32715,7663,16.3,26.232,32.955,0,0,154879,154879,17.0021,0,0,0,0,0,0,847.618,0,0,0,0,154855,785310,16.471,0,861.313
p6_d0_clean_rep1,D0,71,cooldown,75586,12.429,18.59,24.479,37719,12.375,18.241,23.639,30353,202.012,350.833,397.748,60.0191,3.39883,7494,16.622,26.828,33.918,0,0,151152,151152,26.0022,0,0,0,0,0,0,847.618,0,0,0,0,152456,764272,16.6305,0,868.915
p6_d0_clean_rep1,D0,72,cooldown,76891,12.429,18.144,24.066,38360,12.391,17.722,23.443,30922,199.641,344.228,373.552,59.9191,3.35744,7713,16.373,26.502,32.22,0,0,153886,153886,35.0022,0,0,0,0,0,0,847.618,0,0,0,0,155122,776063,16.6586,0,876.734
p6_d0_clean_rep1,D0,73,cooldown,75865,12.682,18.21,24.397,38188,12.64,18.228,24.111,30738,201.207,346.961,377.352,59.5713,3.39849,7482,16.639,26.67,34.16,0,0,152273,152273,43.0023,0,0,0,0,0,0,847.618,0,0,0,0,151832,768683,16.4942,0,884.318
p6_d0_clean_rep1,D0,74,cooldown,76922,12.505,18.725,24.59,38710,12.484,18.647,24.422,30550,200.138,346.428,382.548,59.8521,3.37057,7709,16.977,27.852,35.313,0,0,153891,153891,52.0023,0,0,0,0,0,0,847.618,0,0,0,0,151471,767613,16.4806,0,892.129
p6_d0_clean_rep1,D0,75,cooldown,77920,12.548,18.636,24.26,38888,12.538,18.48,24.494,30698,201.046,345.858,381.279,59.7719,3.3748,7616,17.212,27.921,34.771,0,0,155122,155122,62.0024,0,0,0,0,0,0,847.618,0,0,0,0,150995,770351,16.3885,0,899.85
p6_d0_clean_rep1,D0,76,cooldown,72843,12.495,19.431,25.482,36315,12.424,19.118,25.254,29097,212.732,372.115,434.753,60.0643,3.58333,7341,16.673,27.385,34.589,0,0,145596,145596,6.002,0,0,0,553.101,0,1,899.49,164.554,61,51.8724,0,157767,806801,16.3562,0,966.516
p6_d0_clean_rep1,D0,77,cooldown,83779,11.862,18.247,24.129,42023,11.791,18.25,24.455,33581,173.313,360.872,436.287,60.1434,2.99339,8391,16.03,27.251,33.616,0,0,167774,167774,16.0021,0,0,0,0,0,0,688.419,112.54,64.8965,0,0,155205,764042,16.8839,0,701.836
p6_d0_clean_rep1,D0,78,cooldown,101559,11.329,15.036,20.48,50690,11.278,14.921,20.247,40932,143.314,254.753,273.318,60.111,2.40159,10270,15.323,25.446,31.484,0,0,203451,203451,28.0022,0,0,0,0,0,0,688.419,0,0,0,0,176044,759278,18.8218,0,712.246
p6_d0_clean_rep1,D0,79,cooldown,103066,11.283,14.997,20.278,51493,11.205,14.851,20.016,41330,141.396,251.968,270.437,60.2362,2.36611,10532,15.442,25.633,32.466,0,0,206421,206421,40.0023,0,0,0,0,0,0,688.419,0,0,0,0,178116,766610,18.8537,0,722.924
p6_d0_clean_rep1,D0,80,cooldown,102212,11.393,16.026,20.511,51151,11.294,15.87,20.456,40975,142.655,255.549,287.393,60.0113,2.3967,10205,15.852,26.463,33.902,0,0,204543,204543,53.0024,0,0,0,0,0,0,688.419,0,0,0,0,176123,755861,18.8976,0,733.271
p6_d0_clean_rep2,D0,1,warmup,99084,12.35,16.696,22.74,49655,12.279,16.582,22.503,39762,134.194,243.05,404.789,60.2046,2.33463,10023,18.128,36.678,130.682,0,0,198524,198524,11.002,0,0,0,0,0,0,602.158,0,0,0,0,198733,627353,24.0572,0,612.435
p6_d0_clean_rep2,D0,2,warmup,109285,11.38,16.227,20.101,54500,11.167,16.18,19.736,43825,124.903,247.893,271.221,59.9616,2.14342,10889,17.787,30.805,39.172,0,0,218499,218499,22.0021,0,0,0,0,0,0,602.158,0,0,0,0,222783,682486,24.6096,0,623.469
p6_d0_clean_rep2,D0,3,warmup,112637,10.831,16.2,19.896,56408,10.759,16.197,19.893,45410,121.402,236.89,274.026,60.1085,2.07102,11172,17.259,30.87,39.259,0,0,225627,225627,34.0022,0,0,0,0,0,0,602.158,0,0,0,0,230222,705705,24.5983,0,634.797
p6_d0_clean_rep2,D0,4,warmup,114655,10.803,16.146,19.602,57325,10.733,16.079,19.607,45970,119.802,233.536,271.824,60.0134,2.04811,11310,17.092,30.579,38.368,0,0,229260,229260,45.0023,0,0,0,0,0,0,602.158,0,0,0,0,232560,711504,24.6339,0,646.266
p6_d0_clean_rep2,D0,5,warmup,113410,10.876,16.226,19.691,56935,10.777,16.107,19.623,45899,119.177,231.559,271.807,59.6603,2.05599,11358,17.084,30.533,39.704,0,0,227602,227602,57.0024,0,0,0,0,0,0,602.158,0,0,0,0,230286,703866,24.6519,0,657.775
p6_d0_clean_rep2,D0,6,warmup,110057,11.034,17.077,22.454,55335,10.917,16.938,22.668,43764,126.24,244.919,284.078,59.7929,2.16849,11004,16.829,30.331,38.934,0,0,220160,220160,5.00199,0,0,0,0,0,0,661.366,0,0,59.2075,0,220562,696771,24.0438,0,665.204
p6_d0_clean_rep2,D0,7,warmup,106840,10.815,14.509,19.847,53202,10.738,14.357,19.549,42240,137.692,243.639,265.165,60.0147,2.30214,10586,15.235,25.11,31.507,0,0,212868,212868,15.0021,0,0,0,0,0,0,661.366,0,0,0,0,229902,757484,23.2839,0,675.94
p6_d0_clean_rep2,D0,8,warmup,105517,10.968,14.822,19.902,52733,10.902,14.704,19.848,42371,137.427,241.157,262.317,60.1026,2.29588,10583,15.314,25.704,31.994,0,0,211204,211204,26.0022,0,0,0,0,0,0,661.366,0,0,0,0,230544,755316,23.3851,0,686.666
p6_d0_clean_rep2,D0,9,warmup,104821,11.118,14.974,20.091,52380,11.05,14.896,20.101,42180,137.798,242.401,262.782,60.1555,2.30539,10616,15.674,26.155,32.712,0,0,209997,209997,37.0022,0,0,0,0,0,0,661.366,0,0,0,0,227096,751927,23.1962,0,697.428
p6_d0_clean_rep2,D0,10,warmup,105497,11.158,15.204,19.978,52765,11.065,15.046,19.841,42181,137.813,241.717,262.808,60.117,2.30241,10763,15.893,27.039,34.696,0,0,211206,211206,48.0023,0,0,0,0,0,0,661.366,0,0,0,0,227994,749191,23.3317,0,708.34
p6_d0_clean_rep2,D0,11,main,104198,11.273,15.041,20.196,52052,11.17,14.928,20.227,42022,138.044,243.587,262.676,59.9278,2.31414,10389,16.028,27.015,35.126,0,0,208661,208661,59.0024,0,0,0,0,0,0,661.366,0,0,0,0,225818,741393,23.3473,0,718.874
p6_d0_clean_rep2,D0,12,main,100588,11.2,15.838,20.672,50074,11.116,15.814,20.644,40175,145.049,256.408,288.745,60.1772,2.43301,9974,15.832,26.95,34.331,0,0,200811,200811,6.002,0,0,0,0,0,0,720.522,0,0,59.1563,0,218778,745713,22.6833,0,725.288
p6_d0_clean_rep2,D0,13,main,93526,11.147,15.497,20.96,47025,11.055,15.212,20.502,37842,157.406,274.635,302.727,59.9567,2.63917,9275,15.272,25.037,31.127,0,0,187668,187668,17.0021,0,0,0,0,0,0,720.522,0,0,0,0,213594,765265,21.8207,0,734.69
p6_d0_clean_rep2,D0,14,main,93720,11.319,15.691,21.299,46714,11.249,15.581,21.087,37676,157.281,275.681,301.762,59.9944,2.64186,9383,15.594,25.754,32.175,0,0,187493,187493,28.0022,0,0,0,0,0,0,720.522,0,0,0,0,213216,760359,21.9003,0,744.205
p6_d0_clean_rep2,D0,15,main,93697,11.426,15.717,21.197,47028,11.359,15.512,21.123,37812,156.033,273.462,296.301,59.6173,2.64204,9335,15.777,26.248,32.826,0,0,187872,187872,39.0023,0,0,0,0,0,0,720.522,0,0,0,0,212220,758601,21.8598,0,753.671
p6_d0_clean_rep2,D0,16,main,93961,11.582,15.965,21.394,47498,11.526,15.872,21.429,37371,158.432,274.58,298.789,59.868,2.65961,9345,15.993,26.569,34.716,0,0,188175,188175,50.0023,0,0,0,0,0,0,720.522,0,0,0,0,208785,753811,21.6898,0,763.149
p6_d0_clean_rep2,D0,17,main,92398,11.949,16.251,22.137,45953,11.9,16.073,21.681,36416,162.51,278.462,300.603,59.9608,2.71119,9174,16.067,27.228,34.771,0,0,183941,183941,60.0024,0,0,0,0,0,0,720.522,0,0,0,0,204207,733337,21.7811,0,772.449
p6_d0_clean_rep2,D0,18,main,85106,11.943,17.844,23.343,42622,11.858,17.665,23.563,34237,176.282,303.377,345.803,60.0151,2.94036,8458,16.108,28.08,35.575,0,0,170423,170423,8.00201,0,0,0,0,0,0,772.494,0,0,51.9718,0,196026,730232,21.1632,0,778.127
p6_d0_clean_rep2,D0,19,main,77566,12.846,18.575,25.849,38751,12.733,18.547,26.37,31130,189.641,350.505,393.773,60.2261,3.24263,7889,18.122,30.15,38.718,0,0,155336,155336,17.0021,0,0,0,0,0,0,772.494,0,0,0,0,183765,700431,20.7833,0,786.121
p6_d0_clean_rep2,D0,20,main,82541,11.735,17.97,24.097,41023,11.645,17.854,23.713,33214,179.985,330.473,383.031,60.0496,3.03896,8398,17.256,29.525,35.951,0,0,165176,165176,27.0022,0,0,0,0,0,0,772.494,0,0,0,0,193205,746150,20.5678,0,794.636
p6_d0_clean_rep2,D0,21,main,83068,11.83,18.138,23.519,41608,11.769,17.948,23.312,33157,179.573,329.367,383.886,60.2066,3.03585,8422,17.062,29.082,35.777,0,0,166255,166255,37.0022,0,0,0,0,0,0,772.494,0,0,0,0,194341,744049,20.71,0,803.172
p6_d0_clean_rep2,D0,22,main,82484,11.901,18.272,23.887,41306,11.813,18.016,23.239,33229,180.11,330.676,383.977,60.0266,3.04327,8217,17.579,29.747,36.144,0,0,165236,165236,48.0023,0,0,0,0,0,0,772.494,0,0,0,0,194646,742215,20.7764,0,811.505
p6_d0_clean_rep2,D0,23,main,82059,12.084,18.284,24.123,40595,11.981,18.191,24.172,32871,180.392,329.875,382.16,60.0831,3.05634,8100,17.84,29.357,36.89,0,0,163625,163625,58.0024,0,0,0,0,0,0,772.494,0,0,0,0,190128,735340,20.544,0,819.715
p6_d0_clean_rep2,D0,24,main,80632,12.104,18.691,24.324,40662,12.027,18.524,24.015,32715,182.772,336.546,393.356,60.0323,3.09793,8046,17.67,30.162,38.313,0,0,162055,162055,3.00198,0,0,0,275.64,0,1,823.266,21.9852,11,50.7723,0,190924,742218,20.4603,0,837.133
p6_d0_clean_rep2,D0,25,main,79546,11.785,18.453,24.833,39791,11.69,18.222,24.207,31690,183.008,356.607,426.692,60.0523,3.15604,7873,16.253,28.018,34.393,0,0,158900,158900,13.0021,0,0,0,0,0,0,688.442,186.649,114.9,0,0,180131,771356,18.9315,0,698.301
p6_d0_clean_rep2,D0,26,main,100243,10.988,16.262,20.457,50145,10.904,16.209,20.164,40662,140.673,267.131,316.682,59.7423,2.41493,10064,15.847,27.208,33.399,0,0,201114,201114,25.0021,0,0,0,0,0,0,688.442,0,0,0,0,177581,750745,19.1292,0,708.506
p6_d0_clean_rep2,D0,27,main,100754,11.174,16.596,20.624,50718,11.044,16.462,20.345,40194,141.887,268.132,316.22,59.8115,2.42624,10026,16.504,28.321,35.346,0,0,201692,201692,36.0022,0,0,0,0,0,0,688.442,0,0,0,0,173353,745380,18.8687,0,718.669
p6_d0_clean_rep2,D0,28,main,100718,11.281,16.685,20.812,50351,11.184,16.682,20.621,39890,142.912,272.193,317.664,59.7828,2.44172,9924,16.853,28.929,36.613,0,0,200883,200883,49.0023,0,0,0,0,0,0,688.442,0,0,0,0,170930,739149,18.7819,0,728.731
p6_d0_clean_rep2,D0,29,main,100185,11.367,16.768,20.81,50108,11.227,16.654,20.671,39905,144.384,270.036,317.858,60.0188,2.4409,10028,16.754,28.712,35.51,0,0,200226,200226,61.0024,0,0,0,0,0,0,688.442,0,0,0,0,172756,736729,18.9949,0,738.895
p6_d0_clean_rep2,D0,30,main,92633,11.372,17.227,21.954,46291,11.297,17.152,21.603,37346,155.582,298.399,347.919,60.1597,2.64768,9379,16.376,27.968,35.166,0,0,185649,185649,9.00202,0,0,0,0,0,0,738.876,0,0,50.4338,0,167306,738923,18.4618,0,745.689
p6_d0_clean_rep2,D0,31,main,90630,11.257,17.131,21.839,45156,11.153,17.015,21.384,36407,161.82,304.091,354.624,60.0822,2.73979,9204,15.894,27.413,33.939,0,0,181397,181397,20.0021,0,0,0,0,0,0,738.876,0,0,0,0,168619,754931,18.2577,0,755.015
p6_d0_clean_rep2,D0,32,main,90995,11.417,17.133,21.865,45567,11.305,17.062,21.372,36395,161.787,299.994,351.9,60.23,2.72738,9246,16.373,27.877,35.082,0,0,182203,182203,30.0022,0,0,0,0,0,0,738.876,0,0,0,0,169177,754458,18.3164,0,764.387
p6_d0_clean_rep2,D0,33,main,89633,11.661,17.579,22.313,44847,11.519,17.431,22.037,36120,163.091,305.333,354.893,59.951,2.76318,8916,16.797,29.057,36.45,0,0,179516,179516,41.0023,0,0,0,0,0,0,738.876,0,0,0,0,168138,742897,18.4557,0,773.426
p6_d0_clean_rep2,D0,34,main,90810,11.682,17.348,22.056,45144,11.576,17.183,21.859,36428,162.013,296.588,348.983,60.1406,2.7353,8995,16.571,27.8,33.733,0,0,181377,181377,52.0023,0,0,0,0,0,0,738.876,0,0,0,0,168758,750576,18.3565,0,782.55
p6_d0_clean_rep2,D0,35,main,90487,11.671,17.132,21.745,45638,11.579,17.006,21.585,36728,160.519,288.624,343.345,60.0454,2.70811,9044,16.751,28.397,35.897,0,0,181897,181897,62.0024,0,0,0,0,0,0,738.876,0,0,0,0,168135,754270,18.2279,0,791.717
p6_d0_clean_rep2,D0,36,main,86499,11.529,17.695,22.6,42968,11.463,17.475,22.221,34348,174.437,315.298,366.549,60.0217,2.94244,8499,16.088,27.395,34.313,0,0,172314,172314,9.00202,0,0,0,0,0,0,790.531,0,0,51.6547,0,164825,760074,17.8209,0,797.492
p6_d0_clean_rep2,D0,37,main,84731,11.498,16.934,21.892,42462,11.435,16.917,21.627,34398,175.972,309.009,353.251,59.6409,2.97979,8512,15.722,26.247,32.07,0,0,170103,170103,19.0021,0,0,0,0,0,0,790.531,0,0,0,0,167795,781840,17.6694,0,806.12
p6_d0_clean_rep2,D0,38,main,81790,11.817,17.946,23.173,41223,11.713,17.707,22.365,32619,179.711,327.264,386.719,59.842,3.04231,8170,16.504,27.569,33.842,0,0,163802,163802,29.0022,0,0,0,0,0,0,790.531,0,0,0,0,158432,745276,17.5313,0,814.403
p6_d0_clean_rep2,D0,39,main,85659,11.892,17.316,22.885,42808,11.799,17.188,22.208,33841,177.539,313.937,354.884,59.6683,3.00437,8396,16.362,26.45,33.298,0,0,170704,170704,39.0023,0,0,0,0,0,0,790.531,0,0,0,0,162812,772140,17.4139,0,822.915
p6_d0_clean_rep2,D0,40,main,85323,11.982,16.918,22.171,42576,11.936,16.618,22.072,33922,178.987,309.019,336.861,60.0878,2.98482,8558,16.265,26.712,33.329,0,0,170379,170379,50.0023,0,0,0,0,0,0,790.531,0,0,0,0,165745,773690,17.6431,0,831.591
p6_d0_clean_rep2,D0,41,main,81546,12.279,18.664,25.123,40912,12.218,18.509,24.996,32803,183.858,317.229,368.856,60.1194,3.076,8214,16.608,27.723,34.753,0,0,163475,163475,60.0024,0,0,0,0,0,0,790.531,0,0,0,0,158987,746243,17.5632,0,839.919
p6_d0_clean_rep2,D0,42,main,76487,12.296,19.182,25.468,38176,12.188,19.105,24.709,30844,195.262,365.288,413.78,60.1346,3.30926,7721,17.715,30.293,38.408,0,0,153228,153228,6.002,0,0,0,0,0,0,840.913,0,0,50.3827,0,149284,731599,16.9471,0,845.023
p6_d0_clean_rep2,D0,43,main,76837,11.806,18.347,24.6,38126,11.744,18.194,24.173,30738,198.964,357.859,423.163,60.083,3.35285,7866,16.146,27.39,34.058,0,0,153567,153567,15.0021,0,0,0,0,0,0,840.913,0,0,0,0,156588,772027,16.8625,0,852.998
p6_d0_clean_rep2,D0,44,main,77103,12.015,18.217,23.862,38781,11.919,18.13,23.652,30916,197.987,351.208,409.673,60.2069,3.32135,7789,16.316,27.072,33.628,0,0,154589,154589,24.0021,0,0,0,0,0,0,840.913,0,0,0,0,156076,777888,16.7111,0,860.892
p6_d0_clean_rep2,D0,45,main,76422,12.122,18.697,24.659,38267,12.061,18.504,24.512,30812,198.158,356.685,421.036,59.9784,3.34358,7604,16.719,28.101,35.443,0,0,153105,153105,33.0022,0,0,0,0,0,0,840.913,0,0,0,0,156891,769348,16.9385,0,868.603
p6_d0_clean_rep2,D0,46,main,77261,12.155,18.221,24.092,38124,12.07,17.937,23.355,30929,196.401,340.566,390.068,60.159,3.29011,7656,16.385,26.937,33.791,0,0,153970,153970,42.0023,0,0,0,0,0,0,840.913,0,0,0,0,154192,776735,16.5633,0,876.366
p6_d0_clean_rep2,D0,47,main,76396,12.234,18.578,24.487,38571,12.184,18.286,23.936,30891,197.32,345.55,408.03,60.0173,3.31807,7627,16.79,28.1,35,0,0,153485,153485,51.0023,0,0,0,0,0,0,840.913,0,0,0,0,153979,771911,16.6304,0,884.104
p6_d0_clean_rep2,D0,48,main,76001,12.425,19.038,24.879,38120,12.385,18.952,25.073,30424,200.1,360.168,424.715,59.9568,3.3873,7512,17.279,28.472,35.401,0,0,152057,152057,60.0024,0,0,0,0,0,0,840.913,0,0,0,0,152381,758072,16.7368,0,891.714
p6_d0_clean_rep2,D0,49,main,72109,12.593,19.683,26.598,35924,12.514,19.376,25.47,29088,209.882,381.417,441.447,59.9627,3.56947,7263,17.187,29.099,36.602,0,0,144384,144384,5.00199,0,0,0,530.541,0,1,892.661,84.0409,31,51.7478,0,152227,768783,16.5283,0,929.255
p6_d0_clean_rep2,D0,50,main,78208,11.927,18.067,24.364,39342,11.832,18.125,24.541,31642,186.141,370.568,421.712,59.6,3.25029,7702,16.096,26.911,33.642,0,0,156894,156894,14.0021,0,0,0,0,0,0,688.442,189.597,94.9005,0,0,155551,801779,16.2484,0,699.856
p6_d0_clean_rep2,D0,51,main,100196,11.119,16.622,20.762,50444,11.027,16.426,20.481,39903,143.646,268.229,321.872,59.846,2.44843,10046,15.928,27.837,34.315,0,0,200589,200589,25.0021,0,0,0,0,0,0,688.442,0,0,0,0,172703,742259,18.8754,0,710.034
p6_d0_clean_rep2,D0,52,main,100753,11.239,16.677,20.596,50270,11.132,16.64,20.706,39736,144.148,271.303,319.816,59.9808,2.44619,9985,16.394,27.976,34.609,0,0,200744,200744,37.0022,0,0,0,0,0,0,688.442,0,0,0,0,172179,738724,18.902,0,720.159
p6_d0_clean_rep2,D0,53,main,99396,11.329,16.77,20.811,49716,11.21,16.695,20.695,39877,144.424,271.564,319.067,60.0095,2.44734,9913,16.579,28.379,34.896,0,0,198902,198902,49.0023,0,0,0,0,0,0,688.442,0,0,0,0,173018,737112,19.0103,0,730.207
p6_d0_clean_rep2,D0,54,main,98951,11.354,16.902,20.955,49352,11.271,16.808,20.915,39740,145.424,272.408,321.112,60.1477,2.45639,10017,16.65,28.617,35.632,0,0,198060,198060,61.0024,0,0,0,0,0,0,688.442,0,0,0,0,169592,735875,18.7298,0,740.366
p6_d0_clean_rep2,D0,55,main,93231,11.27,16.981,21.432,46703,11.202,16.998,21.389,37773,156.476,281.603,317.15,60.2631,2.6215,9596,15.739,27.389,35.128,0,0,187303,187303,9.00202,0,0,0,0,0,0,739.818,0,0,51.3755,0,170303,753348,18.438,0,747.312
p6_d0_clean_rep2,D0,56,main,94755,11.258,15.287,20.589,47273,11.162,15.063,20.439,37809,157.968,277.333,299.725,59.8857,2.64692,9403,15.24,24.939,30.907,0,0,189240,189240,19.0021,0,0,0,0,0,0,739.818,0,0,0,0,175987,782851,18.3542,0,756.838
p6_d0_clean_rep2,D0,57,main,92640,11.478,16.261,21.165,45989,11.397,15.975,20.96,37257,159.945,280.29,309.252,60.1601,2.67633,9234,15.641,26.255,32.752,0,0,185120,185120,28.0022,0,0,0,0,0,0,739.818,0,0,0,0,172088,772684,18.2148,0,766.2
p6_d0_clean_rep2,D0,58,main,93482,11.516,15.547,20.888,46971,11.445,15.393,20.923,37584,158.464,278.624,300.796,60.0394,2.656,9311,15.69,25.898,32.248,0,0,187348,187348,38.0022,0,0,0,0,0,0,739.818,0,0,0,0,174146,775530,18.3374,0,775.641
p6_d0_clean_rep2,D0,59,main,92755,11.653,16.424,21.395,46419,11.599,16.234,21.084,37124,160.051,280.819,310.35,60.0535,2.68515,9151,16.363,27.434,34.54,0,0,185449,185449,47.0023,0,0,0,0,0,0,739.818,0,0,0,0,172104,764541,18.3745,0,784.919
p6_d0_clean_rep2,D0,60,main,92353,11.751,16.015,21.507,46170,11.675,15.827,21.355,37441,157.943,282.631,307.328,59.7032,2.68478,9290,16.273,26.68,33.045,0,0,185254,185254,57.0024,0,0,0,0,0,0,739.818,0,0,0,0,172375,764239,18.4041,0,794.334
p6_d0_clean_rep2,D0,61,main,92519,11.858,16.609,21.901,46542,11.789,16.372,21.731,36861,161.296,283.792,310.215,59.7611,2.71491,9217,16.366,27.474,34.001,0,0,185139,185139,3.00198,0,0,0,0,1,0,798.45,0,0,58.6327,0,167575,757377,18.1172,0,800.043
p6_d0_clean_rep2,D0,62,main,86119,11.376,16.274,21.883,43153,11.331,16.078,21.489,34118,178.099,310.992,339.795,59.693,2.99964,8467,15.359,25.261,32.266,0,0,171857,171857,13.0021,0,0,0,0,0,0,798.45,0,0,0,0,163829,789532,17.1844,0,808.628
p6_d0_clean_rep2,D0,63,main,84636,11.803,16.58,21.983,42185,11.763,16.41,21.904,33710,180.794,310.808,334.474,60.1139,3.01371,8469,15.534,25.6,31.979,0,0,169000,169000,23.0021,0,0,0,0,0,0,798.45,0,0,0,0,164002,780182,17.3697,0,817.22
p6_d0_clean_rep2,D0,64,main,84373,11.855,16.586,22.045,42349,11.787,16.378,21.872,33806,181.302,310.832,334.257,60.1316,3.00775,8456,15.815,25.573,31.459,0,0,168984,168984,33.0022,0,0,0,0,0,0,798.45,0,0,0,0,163685,781074,17.3256,0,825.787
p6_d0_clean_rep2,D0,65,main,83112,12.076,16.896,22.581,41407,12.023,17.044,22.624,33461,182.051,314.92,341.427,60.0995,3.04326,8402,16.035,26.066,32.809,0,0,166382,166382,42.0023,0,0,0,0,0,0,798.45,0,0,0,0,159361,772300,17.105,0,834.305
p6_d0_clean_rep2,D0,66,main,77075,12.22,19.062,25.726,38291,12.147,18.84,25.052,30905,185.406,328.683,403.525,60.1039,3.13242,7892,16.664,28.85,35.983,0,0,154163,154163,51.0023,0,0,0,0,0,0,798.45,0,0,0,0,148184,711825,17.2305,0,842.305
p6_d0_clean_rep2,D0,67,main,80453,12.311,18.798,24.352,40440,12.255,18.623,23.934,32287,186.439,338.664,401.855,60.2275,3.1375,8122,17.599,30.03,37.064,0,0,161302,161302,61.0024,0,0,0,0,0,0,798.45,0,0,0,0,154018,744863,17.1344,0,850.54
p6_d0_clean_rep2,D0,68,main,79882,11.987,18.066,23.15,39931,11.898,17.921,23.213,32105,190.476,332.953,380.601,59.9411,3.2001,7962,16.452,27.946,34.649,0,0,159880,159880,6.002,0,0,0,0,0,0,850.931,0,0,52.4807,0,156961,769784,16.9368,0,855.696
p6_d0_clean_rep2,D0,69,main,77946,11.819,17.323,23.201,38498,11.745,16.969,22.667,31147,198.905,342.091,375.553,60.042,3.32833,7651,15.831,25.38,31.05,0,0,155242,155242,15.0021,0,0,0,0,0,0,850.931,0,0,0,0,155160,792863,16.3667,0,863.456
p6_d0_clean_rep2,D0,70,main,76224,12.093,17.743,23.516,38490,12.064,17.432,23.365,30953,200.581,343.532,374.793,60.1269,3.34197,7640,16.148,26.058,32.841,0,0,153307,153307,24.0021,0,0,0,0,0,0,850.931,0,0,0,0,153841,786751,16.3558,0,871.2
p6_d0_clean_rep2,D0,71,cooldown,77317,12.239,17.917,23.415,38719,12.179,17.686,23.242,30837,200.625,342.785,378.417,60.0621,3.34377,7651,16.401,26.559,33.542,0,0,154524,154524,33.0022,0,0,0,0,0,0,850.931,0,0,0,0,153960,781765,16.4536,0,878.961
p6_d0_clean_rep2,D0,72,cooldown,76774,12.432,17.983,23.813,38288,12.405,17.421,23.434,31119,198.688,341.815,369.805,59.8898,3.34469,7775,16.104,26.441,33.084,0,0,153956,153956,42.0023,0,0,0,0,0,0,850.931,0,0,0,0,156227,783207,16.6299,0,886.845
p6_d0_clean_rep2,D0,73,cooldown,76728,12.485,18.302,24.284,38663,12.449,18.213,23.995,30907,198.811,342.652,374.769,59.4511,3.36342,7565,16.485,27.494,34.865,0,0,153863,153863,51.0023,0,0,0,0,0,0,850.931,0,0,0,0,152137,776621,16.3807,0,894.513
p6_d0_clean_rep2,D0,74,cooldown,77064,12.468,18.451,23.965,38943,12.404,18.226,23.723,30722,200.622,345.791,385.094,60.0194,3.366,7705,17.036,27.689,35.301,0,0,154434,154434,60.0024,0,0,0,0,0,0,850.931,0,0,0,0,152035,777094,16.3632,0,902.328
p6_d0_clean_rep2,D0,75,cooldown,74396,12.576,19,25.191,36898,12.519,18.725,25.301,29287,212.305,367.015,412.659,59.7598,3.56967,7268,16.217,27.277,35.02,0,0,147849,147849,5.00199,0,0,0,564.151,0,1,902.903,134.281,48,51.9718,0,152796,802036,16.0024,0,962.774
p6_d0_clean_rep2,D0,76,cooldown,87235,11.569,16.889,22.563,43546,11.515,16.763,22.492,34781,167.243,349.379,409.864,60.0248,2.8964,8748,15.477,25.826,32.691,0,0,174310,174310,16.0021,0,0,0,0,0,0,688.442,149.12,77.9005,0,0,162837,795963,16.9834,0,701.187
p6_d0_clean_rep2,D0,77,cooldown,102785,11.142,14.783,20.159,51510,11.078,14.713,20.083,41380,141.938,252.423,271.738,60.137,2.37222,10415,15.118,24.629,30.969,0,0,206090,206090,28.0022,0,0,0,0,0,0,688.442,0,0,0,0,180305,769125,18.9909,0,711.748
p6_d0_clean_rep2,D0,78,cooldown,102046,11.268,15.791,20.244,50769,11.187,15.624,20.063,40961,142.694,254.305,288.111,60.0875,2.39348,10386,15.724,26.7,33.511,0,0,204162,204162,40.0023,0,0,0,0,0,0,688.442,0,0,0,0,176328,761068,18.8104,0,722.278
p6_d0_clean_rep2,D0,79,cooldown,101909,11.338,15.444,20.445,51118,11.261,15.27,20.347,41036,142.701,254.382,278.079,60.1808,2.38796,10317,16.19,27.226,34.606,0,0,204380,204380,52.0023,0,0,0,0,0,0,688.442,0,0,0,0,176680,761140,18.8394,0,732.735
p6_d0_clean_rep2,D0,80,cooldown,102250,11.422,15.661,20.518,50926,11.333,15.609,20.398,40904,143.028,256.379,283.717,60.0167,2.40201,10114,16.433,27.581,35.268,0,0,204194,204194,64.0024,0,0,0,0,0,0,688.442,0,0,0,0,176273,754613,18.936,0,742.986
p6_d0_clean_rep3,D0,1,warmup,103782,12.232,17.166,23.011,52011,12.145,17.108,23.413,41725,128.88,247.196,368.17,60.1326,2.23978,10497,17.581,30.43,37.955,0,0,208015,208015,11.002,0,0,0,0,0,0,602.138,0,0,0,0,207717,656164,24.0446,0,612.892
p6_d0_clean_rep3,D0,2,warmup,113106,10.803,16.188,19.603,56271,10.695,16.088,19.382,45373,120.52,244.218,271.334,60.0223,2.06552,11225,17.377,30.937,38.343,0,0,225975,225975,23.0021,0,0,0,0,0,0,602.138,0,0,0,0,229605,705802,24.546,0,624.277
p6_d0_clean_rep3,D0,3,warmup,112251,10.955,16.461,20.386,56313,10.849,16.362,20.311,45254,120.695,242.463,274.759,60.1013,2.0699,11153,17.303,30.422,38.761,0,0,224971,224971,34.0022,0,0,0,0,0,0,602.138,0,0,0,0,228872,701613,24.5971,0,635.58
p6_d0_clean_rep3,D0,4,warmup,115276,10.884,16.216,19.505,57541,10.782,16.136,19.507,46085,118.993,229.614,272.013,59.9829,2.0344,11415,17.467,30.713,39.241,0,0,230317,230317,46.0023,0,0,0,0,0,0,602.138,0,0,0,0,232825,711432,24.657,0,647.151
p6_d0_clean_rep3,D0,5,warmup,113531,11.004,16.466,19.912,57179,10.886,16.38,19.775,45925,119.233,233.728,274.331,59.6392,2.05718,11375,17.204,30.127,38.777,0,0,228010,228010,58.0024,0,0,0,0,0,0,602.138,0,0,0,0,229085,703308,24.5696,0,658.681
p6_d0_clean_rep3,D0,6,warmup,109726,10.977,17.108,22.317,55185,10.896,17.123,22.439,43558,126.819,244.372,289.893,59.7915,2.17839,10906,16.846,29.982,37.364,0,0,219375,219375,5.00199,0,0,0,0,0,0,661.463,0,0,59.325,0,221086,700748,23.9833,0,665.992
p6_d0_clean_rep3,D0,7,warmup,107698,10.759,14.337,19.562,53516,10.685,14.177,19.344,42703,135.6,238.241,257.732,60.072,2.26646,10683,15.321,25.507,31.719,0,0,214600,214600,16.0021,0,0,0,0,0,0,661.463,0,0,0,0,231936,764245,23.2825,0,676.823
p6_d0_clean_rep3,D0,8,warmup,106475,10.95,14.637,19.561,53257,10.88,14.47,19.407,42756,135.557,237.344,255.641,60.1014,2.26281,10706,15.788,26.364,33.052,0,0,213194,213194,27.0022,0,0,0,0,0,0,661.463,0,0,0,0,232117,760719,23.3792,0,687.681
p6_d0_clean_rep3,D0,9,warmup,105928,11.087,14.743,19.957,52882,10.992,14.651,19.759,42647,135.701,238.802,257.694,60.0469,2.2752,10782,16.003,26.573,33.003,0,0,212239,212239,38.0022,0,0,0,0,0,0,661.463,0,0,0,0,228716,757696,23.1867,0,698.61
p6_d0_clean_rep3,D0,10,warmup,105383,11.216,15.002,20.265,52764,11.149,14.974,20.048,42190,137.093,241.863,261.609,60.1995,2.29409,10698,16.423,27.269,34.694,0,0,211035,211035,49.0023,0,0,0,0,0,0,661.463,0,0,0,0,226984,748954,23.258,0,709.453
p6_d0_clean_rep3,D0,11,main,105722,11.234,14.958,20.122,52812,11.145,14.819,19.907,42539,136.529,239.975,258.582,59.9718,2.29185,10542,16.023,26.637,33.595,0,0,211615,211615,61.0024,0,0,0,0,0,0,661.463,0,0,0,0,227740,750383,23.2834,0,720.142
p6_d0_clean_rep3,D0,12,main,98210,11.113,16.108,20.973,49015,11.028,16.021,20.942,39454,147.853,262.259,297.307,60.2176,2.48336,9733,16.046,26.925,34.478,0,0,196412,196412,9.00202,0,0,0,0,0,0,719.592,0,0,58.1296,0,217949,751602,22.4794,0,726.428
p6_d0_clean_rep3,D0,13,main,94338,11.142,15.598,21.1,47261,11.081,15.533,20.81,37945,155.706,272.584,301.596,59.9613,2.61758,9343,15.864,25.895,33.061,0,0,188887,188887,20.0021,0,0,0,0,0,0,719.592,0,0,0,0,214834,764386,21.9393,0,735.897
p6_d0_clean_rep3,D0,14,main,94868,11.274,15.397,20.878,47334,11.226,15.305,20.846,38233,154.043,269.334,292.198,59.9972,2.59343,9561,16.108,26.238,32.957,0,0,189996,189996,31.0022,0,0,0,0,0,0,719.592,0,0,0,0,215830,768584,21.9247,0,745.592
p6_d0_clean_rep3,D0,15,main,94607,11.414,15.612,21.285,47646,11.35,15.458,20.964,38025,154.945,271.341,295.324,59.5804,2.61604,9381,16.484,27.094,33.868,0,0,189659,189659,43.0023,0,0,0,0,0,0,719.592,0,0,0,0,212925,760948,21.8637,0,755.104
p6_d0_clean_rep3,D0,16,main,95419,11.509,15.733,21.305,47963,11.469,15.604,21.169,37810,155.446,271.127,293.669,59.7207,2.61801,9424,16.688,27.72,34.956,0,0,190616,190616,54.0024,0,0,0,0,0,0,719.592,0,0,0,0,209858,759399,21.6514,0,764.658
p6_d0_clean_rep3,D0,17,main,94067,11.612,16.106,21.495,46801,11.562,15.959,21.231,37388,157.256,271.771,295.863,60.0626,2.62419,9375,16.895,28.475,35.836,0,0,187631,187631,2.00197,1,0,0,0,1,0,719.592,0,0,0,0,209649,749586,21.8559,0,809.095
p6_d0_clean_rep3,D0,18,main,86550,11.255,16.388,22.015,43403,11.189,16.161,21.716,34676,174.54,299.567,328.287,60.1178,2.89935,8664,15.911,26.025,32.78,0,0,173293,173293,11.002,0,0,0,0,0,0,770.76,0,0,51.1676,0,203370,772301,20.8441,0,780.124
p6_d0_clean_rep3,D0,19,main,86939,11.353,15.971,21.476,43414,11.297,15.849,21.517,34964,172.922,296.302,322.573,60.1196,2.88759,8796,15.992,26.017,32.741,0,0,174113,174113,20.0021,0,0,0,0,0,0,770.76,0,0,0,0,204216,783640,20.6726,0,789.041
p6_d0_clean_rep3,D0,20,main,84498,11.657,17.632,23.96,42011,11.601,17.619,24.389,34096,176.043,304.713,351.908,60.1763,2.95517,8634,16.229,27.016,33.817,0,0,169239,169239,29.0022,0,0,0,0,0,0,770.76,0,0,0,0,200163,761064,20.8237,0,797.794
p6_d0_clean_rep3,D0,21,main,80400,12.268,18.61,24.721,40335,12.16,18.617,24.216,32239,183.647,346.381,388.807,60.0835,3.11734,8146,18.457,31.345,38.871,0,0,161120,161120,37.0022,0,0,0,0,0,0,770.76,0,0,0,0,187897,719971,20.6965,0,806.053
p6_d0_clean_rep3,D0,22,main,86605,11.754,16.557,22.34,43317,11.68,16.303,22.263,34691,173.591,298.814,323.397,59.8857,2.91196,8625,17.379,28.778,36.891,0,0,173238,173238,47.0023,0,0,0,0,0,0,770.76,0,0,0,0,202235,770576,20.7887,0,814.799
p6_d0_clean_rep3,D0,23,main,84560,11.93,17.101,23.337,42077,11.84,16.969,23.146,33801,176.993,304.813,333.792,60.2556,2.95589,8373,17.513,29.243,37.714,0,0,168811,168811,55.0024,0,0,0,0,0,0,770.76,0,0,0,0,197298,753210,20.7571,0,823.284
p6_d0_clean_rep3,D0,24,main,85321,11.911,16.793,22.381,43058,11.837,16.357,22.101,34625,174.635,299.368,325.213,59.9468,2.92635,8449,17.637,29.277,36.83,0,0,171453,171453,64.0024,0,0,0,0,0,0,770.76,0,0,0,0,199221,767296,20.6123,0,831.853
p6_d0_clean_rep3,D0,25,main,77914,12.018,18.29,23.986,38577,11.944,18.213,24.096,31082,194.247,336.842,378.123,60.0348,3.26637,7691,16.768,27.913,35.378,0,0,155264,155264,9.00202,0,0,0,299.28,0,1,829.052,202.96,116.048,58.2921,0,198208,800976,19.837,0,955.085
p6_d0_clean_rep3,D0,26,main,99938,11.047,15.005,20.444,50290,10.965,14.826,20.211,40538,141.69,259.85,297.429,59.6565,2.4195,10003,15.813,26.513,33.287,0,0,200769,200769,21.0021,0,0,0,0,0,0,688.431,11.3663,9.85953,0,0,172814,769318,18.3429,0,705.564
p6_d0_clean_rep3,D0,27,main,104166,11.072,14.772,20.068,52447,10.999,14.624,19.788,41479,139.62,250.66,271.125,59.8378,2.34841,10429,15.785,26.694,33.97,0,0,208521,208521,33.0022,0,0,0,0,0,0,688.431,0,0,0,0,179332,769227,18.9057,0,716.138
p6_d0_clean_rep3,D0,28,main,103736,11.226,15.178,20.309,51682,11.166,15.074,20.282,40830,141.064,253.123,278.697,59.9936,2.36892,10277,16.083,26.595,33.318,0,0,206525,206525,45.0023,0,0,0,0,0,0,688.431,0,0,0,0,175874,757897,18.8348,0,726.557
p6_d0_clean_rep3,D0,29,main,102249,11.331,15.277,20.592,51214,11.23,15.188,20.358,41094,141.218,253.432,277.037,60.0191,2.37079,10220,16.64,28.251,35.885,0,0,204777,204777,57.0024,0,0,0,0,0,0,688.431,0,0,0,0,177611,757226,18.9991,0,736.917
p6_d0_clean_rep3,D0,30,main,99690,11.238,15.604,20.691,49717,11.164,15.388,20.454,40105,145.645,260.266,288.051,60.1117,2.44849,10067,15.976,27.177,33.795,0,0,199579,199579,6.002,0,0,0,0,0,0,740.186,0,0,51.756,0,173012,766846,18.4083,0,744.259
p6_d0_clean_rep3,D0,31,main,92771,11.184,15.368,21.007,46466,11.105,15.224,20.657,37486,159.391,280.121,308.042,60.3844,2.65246,9551,15.797,25.643,31.904,0,0,186274,186274,18.0021,0,0,0,0,0,0,740.186,0,0,0,0,175606,778977,18.3961,0,753.941
p6_d0_clean_rep3,D0,32,main,94085,11.359,15.989,20.932,46956,11.27,15.959,20.491,37574,157.538,278.58,307.047,59.818,2.656,9303,16.044,26.579,33.5,0,0,187918,187918,28.0022,0,0,0,0,0,0,740.186,0,0,0,0,174070,775869,18.3243,0,763.375
p6_d0_clean_rep3,D0,33,main,93138,11.469,16.131,21.019,46216,11.406,15.834,20.762,37501,158.663,278.816,307.019,60.1167,2.65693,9332,16.149,26.538,32.962,0,0,186187,186187,39.0023,0,0,0,0,0,0,740.186,0,0,0,0,173115,774355,18.2713,0,772.835
p6_d0_clean_rep3,D0,34,main,92349,11.739,15.851,21.491,46373,11.68,15.66,21.102,37143,160.945,280.374,299.915,60.068,2.68636,9139,16.203,26.578,33.379,0,0,185004,185004,50.0023,0,0,0,0,0,0,740.186,0,0,0,0,170856,765899,18.2391,0,782.102
p6_d0_clean_rep3,D0,35,main,91524,11.921,16.766,21.926,45826,11.856,16.442,21.435,36555,161.468,281.774,309.158,60.0156,2.71238,9090,16.419,27.387,34.569,0,0,182995,182995,60.0024,0,0,0,0,0,0,740.186,0,0,0,0,169244,750703,18.3971,0,791.324
p6_d0_clean_rep3,D0,36,main,86820,11.856,17.117,22.271,43375,11.782,16.848,22.176,35276,169.783,299.993,332.876,59.7567,2.8784,8745,15.974,26.874,34.303,0,0,174216,174216,7.00201,0,0,0,0,0,0,792.211,0,0,52.0252,0,165609,757403,17.9422,0,797.343
p6_d0_clean_rep3,D0,37,main,84891,11.653,16.32,21.72,42765,11.598,16.237,21.865,33940,179.344,310.165,335.368,59.7408,3.00969,8421,15.832,26.108,32.742,0,0,170017,170017,17.0021,0,0,0,0,0,0,792.211,0,0,0,0,164207,777223,17.4423,0,805.882
p6_d0_clean_rep3,D0,38,main,85207,11.81,15.953,21.757,42806,11.762,15.617,21.604,33718,175.163,302.847,326.063,59.6828,2.95711,8420,15.579,25.513,32.077,0,0,170151,170151,27.0022,0,0,0,0,0,0,792.211,0,0,0,0,162633,771380,17.4123,0,814.419
p6_d0_clean_rep3,D0,39,main,86152,11.81,16.348,22.01,42968,11.768,16.103,21.879,34238,177.534,305.962,330.923,60.1233,2.95644,8617,16.127,26.104,32.164,0,0,171975,171975,37.0022,0,0,0,0,0,0,792.211,0,0,0,0,167105,783422,17.5802,0,823.156
p6_d0_clean_rep3,D0,40,main,85416,12.045,16.445,22.221,42745,11.99,16.115,21.973,34234,177.821,305.573,328.883,60.0407,2.96587,8500,16.019,26.114,33.207,0,0,170895,170895,47.0023,0,0,0,0,0,0,792.211,0,0,0,0,165868,781047,17.5167,0,831.778
p6_d0_clean_rep3,D0,41,main,83077,12.23,16.934,22.806,41464,12.211,16.667,22.725,33395,180.831,311.973,339.754,60.0974,3.02301,8418,16.639,27.494,34.824,0,0,166354,166354,58.0024,0,0,0,0,0,0,792.211,0,0,0,0,159741,761928,17.3317,0,840.307
p6_d0_clean_rep3,D0,42,main,81568,12.144,17.533,23.394,40571,12.062,17.124,22.959,32694,187.215,323.34,354.625,60.1139,3.11605,8368,16.877,27.631,33.938,0,0,163201,163201,4.00198,0,0,0,0,0,0,843.118,0,0,50.9069,0,158585,762932,17.2091,0,846.046
p6_d0_clean_rep3,D0,43,main,76974,11.955,17.437,23.682,38628,11.905,17.176,23.283,30865,200.521,342.756,373.625,60.2075,3.34343,7749,16.056,26.426,32.889,0,0,154216,154216,13.0021,0,0,0,0,0,0,843.118,0,0,0,0,155919,778787,16.6811,0,853.897
p6_d0_clean_rep3,D0,44,main,77748,12.147,17.371,23.078,38888,12.094,16.948,22.84,31340,197.837,336.395,363.724,60.0319,3.29436,7749,15.993,26.151,32.086,0,0,155725,155725,23.0021,0,0,0,0,0,0,843.118,0,0,0,0,159194,785819,16.8457,0,861.755
p6_d0_clean_rep3,D0,45,main,78666,12.233,17.279,23.238,38866,12.182,16.723,22.492,31520,195.7,332.757,360.123,60.1159,3.25982,7797,15.828,25.846,32.026,0,0,156849,156849,32.0022,0,0,0,0,0,0,843.118,0,0,0,0,157362,792672,16.5638,0,869.667
p6_d0_clean_rep3,D0,46,main,78952,12.311,17.045,23.1,39809,12.264,16.734,23.188,31902,194.198,330.449,357.568,60.0184,3.23759,7856,15.839,26.463,32.767,0,0,158519,158519,42.0023,0,0,0,0,0,0,843.118,0,0,0,0,158933,799632,16.5803,0,877.63
p6_d0_clean_rep3,D0,47,main,75956,12.647,18.719,24.705,38042,12.611,18.382,24.755,30353,201.989,345.933,389.009,60.0275,3.37489,7520,16.833,28.055,36.203,0,0,151871,151871,50.0023,0,0,0,0,0,0,843.118,0,0,0,0,151891,759243,16.6705,0,885.248
p6_d0_clean_rep3,D0,48,main,72994,12.734,19.93,27.607,36391,12.671,19.77,27.314,29471,204.06,382.132,444.578,59.8847,3.49905,7317,18.499,31.471,38.855,0,0,146173,146173,59.0024,0,0,0,0,0,0,843.118,0,0,0,0,147672,733888,16.7512,0,892.673
p6_d0_clean_rep3,D0,49,main,72489,12.629,19.736,26.648,36500,12.526,19.692,26.341,29370,206.006,383.738,449.478,59.5787,3.54053,7175,18.164,30.667,38.068,0,0,145534,145534,3.00198,0,0,0,537.41,0,1,894.716,57.9996,22,51.5985,0,149470,757536,16.4795,0,920.067
p6_d0_clean_rep3,D0,50,main,75031,12.281,19.53,26.344,37791,12.219,19.274,26.13,29819,193.532,402.136,485.969,59.8234,3.41691,7511,17.177,29.21,35.404,0,0,150152,150152,11.002,0,0,0,0,0,0,688.431,217.879,103.908,0,0,149226,776908,16.1128,0,698.408
p6_d0_clean_rep3,D0,51,main,101226,11.141,16.493,20.681,50576,11.056,16.522,20.772,39971,143.135,266.081,318.401,59.8559,2.435,9955,16.004,27.098,34.203,0,0,201728,201728,21.0021,0,0,0,0,0,0,688.431,0,0,0,0,172236,744502,18.7879,0,708.498
p6_d0_clean_rep3,D0,52,main,97557,11.458,17.207,21.518,48843,11.345,17.097,21.04,39026,146.712,281.812,324.875,60.0686,2.48311,9826,16.94,29.443,36.186,0,0,195252,195252,31.0022,0,0,0,0,0,0,688.431,0,0,0,0,170250,722859,19.0626,0,718.466
p6_d0_clean_rep3,D0,53,main,98469,11.382,17.033,21.153,49201,11.317,16.995,21.158,39626,144.072,275.527,322.536,60.1607,2.44933,9951,16.797,28.57,35.099,0,0,197247,197247,41.0023,0,0,0,0,0,0,688.431,0,0,0,0,170732,733642,18.8785,0,728.548
p6_d0_clean_rep3,D0,54,main,98921,11.425,17.213,21.114,49030,11.329,17.016,20.656,39715,143.993,273.037,322.897,60.0964,2.44951,10058,16.975,28.852,35.237,0,0,197724,197724,52.0023,0,0,0,0,0,0,688.431,0,0,0,0,169355,733947,18.7484,0,738.743
p6_d0_clean_rep3,D0,55,main,97659,11.498,17.176,21.111,49065,11.404,17.163,20.903,39259,145.598,275.211,325.31,60.1471,2.46464,9889,17.04,29.614,37.51,0,0,195872,195872,63.0024,0,0,0,0,0,0,688.431,0,0,0,0,167844,724701,18.8051,0,748.77
p6_d0_clean_rep3,D0,56,main,91012,11.407,17.537,21.94,45353,11.306,17.339,21.876,36465,159.742,303.688,356.733,59.9956,2.72356,9019,16.274,27.884,35.002,0,0,181849,181849,9.00202,0,0,0,0,0,0,746.071,0,0,57.6407,0,164155,739651,18.1626,0,754.42
p6_d0_clean_rep3,D0,57,main,89305,11.381,17.329,21.965,44635,11.276,17.242,21.786,35906,164.084,306.948,360.732,60.1988,2.77322,8887,16.298,27.476,33.607,0,0,178733,178733,20.0021,0,0,0,0,0,0,746.071,0,0,0,0,166129,751319,18.1077,0,763.427
p6_d0_clean_rep3,D0,58,main,89129,11.542,17.538,22.033,44677,11.453,17.413,21.848,35940,163.619,305.371,360.335,59.9146,2.78168,8790,16.521,27.718,34.608,0,0,178536,178536,31.0022,0,0,0,0,0,0,746.071,0,0,0,0,164279,748041,18.0067,0,772.34
p6_d0_clean_rep3,D0,59,main,91217,11.559,17.113,21.764,45543,11.518,16.958,21.447,36663,160.099,289.611,344.58,59.9403,2.72352,9184,16.331,27.486,33.722,0,0,182607,182607,42.0023,0,0,0,0,0,0,746.071,0,0,0,0,169072,760381,18.1905,0,781.653
p6_d0_clean_rep3,D0,60,main,92760,11.63,15.794,21.341,46568,11.551,15.651,21.056,37388,159.27,281.394,304.973,59.6382,2.68561,9224,16.535,27.265,34.384,0,0,185940,185940,53.0024,0,0,0,0,0,0,746.071,0,0,0,0,170628,771943,18.1024,0,791.003
p6_d0_clean_rep3,D0,61,main,93013,11.73,15.885,21.429,47010,11.668,15.87,21.395,37000,160.718,281.856,304.38,59.8464,2.69894,9234,16.472,27.143,33.86,0,0,186257,186257,64.0024,0,0,0,0,0,0,746.071,0,0,0,0,166983,768433,17.8512,0,800.37
p6_d0_clean_rep3,D0,62,main,86975,11.458,16.662,21.864,43319,11.408,16.421,21.87,34305,176.421,307.829,338.028,59.9917,2.95258,8648,15.999,26.366,33.224,0,0,173247,173247,11.002,0,0,0,0,0,0,797.729,0,0,51.6582,0,164525,779491,17.4282,0,806.249
p6_d0_clean_rep3,D0,63,main,84950,11.625,16.267,21.912,42459,11.538,15.978,21.758,34055,179.167,309.839,337.446,59.9839,2.98873,8464,16.196,26.297,32.538,0,0,169928,169928,21.0021,0,0,0,0,0,0,797.729,0,0,0,0,165863,784868,17.4458,0,814.83
p6_d0_clean_rep3,D0,64,main,84244,11.803,16.589,22.361,42131,11.762,16.413,22.082,33877,179.608,310.156,335.702,60.1773,2.99372,8520,16.386,26.519,32.373,0,0,168772,168772,31.0022,0,0,0,0,0,0,797.729,0,0,0,0,164371,781182,17.3836,0,823.468
p6_d0_clean_rep3,D0,65,main,81703,11.993,17.138,22.676,40580,11.939,16.892,22.421,32869,181.673,311.806,339.803,60.0817,3.02936,8327,16.565,27.108,34.208,0,0,163479,163479,41.0023,0,0,0,0,0,0,797.729,0,0,0,0,156890,757904,17.1503,0,831.909
p6_d0_clean_rep3,D0,66,main,81162,12.076,17.244,23.292,40698,11.999,16.97,22.892,32396,181.566,315.116,346.005,60.181,3.02615,8230,16.776,27.408,34.532,0,0,162486,162486,51.0023,0,0,0,0,0,0,797.729,0,0,0,0,155983,745915,17.295,0,840.26
p6_d0_clean_rep3,D0,67,main,83974,12.063,16.848,22.594,41973,12.017,16.673,22.625,33804,180.461,312.466,338.22,60.0597,3.01014,8371,16.833,27.167,34.308,0,0,168122,168122,61.0024,0,0,0,0,0,0,797.729,0,0,0,0,162331,775078,17.317,0,848.743
p6_d0_clean_rep3,D0,68,main,80014,11.852,17.765,23.491,39589,11.771,17.508,23.297,32143,191.157,332.284,367.244,60.1024,3.19663,7924,16.384,26.693,33.282,0,0,159670,159670,7.00201,0,0,0,0,0,0,848.623,0,0,50.8938,0,156040,779432,16.6803,0,853.984
p6_d0_clean_rep3,D0,69,main,77532,11.787,17.219,23.266,39124,11.73,16.942,23.469,31324,197.983,340.937,372.773,60.0164,3.30456,7723,16.385,26.593,32.108,0,0,155703,155703,16.0021,0,0,0,0,0,0,848.623,0,0,0,0,156438,793190,16.4736,0,861.815
p6_d0_clean_rep3,D0,70,main,76885,12.07,18.246,23.979,38495,12.012,18.113,23.983,30741,199.747,345.127,399.077,60.029,3.35447,7605,16.737,27.905,34.569,0,0,153726,153726,25.0021,0,0,0,0,0,0,848.623,0,0,0,0,154156,776729,16.5602,0,869.531
p6_d0_clean_rep3,D0,71,cooldown,76828,12.265,18.047,24.135,38283,12.221,17.852,23.728,31014,198.597,343.209,377.091,59.8921,3.33795,7731,16.906,27.246,33.858,0,0,153856,153856,34.0022,0,0,0,0,0,0,848.623,0,0,0,0,156028,779440,16.6791,0,877.364
p6_d0_clean_rep3,D0,72,cooldown,76148,12.472,18.304,23.954,38487,12.411,18.134,23.573,30793,200.016,345.788,385.746,59.5427,3.38684,7528,17.113,27.505,33.769,0,0,152956,152956,43.0023,0,0,0,0,0,0,848.623,0,0,0,0,152627,772048,16.506,0,884.999
p6_d0_clean_rep3,D0,73,cooldown,76282,12.702,18.081,24.258,38436,12.64,17.808,23.973,30334,202.915,345.481,373.025,59.9983,3.38778,7615,16.869,27.402,34.777,0,0,152667,152667,52.0023,0,0,0,0,0,0,848.623,0,0,0,0,150015,766167,16.3739,0,892.718
p6_d0_clean_rep3,D0,74,cooldown,78428,12.493,18.025,24.062,39091,12.456,17.619,23.773,30964,199.648,341.718,370.806,59.7204,3.34822,7691,17.066,27.279,34.13,0,0,156174,156174,60.0024,0,0,0,0,0,0,848.623,0,0,0,0,153349,778122,16.4631,0,900.517
p6_d0_clean_rep3,D0,75,cooldown,74531,12.443,18.864,25.146,36994,12.401,18.509,24.599,29610,209.476,362.58,402.58,59.9973,3.51366,7464,16.939,27.743,35.555,0,0,148599,148599,6.002,0,0,0,558.011,0,1,900.996,115.405,42,52.3729,0,156052,802872,16.2737,0,952.117
p6_d0_clean_rep3,D0,76,cooldown,82948,11.836,17.045,23.462,41612,11.769,16.981,22.87,33377,175.953,359.943,403.874,60.2187,3.0289,8374,15.955,26.422,33.658,0,0,166311,166311,16.0021,0,0,0,0,0,0,688.431,165.896,83.9077,0,0,159437,804258,16.5443,0,701.051
p6_d0_clean_rep3,D0,77,cooldown,102444,11.393,14.705,20.069,51167,11.335,14.606,19.914,41184,142.354,250.902,268.345,60.0997,2.38061,10343,15.342,25.998,31.944,0,0,205138,205138,28.0022,0,0,0,0,0,0,688.431,0,0,0,0,177587,765673,18.8269,0,711.533
p6_d0_clean_rep3,D0,78,cooldown,100744,11.683,15.253,20.886,50311,11.603,15.131,20.556,40392,144.981,256.21,275.566,60.1909,2.42017,10305,15.8,26.474,33.009,0,0,201752,201752,40.0023,0,0,0,0,0,0,688.431,0,0,0,0,175509,749427,18.9753,0,721.985
p6_d0_clean_rep3,D0,79,cooldown,101510,11.675,15.357,20.352,50813,11.595,15.282,20.205,40834,143.749,253.569,275.529,59.9625,2.40583,10130,15.726,26.335,33.123,0,0,203287,203287,52.0023,0,0,0,0,0,0,688.431,0,0,0,0,175745,753884,18.9049,0,732.256
p6_d0_clean_rep3,D0,80,cooldown,104789,11.594,14.852,20.122,52171,11.518,14.817,20.137,41907,139.385,246.735,265.412,60.0778,2.33688,10391,15.16,25.826,31.733,0,0,209258,209258,2.00197,1,0,0,0,1,0,688.431,0,0,0,0,180454,772700,18.9323,0,783.786
p6_d1_static_rep1,D1,1,warmup,89394,14.082,21.681,29.538,44836,14.05,21.404,29.133,35760,150.114,285.356,419.274,60.1658,2.58934,9043,19.097,33.171,42.794,0,0,179033,179033,10.002,0,0,0,0,0,1,927.306,294.701,200.291,0,0,179927,653382,21.5919,133633,1028.14
p6_d1_static_rep1,D1,2,warmup,98452,12.863,18.931,23.806,49190,12.807,18.898,24.12,39736,137.789,261.579,290.382,59.9251,2.34873,9826,18.746,32.709,41.411,0,0,197204,197204,20.0021,0,0,0,0,0,1,927.306,331.306,227.525,0,0,206246,713506,22.4241,151000,1262.64
p6_d1_static_rep1,D1,3,warmup,98846,13.193,18.994,24.164,49194,13.146,18.974,24,39441,138.262,260.634,283.885,60.174,2.35006,9815,18.911,32.703,41.077,0,0,197296,197296,30.0022,0,0,0,0,0,1,927.306,301.14,232.032,0,0,205530,702803,22.6272,115367,1507.62
p6_d1_static_rep1,D1,4,warmup,107454,11.515,17.006,21.07,53925,11.428,17.074,21.217,43337,124.987,242.811,269.532,60.0669,2.12577,10654,17.476,30.75,39.105,0,0,215370,215370,41.0023,0,0,0,0,0,0,602.144,49.1892,57.0807,0,0,174000,696867,19.9801,0,642.211
p6_d1_static_rep1,D1,5,warmup,116012,10.868,15.949,19.559,58083,10.768,15.953,19.499,46961,117.421,227.424,262.185,59.7666,2.01594,11597,17.13,29.927,37.653,0,0,232653,232653,53.0024,0,0,0,0,0,0,602.144,0,0,0,0,192378,720153,21.0818,0,653.966
p6_d1_static_rep1,D1,6,warmup,113851,11.094,16.769,21.716,57326,11.004,16.71,21.774,45416,120.721,234.558,272.037,59.804,2.07546,11307,17.508,30.357,39.508,0,0,227900,227900,1.00196,1,0,0,0,1,0,602.144,0,0,0,0,184228,698008,20.8819,0,695.433
p6_d1_static_rep1,D1,7,warmup,105505,10.821,16.517,20.642,52651,10.735,16.408,20.507,41621,137.02,258.113,299.48,59.8381,2.3283,10437,15.722,27.163,34.087,0,0,210214,210214,13.0021,0,0,0,0,0,0,661.105,0,0,58.9609,0,182674,737800,19.8456,0,672.308
p6_d1_static_rep1,D1,8,warmup,103276,11.002,16.535,20.594,51658,10.898,16.421,20.432,41385,137.784,259.278,300.159,60.0708,2.3442,10368,15.894,27.58,33.97,0,0,206687,206687,23.0021,0,0,0,0,0,0,661.105,0,0,0,0,186988,736614,20.2455,0,682.82
p6_d1_static_rep1,D1,9,warmup,102029,11.197,16.787,20.831,51003,11.106,16.664,20.356,41111,139.411,263.421,303.722,60.1137,2.3633,10262,16.177,27.546,34.223,0,0,204405,204405,34.0022,0,0,0,0,0,0,661.105,0,0,0,0,182467,731977,19.9539,0,693.227
p6_d1_static_rep1,D1,10,warmup,100475,11.291,17.392,23.354,50073,11.164,17.33,23.293,40527,141.066,269.065,311.152,60.2465,2.3941,10330,16.677,28.998,36.434,0,0,201405,201405,46.0023,0,0,0,0,0,0,661.105,0,0,0,0,181211,718653,20.1376,0,703.696
p6_d1_static_rep1,D1,11,main,99256,11.651,17.367,22.079,49740,11.518,17.314,21.765,39696,143.432,276.942,305.677,59.9217,2.44498,9883,18.291,31.302,39.328,0,0,198575,198575,58.0024,0,0,0,0,0,0,661.105,0,0,0,0,176341,700956,20.1005,0,713.715
p6_d1_static_rep1,D1,12,main,97282,11.3,17.394,21.574,48277,11.17,17.304,21.601,39051,145.99,277.532,320.022,60.1543,2.47974,9714,16.961,29.527,37.39,0,0,194324,194324,5.00199,0,0,0,0,0,0,716.14,0,0,55.035,0,175020,718736,19.5825,0,720.324
p6_d1_static_rep1,D1,13,main,91931,11.178,17.101,21.975,46172,11.096,17.044,21.595,37021,157.953,295.449,339.14,60.0712,2.68168,9122,15.941,27.131,33.621,0,0,184246,184246,14.0021,0,0,0,0,0,0,716.14,0,0,0,0,175598,744159,19.0918,0,729.572
p6_d1_static_rep1,D1,14,main,92853,11.297,17.304,21.861,46492,11.22,17.235,21.784,37117,156.85,292.378,336.283,60.0292,2.66343,9176,17.022,28.53,35.559,0,0,185638,185638,24.0021,0,0,0,0,0,0,716.14,0,0,0,0,176938,743709,19.2189,0,738.875
p6_d1_static_rep1,D1,15,main,91507,11.456,17.547,21.985,45784,11.367,17.42,21.696,37115,157.123,294.439,339.684,59.7141,2.68457,9202,16.805,29.114,35.545,0,0,183608,183608,33.0022,0,0,0,0,0,0,716.14,0,0,0,0,175340,737917,19.1994,0,748.2
p6_d1_static_rep1,D1,16,main,91869,11.622,17.671,22.638,46203,11.529,17.526,22.316,36631,158.565,296.96,339.746,59.7799,2.70426,9166,17.354,29.481,36.182,0,0,183869,183869,42.0023,0,0,0,0,0,0,716.14,0,0,0,0,171293,731696,18.9696,0,757.493
p6_d1_static_rep1,D1,17,main,92211,11.673,17.668,22.526,46079,11.581,17.54,22.086,36482,158.692,296.72,341.882,59.6953,2.70786,9020,16.846,28.465,35.669,0,0,183792,183792,52.0023,0,0,0,0,0,0,716.14,0,0,0,0,169695,726982,18.9249,0,766.641
p6_d1_static_rep1,D1,18,main,91095,11.74,17.807,22.323,45433,11.659,17.679,22.122,36257,160.765,296.351,340.875,60.0971,2.71407,9117,17.028,29.044,35.353,0,0,181902,181902,61.0024,0,0,0,0,0,0,716.14,0,0,0,0,169485,723414,18.9814,0,775.888
p6_d1_static_rep1,D1,19,main,86318,11.714,17.976,23.018,43245,11.594,17.945,23.077,34752,170.497,318.68,366.69,60.1829,2.88248,8715,16.758,28.455,35.915,0,0,173030,173030,7.00201,0,0,0,0,0,0,775.396,0,0,59.2566,0,166343,734701,18.4611,0,780.978
p6_d1_static_rep1,D1,20,main,81975,11.71,18.01,24.003,41102,11.586,17.808,23.25,32970,181.995,335.316,382.475,60.0697,3.07278,8294,16.249,27.587,33.743,0,0,164341,164341,18.0021,0,0,0,0,0,0,775.396,0,0,0,0,159944,745246,17.6697,0,789.388
p6_d1_static_rep1,D1,21,main,81789,11.838,18.254,23.988,40732,11.75,18.2,24.248,33029,181.626,334.062,384.364,60.2116,3.05836,8401,16.55,28.217,34.847,0,0,163951,163951,28.0022,0,0,0,0,0,0,775.396,0,0,0,0,162714,743020,17.9649,0,797.902
p6_d1_static_rep1,D1,22,main,83244,11.88,18.072,23.397,41698,11.77,17.952,23.313,33275,179.724,328.87,378.525,59.9925,3.03955,8376,16.56,27.839,34.197,0,0,166593,166593,37.0022,0,0,0,0,0,0,775.396,0,0,0,0,161335,748535,17.7317,0,806.389
p6_d1_static_rep1,D1,23,main,83787,11.869,17.996,23.411,41714,11.797,17.941,23.514,33577,178.569,321.848,377.133,59.9923,3.01784,8290,16.543,27.139,33.552,0,0,167368,167368,47.0023,0,0,0,0,0,0,775.396,0,0,0,0,164076,752514,17.9007,0,814.793
p6_d1_static_rep1,D1,24,main,81268,12.156,18.544,24.562,40536,12.075,18.329,23.892,32498,183.036,336.067,383.253,60.2132,3.09069,8076,17.011,28.47,34.896,0,0,162378,162378,57.0024,0,0,0,0,0,0,775.396,0,0,0,0,158189,729610,17.8181,0,822.987
p6_d1_static_rep1,D1,25,main,79182,12.202,18.793,24.62,39957,12.153,18.85,24.518,32181,185.028,341.855,391.545,60.0062,3.13532,7872,17.164,28.998,36.799,0,0,159192,159192,3.00198,0,0,0,224.081,0,1,826.226,18.8968,9,50.8295,0,156458,733065,17.589,0,839.239
p6_d1_static_rep1,D1,26,main,83595,11.575,18,24.013,41567,11.497,17.934,23.441,33399,175.035,339.315,410.411,59.9291,3.01921,8269,16.211,27.23,32.923,0,0,166830,166830,11.002,0,0,0,0,0,0,694.612,157.719,83.4678,0,0,164801,779891,17.4449,0,705.013
p6_d1_static_rep1,D1,27,main,96000,11.431,16.831,21.532,48226,11.33,16.78,21.697,38887,148.057,282.854,317.632,59.7308,2.52706,9596,16.316,27.731,34.915,0,0,192709,192709,21.0021,0,0,0,0,0,0,694.612,0,0,0,0,168601,727008,18.8253,0,714.74
p6_d1_static_rep1,D1,28,main,100788,11.214,16.035,20.53,50826,11.11,15.805,20.484,40180,144.35,259.057,297.611,59.8582,2.43536,10093,15.81,26.741,33.673,0,0,201887,201887,31.0022,0,0,0,0,0,0,694.612,0,0,0,0,174593,752484,18.8326,0,724.975
p6_d1_static_rep1,D1,29,main,102780,11.291,15.028,20.382,51193,11.199,14.961,20.149,40487,144.189,255.922,275.696,59.8993,2.42059,10169,15.742,26.024,32.632,0,0,204629,204629,42.0023,0,0,0,0,0,0,694.612,0,0,0,0,174635,758711,18.7106,0,735.282
p6_d1_static_rep1,D1,30,main,98796,11.682,15.431,20.872,49402,11.571,15.365,20.802,39703,148.18,261.515,281.183,60.0501,2.47541,9860,15.965,26.786,32.996,0,0,197761,197761,52.0023,0,0,0,0,0,0,694.612,0,0,0,0,171536,740644,18.8051,0,745.282
p6_d1_static_rep1,D1,31,main,97112,11.664,17.063,21.651,48444,11.599,16.922,21.465,38990,149.367,270.988,318.23,60.0687,2.5185,9812,16.443,28.025,35.329,0,0,194358,194358,62.0024,0,0,0,0,0,0,694.612,0,0,0,0,165964,727622,18.5728,0,755.226
p6_d1_static_rep1,D1,32,main,89165,11.517,17.615,22.778,44479,11.438,17.404,21.925,36011,162.533,301.116,341.259,60.1996,2.74862,9124,16.049,27.904,35.425,0,0,178779,178779,9.00202,0,0,0,0,0,0,753.968,0,0,59.356,0,160635,728679,18.0628,0,760.839
p6_d1_static_rep1,D1,33,main,89092,11.439,16.994,22.333,44661,11.356,16.838,21.704,35675,167.704,298.807,345.095,60.009,2.81468,8974,15.826,26.697,33.757,0,0,178402,178402,19.0021,0,0,0,0,0,0,753.968,0,0,0,0,163828,756006,17.8106,0,769.933
p6_d1_static_rep1,D1,34,main,89596,11.802,15.998,21.627,44562,11.714,15.768,21.305,35858,167.551,290.101,310.932,60.1077,2.79892,8895,15.717,25.889,32.66,0,0,178911,178911,30.0022,0,0,0,0,0,0,753.968,0,0,0,0,165671,757659,17.9428,0,778.957
p6_d1_static_rep1,D1,35,main,87611,12.099,17.257,22.8,43856,12.031,16.993,22.515,35220,170.029,295.581,326.446,60.129,2.84691,8713,15.873,27.059,33.725,0,0,175400,175400,41.0023,0,0,0,0,0,0,753.968,0,0,0,0,162060,743196,17.9021,0,787.79
p6_d1_static_rep1,D1,36,main,88673,12.066,16.551,22.195,44431,12.015,16.305,21.87,35717,167.785,291.292,314.255,59.9576,2.81784,8750,16.113,26.884,33.126,0,0,177571,177571,51.0023,0,0,0,0,0,0,753.968,0,0,0,0,162582,750953,17.797,0,796.661
p6_d1_static_rep1,D1,37,main,88413,12.199,16.357,22.397,44103,12.16,16.218,22.145,35530,167.402,292.019,314.285,59.9402,2.81688,8883,16.453,27.829,35.642,0,0,176929,176929,61.0024,0,0,0,0,0,0,753.968,0,0,0,0,162338,744513,17.9013,0,805.667
p6_d1_static_rep1,D1,38,main,82545,11.914,17.71,23.134,41669,11.839,17.505,22.994,33322,176.7,315.566,372.672,59.5658,3.00936,8198,15.595,26.563,34.255,0,0,165734,165734,8.00201,0,0,0,0,0,0,805.407,0,0,51.4387,0,154705,738815,17.3141,0,811.153
p6_d1_static_rep1,D1,39,main,82769,11.755,16.708,22.577,41680,11.706,16.498,22.319,33032,185.693,317.571,341.994,59.96,3.10362,8276,15.269,25.341,31.636,0,0,165757,165757,17.0021,0,0,0,0,0,0,805.407,0,0,0,0,159852,772166,17.1512,0,819.544
p6_d1_static_rep1,D1,40,main,82310,12.029,18.231,24.555,40954,11.958,17.94,24.185,32402,186.979,326.772,378.519,59.7774,3.16025,8039,15.862,26.94,33.426,0,0,163705,163705,27.0022,0,0,0,0,0,0,805.407,0,0,0,0,155545,756354,17.0573,0,827.689
p6_d1_static_rep1,D1,41,main,79427,12.314,18.42,24.552,39608,12.223,18.373,24.541,31694,188.671,351.598,389.214,60.0408,3.20157,8005,17.799,29.479,36.494,0,0,158734,158734,37.0022,0,0,0,0,0,0,805.407,0,0,0,0,154329,736855,17.3173,0,835.802
p6_d1_static_rep1,D1,42,main,79656,12.127,18.533,24.605,39859,12.048,18.389,24.215,32036,189.015,339.032,394.968,60.1853,3.17316,7991,17.45,29.259,36.662,0,0,159542,159542,46.0023,0,0,0,0,0,0,805.407,0,0,0,0,154630,745607,17.1766,0,843.906
p6_d1_static_rep1,D1,43,main,79780,12.101,18.458,24.078,39878,12.055,18.327,23.338,32085,187.364,340.548,393.163,60.1159,3.15426,8066,17.694,29.711,36.709,0,0,159809,159809,56.0024,0,0,0,0,0,0,805.407,0,0,0,0,151927,747057,16.8999,0,852.081
p6_d1_static_rep1,D1,44,main,78792,12.299,18.862,24.647,39460,12.235,18.796,24.405,31875,189.185,344.561,398.868,60.2146,3.18888,8136,17.864,29.97,37.465,0,0,158263,158263,3.00198,0,0,0,0,0,0,856.072,0,0,50.6658,0,152205,743074,17.0008,0,857.644
p6_d1_static_rep1,D1,45,main,75983,11.633,18.102,25.039,37888,11.578,17.913,24.616,30319,203.935,357.521,418.229,59.9821,3.42869,7630,15.937,26.303,33.086,0,0,151820,151820,12.002,0,0,0,0,0,0,856.072,0,0,0,0,151442,776623,16.318,0,865.377
p6_d1_static_rep1,D1,46,main,76225,11.835,17.52,23.125,38155,11.767,17.405,22.918,30600,200.382,344.539,377.829,59.8731,3.36281,7599,15.685,25.732,31.265,0,0,152579,152579,22.0021,0,0,0,0,0,0,856.072,0,0,0,0,154140,779708,16.5059,0,873.079
p6_d1_static_rep1,D1,47,main,76534,12.021,17.867,23.768,37930,11.961,17.645,23.649,30605,202.842,345.966,379.958,60.2835,3.3769,7509,16.105,26.298,32.735,0,0,152578,152578,30.0022,0,0,0,0,0,0,856.072,0,0,0,0,153736,782858,16.4144,0,880.695
p6_d1_static_rep1,D1,48,main,74163,12.295,18.573,24.861,37392,12.245,18.281,24.088,30097,206.251,353.945,399.608,60.0843,3.44545,7462,16.494,26.985,33.833,0,0,149114,149114,38.0022,0,0,0,0,0,0,856.072,0,0,0,0,148486,768971,16.1845,0,888.259
p6_d1_static_rep1,D1,49,main,76101,12.259,18.268,23.969,38001,12.209,17.96,23.809,30345,202.366,347.565,385.644,59.9586,3.39699,7471,16.533,26.978,35.471,0,0,151918,151918,47.0023,0,0,0,0,0,0,856.072,0,0,0,0,152082,770596,16.4827,0,895.833
p6_d1_static_rep1,D1,50,main,75699,12.314,18.288,24.01,37775,12.256,17.942,23.76,30634,201.731,347.939,382.036,59.8804,3.39549,7634,16.868,27.389,35.515,0,0,151742,151742,56.0024,0,0,0,0,0,0,856.072,0,0,0,0,152738,775514,16.4544,0,903.572
p6_d1_static_rep1,D1,51,main,75897,12.394,18.307,24.211,38103,12.329,18.129,23.756,30551,201.89,348.173,384.372,59.5892,3.41434,7559,17.422,28.367,36.962,0,0,152110,152110,2.00197,1,0,0,0,1,0,856.072,0,0,0,0,150086,772229,16.2727,0,933.237
p6_d1_static_rep1,D1,52,main,72389,12.253,19.534,26.903,36687,12.194,19.336,26.519,28869,204.268,404.156,476.76,59.9259,3.56007,7209,16.622,28.577,35.387,0,0,145154,145154,9.00202,0,0,0,0,0,0,694.612,251.858,92.4678,51.8013,0,148024,798011,15.6468,0,702.418
p6_d1_static_rep1,D1,53,main,103344,10.959,14.809,20.116,51462,10.875,14.586,19.54,40692,143.23,255.711,279.116,59.8971,2.40905,10229,15.326,25.154,31.989,0,0,205727,205727,21.0021,0,0,0,0,0,0,694.612,0,0,0,0,176753,766899,18.7307,0,712.785
p6_d1_static_rep1,D1,54,main,102339,11.044,14.685,19.807,51244,10.964,14.671,19.565,41094,142.713,252.594,272.476,60.0096,2.38932,10195,15.526,25.38,31.408,0,0,204872,204872,33.0022,0,0,0,0,0,0,694.612,0,0,0,0,179389,769708,18.901,0,723.122
p6_d1_static_rep1,D1,55,main,100782,11.283,15.133,20.343,50275,11.224,15.078,20.04,40521,144.875,255.27,274.164,60.1712,2.42005,10217,15.719,25.825,32.841,0,0,201795,201795,46.0023,0,0,0,0,0,0,694.612,0,0,0,0,173929,760884,18.6058,0,733.479
p6_d1_static_rep1,D1,56,main,101012,11.307,15.1,20.28,50453,11.236,14.94,20.123,40774,143.576,254.298,272.658,60.2416,2.40525,10357,15.669,25.882,32.594,0,0,202596,202596,59.0024,0,0,0,0,0,0,694.612,0,0,0,0,176066,762112,18.7668,0,743.978
p6_d1_static_rep1,D1,57,main,92585,11.628,17.932,23.563,46269,11.468,17.742,23.298,36985,156.441,298.632,345.635,59.8869,2.67368,9127,16.801,28.645,36.682,0,0,184966,184966,6.002,0,0,0,0,0,0,746.344,0,0,51.7316,0,161561,715318,18.4245,0,750.381
p6_d1_static_rep1,D1,58,main,88299,11.404,17.361,22.445,43862,11.283,17.197,22.256,35536,166.838,310.097,355.781,60.1326,2.81798,8873,15.991,27.154,33.476,0,0,176570,176570,16.0021,0,0,0,0,0,0,746.344,0,0,0,0,164890,746021,18.1017,0,759.377
p6_d1_static_rep1,D1,59,main,90541,11.441,16.882,21.371,45484,11.371,16.602,21.034,36406,163.984,289.531,337.885,60.0544,2.74908,9005,15.988,26.693,33.161,0,0,181436,181436,26.0022,0,0,0,0,0,0,746.344,0,0,0,0,168931,761500,18.1562,0,768.508
p6_d1_static_rep1,D1,60,main,89902,11.607,17.441,22.033,45048,11.554,17.383,21.672,36005,164.274,298.023,347.528,60.0665,2.77157,8849,16.432,27.788,33.619,0,0,179804,179804,37.0022,0,0,0,0,0,0,746.344,0,0,0,0,167627,750719,18.2531,0,777.479
p6_d1_static_rep1,D1,61,main,89995,11.639,17.316,21.959,44842,11.548,17.213,21.522,36387,162.459,294.549,345.522,59.7648,2.7612,9084,16.572,27.983,34.289,0,0,180308,180308,48.0023,0,0,0,0,0,0,746.344,0,0,0,0,168083,753686,18.2348,0,786.686
p6_d1_static_rep1,D1,62,main,89751,11.708,17.341,22.14,45261,11.636,17.158,21.839,35964,164.103,294.45,344.973,59.6718,2.77541,8936,17.016,28.71,36.024,0,0,179912,179912,59.0024,0,0,0,0,0,0,746.344,0,0,0,0,164501,745425,18.0785,0,795.746
p6_d1_static_rep1,D1,63,main,88592,11.72,17.513,22.651,44440,11.639,17.501,22.458,35041,169.549,307.47,361.581,59.7467,2.87524,8711,16.517,27.725,35,0,0,176784,176784,5.00199,0,0,0,0,0,0,797.906,0,0,51.5621,0,162039,751150,17.7443,0,801.711
p6_d1_static_rep1,D1,64,main,83354,11.537,17.363,22.492,41593,11.48,17.307,22.54,33071,183.132,324.444,374.09,60.1181,3.07685,8368,16.022,26.798,32.767,0,0,166386,166386,13.0021,0,0,0,0,0,0,797.906,0,0,0,0,162847,766357,17.5254,0,810.195
p6_d1_static_rep1,D1,65,main,82068,11.752,17.83,23.058,41072,11.688,17.697,22.56,33005,184.152,324.092,379.328,60.0767,3.08719,8167,16.39,27.019,33.264,0,0,164312,164312,22.0021,0,0,0,0,0,0,797.906,0,0,0,0,161097,762466,17.443,0,818.476
p6_d1_static_rep1,D1,66,main,83529,11.761,17.193,22.24,41743,11.711,17.037,22.186,33563,181.411,315.188,351.956,60.0576,3.037,8458,16.208,26.176,32.204,0,0,167293,167293,30.0022,0,0,0,0,0,0,797.906,0,0,0,0,162096,775771,17.2835,0,827.053
p6_d1_static_rep1,D1,67,main,77739,12.017,17.986,23.478,38584,11.957,17.676,22.862,31191,183.922,322.945,370.708,60.0987,3.0843,7967,16.762,27.496,35.109,0,0,155481,155481,38.0022,0,0,0,0,0,0,797.906,0,0,0,0,150965,718711,17.3588,0,835.125
p6_d1_static_rep1,D1,68,main,82393,12.023,17.982,23.155,41330,11.961,17.845,22.711,32996,183.601,323.926,377.253,60.2221,3.07668,8309,16.721,27.9,34.07,0,0,165028,165028,47.0023,0,0,0,0,0,0,797.906,0,0,0,0,158885,761415,17.2645,0,843.55
p6_d1_static_rep1,D1,69,main,81707,12.156,18.105,23.418,40903,12.063,18.01,23.108,32938,184.38,327.712,377.55,60.0121,3.09735,8150,17.026,28.035,34.747,0,0,163698,163698,55.0024,0,0,0,0,0,0,797.906,0,0,0,0,159406,755107,17.4307,0,851.812
p6_d1_static_rep1,D1,70,main,81528,12.26,18.341,23.832,40273,12.189,18.052,23.656,32543,185.293,326.51,377.744,60.0789,3.11456,8019,17.376,28.952,36.963,0,0,162363,162363,63.0024,0,0,0,0,0,0,797.906,0,0,0,0,154815,748675,17.1352,0,859.945
p6_d1_static_rep1,D1,71,cooldown,77311,11.769,18.072,23.79,39016,11.684,17.759,23.688,31377,196.953,342.267,379.65,60.0666,3.30153,7745,15.92,26.204,32.249,0,0,155449,155449,9.00202,0,0,0,0,0,0,857.062,0,0,59.1567,0,153302,781724,16.3955,0,864.117
p6_d1_static_rep1,D1,72,cooldown,76643,11.967,17.702,23.865,38379,11.924,17.571,24.124,30585,203.035,348.617,383.56,60.0619,3.3993,7578,15.87,25.845,32.003,0,0,153185,153185,19.0021,0,0,0,0,0,0,857.062,0,0,0,0,153586,783117,16.3964,0,871.807
p6_d1_static_rep1,D1,73,cooldown,75446,12.232,17.885,24.033,37622,12.2,17.659,23.459,30585,203.14,348.817,378.182,59.8752,3.41783,7649,15.975,25.692,31.613,0,0,151302,151302,28.0022,0,0,0,0,0,0,857.062,0,0,0,0,153458,778314,16.4695,0,879.557
p6_d1_static_rep1,D1,74,cooldown,75107,12.542,18.169,24.56,37908,12.49,17.983,24.233,30254,205.005,352.265,381.803,59.477,3.46775,7398,16.334,26.946,33.691,0,0,150667,150667,37.0022,0,0,0,0,0,0,857.062,0,0,0,0,148976,768854,16.2313,0,887.053
p6_d1_static_rep1,D1,75,cooldown,75421,12.668,18.429,24.703,38024,12.616,17.955,24.307,30085,206.705,350.21,378.488,59.9883,3.44715,7560,16.42,26.932,33.901,0,0,151090,151090,45.0023,0,0,0,0,0,0,857.062,0,0,0,0,149286,768673,16.2628,0,894.722
p6_d1_static_rep1,D1,76,cooldown,75684,12.793,18.595,25.093,37663,12.755,18.078,24.708,29779,207.471,353.09,382.22,59.7425,3.47443,7405,16.612,26.903,33.595,0,0,150531,150531,54.0024,0,0,0,0,0,0,857.062,0,0,0,0,146902,758199,16.2305,0,902.229
p6_d1_static_rep1,D1,77,cooldown,75591,12.704,18.423,24.717,37612,12.644,18.167,24.433,30054,207.449,352.412,383.791,60.0754,3.45401,7546,17.038,28.026,35.331,0,0,150803,150803,63.0024,0,0,0,0,0,0,857.062,0,0,0,0,149214,765412,16.3142,0,909.876
p6_d1_static_rep1,D1,78,cooldown,70397,12.495,19.005,25.909,35418,12.457,18.841,25.466,28324,222.789,378.044,411.256,60.1137,3.70552,7095,16.063,26.163,31.813,0,0,141234,141234,7.00201,0,0,0,454.884,0,1,908.28,192.916,70.3208,51.218,0,155648,819135,15.9675,0,987.599
p6_d1_static_rep1,D1,79,cooldown,93011,11.555,15.781,21.679,46432,11.505,15.615,21.254,37384,156.734,282.698,377.916,60.1144,2.65283,9412,15.247,25.34,32.211,0,0,186239,186239,18.0021,0,0,0,0,0,0,694.612,58.0259,22.147,0,0,161502,765994,17.4127,0,710.161
p6_d1_static_rep1,D1,80,cooldown,101507,11.346,14.615,20.071,50738,11.284,14.558,19.928,41031,143.843,251.563,268.842,60.2658,2.39689,10417,14.765,24.892,30.349,0,0,203693,203693,30.0022,0,0,0,0,0,0,694.612,0,0,0,0,179075,770751,18.8535,0,720.718
p6_d1_static_rep2,D1,1,warmup,90041,13.989,20.056,26.978,45121,13.937,20.136,27.03,36026,145.732,266.924,448.644,60.1699,2.5721,9112,18.962,31.838,41.524,0,0,180300,180300,10.002,0,0,0,0,0,1,927.311,279.171,189.291,0,0,180200,653210,21.622,125933,1014.22
p6_d1_static_rep2,D1,2,warmup,98623,13.315,18.608,23.319,49307,13.214,18.556,23.484,39800,137.819,260.627,281.506,59.9044,2.34557,9852,18.839,31.826,38.916,0,0,197582,197582,20.0021,0,0,0,0,0,1,927.311,342.28,233.525,0,0,206652,717573,22.3595,155400,1257.74
p6_d1_static_rep2,D1,3,warmup,100420,12.691,18.784,23.9,49940,12.65,18.882,24.173,40087,135.719,259.748,289.039,60.2365,2.31228,9959,18.645,32.6,41.49,0,0,200406,200406,30.0022,0,0,0,0,0,1,927.311,272.862,195.522,0,0,207535,706309,22.7101,118667,1465.36
p6_d1_static_rep2,D1,4,warmup,109775,11.465,16.54,21.041,55201,11.397,16.495,20.902,44256,123.174,223.84,265.572,59.9909,2.08258,10865,16.843,29.696,38.235,0,0,220097,220097,42.0023,0,0,0,0,0,0,602.144,82.5467,98.5906,0,0,187293,721965,20.5984,0,642.671
p6_d1_static_rep2,D1,5,warmup,118806,10.845,14.764,20.566,59329,10.767,14.639,20.369,48073,116.053,211.713,232.795,59.7635,1.97616,11850,16.191,28.281,36.359,0,0,238058,238058,54.0024,0,0,0,0,0,0,602.144,0,0,0,0,195973,737640,20.9908,0,654.682
p6_d1_static_rep2,D1,6,warmup,120213,10.892,14.641,19.415,60716,10.806,14.575,19.497,47997,116.454,210.673,227.951,59.8545,1.96543,12031,16.356,28.424,37.082,0,0,240957,240957,2.00197,1,0,0,0,1,0,602.144,0,0,0,0,195327,737782,20.9329,0,663.13
p6_d1_static_rep2,D1,7,warmup,108021,10.684,14.984,19.773,53774,10.606,14.821,19.645,42554,135.989,242.848,269.41,59.9069,2.29197,10696,15.046,25.206,31.67,0,0,215045,215045,13.0021,0,0,0,0,0,0,661.46,0,0,59.3158,0,189071,764299,19.8319,0,673.976
p6_d1_static_rep2,D1,8,warmup,107182,10.843,15.057,19.833,53692,10.761,14.944,19.744,43026,135.225,238.473,262.331,60.0033,2.2651,10688,15.371,25.259,32.118,0,0,214588,214588,24.0021,0,0,0,0,0,0,661.46,0,0,0,0,193636,765512,20.1883,0,684.811
p6_d1_static_rep2,D1,9,warmup,105509,11.019,15.554,20.008,52582,10.958,15.46,19.982,42501,136.515,241.194,280.85,60.1631,2.28945,10680,15.923,27.218,33.617,0,0,211272,211272,35.0022,0,0,0,0,0,0,661.46,0,0,0,0,188755,756821,19.9619,0,695.638
p6_d1_static_rep2,D1,10,warmup,107197,11.053,14.77,19.996,53565,10.985,14.713,19.969,42922,135.344,238.892,256.876,60.2365,2.2603,10948,15.863,27.169,34.697,0,0,214632,214632,46.0023,0,0,0,0,0,0,661.46,0,0,0,0,191926,762586,20.1072,0,706.738
p6_d1_static_rep2,D1,11,main,103527,11.18,16.428,22.027,51796,11.085,16.404,22.104,41647,137.121,245.09,295.027,59.9368,2.33417,10346,16.122,27.81,35.988,0,0,207316,207316,57.0024,0,0,0,0,0,0,661.46,0,0,0,0,184587,734930,20.0743,0,717.224
p6_d1_static_rep2,D1,12,main,100884,11.303,17.112,21.119,50112,11.203,17.085,21.209,40361,141.514,267.675,310.262,60.0853,2.40599,9962,17.397,30.037,37.916,0,0,201319,201319,3.00198,0,0,0,0,0,0,720.749,0,0,59.2889,0,178951,725543,19.7847,0,723.624
p6_d1_static_rep2,D1,13,main,92900,10.986,16.549,21.222,46891,10.912,16.393,20.57,37718,157.057,283.567,337.481,60.0122,2.64604,9281,15.764,26.832,32.908,0,0,186790,186790,13.0021,0,0,0,0,0,0,720.749,0,0,0,0,176659,763757,18.7852,0,733.032
p6_d1_static_rep2,D1,14,main,95968,11.159,15.829,20.685,47693,11.104,15.649,20.515,38384,154.116,269.393,298.487,59.9689,2.59167,9550,15.436,25.524,32.029,0,0,191595,191595,23.0021,0,0,0,0,0,0,720.749,0,0,0,0,181606,774221,18.9999,0,742.716
p6_d1_static_rep2,D1,15,main,95574,11.285,15.449,20.798,48208,11.21,15.343,20.762,38601,152.875,268.619,288.866,59.6256,2.58936,9534,15.998,26.484,33.696,0,0,191917,191917,33.0022,0,0,0,0,0,0,720.749,0,0,0,0,180605,773726,18.9248,0,752.381
p6_d1_static_rep2,D1,16,main,95371,11.462,15.822,21.013,47853,11.397,15.579,20.941,38046,156.197,270.003,291.461,59.8875,2.61613,9488,16.143,26.785,34.087,0,0,190758,190758,42.0023,0,0,0,0,0,0,720.749,0,0,0,0,176810,766459,18.7444,0,761.999
p6_d1_static_rep2,D1,17,main,96166,11.478,15.734,21.117,48003,11.395,15.584,20.804,37854,155.716,271.069,293.397,59.9746,2.60458,9574,16.295,27.112,34.422,0,0,191597,191597,52.0023,0,0,0,0,0,0,720.749,0,0,0,0,176138,762675,18.7618,0,771.707
p6_d1_static_rep2,D1,18,main,93917,11.623,15.926,21.453,46977,11.556,15.789,21.254,37732,157.442,274.405,296.185,59.9947,2.6266,9337,17.38,28.957,37.163,0,0,187963,187963,62.0024,0,0,0,0,0,0,720.749,0,0,0,0,175552,755781,18.8495,0,781.171
p6_d1_static_rep2,D1,19,main,88980,11.409,16.528,21.715,44440,11.355,16.336,21.708,35734,168.238,295.159,325.513,60.1234,2.8166,9007,16.095,27.149,33.68,0,0,178161,178161,8.00201,0,0,0,0,0,0,779.988,0,0,59.2397,0,169018,770614,17.9877,0,786.569
p6_d1_static_rep2,D1,20,main,86472,11.318,16.434,22.146,42873,11.263,16.465,22.054,34723,174.968,301.079,331.193,60.1384,2.92427,8838,15.53,25.5,31.692,0,0,172906,172906,17.0021,0,0,0,0,0,0,779.988,0,0,0,0,170108,787206,17.7693,0,795.528
p6_d1_static_rep2,D1,21,main,85778,11.51,16.958,22.031,43138,11.455,16.815,22.112,34524,175.888,302.055,335.565,60.1218,2.93801,8676,15.865,26.11,32.842,0,0,172116,172116,25.0021,0,0,0,0,0,0,779.988,0,0,0,0,168015,782596,17.6744,0,804.323
p6_d1_static_rep2,D1,22,main,86899,11.577,16.325,21.905,43424,11.535,16.12,21.811,34898,174.145,300.186,325.254,59.9162,2.91244,8657,15.949,25.526,31.765,0,0,173878,173878,34.0022,0,0,0,0,0,0,779.988,0,0,0,0,170335,786428,17.8033,0,813.099
p6_d1_static_rep2,D1,23,main,86711,11.711,16.479,22.219,43174,11.636,16.32,22.093,34579,175.492,301.902,328.385,60.2279,2.92389,8580,16.361,27.165,34.906,0,0,173044,173044,43.0023,0,0,0,0,0,0,779.988,0,0,0,0,168057,782252,17.6845,0,821.801
p6_d1_static_rep2,D1,24,main,85777,11.743,16.499,21.967,43218,11.679,16.239,21.531,34847,174.839,299.756,323.609,60.0548,2.91644,8542,17.126,28.237,36.736,0,0,172384,172384,52.0023,0,0,0,0,0,0,779.988,0,0,0,0,166899,785188,17.5298,0,830.459
p6_d1_static_rep2,D1,25,main,87099,11.774,16.582,22.112,43311,11.7,16.348,21.812,34747,173.646,300.437,325.205,59.9029,2.92085,8586,16.685,27.501,34.867,0,0,173743,173743,61.0024,0,0,0,0,0,0,779.988,0,0,0,0,168110,779471,17.741,0,839.164
p6_d1_static_rep2,D1,26,main,81155,11.794,17.845,23.547,40750,11.738,17.577,23.188,33004,184.889,323.629,360.73,59.7297,3.12416,8157,16.231,26.944,33.775,0,0,163066,163066,5.00199,0,0,0,236.882,0,1,839.026,110.41,54,59.038,0,167436,803770,17.24,0,900.729
p6_d1_static_rep2,D1,27,main,92406,11.346,16.606,21.657,46524,11.287,16.613,21.77,36783,157.908,302.063,371.4,59.7858,2.69961,9223,15.672,26.482,32.599,0,0,184936,184936,15.0021,0,0,0,0,0,0,694.612,78.7486,38.4678,0,0,164792,770697,17.6156,0,708.765
p6_d1_static_rep2,D1,28,main,101127,11.316,15.346,20.547,50528,11.247,15.157,20.388,39947,146.059,256.225,278.054,59.8488,2.44508,9915,15.56,26.378,33.064,0,0,201517,201517,25.0021,0,0,0,0,0,0,694.612,0,0,0,0,172683,751268,18.6896,0,718.819
p6_d1_static_rep2,D1,29,main,102485,11.217,14.978,20.351,51284,11.141,14.961,20.277,41059,142.854,250.991,272.583,60.0864,2.38697,10340,15.214,25.711,32.36,0,0,205168,205168,36.0022,0,0,0,0,0,0,694.612,0,0,0,0,179455,768378,18.9332,0,729.301
p6_d1_static_rep2,D1,30,main,101938,11.342,15.144,20.469,50870,11.288,14.953,20.359,40912,142.957,251.46,269.765,60.0844,2.39722,10276,15.47,26.235,33.591,0,0,203996,203996,46.0023,0,0,0,0,0,0,694.612,0,0,0,0,175292,766325,18.6161,0,739.717
p6_d1_static_rep2,D1,31,main,100822,11.436,15.269,20.703,50181,11.395,15.155,20.648,40672,144.575,252.631,270.603,60.2018,2.41186,10286,16.467,27.802,35.325,0,0,201961,201961,57.0024,0,0,0,0,0,0,694.612,0,0,0,0,174958,759323,18.7265,0,750.145
p6_d1_static_rep2,D1,32,main,99011,11.504,15.947,21.349,49617,11.435,15.809,20.983,39615,147.549,259.447,285.85,60.017,2.47076,9933,16.151,27.725,36.079,0,0,198176,198176,3.00198,0,0,0,0,0,0,753.785,0,0,59.1734,0,169874,750790,18.4512,0,756.525
p6_d1_static_rep2,D1,33,main,89619,11.395,16.959,22.72,44574,11.332,16.644,22.32,36053,166.519,290.824,326.474,60.0449,2.79444,8899,15.522,26.73,34.07,0,0,179145,179145,12.002,0,0,0,0,0,0,753.785,0,0,0,0,165842,763973,17.836,0,765.545
p6_d1_static_rep2,D1,34,main,91714,11.432,16.433,21.73,46127,11.354,16.067,21.613,36766,163.382,282.854,308.567,60.1591,2.72521,9157,15.505,25.819,33.283,0,0,183764,183764,22.0021,0,0,0,0,0,0,753.785,0,0,0,0,170080,778289,17.9339,0,774.834
p6_d1_static_rep2,D1,35,main,92440,11.57,16.434,21.219,46177,11.506,16.233,21.198,37118,161.316,279.574,319.627,59.997,2.70714,9103,15.381,25.958,32.393,0,0,184838,184838,31.0022,0,0,0,0,0,0,753.785,0,0,0,0,170062,782777,17.8479,0,784.059
p6_d1_static_rep2,D1,36,main,90070,11.891,16.517,21.978,44940,11.838,16.417,21.586,36378,164.113,286.6,312.043,59.9006,2.76787,9088,16.082,27.068,34.136,0,0,180476,180476,41.0023,0,0,0,0,0,0,753.785,0,0,0,0,167424,762715,17.9999,0,793.274
p6_d1_static_rep2,D1,37,main,88602,11.925,16.306,21.761,44669,11.849,15.93,21.561,35668,163.485,285.442,310.083,59.6327,2.75912,8838,15.873,26.874,33.726,0,0,177777,177777,50.0023,0,0,0,0,0,0,753.785,0,0,0,0,161979,746477,17.8301,0,802.236
p6_d1_static_rep2,D1,38,main,90345,12.086,16.495,22.198,45549,12.033,16.199,22.058,35792,165.633,287.569,310.086,59.7278,2.78923,8908,17.106,28.692,36.427,0,0,180594,180594,59.0024,0,0,0,0,0,0,753.785,0,0,0,0,161151,751535,17.6568,0,811.266
p6_d1_static_rep2,D1,39,main,90061,11.922,16.503,22.41,44765,11.847,16.292,21.959,35727,168.768,292.357,317.732,60.0923,2.81305,8986,16.129,28.449,37.401,0,0,179539,179539,4.00198,0,0,0,0,0,0,813.141,0,0,59.356,0,164485,774393,17.5193,0,816.66
p6_d1_static_rep2,D1,40,main,83194,11.62,16.413,22.369,41628,11.55,16.22,22.206,33362,185.014,315.668,342.697,60.0553,3.07717,8302,15.265,25.204,31.507,0,0,166486,166486,13.0021,0,0,0,0,0,0,813.141,0,0,0,0,160946,787588,16.9679,0,825.073
p6_d1_static_rep2,D1,41,main,74462,13.172,19.492,27.556,37260,13.061,19.344,27.48,29934,199.555,371.006,416.317,60.117,3.40396,7554,18.415,30.378,37.885,0,0,149210,149210,21.0021,0,0,0,0,0,0,813.141,0,0,0,0,144090,705683,16.9563,0,832.736
p6_d1_static_rep2,D1,42,main,79292,11.986,18.604,25.093,39336,11.877,18.518,24.387,31828,189.998,352.062,406.663,60.0658,3.2072,8085,17.324,29.455,36.804,0,0,158541,158541,29.0022,0,0,0,0,0,0,813.141,0,0,0,0,150849,750788,16.7306,0,840.925
p6_d1_static_rep2,D1,43,main,78626,12.146,18.825,25.624,39443,12.068,18.812,24.955,31398,190.482,353.895,407.432,60.2281,3.21394,7951,17.837,30.548,37.932,0,0,157418,157418,37.0022,0,0,0,0,0,0,813.141,0,0,0,0,149566,740528,16.8034,0,848.985
p6_d1_static_rep2,D1,44,main,79188,12.125,18.682,24.706,39632,12.038,18.564,23.798,31876,187.967,346.146,402.141,59.9664,3.1839,7870,17.905,30.158,36.852,0,0,158566,158566,45.0023,0,0,0,0,0,0,813.141,0,0,0,0,151852,746611,16.9013,0,856.964
p6_d1_static_rep2,D1,45,main,78198,12.22,18.849,24.783,38771,12.17,18.833,24.487,31619,189.412,349.599,406.619,60.1404,3.20099,7822,18.07,30.386,36.997,0,0,156410,156410,53.0024,0,0,0,0,0,0,813.141,0,0,0,0,149171,741512,16.7479,0,864.901
p6_d1_static_rep2,D1,46,main,79101,12.304,18.965,24.872,39847,12.209,18.713,24.232,31720,189.793,350.781,408.906,60.0587,3.21598,7847,18.363,31.128,39.345,0,0,158515,158515,61.0024,0,0,0,0,0,0,813.141,0,0,0,0,149039,743926,16.6904,0,872.859
p6_d1_static_rep2,D1,47,main,75857,12.168,19.313,25.625,37885,12.092,19.149,25.295,30493,198.88,372.686,427.216,59.9798,3.37975,7508,17.762,30.001,37.43,0,0,151743,151743,5.00199,0,0,0,0,0,0,872.334,0,0,59.1934,0,146300,745787,16.3997,0,876.769
p6_d1_static_rep2,D1,48,main,73352,11.974,18.894,26.205,36621,11.909,18.695,25.305,29459,208.124,382.512,441.734,59.9494,3.53253,7351,16.71,27.995,34.411,0,0,146783,146783,13.0021,0,0,0,0,0,0,872.334,0,0,0,0,146298,766366,16.0298,0,884.223
p6_d1_static_rep2,D1,49,main,73060,12.112,18.873,25.738,36692,12.042,18.772,24.99,29697,205.545,379.189,439.508,59.6705,3.519,7297,16.927,28.501,35.082,0,0,146746,146746,20.0021,0,0,0,0,0,0,872.334,0,0,0,0,145594,769672,15.9073,0,891.614
p6_d1_static_rep2,D1,50,main,73835,12.292,19.223,26.241,37221,12.2,18.905,25.516,29311,207.578,383.998,441.021,59.8068,3.53548,7334,17.336,28.593,33.937,0,0,147701,147701,28.0022,0,0,0,0,0,0,872.334,0,0,0,0,143952,762001,15.8896,0,899.052
p6_d1_static_rep2,D1,51,main,74495,12.365,19.142,25.789,37313,12.295,19.1,25.339,29468,207.215,378.443,440.085,59.6329,3.52499,7352,17.593,29.301,36.43,0,0,148628,148628,35.0022,0,0,0,0,0,0,872.334,0,0,0,0,143639,764461,15.8175,0,906.507
p6_d1_static_rep2,D1,52,main,73968,12.349,19.117,25.724,36845,12.29,18.977,25.224,29359,208.149,376.367,439.696,60.1837,3.49739,7406,17.725,29.77,37.376,0,0,147578,147578,43.0023,0,0,0,0,0,0,872.334,0,0,0,0,144902,763153,15.9574,0,914.012
p6_d1_static_rep2,D1,53,main,73709,12.454,19.246,25.829,36945,12.355,19.039,25.366,29554,208.443,372.484,433.984,60.0275,3.50363,7359,18.267,30.299,36.756,0,0,147567,147567,50.0023,0,0,0,0,0,0,872.334,0,0,0,0,145234,765392,15.9488,0,921.474
p6_d1_static_rep2,D1,54,main,72210,12.685,19.524,26.532,35991,12.64,19.471,26.088,29069,210.929,386.492,445.949,60.1479,3.56476,7317,17.585,29.101,36.231,0,0,144587,144587,58.0024,0,0,0,0,0,0,872.334,0,0,0,0,142985,752146,15.9736,0,928.893
p6_d1_static_rep2,D1,55,main,72636,12.67,19.648,26.441,36259,12.572,19.542,26.035,29218,210.994,381.18,445.974,60.1836,3.54552,7312,17.6,29.19,36.169,0,0,145425,145425,1.00196,1,0,0,0,1,0,872.334,0,0,0,0,140110,758561,15.5908,0,995.629
p6_d1_static_rep2,D1,56,main,68464,12.237,19.728,27.574,34364,12.19,19.498,27.02,27663,219.401,408.596,482.956,60.3592,3.74435,7066,16.76,27.678,33.667,0,0,137557,137557,9.00202,0,0,0,0,0,0,694.612,273.902,92.4678,59.324,0,147098,825901,15.118,0,702.796
p6_d1_static_rep2,D1,57,main,103000,10.928,14.667,20.005,51343,10.849,14.486,19.714,41127,142.751,253.432,274.004,59.8705,2.39402,10193,15.335,25.108,31.923,0,0,205663,205663,19.0021,0,0,0,0,0,0,694.612,0,0,0,0,177607,773616,18.6714,0,713.131
p6_d1_static_rep2,D1,58,main,99057,11.345,16.333,20.821,49111,11.264,16.246,20.814,39654,146.826,261.004,308.98,60.1116,2.47096,9870,16.06,27.636,34.893,0,0,197692,197692,29.0022,0,0,0,0,0,0,694.612,0,0,0,0,171661,745084,18.7251,0,723.138
p6_d1_static_rep2,D1,59,main,99954,11.324,15.195,20.507,50498,11.263,15.124,20.336,40560,145.196,256.073,276.076,60.1049,2.42277,10042,16.121,26.682,33.689,0,0,201054,201054,40.0023,0,0,0,0,0,0,694.612,0,0,0,0,175202,758810,18.758,0,733.316
p6_d1_static_rep2,D1,60,main,102034,11.345,15.235,20.509,50807,11.276,15.102,20.307,40681,143.153,255.828,276.611,59.8647,2.41972,10040,15.936,26.328,33.142,0,0,203562,203562,50.0023,0,0,0,0,0,0,694.612,0,0,0,0,176169,757337,18.8718,0,743.495
p6_d1_static_rep2,D1,61,main,98916,11.539,15.545,20.948,49753,11.458,15.393,20.656,40137,144.949,258.162,277.792,59.6827,2.45377,9868,16.186,27.124,35.199,0,0,198674,198674,60.0024,0,0,0,0,0,0,694.612,0,0,0,0,171520,742999,18.7552,0,753.5
p6_d1_static_rep2,D1,62,main,96034,11.388,16.118,21.505,48331,11.316,15.934,21.17,38265,154.441,275.502,304.083,59.864,2.60221,9623,15.603,25.893,32.327,0,0,192253,192253,6.002,0,0,0,0,0,0,753.873,0,0,59.2608,0,167323,754007,18.161,0,759.556
p6_d1_static_rep2,D1,63,main,93005,11.297,15.681,21.114,46391,11.22,15.421,20.853,36571,163.581,286.127,310.567,59.855,2.74913,9191,15.443,25.705,31.721,0,0,185158,185158,16.0021,0,0,0,0,0,0,753.873,0,0,0,0,167778,776437,17.769,0,768.877
p6_d1_static_rep2,D1,64,main,89184,11.711,16.564,21.847,44593,11.653,16.475,21.779,35857,168.248,291.458,321.857,60.1061,2.79979,8929,16.023,26.682,33.468,0,0,178563,178563,25.0021,0,0,0,0,0,0,753.873,0,0,0,0,166996,756312,18.0867,0,777.929
p6_d1_static_rep2,D1,65,main,90118,11.735,15.95,21.705,45041,11.654,15.759,21.148,36170,165.651,288.475,310.784,60.1476,2.77141,9113,15.954,25.973,33.055,0,0,180442,180442,34.0022,0,0,0,0,0,0,753.873,0,0,0,0,166697,763168,17.927,0,787.165
p6_d1_static_rep2,D1,66,main,83518,11.993,16.692,22.299,41519,11.905,16.597,22.326,33589,170.063,293.637,321.022,60.0593,2.83519,8482,16.313,26.938,32.926,0,0,167108,167108,43.0023,0,0,0,0,0,0,753.873,0,0,0,0,152187,708508,17.6819,0,795.761
p6_d1_static_rep2,D1,67,main,89084,11.934,16.703,21.953,44618,11.885,16.58,21.797,35595,167.75,289.613,313.184,60.1771,2.79979,9025,16.004,26.562,33.398,0,0,178322,178322,52.0023,0,0,0,0,0,0,753.873,0,0,0,0,162318,750178,17.7884,0,804.91
p6_d1_static_rep2,D1,68,main,89858,11.976,16.409,21.734,44929,11.902,16.325,21.532,36240,165.988,287.447,311.912,59.972,2.77922,8969,16.443,27.839,35.395,0,0,179996,179996,62.0024,0,0,0,0,0,0,753.873,0,0,0,0,165464,758307,17.9118,0,814.005
p6_d1_static_rep2,D1,69,main,83106,11.928,18.608,23.676,41275,11.846,18.635,23.634,33293,181.542,318.658,384.998,60.1374,3.04884,8226,16.419,28.226,35.437,0,0,165900,165900,6.002,0,0,0,0,0,0,813.095,0,0,59.2227,0,154411,742009,17.2253,0,818.622
p6_d1_static_rep2,D1,70,main,81508,11.595,16.98,22.324,41134,11.557,16.927,22.414,33054,186.815,319.867,354.678,60.109,3.10653,8188,15.703,26.117,32.117,0,0,163884,163884,15.0021,0,0,0,0,0,0,813.095,0,0,0,0,157188,781159,16.7516,0,826.923
p6_d1_static_rep2,D1,71,cooldown,83473,11.855,16.433,22.115,41504,11.821,16.194,21.812,33281,183.843,314.763,339.04,60.0358,3.07385,8156,15.629,25.82,32.107,0,0,166414,166414,23.0021,0,0,0,0,0,0,813.095,0,0,0,0,160333,783342,16.9903,0,835.194
p6_d1_static_rep2,D1,72,cooldown,84827,11.876,16.16,21.878,42514,11.832,15.925,21.761,34347,177.985,307.844,333.786,59.6095,3.00973,8541,15.133,25.01,30.999,0,0,170229,170229,32.0022,0,0,0,0,0,0,813.095,0,0,0,0,164061,802124,16.9803,0,843.85
p6_d1_static_rep2,D1,73,cooldown,85027,12.029,16.341,21.983,42791,11.963,16.233,21.782,33946,180.448,309.217,333.967,59.7944,3.02638,8485,15.275,25.87,32.074,0,0,170249,170249,40.0023,0,0,0,0,0,0,813.095,0,0,0,0,160058,797739,16.7111,0,852.453
p6_d1_static_rep2,D1,74,cooldown,83845,12.275,17.098,22.965,42122,12.208,16.876,22.677,33214,184.591,316.652,342.996,59.699,3.09342,8242,15.943,26.39,32.876,0,0,167423,167423,49.0023,0,0,0,0,0,0,813.095,0,0,0,0,156652,777873,16.7627,0,860.81
p6_d1_static_rep2,D1,75,cooldown,83361,12.301,17.141,22.561,41550,12.245,16.767,22.372,33101,184.784,315.746,341.682,60.1538,3.07082,8346,16.043,26.491,33.38,0,0,166358,166358,57.0024,0,0,0,0,0,0,813.095,0,0,0,0,157509,777041,16.854,0,869.271
p6_d1_static_rep2,D1,76,cooldown,82518,12.366,17.332,22.953,41361,12.3,16.983,22.916,33165,186.089,317.536,344.318,60.0162,3.09826,8234,15.878,26.245,32.615,0,0,165278,165278,2.00197,0,0,0,0,0,0,872.318,0,0,59.2225,0,157102,778917,16.7841,0,873.871
p6_d1_static_rep2,D1,77,cooldown,77150,11.729,17.225,23.411,38461,11.694,16.88,23.124,30960,202.272,345.498,376.33,60.0834,3.37929,7803,15.115,24.723,31.373,0,0,154374,154374,10.002,0,0,0,0,0,0,872.318,0,0,0,0,152561,808806,15.8692,0,881.776
p6_d1_static_rep2,D1,78,cooldown,76886,11.987,17.242,23.549,38215,11.94,16.942,23.359,30977,203.312,341.744,370.247,60.1935,3.36459,7881,15.472,25.557,31.996,0,0,153959,153959,18.0021,0,0,0,0,0,0,872.318,0,0,0,0,152959,808138,15.915,0,889.772
p6_d1_static_rep2,D1,79,cooldown,77354,12.221,17.542,23.829,38859,12.201,17.322,23.803,30839,202.339,342.817,370.012,60.1706,3.36607,7833,15.542,25.795,32.239,0,0,154885,154885,26.0022,0,0,0,0,0,0,872.318,0,0,0,0,151856,803945,15.8878,0,897.711
p6_d1_static_rep2,D1,80,cooldown,76685,12.312,17.905,24.501,38343,12.255,17.39,23.213,30857,202.868,343.721,372.084,59.9642,3.38031,7604,15.93,25.872,32.599,0,0,153489,153489,34.0022,0,0,0,0,0,0,872.318,0,0,0,0,152319,800208,15.991,0,905.417
p6_d1_static_rep3,D1,1,warmup,93029,13.901,20.055,25.856,46594,13.871,20.089,26.008,37205,144,265.547,402.016,60.1617,2.47932,9423,18.785,31.803,39.078,0,0,186251,186251,10.002,0,0,0,0,0,1,927.313,283.313,192.291,0,0,186397,673124,21.6861,127928,1017.54
p6_d1_static_rep3,D1,2,warmup,99395,13.028,18.856,23.326,49782,12.932,18.816,23.145,40078,135.874,262.873,285.439,59.8998,2.31561,9939,18.738,32.333,40.688,0,0,199194,199194,21.0021,0,0,0,0,0,1,927.313,335.6,229.525,0,0,208345,719817,22.4471,153000,1258.14
p6_d1_static_rep3,D1,3,warmup,95733,14.005,19.311,24.393,47536,13.962,19.279,24.491,38241,142.142,264.354,285.284,60.2532,2.41448,9469,19.59,33.478,41.838,0,0,190979,190979,30.0022,0,0,0,0,0,1,927.313,314.567,246.032,0,0,200863,687215,22.6177,119072,1514.36
p6_d1_static_rep3,D1,4,warmup,104654,11.895,17.281,21.365,52580,11.791,17.205,21.142,42278,125.335,248.251,271.037,60.0055,2.14699,10372,18.244,31.762,40.488,0,0,209884,209884,41.0023,0,0,0,0,0,0,602.144,43.2227,49.0807,0,0,168707,677838,19.9289,0,642.076
p6_d1_static_rep3,D1,5,warmup,112602,11.138,16.735,20.417,56272,11.058,16.705,20.572,45519,119.979,241.034,272.794,59.8233,2.06805,11291,17.703,31.416,39.727,0,0,225684,225684,53.0024,0,0,0,0,0,0,602.144,0,0,0,0,186499,698859,21.0648,0,653.523
p6_d1_static_rep3,D1,6,warmup,112502,11.256,17.215,22.609,56685,11.167,17.098,22.23,44913,120.863,242.423,280.691,59.7044,2.08946,11151,18.026,31.58,40.171,0,0,225251,225251,64.0024,0,0,0,0,0,0,602.144,0,0,0,0,182231,689047,20.9154,0,664.825
p6_d1_static_rep3,D1,7,warmup,105248,10.991,16.843,20.947,52608,10.908,16.643,20.44,41575,135.481,259.197,303.29,59.8742,2.31203,10349,15.938,28.424,35.651,0,0,209780,209780,11.002,0,0,0,0,0,0,661.198,0,0,59.0537,0,181259,728232,19.9297,0,671.607
p6_d1_static_rep3,D1,8,warmup,103483,11.055,16.525,20.528,51765,10.959,16.398,20.361,41466,137.537,257.07,303.653,60.0936,2.3288,10434,15.992,27.308,33.453,0,0,207148,207148,22.0021,0,0,0,0,0,0,661.198,0,0,0,0,187083,738883,20.2041,0,682.18
p6_d1_static_rep3,D1,9,warmup,102852,11.213,16.658,20.75,51375,11.137,16.654,20.756,41297,137.929,260.441,304.465,60.1031,2.33981,10374,16.424,27.979,34.19,0,0,205898,205898,32.0022,0,0,0,0,0,0,661.198,0,0,0,0,183707,735600,19.9832,0,692.698
p6_d1_static_rep3,D1,10,warmup,102276,11.304,16.749,20.818,50980,11.204,16.684,20.574,41279,138.565,258.681,302.789,60.176,2.34357,10433,16.483,27.878,34.999,0,0,204968,204968,43.0023,0,0,0,0,0,0,661.198,0,0,0,0,184646,731725,20.1497,0,703.277
p6_d1_static_rep3,D1,11,main,102682,11.389,16.842,20.855,51440,11.288,16.78,20.82,41099,138.494,260.441,306.71,59.9914,2.35459,10278,17.456,30.011,38.174,0,0,205499,205499,54.0024,0,0,0,0,0,0,661.198,0,0,0,0,182521,726526,20.0783,0,713.696
p6_d1_static_rep3,D1,12,main,100529,11.482,17.032,21.12,49922,11.375,16.879,21.08,40393,140.252,262.817,305.147,60.1628,2.37317,10040,17.416,29.629,37.033,0,0,200884,200884,64.0024,0,0,0,0,0,0,661.198,0,0,0,0,178561,713871,20.0084,0,723.873
p6_d1_static_rep3,D1,13,main,93649,11.347,17.125,21.591,47021,11.283,16.989,21.494,37722,154.578,278.507,332.299,60.041,2.61856,9277,15.817,26.759,33.291,0,0,187669,187669,11.002,0,0,0,0,0,0,720.565,0,0,59.3672,0,174243,743903,18.9777,0,729.567
p6_d1_static_rep3,D1,14,main,95625,11.309,15.441,20.749,47786,11.251,15.175,20.591,38266,154.246,268.402,289.163,60.0752,2.58432,9471,15.686,25.375,31.676,0,0,191148,191148,22.0021,0,0,0,0,0,0,720.565,0,0,0,0,181091,773170,18.9771,0,739.163
p6_d1_static_rep3,D1,15,main,94779,11.484,15.569,20.984,47475,11.412,15.381,20.65,38397,152.733,269.035,289.708,59.6197,2.59304,9497,15.865,25.516,32.291,0,0,190148,190148,33.0022,0,0,0,0,0,0,720.565,0,0,0,0,180016,769294,18.9628,0,748.791
p6_d1_static_rep3,D1,16,main,95680,11.558,15.651,21.041,48252,11.496,15.45,20.737,38139,154.068,269.5,289.776,59.7536,2.5967,9530,16.072,25.991,33.114,0,0,191601,191601,45.0023,0,0,0,0,0,0,720.565,0,0,0,0,178335,766510,18.8745,0,758.452
p6_d1_static_rep3,D1,17,main,94384,11.854,16.322,21.804,47133,11.807,16.108,21.424,37330,158.494,274.485,296.266,59.9,2.6515,9317,16.38,27.062,34.594,0,0,188164,188164,56.0024,0,0,0,0,0,0,720.565,0,0,0,0,172906,751626,18.702,0,767.897
p6_d1_static_rep3,D1,18,main,90897,11.944,17.02,22.012,45338,11.864,16.94,22.001,36216,161.931,280.103,315.402,60.0184,2.70563,9102,16.476,27.849,35.907,0,0,181553,181553,3.00198,0,0,0,0,0,0,772.161,0,0,51.5961,0,170105,735629,18.7809,0,774.27
p6_d1_static_rep3,D1,19,main,85844,11.548,16.459,21.902,42926,11.499,15.991,21.661,34428,176.352,301.76,323.428,60.0851,2.94047,8636,15.529,24.658,31.365,0,0,171834,171834,14.0021,0,0,0,0,0,0,772.161,0,0,0,0,170314,773065,18.0536,0,783.033
p6_d1_static_rep3,D1,20,main,85558,11.729,16.669,22.192,42740,11.679,16.214,21.841,34510,175.852,299.391,323.003,60.2064,2.92376,8665,15.879,25.481,31.922,0,0,171473,171473,25.0021,0,0,0,0,0,0,772.161,0,0,0,0,168101,776736,17.7915,0,791.817
p6_d1_static_rep3,D1,21,main,84394,12.091,17.578,22.773,42259,12.052,17.337,22.638,33926,177.727,303.768,335.971,60.2523,2.96672,8658,15.987,26.433,33.209,0,0,169237,169237,35.0022,0,0,0,0,0,0,772.161,0,0,0,0,167573,759870,18.0683,0,800.595
p6_d1_static_rep3,D1,22,main,84702,12.31,17.051,22.84,42389,12.245,16.844,22.644,33981,178.142,303.982,327.493,59.9049,2.97673,8380,16.268,26.509,33.523,0,0,169452,169452,45.0023,0,0,0,0,0,0,772.161,0,0,0,0,166812,757377,18.0496,0,809.089
p6_d1_static_rep3,D1,23,main,78043,13.161,19.408,26.816,38739,13.026,19.202,26.59,31369,186.766,344.669,384.511,60.0337,3.1878,7812,18.549,31.033,38.764,0,0,155963,155963,54.0024,0,0,0,0,0,0,772.161,0,0,0,0,152387,700022,17.8772,0,817.004
p6_d1_static_rep3,D1,24,main,81304,12.366,18.742,24.543,40813,12.285,18.629,24.286,32622,181.594,340.601,386.869,60.203,3.07812,8113,18.418,30.607,37.561,0,0,162852,162852,64.0024,0,0,0,0,0,0,772.161,0,0,0,0,159034,728397,17.9207,0,825.228
p6_d1_static_rep3,D1,25,main,79396,11.864,18.67,24.177,39755,11.814,18.357,23.96,31971,183.045,339.211,411.352,59.8773,3.12694,7845,16.312,27.821,34.698,0,0,158967,158967,10.002,0,0,0,0,0,0,694.612,172.448,92.4678,50.5033,0,162128,782028,17.1717,0,702.416
p6_d1_static_rep3,D1,26,main,99396,11.232,16.328,20.564,49589,11.165,16.16,20.412,40054,144.479,258.307,312.312,60.0071,2.44032,9997,15.602,26.491,33.22,0,0,199036,199036,22.0021,0,0,0,0,0,0,694.612,0,0,0,0,175399,751229,18.9287,0,712.554
p6_d1_static_rep3,D1,27,main,101703,11.335,15.171,20.424,51166,11.248,14.98,20.219,40832,141.976,251.994,271.494,59.656,2.39811,10095,15.742,26.287,32.87,0,0,203796,203796,34.0022,0,0,0,0,0,0,694.612,0,0,0,0,176491,762761,18.7906,0,722.789
p6_d1_static_rep3,D1,28,main,102582,11.396,15.18,20.309,51526,11.329,15.002,20.08,40614,141.745,250.475,268.385,59.7049,2.3862,10122,15.924,26.135,32.682,0,0,204844,204844,47.0023,0,0,0,0,0,0,694.612,0,0,0,0,174473,759942,18.6719,0,733.055
p6_d1_static_rep3,D1,29,main,101266,11.622,15.5,20.736,50327,11.553,15.38,20.63,40205,144.487,254.351,274.098,60.1344,2.41655,10073,16.211,26.843,34.06,0,0,201871,201871,59.0024,0,0,0,0,0,0,694.612,0,0,0,0,173624,752814,18.741,0,743.264
p6_d1_static_rep3,D1,30,main,95615,11.592,16.975,21.543,47935,11.535,16.89,21.368,38485,152.085,270.048,307.619,60.115,2.55472,9623,16.126,27.38,34.371,0,0,191658,191658,6.002,0,0,0,0,0,0,745.512,0,0,50.8998,0,170481,747855,18.5641,0,750.241
p6_d1_static_rep3,D1,31,main,90455,11.501,16.57,21.592,45137,11.452,16.103,21.302,36412,164.482,283.785,315.142,60.1135,2.74181,9178,15.774,26.28,33.068,0,0,181182,181182,16.0021,0,0,0,0,0,0,745.512,0,0,0,0,167616,763660,17.9985,0,759.544
p6_d1_static_rep3,D1,32,main,90456,11.762,16.593,22.004,45275,11.715,16.426,21.562,36306,164.032,283.119,306.302,60.2443,2.7353,9238,15.878,26.412,33.359,0,0,181275,181275,28.0022,0,0,0,0,0,0,745.512,0,0,0,0,169401,759357,18.2395,0,768.912
p6_d1_static_rep3,D1,33,main,91259,11.881,16.039,21.72,45603,11.832,15.776,21.382,36570,163.019,282.342,302.694,59.8514,2.73096,9080,16.177,26.597,33.005,0,0,182512,182512,39.0023,0,0,0,0,0,0,745.512,0,0,0,0,169584,759974,18.2435,0,778.12
p6_d1_static_rep3,D1,34,main,90670,11.996,16.174,21.808,44931,11.921,15.959,21.301,36418,163.793,282.271,302.221,60.1803,2.7317,9042,16.392,26.928,32.906,0,0,181061,181061,49.0023,0,0,0,0,0,0,745.512,0,0,0,0,167900,759102,18.1122,0,787.284
p6_d1_static_rep3,D1,35,main,89697,12.113,16.323,21.976,45180,12.065,16.09,21.948,36200,164.004,282.822,303.318,60.0151,2.74058,8920,16.736,27.764,35.012,0,0,179997,179997,60.0024,0,0,0,0,0,0,745.512,0,0,0,0,166202,751338,18.1139,0,796.332
p6_d1_static_rep3,D1,36,main,85765,12.116,18.112,23.276,42923,12.031,17.627,22.787,34337,173.54,306.698,365.252,60.0442,2.92905,8486,16.211,27.662,34.389,0,0,171511,171511,6.002,0,0,0,0,0,0,797.435,0,0,51.9236,0,161843,743488,17.8767,0,802.059
p6_d1_static_rep3,D1,37,main,83027,11.81,16.801,22.451,41461,11.764,16.505,22.112,33644,180.245,311.404,335.781,59.7866,3.04336,8356,15.69,25.668,31.788,0,0,166488,166488,17.0021,0,0,0,0,0,0,797.435,0,0,0,0,164576,773603,17.5421,0,810.53
p6_d1_static_rep3,D1,38,main,82155,12.002,17.43,23.34,41422,11.927,17.098,22.787,32901,180.959,313.126,345.732,59.7247,3.04078,8179,15.911,26.013,33.01,0,0,164657,164657,26.0022,0,0,0,0,0,0,797.435,0,0,0,0,159219,758059,17.3578,0,818.824
p6_d1_static_rep3,D1,39,main,84857,11.929,16.982,22.695,42739,11.841,16.839,22.56,33644,178.737,311.119,338.049,59.6677,3.02088,8385,16.305,26.499,32.581,0,0,169625,169625,36.0022,0,0,0,0,0,0,797.435,0,0,0,0,162140,774689,17.3073,0,827.318
p6_d1_static_rep3,D1,40,main,82959,12.123,18.187,23.091,41257,12.083,18.003,23.024,32765,184.378,319.815,384.633,60.1412,3.08479,8280,16.491,27.455,34.438,0,0,165261,165261,46.0023,0,0,0,0,0,0,797.435,0,0,0,0,159191,756590,17.3831,0,835.715
p6_d1_static_rep3,D1,41,main,82801,12.185,17.273,23.168,41482,12.119,17.045,22.896,33366,182.943,314.403,343.657,60.0458,3.04211,8260,16.747,26.926,33.435,0,0,165909,165909,56.0024,0,0,0,0,0,0,797.435,0,0,0,0,161507,766105,17.4111,0,844.09
p6_d1_static_rep3,D1,42,main,82977,12.218,17.692,23.009,41483,12.171,17.599,22.971,33294,182.103,313.97,345.124,60.116,3.04389,8398,16.533,26.941,33.745,0,0,166152,166152,2.00197,0,0,0,0,0,0,848.501,0,0,51.0664,0,160601,765678,17.3383,0,849.811
p6_d1_static_rep3,D1,43,main,75531,11.934,18.304,24.793,37468,11.855,18.044,24.092,30339,202.458,352.757,412.977,60.0327,3.40854,7665,16.117,26.389,33.725,0,0,151003,151003,11.002,0,0,0,0,0,0,848.501,0,0,0,0,152063,770662,16.4798,0,857.582
p6_d1_static_rep3,D1,44,main,76161,12.109,18.172,24.304,38097,12.062,17.917,23.654,30486,201.677,346.977,395.232,60.3092,3.36552,7751,16.306,26.21,32.372,0,0,152495,152495,21.0021,0,0,0,0,0,0,848.501,0,0,0,0,154401,774281,16.6258,0,865.443
p6_d1_static_rep3,D1,45,main,76847,12.164,17.651,23.914,38497,12.124,17.574,23.982,30966,199.279,340.463,371.446,59.9632,3.32042,7600,16.391,25.722,32.448,0,0,153910,153910,30.0022,0,0,0,0,0,0,848.501,0,0,0,0,156639,781189,16.7023,0,873.146
p6_d1_static_rep3,D1,46,main,76226,12.385,18.384,24.576,37907,12.331,18.284,24.686,30673,200.248,343.546,380.008,59.9572,3.36203,7644,16.484,26.302,33.444,0,0,152450,152450,39.0023,0,0,0,0,0,0,848.501,0,0,0,0,152379,775660,16.4195,0,880.896
p6_d1_static_rep3,D1,47,main,72538,12.689,19.823,27.336,36308,12.618,19.619,26.766,29040,207.182,382.071,438.349,60.2908,3.53028,7225,18.437,30.577,38.512,0,0,145111,145111,48.0023,0,0,0,0,0,0,848.501,0,0,0,0,146412,734705,16.6166,0,888.22
p6_d1_static_rep3,D1,48,main,74047,12.603,19.141,25.149,37363,12.578,19.116,25.337,29983,203.745,368.826,428.783,59.8631,3.44068,7345,17.997,29.434,37.138,0,0,148738,148738,57.0024,0,0,0,0,0,0,848.501,0,0,0,0,148968,753770,16.5018,0,895.67
p6_d1_static_rep3,D1,49,main,73124,12.747,19.833,26.844,36270,12.689,19.483,25.655,29122,206.709,380.573,442.926,60.0476,3.50477,7211,18.592,31.938,40.385,0,0,145727,145727,3.00198,0,0,0,419.773,0,1,898.784,16.5652,6,50.2827,0,146763,741372,16.5249,0,909.281
p6_d1_static_rep3,D1,50,main,76256,11.981,18.563,24.847,38217,11.911,18.297,24.427,31029,191.532,373.55,436.859,59.6337,3.31616,7665,16.209,27.238,33.81,0,0,153167,153167,11.002,0,0,0,0,0,0,694.612,226.085,86.4678,0,0,156883,816197,16.1223,0,703.887
p6_d1_static_rep3,D1,51,main,103058,11.102,14.702,19.848,51978,11.032,14.534,19.659,41064,141.238,250.296,268.049,59.8235,2.3796,10276,15.254,25.182,31.313,0,0,206376,206376,24.0021,0,0,0,0,0,0,694.612,0,0,0,0,178963,770795,18.843,0,714.303
p6_d1_static_rep3,D1,52,main,103333,11.288,14.918,20.112,51589,11.219,14.783,19.679,40819,142.379,250.561,267.755,59.8444,2.38981,10185,15.575,25.821,32.069,0,0,205926,205926,36.0022,0,0,0,0,0,0,694.612,0,0,0,0,175714,766952,18.6401,0,724.632
p6_d1_static_rep3,D1,53,main,100886,11.466,15.442,20.562,50489,11.388,15.231,20.348,40481,143.819,253.471,275.927,60.0925,2.40692,10143,15.989,26.541,32.902,0,0,201999,201999,48.0023,0,0,0,0,0,0,694.612,0,0,0,0,176671,756437,18.9336,0,734.913
p6_d1_static_rep3,D1,54,main,100691,11.501,15.532,20.825,50270,11.429,15.399,20.504,40372,143.673,254.727,274.897,60.083,2.41525,10145,16.339,27.395,34.599,0,0,201478,201478,59.0024,0,0,0,0,0,0,694.612,0,0,0,0,172832,755185,18.6238,0,745.199
p6_d1_static_rep3,D1,55,main,95881,11.37,15.958,21.256,47647,11.311,15.722,20.813,38653,152.557,268.901,295.861,60.2066,2.55102,9777,15.963,27.04,34.105,0,0,191958,191958,8.00201,0,0,0,0,0,0,746.389,0,0,51.7771,0,170091,762832,18.2321,0,752.292
p6_d1_static_rep3,D1,56,main,91734,11.423,15.818,21.305,46082,11.354,15.501,21.022,36768,162.307,282.891,310.049,60.0568,2.71208,9291,15.695,25.514,32.227,0,0,183875,183875,20.0021,0,0,0,0,0,0,746.389,0,0,0,0,171048,770860,18.1597,0,761.714
p6_d1_static_rep3,D1,57,main,92505,11.512,15.704,21.294,46103,11.449,15.476,20.793,37059,160.821,280.358,302.789,60.0298,2.68807,9176,16.036,26.074,32.566,0,0,184843,184843,30.0022,0,0,0,0,0,0,746.389,0,0,0,0,172520,773565,18.2351,0,771.015
p6_d1_static_rep3,D1,58,main,91677,11.665,15.883,21.411,45934,11.571,15.604,20.993,36898,161.511,281.185,303.564,60.1633,2.69673,9119,16.137,26.254,33.274,0,0,183628,183628,41.0023,0,0,0,0,0,0,746.389,0,0,0,0,171325,770382,18.193,0,780.261
p6_d1_static_rep3,D1,59,main,91157,11.799,16.483,21.842,45587,11.74,16.427,21.576,36656,161.934,284.614,309.579,59.9549,2.72228,9006,16.257,26.953,33.454,0,0,182406,182406,52.0023,0,0,0,0,0,0,746.389,0,0,0,0,168971,761864,18.1526,0,789.392
p6_d1_static_rep3,D1,60,main,90797,11.823,16.25,21.836,45263,11.782,15.864,21.514,36617,161.099,282.754,304.719,59.9454,2.71371,9132,16.239,26.593,33.276,0,0,181809,181809,62.0024,0,0,0,0,0,0,746.389,0,0,0,0,168616,758522,18.1867,0,798.653
p6_d1_static_rep3,D1,61,main,85702,11.585,17.223,22.11,43047,11.497,16.82,21.861,34500,174.485,306.274,340.736,59.5691,2.95363,8513,15.868,25.981,32.372,0,0,171762,171762,9.00202,0,0,0,0,0,0,797.26,0,0,50.8706,0,163859,772118,17.5067,0,804.522
p6_d1_static_rep3,D1,62,main,84625,11.683,16.987,22.172,42706,11.622,16.838,21.801,33713,179.753,308.903,340.531,59.8523,3.01082,8383,15.868,25.96,31.936,0,0,169427,169427,20.0021,0,0,0,0,0,0,797.26,0,0,0,0,163361,779912,17.3185,0,813.018
p6_d1_static_rep3,D1,63,main,85182,11.843,17.199,22.078,42546,11.781,17.088,21.796,33497,179.783,310.41,345.256,59.8825,3.02124,8437,16.327,26.776,32.248,0,0,169662,169662,31.0022,0,0,0,0,0,0,797.26,0,0,0,0,162608,773913,17.363,0,821.575
p6_d1_static_rep3,D1,64,main,82200,12.125,18.142,23.359,41160,12.048,17.803,22.933,32933,184.07,316.83,373.223,60.0819,3.07211,8233,16.653,27.691,34.381,0,0,164526,164526,40.0023,0,0,0,0,0,0,797.26,0,0,0,0,161963,757508,17.6148,0,829.925
p6_d1_static_rep3,D1,65,main,83016,12.172,17.212,22.793,41381,12.113,16.986,22.44,33437,182.085,311.204,337.931,60.1453,3.03158,8407,16.551,26.949,33.725,0,0,166241,166241,50.0023,0,0,0,0,0,0,797.26,0,0,0,0,162332,769074,17.4287,0,838.442
p6_d1_static_rep3,D1,66,main,77150,12.276,17.793,23.452,38517,12.211,17.706,23.148,31018,183.983,315.686,352.504,60.0972,3.07349,7771,16.811,27.42,34.113,0,0,154456,154456,59.0024,0,0,0,0,0,0,797.26,0,0,0,0,147516,714839,17.1062,0,846.323
p6_d1_static_rep3,D1,67,main,80019,12.074,18.127,23.829,39961,12.02,18.015,23.206,32066,190.114,328.137,378.8,60.2824,3.17358,8176,16.575,26.919,34.11,0,0,160222,160222,5.00199,0,0,0,0,0,0,847.991,0,0,50.7311,0,156935,765923,17.0053,0,851.926
p6_d1_static_rep3,D1,68,main,77174,11.859,17.754,23.125,38657,11.798,17.563,22.99,31071,199.012,339.807,374.87,59.8966,3.33525,7672,15.988,25.792,32.258,0,0,154574,154574,14.0021,0,0,0,0,0,0,847.991,0,0,0,0,157480,784927,16.7104,0,859.706
p6_d1_static_rep3,D1,69,main,76747,12.149,18.211,24.184,38113,12.105,17.867,23.641,30801,200.811,341.336,375.387,60.0421,3.34781,7679,16.297,26.676,34.393,0,0,153340,153340,23.0021,0,0,0,0,0,0,847.991,0,0,0,0,154652,780445,16.5386,0,867.489
p6_d1_static_rep3,D1,70,main,77431,12.327,17.698,23.741,38620,12.267,17.483,23.387,30942,199.291,338.194,366.618,60.259,3.31652,7712,16.189,26.268,32.331,0,0,154705,154705,32.0022,0,0,0,0,0,0,847.991,0,0,0,0,155720,784985,16.5535,0,875.31
p6_d1_static_rep3,D1,71,cooldown,76421,12.397,18.103,23.837,38693,12.335,17.465,23.53,31002,198.482,339.147,365.5,59.8526,3.33394,7601,16.828,26.876,33.622,0,0,153717,153717,41.0023,0,0,0,0,0,0,847.991,0,0,0,0,154594,780225,16.5373,0,883.015
p6_d1_static_rep3,D1,72,cooldown,76558,12.526,18.242,24.351,37994,12.483,17.715,23.978,30569,201.22,341.663,369.559,60.0139,3.36148,7545,16.691,27.28,34.745,0,0,152666,152666,50.0023,0,0,0,0,0,0,847.991,0,0,0,0,153876,769671,16.6614,0,890.672
p6_d1_static_rep3,D1,73,cooldown,76549,12.498,18.097,23.912,38405,12.464,17.719,23.309,31091,198.765,340.886,369.073,59.6989,3.34825,7704,17.219,27.497,34.521,0,0,153749,153749,59.0024,0,0,0,0,0,0,847.991,0,0,0,0,154380,778615,16.5467,0,898.474
p6_d1_static_rep3,D1,74,cooldown,74582,12.626,19.084,25.529,37505,12.579,18.812,24.739,29768,207.116,358.626,411.862,59.7948,3.48929,7451,17.294,28.35,35.441,0,0,149306,149306,3.00198,0,0,0,425.184,0,1,900.229,76.7286,28,52.2389,0,152724,785742,16.2738,0,934.106
p6_d1_static_rep3,D1,75,cooldown,81865,11.88,18.175,24.066,41123,11.837,18.051,23.793,32376,181.24,363.594,433.527,59.686,3.14281,8064,15.96,26.564,33.049,0,0,163428,163428,12.002,0,0,0,0,0,0,694.612,168.46,64.4678,0,0,155665,797340,16.3341,0,705.674
p6_d1_static_rep3,D1,76,cooldown,102053,11.426,15.07,20.119,50797,11.362,14.992,20.004,40498,144.133,252.127,270.658,60.0624,2.41217,10146,15.394,25.967,32.685,0,0,203494,203494,22.0021,0,0,0,0,0,0,694.612,0,0,0,0,177245,761612,18.8788,0,715.96
p6_d1_static_rep3,D1,77,cooldown,101525,11.37,15.059,20.325,50800,11.282,14.877,20.024,40834,143.433,252.062,269.193,60.1379,2.39604,10206,16.043,26.587,33.766,0,0,203365,203365,33.0022,0,0,0,0,0,0,694.612,0,0,0,0,178186,765261,18.8867,0,726.305
p6_d1_static_rep3,D1,78,cooldown,100898,11.512,15.463,20.591,50430,11.428,15.21,20.179,40606,144.874,253.074,272.473,60.0902,2.41324,10235,15.893,26.446,33.613,0,0,202169,202169,43.0023,0,0,0,0,0,0,694.612,0,0,0,0,173428,761369,18.5525,0,736.68
p6_d1_static_rep3,D1,79,cooldown,100560,11.646,15.416,20.773,50237,11.595,15.342,20.643,40210,145.414,255.528,273.37,60.2121,2.42911,10254,16.162,27.536,35.077,0,0,201261,201261,54.0024,0,0,0,0,0,0,694.612,0,0,0,0,173298,752603,18.7167,0,747.078
p6_d1_static_rep3,D1,80,cooldown,100322,11.718,15.452,20.787,50178,11.637,15.365,20.613,40485,144.835,255.143,273.23,59.925,2.4295,10014,16.738,28.842,36.854,0,0,200999,200999,64.0024,0,0,0,0,0,0,694.612,0,0,0,0,173236,751763,18.7282,0,757.23
p6_d2_dynamic_rep1,D2,1,warmup,68028,12.807,17.83,25.572,34121,12.822,17.68,25.874,27237,237.631,284.896,483.774,100,2.31977,6894,18.793,31.164,40.044,0,0,136280,136280,8.00201,0,0,0,0,0,0,1003.59,0,0,0,0,198264,709320,21.8453,0,1010.73
p6_d2_dynamic_rep1,D2,2,warmup,71694,12.017,17.433,22.483,35904,12.014,17.503,21.915,28885,214.182,283.43,305.621,100,2.18341,7111,18.842,31.332,38.891,0,0,143594,143594,15.0021,0,0,0,0,0,0,1003.59,0,0,0,0,211836,749454,22.0366,0,1017.94
p6_d2_dynamic_rep1,D2,3,warmup,77708,11.306,15.995,19.824,38526,11.314,15.969,19.553,31199,205.102,262.542,293.718,100,2.02104,7757,17.608,29.24,36.898,0,0,155190,155190,23.0021,0,0,0,0,0,0,1003.59,0,0,0,0,227003,809562,21.8995,0,1025.8
p6_d2_dynamic_rep1,D2,4,warmup,77999,11.372,15.672,21.111,39083,11.378,15.493,20.889,31270,205.665,236.052,292.218,100,2.01473,7806,17.592,28.623,35.825,0,0,156158,156158,31.0022,0,0,0,0,0,0,1003.59,0,0,0,0,228963,809342,22.0516,0,1033.72
p6_d2_dynamic_rep1,D2,5,warmup,77805,11.365,14.955,19.605,39225,11.385,14.958,19.493,31472,205.458,231.835,244.905,100,1.99399,7704,17.632,28.836,37.145,0,0,156206,156206,39.0023,0,0,0,0,0,0,1003.59,0,0,0,0,227913,815243,21.8484,0,1041.53
p6_d2_dynamic_rep1,D2,6,warmup,78981,11.439,15.122,19.657,39220,11.462,15.164,19.812,31561,206.064,234.152,247.444,100,1.99978,7829,17.597,28.577,35.86,0,0,157591,157591,47.0023,0,0,0,0,0,0,1003.59,0,0,0,0,231008,813458,22.1173,0,1049.46
p6_d2_dynamic_rep1,D2,7,warmup,77209,11.549,15.478,19.957,38813,11.599,15.365,19.804,31364,206.982,237.727,257.522,100,2.01729,7730,18.001,29.273,37.375,0,0,155116,155116,55.0024,0,0,0,0,0,0,1003.59,0,0,0,0,226936,808462,21.9178,0,1057.3
p6_d2_dynamic_rep1,D2,8,warmup,78063,11.587,15.901,19.955,39289,11.611,15.986,20.049,31057,207.462,239.285,293.567,100,2.02848,7792,18.117,30.012,38.498,0,0,156201,156201,63.0024,0,0,0,0,0,0,1003.59,0,0,0,0,225154,801595,21.9288,0,1065.2
p6_d2_dynamic_rep1,D2,9,warmup,75172,11.287,16.237,20.951,37699,11.325,16.36,20.952,29728,217.278,263.465,314.774,100,2.14337,7410,16.464,27.95,35.244,0,0,150009,150009,9.00202,0,0,0,0,0,0,1062.43,0,0,58.8381,0,163396,821791,16.5853,0,1069.02
p6_d2_dynamic_rep1,D2,10,warmup,75831,11.193,15.019,19.908,37788,11.213,15.016,19.86,30110,218.798,249.39,262.975,100,2.12438,7596,15.919,25.41,31.847,0,0,151325,151325,17.0021,0,0,0,0,0,0,1062.43,0,0,0,0,146811,850932,14.7143,0,1076.72
p6_d2_dynamic_rep1,D2,11,main,70650,11.65,17.717,23.204,35420,11.624,17.718,22.693,28386,221.452,298.725,340.421,100,2.25447,7072,17.372,29.325,36.509,0,0,141528,141528,25.0021,0,0,0,0,0,0,1062.43,0,0,0,0,138917,799039,14.8106,0,1083.89
p6_d2_dynamic_rep1,D2,12,main,70931,12.022,18.251,22.7,35402,12.051,18.255,22.615,28491,219.44,303.596,324.029,99.0398,2.23968,7161,18.266,30.392,38.493,100,103.825,142085,142085,34.0022,0,0,0,0,0,0,1062.43,0,0,0,0,138674,794662,14.8579,0,1091.16
p6_d2_dynamic_rep1,D2,13,main,71062,12.173,18.574,22.933,35352,12.166,18.589,22.939,28584,219.244,304.907,325.554,98.0493,2.24854,7158,18.321,30.897,38.001,100,65.718,142256,142256,43.0023,0,0,0,0,0,0,1062.43,0,0,0,0,137028,790893,14.7672,0,1098.42
p6_d2_dynamic_rep1,D2,14,main,70966,12.179,18.556,22.706,35683,12.191,18.568,22.558,28723,218.204,304.577,324.946,97.0078,2.2475,7340,18.206,30.305,38.926,100,48.714,142812,142812,51.0023,0,0,0,0,0,0,1062.43,0,0,0,0,140614,783613,15.2142,0,1105.87
p6_d2_dynamic_rep1,D2,15,main,71059,12.427,19.411,26.051,35409,12.403,19.381,25.667,28342,219.487,308.72,340.97,95.9631,2.30385,7113,18.871,32.013,40.559,100,49.941,142023,142023,60.0024,0,0,0,0,0,0,1062.43,0,0,0,0,136833,767560,15.1298,0,1113.08
p6_d2_dynamic_rep1,D2,16,main,70414,12.246,18.832,23.243,35148,12.212,18.778,23.049,28257,224.015,314.372,341.72,94.9256,2.33922,6983,18.121,30.912,38.382,100,53.165,140902,140902,5.00199,0,0,0,0,0,0,1113.89,0,0,51.4562,0,139357,778709,15.1794,0,1117.34
p6_d2_dynamic_rep1,D2,17,main,68434,12.269,18.931,23.656,33797,12.233,18.979,23.834,27283,235.112,328.535,356.14,94.1234,2.46119,6710,17.135,28.244,34.476,200,58.249,136424,136424,13.0021,0,0,0,0,0,0,1113.89,0,0,0,0,140509,790309,15.0952,0,1124.16
p6_d2_dynamic_rep1,D2,18,main,67840,12.457,19.141,23.753,34319,12.411,19.047,23.364,27473,233.621,328.235,356.517,93.0828,2.46381,6815,17.287,28.742,35.37,100,57.855,136547,136547,21.0021,0,0,0,0,0,0,1113.89,0,0,0,0,141237,786973,15.2161,0,1131.07
p6_d2_dynamic_rep1,D2,19,main,68917,12.5,19.281,23.637,34496,12.495,19.251,24.166,27681,232.087,328.036,355.476,92.1095,2.46321,6817,17.596,28.694,35.384,100,50.201,138011,138011,29.0022,0,0,0,0,0,0,1113.89,0,0,0,0,143475,784152,15.4669,0,1137.99
p6_d2_dynamic_rep1,D2,20,main,68648,12.663,19.45,23.873,34221,12.67,19.419,23.835,27610,232.537,330.415,359.487,90.875,2.48554,6838,18.088,29.666,36.082,100,54.768,137417,137417,38.0022,0,0,0,0,0,0,1113.89,0,0,0,0,142734,773020,15.5865,0,1144.93
p6_d2_dynamic_rep1,D2,21,main,68578,12.789,19.544,24.588,34383,12.796,19.564,24.74,27745,231.671,329.45,358.186,89.8252,2.49558,6856,18.115,29.558,36.152,100,54.396,137662,137662,46.0023,0,0,0,0,0,0,1113.89,0,0,0,0,143001,768379,15.6906,0,1151.88
p6_d2_dynamic_rep1,D2,22,main,69737,12.884,19.724,24.224,35137,12.829,19.622,23.859,27866,230.907,329.725,357.301,88.8678,2.50879,6987,17.945,29.294,35.827,100,74.018,139827,139827,54.0024,0,0,0,0,0,0,1113.89,0,0,0,0,142888,766938,15.705,0,1158.98
p6_d2_dynamic_rep1,D2,23,main,70977,12.932,19.711,24.613,35815,12.939,19.689,24.329,28118,230.641,326.837,356.706,87.7959,2.51652,7009,17.703,28.955,36.364,100,45.984,142019,142019,62.0024,0,0,0,0,0,0,1113.89,0,0,0,0,144485,765571,15.8765,0,1166.08
p6_d2_dynamic_rep1,D2,24,main,67124,13.013,20.47,25.968,33314,12.956,20.326,25.869,26452,246.297,350.04,395.071,87.1429,2.71801,6634,17.955,30.636,37.422,100,72.058,133624,133624,5.00199,0,0,0,0,0,1,1165.52,109.788,80.3342,51.6296,0,146385,774899,15.8892,0,1254.83
p6_d2_dynamic_rep1,D2,25,main,66077,13.054,20.308,26.467,32931,13.035,20.274,26.495,26489,247.905,338.462,394.802,85.9847,2.73481,6617,17.141,28.52,36.599,100,118.436,132214,132214,12.002,0,0,0,0,0,1,1078.36,232.825,227.453,0,0,141458,812726,14.825,0,1134.51
p6_d2_dynamic_rep1,D2,26,main,77365,12.32,17.614,22.69,38713,12.304,17.603,22.695,31145,214.862,273.472,312.669,84.9318,2.3249,7755,16.689,26.943,33.19,100,52.984,155078,155078,20.0021,0,0,0,0,0,0,1066.92,184.482,200.584,0,0,129695,817964,13.6858,0,1085.95
p6_d2_dynamic_rep1,D2,27,main,81807,12.147,16.369,21.522,40928,12.121,16.226,21.625,32896,203.015,258.679,278.372,83.9907,2.21795,8279,16.525,26.845,34.245,100,57.794,164010,164010,28.0022,0,0,0,0,0,0,1066.92,0,0,0,0,129313,795179,13.9875,0,1094.35
p6_d2_dynamic_rep1,D2,28,main,80887,12.247,16.543,21.841,40537,12.248,16.395,21.806,32720,201.832,260.809,282.022,82.8642,2.23413,8363,17.063,28.407,35.703,100,106.161,162607,162607,37.0022,0,0,0,0,0,0,1066.92,0,0,0,0,130331,778207,14.3451,0,1102.83
p6_d2_dynamic_rep1,D2,29,main,84272,12.203,16.238,21.301,41989,12.183,16.223,21.339,33654,198.919,256.237,275.47,81.7502,2.2143,8412,17.039,27.632,35.528,100,52.857,168427,168427,46.0023,0,0,0,0,0,0,1066.92,0,0,0,0,132869,792393,14.3601,0,1111.37
p6_d2_dynamic_rep1,D2,30,main,84326,12.308,16.396,21.494,41959,12.27,16.49,21.366,33728,198.325,257.16,276.092,81.2384,2.22314,8373,17.019,27.976,33.742,100,49.79,168486,168486,54.0024,0,0,0,0,0,0,1066.92,0,0,0,0,134396,786392,14.5958,0,1119.86
p6_d2_dynamic_rep1,D2,31,main,84335,12.297,16.413,21.726,42088,12.282,16.468,21.612,33828,196.929,257.523,276.989,80.0521,2.23229,8394,17.38,28.571,37.007,100,54.769,168745,168745,63.0024,0,0,0,0,0,0,1066.92,0,0,0,0,135058,777191,14.8049,0,1128.38
p6_d2_dynamic_rep1,D2,32,main,80901,11.933,16.704,21.984,40829,11.917,16.539,21.762,32725,206.061,275.822,300.644,78.5554,2.39399,8010,15.959,25.753,32.742,100,85.597,162565,162565,7.00201,0,0,0,0,0,0,1126.19,0,0,59.2685,0,134711,795517,14.4815,0,1132.78
p6_d2_dynamic_rep1,D2,33,main,78662,12.298,17.144,23.133,39073,12.276,17.076,23.058,31520,213.237,287.832,313.335,77.8603,2.5041,7806,16.309,26.518,33.355,100,56.297,157161,157161,15.0021,0,0,0,0,0,0,1126.19,0,0,0,0,137443,786924,14.8689,0,1140.7
p6_d2_dynamic_rep1,D2,34,main,79014,12.377,16.985,22.681,39734,12.361,16.96,22.433,32011,210.391,283.808,306.369,76.7548,2.49488,7936,16.406,26.468,32.935,100,57.247,158795,158795,23.0021,0,0,0,0,0,0,1126.19,0,0,0,0,138110,788874,14.8989,0,1148.75
p6_d2_dynamic_rep1,D2,35,main,79073,12.804,17.439,23.711,39823,12.788,17.403,23.584,31522,214.334,287.849,309.74,75.479,2.55954,7838,16.859,28.429,37.54,100,105.607,158356,158356,32.0022,0,0,0,0,0,0,1126.19,0,0,0,0,135793,768246,15.0207,0,1156.7
p6_d2_dynamic_rep1,D2,36,main,80554,12.803,17.464,23.467,40138,12.792,17.52,23.236,31738,211.884,287.243,309.928,74.747,2.56074,7912,17.879,29.636,36.94,100,51.75,160442,160442,40.0023,0,0,0,0,0,0,1126.19,0,0,0,0,136762,767429,15.1253,0,1164.73
p6_d2_dynamic_rep1,D2,37,main,80100,12.866,17.596,23.991,40057,12.859,17.585,23.877,31958,209.065,285.749,307.98,73.8681,2.55501,8069,16.388,27.381,35.336,100,130.45,160284,160284,50.0023,0,0,0,0,0,0,1126.19,0,0,0,0,139025,761487,15.4384,0,1172.92
p6_d2_dynamic_rep1,D2,38,main,79861,13.013,17.935,24.063,40133,12.984,18,24.034,32011,209.809,288.796,313.936,72.9082,2.60022,7971,17.024,27.991,35.041,100,120.421,160076,160076,60.0024,0,0,0,0,0,0,1126.19,0,0,0,0,139078,754314,15.5674,0,1181
p6_d2_dynamic_rep1,D2,39,main,78028,12.959,18.112,23.799,38893,12.972,18.081,23.652,31415,212.139,302.707,334.981,71.7207,2.71739,7916,16.078,27.227,36.349,100,151.889,156352,156352,6.002,0,0,0,0,0,1,1181.61,100.112,55,55.4199,0,143296,787141,15.4009,0,1247.76
p6_d2_dynamic_rep1,D2,40,main,82524,12.692,17.707,23.395,41032,12.65,17.499,23.187,33082,200.838,278.276,316.132,70.8006,2.5706,8472,15.571,26.518,36.008,100,129.59,165210,165210,14.0021,0,0,0,0,0,1,1096.18,329.517,212.611,0,0,146296,833495,14.9313,117000,1297.95
p6_d2_dynamic_rep1,D2,41,main,84444,12.954,17.915,23.803,42356,12.921,17.798,23.675,33959,191.97,271.211,289.603,69.9043,2.52074,8503,15.969,26.928,35.925,100,142.288,169362,169362,23.0021,0,0,0,0,0,1,1096.18,378.93,233.032,0,0,152685,830966,15.5223,154700,1545.62
p6_d2_dynamic_rep1,D2,42,main,92866,12.122,16.613,22.389,46476,12.08,16.627,22.512,37345,160.853,255.728,282.144,68.5817,2.24693,9276,16.189,27.426,36.699,100,123.274,186063,186063,32.0022,0,0,0,0,0,0,757.685,68.217,68.9244,0,0,167856,740896,18.471,2400,788.49
p6_d2_dynamic_rep1,D2,43,main,97818,11.67,15.596,21.616,48571,11.621,15.603,21.41,39078,148.785,243.093,264.844,67.8873,2.12809,9678,15.92,26.783,34.894,100,142.585,195245,195245,42.0023,0,0,0,0,0,0,757.685,0,0,0,0,186719,726239,20.4521,0,798.307
p6_d2_dynamic_rep1,D2,44,main,101995,11.739,15.552,21.297,51248,11.696,15.466,21.205,41214,143.903,240.326,266.445,66.5996,2.11592,10095,15.748,27.07,35.592,100,153.639,204652,204652,53.0024,0,0,0,0,0,0,757.685,0,0,0,0,195354,750422,20.6554,0,808.548
p6_d2_dynamic_rep1,D2,45,main,101629,11.917,15.995,21.689,50725,11.889,15.894,21.454,40911,143.668,243.933,270.625,65.5234,2.15928,10202,15.776,27.368,36.273,100,127.543,203567,203567,63.0024,0,0,0,0,0,0,757.685,0,0,0,0,195286,730954,21.0837,0,818.892
p6_d2_dynamic_rep1,D2,46,main,96059,11.651,15.868,21.41,48429,11.586,15.771,21.195,38627,155.218,262.134,289.036,64.2245,2.37752,9572,15.199,25.886,34.65,100,144.049,192787,192787,11.002,0,0,0,0,0,0,816.358,0,0,58.6731,0,191543,752574,20.2881,0,825.019
p6_d2_dynamic_rep1,D2,47,main,96162,11.756,15.714,21.578,48259,11.704,15.665,21.522,38037,156.384,264.142,290.959,63.2757,2.43805,9476,15.204,25.9,35.589,100,135.766,192034,192034,22.0021,0,0,0,0,0,0,816.358,0,0,0,0,194390,756826,20.4359,0,834.633
p6_d2_dynamic_rep1,D2,48,main,94435,12.038,16.463,22.17,46954,11.999,16.243,21.943,37462,156.794,269.254,298.25,62.4684,2.49661,9397,16.067,26.544,33.156,100,53.117,188348,188348,33.0022,0,0,0,0,0,0,816.358,0,0,0,0,194195,733095,20.9422,0,844.156
p6_d2_dynamic_rep1,D2,49,main,93398,12.207,16.974,22.724,46735,12.16,16.832,22.747,37574,155.2,268.689,301.13,61.568,2.51931,9391,16.06,26.614,33.323,100,59.725,187198,187198,45.0023,0,0,0,0,0,0,816.358,0,0,0,0,194415,723279,21.1852,0,853.693
p6_d2_dynamic_rep1,D2,50,main,95349,12.218,16.392,22.52,47709,12.172,16.336,22.195,38345,151.138,264.932,294.353,60.5488,2.50983,9644,15.827,26.532,33.57,100,110.076,191147,191147,55.0024,0,0,0,0,0,0,816.358,0,0,0,0,196173,729432,21.194,0,863.467
p6_d2_dynamic_rep1,D2,51,main,94259,12.5,16.829,22.515,47098,12.435,16.716,22.778,37877,151.94,267.985,298.577,60.2206,2.54402,9640,15.896,26.578,34.435,0,0,188874,188874,2.00197,1,0,0,0,1,0,816.358,0,0,0,0,194683,713577,21.4347,0,926.11
p6_d2_dynamic_rep1,D2,52,main,87371,11.973,17.247,22.275,43656,11.931,17.01,22.224,35042,170.092,294.242,332.68,59.908,2.84706,8662,15.74,25.875,32.144,0,0,174731,174731,11.002,0,0,0,0,0,0,869.228,0,0,52.8705,0,191001,741169,20.4899,0,879.104
p6_d2_dynamic_rep1,D2,53,main,87001,12.32,16.722,22.36,43244,12.248,16.565,22.215,35059,169.65,292.927,324.419,60.1434,2.83263,8718,15.859,25.892,31.758,0,0,174022,174022,21.0021,0,0,0,0,0,0,869.228,0,0,0,0,190380,743367,20.3888,0,887.945
p6_d2_dynamic_rep1,D2,54,main,84648,12.747,17.836,23.526,42556,12.698,17.818,23.689,34039,173.046,302.048,338.939,60.0169,2.91172,8419,16.922,28.31,35.444,0,0,169662,169662,32.0022,0,0,0,0,0,0,869.228,0,0,0,0,184334,719469,20.3954,0,896.483
p6_d2_dynamic_rep1,D2,55,main,82186,12.77,20.065,26.872,41108,12.687,19.909,26.042,32899,175.172,333.917,396.29,60.0268,2.99784,8093,18.139,30.568,39.005,0,0,164286,164286,41.0023,0,0,0,0,0,0,869.228,0,0,0,0,178673,692988,20.498,0,904.678
p6_d2_dynamic_rep1,D2,56,main,82896,12.647,19.437,24.329,41347,12.592,19.346,23.911,33485,172.54,322.32,375.194,59.9841,2.93662,8415,17.694,29.282,36.686,0,0,166143,166143,51.0023,0,0,0,0,0,0,869.228,0,0,0,0,182026,702803,20.5719,0,913.211
p6_d2_dynamic_rep1,D2,57,main,84858,12.499,19.173,23.995,42653,12.416,19.12,23.758,34168,170.051,315.907,370.749,59.5544,2.91682,8412,17.846,30.156,37.886,0,0,170091,170091,61.0024,0,0,0,0,0,0,869.228,0,0,0,0,182709,714541,20.3632,0,921.743
p6_d2_dynamic_rep1,D2,58,main,78641,12.816,20.105,26.352,39671,12.749,19.932,25.525,31334,187.445,344.745,416.992,59.7968,3.18455,7794,17.571,30.15,37.93,0,0,157440,157440,7.00201,0,0,0,0,0,0,821.015,152.019,92.5243,52.0803,0,178906,732269,19.6346,0,826.44
p6_d2_dynamic_rep1,D2,59,main,98557,11.468,16.417,21.019,49222,11.402,16.256,21.024,38857,149.844,263.215,305.342,59.9861,2.51341,9789,15.831,26.857,33.303,0,0,196425,196425,19.0021,0,0,0,0,0,0,821.015,0,0,0,0,164706,742252,18.1603,0,836.368
p6_d2_dynamic_rep1,D2,60,main,99218,11.476,15.892,20.812,49626,11.395,15.669,20.669,39802,147.204,255.965,279.882,60.0276,2.45636,9884,15.967,26.73,33.738,0,0,198530,198530,30.0022,0,0,0,0,0,0,821.015,0,0,0,0,172963,751726,18.705,0,846.382
p6_d2_dynamic_rep1,D2,61,main,98331,11.654,16.362,21.111,49054,11.574,16.246,20.969,39460,147.818,257.027,285.176,60.1232,2.47171,9960,16.19,26.896,33.866,0,0,196805,196805,42.0023,0,0,0,0,0,0,821.015,0,0,0,0,169010,746335,18.4641,0,856.475
p6_d2_dynamic_rep1,D2,62,main,97311,11.83,15.996,21.339,48718,11.766,15.979,21.119,39387,148.154,256.896,275.383,60.3109,2.47218,10017,16.451,27.19,33.597,0,0,195433,195433,54.0024,0,0,0,0,0,0,821.015,0,0,0,0,170326,741950,18.6704,0,866.63
p6_d2_dynamic_rep1,D2,63,main,96852,11.861,17.308,21.766,48326,11.782,17.065,21.666,38666,149.195,261.859,316.925,59.8752,2.51133,9559,17.055,28.523,35.853,0,0,193403,193403,3.00198,0,0,0,0,1,0,872.043,0,0,51.0286,0,164977,726325,18.5097,0,873.533
p6_d2_dynamic_rep1,D2,64,main,91061,11.266,15.681,21.156,45220,11.205,15.545,21.162,36653,163.992,283.107,307.418,60.1165,2.73434,9127,15.893,25.794,31.92,0,0,182061,182061,14.0021,0,0,0,0,0,0,872.043,0,0,0,0,168245,774780,17.841,0,882.788
p6_d2_dynamic_rep1,D2,65,main,91325,11.51,15.842,21.253,45873,11.474,15.676,21.126,36723,162.702,281.147,302.292,60.049,2.71861,9073,16.213,26.246,32.381,0,0,182994,182994,24.0021,0,0,0,0,0,0,872.043,0,0,0,0,170007,772401,18.0396,0,891.983
p6_d2_dynamic_rep1,D2,66,main,88565,11.855,17.892,22.482,44396,11.79,17.703,21.958,35442,167.853,291.295,352.636,60.0762,2.81068,8737,16.705,28.098,34.82,0,0,177140,177140,34.0022,0,0,0,0,0,0,872.043,0,0,0,0,164622,743271,18.1323,0,900.842
p6_d2_dynamic_rep1,D2,67,main,90651,11.792,16.356,21.764,45150,11.754,16.197,21.539,36666,162.813,281.782,303.179,59.7668,2.73442,9141,16.595,26.859,32.57,0,0,181608,181608,45.0023,0,0,0,0,0,0,872.043,0,0,0,0,169613,763402,18.179,0,910.11
p6_d2_dynamic_rep1,D2,68,main,90406,11.887,16.348,21.952,45601,11.841,16.277,21.745,36227,163.309,282.74,304.955,59.6829,2.75041,8981,16.646,27.418,34.874,0,0,181215,181215,56.0024,0,0,0,0,0,0,872.043,0,0,0,0,165424,755066,17.9713,0,919.215
p6_d2_dynamic_rep1,D2,69,main,86366,12.103,17.408,22.847,43378,12.03,17.293,22.776,34170,167.094,289.513,321.309,59.7089,2.80839,8526,16.688,27.434,34.835,0,0,172440,172440,3.00198,0,0,0,0,0,0,923.291,0,0,51.248,0,155082,716146,17.8004,0,925.011
p6_d2_dynamic_rep1,D2,70,main,84547,11.486,16.623,22.169,42139,11.482,16.418,21.895,33549,182.261,310.147,337.805,60.1461,3.02777,8470,15.921,25.976,32.043,0,0,168705,168705,13.0021,0,0,0,0,0,0,923.291,0,0,0,0,164496,782183,17.3761,0,933.598
p6_d2_dynamic_rep1,D2,71,cooldown,82347,11.907,17.841,22.831,41204,11.842,17.74,22.818,33101,184.175,314.027,353.552,60.0699,3.06955,8194,16.214,26.682,32.975,0,0,164846,164846,23.0021,0,0,0,0,0,0,923.291,0,0,0,0,161592,768093,17.3814,0,941.904
p6_d2_dynamic_rep1,D2,72,cooldown,81409,12.126,18.426,23.339,40604,12.088,18.349,23.07,32649,185.473,319.903,385.656,60.0317,3.11877,8239,16.568,27.366,34.177,0,0,162901,162901,32.0022,0,0,0,0,0,0,923.291,0,0,0,0,157759,757242,17.2414,0,950.256
p6_d2_dynamic_rep1,D2,73,cooldown,83305,12.1,17.286,22.916,41477,12.045,17.069,22.834,33444,183.281,309.364,334.451,60.1456,3.03801,8532,16.576,26.88,33.472,0,0,166758,166758,42.0023,0,0,0,0,0,0,923.291,0,0,0,0,161632,774930,17.258,0,958.906
p6_d2_dynamic_rep1,D2,74,cooldown,81996,12.302,17.531,23.329,41110,12.262,17.357,22.971,32887,184.713,314.288,339.414,60.1801,3.07532,8279,16.577,26.69,33.724,0,0,164272,164272,51.0023,0,0,0,0,0,0,923.291,0,0,0,0,157809,761954,17.1576,0,967.305
p6_d2_dynamic_rep1,D2,75,cooldown,80611,12.662,18.705,24.356,40331,12.628,18.292,23.955,32493,188.62,319.729,349.224,59.9913,3.14279,8027,16.97,28.02,35.226,0,0,161462,161462,61.0024,0,0,0,0,0,0,923.291,0,0,0,0,156754,748381,17.3183,0,975.443
p6_d2_dynamic_rep1,D2,76,cooldown,78065,12.26,18.838,24.694,38596,12.206,18.548,24.141,31209,197.045,337.746,388.931,60.1464,3.29844,7691,16.474,27.382,34.354,0,0,155561,155561,6.002,0,0,0,0,0,0,975.242,0,0,51.9508,0,151654,760158,16.6322,0,980.348
p6_d2_dynamic_rep1,D2,77,cooldown,75204,12.247,18.187,24.193,37951,12.189,17.643,24.003,30499,204.468,343.913,371.549,60.06,3.4048,7497,16.159,26.368,32.115,0,0,151151,151151,14.0021,0,0,0,0,0,0,975.242,0,0,0,0,152650,778181,16.3993,0,987.953
p6_d2_dynamic_rep1,D2,78,cooldown,76431,12.433,18.183,24.106,38250,12.401,18.075,24.049,30535,203.572,341.541,368.06,60.0073,3.38992,7556,16.3,27.094,33.294,0,0,152772,152772,22.0021,0,0,0,0,0,0,975.242,0,0,0,0,154095,776189,16.5643,0,995.609
p6_d2_dynamic_rep1,D2,79,cooldown,75104,12.618,18.753,24.69,37457,12.566,18.335,24.126,30352,203.901,344.984,378.717,59.9069,3.42013,7623,16.639,27.529,33.659,0,0,150536,150536,30.0022,0,0,0,0,0,0,975.242,0,0,0,0,152978,768426,16.6027,0,1003.34
p6_d2_dynamic_rep1,D2,80,cooldown,74005,12.895,20.017,27.398,37409,12.861,19.732,26.991,29878,205.532,351.712,397.685,59.5191,3.48372,7289,17.472,29.479,38.511,0,0,148581,148581,38.0022,0,0,0,0,0,0,975.242,0,0,0,0,148411,754703,16.4333,0,1010.72
p6_d2_dynamic_rep2,D2,1,warmup,68891,12.782,17.748,23.499,34534,12.781,17.66,23.62,27568,237.082,284.211,441.505,100,2.28716,6998,18.459,30.234,37.811,0,0,137991,137991,8.00201,0,0,0,0,0,0,1003.55,0,0,0,0,200749,718059,21.8489,0,1010.8
p6_d2_dynamic_rep2,D2,2,warmup,74096,11.596,16.889,20.615,37085,11.547,16.827,20.705,29844,208.378,276.66,291.516,100,2.11352,7318,18.058,30.485,37.28,0,0,148343,148343,15.0021,0,0,0,0,0,0,1003.55,0,0,0,0,218789,774057,22.0365,0,1018.21
p6_d2_dynamic_rep2,D2,3,warmup,73349,11.739,17.369,21.686,36401,11.742,17.412,22.009,29446,209.657,281.503,301.259,100,2.13884,7364,18.163,30.742,38.581,0,0,146560,146560,23.0021,0,0,0,0,0,0,1003.55,0,0,0,0,214326,764379,21.8989,0,1025.68
p6_d2_dynamic_rep2,D2,4,warmup,76111,11.482,16.701,20.259,37993,11.497,16.731,20.166,30453,205.399,277.649,293.113,100,2.06966,7581,17.968,29.691,37.022,0,0,152138,152138,31.0022,0,0,0,0,0,0,1003.55,0,0,0,0,222700,788346,22.0267,0,1033.37
p6_d2_dynamic_rep2,D2,5,warmup,73846,11.671,16.992,20.565,37446,11.683,17.172,20.548,29957,207.343,279.957,294.637,100,2.0956,7311,18.134,30.799,38.686,0,0,148560,148560,38.0022,0,0,0,0,0,0,1003.55,0,0,0,0,216849,776159,21.8376,0,1040.78
p6_d2_dynamic_rep2,D2,6,warmup,73769,11.819,17.753,23.365,36601,11.841,17.766,23.889,29420,209.539,283.544,311.945,100,2.13043,7263,18.343,31.22,39.212,0,0,147053,147053,46.0023,0,0,0,0,0,0,1003.55,0,0,0,0,214620,759283,22.0371,0,1048.14
p6_d2_dynamic_rep2,D2,7,warmup,73744,11.83,17.15,20.709,36920,11.832,17.282,20.82,29944,207.915,280.21,294.658,100,2.10872,7452,18.543,30.924,38.421,0,0,148060,148060,53.0024,0,0,0,0,0,0,1003.55,0,0,0,0,218025,770993,22.0446,0,1055.7
p6_d2_dynamic_rep2,D2,8,warmup,73936,11.877,17.46,21.074,37273,11.904,17.483,21.077,29617,209.856,282.856,296.659,100,2.12859,7405,18.791,31.277,39.666,0,0,148231,148231,61.0024,0,0,0,0,0,0,1003.55,0,0,0,0,214808,763688,21.9529,0,1063.2
p6_d2_dynamic_rep2,D2,9,warmup,73115,11.697,17.58,21.536,36832,11.709,17.556,21.688,29071,214.681,291.309,311.498,100,2.17946,7231,17.545,29.911,36.735,0,0,146249,146249,5.00199,0,0,0,0,0,0,1062.89,0,0,59.3333,0,183517,778396,19.0783,0,1066.79
p6_d2_dynamic_rep2,D2,10,warmup,71537,11.555,17.149,21.579,35590,11.593,17.151,21.347,28145,223.657,301.99,319.076,100,2.26993,7036,16.45,27.265,34.02,0,0,142308,142308,12.002,0,0,0,0,0,0,1062.89,0,0,0,0,136451,797502,14.61,0,1073.92
p6_d2_dynamic_rep2,D2,11,main,71988,11.554,17.11,21.276,35867,11.557,17.208,21.41,28814,220.05,297.848,317.195,100,2.21996,7224,16.313,26.8,33.084,0,0,143893,143893,19.0021,0,0,0,0,0,0,1062.89,0,0,0,0,141859,811549,14.8791,0,1081.24
p6_d2_dynamic_rep2,D2,12,main,70846,12.084,18.042,22.406,35402,12.05,18.016,22.206,28472,221.325,299.189,317.556,99.0282,2.2464,7105,16.775,27.567,33.992,100,76.733,141925,141925,27.0022,0,0,0,0,0,0,1062.89,0,0,0,0,138423,795274,14.8253,0,1088.45
p6_d2_dynamic_rep2,D2,13,main,69951,12.304,18.673,25.299,35046,12.304,18.685,25.803,28083,223.236,302.363,339.684,98.0236,2.29093,7089,17.94,29.81,37.655,100,55.441,140269,140269,34.0022,0,0,0,0,0,0,1062.89,0,0,0,0,134176,778580,14.7001,0,1095.64
p6_d2_dynamic_rep2,D2,14,main,71046,12.286,18.343,23.227,35214,12.274,18.334,23.255,28562,220.677,299.651,319.905,96.9698,2.26008,7291,17.909,29.542,37.885,100,56.437,142213,142213,41.0023,0,0,0,0,0,0,1062.89,0,0,0,0,138741,781043,15.0841,0,1103.04
p6_d2_dynamic_rep2,D2,15,main,71045,12.513,18.723,23.127,35761,12.491,18.725,22.871,28369,222.678,303.997,323.446,96.0619,2.30174,7182,18.376,30.916,37.684,200,112.507,142557,142557,49.0023,0,0,0,0,0,0,1062.89,0,0,0,0,137899,769222,15.2018,0,1110.33
p6_d2_dynamic_rep2,D2,16,main,72090,12.402,18.405,22.879,36033,12.39,18.403,22.547,29014,219.805,298.191,319.494,94.8289,2.27594,7136,18.556,30.825,38.18,100,73.023,144373,144373,56.0024,0,0,0,0,0,0,1062.89,0,0,0,0,141335,775942,15.4081,0,1117.57
p6_d2_dynamic_rep2,D2,17,main,72466,12.388,18.486,22.824,35954,12.323,18.341,22.694,29259,219.521,298.813,319.785,93.9709,2.28301,7251,18.461,30.424,37.493,100,56.966,145030,145030,63.0024,0,0,0,0,0,0,1062.89,0,0,0,0,140894,775929,15.3676,0,1124.93
p6_d2_dynamic_rep2,D2,18,main,69390,12.046,18.564,23.672,34908,12.006,18.542,23.729,27842,233.172,318.633,347.568,93.123,2.44186,6900,16.788,28.491,35.438,100,83.379,139140,139140,7.00201,0,0,0,0,0,0,1122.2,0,0,59.3124,0,139901,784217,15.1389,0,1128.22
p6_d2_dynamic_rep2,D2,19,main,67931,12.296,18.731,24.22,34222,12.267,18.761,24.029,27517,235.581,325.917,353.776,92.1157,2.49646,6771,16.698,27.814,33.68,100,62.87,136541,136541,14.0021,0,0,0,0,0,0,1122.2,0,0,0,0,140480,788432,15.1231,0,1135.09
p6_d2_dynamic_rep2,D2,20,main,69173,12.47,19.043,24.227,34301,12.452,18.972,24.139,27505,234.065,326.779,355.046,90.9506,2.50157,6753,16.843,27.498,33.416,100,57.027,137832,137832,21.0021,0,0,0,0,0,0,1122.2,0,0,0,0,141691,780264,15.3685,0,1141.94
p6_d2_dynamic_rep2,D2,21,main,68577,12.621,19.131,24.045,34364,12.614,19.199,24.398,27919,233.687,325.204,355.542,89.7265,2.50678,6965,16.785,27.363,33.826,100,70.441,137925,137925,28.0022,0,0,0,0,0,0,1122.2,0,0,0,0,143893,779839,15.5774,0,1149.01
p6_d2_dynamic_rep2,D2,22,main,69610,12.728,19.335,24.718,34993,12.728,19.204,24.198,27815,232.92,326.731,355.988,88.7417,2.52429,6933,17.664,29.423,36.065,100,50.322,139451,139451,35.0022,0,0,0,0,0,0,1122.2,0,0,0,0,142315,772330,15.5596,0,1156.04
p6_d2_dynamic_rep2,D2,23,main,69141,12.85,19.639,25.103,34942,12.816,19.485,25.097,27583,232.921,332.27,364.183,87.9882,2.55454,6870,17.262,28.632,35.849,100,53.927,138636,138636,42.0023,0,0,0,0,0,0,1122.2,0,0,0,0,140894,760584,15.6292,0,1163.01
p6_d2_dynamic_rep2,D2,24,main,73816,12.642,17.649,22.913,36739,12.648,17.439,22.737,29073,233.402,285.241,309.437,86.8906,2.46728,7219,16.77,26.963,33.217,100,50.322,146947,146947,49.0023,0,0,0,0,0,0,1122.2,0,0,0,0,148880,793155,15.8041,0,1170.34
p6_d2_dynamic_rep2,D2,25,main,73407,12.757,17.469,22.81,36592,12.738,17.524,23.145,29298,232.964,284.47,303.611,86.0011,2.47606,7378,16.865,27.327,34.621,100,67.077,146775,146775,57.0024,0,0,0,0,0,0,1122.2,0,0,0,0,150701,789933,16.0212,0,1177.82
p6_d2_dynamic_rep2,D2,26,main,73392,12.783,17.575,22.906,36721,12.78,17.51,22.603,29459,232.951,284.787,303.969,85.023,2.49059,7384,17.507,28.705,36.464,100,59.543,147056,147056,64.0024,0,0,0,0,0,0,1122.2,0,0,0,0,151672,785636,16.1817,0,1185.31
p6_d2_dynamic_rep2,D2,27,main,66517,12.848,19.566,25.471,33366,12.839,19.403,25.043,26828,252.265,334.026,381.787,83.6846,2.81121,6705,16.175,26.559,34.579,100,84.632,133516,133516,9.00202,0,0,0,0,0,1,1181.45,195.381,150.348,59.2538,0,151204,816250,15.6291,0,1342.73
p6_d2_dynamic_rep2,D2,28,main,69154,13.172,19.763,25.816,34210,13.145,19.671,25.363,27749,237.806,322.29,351.617,83.0091,2.67631,7116,16.657,27.932,34.931,100,65.545,138329,138329,17.0021,0,0,0,0,0,1,1078.32,299.793,307.476,0,0,133585,807266,14.1983,0,1286.01
p6_d2_dynamic_rep2,D2,29,main,78948,12.366,17.73,22.655,39687,12.362,17.627,22.742,31525,206.85,275.562,318.077,82.1076,2.32333,7986,16.6,27.879,35.365,100,61.589,158246,158246,27.0022,0,0,0,0,0,0,1066.91,45.8849,50.5758,0,0,126212,761978,14.21,0,1089.18
p6_d2_dynamic_rep2,D2,30,main,81541,12.363,17.404,22.983,40786,12.359,17.394,22.821,32800,204.162,266.124,303.749,80.8602,2.29709,8096,16.449,27.497,34.827,100,116.736,163323,163323,35.0022,0,0,0,0,0,0,1066.91,0,0,0,0,131585,765324,14.6709,0,1097.4
p6_d2_dynamic_rep2,D2,31,main,82957,12.443,16.463,22.021,41048,12.411,16.453,21.688,33322,203.301,261.735,280.009,79.9966,2.28792,8249,16.169,26.301,32.684,100,52.552,165676,165676,44.0023,0,0,0,0,0,0,1066.91,0,0,0,0,132830,769163,14.7263,0,1105.76
p6_d2_dynamic_rep2,D2,32,main,82131,12.628,16.696,22.933,41391,12.614,16.749,22.439,33262,203.12,262.798,282.005,78.8054,2.31131,8166,16.446,27.327,35.58,100,108.722,165050,165050,52.0023,0,0,0,0,0,0,1066.91,0,0,0,0,132531,756850,14.9015,0,1114.05
p6_d2_dynamic_rep2,D2,33,main,83173,12.689,17.694,24.111,41721,12.694,17.611,24.08,33226,200.901,267.692,300.84,77.7661,2.33797,8219,16.581,28.259,36.637,100,86.007,166439,166439,61.0024,0,0,0,0,0,0,1066.91,0,0,0,0,133038,746715,15.1222,0,1122.38
p6_d2_dynamic_rep2,D2,34,main,79737,12.454,18.234,23.809,39671,12.441,18.193,23.515,32200,205.599,284.909,327.813,76.6233,2.46077,8061,16.49,27.843,36.677,100,85.938,159769,159769,5.00199,0,0,0,0,0,0,1122.66,0,0,55.7533,0,133125,747310,15.1204,0,1127.31
p6_d2_dynamic_rep2,D2,35,main,79100,12.434,16.691,22.83,39745,12.423,16.748,22.674,31863,214.94,285.803,307.637,75.3812,2.55373,7871,15.583,25.885,34.014,100,124.929,158679,158679,13.0021,0,0,0,0,0,0,1122.66,0,0,0,0,138248,773885,15.1566,0,1135.29
p6_d2_dynamic_rep2,D2,36,main,79685,12.688,17.074,23.171,40233,12.679,17.027,23.037,31770,214.08,285.9,307.281,74.7509,2.56615,7897,15.77,26.208,34.296,100,125.853,159685,159685,22.0021,0,0,0,0,0,0,1122.66,0,0,0,0,137643,767192,15.2119,0,1143.3
p6_d2_dynamic_rep2,D2,37,main,83148,12.601,16.773,22.776,41462,12.592,16.814,23.309,32652,206.881,280.277,303.328,73.8313,2.51502,8192,15.375,25.933,32.786,100,124.959,165554,165554,30.0022,0,0,0,0,0,0,1122.66,0,0,0,0,142201,780008,15.4196,0,1151.61
p6_d2_dynamic_rep2,D2,38,main,81440,12.859,17.223,23.629,40792,12.848,17.145,23.814,32600,206.417,282.868,305.951,72.7301,2.55445,8126,15.733,26.67,34.483,100,147.391,163058,163058,39.0023,0,0,0,0,0,0,1122.66,0,0,0,0,144270,764457,15.8761,0,1159.86
p6_d2_dynamic_rep2,D2,39,main,80182,13.036,17.544,23.846,39954,13.037,17.506,23.75,32277,207.119,287.668,312.2,71.8622,2.60071,8158,15.763,26.192,34.459,100,118.242,160671,160671,48.0023,0,0,0,0,0,0,1122.66,0,0,0,0,140888,749413,15.8248,0,1168.14
p6_d2_dynamic_rep2,D2,40,main,82072,12.989,17.283,23.221,40987,12.959,17.075,23.307,33043,202.012,283.043,305.996,70.8747,2.58215,8276,15.911,26.968,34.628,100,130.541,164478,164478,58.0024,0,0,0,0,0,0,1122.66,0,0,0,0,142308,759262,15.7845,0,1176.53
p6_d2_dynamic_rep2,D2,41,main,80919,13.13,17.678,23.39,40483,13.119,17.567,23.318,32477,204.307,292.147,317.685,69.9566,2.66594,8292,15.842,26.687,37.707,100,161.545,162271,162271,4.00198,0,0,0,0,0,0,1179.13,0,0,56.4677,0,142789,750583,15.9832,0,1181.6
p6_d2_dynamic_rep2,D2,42,main,76322,12.929,18.029,23.929,38178,12.909,17.682,23.504,30676,215.969,315.936,343.566,68.6879,2.90714,7591,15.486,25.652,34.498,100,126.546,152867,152867,12.002,0,0,0,0,0,0,1179.13,0,0,0,0,143081,764209,15.7702,0,1189.3
p6_d2_dynamic_rep2,D2,43,main,76139,13.083,17.91,24.34,37819,13.053,17.665,23.953,30490,211.193,310.123,335.506,68.0535,2.87719,7599,15.538,26.05,33.228,100,132.546,152147,152147,21.0021,0,0,0,0,0,0,1179.13,0,0,0,0,141688,753899,15.8207,0,1197.01
p6_d2_dynamic_rep2,D2,44,main,75346,13.515,20.137,29.343,37624,13.464,19.677,29.468,30110,213.58,324.251,372.631,66.8446,3.02159,7494,16.426,27.751,36.608,100,137.057,150674,150674,29.0022,0,0,0,0,0,0,1179.13,0,0,0,0,139963,734916,15.998,0,1204.61
p6_d2_dynamic_rep2,D2,45,main,70164,15.335,20.77,27.203,35426,15.286,20.784,26.937,28657,214.502,350.259,385.489,65.6822,3.19319,7001,19.349,31.428,38.71,100,44.262,141348,141348,37.0022,0,0,0,0,0,0,1179.13,0,0,0,0,132580,689496,16.1275,0,1211.71
p6_d2_dynamic_rep2,D2,46,main,74232,13.696,20.982,27.146,36901,13.684,20.866,26.602,29514,205.152,349.136,402.738,64.9215,3.10867,7282,18.519,30.542,38.401,100,52.969,148029,148029,45.0023,0,0,0,0,0,0,1179.13,0,0,0,0,138084,703145,16.4146,0,1219.11
p6_d2_dynamic_rep2,D2,47,main,75400,13.539,20.584,25.97,37785,13.51,20.578,25.614,30665,198.376,339.02,398.536,63.4208,3.08826,7617,18.339,30.273,36.723,100,58.68,151567,151567,52.0023,0,0,0,0,0,0,1179.13,0,0,0,0,142441,716188,16.5894,0,1226.83
p6_d2_dynamic_rep2,D2,48,main,77025,13.607,20.62,25.849,38715,13.568,20.472,25.157,30766,195.468,338.339,395.647,62.5005,3.10335,7670,18.419,30.044,37.554,100,49.447,154276,154276,60.0024,0,0,0,0,0,0,1179.13,0,0,0,0,142221,714036,16.6096,0,1234.61
p6_d2_dynamic_rep2,D2,49,main,72940,14.138,21.866,28.313,36736,14.096,21.822,27.768,29024,203.54,371.045,431.092,61.4303,3.35028,7222,18.684,31.225,37.631,100,62.852,146022,146022,4.00198,0,0,0,0,0,1,1235.3,95.4354,40,56.1712,0,139843,710210,16.4511,0,1281.54
p6_d2_dynamic_rep2,D2,50,main,80169,13.387,20.719,27.319,40008,13.336,20.738,27.116,31557,180.338,342.739,417.455,60.65,3.04175,7932,16.961,29.243,35.413,100,64.313,159766,159766,14.0021,0,0,0,0,0,1,1096.2,359.176,214.655,0,0,148356,757725,16.3734,108000,1273.51
p6_d2_dynamic_rep2,D2,51,main,89066,12.755,19.219,24.104,44578,12.689,19.115,23.854,35740,159.333,283.362,334.029,60.1187,2.67931,8933,16.702,28.908,35.766,0,0,178317,178317,23.0021,0,0,0,0,0,1,1096.2,310.899,193.522,0,0,164815,762709,17.7694,128600,1475.1
p6_d2_dynamic_rep2,D2,52,main,93917,12.385,18.384,23.068,46965,12.332,18.324,23.013,37757,146.586,272.717,322.748,60.104,2.48634,9485,16.453,28.317,35.486,0,0,188124,188124,34.0022,0,0,0,0,0,0,757.739,151.301,121.422,0,0,167280,727700,18.6909,37500,787.731
p6_d2_dynamic_rep2,D2,53,main,107756,11.605,15.378,20.18,53534,11.546,15.331,20.129,43378,129.47,234.003,262.493,60.1697,2.17241,10965,15.931,26.896,33.577,0,0,215633,215633,45.0023,0,0,0,0,0,0,757.739,0,0,0,0,209497,722298,22.4832,0,798.846
p6_d2_dynamic_rep2,D2,54,main,106928,11.641,16.402,20.729,53660,11.565,16.228,20.461,42886,130.734,239.145,275.485,60.0096,2.20481,10705,15.99,27.302,34.173,0,0,214179,214179,56.0024,0,0,0,0,0,0,757.739,0,0,0,0,207380,710255,22.5994,0,809.699
p6_d2_dynamic_rep2,D2,55,main,104970,11.699,16.562,21.068,52064,11.6,16.456,20.937,42105,133.627,245.057,282.175,60.1453,2.25295,10476,16.647,28.684,36.345,0,0,209615,209615,4.00198,0,0,0,0,0,0,814.292,0,0,56.5538,0,203295,707319,22.325,0,816.935
p6_d2_dynamic_rep2,D2,56,main,96855,11.37,15.923,20.847,48767,11.324,15.751,20.698,39013,148.304,267.026,302.878,60.0106,2.5032,9642,15.596,25.878,32.709,0,0,194277,194277,16.0021,0,0,0,0,0,0,814.292,0,0,0,0,202518,739802,21.4914,0,826.707
p6_d2_dynamic_rep2,D2,57,main,98052,11.543,15.502,20.764,48971,11.495,15.292,20.433,39295,147.281,261.622,292.002,60.0574,2.47698,9654,15.851,25.91,32.272,0,0,195972,195972,28.0022,0,0,0,0,0,0,814.292,0,0,0,0,205506,741731,21.6953,0,836.493
p6_d2_dynamic_rep2,D2,58,main,97032,11.691,15.795,20.971,48674,11.625,15.731,20.775,39304,147.492,262.97,294.028,59.6659,2.49647,9747,15.881,26.144,32.372,0,0,194757,194757,39.0023,0,0,0,0,0,0,814.292,0,0,0,0,203557,736860,21.6454,0,846.376
p6_d2_dynamic_rep2,D2,59,main,98307,11.723,15.807,21.05,49638,11.661,15.637,20.659,39156,147.546,261.89,293.305,59.8943,2.48761,9799,15.914,26.337,33.39,0,0,196900,196900,51.0023,0,0,0,0,0,0,814.292,0,0,0,0,202834,736496,21.5935,0,856.311
p6_d2_dynamic_rep2,D2,60,main,97501,11.907,16.108,21.429,48486,11.848,16.049,21.084,38436,150.002,266.48,297.4,59.7495,2.52527,9611,16.405,26.996,33.666,0,0,194034,194034,61.0024,0,0,0,0,0,0,814.292,0,0,0,0,197252,722142,21.4546,0,866.052
p6_d2_dynamic_rep2,D2,61,main,90485,11.859,16.818,22.34,45356,11.795,16.821,22.044,36248,162.586,288.268,325.901,60.0867,2.72624,9092,16.004,26.694,33.569,0,0,181181,181181,8.00201,0,0,0,0,0,0,865.699,0,0,51.4066,0,194049,729135,21.0195,0,872.395
p6_d2_dynamic_rep2,D2,62,main,87744,11.841,16.593,22.196,43761,11.77,16.498,21.835,35338,168.02,295.098,332.019,60.1305,2.82038,8903,15.765,25.808,32.499,0,0,175746,175746,19.0021,0,0,0,0,0,0,865.699,0,0,0,0,194064,745130,20.6628,0,881.425
p6_d2_dynamic_rep2,D2,63,main,88184,11.911,16.681,21.893,43915,11.85,16.772,21.904,35422,168.32,293.048,329.624,60.07,2.81368,8923,15.927,25.968,32.157,0,0,176444,176444,31.0022,0,0,0,0,0,0,865.699,0,0,0,0,192807,746755,20.5209,0,890.466
p6_d2_dynamic_rep2,D2,64,main,87961,12.105,16.897,22.775,44081,12.058,16.663,22.571,35152,168.854,294.336,328.428,60.2177,2.82029,8928,16.225,26.448,33.291,0,0,176122,176122,41.0023,0,0,0,0,0,0,865.699,0,0,0,0,191866,740713,20.5737,0,899.518
p6_d2_dynamic_rep2,D2,65,main,87348,12.163,16.909,22.575,43708,12.117,16.873,22.562,35246,168.609,295.335,331.46,60.0022,2.83036,8703,16.491,27.273,34.496,0,0,175005,175005,52.0023,0,0,0,0,0,0,865.699,0,0,0,0,192083,737482,20.6638,0,908.344
p6_d2_dynamic_rep2,D2,66,main,87674,12.202,16.941,22.593,43316,12.114,16.813,22.504,35071,169.234,293.817,325.092,60.1091,2.82447,8678,16.605,27.395,33.878,0,0,174739,174739,63.0024,0,0,0,0,0,0,865.699,0,0,0,0,188855,736561,20.4076,0,917.139
p6_d2_dynamic_rep2,D2,67,main,81269,12.041,17.781,23.482,41072,11.997,17.641,23.536,32909,182.8,321.441,367.567,60.0367,3.07886,8147,15.959,26.765,33.215,0,0,163397,163397,9.00202,0,0,0,0,0,0,915.512,0,0,49.8137,0,183056,743890,19.7483,0,922.742
p6_d2_dynamic_rep2,D2,68,main,80606,12.148,18.187,24.158,40347,12.118,17.878,23.999,32242,187.603,324.223,367.348,60.0127,3.14468,7929,16.027,26.636,33.727,0,0,161124,161124,19.0021,0,0,0,0,0,0,915.512,0,0,0,0,184242,747655,19.7706,0,930.778
p6_d2_dynamic_rep2,D2,69,main,79956,12.388,17.578,23.471,39878,12.345,17.391,23.369,32406,186.554,321.639,355.067,59.8596,3.1435,8070,15.978,26.376,32.226,0,0,160310,160310,28.0022,0,0,0,0,0,0,915.512,0,0,0,0,184010,749262,19.7167,0,938.96
p6_d2_dynamic_rep2,D2,70,main,80190,12.601,17.694,23.556,40369,12.572,17.792,23.616,32127,188.196,322.993,357.945,59.6441,3.17044,7967,16.284,26.737,34.117,0,0,160653,160653,37.0022,0,0,0,0,0,0,915.512,0,0,0,0,180901,741633,19.6091,0,947.039
p6_d2_dynamic_rep2,D2,71,cooldown,73958,12.838,18.699,25.027,37244,12.802,18.163,24.629,29477,191.823,329.141,367.588,59.7852,3.22894,7307,16.754,28,34.676,0,0,147986,147986,46.0023,0,0,0,0,0,0,915.512,0,0,0,0,164535,682970,19.414,0,954.449
p6_d2_dynamic_rep2,D2,72,cooldown,82019,12.68,17.597,23.648,40914,12.645,17.363,23.347,32237,186.77,320.266,356.508,59.8757,3.13557,8122,16.135,27.05,33.701,0,0,163292,163292,56.0024,0,0,0,0,0,0,915.512,0,0,0,0,181103,746460,19.5246,0,962.682
p6_d2_dynamic_rep2,D2,73,cooldown,82072,12.677,17.652,23.534,41076,12.619,17.792,23.514,32863,185.212,317.172,355.634,60.0937,3.09266,8222,15.731,26.533,33.056,0,0,164233,164233,2.00197,0,0,0,238.39,1,1,966.889,0,0,51.3773,0,185752,758321,19.6756,0,968.197
p6_d2_dynamic_rep2,D2,74,cooldown,78229,12.149,17.99,24.107,38971,12.102,18.022,23.966,31529,192.83,347.129,390.725,60.1308,3.24465,7927,14.955,25.739,31.736,0,0,156656,156656,11.002,0,0,0,0,0,0,821.023,189.058,92.5243,0,0,179819,811530,18.1388,0,830.38
p6_d2_dynamic_rep2,D2,75,cooldown,100895,11.359,15.244,20.323,50337,11.302,15.028,20.017,40482,145.996,251.72,275.308,60.1,2.43058,10227,14.627,25.222,31.467,0,0,201941,201941,24.0021,0,0,0,0,0,0,821.023,0,0,0,0,174155,768176,18.4813,0,840.745
p6_d2_dynamic_rep2,D2,76,cooldown,100440,11.601,15,20.617,50299,11.557,14.862,20.205,40340,146.123,253.2,270.949,60.2287,2.43103,10180,14.956,25.519,31.917,0,0,201259,201259,36.0022,0,0,0,0,0,0,821.023,0,0,0,0,174056,764148,18.552,0,851.066
p6_d2_dynamic_rep2,D2,77,cooldown,102500,11.571,14.799,20.143,51181,11.51,14.752,20.012,41159,142.698,248.445,266.261,59.9038,2.39501,10199,14.821,25.111,30.308,0,0,205039,205039,48.0023,0,0,0,0,0,0,821.023,0,0,0,0,177238,773562,18.6409,0,861.405
p6_d2_dynamic_rep2,D2,78,cooldown,99366,11.738,15.45,20.798,49682,11.675,15.438,20.641,39938,147.174,256.783,275.459,60.1897,2.46124,9870,15.683,26.275,33.732,0,0,198856,198856,60.0024,0,0,0,0,0,0,821.023,0,0,0,0,172786,751242,18.6992,0,871.411
p6_d2_dynamic_rep2,D2,79,cooldown,95453,11.481,15.457,21.057,47756,11.429,15.378,20.814,38360,155.744,269.234,289.974,60.0106,2.60472,9456,14.867,25.294,31.864,0,0,191025,191025,8.00201,0,0,0,0,0,0,871.661,0,0,50.638,0,170210,770459,18.0946,0,878.292
p6_d2_dynamic_rep2,D2,80,cooldown,92429,11.547,15.45,20.982,46113,11.506,15.21,20.606,37288,160.588,278.162,300.963,59.967,2.70057,9305,14.749,24.865,30.904,0,0,185135,185135,19.0021,0,0,0,0,0,0,871.661,0,0,0,0,173840,781918,18.1887,0,887.727
p6_d2_dynamic_rep3,D2,1,warmup,68036,12.336,18.96,28.313,34123,12.344,18.931,27.886,27241,229.067,318.965,625.421,100,2.32372,6895,18.689,31.551,39.422,0,0,136295,136295,8.00201,0,0,0,0,0,0,1003.59,0,0,0,0,198260,709410,21.8427,0,1010.73
p6_d2_dynamic_rep3,D2,2,warmup,73934,11.466,17.111,21.725,37039,11.489,17.061,21.513,29766,205.949,282.444,298.455,100,2.11832,7324,18.507,30.567,37.64,0,0,148063,148063,15.0021,0,0,0,0,0,0,1003.59,0,0,0,0,218548,772353,22.0555,0,1018.15
p6_d2_dynamic_rep3,D2,3,warmup,75715,11.409,16.783,20.336,37516,11.397,16.757,20.406,30432,203.986,279.245,294.476,100,2.07326,7571,17.864,29.726,37.148,0,0,151234,151234,23.0021,0,0,0,0,0,0,1003.59,0,0,0,0,221246,789640,21.8863,0,1025.82
p6_d2_dynamic_rep3,D2,4,warmup,75982,11.465,16.783,20.418,37996,11.506,16.873,20.496,30391,204.339,280.01,295.512,100,2.07292,7592,17.843,30.107,38.314,0,0,151961,151961,31.0022,0,0,0,0,0,0,1003.59,0,0,0,0,222330,787110,22.0251,0,1033.52
p6_d2_dynamic_rep3,D2,5,warmup,73593,11.562,17.457,22.562,37265,11.601,17.506,23.022,29844,205.866,284.343,309.151,100,2.10269,7315,18.577,31.092,40.485,0,0,148017,148017,38.0022,0,0,0,0,0,0,1003.59,0,0,0,0,215855,772805,21.8331,0,1040.94
p6_d2_dynamic_rep3,D2,6,warmup,76156,11.61,17.066,20.711,37744,11.637,17.056,20.429,30328,204.905,281.539,296.14,100,2.07675,7496,18.753,31.379,38.82,0,0,151724,151724,46.0023,0,0,0,0,0,0,1003.59,0,0,0,0,221769,782732,22.0775,0,1048.54
p6_d2_dynamic_rep3,D2,7,warmup,74847,11.641,17.063,20.539,37496,11.662,17.119,20.586,30479,204.952,281.121,296.05,100,2.07528,7517,18.565,30.752,38.48,0,0,150339,150339,54.0024,0,0,0,0,0,0,1003.59,0,0,0,0,221304,784692,21.9985,0,1056.16
p6_d2_dynamic_rep3,D2,8,warmup,75503,11.745,17.139,20.909,38052,11.778,17.174,20.827,30155,206.236,280.655,294.796,100,2.08941,7550,18.779,31.475,39.438,0,0,151260,151260,62.0024,0,0,0,0,0,0,1003.59,0,0,0,0,218381,778138,21.9144,0,1063.81
p6_d2_dynamic_rep3,D2,9,warmup,74053,11.444,17.433,21.38,37340,11.434,17.41,21.442,29337,212.854,293.723,312.691,100,2.1629,7328,17.632,29.95,36.781,0,0,148058,148058,5.00199,0,0,0,0,0,0,1062.74,0,0,59.1533,0,177928,793731,18.3118,0,1067.52
p6_d2_dynamic_rep3,D2,10,warmup,70170,11.702,17.642,22.829,34915,11.697,17.609,22.467,27679,223.327,309.14,327.032,100,2.30836,6966,17.316,29.409,36.399,0,0,139730,139730,13.0021,0,0,0,0,0,0,1062.74,0,0,0,0,133907,784176,14.5855,0,1074.58
p6_d2_dynamic_rep3,D2,11,main,72115,11.513,17.232,21.05,36010,11.483,17.268,21.273,28845,217.812,301.601,320.319,100,2.21665,7189,16.931,27.755,33.978,0,0,144159,144159,20.0021,0,0,0,0,0,0,1062.74,0,0,0,0,142034,812062,14.8868,0,1081.87
p6_d2_dynamic_rep3,D2,12,main,70432,11.998,18.348,24.152,35135,12.018,18.401,23.521,28375,220.27,305.901,335.071,99.0416,2.25638,7090,17.439,29.259,36.41,100,99.073,141132,141132,27.0022,0,0,0,0,0,0,1062.74,0,0,0,0,138336,791553,14.8766,0,1089.06
p6_d2_dynamic_rep3,D2,13,main,70085,12.309,18.456,22.951,35101,12.31,18.425,22.658,28220,222.042,305.19,324.026,98.059,2.28068,7115,18.409,30.928,41.018,100,105.21,140621,140621,35.0022,0,0,0,0,0,0,1062.74,0,0,0,0,134465,782505,14.6641,0,1096.28
p6_d2_dynamic_rep3,D2,14,main,71277,12.254,18.338,22.979,35309,12.24,18.238,23.097,28655,219.282,301.641,321.645,96.9773,2.25337,7274,18.255,30.479,39.067,100,53.236,142615,142615,42.0023,0,0,0,0,0,0,1062.74,0,0,0,0,139448,782736,15.1215,0,1103.66
p6_d2_dynamic_rep3,D2,15,main,72262,12.304,18.49,22.634,36395,12.293,18.396,22.647,28942,219.195,301.956,322.078,96.0283,2.25815,7322,18.696,30.932,39.302,100,58.628,145021,145021,50.0023,0,0,0,0,0,0,1062.74,0,0,0,0,140239,784544,15.1645,0,1111.09
p6_d2_dynamic_rep3,D2,16,main,72501,12.388,18.5,22.748,36252,12.373,18.475,22.753,29128,218.068,301.274,321.823,94.8828,2.26269,7212,18.513,30.518,38.056,100,61.599,145193,145193,57.0024,0,0,0,0,0,0,1062.74,0,0,0,0,142561,778161,15.4836,0,1118.41
p6_d2_dynamic_rep3,D2,17,main,72983,12.442,18.449,22.532,36086,12.395,18.428,22.7,29341,218.006,302.615,324.236,93.9868,2.27579,7259,18.85,31.021,38.652,200,65.856,145869,145869,64.0024,0,0,0,0,0,0,1062.74,0,0,0,0,140635,778774,15.2962,0,1125.78
p6_d2_dynamic_rep3,D2,18,main,68753,11.989,18.503,23.644,34732,11.963,18.344,23.407,27588,233.962,329.104,356.939,93.1515,2.47087,6828,16.741,27.714,34.555,100,62.467,138001,138001,9.00202,0,0,0,0,0,0,1121.99,0,0,59.246,0,140061,787181,15.1051,0,1128.99
p6_d2_dynamic_rep3,D2,19,main,66348,12.622,19.281,25.34,33318,12.581,19.137,24.922,26794,238.704,338.805,364.239,92.1073,2.56071,6570,17.454,28.848,35.965,100,86.404,133130,133130,17.0021,0,0,0,0,0,0,1121.99,0,0,0,0,137022,768059,15.1392,0,1135.66
p6_d2_dynamic_rep3,D2,20,main,68621,12.44,19.208,24.779,34039,12.471,19.18,24.454,27406,234.854,331.902,360.439,90.9031,2.51372,6774,17.353,28.65,34.778,100,56.486,136940,136940,25.0021,0,0,0,0,0,0,1121.99,0,0,0,0,141321,776052,15.405,0,1142.54
p6_d2_dynamic_rep3,D2,21,main,68859,12.538,19.2,23.856,34552,12.565,19.11,24.113,27960,231.797,329.669,359.029,89.7607,2.50143,6947,17.579,28.845,36.261,100,61.833,138418,138418,33.0022,0,0,0,0,0,0,1121.99,0,0,0,0,143568,781342,15.5224,0,1149.58
p6_d2_dynamic_rep3,D2,22,main,69984,12.653,19.137,23.794,35190,12.641,19.081,23.658,28004,231.693,327.948,359.128,88.7421,2.50998,6995,17.628,28.863,35.896,100,52.158,140273,140273,41.0023,0,0,0,0,0,0,1121.99,0,0,0,0,143611,776726,15.6042,0,1156.68
p6_d2_dynamic_rep3,D2,23,main,69131,12.844,19.401,24.242,34818,12.851,19.488,24.565,27621,233.268,334.016,362.054,87.9497,2.55485,6848,18.284,30.558,38.687,100,59.308,138518,138518,49.0023,0,0,0,0,0,0,1121.99,0,0,0,0,140568,761385,15.5848,0,1163.63
p6_d2_dynamic_rep3,D2,24,main,71672,12.844,19.304,24.507,35770,12.818,19.243,23.918,28130,230.877,328.863,360.461,86.9541,2.54041,7004,18.347,29.767,36.527,100,67.762,142676,142676,58.0024,0,0,0,0,0,0,1121.99,0,0,0,0,143899,767642,15.7863,0,1170.73
p6_d2_dynamic_rep3,D2,25,main,69926,12.947,19.775,25.154,34857,12.932,19.709,24.933,27969,231.868,336.96,369.145,85.957,2.59214,7049,18.454,30.535,38.827,100,209.585,139901,139901,2.00197,0,0,0,0,0,1,1173.45,12.7957,8,51.4692,0,145000,761693,15.9922,0,1185.03
p6_d2_dynamic_rep3,D2,26,main,63869,13.326,20.74,27.511,32028,13.254,20.582,27.5,25600,256.781,367.854,407.724,85.0009,2.89272,6419,17.47,28.976,35.418,100,61.074,128016,128016,10.002,0,0,0,0,0,1,1173.45,245.02,207.351,0,0,149857,805297,15.6893,0,1399.9
p6_d2_dynamic_rep3,D2,27,main,71550,13.003,19.533,24.677,35727,12.984,19.462,24.685,28796,222.147,326.065,371.105,83.6773,2.54271,7241,17.646,28.981,35.147,100,59.525,143414,143414,18.0021,0,0,0,0,0,1,1078.36,265.177,278.972,0,0,127628,801202,13.7407,0,1325.34
p6_d2_dynamic_rep3,D2,28,main,77928,12.599,18.658,23.455,38717,12.586,18.646,23.462,31297,203.273,293.588,326.534,83.0154,2.33235,7993,17.189,28.331,34.993,100,91.035,156035,156035,27.0022,0,0,0,0,0,0,1066.92,13.7447,14.0576,0,0,122852,754257,14.0065,0,1090.49
p6_d2_dynamic_rep3,D2,29,main,79425,12.466,18.548,23.443,39880,12.47,18.55,23.191,31749,200.679,290.32,325.66,82.1542,2.31374,8015,17.777,30.136,38.211,100,54.561,159169,159169,37.0022,0,0,0,0,0,0,1066.92,0,0,0,0,127288,750798,14.4961,0,1098.62
p6_d2_dynamic_rep3,D2,30,main,82873,12.35,17.399,21.995,41478,12.345,17.423,21.775,33464,198.638,262.824,302.427,80.777,2.25116,8261,17.428,29.05,36.844,100,197.14,166176,166176,46.0023,0,0,0,0,0,0,1066.92,0,0,0,0,134221,777834,14.7163,0,1107
p6_d2_dynamic_rep3,D2,31,main,84854,12.344,17.053,21.859,41884,12.319,17.019,21.733,33873,196.236,260.718,288.786,79.9543,2.2378,8346,17.372,28.238,36.858,100,182.531,169057,169057,56.0024,0,0,0,0,0,0,1066.92,0,0,0,0,134511,780328,14.7032,0,1115.47
p6_d2_dynamic_rep3,D2,32,main,82283,12.478,17.343,22.363,41599,12.445,17.259,22.359,33362,199.542,266.486,294.177,78.795,2.30878,8270,16.889,28.02,35.408,100,82.022,165614,165614,3.00198,0,0,0,0,0,0,1118.9,0,0,51.98,0,132851,768852,14.7333,0,1121
p6_d2_dynamic_rep3,D2,33,main,77559,12.277,18.351,23.904,38830,12.282,18.253,23.428,31030,215.13,295.006,346.611,77.8006,2.54972,7627,16.307,27.333,34.468,100,159.927,155146,155146,12.002,0,0,0,0,0,0,1118.9,0,0,0,0,135614,769465,14.9837,0,1128.73
p6_d2_dynamic_rep3,D2,34,main,76491,12.575,19.257,24.479,38108,12.567,19.183,24.14,30898,208.462,311.885,360.94,76.6675,2.57271,7753,17.792,29.855,37.686,100,64.332,153350,153350,20.0021,0,0,0,0,0,0,1118.9,0,0,0,0,135793,753683,15.2666,0,1136.6
p6_d2_dynamic_rep3,D2,35,main,76435,12.897,19.703,25.328,38374,12.823,19.644,24.873,30807,207.529,314.342,362.107,75.3545,2.61252,7579,18.191,30.03,37.526,100,58.345,153295,153295,30.0022,0,0,0,0,0,0,1118.9,0,0,0,0,133570,742432,15.2477,0,1144.29
p6_d2_dynamic_rep3,D2,36,main,76826,13.019,19.79,24.849,38889,12.967,19.764,24.622,30612,207.39,315.363,364.539,74.7824,2.63937,7665,18.263,30.567,37.902,100,55.23,154092,154092,38.0022,0,0,0,0,0,0,1118.9,0,0,0,0,132961,734350,15.3303,0,1152.06
p6_d2_dynamic_rep3,D2,37,main,78537,12.945,19.826,24.815,39098,12.92,19.704,24.532,30891,204.714,310.035,363.017,73.8192,2.6244,7649,18.56,30.917,39.823,100,86.079,156275,156275,47.0023,0,0,0,0,0,0,1118.9,0,0,0,0,134621,731912,15.5356,0,1159.82
p6_d2_dynamic_rep3,D2,38,main,77282,13.128,20.132,25.589,38489,13.127,20.15,25.572,30871,205.129,315.992,367.487,72.8356,2.67556,7778,18.771,31.215,39.134,100,91.751,154520,154520,56.0024,0,0,0,0,0,0,1118.9,0,0,0,0,136155,719892,15.9051,0,1167.71
p6_d2_dynamic_rep3,D2,39,main,77524,13.189,20.353,25.479,38799,13.15,20.158,24.726,31195,202.862,314.238,368.33,71.873,2.68394,7778,18.666,31.297,38.631,100,57.261,155396,155396,2.00197,0,0,0,0,0,1,1171.54,5.84559,3,52.6349,0,137307,722669,15.9664,0,1179.64
p6_d2_dynamic_rep3,D2,40,main,73710,13.309,20.237,26.29,36941,13.232,20.15,26.214,29642,212.468,337.781,390.263,70.7904,2.87212,7504,17.812,29.963,36.565,100,60.923,147897,147897,12.002,0,0,0,0,0,1,1096.18,307.793,198.105,0,0,135950,772161,14.9706,72900,1216.42
p6_d2_dynamic_rep3,D2,41,main,81629,12.732,19.599,24.537,40700,12.709,19.477,24.428,32954,193.555,309.909,345.798,69.901,2.59219,8361,17.259,28.824,35.264,100,61.481,163744,163744,21.0021,0,0,0,0,0,1,1096.18,345.809,212.525,0,0,148078,800353,15.6129,140900,1435.94
p6_d2_dynamic_rep3,D2,42,main,83258,12.751,19.288,24.335,41684,12.706,19.267,23.947,33272,181.366,300.01,338.738,68.8539,2.51265,8392,17.644,29.173,35.845,100,52.681,166706,166706,31.0022,0,0,0,0,0,0,757.687,209.829,155.937,0,0,143558,741542,16.2194,60300,783.434
p6_d2_dynamic_rep3,D2,43,main,95133,11.784,17.659,21.612,47305,11.724,17.68,21.769,38137,151.742,267.657,309.529,67.9492,2.19655,9414,17.123,29.484,36.248,100,48.197,190089,190089,42.0023,0,0,0,0,0,0,757.687,0,0,0,0,181132,711303,20.2964,0,792.98
p6_d2_dynamic_rep3,D2,44,main,96150,11.882,17.938,22.026,48304,11.806,17.881,22.135,38638,150.558,271.811,313.434,66.8358,2.23828,9574,16.967,28.737,36.15,100,59.854,192766,192766,54.0024,0,0,0,0,0,0,757.687,0,0,0,0,184756,706898,20.7206,0,802.691
p6_d2_dynamic_rep3,D2,45,main,97374,11.921,18.003,22.212,48627,11.861,17.98,22.085,39064,147.589,270.713,311.92,65.8075,2.2415,9592,17.662,30.281,39.369,100,53.208,194757,194757,3.00198,1,0,0,0,1,0,757.687,0,0,0,0,185393,702928,20.87,0,863.075
p6_d2_dynamic_rep3,D2,46,main,90855,11.488,17.646,22.339,45379,11.436,17.558,22.129,36798,160.772,291.733,337.099,64.6528,2.48259,9192,16.289,27.352,33.782,100,70.841,182324,182324,14.0021,0,0,0,0,0,0,808.338,0,0,50.6517,0,189639,733383,20.5454,0,819.004
p6_d2_dynamic_rep3,D2,47,main,91856,11.897,18.269,22.741,46300,11.822,18.186,22.371,36859,158.123,288.308,334.117,63.365,2.49714,9129,16.504,27.811,34.544,100,129.43,184244,184244,25.0021,0,0,0,0,0,0,808.338,0,0,0,0,190003,722179,20.8295,0,828.271
p6_d2_dynamic_rep3,D2,48,main,95426,12.103,16.692,22.054,47930,12.056,16.542,21.819,37726,155.075,266.307,295.597,62.4602,2.46985,9404,16.377,27.283,34.257,100,56.492,190586,190586,36.0022,0,0,0,0,0,0,808.338,0,0,0,0,194865,730908,21.0489,0,837.807
p6_d2_dynamic_rep3,D2,49,main,95073,12.286,16.833,22.917,47247,12.23,16.687,22.7,37737,154.53,267.019,294.89,61.7463,2.49521,9462,16.518,28.099,35.697,100,127.382,189619,189619,47.0023,0,0,0,0,0,0,808.338,0,0,0,0,197409,720085,21.5161,0,847.408
p6_d2_dynamic_rep3,D2,50,main,91814,12.379,18.471,23.295,45937,12.294,18.47,23.356,36957,153.247,279.433,324.324,60.748,2.55299,9243,17.102,29.056,36.967,100,56.635,184051,184051,58.0024,0,0,0,0,0,0,808.338,0,0,0,0,192778,693023,21.7631,0,856.775
p6_d2_dynamic_rep3,D2,51,main,90546,12.188,18.707,23.063,45316,12.109,18.568,22.996,36396,157.335,294.026,350.326,60.085,2.67346,9121,16.869,28.912,36.289,0,0,181379,181379,6.002,0,0,0,0,0,0,858.925,0,0,50.5869,0,190855,708192,21.2286,0,863.275
p6_d2_dynamic_rep3,D2,52,main,85793,12.002,18.485,23.311,42977,11.947,18.498,23.249,34686,168.652,308.959,359.112,60.3671,2.83435,8864,16.208,27.406,33.218,0,0,172320,172320,15.0021,0,0,0,0,0,0,858.925,0,0,0,0,192148,725613,20.9366,0,872.26
p6_d2_dynamic_rep3,D2,53,main,86828,12.21,18.818,23.318,43319,12.109,18.706,23.097,34692,167.611,310.387,362.665,59.7566,2.84866,8602,16.678,27.741,33.911,0,0,173441,173441,26.0022,0,0,0,0,0,0,858.925,0,0,0,0,190670,719944,20.9386,0,880.986
p6_d2_dynamic_rep3,D2,54,main,85676,12.394,19.093,23.789,42595,12.308,19.047,23.7,34424,168.575,310.949,367.18,60.0982,2.86022,8545,16.784,28.537,34.284,0,0,171240,171240,35.0022,0,0,0,0,0,0,858.925,0,0,0,0,188014,717564,20.7618,0,889.643
p6_d2_dynamic_rep3,D2,55,main,87667,12.339,18.505,23.078,44025,12.268,18.373,22.718,35152,166.364,296.776,347.421,60.1484,2.79612,8734,16.722,27.197,33.837,0,0,175578,175578,46.0023,0,0,0,0,0,0,858.925,0,0,0,0,192454,731634,20.8264,0,898.507
p6_d2_dynamic_rep3,D2,56,main,85918,12.572,18.844,23.778,42933,12.531,18.78,23.442,34547,168.228,303.94,355.708,60.0212,2.83865,8523,17.047,28.257,35.513,0,0,171921,171921,56.0024,0,0,0,0,0,0,858.925,0,0,0,0,188435,714573,20.8675,0,907.139
p6_d2_dynamic_rep3,D2,57,main,86992,12.555,17.928,23.126,43417,12.509,17.66,23.276,35172,167.225,293.831,331.84,59.8806,2.82414,8745,16.493,27.553,34.5,0,0,174326,174326,3.00198,0,0,0,0,0,1,911.282,6.39608,4,52.3573,0,191838,731360,20.7797,0,919.121
p6_d2_dynamic_rep3,D2,58,main,88659,11.646,17.961,22.864,44483,11.572,17.912,22.631,35623,163.029,307.064,376.776,59.6378,2.79666,8797,15.768,26.488,33.461,0,0,177562,177562,13.0021,0,0,0,0,0,0,821.012,136.641,88.5243,0,0,179049,774930,18.7687,0,831.773
p6_d2_dynamic_rep3,D2,59,main,101128,11.239,15.642,20.429,51089,11.178,15.611,20.357,40104,144.612,256.419,281.584,59.7348,2.4433,10013,15.683,26.158,32.586,0,0,202334,202334,25.0021,0,0,0,0,0,0,821.012,0,0,0,0,172845,758660,18.5555,0,841.928
p6_d2_dynamic_rep3,D2,60,main,99721,11.583,15.518,20.662,49518,11.519,15.477,20.529,39577,147.534,257.797,279.747,60.0835,2.4661,9917,15.977,26.878,33.323,0,0,198733,198733,36.0022,0,0,0,0,0,0,821.012,0,0,0,0,171375,748851,18.6231,0,851.981
p6_d2_dynamic_rep3,D2,61,main,99077,11.658,15.61,20.794,49536,11.577,15.573,20.692,39724,147.929,258.359,279.1,60.1411,2.45974,9931,16.138,26.675,32.535,0,0,198268,198268,47.0023,0,0,0,0,0,0,821.012,0,0,0,0,172044,748532,18.6887,0,862.051
p6_d2_dynamic_rep3,D2,62,main,98937,11.663,15.616,20.843,49489,11.59,15.494,20.597,39781,147.528,258.641,277.675,60.1056,2.46051,9994,16.211,26.852,33.236,0,0,198201,198201,59.0024,0,0,0,0,0,0,821.012,0,0,0,0,169244,749588,18.4195,0,872.183
p6_d2_dynamic_rep3,D2,63,main,94930,11.575,16.334,21.45,47443,11.533,16.196,21.212,38127,153.792,271.437,301.396,60.2163,2.56889,9714,16.003,26.514,32.981,0,0,190214,190214,6.002,0,0,0,0,0,0,874.443,0,0,53.4315,0,166505,746236,18.2423,0,879.067
p6_d2_dynamic_rep3,D2,64,main,90247,11.541,15.971,21.596,45107,11.474,15.837,21.323,36183,166.342,289.109,316.023,59.8457,2.77744,8982,15.985,25.942,33.005,0,0,180519,180519,16.0021,0,0,0,0,0,0,874.443,0,0,0,0,167365,762968,17.9898,0,888.166
p6_d2_dynamic_rep3,D2,65,main,90979,11.565,16.262,21.666,45083,11.497,16.02,21.473,36535,164.342,282.761,306.852,60.1812,2.73423,9074,15.936,26.133,32.241,0,0,181671,181671,27.0022,0,0,0,0,0,0,874.443,0,0,0,0,168222,772086,17.8901,0,897.367
p6_d2_dynamic_rep3,D2,66,main,89291,11.795,16.995,22.309,44986,11.732,16.778,22.101,36060,165.883,289.234,322.121,60.0186,2.77492,8882,16.297,26.786,33.523,0,0,179219,179219,38.0022,0,0,0,0,0,0,874.443,0,0,0,0,165424,759019,17.8945,0,906.373
p6_d2_dynamic_rep3,D2,67,main,90277,11.813,16.894,22,45104,11.769,16.594,21.786,36191,164.703,285.891,315.709,60.0776,2.7615,8925,16.31,26.736,33.519,0,0,180497,180497,48.0023,0,0,0,0,0,0,874.443,0,0,0,0,167353,759189,18.0621,0,915.426
p6_d2_dynamic_rep3,D2,68,main,90053,11.887,16.943,22.071,45097,11.833,16.691,21.808,36408,163.81,286.186,316.221,59.6455,2.76993,9034,16.498,27.201,32.812,0,0,180592,180592,59.0024,0,0,0,0,0,0,874.443,0,0,0,0,166882,758042,18.0428,0,924.58
p6_d2_dynamic_rep3,D2,69,main,86940,11.945,17.393,22.905,43799,11.871,17.031,22.507,34699,173.562,301.064,332.279,59.856,2.90825,8690,16.25,27.027,33.733,0,0,174128,174128,6.002,0,0,0,0,0,0,926.206,0,0,51.7622,0,159921,754918,17.4808,0,930.517
p6_d2_dynamic_rep3,D2,70,main,79352,11.635,16.988,22.483,39807,11.582,16.731,22.493,31450,182.828,314.203,343.436,59.6543,3.06476,7795,15.845,25.657,32.297,0,0,158404,158404,15.0021,0,0,0,0,0,0,926.206,0,0,0,0,151784,732303,17.1684,0,938.417
p6_d2_dynamic_rep3,D2,71,cooldown,82838,12.034,17.376,22.98,41336,11.986,17.065,22.632,32875,185.086,315.418,340.719,60.1251,3.08374,8318,16.329,26.669,33.35,0,0,165367,165367,25.0021,0,0,0,0,0,0,926.206,0,0,0,0,160374,767459,17.2848,0,946.854
p6_d2_dynamic_rep3,D2,72,cooldown,82178,12.281,17.51,23.015,41117,12.203,17.246,22.865,33046,186.47,314.309,338.792,60.062,3.09213,8174,16.112,26.937,33.908,0,0,164515,164515,35.0022,0,0,0,0,0,0,926.206,0,0,0,0,159932,768113,17.2332,0,955.146
p6_d2_dynamic_rep3,D2,73,cooldown,82253,12.252,17.762,23.428,41036,12.206,17.547,23.16,32963,185.357,314.937,340.745,60.0592,3.09398,8317,16.588,27.071,34.227,0,0,164569,164569,45.0023,0,0,0,0,0,0,926.206,0,0,0,0,158263,766886,17.1068,0,963.575
p6_d2_dynamic_rep3,D2,74,cooldown,80466,12.55,17.786,23.506,40023,12.504,17.739,23.355,32371,188.696,318.658,343.414,60.1291,3.13298,8243,16.702,27.175,33.451,0,0,161103,161103,55.0024,0,0,0,0,0,0,926.206,0,0,0,0,155408,750875,17.1478,0,971.935
p6_d2_dynamic_rep3,D2,75,cooldown,81889,12.519,17.615,23.45,41091,12.479,17.426,23.029,32798,187.07,317.296,342.836,60.202,3.10956,8269,16.571,27.271,34.35,0,0,164047,164047,64.0024,0,0,0,0,0,0,926.206,0,0,0,0,156596,761366,17.0591,0,980.317
p6_d2_dynamic_rep3,D2,76,cooldown,78478,11.951,17.161,23.114,39279,11.926,17.096,22.915,31631,197.974,333.013,361.318,59.9919,3.29188,7816,15.112,24.699,31.697,0,0,157204,157204,11.002,0,0,0,0,0,0,977.399,0,0,51.1939,0,159182,797880,16.6324,0,985.448
p6_d2_dynamic_rep3,D2,77,cooldown,77100,12.221,17.882,23.789,38084,12.15,17.459,23.4,30854,202.337,340.62,375.349,60.1388,3.3633,7632,15.669,25.977,31.627,0,0,153670,153670,19.0021,0,0,0,0,0,0,977.399,0,0,0,0,153800,790779,16.2824,0,993.192
p6_d2_dynamic_rep3,D2,78,cooldown,77772,12.289,17.231,22.944,39227,12.247,16.996,22.58,31456,197.776,332.96,358.002,60.0687,3.29917,7755,15.591,25.885,31.479,0,0,156210,156210,29.0022,0,0,0,0,0,0,977.399,0,0,0,0,156645,803296,16.3182,0,1001.05
p6_d2_dynamic_rep3,D2,79,cooldown,75390,12.678,19.277,25.955,37810,12.618,18.787,25.347,30160,204.667,347.321,393.556,59.9922,3.437,7463,16.44,27.342,35.566,0,0,150823,150823,38.0022,0,0,0,0,0,0,977.399,0,0,0,0,150961,767412,16.4379,0,1008.61
p6_d2_dynamic_rep3,D2,80,cooldown,72366,12.922,19.85,26.186,36065,12.865,19.731,25.623,29192,208.658,387.722,432.924,59.8884,3.53982,7283,18.918,31.044,37.088,0,0,144906,144906,46.0023,0,0,0,0,0,0,977.399,0,0,0,0,146324,739629,16.516,0,1015.99
